PUBCHEM_RESULT_TAG,PUBCHEM_SID,PUBCHEM_CID,PUBCHEM_EXT_DATASOURCE_SMILES,PUBCHEM_ACTIVITY_OUTCOME,PUBCHEM_ACTIVITY_SCORE,PUBCHEM_ACTIVITY_URL,PUBCHEM_ASSAYDATA_COMMENT,Standard Type,Activity Comment,AID,PubChem Standard Value,Standard Relation,Standard Value,Standard Units,Data Validity Comment,HTS raw data_run 1,HTS raw data_run 2,Mean % Inhibition,HTS % Inhibition_run 1,HTS % Inhibition_run 2,Mean max signal_run 1,Mean max signal_run 2,Mean min signal_run 1,Mean min signal_run 2,Assay plate Z-factor_run 1,Assay plate Z-factor_run 2,HTS Assay Date_run 1,HTS Assay Date_run 2,Qualifier,IC50_Mean,Qualifier_IC50_Run1,Qualifier_IC50_Run2,Qualifier_IC50_Run3,DR_IC50uM_Run1,DR_IC50uM_Run2,DR_IC50uM_Run3,DR_IC50_Hillslope_Run1,DR_IC50_Hillslope_Run2,DR_IC50_Hillslope_Run3,DR_Plate Mean Max Signal_Run1,DR_Plate Mean Max Signal_Run2,DR_Plate Mean Max Signal_Run3,DR_Plate Mean Min Signal_Run1,DR_Plate Mean Min Signal_Run2,DR_Plate Mean Min Signal_Run3,DR_plate Z'-factor_Run1,DR_plate Z'-factor_Run2,DR_plate Z'-factor_Run3,DR_Run date_run1,DR_Run date_run2,DR_Run date_run3,ACTIVE_CONCENTRATION_QUALIFIER,ACTIVE_CONCENTRATION_(uM),INHIBITION_(%),FOLD_INDUCTION_x10_AT_GIVEN_CONCENTRATION,FOLD_INDUCTION_AT_GIVEN_CONCENTRATION,ACTIVITY_CONCENTRATION_QUALIFIER,FOLD_INDUCTION,Fold induction X10 at given concentration,RELATIVE_ACTIVITY_AT_0.5h,RELATIVE_ACTIVITY_AT_1h,RELATIVE_ACTIVITY_AT_2.5h,RELATIVE_ACTIVITY_AT_5h,RELATIVE_ACTIVITY_AT_8h,RELATIVE_ACTIVITY_AT_24h,RELATIVE_ACTIVITY_AT_28h,Fold induction x100 at given concentration,RELATIVE_ACTIVITY_AT_ 0.5h,RELATIVE_ACTIVITY_AT_ 1h,RELATIVE_ACTIVITY_AT_ 2.5h,RELATIVE_ACTIVITY_AT_ 5h,RELATIVE_ACTIVITY_AT_ 8h,RELATIVE_ACTIVITY_AT_ 24h,Fold induction x10 at given concentration,Phenotype replicate 1,Phenotype replicate 2,Predicted Target Gene,IC50 Qualifier,IC50,Target Accession(s),Ligand,Target,Standard Text Value,target_receptor,Tax_ID,Organism,SMILES,MolecularFormula,MolecularWeight,PUBCHEM_ACTIVITY_SCORE_Operator,PUBCHEM_ACTIVITY_SCORE_Numeric,IC50_Mean_Operator,IC50_Mean_Numeric,Qualifier_IC50_Run1_Operator,Qualifier_IC50_Run1_Numeric,Qualifier_IC50_Run2_Operator,Qualifier_IC50_Run2_Numeric,Qualifier_IC50_Run3_Operator,Qualifier_IC50_Run3_Numeric,DR_IC50uM_Run1_Operator,DR_IC50uM_Run1_Numeric,DR_IC50uM_Run2_Operator,DR_IC50uM_Run2_Numeric,DR_IC50uM_Run3_Operator,DR_IC50uM_Run3_Numeric,DR_IC50_Hillslope_Run1_Operator,DR_IC50_Hillslope_Run1_Numeric,DR_IC50_Hillslope_Run2_Operator,DR_IC50_Hillslope_Run2_Numeric,DR_IC50_Hillslope_Run3_Operator,DR_IC50_Hillslope_Run3_Numeric,IC50 Qualifier_Operator,IC50 Qualifier_Numeric,IC50_Operator,IC50_Numeric,ACTIVE_CONCENTRATION_QUALIFIER_Operator,ACTIVE_CONCENTRATION_QUALIFIER_Numeric,ACTIVE_CONCENTRATION_(uM)_Operator,ACTIVE_CONCENTRATION_(uM)_Numeric,FOLD_INDUCTION_x10_AT_GIVEN_CONCENTRATION_Operator,FOLD_INDUCTION_x10_AT_GIVEN_CONCENTRATION_Numeric,FOLD_INDUCTION_AT_GIVEN_CONCENTRATION_Operator,FOLD_INDUCTION_AT_GIVEN_CONCENTRATION_Numeric,ACTIVITY_CONCENTRATION_QUALIFIER_Operator,ACTIVITY_CONCENTRATION_QUALIFIER_Numeric,Fold induction X10 at given concentration_Operator,Fold induction X10 at given concentration_Numeric,Fold induction x100 at given concentration_Operator,Fold induction x100 at given concentration_Numeric,Fold induction x10 at given concentration_Operator,Fold induction x10 at given concentration_Numeric
RESULT_DESCR,,,,,,,,Standardized activity type (e.g. IC50 rather than Ic-50/Ic50/ic50/ic-50),,1990782,,"Qualifier (e.g. >, <, =) for 'Standard Value'",Standardized activity value transformed to common units: e.g. mM concentrations converted to nM,Selected units for 'Standard Type': e.g. concentrations are in nM,,,,,,,,,,,,,,,,,,,,,,,,,,,,,,,,,,,,,,,,,,,,,,,,,,,,,,,,,,,,,,,,,,,,,,Low-density lipoprotein receptor,10090.0,Mus musculus,,,,,,,,,,,,,,,,,,,,,,,,,,,,,,,,,,,,,,,,,,,,,
RESULT_DESCR,,,,,,,,Standardized activity type (e.g. IC50 rather than Ic-50/Ic50/ic50/ic-50),,1990783,,"Qualifier (e.g. >, <, =) for 'Standard Value'",Standardized activity value transformed to common units: e.g. mM concentrations converted to nM,Selected units for 'Standard Type': e.g. concentrations are in nM,,,,,,,,,,,,,,,,,,,,,,,,,,,,,,,,,,,,,,,,,,,,,,,,,,,,,,,,,,,,,,,,,,,,,,Low-density lipoprotein receptor,10090.0,Mus musculus,,,,,,,,,,,,,,,,,,,,,,,,,,,,,,,,,,,,,,,,,,,,,
RESULT_DESCR,,,,,,,,Standardized activity type (e.g. IC50 rather than Ic-50/Ic50/ic50/ic-50),Additional comments,1888553,,,,,,,,,,,,,,,,,,,,,,,,,,,,,,,,,,,,,,,,,,,,,,,,,,,,,,,,,,,,,,,,,,,,,,,,,,Low-density lipoprotein receptor,10090.0,Mus musculus,,,,,,,,,,,,,,,,,,,,,,,,,,,,,,,,,,,,,,,,,,,,,
RESULT_DESCR,,,,,,,,Standardized activity type (e.g. IC50 rather than Ic-50/Ic50/ic50/ic-50),,460849,,"Qualifier (e.g. >, <, =) for 'Standard Value'",Standardized activity value transformed to common units: e.g. mM concentrations converted to nM,Selected units for 'Standard Type': e.g. concentrations are in nM,,,,,,,,,,,,,,,,,,,,,,,,,,,,,,,,,,,,,,,,,,,,,,,,,,,,,,,,,,,,,,,,,,,,,,Low-density lipoprotein receptor,10090.0,Mus musculus,,,,,,,,,,,,,,,,,,,,,,,,,,,,,,,,,,,,,,,,,,,,,
RESULT_DESCR,,,,,,,,Standardized activity type (e.g. IC50 rather than Ic-50/Ic50/ic50/ic-50),,460850,,"Qualifier (e.g. >, <, =) for 'Standard Value'",Standardized activity value transformed to common units: e.g. mM concentrations converted to nM,Selected units for 'Standard Type': e.g. concentrations are in nM,,,,,,,,,,,,,,,,,,,,,,,,,,,,,,,,,,,,,,,,,,,,,,,,,,,,,,,,,,,,,,,,,,,,,,Low-density lipoprotein receptor,10090.0,Mus musculus,,,,,,,,,,,,,,,,,,,,,,,,,,,,,,,,,,,,,,,,,,,,,
RESULT_DESCR,,,,,,,,Standardized activity type (e.g. IC50 rather than Ic-50/Ic50/ic50/ic-50),Additional comments,1700389,,"Qualifier (e.g. >, <, =) for 'Standard Value'",Standardized activity value transformed to common units: e.g. mM concentrations converted to nM,Selected units for 'Standard Type': e.g. concentrations are in nM,,,,,,,,,,,,,,,,,,,,,,,,,,,,,,,,,,,,,,,,,,,,,,,,,,,,,,,,,,,,,,,,,,,,,,Low-density lipoprotein receptor,10090.0,Mus musculus,,,,,,,,,,,,,,,,,,,,,,,,,,,,,,,,,,,,,,,,,,,,,
RESULT_DESCR,,,,,,,,Standardized activity type (e.g. IC50 rather than Ic-50/Ic50/ic50/ic-50),Additional comments,1700390,,"Qualifier (e.g. >, <, =) for 'Standard Value'",Standardized activity value transformed to common units: e.g. mM concentrations converted to nM,Selected units for 'Standard Type': e.g. concentrations are in nM,,,,,,,,,,,,,,,,,,,,,,,,,,,,,,,,,,,,,,,,,,,,,,,,,,,,,,,,,,,,,,,,,,,,,,Low-density lipoprotein receptor,10090.0,Mus musculus,,,,,,,,,,,,,,,,,,,,,,,,,,,,,,,,,,,,,,,,,,,,,
RESULT_DESCR,,,,,,,,Standardized activity type (e.g. IC50 rather than Ic-50/Ic50/ic50/ic-50),,1700391,,"Qualifier (e.g. >, <, =) for 'Standard Value'",Standardized activity value transformed to common units: e.g. mM concentrations converted to nM,Selected units for 'Standard Type': e.g. concentrations are in nM,,,,,,,,,,,,,,,,,,,,,,,,,,,,,,,,,,,,,,,,,,,,,,,,,,,,,,,,,,,,,,,,,,,,,,Low-density lipoprotein receptor,10090.0,Mus musculus,,,,,,,,,,,,,,,,,,,,,,,,,,,,,,,,,,,,,,,,,,,,,
RESULT_DESCR,,,,,,,,Standardized activity type (e.g. IC50 rather than Ic-50/Ic50/ic50/ic-50),,1700392,,"Qualifier (e.g. >, <, =) for 'Standard Value'",Standardized activity value transformed to common units: e.g. mM concentrations converted to nM,Selected units for 'Standard Type': e.g. concentrations are in nM,,,,,,,,,,,,,,,,,,,,,,,,,,,,,,,,,,,,,,,,,,,,,,,,,,,,,,,,,,,,,,,,,,,,,,Low-density lipoprotein receptor,10090.0,Mus musculus,,,,,,,,,,,,,,,,,,,,,,,,,,,,,,,,,,,,,,,,,,,,,
RESULT_DESCR,,,,,,,,Standardized activity type (e.g. IC50 rather than Ic-50/Ic50/ic50/ic-50),,1700393,,"Qualifier (e.g. >, <, =) for 'Standard Value'",Standardized activity value transformed to common units: e.g. mM concentrations converted to nM,Selected units for 'Standard Type': e.g. concentrations are in nM,,,,,,,,,,,,,,,,,,,,,,,,,,,,,,,,,,,,,,,,,,,,,,,,,,,,,,,,,,,,,,,,,,,,,,Low-density lipoprotein receptor,10090.0,Mus musculus,,,,,,,,,,,,,,,,,,,,,,,,,,,,,,,,,,,,,,,,,,,,,
RESULT_DESCR,,,,,,,,Standardized activity type (e.g. IC50 rather than Ic-50/Ic50/ic50/ic-50),,1700394,,"Qualifier (e.g. >, <, =) for 'Standard Value'",Standardized activity value transformed to common units: e.g. mM concentrations converted to nM,Selected units for 'Standard Type': e.g. concentrations are in nM,,,,,,,,,,,,,,,,,,,,,,,,,,,,,,,,,,,,,,,,,,,,,,,,,,,,,,,,,,,,,,,,,,,,,,Low-density lipoprotein receptor,10090.0,Mus musculus,,,,,,,,,,,,,,,,,,,,,,,,,,,,,,,,,,,,,,,,,,,,,
RESULT_DESCR,,,,,,,,Standardized activity type (e.g. IC50 rather than Ic-50/Ic50/ic50/ic-50),Additional comments,1700399,,"Qualifier (e.g. >, <, =) for 'Standard Value'",Standardized activity value transformed to common units: e.g. mM concentrations converted to nM,Selected units for 'Standard Type': e.g. concentrations are in nM,,,,,,,,,,,,,,,,,,,,,,,,,,,,,,,,,,,,,,,,,,,,,,,,,,,,,,,,,,,,,,,,,,,,,,Low-density lipoprotein receptor,10090.0,Mus musculus,,,,,,,,,,,,,,,,,,,,,,,,,,,,,,,,,,,,,,,,,,,,,
RESULT_DESCR,,,,,,,,Standardized activity type (e.g. IC50 rather than Ic-50/Ic50/ic50/ic-50),Additional comments,385632,,,,,,,,,,,,,,,,,,,,,,,,,,,,,,,,,,,,,,,,,,,,,,,,,,,,,,,,,,,,,,,,,,,,,,,,,,Low-density lipoprotein receptor,10090.0,Mus musculus,,,,,,,,,,,,,,,,,,,,,,,,,,,,,,,,,,,,,,,,,,,,,
RESULT_DESCR,,,,,,,,Standardized activity type (e.g. IC50 rather than Ic-50/Ic50/ic50/ic-50),Additional comments,385634,,,,,,,,,,,,,,,,,,,,,,,,,,,,,,,,,,,,,,,,,,,,,,,,,,,,,,,,,,,,,,,,,,,,,,,,,,Low-density lipoprotein receptor,10090.0,Mus musculus,,,,,,,,,,,,,,,,,,,,,,,,,,,,,,,,,,,,,,,,,,,,,
RESULT_DESCR,,,,,,,,Standardized activity type (e.g. IC50 rather than Ic-50/Ic50/ic50/ic-50),,385638,,"Qualifier (e.g. >, <, =) for 'Standard Value'",Standardized activity value transformed to common units: e.g. mM concentrations converted to nM,Selected units for 'Standard Type': e.g. concentrations are in nM,,,,,,,,,,,,,,,,,,,,,,,,,,,,,,,,,,,,,,,,,,,,,,,,,,,,,,,,,,,,,,,,,,,,,,Low-density lipoprotein receptor,10090.0,Mus musculus,,,,,,,,,,,,,,,,,,,,,,,,,,,,,,,,,,,,,,,,,,,,,
RESULT_DESCR,,,,,,,,Standardized activity type (e.g. IC50 rather than Ic-50/Ic50/ic50/ic-50),,385640,,"Qualifier (e.g. >, <, =) for 'Standard Value'",Standardized activity value transformed to common units: e.g. mM concentrations converted to nM,Selected units for 'Standard Type': e.g. concentrations are in nM,,,,,,,,,,,,,,,,,,,,,,,,,,,,,,,,,,,,,,,,,,,,,,,,,,,,,,,,,,,,,,,,,,,,,,Low-density lipoprotein receptor,10090.0,Mus musculus,,,,,,,,,,,,,,,,,,,,,,,,,,,,,,,,,,,,,,,,,,,,,
RESULT_DESCR,,,,,,,,Standardized activity type (e.g. IC50 rather than Ic-50/Ic50/ic50/ic-50),,385853,,"Qualifier (e.g. >, <, =) for 'Standard Value'",Standardized activity value transformed to common units: e.g. mM concentrations converted to nM,Selected units for 'Standard Type': e.g. concentrations are in nM,,,,,,,,,,,,,,,,,,,,,,,,,,,,,,,,,,,,,,,,,,,,,,,,,,,,,,,,,,,,,,,,,,,,,,Low-density lipoprotein receptor,10090.0,Mus musculus,,,,,,,,,,,,,,,,,,,,,,,,,,,,,,,,,,,,,,,,,,,,,
RESULT_DESCR,,,,,,,,Standardized activity type (e.g. IC50 rather than Ic-50/Ic50/ic50/ic-50),,385859,,"Qualifier (e.g. >, <, =) for 'Standard Value'",Standardized activity value transformed to common units: e.g. mM concentrations converted to nM,Selected units for 'Standard Type': e.g. concentrations are in nM,,,,,,,,,,,,,,,,,,,,,,,,,,,,,,,,,,,,,,,,,,,,,,,,,,,,,,,,,,,,,,,,,,,,,,Low-density lipoprotein receptor,10090.0,Mus musculus,,,,,,,,,,,,,,,,,,,,,,,,,,,,,,,,,,,,,,,,,,,,,
RESULT_DESCR,,,,,,,,Standardized activity type (e.g. IC50 rather than Ic-50/Ic50/ic50/ic-50),Additional comments,385875,,,,,,,,,,,,,,,,,,,,,,,,,,,,,,,,,,,,,,,,,,,,,,,,,,,,,,,,,,,,,,,,,,,,,,,,,,Low-density lipoprotein receptor,10090.0,Mus musculus,,,,,,,,,,,,,,,,,,,,,,,,,,,,,,,,,,,,,,,,,,,,,
RESULT_DESCR,,,,,,,,Standardized activity type (e.g. IC50 rather than Ic-50/Ic50/ic50/ic-50),Additional comments,1778750,,,,,,,,,,,,,,,,,,,,,,,,,,,,,,,,,,,,,,,,,,,,,,,,,,,,,,,,,,,,,,,,,,,,,,,,,,Low-density lipoprotein receptor,10090.0,Mus musculus,,,,,,,,,,,,,,,,,,,,,,,,,,,,,,,,,,,,,,,,,,,,,
RESULT_DESCR,,,,,,,,Standardized activity type (e.g. IC50 rather than Ic-50/Ic50/ic50/ic-50),,386210,,"Qualifier (e.g. >, <, =) for 'Standard Value'",Standardized activity value transformed to common units: e.g. mM concentrations converted to nM,,,,,,,,,,,,,,,,,,,,,,,,,,,,,,,,,,,,,,,,,,,,,,,,,,,,,,,,,,,,,,,,,,,,,,,Low-density lipoprotein receptor,10090.0,Mus musculus,,,,,,,,,,,,,,,,,,,,,,,,,,,,,,,,,,,,,,,,,,,,,
RESULT_DESCR,,,,,,,,Standardized activity type (e.g. IC50 rather than Ic-50/Ic50/ic50/ic-50),,1266955,,"Qualifier (e.g. >, <, =) for 'Standard Value'",Standardized activity value transformed to common units: e.g. mM concentrations converted to nM,Selected units for 'Standard Type': e.g. concentrations are in nM,,,,,,,,,,,,,,,,,,,,,,,,,,,,,,,,,,,,,,,,,,,,,,,,,,,,,,,,,,,,,,,,,,,,,,Low-density lipoprotein receptor,10090.0,Mus musculus,,,,,,,,,,,,,,,,,,,,,,,,,,,,,,,,,,,,,,,,,,,,,
RESULT_DESCR,,,,,,,,Standardized activity type (e.g. IC50 rather than Ic-50/Ic50/ic50/ic-50),,1266956,,"Qualifier (e.g. >, <, =) for 'Standard Value'",Standardized activity value transformed to common units: e.g. mM concentrations converted to nM,Selected units for 'Standard Type': e.g. concentrations are in nM,,,,,,,,,,,,,,,,,,,,,,,,,,,,,,,,,,,,,,,,,,,,,,,,,,,,,,,,,,,,,,,,,,,,,,Low-density lipoprotein receptor,10090.0,Mus musculus,,,,,,,,,,,,,,,,,,,,,,,,,,,,,,,,,,,,,,,,,,,,,
RESULT_DESCR,,,,,,,,Standardized activity type (e.g. IC50 rather than Ic-50/Ic50/ic50/ic-50),,1266957,,"Qualifier (e.g. >, <, =) for 'Standard Value'",Standardized activity value transformed to common units: e.g. mM concentrations converted to nM,Selected units for 'Standard Type': e.g. concentrations are in nM,,,,,,,,,,,,,,,,,,,,,,,,,,,,,,,,,,,,,,,,,,,,,,,,,,,,,,,,,,,,,,,,,,,,,,Low-density lipoprotein receptor,10090.0,Mus musculus,,,,,,,,,,,,,,,,,,,,,,,,,,,,,,,,,,,,,,,,,,,,,
RESULT_DESCR,,,,,,,,Standardized activity type (e.g. IC50 rather than Ic-50/Ic50/ic50/ic-50),,1266958,,"Qualifier (e.g. >, <, =) for 'Standard Value'",Standardized activity value transformed to common units: e.g. mM concentrations converted to nM,Selected units for 'Standard Type': e.g. concentrations are in nM,,,,,,,,,,,,,,,,,,,,,,,,,,,,,,,,,,,,,,,,,,,,,,,,,,,,,,,,,,,,,,,,,,,,,,Low-density lipoprotein receptor,10090.0,Mus musculus,,,,,,,,,,,,,,,,,,,,,,,,,,,,,,,,,,,,,,,,,,,,,
RESULT_DESCR,,,,,,,,Standardized activity type (e.g. IC50 rather than Ic-50/Ic50/ic50/ic-50),,1266959,,"Qualifier (e.g. >, <, =) for 'Standard Value'",Standardized activity value transformed to common units: e.g. mM concentrations converted to nM,Selected units for 'Standard Type': e.g. concentrations are in nM,,,,,,,,,,,,,,,,,,,,,,,,,,,,,,,,,,,,,,,,,,,,,,,,,,,,,,,,,,,,,,,,,,,,,,Low-density lipoprotein receptor,10090.0,Mus musculus,,,,,,,,,,,,,,,,,,,,,,,,,,,,,,,,,,,,,,,,,,,,,
RESULT_DESCR,,,,,,,,Standardized activity type (e.g. IC50 rather than Ic-50/Ic50/ic50/ic-50),,1266960,,"Qualifier (e.g. >, <, =) for 'Standard Value'",Standardized activity value transformed to common units: e.g. mM concentrations converted to nM,Selected units for 'Standard Type': e.g. concentrations are in nM,,,,,,,,,,,,,,,,,,,,,,,,,,,,,,,,,,,,,,,,,,,,,,,,,,,,,,,,,,,,,,,,,,,,,,Low-density lipoprotein receptor,10090.0,Mus musculus,,,,,,,,,,,,,,,,,,,,,,,,,,,,,,,,,,,,,,,,,,,,,
RESULT_DESCR,,,,,,,,Standardized activity type (e.g. IC50 rather than Ic-50/Ic50/ic50/ic-50),,1266961,,"Qualifier (e.g. >, <, =) for 'Standard Value'",Standardized activity value transformed to common units: e.g. mM concentrations converted to nM,Selected units for 'Standard Type': e.g. concentrations are in nM,,,,,,,,,,,,,,,,,,,,,,,,,,,,,,,,,,,,,,,,,,,,,,,,,,,,,,,,,,,,,,,,,,,,,,Low-density lipoprotein receptor,10090.0,Mus musculus,,,,,,,,,,,,,,,,,,,,,,,,,,,,,,,,,,,,,,,,,,,,,
RESULT_DESCR,,,,,,,,Standardized activity type (e.g. IC50 rather than Ic-50/Ic50/ic50/ic-50),,1266962,,"Qualifier (e.g. >, <, =) for 'Standard Value'",Standardized activity value transformed to common units: e.g. mM concentrations converted to nM,Selected units for 'Standard Type': e.g. concentrations are in nM,,,,,,,,,,,,,,,,,,,,,,,,,,,,,,,,,,,,,,,,,,,,,,,,,,,,,,,,,,,,,,,,,,,,,,Low-density lipoprotein receptor,10090.0,Mus musculus,,,,,,,,,,,,,,,,,,,,,,,,,,,,,,,,,,,,,,,,,,,,,
RESULT_DESCR,,,,,,,,Standardized activity type (e.g. IC50 rather than Ic-50/Ic50/ic50/ic-50),,1266963,,"Qualifier (e.g. >, <, =) for 'Standard Value'",Standardized activity value transformed to common units: e.g. mM concentrations converted to nM,Selected units for 'Standard Type': e.g. concentrations are in nM,,,,,,,,,,,,,,,,,,,,,,,,,,,,,,,,,,,,,,,,,,,,,,,,,,,,,,,,,,,,,,,,,,,,,,Low-density lipoprotein receptor,10090.0,Mus musculus,,,,,,,,,,,,,,,,,,,,,,,,,,,,,,,,,,,,,,,,,,,,,
RESULT_DESCR,,,,,,,,Standardized activity type (e.g. IC50 rather than Ic-50/Ic50/ic50/ic-50),,1266964,,"Qualifier (e.g. >, <, =) for 'Standard Value'",Standardized activity value transformed to common units: e.g. mM concentrations converted to nM,Selected units for 'Standard Type': e.g. concentrations are in nM,,,,,,,,,,,,,,,,,,,,,,,,,,,,,,,,,,,,,,,,,,,,,,,,,,,,,,,,,,,,,,,,,,,,,,Low-density lipoprotein receptor,10090.0,Mus musculus,,,,,,,,,,,,,,,,,,,,,,,,,,,,,,,,,,,,,,,,,,,,,
RESULT_DESCR,,,,,,,,Standardized activity type (e.g. IC50 rather than Ic-50/Ic50/ic50/ic-50),,1266965,,"Qualifier (e.g. >, <, =) for 'Standard Value'",Standardized activity value transformed to common units: e.g. mM concentrations converted to nM,Selected units for 'Standard Type': e.g. concentrations are in nM,,,,,,,,,,,,,,,,,,,,,,,,,,,,,,,,,,,,,,,,,,,,,,,,,,,,,,,,,,,,,,,,,,,,,,Low-density lipoprotein receptor,10090.0,Mus musculus,,,,,,,,,,,,,,,,,,,,,,,,,,,,,,,,,,,,,,,,,,,,,
RESULT_DESCR,,,,,,,,Standardized activity type (e.g. IC50 rather than Ic-50/Ic50/ic50/ic-50),,1266966,,"Qualifier (e.g. >, <, =) for 'Standard Value'",Standardized activity value transformed to common units: e.g. mM concentrations converted to nM,Selected units for 'Standard Type': e.g. concentrations are in nM,,,,,,,,,,,,,,,,,,,,,,,,,,,,,,,,,,,,,,,,,,,,,,,,,,,,,,,,,,,,,,,,,,,,,,Low-density lipoprotein receptor,10090.0,Mus musculus,,,,,,,,,,,,,,,,,,,,,,,,,,,,,,,,,,,,,,,,,,,,,
RESULT_DESCR,,,,,,,,Standardized activity type (e.g. IC50 rather than Ic-50/Ic50/ic50/ic-50),,1266967,,"Qualifier (e.g. >, <, =) for 'Standard Value'",Standardized activity value transformed to common units: e.g. mM concentrations converted to nM,Selected units for 'Standard Type': e.g. concentrations are in nM,,,,,,,,,,,,,,,,,,,,,,,,,,,,,,,,,,,,,,,,,,,,,,,,,,,,,,,,,,,,,,,,,,,,,,Low-density lipoprotein receptor,10090.0,Mus musculus,,,,,,,,,,,,,,,,,,,,,,,,,,,,,,,,,,,,,,,,,,,,,
RESULT_DESCR,,,,,,,,Standardized activity type (e.g. IC50 rather than Ic-50/Ic50/ic50/ic-50),,1266968,,"Qualifier (e.g. >, <, =) for 'Standard Value'",Standardized activity value transformed to common units: e.g. mM concentrations converted to nM,Selected units for 'Standard Type': e.g. concentrations are in nM,,,,,,,,,,,,,,,,,,,,,,,,,,,,,,,,,,,,,,,,,,,,,,,,,,,,,,,,,,,,,,,,,,,,,,Low-density lipoprotein receptor,10090.0,Mus musculus,,,,,,,,,,,,,,,,,,,,,,,,,,,,,,,,,,,,,,,,,,,,,
RESULT_DESCR,,,,,,,,Standardized activity type (e.g. IC50 rather than Ic-50/Ic50/ic50/ic-50),,1266969,,"Qualifier (e.g. >, <, =) for 'Standard Value'",Standardized activity value transformed to common units: e.g. mM concentrations converted to nM,Selected units for 'Standard Type': e.g. concentrations are in nM,,,,,,,,,,,,,,,,,,,,,,,,,,,,,,,,,,,,,,,,,,,,,,,,,,,,,,,,,,,,,,,,,,,,,,Low-density lipoprotein receptor,10090.0,Mus musculus,,,,,,,,,,,,,,,,,,,,,,,,,,,,,,,,,,,,,,,,,,,,,
RESULT_DESCR,,,,,,,,Standardized activity type (e.g. IC50 rather than Ic-50/Ic50/ic50/ic-50),,1266970,,"Qualifier (e.g. >, <, =) for 'Standard Value'",Standardized activity value transformed to common units: e.g. mM concentrations converted to nM,Selected units for 'Standard Type': e.g. concentrations are in nM,,,,,,,,,,,,,,,,,,,,,,,,,,,,,,,,,,,,,,,,,,,,,,,,,,,,,,,,,,,,,,,,,,,,,,Low-density lipoprotein receptor,10090.0,Mus musculus,,,,,,,,,,,,,,,,,,,,,,,,,,,,,,,,,,,,,,,,,,,,,
RESULT_DESCR,,,,,,,,Standardized activity type (e.g. IC50 rather than Ic-50/Ic50/ic50/ic-50),,1266971,,"Qualifier (e.g. >, <, =) for 'Standard Value'",Standardized activity value transformed to common units: e.g. mM concentrations converted to nM,Selected units for 'Standard Type': e.g. concentrations are in nM,,,,,,,,,,,,,,,,,,,,,,,,,,,,,,,,,,,,,,,,,,,,,,,,,,,,,,,,,,,,,,,,,,,,,,Low-density lipoprotein receptor,10090.0,Mus musculus,,,,,,,,,,,,,,,,,,,,,,,,,,,,,,,,,,,,,,,,,,,,,
RESULT_DESCR,,,,,,,,Standardized activity type (e.g. IC50 rather than Ic-50/Ic50/ic50/ic-50),,1266972,,"Qualifier (e.g. >, <, =) for 'Standard Value'",Standardized activity value transformed to common units: e.g. mM concentrations converted to nM,Selected units for 'Standard Type': e.g. concentrations are in nM,,,,,,,,,,,,,,,,,,,,,,,,,,,,,,,,,,,,,,,,,,,,,,,,,,,,,,,,,,,,,,,,,,,,,,Low-density lipoprotein receptor,10090.0,Mus musculus,,,,,,,,,,,,,,,,,,,,,,,,,,,,,,,,,,,,,,,,,,,,,
RESULT_DESCR,,,,,,,,Standardized activity type (e.g. IC50 rather than Ic-50/Ic50/ic50/ic-50),,1267022,PubChem standardized value transformed from 'Standard Value'. The unit is always micromolar,"Qualifier (e.g. >, <, =) for 'Standard Value'",Standardized activity value transformed to common units: e.g. mM concentrations converted to nM,Selected units for 'Standard Type': e.g. concentrations are in nM,,,,,,,,,,,,,,,,,,,,,,,,,,,,,,,,,,,,,,,,,,,,,,,,,,,,,,,,,,,,,,,,,,,,,,Low-density lipoprotein receptor,10090.0,Mus musculus,,,,,,,,,,,,,,,,,,,,,,,,,,,,,,,,,,,,,,,,,,,,,
RESULT_DESCR,,,,,,,,Standardized activity type (e.g. IC50 rather than Ic-50/Ic50/ic50/ic-50),,1267023,PubChem standardized value transformed from 'Standard Value'. The unit is always micromolar,"Qualifier (e.g. >, <, =) for 'Standard Value'",Standardized activity value transformed to common units: e.g. mM concentrations converted to nM,Selected units for 'Standard Type': e.g. concentrations are in nM,,,,,,,,,,,,,,,,,,,,,,,,,,,,,,,,,,,,,,,,,,,,,,,,,,,,,,,,,,,,,,,,,,,,,,Low-density lipoprotein receptor,10090.0,Mus musculus,,,,,,,,,,,,,,,,,,,,,,,,,,,,,,,,,,,,,,,,,,,,,
RESULT_DESCR,,,,,,,,Standardized activity type (e.g. IC50 rather than Ic-50/Ic50/ic50/ic-50),,1267024,PubChem standardized value transformed from 'Standard Value'. The unit is always micromolar,"Qualifier (e.g. >, <, =) for 'Standard Value'",Standardized activity value transformed to common units: e.g. mM concentrations converted to nM,Selected units for 'Standard Type': e.g. concentrations are in nM,,,,,,,,,,,,,,,,,,,,,,,,,,,,,,,,,,,,,,,,,,,,,,,,,,,,,,,,,,,,,,,,,,,,,,Low-density lipoprotein receptor,10090.0,Mus musculus,,,,,,,,,,,,,,,,,,,,,,,,,,,,,,,,,,,,,,,,,,,,,
RESULT_DESCR,,,,,,,,Standardized activity type (e.g. IC50 rather than Ic-50/Ic50/ic50/ic-50),,1267025,PubChem standardized value transformed from 'Standard Value'. The unit is always micromolar,"Qualifier (e.g. >, <, =) for 'Standard Value'",Standardized activity value transformed to common units: e.g. mM concentrations converted to nM,Selected units for 'Standard Type': e.g. concentrations are in nM,,,,,,,,,,,,,,,,,,,,,,,,,,,,,,,,,,,,,,,,,,,,,,,,,,,,,,,,,,,,,,,,,,,,,,Low-density lipoprotein receptor,10090.0,Mus musculus,,,,,,,,,,,,,,,,,,,,,,,,,,,,,,,,,,,,,,,,,,,,,
RESULT_DESCR,,,,,,,,Standardized activity type (e.g. IC50 rather than Ic-50/Ic50/ic50/ic-50),,386401,,"Qualifier (e.g. >, <, =) for 'Standard Value'",Standardized activity value transformed to common units: e.g. mM concentrations converted to nM,,,,,,,,,,,,,,,,,,,,,,,,,,,,,,,,,,,,,,,,,,,,,,,,,,,,,,,,,,,,,,,,,,,,,,,Low-density lipoprotein receptor,10090.0,Mus musculus,,,,,,,,,,,,,,,,,,,,,,,,,,,,,,,,,,,,,,,,,,,,,
RESULT_DESCR,,,,,,,,Standardized activity type (e.g. IC50 rather than Ic-50/Ic50/ic50/ic-50),,386405,,"Qualifier (e.g. >, <, =) for 'Standard Value'",Standardized activity value transformed to common units: e.g. mM concentrations converted to nM,,,,,,,,,,,,,,,,,,,,,,,,,,,,,,,,,,,,,,,,,,,,,,,,,,,,,,,,,,,,,,,,,,,,,,,Low-density lipoprotein receptor,10090.0,Mus musculus,,,,,,,,,,,,,,,,,,,,,,,,,,,,,,,,,,,,,,,,,,,,,
RESULT_DESCR,,,,,,,,Standardized activity type (e.g. IC50 rather than Ic-50/Ic50/ic50/ic-50),,386411,,"Qualifier (e.g. >, <, =) for 'Standard Value'",Standardized activity value transformed to common units: e.g. mM concentrations converted to nM,,,,,,,,,,,,,,,,,,,,,,,,,,,,,,,,,,,,,,,,,,,,,,,,,,,,,,,,,,,,,,,,,,,,,,,Low-density lipoprotein receptor,10090.0,Mus musculus,,,,,,,,,,,,,,,,,,,,,,,,,,,,,,,,,,,,,,,,,,,,,
RESULT_DESCR,,,,,,,,Standardized activity type (e.g. IC50 rather than Ic-50/Ic50/ic50/ic-50),,472466,,"Qualifier (e.g. >, <, =) for 'Standard Value'",Standardized activity value transformed to common units: e.g. mM concentrations converted to nM,Selected units for 'Standard Type': e.g. concentrations are in nM,,,,,,,,,,,,,,,,,,,,,,,,,,,,,,,,,,,,,,,,,,,,,,,,,,,,,,,,,,,,,,,,,,,,,,Low-density lipoprotein receptor,10090.0,Mus musculus,,,,,,,,,,,,,,,,,,,,,,,,,,,,,,,,,,,,,,,,,,,,,
RESULT_DESCR,,,,,,,,Standardized activity type (e.g. IC50 rather than Ic-50/Ic50/ic50/ic-50),,472481,,"Qualifier (e.g. >, <, =) for 'Standard Value'",Standardized activity value transformed to common units: e.g. mM concentrations converted to nM,Selected units for 'Standard Type': e.g. concentrations are in nM,,,,,,,,,,,,,,,,,,,,,,,,,,,,,,,,,,,,,,,,,,,,,,,,,,,,,,,,,,,,,,,,,,,,,,Low-density lipoprotein receptor,10090.0,Mus musculus,,,,,,,,,,,,,,,,,,,,,,,,,,,,,,,,,,,,,,,,,,,,,
RESULT_DESCR,,,,,,,,Standardized activity type (e.g. IC50 rather than Ic-50/Ic50/ic50/ic-50),Additional comments,345504,PubChem standardized value transformed from 'Standard Value'. The unit is always micromolar,"Qualifier (e.g. >, <, =) for 'Standard Value'",Standardized activity value transformed to common units: e.g. mM concentrations converted to nM,Selected units for 'Standard Type': e.g. concentrations are in nM,,,,,,,,,,,,,,,,,,,,,,,,,,,,,,,,,,,,,,,,,,,,,,,,,,,,,,,,,,,,,,,,,,,,,,Low-density lipoprotein receptor,10090.0,Mus musculus,,,,,,,,,,,,,,,,,,,,,,,,,,,,,,,,,,,,,,,,,,,,,
RESULT_DESCR,,,,,,,,Standardized activity type (e.g. IC50 rather than Ic-50/Ic50/ic50/ic-50),Additional comments,472482,PubChem standardized value transformed from 'Standard Value'. The unit is always micromolar,"Qualifier (e.g. >, <, =) for 'Standard Value'",Standardized activity value transformed to common units: e.g. mM concentrations converted to nM,Selected units for 'Standard Type': e.g. concentrations are in nM,,,,,,,,,,,,,,,,,,,,,,,,,,,,,,,,,,,,,,,,,,,,,,,,,,,,,,,,,,,,,,,,,,,,,,Low-density lipoprotein receptor,10090.0,Mus musculus,,,,,,,,,,,,,,,,,,,,,,,,,,,,,,,,,,,,,,,,,,,,,
RESULT_DESCR,,,,,,,,Standardized activity type (e.g. IC50 rather than Ic-50/Ic50/ic50/ic-50),,472483,,"Qualifier (e.g. >, <, =) for 'Standard Value'",Standardized activity value transformed to common units: e.g. mM concentrations converted to nM,Selected units for 'Standard Type': e.g. concentrations are in nM,,,,,,,,,,,,,,,,,,,,,,,,,,,,,,,,,,,,,,,,,,,,,,,,,,,,,,,,,,,,,,,,,,,,,,Low-density lipoprotein receptor,10090.0,Mus musculus,,,,,,,,,,,,,,,,,,,,,,,,,,,,,,,,,,,,,,,,,,,,,
RESULT_DESCR,,,,,,,,Standardized activity type (e.g. IC50 rather than Ic-50/Ic50/ic50/ic-50),Additional comments,472484,,"Qualifier (e.g. >, <, =) for 'Standard Value'",Standardized activity value transformed to common units: e.g. mM concentrations converted to nM,Selected units for 'Standard Type': e.g. concentrations are in nM,,,,,,,,,,,,,,,,,,,,,,,,,,,,,,,,,,,,,,,,,,,,,,,,,,,,,,,,,,,,,,,,,,,,,,Low-density lipoprotein receptor,10090.0,Mus musculus,,,,,,,,,,,,,,,,,,,,,,,,,,,,,,,,,,,,,,,,,,,,,
RESULT_DESCR,,,,,,,,Standardized activity type (e.g. IC50 rather than Ic-50/Ic50/ic50/ic-50),Additional comments,472485,,,,,,,,,,,,,,,,,,,,,,,,,,,,,,,,,,,,,,,,,,,,,,,,,,,,,,,,,,,,,,,,,,,,,,,,,,Low-density lipoprotein receptor,10090.0,Mus musculus,,,,,,,,,,,,,,,,,,,,,,,,,,,,,,,,,,,,,,,,,,,,,
RESULT_DESCR,,,,,,,,Standardized activity type (e.g. IC50 rather than Ic-50/Ic50/ic50/ic-50),Additional comments,472486,,,,,,,,,,,,,,,,,,,,,,,,,,,,,,,,,,,,,,,,,,,,,,,,,,,,,,,,,,,,,,,,,,,,,,,,,,Low-density lipoprotein receptor,10090.0,Mus musculus,,,,,,,,,,,,,,,,,,,,,,,,,,,,,,,,,,,,,,,,,,,,,
RESULT_DESCR,,,,,,,,Standardized activity type (e.g. IC50 rather than Ic-50/Ic50/ic50/ic-50),Additional comments,472490,,,,,,,,,,,,,,,,,,,,,,,,,,,,,,,,,,,,,,,,,,,,,,,,,,,,,,,,,,,,,,,,,,,,,,,,,,Low-density lipoprotein receptor,10090.0,Mus musculus,,,,,,,,,,,,,,,,,,,,,,,,,,,,,,,,,,,,,,,,,,,,,
RESULT_DESCR,,,,,,,,Standardized activity type (e.g. IC50 rather than Ic-50/Ic50/ic50/ic-50),,345511,,"Qualifier (e.g. >, <, =) for 'Standard Value'",Standardized activity value transformed to common units: e.g. mM concentrations converted to nM,,,,,,,,,,,,,,,,,,,,,,,,,,,,,,,,,,,,,,,,,,,,,,,,,,,,,,,,,,,,,,,,,,,,,,,Low-density lipoprotein receptor,10090.0,Mus musculus,,,,,,,,,,,,,,,,,,,,,,,,,,,,,,,,,,,,,,,,,,,,,
RESULT_DESCR,,,,,,,,Standardized activity type (e.g. IC50 rather than Ic-50/Ic50/ic50/ic-50),Additional comments,472492,,,,,,,,,,,,,,,,,,,,,,,,,,,,,,,,,,,,,,,,,,,,,,,,,,,,,,,,,,,,,,,,,,,,,,,,,,Low-density lipoprotein receptor,10090.0,Mus musculus,,,,,,,,,,,,,,,,,,,,,,,,,,,,,,,,,,,,,,,,,,,,,
RESULT_DESCR,,,,,,,,Standardized activity type (e.g. IC50 rather than Ic-50/Ic50/ic50/ic-50),,345512,,"Qualifier (e.g. >, <, =) for 'Standard Value'",Standardized activity value transformed to common units: e.g. mM concentrations converted to nM,,,,,,,,,,,,,,,,,,,,,,,,,,,,,,,,,,,,,,,,,,,,,,,,,,,,,,,,,,,,,,,,,,,,,,,Low-density lipoprotein receptor,10090.0,Mus musculus,,,,,,,,,,,,,,,,,,,,,,,,,,,,,,,,,,,,,,,,,,,,,
RESULT_DESCR,,,,,,,,Standardized activity type (e.g. IC50 rather than Ic-50/Ic50/ic50/ic-50),,345513,,"Qualifier (e.g. >, <, =) for 'Standard Value'",Standardized activity value transformed to common units: e.g. mM concentrations converted to nM,,,,,,,,,,,,,,,,,,,,,,,,,,,,,,,,,,,,,,,,,,,,,,,,,,,,,,,,,,,,,,,,,,,,,,,Low-density lipoprotein receptor,10090.0,Mus musculus,,,,,,,,,,,,,,,,,,,,,,,,,,,,,,,,,,,,,,,,,,,,,
RESULT_DESCR,,,,,,,,Standardized activity type (e.g. IC50 rather than Ic-50/Ic50/ic50/ic-50),,345514,,"Qualifier (e.g. >, <, =) for 'Standard Value'",Standardized activity value transformed to common units: e.g. mM concentrations converted to nM,,,,,,,,,,,,,,,,,,,,,,,,,,,,,,,,,,,,,,,,,,,,,,,,,,,,,,,,,,,,,,,,,,,,,,,Low-density lipoprotein receptor,10090.0,Mus musculus,,,,,,,,,,,,,,,,,,,,,,,,,,,,,,,,,,,,,,,,,,,,,
RESULT_DESCR,,,,,,,,Standardized activity type (e.g. IC50 rather than Ic-50/Ic50/ic50/ic-50),Additional comments,472491,,,,,,,,,,,,,,,,,,,,,,,,,,,,,,,,,,,,,,,,,,,,,,,,,,,,,,,,,,,,,,,,,,,,,,,,,,Low-density lipoprotein receptor,10090.0,Mus musculus,,,,,,,,,,,,,,,,,,,,,,,,,,,,,,,,,,,,,,,,,,,,,
RESULT_DESCR,,,,,,,,Standardized activity type (e.g. IC50 rather than Ic-50/Ic50/ic50/ic-50),Additional comments,472493,,,,,,,,,,,,,,,,,,,,,,,,,,,,,,,,,,,,,,,,,,,,,,,,,,,,,,,,,,,,,,,,,,,,,,,,,,Low-density lipoprotein receptor,10090.0,Mus musculus,,,,,,,,,,,,,,,,,,,,,,,,,,,,,,,,,,,,,,,,,,,,,
RESULT_DESCR,,,,,,,,Standardized activity type (e.g. IC50 rather than Ic-50/Ic50/ic50/ic-50),Additional comments,472494,,,,,,,,,,,,,,,,,,,,,,,,,,,,,,,,,,,,,,,,,,,,,,,,,,,,,,,,,,,,,,,,,,,,,,,,,,Low-density lipoprotein receptor,10090.0,Mus musculus,,,,,,,,,,,,,,,,,,,,,,,,,,,,,,,,,,,,,,,,,,,,,
RESULT_DESCR,,,,,,,,Standardized activity type (e.g. IC50 rather than Ic-50/Ic50/ic50/ic-50),Additional comments,345532,,,,,,,,,,,,,,,,,,,,,,,,,,,,,,,,,,,,,,,,,,,,,,,,,,,,,,,,,,,,,,,,,,,,,,,,,,Low-density lipoprotein receptor,10090.0,Mus musculus,,,,,,,,,,,,,,,,,,,,,,,,,,,,,,,,,,,,,,,,,,,,,
RESULT_DESCR,,,,,,,,Standardized activity type (e.g. IC50 rather than Ic-50/Ic50/ic50/ic-50),,345534,,"Qualifier (e.g. >, <, =) for 'Standard Value'",Standardized activity value transformed to common units: e.g. mM concentrations converted to nM,Selected units for 'Standard Type': e.g. concentrations are in nM,,,,,,,,,,,,,,,,,,,,,,,,,,,,,,,,,,,,,,,,,,,,,,,,,,,,,,,,,,,,,,,,,,,,,,Low-density lipoprotein receptor,10090.0,Mus musculus,,,,,,,,,,,,,,,,,,,,,,,,,,,,,,,,,,,,,,,,,,,,,
RESULT_DESCR,,,,,,,,Standardized activity type (e.g. IC50 rather than Ic-50/Ic50/ic50/ic-50),,345531,,"Qualifier (e.g. >, <, =) for 'Standard Value'",Standardized activity value transformed to common units: e.g. mM concentrations converted to nM,,,,,,,,,,,,,,,,,,,,,,,,,,,,,,,,,,,,,,,,,,,,,,,,,,,,,,,,,,,,,,,,,,,,,,,Low-density lipoprotein receptor,10090.0,Mus musculus,,,,,,,,,,,,,,,,,,,,,,,,,,,,,,,,,,,,,,,,,,,,,
RESULT_DESCR,,,,,,,,Standardized activity type (e.g. IC50 rather than Ic-50/Ic50/ic50/ic-50),,472521,,"Qualifier (e.g. >, <, =) for 'Standard Value'",Standardized activity value transformed to common units: e.g. mM concentrations converted to nM,Selected units for 'Standard Type': e.g. concentrations are in nM,,,,,,,,,,,,,,,,,,,,,,,,,,,,,,,,,,,,,,,,,,,,,,,,,,,,,,,,,,,,,,,,,,,,,,Low-density lipoprotein receptor,10090.0,Mus musculus,,,,,,,,,,,,,,,,,,,,,,,,,,,,,,,,,,,,,,,,,,,,,
RESULT_DESCR,,,,,,,,Standardized activity type (e.g. IC50 rather than Ic-50/Ic50/ic50/ic-50),,472522,,"Qualifier (e.g. >, <, =) for 'Standard Value'",Standardized activity value transformed to common units: e.g. mM concentrations converted to nM,Selected units for 'Standard Type': e.g. concentrations are in nM,,,,,,,,,,,,,,,,,,,,,,,,,,,,,,,,,,,,,,,,,,,,,,,,,,,,,,,,,,,,,,,,,,,,,,Low-density lipoprotein receptor,10090.0,Mus musculus,,,,,,,,,,,,,,,,,,,,,,,,,,,,,,,,,,,,,,,,,,,,,
RESULT_DESCR,,,,,,,,Standardized activity type (e.g. IC50 rather than Ic-50/Ic50/ic50/ic-50),,472523,,"Qualifier (e.g. >, <, =) for 'Standard Value'",Standardized activity value transformed to common units: e.g. mM concentrations converted to nM,Selected units for 'Standard Type': e.g. concentrations are in nM,,,,,,,,,,,,,,,,,,,,,,,,,,,,,,,,,,,,,,,,,,,,,,,,,,,,,,,,,,,,,,,,,,,,,,Low-density lipoprotein receptor,10090.0,Mus musculus,,,,,,,,,,,,,,,,,,,,,,,,,,,,,,,,,,,,,,,,,,,,,
RESULT_DESCR,,,,,,,,Standardized activity type (e.g. IC50 rather than Ic-50/Ic50/ic50/ic-50),,472524,,"Qualifier (e.g. >, <, =) for 'Standard Value'",Standardized activity value transformed to common units: e.g. mM concentrations converted to nM,Selected units for 'Standard Type': e.g. concentrations are in nM,,,,,,,,,,,,,,,,,,,,,,,,,,,,,,,,,,,,,,,,,,,,,,,,,,,,,,,,,,,,,,,,,,,,,,Low-density lipoprotein receptor,10090.0,Mus musculus,,,,,,,,,,,,,,,,,,,,,,,,,,,,,,,,,,,,,,,,,,,,,
RESULT_DESCR,,,,,,,,Standardized activity type (e.g. IC50 rather than Ic-50/Ic50/ic50/ic-50),,472525,,"Qualifier (e.g. >, <, =) for 'Standard Value'",Standardized activity value transformed to common units: e.g. mM concentrations converted to nM,Selected units for 'Standard Type': e.g. concentrations are in nM,,,,,,,,,,,,,,,,,,,,,,,,,,,,,,,,,,,,,,,,,,,,,,,,,,,,,,,,,,,,,,,,,,,,,,Low-density lipoprotein receptor,10090.0,Mus musculus,,,,,,,,,,,,,,,,,,,,,,,,,,,,,,,,,,,,,,,,,,,,,
RESULT_DESCR,,,,,,,,Standardized activity type (e.g. IC50 rather than Ic-50/Ic50/ic50/ic-50),,472526,,"Qualifier (e.g. >, <, =) for 'Standard Value'",Standardized activity value transformed to common units: e.g. mM concentrations converted to nM,Selected units for 'Standard Type': e.g. concentrations are in nM,,,,,,,,,,,,,,,,,,,,,,,,,,,,,,,,,,,,,,,,,,,,,,,,,,,,,,,,,,,,,,,,,,,,,,Low-density lipoprotein receptor,10090.0,Mus musculus,,,,,,,,,,,,,,,,,,,,,,,,,,,,,,,,,,,,,,,,,,,,,
RESULT_DESCR,,,,,,,,Standardized activity type (e.g. IC50 rather than Ic-50/Ic50/ic50/ic-50),Additional comments,472527,,,,,,,,,,,,,,,,,,,,,,,,,,,,,,,,,,,,,,,,,,,,,,,,,,,,,,,,,,,,,,,,,,,,,,,,,,Low-density lipoprotein receptor,10090.0,Mus musculus,,,,,,,,,,,,,,,,,,,,,,,,,,,,,,,,,,,,,,,,,,,,,
RESULT_DESCR,,,,,,,,Standardized activity type (e.g. IC50 rather than Ic-50/Ic50/ic50/ic-50),Additional comments,472528,,,,,,,,,,,,,,,,,,,,,,,,,,,,,,,,,,,,,,,,,,,,,,,,,,,,,,,,,,,,,,,,,,,,,,,,,,Low-density lipoprotein receptor,10090.0,Mus musculus,,,,,,,,,,,,,,,,,,,,,,,,,,,,,,,,,,,,,,,,,,,,,
RESULT_DESCR,,,,,,,,Standardized activity type (e.g. IC50 rather than Ic-50/Ic50/ic50/ic-50),Additional comments,472529,,,,,,,,,,,,,,,,,,,,,,,,,,,,,,,,,,,,,,,,,,,,,,,,,,,,,,,,,,,,,,,,,,,,,,,,,,Low-density lipoprotein receptor,10090.0,Mus musculus,,,,,,,,,,,,,,,,,,,,,,,,,,,,,,,,,,,,,,,,,,,,,
RESULT_DESCR,,,,,,,,Standardized activity type (e.g. IC50 rather than Ic-50/Ic50/ic50/ic-50),Additional comments,472530,,,,,,,,,,,,,,,,,,,,,,,,,,,,,,,,,,,,,,,,,,,,,,,,,,,,,,,,,,,,,,,,,,,,,,,,,,Low-density lipoprotein receptor,10090.0,Mus musculus,,,,,,,,,,,,,,,,,,,,,,,,,,,,,,,,,,,,,,,,,,,,,
RESULT_DESCR,,,,,,,,Standardized activity type (e.g. IC50 rather than Ic-50/Ic50/ic50/ic-50),Additional comments,472531,,,,,,,,,,,,,,,,,,,,,,,,,,,,,,,,,,,,,,,,,,,,,,,,,,,,,,,,,,,,,,,,,,,,,,,,,,Low-density lipoprotein receptor,10090.0,Mus musculus,,,,,,,,,,,,,,,,,,,,,,,,,,,,,,,,,,,,,,,,,,,,,
RESULT_DESCR,,,,,,,,Standardized activity type (e.g. IC50 rather than Ic-50/Ic50/ic50/ic-50),Additional comments,472532,,,,,,,,,,,,,,,,,,,,,,,,,,,,,,,,,,,,,,,,,,,,,,,,,,,,,,,,,,,,,,,,,,,,,,,,,,Low-density lipoprotein receptor,10090.0,Mus musculus,,,,,,,,,,,,,,,,,,,,,,,,,,,,,,,,,,,,,,,,,,,,,
RESULT_DESCR,,,,,,,,Standardized activity type (e.g. IC50 rather than Ic-50/Ic50/ic50/ic-50),Additional comments,472533,,,,,,,,,,,,,,,,,,,,,,,,,,,,,,,,,,,,,,,,,,,,,,,,,,,,,,,,,,,,,,,,,,,,,,,,,,Low-density lipoprotein receptor,10090.0,Mus musculus,,,,,,,,,,,,,,,,,,,,,,,,,,,,,,,,,,,,,,,,,,,,,
RESULT_DESCR,,,,,,,,Standardized activity type (e.g. IC50 rather than Ic-50/Ic50/ic50/ic-50),Additional comments,472534,,,,,,,,,,,,,,,,,,,,,,,,,,,,,,,,,,,,,,,,,,,,,,,,,,,,,,,,,,,,,,,,,,,,,,,,,,Low-density lipoprotein receptor,10090.0,Mus musculus,,,,,,,,,,,,,,,,,,,,,,,,,,,,,,,,,,,,,,,,,,,,,
RESULT_DESCR,,,,,,,,Standardized activity type (e.g. IC50 rather than Ic-50/Ic50/ic50/ic-50),Additional comments,472535,,,,,,,,,,,,,,,,,,,,,,,,,,,,,,,,,,,,,,,,,,,,,,,,,,,,,,,,,,,,,,,,,,,,,,,,,,Low-density lipoprotein receptor,10090.0,Mus musculus,,,,,,,,,,,,,,,,,,,,,,,,,,,,,,,,,,,,,,,,,,,,,
RESULT_DESCR,,,,,,,,Standardized activity type (e.g. IC50 rather than Ic-50/Ic50/ic50/ic-50),Additional comments,472536,,,,,,,,,,,,,,,,,,,,,,,,,,,,,,,,,,,,,,,,,,,,,,,,,,,,,,,,,,,,,,,,,,,,,,,,,,Low-density lipoprotein receptor,10090.0,Mus musculus,,,,,,,,,,,,,,,,,,,,,,,,,,,,,,,,,,,,,,,,,,,,,
RESULT_DESCR,,,,,,,,Standardized activity type (e.g. IC50 rather than Ic-50/Ic50/ic50/ic-50),Additional comments,472537,,,,,,,,,,,,,,,,,,,,,,,,,,,,,,,,,,,,,,,,,,,,,,,,,,,,,,,,,,,,,,,,,,,,,,,,,,Low-density lipoprotein receptor,10090.0,Mus musculus,,,,,,,,,,,,,,,,,,,,,,,,,,,,,,,,,,,,,,,,,,,,,
RESULT_DESCR,,,,,,,,Standardized activity type (e.g. IC50 rather than Ic-50/Ic50/ic50/ic-50),Additional comments,472538,,,,,,,,,,,,,,,,,,,,,,,,,,,,,,,,,,,,,,,,,,,,,,,,,,,,,,,,,,,,,,,,,,,,,,,,,,Low-density lipoprotein receptor,10090.0,Mus musculus,,,,,,,,,,,,,,,,,,,,,,,,,,,,,,,,,,,,,,,,,,,,,
RESULT_DESCR,,,,,,,,Standardized activity type (e.g. IC50 rather than Ic-50/Ic50/ic50/ic-50),Additional comments,472539,,,,,,,,,,,,,,,,,,,,,,,,,,,,,,,,,,,,,,,,,,,,,,,,,,,,,,,,,,,,,,,,,,,,,,,,,,Low-density lipoprotein receptor,10090.0,Mus musculus,,,,,,,,,,,,,,,,,,,,,,,,,,,,,,,,,,,,,,,,,,,,,
RESULT_DESCR,,,,,,,,Standardized activity type (e.g. IC50 rather than Ic-50/Ic50/ic50/ic-50),Additional comments,472540,,,,,,,,,,,,,,,,,,,,,,,,,,,,,,,,,,,,,,,,,,,,,,,,,,,,,,,,,,,,,,,,,,,,,,,,,,Low-density lipoprotein receptor,10090.0,Mus musculus,,,,,,,,,,,,,,,,,,,,,,,,,,,,,,,,,,,,,,,,,,,,,
RESULT_DESCR,,,,,,,,Standardized activity type (e.g. IC50 rather than Ic-50/Ic50/ic50/ic-50),Additional comments,472541,,,,,,,,,,,,,,,,,,,,,,,,,,,,,,,,,,,,,,,,,,,,,,,,,,,,,,,,,,,,,,,,,,,,,,,,,,Low-density lipoprotein receptor,10090.0,Mus musculus,,,,,,,,,,,,,,,,,,,,,,,,,,,,,,,,,,,,,,,,,,,,,
RESULT_DESCR,,,,,,,,Standardized activity type (e.g. IC50 rather than Ic-50/Ic50/ic50/ic-50),Additional comments,472542,,,,,,,,,,,,,,,,,,,,,,,,,,,,,,,,,,,,,,,,,,,,,,,,,,,,,,,,,,,,,,,,,,,,,,,,,,Low-density lipoprotein receptor,10090.0,Mus musculus,,,,,,,,,,,,,,,,,,,,,,,,,,,,,,,,,,,,,,,,,,,,,
RESULT_DESCR,,,,,,,,Standardized activity type (e.g. IC50 rather than Ic-50/Ic50/ic50/ic-50),Additional comments,472543,,,,,,,,,,,,,,,,,,,,,,,,,,,,,,,,,,,,,,,,,,,,,,,,,,,,,,,,,,,,,,,,,,,,,,,,,,Low-density lipoprotein receptor,10090.0,Mus musculus,,,,,,,,,,,,,,,,,,,,,,,,,,,,,,,,,,,,,,,,,,,,,
RESULT_DESCR,,,,,,,,Standardized activity type (e.g. IC50 rather than Ic-50/Ic50/ic50/ic-50),Additional comments,472544,,,,,,,,,,,,,,,,,,,,,,,,,,,,,,,,,,,,,,,,,,,,,,,,,,,,,,,,,,,,,,,,,,,,,,,,,,Low-density lipoprotein receptor,10090.0,Mus musculus,,,,,,,,,,,,,,,,,,,,,,,,,,,,,,,,,,,,,,,,,,,,,
RESULT_DESCR,,,,,,,,Standardized activity type (e.g. IC50 rather than Ic-50/Ic50/ic50/ic-50),Additional comments,472545,,,,,,,,,,,,,,,,,,,,,,,,,,,,,,,,,,,,,,,,,,,,,,,,,,,,,,,,,,,,,,,,,,,,,,,,,,Low-density lipoprotein receptor,10090.0,Mus musculus,,,,,,,,,,,,,,,,,,,,,,,,,,,,,,,,,,,,,,,,,,,,,
RESULT_DESCR,,,,,,,,Standardized activity type (e.g. IC50 rather than Ic-50/Ic50/ic50/ic-50),Additional comments,472546,,,,,,,,,,,,,,,,,,,,,,,,,,,,,,,,,,,,,,,,,,,,,,,,,,,,,,,,,,,,,,,,,,,,,,,,,,Low-density lipoprotein receptor,10090.0,Mus musculus,,,,,,,,,,,,,,,,,,,,,,,,,,,,,,,,,,,,,,,,,,,,,
RESULT_DESCR,,,,,,,,Standardized activity type (e.g. IC50 rather than Ic-50/Ic50/ic50/ic-50),Additional comments,472547,,,,,,,,,,,,,,,,,,,,,,,,,,,,,,,,,,,,,,,,,,,,,,,,,,,,,,,,,,,,,,,,,,,,,,,,,,Low-density lipoprotein receptor,10090.0,Mus musculus,,,,,,,,,,,,,,,,,,,,,,,,,,,,,,,,,,,,,,,,,,,,,
RESULT_DESCR,,,,,,,,Standardized activity type (e.g. IC50 rather than Ic-50/Ic50/ic50/ic-50),Additional comments,472548,,,,,,,,,,,,,,,,,,,,,,,,,,,,,,,,,,,,,,,,,,,,,,,,,,,,,,,,,,,,,,,,,,,,,,,,,,Low-density lipoprotein receptor,10090.0,Mus musculus,,,,,,,,,,,,,,,,,,,,,,,,,,,,,,,,,,,,,,,,,,,,,
RESULT_DESCR,,,,,,,,Standardized activity type (e.g. IC50 rather than Ic-50/Ic50/ic50/ic-50),Additional comments,472549,,,,,,,,,,,,,,,,,,,,,,,,,,,,,,,,,,,,,,,,,,,,,,,,,,,,,,,,,,,,,,,,,,,,,,,,,,Low-density lipoprotein receptor,10090.0,Mus musculus,,,,,,,,,,,,,,,,,,,,,,,,,,,,,,,,,,,,,,,,,,,,,
RESULT_DESCR,,,,,,,,Standardized activity type (e.g. IC50 rather than Ic-50/Ic50/ic50/ic-50),Additional comments,472550,,,,,,,,,,,,,,,,,,,,,,,,,,,,,,,,,,,,,,,,,,,,,,,,,,,,,,,,,,,,,,,,,,,,,,,,,,Low-density lipoprotein receptor,10090.0,Mus musculus,,,,,,,,,,,,,,,,,,,,,,,,,,,,,,,,,,,,,,,,,,,,,
RESULT_DESCR,,,,,,,,Standardized activity type (e.g. IC50 rather than Ic-50/Ic50/ic50/ic-50),Additional comments,472551,,,,,,,,,,,,,,,,,,,,,,,,,,,,,,,,,,,,,,,,,,,,,,,,,,,,,,,,,,,,,,,,,,,,,,,,,,Low-density lipoprotein receptor,10090.0,Mus musculus,,,,,,,,,,,,,,,,,,,,,,,,,,,,,,,,,,,,,,,,,,,,,
RESULT_DESCR,,,,,,,,Standardized activity type (e.g. IC50 rather than Ic-50/Ic50/ic50/ic-50),Additional comments,472552,,,,,,,,,,,,,,,,,,,,,,,,,,,,,,,,,,,,,,,,,,,,,,,,,,,,,,,,,,,,,,,,,,,,,,,,,,Low-density lipoprotein receptor,10090.0,Mus musculus,,,,,,,,,,,,,,,,,,,,,,,,,,,,,,,,,,,,,,,,,,,,,
RESULT_DESCR,,,,,,,,Standardized activity type (e.g. IC50 rather than Ic-50/Ic50/ic50/ic-50),Additional comments,472553,,,,,,,,,,,,,,,,,,,,,,,,,,,,,,,,,,,,,,,,,,,,,,,,,,,,,,,,,,,,,,,,,,,,,,,,,,Low-density lipoprotein receptor,10090.0,Mus musculus,,,,,,,,,,,,,,,,,,,,,,,,,,,,,,,,,,,,,,,,,,,,,
RESULT_DESCR,,,,,,,,Standardized activity type (e.g. IC50 rather than Ic-50/Ic50/ic50/ic-50),Additional comments,472554,,,,,,,,,,,,,,,,,,,,,,,,,,,,,,,,,,,,,,,,,,,,,,,,,,,,,,,,,,,,,,,,,,,,,,,,,,Low-density lipoprotein receptor,10090.0,Mus musculus,,,,,,,,,,,,,,,,,,,,,,,,,,,,,,,,,,,,,,,,,,,,,
RESULT_DESCR,,,,,,,,Standardized activity type (e.g. IC50 rather than Ic-50/Ic50/ic50/ic-50),Additional comments,472555,,,,,,,,,,,,,,,,,,,,,,,,,,,,,,,,,,,,,,,,,,,,,,,,,,,,,,,,,,,,,,,,,,,,,,,,,,Low-density lipoprotein receptor,10090.0,Mus musculus,,,,,,,,,,,,,,,,,,,,,,,,,,,,,,,,,,,,,,,,,,,,,
RESULT_DESCR,,,,,,,,Standardized activity type (e.g. IC50 rather than Ic-50/Ic50/ic50/ic-50),Additional comments,472556,,,,,,,,,,,,,,,,,,,,,,,,,,,,,,,,,,,,,,,,,,,,,,,,,,,,,,,,,,,,,,,,,,,,,,,,,,Low-density lipoprotein receptor,10090.0,Mus musculus,,,,,,,,,,,,,,,,,,,,,,,,,,,,,,,,,,,,,,,,,,,,,
RESULT_DESCR,,,,,,,,Standardized activity type (e.g. IC50 rather than Ic-50/Ic50/ic50/ic-50),Additional comments,472557,,,,,,,,,,,,,,,,,,,,,,,,,,,,,,,,,,,,,,,,,,,,,,,,,,,,,,,,,,,,,,,,,,,,,,,,,,Low-density lipoprotein receptor,10090.0,Mus musculus,,,,,,,,,,,,,,,,,,,,,,,,,,,,,,,,,,,,,,,,,,,,,
RESULT_DESCR,,,,,,,,Standardized activity type (e.g. IC50 rather than Ic-50/Ic50/ic50/ic-50),Additional comments,472558,,,,,,,,,,,,,,,,,,,,,,,,,,,,,,,,,,,,,,,,,,,,,,,,,,,,,,,,,,,,,,,,,,,,,,,,,,Low-density lipoprotein receptor,10090.0,Mus musculus,,,,,,,,,,,,,,,,,,,,,,,,,,,,,,,,,,,,,,,,,,,,,
RESULT_DESCR,,,,,,,,Standardized activity type (e.g. IC50 rather than Ic-50/Ic50/ic50/ic-50),Additional comments,472559,,"Qualifier (e.g. >, <, =) for 'Standard Value'",Standardized activity value transformed to common units: e.g. mM concentrations converted to nM,,,,,,,,,,,,,,,,,,,,,,,,,,,,,,,,,,,,,,,,,,,,,,,,,,,,,,,,,,,,,,,,,,,,,,,Low-density lipoprotein receptor,10090.0,Mus musculus,,,,,,,,,,,,,,,,,,,,,,,,,,,,,,,,,,,,,,,,,,,,,
RESULT_DESCR,,,,,,,,Standardized activity type (e.g. IC50 rather than Ic-50/Ic50/ic50/ic-50),Additional comments,472560,,,,,,,,,,,,,,,,,,,,,,,,,,,,,,,,,,,,,,,,,,,,,,,,,,,,,,,,,,,,,,,,,,,,,,,,,,Low-density lipoprotein receptor,10090.0,Mus musculus,,,,,,,,,,,,,,,,,,,,,,,,,,,,,,,,,,,,,,,,,,,,,
RESULT_DESCR,,,,,,,,Standardized activity type (e.g. IC50 rather than Ic-50/Ic50/ic50/ic-50),Additional comments,472561,,,,,,,,,,,,,,,,,,,,,,,,,,,,,,,,,,,,,,,,,,,,,,,,,,,,,,,,,,,,,,,,,,,,,,,,,,Low-density lipoprotein receptor,10090.0,Mus musculus,,,,,,,,,,,,,,,,,,,,,,,,,,,,,,,,,,,,,,,,,,,,,
RESULT_DESCR,,,,,,,,Standardized activity type (e.g. IC50 rather than Ic-50/Ic50/ic50/ic-50),Additional comments,472562,,,,,,,,,,,,,,,,,,,,,,,,,,,,,,,,,,,,,,,,,,,,,,,,,,,,,,,,,,,,,,,,,,,,,,,,,,Low-density lipoprotein receptor,10090.0,Mus musculus,,,,,,,,,,,,,,,,,,,,,,,,,,,,,,,,,,,,,,,,,,,,,
RESULT_DESCR,,,,,,,,Standardized activity type (e.g. IC50 rather than Ic-50/Ic50/ic50/ic-50),Additional comments,472563,,,,,,,,,,,,,,,,,,,,,,,,,,,,,,,,,,,,,,,,,,,,,,,,,,,,,,,,,,,,,,,,,,,,,,,,,,Low-density lipoprotein receptor,10090.0,Mus musculus,,,,,,,,,,,,,,,,,,,,,,,,,,,,,,,,,,,,,,,,,,,,,
RESULT_DESCR,,,,,,,,Standardized activity type (e.g. IC50 rather than Ic-50/Ic50/ic50/ic-50),Additional comments,472564,,,,,,,,,,,,,,,,,,,,,,,,,,,,,,,,,,,,,,,,,,,,,,,,,,,,,,,,,,,,,,,,,,,,,,,,,,Low-density lipoprotein receptor,10090.0,Mus musculus,,,,,,,,,,,,,,,,,,,,,,,,,,,,,,,,,,,,,,,,,,,,,
RESULT_DESCR,,,,,,,,Standardized activity type (e.g. IC50 rather than Ic-50/Ic50/ic50/ic-50),Additional comments,472565,,,,,,,,,,,,,,,,,,,,,,,,,,,,,,,,,,,,,,,,,,,,,,,,,,,,,,,,,,,,,,,,,,,,,,,,,,Low-density lipoprotein receptor,10090.0,Mus musculus,,,,,,,,,,,,,,,,,,,,,,,,,,,,,,,,,,,,,,,,,,,,,
RESULT_DESCR,,,,,,,,Standardized activity type (e.g. IC50 rather than Ic-50/Ic50/ic50/ic-50),Additional comments,472574,,,,,,,,,,,,,,,,,,,,,,,,,,,,,,,,,,,,,,,,,,,,,,,,,,,,,,,,,,,,,,,,,,,,,,,,,,Low-density lipoprotein receptor,10090.0,Mus musculus,,,,,,,,,,,,,,,,,,,,,,,,,,,,,,,,,,,,,,,,,,,,,
RESULT_DESCR,,,,,,,,Standardized activity type (e.g. IC50 rather than Ic-50/Ic50/ic50/ic-50),Additional comments,472567,,,,,,,,,,,,,,,,,,,,,,,,,,,,,,,,,,,,,,,,,,,,,,,,,,,,,,,,,,,,,,,,,,,,,,,,,,Low-density lipoprotein receptor,10090.0,Mus musculus,,,,,,,,,,,,,,,,,,,,,,,,,,,,,,,,,,,,,,,,,,,,,
RESULT_DESCR,,,,,,,,Standardized activity type (e.g. IC50 rather than Ic-50/Ic50/ic50/ic-50),Additional comments,472576,,,,,,,,,,,,,,,,,,,,,,,,,,,,,,,,,,,,,,,,,,,,,,,,,,,,,,,,,,,,,,,,,,,,,,,,,,Low-density lipoprotein receptor,10090.0,Mus musculus,,,,,,,,,,,,,,,,,,,,,,,,,,,,,,,,,,,,,,,,,,,,,
RESULT_DESCR,,,,,,,,Standardized activity type (e.g. IC50 rather than Ic-50/Ic50/ic50/ic-50),Additional comments,472568,,,,,,,,,,,,,,,,,,,,,,,,,,,,,,,,,,,,,,,,,,,,,,,,,,,,,,,,,,,,,,,,,,,,,,,,,,Low-density lipoprotein receptor,10090.0,Mus musculus,,,,,,,,,,,,,,,,,,,,,,,,,,,,,,,,,,,,,,,,,,,,,
RESULT_DESCR,,,,,,,,Standardized activity type (e.g. IC50 rather than Ic-50/Ic50/ic50/ic-50),Additional comments,472569,,,,,,,,,,,,,,,,,,,,,,,,,,,,,,,,,,,,,,,,,,,,,,,,,,,,,,,,,,,,,,,,,,,,,,,,,,Low-density lipoprotein receptor,10090.0,Mus musculus,,,,,,,,,,,,,,,,,,,,,,,,,,,,,,,,,,,,,,,,,,,,,
RESULT_DESCR,,,,,,,,Standardized activity type (e.g. IC50 rather than Ic-50/Ic50/ic50/ic-50),Additional comments,472572,,,,,,,,,,,,,,,,,,,,,,,,,,,,,,,,,,,,,,,,,,,,,,,,,,,,,,,,,,,,,,,,,,,,,,,,,,Low-density lipoprotein receptor,10090.0,Mus musculus,,,,,,,,,,,,,,,,,,,,,,,,,,,,,,,,,,,,,,,,,,,,,
RESULT_DESCR,,,,,,,,Standardized activity type (e.g. IC50 rather than Ic-50/Ic50/ic50/ic-50),Additional comments,472573,,,,,,,,,,,,,,,,,,,,,,,,,,,,,,,,,,,,,,,,,,,,,,,,,,,,,,,,,,,,,,,,,,,,,,,,,,Low-density lipoprotein receptor,10090.0,Mus musculus,,,,,,,,,,,,,,,,,,,,,,,,,,,,,,,,,,,,,,,,,,,,,
RESULT_DESCR,,,,,,,,Standardized activity type (e.g. IC50 rather than Ic-50/Ic50/ic50/ic-50),Additional comments,472575,,,,,,,,,,,,,,,,,,,,,,,,,,,,,,,,,,,,,,,,,,,,,,,,,,,,,,,,,,,,,,,,,,,,,,,,,,Low-density lipoprotein receptor,10090.0,Mus musculus,,,,,,,,,,,,,,,,,,,,,,,,,,,,,,,,,,,,,,,,,,,,,
RESULT_DESCR,,,,,,,,Standardized activity type (e.g. IC50 rather than Ic-50/Ic50/ic50/ic-50),Additional comments,472577,,,,,,,,,,,,,,,,,,,,,,,,,,,,,,,,,,,,,,,,,,,,,,,,,,,,,,,,,,,,,,,,,,,,,,,,,,Low-density lipoprotein receptor,10090.0,Mus musculus,,,,,,,,,,,,,,,,,,,,,,,,,,,,,,,,,,,,,,,,,,,,,
RESULT_DESCR,,,,,,,,Standardized activity type (e.g. IC50 rather than Ic-50/Ic50/ic50/ic-50),Additional comments,472578,,,,,,,,,,,,,,,,,,,,,,,,,,,,,,,,,,,,,,,,,,,,,,,,,,,,,,,,,,,,,,,,,,,,,,,,,,Low-density lipoprotein receptor,10090.0,Mus musculus,,,,,,,,,,,,,,,,,,,,,,,,,,,,,,,,,,,,,,,,,,,,,
RESULT_DESCR,,,,,,,,Standardized activity type (e.g. IC50 rather than Ic-50/Ic50/ic50/ic-50),Additional comments,472579,,,,,,,,,,,,,,,,,,,,,,,,,,,,,,,,,,,,,,,,,,,,,,,,,,,,,,,,,,,,,,,,,,,,,,,,,,Low-density lipoprotein receptor,10090.0,Mus musculus,,,,,,,,,,,,,,,,,,,,,,,,,,,,,,,,,,,,,,,,,,,,,
RESULT_DESCR,,,,,,,,Standardized activity type (e.g. IC50 rather than Ic-50/Ic50/ic50/ic-50),Additional comments,472580,,,,,,,,,,,,,,,,,,,,,,,,,,,,,,,,,,,,,,,,,,,,,,,,,,,,,,,,,,,,,,,,,,,,,,,,,,Low-density lipoprotein receptor,10090.0,Mus musculus,,,,,,,,,,,,,,,,,,,,,,,,,,,,,,,,,,,,,,,,,,,,,
RESULT_DESCR,,,,,,,,Standardized activity type (e.g. IC50 rather than Ic-50/Ic50/ic50/ic-50),Additional comments,472581,,,,,,,,,,,,,,,,,,,,,,,,,,,,,,,,,,,,,,,,,,,,,,,,,,,,,,,,,,,,,,,,,,,,,,,,,,Low-density lipoprotein receptor,10090.0,Mus musculus,,,,,,,,,,,,,,,,,,,,,,,,,,,,,,,,,,,,,,,,,,,,,
RESULT_DESCR,,,,,,,,Standardized activity type (e.g. IC50 rather than Ic-50/Ic50/ic50/ic-50),Additional comments,472582,,,,,,,,,,,,,,,,,,,,,,,,,,,,,,,,,,,,,,,,,,,,,,,,,,,,,,,,,,,,,,,,,,,,,,,,,,Low-density lipoprotein receptor,10090.0,Mus musculus,,,,,,,,,,,,,,,,,,,,,,,,,,,,,,,,,,,,,,,,,,,,,
RESULT_DESCR,,,,,,,,Standardized activity type (e.g. IC50 rather than Ic-50/Ic50/ic50/ic-50),Additional comments,472583,,,,,,,,,,,,,,,,,,,,,,,,,,,,,,,,,,,,,,,,,,,,,,,,,,,,,,,,,,,,,,,,,,,,,,,,,,Low-density lipoprotein receptor,10090.0,Mus musculus,,,,,,,,,,,,,,,,,,,,,,,,,,,,,,,,,,,,,,,,,,,,,
RESULT_DESCR,,,,,,,,Standardized activity type (e.g. IC50 rather than Ic-50/Ic50/ic50/ic-50),Additional comments,472584,,,,,,,,,,,,,,,,,,,,,,,,,,,,,,,,,,,,,,,,,,,,,,,,,,,,,,,,,,,,,,,,,,,,,,,,,,Low-density lipoprotein receptor,10090.0,Mus musculus,,,,,,,,,,,,,,,,,,,,,,,,,,,,,,,,,,,,,,,,,,,,,
RESULT_DESCR,,,,,,,,Standardized activity type (e.g. IC50 rather than Ic-50/Ic50/ic50/ic-50),Additional comments,472585,,,,,,,,,,,,,,,,,,,,,,,,,,,,,,,,,,,,,,,,,,,,,,,,,,,,,,,,,,,,,,,,,,,,,,,,,,Low-density lipoprotein receptor,10090.0,Mus musculus,,,,,,,,,,,,,,,,,,,,,,,,,,,,,,,,,,,,,,,,,,,,,
RESULT_DESCR,,,,,,,,Standardized activity type (e.g. IC50 rather than Ic-50/Ic50/ic50/ic-50),Additional comments,472587,,,,,,,,,,,,,,,,,,,,,,,,,,,,,,,,,,,,,,,,,,,,,,,,,,,,,,,,,,,,,,,,,,,,,,,,,,Low-density lipoprotein receptor,10090.0,Mus musculus,,,,,,,,,,,,,,,,,,,,,,,,,,,,,,,,,,,,,,,,,,,,,
RESULT_DESCR,,,,,,,,Standardized activity type (e.g. IC50 rather than Ic-50/Ic50/ic50/ic-50),Additional comments,472588,,,,,,,,,,,,,,,,,,,,,,,,,,,,,,,,,,,,,,,,,,,,,,,,,,,,,,,,,,,,,,,,,,,,,,,,,,Low-density lipoprotein receptor,10090.0,Mus musculus,,,,,,,,,,,,,,,,,,,,,,,,,,,,,,,,,,,,,,,,,,,,,
RESULT_DESCR,,,,,,,,Standardized activity type (e.g. IC50 rather than Ic-50/Ic50/ic50/ic-50),Additional comments,472589,,,,,,,,,,,,,,,,,,,,,,,,,,,,,,,,,,,,,,,,,,,,,,,,,,,,,,,,,,,,,,,,,,,,,,,,,,Low-density lipoprotein receptor,10090.0,Mus musculus,,,,,,,,,,,,,,,,,,,,,,,,,,,,,,,,,,,,,,,,,,,,,
RESULT_DESCR,,,,,,,,Standardized activity type (e.g. IC50 rather than Ic-50/Ic50/ic50/ic-50),Additional comments,472590,,,,,,,,,,,,,,,,,,,,,,,,,,,,,,,,,,,,,,,,,,,,,,,,,,,,,,,,,,,,,,,,,,,,,,,,,,Low-density lipoprotein receptor,10090.0,Mus musculus,,,,,,,,,,,,,,,,,,,,,,,,,,,,,,,,,,,,,,,,,,,,,
RESULT_DESCR,,,,,,,,Standardized activity type (e.g. IC50 rather than Ic-50/Ic50/ic50/ic-50),Additional comments,472591,,,,,,,,,,,,,,,,,,,,,,,,,,,,,,,,,,,,,,,,,,,,,,,,,,,,,,,,,,,,,,,,,,,,,,,,,,Low-density lipoprotein receptor,10090.0,Mus musculus,,,,,,,,,,,,,,,,,,,,,,,,,,,,,,,,,,,,,,,,,,,,,
RESULT_DESCR,,,,,,,,Standardized activity type (e.g. IC50 rather than Ic-50/Ic50/ic50/ic-50),Additional comments,472592,,,,,,,,,,,,,,,,,,,,,,,,,,,,,,,,,,,,,,,,,,,,,,,,,,,,,,,,,,,,,,,,,,,,,,,,,,Low-density lipoprotein receptor,10090.0,Mus musculus,,,,,,,,,,,,,,,,,,,,,,,,,,,,,,,,,,,,,,,,,,,,,
RESULT_DESCR,,,,,,,,Standardized activity type (e.g. IC50 rather than Ic-50/Ic50/ic50/ic-50),Additional comments,472593,,,,,,,,,,,,,,,,,,,,,,,,,,,,,,,,,,,,,,,,,,,,,,,,,,,,,,,,,,,,,,,,,,,,,,,,,,Low-density lipoprotein receptor,10090.0,Mus musculus,,,,,,,,,,,,,,,,,,,,,,,,,,,,,,,,,,,,,,,,,,,,,
RESULT_DESCR,,,,,,,,Standardized activity type (e.g. IC50 rather than Ic-50/Ic50/ic50/ic-50),Additional comments,472594,,,,,,,,,,,,,,,,,,,,,,,,,,,,,,,,,,,,,,,,,,,,,,,,,,,,,,,,,,,,,,,,,,,,,,,,,,Low-density lipoprotein receptor,10090.0,Mus musculus,,,,,,,,,,,,,,,,,,,,,,,,,,,,,,,,,,,,,,,,,,,,,
RESULT_DESCR,,,,,,,,Standardized activity type (e.g. IC50 rather than Ic-50/Ic50/ic50/ic-50),Additional comments,472595,,,,,,,,,,,,,,,,,,,,,,,,,,,,,,,,,,,,,,,,,,,,,,,,,,,,,,,,,,,,,,,,,,,,,,,,,,Low-density lipoprotein receptor,10090.0,Mus musculus,,,,,,,,,,,,,,,,,,,,,,,,,,,,,,,,,,,,,,,,,,,,,
RESULT_DESCR,,,,,,,,Standardized activity type (e.g. IC50 rather than Ic-50/Ic50/ic50/ic-50),Additional comments,472596,,,,,,,,,,,,,,,,,,,,,,,,,,,,,,,,,,,,,,,,,,,,,,,,,,,,,,,,,,,,,,,,,,,,,,,,,,Low-density lipoprotein receptor,10090.0,Mus musculus,,,,,,,,,,,,,,,,,,,,,,,,,,,,,,,,,,,,,,,,,,,,,
RESULT_DESCR,,,,,,,,Standardized activity type (e.g. IC50 rather than Ic-50/Ic50/ic50/ic-50),Additional comments,472597,,,,,,,,,,,,,,,,,,,,,,,,,,,,,,,,,,,,,,,,,,,,,,,,,,,,,,,,,,,,,,,,,,,,,,,,,,Low-density lipoprotein receptor,10090.0,Mus musculus,,,,,,,,,,,,,,,,,,,,,,,,,,,,,,,,,,,,,,,,,,,,,
RESULT_DESCR,,,,,,,,Standardized activity type (e.g. IC50 rather than Ic-50/Ic50/ic50/ic-50),Additional comments,472598,,,,,,,,,,,,,,,,,,,,,,,,,,,,,,,,,,,,,,,,,,,,,,,,,,,,,,,,,,,,,,,,,,,,,,,,,,Low-density lipoprotein receptor,10090.0,Mus musculus,,,,,,,,,,,,,,,,,,,,,,,,,,,,,,,,,,,,,,,,,,,,,
RESULT_DESCR,,,,,,,,Standardized activity type (e.g. IC50 rather than Ic-50/Ic50/ic50/ic-50),Additional comments,472599,,,,,,,,,,,,,,,,,,,,,,,,,,,,,,,,,,,,,,,,,,,,,,,,,,,,,,,,,,,,,,,,,,,,,,,,,,Low-density lipoprotein receptor,10090.0,Mus musculus,,,,,,,,,,,,,,,,,,,,,,,,,,,,,,,,,,,,,,,,,,,,,
RESULT_DESCR,,,,,,,,Standardized activity type (e.g. IC50 rather than Ic-50/Ic50/ic50/ic-50),Additional comments,472600,,,,,,,,,,,,,,,,,,,,,,,,,,,,,,,,,,,,,,,,,,,,,,,,,,,,,,,,,,,,,,,,,,,,,,,,,,Low-density lipoprotein receptor,10090.0,Mus musculus,,,,,,,,,,,,,,,,,,,,,,,,,,,,,,,,,,,,,,,,,,,,,
RESULT_DESCR,,,,,,,,Standardized activity type (e.g. IC50 rather than Ic-50/Ic50/ic50/ic-50),Additional comments,472601,,,,,,,,,,,,,,,,,,,,,,,,,,,,,,,,,,,,,,,,,,,,,,,,,,,,,,,,,,,,,,,,,,,,,,,,,,Low-density lipoprotein receptor,10090.0,Mus musculus,,,,,,,,,,,,,,,,,,,,,,,,,,,,,,,,,,,,,,,,,,,,,
RESULT_DESCR,,,,,,,,Standardized activity type (e.g. IC50 rather than Ic-50/Ic50/ic50/ic-50),Additional comments,472602,,,,,,,,,,,,,,,,,,,,,,,,,,,,,,,,,,,,,,,,,,,,,,,,,,,,,,,,,,,,,,,,,,,,,,,,,,Low-density lipoprotein receptor,10090.0,Mus musculus,,,,,,,,,,,,,,,,,,,,,,,,,,,,,,,,,,,,,,,,,,,,,
RESULT_DESCR,,,,,,,,Standardized activity type (e.g. IC50 rather than Ic-50/Ic50/ic50/ic-50),Additional comments,472603,,,,,,,,,,,,,,,,,,,,,,,,,,,,,,,,,,,,,,,,,,,,,,,,,,,,,,,,,,,,,,,,,,,,,,,,,,Low-density lipoprotein receptor,10090.0,Mus musculus,,,,,,,,,,,,,,,,,,,,,,,,,,,,,,,,,,,,,,,,,,,,,
RESULT_DESCR,,,,,,,,Standardized activity type (e.g. IC50 rather than Ic-50/Ic50/ic50/ic-50),Additional comments,472604,,,,,,,,,,,,,,,,,,,,,,,,,,,,,,,,,,,,,,,,,,,,,,,,,,,,,,,,,,,,,,,,,,,,,,,,,,Low-density lipoprotein receptor,10090.0,Mus musculus,,,,,,,,,,,,,,,,,,,,,,,,,,,,,,,,,,,,,,,,,,,,,
RESULT_DESCR,,,,,,,,Standardized activity type (e.g. IC50 rather than Ic-50/Ic50/ic50/ic-50),Additional comments,472605,,,,,,,,,,,,,,,,,,,,,,,,,,,,,,,,,,,,,,,,,,,,,,,,,,,,,,,,,,,,,,,,,,,,,,,,,,Low-density lipoprotein receptor,10090.0,Mus musculus,,,,,,,,,,,,,,,,,,,,,,,,,,,,,,,,,,,,,,,,,,,,,
RESULT_DESCR,,,,,,,,Standardized activity type (e.g. IC50 rather than Ic-50/Ic50/ic50/ic-50),Additional comments,472606,,,,,,,,,,,,,,,,,,,,,,,,,,,,,,,,,,,,,,,,,,,,,,,,,,,,,,,,,,,,,,,,,,,,,,,,,,Low-density lipoprotein receptor,10090.0,Mus musculus,,,,,,,,,,,,,,,,,,,,,,,,,,,,,,,,,,,,,,,,,,,,,
RESULT_DESCR,,,,,,,,Standardized activity type (e.g. IC50 rather than Ic-50/Ic50/ic50/ic-50),Additional comments,472614,,,,,,,,,,,,,,,,,,,,,,,,,,,,,,,,,,,,,,,,,,,,,,,,,,,,,,,,,,,,,,,,,,,,,,,,,,Low-density lipoprotein receptor,10090.0,Mus musculus,,,,,,,,,,,,,,,,,,,,,,,,,,,,,,,,,,,,,,,,,,,,,
RESULT_DESCR,,,,,,,,Standardized activity type (e.g. IC50 rather than Ic-50/Ic50/ic50/ic-50),,345498,,"Qualifier (e.g. >, <, =) for 'Standard Value'",Standardized activity value transformed to common units: e.g. mM concentrations converted to nM,Selected units for 'Standard Type': e.g. concentrations are in nM,,,,,,,,,,,,,,,,,,,,,,,,,,,,,,,,,,,,,,,,,,,,,,,,,,,,,,,,,,,,,,,,,,,,,,Low-density lipoprotein receptor,10090.0,Mus musculus,,,,,,,,,,,,,,,,,,,,,,,,,,,,,,,,,,,,,,,,,,,,,
RESULT_DESCR,,,,,,,,Standardized activity type (e.g. IC50 rather than Ic-50/Ic50/ic50/ic-50),,345499,,"Qualifier (e.g. >, <, =) for 'Standard Value'",Standardized activity value transformed to common units: e.g. mM concentrations converted to nM,Selected units for 'Standard Type': e.g. concentrations are in nM,,,,,,,,,,,,,,,,,,,,,,,,,,,,,,,,,,,,,,,,,,,,,,,,,,,,,,,,,,,,,,,,,,,,,,Low-density lipoprotein receptor,10090.0,Mus musculus,,,,,,,,,,,,,,,,,,,,,,,,,,,,,,,,,,,,,,,,,,,,,
RESULT_DESCR,,,,,,,,Standardized activity type (e.g. IC50 rather than Ic-50/Ic50/ic50/ic-50),,345500,,"Qualifier (e.g. >, <, =) for 'Standard Value'",Standardized activity value transformed to common units: e.g. mM concentrations converted to nM,Selected units for 'Standard Type': e.g. concentrations are in nM,,,,,,,,,,,,,,,,,,,,,,,,,,,,,,,,,,,,,,,,,,,,,,,,,,,,,,,,,,,,,,,,,,,,,,Low-density lipoprotein receptor,10090.0,Mus musculus,,,,,,,,,,,,,,,,,,,,,,,,,,,,,,,,,,,,,,,,,,,,,
RESULT_DESCR,,,,,,,,Standardized activity type (e.g. IC50 rather than Ic-50/Ic50/ic50/ic-50),,345501,,"Qualifier (e.g. >, <, =) for 'Standard Value'",Standardized activity value transformed to common units: e.g. mM concentrations converted to nM,Selected units for 'Standard Type': e.g. concentrations are in nM,,,,,,,,,,,,,,,,,,,,,,,,,,,,,,,,,,,,,,,,,,,,,,,,,,,,,,,,,,,,,,,,,,,,,,Low-density lipoprotein receptor,10090.0,Mus musculus,,,,,,,,,,,,,,,,,,,,,,,,,,,,,,,,,,,,,,,,,,,,,
RESULT_DESCR,,,,,,,,Standardized activity type (e.g. IC50 rather than Ic-50/Ic50/ic50/ic-50),,345503,,"Qualifier (e.g. >, <, =) for 'Standard Value'",Standardized activity value transformed to common units: e.g. mM concentrations converted to nM,Selected units for 'Standard Type': e.g. concentrations are in nM,,,,,,,,,,,,,,,,,,,,,,,,,,,,,,,,,,,,,,,,,,,,,,,,,,,,,,,,,,,,,,,,,,,,,,Low-density lipoprotein receptor,10090.0,Mus musculus,,,,,,,,,,,,,,,,,,,,,,,,,,,,,,,,,,,,,,,,,,,,,
RESULT_DESCR,,,,,,,,Standardized activity type (e.g. IC50 rather than Ic-50/Ic50/ic50/ic-50),,345502,,"Qualifier (e.g. >, <, =) for 'Standard Value'",Standardized activity value transformed to common units: e.g. mM concentrations converted to nM,Selected units for 'Standard Type': e.g. concentrations are in nM,,,,,,,,,,,,,,,,,,,,,,,,,,,,,,,,,,,,,,,,,,,,,,,,,,,,,,,,,,,,,,,,,,,,,,Low-density lipoprotein receptor,10090.0,Mus musculus,,,,,,,,,,,,,,,,,,,,,,,,,,,,,,,,,,,,,,,,,,,,,
RESULT_DESCR,,,,,,,,Standardized activity type (e.g. IC50 rather than Ic-50/Ic50/ic50/ic-50),,345505,,"Qualifier (e.g. >, <, =) for 'Standard Value'",Standardized activity value transformed to common units: e.g. mM concentrations converted to nM,Selected units for 'Standard Type': e.g. concentrations are in nM,,,,,,,,,,,,,,,,,,,,,,,,,,,,,,,,,,,,,,,,,,,,,,,,,,,,,,,,,,,,,,,,,,,,,,Low-density lipoprotein receptor,10090.0,Mus musculus,,,,,,,,,,,,,,,,,,,,,,,,,,,,,,,,,,,,,,,,,,,,,
RESULT_DESCR,,,,,,,,Standardized activity type (e.g. IC50 rather than Ic-50/Ic50/ic50/ic-50),Additional comments,345506,,,,,,,,,,,,,,,,,,,,,,,,,,,,,,,,,,,,,,,,,,,,,,,,,,,,,,,,,,,,,,,,,,,,,,,,,,Low-density lipoprotein receptor,10090.0,Mus musculus,,,,,,,,,,,,,,,,,,,,,,,,,,,,,,,,,,,,,,,,,,,,,
RESULT_DESCR,,,,,,,,Standardized activity type (e.g. IC50 rather than Ic-50/Ic50/ic50/ic-50),,345507,,"Qualifier (e.g. >, <, =) for 'Standard Value'",Standardized activity value transformed to common units: e.g. mM concentrations converted to nM,Selected units for 'Standard Type': e.g. concentrations are in nM,,,,,,,,,,,,,,,,,,,,,,,,,,,,,,,,,,,,,,,,,,,,,,,,,,,,,,,,,,,,,,,,,,,,,,Low-density lipoprotein receptor,10090.0,Mus musculus,,,,,,,,,,,,,,,,,,,,,,,,,,,,,,,,,,,,,,,,,,,,,
RESULT_DESCR,,,,,,,,Standardized activity type (e.g. IC50 rather than Ic-50/Ic50/ic50/ic-50),,345508,,"Qualifier (e.g. >, <, =) for 'Standard Value'",Standardized activity value transformed to common units: e.g. mM concentrations converted to nM,Selected units for 'Standard Type': e.g. concentrations are in nM,,,,,,,,,,,,,,,,,,,,,,,,,,,,,,,,,,,,,,,,,,,,,,,,,,,,,,,,,,,,,,,,,,,,,,Low-density lipoprotein receptor,10090.0,Mus musculus,,,,,,,,,,,,,,,,,,,,,,,,,,,,,,,,,,,,,,,,,,,,,
RESULT_DESCR,,,,,,,,Standardized activity type (e.g. IC50 rather than Ic-50/Ic50/ic50/ic-50),Additional comments,345509,,,,,,,,,,,,,,,,,,,,,,,,,,,,,,,,,,,,,,,,,,,,,,,,,,,,,,,,,,,,,,,,,,,,,,,,,,Low-density lipoprotein receptor,10090.0,Mus musculus,,,,,,,,,,,,,,,,,,,,,,,,,,,,,,,,,,,,,,,,,,,,,
RESULT_DESCR,,,,,,,,Standardized activity type (e.g. IC50 rather than Ic-50/Ic50/ic50/ic-50),,345510,,"Qualifier (e.g. >, <, =) for 'Standard Value'",Standardized activity value transformed to common units: e.g. mM concentrations converted to nM,Selected units for 'Standard Type': e.g. concentrations are in nM,,,,,,,,,,,,,,,,,,,,,,,,,,,,,,,,,,,,,,,,,,,,,,,,,,,,,,,,,,,,,,,,,,,,,,Low-density lipoprotein receptor,10090.0,Mus musculus,,,,,,,,,,,,,,,,,,,,,,,,,,,,,,,,,,,,,,,,,,,,,
RESULT_DESCR,,,,,,,,Standardized activity type (e.g. IC50 rather than Ic-50/Ic50/ic50/ic-50),Additional comments,345515,,,,,,,,,,,,,,,,,,,,,,,,,,,,,,,,,,,,,,,,,,,,,,,,,,,,,,,,,,,,,,,,,,,,,,,,,,Low-density lipoprotein receptor,10090.0,Mus musculus,,,,,,,,,,,,,,,,,,,,,,,,,,,,,,,,,,,,,,,,,,,,,
RESULT_DESCR,,,,,,,,Standardized activity type (e.g. IC50 rather than Ic-50/Ic50/ic50/ic-50),Additional comments,345516,,,,,,,,,,,,,,,,,,,,,,,,,,,,,,,,,,,,,,,,,,,,,,,,,,,,,,,,,,,,,,,,,,,,,,,,,,Low-density lipoprotein receptor,10090.0,Mus musculus,,,,,,,,,,,,,,,,,,,,,,,,,,,,,,,,,,,,,,,,,,,,,
RESULT_DESCR,,,,,,,,Standardized activity type (e.g. IC50 rather than Ic-50/Ic50/ic50/ic-50),Additional comments,345517,,,,,,,,,,,,,,,,,,,,,,,,,,,,,,,,,,,,,,,,,,,,,,,,,,,,,,,,,,,,,,,,,,,,,,,,,,Low-density lipoprotein receptor,10090.0,Mus musculus,,,,,,,,,,,,,,,,,,,,,,,,,,,,,,,,,,,,,,,,,,,,,
RESULT_DESCR,,,,,,,,Standardized activity type (e.g. IC50 rather than Ic-50/Ic50/ic50/ic-50),Additional comments,345518,,,,,,,,,,,,,,,,,,,,,,,,,,,,,,,,,,,,,,,,,,,,,,,,,,,,,,,,,,,,,,,,,,,,,,,,,,Low-density lipoprotein receptor,10090.0,Mus musculus,,,,,,,,,,,,,,,,,,,,,,,,,,,,,,,,,,,,,,,,,,,,,
RESULT_DESCR,,,,,,,,Standardized activity type (e.g. IC50 rather than Ic-50/Ic50/ic50/ic-50),Additional comments,345519,,,,,,,,,,,,,,,,,,,,,,,,,,,,,,,,,,,,,,,,,,,,,,,,,,,,,,,,,,,,,,,,,,,,,,,,,,Low-density lipoprotein receptor,10090.0,Mus musculus,,,,,,,,,,,,,,,,,,,,,,,,,,,,,,,,,,,,,,,,,,,,,
RESULT_DESCR,,,,,,,,Standardized activity type (e.g. IC50 rather than Ic-50/Ic50/ic50/ic-50),Additional comments,345520,,,,,,,,,,,,,,,,,,,,,,,,,,,,,,,,,,,,,,,,,,,,,,,,,,,,,,,,,,,,,,,,,,,,,,,,,,Low-density lipoprotein receptor,10090.0,Mus musculus,,,,,,,,,,,,,,,,,,,,,,,,,,,,,,,,,,,,,,,,,,,,,
RESULT_DESCR,,,,,,,,Standardized activity type (e.g. IC50 rather than Ic-50/Ic50/ic50/ic-50),Additional comments,345521,,,,,,,,,,,,,,,,,,,,,,,,,,,,,,,,,,,,,,,,,,,,,,,,,,,,,,,,,,,,,,,,,,,,,,,,,,Low-density lipoprotein receptor,10090.0,Mus musculus,,,,,,,,,,,,,,,,,,,,,,,,,,,,,,,,,,,,,,,,,,,,,
RESULT_DESCR,,,,,,,,Standardized activity type (e.g. IC50 rather than Ic-50/Ic50/ic50/ic-50),Additional comments,345522,,,,,,,,,,,,,,,,,,,,,,,,,,,,,,,,,,,,,,,,,,,,,,,,,,,,,,,,,,,,,,,,,,,,,,,,,,Low-density lipoprotein receptor,10090.0,Mus musculus,,,,,,,,,,,,,,,,,,,,,,,,,,,,,,,,,,,,,,,,,,,,,
RESULT_DESCR,,,,,,,,Standardized activity type (e.g. IC50 rather than Ic-50/Ic50/ic50/ic-50),Additional comments,345523,,,,,,,,,,,,,,,,,,,,,,,,,,,,,,,,,,,,,,,,,,,,,,,,,,,,,,,,,,,,,,,,,,,,,,,,,,Low-density lipoprotein receptor,10090.0,Mus musculus,,,,,,,,,,,,,,,,,,,,,,,,,,,,,,,,,,,,,,,,,,,,,
RESULT_DESCR,,,,,,,,Standardized activity type (e.g. IC50 rather than Ic-50/Ic50/ic50/ic-50),Additional comments,345524,,,,,,,,,,,,,,,,,,,,,,,,,,,,,,,,,,,,,,,,,,,,,,,,,,,,,,,,,,,,,,,,,,,,,,,,,,Low-density lipoprotein receptor,10090.0,Mus musculus,,,,,,,,,,,,,,,,,,,,,,,,,,,,,,,,,,,,,,,,,,,,,
RESULT_DESCR,,,,,,,,Standardized activity type (e.g. IC50 rather than Ic-50/Ic50/ic50/ic-50),,345525,,"Qualifier (e.g. >, <, =) for 'Standard Value'",Standardized activity value transformed to common units: e.g. mM concentrations converted to nM,Selected units for 'Standard Type': e.g. concentrations are in nM,,,,,,,,,,,,,,,,,,,,,,,,,,,,,,,,,,,,,,,,,,,,,,,,,,,,,,,,,,,,,,,,,,,,,,Low-density lipoprotein receptor,10090.0,Mus musculus,,,,,,,,,,,,,,,,,,,,,,,,,,,,,,,,,,,,,,,,,,,,,
RESULT_DESCR,,,,,,,,Standardized activity type (e.g. IC50 rather than Ic-50/Ic50/ic50/ic-50),Additional comments,345526,,,,,,,,,,,,,,,,,,,,,,,,,,,,,,,,,,,,,,,,,,,,,,,,,,,,,,,,,,,,,,,,,,,,,,,,,,Low-density lipoprotein receptor,10090.0,Mus musculus,,,,,,,,,,,,,,,,,,,,,,,,,,,,,,,,,,,,,,,,,,,,,
RESULT_DESCR,,,,,,,,Standardized activity type (e.g. IC50 rather than Ic-50/Ic50/ic50/ic-50),Additional comments,345527,,,,,,,,,,,,,,,,,,,,,,,,,,,,,,,,,,,,,,,,,,,,,,,,,,,,,,,,,,,,,,,,,,,,,,,,,,Low-density lipoprotein receptor,10090.0,Mus musculus,,,,,,,,,,,,,,,,,,,,,,,,,,,,,,,,,,,,,,,,,,,,,
RESULT_DESCR,,,,,,,,Standardized activity type (e.g. IC50 rather than Ic-50/Ic50/ic50/ic-50),Additional comments,345528,,,,,,,,,,,,,,,,,,,,,,,,,,,,,,,,,,,,,,,,,,,,,,,,,,,,,,,,,,,,,,,,,,,,,,,,,,Low-density lipoprotein receptor,10090.0,Mus musculus,,,,,,,,,,,,,,,,,,,,,,,,,,,,,,,,,,,,,,,,,,,,,
RESULT_DESCR,,,,,,,,Standardized activity type (e.g. IC50 rather than Ic-50/Ic50/ic50/ic-50),Additional comments,345529,,,,,,,,,,,,,,,,,,,,,,,,,,,,,,,,,,,,,,,,,,,,,,,,,,,,,,,,,,,,,,,,,,,,,,,,,,Low-density lipoprotein receptor,10090.0,Mus musculus,,,,,,,,,,,,,,,,,,,,,,,,,,,,,,,,,,,,,,,,,,,,,
RESULT_DESCR,,,,,,,,Standardized activity type (e.g. IC50 rather than Ic-50/Ic50/ic50/ic-50),Additional comments,345530,,,,,,,,,,,,,,,,,,,,,,,,,,,,,,,,,,,,,,,,,,,,,,,,,,,,,,,,,,,,,,,,,,,,,,,,,,Low-density lipoprotein receptor,10090.0,Mus musculus,,,,,,,,,,,,,,,,,,,,,,,,,,,,,,,,,,,,,,,,,,,,,
RESULT_DESCR,,,,,,,,Standardized activity type (e.g. IC50 rather than Ic-50/Ic50/ic50/ic-50),,1976076,PubChem standardized value transformed from 'Standard Value'. The unit is always micromolar,"Qualifier (e.g. >, <, =) for 'Standard Value'",Standardized activity value transformed to common units: e.g. mM concentrations converted to nM,Selected units for 'Standard Type': e.g. concentrations are in nM,,,,,,,,,,,,,,,,,,,,,,,,,,,,,,,,,,,,,,,,,,,,,,,,,,,,,,,,,,,,,,,,,,,,,,Low-density lipoprotein receptor,10090.0,Mus musculus,,,,,,,,,,,,,,,,,,,,,,,,,,,,,,,,,,,,,,,,,,,,,
RESULT_DESCR,,,,,,,,Standardized activity type (e.g. IC50 rather than Ic-50/Ic50/ic50/ic-50),,1976077,,"Qualifier (e.g. >, <, =) for 'Standard Value'",Standardized activity value transformed to common units: e.g. mM concentrations converted to nM,Selected units for 'Standard Type': e.g. concentrations are in nM,,,,,,,,,,,,,,,,,,,,,,,,,,,,,,,,,,,,,,,,,,,,,,,,,,,,,,,,,,,,,,,,,,,,,,Low-density lipoprotein receptor,10090.0,Mus musculus,,,,,,,,,,,,,,,,,,,,,,,,,,,,,,,,,,,,,,,,,,,,,
RESULT_DESCR,,,,,,,,Standardized activity type (e.g. IC50 rather than Ic-50/Ic50/ic50/ic-50),,1976078,PubChem standardized value transformed from 'Standard Value'. The unit is always micromolar,"Qualifier (e.g. >, <, =) for 'Standard Value'",Standardized activity value transformed to common units: e.g. mM concentrations converted to nM,Selected units for 'Standard Type': e.g. concentrations are in nM,,,,,,,,,,,,,,,,,,,,,,,,,,,,,,,,,,,,,,,,,,,,,,,,,,,,,,,,,,,,,,,,,,,,,,Low-density lipoprotein receptor,10090.0,Mus musculus,,,,,,,,,,,,,,,,,,,,,,,,,,,,,,,,,,,,,,,,,,,,,
RESULT_DESCR,,,,,,,,Standardized activity type (e.g. IC50 rather than Ic-50/Ic50/ic50/ic-50),,1976079,,"Qualifier (e.g. >, <, =) for 'Standard Value'",Standardized activity value transformed to common units: e.g. mM concentrations converted to nM,Selected units for 'Standard Type': e.g. concentrations are in nM,,,,,,,,,,,,,,,,,,,,,,,,,,,,,,,,,,,,,,,,,,,,,,,,,,,,,,,,,,,,,,,,,,,,,,Low-density lipoprotein receptor,10090.0,Mus musculus,,,,,,,,,,,,,,,,,,,,,,,,,,,,,,,,,,,,,,,,,,,,,
RESULT_DESCR,,,,,,,,Standardized activity type (e.g. IC50 rather than Ic-50/Ic50/ic50/ic-50),,1976080,,"Qualifier (e.g. >, <, =) for 'Standard Value'",Standardized activity value transformed to common units: e.g. mM concentrations converted to nM,,,,,,,,,,,,,,,,,,,,,,,,,,,,,,,,,,,,,,,,,,,,,,,,,,,,,,,,,,,,,,,,,,,,,,,Low-density lipoprotein receptor,10090.0,Mus musculus,,,,,,,,,,,,,,,,,,,,,,,,,,,,,,,,,,,,,,,,,,,,,
RESULT_DESCR,,,,,,,,Standardized activity type (e.g. IC50 rather than Ic-50/Ic50/ic50/ic-50),,1976081,PubChem standardized value transformed from 'Standard Value'. The unit is always micromolar,"Qualifier (e.g. >, <, =) for 'Standard Value'",Standardized activity value transformed to common units: e.g. mM concentrations converted to nM,Selected units for 'Standard Type': e.g. concentrations are in nM,,,,,,,,,,,,,,,,,,,,,,,,,,,,,,,,,,,,,,,,,,,,,,,,,,,,,,,,,,,,,,,,,,,,,,Low-density lipoprotein receptor,10090.0,Mus musculus,,,,,,,,,,,,,,,,,,,,,,,,,,,,,,,,,,,,,,,,,,,,,
RESULT_DESCR,,,,,,,,Standardized activity type (e.g. IC50 rather than Ic-50/Ic50/ic50/ic-50),,1976082,,"Qualifier (e.g. >, <, =) for 'Standard Value'",Standardized activity value transformed to common units: e.g. mM concentrations converted to nM,Selected units for 'Standard Type': e.g. concentrations are in nM,,,,,,,,,,,,,,,,,,,,,,,,,,,,,,,,,,,,,,,,,,,,,,,,,,,,,,,,,,,,,,,,,,,,,,Low-density lipoprotein receptor,10090.0,Mus musculus,,,,,,,,,,,,,,,,,,,,,,,,,,,,,,,,,,,,,,,,,,,,,
RESULT_DESCR,,,,,,,,Standardized activity type (e.g. IC50 rather than Ic-50/Ic50/ic50/ic-50),,1976083,,"Qualifier (e.g. >, <, =) for 'Standard Value'",Standardized activity value transformed to common units: e.g. mM concentrations converted to nM,,,,,,,,,,,,,,,,,,,,,,,,,,,,,,,,,,,,,,,,,,,,,,,,,,,,,,,,,,,,,,,,,,,,,,,Low-density lipoprotein receptor,10090.0,Mus musculus,,,,,,,,,,,,,,,,,,,,,,,,,,,,,,,,,,,,,,,,,,,,,
RESULT_DESCR,,,,,,,,Standardized activity type (e.g. IC50 rather than Ic-50/Ic50/ic50/ic-50),,1976084,PubChem standardized value transformed from 'Standard Value'. The unit is always micromolar,"Qualifier (e.g. >, <, =) for 'Standard Value'",Standardized activity value transformed to common units: e.g. mM concentrations converted to nM,Selected units for 'Standard Type': e.g. concentrations are in nM,,,,,,,,,,,,,,,,,,,,,,,,,,,,,,,,,,,,,,,,,,,,,,,,,,,,,,,,,,,,,,,,,,,,,,Low-density lipoprotein receptor,10090.0,Mus musculus,,,,,,,,,,,,,,,,,,,,,,,,,,,,,,,,,,,,,,,,,,,,,
1,103215364,9803963,CC1=C(C=CC(=C1)SCC2=C(N=C(S2)C3=CC=C(C=C3)C(F)(F)F)C)OCC(=O)O,Unspecified,,,,IC50,,1976084,20,>,20000,nM,,,,,,,,,,,,,,,,,,,,,,,,,,,,,,,,,,,,,,,,,,,,,,,,,,,,,,,,,,,,,,,,,,,,,,Low-density lipoprotein receptor,10090.0,Mus musculus,,C21H18F3NO3S2,453.5,,,,,,,,,,,,,,,,,,,,,,,,,,,,,,,,,,,,,,,,,,
2,504806737,57966210,C1CCN(C1)C2(CCN(CC2)C3=NC4=C(S3)C=C(C=C4)C(F)(F)F)CCOC5=CC(=CC(=C5)CC(=O)O)Cl,Unspecified,,,,IC50,,1976084,20,>,20000,nM,,,,,,,,,,,,,,,,,,,,,,,,,,,,,,,,,,,,,,,,,,,,,,,,,,,,,,,,,,,,,,,,,,,,,,Low-density lipoprotein receptor,10090.0,Mus musculus,,C27H29ClF3N3O3S,568.1,,,,,,,,,,,,,,,,,,,,,,,,,,,,,,,,,,,,,,,,,,
3,504806941,57966217,CC1=C(C=C(C=C1)CC(=O)O)OCCC2(CCN(CC2)C3=NC4=C(S3)C=C(C=C4)Cl)N5CCCC5,Unspecified,,,,IC50,,1976084,20,>,20000,nM,,,,,,,,,,,,,,,,,,,,,,,,,,,,,,,,,,,,,,,,,,,,,,,,,,,,,,,,,,,,,,,,,,,,,,Low-density lipoprotein receptor,10090.0,Mus musculus,,C27H32ClN3O3S,514.1,,,,,,,,,,,,,,,,,,,,,,,,,,,,,,,,,,,,,,,,,,
4,504808394,172449137,CN(C)C1(CCN(CC1)C2=NC3=C(S2)C=C(C=C3)Cl)CCOC4=CC(=CC(=C4)CC(=O)O)Cl,Unspecified,,,,IC50,,1976084,20,>,20000,nM,,,,,,,,,,,,,,,,,,,,,,,,,,,,,,,,,,,,,,,,,,,,,,,,,,,,,,,,,,,,,,,,,,,,,,Low-density lipoprotein receptor,10090.0,Mus musculus,,C24H27Cl2N3O3S,508.5,,,,,,,,,,,,,,,,,,,,,,,,,,,,,,,,,,,,,,,,,,
5,504811970,57966396,CC1=CC(=CC(=C1)OCCC2(CCN(CC2)C3=NC4=C(S3)C=C(C=C4)Cl)N5CCCC5)CC(=O)O,Unspecified,,,,IC50,,1976084,20,>,20000,nM,,,,,,,,,,,,,,,,,,,,,,,,,,,,,,,,,,,,,,,,,,,,,,,,,,,,,,,,,,,,,,,,,,,,,,Low-density lipoprotein receptor,10090.0,Mus musculus,,C27H32ClN3O3S,514.1,,,,,,,,,,,,,,,,,,,,,,,,,,,,,,,,,,,,,,,,,,
6,504817807,172455662,C1CCC(CC1)C2(CCN(CC2)C3=NC4=C(S3)C=C(C=C4)Cl)CCOC5=CC(=CC(=C5)CC(=O)O)Cl,Unspecified,,,,IC50,,1976084,20,>,20000,nM,,,,,,,,,,,,,,,,,,,,,,,,,,,,,,,,,,,,,,,,,,,,,,,,,,,,,,,,,,,,,,,,,,,,,,Low-density lipoprotein receptor,10090.0,Mus musculus,,C28H32Cl2N2O3S,547.5,,,,,,,,,,,,,,,,,,,,,,,,,,,,,,,,,,,,,,,,,,
7,504827409,57966611,C1CCN(CC1)C2(CCN(CC2)C3=NC4=C(S3)C=C(C=C4)Cl)CCOC5=CC(=CC(=C5)CC(=O)O)Cl,Unspecified,,,,IC50,,1976084,20,>,20000,nM,,,,,,,,,,,,,,,,,,,,,,,,,,,,,,,,,,,,,,,,,,,,,,,,,,,,,,,,,,,,,,,,,,,,,,Low-density lipoprotein receptor,10090.0,Mus musculus,,C27H31Cl2N3O3S,548.5,,,,,,,,,,,,,,,,,,,,,,,,,,,,,,,,,,,,,,,,,,
8,504827810,57966100,C1CCN(C1)C2(CCN(CC2)C3=NC4=C(S3)C=C(C=C4)Cl)CCOC5=CC(=CC(=C5)CC(=O)O)Cl,Unspecified,,,,IC50,,1976084,20,>,20000,nM,,,,,,,,,,,,,,,,,,,,,,,,,,,,,,,,,,,,,,,,,,,,,,,,,,,,,,,,,,,,,,,,,,,,,,Low-density lipoprotein receptor,10090.0,Mus musculus,,C26H29Cl2N3O3S,534.5,,,,,,,,,,,,,,,,,,,,,,,,,,,,,,,,,,,,,,,,,,
9,504828909,57966324,C1CCCN(CC1)C2(CCN(CC2)C3=NC4=C(S3)C=C(C=C4)Cl)CCOC5=CC(=CC(=C5)CC(=O)O)Cl,Unspecified,,,,IC50,,1976084,20,>,20000,nM,,,,,,,,,,,,,,,,,,,,,,,,,,,,,,,,,,,,,,,,,,,,,,,,,,,,,,,,,,,,,,,,,,,,,,Low-density lipoprotein receptor,10090.0,Mus musculus,,C28H33Cl2N3O3S,562.5,,,,,,,,,,,,,,,,,,,,,,,,,,,,,,,,,,,,,,,,,,
10,504829968,172464087,C1CCC(CC1)C2(CCN(CC2)C3=NC4=C(S3)C=C(C=C4)Cl)CCOC5=C(C=CC(=C5)CC(=O)O)Cl,Unspecified,,,,IC50,,1976084,20,>,20000,nM,,,,,,,,,,,,,,,,,,,,,,,,,,,,,,,,,,,,,,,,,,,,,,,,,,,,,,,,,,,,,,,,,,,,,,Low-density lipoprotein receptor,10090.0,Mus musculus,,C28H32Cl2N2O3S,547.5,,,,,,,,,,,,,,,,,,,,,,,,,,,,,,,,,,,,,,,,,,
11,504833473,57966167,C1CCN(C1)C2(CCN(CC2)C3=NC4=C(S3)N=C(C=C4)C(F)(F)F)CCOC5=CC(=CC(=C5)CC(=O)O)Cl,Unspecified,,,,IC50,,1976084,20,>,20000,nM,,,,,,,,,,,,,,,,,,,,,,,,,,,,,,,,,,,,,,,,,,,,,,,,,,,,,,,,,,,,,,,,,,,,,,Low-density lipoprotein receptor,10090.0,Mus musculus,,C26H28ClF3N4O3S,569.0,,,,,,,,,,,,,,,,,,,,,,,,,,,,,,,,,,,,,,,,,,
12,504835927,57966956,CC1CCCN1C2(CCN(CC2)C3=NC4=C(S3)C=C(C=C4)Cl)CCOC5=CC(=CC(=C5)CC(=O)O)Cl,Unspecified,,,,IC50,,1976084,20,>,20000,nM,,,,,,,,,,,,,,,,,,,,,,,,,,,,,,,,,,,,,,,,,,,,,,,,,,,,,,,,,,,,,,,,,,,,,,Low-density lipoprotein receptor,10090.0,Mus musculus,,C27H31Cl2N3O3S,548.5,,,,,,,,,,,,,,,,,,,,,,,,,,,,,,,,,,,,,,,,,,
13,504836854,57966754,C1CN(CCC1(CCOC2=CC(=CC(=C2)CC(=O)O)Cl)N3CCOCC3)C4=NC5=C(S4)C=C(C=C5)C(F)(F)F,Unspecified,,,,IC50,,1976084,20,>,20000,nM,,,,,,,,,,,,,,,,,,,,,,,,,,,,,,,,,,,,,,,,,,,,,,,,,,,,,,,,,,,,,,,,,,,,,,Low-density lipoprotein receptor,10090.0,Mus musculus,,C27H29ClF3N3O4S,584.0,,,,,,,,,,,,,,,,,,,,,,,,,,,,,,,,,,,,,,,,,,
RESULT_DESCR,,,,,,,,Standardized activity type (e.g. IC50 rather than Ic-50/Ic50/ic50/ic-50),,1976085,PubChem standardized value transformed from 'Standard Value'. The unit is always micromolar,"Qualifier (e.g. >, <, =) for 'Standard Value'",Standardized activity value transformed to common units: e.g. mM concentrations converted to nM,Selected units for 'Standard Type': e.g. concentrations are in nM,,,,,,,,,,,,,,,,,,,,,,,,,,,,,,,,,,,,,,,,,,,,,,,,,,,,,,,,,,,,,,,,,,,,,,Low-density lipoprotein receptor,10090.0,Mus musculus,,,,,,,,,,,,,,,,,,,,,,,,,,,,,,,,,,,,,,,,,,,,,
1,103215364,9803963,CC1=C(C=CC(=C1)SCC2=C(N=C(S2)C3=CC=C(C=C3)C(F)(F)F)C)OCC(=O)O,Unspecified,,,,IC50,,1976085,20,>,20000,nM,,,,,,,,,,,,,,,,,,,,,,,,,,,,,,,,,,,,,,,,,,,,,,,,,,,,,,,,,,,,,,,,,,,,,,Low-density lipoprotein receptor,10090.0,Mus musculus,,C21H18F3NO3S2,453.5,,,,,,,,,,,,,,,,,,,,,,,,,,,,,,,,,,,,,,,,,,
2,504806737,57966210,C1CCN(C1)C2(CCN(CC2)C3=NC4=C(S3)C=C(C=C4)C(F)(F)F)CCOC5=CC(=CC(=C5)CC(=O)O)Cl,Unspecified,,,,IC50,,1976085,20,>,20000,nM,,,,,,,,,,,,,,,,,,,,,,,,,,,,,,,,,,,,,,,,,,,,,,,,,,,,,,,,,,,,,,,,,,,,,,Low-density lipoprotein receptor,10090.0,Mus musculus,,C27H29ClF3N3O3S,568.1,,,,,,,,,,,,,,,,,,,,,,,,,,,,,,,,,,,,,,,,,,
3,504806941,57966217,CC1=C(C=C(C=C1)CC(=O)O)OCCC2(CCN(CC2)C3=NC4=C(S3)C=C(C=C4)Cl)N5CCCC5,Unspecified,,,,IC50,,1976085,20,>,20000,nM,,,,,,,,,,,,,,,,,,,,,,,,,,,,,,,,,,,,,,,,,,,,,,,,,,,,,,,,,,,,,,,,,,,,,,Low-density lipoprotein receptor,10090.0,Mus musculus,,C27H32ClN3O3S,514.1,,,,,,,,,,,,,,,,,,,,,,,,,,,,,,,,,,,,,,,,,,
4,504808394,172449137,CN(C)C1(CCN(CC1)C2=NC3=C(S2)C=C(C=C3)Cl)CCOC4=CC(=CC(=C4)CC(=O)O)Cl,Unspecified,,,,IC50,,1976085,20,>,20000,nM,,,,,,,,,,,,,,,,,,,,,,,,,,,,,,,,,,,,,,,,,,,,,,,,,,,,,,,,,,,,,,,,,,,,,,Low-density lipoprotein receptor,10090.0,Mus musculus,,C24H27Cl2N3O3S,508.5,,,,,,,,,,,,,,,,,,,,,,,,,,,,,,,,,,,,,,,,,,
5,504811970,57966396,CC1=CC(=CC(=C1)OCCC2(CCN(CC2)C3=NC4=C(S3)C=C(C=C4)Cl)N5CCCC5)CC(=O)O,Unspecified,,,,IC50,,1976085,20,>,20000,nM,,,,,,,,,,,,,,,,,,,,,,,,,,,,,,,,,,,,,,,,,,,,,,,,,,,,,,,,,,,,,,,,,,,,,,Low-density lipoprotein receptor,10090.0,Mus musculus,,C27H32ClN3O3S,514.1,,,,,,,,,,,,,,,,,,,,,,,,,,,,,,,,,,,,,,,,,,
6,504817807,172455662,C1CCC(CC1)C2(CCN(CC2)C3=NC4=C(S3)C=C(C=C4)Cl)CCOC5=CC(=CC(=C5)CC(=O)O)Cl,Unspecified,,,,IC50,,1976085,20,>,20000,nM,,,,,,,,,,,,,,,,,,,,,,,,,,,,,,,,,,,,,,,,,,,,,,,,,,,,,,,,,,,,,,,,,,,,,,Low-density lipoprotein receptor,10090.0,Mus musculus,,C28H32Cl2N2O3S,547.5,,,,,,,,,,,,,,,,,,,,,,,,,,,,,,,,,,,,,,,,,,
7,504827409,57966611,C1CCN(CC1)C2(CCN(CC2)C3=NC4=C(S3)C=C(C=C4)Cl)CCOC5=CC(=CC(=C5)CC(=O)O)Cl,Unspecified,,,,IC50,,1976085,20,>,20000,nM,,,,,,,,,,,,,,,,,,,,,,,,,,,,,,,,,,,,,,,,,,,,,,,,,,,,,,,,,,,,,,,,,,,,,,Low-density lipoprotein receptor,10090.0,Mus musculus,,C27H31Cl2N3O3S,548.5,,,,,,,,,,,,,,,,,,,,,,,,,,,,,,,,,,,,,,,,,,
8,504827810,57966100,C1CCN(C1)C2(CCN(CC2)C3=NC4=C(S3)C=C(C=C4)Cl)CCOC5=CC(=CC(=C5)CC(=O)O)Cl,Unspecified,,,,IC50,,1976085,20,>,20000,nM,,,,,,,,,,,,,,,,,,,,,,,,,,,,,,,,,,,,,,,,,,,,,,,,,,,,,,,,,,,,,,,,,,,,,,Low-density lipoprotein receptor,10090.0,Mus musculus,,C26H29Cl2N3O3S,534.5,,,,,,,,,,,,,,,,,,,,,,,,,,,,,,,,,,,,,,,,,,
9,504828909,57966324,C1CCCN(CC1)C2(CCN(CC2)C3=NC4=C(S3)C=C(C=C4)Cl)CCOC5=CC(=CC(=C5)CC(=O)O)Cl,Unspecified,,,,IC50,,1976085,20,>,20000,nM,,,,,,,,,,,,,,,,,,,,,,,,,,,,,,,,,,,,,,,,,,,,,,,,,,,,,,,,,,,,,,,,,,,,,,Low-density lipoprotein receptor,10090.0,Mus musculus,,C28H33Cl2N3O3S,562.5,,,,,,,,,,,,,,,,,,,,,,,,,,,,,,,,,,,,,,,,,,
10,504829968,172464087,C1CCC(CC1)C2(CCN(CC2)C3=NC4=C(S3)C=C(C=C4)Cl)CCOC5=C(C=CC(=C5)CC(=O)O)Cl,Unspecified,,,,IC50,,1976085,20,>,20000,nM,,,,,,,,,,,,,,,,,,,,,,,,,,,,,,,,,,,,,,,,,,,,,,,,,,,,,,,,,,,,,,,,,,,,,,Low-density lipoprotein receptor,10090.0,Mus musculus,,C28H32Cl2N2O3S,547.5,,,,,,,,,,,,,,,,,,,,,,,,,,,,,,,,,,,,,,,,,,
11,504833473,57966167,C1CCN(C1)C2(CCN(CC2)C3=NC4=C(S3)N=C(C=C4)C(F)(F)F)CCOC5=CC(=CC(=C5)CC(=O)O)Cl,Unspecified,,,,IC50,,1976085,20,>,20000,nM,,,,,,,,,,,,,,,,,,,,,,,,,,,,,,,,,,,,,,,,,,,,,,,,,,,,,,,,,,,,,,,,,,,,,,Low-density lipoprotein receptor,10090.0,Mus musculus,,C26H28ClF3N4O3S,569.0,,,,,,,,,,,,,,,,,,,,,,,,,,,,,,,,,,,,,,,,,,
12,504835927,57966956,CC1CCCN1C2(CCN(CC2)C3=NC4=C(S3)C=C(C=C4)Cl)CCOC5=CC(=CC(=C5)CC(=O)O)Cl,Unspecified,,,,IC50,,1976085,20,>,20000,nM,,,,,,,,,,,,,,,,,,,,,,,,,,,,,,,,,,,,,,,,,,,,,,,,,,,,,,,,,,,,,,,,,,,,,,Low-density lipoprotein receptor,10090.0,Mus musculus,,C27H31Cl2N3O3S,548.5,,,,,,,,,,,,,,,,,,,,,,,,,,,,,,,,,,,,,,,,,,
13,504836854,57966754,C1CN(CCC1(CCOC2=CC(=CC(=C2)CC(=O)O)Cl)N3CCOCC3)C4=NC5=C(S4)C=C(C=C5)C(F)(F)F,Unspecified,,,,IC50,,1976085,20,>,20000,nM,,,,,,,,,,,,,,,,,,,,,,,,,,,,,,,,,,,,,,,,,,,,,,,,,,,,,,,,,,,,,,,,,,,,,,Low-density lipoprotein receptor,10090.0,Mus musculus,,C27H29ClF3N3O4S,584.0,,,,,,,,,,,,,,,,,,,,,,,,,,,,,,,,,,,,,,,,,,
RESULT_DESCR,,,,,,,,Standardized activity type (e.g. IC50 rather than Ic-50/Ic50/ic50/ic-50),,1976086,PubChem standardized value transformed from 'Standard Value'. The unit is always micromolar,"Qualifier (e.g. >, <, =) for 'Standard Value'",Standardized activity value transformed to common units: e.g. mM concentrations converted to nM,Selected units for 'Standard Type': e.g. concentrations are in nM,,,,,,,,,,,,,,,,,,,,,,,,,,,,,,,,,,,,,,,,,,,,,,,,,,,,,,,,,,,,,,,,,,,,,,Low-density lipoprotein receptor,10090.0,Mus musculus,,,,,,,,,,,,,,,,,,,,,,,,,,,,,,,,,,,,,,,,,,,,,
1,103215364,9803963,CC1=C(C=CC(=C1)SCC2=C(N=C(S2)C3=CC=C(C=C3)C(F)(F)F)C)OCC(=O)O,Unspecified,,,,IC50,,1976086,20,>,20000,nM,,,,,,,,,,,,,,,,,,,,,,,,,,,,,,,,,,,,,,,,,,,,,,,,,,,,,,,,,,,,,,,,,,,,,,Low-density lipoprotein receptor,10090.0,Mus musculus,,C21H18F3NO3S2,453.5,,,,,,,,,,,,,,,,,,,,,,,,,,,,,,,,,,,,,,,,,,
2,504806737,57966210,C1CCN(C1)C2(CCN(CC2)C3=NC4=C(S3)C=C(C=C4)C(F)(F)F)CCOC5=CC(=CC(=C5)CC(=O)O)Cl,Unspecified,,,,IC50,,1976086,20,>,20000,nM,,,,,,,,,,,,,,,,,,,,,,,,,,,,,,,,,,,,,,,,,,,,,,,,,,,,,,,,,,,,,,,,,,,,,,Low-density lipoprotein receptor,10090.0,Mus musculus,,C27H29ClF3N3O3S,568.1,,,,,,,,,,,,,,,,,,,,,,,,,,,,,,,,,,,,,,,,,,
3,504806941,57966217,CC1=C(C=C(C=C1)CC(=O)O)OCCC2(CCN(CC2)C3=NC4=C(S3)C=C(C=C4)Cl)N5CCCC5,Unspecified,,,,IC50,,1976086,20,>,20000,nM,,,,,,,,,,,,,,,,,,,,,,,,,,,,,,,,,,,,,,,,,,,,,,,,,,,,,,,,,,,,,,,,,,,,,,Low-density lipoprotein receptor,10090.0,Mus musculus,,C27H32ClN3O3S,514.1,,,,,,,,,,,,,,,,,,,,,,,,,,,,,,,,,,,,,,,,,,
4,504808394,172449137,CN(C)C1(CCN(CC1)C2=NC3=C(S2)C=C(C=C3)Cl)CCOC4=CC(=CC(=C4)CC(=O)O)Cl,Unspecified,,,,IC50,,1976086,14,=,14000,nM,,,,,,,,,,,,,,,,,,,,,,,,,,,,,,,,,,,,,,,,,,,,,,,,,,,,,,,,,,,,,,,,,,,,,,Low-density lipoprotein receptor,10090.0,Mus musculus,,C24H27Cl2N3O3S,508.5,,,,,,,,,,,,,,,,,,,,,,,,,,,,,,,,,,,,,,,,,,
5,504811970,57966396,CC1=CC(=CC(=C1)OCCC2(CCN(CC2)C3=NC4=C(S3)C=C(C=C4)Cl)N5CCCC5)CC(=O)O,Unspecified,,,,IC50,,1976086,20,>,20000,nM,,,,,,,,,,,,,,,,,,,,,,,,,,,,,,,,,,,,,,,,,,,,,,,,,,,,,,,,,,,,,,,,,,,,,,Low-density lipoprotein receptor,10090.0,Mus musculus,,C27H32ClN3O3S,514.1,,,,,,,,,,,,,,,,,,,,,,,,,,,,,,,,,,,,,,,,,,
6,504817807,172455662,C1CCC(CC1)C2(CCN(CC2)C3=NC4=C(S3)C=C(C=C4)Cl)CCOC5=CC(=CC(=C5)CC(=O)O)Cl,Active,,,,IC50,,1976086,10,=,10000,nM,,,,,,,,,,,,,,,,,,,,,,,,,,,,,,,,,,,,,,,,,,,,,,,,,,,,,,,,,,,,,,,,,,,,,,Low-density lipoprotein receptor,10090.0,Mus musculus,,C28H32Cl2N2O3S,547.5,,,,,,,,,,,,,,,,,,,,,,,,,,,,,,,,,,,,,,,,,,
7,504827409,57966611,C1CCN(CC1)C2(CCN(CC2)C3=NC4=C(S3)C=C(C=C4)Cl)CCOC5=CC(=CC(=C5)CC(=O)O)Cl,Unspecified,,,,IC50,,1976086,18,=,18000,nM,,,,,,,,,,,,,,,,,,,,,,,,,,,,,,,,,,,,,,,,,,,,,,,,,,,,,,,,,,,,,,,,,,,,,,Low-density lipoprotein receptor,10090.0,Mus musculus,,C27H31Cl2N3O3S,548.5,,,,,,,,,,,,,,,,,,,,,,,,,,,,,,,,,,,,,,,,,,
8,504827810,57966100,C1CCN(C1)C2(CCN(CC2)C3=NC4=C(S3)C=C(C=C4)Cl)CCOC5=CC(=CC(=C5)CC(=O)O)Cl,Unspecified,,,,IC50,,1976086,20,>,20000,nM,,,,,,,,,,,,,,,,,,,,,,,,,,,,,,,,,,,,,,,,,,,,,,,,,,,,,,,,,,,,,,,,,,,,,,Low-density lipoprotein receptor,10090.0,Mus musculus,,C26H29Cl2N3O3S,534.5,,,,,,,,,,,,,,,,,,,,,,,,,,,,,,,,,,,,,,,,,,
9,504828909,57966324,C1CCCN(CC1)C2(CCN(CC2)C3=NC4=C(S3)C=C(C=C4)Cl)CCOC5=CC(=CC(=C5)CC(=O)O)Cl,Unspecified,,,,IC50,,1976086,20,>,20000,nM,,,,,,,,,,,,,,,,,,,,,,,,,,,,,,,,,,,,,,,,,,,,,,,,,,,,,,,,,,,,,,,,,,,,,,Low-density lipoprotein receptor,10090.0,Mus musculus,,C28H33Cl2N3O3S,562.5,,,,,,,,,,,,,,,,,,,,,,,,,,,,,,,,,,,,,,,,,,
10,504829968,172464087,C1CCC(CC1)C2(CCN(CC2)C3=NC4=C(S3)C=C(C=C4)Cl)CCOC5=C(C=CC(=C5)CC(=O)O)Cl,Unspecified,,,,IC50,,1976086,20,>,20000,nM,,,,,,,,,,,,,,,,,,,,,,,,,,,,,,,,,,,,,,,,,,,,,,,,,,,,,,,,,,,,,,,,,,,,,,Low-density lipoprotein receptor,10090.0,Mus musculus,,C28H32Cl2N2O3S,547.5,,,,,,,,,,,,,,,,,,,,,,,,,,,,,,,,,,,,,,,,,,
11,504833473,57966167,C1CCN(C1)C2(CCN(CC2)C3=NC4=C(S3)N=C(C=C4)C(F)(F)F)CCOC5=CC(=CC(=C5)CC(=O)O)Cl,Unspecified,,,,IC50,,1976086,20,>,20000,nM,,,,,,,,,,,,,,,,,,,,,,,,,,,,,,,,,,,,,,,,,,,,,,,,,,,,,,,,,,,,,,,,,,,,,,Low-density lipoprotein receptor,10090.0,Mus musculus,,C26H28ClF3N4O3S,569.0,,,,,,,,,,,,,,,,,,,,,,,,,,,,,,,,,,,,,,,,,,
12,504835927,57966956,CC1CCCN1C2(CCN(CC2)C3=NC4=C(S3)C=C(C=C4)Cl)CCOC5=CC(=CC(=C5)CC(=O)O)Cl,Unspecified,,,,IC50,,1976086,20,>,20000,nM,,,,,,,,,,,,,,,,,,,,,,,,,,,,,,,,,,,,,,,,,,,,,,,,,,,,,,,,,,,,,,,,,,,,,,Low-density lipoprotein receptor,10090.0,Mus musculus,,C27H31Cl2N3O3S,548.5,,,,,,,,,,,,,,,,,,,,,,,,,,,,,,,,,,,,,,,,,,
13,504836854,57966754,C1CN(CCC1(CCOC2=CC(=CC(=C2)CC(=O)O)Cl)N3CCOCC3)C4=NC5=C(S4)C=C(C=C5)C(F)(F)F,Unspecified,,,,IC50,,1976086,11,=,11000,nM,,,,,,,,,,,,,,,,,,,,,,,,,,,,,,,,,,,,,,,,,,,,,,,,,,,,,,,,,,,,,,,,,,,,,,Low-density lipoprotein receptor,10090.0,Mus musculus,,C27H29ClF3N3O4S,584.0,,,,,,,,,,,,,,,,,,,,,,,,,,,,,,,,,,,,,,,,,,
RESULT_DESCR,,,,,,,,Standardized activity type (e.g. IC50 rather than Ic-50/Ic50/ic50/ic-50),,1976087,PubChem standardized value transformed from 'Standard Value'. The unit is always micromolar,"Qualifier (e.g. >, <, =) for 'Standard Value'",Standardized activity value transformed to common units: e.g. mM concentrations converted to nM,Selected units for 'Standard Type': e.g. concentrations are in nM,,,,,,,,,,,,,,,,,,,,,,,,,,,,,,,,,,,,,,,,,,,,,,,,,,,,,,,,,,,,,,,,,,,,,,Low-density lipoprotein receptor,10090.0,Mus musculus,,,,,,,,,,,,,,,,,,,,,,,,,,,,,,,,,,,,,,,,,,,,,
1,103215364,9803963,CC1=C(C=CC(=C1)SCC2=C(N=C(S2)C3=CC=C(C=C3)C(F)(F)F)C)OCC(=O)O,Unspecified,,,,IC50,,1976087,20,>,20000,nM,,,,,,,,,,,,,,,,,,,,,,,,,,,,,,,,,,,,,,,,,,,,,,,,,,,,,,,,,,,,,,,,,,,,,,Low-density lipoprotein receptor,10090.0,Mus musculus,,C21H18F3NO3S2,453.5,,,,,,,,,,,,,,,,,,,,,,,,,,,,,,,,,,,,,,,,,,
2,504806737,57966210,C1CCN(C1)C2(CCN(CC2)C3=NC4=C(S3)C=C(C=C4)C(F)(F)F)CCOC5=CC(=CC(=C5)CC(=O)O)Cl,Unspecified,,,,IC50,,1976087,20,>,20000,nM,,,,,,,,,,,,,,,,,,,,,,,,,,,,,,,,,,,,,,,,,,,,,,,,,,,,,,,,,,,,,,,,,,,,,,Low-density lipoprotein receptor,10090.0,Mus musculus,,C27H29ClF3N3O3S,568.1,,,,,,,,,,,,,,,,,,,,,,,,,,,,,,,,,,,,,,,,,,
3,504806941,57966217,CC1=C(C=C(C=C1)CC(=O)O)OCCC2(CCN(CC2)C3=NC4=C(S3)C=C(C=C4)Cl)N5CCCC5,Active,,,,IC50,,1976087,8,=,8000,nM,,,,,,,,,,,,,,,,,,,,,,,,,,,,,,,,,,,,,,,,,,,,,,,,,,,,,,,,,,,,,,,,,,,,,,Low-density lipoprotein receptor,10090.0,Mus musculus,,C27H32ClN3O3S,514.1,,,,,,,,,,,,,,,,,,,,,,,,,,,,,,,,,,,,,,,,,,
4,504808394,172449137,CN(C)C1(CCN(CC1)C2=NC3=C(S2)C=C(C=C3)Cl)CCOC4=CC(=CC(=C4)CC(=O)O)Cl,Unspecified,,,,IC50,,1976087,20,>,20000,nM,,,,,,,,,,,,,,,,,,,,,,,,,,,,,,,,,,,,,,,,,,,,,,,,,,,,,,,,,,,,,,,,,,,,,,Low-density lipoprotein receptor,10090.0,Mus musculus,,C24H27Cl2N3O3S,508.5,,,,,,,,,,,,,,,,,,,,,,,,,,,,,,,,,,,,,,,,,,
5,504811970,57966396,CC1=CC(=CC(=C1)OCCC2(CCN(CC2)C3=NC4=C(S3)C=C(C=C4)Cl)N5CCCC5)CC(=O)O,Unspecified,,,,IC50,,1976087,20,>,20000,nM,,,,,,,,,,,,,,,,,,,,,,,,,,,,,,,,,,,,,,,,,,,,,,,,,,,,,,,,,,,,,,,,,,,,,,Low-density lipoprotein receptor,10090.0,Mus musculus,,C27H32ClN3O3S,514.1,,,,,,,,,,,,,,,,,,,,,,,,,,,,,,,,,,,,,,,,,,
6,504817807,172455662,C1CCC(CC1)C2(CCN(CC2)C3=NC4=C(S3)C=C(C=C4)Cl)CCOC5=CC(=CC(=C5)CC(=O)O)Cl,Unspecified,,,,IC50,,1976087,20,>,20000,nM,,,,,,,,,,,,,,,,,,,,,,,,,,,,,,,,,,,,,,,,,,,,,,,,,,,,,,,,,,,,,,,,,,,,,,Low-density lipoprotein receptor,10090.0,Mus musculus,,C28H32Cl2N2O3S,547.5,,,,,,,,,,,,,,,,,,,,,,,,,,,,,,,,,,,,,,,,,,
7,504827409,57966611,C1CCN(CC1)C2(CCN(CC2)C3=NC4=C(S3)C=C(C=C4)Cl)CCOC5=CC(=CC(=C5)CC(=O)O)Cl,Unspecified,,,,IC50,,1976087,20,>,20000,nM,,,,,,,,,,,,,,,,,,,,,,,,,,,,,,,,,,,,,,,,,,,,,,,,,,,,,,,,,,,,,,,,,,,,,,Low-density lipoprotein receptor,10090.0,Mus musculus,,C27H31Cl2N3O3S,548.5,,,,,,,,,,,,,,,,,,,,,,,,,,,,,,,,,,,,,,,,,,
8,504827810,57966100,C1CCN(C1)C2(CCN(CC2)C3=NC4=C(S3)C=C(C=C4)Cl)CCOC5=CC(=CC(=C5)CC(=O)O)Cl,Unspecified,,,,IC50,,1976087,20,>,20000,nM,,,,,,,,,,,,,,,,,,,,,,,,,,,,,,,,,,,,,,,,,,,,,,,,,,,,,,,,,,,,,,,,,,,,,,Low-density lipoprotein receptor,10090.0,Mus musculus,,C26H29Cl2N3O3S,534.5,,,,,,,,,,,,,,,,,,,,,,,,,,,,,,,,,,,,,,,,,,
9,504828909,57966324,C1CCCN(CC1)C2(CCN(CC2)C3=NC4=C(S3)C=C(C=C4)Cl)CCOC5=CC(=CC(=C5)CC(=O)O)Cl,Unspecified,,,,IC50,,1976087,20,>,20000,nM,,,,,,,,,,,,,,,,,,,,,,,,,,,,,,,,,,,,,,,,,,,,,,,,,,,,,,,,,,,,,,,,,,,,,,Low-density lipoprotein receptor,10090.0,Mus musculus,,C28H33Cl2N3O3S,562.5,,,,,,,,,,,,,,,,,,,,,,,,,,,,,,,,,,,,,,,,,,
10,504829968,172464087,C1CCC(CC1)C2(CCN(CC2)C3=NC4=C(S3)C=C(C=C4)Cl)CCOC5=C(C=CC(=C5)CC(=O)O)Cl,Unspecified,,,,IC50,,1976087,20,>,20000,nM,,,,,,,,,,,,,,,,,,,,,,,,,,,,,,,,,,,,,,,,,,,,,,,,,,,,,,,,,,,,,,,,,,,,,,Low-density lipoprotein receptor,10090.0,Mus musculus,,C28H32Cl2N2O3S,547.5,,,,,,,,,,,,,,,,,,,,,,,,,,,,,,,,,,,,,,,,,,
11,504833473,57966167,C1CCN(C1)C2(CCN(CC2)C3=NC4=C(S3)N=C(C=C4)C(F)(F)F)CCOC5=CC(=CC(=C5)CC(=O)O)Cl,Unspecified,,,,IC50,,1976087,20,>,20000,nM,,,,,,,,,,,,,,,,,,,,,,,,,,,,,,,,,,,,,,,,,,,,,,,,,,,,,,,,,,,,,,,,,,,,,,Low-density lipoprotein receptor,10090.0,Mus musculus,,C26H28ClF3N4O3S,569.0,,,,,,,,,,,,,,,,,,,,,,,,,,,,,,,,,,,,,,,,,,
12,504835927,57966956,CC1CCCN1C2(CCN(CC2)C3=NC4=C(S3)C=C(C=C4)Cl)CCOC5=CC(=CC(=C5)CC(=O)O)Cl,Unspecified,,,,IC50,,1976087,20,>,20000,nM,,,,,,,,,,,,,,,,,,,,,,,,,,,,,,,,,,,,,,,,,,,,,,,,,,,,,,,,,,,,,,,,,,,,,,Low-density lipoprotein receptor,10090.0,Mus musculus,,C27H31Cl2N3O3S,548.5,,,,,,,,,,,,,,,,,,,,,,,,,,,,,,,,,,,,,,,,,,
13,504836854,57966754,C1CN(CCC1(CCOC2=CC(=CC(=C2)CC(=O)O)Cl)N3CCOCC3)C4=NC5=C(S4)C=C(C=C5)C(F)(F)F,Unspecified,,,,IC50,,1976087,20,>,20000,nM,,,,,,,,,,,,,,,,,,,,,,,,,,,,,,,,,,,,,,,,,,,,,,,,,,,,,,,,,,,,,,,,,,,,,,Low-density lipoprotein receptor,10090.0,Mus musculus,,C27H29ClF3N3O4S,584.0,,,,,,,,,,,,,,,,,,,,,,,,,,,,,,,,,,,,,,,,,,
RESULT_DESCR,,,,,,,,Standardized activity type (e.g. IC50 rather than Ic-50/Ic50/ic50/ic-50),,1976090,,"Qualifier (e.g. >, <, =) for 'Standard Value'",Standardized activity value transformed to common units: e.g. mM concentrations converted to nM,Selected units for 'Standard Type': e.g. concentrations are in nM,,,,,,,,,,,,,,,,,,,,,,,,,,,,,,,,,,,,,,,,,,,,,,,,,,,,,,,,,,,,,,,,,,,,,,Low-density lipoprotein receptor,10090.0,Mus musculus,,,,,,,,,,,,,,,,,,,,,,,,,,,,,,,,,,,,,,,,,,,,,
RESULT_DESCR,,,,,,,,Standardized activity type (e.g. IC50 rather than Ic-50/Ic50/ic50/ic-50),Additional comments,1976091,,,,,,,,,,,,,,,,,,,,,,,,,,,,,,,,,,,,,,,,,,,,,,,,,,,,,,,,,,,,,,,,,,,,,,,,,,Low-density lipoprotein receptor,10090.0,Mus musculus,,,,,,,,,,,,,,,,,,,,,,,,,,,,,,,,,,,,,,,,,,,,,
RESULT_DESCR,,,,,,,,Standardized activity type (e.g. IC50 rather than Ic-50/Ic50/ic50/ic-50),Additional comments,1976092,,,,,,,,,,,,,,,,,,,,,,,,,,,,,,,,,,,,,,,,,,,,,,,,,,,,,,,,,,,,,,,,,,,,,,,,,,Low-density lipoprotein receptor,10090.0,Mus musculus,,,,,,,,,,,,,,,,,,,,,,,,,,,,,,,,,,,,,,,,,,,,,
RESULT_DESCR,,,,,,,,Standardized activity type (e.g. IC50 rather than Ic-50/Ic50/ic50/ic-50),Additional comments,1976093,,,,,,,,,,,,,,,,,,,,,,,,,,,,,,,,,,,,,,,,,,,,,,,,,,,,,,,,,,,,,,,,,,,,,,,,,,Low-density lipoprotein receptor,10090.0,Mus musculus,,,,,,,,,,,,,,,,,,,,,,,,,,,,,,,,,,,,,,,,,,,,,
RESULT_DESCR,,,,,,,,Standardized activity type (e.g. IC50 rather than Ic-50/Ic50/ic50/ic-50),Additional comments,1976094,,,,,,,,,,,,,,,,,,,,,,,,,,,,,,,,,,,,,,,,,,,,,,,,,,,,,,,,,,,,,,,,,,,,,,,,,,Low-density lipoprotein receptor,10090.0,Mus musculus,,,,,,,,,,,,,,,,,,,,,,,,,,,,,,,,,,,,,,,,,,,,,
RESULT_DESCR,,,,,,,,Standardized activity type (e.g. IC50 rather than Ic-50/Ic50/ic50/ic-50),Additional comments,1976095,,,,,,,,,,,,,,,,,,,,,,,,,,,,,,,,,,,,,,,,,,,,,,,,,,,,,,,,,,,,,,,,,,,,,,,,,,Low-density lipoprotein receptor,10090.0,Mus musculus,,,,,,,,,,,,,,,,,,,,,,,,,,,,,,,,,,,,,,,,,,,,,
RESULT_DESCR,,,,,,,,Standardized activity type (e.g. IC50 rather than Ic-50/Ic50/ic50/ic-50),Additional comments,1976096,,,,,,,,,,,,,,,,,,,,,,,,,,,,,,,,,,,,,,,,,,,,,,,,,,,,,,,,,,,,,,,,,,,,,,,,,,Low-density lipoprotein receptor,10090.0,Mus musculus,,,,,,,,,,,,,,,,,,,,,,,,,,,,,,,,,,,,,,,,,,,,,
RESULT_DESCR,,,,,,,,Standardized activity type (e.g. IC50 rather than Ic-50/Ic50/ic50/ic-50),Additional comments,1976097,,,,,,,,,,,,,,,,,,,,,,,,,,,,,,,,,,,,,,,,,,,,,,,,,,,,,,,,,,,,,,,,,,,,,,,,,,Low-density lipoprotein receptor,10090.0,Mus musculus,,,,,,,,,,,,,,,,,,,,,,,,,,,,,,,,,,,,,,,,,,,,,
RESULT_DESCR,,,,,,,,Standardized activity type (e.g. IC50 rather than Ic-50/Ic50/ic50/ic-50),,1976099,,"Qualifier (e.g. >, <, =) for 'Standard Value'",Standardized activity value transformed to common units: e.g. mM concentrations converted to nM,Selected units for 'Standard Type': e.g. concentrations are in nM,,,,,,,,,,,,,,,,,,,,,,,,,,,,,,,,,,,,,,,,,,,,,,,,,,,,,,,,,,,,,,,,,,,,,,Low-density lipoprotein receptor,10090.0,Mus musculus,,,,,,,,,,,,,,,,,,,,,,,,,,,,,,,,,,,,,,,,,,,,,
RESULT_DESCR,,,,,,,,Standardized activity type (e.g. IC50 rather than Ic-50/Ic50/ic50/ic-50),,1976101,,"Qualifier (e.g. >, <, =) for 'Standard Value'",Standardized activity value transformed to common units: e.g. mM concentrations converted to nM,Selected units for 'Standard Type': e.g. concentrations are in nM,,,,,,,,,,,,,,,,,,,,,,,,,,,,,,,,,,,,,,,,,,,,,,,,,,,,,,,,,,,,,,,,,,,,,,Low-density lipoprotein receptor,10090.0,Mus musculus,,,,,,,,,,,,,,,,,,,,,,,,,,,,,,,,,,,,,,,,,,,,,
RESULT_DESCR,,,,,,,,Standardized activity type (e.g. IC50 rather than Ic-50/Ic50/ic50/ic-50),,1976104,,"Qualifier (e.g. >, <, =) for 'Standard Value'",Standardized activity value transformed to common units: e.g. mM concentrations converted to nM,Selected units for 'Standard Type': e.g. concentrations are in nM,,,,,,,,,,,,,,,,,,,,,,,,,,,,,,,,,,,,,,,,,,,,,,,,,,,,,,,,,,,,,,,,,,,,,,Low-density lipoprotein receptor,10090.0,Mus musculus,,,,,,,,,,,,,,,,,,,,,,,,,,,,,,,,,,,,,,,,,,,,,
RESULT_DESCR,,,,,,,,Standardized activity type (e.g. IC50 rather than Ic-50/Ic50/ic50/ic-50),,1976107,,"Qualifier (e.g. >, <, =) for 'Standard Value'",Standardized activity value transformed to common units: e.g. mM concentrations converted to nM,Selected units for 'Standard Type': e.g. concentrations are in nM,,,,,,,,,,,,,,,,,,,,,,,,,,,,,,,,,,,,,,,,,,,,,,,,,,,,,,,,,,,,,,,,,,,,,,Low-density lipoprotein receptor,10090.0,Mus musculus,,,,,,,,,,,,,,,,,,,,,,,,,,,,,,,,,,,,,,,,,,,,,
RESULT_DESCR,,,,,,,,Standardized activity type (e.g. IC50 rather than Ic-50/Ic50/ic50/ic-50),Additional comments,1976110,PubChem standardized value transformed from 'Standard Value'. The unit is always micromolar,"Qualifier (e.g. >, <, =) for 'Standard Value'",Standardized activity value transformed to common units: e.g. mM concentrations converted to nM,Selected units for 'Standard Type': e.g. concentrations are in nM,,,,,,,,,,,,,,,,,,,,,,,,,,,,,,,,,,,,,,,,,,,,,,,,,,,,,,,,,,,,,,,,,,,,,,Low-density lipoprotein receptor,10090.0,Mus musculus,,,,,,,,,,,,,,,,,,,,,,,,,,,,,,,,,,,,,,,,,,,,,
RESULT_DESCR,,,,,,,,Standardized activity type (e.g. IC50 rather than Ic-50/Ic50/ic50/ic-50),,1976113,,"Qualifier (e.g. >, <, =) for 'Standard Value'",Standardized activity value transformed to common units: e.g. mM concentrations converted to nM,Selected units for 'Standard Type': e.g. concentrations are in nM,,,,,,,,,,,,,,,,,,,,,,,,,,,,,,,,,,,,,,,,,,,,,,,,,,,,,,,,,,,,,,,,,,,,,,Low-density lipoprotein receptor,10090.0,Mus musculus,,,,,,,,,,,,,,,,,,,,,,,,,,,,,,,,,,,,,,,,,,,,,
RESULT_DESCR,,,,,,,,Standardized activity type (e.g. IC50 rather than Ic-50/Ic50/ic50/ic-50),,1976116,,"Qualifier (e.g. >, <, =) for 'Standard Value'",Standardized activity value transformed to common units: e.g. mM concentrations converted to nM,Selected units for 'Standard Type': e.g. concentrations are in nM,,,,,,,,,,,,,,,,,,,,,,,,,,,,,,,,,,,,,,,,,,,,,,,,,,,,,,,,,,,,,,,,,,,,,,Low-density lipoprotein receptor,10090.0,Mus musculus,,,,,,,,,,,,,,,,,,,,,,,,,,,,,,,,,,,,,,,,,,,,,
RESULT_DESCR,,,,,,,,Standardized activity type (e.g. IC50 rather than Ic-50/Ic50/ic50/ic-50),,1976119,,"Qualifier (e.g. >, <, =) for 'Standard Value'",Standardized activity value transformed to common units: e.g. mM concentrations converted to nM,Selected units for 'Standard Type': e.g. concentrations are in nM,,,,,,,,,,,,,,,,,,,,,,,,,,,,,,,,,,,,,,,,,,,,,,,,,,,,,,,,,,,,,,,,,,,,,,Low-density lipoprotein receptor,10090.0,Mus musculus,,,,,,,,,,,,,,,,,,,,,,,,,,,,,,,,,,,,,,,,,,,,,
RESULT_DESCR,,,,,,,,Standardized activity type (e.g. IC50 rather than Ic-50/Ic50/ic50/ic-50),,1976120,,"Qualifier (e.g. >, <, =) for 'Standard Value'",Standardized activity value transformed to common units: e.g. mM concentrations converted to nM,Selected units for 'Standard Type': e.g. concentrations are in nM,,,,,,,,,,,,,,,,,,,,,,,,,,,,,,,,,,,,,,,,,,,,,,,,,,,,,,,,,,,,,,,,,,,,,,Low-density lipoprotein receptor,10090.0,Mus musculus,,,,,,,,,,,,,,,,,,,,,,,,,,,,,,,,,,,,,,,,,,,,,
RESULT_DESCR,,,,,,,,Standardized activity type (e.g. IC50 rather than Ic-50/Ic50/ic50/ic-50),,1976121,,"Qualifier (e.g. >, <, =) for 'Standard Value'",Standardized activity value transformed to common units: e.g. mM concentrations converted to nM,Selected units for 'Standard Type': e.g. concentrations are in nM,,,,,,,,,,,,,,,,,,,,,,,,,,,,,,,,,,,,,,,,,,,,,,,,,,,,,,,,,,,,,,,,,,,,,,Low-density lipoprotein receptor,10090.0,Mus musculus,,,,,,,,,,,,,,,,,,,,,,,,,,,,,,,,,,,,,,,,,,,,,
RESULT_DESCR,,,,,,,,Standardized activity type (e.g. IC50 rather than Ic-50/Ic50/ic50/ic-50),,1976122,,"Qualifier (e.g. >, <, =) for 'Standard Value'",Standardized activity value transformed to common units: e.g. mM concentrations converted to nM,Selected units for 'Standard Type': e.g. concentrations are in nM,,,,,,,,,,,,,,,,,,,,,,,,,,,,,,,,,,,,,,,,,,,,,,,,,,,,,,,,,,,,,,,,,,,,,,Low-density lipoprotein receptor,10090.0,Mus musculus,,,,,,,,,,,,,,,,,,,,,,,,,,,,,,,,,,,,,,,,,,,,,
RESULT_DESCR,,,,,,,,Standardized activity type (e.g. IC50 rather than Ic-50/Ic50/ic50/ic-50),,1976123,,"Qualifier (e.g. >, <, =) for 'Standard Value'",Standardized activity value transformed to common units: e.g. mM concentrations converted to nM,Selected units for 'Standard Type': e.g. concentrations are in nM,,,,,,,,,,,,,,,,,,,,,,,,,,,,,,,,,,,,,,,,,,,,,,,,,,,,,,,,,,,,,,,,,,,,,,Low-density lipoprotein receptor,10090.0,Mus musculus,,,,,,,,,,,,,,,,,,,,,,,,,,,,,,,,,,,,,,,,,,,,,
RESULT_DESCR,,,,,,,,Standardized activity type (e.g. IC50 rather than Ic-50/Ic50/ic50/ic-50),,1976124,,"Qualifier (e.g. >, <, =) for 'Standard Value'",Standardized activity value transformed to common units: e.g. mM concentrations converted to nM,Selected units for 'Standard Type': e.g. concentrations are in nM,,,,,,,,,,,,,,,,,,,,,,,,,,,,,,,,,,,,,,,,,,,,,,,,,,,,,,,,,,,,,,,,,,,,,,Low-density lipoprotein receptor,10090.0,Mus musculus,,,,,,,,,,,,,,,,,,,,,,,,,,,,,,,,,,,,,,,,,,,,,
RESULT_DESCR,,,,,,,,Standardized activity type (e.g. IC50 rather than Ic-50/Ic50/ic50/ic-50),,1976125,,"Qualifier (e.g. >, <, =) for 'Standard Value'",Standardized activity value transformed to common units: e.g. mM concentrations converted to nM,Selected units for 'Standard Type': e.g. concentrations are in nM,,,,,,,,,,,,,,,,,,,,,,,,,,,,,,,,,,,,,,,,,,,,,,,,,,,,,,,,,,,,,,,,,,,,,,Low-density lipoprotein receptor,10090.0,Mus musculus,,,,,,,,,,,,,,,,,,,,,,,,,,,,,,,,,,,,,,,,,,,,,
RESULT_DESCR,,,,,,,,Standardized activity type (e.g. IC50 rather than Ic-50/Ic50/ic50/ic-50),,1976126,,"Qualifier (e.g. >, <, =) for 'Standard Value'",Standardized activity value transformed to common units: e.g. mM concentrations converted to nM,Selected units for 'Standard Type': e.g. concentrations are in nM,,,,,,,,,,,,,,,,,,,,,,,,,,,,,,,,,,,,,,,,,,,,,,,,,,,,,,,,,,,,,,,,,,,,,,Low-density lipoprotein receptor,10090.0,Mus musculus,,,,,,,,,,,,,,,,,,,,,,,,,,,,,,,,,,,,,,,,,,,,,
RESULT_DESCR,,,,,,,,Standardized activity type (e.g. IC50 rather than Ic-50/Ic50/ic50/ic-50),,1976127,,"Qualifier (e.g. >, <, =) for 'Standard Value'",Standardized activity value transformed to common units: e.g. mM concentrations converted to nM,Selected units for 'Standard Type': e.g. concentrations are in nM,,,,,,,,,,,,,,,,,,,,,,,,,,,,,,,,,,,,,,,,,,,,,,,,,,,,,,,,,,,,,,,,,,,,,,Low-density lipoprotein receptor,10090.0,Mus musculus,,,,,,,,,,,,,,,,,,,,,,,,,,,,,,,,,,,,,,,,,,,,,
RESULT_DESCR,,,,,,,,Standardized activity type (e.g. IC50 rather than Ic-50/Ic50/ic50/ic-50),,1976128,,"Qualifier (e.g. >, <, =) for 'Standard Value'",Standardized activity value transformed to common units: e.g. mM concentrations converted to nM,Selected units for 'Standard Type': e.g. concentrations are in nM,,,,,,,,,,,,,,,,,,,,,,,,,,,,,,,,,,,,,,,,,,,,,,,,,,,,,,,,,,,,,,,,,,,,,,Low-density lipoprotein receptor,10090.0,Mus musculus,,,,,,,,,,,,,,,,,,,,,,,,,,,,,,,,,,,,,,,,,,,,,
RESULT_DESCR,,,,,,,,Standardized activity type (e.g. IC50 rather than Ic-50/Ic50/ic50/ic-50),,1976129,,"Qualifier (e.g. >, <, =) for 'Standard Value'",Standardized activity value transformed to common units: e.g. mM concentrations converted to nM,Selected units for 'Standard Type': e.g. concentrations are in nM,,,,,,,,,,,,,,,,,,,,,,,,,,,,,,,,,,,,,,,,,,,,,,,,,,,,,,,,,,,,,,,,,,,,,,Low-density lipoprotein receptor,10090.0,Mus musculus,,,,,,,,,,,,,,,,,,,,,,,,,,,,,,,,,,,,,,,,,,,,,
RESULT_DESCR,,,,,,,,Standardized activity type (e.g. IC50 rather than Ic-50/Ic50/ic50/ic-50),,1976130,,"Qualifier (e.g. >, <, =) for 'Standard Value'",Standardized activity value transformed to common units: e.g. mM concentrations converted to nM,Selected units for 'Standard Type': e.g. concentrations are in nM,,,,,,,,,,,,,,,,,,,,,,,,,,,,,,,,,,,,,,,,,,,,,,,,,,,,,,,,,,,,,,,,,,,,,,Low-density lipoprotein receptor,10090.0,Mus musculus,,,,,,,,,,,,,,,,,,,,,,,,,,,,,,,,,,,,,,,,,,,,,
RESULT_DESCR,,,,,,,,Standardized activity type (e.g. IC50 rather than Ic-50/Ic50/ic50/ic-50),,1976131,,"Qualifier (e.g. >, <, =) for 'Standard Value'",Standardized activity value transformed to common units: e.g. mM concentrations converted to nM,Selected units for 'Standard Type': e.g. concentrations are in nM,,,,,,,,,,,,,,,,,,,,,,,,,,,,,,,,,,,,,,,,,,,,,,,,,,,,,,,,,,,,,,,,,,,,,,Low-density lipoprotein receptor,10090.0,Mus musculus,,,,,,,,,,,,,,,,,,,,,,,,,,,,,,,,,,,,,,,,,,,,,
RESULT_DESCR,,,,,,,,Standardized activity type (e.g. IC50 rather than Ic-50/Ic50/ic50/ic-50),,1976132,,"Qualifier (e.g. >, <, =) for 'Standard Value'",Standardized activity value transformed to common units: e.g. mM concentrations converted to nM,Selected units for 'Standard Type': e.g. concentrations are in nM,,,,,,,,,,,,,,,,,,,,,,,,,,,,,,,,,,,,,,,,,,,,,,,,,,,,,,,,,,,,,,,,,,,,,,Low-density lipoprotein receptor,10090.0,Mus musculus,,,,,,,,,,,,,,,,,,,,,,,,,,,,,,,,,,,,,,,,,,,,,
RESULT_DESCR,,,,,,,,Standardized activity type (e.g. IC50 rather than Ic-50/Ic50/ic50/ic-50),,1976133,,"Qualifier (e.g. >, <, =) for 'Standard Value'",Standardized activity value transformed to common units: e.g. mM concentrations converted to nM,Selected units for 'Standard Type': e.g. concentrations are in nM,,,,,,,,,,,,,,,,,,,,,,,,,,,,,,,,,,,,,,,,,,,,,,,,,,,,,,,,,,,,,,,,,,,,,,Low-density lipoprotein receptor,10090.0,Mus musculus,,,,,,,,,,,,,,,,,,,,,,,,,,,,,,,,,,,,,,,,,,,,,
RESULT_DESCR,,,,,,,,Standardized activity type (e.g. IC50 rather than Ic-50/Ic50/ic50/ic-50),,1976134,,"Qualifier (e.g. >, <, =) for 'Standard Value'",Standardized activity value transformed to common units: e.g. mM concentrations converted to nM,Selected units for 'Standard Type': e.g. concentrations are in nM,,,,,,,,,,,,,,,,,,,,,,,,,,,,,,,,,,,,,,,,,,,,,,,,,,,,,,,,,,,,,,,,,,,,,,Low-density lipoprotein receptor,10090.0,Mus musculus,,,,,,,,,,,,,,,,,,,,,,,,,,,,,,,,,,,,,,,,,,,,,
RESULT_DESCR,,,,,,,,Standardized activity type (e.g. IC50 rather than Ic-50/Ic50/ic50/ic-50),,1976135,,"Qualifier (e.g. >, <, =) for 'Standard Value'",Standardized activity value transformed to common units: e.g. mM concentrations converted to nM,Selected units for 'Standard Type': e.g. concentrations are in nM,,,,,,,,,,,,,,,,,,,,,,,,,,,,,,,,,,,,,,,,,,,,,,,,,,,,,,,,,,,,,,,,,,,,,,Low-density lipoprotein receptor,10090.0,Mus musculus,,,,,,,,,,,,,,,,,,,,,,,,,,,,,,,,,,,,,,,,,,,,,
RESULT_DESCR,,,,,,,,Standardized activity type (e.g. IC50 rather than Ic-50/Ic50/ic50/ic-50),Additional comments,1976136,,,,,,,,,,,,,,,,,,,,,,,,,,,,,,,,,,,,,,,,,,,,,,,,,,,,,,,,,,,,,,,,,,,,,,,,,,Low-density lipoprotein receptor,10090.0,Mus musculus,,,,,,,,,,,,,,,,,,,,,,,,,,,,,,,,,,,,,,,,,,,,,
RESULT_DESCR,,,,,,,,Standardized activity type (e.g. IC50 rather than Ic-50/Ic50/ic50/ic-50),,1976137,,"Qualifier (e.g. >, <, =) for 'Standard Value'",Standardized activity value transformed to common units: e.g. mM concentrations converted to nM,Selected units for 'Standard Type': e.g. concentrations are in nM,,,,,,,,,,,,,,,,,,,,,,,,,,,,,,,,,,,,,,,,,,,,,,,,,,,,,,,,,,,,,,,,,,,,,,Low-density lipoprotein receptor,10090.0,Mus musculus,,,,,,,,,,,,,,,,,,,,,,,,,,,,,,,,,,,,,,,,,,,,,
RESULT_DESCR,,,,,,,,Standardized activity type (e.g. IC50 rather than Ic-50/Ic50/ic50/ic-50),,1976138,,"Qualifier (e.g. >, <, =) for 'Standard Value'",Standardized activity value transformed to common units: e.g. mM concentrations converted to nM,Selected units for 'Standard Type': e.g. concentrations are in nM,,,,,,,,,,,,,,,,,,,,,,,,,,,,,,,,,,,,,,,,,,,,,,,,,,,,,,,,,,,,,,,,,,,,,,Low-density lipoprotein receptor,10090.0,Mus musculus,,,,,,,,,,,,,,,,,,,,,,,,,,,,,,,,,,,,,,,,,,,,,
RESULT_DESCR,,,,,,,,Standardized activity type (e.g. IC50 rather than Ic-50/Ic50/ic50/ic-50),,1976139,,"Qualifier (e.g. >, <, =) for 'Standard Value'",Standardized activity value transformed to common units: e.g. mM concentrations converted to nM,Selected units for 'Standard Type': e.g. concentrations are in nM,,,,,,,,,,,,,,,,,,,,,,,,,,,,,,,,,,,,,,,,,,,,,,,,,,,,,,,,,,,,,,,,,,,,,,Low-density lipoprotein receptor,10090.0,Mus musculus,,,,,,,,,,,,,,,,,,,,,,,,,,,,,,,,,,,,,,,,,,,,,
RESULT_DESCR,,,,,,,,Standardized activity type (e.g. IC50 rather than Ic-50/Ic50/ic50/ic-50),,1976140,,"Qualifier (e.g. >, <, =) for 'Standard Value'",Standardized activity value transformed to common units: e.g. mM concentrations converted to nM,Selected units for 'Standard Type': e.g. concentrations are in nM,,,,,,,,,,,,,,,,,,,,,,,,,,,,,,,,,,,,,,,,,,,,,,,,,,,,,,,,,,,,,,,,,,,,,,Low-density lipoprotein receptor,10090.0,Mus musculus,,,,,,,,,,,,,,,,,,,,,,,,,,,,,,,,,,,,,,,,,,,,,
RESULT_DESCR,,,,,,,,Standardized activity type (e.g. IC50 rather than Ic-50/Ic50/ic50/ic-50),,1976141,,"Qualifier (e.g. >, <, =) for 'Standard Value'",Standardized activity value transformed to common units: e.g. mM concentrations converted to nM,Selected units for 'Standard Type': e.g. concentrations are in nM,,,,,,,,,,,,,,,,,,,,,,,,,,,,,,,,,,,,,,,,,,,,,,,,,,,,,,,,,,,,,,,,,,,,,,Low-density lipoprotein receptor,10090.0,Mus musculus,,,,,,,,,,,,,,,,,,,,,,,,,,,,,,,,,,,,,,,,,,,,,
RESULT_DESCR,,,,,,,,Standardized activity type (e.g. IC50 rather than Ic-50/Ic50/ic50/ic-50),,1976142,,"Qualifier (e.g. >, <, =) for 'Standard Value'",Standardized activity value transformed to common units: e.g. mM concentrations converted to nM,Selected units for 'Standard Type': e.g. concentrations are in nM,,,,,,,,,,,,,,,,,,,,,,,,,,,,,,,,,,,,,,,,,,,,,,,,,,,,,,,,,,,,,,,,,,,,,,Low-density lipoprotein receptor,10090.0,Mus musculus,,,,,,,,,,,,,,,,,,,,,,,,,,,,,,,,,,,,,,,,,,,,,
RESULT_DESCR,,,,,,,,Standardized activity type (e.g. IC50 rather than Ic-50/Ic50/ic50/ic-50),,1976143,,"Qualifier (e.g. >, <, =) for 'Standard Value'",Standardized activity value transformed to common units: e.g. mM concentrations converted to nM,Selected units for 'Standard Type': e.g. concentrations are in nM,,,,,,,,,,,,,,,,,,,,,,,,,,,,,,,,,,,,,,,,,,,,,,,,,,,,,,,,,,,,,,,,,,,,,,Low-density lipoprotein receptor,10090.0,Mus musculus,,,,,,,,,,,,,,,,,,,,,,,,,,,,,,,,,,,,,,,,,,,,,
RESULT_DESCR,,,,,,,,Standardized activity type (e.g. IC50 rather than Ic-50/Ic50/ic50/ic-50),,1976144,,"Qualifier (e.g. >, <, =) for 'Standard Value'",Standardized activity value transformed to common units: e.g. mM concentrations converted to nM,Selected units for 'Standard Type': e.g. concentrations are in nM,,,,,,,,,,,,,,,,,,,,,,,,,,,,,,,,,,,,,,,,,,,,,,,,,,,,,,,,,,,,,,,,,,,,,,Low-density lipoprotein receptor,10090.0,Mus musculus,,,,,,,,,,,,,,,,,,,,,,,,,,,,,,,,,,,,,,,,,,,,,
RESULT_DESCR,,,,,,,,Standardized activity type (e.g. IC50 rather than Ic-50/Ic50/ic50/ic-50),,1976145,,"Qualifier (e.g. >, <, =) for 'Standard Value'",Standardized activity value transformed to common units: e.g. mM concentrations converted to nM,Selected units for 'Standard Type': e.g. concentrations are in nM,,,,,,,,,,,,,,,,,,,,,,,,,,,,,,,,,,,,,,,,,,,,,,,,,,,,,,,,,,,,,,,,,,,,,,Low-density lipoprotein receptor,10090.0,Mus musculus,,,,,,,,,,,,,,,,,,,,,,,,,,,,,,,,,,,,,,,,,,,,,
RESULT_DESCR,,,,,,,,Standardized activity type (e.g. IC50 rather than Ic-50/Ic50/ic50/ic-50),,1976146,,"Qualifier (e.g. >, <, =) for 'Standard Value'",Standardized activity value transformed to common units: e.g. mM concentrations converted to nM,Selected units for 'Standard Type': e.g. concentrations are in nM,,,,,,,,,,,,,,,,,,,,,,,,,,,,,,,,,,,,,,,,,,,,,,,,,,,,,,,,,,,,,,,,,,,,,,Low-density lipoprotein receptor,10090.0,Mus musculus,,,,,,,,,,,,,,,,,,,,,,,,,,,,,,,,,,,,,,,,,,,,,
RESULT_DESCR,,,,,,,,Standardized activity type (e.g. IC50 rather than Ic-50/Ic50/ic50/ic-50),,1976147,,"Qualifier (e.g. >, <, =) for 'Standard Value'",Standardized activity value transformed to common units: e.g. mM concentrations converted to nM,Selected units for 'Standard Type': e.g. concentrations are in nM,,,,,,,,,,,,,,,,,,,,,,,,,,,,,,,,,,,,,,,,,,,,,,,,,,,,,,,,,,,,,,,,,,,,,,Low-density lipoprotein receptor,10090.0,Mus musculus,,,,,,,,,,,,,,,,,,,,,,,,,,,,,,,,,,,,,,,,,,,,,
RESULT_DESCR,,,,,,,,Standardized activity type (e.g. IC50 rather than Ic-50/Ic50/ic50/ic-50),,1976148,,"Qualifier (e.g. >, <, =) for 'Standard Value'",Standardized activity value transformed to common units: e.g. mM concentrations converted to nM,Selected units for 'Standard Type': e.g. concentrations are in nM,,,,,,,,,,,,,,,,,,,,,,,,,,,,,,,,,,,,,,,,,,,,,,,,,,,,,,,,,,,,,,,,,,,,,,Low-density lipoprotein receptor,10090.0,Mus musculus,,,,,,,,,,,,,,,,,,,,,,,,,,,,,,,,,,,,,,,,,,,,,
RESULT_DESCR,,,,,,,,Standardized activity type (e.g. IC50 rather than Ic-50/Ic50/ic50/ic-50),Additional comments,472566,,,,,,,,,,,,,,,,,,,,,,,,,,,,,,,,,,,,,,,,,,,,,,,,,,,,,,,,,,,,,,,,,,,,,,,,,,Low-density lipoprotein receptor,10090.0,Mus musculus,,,,,,,,,,,,,,,,,,,,,,,,,,,,,,,,,,,,,,,,,,,,,
RESULT_DESCR,,,,,,,,Standardized activity type (e.g. IC50 rather than Ic-50/Ic50/ic50/ic-50),Additional comments,472570,,,,,,,,,,,,,,,,,,,,,,,,,,,,,,,,,,,,,,,,,,,,,,,,,,,,,,,,,,,,,,,,,,,,,,,,,,Low-density lipoprotein receptor,10090.0,Mus musculus,,,,,,,,,,,,,,,,,,,,,,,,,,,,,,,,,,,,,,,,,,,,,
RESULT_DESCR,,,,,,,,Standardized activity type (e.g. IC50 rather than Ic-50/Ic50/ic50/ic-50),Additional comments,472571,,,,,,,,,,,,,,,,,,,,,,,,,,,,,,,,,,,,,,,,,,,,,,,,,,,,,,,,,,,,,,,,,,,,,,,,,,Low-density lipoprotein receptor,10090.0,Mus musculus,,,,,,,,,,,,,,,,,,,,,,,,,,,,,,,,,,,,,,,,,,,,,
RESULT_DESCR,,,,,,,,Standardized activity type (e.g. IC50 rather than Ic-50/Ic50/ic50/ic-50),Additional comments,472586,,,,,,,,,,,,,,,,,,,,,,,,,,,,,,,,,,,,,,,,,,,,,,,,,,,,,,,,,,,,,,,,,,,,,,,,,,Low-density lipoprotein receptor,10090.0,Mus musculus,,,,,,,,,,,,,,,,,,,,,,,,,,,,,,,,,,,,,,,,,,,,,
RESULT_DESCR,,,,,,,,Standardized activity type (e.g. IC50 rather than Ic-50/Ic50/ic50/ic-50),,460831,PubChem standardized value transformed from 'Standard Value'. The unit is always micromolar,"Qualifier (e.g. >, <, =) for 'Standard Value'",Standardized activity value transformed to common units: e.g. mM concentrations converted to nM,Selected units for 'Standard Type': e.g. concentrations are in nM,,,,,,,,,,,,,,,,,,,,,,,,,,,,,,,,,,,,,,,,,,,,,,,,,,,,,,,,,,,,,,,,,,,,,,Low-density lipoprotein receptor,10090.0,Mus musculus,,,,,,,,,,,,,,,,,,,,,,,,,,,,,,,,,,,,,,,,,,,,,
RESULT_DESCR,,,,,,,,Standardized activity type (e.g. IC50 rather than Ic-50/Ic50/ic50/ic-50),Additional comments,460833,,"Qualifier (e.g. >, <, =) for 'Standard Value'",Standardized activity value transformed to common units: e.g. mM concentrations converted to nM,Selected units for 'Standard Type': e.g. concentrations are in nM,,,,,,,,,,,,,,,,,,,,,,,,,,,,,,,,,,,,,,,,,,,,,,,,,,,,,,,,,,,,,,,,,,,,,,Low-density lipoprotein receptor,10090.0,Mus musculus,,,,,,,,,,,,,,,,,,,,,,,,,,,,,,,,,,,,,,,,,,,,,
RESULT_DESCR,,,,,,,,Standardized activity type (e.g. IC50 rather than Ic-50/Ic50/ic50/ic-50),Additional comments,460834,,"Qualifier (e.g. >, <, =) for 'Standard Value'",Standardized activity value transformed to common units: e.g. mM concentrations converted to nM,Selected units for 'Standard Type': e.g. concentrations are in nM,,,,,,,,,,,,,,,,,,,,,,,,,,,,,,,,,,,,,,,,,,,,,,,,,,,,,,,,,,,,,,,,,,,,,,Low-density lipoprotein receptor,10090.0,Mus musculus,,,,,,,,,,,,,,,,,,,,,,,,,,,,,,,,,,,,,,,,,,,,,
RESULT_DESCR,,,,,,,,Standardized activity type (e.g. IC50 rather than Ic-50/Ic50/ic50/ic-50),,460835,,"Qualifier (e.g. >, <, =) for 'Standard Value'",Standardized activity value transformed to common units: e.g. mM concentrations converted to nM,Selected units for 'Standard Type': e.g. concentrations are in nM,,,,,,,,,,,,,,,,,,,,,,,,,,,,,,,,,,,,,,,,,,,,,,,,,,,,,,,,,,,,,,,,,,,,,,Low-density lipoprotein receptor,10090.0,Mus musculus,,,,,,,,,,,,,,,,,,,,,,,,,,,,,,,,,,,,,,,,,,,,,
RESULT_DESCR,,,,,,,,Standardized activity type (e.g. IC50 rather than Ic-50/Ic50/ic50/ic-50),,460838,,"Qualifier (e.g. >, <, =) for 'Standard Value'",Standardized activity value transformed to common units: e.g. mM concentrations converted to nM,Selected units for 'Standard Type': e.g. concentrations are in nM,,,,,,,,,,,,,,,,,,,,,,,,,,,,,,,,,,,,,,,,,,,,,,,,,,,,,,,,,,,,,,,,,,,,,,Low-density lipoprotein receptor,10090.0,Mus musculus,,,,,,,,,,,,,,,,,,,,,,,,,,,,,,,,,,,,,,,,,,,,,
RESULT_DESCR,,,,,,,,Standardized activity type (e.g. IC50 rather than Ic-50/Ic50/ic50/ic-50),,460839,,"Qualifier (e.g. >, <, =) for 'Standard Value'",Standardized activity value transformed to common units: e.g. mM concentrations converted to nM,Selected units for 'Standard Type': e.g. concentrations are in nM,,,,,,,,,,,,,,,,,,,,,,,,,,,,,,,,,,,,,,,,,,,,,,,,,,,,,,,,,,,,,,,,,,,,,,Low-density lipoprotein receptor,10090.0,Mus musculus,,,,,,,,,,,,,,,,,,,,,,,,,,,,,,,,,,,,,,,,,,,,,
RESULT_DESCR,,,,,,,,Standardized activity type (e.g. IC50 rather than Ic-50/Ic50/ic50/ic-50),,460840,,"Qualifier (e.g. >, <, =) for 'Standard Value'",Standardized activity value transformed to common units: e.g. mM concentrations converted to nM,Selected units for 'Standard Type': e.g. concentrations are in nM,,,,,,,,,,,,,,,,,,,,,,,,,,,,,,,,,,,,,,,,,,,,,,,,,,,,,,,,,,,,,,,,,,,,,,Low-density lipoprotein receptor,10090.0,Mus musculus,,,,,,,,,,,,,,,,,,,,,,,,,,,,,,,,,,,,,,,,,,,,,
RESULT_DESCR,,,,,,,,Standardized activity type (e.g. IC50 rather than Ic-50/Ic50/ic50/ic-50),Additional comments,460841,PubChem standardized value transformed from 'Standard Value'. The unit is always micromolar,"Qualifier (e.g. >, <, =) for 'Standard Value'",Standardized activity value transformed to common units: e.g. mM concentrations converted to nM,Selected units for 'Standard Type': e.g. concentrations are in nM,,,,,,,,,,,,,,,,,,,,,,,,,,,,,,,,,,,,,,,,,,,,,,,,,,,,,,,,,,,,,,,,,,,,,,Low-density lipoprotein receptor,10090.0,Mus musculus,,,,,,,,,,,,,,,,,,,,,,,,,,,,,,,,,,,,,,,,,,,,,
RESULT_DESCR,,,,,,,,Standardized activity type (e.g. IC50 rather than Ic-50/Ic50/ic50/ic-50),,460842,,"Qualifier (e.g. >, <, =) for 'Standard Value'",Standardized activity value transformed to common units: e.g. mM concentrations converted to nM,Selected units for 'Standard Type': e.g. concentrations are in nM,,,,,,,,,,,,,,,,,,,,,,,,,,,,,,,,,,,,,,,,,,,,,,,,,,,,,,,,,,,,,,,,,,,,,,Low-density lipoprotein receptor,10090.0,Mus musculus,,,,,,,,,,,,,,,,,,,,,,,,,,,,,,,,,,,,,,,,,,,,,
RESULT_DESCR,,,,,,,,Standardized activity type (e.g. IC50 rather than Ic-50/Ic50/ic50/ic-50),,460843,,"Qualifier (e.g. >, <, =) for 'Standard Value'",Standardized activity value transformed to common units: e.g. mM concentrations converted to nM,Selected units for 'Standard Type': e.g. concentrations are in nM,,,,,,,,,,,,,,,,,,,,,,,,,,,,,,,,,,,,,,,,,,,,,,,,,,,,,,,,,,,,,,,,,,,,,,Low-density lipoprotein receptor,10090.0,Mus musculus,,,,,,,,,,,,,,,,,,,,,,,,,,,,,,,,,,,,,,,,,,,,,
RESULT_DESCR,,,,,,,,Standardized activity type (e.g. IC50 rather than Ic-50/Ic50/ic50/ic-50),,460844,,"Qualifier (e.g. >, <, =) for 'Standard Value'",Standardized activity value transformed to common units: e.g. mM concentrations converted to nM,Selected units for 'Standard Type': e.g. concentrations are in nM,,,,,,,,,,,,,,,,,,,,,,,,,,,,,,,,,,,,,,,,,,,,,,,,,,,,,,,,,,,,,,,,,,,,,,Low-density lipoprotein receptor,10090.0,Mus musculus,,,,,,,,,,,,,,,,,,,,,,,,,,,,,,,,,,,,,,,,,,,,,
RESULT_DESCR,,,,,,,,Standardized activity type (e.g. IC50 rather than Ic-50/Ic50/ic50/ic-50),,460845,,"Qualifier (e.g. >, <, =) for 'Standard Value'",Standardized activity value transformed to common units: e.g. mM concentrations converted to nM,Selected units for 'Standard Type': e.g. concentrations are in nM,,,,,,,,,,,,,,,,,,,,,,,,,,,,,,,,,,,,,,,,,,,,,,,,,,,,,,,,,,,,,,,,,,,,,,Low-density lipoprotein receptor,10090.0,Mus musculus,,,,,,,,,,,,,,,,,,,,,,,,,,,,,,,,,,,,,,,,,,,,,
RESULT_DESCR,,,,,,,,Standardized activity type (e.g. IC50 rather than Ic-50/Ic50/ic50/ic-50),Additional comments,460846,PubChem standardized value transformed from 'Standard Value'. The unit is always micromolar,"Qualifier (e.g. >, <, =) for 'Standard Value'",Standardized activity value transformed to common units: e.g. mM concentrations converted to nM,Selected units for 'Standard Type': e.g. concentrations are in nM,,,,,,,,,,,,,,,,,,,,,,,,,,,,,,,,,,,,,,,,,,,,,,,,,,,,,,,,,,,,,,,,,,,,,,Low-density lipoprotein receptor,10090.0,Mus musculus,,,,,,,,,,,,,,,,,,,,,,,,,,,,,,,,,,,,,,,,,,,,,
RESULT_DESCR,,,,,,,,Standardized activity type (e.g. IC50 rather than Ic-50/Ic50/ic50/ic-50),,460847,,"Qualifier (e.g. >, <, =) for 'Standard Value'",Standardized activity value transformed to common units: e.g. mM concentrations converted to nM,Selected units for 'Standard Type': e.g. concentrations are in nM,,,,,,,,,,,,,,,,,,,,,,,,,,,,,,,,,,,,,,,,,,,,,,,,,,,,,,,,,,,,,,,,,,,,,,Low-density lipoprotein receptor,10090.0,Mus musculus,,,,,,,,,,,,,,,,,,,,,,,,,,,,,,,,,,,,,,,,,,,,,
RESULT_DESCR,,,,,,,,Standardized activity type (e.g. IC50 rather than Ic-50/Ic50/ic50/ic-50),,460848,,"Qualifier (e.g. >, <, =) for 'Standard Value'",Standardized activity value transformed to common units: e.g. mM concentrations converted to nM,Selected units for 'Standard Type': e.g. concentrations are in nM,,,,,,,,,,,,,,,,,,,,,,,,,,,,,,,,,,,,,,,,,,,,,,,,,,,,,,,,,,,,,,,,,,,,,,Low-density lipoprotein receptor,10090.0,Mus musculus,,,,,,,,,,,,,,,,,,,,,,,,,,,,,,,,,,,,,,,,,,,,,
RESULT_DESCR,,,,,,,,Standardized activity type (e.g. IC50 rather than Ic-50/Ic50/ic50/ic-50),Additional comments,460864,,,,,,,,,,,,,,,,,,,,,,,,,,,,,,,,,,,,,,,,,,,,,,,,,,,,,,,,,,,,,,,,,,,,,,,,,,Low-density lipoprotein receptor,10090.0,Mus musculus,,,,,,,,,,,,,,,,,,,,,,,,,,,,,,,,,,,,,,,,,,,,,
RESULT_DESCR,,,,,,,,Standardized activity type (e.g. IC50 rather than Ic-50/Ic50/ic50/ic-50),Additional comments,460865,,,,,,,,,,,,,,,,,,,,,,,,,,,,,,,,,,,,,,,,,,,,,,,,,,,,,,,,,,,,,,,,,,,,,,,,,,Low-density lipoprotein receptor,10090.0,Mus musculus,,,,,,,,,,,,,,,,,,,,,,,,,,,,,,,,,,,,,,,,,,,,,
RESULT_DESCR,,,,,,,,Standardized activity type (e.g. IC50 rather than Ic-50/Ic50/ic50/ic-50),Additional comments,460866,,,,,,,,,,,,,,,,,,,,,,,,,,,,,,,,,,,,,,,,,,,,,,,,,,,,,,,,,,,,,,,,,,,,,,,,,,Low-density lipoprotein receptor,10090.0,Mus musculus,,,,,,,,,,,,,,,,,,,,,,,,,,,,,,,,,,,,,,,,,,,,,
RESULT_DESCR,,,,,,,,Standardized activity type (e.g. IC50 rather than Ic-50/Ic50/ic50/ic-50),,1812661,,"Qualifier (e.g. >, <, =) for 'Standard Value'",Standardized activity value transformed to common units: e.g. mM concentrations converted to nM,Selected units for 'Standard Type': e.g. concentrations are in nM,,,,,,,,,,,,,,,,,,,,,,,,,,,,,,,,,,,,,,,,,,,,,,,,,,,,,,,,,,,,,,,,,,,,,,Low-density lipoprotein receptor,10090.0,Mus musculus,,,,,,,,,,,,,,,,,,,,,,,,,,,,,,,,,,,,,,,,,,,,,
RESULT_DESCR,,,,,,,,Standardized activity type (e.g. IC50 rather than Ic-50/Ic50/ic50/ic-50),Additional comments,1812662,,,,,,,,,,,,,,,,,,,,,,,,,,,,,,,,,,,,,,,,,,,,,,,,,,,,,,,,,,,,,,,,,,,,,,,,,,Low-density lipoprotein receptor,10090.0,Mus musculus,,,,,,,,,,,,,,,,,,,,,,,,,,,,,,,,,,,,,,,,,,,,,
RESULT_DESCR,,,,,,,,Standardized activity type (e.g. IC50 rather than Ic-50/Ic50/ic50/ic-50),Additional comments,1812663,,,,,,,,,,,,,,,,,,,,,,,,,,,,,,,,,,,,,,,,,,,,,,,,,,,,,,,,,,,,,,,,,,,,,,,,,,Low-density lipoprotein receptor,10090.0,Mus musculus,,,,,,,,,,,,,,,,,,,,,,,,,,,,,,,,,,,,,,,,,,,,,
RESULT_DESCR,,,,,,,,Standardized activity type (e.g. IC50 rather than Ic-50/Ic50/ic50/ic-50),Additional comments,1812664,,,,,,,,,,,,,,,,,,,,,,,,,,,,,,,,,,,,,,,,,,,,,,,,,,,,,,,,,,,,,,,,,,,,,,,,,,Low-density lipoprotein receptor,10090.0,Mus musculus,,,,,,,,,,,,,,,,,,,,,,,,,,,,,,,,,,,,,,,,,,,,,
RESULT_DESCR,,,,,,,,Standardized activity type (e.g. IC50 rather than Ic-50/Ic50/ic50/ic-50),Additional comments,1812665,,,,,,,,,,,,,,,,,,,,,,,,,,,,,,,,,,,,,,,,,,,,,,,,,,,,,,,,,,,,,,,,,,,,,,,,,,Low-density lipoprotein receptor,10090.0,Mus musculus,,,,,,,,,,,,,,,,,,,,,,,,,,,,,,,,,,,,,,,,,,,,,
RESULT_DESCR,,,,,,,,Standardized activity type (e.g. IC50 rather than Ic-50/Ic50/ic50/ic-50),Additional comments,1812666,,,,,,,,,,,,,,,,,,,,,,,,,,,,,,,,,,,,,,,,,,,,,,,,,,,,,,,,,,,,,,,,,,,,,,,,,,Low-density lipoprotein receptor,10090.0,Mus musculus,,,,,,,,,,,,,,,,,,,,,,,,,,,,,,,,,,,,,,,,,,,,,
RESULT_DESCR,,,,,,,,Standardized activity type (e.g. IC50 rather than Ic-50/Ic50/ic50/ic-50),Additional comments,1812667,,,,,,,,,,,,,,,,,,,,,,,,,,,,,,,,,,,,,,,,,,,,,,,,,,,,,,,,,,,,,,,,,,,,,,,,,,Low-density lipoprotein receptor,10090.0,Mus musculus,,,,,,,,,,,,,,,,,,,,,,,,,,,,,,,,,,,,,,,,,,,,,
RESULT_DESCR,,,,,,,,Standardized activity type (e.g. IC50 rather than Ic-50/Ic50/ic50/ic-50),,1812668,,"Qualifier (e.g. >, <, =) for 'Standard Value'",Standardized activity value transformed to common units: e.g. mM concentrations converted to nM,,,,,,,,,,,,,,,,,,,,,,,,,,,,,,,,,,,,,,,,,,,,,,,,,,,,,,,,,,,,,,,,,,,,,,,Low-density lipoprotein receptor,10090.0,Mus musculus,,,,,,,,,,,,,,,,,,,,,,,,,,,,,,,,,,,,,,,,,,,,,
RESULT_DESCR,,,,,,,,Standardized activity type (e.g. IC50 rather than Ic-50/Ic50/ic50/ic-50),,1812669,,"Qualifier (e.g. >, <, =) for 'Standard Value'",Standardized activity value transformed to common units: e.g. mM concentrations converted to nM,,,,,,,,,,,,,,,,,,,,,,,,,,,,,,,,,,,,,,,,,,,,,,,,,,,,,,,,,,,,,,,,,,,,,,,Low-density lipoprotein receptor,10090.0,Mus musculus,,,,,,,,,,,,,,,,,,,,,,,,,,,,,,,,,,,,,,,,,,,,,
RESULT_DESCR,,,,,,,,Standardized activity type (e.g. IC50 rather than Ic-50/Ic50/ic50/ic-50),Additional comments,1812670,,,,,,,,,,,,,,,,,,,,,,,,,,,,,,,,,,,,,,,,,,,,,,,,,,,,,,,,,,,,,,,,,,,,,,,,,,Low-density lipoprotein receptor,10090.0,Mus musculus,,,,,,,,,,,,,,,,,,,,,,,,,,,,,,,,,,,,,,,,,,,,,
RESULT_DESCR,,,,,,,,Standardized activity type (e.g. IC50 rather than Ic-50/Ic50/ic50/ic-50),Additional comments,1812671,,,,,,,,,,,,,,,,,,,,,,,,,,,,,,,,,,,,,,,,,,,,,,,,,,,,,,,,,,,,,,,,,,,,,,,,,,Low-density lipoprotein receptor,10090.0,Mus musculus,,,,,,,,,,,,,,,,,,,,,,,,,,,,,,,,,,,,,,,,,,,,,
RESULT_DESCR,,,,,,,,Standardized activity type (e.g. IC50 rather than Ic-50/Ic50/ic50/ic-50),Additional comments,1812672,,,,,,,,,,,,,,,,,,,,,,,,,,,,,,,,,,,,,,,,,,,,,,,,,,,,,,,,,,,,,,,,,,,,,,,,,,Low-density lipoprotein receptor,10090.0,Mus musculus,,,,,,,,,,,,,,,,,,,,,,,,,,,,,,,,,,,,,,,,,,,,,
RESULT_DESCR,,,,,,,,Standardized activity type (e.g. IC50 rather than Ic-50/Ic50/ic50/ic-50),Additional comments,1812673,,,,,,,,,,,,,,,,,,,,,,,,,,,,,,,,,,,,,,,,,,,,,,,,,,,,,,,,,,,,,,,,,,,,,,,,,,Low-density lipoprotein receptor,10090.0,Mus musculus,,,,,,,,,,,,,,,,,,,,,,,,,,,,,,,,,,,,,,,,,,,,,
RESULT_DESCR,,,,,,,,Standardized activity type (e.g. IC50 rather than Ic-50/Ic50/ic50/ic-50),Additional comments,1812674,,,,,,,,,,,,,,,,,,,,,,,,,,,,,,,,,,,,,,,,,,,,,,,,,,,,,,,,,,,,,,,,,,,,,,,,,,Low-density lipoprotein receptor,10090.0,Mus musculus,,,,,,,,,,,,,,,,,,,,,,,,,,,,,,,,,,,,,,,,,,,,,
RESULT_DESCR,,,,,,,,Standardized activity type (e.g. IC50 rather than Ic-50/Ic50/ic50/ic-50),Additional comments,1812675,,,,,,,,,,,,,,,,,,,,,,,,,,,,,,,,,,,,,,,,,,,,,,,,,,,,,,,,,,,,,,,,,,,,,,,,,,Low-density lipoprotein receptor,10090.0,Mus musculus,,,,,,,,,,,,,,,,,,,,,,,,,,,,,,,,,,,,,,,,,,,,,
RESULT_DESCR,,,,,,,,Standardized activity type (e.g. IC50 rather than Ic-50/Ic50/ic50/ic-50),Additional comments,1812676,,,,,,,,,,,,,,,,,,,,,,,,,,,,,,,,,,,,,,,,,,,,,,,,,,,,,,,,,,,,,,,,,,,,,,,,,,Low-density lipoprotein receptor,10090.0,Mus musculus,,,,,,,,,,,,,,,,,,,,,,,,,,,,,,,,,,,,,,,,,,,,,
RESULT_DESCR,,,,,,,,Standardized activity type (e.g. IC50 rather than Ic-50/Ic50/ic50/ic-50),Additional comments,1812677,,,,,,,,,,,,,,,,,,,,,,,,,,,,,,,,,,,,,,,,,,,,,,,,,,,,,,,,,,,,,,,,,,,,,,,,,,Low-density lipoprotein receptor,10090.0,Mus musculus,,,,,,,,,,,,,,,,,,,,,,,,,,,,,,,,,,,,,,,,,,,,,
RESULT_DESCR,,,,,,,,Standardized activity type (e.g. IC50 rather than Ic-50/Ic50/ic50/ic-50),Additional comments,1812678,,,,,,,,,,,,,,,,,,,,,,,,,,,,,,,,,,,,,,,,,,,,,,,,,,,,,,,,,,,,,,,,,,,,,,,,,,Low-density lipoprotein receptor,10090.0,Mus musculus,,,,,,,,,,,,,,,,,,,,,,,,,,,,,,,,,,,,,,,,,,,,,
RESULT_DESCR,,,,,,,,Standardized activity type (e.g. IC50 rather than Ic-50/Ic50/ic50/ic-50),Additional comments,1812679,,,,,,,,,,,,,,,,,,,,,,,,,,,,,,,,,,,,,,,,,,,,,,,,,,,,,,,,,,,,,,,,,,,,,,,,,,Low-density lipoprotein receptor,10090.0,Mus musculus,,,,,,,,,,,,,,,,,,,,,,,,,,,,,,,,,,,,,,,,,,,,,
RESULT_DESCR,,,,,,,,Standardized activity type (e.g. IC50 rather than Ic-50/Ic50/ic50/ic-50),Additional comments,1812680,,,,,,,,,,,,,,,,,,,,,,,,,,,,,,,,,,,,,,,,,,,,,,,,,,,,,,,,,,,,,,,,,,,,,,,,,,Low-density lipoprotein receptor,10090.0,Mus musculus,,,,,,,,,,,,,,,,,,,,,,,,,,,,,,,,,,,,,,,,,,,,,
RESULT_DESCR,,,,,,,,Standardized activity type (e.g. IC50 rather than Ic-50/Ic50/ic50/ic-50),Additional comments,1812681,,,,,,,,,,,,,,,,,,,,,,,,,,,,,,,,,,,,,,,,,,,,,,,,,,,,,,,,,,,,,,,,,,,,,,,,,,Low-density lipoprotein receptor,10090.0,Mus musculus,,,,,,,,,,,,,,,,,,,,,,,,,,,,,,,,,,,,,,,,,,,,,
RESULT_DESCR,,,,,,,,Standardized activity type (e.g. IC50 rather than Ic-50/Ic50/ic50/ic-50),Additional comments,1812694,,,,,,,,,,,,,,,,,,,,,,,,,,,,,,,,,,,,,,,,,,,,,,,,,,,,,,,,,,,,,,,,,,,,,,,,,,Low-density lipoprotein receptor,10090.0,Mus musculus,,,,,,,,,,,,,,,,,,,,,,,,,,,,,,,,,,,,,,,,,,,,,
RESULT_DESCR,,,,,,,,Standardized activity type (e.g. IC50 rather than Ic-50/Ic50/ic50/ic-50),Additional comments,1812695,,,,,,,,,,,,,,,,,,,,,,,,,,,,,,,,,,,,,,,,,,,,,,,,,,,,,,,,,,,,,,,,,,,,,,,,,,Low-density lipoprotein receptor,10090.0,Mus musculus,,,,,,,,,,,,,,,,,,,,,,,,,,,,,,,,,,,,,,,,,,,,,
RESULT_DESCR,,,,,,,,Standardized activity type (e.g. IC50 rather than Ic-50/Ic50/ic50/ic-50),Additional comments,1812696,,,,,,,,,,,,,,,,,,,,,,,,,,,,,,,,,,,,,,,,,,,,,,,,,,,,,,,,,,,,,,,,,,,,,,,,,,Low-density lipoprotein receptor,10090.0,Mus musculus,,,,,,,,,,,,,,,,,,,,,,,,,,,,,,,,,,,,,,,,,,,,,
RESULT_DESCR,,,,,,,,Standardized activity type (e.g. IC50 rather than Ic-50/Ic50/ic50/ic-50),Additional comments,1812697,,,,,,,,,,,,,,,,,,,,,,,,,,,,,,,,,,,,,,,,,,,,,,,,,,,,,,,,,,,,,,,,,,,,,,,,,,Low-density lipoprotein receptor,10090.0,Mus musculus,,,,,,,,,,,,,,,,,,,,,,,,,,,,,,,,,,,,,,,,,,,,,
RESULT_DESCR,,,,,,,,Standardized activity type (e.g. IC50 rather than Ic-50/Ic50/ic50/ic-50),,1812698,,"Qualifier (e.g. >, <, =) for 'Standard Value'",Standardized activity value transformed to common units: e.g. mM concentrations converted to nM,,,,,,,,,,,,,,,,,,,,,,,,,,,,,,,,,,,,,,,,,,,,,,,,,,,,,,,,,,,,,,,,,,,,,,,Low-density lipoprotein receptor,10090.0,Mus musculus,,,,,,,,,,,,,,,,,,,,,,,,,,,,,,,,,,,,,,,,,,,,,
RESULT_DESCR,,,,,,,,Standardized activity type (e.g. IC50 rather than Ic-50/Ic50/ic50/ic-50),,1812699,,"Qualifier (e.g. >, <, =) for 'Standard Value'",Standardized activity value transformed to common units: e.g. mM concentrations converted to nM,,,,,,,,,,,,,,,,,,,,,,,,,,,,,,,,,,,,,,,,,,,,,,,,,,,,,,,,,,,,,,,,,,,,,,,Low-density lipoprotein receptor,10090.0,Mus musculus,,,,,,,,,,,,,,,,,,,,,,,,,,,,,,,,,,,,,,,,,,,,,
RESULT_DESCR,,,,,,,,Standardized activity type (e.g. IC50 rather than Ic-50/Ic50/ic50/ic-50),,1812700,,"Qualifier (e.g. >, <, =) for 'Standard Value'",Standardized activity value transformed to common units: e.g. mM concentrations converted to nM,,,,,,,,,,,,,,,,,,,,,,,,,,,,,,,,,,,,,,,,,,,,,,,,,,,,,,,,,,,,,,,,,,,,,,,Low-density lipoprotein receptor,10090.0,Mus musculus,,,,,,,,,,,,,,,,,,,,,,,,,,,,,,,,,,,,,,,,,,,,,
RESULT_DESCR,,,,,,,,Standardized activity type (e.g. IC50 rather than Ic-50/Ic50/ic50/ic-50),,1812701,,"Qualifier (e.g. >, <, =) for 'Standard Value'",Standardized activity value transformed to common units: e.g. mM concentrations converted to nM,,,,,,,,,,,,,,,,,,,,,,,,,,,,,,,,,,,,,,,,,,,,,,,,,,,,,,,,,,,,,,,,,,,,,,,Low-density lipoprotein receptor,10090.0,Mus musculus,,,,,,,,,,,,,,,,,,,,,,,,,,,,,,,,,,,,,,,,,,,,,
RESULT_DESCR,,,,,,,,Standardized activity type (e.g. IC50 rather than Ic-50/Ic50/ic50/ic-50),Additional comments,1571038,PubChem standardized value transformed from 'Standard Value'. The unit is always micromolar,"Qualifier (e.g. >, <, =) for 'Standard Value'",Standardized activity value transformed to common units: e.g. mM concentrations converted to nM,Selected units for 'Standard Type': e.g. concentrations are in nM,,,,,,,,,,,,,,,,,,,,,,,,,,,,,,,,,,,,,,,,,,,,,,,,,,,,,,,,,,,,,,,,,,,,,,Low-density lipoprotein receptor,10090.0,Mus musculus,,,,,,,,,,,,,,,,,,,,,,,,,,,,,,,,,,,,,,,,,,,,,
RESULT_DESCR,,,,,,,,Standardized activity type (e.g. IC50 rather than Ic-50/Ic50/ic50/ic-50),,1812703,,"Qualifier (e.g. >, <, =) for 'Standard Value'",Standardized activity value transformed to common units: e.g. mM concentrations converted to nM,,,,,,,,,,,,,,,,,,,,,,,,,,,,,,,,,,,,,,,,,,,,,,,,,,,,,,,,,,,,,,,,,,,,,,,Low-density lipoprotein receptor,10090.0,Mus musculus,,,,,,,,,,,,,,,,,,,,,,,,,,,,,,,,,,,,,,,,,,,,,
RESULT_DESCR,,,,,,,,Standardized activity type (e.g. IC50 rather than Ic-50/Ic50/ic50/ic-50),,1812705,,"Qualifier (e.g. >, <, =) for 'Standard Value'",Standardized activity value transformed to common units: e.g. mM concentrations converted to nM,,,,,,,,,,,,,,,,,,,,,,,,,,,,,,,,,,,,,,,,,,,,,,,,,,,,,,,,,,,,,,,,,,,,,,,Low-density lipoprotein receptor,10090.0,Mus musculus,,,,,,,,,,,,,,,,,,,,,,,,,,,,,,,,,,,,,,,,,,,,,
RESULT_DESCR,,,,,,,,Standardized activity type (e.g. IC50 rather than Ic-50/Ic50/ic50/ic-50),,1812706,,"Qualifier (e.g. >, <, =) for 'Standard Value'",Standardized activity value transformed to common units: e.g. mM concentrations converted to nM,Selected units for 'Standard Type': e.g. concentrations are in nM,,,,,,,,,,,,,,,,,,,,,,,,,,,,,,,,,,,,,,,,,,,,,,,,,,,,,,,,,,,,,,,,,,,,,,Low-density lipoprotein receptor,10090.0,Mus musculus,,,,,,,,,,,,,,,,,,,,,,,,,,,,,,,,,,,,,,,,,,,,,
RESULT_DESCR,,,,,,,,Standardized activity type (e.g. IC50 rather than Ic-50/Ic50/ic50/ic-50),,1812707,,"Qualifier (e.g. >, <, =) for 'Standard Value'",Standardized activity value transformed to common units: e.g. mM concentrations converted to nM,Selected units for 'Standard Type': e.g. concentrations are in nM,,,,,,,,,,,,,,,,,,,,,,,,,,,,,,,,,,,,,,,,,,,,,,,,,,,,,,,,,,,,,,,,,,,,,,Low-density lipoprotein receptor,10090.0,Mus musculus,,,,,,,,,,,,,,,,,,,,,,,,,,,,,,,,,,,,,,,,,,,,,
RESULT_DESCR,,,,,,,,Standardized activity type (e.g. IC50 rather than Ic-50/Ic50/ic50/ic-50),Additional comments,1571044,PubChem standardized value transformed from 'Standard Value'. The unit is always micromolar,"Qualifier (e.g. >, <, =) for 'Standard Value'",Standardized activity value transformed to common units: e.g. mM concentrations converted to nM,Selected units for 'Standard Type': e.g. concentrations are in nM,,,,,,,,,,,,,,,,,,,,,,,,,,,,,,,,,,,,,,,,,,,,,,,,,,,,,,,,,,,,,,,,,,,,,,Low-density lipoprotein receptor,10090.0,Mus musculus,,,,,,,,,,,,,,,,,,,,,,,,,,,,,,,,,,,,,,,,,,,,,
RESULT_DESCR,,,,,,,,Standardized activity type (e.g. IC50 rather than Ic-50/Ic50/ic50/ic-50),,1812709,,"Qualifier (e.g. >, <, =) for 'Standard Value'",Standardized activity value transformed to common units: e.g. mM concentrations converted to nM,,,,,,,,,,,,,,,,,,,,,,,,,,,,,,,,,,,,,,,,,,,,,,,,,,,,,,,,,,,,,,,,,,,,,,,Low-density lipoprotein receptor,10090.0,Mus musculus,,,,,,,,,,,,,,,,,,,,,,,,,,,,,,,,,,,,,,,,,,,,,
RESULT_DESCR,,,,,,,,Standardized activity type (e.g. IC50 rather than Ic-50/Ic50/ic50/ic-50),,1812710,,"Qualifier (e.g. >, <, =) for 'Standard Value'",Standardized activity value transformed to common units: e.g. mM concentrations converted to nM,Selected units for 'Standard Type': e.g. concentrations are in nM,,,,,,,,,,,,,,,,,,,,,,,,,,,,,,,,,,,,,,,,,,,,,,,,,,,,,,,,,,,,,,,,,,,,,,Low-density lipoprotein receptor,10090.0,Mus musculus,,,,,,,,,,,,,,,,,,,,,,,,,,,,,,,,,,,,,,,,,,,,,
RESULT_DESCR,,,,,,,,Standardized activity type (e.g. IC50 rather than Ic-50/Ic50/ic50/ic-50),,1812711,,"Qualifier (e.g. >, <, =) for 'Standard Value'",Standardized activity value transformed to common units: e.g. mM concentrations converted to nM,Selected units for 'Standard Type': e.g. concentrations are in nM,,,,,,,,,,,,,,,,,,,,,,,,,,,,,,,,,,,,,,,,,,,,,,,,,,,,,,,,,,,,,,,,,,,,,,Low-density lipoprotein receptor,10090.0,Mus musculus,,,,,,,,,,,,,,,,,,,,,,,,,,,,,,,,,,,,,,,,,,,,,
RESULT_DESCR,,,,,,,,Standardized activity type (e.g. IC50 rather than Ic-50/Ic50/ic50/ic-50),,1812712,,"Qualifier (e.g. >, <, =) for 'Standard Value'",Standardized activity value transformed to common units: e.g. mM concentrations converted to nM,Selected units for 'Standard Type': e.g. concentrations are in nM,,,,,,,,,,,,,,,,,,,,,,,,,,,,,,,,,,,,,,,,,,,,,,,,,,,,,,,,,,,,,,,,,,,,,,Low-density lipoprotein receptor,10090.0,Mus musculus,,,,,,,,,,,,,,,,,,,,,,,,,,,,,,,,,,,,,,,,,,,,,
RESULT_DESCR,,,,,,,,Standardized activity type (e.g. IC50 rather than Ic-50/Ic50/ic50/ic-50),,1812713,,"Qualifier (e.g. >, <, =) for 'Standard Value'",Standardized activity value transformed to common units: e.g. mM concentrations converted to nM,,,,,,,,,,,,,,,,,,,,,,,,,,,,,,,,,,,,,,,,,,,,,,,,,,,,,,,,,,,,,,,,,,,,,,,Low-density lipoprotein receptor,10090.0,Mus musculus,,,,,,,,,,,,,,,,,,,,,,,,,,,,,,,,,,,,,,,,,,,,,
RESULT_DESCR,,,,,,,,Standardized activity type (e.g. IC50 rather than Ic-50/Ic50/ic50/ic-50),Additional comments,1812714,,,,,,,,,,,,,,,,,,,,,,,,,,,,,,,,,,,,,,,,,,,,,,,,,,,,,,,,,,,,,,,,,,,,,,,,,,Low-density lipoprotein receptor,10090.0,Mus musculus,,,,,,,,,,,,,,,,,,,,,,,,,,,,,,,,,,,,,,,,,,,,,
RESULT_DESCR,,,,,,,,Standardized activity type (e.g. IC50 rather than Ic-50/Ic50/ic50/ic-50),Additional comments,1812715,,,,,,,,,,,,,,,,,,,,,,,,,,,,,,,,,,,,,,,,,,,,,,,,,,,,,,,,,,,,,,,,,,,,,,,,,,Low-density lipoprotein receptor,10090.0,Mus musculus,,,,,,,,,,,,,,,,,,,,,,,,,,,,,,,,,,,,,,,,,,,,,
RESULT_DESCR,,,,,,,,Standardized activity type (e.g. IC50 rather than Ic-50/Ic50/ic50/ic-50),,1812716,,"Qualifier (e.g. >, <, =) for 'Standard Value'",Standardized activity value transformed to common units: e.g. mM concentrations converted to nM,Selected units for 'Standard Type': e.g. concentrations are in nM,,,,,,,,,,,,,,,,,,,,,,,,,,,,,,,,,,,,,,,,,,,,,,,,,,,,,,,,,,,,,,,,,,,,,,Low-density lipoprotein receptor,10090.0,Mus musculus,,,,,,,,,,,,,,,,,,,,,,,,,,,,,,,,,,,,,,,,,,,,,
RESULT_DESCR,,,,,,,,Standardized activity type (e.g. IC50 rather than Ic-50/Ic50/ic50/ic-50),,1812717,,"Qualifier (e.g. >, <, =) for 'Standard Value'",Standardized activity value transformed to common units: e.g. mM concentrations converted to nM,Selected units for 'Standard Type': e.g. concentrations are in nM,,,,,,,,,,,,,,,,,,,,,,,,,,,,,,,,,,,,,,,,,,,,,,,,,,,,,,,,,,,,,,,,,,,,,,Low-density lipoprotein receptor,10090.0,Mus musculus,,,,,,,,,,,,,,,,,,,,,,,,,,,,,,,,,,,,,,,,,,,,,
RESULT_DESCR,,,,,,,,Standardized activity type (e.g. IC50 rather than Ic-50/Ic50/ic50/ic-50),Additional comments,1812718,,,,,,,,,,,,,,,,,,,,,,,,,,,,,,,,,,,,,,,,,,,,,,,,,,,,,,,,,,,,,,,,,,,,,,,,,,Low-density lipoprotein receptor,10090.0,Mus musculus,,,,,,,,,,,,,,,,,,,,,,,,,,,,,,,,,,,,,,,,,,,,,
RESULT_DESCR,,,,,,,,Standardized activity type (e.g. IC50 rather than Ic-50/Ic50/ic50/ic-50),,1812719,,"Qualifier (e.g. >, <, =) for 'Standard Value'",Standardized activity value transformed to common units: e.g. mM concentrations converted to nM,,,,,,,,,,,,,,,,,,,,,,,,,,,,,,,,,,,,,,,,,,,,,,,,,,,,,,,,,,,,,,,,,,,,,,,Low-density lipoprotein receptor,10090.0,Mus musculus,,,,,,,,,,,,,,,,,,,,,,,,,,,,,,,,,,,,,,,,,,,,,
RESULT_DESCR,,,,,,,,Standardized activity type (e.g. IC50 rather than Ic-50/Ic50/ic50/ic-50),,1812720,,"Qualifier (e.g. >, <, =) for 'Standard Value'",Standardized activity value transformed to common units: e.g. mM concentrations converted to nM,Selected units for 'Standard Type': e.g. concentrations are in nM,,,,,,,,,,,,,,,,,,,,,,,,,,,,,,,,,,,,,,,,,,,,,,,,,,,,,,,,,,,,,,,,,,,,,,Low-density lipoprotein receptor,10090.0,Mus musculus,,,,,,,,,,,,,,,,,,,,,,,,,,,,,,,,,,,,,,,,,,,,,
RESULT_DESCR,,,,,,,,Standardized activity type (e.g. IC50 rather than Ic-50/Ic50/ic50/ic-50),Additional comments,1812721,,,,,,,,,,,,,,,,,,,,,,,,,,,,,,,,,,,,,,,,,,,,,,,,,,,,,,,,,,,,,,,,,,,,,,,,,,Low-density lipoprotein receptor,10090.0,Mus musculus,,,,,,,,,,,,,,,,,,,,,,,,,,,,,,,,,,,,,,,,,,,,,
RESULT_DESCR,,,,,,,,Standardized activity type (e.g. IC50 rather than Ic-50/Ic50/ic50/ic-50),,1812722,,"Qualifier (e.g. >, <, =) for 'Standard Value'",Standardized activity value transformed to common units: e.g. mM concentrations converted to nM,Selected units for 'Standard Type': e.g. concentrations are in nM,,,,,,,,,,,,,,,,,,,,,,,,,,,,,,,,,,,,,,,,,,,,,,,,,,,,,,,,,,,,,,,,,,,,,,Low-density lipoprotein receptor,10090.0,Mus musculus,,,,,,,,,,,,,,,,,,,,,,,,,,,,,,,,,,,,,,,,,,,,,
RESULT_DESCR,,,,,,,,Standardized activity type (e.g. IC50 rather than Ic-50/Ic50/ic50/ic-50),Additional comments,1812723,,,,,,,,,,,,,,,,,,,,,,,,,,,,,,,,,,,,,,,,,,,,,,,,,,,,,,,,,,,,,,,,,,,,,,,,,,Low-density lipoprotein receptor,10090.0,Mus musculus,,,,,,,,,,,,,,,,,,,,,,,,,,,,,,,,,,,,,,,,,,,,,
RESULT_DESCR,,,,,,,,Standardized activity type (e.g. IC50 rather than Ic-50/Ic50/ic50/ic-50),Additional comments,1812724,,,,,,,,,,,,,,,,,,,,,,,,,,,,,,,,,,,,,,,,,,,,,,,,,,,,,,,,,,,,,,,,,,,,,,,,,,Low-density lipoprotein receptor,10090.0,Mus musculus,,,,,,,,,,,,,,,,,,,,,,,,,,,,,,,,,,,,,,,,,,,,,
RESULT_DESCR,,,,,,,,Standardized activity type (e.g. IC50 rather than Ic-50/Ic50/ic50/ic-50),Additional comments,1812738,PubChem standardized value transformed from 'Standard Value'. The unit is always micromolar,"Qualifier (e.g. >, <, =) for 'Standard Value'",Standardized activity value transformed to common units: e.g. mM concentrations converted to nM,Selected units for 'Standard Type': e.g. concentrations are in nM,,,,,,,,,,,,,,,,,,,,,,,,,,,,,,,,,,,,,,,,,,,,,,,,,,,,,,,,,,,,,,,,,,,,,,Low-density lipoprotein receptor,10090.0,Mus musculus,,,,,,,,,,,,,,,,,,,,,,,,,,,,,,,,,,,,,,,,,,,,,
RESULT_DESCR,,,,,,,,Standardized activity type (e.g. IC50 rather than Ic-50/Ic50/ic50/ic-50),,1812740,,"Qualifier (e.g. >, <, =) for 'Standard Value'",Standardized activity value transformed to common units: e.g. mM concentrations converted to nM,Selected units for 'Standard Type': e.g. concentrations are in nM,,,,,,,,,,,,,,,,,,,,,,,,,,,,,,,,,,,,,,,,,,,,,,,,,,,,,,,,,,,,,,,,,,,,,,Low-density lipoprotein receptor,10090.0,Mus musculus,,,,,,,,,,,,,,,,,,,,,,,,,,,,,,,,,,,,,,,,,,,,,
RESULT_DESCR,,,,,,,,Standardized activity type (e.g. IC50 rather than Ic-50/Ic50/ic50/ic-50),,1812741,,,,,,,,,,,,,,,,,,,,,,,,,,,,,,,,,,,,,,,,,,,,,,,,,,,,,,,,,,,,,,,,,,,,,,,,,Standardized version of non-numeric measurement,Low-density lipoprotein receptor,10090.0,Mus musculus,,,,,,,,,,,,,,,,,,,,,,,,,,,,,,,,,,,,,,,,,,,,,
RESULT_DESCR,,,,,,,,Standardized activity type (e.g. IC50 rather than Ic-50/Ic50/ic50/ic-50),,1812742,,"Qualifier (e.g. >, <, =) for 'Standard Value'",Standardized activity value transformed to common units: e.g. mM concentrations converted to nM,Selected units for 'Standard Type': e.g. concentrations are in nM,,,,,,,,,,,,,,,,,,,,,,,,,,,,,,,,,,,,,,,,,,,,,,,,,,,,,,,,,,,,,,,,,,,,,,Low-density lipoprotein receptor,10090.0,Mus musculus,,,,,,,,,,,,,,,,,,,,,,,,,,,,,,,,,,,,,,,,,,,,,
RESULT_DESCR,,,,,,,,Standardized activity type (e.g. IC50 rather than Ic-50/Ic50/ic50/ic-50),Additional comments,1812743,,,,,,,,,,,,,,,,,,,,,,,,,,,,,,,,,,,,,,,,,,,,,,,,,,,,,,,,,,,,,,,,,,,,,,,,,,Low-density lipoprotein receptor,10090.0,Mus musculus,,,,,,,,,,,,,,,,,,,,,,,,,,,,,,,,,,,,,,,,,,,,,
RESULT_DESCR,,,,,,,,Standardized activity type (e.g. IC50 rather than Ic-50/Ic50/ic50/ic-50),,747919,,"Qualifier (e.g. >, <, =) for 'Standard Value'",Standardized activity value transformed to common units: e.g. mM concentrations converted to nM,Selected units for 'Standard Type': e.g. concentrations are in nM,,,,,,,,,,,,,,,,,,,,,,,,,,,,,,,,,,,,,,,,,,,,,,,,,,,,,,,,,,,,,,,,,,,,,,Low-density lipoprotein receptor,10090.0,Mus musculus,,,,,,,,,,,,,,,,,,,,,,,,,,,,,,,,,,,,,,,,,,,,,
RESULT_DESCR,,,,,,,,Standardized activity type (e.g. IC50 rather than Ic-50/Ic50/ic50/ic-50),Additional comments,371093,,,,,,,,,,,,,,,,,,,,,,,,,,,,,,,,,,,,,,,,,,,,,,,,,,,,,,,,,,,,,,,,,,,,,,,,,,Low-density lipoprotein receptor,10090.0,Mus musculus,,,,,,,,,,,,,,,,,,,,,,,,,,,,,,,,,,,,,,,,,,,,,
RESULT_DESCR,,,,,,,,Standardized activity type (e.g. IC50 rather than Ic-50/Ic50/ic50/ic-50),Additional comments,371094,,,,,,,,,,,,,,,,,,,,,,,,,,,,,,,,,,,,,,,,,,,,,,,,,,,,,,,,,,,,,,,,,,,,,,,,,,Low-density lipoprotein receptor,10090.0,Mus musculus,,,,,,,,,,,,,,,,,,,,,,,,,,,,,,,,,,,,,,,,,,,,,
RESULT_DESCR,,,,,,,,Standardized activity type (e.g. IC50 rather than Ic-50/Ic50/ic50/ic-50),Additional comments,371095,,,,,,,,,,,,,,,,,,,,,,,,,,,,,,,,,,,,,,,,,,,,,,,,,,,,,,,,,,,,,,,,,,,,,,,,,,Low-density lipoprotein receptor,10090.0,Mus musculus,,,,,,,,,,,,,,,,,,,,,,,,,,,,,,,,,,,,,,,,,,,,,
RESULT_DESCR,,,,,,,,Standardized activity type (e.g. IC50 rather than Ic-50/Ic50/ic50/ic-50),Additional comments,371096,,,,,,,,,,,,,,,,,,,,,,,,,,,,,,,,,,,,,,,,,,,,,,,,,,,,,,,,,,,,,,,,,,,,,,,,,,Low-density lipoprotein receptor,10090.0,Mus musculus,,,,,,,,,,,,,,,,,,,,,,,,,,,,,,,,,,,,,,,,,,,,,
RESULT_DESCR,,,,,,,,Standardized activity type (e.g. IC50 rather than Ic-50/Ic50/ic50/ic-50),Additional comments,371097,,,,,,,,,,,,,,,,,,,,,,,,,,,,,,,,,,,,,,,,,,,,,,,,,,,,,,,,,,,,,,,,,,,,,,,,,,Low-density lipoprotein receptor,10090.0,Mus musculus,,,,,,,,,,,,,,,,,,,,,,,,,,,,,,,,,,,,,,,,,,,,,
RESULT_DESCR,,,,,,,,Standardized activity type (e.g. IC50 rather than Ic-50/Ic50/ic50/ic-50),Additional comments,371098,,,,,,,,,,,,,,,,,,,,,,,,,,,,,,,,,,,,,,,,,,,,,,,,,,,,,,,,,,,,,,,,,,,,,,,,,,Low-density lipoprotein receptor,10090.0,Mus musculus,,,,,,,,,,,,,,,,,,,,,,,,,,,,,,,,,,,,,,,,,,,,,
RESULT_DESCR,,,,,,,,Standardized activity type (e.g. IC50 rather than Ic-50/Ic50/ic50/ic-50),Additional comments,371099,,,,,,,,,,,,,,,,,,,,,,,,,,,,,,,,,,,,,,,,,,,,,,,,,,,,,,,,,,,,,,,,,,,,,,,,,,Low-density lipoprotein receptor,10090.0,Mus musculus,,,,,,,,,,,,,,,,,,,,,,,,,,,,,,,,,,,,,,,,,,,,,
RESULT_DESCR,,,,,,,,Standardized activity type (e.g. IC50 rather than Ic-50/Ic50/ic50/ic-50),Additional comments,371100,,,,,,,,,,,,,,,,,,,,,,,,,,,,,,,,,,,,,,,,,,,,,,,,,,,,,,,,,,,,,,,,,,,,,,,,,,Low-density lipoprotein receptor,10090.0,Mus musculus,,,,,,,,,,,,,,,,,,,,,,,,,,,,,,,,,,,,,,,,,,,,,
RESULT_DESCR,,,,,,,,Standardized activity type (e.g. IC50 rather than Ic-50/Ic50/ic50/ic-50),,1812702,,"Qualifier (e.g. >, <, =) for 'Standard Value'",Standardized activity value transformed to common units: e.g. mM concentrations converted to nM,,,,,,,,,,,,,,,,,,,,,,,,,,,,,,,,,,,,,,,,,,,,,,,,,,,,,,,,,,,,,,,,,,,,,,,Low-density lipoprotein receptor,10090.0,Mus musculus,,,,,,,,,,,,,,,,,,,,,,,,,,,,,,,,,,,,,,,,,,,,,
RESULT_DESCR,,,,,,,,Standardized activity type (e.g. IC50 rather than Ic-50/Ic50/ic50/ic-50),Additional comments,371102,,,,,,,,,,,,,,,,,,,,,,,,,,,,,,,,,,,,,,,,,,,,,,,,,,,,,,,,,,,,,,,,,,,,,,,,,,Low-density lipoprotein receptor,10090.0,Mus musculus,,,,,,,,,,,,,,,,,,,,,,,,,,,,,,,,,,,,,,,,,,,,,
RESULT_DESCR,,,,,,,,Standardized activity type (e.g. IC50 rather than Ic-50/Ic50/ic50/ic-50),Additional comments,371103,,,,,,,,,,,,,,,,,,,,,,,,,,,,,,,,,,,,,,,,,,,,,,,,,,,,,,,,,,,,,,,,,,,,,,,,,,Low-density lipoprotein receptor,10090.0,Mus musculus,,,,,,,,,,,,,,,,,,,,,,,,,,,,,,,,,,,,,,,,,,,,,
RESULT_DESCR,,,,,,,,Standardized activity type (e.g. IC50 rather than Ic-50/Ic50/ic50/ic-50),Additional comments,371104,,,,,,,,,,,,,,,,,,,,,,,,,,,,,,,,,,,,,,,,,,,,,,,,,,,,,,,,,,,,,,,,,,,,,,,,,,Low-density lipoprotein receptor,10090.0,Mus musculus,,,,,,,,,,,,,,,,,,,,,,,,,,,,,,,,,,,,,,,,,,,,,
RESULT_DESCR,,,,,,,,Standardized activity type (e.g. IC50 rather than Ic-50/Ic50/ic50/ic-50),Additional comments,1980837,,,,,,,,,,,,,,,,,,,,,,,,,,,,,,,,,,,,,,,,,,,,,,,,,,,,,,,,,,,,,,,,,,,,,,,,,,Low-density lipoprotein receptor,10090.0,Mus musculus,,,,,,,,,,,,,,,,,,,,,,,,,,,,,,,,,,,,,,,,,,,,,
RESULT_DESCR,,,,,,,,Standardized activity type (e.g. IC50 rather than Ic-50/Ic50/ic50/ic-50),Additional comments,1980838,,,,,,,,,,,,,,,,,,,,,,,,,,,,,,,,,,,,,,,,,,,,,,,,,,,,,,,,,,,,,,,,,,,,,,,,,,Low-density lipoprotein receptor,10090.0,Mus musculus,,,,,,,,,,,,,,,,,,,,,,,,,,,,,,,,,,,,,,,,,,,,,
RESULT_DESCR,,,,,,,,Standardized activity type (e.g. IC50 rather than Ic-50/Ic50/ic50/ic-50),Additional comments,1980839,,,,,,,,,,,,,,,,,,,,,,,,,,,,,,,,,,,,,,,,,,,,,,,,,,,,,,,,,,,,,,,,,,,,,,,,,,Low-density lipoprotein receptor,10090.0,Mus musculus,,,,,,,,,,,,,,,,,,,,,,,,,,,,,,,,,,,,,,,,,,,,,
RESULT_DESCR,,,,,,,,Standardized activity type (e.g. IC50 rather than Ic-50/Ic50/ic50/ic-50),,1980840,,"Qualifier (e.g. >, <, =) for 'Standard Value'",Standardized activity value transformed to common units: e.g. mM concentrations converted to nM,Selected units for 'Standard Type': e.g. concentrations are in nM,,,,,,,,,,,,,,,,,,,,,,,,,,,,,,,,,,,,,,,,,,,,,,,,,,,,,,,,,,,,,,,,,,,,,,Low-density lipoprotein receptor,10090.0,Mus musculus,,,,,,,,,,,,,,,,,,,,,,,,,,,,,,,,,,,,,,,,,,,,,
RESULT_DESCR,,,,,,,,Standardized activity type (e.g. IC50 rather than Ic-50/Ic50/ic50/ic-50),Additional comments,1980841,,,,Selected units for 'Standard Type': e.g. concentrations are in nM,,,,,,,,,,,,,,,,,,,,,,,,,,,,,,,,,,,,,,,,,,,,,,,,,,,,,,,,,,,,,,,,,,,,,,Low-density lipoprotein receptor,10090.0,Mus musculus,,,,,,,,,,,,,,,,,,,,,,,,,,,,,,,,,,,,,,,,,,,,,
RESULT_DESCR,,,,,,,,Standardized activity type (e.g. IC50 rather than Ic-50/Ic50/ic50/ic-50),Additional comments,1980842,,,,Selected units for 'Standard Type': e.g. concentrations are in nM,,,,,,,,,,,,,,,,,,,,,,,,,,,,,,,,,,,,,,,,,,,,,,,,,,,,,,,,,,,,,,,,,,,,,,Low-density lipoprotein receptor,10090.0,Mus musculus,,,,,,,,,,,,,,,,,,,,,,,,,,,,,,,,,,,,,,,,,,,,,
RESULT_DESCR,,,,,,,,Standardized activity type (e.g. IC50 rather than Ic-50/Ic50/ic50/ic-50),Additional comments,1980847,,,,,,,,,,,,,,,,,,,,,,,,,,,,,,,,,,,,,,,,,,,,,,,,,,,,,,,,,,,,,,,,,,,,,,,,,,Low-density lipoprotein receptor,10090.0,Mus musculus,,,,,,,,,,,,,,,,,,,,,,,,,,,,,,,,,,,,,,,,,,,,,
RESULT_DESCR,,,,,,,,Standardized activity type (e.g. IC50 rather than Ic-50/Ic50/ic50/ic-50),Additional comments,1980848,,,,,,,,,,,,,,,,,,,,,,,,,,,,,,,,,,,,,,,,,,,,,,,,,,,,,,,,,,,,,,,,,,,,,,,,,,Low-density lipoprotein receptor,10090.0,Mus musculus,,,,,,,,,,,,,,,,,,,,,,,,,,,,,,,,,,,,,,,,,,,,,
RESULT_DESCR,,,,,,,,Standardized activity type (e.g. IC50 rather than Ic-50/Ic50/ic50/ic-50),Additional comments,1980849,,,,,,,,,,,,,,,,,,,,,,,,,,,,,,,,,,,,,,,,,,,,,,,,,,,,,,,,,,,,,,,,,,,,,,,,,,Low-density lipoprotein receptor,10090.0,Mus musculus,,,,,,,,,,,,,,,,,,,,,,,,,,,,,,,,,,,,,,,,,,,,,
RESULT_DESCR,,,,,,,,Standardized activity type (e.g. IC50 rather than Ic-50/Ic50/ic50/ic-50),Additional comments,1980850,,,,,,,,,,,,,,,,,,,,,,,,,,,,,,,,,,,,,,,,,,,,,,,,,,,,,,,,,,,,,,,,,,,,,,,,,,Low-density lipoprotein receptor,10090.0,Mus musculus,,,,,,,,,,,,,,,,,,,,,,,,,,,,,,,,,,,,,,,,,,,,,
RESULT_DESCR,,,,,,,,Standardized activity type (e.g. IC50 rather than Ic-50/Ic50/ic50/ic-50),Additional comments,1980851,,,,,,,,,,,,,,,,,,,,,,,,,,,,,,,,,,,,,,,,,,,,,,,,,,,,,,,,,,,,,,,,,,,,,,,,,,Low-density lipoprotein receptor,10090.0,Mus musculus,,,,,,,,,,,,,,,,,,,,,,,,,,,,,,,,,,,,,,,,,,,,,
RESULT_DESCR,,,,,,,,Standardized activity type (e.g. IC50 rather than Ic-50/Ic50/ic50/ic-50),Additional comments,1980852,,,,,,,,,,,,,,,,,,,,,,,,,,,,,,,,,,,,,,,,,,,,,,,,,,,,,,,,,,,,,,,,,,,,,,,,,,Low-density lipoprotein receptor,10090.0,Mus musculus,,,,,,,,,,,,,,,,,,,,,,,,,,,,,,,,,,,,,,,,,,,,,
RESULT_DESCR,,,,,,,,Standardized activity type (e.g. IC50 rather than Ic-50/Ic50/ic50/ic-50),Additional comments,1980853,,,,,,,,,,,,,,,,,,,,,,,,,,,,,,,,,,,,,,,,,,,,,,,,,,,,,,,,,,,,,,,,,,,,,,,,,,Low-density lipoprotein receptor,10090.0,Mus musculus,,,,,,,,,,,,,,,,,,,,,,,,,,,,,,,,,,,,,,,,,,,,,
RESULT_DESCR,,,,,,,,Standardized activity type (e.g. IC50 rather than Ic-50/Ic50/ic50/ic-50),,1812708,,"Qualifier (e.g. >, <, =) for 'Standard Value'",Standardized activity value transformed to common units: e.g. mM concentrations converted to nM,,,,,,,,,,,,,,,,,,,,,,,,,,,,,,,,,,,,,,,,,,,,,,,,,,,,,,,,,,,,,,,,,,,,,,,Low-density lipoprotein receptor,10090.0,Mus musculus,,,,,,,,,,,,,,,,,,,,,,,,,,,,,,,,,,,,,,,,,,,,,
RESULT_DESCR,,,,,,,,Standardized activity type (e.g. IC50 rather than Ic-50/Ic50/ic50/ic-50),Additional comments,1649234,,,,,,,,,,,,,,,,,,,,,,,,,,,,,,,,,,,,,,,,,,,,,,,,,,,,,,,,,,,,,,,,,,,,,,,,,,Low-density lipoprotein receptor,10090.0,Mus musculus,,,,,,,,,,,,,,,,,,,,,,,,,,,,,,,,,,,,,,,,,,,,,
RESULT_DESCR,,,,,,,,Standardized activity type (e.g. IC50 rather than Ic-50/Ic50/ic50/ic-50),Additional comments,1649235,,,,,,,,,,,,,,,,,,,,,,,,,,,,,,,,,,,,,,,,,,,,,,,,,,,,,,,,,,,,,,,,,,,,,,,,,,Low-density lipoprotein receptor,10090.0,Mus musculus,,,,,,,,,,,,,,,,,,,,,,,,,,,,,,,,,,,,,,,,,,,,,
RESULT_DESCR,,,,,,,,Standardized activity type (e.g. IC50 rather than Ic-50/Ic50/ic50/ic-50),,346773,,"Qualifier (e.g. >, <, =) for 'Standard Value'",Standardized activity value transformed to common units: e.g. mM concentrations converted to nM,Selected units for 'Standard Type': e.g. concentrations are in nM,,,,,,,,,,,,,,,,,,,,,,,,,,,,,,,,,,,,,,,,,,,,,,,,,,,,,,,,,,,,,,,,,,,,,,Low-density lipoprotein receptor,10090.0,Mus musculus,,,,,,,,,,,,,,,,,,,,,,,,,,,,,,,,,,,,,,,,,,,,,
RESULT_DESCR,,,,,,,,Standardized activity type (e.g. IC50 rather than Ic-50/Ic50/ic50/ic-50),,346774,,"Qualifier (e.g. >, <, =) for 'Standard Value'",Standardized activity value transformed to common units: e.g. mM concentrations converted to nM,Selected units for 'Standard Type': e.g. concentrations are in nM,,,,,,,,,,,,,,,,,,,,,,,,,,,,,,,,,,,,,,,,,,,,,,,,,,,,,,,,,,,,,,,,,,,,,,Low-density lipoprotein receptor,10090.0,Mus musculus,,,,,,,,,,,,,,,,,,,,,,,,,,,,,,,,,,,,,,,,,,,,,
RESULT_DESCR,,,,,,,,Standardized activity type (e.g. IC50 rather than Ic-50/Ic50/ic50/ic-50),,346775,,"Qualifier (e.g. >, <, =) for 'Standard Value'",Standardized activity value transformed to common units: e.g. mM concentrations converted to nM,,,,,,,,,,,,,,,,,,,,,,,,,,,,,,,,,,,,,,,,,,,,,,,,,,,,,,,,,,,,,,,,,,,,,,,Low-density lipoprotein receptor,10090.0,Mus musculus,,,,,,,,,,,,,,,,,,,,,,,,,,,,,,,,,,,,,,,,,,,,,
RESULT_DESCR,,,,,,,,Standardized activity type (e.g. IC50 rather than Ic-50/Ic50/ic50/ic-50),Additional comments,346776,,,,,,,,,,,,,,,,,,,,,,,,,,,,,,,,,,,,,,,,,,,,,,,,,,,,,,,,,,,,,,,,,,,,,,,,,,Low-density lipoprotein receptor,10090.0,Mus musculus,,,,,,,,,,,,,,,,,,,,,,,,,,,,,,,,,,,,,,,,,,,,,
RESULT_DESCR,,,,,,,,Standardized activity type (e.g. IC50 rather than Ic-50/Ic50/ic50/ic-50),Additional comments,346777,,,,,,,,,,,,,,,,,,,,,,,,,,,,,,,,,,,,,,,,,,,,,,,,,,,,,,,,,,,,,,,,,,,,,,,,,,Low-density lipoprotein receptor,10090.0,Mus musculus,,,,,,,,,,,,,,,,,,,,,,,,,,,,,,,,,,,,,,,,,,,,,
RESULT_DESCR,,,,,,,,Standardized activity type (e.g. IC50 rather than Ic-50/Ic50/ic50/ic-50),Additional comments,346778,,,,,,,,,,,,,,,,,,,,,,,,,,,,,,,,,,,,,,,,,,,,,,,,,,,,,,,,,,,,,,,,,,,,,,,,,,Low-density lipoprotein receptor,10090.0,Mus musculus,,,,,,,,,,,,,,,,,,,,,,,,,,,,,,,,,,,,,,,,,,,,,
RESULT_DESCR,,,,,,,,Standardized activity type (e.g. IC50 rather than Ic-50/Ic50/ic50/ic-50),Additional comments,346779,,,,,,,,,,,,,,,,,,,,,,,,,,,,,,,,,,,,,,,,,,,,,,,,,,,,,,,,,,,,,,,,,,,,,,,,,,Low-density lipoprotein receptor,10090.0,Mus musculus,,,,,,,,,,,,,,,,,,,,,,,,,,,,,,,,,,,,,,,,,,,,,
RESULT_DESCR,,,,,,,,Standardized activity type (e.g. IC50 rather than Ic-50/Ic50/ic50/ic-50),Additional comments,346780,,,,,,,,,,,,,,,,,,,,,,,,,,,,,,,,,,,,,,,,,,,,,,,,,,,,,,,,,,,,,,,,,,,,,,,,,,Low-density lipoprotein receptor,10090.0,Mus musculus,,,,,,,,,,,,,,,,,,,,,,,,,,,,,,,,,,,,,,,,,,,,,
RESULT_DESCR,,,,,,,,Standardized activity type (e.g. IC50 rather than Ic-50/Ic50/ic50/ic-50),Additional comments,346781,,,,,,,,,,,,,,,,,,,,,,,,,,,,,,,,,,,,,,,,,,,,,,,,,,,,,,,,,,,,,,,,,,,,,,,,,,Low-density lipoprotein receptor,10090.0,Mus musculus,,,,,,,,,,,,,,,,,,,,,,,,,,,,,,,,,,,,,,,,,,,,,
RESULT_DESCR,,,,,,,,Standardized activity type (e.g. IC50 rather than Ic-50/Ic50/ic50/ic-50),Additional comments,346782,,,,,,,,,,,,,,,,,,,,,,,,,,,,,,,,,,,,,,,,,,,,,,,,,,,,,,,,,,,,,,,,,,,,,,,,,,Low-density lipoprotein receptor,10090.0,Mus musculus,,,,,,,,,,,,,,,,,,,,,,,,,,,,,,,,,,,,,,,,,,,,,
RESULT_DESCR,,,,,,,,Standardized activity type (e.g. IC50 rather than Ic-50/Ic50/ic50/ic-50),Additional comments,346783,,,,,,,,,,,,,,,,,,,,,,,,,,,,,,,,,,,,,,,,,,,,,,,,,,,,,,,,,,,,,,,,,,,,,,,,,,Low-density lipoprotein receptor,10090.0,Mus musculus,,,,,,,,,,,,,,,,,,,,,,,,,,,,,,,,,,,,,,,,,,,,,
RESULT_DESCR,,,,,,,,Standardized activity type (e.g. IC50 rather than Ic-50/Ic50/ic50/ic-50),Additional comments,346784,,,,,,,,,,,,,,,,,,,,,,,,,,,,,,,,,,,,,,,,,,,,,,,,,,,,,,,,,,,,,,,,,,,,,,,,,,Low-density lipoprotein receptor,10090.0,Mus musculus,,,,,,,,,,,,,,,,,,,,,,,,,,,,,,,,,,,,,,,,,,,,,
RESULT_DESCR,,,,,,,,Standardized activity type (e.g. IC50 rather than Ic-50/Ic50/ic50/ic-50),Additional comments,346785,,,,,,,,,,,,,,,,,,,,,,,,,,,,,,,,,,,,,,,,,,,,,,,,,,,,,,,,,,,,,,,,,,,,,,,,,,Low-density lipoprotein receptor,10090.0,Mus musculus,,,,,,,,,,,,,,,,,,,,,,,,,,,,,,,,,,,,,,,,,,,,,
RESULT_DESCR,,,,,,,,Standardized activity type (e.g. IC50 rather than Ic-50/Ic50/ic50/ic-50),Additional comments,1964709,,,,,,,,,,,,,,,,,,,,,,,,,,,,,,,,,,,,,,,,,,,,,,,,,,,,,,,,,,,,,,,,,,,,,,,,,,Low-density lipoprotein receptor,10090.0,Mus musculus,,,,,,,,,,,,,,,,,,,,,,,,,,,,,,,,,,,,,,,,,,,,,
RESULT_DESCR,,,,,,,,Standardized activity type (e.g. IC50 rather than Ic-50/Ic50/ic50/ic-50),Additional comments,371375,,,,,,,,,,,,,,,,,,,,,,,,,,,,,,,,,,,,,,,,,,,,,,,,,,,,,,,,,,,,,,,,,,,,,,,,,,Low-density lipoprotein receptor,10090.0,Mus musculus,,,,,,,,,,,,,,,,,,,,,,,,,,,,,,,,,,,,,,,,,,,,,
RESULT_DESCR,,,,,,,,Standardized activity type (e.g. IC50 rather than Ic-50/Ic50/ic50/ic-50),Additional comments,371376,,,,,,,,,,,,,,,,,,,,,,,,,,,,,,,,,,,,,,,,,,,,,,,,,,,,,,,,,,,,,,,,,,,,,,,,,,Low-density lipoprotein receptor,10090.0,Mus musculus,,,,,,,,,,,,,,,,,,,,,,,,,,,,,,,,,,,,,,,,,,,,,
RESULT_DESCR,,,,,,,,Standardized activity type (e.g. IC50 rather than Ic-50/Ic50/ic50/ic-50),Additional comments,371377,,,,,,,,,,,,,,,,,,,,,,,,,,,,,,,,,,,,,,,,,,,,,,,,,,,,,,,,,,,,,,,,,,,,,,,,,,Low-density lipoprotein receptor,10090.0,Mus musculus,,,,,,,,,,,,,,,,,,,,,,,,,,,,,,,,,,,,,,,,,,,,,
RESULT_DESCR,,,,,,,,Standardized activity type (e.g. IC50 rather than Ic-50/Ic50/ic50/ic-50),Additional comments,371378,,,,,,,,,,,,,,,,,,,,,,,,,,,,,,,,,,,,,,,,,,,,,,,,,,,,,,,,,,,,,,,,,,,,,,,,,,Low-density lipoprotein receptor,10090.0,Mus musculus,,,,,,,,,,,,,,,,,,,,,,,,,,,,,,,,,,,,,,,,,,,,,
RESULT_DESCR,,,,,,,,Standardized activity type (e.g. IC50 rather than Ic-50/Ic50/ic50/ic-50),Additional comments,371379,,,,,,,,,,,,,,,,,,,,,,,,,,,,,,,,,,,,,,,,,,,,,,,,,,,,,,,,,,,,,,,,,,,,,,,,,,Low-density lipoprotein receptor,10090.0,Mus musculus,,,,,,,,,,,,,,,,,,,,,,,,,,,,,,,,,,,,,,,,,,,,,
RESULT_DESCR,,,,,,,,Standardized activity type (e.g. IC50 rather than Ic-50/Ic50/ic50/ic-50),Additional comments,371380,,,,,,,,,,,,,,,,,,,,,,,,,,,,,,,,,,,,,,,,,,,,,,,,,,,,,,,,,,,,,,,,,,,,,,,,,,Low-density lipoprotein receptor,10090.0,Mus musculus,,,,,,,,,,,,,,,,,,,,,,,,,,,,,,,,,,,,,,,,,,,,,
RESULT_DESCR,,,,,,,,Standardized activity type (e.g. IC50 rather than Ic-50/Ic50/ic50/ic-50),Additional comments,371381,,,,,,,,,,,,,,,,,,,,,,,,,,,,,,,,,,,,,,,,,,,,,,,,,,,,,,,,,,,,,,,,,,,,,,,,,,Low-density lipoprotein receptor,10090.0,Mus musculus,,,,,,,,,,,,,,,,,,,,,,,,,,,,,,,,,,,,,,,,,,,,,
RESULT_DESCR,,,,,,,,Standardized activity type (e.g. IC50 rather than Ic-50/Ic50/ic50/ic-50),Additional comments,371382,,,,,,,,,,,,,,,,,,,,,,,,,,,,,,,,,,,,,,,,,,,,,,,,,,,,,,,,,,,,,,,,,,,,,,,,,,Low-density lipoprotein receptor,10090.0,Mus musculus,,,,,,,,,,,,,,,,,,,,,,,,,,,,,,,,,,,,,,,,,,,,,
RESULT_DESCR,,,,,,,,Standardized activity type (e.g. IC50 rather than Ic-50/Ic50/ic50/ic-50),Additional comments,371384,,,,,,,,,,,,,,,,,,,,,,,,,,,,,,,,,,,,,,,,,,,,,,,,,,,,,,,,,,,,,,,,,,,,,,,,,,Low-density lipoprotein receptor,10090.0,Mus musculus,,,,,,,,,,,,,,,,,,,,,,,,,,,,,,,,,,,,,,,,,,,,,
RESULT_DESCR,,,,,,,,Standardized activity type (e.g. IC50 rather than Ic-50/Ic50/ic50/ic-50),Additional comments,371385,,,,,,,,,,,,,,,,,,,,,,,,,,,,,,,,,,,,,,,,,,,,,,,,,,,,,,,,,,,,,,,,,,,,,,,,,,Low-density lipoprotein receptor,10090.0,Mus musculus,,,,,,,,,,,,,,,,,,,,,,,,,,,,,,,,,,,,,,,,,,,,,
RESULT_DESCR,,,,,,,,Standardized activity type (e.g. IC50 rather than Ic-50/Ic50/ic50/ic-50),Additional comments,371387,,,,,,,,,,,,,,,,,,,,,,,,,,,,,,,,,,,,,,,,,,,,,,,,,,,,,,,,,,,,,,,,,,,,,,,,,,Low-density lipoprotein receptor,10090.0,Mus musculus,,,,,,,,,,,,,,,,,,,,,,,,,,,,,,,,,,,,,,,,,,,,,
RESULT_DESCR,,,,,,,,Standardized activity type (e.g. IC50 rather than Ic-50/Ic50/ic50/ic-50),Additional comments,371388,,,,,,,,,,,,,,,,,,,,,,,,,,,,,,,,,,,,,,,,,,,,,,,,,,,,,,,,,,,,,,,,,,,,,,,,,,Low-density lipoprotein receptor,10090.0,Mus musculus,,,,,,,,,,,,,,,,,,,,,,,,,,,,,,,,,,,,,,,,,,,,,
RESULT_DESCR,,,,,,,,Standardized activity type (e.g. IC50 rather than Ic-50/Ic50/ic50/ic-50),Additional comments,371389,,,,,,,,,,,,,,,,,,,,,,,,,,,,,,,,,,,,,,,,,,,,,,,,,,,,,,,,,,,,,,,,,,,,,,,,,,Low-density lipoprotein receptor,10090.0,Mus musculus,,,,,,,,,,,,,,,,,,,,,,,,,,,,,,,,,,,,,,,,,,,,,
RESULT_DESCR,,,,,,,,Standardized activity type (e.g. IC50 rather than Ic-50/Ic50/ic50/ic-50),Additional comments,371390,,,,,,,,,,,,,,,,,,,,,,,,,,,,,,,,,,,,,,,,,,,,,,,,,,,,,,,,,,,,,,,,,,,,,,,,,,Low-density lipoprotein receptor,10090.0,Mus musculus,,,,,,,,,,,,,,,,,,,,,,,,,,,,,,,,,,,,,,,,,,,,,
RESULT_DESCR,,,,,,,,Standardized activity type (e.g. IC50 rather than Ic-50/Ic50/ic50/ic-50),Additional comments,371391,,,,,,,,,,,,,,,,,,,,,,,,,,,,,,,,,,,,,,,,,,,,,,,,,,,,,,,,,,,,,,,,,,,,,,,,,,Low-density lipoprotein receptor,10090.0,Mus musculus,,,,,,,,,,,,,,,,,,,,,,,,,,,,,,,,,,,,,,,,,,,,,
RESULT_DESCR,,,,,,,,Standardized activity type (e.g. IC50 rather than Ic-50/Ic50/ic50/ic-50),,371392,PubChem standardized value transformed from 'Standard Value'. The unit is always micromolar,"Qualifier (e.g. >, <, =) for 'Standard Value'",Standardized activity value transformed to common units: e.g. mM concentrations converted to nM,Selected units for 'Standard Type': e.g. concentrations are in nM,,,,,,,,,,,,,,,,,,,,,,,,,,,,,,,,,,,,,,,,,,,,,,,,,,,,,,,,,,,,,,,,,,,,,,Low-density lipoprotein receptor,10090.0,Mus musculus,,,,,,,,,,,,,,,,,,,,,,,,,,,,,,,,,,,,,,,,,,,,,
1,103591352,10026128,CC(C)OC(=O)C1=CN(CC(C2=C1NC3=CC=CC=C32)(C)C)C(=O)C4=CC(=C(C=C4)F)F,Active,,,,IC50,,371392,10,=,10000,nM,,,,,,,,,,,,,,,,,,,,,,,,,,,,,,,,,,,,,,,,,,,,,,,,,,,,,,,,,,,,,,,,,,,,,,Low-density lipoprotein receptor,10090.0,Mus musculus,,C25H24F2N2O3,438.5,,,,,,,,,,,,,,,,,,,,,,,,,,,,,,,,,,,,,,,,,,
RESULT_DESCR,,,,,,,,Standardized activity type (e.g. IC50 rather than Ic-50/Ic50/ic50/ic-50),Additional comments,371393,,,,,,,,,,,,,,,,,,,,,,,,,,,,,,,,,,,,,,,,,,,,,,,,,,,,,,,,,,,,,,,,,,,,,,,,,,Low-density lipoprotein receptor,10090.0,Mus musculus,,,,,,,,,,,,,,,,,,,,,,,,,,,,,,,,,,,,,,,,,,,,,
RESULT_DESCR,,,,,,,,Standardized activity type (e.g. IC50 rather than Ic-50/Ic50/ic50/ic-50),,371394,PubChem standardized value transformed from 'Standard Value'. The unit is always micromolar,"Qualifier (e.g. >, <, =) for 'Standard Value'",Standardized activity value transformed to common units: e.g. mM concentrations converted to nM,Selected units for 'Standard Type': e.g. concentrations are in nM,,,,,,,,,,,,,,,,,,,,,,,,,,,,,,,,,,,,,,,,,,,,,,,,,,,,,,,,,,,,,,,,,,,,,,Low-density lipoprotein receptor,10090.0,Mus musculus,,,,,,,,,,,,,,,,,,,,,,,,,,,,,,,,,,,,,,,,,,,,,
1,103591352,10026128,CC(C)OC(=O)C1=CN(CC(C2=C1NC3=CC=CC=C32)(C)C)C(=O)C4=CC(=C(C=C4)F)F,Active,,,,IC50,,371394,10,=,10000,nM,,,,,,,,,,,,,,,,,,,,,,,,,,,,,,,,,,,,,,,,,,,,,,,,,,,,,,,,,,,,,,,,,,,,,,Low-density lipoprotein receptor,10090.0,Mus musculus,,C25H24F2N2O3,438.5,,,,,,,,,,,,,,,,,,,,,,,,,,,,,,,,,,,,,,,,,,
RESULT_DESCR,,,,,,,,Standardized activity type (e.g. IC50 rather than Ic-50/Ic50/ic50/ic-50),,371395,PubChem standardized value transformed from 'Standard Value'. The unit is always micromolar,"Qualifier (e.g. >, <, =) for 'Standard Value'",Standardized activity value transformed to common units: e.g. mM concentrations converted to nM,Selected units for 'Standard Type': e.g. concentrations are in nM,,,,,,,,,,,,,,,,,,,,,,,,,,,,,,,,,,,,,,,,,,,,,,,,,,,,,,,,,,,,,,,,,,,,,,Low-density lipoprotein receptor,10090.0,Mus musculus,,,,,,,,,,,,,,,,,,,,,,,,,,,,,,,,,,,,,,,,,,,,,
1,103591352,10026128,CC(C)OC(=O)C1=CN(CC(C2=C1NC3=CC=CC=C32)(C)C)C(=O)C4=CC(=C(C=C4)F)F,Active,,,,IC50,,371395,10,=,10000,nM,,,,,,,,,,,,,,,,,,,,,,,,,,,,,,,,,,,,,,,,,,,,,,,,,,,,,,,,,,,,,,,,,,,,,,Low-density lipoprotein receptor,10090.0,Mus musculus,,C25H24F2N2O3,438.5,,,,,,,,,,,,,,,,,,,,,,,,,,,,,,,,,,,,,,,,,,
RESULT_DESCR,,,,,,,,Standardized activity type (e.g. IC50 rather than Ic-50/Ic50/ic50/ic-50),,371396,PubChem standardized value transformed from 'Standard Value'. The unit is always micromolar,"Qualifier (e.g. >, <, =) for 'Standard Value'",Standardized activity value transformed to common units: e.g. mM concentrations converted to nM,Selected units for 'Standard Type': e.g. concentrations are in nM,,,,,,,,,,,,,,,,,,,,,,,,,,,,,,,,,,,,,,,,,,,,,,,,,,,,,,,,,,,,,,,,,,,,,,Low-density lipoprotein receptor,10090.0,Mus musculus,,,,,,,,,,,,,,,,,,,,,,,,,,,,,,,,,,,,,,,,,,,,,
1,103591352,10026128,CC(C)OC(=O)C1=CN(CC(C2=C1NC3=CC=CC=C32)(C)C)C(=O)C4=CC(=C(C=C4)F)F,Active,,,,IC50,,371396,10,=,10000,nM,,,,,,,,,,,,,,,,,,,,,,,,,,,,,,,,,,,,,,,,,,,,,,,,,,,,,,,,,,,,,,,,,,,,,,Low-density lipoprotein receptor,10090.0,Mus musculus,,C25H24F2N2O3,438.5,,,,,,,,,,,,,,,,,,,,,,,,,,,,,,,,,,,,,,,,,,
RESULT_DESCR,,,,,,,,Standardized activity type (e.g. IC50 rather than Ic-50/Ic50/ic50/ic-50),,371397,PubChem standardized value transformed from 'Standard Value'. The unit is always micromolar,"Qualifier (e.g. >, <, =) for 'Standard Value'",Standardized activity value transformed to common units: e.g. mM concentrations converted to nM,Selected units for 'Standard Type': e.g. concentrations are in nM,,,,,,,,,,,,,,,,,,,,,,,,,,,,,,,,,,,,,,,,,,,,,,,,,,,,,,,,,,,,,,,,,,,,,,Low-density lipoprotein receptor,10090.0,Mus musculus,,,,,,,,,,,,,,,,,,,,,,,,,,,,,,,,,,,,,,,,,,,,,
1,103591352,10026128,CC(C)OC(=O)C1=CN(CC(C2=C1NC3=CC=CC=C32)(C)C)C(=O)C4=CC(=C(C=C4)F)F,Active,,,,IC50,,371397,10,=,10000,nM,,,,,,,,,,,,,,,,,,,,,,,,,,,,,,,,,,,,,,,,,,,,,,,,,,,,,,,,,,,,,,,,,,,,,,Low-density lipoprotein receptor,10090.0,Mus musculus,,C25H24F2N2O3,438.5,,,,,,,,,,,,,,,,,,,,,,,,,,,,,,,,,,,,,,,,,,
RESULT_DESCR,,,,,,,,Standardized activity type (e.g. IC50 rather than Ic-50/Ic50/ic50/ic-50),,371398,,"Qualifier (e.g. >, <, =) for 'Standard Value'",Standardized activity value transformed to common units: e.g. mM concentrations converted to nM,Selected units for 'Standard Type': e.g. concentrations are in nM,,,,,,,,,,,,,,,,,,,,,,,,,,,,,,,,,,,,,,,,,,,,,,,,,,,,,,,,,,,,,,,,,,,,,,Low-density lipoprotein receptor,10090.0,Mus musculus,,,,,,,,,,,,,,,,,,,,,,,,,,,,,,,,,,,,,,,,,,,,,
RESULT_DESCR,,,,,,,,Standardized activity type (e.g. IC50 rather than Ic-50/Ic50/ic50/ic-50),,371399,,"Qualifier (e.g. >, <, =) for 'Standard Value'",Standardized activity value transformed to common units: e.g. mM concentrations converted to nM,Selected units for 'Standard Type': e.g. concentrations are in nM,,,,,,,,,,,,,,,,,,,,,,,,,,,,,,,,,,,,,,,,,,,,,,,,,,,,,,,,,,,,,,,,,,,,,,Low-density lipoprotein receptor,10090.0,Mus musculus,,,,,,,,,,,,,,,,,,,,,,,,,,,,,,,,,,,,,,,,,,,,,
RESULT_DESCR,,,,,,,,Standardized activity type (e.g. IC50 rather than Ic-50/Ic50/ic50/ic-50),,371400,,"Qualifier (e.g. >, <, =) for 'Standard Value'",Standardized activity value transformed to common units: e.g. mM concentrations converted to nM,Selected units for 'Standard Type': e.g. concentrations are in nM,,,,,,,,,,,,,,,,,,,,,,,,,,,,,,,,,,,,,,,,,,,,,,,,,,,,,,,,,,,,,,,,,,,,,,Low-density lipoprotein receptor,10090.0,Mus musculus,,,,,,,,,,,,,,,,,,,,,,,,,,,,,,,,,,,,,,,,,,,,,
RESULT_DESCR,,,,,,,,Standardized activity type (e.g. IC50 rather than Ic-50/Ic50/ic50/ic-50),,371401,,"Qualifier (e.g. >, <, =) for 'Standard Value'",Standardized activity value transformed to common units: e.g. mM concentrations converted to nM,Selected units for 'Standard Type': e.g. concentrations are in nM,,,,,,,,,,,,,,,,,,,,,,,,,,,,,,,,,,,,,,,,,,,,,,,,,,,,,,,,,,,,,,,,,,,,,,Low-density lipoprotein receptor,10090.0,Mus musculus,,,,,,,,,,,,,,,,,,,,,,,,,,,,,,,,,,,,,,,,,,,,,
RESULT_DESCR,,,,,,,,Standardized activity type (e.g. IC50 rather than Ic-50/Ic50/ic50/ic-50),,371402,,"Qualifier (e.g. >, <, =) for 'Standard Value'",Standardized activity value transformed to common units: e.g. mM concentrations converted to nM,Selected units for 'Standard Type': e.g. concentrations are in nM,,,,,,,,,,,,,,,,,,,,,,,,,,,,,,,,,,,,,,,,,,,,,,,,,,,,,,,,,,,,,,,,,,,,,,Low-density lipoprotein receptor,10090.0,Mus musculus,,,,,,,,,,,,,,,,,,,,,,,,,,,,,,,,,,,,,,,,,,,,,
RESULT_DESCR,,,,,,,,Standardized activity type (e.g. IC50 rather than Ic-50/Ic50/ic50/ic-50),,371414,,"Qualifier (e.g. >, <, =) for 'Standard Value'",Standardized activity value transformed to common units: e.g. mM concentrations converted to nM,Selected units for 'Standard Type': e.g. concentrations are in nM,,,,,,,,,,,,,,,,,,,,,,,,,,,,,,,,,,,,,,,,,,,,,,,,,,,,,,,,,,,,,,,,,,,,,,Low-density lipoprotein receptor,10090.0,Mus musculus,,,,,,,,,,,,,,,,,,,,,,,,,,,,,,,,,,,,,,,,,,,,,
RESULT_DESCR,,,,,,,,Standardized activity type (e.g. IC50 rather than Ic-50/Ic50/ic50/ic-50),,371415,,"Qualifier (e.g. >, <, =) for 'Standard Value'",Standardized activity value transformed to common units: e.g. mM concentrations converted to nM,Selected units for 'Standard Type': e.g. concentrations are in nM,,,,,,,,,,,,,,,,,,,,,,,,,,,,,,,,,,,,,,,,,,,,,,,,,,,,,,,,,,,,,,,,,,,,,,Low-density lipoprotein receptor,10090.0,Mus musculus,,,,,,,,,,,,,,,,,,,,,,,,,,,,,,,,,,,,,,,,,,,,,
RESULT_DESCR,,,,,,,,Standardized activity type (e.g. IC50 rather than Ic-50/Ic50/ic50/ic-50),,371416,,"Qualifier (e.g. >, <, =) for 'Standard Value'",Standardized activity value transformed to common units: e.g. mM concentrations converted to nM,Selected units for 'Standard Type': e.g. concentrations are in nM,,,,,,,,,,,,,,,,,,,,,,,,,,,,,,,,,,,,,,,,,,,,,,,,,,,,,,,,,,,,,,,,,,,,,,Low-density lipoprotein receptor,10090.0,Mus musculus,,,,,,,,,,,,,,,,,,,,,,,,,,,,,,,,,,,,,,,,,,,,,
RESULT_DESCR,,,,,,,,Standardized activity type (e.g. IC50 rather than Ic-50/Ic50/ic50/ic-50),,371417,,"Qualifier (e.g. >, <, =) for 'Standard Value'",Standardized activity value transformed to common units: e.g. mM concentrations converted to nM,Selected units for 'Standard Type': e.g. concentrations are in nM,,,,,,,,,,,,,,,,,,,,,,,,,,,,,,,,,,,,,,,,,,,,,,,,,,,,,,,,,,,,,,,,,,,,,,Low-density lipoprotein receptor,10090.0,Mus musculus,,,,,,,,,,,,,,,,,,,,,,,,,,,,,,,,,,,,,,,,,,,,,
RESULT_DESCR,,,,,,,,Standardized activity type (e.g. IC50 rather than Ic-50/Ic50/ic50/ic-50),,371418,,"Qualifier (e.g. >, <, =) for 'Standard Value'",Standardized activity value transformed to common units: e.g. mM concentrations converted to nM,Selected units for 'Standard Type': e.g. concentrations are in nM,,,,,,,,,,,,,,,,,,,,,,,,,,,,,,,,,,,,,,,,,,,,,,,,,,,,,,,,,,,,,,,,,,,,,,Low-density lipoprotein receptor,10090.0,Mus musculus,,,,,,,,,,,,,,,,,,,,,,,,,,,,,,,,,,,,,,,,,,,,,
RESULT_DESCR,,,,,,,,Standardized activity type (e.g. IC50 rather than Ic-50/Ic50/ic50/ic-50),,371419,,"Qualifier (e.g. >, <, =) for 'Standard Value'",Standardized activity value transformed to common units: e.g. mM concentrations converted to nM,Selected units for 'Standard Type': e.g. concentrations are in nM,,,,,,,,,,,,,,,,,,,,,,,,,,,,,,,,,,,,,,,,,,,,,,,,,,,,,,,,,,,,,,,,,,,,,,Low-density lipoprotein receptor,10090.0,Mus musculus,,,,,,,,,,,,,,,,,,,,,,,,,,,,,,,,,,,,,,,,,,,,,
RESULT_DESCR,,,,,,,,Standardized activity type (e.g. IC50 rather than Ic-50/Ic50/ic50/ic-50),,371423,PubChem standardized value transformed from 'Standard Value'. The unit is always micromolar,"Qualifier (e.g. >, <, =) for 'Standard Value'",Standardized activity value transformed to common units: e.g. mM concentrations converted to nM,Selected units for 'Standard Type': e.g. concentrations are in nM,,,,,,,,,,,,,,,,,,,,,,,,,,,,,,,,,,,,,,,,,,,,,,,,,,,,,,,,,,,,,,,,,,,,,,Low-density lipoprotein receptor,10090.0,Mus musculus,,,,,,,,,,,,,,,,,,,,,,,,,,,,,,,,,,,,,,,,,,,,,
RESULT_DESCR,,,,,,,,Standardized activity type (e.g. IC50 rather than Ic-50/Ic50/ic50/ic-50),,371424,,"Qualifier (e.g. >, <, =) for 'Standard Value'",Standardized activity value transformed to common units: e.g. mM concentrations converted to nM,Selected units for 'Standard Type': e.g. concentrations are in nM,,,,,,,,,,,,,,,,,,,,,,,,,,,,,,,,,,,,,,,,,,,,,,,,,,,,,,,,,,,,,,,,,,,,,,Low-density lipoprotein receptor,10090.0,Mus musculus,,,,,,,,,,,,,,,,,,,,,,,,,,,,,,,,,,,,,,,,,,,,,
RESULT_DESCR,,,,,,,,Standardized activity type (e.g. IC50 rather than Ic-50/Ic50/ic50/ic-50),,371425,,"Qualifier (e.g. >, <, =) for 'Standard Value'",Standardized activity value transformed to common units: e.g. mM concentrations converted to nM,Selected units for 'Standard Type': e.g. concentrations are in nM,,,,,,,,,,,,,,,,,,,,,,,,,,,,,,,,,,,,,,,,,,,,,,,,,,,,,,,,,,,,,,,,,,,,,,Low-density lipoprotein receptor,10090.0,Mus musculus,,,,,,,,,,,,,,,,,,,,,,,,,,,,,,,,,,,,,,,,,,,,,
RESULT_DESCR,,,,,,,,Standardized activity type (e.g. IC50 rather than Ic-50/Ic50/ic50/ic-50),,568268,,"Qualifier (e.g. >, <, =) for 'Standard Value'",Standardized activity value transformed to common units: e.g. mM concentrations converted to nM,Selected units for 'Standard Type': e.g. concentrations are in nM,,,,,,,,,,,,,,,,,,,,,,,,,,,,,,,,,,,,,,,,,,,,,,,,,,,,,,,,,,,,,,,,,,,,,,Low-density lipoprotein receptor,10090.0,Mus musculus,,,,,,,,,,,,,,,,,,,,,,,,,,,,,,,,,,,,,,,,,,,,,
RESULT_DESCR,,,,,,,,Standardized activity type (e.g. IC50 rather than Ic-50/Ic50/ic50/ic-50),,568270,,"Qualifier (e.g. >, <, =) for 'Standard Value'",Standardized activity value transformed to common units: e.g. mM concentrations converted to nM,Selected units for 'Standard Type': e.g. concentrations are in nM,,,,,,,,,,,,,,,,,,,,,,,,,,,,,,,,,,,,,,,,,,,,,,,,,,,,,,,,,,,,,,,,,,,,,,Low-density lipoprotein receptor,10090.0,Mus musculus,,,,,,,,,,,,,,,,,,,,,,,,,,,,,,,,,,,,,,,,,,,,,
RESULT_DESCR,,,,,,,,Standardized activity type (e.g. IC50 rather than Ic-50/Ic50/ic50/ic-50),Additional comments,568271,,,,,,,,,,,,,,,,,,,,,,,,,,,,,,,,,,,,,,,,,,,,,,,,,,,,,,,,,,,,,,,,,,,,,,,,,,Low-density lipoprotein receptor,10090.0,Mus musculus,,,,,,,,,,,,,,,,,,,,,,,,,,,,,,,,,,,,,,,,,,,,,
RESULT_DESCR,,,,,,,,Standardized activity type (e.g. IC50 rather than Ic-50/Ic50/ic50/ic-50),Additional comments,568272,,,,,,,,,,,,,,,,,,,,,,,,,,,,,,,,,,,,,,,,,,,,,,,,,,,,,,,,,,,,,,,,,,,,,,,,,,Low-density lipoprotein receptor,10090.0,Mus musculus,,,,,,,,,,,,,,,,,,,,,,,,,,,,,,,,,,,,,,,,,,,,,
RESULT_DESCR,,,,,,,,Standardized activity type (e.g. IC50 rather than Ic-50/Ic50/ic50/ic-50),Additional comments,568273,,,,,,,,,,,,,,,,,,,,,,,,,,,,,,,,,,,,,,,,,,,,,,,,,,,,,,,,,,,,,,,,,,,,,,,,,,Low-density lipoprotein receptor,10090.0,Mus musculus,,,,,,,,,,,,,,,,,,,,,,,,,,,,,,,,,,,,,,,,,,,,,
RESULT_DESCR,,,,,,,,Standardized activity type (e.g. IC50 rather than Ic-50/Ic50/ic50/ic-50),,568274,PubChem standardized value transformed from 'Standard Value'. The unit is always micromolar,"Qualifier (e.g. >, <, =) for 'Standard Value'",Standardized activity value transformed to common units: e.g. mM concentrations converted to nM,Selected units for 'Standard Type': e.g. concentrations are in nM,,,,,,,,,,,,,,,,,,,,,,,,,,,,,,,,,,,,,,,,,,,,,,,,,,,,,,,,,,,,,,,,,,,,,,Low-density lipoprotein receptor,10090.0,Mus musculus,,,,,,,,,,,,,,,,,,,,,,,,,,,,,,,,,,,,,,,,,,,,,
RESULT_DESCR,,,,,,,,Standardized activity type (e.g. IC50 rather than Ic-50/Ic50/ic50/ic-50),,568275,PubChem standardized value transformed from 'Standard Value'. The unit is always micromolar,"Qualifier (e.g. >, <, =) for 'Standard Value'",Standardized activity value transformed to common units: e.g. mM concentrations converted to nM,Selected units for 'Standard Type': e.g. concentrations are in nM,,,,,,,,,,,,,,,,,,,,,,,,,,,,,,,,,,,,,,,,,,,,,,,,,,,,,,,,,,,,,,,,,,,,,,Low-density lipoprotein receptor,10090.0,Mus musculus,,,,,,,,,,,,,,,,,,,,,,,,,,,,,,,,,,,,,,,,,,,,,
RESULT_DESCR,,,,,,,,Standardized activity type (e.g. IC50 rather than Ic-50/Ic50/ic50/ic-50),,568269,,"Qualifier (e.g. >, <, =) for 'Standard Value'",Standardized activity value transformed to common units: e.g. mM concentrations converted to nM,Selected units for 'Standard Type': e.g. concentrations are in nM,,,,,,,,,,,,,,,,,,,,,,,,,,,,,,,,,,,,,,,,,,,,,,,,,,,,,,,,,,,,,,,,,,,,,,Low-density lipoprotein receptor,10090.0,Mus musculus,,,,,,,,,,,,,,,,,,,,,,,,,,,,,,,,,,,,,,,,,,,,,
RESULT_DESCR,,,,,,,,Standardized activity type (e.g. IC50 rather than Ic-50/Ic50/ic50/ic-50),,273420,PubChem standardized value transformed from 'Standard Value'. The unit is always micromolar,"Qualifier (e.g. >, <, =) for 'Standard Value'",Standardized activity value transformed to common units: e.g. mM concentrations converted to nM,Selected units for 'Standard Type': e.g. concentrations are in nM,,,,,,,,,,,,,,,,,,,,,,,,,,,,,,,,,,,,,,,,,,,,,,,,,,,,,,,,,,,,,,,,,,,,,,Low-density lipoprotein receptor,10090.0,Mus musculus,,,,,,,,,,,,,,,,,,,,,,,,,,,,,,,,,,,,,,,,,,,,,
RESULT_DESCR,,,,,,,,Standardized activity type (e.g. IC50 rather than Ic-50/Ic50/ic50/ic-50),,273421,PubChem standardized value transformed from 'Standard Value'. The unit is always micromolar,"Qualifier (e.g. >, <, =) for 'Standard Value'",Standardized activity value transformed to common units: e.g. mM concentrations converted to nM,Selected units for 'Standard Type': e.g. concentrations are in nM,,,,,,,,,,,,,,,,,,,,,,,,,,,,,,,,,,,,,,,,,,,,,,,,,,,,,,,,,,,,,,,,,,,,,,Low-density lipoprotein receptor,10090.0,Mus musculus,,,,,,,,,,,,,,,,,,,,,,,,,,,,,,,,,,,,,,,,,,,,,
RESULT_DESCR,,,,,,,,Standardized activity type (e.g. IC50 rather than Ic-50/Ic50/ic50/ic-50),,273423,,"Qualifier (e.g. >, <, =) for 'Standard Value'",Standardized activity value transformed to common units: e.g. mM concentrations converted to nM,Selected units for 'Standard Type': e.g. concentrations are in nM,,,,,,,,,,,,,,,,,,,,,,,,,,,,,,,,,,,,,,,,,,,,,,,,,,,,,,,,,,,,,,,,,,,,,,Low-density lipoprotein receptor,10090.0,Mus musculus,,,,,,,,,,,,,,,,,,,,,,,,,,,,,,,,,,,,,,,,,,,,,
RESULT_DESCR,,,,,,,,Standardized activity type (e.g. IC50 rather than Ic-50/Ic50/ic50/ic-50),Additional comments,273425,PubChem standardized value transformed from 'Standard Value'. The unit is always micromolar,"Qualifier (e.g. >, <, =) for 'Standard Value'",Standardized activity value transformed to common units: e.g. mM concentrations converted to nM,Selected units for 'Standard Type': e.g. concentrations are in nM,,,,,,,,,,,,,,,,,,,,,,,,,,,,,,,,,,,,,,,,,,,,,,,,,,,,,,,,,,,,,,,,,,,,,,Low-density lipoprotein receptor,10090.0,Mus musculus,,,,,,,,,,,,,,,,,,,,,,,,,,,,,,,,,,,,,,,,,,,,,
RESULT_DESCR,,,,,,,,Standardized activity type (e.g. IC50 rather than Ic-50/Ic50/ic50/ic-50),,273426,,"Qualifier (e.g. >, <, =) for 'Standard Value'",Standardized activity value transformed to common units: e.g. mM concentrations converted to nM,Selected units for 'Standard Type': e.g. concentrations are in nM,,,,,,,,,,,,,,,,,,,,,,,,,,,,,,,,,,,,,,,,,,,,,,,,,,,,,,,,,,,,,,,,,,,,,,Low-density lipoprotein receptor,10090.0,Mus musculus,,,,,,,,,,,,,,,,,,,,,,,,,,,,,,,,,,,,,,,,,,,,,
RESULT_DESCR,,,,,,,,Standardized activity type (e.g. IC50 rather than Ic-50/Ic50/ic50/ic-50),Additional comments,273427,PubChem standardized value transformed from 'Standard Value'. The unit is always micromolar,"Qualifier (e.g. >, <, =) for 'Standard Value'",Standardized activity value transformed to common units: e.g. mM concentrations converted to nM,Selected units for 'Standard Type': e.g. concentrations are in nM,,,,,,,,,,,,,,,,,,,,,,,,,,,,,,,,,,,,,,,,,,,,,,,,,,,,,,,,,,,,,,,,,,,,,,Low-density lipoprotein receptor,10090.0,Mus musculus,,,,,,,,,,,,,,,,,,,,,,,,,,,,,,,,,,,,,,,,,,,,,
RESULT_DESCR,,,,,,,,Standardized activity type (e.g. IC50 rather than Ic-50/Ic50/ic50/ic-50),,1571036,,"Qualifier (e.g. >, <, =) for 'Standard Value'",Standardized activity value transformed to common units: e.g. mM concentrations converted to nM,Selected units for 'Standard Type': e.g. concentrations are in nM,,,,,,,,,,,,,,,,,,,,,,,,,,,,,,,,,,,,,,,,,,,,,,,,,,,,,,,,,,,,,,,,,,,,,,Low-density lipoprotein receptor,10090.0,Mus musculus,,,,,,,,,,,,,,,,,,,,,,,,,,,,,,,,,,,,,,,,,,,,,
RESULT_DESCR,,,,,,,,Standardized activity type (e.g. IC50 rather than Ic-50/Ic50/ic50/ic-50),,273429,,"Qualifier (e.g. >, <, =) for 'Standard Value'",Standardized activity value transformed to common units: e.g. mM concentrations converted to nM,Selected units for 'Standard Type': e.g. concentrations are in nM,,,,,,,,,,,,,,,,,,,,,,,,,,,,,,,,,,,,,,,,,,,,,,,,,,,,,,,,,,,,,,,,,,,,,,Low-density lipoprotein receptor,10090.0,Mus musculus,,,,,,,,,,,,,,,,,,,,,,,,,,,,,,,,,,,,,,,,,,,,,
RESULT_DESCR,,,,,,,,Standardized activity type (e.g. IC50 rather than Ic-50/Ic50/ic50/ic-50),,273430,,"Qualifier (e.g. >, <, =) for 'Standard Value'",Standardized activity value transformed to common units: e.g. mM concentrations converted to nM,Selected units for 'Standard Type': e.g. concentrations are in nM,,,,,,,,,,,,,,,,,,,,,,,,,,,,,,,,,,,,,,,,,,,,,,,,,,,,,,,,,,,,,,,,,,,,,,Low-density lipoprotein receptor,10090.0,Mus musculus,,,,,,,,,,,,,,,,,,,,,,,,,,,,,,,,,,,,,,,,,,,,,
RESULT_DESCR,,,,,,,,Standardized activity type (e.g. IC50 rather than Ic-50/Ic50/ic50/ic-50),,273431,,"Qualifier (e.g. >, <, =) for 'Standard Value'",Standardized activity value transformed to common units: e.g. mM concentrations converted to nM,Selected units for 'Standard Type': e.g. concentrations are in nM,,,,,,,,,,,,,,,,,,,,,,,,,,,,,,,,,,,,,,,,,,,,,,,,,,,,,,,,,,,,,,,,,,,,,,Low-density lipoprotein receptor,10090.0,Mus musculus,,,,,,,,,,,,,,,,,,,,,,,,,,,,,,,,,,,,,,,,,,,,,
RESULT_DESCR,,,,,,,,Standardized activity type (e.g. IC50 rather than Ic-50/Ic50/ic50/ic-50),,1571037,,"Qualifier (e.g. >, <, =) for 'Standard Value'",Standardized activity value transformed to common units: e.g. mM concentrations converted to nM,Selected units for 'Standard Type': e.g. concentrations are in nM,,,,,,,,,,,,,,,,,,,,,,,,,,,,,,,,,,,,,,,,,,,,,,,,,,,,,,,,,,,,,,,,,,,,,,Low-density lipoprotein receptor,10090.0,Mus musculus,,,,,,,,,,,,,,,,,,,,,,,,,,,,,,,,,,,,,,,,,,,,,
RESULT_DESCR,,,,,,,,Standardized activity type (e.g. IC50 rather than Ic-50/Ic50/ic50/ic-50),,273428,,"Qualifier (e.g. >, <, =) for 'Standard Value'",Standardized activity value transformed to common units: e.g. mM concentrations converted to nM,Selected units for 'Standard Type': e.g. concentrations are in nM,,,,,,,,,,,,,,,,,,,,,,,,,,,,,,,,,,,,,,,,,,,,,,,,,,,,,,,,,,,,,,,,,,,,,,Low-density lipoprotein receptor,10090.0,Mus musculus,,,,,,,,,,,,,,,,,,,,,,,,,,,,,,,,,,,,,,,,,,,,,
RESULT_DESCR,,,,,,,,Standardized activity type (e.g. IC50 rather than Ic-50/Ic50/ic50/ic-50),,1571039,,"Qualifier (e.g. >, <, =) for 'Standard Value'",Standardized activity value transformed to common units: e.g. mM concentrations converted to nM,Selected units for 'Standard Type': e.g. concentrations are in nM,,,,,,,,,,,,,,,,,,,,,,,,,,,,,,,,,,,,,,,,,,,,,,,,,,,,,,,,,,,,,,,,,,,,,,Low-density lipoprotein receptor,10090.0,Mus musculus,,,,,,,,,,,,,,,,,,,,,,,,,,,,,,,,,,,,,,,,,,,,,
RESULT_DESCR,,,,,,,,Standardized activity type (e.g. IC50 rather than Ic-50/Ic50/ic50/ic-50),,1571040,,"Qualifier (e.g. >, <, =) for 'Standard Value'",Standardized activity value transformed to common units: e.g. mM concentrations converted to nM,Selected units for 'Standard Type': e.g. concentrations are in nM,,,,,,,,,,,,,,,,,,,,,,,,,,,,,,,,,,,,,,,,,,,,,,,,,,,,,,,,,,,,,,,,,,,,,,Low-density lipoprotein receptor,10090.0,Mus musculus,,,,,,,,,,,,,,,,,,,,,,,,,,,,,,,,,,,,,,,,,,,,,
RESULT_DESCR,,,,,,,,Standardized activity type (e.g. IC50 rather than Ic-50/Ic50/ic50/ic-50),,1571041,,"Qualifier (e.g. >, <, =) for 'Standard Value'",Standardized activity value transformed to common units: e.g. mM concentrations converted to nM,Selected units for 'Standard Type': e.g. concentrations are in nM,,,,,,,,,,,,,,,,,,,,,,,,,,,,,,,,,,,,,,,,,,,,,,,,,,,,,,,,,,,,,,,,,,,,,,Low-density lipoprotein receptor,10090.0,Mus musculus,,,,,,,,,,,,,,,,,,,,,,,,,,,,,,,,,,,,,,,,,,,,,
RESULT_DESCR,,,,,,,,Standardized activity type (e.g. IC50 rather than Ic-50/Ic50/ic50/ic-50),,1571042,,"Qualifier (e.g. >, <, =) for 'Standard Value'",Standardized activity value transformed to common units: e.g. mM concentrations converted to nM,Selected units for 'Standard Type': e.g. concentrations are in nM,,,,,,,,,,,,,,,,,,,,,,,,,,,,,,,,,,,,,,,,,,,,,,,,,,,,,,,,,,,,,,,,,,,,,,Low-density lipoprotein receptor,10090.0,Mus musculus,,,,,,,,,,,,,,,,,,,,,,,,,,,,,,,,,,,,,,,,,,,,,
RESULT_DESCR,,,,,,,,Standardized activity type (e.g. IC50 rather than Ic-50/Ic50/ic50/ic-50),,1571043,,"Qualifier (e.g. >, <, =) for 'Standard Value'",Standardized activity value transformed to common units: e.g. mM concentrations converted to nM,Selected units for 'Standard Type': e.g. concentrations are in nM,,,,,,,,,,,,,,,,,,,,,,,,,,,,,,,,,,,,,,,,,,,,,,,,,,,,,,,,,,,,,,,,,,,,,,Low-density lipoprotein receptor,10090.0,Mus musculus,,,,,,,,,,,,,,,,,,,,,,,,,,,,,,,,,,,,,,,,,,,,,
RESULT_DESCR,,,,,,,,Standardized activity type (e.g. IC50 rather than Ic-50/Ic50/ic50/ic-50),,1571046,,"Qualifier (e.g. >, <, =) for 'Standard Value'",Standardized activity value transformed to common units: e.g. mM concentrations converted to nM,Selected units for 'Standard Type': e.g. concentrations are in nM,,,,,,,,,,,,,,,,,,,,,,,,,,,,,,,,,,,,,,,,,,,,,,,,,,,,,,,,,,,,,,,,,,,,,,Low-density lipoprotein receptor,10090.0,Mus musculus,,,,,,,,,,,,,,,,,,,,,,,,,,,,,,,,,,,,,,,,,,,,,
RESULT_DESCR,,,,,,,,Standardized activity type (e.g. IC50 rather than Ic-50/Ic50/ic50/ic-50),,1571045,,"Qualifier (e.g. >, <, =) for 'Standard Value'",Standardized activity value transformed to common units: e.g. mM concentrations converted to nM,Selected units for 'Standard Type': e.g. concentrations are in nM,,,,,,,,,,,,,,,,,,,,,,,,,,,,,,,,,,,,,,,,,,,,,,,,,,,,,,,,,,,,,,,,,,,,,,Low-density lipoprotein receptor,10090.0,Mus musculus,,,,,,,,,,,,,,,,,,,,,,,,,,,,,,,,,,,,,,,,,,,,,
RESULT_DESCR,,,,,,,,Standardized activity type (e.g. IC50 rather than Ic-50/Ic50/ic50/ic-50),,1571047,,"Qualifier (e.g. >, <, =) for 'Standard Value'",Standardized activity value transformed to common units: e.g. mM concentrations converted to nM,Selected units for 'Standard Type': e.g. concentrations are in nM,,,,,,,,,,,,,,,,,,,,,,,,,,,,,,,,,,,,,,,,,,,,,,,,,,,,,,,,,,,,,,,,,,,,,,Low-density lipoprotein receptor,10090.0,Mus musculus,,,,,,,,,,,,,,,,,,,,,,,,,,,,,,,,,,,,,,,,,,,,,
RESULT_DESCR,,,,,,,,Standardized activity type (e.g. IC50 rather than Ic-50/Ic50/ic50/ic-50),,1571048,,"Qualifier (e.g. >, <, =) for 'Standard Value'",Standardized activity value transformed to common units: e.g. mM concentrations converted to nM,Selected units for 'Standard Type': e.g. concentrations are in nM,,,,,,,,,,,,,,,,,,,,,,,,,,,,,,,,,,,,,,,,,,,,,,,,,,,,,,,,,,,,,,,,,,,,,,Low-density lipoprotein receptor,10090.0,Mus musculus,,,,,,,,,,,,,,,,,,,,,,,,,,,,,,,,,,,,,,,,,,,,,
RESULT_DESCR,,,,,,,,Standardized activity type (e.g. IC50 rather than Ic-50/Ic50/ic50/ic-50),,547923,PubChem standardized value transformed from 'Standard Value'. The unit is always micromolar,"Qualifier (e.g. >, <, =) for 'Standard Value'",Standardized activity value transformed to common units: e.g. mM concentrations converted to nM,Selected units for 'Standard Type': e.g. concentrations are in nM,,,,,,,,,,,,,,,,,,,,,,,,,,,,,,,,,,,,,,,,,,,,,,,,,,,,,,,,,,,,,,,,,,,,,,Low-density lipoprotein receptor,10090.0,Mus musculus,,,,,,,,,,,,,,,,,,,,,,,,,,,,,,,,,,,,,,,,,,,,,
RESULT_DESCR,,,,,,,,Standardized activity type (e.g. IC50 rather than Ic-50/Ic50/ic50/ic-50),Additional comments,547924,,,,,,,,,,,,,,,,,,,,,,,,,,,,,,,,,,,,,,,,,,,,,,,,,,,,,,,,,,,,,,,,,,,,,,,,,,Low-density lipoprotein receptor,10090.0,Mus musculus,,,,,,,,,,,,,,,,,,,,,,,,,,,,,,,,,,,,,,,,,,,,,
RESULT_DESCR,,,,,,,,Standardized activity type (e.g. IC50 rather than Ic-50/Ic50/ic50/ic-50),,1571049,,"Qualifier (e.g. >, <, =) for 'Standard Value'",Standardized activity value transformed to common units: e.g. mM concentrations converted to nM,,,,,,,,,,,,,,,,,,,,,,,,,,,,,,,,,,,,,,,,,,,,,,,,,,,,,,,,,,,,,,,,,,,,,,,Low-density lipoprotein receptor,10090.0,Mus musculus,,,,,,,,,,,,,,,,,,,,,,,,,,,,,,,,,,,,,,,,,,,,,
RESULT_DESCR,,,,,,,,Standardized activity type (e.g. IC50 rather than Ic-50/Ic50/ic50/ic-50),Additional comments,1571050,,,,,,,,,,,,,,,,,,,,,,,,,,,,,,,,,,,,,,,,,,,,,,,,,,,,,,,,,,,,,,,,,,,,,,,,,,Low-density lipoprotein receptor,10090.0,Mus musculus,,,,,,,,,,,,,,,,,,,,,,,,,,,,,,,,,,,,,,,,,,,,,
RESULT_DESCR,,,,,,,,Standardized activity type (e.g. IC50 rather than Ic-50/Ic50/ic50/ic-50),Additional comments,1571051,,,,,,,,,,,,,,,,,,,,,,,,,,,,,,,,,,,,,,,,,,,,,,,,,,,,,,,,,,,,,,,,,,,,,,,,,,Low-density lipoprotein receptor,10090.0,Mus musculus,,,,,,,,,,,,,,,,,,,,,,,,,,,,,,,,,,,,,,,,,,,,,
RESULT_DESCR,,,,,,,,Standardized activity type (e.g. IC50 rather than Ic-50/Ic50/ic50/ic-50),,1318149,,"Qualifier (e.g. >, <, =) for 'Standard Value'",Standardized activity value transformed to common units: e.g. mM concentrations converted to nM,,,,,,,,,,,,,,,,,,,,,,,,,,,,,,,,,,,,,,,,,,,,,,,,,,,,,,,,,,,,,,,,,,,,,,,Low-density lipoprotein receptor,10090.0,Mus musculus,,,,,,,,,,,,,,,,,,,,,,,,,,,,,,,,,,,,,,,,,,,,,
RESULT_DESCR,,,,,,,,Standardized activity type (e.g. IC50 rather than Ic-50/Ic50/ic50/ic-50),Additional comments,371101,,,,,,,,,,,,,,,,,,,,,,,,,,,,,,,,,,,,,,,,,,,,,,,,,,,,,,,,,,,,,,,,,,,,,,,,,,Low-density lipoprotein receptor,10090.0,Mus musculus,,,,,,,,,,,,,,,,,,,,,,,,,,,,,,,,,,,,,,,,,,,,,
RESULT_DESCR,,,,,,,,Standardized activity type (e.g. IC50 rather than Ic-50/Ic50/ic50/ic-50),Additional comments,371106,,,,,,,,,,,,,,,,,,,,,,,,,,,,,,,,,,,,,,,,,,,,,,,,,,,,,,,,,,,,,,,,,,,,,,,,,,Low-density lipoprotein receptor,10090.0,Mus musculus,,,,,,,,,,,,,,,,,,,,,,,,,,,,,,,,,,,,,,,,,,,,,
RESULT_DESCR,,,,,,,,Standardized activity type (e.g. IC50 rather than Ic-50/Ic50/ic50/ic-50),Additional comments,371107,,,,,,,,,,,,,,,,,,,,,,,,,,,,,,,,,,,,,,,,,,,,,,,,,,,,,,,,,,,,,,,,,,,,,,,,,,Low-density lipoprotein receptor,10090.0,Mus musculus,,,,,,,,,,,,,,,,,,,,,,,,,,,,,,,,,,,,,,,,,,,,,
RESULT_DESCR,,,,,,,,Standardized activity type (e.g. IC50 rather than Ic-50/Ic50/ic50/ic-50),,478597,,"Qualifier (e.g. >, <, =) for 'Standard Value'",Standardized activity value transformed to common units: e.g. mM concentrations converted to nM,Selected units for 'Standard Type': e.g. concentrations are in nM,,,,,,,,,,,,,,,,,,,,,,,,,,,,,,,,,,,,,,,,,,,,,,,,,,,,,,,,,,,,,,,,,,,,,,Low-density lipoprotein receptor,10090.0,Mus musculus,,,,,,,,,,,,,,,,,,,,,,,,,,,,,,,,,,,,,,,,,,,,,
RESULT_DESCR,,,,,,,,Standardized activity type (e.g. IC50 rather than Ic-50/Ic50/ic50/ic-50),,478598,,"Qualifier (e.g. >, <, =) for 'Standard Value'",Standardized activity value transformed to common units: e.g. mM concentrations converted to nM,Selected units for 'Standard Type': e.g. concentrations are in nM,,,,,,,,,,,,,,,,,,,,,,,,,,,,,,,,,,,,,,,,,,,,,,,,,,,,,,,,,,,,,,,,,,,,,,Low-density lipoprotein receptor,10090.0,Mus musculus,,,,,,,,,,,,,,,,,,,,,,,,,,,,,,,,,,,,,,,,,,,,,
RESULT_DESCR,,,,,,,,Standardized activity type (e.g. IC50 rather than Ic-50/Ic50/ic50/ic-50),Additional comments,371109,,,,,,,,,,,,,,,,,,,,,,,,,,,,,,,,,,,,,,,,,,,,,,,,,,,,,,,,,,,,,,,,,,,,,,,,,,Low-density lipoprotein receptor,10090.0,Mus musculus,,,,,,,,,,,,,,,,,,,,,,,,,,,,,,,,,,,,,,,,,,,,,
RESULT_DESCR,,,,,,,,Standardized activity type (e.g. IC50 rather than Ic-50/Ic50/ic50/ic-50),,478599,,"Qualifier (e.g. >, <, =) for 'Standard Value'",Standardized activity value transformed to common units: e.g. mM concentrations converted to nM,Selected units for 'Standard Type': e.g. concentrations are in nM,,,,,,,,,,,,,,,,,,,,,,,,,,,,,,,,,,,,,,,,,,,,,,,,,,,,,,,,,,,,,,,,,,,,,,Low-density lipoprotein receptor,10090.0,Mus musculus,,,,,,,,,,,,,,,,,,,,,,,,,,,,,,,,,,,,,,,,,,,,,
RESULT_DESCR,,,,,,,,Standardized activity type (e.g. IC50 rather than Ic-50/Ic50/ic50/ic-50),Additional comments,371110,,,,,,,,,,,,,,,,,,,,,,,,,,,,,,,,,,,,,,,,,,,,,,,,,,,,,,,,,,,,,,,,,,,,,,,,,,Low-density lipoprotein receptor,10090.0,Mus musculus,,,,,,,,,,,,,,,,,,,,,,,,,,,,,,,,,,,,,,,,,,,,,
RESULT_DESCR,,,,,,,,Standardized activity type (e.g. IC50 rather than Ic-50/Ic50/ic50/ic-50),Additional comments,371111,,,,,,,,,,,,,,,,,,,,,,,,,,,,,,,,,,,,,,,,,,,,,,,,,,,,,,,,,,,,,,,,,,,,,,,,,,Low-density lipoprotein receptor,10090.0,Mus musculus,,,,,,,,,,,,,,,,,,,,,,,,,,,,,,,,,,,,,,,,,,,,,
RESULT_DESCR,,,,,,,,Standardized activity type (e.g. IC50 rather than Ic-50/Ic50/ic50/ic-50),Additional comments,371112,,,,,,,,,,,,,,,,,,,,,,,,,,,,,,,,,,,,,,,,,,,,,,,,,,,,,,,,,,,,,,,,,,,,,,,,,,Low-density lipoprotein receptor,10090.0,Mus musculus,,,,,,,,,,,,,,,,,,,,,,,,,,,,,,,,,,,,,,,,,,,,,
RESULT_DESCR,,,,,,,,Standardized activity type (e.g. IC50 rather than Ic-50/Ic50/ic50/ic-50),,273422,,"Qualifier (e.g. >, <, =) for 'Standard Value'",Standardized activity value transformed to common units: e.g. mM concentrations converted to nM,Selected units for 'Standard Type': e.g. concentrations are in nM,,,,,,,,,,,,,,,,,,,,,,,,,,,,,,,,,,,,,,,,,,,,,,,,,,,,,,,,,,,,,,,,,,,,,,Low-density lipoprotein receptor,10090.0,Mus musculus,,,,,,,,,,,,,,,,,,,,,,,,,,,,,,,,,,,,,,,,,,,,,
RESULT_DESCR,,,,,,,,Standardized activity type (e.g. IC50 rather than Ic-50/Ic50/ic50/ic-50),,1318394,,"Qualifier (e.g. >, <, =) for 'Standard Value'",Standardized activity value transformed to common units: e.g. mM concentrations converted to nM,,,,,,,,,,,,,,,,,,,,,,,,,,,,,,,,,,,,,,,,,,,,,,,,,,,,,,,,,,,,,,,,,,,,,,,Low-density lipoprotein receptor,10090.0,Mus musculus,,,,,,,,,,,,,,,,,,,,,,,,,,,,,,,,,,,,,,,,,,,,,
RESULT_DESCR,,,,,,,,Standardized activity type (e.g. IC50 rather than Ic-50/Ic50/ic50/ic-50),,1933159,PubChem standardized value transformed from 'Standard Value'. The unit is always micromolar,"Qualifier (e.g. >, <, =) for 'Standard Value'",Standardized activity value transformed to common units: e.g. mM concentrations converted to nM,Selected units for 'Standard Type': e.g. concentrations are in nM,,,,,,,,,,,,,,,,,,,,,,,,,,,,,,,,,,,,,,,,,,,,,,,,,,,,,,,,,,,,,,,,,,,,,,Low-density lipoprotein receptor,10090.0,Mus musculus,,,,,,,,,,,,,,,,,,,,,,,,,,,,,,,,,,,,,,,,,,,,,
RESULT_DESCR,,,,,,,,Standardized activity type (e.g. IC50 rather than Ic-50/Ic50/ic50/ic-50),,1933163,,"Qualifier (e.g. >, <, =) for 'Standard Value'",Standardized activity value transformed to common units: e.g. mM concentrations converted to nM,Selected units for 'Standard Type': e.g. concentrations are in nM,,,,,,,,,,,,,,,,,,,,,,,,,,,,,,,,,,,,,,,,,,,,,,,,,,,,,,,,,,,,,,,,,,,,,,Low-density lipoprotein receptor,10090.0,Mus musculus,,,,,,,,,,,,,,,,,,,,,,,,,,,,,,,,,,,,,,,,,,,,,
RESULT_DESCR,,,,,,,,Standardized activity type (e.g. IC50 rather than Ic-50/Ic50/ic50/ic-50),,1933164,,"Qualifier (e.g. >, <, =) for 'Standard Value'",Standardized activity value transformed to common units: e.g. mM concentrations converted to nM,Selected units for 'Standard Type': e.g. concentrations are in nM,,,,,,,,,,,,,,,,,,,,,,,,,,,,,,,,,,,,,,,,,,,,,,,,,,,,,,,,,,,,,,,,,,,,,,Low-density lipoprotein receptor,10090.0,Mus musculus,,,,,,,,,,,,,,,,,,,,,,,,,,,,,,,,,,,,,,,,,,,,,
RESULT_DESCR,,,,,,,,Standardized activity type (e.g. IC50 rather than Ic-50/Ic50/ic50/ic-50),Additional comments,472487,,,,,,,,,,,,,,,,,,,,,,,,,,,,,,,,,,,,,,,,,,,,,,,,,,,,,,,,,,,,,,,,,,,,,,,,,,Low-density lipoprotein receptor,10090.0,Mus musculus,,,,,,,,,,,,,,,,,,,,,,,,,,,,,,,,,,,,,,,,,,,,,
RESULT_DESCR,,,,,,,,Standardized activity type (e.g. IC50 rather than Ic-50/Ic50/ic50/ic-50),,683915,,"Qualifier (e.g. >, <, =) for 'Standard Value'",Standardized activity value transformed to common units: e.g. mM concentrations converted to nM,Selected units for 'Standard Type': e.g. concentrations are in nM,,,,,,,,,,,,,,,,,,,,,,,,,,,,,,,,,,,,,,,,,,,,,,,,,,,,,,,,,,,,,,,,,,,,,,Low-density lipoprotein receptor,10090.0,Mus musculus,,,,,,,,,,,,,,,,,,,,,,,,,,,,,,,,,,,,,,,,,,,,,
RESULT_DESCR,,,,,,,,Standardized activity type (e.g. IC50 rather than Ic-50/Ic50/ic50/ic-50),Additional comments,683916,,,,,,,,,,,,,,,,,,,,,,,,,,,,,,,,,,,,,,,,,,,,,,,,,,,,,,,,,,,,,,,,,,,,,,,,,,Low-density lipoprotein receptor,10090.0,Mus musculus,,,,,,,,,,,,,,,,,,,,,,,,,,,,,,,,,,,,,,,,,,,,,
RESULT_DESCR,,,,,,,,Standardized activity type (e.g. IC50 rather than Ic-50/Ic50/ic50/ic-50),,683917,,"Qualifier (e.g. >, <, =) for 'Standard Value'",Standardized activity value transformed to common units: e.g. mM concentrations converted to nM,,,,,,,,,,,,,,,,,,,,,,,,,,,,,,,,,,,,,,,,,,,,,,,,,,,,,,,,,,,,,,,,,,,,,,,Low-density lipoprotein receptor,10090.0,Mus musculus,,,,,,,,,,,,,,,,,,,,,,,,,,,,,,,,,,,,,,,,,,,,,
RESULT_DESCR,,,,,,,,Standardized activity type (e.g. IC50 rather than Ic-50/Ic50/ic50/ic-50),Additional comments,683918,,,,,,,,,,,,,,,,,,,,,,,,,,,,,,,,,,,,,,,,,,,,,,,,,,,,,,,,,,,,,,,,,,,,,,,,,,Low-density lipoprotein receptor,10090.0,Mus musculus,,,,,,,,,,,,,,,,,,,,,,,,,,,,,,,,,,,,,,,,,,,,,
RESULT_DESCR,,,,,,,,Standardized activity type (e.g. IC50 rather than Ic-50/Ic50/ic50/ic-50),Additional comments,472488,,,,,,,,,,,,,,,,,,,,,,,,,,,,,,,,,,,,,,,,,,,,,,,,,,,,,,,,,,,,,,,,,,,,,,,,,,Low-density lipoprotein receptor,10090.0,Mus musculus,,,,,,,,,,,,,,,,,,,,,,,,,,,,,,,,,,,,,,,,,,,,,
RESULT_DESCR,,,,,,,,Standardized activity type (e.g. IC50 rather than Ic-50/Ic50/ic50/ic-50),,1666981,,"Qualifier (e.g. >, <, =) for 'Standard Value'",Standardized activity value transformed to common units: e.g. mM concentrations converted to nM,Selected units for 'Standard Type': e.g. concentrations are in nM,,,,,,,,,,,,,,,,,,,,,,,,,,,,,,,,,,,,,,,,,,,,,,,,,,,,,,,,,,,,,,,,,,,,,,Low-density lipoprotein receptor,10090.0,Mus musculus,,,,,,,,,,,,,,,,,,,,,,,,,,,,,,,,,,,,,,,,,,,,,
RESULT_DESCR,,,,,,,,Standardized activity type (e.g. IC50 rather than Ic-50/Ic50/ic50/ic-50),,1666992,,"Qualifier (e.g. >, <, =) for 'Standard Value'",Standardized activity value transformed to common units: e.g. mM concentrations converted to nM,Selected units for 'Standard Type': e.g. concentrations are in nM,,,,,,,,,,,,,,,,,,,,,,,,,,,,,,,,,,,,,,,,,,,,,,,,,,,,,,,,,,,,,,,,,,,,,,Low-density lipoprotein receptor,10090.0,Mus musculus,,,,,,,,,,,,,,,,,,,,,,,,,,,,,,,,,,,,,,,,,,,,,
RESULT_DESCR,,,,,,,,Standardized activity type (e.g. IC50 rather than Ic-50/Ic50/ic50/ic-50),,1666993,,"Qualifier (e.g. >, <, =) for 'Standard Value'",Standardized activity value transformed to common units: e.g. mM concentrations converted to nM,Selected units for 'Standard Type': e.g. concentrations are in nM,,,,,,,,,,,,,,,,,,,,,,,,,,,,,,,,,,,,,,,,,,,,,,,,,,,,,,,,,,,,,,,,,,,,,,Low-density lipoprotein receptor,10090.0,Mus musculus,,,,,,,,,,,,,,,,,,,,,,,,,,,,,,,,,,,,,,,,,,,,,
RESULT_DESCR,,,,,,,,Standardized activity type (e.g. IC50 rather than Ic-50/Ic50/ic50/ic-50),,1666994,,"Qualifier (e.g. >, <, =) for 'Standard Value'",Standardized activity value transformed to common units: e.g. mM concentrations converted to nM,Selected units for 'Standard Type': e.g. concentrations are in nM,,,,,,,,,,,,,,,,,,,,,,,,,,,,,,,,,,,,,,,,,,,,,,,,,,,,,,,,,,,,,,,,,,,,,,Low-density lipoprotein receptor,10090.0,Mus musculus,,,,,,,,,,,,,,,,,,,,,,,,,,,,,,,,,,,,,,,,,,,,,
RESULT_DESCR,,,,,,,,Standardized activity type (e.g. IC50 rather than Ic-50/Ic50/ic50/ic-50),,1666995,,"Qualifier (e.g. >, <, =) for 'Standard Value'",Standardized activity value transformed to common units: e.g. mM concentrations converted to nM,Selected units for 'Standard Type': e.g. concentrations are in nM,,,,,,,,,,,,,,,,,,,,,,,,,,,,,,,,,,,,,,,,,,,,,,,,,,,,,,,,,,,,,,,,,,,,,,Low-density lipoprotein receptor,10090.0,Mus musculus,,,,,,,,,,,,,,,,,,,,,,,,,,,,,,,,,,,,,,,,,,,,,
RESULT_DESCR,,,,,,,,Standardized activity type (e.g. IC50 rather than Ic-50/Ic50/ic50/ic-50),,1666996,,"Qualifier (e.g. >, <, =) for 'Standard Value'",Standardized activity value transformed to common units: e.g. mM concentrations converted to nM,Selected units for 'Standard Type': e.g. concentrations are in nM,,,,,,,,,,,,,,,,,,,,,,,,,,,,,,,,,,,,,,,,,,,,,,,,,,,,,,,,,,,,,,,,,,,,,,Low-density lipoprotein receptor,10090.0,Mus musculus,,,,,,,,,,,,,,,,,,,,,,,,,,,,,,,,,,,,,,,,,,,,,
RESULT_DESCR,,,,,,,,Standardized activity type (e.g. IC50 rather than Ic-50/Ic50/ic50/ic-50),Additional comments,472489,,,,,,,,,,,,,,,,,,,,,,,,,,,,,,,,,,,,,,,,,,,,,,,,,,,,,,,,,,,,,,,,,,,,,,,,,,Low-density lipoprotein receptor,10090.0,Mus musculus,,,,,,,,,,,,,,,,,,,,,,,,,,,,,,,,,,,,,,,,,,,,,
RESULT_DESCR,,,,,,,,Standardized activity type (e.g. IC50 rather than Ic-50/Ic50/ic50/ic-50),,1666997,,"Qualifier (e.g. >, <, =) for 'Standard Value'",Standardized activity value transformed to common units: e.g. mM concentrations converted to nM,Selected units for 'Standard Type': e.g. concentrations are in nM,,,,,,,,,,,,,,,,,,,,,,,,,,,,,,,,,,,,,,,,,,,,,,,,,,,,,,,,,,,,,,,,,,,,,,Low-density lipoprotein receptor,10090.0,Mus musculus,,,,,,,,,,,,,,,,,,,,,,,,,,,,,,,,,,,,,,,,,,,,,
RESULT_DESCR,,,,,,,,Standardized activity type (e.g. IC50 rather than Ic-50/Ic50/ic50/ic-50),,1666998,,"Qualifier (e.g. >, <, =) for 'Standard Value'",Standardized activity value transformed to common units: e.g. mM concentrations converted to nM,Selected units for 'Standard Type': e.g. concentrations are in nM,,,,,,,,,,,,,,,,,,,,,,,,,,,,,,,,,,,,,,,,,,,,,,,,,,,,,,,,,,,,,,,,,,,,,,Low-density lipoprotein receptor,10090.0,Mus musculus,,,,,,,,,,,,,,,,,,,,,,,,,,,,,,,,,,,,,,,,,,,,,
RESULT_DESCR,,,,,,,,Standardized activity type (e.g. IC50 rather than Ic-50/Ic50/ic50/ic-50),Additional comments,1666999,PubChem standardized value transformed from 'Standard Value'. The unit is always micromolar,"Qualifier (e.g. >, <, =) for 'Standard Value'",Standardized activity value transformed to common units: e.g. mM concentrations converted to nM,Selected units for 'Standard Type': e.g. concentrations are in nM,,,,,,,,,,,,,,,,,,,,,,,,,,,,,,,,,,,,,,,,,,,,,,,,,,,,,,,,,,,,,,,,,,,,,,Low-density lipoprotein receptor,10090.0,Mus musculus,,,,,,,,,,,,,,,,,,,,,,,,,,,,,,,,,,,,,,,,,,,,,
RESULT_DESCR,,,,,,,,Standardized activity type (e.g. IC50 rather than Ic-50/Ic50/ic50/ic-50),Additional comments,1667000,PubChem standardized value transformed from 'Standard Value'. The unit is always micromolar,"Qualifier (e.g. >, <, =) for 'Standard Value'",Standardized activity value transformed to common units: e.g. mM concentrations converted to nM,Selected units for 'Standard Type': e.g. concentrations are in nM,,,,,,,,,,,,,,,,,,,,,,,,,,,,,,,,,,,,,,,,,,,,,,,,,,,,,,,,,,,,,,,,,,,,,,Low-density lipoprotein receptor,10090.0,Mus musculus,,,,,,,,,,,,,,,,,,,,,,,,,,,,,,,,,,,,,,,,,,,,,
RESULT_DESCR,,,,,,,,Standardized activity type (e.g. IC50 rather than Ic-50/Ic50/ic50/ic-50),,1667001,,"Qualifier (e.g. >, <, =) for 'Standard Value'",Standardized activity value transformed to common units: e.g. mM concentrations converted to nM,Selected units for 'Standard Type': e.g. concentrations are in nM,,,,,,,,,,,,,,,,,,,,,,,,,,,,,,,,,,,,,,,,,,,,,,,,,,,,,,,,,,,,,,,,,,,,,,Low-density lipoprotein receptor,10090.0,Mus musculus,,,,,,,,,,,,,,,,,,,,,,,,,,,,,,,,,,,,,,,,,,,,,
RESULT_DESCR,,,,,,,,Standardized activity type (e.g. IC50 rather than Ic-50/Ic50/ic50/ic-50),,1667002,,"Qualifier (e.g. >, <, =) for 'Standard Value'",Standardized activity value transformed to common units: e.g. mM concentrations converted to nM,Selected units for 'Standard Type': e.g. concentrations are in nM,,,,,,,,,,,,,,,,,,,,,,,,,,,,,,,,,,,,,,,,,,,,,,,,,,,,,,,,,,,,,,,,,,,,,,Low-density lipoprotein receptor,10090.0,Mus musculus,,,,,,,,,,,,,,,,,,,,,,,,,,,,,,,,,,,,,,,,,,,,,
RESULT_DESCR,,,,,,,,Standardized activity type (e.g. IC50 rather than Ic-50/Ic50/ic50/ic-50),,1667003,,"Qualifier (e.g. >, <, =) for 'Standard Value'",Standardized activity value transformed to common units: e.g. mM concentrations converted to nM,Selected units for 'Standard Type': e.g. concentrations are in nM,,,,,,,,,,,,,,,,,,,,,,,,,,,,,,,,,,,,,,,,,,,,,,,,,,,,,,,,,,,,,,,,,,,,,,Low-density lipoprotein receptor,10090.0,Mus musculus,,,,,,,,,,,,,,,,,,,,,,,,,,,,,,,,,,,,,,,,,,,,,
RESULT_DESCR,,,,,,,,Standardized activity type (e.g. IC50 rather than Ic-50/Ic50/ic50/ic-50),,1667004,,"Qualifier (e.g. >, <, =) for 'Standard Value'",Standardized activity value transformed to common units: e.g. mM concentrations converted to nM,Selected units for 'Standard Type': e.g. concentrations are in nM,,,,,,,,,,,,,,,,,,,,,,,,,,,,,,,,,,,,,,,,,,,,,,,,,,,,,,,,,,,,,,,,,,,,,,Low-density lipoprotein receptor,10090.0,Mus musculus,,,,,,,,,,,,,,,,,,,,,,,,,,,,,,,,,,,,,,,,,,,,,
RESULT_DESCR,,,,,,,,Standardized activity type (e.g. IC50 rather than Ic-50/Ic50/ic50/ic-50),,1667005,,"Qualifier (e.g. >, <, =) for 'Standard Value'",Standardized activity value transformed to common units: e.g. mM concentrations converted to nM,Selected units for 'Standard Type': e.g. concentrations are in nM,,,,,,,,,,,,,,,,,,,,,,,,,,,,,,,,,,,,,,,,,,,,,,,,,,,,,,,,,,,,,,,,,,,,,,Low-density lipoprotein receptor,10090.0,Mus musculus,,,,,,,,,,,,,,,,,,,,,,,,,,,,,,,,,,,,,,,,,,,,,
RESULT_DESCR,,,,,,,,Standardized activity type (e.g. IC50 rather than Ic-50/Ic50/ic50/ic-50),,1667006,,"Qualifier (e.g. >, <, =) for 'Standard Value'",Standardized activity value transformed to common units: e.g. mM concentrations converted to nM,Selected units for 'Standard Type': e.g. concentrations are in nM,,,,,,,,,,,,,,,,,,,,,,,,,,,,,,,,,,,,,,,,,,,,,,,,,,,,,,,,,,,,,,,,,,,,,,Low-density lipoprotein receptor,10090.0,Mus musculus,,,,,,,,,,,,,,,,,,,,,,,,,,,,,,,,,,,,,,,,,,,,,
RESULT_DESCR,,,,,,,,Standardized activity type (e.g. IC50 rather than Ic-50/Ic50/ic50/ic-50),,1667007,,"Qualifier (e.g. >, <, =) for 'Standard Value'",Standardized activity value transformed to common units: e.g. mM concentrations converted to nM,Selected units for 'Standard Type': e.g. concentrations are in nM,,,,,,,,,,,,,,,,,,,,,,,,,,,,,,,,,,,,,,,,,,,,,,,,,,,,,,,,,,,,,,,,,,,,,,Low-density lipoprotein receptor,10090.0,Mus musculus,,,,,,,,,,,,,,,,,,,,,,,,,,,,,,,,,,,,,,,,,,,,,
RESULT_DESCR,,,,,,,,Standardized activity type (e.g. IC50 rather than Ic-50/Ic50/ic50/ic-50),,1667008,,"Qualifier (e.g. >, <, =) for 'Standard Value'",Standardized activity value transformed to common units: e.g. mM concentrations converted to nM,Selected units for 'Standard Type': e.g. concentrations are in nM,,,,,,,,,,,,,,,,,,,,,,,,,,,,,,,,,,,,,,,,,,,,,,,,,,,,,,,,,,,,,,,,,,,,,,Low-density lipoprotein receptor,10090.0,Mus musculus,,,,,,,,,,,,,,,,,,,,,,,,,,,,,,,,,,,,,,,,,,,,,
RESULT_DESCR,,,,,,,,Standardized activity type (e.g. IC50 rather than Ic-50/Ic50/ic50/ic-50),,1667011,,"Qualifier (e.g. >, <, =) for 'Standard Value'",Standardized activity value transformed to common units: e.g. mM concentrations converted to nM,Selected units for 'Standard Type': e.g. concentrations are in nM,,,,,,,,,,,,,,,,,,,,,,,,,,,,,,,,,,,,,,,,,,,,,,,,,,,,,,,,,,,,,,,,,,,,,,Low-density lipoprotein receptor,10090.0,Mus musculus,,,,,,,,,,,,,,,,,,,,,,,,,,,,,,,,,,,,,,,,,,,,,
RESULT_DESCR,,,,,,,,Standardized activity type (e.g. IC50 rather than Ic-50/Ic50/ic50/ic-50),,1667009,,"Qualifier (e.g. >, <, =) for 'Standard Value'",Standardized activity value transformed to common units: e.g. mM concentrations converted to nM,Selected units for 'Standard Type': e.g. concentrations are in nM,,,,,,,,,,,,,,,,,,,,,,,,,,,,,,,,,,,,,,,,,,,,,,,,,,,,,,,,,,,,,,,,,,,,,,Low-density lipoprotein receptor,10090.0,Mus musculus,,,,,,,,,,,,,,,,,,,,,,,,,,,,,,,,,,,,,,,,,,,,,
RESULT_DESCR,,,,,,,,Standardized activity type (e.g. IC50 rather than Ic-50/Ic50/ic50/ic-50),,1667010,,"Qualifier (e.g. >, <, =) for 'Standard Value'",Standardized activity value transformed to common units: e.g. mM concentrations converted to nM,Selected units for 'Standard Type': e.g. concentrations are in nM,,,,,,,,,,,,,,,,,,,,,,,,,,,,,,,,,,,,,,,,,,,,,,,,,,,,,,,,,,,,,,,,,,,,,,Low-density lipoprotein receptor,10090.0,Mus musculus,,,,,,,,,,,,,,,,,,,,,,,,,,,,,,,,,,,,,,,,,,,,,
RESULT_DESCR,,,,,,,,Standardized activity type (e.g. IC50 rather than Ic-50/Ic50/ic50/ic-50),,1667012,,"Qualifier (e.g. >, <, =) for 'Standard Value'",Standardized activity value transformed to common units: e.g. mM concentrations converted to nM,Selected units for 'Standard Type': e.g. concentrations are in nM,,,,,,,,,,,,,,,,,,,,,,,,,,,,,,,,,,,,,,,,,,,,,,,,,,,,,,,,,,,,,,,,,,,,,,Low-density lipoprotein receptor,10090.0,Mus musculus,,,,,,,,,,,,,,,,,,,,,,,,,,,,,,,,,,,,,,,,,,,,,
RESULT_DESCR,,,,,,,,Standardized activity type (e.g. IC50 rather than Ic-50/Ic50/ic50/ic-50),Additional comments,1667013,,,,,,,,,,,,,,,,,,,,,,,,,,,,,,,,,,,,,,,,,,,,,,,,,,,,,,,,,,,,,,,,,,,,,,,,,,Low-density lipoprotein receptor,10090.0,Mus musculus,,,,,,,,,,,,,,,,,,,,,,,,,,,,,,,,,,,,,,,,,,,,,
RESULT_DESCR,,,,,,,,Standardized activity type (e.g. IC50 rather than Ic-50/Ic50/ic50/ic-50),,1667014,,"Qualifier (e.g. >, <, =) for 'Standard Value'",Standardized activity value transformed to common units: e.g. mM concentrations converted to nM,Selected units for 'Standard Type': e.g. concentrations are in nM,,,,,,,,,,,,,,,,,,,,,,,,,,,,,,,,,,,,,,,,,,,,,,,,,,,,,,,,,,,,,,,,,,,,,,Low-density lipoprotein receptor,10090.0,Mus musculus,,,,,,,,,,,,,,,,,,,,,,,,,,,,,,,,,,,,,,,,,,,,,
RESULT_DESCR,,,,,,,,Standardized activity type (e.g. IC50 rather than Ic-50/Ic50/ic50/ic-50),Additional comments,1667015,,,,,,,,,,,,,,,,,,,,,,,,,,,,,,,,,,,,,,,,,,,,,,,,,,,,,,,,,,,,,,,,,,,,,,,,,,Low-density lipoprotein receptor,10090.0,Mus musculus,,,,,,,,,,,,,,,,,,,,,,,,,,,,,,,,,,,,,,,,,,,,,
RESULT_DESCR,,,,,,,,Standardized activity type (e.g. IC50 rather than Ic-50/Ic50/ic50/ic-50),Additional comments,1667016,,,,,,,,,,,,,,,,,,,,,,,,,,,,,,,,,,,,,,,,,,,,,,,,,,,,,,,,,,,,,,,,,,,,,,,,,,Low-density lipoprotein receptor,10090.0,Mus musculus,,,,,,,,,,,,,,,,,,,,,,,,,,,,,,,,,,,,,,,,,,,,,
RESULT_DESCR,,,,,,,,Standardized activity type (e.g. IC50 rather than Ic-50/Ic50/ic50/ic-50),Additional comments,1667017,,,,,,,,,,,,,,,,,,,,,,,,,,,,,,,,,,,,,,,,,,,,,,,,,,,,,,,,,,,,,,,,,,,,,,,,,,Low-density lipoprotein receptor,10090.0,Mus musculus,,,,,,,,,,,,,,,,,,,,,,,,,,,,,,,,,,,,,,,,,,,,,
RESULT_DESCR,,,,,,,,Standardized activity type (e.g. IC50 rather than Ic-50/Ic50/ic50/ic-50),,1667020,PubChem standardized value transformed from 'Standard Value'. The unit is always micromolar,"Qualifier (e.g. >, <, =) for 'Standard Value'",Standardized activity value transformed to common units: e.g. mM concentrations converted to nM,Selected units for 'Standard Type': e.g. concentrations are in nM,,,,,,,,,,,,,,,,,,,,,,,,,,,,,,,,,,,,,,,,,,,,,,,,,,,,,,,,,,,,,,,,,,,,,,Low-density lipoprotein receptor,10090.0,Mus musculus,,,,,,,,,,,,,,,,,,,,,,,,,,,,,,,,,,,,,,,,,,,,,
RESULT_DESCR,,,,,,,,Standardized activity type (e.g. IC50 rather than Ic-50/Ic50/ic50/ic-50),Additional comments,1667022,,,,,,,,,,,,,,,,,,,,,,,,,,,,,,,,,,,,,,,,,,,,,,,,,,,,,,,,,,,,,,,,,,,,,,,,,,Low-density lipoprotein receptor,10090.0,Mus musculus,,,,,,,,,,,,,,,,,,,,,,,,,,,,,,,,,,,,,,,,,,,,,
RESULT_DESCR,,,,,,,,Standardized activity type (e.g. IC50 rather than Ic-50/Ic50/ic50/ic-50),Additional comments,1667023,,,,,,,,,,,,,,,,,,,,,,,,,,,,,,,,,,,,,,,,,,,,,,,,,,,,,,,,,,,,,,,,,,,,,,,,,,Low-density lipoprotein receptor,10090.0,Mus musculus,,,,,,,,,,,,,,,,,,,,,,,,,,,,,,,,,,,,,,,,,,,,,
RESULT_DESCR,,,,,,,,Standardized activity type (e.g. IC50 rather than Ic-50/Ic50/ic50/ic-50),Additional comments,1267739,,,,Selected units for 'Standard Type': e.g. concentrations are in nM,,,,,,,,,,,,,,,,,,,,,,,,,,,,,,,,,,,,,,,,,,,,,,,,,,,,,,,,,,,,,,,,,,,,,,Low-density lipoprotein receptor,10090.0,Mus musculus,,,,,,,,,,,,,,,,,,,,,,,,,,,,,,,,,,,,,,,,,,,,,
RESULT_DESCR,,,,,,,,Standardized activity type (e.g. IC50 rather than Ic-50/Ic50/ic50/ic-50),,1306566,,"Qualifier (e.g. >, <, =) for 'Standard Value'",Standardized activity value transformed to common units: e.g. mM concentrations converted to nM,Selected units for 'Standard Type': e.g. concentrations are in nM,,,,,,,,,,,,,,,,,,,,,,,,,,,,,,,,,,,,,,,,,,,,,,,,,,,,,,,,,,,,,,,,,,,,,,Low-density lipoprotein receptor,10090.0,Mus musculus,,,,,,,,,,,,,,,,,,,,,,,,,,,,,,,,,,,,,,,,,,,,,
RESULT_DESCR,,,,,,,,Standardized activity type (e.g. IC50 rather than Ic-50/Ic50/ic50/ic-50),,1306567,,"Qualifier (e.g. >, <, =) for 'Standard Value'",Standardized activity value transformed to common units: e.g. mM concentrations converted to nM,Selected units for 'Standard Type': e.g. concentrations are in nM,,,,,,,,,,,,,,,,,,,,,,,,,,,,,,,,,,,,,,,,,,,,,,,,,,,,,,,,,,,,,,,,,,,,,,Low-density lipoprotein receptor,10090.0,Mus musculus,,,,,,,,,,,,,,,,,,,,,,,,,,,,,,,,,,,,,,,,,,,,,
RESULT_DESCR,,,,,,,,Standardized activity type (e.g. IC50 rather than Ic-50/Ic50/ic50/ic-50),,1306571,,"Qualifier (e.g. >, <, =) for 'Standard Value'",Standardized activity value transformed to common units: e.g. mM concentrations converted to nM,,,,,,,,,,,,,,,,,,,,,,,,,,,,,,,,,,,,,,,,,,,,,,,,,,,,,,,,,,,,,,,,,,,,,,,Low-density lipoprotein receptor,10090.0,Mus musculus,,,,,,,,,,,,,,,,,,,,,,,,,,,,,,,,,,,,,,,,,,,,,
RESULT_DESCR,,,,,,,,Standardized activity type (e.g. IC50 rather than Ic-50/Ic50/ic50/ic-50),,1306568,,"Qualifier (e.g. >, <, =) for 'Standard Value'",Standardized activity value transformed to common units: e.g. mM concentrations converted to nM,,,,,,,,,,,,,,,,,,,,,,,,,,,,,,,,,,,,,,,,,,,,,,,,,,,,,,,,,,,,,,,,,,,,,,,Low-density lipoprotein receptor,10090.0,Mus musculus,,,,,,,,,,,,,,,,,,,,,,,,,,,,,,,,,,,,,,,,,,,,,
RESULT_DESCR,,,,,,,,Standardized activity type (e.g. IC50 rather than Ic-50/Ic50/ic50/ic-50),,1306569,,"Qualifier (e.g. >, <, =) for 'Standard Value'",Standardized activity value transformed to common units: e.g. mM concentrations converted to nM,,,,,,,,,,,,,,,,,,,,,,,,,,,,,,,,,,,,,,,,,,,,,,,,,,,,,,,,,,,,,,,,,,,,,,,Low-density lipoprotein receptor,10090.0,Mus musculus,,,,,,,,,,,,,,,,,,,,,,,,,,,,,,,,,,,,,,,,,,,,,
RESULT_DESCR,,,,,,,,Standardized activity type (e.g. IC50 rather than Ic-50/Ic50/ic50/ic-50),,1306570,,"Qualifier (e.g. >, <, =) for 'Standard Value'",Standardized activity value transformed to common units: e.g. mM concentrations converted to nM,,,,,,,,,,,,,,,,,,,,,,,,,,,,,,,,,,,,,,,,,,,,,,,,,,,,,,,,,,,,,,,,,,,,,,,Low-density lipoprotein receptor,10090.0,Mus musculus,,,,,,,,,,,,,,,,,,,,,,,,,,,,,,,,,,,,,,,,,,,,,
RESULT_DESCR,,,,,,,,Standardized activity type (e.g. IC50 rather than Ic-50/Ic50/ic50/ic-50),Additional comments,1389907,,,,Selected units for 'Standard Type': e.g. concentrations are in nM,,,,,,,,,,,,,,,,,,,,,,,,,,,,,,,,,,,,,,,,,,,,,,,,,,,,,,,,,,,,,,,,,,,,,,Low-density lipoprotein receptor,10090.0,Mus musculus,,,,,,,,,,,,,,,,,,,,,,,,,,,,,,,,,,,,,,,,,,,,,
RESULT_DESCR,,,,,,,,Standardized activity type (e.g. IC50 rather than Ic-50/Ic50/ic50/ic-50),,1306539,PubChem standardized value transformed from 'Standard Value'. The unit is always micromolar,"Qualifier (e.g. >, <, =) for 'Standard Value'",Standardized activity value transformed to common units: e.g. mM concentrations converted to nM,Selected units for 'Standard Type': e.g. concentrations are in nM,,,,,,,,,,,,,,,,,,,,,,,,,,,,,,,,,,,,,,,,,,,,,,,,,,,,,,,,,,,,,,,,,,,,,,Low-density lipoprotein receptor,10090.0,Mus musculus,,,,,,,,,,,,,,,,,,,,,,,,,,,,,,,,,,,,,,,,,,,,,
RESULT_DESCR,,,,,,,,Standardized activity type (e.g. IC50 rather than Ic-50/Ic50/ic50/ic-50),Additional comments,1306540,,,,,,,,,,,,,,,,,,,,,,,,,,,,,,,,,,,,,,,,,,,,,,,,,,,,,,,,,,,,,,,,,,,,,,,,,,Low-density lipoprotein receptor,10090.0,Mus musculus,,,,,,,,,,,,,,,,,,,,,,,,,,,,,,,,,,,,,,,,,,,,,
RESULT_DESCR,,,,,,,,Standardized activity type (e.g. IC50 rather than Ic-50/Ic50/ic50/ic-50),,1306541,,"Qualifier (e.g. >, <, =) for 'Standard Value'",Standardized activity value transformed to common units: e.g. mM concentrations converted to nM,Selected units for 'Standard Type': e.g. concentrations are in nM,,,,,,,,,,,,,,,,,,,,,,,,,,,,,,,,,,,,,,,,,,,,,,,,,,,,,,,,,,,,,,,,,,,,,,Low-density lipoprotein receptor,10090.0,Mus musculus,,,,,,,,,,,,,,,,,,,,,,,,,,,,,,,,,,,,,,,,,,,,,
RESULT_DESCR,,,,,,,,Standardized activity type (e.g. IC50 rather than Ic-50/Ic50/ic50/ic-50),Additional comments,1306542,,,,,,,,,,,,,,,,,,,,,,,,,,,,,,,,,,,,,,,,,,,,,,,,,,,,,,,,,,,,,,,,,,,,,,,,,,Low-density lipoprotein receptor,10090.0,Mus musculus,,,,,,,,,,,,,,,,,,,,,,,,,,,,,,,,,,,,,,,,,,,,,
RESULT_DESCR,,,,,,,,Standardized activity type (e.g. IC50 rather than Ic-50/Ic50/ic50/ic-50),,1306543,PubChem standardized value transformed from 'Standard Value'. The unit is always micromolar,"Qualifier (e.g. >, <, =) for 'Standard Value'",Standardized activity value transformed to common units: e.g. mM concentrations converted to nM,Selected units for 'Standard Type': e.g. concentrations are in nM,,,,,,,,,,,,,,,,,,,,,,,,,,,,,,,,,,,,,,,,,,,,,,,,,,,,,,,,,,,,,,,,,,,,,,Low-density lipoprotein receptor,10090.0,Mus musculus,,,,,,,,,,,,,,,,,,,,,,,,,,,,,,,,,,,,,,,,,,,,,
RESULT_DESCR,,,,,,,,Standardized activity type (e.g. IC50 rather than Ic-50/Ic50/ic50/ic-50),,1306544,,"Qualifier (e.g. >, <, =) for 'Standard Value'",Standardized activity value transformed to common units: e.g. mM concentrations converted to nM,Selected units for 'Standard Type': e.g. concentrations are in nM,,,,,,,,,,,,,,,,,,,,,,,,,,,,,,,,,,,,,,,,,,,,,,,,,,,,,,,,,,,,,,,,,,,,,,Low-density lipoprotein receptor,10090.0,Mus musculus,,,,,,,,,,,,,,,,,,,,,,,,,,,,,,,,,,,,,,,,,,,,,
RESULT_DESCR,,,,,,,,Standardized activity type (e.g. IC50 rather than Ic-50/Ic50/ic50/ic-50),,1306545,,"Qualifier (e.g. >, <, =) for 'Standard Value'",Standardized activity value transformed to common units: e.g. mM concentrations converted to nM,,,,,,,,,,,,,,,,,,,,,,,,,,,,,,,,,,,,,,,,,,,,,,,,,,,,,,,,,,,,,,,,,,,,,,,Low-density lipoprotein receptor,10090.0,Mus musculus,,,,,,,,,,,,,,,,,,,,,,,,,,,,,,,,,,,,,,,,,,,,,
RESULT_DESCR,,,,,,,,Standardized activity type (e.g. IC50 rather than Ic-50/Ic50/ic50/ic-50),,1306546,,"Qualifier (e.g. >, <, =) for 'Standard Value'",Standardized activity value transformed to common units: e.g. mM concentrations converted to nM,Selected units for 'Standard Type': e.g. concentrations are in nM,,,,,,,,,,,,,,,,,,,,,,,,,,,,,,,,,,,,,,,,,,,,,,,,,,,,,,,,,,,,,,,,,,,,,,Low-density lipoprotein receptor,10090.0,Mus musculus,,,,,,,,,,,,,,,,,,,,,,,,,,,,,,,,,,,,,,,,,,,,,
RESULT_DESCR,,,,,,,,Standardized activity type (e.g. IC50 rather than Ic-50/Ic50/ic50/ic-50),,1306547,,"Qualifier (e.g. >, <, =) for 'Standard Value'",Standardized activity value transformed to common units: e.g. mM concentrations converted to nM,Selected units for 'Standard Type': e.g. concentrations are in nM,,,,,,,,,,,,,,,,,,,,,,,,,,,,,,,,,,,,,,,,,,,,,,,,,,,,,,,,,,,,,,,,,,,,,,Low-density lipoprotein receptor,10090.0,Mus musculus,,,,,,,,,,,,,,,,,,,,,,,,,,,,,,,,,,,,,,,,,,,,,
RESULT_DESCR,,,,,,,,Standardized activity type (e.g. IC50 rather than Ic-50/Ic50/ic50/ic-50),Additional comments,1306549,PubChem standardized value transformed from 'Standard Value'. The unit is always micromolar,"Qualifier (e.g. >, <, =) for 'Standard Value'",Standardized activity value transformed to common units: e.g. mM concentrations converted to nM,Selected units for 'Standard Type': e.g. concentrations are in nM,,,,,,,,,,,,,,,,,,,,,,,,,,,,,,,,,,,,,,,,,,,,,,,,,,,,,,,,,,,,,,,,,,,,,,Low-density lipoprotein receptor,10090.0,Mus musculus,,,,,,,,,,,,,,,,,,,,,,,,,,,,,,,,,,,,,,,,,,,,,
RESULT_DESCR,,,,,,,,Standardized activity type (e.g. IC50 rather than Ic-50/Ic50/ic50/ic-50),Additional comments,1306550,PubChem standardized value transformed from 'Standard Value'. The unit is always micromolar,"Qualifier (e.g. >, <, =) for 'Standard Value'",Standardized activity value transformed to common units: e.g. mM concentrations converted to nM,Selected units for 'Standard Type': e.g. concentrations are in nM,,,,,,,,,,,,,,,,,,,,,,,,,,,,,,,,,,,,,,,,,,,,,,,,,,,,,,,,,,,,,,,,,,,,,,Low-density lipoprotein receptor,10090.0,Mus musculus,,,,,,,,,,,,,,,,,,,,,,,,,,,,,,,,,,,,,,,,,,,,,
RESULT_DESCR,,,,,,,,Standardized activity type (e.g. IC50 rather than Ic-50/Ic50/ic50/ic-50),,1306551,,"Qualifier (e.g. >, <, =) for 'Standard Value'",Standardized activity value transformed to common units: e.g. mM concentrations converted to nM,Selected units for 'Standard Type': e.g. concentrations are in nM,,,,,,,,,,,,,,,,,,,,,,,,,,,,,,,,,,,,,,,,,,,,,,,,,,,,,,,,,,,,,,,,,,,,,,Low-density lipoprotein receptor,10090.0,Mus musculus,,,,,,,,,,,,,,,,,,,,,,,,,,,,,,,,,,,,,,,,,,,,,
RESULT_DESCR,,,,,,,,Standardized activity type (e.g. IC50 rather than Ic-50/Ic50/ic50/ic-50),,1306552,,"Qualifier (e.g. >, <, =) for 'Standard Value'",Standardized activity value transformed to common units: e.g. mM concentrations converted to nM,Selected units for 'Standard Type': e.g. concentrations are in nM,,,,,,,,,,,,,,,,,,,,,,,,,,,,,,,,,,,,,,,,,,,,,,,,,,,,,,,,,,,,,,,,,,,,,,Low-density lipoprotein receptor,10090.0,Mus musculus,,,,,,,,,,,,,,,,,,,,,,,,,,,,,,,,,,,,,,,,,,,,,
RESULT_DESCR,,,,,,,,Standardized activity type (e.g. IC50 rather than Ic-50/Ic50/ic50/ic-50),,1306553,,"Qualifier (e.g. >, <, =) for 'Standard Value'",Standardized activity value transformed to common units: e.g. mM concentrations converted to nM,Selected units for 'Standard Type': e.g. concentrations are in nM,,,,,,,,,,,,,,,,,,,,,,,,,,,,,,,,,,,,,,,,,,,,,,,,,,,,,,,,,,,,,,,,,,,,,,Low-density lipoprotein receptor,10090.0,Mus musculus,,,,,,,,,,,,,,,,,,,,,,,,,,,,,,,,,,,,,,,,,,,,,
RESULT_DESCR,,,,,,,,Standardized activity type (e.g. IC50 rather than Ic-50/Ic50/ic50/ic-50),,1306554,,"Qualifier (e.g. >, <, =) for 'Standard Value'",Standardized activity value transformed to common units: e.g. mM concentrations converted to nM,Selected units for 'Standard Type': e.g. concentrations are in nM,,,,,,,,,,,,,,,,,,,,,,,,,,,,,,,,,,,,,,,,,,,,,,,,,,,,,,,,,,,,,,,,,,,,,,Low-density lipoprotein receptor,10090.0,Mus musculus,,,,,,,,,,,,,,,,,,,,,,,,,,,,,,,,,,,,,,,,,,,,,
RESULT_DESCR,,,,,,,,Standardized activity type (e.g. IC50 rather than Ic-50/Ic50/ic50/ic-50),,1306555,,"Qualifier (e.g. >, <, =) for 'Standard Value'",Standardized activity value transformed to common units: e.g. mM concentrations converted to nM,Selected units for 'Standard Type': e.g. concentrations are in nM,,,,,,,,,,,,,,,,,,,,,,,,,,,,,,,,,,,,,,,,,,,,,,,,,,,,,,,,,,,,,,,,,,,,,,Low-density lipoprotein receptor,10090.0,Mus musculus,,,,,,,,,,,,,,,,,,,,,,,,,,,,,,,,,,,,,,,,,,,,,
RESULT_DESCR,,,,,,,,Standardized activity type (e.g. IC50 rather than Ic-50/Ic50/ic50/ic-50),,1306556,,"Qualifier (e.g. >, <, =) for 'Standard Value'",Standardized activity value transformed to common units: e.g. mM concentrations converted to nM,Selected units for 'Standard Type': e.g. concentrations are in nM,,,,,,,,,,,,,,,,,,,,,,,,,,,,,,,,,,,,,,,,,,,,,,,,,,,,,,,,,,,,,,,,,,,,,,Low-density lipoprotein receptor,10090.0,Mus musculus,,,,,,,,,,,,,,,,,,,,,,,,,,,,,,,,,,,,,,,,,,,,,
RESULT_DESCR,,,,,,,,Standardized activity type (e.g. IC50 rather than Ic-50/Ic50/ic50/ic-50),,1306557,,"Qualifier (e.g. >, <, =) for 'Standard Value'",Standardized activity value transformed to common units: e.g. mM concentrations converted to nM,Selected units for 'Standard Type': e.g. concentrations are in nM,,,,,,,,,,,,,,,,,,,,,,,,,,,,,,,,,,,,,,,,,,,,,,,,,,,,,,,,,,,,,,,,,,,,,,Low-density lipoprotein receptor,10090.0,Mus musculus,,,,,,,,,,,,,,,,,,,,,,,,,,,,,,,,,,,,,,,,,,,,,
RESULT_DESCR,,,,,,,,Standardized activity type (e.g. IC50 rather than Ic-50/Ic50/ic50/ic-50),,1306558,,"Qualifier (e.g. >, <, =) for 'Standard Value'",Standardized activity value transformed to common units: e.g. mM concentrations converted to nM,Selected units for 'Standard Type': e.g. concentrations are in nM,,,,,,,,,,,,,,,,,,,,,,,,,,,,,,,,,,,,,,,,,,,,,,,,,,,,,,,,,,,,,,,,,,,,,,Low-density lipoprotein receptor,10090.0,Mus musculus,,,,,,,,,,,,,,,,,,,,,,,,,,,,,,,,,,,,,,,,,,,,,
RESULT_DESCR,,,,,,,,Standardized activity type (e.g. IC50 rather than Ic-50/Ic50/ic50/ic-50),,1306559,,"Qualifier (e.g. >, <, =) for 'Standard Value'",Standardized activity value transformed to common units: e.g. mM concentrations converted to nM,Selected units for 'Standard Type': e.g. concentrations are in nM,,,,,,,,,,,,,,,,,,,,,,,,,,,,,,,,,,,,,,,,,,,,,,,,,,,,,,,,,,,,,,,,,,,,,,Low-density lipoprotein receptor,10090.0,Mus musculus,,,,,,,,,,,,,,,,,,,,,,,,,,,,,,,,,,,,,,,,,,,,,
RESULT_DESCR,,,,,,,,Standardized activity type (e.g. IC50 rather than Ic-50/Ic50/ic50/ic-50),,1306560,,"Qualifier (e.g. >, <, =) for 'Standard Value'",Standardized activity value transformed to common units: e.g. mM concentrations converted to nM,Selected units for 'Standard Type': e.g. concentrations are in nM,,,,,,,,,,,,,,,,,,,,,,,,,,,,,,,,,,,,,,,,,,,,,,,,,,,,,,,,,,,,,,,,,,,,,,Low-density lipoprotein receptor,10090.0,Mus musculus,,,,,,,,,,,,,,,,,,,,,,,,,,,,,,,,,,,,,,,,,,,,,
RESULT_DESCR,,,,,,,,Standardized activity type (e.g. IC50 rather than Ic-50/Ic50/ic50/ic-50),,1306561,,"Qualifier (e.g. >, <, =) for 'Standard Value'",Standardized activity value transformed to common units: e.g. mM concentrations converted to nM,Selected units for 'Standard Type': e.g. concentrations are in nM,,,,,,,,,,,,,,,,,,,,,,,,,,,,,,,,,,,,,,,,,,,,,,,,,,,,,,,,,,,,,,,,,,,,,,Low-density lipoprotein receptor,10090.0,Mus musculus,,,,,,,,,,,,,,,,,,,,,,,,,,,,,,,,,,,,,,,,,,,,,
RESULT_DESCR,,,,,,,,Standardized activity type (e.g. IC50 rather than Ic-50/Ic50/ic50/ic-50),,1306562,,"Qualifier (e.g. >, <, =) for 'Standard Value'",Standardized activity value transformed to common units: e.g. mM concentrations converted to nM,Selected units for 'Standard Type': e.g. concentrations are in nM,,,,,,,,,,,,,,,,,,,,,,,,,,,,,,,,,,,,,,,,,,,,,,,,,,,,,,,,,,,,,,,,,,,,,,Low-density lipoprotein receptor,10090.0,Mus musculus,,,,,,,,,,,,,,,,,,,,,,,,,,,,,,,,,,,,,,,,,,,,,
RESULT_DESCR,,,,,,,,Standardized activity type (e.g. IC50 rather than Ic-50/Ic50/ic50/ic-50),,1306563,,"Qualifier (e.g. >, <, =) for 'Standard Value'",Standardized activity value transformed to common units: e.g. mM concentrations converted to nM,Selected units for 'Standard Type': e.g. concentrations are in nM,,,,,,,,,,,,,,,,,,,,,,,,,,,,,,,,,,,,,,,,,,,,,,,,,,,,,,,,,,,,,,,,,,,,,,Low-density lipoprotein receptor,10090.0,Mus musculus,,,,,,,,,,,,,,,,,,,,,,,,,,,,,,,,,,,,,,,,,,,,,
RESULT_DESCR,,,,,,,,Standardized activity type (e.g. IC50 rather than Ic-50/Ic50/ic50/ic-50),,1306564,,"Qualifier (e.g. >, <, =) for 'Standard Value'",Standardized activity value transformed to common units: e.g. mM concentrations converted to nM,Selected units for 'Standard Type': e.g. concentrations are in nM,,,,,,,,,,,,,,,,,,,,,,,,,,,,,,,,,,,,,,,,,,,,,,,,,,,,,,,,,,,,,,,,,,,,,,Low-density lipoprotein receptor,10090.0,Mus musculus,,,,,,,,,,,,,,,,,,,,,,,,,,,,,,,,,,,,,,,,,,,,,
RESULT_DESCR,,,,,,,,Standardized activity type (e.g. IC50 rather than Ic-50/Ic50/ic50/ic-50),,1306565,,"Qualifier (e.g. >, <, =) for 'Standard Value'",Standardized activity value transformed to common units: e.g. mM concentrations converted to nM,Selected units for 'Standard Type': e.g. concentrations are in nM,,,,,,,,,,,,,,,,,,,,,,,,,,,,,,,,,,,,,,,,,,,,,,,,,,,,,,,,,,,,,,,,,,,,,,Low-density lipoprotein receptor,10090.0,Mus musculus,,,,,,,,,,,,,,,,,,,,,,,,,,,,,,,,,,,,,,,,,,,,,
RESULT_DESCR,,,,,,,,Standardized activity type (e.g. IC50 rather than Ic-50/Ic50/ic50/ic-50),,1306572,,"Qualifier (e.g. >, <, =) for 'Standard Value'",Standardized activity value transformed to common units: e.g. mM concentrations converted to nM,,,,,,,,,,,,,,,,,,,,,,,,,,,,,,,,,,,,,,,,,,,,,,,,,,,,,,,,,,,,,,,,,,,,,,,Low-density lipoprotein receptor,10090.0,Mus musculus,,,,,,,,,,,,,,,,,,,,,,,,,,,,,,,,,,,,,,,,,,,,,
RESULT_DESCR,,,,,,,,Standardized activity type (e.g. IC50 rather than Ic-50/Ic50/ic50/ic-50),,1306573,,"Qualifier (e.g. >, <, =) for 'Standard Value'",Standardized activity value transformed to common units: e.g. mM concentrations converted to nM,,,,,,,,,,,,,,,,,,,,,,,,,,,,,,,,,,,,,,,,,,,,,,,,,,,,,,,,,,,,,,,,,,,,,,,Low-density lipoprotein receptor,10090.0,Mus musculus,,,,,,,,,,,,,,,,,,,,,,,,,,,,,,,,,,,,,,,,,,,,,
