SMILES,IC50,IC50-min,IC50-max
C[C@@H]1NC(=O)[C@@H]2CCN2C(=O)[C@H](Cc2c[nH]c3ccc(F)cc23)NC(=O)[C@H](Cc2c[nH]c3ccc(F)cc23)NC(=O)[C@@H](C)NC(=O)[C@H](CCCCN)NC(=O)CCSCc2cccc(CSCCNC(=O)[C@]3(C)CCCN3C(=O)[C@H](Cc3ccc(O)cc3)NC1=O)c2,35500.0,35500.0,35500.0
COc1ccc(C[C@@H]2NC(=O)CCNC(=O)[C@@H]3CCCN3C(=O)[C@H](Cc3c[nH]c4ccc(F)cc34)NC(=O)[C@H](Cc3cc4cc(F)ccc4[nH]3)NC(=O)[C@@H](C)NC(=O)[C@H](CCCCN)NC(=O)CCSCc3cccc(CSCCNC(=O)[C@]4(C)CCCN4C2=O)c3)cc1,6550.0,6550.0,6550.0
CC(C)C[C@@H]1NC(=O)[C@@H]2CCCN2C(=O)[C@H](Cc2c[nH]c3ccc(F)cc23)NC(=O)[C@H](Cc2c[nH]c3ccc(F)cc23)NC(=O)CNC(=O)[C@H](CCCCN)NC(=O)CCSCc2cccc(CSC[C@H](NC(=O)[C@]3(C)CCCN3C(=O)[C@H](Cc3ccc(O)cc3)NC1=O)C(N)=O)c2,50.0,50.0,50.0
C[C@H]1NC(=O)[C@H](CCCCN)NC(=O)CCSCc2cccc(CSC[C@H](NC(=O)[C@]3(C)CCCN3C(=O)[C@H](Cc3ccc(O)cc3)NC(=O)C(C)(C)NC(=O)[C@@H]3CCCN3C(=O)[C@H](Cc3c[nH]c4ccc(F)cc34)NC(=O)[C@H](Cc3c[nH]c4ccc(F)cc34)NC1=O)C(N)=O)c2,50.0,50.0,50.0
CC[C@H](C)[C@@H]1NC(=O)[C@@H]2CCCN2C(=O)[C@H](Cc2c[nH]c3ccc(F)cc23)NC(=O)[C@H](Cc2c[nH]c3ccc(F)cc23)NC(=O)CNC(=O)[C@H](CCCCN)NC(=O)CCSCc2cccc(CSC[C@H](NC(=O)[C@]3(C)CCCN3C(=O)[C@H](Cc3ccc(O)cc3)NC1=O)C(N)=O)c2,>500,500.0,1000.0
CC[C@H](C)[C@@H]1NC(=O)[C@@H]2CCCN2C(=O)[C@H](Cc2c[nH]c3ccc(F)cc23)NC(=O)[C@H](Cc2c[nH]c3ccc(F)cc23)NC(=O)[C@@H](C)NC(=O)[C@H](CCCCN)NC(=O)CCSCc2cccc(CSC[C@H](NC(=O)[C@]3(C)CCCN3C(=O)[C@H](Cc3ccc(OC)cc3)NC1=O)C(N)=O)c2,50.0,50.0,50.0
CC[C@H](C)[C@@H]1NC(=O)[C@@H]2CCCN2C(=O)[C@H](Cc2c[nH]c3ccc(F)cc23)NC(=O)[C@H](Cc2c[nH]c3ccc(F)cc23)NC(=O)[C@@H](C)NC(=O)[C@H](CCCCN)NC(=O)CCSCc2cc(F)cc(CSC[C@H](NC(=O)[C@]3(C)CCCN3C(=O)[C@H](Cc3ccc(OC)cc3)NC1=O)C(N)=O)c2,>500,500.0,1000.0
COc1ccc(C[C@@H]2NC(=O)[C@@H](NC(=O)[C@@H]3CCCN3C(=O)[C@H](Cc3c[nH]c4ccc(F)cc34)NC(=O)[C@H](Cc3c[nH]c4ccc(F)cc34)NC(=O)[C@@H](C)NC(=O)[C@H](CCCCN)NC(=O)CCSCc3cccc(CSC[C@H](NC(=O)[C@]4(C)CCCN4C2=O)C(N)=O)c3)C(C)C)cc1,>500,500.0,1000.0
COc1ccc(C[C@@H]2NC(=O)[C@@H](NC(=O)[C@@H]3CCCN3C(=O)[C@H](Cc3c[nH]c4ccc(F)cc34)NC(=O)[C@H](Cc3c[nH]c4ccc(F)cc34)NC(=O)[C@@H](C)NC(=O)[C@H](CCCCN)NC(=O)CCSCc3cc(F)cc(CSC[C@H](NC(=O)[C@]4(C)CCCN4C2=O)C(N)=O)c3)C(C)C)cc1,50.0,50.0,50.0
C[C@@H]1NC(=O)[C@H](CC(O)=O)NC(=O)[C@H](Cc2c[nH]c3ccc(F)cc23)NC(=O)[C@H](Cc2c[nH]c3ccc(F)cc23)NC(=O)CNC(=O)[C@H](CCCCN)NC(=O)CCSCc2cccc(CSC[C@H](NC(=O)[C@@H]3CCCN3C(=O)[C@H](Cc3ccc(O)cc3)NC1=O)C(N)=O)c2,>500,500.0,1000.0
C[C@@H](O)[C@@H]1NC(=O)[C@@H]2CCCN2C(=O)[C@H](Cc2c[nH]c3ccc(F)cc23)NC(=O)[C@H](Cc2c[nH]c3ccc(F)cc23)NC(=O)CNC(=O)[C@H](CCCCN)NC(=O)CCSCc2cccc(CSC[C@H](NC(=O)[C@]3(C)CCCN3C(=O)[C@H](Cc3ccc(O)cc3)NC1=O)C(N)=O)c2,550.0,550.0,550.0
C[C@@H]1N(C)C(=O)[C@H](CC(O)=O)NC(=O)[C@H](Cc2c[nH]c3ccccc23)NC(=O)[C@H](Cc2c[nH]c3ccccc23)N(C)C(=O)CN(C)C(=O)[C@H](CCCCN)NC(=O)CCSCc2cccc(CSC[C@H](NC(=O)[C@@H]3CCCN3C(=O)[C@H](Cc3ccc(O)cc3)N(C)C1=O)C(N)=O)c2,6550.0,6550.0,6550.0
CO[C@@H](C)[C@@H]1NC(=O)[C@@H]2CCCN2C(=O)[C@H](Cc2c[nH]c3ccc(F)cc23)NC(=O)[C@H](Cc2c[nH]c3ccc(F)cc23)NC(=O)CNC(=O)[C@H](CCCCN)NC(=O)CCSCc2cccc(CSC[C@H](NC(=O)[C@]3(C)CCCN3C(=O)[C@H](Cc3ccc(O)cc3)NC1=O)C(N)=O)c2,>500,500.0,1000.0
C[C@@]12CCCN1C(=O)[C@H](Cc1ccc(O)cc1)NC(=O)[C@@H](NC(=O)[C@@H]1CCCN1C(=O)[C@H](Cc1c[nH]c3ccc(F)cc13)NC(=O)[C@H](Cc1c[nH]c3ccc(F)cc13)NC(=O)CNC(=O)[C@H](CCCCN)NC(=O)CCSCc1cccc(CSC[C@H](NC2=O)C(N)=O)c1)C1(O)CC1,>500,500.0,1000.0
COc1ccc(C[C@@H]2NC(=O)[C@@H](NC(=O)[C@]3(C)CCCN3C(=O)[C@H](Cc3c[nH]c4ccc(F)cc34)NC(=O)[C@H](Cc3c[nH]c4ccc(F)cc34)NC(=O)[C@@H](C)NC(=O)[C@H](CCCCN)NC(=O)CCSCc3cccc(CSCCNC(=O)[C@]4(C)CCCN4C2=O)c3)[C@@H](C)O)cc1,550.0,550.0,550.0
C[C@H]1NC(=O)[C@H](Cc2c[nH]c3ccc(F)cc23)NC(=O)[C@H](Cc2c[nH]c3ccc(F)cc23)NC(=O)CNC(=O)[C@H](CCCCN)NC(=O)CCSCc2cccc(CSC[C@H](NC(=O)[C@]3(C)CCCN3C(=O)[C@H](Cc3ccc(O)cc3)NC(=O)[C@H](Cc3cnc[nH]3)NC1=O)C(N)=O)c2,550.0,550.0,550.0
C[C@H]1NC(=O)[C@H](CC(O)=O)NC(=O)[C@H](Cc2c[nH]c3ccc(F)cc23)NC(=O)[C@H](Cc2c[nH]c3ccc(F)cc23)NC(=O)CNC(=O)[C@H](CCCCN)NC(=O)CCSCc2cccc(CSC[C@H](NC(=O)[C@]3(C)CCCN3C(=O)[C@H](Cc3ccc(O)cc3)NC1=O)C(N)=O)c2,6550.0,6550.0,6550.0
CO[C@H](C)[C@@H]1NC(=O)CCSCc2cccc(CSC[C@H](NC(=O)[C@@H]3CCCN3C(=O)[C@H](Cc3ccc(OC)cc3)NC(=O)[C@H](Cc3ccc(OC)cc3)NC(=O)[C@H](CC(C)C)NC(=O)[C@H](Cc3ccc(OC)cc3)NC(=O)[C@H](Cc3ccc(OC)cc3)NC(=O)[C@@H](CC(C)C)NC1=O)C(N)=O)c2,50.0,50.0,50.0
CO[C@H](C)[C@@H]1NC(=O)CCSCc2cccc(CSC[C@H](NC(=O)[C@]3(C)CCCN3C(=O)[C@H](Cc3ccc(OC)cc3)NC(=O)[C@@H](NC(=O)[C@H](CC(C)C)N(C)C(=O)[C@H](Cc3ccc(OC)cc3)NC(=O)[C@H](Cc3ccc(OC)cc3)NC(=O)[C@@H](CC(C)C)NC1=O)[C@@H](C)OC)C(N)=O)c2,50.0,50.0,50.0
CO[C@H](C)[C@@H]1NC(=O)[C@H](CC(C)C)N(C)C(=O)[C@H](Cc2ccc(OC)cc2)NC(=O)[C@H](Cc2ccc(OC)cc2)N(C)C(=O)[C@@H](CC(C)C)NC(=O)[C@H](Cc2ccc(OC)cc2)NC(=O)CCSCc2cccc(CSC[C@H](NC(=O)[C@]3(C)CCCN3C(=O)[C@H](Cc3ccc(OC)cc3)NC1=O)C(N)=O)c2,50.0,50.0,50.0
CO[C@H](C)[C@@H]1NC(=O)[C@H](CC(C)C)N(C)C(=O)[C@H](Cc2ccc(OC)cc2)NC(=O)[C@H](Cc2ccc(OC)cc2)NC(=O)[C@@H](CC(C)C)NC(=O)[C@H](CC(C)C)NC(=O)CCSCc2cccc(CSC[C@H](NC(=O)[C@]3(C)CCCN3C(=O)[C@H](Cc3ccc(OC)cc3)NC1=O)C(N)=O)c2,550.0,550.0,550.0
CCC[C@@H]1NC(=O)CCSCc2cccc(CSC[C@H](NC(=O)[C@@H]3CCCN3C(=O)[C@H](Cc3ccc(OC)cc3)NC(=O)[C@@H](NC(=O)[C@@H]3CCCN3C(=O)[C@H](Cc3cn(C)c4ccccc34)N(C)C(=O)[C@H](Cc3ccc4ccccc4c3)NC(=O)[C@@H](CC(C)C)N(C)C1=O)[C@@H](C)OC)C(N)=O)c2,50.0,50.0,50.0
CCC[C@@H]1NC(=O)CCSCc2cccc(CSC[C@H](NC(=O)[C@@H]3CCCN3C(=O)[C@H](Cc3ccc(OC)cc3)NC(=O)[C@H]([C@@H](C)OC)N(C)C(=O)[C@@H]3CCCN3C(=O)[C@H](Cc3cn(C)c4ccccc34)N(C)C(=O)[C@H](Cc3ccc4ccccc4c3)NC(=O)[C@@H](CC(C)C)N(C)C1=O)C(N)=O)c2,>500,500.0,1000.0
COc1ccc(C[C@@H]2NC(=O)[C@@H](NC(=O)[C@@H]3CCCN3C(=O)[C@H](Cc3c[nH]c4ccc(F)cc34)NC(=O)[C@H](Cc3c[nH]c4ccc(F)cc34)NC(=O)[C@@H](C)NC(=O)[C@H](CCCCN)NC(=O)CCSCc3cc(F)cc(CSC[C@H](NC(=O)[C@]4(C)CCCN4C2=O)C(N)=O)c3)[C@@H](C)O)cc1,>500,500.0,1000.0
C[C@@H](O)[C@@H]1NC(=O)[C@@H]2CCCN2C(=O)[C@H](Cc2c[nH]c3ccc(F)cc23)NC(=O)[C@H](Cc2c[nH]c3ccc(F)cc23)NC(=O)[C@@H](C)NC(=O)[C@H](CCCCN)NC(=O)CCSCc2cc(F)cc(CSC[C@H](NC(=O)[C@]3(C)CCCN3C(=O)[C@H](Cc3ccc(O)cc3)NC1=O)C(N)=O)c2,35500.0,35500.0,35500.0
C[C@@H](O)[C@@H]1NC(=O)[C@@H]2CCCN2C(=O)[C@H](Cc2c[nH]c3ccc(F)cc23)NC(=O)[C@H](Cc2c[nH]c3ccc(F)cc23)NC(=O)CNC(=O)[C@H](CCCCN)NC(=O)CCSCc2cc(F)cc(CSC[C@H](NC(=O)[C@]3(C)CCCN3C(=O)[C@H](Cc3ccc(O)cc3)NC1=O)C(N)=O)c2,550.0,550.0,550.0
C[C@@H](O)[C@@H]1NC(=O)[C@@H]2CCCN2C(=O)[C@H](Cc2c[nH]c3ccc(F)cc23)NC(=O)[C@H](Cc2c[nH]c3ccc(F)cc23)NC(=O)[C@@H](C)NC(=O)[C@H](CCCCN)NC(=O)CCSCc2cccc(CSC[C@H](NC(=O)[C@]3(C)CCCN3C(=O)[C@H](Cc3ccc(O)cc3)NC1=O)C(N)=O)c2,550.0,550.0,550.0
CC[C@@]12CCCN1C(=O)[C@H](Cc1ccc(O)cc1)NC(=O)[C@@H](NC(=O)[C@@H]1CCCN1C(=O)[C@H](Cc1c[nH]c3ccc(F)cc13)NC(=O)[C@H](Cc1c[nH]c3ccc(F)cc13)NC(=O)CNC(=O)[C@H](CCCCN)NC(=O)CCSCc1cccc(CSC[C@H](NC2=O)C(N)=O)c1)[C@@H](C)O,6550.0,6550.0,6550.0
CCC[C@@H]1NC(=O)CCSCc2cccc(CSC[C@H](NC(=O)[C@@H]3CCCN3C(=O)[C@H](Cc3ccc(OC)cc3)NC(=O)[C@H]([C@@H](C)OC)N(C)C(=O)[C@@H]3CCCN3C(=O)[C@H](Cc3cn(C)c4ccccc34)NC(=O)[C@H](Cc3ccc4ccccc4c3)NC(=O)[C@@H](CC(C)C)N(C)C1=O)C(N)=O)c2,50.0,50.0,50.0
COc1ccc(C[C@@H]2NC(=O)[C@@H](NC(=O)[C@@H]3CCCN3C(=O)[C@H](Cc3c[nH]c4ccc(F)cc34)NC(=O)[C@H](Cc3c[nH]c4ccc(F)cc34)NC(=O)[C@@H](C)NC(=O)[C@H](C)NC(=O)CCCCc3cccc(CCCCNC(=O)[C@@H]4CCCN4C2=O)c3)[C@@H](C)O)cc1,550.0,550.0,550.0
CC(C)(O)[C@@H]1NC(=O)[C@@H]2CCCN2C(=O)[C@H](Cc2c[nH]c3ccc(F)cc23)NC(=O)[C@H](Cc2c[nH]c3ccc(F)cc23)NC(=O)CNC(=O)[C@H](CCCCN)NC(=O)CCSCc2cccc(CSC[C@H](NC(=O)[C@]3(C)CCCN3C(=O)[C@H](Cc3ccc(O)cc3)NC1=O)C(N)=O)c2,550.0,550.0,550.0
CC(C)[C@@H](O)[C@@H]1NC(=O)[C@@H]2CCCN2C(=O)[C@H](Cc2c[nH]c3ccc(F)cc23)NC(=O)[C@H](Cc2c[nH]c3ccc(F)cc23)NC(=O)CNC(=O)[C@H](CCCCN)NC(=O)CCSCc2cccc(CSC[C@H](NC(=O)[C@]3(C)CCCN3C(=O)[C@H](Cc3ccc(O)cc3)NC1=O)C(N)=O)c2,550.0,550.0,550.0
C[C@H](O)[C@@H]1NC(=O)[C@@H]2CCCN2C(=O)[C@H](Cc2c[nH]c3ccc(F)cc23)NC(=O)[C@H](Cc2c[nH]c3ccc(F)cc23)NC(=O)CNC(=O)[C@H](CCCCN)NC(=O)CCSCc2cccc(CSC[C@H](NC(=O)[C@]3(C)CCCN3C(=O)[C@H](Cc3ccc(O)cc3)NC1=O)C(N)=O)c2,35500.0,35500.0,35500.0
C[C@@H](O)[C@H]1CC(=O)N[C@@H](Cc2ccc(O)cc2)C(=O)N2CCC[C@@]2(C)C(=O)N[C@@H](CSCc2cccc(CSCCC(=O)N[C@@H](CCCCN)C(=O)NCC(=O)N[C@@H](Cc3c[nH]c4ccc(F)cc34)C(=O)N[C@@H](Cc3c[nH]c4ccc(F)cc34)C(=O)N3CCC[C@H]3C(=O)N1)c2)C(N)=O,50.0,50.0,50.0
CC(C)[C@H]1NC(=O)[C@H](CCCCN)NC(=O)CCSCc2cccc(CSC[C@H](NC(=O)[C@]3(C)CCCN3C(=O)[C@H](Cc3ccc(O)cc3)NC(=O)[C@@H](NC(=O)[C@@H]3CCCN3C(=O)[C@H](Cc3c[nH]c4ccc(F)cc34)NC(=O)[C@H](Cc3c[nH]c4ccc(F)cc34)NC1=O)[C@@H](C)O)C(N)=O)c2,6550.0,6550.0,6550.0
CO[C@@H](C)[C@@H]1NC(=O)[C@@H]2CCCN2C(=O)[C@H](Cc2c[nH]c3ccc(F)cc23)NC(=O)[C@H](Cc2c[nH]c3ccc(F)cc23)NC(=O)[C@@H](C)NC(=O)[C@H](CCCCN)NC(=O)CCSCc2cccc(CSC[C@H](NC(=O)[C@]3(C)CCCN3C(=O)[C@H](Cc3ccc(O)cc3)NC1=O)C(N)=O)c2,6550.0,6550.0,6550.0
COc1ccc(C[C@@H]2NC(=O)[C@@H](NC(=O)[C@@H]3CCCN3C(=O)[C@H](Cc3c[nH]c4ccc(F)cc34)NC(=O)[C@H](Cc3c[nH]c4ccc(F)cc34)NC(=O)[C@@H](C)NC(=O)[C@H](CCCCN)NC(=O)CCSCc3cccc(CSC[C@H](NC(=O)[C@]4(C)CCCN4C2=O)C(N)=O)c3)[C@@H](C)O)cc1,50.0,50.0,50.0
C[C@H]1NC(=O)[C@@H](NC(=O)[C@H](Cc2c[nH]c3ccc(F)cc23)NC(=O)[C@H](Cc2c[nH]c3ccc(F)cc23)NC(=O)CNC(=O)[C@H](CCCCN)NC(=O)CCSCc2cccc(CSC[C@H](NC(=O)[C@]3(C)CCCN3C(=O)[C@H](Cc3ccc(O)cc3)NC1=O)C(N)=O)c2)C(C)(C)C(O)=O,6550.0,6550.0,6550.0
COc1ccc(C[C@@H]2NC(=O)[C@@H](NC(=O)[C@@H]3C[C@H](F)CN3C(=O)[C@H](Cc3c[nH]c4ccc(F)cc34)NC(=O)[C@H](Cc3c[nH]c4ccc(F)cc34)NC(=O)[C@@H](C)NC(=O)[C@@H](CCC(=O)NCCOc3ccc(C[C@H](NC(=O)[C@]4(C)CCCN4C2=O)C(N)=O)cc3)NC(C)=O)[C@@H](C)O)cc1,>500,500.0,1000.0
COc1ccc(C[C@@H]2NC(=O)[C@@H](NC(=O)[C@@H]3C[C@H](F)CN3C(=O)[C@H](Cc3c[nH]c4cc(F)ccc34)NC(=O)[C@H](Cc3c[nH]c4ccc(F)cc34)NC(=O)[C@@H](C)NC(=O)CCCCCNC(=O)c3ccc(C[C@H](NC(=O)[C@]4(C)CCCN4C2=O)C(N)=O)cc3)[C@H](C)O)cc1,6550.0,6550.0,6550.0
COc1ccc(C[C@@H]2NC(=O)[C@@H](NC(=O)[C@@H]3CCCN3C(=O)[C@H](Cc3c[nH]c4ccc(F)cc34)NC(=O)[C@H](Cc3c[nH]c4ccc(F)cc34)NC(=O)[C@@H](C)NC(=O)[C@H](CCCCN)NC(=O)CCSCc3cncc(CSC[C@H](NC(=O)[C@]4(C)CCCN4C2=O)C(N)=O)c3)[C@@H](C)O)cc1,50.0,50.0,50.0
CO[C@H](C)[C@@H]1NC(=O)[C@@H]2C[C@@H](F)CN2C(=O)[C@H](Cc2c[nH]c3ccc(F)cc23)NC(=O)[C@H](Cc2c[nH]c3ccc(F)cc23)NC(=O)CNC(=O)[C@H](CCCCN)NC(=O)CCSCc2cccc(CSC[C@H](NC(=O)[C@]3(C)CCCN3C(=O)[C@H](Cc3ccc(O)cc3)NC1=O)C(N)=O)c2,550.0,550.0,550.0
COc1ccc(C[C@@H]2NC(=O)[C@@H](NC(=O)[C@@H]3CCCN3C(=O)[C@H](Cc3c[nH]c4ccc(F)cc34)NC(=O)[C@H](Cc3c[nH]c4ccc(F)cc34)NC(=O)[C@@H](C)NC(=O)[C@H](CCCCN)NC(=O)CCSCc3cc(O)cc(CSC[C@H](NC(=O)[C@]4(C)CCCN4C2=O)C(N)=O)c3)[C@@H](C)O)cc1,35500.0,35500.0,35500.0
COc1ccc(C[C@@H]2NC(=O)[C@@H](NC(=O)[C@@H]3CCCN3C(=O)[C@H](Cc3c[nH]c4ccc(F)cc34)NC(=O)[C@H](Cc3c[nH]c4ccc(F)cc34)NC(=O)[C@@H](C)NC(=O)[C@H](CCCCN)NC(=O)CCSCc3cc(Br)cc(CSC[C@H](NC(=O)[C@]4(C)CCCN4C2=O)C(N)=O)c3)[C@@H](C)O)cc1,35500.0,35500.0,35500.0
COc1ccc(C[C@@H]2NC(=O)[C@@H](NC(=O)[C@@H]3CCCN3C(=O)[C@H](Cc3c[nH]c4ccc(F)cc34)NC(=O)[C@H](Cc3c[nH]c4ccc(F)cc34)NC(=O)[C@@H](C)NC(=O)[C@H](CCCCN)NC(=O)CCSCc3cc(C)cc(CSC[C@H](NC(=O)[C@]4(C)CCCN4C2=O)C(N)=O)c3)[C@@H](C)O)cc1,6550.0,6550.0,6550.0
COc1ccc(C[C@@H]2NC(=O)[C@@H](NC(=O)[C@@H]3CCCN3C(=O)[C@H](Cc3c[nH]c4ccc(F)cc34)NC(=O)[C@H](Cc3c[nH]c4ccc(F)cc34)NC(=O)[C@@H](C)NC(=O)[C@H](CCCCN)NC(=O)CCSCc3cc(CSC[C@H](NC(=O)[C@]4(C)CCCN4C2=O)C(N)=O)cc(OC)c3)[C@@H](C)O)cc1,6550.0,6550.0,6550.0
COc1ccc(C[C@@H]2NC(=O)[C@@H](NC(=O)[C@@H]3CCCN3C(=O)[C@H](Cc3c[nH]c4ccc(F)cc34)NC(=O)[C@H](Cc3c[nH]c4ccc(F)cc34)NC(=O)[C@@H](C)NC(=O)[C@H](CCCCN)NC(=O)CCSCc3cc(Cl)cc(CSC[C@H](NC(=O)[C@]4(C)CCCN4C2=O)C(N)=O)c3)[C@@H](C)O)cc1,6550.0,6550.0,6550.0
COc1ccc(C[C@@H]2NC(=O)[C@@H](NC(=O)[C@@H]3CCCN3C(=O)[C@H](Cc3c[nH]c4ccc(F)cc34)NC(=O)[C@H](Cc3c[nH]c4ccc(F)cc34)NC(=O)[C@@H](C)NC(=O)[C@H](CCCCN)NC(=O)CCSCc3cccc(CSC[C@H](NC(=O)[C@]4(C)CCCN4C2=O)C(N)=O)n3)[C@@H](C)O)cc1,50.0,50.0,50.0
COc1ccc(C[C@@H]2NC(=O)[C@@H](NC(=O)[C@@H]3C[C@H](F)CN3C(=O)[C@H](Cc3c[nH]c4ccc(F)cc34)NC(=O)[C@H](Cc3c[nH]c4ccc(F)cc34)NC(=O)[C@@H](C)NC(=O)[C@H](CCCCN)NC(=O)[C@H](CC(=O)NCc3ccc(C[C@H](NC(=O)[C@]4(C)CCCN4C2=O)C(N)=O)cc3)NC(C)=O)[C@@H](C)O)cc1,50.0,50.0,50.0
COc1ccc(C[C@@H]2NC(=O)[C@@H](NC(=O)[C@@H]3C[C@H](F)CN3C(=O)[C@H](Cc3c[nH]c4ccc(F)cc34)NC(=O)[C@H](Cc3c[nH]c4ccc(F)cc34)NC(=O)[C@@H](C)NC(=O)[C@H](CCCCN)NC(=O)[C@H](CC(=O)NCCOc3ccc(C[C@H](NC(=O)[C@]4(C)CCCN4C2=O)C(N)=O)cc3)NC(C)=O)[C@@H](C)O)cc1,50.0,50.0,50.0
COc1ccc(C[C@@H]2NC(=O)[C@@H](NC(=O)[C@@H]3C[C@H](F)CN3C(=O)[C@H](Cc3c[nH]c4ccc(F)cc34)NC(=O)[C@H](Cc3c[nH]c4ccc(F)cc34)NC(=O)[C@@H](C)NC(=O)[C@H](CCCCN)NC(=O)[C@@H](CCc3cn(nn3)-c3ccc(C[C@H](NC(=O)[C@]4(C)CCCN4C2=O)C(N)=O)cc3)NC(C)=O)[C@H](C)O)cc1,50.0,50.0,50.0
COc1ccc(C[C@@H]2NC(=O)[C@@H](NC(=O)[C@@H]3CCCN3C(=O)[C@H](Cc3c[nH]c4ccc(F)cc34)NC(=O)[C@H](Cc3c[nH]c4ccc(F)cc34)NC(=O)[C@@H](C)NC(=O)[C@H](CCCCN)NC(=O)CCSCc3cc(CSC[C@H](NC(=O)[C@]4(C)CCCN4C2=O)C(N)=O)ccc3F)[C@@H](C)O)cc1,>500,500.0,1000.0
CO[C@@H](C)[C@@H]1NC(=O)[C@@H]2CCCN2C(=O)[C@H](Cc2c[nH]c3ccc(F)cc23)NC(=O)[C@H](Cc2c[nH]c3ccc(F)cc23)NC(=O)CNC(=O)[C@H](CCCCN)NC(=O)CCSCc2cccc(CSCCNC(=O)[C@]3(C)CCCN3C(=O)[C@H](Cc3ccc(O)cc3)NC1=O)c2,>500,500.0,1000.0
CO[C@@H](C)[C@@H]1NC(=O)[C@@H]2CCCN2C(=O)[C@H](Cc2c[nH]c3ccc(F)cc23)NC(=O)[C@H](Cc2c[nH]c3ccc(F)cc23)NC(=O)[C@@H](C)NC(=O)[C@H](CCCCN)NC(=O)CCSCc2cccc(CSCCNC(=O)[C@]3(C)CCCN3C(=O)[C@H](Cc3ccc(O)cc3)NC1=O)c2,>500,500.0,1000.0
COc9ccc(C[C@@H]8NC(=O)[C@H]([C@H](C)OC)NC(=O)[C@@H]1C[C@H](F)CN1C(=O)[C@H](Cc2c[nH]c3ccc(F)cc23)NC(=O)[C@H](Cc4c[nH]c5ccc(F)cc45)NC(=O)[C@@H](C)NC(=O)[C@H](CCCCN)NC(=O)CCSCc6cccc(c6)CSC[C@@H](C(N)=O)NC(=O)[C@]7(C)CCCN7C8=O)cc9,550.0,550.0,550.0
COc1ccc(C[C@@H]2NC(=O)[C@@H](NC(=O)[C@@H]3CCCN3C(=O)[C@H](Cc3c[nH]c4ccc(F)cc34)NC(=O)[C@H](Cc3c[nH]c4ccc(F)cc34)NC(=O)[C@@H](C)NC(=O)[C@H](CCCCN)NC(=O)CCSCc3cc(CSC[C@H](NC(=O)[C@]4(C)CCCN4C2=O)C(N)=O)cc(c3)C(F)(F)F)[C@@H](C)O)cc1,>500,500.0,1000.0
COc1ccc(C[C@@H]2NC(=O)[C@@H](NC(=O)[C@H](CCCC#C)NC(=O)[C@H](Cc3c[nH]c4ccc(F)cc34)NC(=O)[C@H](CCCCN=[N+]=[N-])NC(=O)[C@@H](C)NC(=O)[C@H](CCCCN)NC(=O)CCSCc3cccc(CSCCNC(=O)[C@]4(C)CCCN4C2=O)c3)[C@H](C)O)cc1,>500,500.0,1000.0
COc1ccc(C[C@@H]2NC(=O)[C@@H](NC(=O)[C@@H]3C[C@H](F)CN3C(=O)[C@H](Cc3c[nH]c4ccc(F)cc34)NC(=O)[C@H](Cc3c[nH]c4ccc(F)cc34)NC(=O)[C@@H](C)NC(=O)CNC(=O)CCCCNCc3ccc(C[C@H](NC(=O)[C@]4(C)CCCN4C2=O)C(N)=O)cc3)[C@@H](C)O)cc1,50.0,50.0,50.0
CCOP(=O)(OCC)C(F)(F)c1ccc(C[C@@H]2NC(=O)[C@@H](NC(=O)[C@@H]3CCCN3C(=O)[C@H](Cc3c[nH]c4ccc(F)cc34)NC(=O)[C@H](Cc3c[nH]c4ccc(F)cc34)NC(=O)[C@@H](C)NC(=O)[C@H](CCCCN)NC(=O)CCSCc3cccc(CSCCNC(=O)[C@]4(C)CCCN4C2=O)c3)[C@@H](C)O)cc1,550.0,550.0,550.0
COc1ccc(C[C@@H]2NC(=O)[C@@H](NC(=O)[C@@H]3C[C@H](F)CN3C(=O)[C@H](Cc3c[nH]c4ccc(F)cc34)NC(=O)[C@H](Cc3c[nH]c4ccc(F)cc34)NC(=O)[C@@H](C)NC(=O)[C@H](CCCCN)NC(=O)CCC\C=C/Cc3ccc(C[C@H](NC(=O)[C@]4(C)CCCN4C2=O)C(N)=O)cc3)[C@@H](C)O)cc1,35500.0,35500.0,35500.0
CCCCCCCCCCCCCCCC(=O)N[C@@H](CCC(=O)NCCOCCOCC(=O)NCCOCCOCC(=O)NCCCC[C@H](NC(=O)CCOCCOCCOCCOCCOCCOCCOCCOCCNC(=O)CCOCCOCCOCCOCCOCCOCCOCCOCCOCCOCCOCCOCCNC(=O)[C@@H]1CSCc2cccc(CSCCC(=O)N[C@@H](C)C(=O)N[C@H](C)C(=O)N[C@@H](Cc3c[nH]c4ccc(F)cc34)C(=O)N[C@@H](Cc3c[nH]c4ccc(F)cc34)C(=O)[C@@H]3C[C@H](F)CN3C(=O)N[C@@H]([C@@H](C)O)C(=O)N[C@@H](Cc3ccc(O)cc3)C(=O)N3CCC[C@@]3(C)C(=O)N1)c2)C(N)=O)C(O)=O,6550.0,6550.0,6550.0
CCC[C@H](NC(C)=O)C(=O)N[C@@H](Cc1c[nH]cn1)C(=O)N(C)[C@@H](Cc1ccc(F)cc1)C(=O)N[C@H]1CSCc2cccc(CSC[C@H](NC(=O)[C@@H]3CCCN3C(=O)[C@H](Cc3ccc(O)cc3)NC(=O)[C@H](CC3C=NC=N3)NC(=O)[C@H](CC(O)=O)NC(=O)[C@H](Cc3c[nH]c4ccc(F)cc34)NC(=O)[C@H](Cc3c[nH]c4ccc(F)cc34)NC(=O)CNC(=O)[C@H](CCCCN)NC1=O)C(N)=O)c2,35500.0,35500.0,35500.0
CCC[C@H](NC(C)=O)C(=O)N[C@H](Cc1c[nH]cn1)C(=O)N(C)[C@@H](Cc1ccc(F)cc1)C(=O)N[C@H]1CSCc2cccc(CSC[C@H](NC(=O)[C@@H]3CCCN3C(=O)[C@H](Cc3ccc(O)cc3)NC(=O)[C@H](Cc3c[nH]cn3)NC(=O)[C@H](CC(O)=O)NC(=O)[C@H](Cc3c[nH]c4ccc(F)cc34)NC(=O)[C@H](Cc3c[nH]c4ccc(F)cc34)NC(=O)CNC(=O)[C@H](CCCCN)NC1=O)C(N)=O)c2,6550.0,6550.0,6550.0
CCC[C@H](NC(C)=O)C(=O)N(C)[C@@H](CO)C(=O)N[C@@H](CCCCN)C(=O)N[C@H]1CSCc2cccc(CSC[C@H](NC(=O)[C@@H]3CCCN3C(=O)[C@H](Cc3ccc(O)cc3)NC(=O)[C@H](Cc3c[nH]cn3)NC(=O)[C@H](CC(O)=O)NC(=O)[C@H](Cc3c[nH]c4ccc(F)cc34)NC(=O)[C@H](Cc3c[nH]c4ccc(F)cc34)NC(=O)CNC(=O)[C@H](CCCCN)NC1=O)C(N)=O)c2,6550.0,6550.0,6550.0
CN([C@@H](Cc1ccc(F)cc1)C(=O)N[C@H]1CSCc2cccc(CSC[C@H](NC(=O)[C@@H]3CCCN3C(=O)[C@H](Cc3ccc(O)cc3)NC(=O)[C@H](Cc3c[nH]cn3)NC(=O)[C@H](CC(O)=O)NC(=O)[C@H](Cc3c[nH]c4ccc(F)cc34)NC(=O)[C@H](Cc3c[nH]c4ccc(F)cc34)NC(=O)CNC(=O)[C@H](CCCCN)NC1=O)C(N)=O)c2)C(=O)[C@H](Cc1c[nH]cn1)NC(C)=O,50.0,50.0,50.0
CC(=O)N(C)[C@@H](Cc1ccc(F)cc1)C(=O)N[C@H]%10CSCc2cccc(c2)CSC[C@@H](C(N)=O)NC(=O)[C@@H]3CCCN3C(=O)[C@H](Cc4ccc(O)cc4)NC(=O)[C@H](Cc5cnc[nH]5)NC(=O)[C@H](CC(=O)O)NC(=O)[C@H](Cc6c[nH]c7ccc(F)cc67)NC(=O)[C@H](Cc8c[nH]c9ccc(F)cc89)NC(=O)CNC(=O)[C@H](CCCCN)NC%10=O,550.0,550.0,550.0
CC(=O)N[C@H]9CSCc1cccc(c1)CSC[C@@H](C(N)=O)NC(=O)[C@@H]2CCCN2C(=O)[C@H](Cc3ccc(O)cc3)NC(=O)[C@H](Cc4cnc[nH]4)NC(=O)[C@H](CC(=O)O)NC(=O)[C@H](Cc5c[nH]c6ccc(F)cc56)NC(=O)[C@H](Cc7c[nH]c8ccc(F)cc78)NC(=O)CNC(=O)[C@H](CCCCN)NC9=O,550.0,550.0,550.0
NCCCC[C@@H]1NC(=O)CCSCc2cccc(CSC[C@H](NC(=O)[C@@H]3CCCN3C(=O)[C@H](Cc3ccc(O)cc3)NC(=O)[C@H](Cc3c[nH]cn3)NC(=O)[C@H](CC(O)=O)NC(=O)[C@H](Cc3c[nH]c4ccc(F)cc34)NC(=O)[C@H](Cc3c[nH]c4ccc(F)cc34)NC(=O)CNC1=O)C(N)=O)c2,6550.0,6550.0,6550.0
CC(=O)N[C@H]1CSCc2cccc(CSC[C@H](NC(=O)[C@@H]3CCCN3C(=O)[C@H](Cc3ccc(O)cc3)NC(=O)[C@H](Cc3c[nH]cn3)NC(=O)[C@H](CC(O)=O)NC(=O)[C@H](Cc3c[nH]c4ccccc34)NC(=O)[C@H](Cc3c[nH]c4ccccc34)NC(=O)CNC(=O)[C@H](CCCCN)NC1=O)C(N)=O)c2,>500,500.0,1000.0
NCCCC[C@@H]1NC(=O)CCCn2cc(CCC[C@H](NC(=O)[C@@H]3CCCN3C(=O)[C@H](Cc3ccc(O)cc3)NC(=O)[C@H](Cc3c[nH]cn3)NC(=O)[C@H](CC(O)=O)NC(=O)[C@H](Cc3c[nH]c4ccc(F)cc34)NC(=O)[C@H](Cc3c[nH]c4ccc(F)cc34)NC(=O)CNC1=O)C(N)=O)nn2,50.0,50.0,50.0
NCCCC[C@@H]1NC(=O)CCCCn2cc(CCC[C@H](NC(=O)[C@@H]3CCCN3C(=O)[C@H](Cc3ccc(O)cc3)NC(=O)[C@H](Cc3c[nH]cn3)NC(=O)[C@H](CC(O)=O)NC(=O)[C@H](Cc3c[nH]c4ccc(F)cc34)NC(=O)[C@H](Cc3c[nH]c4ccc(F)cc34)NC(=O)CNC1=O)C(N)=O)nn2,6550.0,6550.0,6550.0
NCCCC[C@@H]1NC(=O)CCCCCn2cc(CCC[C@H](NC(=O)[C@@H]3CCCN3C(=O)[C@H](Cc3ccc(O)cc3)NC(=O)[C@H](Cc3c[nH]cn3)NC(=O)[C@H](CC(O)=O)NC(=O)[C@H](Cc3c[nH]c4ccc(F)cc34)NC(=O)[C@H](Cc3c[nH]c4ccc(F)cc34)NC(=O)CNC1=O)C(N)=O)nn2,6550.0,6550.0,6550.0
C[C@@H]1NC(=O)[C@H](CCCCN)NC(=O)CCSCc2cccc(CSC[C@H](NC(=O)[C@@H]3CCCN3C(=O)[C@H](Cc3ccc(O)cc3)NC(=O)[C@H](Cc3c[nH]cn3)NC(=O)[C@H](CC(O)=O)NC(=O)[C@H](Cc3c[nH]c4ccc(F)cc34)NC(=O)[C@H](Cc3c[nH]c4ccc(F)cc34)NC1=O)C(N)=O)c2,6550.0,6550.0,6550.0
NCCCC[C@@H]1NC(=O)CCSCc2cccc(CSC[C@H](NC(=O)[C@@H]3CCCN3C(=O)[C@H](Cc3ccc(O)cc3)NC(=O)[C@@H](Cc3c[nH]cn3)NC(=O)[C@H](CC(O)=O)NC(=O)[C@H](Cc3c[nH]c4ccc(F)cc34)NC(=O)[C@H](Cc3c[nH]c4ccc(F)cc34)NC(=O)CNC1=O)C(N)=O)c2,35500.0,35500.0,35500.0
NCCCC[C@@H]1NC(=O)CCSCc2cccc(CSC[C@H](NC(=O)[C@@H]3CCCN3C(=O)[C@@H](Cc3ccc(O)cc3)NC(=O)[C@H](Cc3c[nH]cn3)NC(=O)[C@H](CC(O)=O)NC(=O)[C@H](Cc3c[nH]c4ccc(F)cc34)NC(=O)[C@H](Cc3c[nH]c4ccc(F)cc34)NC(=O)CNC1=O)C(N)=O)c2,35500.0,35500.0,35500.0
CN1[C@@H](CC(O)=O)C(=O)N[C@@H](Cc2c[nH]cn2)C(=O)N[C@@H](Cc2ccc(O)cc2)C(=O)N2CCC[C@H]2C(=O)N[C@@H](CSCc2cccc(CSCCC(=O)N[C@@H](CCCCN)C(=O)NCC(=O)N[C@@H](Cc3c[nH]c4ccc(F)cc34)C(=O)N[C@@H](Cc3c[nH]c4ccc(F)cc34)C1=O)c2)C(N)=O,50.0,50.0,50.0
CC(=O)N[C@H]1CSCc2cccc(CSC[C@H](NC(=O)[C@@H]3CCCN3C(=O)[C@H](Cc3ccc(O)cc3)NC(=O)[C@H](Cc3c[nH]cn3)NC(=O)[C@H](CC(O)=O)NC(=O)[C@H](Cc3c[nH]c4ccc(F)cc34)NC(=O)[C@H](Cc3c[nH]c4ccccc34)NC(=O)CNC(=O)[C@H](CCCCN)NC1=O)C(N)=O)c2,35500.0,35500.0,35500.0
CC(=O)N[C@H]1CSCc2cccc(CSC[C@H](NC(=O)[C@@H]3CCCN3C(=O)[C@H](Cc3ccc(O)cc3)NC(=O)[C@H](Cc3c[nH]cn3)NC(=O)[C@H](CC(O)=O)NC(=O)[C@H](Cc3c[nH]c4ccccc34)NC(=O)[C@H](Cc3c[nH]c4ccc(F)cc34)NC(=O)CNC(=O)[C@H](CCCCN)NC1=O)C(N)=O)c2,35500.0,35500.0,35500.0
CC(=O)N[C@H]1CCC(=O)NCCC[C@H](NC(=O)[C@@H]2CCCN2C(=O)[C@H](Cc2ccc(O)cc2)NC(=O)[C@H](Cc2c[nH]cn2)NC(=O)[C@H](CC(O)=O)NC(=O)[C@H](Cc2c[nH]c3ccc(F)cc23)NC(=O)[C@H](Cc2c[nH]c3ccc(F)cc23)NC(=O)CNC(=O)[C@H](CCCCN)NC1=O)C(N)=O,6550.0,6550.0,6550.0
NCCCC[C@@H]1NC(=O)CCCn2cc(C[C@H](NC(=O)[C@@H]3CCCN3C(=O)[C@H](Cc3ccc(O)cc3)NC(=O)[C@H](Cc3c[nH]cn3)NC(=O)[C@H](CC(O)=O)NC(=O)[C@H](Cc3c[nH]c4ccc(F)cc34)NC(=O)[C@H](Cc3c[nH]c4ccc(F)cc34)NC(=O)CNC1=O)C(N)=O)nn2,50.0,50.0,50.0
NCCCC[C@@H]1NC(=O)CCCCn2cc(CC[C@H](NC(=O)[C@@H]3CCCN3C(=O)[C@H](Cc3ccc(O)cc3)NC(=O)[C@H](Cc3c[nH]cn3)NC(=O)[C@H](CC(O)=O)NC(=O)[C@H](Cc3c[nH]c4ccc(F)cc34)NC(=O)[C@H](Cc3c[nH]c4ccc(F)cc34)NC(=O)CNC1=O)C(N)=O)nn2,50.0,50.0,50.0
NCCCC[C@@H]1NC(=O)CCCn2cc(CC[C@H](NC(=O)[C@@H]3CCCN3C(=O)[C@H](Cc3ccc(O)cc3)NC(=O)[C@H](Cc3c[nH]cn3)NC(=O)[C@H](CC(O)=O)NC(=O)[C@H](Cc3c[nH]c4ccc(F)cc34)NC(=O)[C@H](Cc3c[nH]c4ccc(F)cc34)NC(=O)CNC1=O)C(N)=O)nn2,550.0,550.0,550.0
CN1CC(=O)N[C@@H](CSCc2cccc(CSCCC(=O)N[C@@H](CCCCN)C(=O)NCC(=O)N[C@@H](Cc3c[nH]c4ccc(F)cc34)C(=O)N[C@@H](Cc3c[nH]c4ccc(F)cc34)C(=O)N[C@@H](CC(O)=O)C(=O)N[C@@H](Cc3c[nH]cn3)C(=O)N[C@@H](Cc3ccc(O)cc3)C1=O)c2)C(N)=O,35500.0,35500.0,35500.0
NCCCC[C@@H]1NC(=O)CCSCc2cccc(CSC[C@H](NC(=O)C3(CC3)NC(=O)[C@H](Cc3ccc(O)cc3)NC(=O)[C@H](Cc3c[nH]cn3)NC(=O)[C@H](CC(O)=O)NC(=O)[C@H](Cc3c[nH]c4ccc(F)cc34)NC(=O)[C@H](Cc3c[nH]c4ccc(F)cc34)NC(=O)CNC1=O)C(N)=O)c2,35500.0,35500.0,35500.0
COc1cc2CSCCC(=O)N[C@@H](CCCCN)C(=O)NCC(=O)N[C@@H](Cc3c[nH]c4ccc(F)cc34)C(=O)N[C@@H](Cc3c[nH]c4ccc(F)cc34)C(=O)N[C@@H](CC(O)=O)C(=O)N[C@@H](Cc3c[nH]cn3)C(=O)N[C@@H](Cc3ccc(O)cc3)C(=O)N3CCC[C@H]3C(=O)N[C@@H](CSCc(c2)c1)C(N)=O,35500.0,35500.0,35500.0
CC1(C)[C@H]2CN3[C@@H]([C@@H]12)C(=O)N[C@@H](CSCc1cccc(CSCCC(=O)N[C@@H](CCCCN)C(=O)NCC(=O)N[C@@H](Cc2c[nH]c4ccc(F)cc24)C(=O)N[C@@H](Cc2c[nH]c4ccc(F)cc24)C(=O)N[C@@H](CC(O)=O)C(=O)N[C@@H](Cc2c[nH]cn2)C(=O)N[C@@H](Cc2ccc(O)cc2)C3=O)c1)C(N)=O,6550.0,6550.0,6550.0
NCCCC[C@@H]1NC(=O)CCSCc2ccc3cc(CSC[C@H](NC(=O)[C@@H]4CCCN4C(=O)[C@H](Cc4ccc(O)cc4)NC(=O)[C@H](Cc4c[nH]cn4)NC(=O)[C@H](CC(O)=O)NC(=O)[C@H](Cc4c[nH]c5ccc(F)cc45)NC(=O)[C@H](Cc4c[nH]c5ccc(F)cc45)NC(=O)CNC1=O)C(N)=O)ccc3c2,6550.0,6550.0,6550.0
NCCCC[C@@H]1NC(=O)CCSCc2ccc3ccc(CSC[C@H](NC(=O)[C@@H]4CCCN4C(=O)[C@H](Cc4ccc(O)cc4)NC(=O)[C@H](Cc4c[nH]cn4)NC(=O)[C@H](CC(O)=O)NC(=O)[C@H](Cc4c[nH]c5ccc(F)cc45)NC(=O)[C@H](Cc4c[nH]c5ccc(F)cc45)NC(=O)CNC1=O)C(N)=O)cc3c2,35500.0,35500.0,35500.0
NCCCC[C@@H]1NC(=O)CCSCc2cccc(CSC[C@H](NC(=O)[C@@H]3CCN3C(=O)[C@H](Cc3ccc(O)cc3)NC(=O)[C@H](Cc3c[nH]cn3)NC(=O)[C@H](CC(O)=O)NC(=O)[C@H](Cc3c[nH]c4ccc(F)cc34)NC(=O)[C@H](Cc3c[nH]c4ccc(F)cc34)NC(=O)CNC1=O)C(N)=O)c2,35500.0,35500.0,35500.0
NCCCC[C@@H]1NC(=O)CCSCc2cccc(CSC[C@H](NC(=O)[C@@H]3CCCCN3C(=O)[C@H](Cc3ccc(O)cc3)NC(=O)[C@H](Cc3c[nH]cn3)NC(=O)[C@H](CC(O)=O)NC(=O)[C@H](Cc3c[nH]c4ccc(F)cc34)NC(=O)[C@H](Cc3c[nH]c4ccc(F)cc34)NC(=O)CNC1=O)C(N)=O)c2,35500.0,35500.0,35500.0
NCCCC[C@@H]1NC(=O)CCSCc2cccc(CSC[C@H](NC(=O)[C@@H]3CCCN3C(=O)[C@H](Cc3ccc(O)cc3)NC(=O)[C@H](Cc3c[nH]cn3)NC(=O)[C@H](CC(O)=O)NC(=O)[C@H](Cc3c[nH]c4ccc(F)cc34)NC(=O)[C@H](Cc3cccc4ccccc34)NC(=O)CNC1=O)C(N)=O)c2,6550.0,6550.0,6550.0
NCCCC[C@@H]1NC(=O)CCSCc2cccc(CSC[C@H](NC(=O)[C@@H]3CCCN3C(=O)[C@H](Cc3ccc(O)cc3)NC(=O)[C@H](Cc3c[nH]cn3)NC(=O)[C@H](CC(O)=O)NC(=O)[C@H](Cc3c[nH]c4ccc(F)cc34)NC(=O)[C@H](Cc3ccc(cc3)-c3ccccc3)NC(=O)CNC1=O)C(N)=O)c2,6550.0,6550.0,6550.0
NCCCC[C@@H]1NC(=O)CCSCc2cccc(CSC[C@H](NC(=O)[C@@H]3CCCN3C(=O)[C@H](Cc3ccc(O)cc3)NC(=O)[C@H](Cc3c[nH]cn3)NC(=O)[C@H](CC(O)=O)NC(=O)[C@H](Cc3c[nH]c4ccc(F)cc34)NC(=O)[C@H](CCc3ccccc3)NC(=O)CNC1=O)C(N)=O)c2,6550.0,6550.0,6550.0
C[C@@]1(Cc2c[nH]c3ccccc23)NC(=O)CNC(=O)[C@H](CCCCN)NC(=O)CCSCc2cccc(CSC[C@H](NC(=O)[C@@H]3CCCN3C(=O)[C@H](Cc3ccc(O)cc3)NC(=O)[C@H](Cc3c[nH]cn3)NC(=O)[C@H](CC(O)=O)NC(=O)[C@H](Cc3c[nH]c4ccc(F)cc34)NC1=O)C(N)=O)c2,550.0,550.0,550.0
C[C@@]1(CCCCN)NC(=O)CCSCc2cccc(CSC[C@H](NC(=O)[C@@H]3CCCN3C(=O)[C@H](Cc3ccc(O)cc3)NC(=O)[C@H](Cc3c[nH]cn3)NC(=O)[C@H](CC(O)=O)NC(=O)[C@H](Cc3c[nH]c4ccc(F)cc34)NC(=O)[C@H](Cc3c[nH]c4ccc(F)cc34)NC(=O)CNC1=O)C(N)=O)c2,6550.0,6550.0,6550.0
C[C@@]12CCCN1C(=O)[C@H](Cc1ccc(O)cc1)NC(=O)[C@H](Cc1c[nH+]c[nH]1)NC(=O)[C@H](CC(O)=O)NC(=O)[C@H](Cc1c[nH]c3ccc(F)cc13)NC(=O)[C@H](Cc1c[nH]c3ccc(F)cc13)NC(=O)CNC(=O)[C@H](Cc1ccc(O)cc1)NC(=O)CCSCc1cccc(CSC[C@H](NC2=O)C(N)=O)c1,>500,500.0,1000.0
CC1(C)NC(=O)[C@H](Cc2ccc(O)cc2)NC(=O)[C@H](Cc2cnc[nH]2)NC(=O)[C@H](CC(O)=O)NC(=O)[C@H](Cc2c[nH]c3ccc(F)cc23)NC(=O)[C@H](Cc2c[nH]c3ccc(F)cc23)NC(=O)CNC(=O)[C@H](CCCC[NH3+])NC(=O)CCSCc2cccc(CSC[C@H](NC1=O)C(N)=O)c2,550.0,550.0,550.0
CC(C)[C@@H]1N(C)C(=O)[C@H](Cc2ccc(O)cc2)NC(=O)[C@H](Cc2cnc[nH]2)NC(=O)[C@H](CC(O)=O)NC(=O)[C@H](Cc2c[nH]c3ccc(F)cc23)NC(=O)[C@H](Cc2c[nH]c3ccc(F)cc23)NC(=O)CNC(=O)[C@H](CCCCN)NC(=O)CCSCc2cccc(CSC[C@H](NC1=O)C(N)=O)c2,35500.0,35500.0,35500.0
CN9CC(=O)N[C@@H](Cc1c[nH]c2ccccc12)C(=O)N[C@@H](Cc3c[nH]c4ccccc34)C(=O)N(C)[C@@H](CC(=O)O)C(=O)N[C@@H](Cc5cnc[nH]5)C(=O)N(C)[C@@H](Cc6ccc(O)cc6)C(=O)N7CCC[C@H]7C(=O)N[C@H](C(N)=O)CSCc8cccc(c8)CSCCC(=O)N[C@@H](CCCCN)C9=O,35500.0,35500.0,35500.0
CN1CC(=O)N[C@@H](Cc2c[nH]c3ccccc23)C(=O)N[C@@H](Cc2c[nH]c3ccccc23)C(=O)N(C)[C@@H](CC(O)=O)C(=O)N[C@@H](Cc2c[nH]cn2)C(=O)N[C@@H](Cc2ccc(O)cc2)C(=O)N2CCC[C@H]2C(=O)N[C@@H](CSCc2cccc(CSCCC(=O)N[C@@H](CCCCN)C1=O)c2)C(N)=O,35500.0,35500.0,35500.0
NCCCC[C@@H]1NC(=O)CCSCc2cccc(CSC[C@H](NC(=O)[C@@H]3CCCN3C(=O)[C@H](Cc3ccc(O)cc3)NC(=O)[C@H](Cc3c[nH]cn3)NC(=O)[C@H](CC(O)=O)NC(=O)[C@H](Cc3c[nH]c4ccc(F)cc34)NC(=O)[C@H](CC3CCCCC3)NC(=O)CNC1=O)C(N)=O)c2,50.0,50.0,50.0
C[C@@H](O)[C@@H]1NC(=O)[C@H](Cc2c[nH]c3ccc(F)cc23)NC(=O)[C@H](Cc2c[nH]c3ccc(F)cc23)NC(=O)CNC(=O)[C@H](CCCCN)NC(=O)CCSCc2cccc(CSC[C@H](NC(=O)[C@@H]3CCCN3C(=O)[C@H](Cc3ccc(O)cc3)NC(=O)[C@H](Cc3c[nH]cn3)NC1=O)C(N)=O)c2,550.0,550.0,550.0
NCCCC[C@@H]1NC(=O)CCSCc2cccc(CSC[C@H](NC(=O)[C@@H]3CCCN3C(=O)[C@H](Cc3c[nH]c4ncccc34)NC(=O)[C@H](Cc3c[nH]cn3)NC(=O)[C@H](CC(O)=O)NC(=O)[C@H](Cc3c[nH]c4ccc(F)cc34)NC(=O)[C@H](Cc3c[nH]c4ccc(F)cc34)NC(=O)CNC1=O)C(N)=O)c2,>500,500.0,1000.0
NCCCC[C@@H]1NC(=O)CCSCc2cccc(CSC[C@H](NC(=O)[C@@H]3CCCN3C(=O)[C@H](Cc3ccc(cc3)-c3ccccc3)NC(=O)[C@H](Cc3c[nH]cn3)NC(=O)[C@H](CC(O)=O)NC(=O)[C@H](Cc3c[nH]c4ccc(F)cc34)NC(=O)[C@H](Cc3c[nH]c4ccc(F)cc34)NC(=O)CNC1=O)C(N)=O)c2,6550.0,6550.0,6550.0
NCCCC[C@@H]1NC(=O)CCSCc2cccc(CSC[C@H](NC(=O)[C@@H]3CCCN3C(=O)[C@H](Cc3ccc(O)cc3)NC(=O)[C@H](Cc3c[nH]cn3)NC(=O)[C@H](CC(O)=O)NC(=O)[C@H](CCc3ccccc3)NC(=O)[C@H](Cc3c[nH]c4ccc(F)cc34)NC(=O)CNC1=O)C(N)=O)c2,550.0,550.0,550.0
C[C@H]1NC(=O)[C@H](CCCCN)NC(=O)CCSCc2cccc(CSCCNC(=O)[C@]3(C)CCCN3C(=O)[C@H](Cc3ccc(O)c(Cl)c3)NC(=O)[C@H](Cc3cnc[nH]3)NC(=O)[C@H](CC(O)=O)NC(=O)[C@H](Cc3c[nH]c4ccc(F)cc34)NC(=O)[C@H](Cc3c[nH]c4ccc(F)cc34)NC1=O)c2,550.0,550.0,550.0
C[C@H]1NC(=O)[C@H](CCCCN)NC(=O)CCSCc2cccc(CSCCNC(=O)[C@]3(C)CCCN3C(=O)[C@H](Cc3c[nH]c4ncccc34)NC(=O)[C@H](Cc3cnc[nH]3)NC(=O)[C@H](CC(O)=O)NC(=O)[C@H](Cc3c[nH]c4ccc(F)cc34)NC(=O)[C@H](Cc3c[nH]c4ccc(F)cc34)NC1=O)c2,550.0,550.0,550.0
C[C@@]12CCCN1C(=O)[C@H](Cc1ccc(O)cc1)NC(=O)[C@H](Cc1cnc[nH]1)NC(=O)[C@H](CC(O)=O)NC(=O)[C@H](Cc1c[nH]c3ccc(F)cc13)NC(=O)[C@H](Cc1c[nH]c3ccc(F)cc13)NC(=O)CNC(=O)[C@H](CCCN)NC(=O)CCSCc1cccc(CSC[C@H](NC2=O)C(N)=O)c1,50.0,50.0,50.0
CC(=O)N[C@H]9CCCC(=O)NCc1ccc(cc1)C[C@@H](C(N)=O)NC(=O)[C@]2(C)CCCN2C(=O)[C@H](Cc3ccc(O)cc3)NC(=O)[C@H](Cc4c[nH]cn4)NC(=O)[C@H](CC(=O)O)NC(=O)[C@H](Cc5c[nH]c6ccc(F)cc56)NC(=O)[C@H](Cc7c[nH]c8ccc(F)cc78)NC(=O)CNC(=O)[C@H](C)NC9=O,>500,500.0,1000.0
CC(=O)N[C@@H]1CCCCNC(=O)c2ccc(C[C@H](NC(=O)[C@]3(C)CCCN3C(=O)[C@H](Cc3ccc(O)cc3)NC(=O)[C@H](Cc3cnc[nH]3)NC(=O)[C@H](CC(O)=O)NC(=O)[C@H](Cc3c[nH]c4ccc(F)cc34)NC(=O)[C@H](Cc3c[nH]c4ccc(F)cc34)NC(=O)CNC1=O)C(N)=O)cc2,550.0,550.0,550.0
COc1ccc(C[C@@H]2NC(=O)[C@H](Cc3c[nH]cn3)NC(=O)[C@H](CC(O)=O)NC(=O)[C@H](Cc3cn(C)c4ccccc34)NC(=O)[C@H](Cc3c[nH]c4ccccc34)N(C)C(=O)CN(C)C(=O)[C@H](C)NC(=O)CCSCc3cccc(CSC[C@H](NC(=O)[C@@H]4CCCN4C2=O)C(N)=O)c3)cc1,>500,500.0,1000.0
C[C@@H]1NC(=O)CCSCc2cccc(CSC[C@H](NC(=O)[C@@H]3CCCN3C(=O)[C@H](Cc3ccc(O)cc3)N(C)C(=O)[C@H](Cc3c[nH]cn3)NC(=O)[C@H](CC(O)=O)N(C)C(=O)[C@H](Cc3cn(C)c4ccccc34)N(C)C(=O)[C@H](Cc3c[nH]c4ccccc34)N(C)C(=O)CN(C)C1=O)C(N)=O)c2,6550.0,6550.0,6550.0
NCCCC[C@@H]1NC(=O)CCSCc2cccc(CSC[C@H](NC(=O)[C@@H]3CCCN3C(=O)[C@H](Cc3ccc(OCCN)cc3)NC(=O)[C@H](CC3C=NC=N3)NC(=O)[C@H](CC(O)=O)NC(=O)[C@H](Cc3c[nH]c4ccc(F)cc34)NC(=O)[C@H](Cc3c[nH]c4ccc(F)cc34)NC(=O)CNC1=O)C(N)=O)c2,550.0,550.0,550.0
NCCCC[C@@H]1NC(=O)CCSCc2cccc(CSC[C@H](NC(=O)[C@@H]3CCCN3C(=O)[C@H](Cc3nc4ccccc4s3)NC(=O)[C@H](Cc3c[nH]cn3)NC(=O)[C@H](CC(O)=O)NC(=O)[C@H](Cc3c[nH]c4ccc(F)cc34)NC(=O)[C@H](Cc3c[nH]c4ccc(F)cc34)NC(=O)CNC1=O)C(N)=O)c2,35500.0,35500.0,35500.0
COc1ccc(C[C@@H]2NC(=O)[C@H](CC3=NC=NC3)NC(=O)[C@H](CC(O)=O)NC(=O)[C@H](Cc3c[nH]c4ccc(F)cc34)NC(=O)[C@@H](NC(=O)[C@@H](C)NC(=O)[C@H](CCCCN)NC(=O)CCSCc3cccc(CSCCNC(=O)[C@]4(C)CCCN4C2=O)c3)C(c2ccccc2)c2ccccc2)cc1,50.0,50.0,50.0
C[C@H]1NC(=O)[C@H](CCCCN)NC(=O)CCSCc2cccc(CSCCNC(=O)[C@]3(C)CCCN3C(=O)[C@H](Cc3ccc(O)cc3)N(C)C(=O)[C@H](Cc3c[nH]cn3)NC(=O)[C@H](CC(O)=O)NC(=O)[C@H](Cc3c[nH]c4ccc(F)cc34)NC(=O)[C@H](Cc3c[nH]c4ccccc34)N(C)C1=O)c2,50.0,50.0,50.0
C[C@H]1NC(=O)[C@H](CCCCN)NC(=O)CCSCc2cccc(CSCCNC(=O)[C@]3(C)CCCN3C(=O)[C@H](Cc3ccc(O)cc3)N(C)C(=O)[C@H](Cc3c[nH]cn3)NC(=O)[C@H](CC(O)=O)NC(=O)[C@H](Cc3c[nH]c4ccc(F)cc34)NC(=O)[C@H](Cc3c[nH]c4ccc(F)cc34)NC1=O)c2,50.0,50.0,50.0
C[C@@]12CCCN1C(=O)[C@H](Cc1ccc(O)cc1)NC(=O)[C@H](Cc1c[nH]cn1)NC(=O)[C@H](CC(O)=O)NC(=O)[C@H](Cc1c[nH]c3ccc(F)cc13)NC(=O)[C@H](Cc1c[nH]c3ccc(F)cc13)NC(=O)CNC(=O)C1(CC1)NC(=O)CCSCc1cccc(CSC[C@H](NC2=O)C(N)=O)c1,50.0,50.0,50.0
CCCCCCCCCCCCCCCC(=O)N[C@@H](CCC(=O)N[C@@H](CCC(=O)NCCCC[C@@H]1NC(=O)CCSCc2cccc(CSC[C@H](NC(=O)[C@]3(C)CCCN3C(=O)[C@H](Cc3ccc(O)cc3)NC(=O)[C@H](Cc3cn(CC)cn3)NC(=O)[C@H](CC(O)=O)NC(=O)[C@H](Cc3c[nH]c4ccc(F)cc34)NC(=O)[C@H](Cc3c[nH]c4ccc(F)cc34)NC(=O)CNC1=O)C(N)=O)c2)C(O)=O)C(O)=O,35500.0,35500.0,35500.0
CCCCCCCCCCCCCCCC(=O)N[C@@H](CCC(=O)N[C@@H](CCC(=O)NCC[C@H](NC(=O)[C@@H]1CSCc2cccc(CSCCC(=O)N[C@@H](CCCCN)C(=O)NCC(=O)N[C@@H](Cc3c[nH]c4ccc(F)cc34)C(=O)N[C@@H](Cc3c[nH]c4ccc(F)cc34)C(=O)N[C@@H](CC(O)=O)C(=O)N[C@@H](Cc3c[nH]cn3)C(=O)N[C@@H](Cc3ccc(O)cc3)C(=O)N3CCC[C@@]3(C)C(=O)N1)c2)C(N)=O)C(O)=O)C(O)=O,35500.0,35500.0,35500.0
C[C@@]12CCCN1C(=O)[C@H](Cc1ccc(O)cc1)NC(=O)[C@H](Cc1c[nH]cn1)NC(=O)[C@H](CC(O)=O)NC(=O)[C@H](Cc1c[nH]c3ccc(F)cc13)NC(=O)[C@H](Cc1c[nH]c3ccc(F)cc13)NC(=O)CNC(=O)[C@H](CCCCNC(=O)COCCOCCNC(=O)COCCOCCNC(=O)CC[C@H](NC(=O)CCCCCCCCCCCCCCCCC(O)=O)C(O)=O)NC(=O)CCSCc1cccc(CSC[C@H](NC2=O)C(N)=O)c1,>500,500.0,1000.0
C[C@@]12CCCN1C(=O)[C@H](Cc1ccc(O)cc1)NC(=O)[C@H](Cc1cnc[nH]1)NC(=O)[C@H](CC(O)=O)NC(=O)[C@H](Cc1c[nH]c3ccc(F)cc13)NC(=O)[C@H](Cc1c[nH]c3ccc(F)cc13)NC(=O)CNC(=O)[C@H](CCCCN)NC(=O)CCSCc1cc(F)cc(CSC[C@H](NC2=O)C(N)=O)c1,35500.0,35500.0,35500.0
C[C@H]1NC(=O)[C@H](CCCCN)NC(=O)CCSCc2cc(F)cc(CSCCNC(=O)[C@]3(C)CCCN3C(=O)[C@H](Cc3ccc(O)cc3)NC(=O)[C@H](Cc3cnc[nH]3)NC(=O)[C@H](CC(O)=O)NC(=O)[C@H](Cc3c[nH]c4ccc(F)cc34)NC(=O)[C@H](Cc3c[nH]c4ccc(F)cc34)NC1=O)c2,35500.0,35500.0,35500.0
NCCCC[C@@H]1NC(=O)CCSCc2cccc(CSC[C@H](NC(=O)[C@@H]3C[C@H](CN3C(=O)[C@H](Cc3ccc(O)cc3)NC(=O)[C@H](Cc3c[nH]cn3)NC(=O)[C@H](CC(O)=O)NC(=O)[C@H](Cc3c[nH]c4ccc(F)cc34)NC(=O)[C@H](Cc3c[nH]c4ccc(F)cc34)NC(=O)CNC1=O)c1ccccc1)C(N)=O)c2,50.0,50.0,50.0
NCCCC[C@@H]1NC(=O)CCSCc2cccc(CSC[C@H](NC(=O)[C@@H]3C[C@@H](Cc4ccccc4)CN3C(=O)[C@H](Cc3ccc(O)cc3)NC(=O)[C@H](Cc3c[nH]cn3)NC(=O)[C@H](CC(O)=O)NC(=O)[C@H](Cc3c[nH]c4ccc(F)cc34)NC(=O)[C@H](Cc3c[nH]c4ccc(F)cc34)NC(=O)CNC1=O)C(N)=O)c2,550.0,550.0,550.0
NCCCC[C@@H]1NC(=O)CCSCc2cccc(CSC[C@H](NC(=O)[C@@H]3C[C@@H](CN3C(=O)[C@H](Cc3ccc(O)cc3)NC(=O)[C@H](Cc3c[nH]cn3)NC(=O)[C@H](CC(O)=O)NC(=O)[C@H](Cc3c[nH]c4ccc(F)cc34)NC(=O)[C@H](Cc3c[nH]c4ccc(F)cc34)NC(=O)CNC1=O)C(F)(F)F)C(N)=O)c2,50.0,50.0,50.0
C[C@H]1NC(=O)[C@H](CCCCN)NC(=O)CCSCc2cccc(CSCCNC(=O)[C@]3(C)CCCN3C(=O)[C@H](Cc3ccc(C)cc3)NC(=O)[C@H](Cc3c[nH]cn3)NC(=O)[C@H](CC(O)=O)NC(=O)[C@H](Cc3c[nH]c4ccc(F)cc34)NC(=O)[C@H](Cc3c[nH]c4ccc(F)cc34)NC1=O)c2,550.0,550.0,550.0
C[C@H]1NC(=O)[C@H](CCCCN)NC(=O)CCSCc2cccc(CSCCNC(=O)[C@]3(C)CCCN3C(=O)[C@H](Cc3ccc(cc3)C#N)NC(=O)[C@H](Cc3c[nH]cn3)NC(=O)[C@H](CC(O)=O)NC(=O)[C@H](Cc3c[nH]c4ccc(F)cc34)NC(=O)[C@H](Cc3c[nH]c4ccc(F)cc34)NC1=O)c2,550.0,550.0,550.0
NCCCC[C@@H]1NC(=O)CCSCc2cccc(CSC[C@H](NC(=O)[C@@H]3C[C@H](CN3C(=O)[C@H](Cc3ccc(O)cc3)NC(=O)[C@H](Cc3c[nH]cn3)NC(=O)[C@H](CC(O)=O)NC(=O)[C@H](Cc3c[nH]c4ccc(F)cc34)NC(=O)[C@H](Cc3c[nH]c4ccc(F)cc34)NC(=O)CNC1=O)C1CCCCC1)C(N)=O)c2,35500.0,35500.0,35500.0
C[C@@H]1NC(=O)CCSCc2cccc(CSC[C@H](NC(=O)[C@]3(C)CCCN3C(=O)[C@H](Cc3ccc(O)cc3)NC(=O)[C@H](Cc3cnc[nH]3)NC(=O)[C@H](CC(O)=O)NC(=O)[C@H](Cc3c[nH]c4ccc(F)cc34)NC(=O)[C@H](Cc3c[nH]c4ccc(F)cc34)NC(=O)CNC1=O)C(N)=O)c2,6550.0,6550.0,6550.0
C[C@@H]1NC(=O)[C@H](CC(=O)NCCOc2ccc(C[C@H](NC(=O)[C@]3(C)CCCN3C(=O)[C@H](Cc3ccc(O)cc3)NC(=O)[C@H](Cc3c[nH]cn3)NC(=O)[C@H](CC(O)=O)NC(=O)[C@H](Cc3c[nH]c4ccc(F)cc34)NC(=O)[C@H](Cc3c[nH]c4ccc(F)cc34)NC(=O)CNC1=O)C(N)=O)cc2)NC(C)=O,6550.0,6550.0,6550.0
C[C@@H]1NC(=O)[C@H](CCC(=O)NCCOc2ccc(C[C@H](NC(=O)[C@]3(C)CCCN3C(=O)[C@H](Cc3ccc(O)cc3)NC(=O)[C@H](Cc3c[nH]cn3)NC(=O)[C@H](CC(O)=O)NC(=O)[C@H](Cc3c[nH]c4ccc(F)cc34)NC(=O)[C@H](Cc3c[nH]c4ccc(F)cc34)NC(=O)CNC1=O)C(N)=O)cc2)NC(C)=O,550.0,550.0,550.0
C[C@@H]1NC(=O)[C@H](CCCCNC(=O)c2ccc(C[C@H](NC(=O)[C@]3(C)CCCN3C(=O)[C@H](Cc3ccc(O)cc3)NC(=O)[C@H](Cc3cnc[nH]3)NC(=O)[C@H](CC(O)=O)NC(=O)[C@H](Cc3c[nH]c4cc(F)ccc34)NC(=O)[C@H](Cc3c[nH]c4ccc(F)cc34)NC(=O)CNC1=O)C(N)=O)cc2)NC(C)=O,550.0,550.0,550.0
C[C@@]12CCCN1C(=O)[C@H](Cc1ccc(O)cc1)NC(=O)[C@H](Cc1cnc[nH]1)NC(=O)[C@H](CC(O)=O)NC(=O)[C@H](Cc1c[nH]c3cc(F)ccc13)NC(=O)[C@H](Cc1c[nH]c3ccc(F)cc13)NC(=O)CNC(=O)CCCCCNC(=O)c1ccc(C[C@H](NC2=O)C(N)=O)cc1,6550.0,6550.0,6550.0
C[C@@H]1NC(=O)[C@H](CCCNC(=O)c2ccc(C[C@H](NC(=O)[C@]3(C)CCCN3C(=O)[C@H](Cc3ccc(O)cc3)NC(=O)[C@H](Cc3cnc[nH]3)NC(=O)[C@H](CC(O)=O)NC(=O)[C@H](Cc3c[nH]c4cc(F)ccc34)NC(=O)[C@H](Cc3c[nH]c4ccc(F)cc34)NC(=O)CNC1=O)C(N)=O)cc2)NC(C)=O,550.0,550.0,550.0
CC1(C)NC(=O)[C@H](Cc2c[nH]c3ccc(F)cc23)NC(=O)CNC(=O)[C@H](CCCCN)NC(=O)CCSCc2cccc(CSC[C@H](NC(=O)[C@@H]3CCCN3C(=O)[C@H](Cc3ccc(O)cc3)NC(=O)[C@H](Cc3cnc[nH]3)NC(=O)[C@H](CC(O)=O)NC1=O)C(N)=O)c2,35500.0,35500.0,35500.0
CC1(C)NC(=O)[C@H](Cc2cnc[nH]2)NC(=O)[C@H](CC(O)=O)NC(=O)[C@H](Cc2c[nH]c3ccc(F)cc23)NC(=O)[C@H](Cc2c[nH]c3ccc(F)cc23)NC(=O)CNC(=O)[C@H](CCCCN)NC(=O)CCSCc2cccc(CSC[C@H](NC(=O)[C@@H]3CCCN3C1=O)C(N)=O)c2,50.0,50.0,50.0
C[C@H]1NC(=O)[C@H](Cc2cnc[nH]2)NC(=O)[C@H](CC(O)=O)NC(=O)[C@H](Cc2c[nH]c3ccc(F)cc23)NC(=O)[C@H](Cc2c[nH]c3ccc(F)cc23)NC(=O)CNC(=O)[C@H](CCCCN)NC(=O)CCSCc2cccc(CSC[C@H](NC(=O)[C@]3(C)CCCN3C1=O)C(N)=O)c2,550.0,550.0,550.0
C[C@H]1NC(=O)[C@H](Cc2ccc(O)cc2)NC(=O)[C@H](Cc2cnc[nH]2)NC(=O)[C@H](CC(O)=O)NC(=O)[C@H](Cc2c[nH]c3ccc(F)cc23)NC(=O)[C@H](Cc2c[nH]c3ccc(F)cc23)NC(=O)CNC(=O)[C@H](CCCCN)NC(=O)CCSCc2cccc(CSC[C@H](NC1=O)C(N)=O)c2,35500.0,35500.0,35500.0
CC(=O)N[C@@H]1CC(=O)NCCOc2ccc(CC(NC(=O)[C@]3(C)CCCN3C(=O)[C@H](Cc3ccc(O)cc3)NC(=O)[C@H](Cc3cnc[nH]3)NC(=O)[C@H](CC(=O)OCc3ccccc3)NC(=O)[C@H](Cc3c[nH]c4ccc(F)cc34)NC(=O)[C@H](Cc3c[nH]c4ccc(F)cc34)NC(=O)CNC1=O)C(N)=O)cc2,550.0,550.0,550.0
CC(=O)N[C@@H]1CCC(=O)NCCOc2ccc(C[C@H](NC(=O)[C@]3(C)CCCN3C(=O)[C@H](Cc3ccc(O)cc3)NC(=O)[C@H](Cc3cnc[nH]3)NC(=O)[C@H](CC(O)=O)NC(=O)[C@H](Cc3c[nH]c4ccc(F)cc34)NC(=O)[C@H](Cc3c[nH]c4ccc(F)cc34)NC(=O)CNC1=O)C(N)=O)cc2,>500,500.0,1000.0
NCCCC[C@@H]1NC(=O)CCSCc2cccc(CSC[C@H](NC(=O)[C@@H]3CCCN3C(=O)[C@@H]3[C@H](CCN3C(=O)[C@H](Cc3c[nH]cn3)NC(=O)[C@H](CC(O)=O)NC(=O)[C@H](Cc3c[nH]c4ccc(F)cc34)NC(=O)[C@H](Cc3c[nH]c4ccc(F)cc34)NC(=O)CNC1=O)c1ccccc1)C(N)=O)c2,6550.0,6550.0,6550.0
CC(=O)N[C@@H]1CCCNC(=O)c2ccc(CC(NC(=O)[C@]3(C)CCCN3C(=O)[C@H](Cc3ccc(O)cc3)NC(=O)[C@H](Cc3cnc[nH]3)NC(=O)[C@H](CC(O)=O)NC(=O)[C@H](Cc3c[nH]c4ccc(F)cc34)NC(=O)[C@H](Cc3c[nH]c4ccc(F)cc34)NC(=O)CNC1=O)C(N)=O)cc2,50.0,50.0,50.0
NCCCC[C@@H]1NC(=O)CCSCc2ccc(CS[C@H]3C[C@H](N(C3)C(=O)[C@H](Cc3ccc(O)cc3)NC(=O)[C@H](Cc3cnc[nH]3)NC(=O)[C@H](CC(O)=O)NC(=O)[C@H](Cc3c[nH]c4ccc(F)cc34)NC(=O)[C@H](Cc3c[nH]c4ccc(F)cc34)NC(=O)CNC1=O)C(N)=O)cc2,50.0,50.0,50.0
NCCCC[C@@H]1NC(=O)CCSCc2cccc(CSC[C@H](NC(=O)[C@@H]3C[C@@H](CN3C(=O)[C@H](Cc3ccc(O)cc3)NC(=O)[C@H](Cc3cnc[nH]3)NC(=O)[C@H](CC(O)=O)NC(=O)[C@H](Cc3c[nH]c4ccc(F)cc34)NC(=O)[C@H](Cc3c[nH]c4ccc(F)cc34)NC(=O)CNC1=O)c1ccccc1)C(N)=O)c2,550.0,550.0,550.0
C[C@@H]1NC(=O)CCCCc2ccc(CCCCNC(=O)C[C@H](NC(=O)[C@H](Cc3c[nH]c4ccc(F)cc34)NC(=O)[C@H](Cc3c[nH]c4ccc(F)cc34)NC(=O)CNC1=O)C(=O)N[C@@H](Cc1cnc[nH]1)C(=O)N[C@@H](Cc1ccc(O)cc1)C(=O)N1CCC[C@H]1C(N)=O)cc2,550.0,550.0,550.0
C[C@@H]1NC(=O)[C@H](CCc2cn(nn2)-c2ccc(C[C@H](NC(=O)[C@]3(C)CCCN3C(=O)[C@H](Cc3ccc(O)cc3)NC(=O)[C@H](Cc3cnc[nH]3)NC(=O)[C@H](CC(O)=O)NC(=O)[C@H](Cc3c[nH]c4ccc(F)cc34)NC(=O)[C@H](Cc3c[nH]c4ccc(F)cc34)NC(=O)CNC1=O)C(N)=O)cc2)NC(C)=O,>500,500.0,1000.0
C[C@@H]1NC(=O)[C@H](CCCCn2cc(CC[C@H](NC(=O)[C@]3(C)CCCN3C(=O)[C@H](Cc3ccc(O)cc3)NC(=O)[C@H](Cc3cnc[nH]3)NC(=O)[C@H](CC(O)=O)NC(=O)[C@H](Cc3c[nH]c4ccc(F)cc34)NC(=O)[C@H](Cc3c[nH]c4ccc(F)cc34)NC(=O)CNC1=O)C(N)=O)nn2)NC(C)=O,50.0,50.0,50.0
C[C@@H]1NC(=O)[C@H](CCCn2cc(CCC[C@H](NC(=O)[C@]3(C)CCCN3C(=O)[C@H](Cc3ccc(O)cc3)NC(=O)[C@H](Cc3cnc[nH]3)NC(=O)[C@H](CC(O)=O)NC(=O)[C@H](Cc3c[nH]c4ccc(F)cc34)NC(=O)[C@H](Cc3c[nH]c4ccc(F)cc34)NC(=O)CNC1=O)C(N)=O)nn2)NC(C)=O,6550.0,6550.0,6550.0
C[C@@H]1NC(=O)[C@H](Cc2cn(nn2)-c2ccc(C[C@H](NC(=O)[C@]3(C)CCCN3C(=O)[C@H](Cc3ccc(O)cc3)NC(=O)[C@H](Cc3cnc[nH]3)NC(=O)[C@H](CC(O)=O)NC(=O)[C@H](Cc3c[nH]c4ccc(F)cc34)NC(=O)[C@H](Cc3c[nH]c4ccc(F)cc34)NC(=O)CNC1=O)C(N)=O)cc2)NC(C)=O,35500.0,35500.0,35500.0
CC(=O)N[C@@H]1Cc2cn(CCC[C@H](NC(=O)[C@]3(C)CCCN3C(=O)[C@H](Cc3ccc(O)cc3)NC(=O)[C@H](Cc3cnc[nH]3)NC(=O)[C@H](CC(O)=O)NC(=O)[C@H](Cc3c[nH]c4ccc(F)cc34)NC(=O)[C@H](Cc3c[nH]c4ccc(F)cc34)NC(=O)CNC1=O)C(N)=O)nn2,6550.0,6550.0,6550.0
CC(=O)N[C@@H]1Cc2cn(CCCC[C@H](NC(=O)[C@]3(C)CCCN3C(=O)[C@H](Cc3ccc(O)cc3)NC(=O)[C@H](Cc3cnc[nH]3)NC(=O)[C@H](CC(O)=O)NC(=O)[C@H](Cc3c[nH]c4ccc(F)cc34)NC(=O)[C@H](Cc3c[nH]c4ccc(F)cc34)NC(=O)CNC1=O)C(N)=O)nn2,50.0,50.0,50.0
C[C@@H]1NC(=O)[C@H](CCCc2cn(nn2)-c2ccc(C[C@H](NC(=O)[C@]3(C)CCCN3C(=O)[C@H](Cc3ccc(O)cc3)NC(=O)[C@H](Cc3cnc[nH]3)NC(=O)[C@H](CC(O)=O)NC(=O)[C@H](Cc3c[nH]c4ccc(F)cc34)NC(=O)[C@H](Cc3c[nH]c4ccc(F)cc34)NC(=O)CNC1=O)C(N)=O)cc2)NC(C)=O,>500,500.0,1000.0
COc1ccc(C[C@@H]2NC(=O)[C@H](Cc3cnc[nH]3)NC(=O)[C@H](CC(O)=O)NC(=O)[C@H](Cc3c[nH]c4ccc(F)cc34)NC(=O)[C@H](Cc3c[nH]c4ccc(F)cc34)NC(=O)[C@@H](C)NC(=O)[C@H](CCCCN)NC(=O)CCSCc3cc(F)cc(CSC[C@H](NC(=O)[C@]4(C)CCCN4C2=O)C(N)=O)c3)cc1,6550.0,6550.0,6550.0
C[C@@H]1NC(=O)[C@H](CCc2cn(CCCC[C@H](NC(=O)[C@]3(C)CCCN3C(=O)[C@H](Cc3ccc(O)cc3)NC(=O)[C@H](Cc3cnc[nH]3)NC(=O)[C@H](CC(O)=O)NC(=O)[C@H](Cc3c[nH]c4ccc(F)cc34)NC(=O)[C@H](Cc3c[nH]c4ccc(F)cc34)NC(=O)CNC1=O)C(N)=O)nn2)NC(C)=O,6550.0,6550.0,6550.0
NCCC[C@@H]1NC(=O)CCSCc2cccc(CSC[C@H](NC(=O)[C@@H]3CCCC3C(=O)[C@H](Cc3ccc(OCC4CCCCC4)cc3)NC(=O)[C@H](Cc3cnc[nH]3)NC(=O)[C@H](CC(O)=O)NC(=O)[C@H](Cc3c[nH]c4ccc(F)cc34)NC(=O)[C@H](Cc3c[nH]c4ccc(F)cc34)NC(=O)CNC1=O)C(N)=O)c2,50.0,50.0,50.0
COc1ccc(C[C@@H]2NC(=O)[C@H](Cc3cnc[nH]3)NC(=O)[C@H](CC(O)=O)NC(=O)[C@H](Cc3c[nH]c4ccc(F)cc34)NC(=O)[C@H](Cc3c[nH]c4ccc(F)cc34)NC(=O)[C@@H](C)NC(=O)[C@@H](CCCCNC(=O)c3ccc(C[C@H](NC(=O)[C@]4(C)CCCN4C2=O)C(N)=O)cc3)NC(C)=O)cc1,>500,500.0,1000.0
C[C@@H]1NC(=O)[C@H](CCCc2cn(CCC[C@H](NC(=O)[C@]3(C)CCCN3C(=O)[C@H](Cc3ccc(O)cc3)NC(=O)[C@H](Cc3cnc[nH]3)NC(=O)[C@H](CC(O)=O)NC(=O)[C@H](Cc3c[nH]c4ccc(F)cc34)NC(=O)[C@H](Cc3c[nH]c4ccc(F)cc34)NC(=O)CNC1=O)C(N)=O)nn2)NC(C)=O,6550.0,6550.0,6550.0
CO[C@H](C)[C@@H]1NC(=O)[C@H](CCC(O)=O)NC(=O)[C@H](Cc2c[nH]c3ccc(F)cc23)NC(=O)[C@H](Cc2cccc(CN)c2)NC(=O)[C@@H](C)NC(=O)[C@H](C)NC(=O)CCSCc2cccc(CSCCNC(=O)[C@]3(C)CCCN3C(=O)[C@H](Cc3ccc(OC)cc3)NC1=O)c2,50.0,50.0,50.0
COc1ccc(C[C@@H]2NC(=O)[C@H](Cc3c[nH]cn3)NC(=O)[C@H](CC(O)=O)NC(=O)[C@H](Cc3c[nH]c4ccc(F)cc34)NC(=O)[C@H](Cc3c[nH]c4ccc(F)cc34)NC(=O)[C@H](NC(=O)[C@H](CCCCN)NC(=O)CCSCc3cccc(CSCCNC(=O)[C@]4(C)CCCN4C2=O)c3)C2CCCC2)cc1,35500.0,35500.0,35500.0
COc1ccc(C[C@@H]2NC(=O)[C@H](CCCC(O)=O)NC(=O)[C@@H]3C[C@H](N)CN3C(=O)[C@H](Cc3c[nH]c4ccc(F)cc34)NC(=O)[C@H](Cc3c[nH]c4ccc(F)cc34)NC(=O)[C@@H](C)NC(=O)[C@H](C)NC(=O)CCSCc3ccc(CSCCNC(=O)[C@]4(C)CCCN4C2=O)cc3)cc1,35500.0,35500.0,35500.0
COc1ccc(C[C@@H]2NC(=O)[C@H](NC(=O)[C@H](CCCC(O)=O)NC(=O)[C@H](Cc3c[nH]c4ccc(F)cc34)NC(=O)[C@H](Cc3cccc(CN)c3)NC(=O)[C@@H](C)NC(=O)[C@H](C)NC(=O)CCSCc3cccc(CSCCNC(=O)[C@]4(C)CCCN4C2=O)c3)[C@@H](C)O)cc1,50.0,50.0,50.0
COc1ccc(C[C@@H]2NC(=O)[C@H](Cc3cnc[nH]3)NC(=O)[C@H](CC(O)=O)NC(=O)[C@H](Cc3c[nH]c4ccc(F)cc34)NC(=O)[C@H](Cc3c[nH]c4ccc(F)cc34)NC(=O)[C@@H](C)NC(=O)[C@H](CCCCN)NC(=O)[C@H](CC(=O)NCc3ccc(C[C@H](NC(=O)[C@]4(C)CCCN4C2=O)C(N)=O)cc3)NC(C)=O)cc1,>500,500.0,1000.0
COc1ccc(C[C@@H]2NC(=O)[C@H](Cc3cnc[nH]3)NC(=O)[C@H](CC(O)=O)NC(=O)[C@H](Cc3c[nH]c4ccc(F)cc34)NC(=O)[C@H](Cc3c[nH]c4ccc(F)cc34)NC(=O)[C@@H](C)NC(=O)[C@H](CCCCN)NC(=O)[C@H](CC(=O)NCCOc3ccc(C[C@H](NC(=O)[C@]4(C)CCCN4C2=O)C(N)=O)cc3)NC(C)=O)cc1,50.0,50.0,50.0
COc1ccc(C[C@@H]2NC(=O)[C@H](Cc3cnc[nH]3)NC(=O)[C@H](CC(O)=O)NC(=O)[C@H](Cc3c[nH]c4cc(F)ccc34)NC(=O)[C@H](Cc3c[nH]c4ccc(F)cc34)NC(=O)[C@@H](C)NC(=O)CCCCCNC(=O)c3ccc(C[C@H](NC(=O)[C@]4(C)CCCN4C2=O)C(N)=O)cc3)cc1,>500,500.0,1000.0
C[C@@H]1NC(=O)[C@H](CNC(=O)COc2ccc(C[C@H](NC(=O)[C@]3(C)CCCN3C(=O)[C@H](Cc3ccc(O)cc3)NC(=O)[C@H](Cc3cnc[nH]3)NC(=O)[C@H](CC(O)=O)NC(=O)[C@H](Cc3c[nH]c4ccc(F)cc34)NC(=O)[C@H](Cc3c[nH]c4ccc(F)cc34)NC(=O)CNC1=O)C(N)=O)cc2)NC(C)=O,>500,500.0,1000.0
C[C@@H]1NC(=O)[C@H](CCNC(=O)COc2ccc(C[C@H](NC(=O)[C@]3(C)CCCN3C(=O)[C@H](Cc3ccc(O)cc3)NC(=O)[C@H](Cc3cnc[nH]3)NC(=O)[C@H](CC(O)=O)NC(=O)[C@H](Cc3c[nH]c4ccc(F)cc34)NC(=O)[C@H](Cc3c[nH]c4ccc(F)cc34)NC(=O)CNC1=O)C(N)=O)cc2)NC(C)=O,>500,500.0,1000.0
COc1ccc(C[C@@H]2NC(=O)[C@H](Cc3cnc[nH]3)NC(=O)[C@H](CC(O)=O)NC(=O)[C@H](Cc3c[nH]c4ccc(F)cc34)NC(=O)[C@H](Cc3c[nH]c4ccc(F)cc34)NC(=O)[C@@H](C)NC(=O)[C@H](CCCCN)NC(=O)[C@H](CCCc3cn(nn3)-c3ccc(C[C@H](NC(=O)[C@]4(C)CCCN4C2=O)C(N)=O)cc3)NC(C)=O)cc1,35500.0,35500.0,35500.0
C[C@@]12CCCN1C(=O)[C@H](Cc1ccc(O)cc1)NC(=O)[C@H](Cc1cnc[nH]1)NC(=O)[C@H](CC(O)=O)NC(=O)[C@H](Cc1c[nH]c3ccc(F)cc13)NC(=O)[C@H](Cc1c[nH]c3ccc(F)cc13)NC(=O)CNC(=O)[C@@H](CN)NC(=O)CCSCc1cccc(CSC[C@H](NC2=O)C(N)=O)c1,35500.0,35500.0,35500.0
C[C@@]12CCCN1C(=O)[C@H](Cc1ccc(O)cc1)NC(=O)[C@H](Cc1cnc[nH]1)NC(=O)[C@H](CC(O)=O)NC(=O)[C@H](Cc1c[nH]c3ccc(F)cc13)NC(=O)[C@H](Cc1c[nH]c3ccc(F)cc13)NC(=O)CNC(=O)[C@@H](CCN)NC(=O)CCSCc1cccc(CSC[C@H](NC2=O)C(N)=O)c1,550.0,550.0,550.0
C[C@@]12CCCN1C(=O)[C@H](Cc1ccc(O)cc1)NC(=O)[C@H](Cc1cnc[nH]1)NC(=O)[C@H](CC(O)=O)NC(=O)[C@H](Cc1c[nH]c3ccc(F)cc13)NC(=O)[C@H](Cc1c[nH]c3ccc(F)cc13)NC(=O)CNC(=O)[C@@H](CCCN)NC(=O)CCSCc1cccc(CSC[C@H](NC2=O)C(N)=O)c1,>500,500.0,1000.0
Cc1cc2CSCCC(=O)N[C@@H](CCCCN)C(=O)NCC(=O)N[C@@H](Cc3c[nH]c4ccc(F)cc34)C(=O)N[C@@H](Cc3c[nH]c4ccc(F)cc34)C(=O)N[C@@H](CC(O)=O)C(=O)N[C@@H](Cc3c[nH]cn3)C(=O)N[C@@H](Cc3ccc(O)cc3)C(=O)N3CCC[C@@]3(C)C(=O)N[C@@H](CSCc(c1)c2)C(N)=O,6550.0,6550.0,6550.0
C[C@@]12CCCN1C(=O)[C@H](Cc1ccc(O)cc1)NC(=O)[C@H](Cc1c[nH]cn1)NC(=O)[C@H](CC(O)=O)NC(=O)[C@H](Cc1c[nH]c3ccc(F)cc13)NC(=O)[C@H](Cc1c[nH]c3ccc(F)cc13)NC(=O)CNC(=O)[C@H](CCCCN)NC(=O)CCSCc1cc(Cl)cc(CSC[C@H](NC2=O)C(N)=O)c1,50.0,50.0,50.0
C[C@@]12CCCN1C(=O)[C@H](Cc1ccc(O)cc1)NC(=O)[C@H](Cc1c[nH]cn1)NC(=O)[C@H](CC(O)=O)NC(=O)[C@H](Cc1c[nH]c3ccc(F)cc13)NC(=O)[C@H](Cc1c[nH]c3ccc(F)cc13)NC(=O)CNC(=O)[C@H](CCCCN)NC(=O)CCSCc1cc(O)cc(CSC[C@H](NC2=O)C(N)=O)c1,50.0,50.0,50.0
C[C@@]12CCCN1C(=O)[C@H](Cc1c[nH]c3ncccc13)NC(=O)[C@H](Cc1cnc[nH]1)NC(=O)[C@H](CC(O)=O)NC(=O)[C@H](Cc1c[nH]c3ccc(F)cc13)NC(=O)[C@H](Cc1c[nH]c3ccc(F)cc13)NC(=O)CNC(=O)[C@H](CCCCN)NC(=O)CCSCc1cccc(CSC[C@H](NC2=O)C(N)=O)c1,50.0,50.0,50.0
C[C@H]1NC(=O)[C@H](CCCCN)NC(=O)CCSCc2cccc(CSC[C@H](NC(=O)[C@]3(C)CCCN3C(=O)[C@H](Cc3ccc(O)cc3)NC(=O)[C@H](Cc3cnc[nH]3)NC(=O)[C@@H](NC(=O)[C@H](Cc3c[nH]c4ccc(F)cc34)NC(=O)[C@H](Cc3c[nH]c4ccc(F)cc34)NC1=O)C(C)(C)C(O)=O)C(N)=O)c2,50.0,50.0,50.0
COc1ccc(C[C@H]2NC(=O)[C@@H](Cc3c[nH]cn3)NC(=O)[C@@H](CC(O)=O)NC(=O)[C@@H](Cc3c[nH]c4ccc(F)cc34)NC(=O)[C@@H](Cc3c[nH]c4ccc(F)cc34)NC(=O)[C@@H](NC(=O)[C@@H](CCCCN)NC(=O)CCSCc3cccc(CSCCNC(=O)[C@@]4(C)CCCN4C2=O)c3)C(C)(C)C)cc1,50.0,50.0,50.0
CS[C@H]1C[C@@H]2N(C1)C(=O)[C@H](Cc1ccc(O)cc1)NC(=O)[C@H](Cc1cnc[nH]1)NC(=O)[C@H](CC(O)=O)NC(=O)[C@H](Cc1c[nH]c3ccc(F)cc13)NC(=O)[C@H](Cc1c[nH]c3ccc(F)cc13)NC(=O)CNC(=O)[C@H](CCCCN)NC(=O)CCSCc1cccc(CSC[C@H](NC2=O)C(N)=O)c1,50.0,50.0,50.0
C[C@@H]1NC(=O)[C@H](CCCNC(=O)COc2ccc(C[C@H](NC(=O)[C@]3(C)CCCN3C(=O)[C@H](Cc3ccc(O)cc3)NC(=O)[C@H](Cc3cnc[nH]3)NC(=O)[C@H](CC(O)=O)NC(=O)[C@H](Cc3c[nH]c4ccc(F)cc34)NC(=O)[C@H](Cc3c[nH]c4ccc(F)cc34)NC(=O)CNC1=O)C(N)=O)cc2)NC(C)=O,550.0,550.0,550.0
CC(=O)N[C@H]1CCCCNC(=O)COc2ccc(C[C@H](NC(=O)[C@]3(C)CCCN3C(=O)[C@H](Cc3ccc(O)cc3)NC(=O)[C@H](Cc3cnc[nH]3)NC(=O)[C@H](CC(O)=O)NC(=O)[C@H](Cc3c[nH]c4ccc(F)cc34)NC(=O)[C@H](Cc3c[nH]c4ccc(F)cc34)NC(=O)CNC1=O)C(N)=O)cc2,50.0,50.0,50.0
C[C@@H]1NC(=O)CCCC(=O)NCc2ccc(C[C@H](NC(=O)[C@]3(C)CCCN3C(=O)[C@H](Cc3ccc(O)cc3)NC(=O)[C@H](Cc3cnc[nH]3)NC(=O)[C@H](CC(O)=O)NC(=O)[C@H](Cc3c[nH]c4ccc(F)cc34)NC(=O)[C@H](Cc3c[nH]c4ccc(F)cc34)NC(=O)CNC1=O)C(N)=O)cc2,50.0,50.0,50.0
NCCCC[C@@H]1NC(=O)CCSCc2cccc(CSC[C@H](NC(=O)[C@@H]3C[C@@H](CN3C(=O)[C@H](Cc3ccc(O)cc3)NC(=O)[C@H](Cc3cnc[nH]3)NC(=O)[C@H](CC(O)=O)NC(=O)[C@H](Cc3c[nH]c4ccc(F)cc34)NC(=O)[C@H](Cc3c[nH]c4ccc(F)cc34)NC(=O)CNC1=O)Oc1ccccc1)C(N)=O)c2,50.0,50.0,50.0
COc1ccc(C[C@@H]2NC(=O)[C@H](Cc3cnc[nH]3)NC(=O)[C@H](CC(O)=O)NC(=O)[C@H](Cc3c[nH]c4cc(F)ccc34)NC(=O)[C@H](Cc3c[nH]c4ccc(F)cc34)NC(=O)[C@@H](C)NC(=O)[C@H](CCCCN)NC(=O)CCc3cn(nn3)-c3ccc(C[C@H](NC(=O)[C@]4(C)CCCN4C2=O)C(N)=O)cc3)cc1,>500,500.0,1000.0
COc1ccc(C[C@@H]2NC(=O)[C@H](Cc3cnc[nH]3)NC(=O)[C@H](CC(O)=O)NC(=O)[C@H](Cc3c[nH]c4cc(F)ccc34)NC(=O)[C@H](Cc3c[nH]c4ccc(F)cc34)NC(=O)[C@@H](C)NC(=O)[C@H](CCCCN)NC(=O)CCCc3cn(nn3)-c3ccc(C[C@H](NC(=O)[C@]4(C)CCCN4C2=O)C(N)=O)cc3)cc1,50.0,50.0,50.0
C[C@@H]1NC(=O)CCCCC(=O)NCc2ccc(C[C@H](NC(=O)[C@]3(C)CCCN3C(=O)[C@H](Cc3ccc(O)cc3)NC(=O)[C@H](Cc3cnc[nH]3)NC(=O)[C@H](CC(O)=O)NC(=O)[C@H](Cc3c[nH]c4ccc(F)cc34)NC(=O)[C@H](Cc3c[nH]c4ccc(F)cc34)NC(=O)CNC1=O)C(N)=O)cc2,50.0,50.0,50.0
COc1ccc(C[C@@H]2NC(=O)[C@H](Cc3cnc[nH]3)NC(=O)[C@H](CC(O)=O)NC(=O)[C@H](Cc3c[nH]c4ccc(F)cc34)NC(=O)[C@H](Cc3c[nH]c4ccc(F)cc34)NC(=O)[C@@H](C)NC(=O)[C@H](CCCCN)NC(=O)[C@H](CCc3cn(nn3)-c3ccc(C[C@H](NC(=O)[C@]4(C)CCCN4C2=O)C(N)=O)cc3)NC(C)=O)cc1,50.0,50.0,50.0
C[C@@]12CCCN1C(=O)[C@H](Cc1ccc(O)cc1)NC(=O)[C@H](Cc1cnc[nH]1)NC(=O)[C@H](CC(O)=O)NC(=O)[C@H](Cc1c[nH]c3ccc(F)cc13)NC(=O)[C@H](Cc1c[nH]c3ccc(F)cc13)NC(=O)CNC(=O)[C@@H](NC(=O)CCSCc1cccc(CSC[C@H](NC2=O)C(N)=O)c1)C1(O)CC1,550.0,550.0,550.0
CC(C)C[C@H]1NC(=O)[C@H](CCCCN)NC(=O)CCSCc2cccc(CSC[C@H](NC(=O)[C@]3(C)CCCN3C(=O)[C@H](Cc3ccc(O)cc3)NC(=O)[C@H](Cc3cnc[nH]3)NC(=O)[C@H](CC(O)=O)NC(=O)[C@H](Cc3c[nH]c4ccc(F)cc34)NC(=O)[C@H](Cc3c[nH]c4ccc(F)cc34)NC1=O)C(N)=O)c2,50.0,50.0,50.0
CC(C)(O)[C@@H]1NC(=O)CCSCc2cccc(CSC[C@H](NC(=O)[C@]3(C)CCCN3C(=O)[C@H](Cc3ccc(O)cc3)NC(=O)[C@H](Cc3cnc[nH]3)NC(=O)[C@H](CC(O)=O)NC(=O)[C@H](Cc3c[nH]c4ccc(F)cc34)NC(=O)[C@H](Cc3c[nH]c4ccc(F)cc34)NC(=O)CNC1=O)C(N)=O)c2,50.0,50.0,50.0
CO[C@H](C)[C@@H]1NC(=O)CCSCc2cccc(CSC[C@H](NC(=O)[C@]3(C)CCCN3C(=O)[C@H](Cc3ccc(O)cc3)NC(=O)[C@H](Cc3cnc[nH]3)NC(=O)[C@H](CC(O)=O)NC(=O)[C@H](Cc3c[nH]c4ccc(F)cc34)NC(=O)[C@H](Cc3c[nH]c4ccc(F)cc34)NC(=O)CNC1=O)C(N)=O)c2,>500,500.0,1000.0
C[C@@]12CCCN1C(=O)[C@H](Cc1ccc(O)cc1)NC(=O)[C@H](Cc1cnc[nH]1)NC(=O)[C@H](CC(O)=O)NC(=O)[C@H](Cc1c[nH]c3ccc(F)cc13)NC(=O)[C@H](Cc1c[nH]c3ccc(F)cc13)NC(=O)CNC(=O)[C@H](CCO)NC(=O)CCSCc1cccc(CSC[C@H](NC2=O)C(N)=O)c1,50.0,50.0,50.0
CO[C@@H](C)[C@@H]1NC(=O)CCSCc2cccc(CSC[C@H](NC(=O)[C@]3(C)CCCN3C(=O)[C@H](Cc3ccc(O)cc3)NC(=O)[C@H](Cc3cnc[nH]3)NC(=O)[C@H](CC(O)=O)NC(=O)[C@H](Cc3c[nH]c4ccc(F)cc34)NC(=O)[C@H](Cc3c[nH]c4ccc(F)cc34)NC(=O)CNC1=O)C(N)=O)c2,50.0,50.0,50.0
CC[C@@]12CCCN1C(=O)[C@H](Cc1ccc(O)cc1)NC(=O)[C@H](Cc1cnc[nH]1)NC(=O)[C@H](CC(O)=O)NC(=O)[C@H](Cc1c[nH]c3ccc(F)cc13)NC(=O)[C@H](Cc1c[nH]c3ccc(F)cc13)NC(=O)CNC(=O)[C@H](CCCCN)NC(=O)CCSCc1cccc(CSC[C@H](NC2=O)C(N)=O)c1,50.0,50.0,50.0
COc1ccc(C[C@@H]2NC(=O)[C@H](Cc3cnc[nH]3)NC(=O)[C@H](CC(O)=O)NC(=O)[C@H](Cc3c[nH]c4ccc(F)cc34)NC(=O)[C@H](Cc3c[nH]c4ccc(F)cc34)NC(=O)[C@@H](C)NC(=O)CCCCNC(=O)c3ccc(C[C@H](NC(=O)[C@]4(C)CCCN4C2=O)C(N)=O)cc3)cc1,35500.0,35500.0,35500.0
COc1ccc(C[C@@H]2NC(=O)[C@H](Cc3cnc[nH]3)NC(=O)[C@H](CC(O)=O)NC(=O)[C@H](Cc3c[nH]c4ccc(F)cc34)NC(=O)[C@H](Cc3c[nH]c4ccc(F)cc34)NC(=O)[C@@H](C)NC(=O)[C@@H](Cc3cn(nn3)-c3ccc(C[C@H](NC(=O)[C@]4(C)CCCN4C2=O)C(N)=O)cc3)NC(C)=O)cc1,550.0,550.0,550.0
COc1ccc(C[C@@H]2NC(=O)[C@H](CCC(O)=O)NC(=O)[C@@H]3C[C@H](N)CN3C(=O)[C@H](Cc3c[nH]c4ccc(F)cc34)NC(=O)[C@H](Cc3c[nH]c4ccc(F)cc34)NC(=O)[C@@H](C)NC(=O)[C@H](C)NC(=O)CCSCc3ccc(CSCCNC(=O)[C@]4(C)CCCN4C2=O)cc3)cc1,50.0,50.0,50.0
C[C@H]1NC(=O)[C@H](CCCCN)NC(=O)CCSCc2cccc(CSCCNC(=O)[C@]3(C)CCCN3C(=O)[C@H](Cc3ccc(O)cc3)N(C)C(=O)[C@H](Cc3c[nH]cn3)NC(=O)[C@@H](NC(=O)[C@H](Cc3c[nH]c4ccc(F)cc34)NC(=O)[C@H](Cc3c[nH]c4ccc(F)cc34)NC1=O)C(C)(C)C(O)=O)c2,50.0,50.0,50.0
COc1ccc(C[C@@H]2NC(=O)[C@H](NC(=O)[C@H](CC(O)=O)NC(=O)[C@H](Cc3c[nH]c4ccc(F)cc34)NC(=O)[C@H](Cc3cccc(CN)c3)NC(=O)[C@@H](C)NC(=O)[C@H](C)NC(=O)CCSCc3cccc(CSCCNC(=O)[C@]4(C)CCCN4C2=O)c3)[C@@H](C)O)cc1,35500.0,35500.0,35500.0
COc1ccc(C[C@@H]2NC(=O)[C@H](NC(=O)[C@H](CCCCC(O)=O)NC(=O)[C@H](Cc3c[nH]c4ccc(F)cc34)NC(=O)[C@H](Cc3ccc(CN)cc3)NC(=O)[C@@H](C)NC(=O)[C@H](C)NC(=O)CCSCc3cccc(CSCCNC(=O)[C@]4(C)CCCN4C2=O)c3)[C@@H](C)O)cc1,50.0,50.0,50.0
COc1ccc(C[C@@H]2NC(=O)[C@H](Cc3c[nH]cn3)NC(=O)[C@H](CC(O)=O)NC(=O)[C@H](Cc3c[nH]c4ccc(F)cc34)NC(=O)[C@H](Cc3c[nH]c4ccc(F)cc34)NC(=O)[C@@H](C)NC(=O)[C@H](CCCCN)NC(=O)CCSCc3cccc(CSCCNC(=O)[C@]4(C)CCCN4C2=O)c3)cc1Cl,50.0,50.0,50.0
COc1ccc(C[C@@H]2NC(=O)[C@H](Cc3c[nH]cn3)NC(=O)[C@H](CC(O)=O)NC(=O)[C@H](Cc3c[nH]c4ccc(F)cc34)NC(=O)[C@H](Cc3c[nH]c4ccc(F)cc34)NC(=O)[C@@H](C)NC(=O)[C@H](CCCCN)NC(=O)CCSCc3cccc(CSCCNC(=O)[C@]4(C)CCCN4C2=O)c3)cc1C,50.0,50.0,50.0
COc1ccc(C[C@@H]2NC(=O)C(CCCCC(O)=O)NC(=O)[C@@H]3C[C@H](N)CN3C(=O)[C@H](Cc3c[nH]c4ccc(F)cc34)NC(=O)[C@H](Cc3c[nH]c4ccc(F)cc34)NC(=O)[C@@H](C)NC(=O)[C@H](CCCN=[N+]=[N-])NC(=O)CCSCc3cccc(CCSCNC(=O)[C@]4(C)CCCN4C2=O)c3)cc1,50.0,50.0,50.0
COc1ccc(C[C@@H]2NC(=O)[C@H](Cc3cnc[nH]3)NC(=O)[C@H](CC(O)=O)NC(=O)[C@H](Cc3c[nH]c4ccc(F)cc34)NC(=O)[C@H](Cc3c[nH]c4ccc(F)cc34)NC(=O)[C@@H](C)NC(=O)CCC3CCN(CC3)C(=O)c3ccc(C[C@H](NC(=O)[C@]4(C)CCCN4C2=O)C(N)=O)cc3)cc1,>500,500.0,1000.0
COc1ccc(C[C@@H]2NC(=O)[C@H](Cc3cnc[nH]3)NC(=O)[C@H](CC(O)=O)NC(=O)[C@H](Cc3c[nH]c4ccc(F)cc34)NC(=O)[C@H](Cc3c[nH]c4ccc(F)cc34)NC(=O)[C@@H](C)NC(=O)Cc3cccc(CNC(=O)c4ccc(C[C@H](NC(=O)[C@]5(C)CCCN5C2=O)C(N)=O)cc4)c3)cc1,50.0,50.0,50.0
COc1ccc(C[C@@H]2NC(=O)[C@H](Cc3cnc[nH]3)NC(=O)[C@H](CC(O)=O)NC(=O)[C@H](Cc3c[nH]c4ccc(F)cc34)NC(=O)[C@H](Cc3c[nH]c4ccc(F)cc34)NC(=O)[C@@H](C)NC(=O)Cc3ccc(CNC(=O)c4ccc(C[C@H](NC(=O)[C@]5(C)CCCN5C2=O)C(N)=O)cc4)cc3)cc1,50.0,50.0,50.0
COc1ccc(C[C@@H]2NC(=O)[C@H](Cc3cnc[nH]3)NC(=O)[C@H](CC(O)=O)NC(=O)[C@H](Cc3c[nH]c4ccc(F)cc34)NC(=O)[C@H](Cc3c[nH]c4ccc(F)cc34)NC(=O)[C@H](C)NC(=O)[C@@H](CCc3cn(nn3)-c3ccc(C[C@H](NC(=O)[C@]4(C)CCCN4C2=O)C(N)=O)cc3)NC(C)=O)cc1,50.0,50.0,50.0
COc1ccc(C[C@@H]2NC(=O)[C@H](Cc3cnc[nH]3)NC(=O)[C@H](CC(O)=O)NC(=O)[C@H](Cc3c[nH]c4ccc(F)cc34)NC(=O)[C@H](Cc3c[nH]c4ccc(F)cc34)NC(=O)[C@@H](C)NC(=O)[C@H](CCCCN)NC(=O)[C@H](CCCCCNC(=O)c3ccc(C[C@H](NC(=O)[C@]4(C)CCCN4C2=O)C(N)=O)cc3)NC(C)=O)cc1,50.0,50.0,50.0
COc1ccc(C[C@@H]2NC(=O)[C@H](Cc3cnc[nH]3)NC(=O)[C@H](CC(O)=O)NC(=O)[C@H](Cc3c[nH]c4ccc(F)cc34)NC(=O)[C@H](Cc3c[nH]c4ccc(F)cc34)NC(=O)[C@@H](C)NC(=O)[C@@H](CCCCNC(=O)Cc3cccc(CNC(=O)C[C@H](NC(=O)[C@]4(C)CCCN4C2=O)C(N)=O)c3)NC(C)=O)cc1,550.0,550.0,550.0
COc1ccc(C[C@@H]2NC(=O)[C@H](Cc3cnc[nH]3)NC(=O)[C@H](CC(O)=O)NC(=O)[C@H](Cc3c[nH]c4ccc(F)cc34)NC(=O)[C@H](Cc3c[nH]c4ccc(F)cc34)NC(=O)[C@H](C)NC(=O)[C@@H](CCCc3cn(nn3)-c3ccc(C[C@H](NC(=O)[C@]4(C)CCCN4C2=O)C(N)=O)cc3)NC(C)=O)cc1,35500.0,35500.0,35500.0
COc1ccc(C[C@@H]2NC(=O)[C@H](Cc3cnc[nH]3)NC(=O)[C@H](CC(O)=O)NC(=O)[C@H](Cc3c[nH]c4ccc(F)cc34)NC(=O)[C@H](Cc3c[nH]c4ccc(F)cc34)NC(=O)[C@@H](C)NC(=O)[C@@H](CCCCNC(=O)Cc3cccc(CNC(=O)CC[C@H](NC(=O)[C@]4(C)CCCN4C2=O)C(O)=O)c3)NC(C)=O)cc1,50.0,50.0,50.0
COc1ccc(C[C@@H]2NC(=O)[C@H](Cc3cnc[nH]3)NC(=O)[C@H](CC(O)=O)NC(=O)[C@H](Cc3c[nH]c4ccc(F)cc34)NC(=O)[C@H](Cc3c[nH]c4ccc(F)cc34)NC(=O)[C@@H](C)NC(=O)[C@@H](CCCCNC(=O)Cc3ccc(CNC(=O)C[C@H](NC(=O)[C@]4(C)CCCN4C2=O)C(N)=O)cc3)NC(C)=O)cc1,6550.0,6550.0,6550.0
COc1ccc(C[C@@H]2NC(=O)[C@H](Cc3cnc[nH]3)NC(=O)[C@H](CC(O)=O)NC(=O)[C@H](Cc3c[nH]c4ccc(F)cc34)NC(=O)[C@H](Cc3c[nH]c4ccc(F)cc34)NC(=O)[C@@H](C)NC(=O)[C@@H](CCCCNC(=O)Cc3ccc(CNC(=O)CC[C@H](NC(=O)[C@]4(C)CCCN4C2=O)C(N)=O)cc3)NC(C)=O)cc1,50.0,50.0,50.0
C[C@@]12CCCN1C(=O)[C@H](Cc1ccc(O)cc1)NC(=O)[C@H](Cc1cnc[nH]1)NC(=O)[C@H](CC(O)=O)NC(=O)[C@H](Cc1c[nH]c3ccc(O)cc13)NC(=O)[C@H](Cc1c[nH]c3ccc(F)cc13)NC(=O)CNC(=O)[C@H](CCCCN)NC(=O)CCSCc1cccc(CSC[C@H](NC2=O)C(N)=O)c1,50.0,50.0,50.0
COc1ccc(C[C@@H]2NC(=O)[C@H](Cc3cnc[nH]3)NC(=O)[C@H](CC(O)=O)NC(=O)[C@H](Cc3c[nH]c4ccc(F)cc34)NC(=O)[C@H](Cc3c[nH]c4ccc(F)cc34)NC(=O)[C@@H](C)NC(=O)CCCC(=O)NCCOc3ccc(C[C@H](NC(=O)[C@]4(C)CCCN4C2=O)C(N)=O)cc3)cc1,550.0,550.0,550.0
COc1ccc(C[C@@H]2NC(=O)[C@H](Cc3cnc[nH]3)NC(=O)[C@H](CC(O)=O)NC(=O)[C@H](Cc3c[nH]c4ccc(F)cc34)NC(=O)[C@H](Cc3c[nH]c4ccc(F)cc34)NC(=O)[C@@H](C)NC(=O)Cc3cccc(CNC(=O)CC(NC(=O)[C@]4(C)CCCN4C2=O)C(O)=O)c3)cc1,50.0,50.0,50.0
COc1ccc(C[C@@H]2NC(=O)[C@H](Cc3cnc[nH]3)NC(=O)[C@H](CC(O)=O)NC(=O)[C@H](Cc3c[nH]c4ccc(F)cc34)NC(=O)[C@H](Cc3c[nH]c4ccc(F)cc34)NC(=O)[C@@H](C)NC(=O)Cc3ccc(NC(=O)CC(NC(=O)[C@]4(C)CCCN4C2=O)C(O)=O)cc3)cc1,6550.0,6550.0,6550.0
COc1ccc(C[C@@H]2NC(=O)[C@H](Cc3cnc[nH]3)NC(=O)[C@H](CC(O)=O)NC(=O)[C@H](Cc3c[nH]c4ccc(F)cc34)NC(=O)[C@H](Cc3c[nH]c4ccc(F)cc34)NC(=O)[C@@H](C)NC(=O)Cc3ccc(CNC(=O)C[C@H](NC(=O)[C@]4(C)CCCN4C2=O)C(N)=O)cc3)cc1,550.0,550.0,550.0
COc1ccc(C[C@@H]2NC(=O)[C@H](Cc3cnc[nH]3)NC(=O)[C@H](CC(O)=O)NC(=O)[C@H](Cc3c[nH]c4ccc(F)cc34)NC(=O)[C@H](Cc3c[nH]c4ccc(F)cc34)NC(=O)[C@H](C)NC(=O)CCC3CCN(CC3)C(=O)[C@H](CC(N)=O)NC(=O)[C@]3(C)CCCN3C2=O)cc1,550.0,550.0,550.0
COc1ccc(C[C@@H]2NC(=O)[C@H](Cc3cnc[nH]3)NC(=O)[C@H](CC(O)=O)NC(=O)[C@H](Cc3c[nH]c4ccc(F)cc34)NC(=O)[C@H](Cc3c[nH]c4ccc(F)cc34)NC(=O)[C@@H](C)NC(=O)[C@H](CCCCN)NC(=O)CCSCc3ccc4ccc(CSCCNC(=O)[C@]5(C)CCCN5C2=O)cc4c3)cc1,50.0,50.0,50.0
C[C@H]1NC(=O)[C@H](CCCCN)NC(=O)CCSCc2cccc(CSCCNC(=O)[C@]3(C)CCCN3C(=O)[C@@H](NC(=O)[C@H](Cc3cnc[nH]3)NC(=O)[C@H](CC(O)=O)NC(=O)[C@H](Cc3c[nH]c4ccc(F)cc34)NC(=O)[C@H](Cc3c[nH]c4ccc(F)cc34)NC1=O)C(c1ccccc1)c1ccccc1)c2,50.0,50.0,50.0
COc1ccc(C[C@@H]2NC(=O)[C@H](Cc3ncc[nH]3)NC(=O)[C@H](CC(O)=O)NC(=O)[C@H](Cc3c[nH]c4ccc(F)cc34)NC(=O)[C@H](Cc3c[nH]c4ccc(F)cc34)NC(=O)[C@@H](C)NC(=O)[C@H](C)NC(=O)CCSCc3cccc(CSCCNC(=O)[C@]4(C)CCCN4C2=O)c3)cc1,>500,500.0,1000.0
COc1ccc(C[C@@H]2NC(=O)[C@H](CCCC(O)=O)NC(=O)[C@H]3C[C@@H](N)CN3C(=O)[C@H](Cc3c[nH]c4ccc(F)cc34)NC(=O)[C@H](Cc3c[nH]c4ccc(F)cc34)NC(=O)[C@@H](C)NC(=O)[C@H](CCCCN=[N+]=[N-])NC(=O)CCSCc3cccc(CCSCNC(=O)[C@]4(C)CCCN4C2=O)c3)cc1,35500.0,35500.0,35500.0
COc1ccc(C[C@@H]2NC(=O)[C@H](Cc3cnc[nH]3)NC(=O)[C@H](CC(O)=O)NC(=O)[C@H](Cc3c[nH]c4ccc(F)cc34)NC(=O)[C@H](Cc3c[nH]c4ccc(F)cc34)NC(=O)[C@@H](C)NC(=O)[C@H](CCCCN)NC(=O)[C@H](CCNC(=O)COc3ccc(C[C@H](NC(=O)[C@]4(C)CCCN4C2=O)C(N)=O)cc3)NC(C)=O)cc1,50.0,50.0,50.0
COc1ccc(C[C@@H]2NC(=O)[C@H](Cc3cnc[nH]3)NC(=O)[C@H](CC(O)=O)NC(=O)[C@H](Cc3c[nH]c4ccc(F)cc34)NC(=O)[C@H](Cc3c[nH]c4ccc(F)cc34)NC(=O)[C@@H](C)NC(=O)CCCCSc3c(F)c(F)c(SCCNC(=O)[C@]4(C)CCCN4C2=O)c(F)c3F)cc1,50.0,50.0,50.0
COc1ccc(C[C@@H]2NC(=O)[C@@H]3CC\C=C\CC[C@H](NC(=O)[C@H](Cc4c[nH]c5ccc(F)cc45)NC(=O)[C@H](Cc4c[nH]c5ccc(F)cc45)NC(=O)[C@@H](C)NC(=O)[C@H](CCCCN)NC(=O)CCSCc4cccc(CSCCNC(=O)[C@]5(C)CCCN5C2=O)c4)C(=O)N3)cc1,6550.0,6550.0,6550.0
COc1ccc(C[C@@H]2NC(=O)[C@@H](NC(=O)[C@@H]3CCC\C=C\COc4cccc(C[C@H](NC(=O)[C@@H](C)NC(=O)[C@H](CCCCN)NC(=O)CCSCc5cccc(CSCCNC(=O)[C@]6(C)CCCN6C2=O)c5)C(=O)N[C@@H](Cc2c[nH]c5ccc(F)cc25)C(=O)N3)c4)[C@@H](C)O)cc1,6550.0,6550.0,6550.0
COc1ccc(C[C@@H]2NC(=O)[C@@H](NC(=O)[C@@H]3CCCC\C=C/CCCC[C@H](NC(=O)[C@@H](C)NC(=O)[C@H](C)NC(=O)CCSCc4cccc(CSCCNC(=O)[C@]5(C)CCCN5C2=O)c4)C(=O)N[C@@H](Cc2c[nH]c4ccc(F)cc24)C(=O)N3)[C@@H](C)O)cc1,550.0,550.0,550.0
COc1ccc(C[C@@H]2NC(=O)[C@@H](NC(=O)[C@@H]3CCCCC\C=C\CC[C@H](NC(=O)[C@@H](C)NC(=O)[C@H](C)NC(=O)CCSCc4cccc(CSCCNC(=O)[C@]5(C)CCCN5C2=O)c4)C(=O)N[C@@H](Cc2c[nH]c4ccc(F)cc24)C(=O)N3)[C@@H](C)O)cc1,550.0,550.0,550.0
COc1ccc(C[C@@H]2NC(=O)[C@@H](NC(=O)[C@@H]3CSCc4cccc(CSC[C@H](NC(=O)[C@@H](C)NC(=O)[C@H](C)NC(=O)CCCCc5cccc(CCCCNC(=O)[C@@H]6CCCN6C2=O)c5)C(=O)N[C@@H](Cc2c[nH]c5ccc(F)cc25)C(=O)N3)c4)[C@@H](C)O)cc1,550.0,550.0,550.0
C[C@@H]1NC(=O)CCSCc2cccc(CSCCNC(=O)[C@]3(C)CCCN3C(=O)[C@H](Cc3ccc(O)cc3)NC(=O)[C@H](C)NC(=O)[C@@H]3C\C=C/COc4cccc(C[C@@H](NC(=O)[C@@H](C)NC1=O)C(=O)N[C@@H](Cc1c[nH]c5ccc(F)cc15)C(=O)N3)c4)c2,6550.0,6550.0,6550.0
COc1ccc(C[C@@H]2NC(=O)[C@@H]3CCC\C=C/CO[C@H]4C[C@H](N(C4)C(=O)[C@H](Cc4c[nH]c5ccc(F)cc45)NC(=O)[C@H](Cc4c[nH]c5ccc(F)cc45)NC(=O)[C@@H](C)NC(=O)[C@H](CCCCN)NC(=O)CCSCc4cccc(CSC[C@H](NC(=O)[C@]5(C)CCCN5C2=O)C(N)=O)c4)C(=O)N3)cc1,6550.0,6550.0,6550.0
CO[C@H](C)[C@@H]1NC(=O)[C@@H]2CC\C=C/COc3cccc(C[C@H](NC(=O)[C@@H](C)NC(=O)[C@H](C)NC(=O)CCSCc4cccc(CSCCNC(=O)[C@]5(C)CCCN5C(=O)[C@H](Cc5ccc(OC)cc5)NC1=O)c4)C(=O)N[C@@H](Cc1c[nH]c4ccc(F)cc14)C(=O)N2C)c3,50.0,50.0,50.0
CO[C@H](C)[C@@H]1NC(=O)[C@@H]2CC\C=C\COc3cccc(C[C@H](NC(=O)[C@@H](C)NC(=O)[C@H](C)NC(=O)CCSCc4cccc(CSCCNC(=O)[C@]5(C)CCCN5C(=O)[C@H](Cc5ccc(OC)cc5)NC1=O)c4)C(=O)N[C@@H](Cc1c[nH]c4ccc(F)cc14)C(=O)N2C)c3,50.0,50.0,50.0
CO[C@H](C)[C@@H]1NC(=O)[C@@H]2CC\C=C\COc3cccc(C[C@H](NC(=O)[C@@H](C)NC(=O)[C@H](C)NC(=O)CCSCc4cc(F)cc(CSCCNC(=O)[C@]5(C)CCCN5C(=O)[C@H](Cc5ccc(OC)cc5)NC1=O)c4)C(=O)N[C@@H](Cc1c[nH]c4ccc(F)cc14)C(=O)N2C)c3,550.0,550.0,550.0
CO[C@H](C)[C@@H]1NC(=O)[C@@H]2CC\C=C/COc3cccc(C[C@H](NC(=O)[C@@H](C)NC(=O)[C@H](C)NC(=O)CCSCc4cc(F)cc(CSCCNC(=O)[C@]5(C)CCCN5C(=O)[C@H](Cc5ccc(OC)cc5)NC1=O)c4)C(=O)N[C@@H](Cc1c[nH]c4ccc(F)cc14)C(=O)N2C)c3,550.0,550.0,550.0
COc1ccc(C[C@@H]2NC(=O)[C@@H]3CCCCCCO[C@H]4C[C@H](N(C4)C(=O)[C@H](Cc4c[nH]c5ccc(F)cc45)NC(=O)[C@H](Cc4c[nH]c5ccc(F)cc45)NC(=O)[C@@H](C)NC(=O)[C@H](CCCCN)NC(=O)CCSCc4cccc(CSC[C@H](NC(=O)[C@]5(C)CCCN5C2=O)C(N)=O)c4)C(=O)N3)cc1,550.0,550.0,550.0
CO[C@H](C)[C@@H]1NC(=O)[C@@H]2CC\C=C\COc3cccc(C[C@H](NC(=O)[C@@H](C)NC(=O)[C@H](C)NC(=O)CCS(=O)Cc4cc(F)cc(CSCCNC(=O)[C@]5(C)CCCN5C(=O)[C@H](Cc5ccc(OC)cc5)NC1=O)c4)C(=O)N[C@@H](Cc1c[nH]c4ccc(F)cc14)C(=O)N2C)c3,50.0,50.0,50.0
COc1ccc(C[C@@H]2NC(=O)[C@@H]3CCCC\C=C\CO[C@H]4C[C@H](N(C4)C(=O)[C@H](Cc4c[nH]c5ccc(F)cc45)NC(=O)[C@H](Cc4c[nH]c5ccc(F)cc45)NC(=O)[C@@H](C)NC(=O)[C@H](CCCCN)NC(=O)CCSCc4cccc(CSC[C@H](NC(=O)[C@]5(C)CCCN5C2=O)C(N)=O)c4)C(=O)N3)cc1,550.0,550.0,550.0
COc1ccc(C[C@@H]2NC(=O)[C@@H]3CC\C=C/CO[C@H]4C[C@H](N(C4)C(=O)[C@H](Cc4c[nH]c5ccc(F)cc45)NC(=O)[C@H](Cc4c[nH]c5ccc(F)cc45)NC(=O)[C@@H](C)NC(=O)[C@H](CCCCN)NC(=O)CCSCc4cccc(CSC[C@H](NC(=O)[C@]5(C)CCCN5C2=O)C(N)=O)c4)C(=O)N3)cc1,550.0,550.0,550.0
CO[C@H](C)[C@@H]1NC(=O)[C@@H]2CC\C=C/Cc3cccc(C[C@H](NC(=O)[C@@H](C)NC(=O)[C@H](C)NC(=O)CCSCc4cccc(CSCCNC(=O)[C@]5(C)CCCN5C(=O)[C@H](Cc5ccc(OC)cc5)NC1=O)c4)C(=O)N[C@@H](Cc1c[nH]c4ccc(F)cc14)C(=O)N2C)c3,550.0,550.0,550.0
COc1ccc(C[C@@H]2NC(=O)[C@@H]3CCCCCCCO[C@H]4C[C@H](N(C4)C(=O)[C@H](Cc4c[nH]c5ccc(F)cc45)NC(=O)[C@H](Cc4c[nH]c5ccc(F)cc45)NC(=O)[C@@H](C)NC(=O)[C@H](CCCCN)NC(=O)CCSCc4cccc(CSC[C@H](NC(=O)[C@]5(C)CCCN5C2=O)C(N)=O)c4)C(=O)N3)cc1,550.0,550.0,550.0
COc1ccc(C[C@@H]2NC(=O)[C@@H]3CCC\C=C/CO[C@H]4C[C@H](N(C4)C(=O)[C@H](Cc4c[nH]c5ccc(F)cc45)NC(=O)[C@H](Cc4c[nH]c5ccc(F)cc45)NC(=O)[C@@H](C)NC(=O)CCCCCC(=O)NCc4ccc(C[C@H](NC(=O)[C@]5(C)CCCN5C2=O)C(N)=O)cc4)C(=O)N3)cc1,50.0,50.0,50.0
CO[C@H](C)[C@@H]1NC(=O)[C@@H]2CCC\C=C\c3cccc(C[C@H](NC(=O)[C@@H](C)NC(=O)[C@H](C)NC(=O)CCSCc4cccc(CSCCNC(=O)[C@]5(C)CCCN5C(=O)[C@H](Cc5ccc(OC)cc5)NC1=O)c4)C(=O)N[C@@H](Cc1c[nH]c4ccc(F)cc14)C(=O)N2C)c3,50.0,50.0,50.0
COc1ccc(C[C@@H]2NC(=O)[C@@H]3CC\C=C/CO[C@H]4C[C@H](N(C4)C(=O)[C@H](Cc4c[nH]c5ccc(F)cc45)NC(=O)[C@H](Cc4c[nH]c5ccc(F)cc45)NC(=O)[C@@H](C)NC(=O)[C@H](C)NC(=O)[C@H](CC(=O)NCc4ccc(C[C@H](NC(=O)[C@]5(C)CCCN5C2=O)C(O)=O)cc4)NC(C)=O)C(=O)N3)cc1,550.0,550.0,550.0
COc1ccc(C[C@@H]2NC(=O)[C@H](C)NC(=O)[C@@H]3CCCCNc4cc(C[C@H](NC(=O)[C@@H](C)NC(=O)[C@H](C)NC(=O)CCSCc5cccc(CSC[C@H](NC(=O)[C@]6(C)CCCN6C2=O)C(N)=O)c5)C(=O)N[C@@H](Cc2c[nH]c5ccc(F)cc25)C(=O)N3)ccn4)cc1,50.0,50.0,50.0
COc1ccc(C[C@@H]2NC(=O)[C@@H](NC(=O)[C@@H]3[C@@H]4CCN3C(=O)[C@H](Cc3c[nH]c5ccc(F)cc35)NC(=O)[C@H](Cc3cccc(OC\C=C\CO4)c3)NC(=O)[C@@H](C)NC(=O)[C@H](C)NC(=O)CCSCc3cccc(CSCCNC(=O)[C@]4(C)CCCN4C2=O)c3)[C@@H](C)O)cc1,50.0,50.0,50.0
COc1ccc(C[C@@H]2NC(=O)[C@@H]3CCCC(=O)N[C@H]4C[C@H](N(C4)C(=O)[C@H](Cc4c[nH]c5ccc(F)cc45)NC(=O)[C@H](Cc4c[nH]c5ccc(F)cc45)NC(=O)[C@@H](C)NC(=O)[C@H](C)NCCSCc4ccc(CSCCNC(=O)[C@]5(C)CCCN5C2=O)cc4)C(=O)N3)cc1,6550.0,6550.0,6550.0
COc1ccc(C[C@@H]2NC(=O)[C@@H]3CCCCC(=O)N[C@H]4C[C@H](N(C4)C(=O)[C@H](Cc4c[nH]c5ccc(F)cc45)NC(=O)[C@H](Cc4c[nH]c5ccc(F)cc45)NC(=O)[C@@H](C)NC(=O)[C@H](CCCN=[N+]=[N-])NC(=O)CCSCc4cccc(CCSCNC(=O)[C@]5(C)CCCN5C2=O)c4)C(=O)N3)cc1,50.0,50.0,50.0
COc1ccc(C[C@@H]2NC(=O)[C@@H]3CCCCC(=O)N[C@H]4C[C@H](N(C4)C(=O)[C@H](Cc4c[nH]c5ccc(F)cc45)NC(=O)[C@H](Cc4c[nH]c5ccc(F)cc45)NC(=O)[C@@H](C)NC(=O)[C@H](CCCN)NC(=O)CCSCc4cccc(CCSCNC(=O)[C@]5(C)CCCN5C2=O)c4)C(=O)N3)cc1,50.0,50.0,50.0
COc1ccc(C[C@@H]2NC(=O)[C@H](Cc3cnc[nH]3)NC(=O)[C@H](CC(O)=O)NC(=O)[C@H](Cc3c[nH]c4ccc(F)cc34)NC(=O)[C@H](Cc3c[nH]c4ccc(F)cc34)NC(=O)[C@@H](C)NC(=O)[C@@H](CCCCNC(=O)Cc3ccc(CNC(=O)CCC[C@H](NC(=O)[C@]4(C)CCCN4C2=O)C(N)=O)cc3)NC(C)=O)cc1,50.0,50.0,50.0
COc1ccc(C[C@@H]2NC(=O)[C@@H](NC(=O)[C@@H]3C[C@H](F)CN3C(=O)[C@H](Cc3c[nH]c4ccc(F)cc34)NC(=O)[C@H](Cc3c[nH]c4ccc(F)cc34)NC(=O)[C@@H](C)NC(=O)[C@H](CCCCN)NC(=O)[C@H](CCNC(=O)COc3ccc(C[C@H](NC(=O)[C@]4(C)CCCN4C2=O)C(N)=O)cc3)NC(C)=O)[C@@H](C)O)cc1,35500.0,35500.0,35500.0
COc1ccc(C[C@@H]2NC(=O)[C@@H](NC(=O)[C@@H]3C[C@H](F)CN3C(=O)[C@H](Cc3c[nH]c4ccc(F)cc34)NC(=O)[C@H](Cc3c[nH]c4ccc(F)cc34)NC(=O)[C@@H](C)NC(=O)CCCCNC(=O)c3ccc(C[C@H](NC(=O)[C@]4(C)CCCN4C2=O)C(N)=O)cc3)[C@@H](C)O)cc1,550.0,550.0,550.0
COc1ccc(C[C@@H]2NC(=O)[C@@H](NC(=O)[C@@H]3C[C@H](F)CN3C(=O)[C@H](Cc3c[nH]c4ccc(F)cc34)NC(=O)[C@H](Cc3c[nH]c4ccc(F)cc34)NC(=O)[C@@H](C)NC(=O)[C@H](CCCCN)NC(=O)[C@H](CC(=O)NCc3cccc(C[C@H](NC(=O)[C@]4(C)CCCN4C2=O)C(N)=O)c3)NC(C)=O)[C@@H](C)O)cc1,35500.0,35500.0,35500.0
COc1ccc(C[C@@H]2NC(=O)[C@@H](NC(=O)[C@H](CCCC#C)NC(=O)[C@H](Cc3c[nH]c4ccc(F)cc34)NC(=O)[C@H](CCCN=[N+]=[N-])NC(=O)[C@@H](C)NC(=O)[C@H](C)NC(=O)CCSCc3cccc(CSCCNC(=O)[C@]4(C)CCCN4C2=O)c3)[C@@H](C)O)cc1,550.0,550.0,550.0
COc1ccc(C[C@@H]2NC(=O)[C@@H](NC(=O)[C@@H]3C[C@H](F)CN3C(=O)[C@H](Cc3c[nH]c4ccc(F)cc34)NC(=O)[C@H](Cc3c[nH]c4ccc(F)cc34)NC(=O)[C@@H](C)NC(=O)[C@H](CCCCN)NC(=O)[C@H](CC(=O)NCc3ccccc3C[C@H](NC(=O)[C@]3(C)CCCN3C2=O)C(N)=O)NC(C)=O)[C@@H](C)O)cc1,6550.0,6550.0,6550.0
COc1ccc(C[C@@H]2NC(=O)[C@H](NC(=O)[C@@H]3C[C@H](F)CN3C(=O)[C@H](Cc3c[nH]c4ccc(F)cc34)NC(=O)[C@H](Cc3c[nH]c4ccc(F)cc34)NC(=O)[C@@H](C)NC(=O)Cc3ccc(CNC(=O)c4ccc(C[C@H](NC(=O)[C@]5(C)CCCN5C2=O)C(N)=O)cc4)cc3)[C@H](C)O)cc1,6550.0,6550.0,6550.0
COc1ccc(C[C@@H]2NC(=O)[C@@H](NC(=O)[C@@H]3C[C@H](F)CN3C(=O)[C@H](Cc3c[nH]c4ccc(F)cc34)NC(=O)[C@H](Cc3c[nH]c4ccc(F)cc34)NC(=O)[C@@H](C)NC(=O)CCCC(=O)NCCOc3ccc(C[C@H](NC(=O)[C@]4(C)CCCN4C2=O)C(N)=O)cc3)[C@@H](C)O)cc1,550.0,550.0,550.0
COc1ccc(C[C@@H]2NC(=O)[C@H](NC(=O)[C@H]3C[C@@H](N)CN3C(=O)[C@H](Cc3c[nH]c4ccc(F)cc34)NC(=O)[C@H](Cc3c[nH]c4ccc(F)cc34)NC(=O)[C@@H](C)NC(=O)[C@H](CCCCN)NC(=O)CCSCc3cc(F)cc(CSCCNC(=O)[C@]4(C)CCCN4C2=O)c3)[C@H](C)O)cc1,550.0,550.0,550.0
COc1ccc(C[C@@H]2NC(=O)[C@H](NC(=O)[C@H]3C[C@@H](N)CN3C(=O)[C@H](Cc3c[nH]c4ccc(F)cc34)NC(=O)[C@H](Cc3c[nH]c4ccc(F)cc34)NC(=O)[C@@H](C)NC(=O)[C@H](CCCCN)NC(=O)CCSCc3cccc(CSCCNC(=O)[C@]4(C)CCCN4C2=O)c3)[C@H](C)O)cc1,550.0,550.0,550.0
COc1ccc(C[C@@H]2NC(=O)[C@H](NC(=O)[C@@H]3C[C@@H](O)CN3C(=O)[C@H](Cc3c[nH]c4ccc(F)cc34)NC(=O)[C@H](Cc3c[nH]c4ccc(F)cc34)NC(=O)[C@@H](C)NC(=O)[C@H](CCCCN)NC(=O)CCSCc3cccc(CSCCNC(=O)[C@]4(C)CCCN4C2=O)c3)[C@H](C)O)cc1,550.0,550.0,550.0
COc1ccc(C[C@@H]2NC(=O)[C@H](NC(=O)[C@@H]3C[C@H](O)CN3C(=O)[C@H](Cc3c[nH]c4ccc(F)cc34)NC(=O)[C@H](Cc3c[nH]c4ccc(F)cc34)NC(=O)[C@@H](C)NC(=O)[C@H](CCCCN)NC(=O)CCSCc3cccc(CSCCNC(=O)[C@]4(C)CCCN4C2=O)c3)[C@H](C)O)cc1,35500.0,35500.0,35500.0
COc1ccc(C[C@@H]2NC(=O)[C@H](NC(=O)[C@@H]3C[C@H](O)CN3C(=O)[C@H](Cc3c[nH]c4ccc(F)cc34)NC(=O)[C@H](Cc3c[nH]c4ccc(F)cc34)NC(=O)[C@@H](C)NC(=O)[C@H](CCCCN)NC(=O)CCSCc3cc(F)cc(CSCCNC(=O)[C@]4(C)CCCN4C2=O)c3)[C@H](C)O)cc1,35500.0,35500.0,35500.0
COc1ccc(C[C@@H]2NC(=O)[C@H](NC(=O)[C@@H]3C[C@@H](O)CN3C(=O)[C@H](Cc3c[nH]c4ccc(F)cc34)NC(=O)[C@H](Cc3c[nH]c4ccc(F)cc34)NC(=O)[C@@H](C)NC(=O)[C@H](CCCCN)NC(=O)CCSCc3cc(F)cc(CSCCNC(=O)[C@]4(C)CCCN4C2=O)c3)[C@H](C)O)cc1,35500.0,35500.0,35500.0
C[C@@]12CCCN1C(=O)[C@H](Cc1ccc(O)cc1)NC(=O)c1cccc(CNC(=O)[C@H](Cc3c[nH]c4ccc(F)cc34)NC(=O)[C@H](Cc3c[nH]c4ccc(F)cc34)NC(=O)CNC(=O)[C@H](CCCCN)NC(=O)CCSCc3cccc(CSC[C@H](NC2=O)C(N)=O)c3)c1,550.0,550.0,550.0
C[C@H]1NC(=O)[C@H](CCCCN)NC(=O)CCSCc2cccc(CSC[C@H](NC(=O)[C@]3(C)CCCN3C(=O)[C@H](Cc3ccc(O)cc3)NC(=O)c3cccc(CNC(=O)[C@H](Cc4c[nH]c5ccc(F)cc45)NC(=O)[C@H](Cc4c[nH]c5ccc(F)cc45)NC1=O)c3)C(N)=O)c2,50.0,50.0,50.0
COc1ccc(C[C@@H]2NC(=O)[C@@H](NC(=O)[C@@H]3CCCN3C(=O)[C@H](Cc3c[nH]c4ccc(F)cc34)NC(=O)[C@H](Cc3c[nH]c4ccc(F)cc34)NC(=O)[C@@H](C)NC(=O)[C@H](CCCCN)NC(=O)CCSCc3cncc(CSC[C@H](NC(=O)[C@]4(C)CCCN4C2=O)C(N)=O)n3)[C@@H](C)O)cc1,6550.0,6550.0,6550.0
COc1ccc(C[C@@H]2NC(=O)[C@@H](NC(=O)[C@@H]3C[C@H](F)CN3C(=O)[C@H](Cc3c[nH]c4ccc(F)cc34)NC(=O)[C@H](Cc3c[nH]c4ccc(F)cc34)NC(=O)[C@@H](C)NC(=O)[C@H](CCCCN)NC(=O)[C@H](CCCNC(=O)COc3ccc(C[C@H](NC(=O)[C@]4(C)CCCN4C2=O)C(N)=O)cc3)NC(C)=O)[C@@H](C)O)cc1,50.0,50.0,50.0
COc1ccc(C[C@@H]2NC(=O)[C@@H](NC(=O)[C@@H]3C[C@H](F)CN3C(=O)[C@H](Cc3c[nH]c4ccc(F)cc34)NC(=O)[C@H](Cc3c[nH]c4ccc(F)cc34)NC(=O)[C@@H](C)NC(=O)[C@H](CCCCN)NC(=O)CCCNC(=O)COc3ccc(C[C@H](NC(=O)[C@]4(C)CCCN4C2=O)C(N)=O)cc3)[C@@H](C)O)cc1,50.0,50.0,50.0
COc1ccc(C[C@@H]2NC(=O)[C@@H](NC(=O)[C@@H]3CC[C@H](F)N3C(=O)[C@H](Cc3c[nH]c4ccc(F)cc34)NC(=O)[C@H](Cc3c[nH]c4ccc(F)cc34)NC(=O)[C@@H](C)NC(=O)c3ccc(cc3)-c3ccc(CNCc4ccc(C[C@H](NC(=O)[C@]5(C)CCCN5C2=O)C(N)=O)cc4)cc3)[C@@H](C)O)cc1,6550.0,6550.0,6550.0
COc1ccc(C[C@@H]2NC(=O)[C@@H](NC(=O)[C@@H]3C[C@H](F)CN3C(=O)[C@H](Cc3c[nH]c4ccc(F)cc34)NC(=O)[C@H](Cc3c[nH]c4ccc(F)cc34)NC(=O)[C@@H](C)NC(=O)[C@H](CCCCN)NC(=O)[C@H](CNC(=O)COc3ccc(C[C@H](NC(=O)[C@]4(C)CCCN4C2=O)C(N)=O)cc3)NC(C)=O)[C@@H](C)O)cc1,35500.0,35500.0,35500.0
COc1ccc(C[C@@H]2NC(=O)[C@@H](NC(=O)[C@@H]3C[C@H](F)CN3C(=O)[C@H](Cc3c[nH]c4ccc(F)cc34)NC(=O)[C@H](Cc3c[nH]c4ccc(F)cc34)NC(=O)[C@@H](C)NC(=O)[C@H](CCCCN)NC(=O)[C@H](CC(=O)NCc3ccc(CCNC(=O)[C@]4(C)CCCN4C2=O)cc3)NC(C)=O)[C@@H](C)O)cc1,550.0,550.0,550.0
COc1ccc(C[C@@H]2NC(=O)[C@@H](NC(=O)[C@@H]3C[C@H](F)CN3C(=O)[C@H](Cc3c[nH]c4ccc(F)cc34)NC(=O)[C@H](Cc3c[nH]c4ccc(F)cc34)NC(=O)[C@@H](C)NC(=O)[C@H](CCCCN)NC(=O)[C@H](CCCC(=O)NCc3ccc(CCNC(=O)[C@]4(C)CCCN4C2=O)cc3)NC(C)=O)[C@@H](C)O)cc1,550.0,550.0,550.0
COc1ccc(C[C@@H]2NC(=O)[C@@H](NC(=O)[C@@H]3C[C@H](F)CN3C(=O)[C@H](Cc3c[nH]c4ccc(F)cc34)NC(=O)[C@H](Cc3c[nH]c4ccc(F)cc34)NC(=O)[C@@H](C)NC(=O)[C@H](CCCCN)NC(=O)CCC(=O)NCc3ccc(C[C@H](NC(=O)[C@]4(C)CCCN4C2=O)C(N)=O)cc3)[C@@H](C)O)cc1,50.0,50.0,50.0
COc1ccc(C[C@@H]2NC(=O)[C@@H](NC(=O)[C@@H]3C[C@H](F)CN3C(=O)[C@H](Cc3c[nH]c4ccc(F)cc34)NC(=O)[C@H](Cc3c[nH]c4ccc(F)cc34)NC(=O)[C@@H](C)NC(=O)[C@H](CCCCN)NC(=O)CCC(=O)NCCOc3ccc(C[C@H](NC(=O)[C@]4(C)CCCN4C2=O)C(N)=O)cc3)[C@@H](C)O)cc1,35500.0,35500.0,35500.0
COc1ccc(C[C@@H]2NC(=O)[C@@H](NC(=O)[C@@H]3C[C@H](F)CN3C(=O)[C@H](Cc3c[nH]c4ccc(F)cc34)NC(=O)[C@H](Cc3c[nH]c4ccc(F)cc34)NC(=O)[C@@H](C)NC(=O)CCCCC(=O)NCCOc3ccc(C[C@H](NC(=O)[C@]4(C)CCCN4C2=O)C(N)=O)cc3)[C@H](C)O)cc1,35500.0,35500.0,35500.0
CCCCCCCCCCCCCCCC(=O)N[C@@H](CCC(=O)NCCOCCOC(=O)NCCCC[C@@H]1NC(=O)[C@H](CC(O)=O)NC(=O)[C@H](Cc2c[nH]c3ccc(F)cc23)NC(=O)[C@H](Cc2c[nH]c3ccc(F)cc23)NC(=O)[C@@H](C)NC(=O)[C@H](CCCCN)NC(=O)CCSCc2cccc(CSC[C@H](NC(=O)[C@]3(C)CCCN3C(=O)[C@H](Cc3ccc(O)cc3)NC1=O)C(N)=O)c2)C(O)=O,50.0,50.0,50.0
CCCCCCCCCCCCCCCC(=O)N[C@@H](CCC(=O)NCCOCCOCC(=O)NCCOCCOCC(=O)NCCCC[C@@H]1NC(=O)[C@H](Cc2c[nH]c3ccc(F)cc23)NC(=O)[C@H](Cc2c[nH]c3ccc(F)cc23)CC(=O)[C@@H](C)NC(=O)[C@H](CCCCN)NC(=O)CCSCc2cccc(CSC[C@H](NC(=O)[C@]3(C)CCCN3C(=O)[C@H](Cc3ccc(O)cc3)NC(=O)[C@@H](NC1=O)[C@@H](C)O)C(N)=O)c2)C(O)=O,50.0,50.0,50.0
COc1ccc(C[C@@H]2NC(=O)[C@@H](NC(=O)[C@@H]3C[C@H](F)CN3C(=O)[C@H](Cc3c[nH]c4ccc(F)cc34)NC(=O)[C@H](Cc3c[nH]c4ccc(F)cc34)NC(=O)[C@@H](C)NC(=O)CNC(=O)[C@H](CCNCc3ccc(C[C@H](NC(=O)[C@]4(C)CCCN4C2=O)C(N)=O)cc3)NC(C)=O)[C@@H](C)O)cc1,50.0,50.0,50.0
COc1ccc(C[C@@H]2NC(=O)[C@@H](NC(=O)[C@H]3CCCN3C(=O)[C@H](Cc3c[nH]c4ccc(F)cc34)NC(=O)[C@H](Cc3c[nH]c4ccc(F)cc34)NC(=O)[C@@H](C)NC(=O)[C@H](CCCCN)NC(=O)CCSCc3cccc(CSCCNC(=O)[C@]4(C)CCCN4C2=O)c3)[C@H](C)O)cc1,50.0,50.0,50.0
C[C@@]12CCCN1C(=O)[C@H](Cc1ccc(O)cc1)NC(=O)CN1CCCC[C@H](NC(=O)[C@H](Cc3c[nH]c4ccc(F)cc34)NC(=O)[C@H](Cc3c[nH]c4ccc(F)cc34)NC(=O)CNC(=O)[C@H](CCCCN)NC(=O)CCSCc3cccc(CSC[C@H](NC2=O)C(N)=O)c3)C1=O,35500.0,35500.0,35500.0
COc1ccc(C[C@@H]2NC(=O)[C@@H](NC(=O)[C@@H]3C[C@H](F)CN3C(=O)[C@H](Cc3c[nH]c4ccc(F)cc34)NC(=O)[C@H](Cc3c[nH]c4ccc(F)cc34)NC(=O)[C@@H](C)NC(=O)[C@H](CCCCN)NC(=O)[C@H](CC(=O)NCCOc3ccc(C[C@H](NC(=O)[C@]4(C)CCCN4C2=O)C(N)=O)cc3)NC(=O)Cc2c[nH]cn2)[C@@H](C)O)cc1,6550.0,6550.0,6550.0
COc1ccc(C[C@@H]2NC(=O)[C@@H](NC(=O)[C@@H]3C[C@H](F)CN3C(=O)[C@H](Cc3c[nH]c4ccc(F)cc34)NC(=O)[C@H](Cc3c[nH]c4ccc(F)cc34)NC(=O)[C@@H](C)NC(=O)[C@H](CCCCN)NC(=O)[C@H](CC(=O)NCCOc3ccc(C[C@H](NC(=O)[C@]4(C)CCCN4C2=O)C(N)=O)cc3)NC(=O)Cc2cnc[nH]2)[C@@H](C)O)cc1,6550.0,6550.0,6550.0
COc1ccc(C[C@@H]2NC(=O)[C@@H](NC(=O)[C@@H]3C[C@H](F)CN3C(=O)[C@H](Cc3c[nH]c4ccc(F)cc34)NC(=O)[C@H](Cc3c[nH]c4ccc(F)cc34)NC(=O)[C@@H](C)NC(=O)[C@H](CCCCN)NC(=O)[C@H](CC(=O)NCCOc3ccc(C[C@H](NC(=O)[C@]4(C)CCCN4C2=O)C(N)=O)cc3)NC(=O)CC(C)C)[C@@H](C)O)cc1,550.0,550.0,550.0
COc1ccc(C[C@@H]2NC(=O)[C@@H](NC(=O)[C@@H]3C[C@H](F)CN3C(=O)[C@H](Cc3c[nH]c4ccc(F)cc34)NC(=O)[C@H](Cc3c[nH]c4ccc(F)cc34)NC(=O)[C@@H](C)NC(=O)[C@H](CCCCN)NC(=O)[C@H](CC(=O)NCCOc3ccc(C[C@H](NC(=O)[C@]4(C)CCCN4C2=O)C(N)=O)cc3)NC(=O)CC2CC2)[C@@H](C)O)cc1,50.0,50.0,50.0
C[C@@]12CCCN1C(=O)[C@H](Cc1ccc(O)cc1)NC(=O)CN1c3ccccc3CC[C@@H](NC(=O)[C@H](Cc3c[nH]c4ccc(F)cc34)NC(=O)[C@H](Cc3c[nH]c4ccc(F)cc34)NC(=O)CNC(=O)[C@H](CCCCN)NC(=O)CCSCc3cccc(CSC[C@H](NC2=O)C(N)=O)c3)C1=O,50.0,50.0,50.0
C[C@@]12CCCN1C(=O)[C@H](Cc1ccc(O)cc1)NC(=O)CN1c3ccccc3CC[C@H](NC(=O)[C@H](Cc3c[nH]c4ccc(F)cc34)NC(=O)[C@H](Cc3c[nH]c4ccc(F)cc34)NC(=O)CNC(=O)[C@H](CCCCN)NC(=O)CCSCc3cccc(CSC[C@H](NC2=O)C(N)=O)c3)C1=O,35500.0,35500.0,35500.0
COc1ccc(C[C@@H]2NC(=O)[C@@H](NC(=O)[C@@H]3C[C@H](F)CN3C(=O)[C@H](Cc3c[nH]c4ccc(F)cc34)NC(=O)[C@H](Cc3c[nH]c4ccc(F)cc34)NC(=O)[C@@H](C)NC(=O)[C@H](CCCCN)NC(=O)CCC(=O)NCc3ccc(CCNC(=O)[C@]4(C)CCCN4C2=O)cc3)[C@H](C)O)cc1,50.0,50.0,50.0
COc1ccc(C[C@@H]2NC(=O)[C@@H](NC(=O)[C@@H]3C[C@H](F)CN3C(=O)[C@H](Cc3c[nH]c4ccc(F)cc34)NC(=O)[C@H](Cc3c[nH]c4ccc(F)cc34)NC(=O)[C@@H](C)NC(=O)[C@H](CCCCN)NC(=O)[C@H](CC(=O)NCCOc3ccc(C[C@H](NC(=O)[C@]4(C)CCCN4C2=O)C(N)=O)cc3)NC(=O)C(C)(C)F)[C@@H](C)O)cc1,50.0,50.0,50.0
COc1ccc(C[C@@H]2NC(=O)[C@@H](NC(=O)[C@@H]3C[C@H](F)CN3C(=O)[C@H](Cc3c[nH]c4ccc(F)cc34)NC(=O)[C@H](Cc3c[nH]c4ccc(F)cc34)NC(=O)[C@@H](C)NC(=O)[C@H](CCCCN)NC(=O)[C@H](CC(=O)NCCOc3ccc(C[C@H](NC(=O)[C@]4(C)CCCN4C2=O)C(N)=O)cc3)NC(=O)C(F)F)[C@@H](C)O)cc1,35500.0,35500.0,35500.0
COc1ccc(C[C@@H]2NC(=O)[C@@H](NC(=O)[C@@H]3C[C@H](F)CN3C(=O)[C@H](Cc3c[nH]c4ccc(F)cc34)NC(=O)[C@H](Cc3c[nH]c4ccc(F)cc34)NC(=O)[C@@H](C)NC(=O)[C@H](CCCCN)NC(=O)[C@H](CC(=O)NCCOc3ccc(C[C@H](NC(=O)[C@]4(C)CCCN4C2=O)C(N)=O)cc3)NC(=O)CC(F)(F)F)[C@@H](C)O)cc1,35500.0,35500.0,35500.0
COc1ccc(C[C@@H]2NC(=O)[C@@H](NC(=O)[C@@H]3C[C@H](F)CN3C(=O)[C@H](Cc3c[nH]c4ccc(F)cc34)NC(=O)[C@H](Cc3c[nH]c4ccc(F)cc34)NC(=O)[C@@H](C)NC(=O)[C@H](CCCCN)NC(=O)[C@H](CC(=O)NCCOc3ccc(C[C@H](NC(=O)[C@]4(C)CCCN4C2=O)C(N)=O)cc3)NC(=O)CO)[C@@H](C)O)cc1,550.0,550.0,550.0
COc1ccc(C[C@@H]2NC(=O)[C@@H](NC(=O)[C@@H]3C[C@H](F)CN3C(=O)[C@H](Cc3c[nH]c4ccc(F)cc34)NC(=O)[C@H](Cc3c[nH]c4ccc(F)cc34)NC(=O)[C@@H](C)NC(=O)[C@H](CCCCN)NC(=O)CCCCNC(=O)COc3ccc(C[C@H](NC(=O)[C@]4(C)CCCN4C2=O)C(N)=O)cc3)[C@@H](C)O)cc1,50.0,50.0,50.0
CCC(=O)N[C@H]1CC(=O)NCCOc2ccc(C[C@H](NC(=O)[C@]3(C)CCCN3C(=O)[C@H](Cc3ccc(OC)cc3)NC(=O)[C@@H](NC(=O)[C@@H]3C[C@H](F)CN3C(=O)[C@H](Cc3c[nH]c4ccc(F)cc34)NC(=O)[C@H](Cc3c[nH]c4ccc(F)cc34)NC(=O)[C@@H](C)NC(=O)[C@H](CCCCN)NC1=O)[C@@H](C)O)C(N)=O)cc2,35500.0,35500.0,35500.0
COc1ccc(C[C@@H]2NC(=O)[C@@H](NC(=O)[C@@H]3C[C@H](F)CN3C(=O)[C@H](Cc3c[nH]c4ccc(F)cc34)NC(=O)[C@H](Cc3c[nH]c4ccc(F)cc34)NC(=O)[C@@H](C)NC(=O)[C@H](CCCCN)NC(=O)[C@H](CC(=O)NCCOc3ccc(C[C@H](NC(=O)[C@]4(C)CCCN4C2=O)C(N)=O)cc3)NC(=O)C(C)(C)C)[C@@H](C)O)cc1,35500.0,35500.0,35500.0
C[C@@]12CCCN1C(=O)[C@H](Cc1ccc(O)cc1)NC(=O)CCc1cccc3c1oc1c(CCNC(=O)[C@H](Cc4c[nH]c5ccc(F)cc45)NC(=O)[C@H](Cc4c[nH]c5ccc(F)cc45)NC(=O)CNC(=O)[C@H](CCCCN)NC(=O)CCSCc4cccc(CSC[C@@H](NC2=O)C(N)=O)c4)cccc31,6550.0,6550.0,6550.0
C[C@@]12CCCN1C(=O)[C@H](Cc1ccc(O)cc1)NC(=O)CN1c3ccccc3C(=N[C@H](NC(=O)[C@H](Cc3c[nH]c4ccc(F)cc34)NC(=O)[C@H](Cc3c[nH]c4ccc(F)cc34)NC(=O)CNC(=O)[C@H](CCCCN)NC(=O)CCSCc3cccc(CSC[C@H](NC2=O)C(N)=O)c3)C1=O)c1ccccc1,50.0,50.0,50.0
C[C@@]12CCCN1C(=O)[C@H](Cc1ccc(O)cc1)NC(=O)CN1c3ccccc3C(=N[C@@H](NC(=O)[C@H](Cc3c[nH]c4ccc(F)cc34)NC(=O)[C@H](Cc3c[nH]c4ccc(F)cc34)NC(=O)CNC(=O)[C@H](CCCCN)NC(=O)CCSCc3cccc(CSC[C@H](NC2=O)C(N)=O)c3)C1=O)c1ccccc1,50.0,50.0,50.0
COc1ccc(C[C@@H]2NC(=O)[C@@H](NC(=O)[C@@H]3C[C@H](F)CN3C(=O)[C@H](Cc3c[nH]c4ccc(F)cc34)NC(=O)[C@H](Cc3c[nH]c4ccc(F)cc34)NC(=O)[C@@H](C)NC(=O)[C@H](CCCCN)NC(=O)[C@H](CC(=O)NCCOc3ccc(C[C@H](NC(=O)[C@]4(C)CCCN4C2=O)C(N)=O)cc3)NC(=O)C(C)C)[C@@H](C)O)cc1,50.0,50.0,50.0
COc1ccc(C[C@@H]2NC(=O)[C@@H](NC(=O)[C@@H]3C[C@H](F)CN3C(=O)[C@H](Cc3c[nH]c4ccc(F)cc34)NC(=O)[C@H](Cc3c[nH]c4ccc(F)cc34)NC(=O)[C@@H](C)NC(=O)[C@H](CCCCN)NC(=O)[C@H](CC(=O)NCCOc3ccc(C[C@H](NC(=O)[C@]4(C)CCCN4C2=O)C(N)=O)cc3)NC(=O)C(F)(F)F)[C@@H](C)O)cc1,50.0,50.0,50.0
COc1ccc(C[C@@H]2NC(=O)[C@@H](NC(=O)[C@@H]3C[C@H](F)CN3C(=O)[C@H](Cc3c[nH]c4ccc(F)cc34)NC(=O)[C@H](Cc3c[nH]c4ccc(F)cc34)NC(=O)[C@@H](C)NC(=O)CCCCCC(=O)NCc3ccc(C[C@H](NC(=O)[C@]4(C)CCCN4C2=O)C(N)=O)cc3)[C@@H](C)O)cc1,35500.0,35500.0,35500.0
C[C@@]12CCCN1C(=O)[C@H](Cc1ccc(O)cc1)NC(=O)CN1c3ccccc3OC[C@H](NC(=O)[C@H](Cc3c[nH]c4ccc(F)cc34)NC(=O)[C@H](Cc3c[nH]c4ccc(F)cc34)NC(=O)CNC(=O)[C@H](CCCCN)NC(=O)CCSCc3cccc(CSC[C@H](NC2=O)C(N)=O)c3)C1=O,50.0,50.0,50.0
CC(C)C[C@@H]1N2CC[C@@]3(CCCN3C(=O)[C@H](Cc3c[nH]c4ccc(F)cc34)NC(=O)[C@H](Cc3c[nH]c4ccc(F)cc34)NC(=O)CNC(=O)[C@H](CCCCN)NC(=O)CCSCc3cccc(CSC[C@H](NC(=O)[C@]4(C)CCCN4C(=O)[C@H](Cc4ccc(O)cc4)NC1=O)C(N)=O)c3)C2=O,550.0,550.0,550.0
C[C@@]12CCCN1C(=O)[C@H](Cc1ccc(O)cc1)NC(=O)CN1c3ccccc3C(=N[C@H](NC(=O)[C@H](Cc3c[nH]c4ccc(F)cc34)NC(=O)[C@H](Cc3c[nH]c4ccc(F)cc34)NC(=O)CNC(=O)[C@H](CCCCN)NC(=O)CCSCc3cccc(CSC[C@H](NC2=O)C(N)=O)c3)C1=O)C1CCCCC1,35500.0,35500.0,35500.0
C[C@@]12CCCN1C(=O)[C@H](Cc1ccc(O)cc1)NC(=O)CN1c3ccccc3C(=N[C@@H](NC(=O)[C@H](Cc3c[nH]c4ccc(F)cc34)NC(=O)[C@H](Cc3c[nH]c4ccc(F)cc34)NC(=O)CNC(=O)[C@H](CCCCN)NC(=O)CCSCc3cccc(CSC[C@H](NC2=O)C(N)=O)c3)C1=O)C1CCCCC1,50.0,50.0,50.0
COc1ccc(C[C@@H]2NC(=O)[C@@H](NC(=O)[C@@H]3C[C@H](F)CN3C(=O)[C@H](Cc3c[nH]c4ccc(F)cc34)NC(=O)[C@H](Cc3c[nH]c4ccc(F)cc34)NC(=O)[C@@H](C)NC(=O)[C@H](C)NC(=O)[C@H](CCNC(=O)c3cccc(c3)C(=O)NCCC[C@H](NC(=O)[C@]3(C)CCCN3C2=O)C(N)=O)NC(C)=O)[C@H](C)O)cc1,35500.0,35500.0,35500.0
CCCCCCCCCCCCCCCC(=O)N[C@@H](CCC(=O)NCCOCCOCC(=O)NCCOCCOCC(=O)NCCCC[C@H](NC(C)=O)C(=O)NCCOCCOCC(=O)N[C@@H]1CSCc2cccc(CSC[C@H](NC(=O)[C@]3(C)CCCN3C(=O)[C@H](Cc3ccc(O)cc3)NC(=O)[C@@H](NC(=O)N3C[C@@H](F)C[C@H]3C(=O)[C@H](Cc3c[nH]c4ccc(F)cc34)NC(=O)[C@H](Cc3c[nH]c4ccc(F)cc34)NC(=O)[C@@H](C)NC(=O)[C@H](C)NC1=O)[C@@H](C)O)C(N)=O)c2)C(O)=O,50.0,50.0,50.0
CCCCCCCCCCCCCCCC(=O)N[C@@H](CCC(=O)NCCOCCOCC(=O)NCCOCCOCC(=O)NCCCC[C@H](NC(C)=O)C(=O)NCCOCCOCCOCCOCCOCCOCCOCCOCCOCCOCCOCCOCCC(=O)N[C@@H]1CSCc2cccc(CSC[C@H](NC(=O)[C@]3(C)CCCN3C(=O)[C@H](Cc3ccc(O)cc3)NC(=O)[C@@H](NC(=O)N3C[C@@H](F)C[C@H]3C(=O)[C@H](Cc3c[nH]c4ccc(F)cc34)NC(=O)[C@H](Cc3c[nH]c4ccc(F)cc34)NC(=O)[C@@H](C)NC(=O)[C@H](C)NC1=O)[C@@H](C)O)C(N)=O)c2)C(O)=O,50.0,50.0,50.0
COc1ccc(C[C@@H]2NC(=O)[C@@H](NC(=O)[C@@H]3C[C@H](F)CN3C(=O)[C@H](Cc3c[nH]c4ccc(F)cc34)NC(=O)[C@H](Cc3c[nH]c4ccc(F)cc34)NC(=O)[C@@H](C)NC(=O)[C@H](CCCCN)NC(=O)[C@H](CCC\C=C/Cc3ccc(C[C@H](NC(=O)[C@]4(C)CCCN4C2=O)C(N)=O)cc3)NC(C)=O)[C@@H](C)O)cc1,35500.0,35500.0,35500.0
COc1ccc(C[C@@H]2NC(=O)[C@@H](NC(=O)[C@@H]3C[C@H](F)CN3C(=O)[C@H](Cc3c[nH]c4ccc(F)cc34)NC(=O)[C@H](Cc3c[nH]c4ccc(F)cc34)NC(=O)[C@@H](C)NC(=O)[C@H](CCCCN)NC(=O)[C@H](CC\C=C\Cc3ccc(C[C@H](NC(=O)[C@]4(C)CCCN4C2=O)C(N)=O)cc3)NC(C)=O)[C@@H](C)O)cc1,550.0,550.0,550.0
C[C@@]12CCCN1C(=O)[C@H](Cc1ccc(O)cc1)NC(=O)N[C@H]1CCCc3ccc(cc13)C(=O)[C@H](Cc1c[nH]c3ccc(F)cc13)NC(=O)[C@H](Cc1c[nH]c3ccc(F)cc13)NC(=O)CNC(=O)[C@H](CCCCN)NC(=O)CCSCc1cccc(CSC[C@H](NC2=O)C(N)=O)c1,6550.0,6550.0,6550.0
C[C@@]12CCCN1C(=O)[C@H](Cc1ccc(O)cc1)NC(=O)N[C@@H]1CCCc3ccc(cc13)C(=O)[C@H](Cc1c[nH]c3ccc(F)cc13)NC(=O)[C@H](Cc1c[nH]c3ccc(F)cc13)NC(=O)CNC(=O)[C@H](CCCCN)NC(=O)CCSCc1cccc(CSC[C@H](NC2=O)C(N)=O)c1,50.0,50.0,50.0
COc1ccc(C[C@@H]2NC(=O)[C@@H](NC(=O)[C@@H]3C[C@H](F)CN3C(=O)[C@H](Cc3c[nH]c4ccc(F)cc34)NC(=O)[C@H](Cc3c[nH]c4ccc(F)cc34)NC(=O)[C@@H](C)NC(=O)[C@H](CCCCN)NC(=O)[C@H](CCCCCc3ccc(C[C@H](NC(=O)[C@]4(C)CCCN4C2=O)C(N)=O)cc3)NC(C)=O)[C@@H](C)O)cc1,550.0,550.0,550.0
COc1ccc(C[C@@H]2NC(=O)[C@H](Cc3cnc[nH]3)NC(=O)[C@H](CC(O)=O)NC(=O)[C@H](Cc3c[nH]c4ccc(F)cc34)NC(=O)[C@H](Cc3c[nH]c4ccc(F)cc34)NC(=O)[C@@H](C)NC(=O)CCCCC(=O)NCCOc3ccc(C[C@H](NC(=O)[C@]4(C)CCCN4C2=O)C(N)=O)cc3)cc1,6550.0,6550.0,6550.0
COc1ccc(C[C@@H]2NC(=O)[C@H](Cc3cnc[nH]3)NC(=O)[C@H](CC(O)=O)NC(=O)[C@H](Cc3c[nH]c4ccc(F)cc34)NC(=O)[C@H](Cc3c[nH]c4ccc(F)cc34)NC(=O)[C@@H](C)NC(=O)[C@H](CCCCN)NC(=O)[C@H](CC(=O)NCc3ccc(CCNC(=O)[C@]4(C)CCCN4C2=O)cc3)NC(C)=O)cc1,6550.0,6550.0,6550.0
COc1ccc(C[C@@H]2NC(=O)[C@H](Cc3cnc[nH]3)NC(=O)[C@H](CC(O)=O)NC(=O)[C@H](Cc3c[nH]c4ccc(F)cc34)NC(=O)[C@H](Cc3c[nH]c4ccc(F)cc34)NC(=O)[C@@H](C)NC(=O)CCCCC(=O)NCc3ccc(CC(=O)NC[C@H](NC(=O)[C@]4(C)CCCN4C2=O)C(N)=O)cc3)cc1,6550.0,6550.0,6550.0
COc1ccc(C[C@@H]2NC(=O)[C@H](Cc3cnc[nH]3)NC(=O)[C@H](CC(O)=O)NC(=O)[C@H](Cc3c[nH]c4ccc(F)cc34)NC(=O)[C@H](Cc3c[nH]c4ccc(F)cc34)NC(=O)[C@@H](C)NC(=O)Cc3cccc(NC(=O)C[C@H](NC(=O)[C@]4(C)CCCN4C2=O)C(O)=O)c3)cc1,35500.0,35500.0,35500.0
C[C@@]12CCCN1C(=O)[C@H](Cc1ccc(O)cc1)NC(=O)[C@H](Cc1cnc[nH]1)NC(=O)[C@H](CC(O)=O)NC(=O)[C@H](Cc1c[nH]c3ccc(F)cc13)NC(=O)[C@H](Cc1c[nH]c3ccc(O)cc13)NC(=O)CNC(=O)[C@H](CCCCN)NC(=O)CCSCc1cccc(CSC[C@H](NC2=O)C(N)=O)c1,550.0,550.0,550.0
C[C@@]12CCCN1C(=O)[C@H](Cc1ccc(O)cc1)NC(=O)[C@H](Cc1cnc[nH]1)NC(=O)[C@H](CC(O)=O)NC(=O)[C@H](Cc1c[nH]c3ccc(O)cc13)NC(=O)[C@H](Cc1c[nH]c3ccc(O)cc13)NC(=O)CNC(=O)[C@H](CCCCN)NC(=O)CCSCc1cccc(CSC[C@H](NC2=O)C(N)=O)c1,50.0,50.0,50.0
COc1ccc(C[C@@H]2NC(=O)[C@H](Cc3cnc[nH]3)NC(=O)[C@H](CC(O)=O)NC(=O)[C@H](Cc3c[nH]c4ccc(F)cc34)NC(=O)[C@H](Cc3c[nH]c4ccc(F)cc34)NC(=O)[C@@H](C)NC(=O)CCc3cn(nn3)-c3ccc(C[C@H](NC(=O)[C@]4(C)CCCN4C2=O)C(N)=O)cc3)cc1,50.0,50.0,50.0
COc1ccc(C[C@@H]2NC(=O)[C@H](Cc3cnc[nH]3)NC(=O)[C@H](CC(O)=O)NC(=O)[C@H](Cc3c[nH]c4ccc(F)cc34)NC(=O)[C@H](Cc3c[nH]c4ccc(F)cc34)NC(=O)[C@@H](C)NC(=O)CCCC(=O)NCc3ccc(C[C@H](NC(=O)[C@]4(C)CCCN4C2=O)C(N)=O)cc3)cc1,50.0,50.0,50.0
CC(=O)N[C@@H]1CCCC\C=C\CO[C@H]2C[C@H](N(C2)C(=O)[C@H](Cc2ccc(O)cc2)NC(=O)[C@H](Cc2cnc[nH]2)NC(=O)[C@H](CC(O)=O)NC(=O)[C@H](Cc2c[nH]c3ccc(F)cc23)NC(=O)[C@H](Cc2c[nH]c3ccc(F)cc23)NC(=O)CCNC1=O)C(N)=O,35500.0,35500.0,35500.0
COc1ccc(C[C@@H]2NC(=O)[C@H](Cc3cnc[nH]3)NC(=O)[C@H](CC(O)=O)NC(=O)[C@H](Cc3c[nH]c4ccc(F)cc34)NC(=O)[C@H](Cc3c[nH]c4ccc(F)cc34)NC(=O)[C@@H](C)NC(=O)CCCCC(=O)NCc3ccc(C[C@H](NC(=O)[C@]4(C)CCCN4C2=O)C(N)=O)cc3)cc1,550.0,550.0,550.0
CC(=O)N[C@@H]1CCC\C=C\CO[C@H]2C[C@H](N(C2)C(=O)[C@H](Cc2ccc(O)cc2)NC(=O)[C@H](Cc2cnc[nH]2)NC(=O)[C@H](CC(O)=O)NC(=O)[C@H](Cc2c[nH]c3ccc(F)cc23)NC(=O)[C@H](Cc2c[nH]c3ccc(F)cc23)NC(=O)CNC1=O)C(N)=O,550.0,550.0,550.0
COc1ccc(C[C@@H]2NC(=O)[C@H](Cc3cnc[nH]3)NC(=O)[C@H](CC(O)=O)NC(=O)[C@H](Cc3c[nH]c4ccc(F)cc34)NC(=O)[C@H](Cc3c[nH]c4ccc(F)cc34)NC(=O)[C@@H](C)NC(=O)[C@H](CCCCN)NC(=O)[C@H](CCC(=O)NCc3ccc(CCNC(=O)[C@]4(C)CCCN4C2=O)cc3)NC(C)=O)cc1,550.0,550.0,550.0
CC(=O)N[C@@H]1CCCC\C=C/CO[C@H]2C[C@H](N(C2)C(=O)[C@H](Cc2ccc(O)cc2)NC(=O)[C@H](Cc2cnc[nH]2)NC(=O)[C@H](CC(O)=O)NC(=O)[C@H](Cc2c[nH]c3ccc(F)cc23)NC(=O)[C@H](Cc2c[nH]c3ccc(F)cc23)NC(=O)CNC1=O)C(N)=O,50.0,50.0,50.0
COc1ccc(C[C@@H]2NC(=O)[C@H](Cc3cnc[nH]3)NC(=O)[C@H](CC(O)=O)NC(=O)[C@H](Cc3c[nH]c4ccc(F)cc34)NC(=O)[C@H](Cc3c[nH]c4ccc(F)cc34)NC(=O)[C@@H](C)NC(=O)[C@H](CNC(=O)COCCN)NC(=O)CCSCc3cc(F)cc(CSCCNC(=O)[C@]4(C)CCCN4C2=O)c3)cc1,50.0,50.0,50.0
COc1ccc(C[C@@H]2NC(=O)[C@H](Cc3cnc[nH]3)NC(=O)[C@H](CC(O)=O)NC(=O)[C@H](Cc3c[nH]c4ccc(F)cc34)NC(=O)[C@H](Cc3c[nH]c4ccc(F)cc34)NC(=O)[C@@H](C)NC(=O)[C@H](CNC(=O)COCCN)NC(=O)CCSCc3cccc(CSCCNC(=O)[C@]4(C)CCCN4C2=O)c3)cc1,50.0,50.0,50.0
COc1ccc(C[C@@H]2NC(=O)[C@H](Cc3cnc[nH]3)NC(=O)[C@H](CC(O)=O)NC(=O)[C@H](Cc3c[nH]c4ccc(F)cc34)NC(=O)[C@H](Cc3c[nH]c4ccc(F)cc34)NC(=O)[C@@H](C)NC(=O)[C@H](CCCCC(O)=O)NC(=O)CCSCc3cccc(CSCCNC(=O)[C@]4(C)CCCN4C2=O)c3)cc1,50.0,50.0,50.0
COc1ccc(C[C@@H]2NC(=O)[C@H](Cc3cnc[nH]3)NC(=O)[C@H](CC(O)=O)NC(=O)[C@H](Cc3c[nH]c4ccc(F)cc34)NC(=O)[C@H](Cc3c[nH]c4ccc(F)cc34)NC(=O)[C@@H](C)NC(=O)[C@H](CCCCCC(O)=O)NC(=O)CCSCc3cccc(CSCCNC(=O)[C@]4(C)CCCN4C2=O)c3)cc1,6550.0,6550.0,6550.0
COc1ccc(C[C@@H]2NC(=O)[C@H](Cc3cnc[nH]3)NC(=O)[C@H](CC(O)=O)NC(=O)[C@H](Cc3c[nH]c4ccc(F)cc34)NC(=O)[C@H](Cc3c[nH]c4ccc(F)cc34)NC(=O)[C@@H](C)NC(=O)[C@H](CCCC(O)=O)NC(=O)CCSCc3cccc(CSCCNC(=O)[C@]4(C)CCCN4C2=O)c3)cc1,35500.0,35500.0,35500.0
C[C@@]12CCCN1C(=O)[C@H](Cc1ccc(O)cc1)NC(=O)[C@H](Cc1cnc[nH]1)NC(=O)[C@H](CC(O)=O)NC(=O)[C@H](Cc1c[nH]c3ccc(F)cc13)NC(=O)[C@H](Cc1c[nH]c3ccc(F)cc13)NC(=O)c1ccc(CNC(=O)CCSCc3cccc(CSC[C@H](NC2=O)C(N)=O)c3)o1,35500.0,35500.0,35500.0
C[C@H]1NC(=O)[C@H](CCCCN)NC(=O)CCSCc2cccc(CSC[C@H](NC(=O)[C@]3(C)CCCN3C(=O)[C@H](Cc3ccc(O)cc3)NC(=O)c3ccc(CNC(=O)[C@H](Cc4c[nH]c5ccc(F)cc45)NC(=O)[C@H](Cc4c[nH]c5ccc(F)cc45)NC1=O)o3)C(N)=O)c2,550.0,550.0,550.0
C[C@H]([C@@H]1NC(=O)CNC(=O)[C@H](CCCCN)NC(=O)CCSCc2cccc(CSC[C@H](NC(=O)[C@]3(C)CCCN3C(=O)[C@H](Cc3ccc(O)cc3)NC(=O)[C@H](Cc3cnc[nH]3)NC(=O)[C@H](CC(O)=O)NC(=O)[C@H](Cc3c[nH]c4ccc(F)cc34)NC1=O)C(N)=O)c2)c1c[nH]c2ccccc12,6550.0,6550.0,6550.0
CC(=O)N[C@H]1CCCC\C=C\CO[C@H]2C[C@H](N(C2)C(=O)[C@H](Cc2ccc(O)cc2)NC(=O)[C@H](Cc2cnc[nH]2)NC(=O)[C@H](CC(O)=O)NC(=O)[C@H](Cc2c[nH]c3ccc(F)cc23)NC(=O)[C@H](Cc2c[nH]c3ccc(F)cc23)NC(=O)CNC(=O)[C@H](CCCCN)NC1=O)C(N)=O,50.0,50.0,50.0
COc1ccc(C[C@@H]2NC(=O)[C@H](Cc3cnc[nH]3)NC(=O)[C@H](CC(O)=O)NC(=O)[C@H](Cc3c[nH]c4ccc(F)cc34)NC(=O)[C@H](Cc3c[nH]c4ccc(F)cc34)NC(=O)[C@@H](C)NC(=O)CCCNC(=O)c3ccc(C[C@H](NC(=O)[C@]4(C)CCCN4C2=O)C(N)=O)cc3)cc1,6550.0,6550.0,6550.0
CC1NC(=O)CCSCc2cccc(CSC[C@H](NC(=O)[C@]3(C)CCCN3C(=O)[C@H](Cc3ccc(O)cc3)NC(=O)[C@H](Cc3cnc[nH]3)NC(=O)[C@H](CC(O)=O)NC(=O)[C@H](Cc3c[nH]c4ccc(F)cc34)NC(=O)[C@H](Cc3c[nH]c4ccc(F)cc34)NC(=O)c3cnc1s3)C(N)=O)c2,35500.0,35500.0,35500.0
CC1NC(=O)CCS(=O)Cc2cccc(CS(=O)C[C@H](NC(=O)[C@]3(C)CCCN3C(=O)[C@H](Cc3ccc(O)cc3)NC(=O)[C@H](Cc3cnc[nH]3)NC(=O)[C@H](CC(O)=O)NC(=O)[C@H](Cc3c[nH]c4ccc(F)cc34)NC(=O)[C@H](Cc3c[nH]c4ccc(F)cc34)NC(=O)c3cnc1s3)C(N)=O)c2,50.0,50.0,50.0
COc1ccc(C[C@@H]2NC(=O)[C@H](Cc3cnc[nH]3)NC(=O)[C@H](CC(O)=O)NC(=O)[C@H](Cc3c[nH]c4ccc(F)cc34)NC(=O)[C@H](Cc3c[nH]c4ccc(F)cc34)NC(=O)[C@@H](C)NC(=O)CCC(=O)NCCOc3ccc(C[C@H](NC(=O)[C@]4(C)CCCN4C2=O)C(N)=O)cc3)cc1,35500.0,35500.0,35500.0
NC(=O)[C@@H]1Cc2ccc(CNC(=O)CCCC(=O)NCC(=O)N[C@@H](Cc3c[nH]c4ccc(F)cc34)C(=O)N[C@@H](Cc3c[nH]c4ccc(F)cc34)C(=O)N[C@@H](CC(O)=O)C(=O)N[C@@H](Cc3cnc[nH]3)C(=O)N[C@@H](Cc3ccc(O)cc3)C(=O)N1)cc2,50.0,50.0,50.0
NC(=O)[C@@H]1Cc2ccc(CNC(=O)CCCCC(=O)NCC(=O)N[C@@H](Cc3c[nH]c4ccc(F)cc34)C(=O)N[C@@H](Cc3c[nH]c4ccc(F)cc34)C(=O)N[C@@H](CC(O)=O)C(=O)N[C@@H](Cc3cnc[nH]3)C(=O)N[C@@H](Cc3ccc(O)cc3)C(=O)N1)cc2,35500.0,35500.0,35500.0
CCCCCCCCCCCCCCCC(=O)N[C@@H](CCC(=O)NCCOCCOCC(=O)NCCOCCOCC(=O)NCC[C@H](NC(=O)CNC(=O)CNC(=O)[C@@H]1CSCc2cccc(CSCCC(=O)N[C@@H](CCCCN)C(=O)N[C@H](C)C(=O)N[C@@H](Cc3c[nH]c4ccc(F)cc34)C(=O)N[C@@H](Cc3c[nH]c4ccc(F)cc34)C(=O)N[C@@H](CC(O)=O)C(=O)N[C@@H](Cc3cnc[nH]3)C(=O)N[C@@H](Cc3ccc(O)cc3)C(=O)N3CCC[C@@]3(C)C(=O)N1)c2)C(N)=O)C(O)=O,35500.0,35500.0,35500.0
COc1ccc(C[C@@H]2NC(=O)[C@H](Cc3cnc[nH]3)NC(=O)[C@H](CC(O)=O)NC(=O)[C@H](Cc3c[nH]c4ccc(F)cc34)NC(=O)[C@H](Cc3c[nH]c4ccc(F)cc34)NC(=O)[C@@H](C)NC(=O)CCCCCC(=O)NCc3ccc(C[C@H](NC(=O)[C@]4(C)CCCN4C2=O)C(N)=O)cc3)cc1,550.0,550.0,550.0
COc1ccc(C[C@@H]2NC(=O)[C@H](Cc3ncc[nH]3)NC(=O)[C@H](CC(O)=O)NC(=O)[C@H](Cc3c[nH]c4ccc(F)cc34)NC(=O)[C@H](Cc3c[nH]c4ccc(F)cc34)NC(=O)[C@@H](C)NC(=O)[C@H](Cc3ccc(cc3)N=C(N)N)NC(=O)CCSCc3cccc(CSCCNC(=O)[C@]4(C)CCCN4C2=O)c3)cc1,35500.0,35500.0,35500.0
CCCCCC[C@@H]1NC(=O)CCSCc2cccc(CSCCNC(=O)[C@]3(C)CCCN3C(=O)[C@H](Cc3ccc(OC)cc3)NC(=O)[C@H](Cc3ncc[nH]3)NC(=O)[C@H](CC(O)=O)NC(=O)[C@H](Cc3c[nH]c4ccc(F)cc34)NC(=O)[C@H](Cc3c[nH]c4ccc(F)cc34)NC(=O)[C@@H](C)NC1=O)c2,50.0,50.0,50.0
COc1ccc(C[C@@H]2NC(=O)[C@H](Cc3ncc[nH]3)NC(=O)[C@H](CC(O)=O)NC(=O)[C@H](Cc3c[nH]c4ccc(F)cc34)NC(=O)[C@H](Cc3c[nH]c4ccc(F)cc34)NC(=O)[C@@H](C)NC(=O)C(CC(F)(F)F)NC(=O)CCSCc3cccc(CSCCNC(=O)[C@]4(C)CCCN4C2=O)c3)cc1,35500.0,35500.0,35500.0
COc1ccc(C[C@@H]2NC(=O)[C@H](Cc3ncc[nH]3)NC(=O)[C@H](CC(O)=O)NC(=O)[C@H](Cc3c[nH]c4ccc(F)cc34)NC(=O)[C@H](Cc3c[nH]c4ccc(F)cc34)NC(=O)[C@@H](C)NC(=O)[C@H](CCC\N=C(/N)N[N+]([O-])=O)NC(=O)CCSCc3cccc(CSCCNC(=O)[C@]4(C)CCCN4C2=O)c3)cc1,35500.0,35500.0,35500.0
COc1ccc(C[C@@H]2NC(=O)[C@H](Cc3ncc[nH]3)NC(=O)[C@H](CC(O)=O)NC(=O)[C@H](Cc3c[nH]c4ccc(F)cc34)NC(=O)[C@H](Cc3c[nH]c4ccc(F)cc34)NC(=O)[C@@H](C)NC(=O)[C@H](CCC(N)=O)NC(=O)CCSCc3cccc(CSCCNC(=O)[C@]4(C)CCCN4C2=O)c3)cc1,6550.0,6550.0,6550.0
COc1ccc(C[C@@H]2NC(=O)[C@H](Cc3ncc[nH]3)NC(=O)[C@H](CC(O)=O)NC(=O)[C@H](Cc3c[nH]c4ccc(F)cc34)NC(=O)[C@H](Cc3c[nH]c4ccc(F)cc34)NC(=O)[C@@H](C)NC(=O)[C@H](CNC(=O)COCCOCCN)NC(=O)CCSCc3cccc(CSCCNC(=O)[C@]4(C)CCCN4C2=O)c3)cc1,550.0,550.0,550.0
CC(C)C1NC(=O)CCSCc2cccc(CSC[C@H](NC(=O)[C@]3(C)CCCN3C(=O)[C@H](Cc3ccc(O)cc3)NC(=O)[C@H](Cc3c[nH]cn3)NC(=O)[C@H](CC(O)=O)NC(=O)[C@H](Cc3c[nH]c4ccc(F)cc34)NC(=O)[C@H](Cc3c[nH]c4ccc(F)cc34)NC(=O)c3cnc1[nH]3)C(N)=O)c2,550.0,550.0,550.0
COc1ccc(C[C@@H]2NC(=O)[C@H](Cc3cnc[nH]3)NC(=O)[C@H](CC(O)=O)NC(=O)[C@H](Cc3c[nH]c4ccc(F)cc34)NC(=O)[C@H](Cc3c[nH]c4ccc(F)cc34)NC(=O)[C@@H](C)NC(=O)[C@@H](CCC(=O)NCc3ccc(CCNC(=O)C[C@H](NC(=O)[C@]4(C)CCCN4C2=O)C(N)=O)cc3)NC(C)=O)cc1,550.0,550.0,550.0
CCCCCCCCCCCCCCCC(=O)N[C@@H](CCC(=O)NCCOCCOCC(=O)NCCOCCOCC(=O)NCCCC[C@@H]1NC(=O)[C@H](CCCCN)NC(=O)CCSCc2cccc(CSC[C@H](NC(=O)[C@]3(C)CCCN3C(=O)[C@H](Cc3ccc(O)cc3)NC(=O)[C@H](Cc3cnc[nH]3)NC(=O)[C@H](CC(O)=O)NC(=O)[C@H](Cc3c[nH]c4ccc(F)cc34)NC(=O)[C@H](Cc3c[nH]c4ccc(F)cc34)NC1=O)C(N)=O)c2)C(O)=O,50.0,50.0,50.0
CCCCCCCCCCCCCCCC(=O)N[C@@H](CCC(=O)NCCOCCOCC(=O)NCCOCCOCC(=O)NCc1ccc(C[C@@H]2NC(=O)[C@@H](C)NC(=O)[C@H](CCCCN)NC(=O)CCSCc3cccc(CSC[C@H](NC(=O)[C@]4(C)CCCN4C(=O)[C@H](Cc4ccc(O)cc4)NC(=O)[C@H](Cc4cnc[nH]4)NC(=O)[C@H](CC(O)=O)NC(=O)[C@H](Cc4c[nH]c5ccc(F)cc45)NC2=O)C(N)=O)c3)cc1)C(O)=O,50.0,50.0,50.0
CCCCCCCCCCCCCCCC(=O)N[C@@H](CCC(=O)NCCOCCOCC(=O)NCCOCCOCC(=O)NCc1cccc(C[C@@H]2NC(=O)[C@@H](C)NC(=O)[C@H](CCCCN)NC(=O)CCSCc3cccc(CSC[C@H](NC(=O)[C@]4(C)CCCN4C(=O)[C@H](Cc4ccc(O)cc4)NC(=O)[C@H](Cc4cnc[nH]4)NC(=O)[C@H](CC(O)=O)NC(=O)[C@H](Cc4c[nH]c5ccc(F)cc45)NC2=O)C(N)=O)c3)c1)C(O)=O,50.0,50.0,50.0
NC(=O)[C@@H]1Cc2ccc(CNC(=O)CCCCCC(=O)NCC(=O)N[C@@H](Cc3c[nH]c4ccc(F)cc34)C(=O)N[C@@H](Cc3c[nH]c4ccc(F)cc34)C(=O)N[C@@H](CC(O)=O)C(=O)N[C@@H](Cc3cnc[nH]3)C(=O)N[C@@H](Cc3ccc(O)cc3)C(=O)N1)cc2,6550.0,6550.0,6550.0
CCCCCCCCCCCCCCCC(=O)N[C@@H](CCC(=O)NCCOCCOCC(=O)NCCOCCOCC(=O)NCCCC[C@@H]1NC(=O)CCSCc2cccc(CSC[C@H](NC(=O)[C@]3(C)CCCN3C(=O)[C@H](Cc3ccc(O)cc3)NC(=O)[C@H](Cc3cnc[nH]3)NC(=O)[C@H](CC(O)=O)NC(=O)[C@H](Cc3c[nH]c4ccc(F)cc34)NC(=O)[C@H](Cc3c[nH]c4ccc(F)cc34)NC(=O)[C@@H](C)NC1=O)C(N)=O)c2)C(O)=O,35500.0,35500.0,35500.0
NC(=O)[C@@H]1Cc2cccc(CNC(=O)CCCCC(=O)NCC(=O)N[C@@H](Cc3c[nH]c4ccc(F)cc34)C(=O)N[C@@H](Cc3c[nH]c4ccc(F)cc34)C(=O)N[C@@H](CC(O)=O)C(=O)N[C@@H](Cc3cnc[nH]3)C(=O)N[C@@H](Cc3ccc(O)cc3)C(=O)N1)c2,35500.0,35500.0,35500.0
NC(=O)[C@@H]1Cc2cccc(CNC(=O)CCCC(=O)NCC(=O)N[C@@H](Cc3c[nH]c4ccc(F)cc34)C(=O)N[C@@H](Cc3c[nH]c4ccc(F)cc34)C(=O)N[C@@H](CC(O)=O)C(=O)N[C@@H](Cc3ncc[nH]3)C(=O)N[C@@H](Cc3ccc(O)cc3)C(=O)N1)c2,35500.0,35500.0,35500.0
CCCc1cccc(C[C@@H]2NC(=O)[C@@H](C)NC(=O)[C@H](C)NC(=O)CCSCc3cccc(CSCCNC(=O)[C@]4(C)CCCN4C(=O)[C@H](Cc4ccc(OC)cc4)NC[C@@H](NC(=O)[C@@H]4[C@@H](O)CCN4C(=O)[C@H](Cc4c[nH]c5ccc(F)cc45)NC2=O)[C@@H](C)OC)c3)c1,35500.0,35500.0,35500.0
C[C@@H]1NC(=O)[C@H](Cc2c[nH]c3ccc(F)cc23)NC(=O)[C@H](Cc2c[nH]c3ccc(F)cc23)NC(=O)[C@@H](C)NC(=O)[C@H](CCCCN)NC(=O)CCSCc2cccc(CSC[C@H](NC(=O)[C@]3(C)CCCN3C(=O)[C@H](Cc3ccc(O)cc3)NC(=O)c3cnc1s3)C(N)=O)c2,50.0,50.0,50.0
COc1ccc(C[C@@H]2NC(=O)[C@H](Cc3cnc[nH]3)NC(=O)[C@H](CC(O)=O)NC(=O)[C@H](Cc3c[nH]c4ccc(F)cc34)NC(=O)[C@H](Cc3c[nH]c4ccc(F)cc34)NC(=O)[C@@H](C)NC(=O)[C@H](CCCC[N+](C)(C)C)NC(=O)CCSCc3cccc(CSCCNC(=O)[C@]4(C)CCCN4C2=O)c3)cc1,35500.0,35500.0,35500.0
COc1ccc(C[C@@H]2NC(=O)[C@H](Cc3ncc[nH]3)NC(=O)[C@H](CC(O)=O)NC(=O)[C@H](Cc3c[nH]c4ccc(F)cc34)NC(=O)[C@H](Cc3c[nH]c4ccc(F)cc34)NC(=O)[C@@H](C)NC(=O)[C@H](CCCC[N+](C)(C)C)NC(=O)CCSCc3cc(F)cc(CSCCNC(=O)[C@]4(C)CCCN4C2=O)c3)cc1,6550.0,6550.0,6550.0
COc1ccc(C[C@@H]2NC(=O)[C@H](Cc3ncc[nH]3)NC(=O)[C@H](CC(O)=O)NC(=O)[C@H](Cc3c[nH]c4ccc(F)cc34)NC(=O)[C@H](Cc3c[nH]c4ccc(F)cc34)NC(=O)[C@@H](C)NC(=O)[C@H](CCCCN(C)C)NC(=O)CCSCc3cccc(CSCCNC(=O)[C@]4(C)CCCN4C2=O)c3)cc1,550.0,550.0,550.0
COc1ccc(C[C@@H]2NC(=O)[C@H](Cc3ncc[nH]3)NC(=O)[C@H](CC(O)=O)NC(=O)[C@H](Cc3c[nH]c4ccc(F)cc34)NC(=O)[C@H](Cc3c[nH]c4ccc(F)cc34)NC(=O)[C@@H](C)NC(=O)[C@H](CCCCN(C)C)NC(=O)CCSCc3cc(F)cc(CSCCNC(=O)[C@]4(C)CCCN4C2=O)c3)cc1,6550.0,6550.0,6550.0
CNCCCC[C@@H]1NC(=O)CCSCc2cc(F)cc(CSCCNC(=O)[C@]3(C)CCCN3C(=O)[C@H](Cc3ccc(OC)cc3)NC(=O)[C@H](Cc3ncc[nH]3)NC(=O)[C@H](CC(O)=O)NC(=O)[C@H](Cc3c[nH]c4ccc(F)cc34)NC(=O)[C@H](Cc3c[nH]c4ccc(F)cc34)NC(=O)[C@@H](C)NC1=O)c2,6550.0,6550.0,6550.0
CC(=O)N[C@H]1CCCC\C=C\CO[C@@H]2CCN([C@@H]2C(N)=O)C(=O)[C@H](Cc2ccc(O)cc2)NC(=O)[C@H](Cc2cnc[nH]2)NC(=O)[C@H](CC(O)=O)NC(=O)[C@H](Cc2c[nH]c3ccc(F)cc23)NC(=O)[C@H](Cc2c[nH]c3ccc(F)cc23)NC(=O)CNC(=O)[C@H](CCCCN)NC1=O,35500.0,35500.0,35500.0
COc1ccc(C[C@@H]2NC(=O)[C@H](Cc3cnc[nH]3)NC(=O)[C@H](CC(O)=O)NC(=O)[C@H](Cc3c[nH]c4ccc(F)cc34)NC(=O)[C@H](Cc3c[nH]c4ccc(F)cc34)NC(=O)[C@H](C)NC(=O)CCCCCC(=O)NCc3ccc(CCNC(=O)[C@]4(C)CCCN4C2=O)cc3)cc1,50.0,50.0,50.0
CC(=O)N[C@@H]1CCCC\C=C/CO[C@@H]2CCN([C@@H]2C(N)=O)C(=O)[C@H](Cc2ccc(O)cc2)NC(=O)[C@H](Cc2cnc[nH]2)NC(=O)[C@H](CC(O)=O)NC(=O)[C@H](Cc2c[nH]c3ccc(F)cc23)NC(=O)[C@H](Cc2c[nH]c3ccc(F)cc23)NC(=O)CNC1=O,50.0,50.0,50.0
CC(C)C[C@@H]1[N@@]2CC[C@H](NC(=O)[C@H](Cc3c[nH]c4ccc(F)cc34)NC(=O)[C@H](Cc3c[nH]c4ccc(F)cc34)NC(=O)CNC(=O)[C@H](CCCCN)NC(=O)CCSCc3cccc(CSC[C@H](NC(=O)[C@]4(C)CCCN4C(=O)[C@H](Cc4ccc(O)cc4)NC1=O)C(N)=O)c3)C2=O,50.0,50.0,50.0
CCCCCCCCCCCCCCCC(=O)N[C@@H](CCC(=O)NCCOCCOCCC(=O)NCCOCCOCC(=O)NCCCC[C@H](NC(=O)COCCOCCOCCNC(=O)[C@@H]1CSCc2cccc(CSCCC(=O)N[C@@H](CCCCN)C(=O)N[C@H](C)C(=O)N[C@@H](Cc3c[nH]c4ccc(F)cc34)C(=O)N[C@@H](Cc3c[nH]c4ccc(F)cc34)C(=O)N[C@@H](CC(O)=O)C(=O)N[C@@H](Cc3cnc[nH]3)C(=O)N[C@@H](Cc3ccc(O)cc3)C(=O)N3CCC[C@@]3(C)C(=O)N1)c2)C(N)=O)C(O)=O,35500.0,35500.0,35500.0
CCCCCCCCCCCCCCCC(=O)N[C@@H](CCC(=O)NCCOCCOCCC(=O)NCCOCCOCC(=O)NCCCC[C@H](NC(=O)COCCOCCOCCOCCOCCOCCOCCOCCOCCOCCOCCOCCNC(=O)[C@@H]1CSCc2cccc(CSCCC(=O)N[C@@H](CCCCN)C(=O)N[C@H](C)C(=O)N[C@@H](Cc3c[nH]c4ccc(F)cc34)C(=O)N[C@@H](Cc3c[nH]c4ccc(F)cc34)C(=O)N[C@@H](CC(O)=O)C(=O)N[C@@H](Cc3cnc[nH]3)C(=O)N[C@@H](Cc3ccc(O)cc3)C(=O)N3CCC[C@@]3(C)C(=O)N1)c2)C(N)=O)C(O)=O,6550.0,6550.0,6550.0
C[C@@]12CCCN1C(=O)[C@H](Cc1ccc(O)cc1)NC(=O)[C@H]1CS[C@H]3CC[C@H](NC(=O)[C@H](Cc4c[nH]c5ccc(F)cc45)NC(=O)[C@H](Cc4c[nH]c5ccc(F)cc45)NC(=O)CNC(=O)[C@H](CCCCN)NC(=O)CCSCc4cccc(CSC[C@H](NC2=O)C(N)=O)c4)C(=O)N13,35500.0,35500.0,35500.0
C[C@@]12CCCN1C(=O)[C@H](Cc1ccc(O)cc1)NC(=O)[C@H](Cc1c[nH]cn1)NC(=O)[C@H](CC(O)=O)NC(=O)[C@H](Cc1c[nH]c3ccc(F)cc13)NC(=O)[C@H](Cc1c[nH]c3ccc(F)cc13)NC(=O)c1coc(n1)[C@H](CCCCN)NC(=O)CCSCc1cccc(CSC[C@H](NC2=O)C(N)=O)c1,6550.0,6550.0,6550.0
CCCCCCCCCCCCCCCC(=O)N[C@@H](CCC(=O)NCCOCCOCCOCCOCCOCCOCCOCCOCCOCCOCCOCCOCCC(=O)NCc1cccc(C[C@@H]2NC(=O)[C@@H](C)NC(=O)[C@H](CCCCN)NC(=O)CCSCc3cccc(CSC[C@H](NC(=O)[C@]4(C)CCCN4C(=O)[C@H](Cc4ccc(O)cc4)NC(=O)[C@H](Cc4cnc[nH]4)NC(=O)[C@H](CC(O)=O)NC(=O)[C@H](Cc4c[nH]c5ccc(F)cc45)NC2=O)C(N)=O)c3)c1)C(O)=O,35500.0,35500.0,35500.0
CCCCCCCCCCCCCCCC(=O)N[C@@H](CCC(=O)NCCOCCOCC(=O)NCCOCCOCC(=O)NCCCC[C@H](NC(=O)CCCCCCCCCCNC(=O)[C@@H]1CSCc2cccc(CSCCC(=O)N[C@@H](CCCCN)C(=O)N[C@H](C)C(=O)N[C@@H](Cc3c[nH]c4ccc(F)cc34)C(=O)N[C@@H](Cc3c[nH]c4ccc(F)cc34)C(=O)N[C@@H](CC(O)=O)C(=O)N[C@@H](Cc3cnc[nH]3)C(=O)N[C@@H](Cc3ccc(O)cc3)C(=O)N3CCC[C@@]3(C)C(=O)N1)c2)C(N)=O)C(O)=O,50.0,50.0,50.0
CC1NC(=O)[C@H](Cc2c[nH]c3ccc(F)cc23)NC(=O)[C@H](Cc2c[nH]c3ccc(F)cc23)NC(=O)[C@@H](C)NC(=O)[C@H](CCCCN)NC(=O)CCSCc2cccc(CSC[C@H](NC(=O)[C@]3(C)CCCN3C(=O)[C@H](Cc3ccc(O)cc3)NC(=O)c3cnc1s3)C(N)=O)c2,550.0,550.0,550.0
C[C@@]12CCCN1C(=O)[C@H](Cc1ccc(O)cc1)NC(=O)[C@H](Cc1c[nH]cn1)NC(=O)[C@H](CC(O)=O)NC(=O)[C@H](Cc1c[nH]c3ccc(F)cc13)NC(=O)[C@H](Cc1c[nH]c3ccc(F)cc13)NC(=O)CNC(=O)[C@@H]1CCC(=O)N1CCCSCc1cccc(CSC[C@H](NC2=O)C(N)=O)c1,6550.0,6550.0,6550.0
COCCOCCOCCOCCC(=O)NCCCC[C@@H]1NC(=O)CCSCc2cccc(CSC[C@H](NC(=O)[C@]3(C)CCCN3C(=O)[C@H](Cc3ccc(O)cc3)NC(=O)[C@H](Cc3c[nH+]c[nH]3)NC(=O)[C@H](CC(O)=O)NC(=O)[C@H](Cc3c[nH]c4ccc(F)cc34)NC(=O)[C@H](Cc3c[nH]c4ccc(F)cc34)NC(=O)CNC1=O)C(N)=O)c2,50.0,50.0,50.0
C[C@@]12CCCN1C(=O)[C@H](Cc1ccc(O)cc1)NC(=O)[C@H](Cc1cnc[nH]1)NC(=O)[C@H](CC(O)=O)NC(=O)[C@H](Cc1c[nH]c3ccc(F)cc13)NC(=O)[C@H](Cc1c[nH]c3ccc(F)cc13)NC(=O)CNC(=O)[C@H](CCCCNC(=O)CCOCCOCCOCCOCCN)NC(=O)CCSCc1cccc(CSC[C@H](NC2=O)C(N)=O)c1,50.0,50.0,50.0
COc1ccc(C[C@@H]2NC(=O)[C@@H]3CCCC(=O)N[C@@H]4C[C@@H](N(C4)C(=O)[C@H](Cc4c[nH]c5ccc(F)cc45)NC(=O)[C@H](Cc4c[nH]c5ccc(F)cc45)NC(=O)[C@@H](C)NC(=O)[C@H](CCCCN)NC(=O)CCSCc4cccc(CSCCNC(=O)[C@]5(C)CCCN5C2=O)c4)C(=O)N3)cc1,50.0,50.0,50.0
COc1ccc(C[C@@H]2NC(=O)[C@@H]3CCCC\C=C/CC[C@@]4(CCCN4C2=O)C(=O)NCCSCc2cccc(CSCCC(=O)N[C@@H](C)C(=O)N[C@H](C)C(=O)N[C@H]4Cc5cccc(CNC(=O)CC[C@H](N6C([C@H](NC4=O)C6=O)c4c[nH]c6ccc(F)cc46)C(=O)N3)c5)c2)cc1,550.0,550.0,550.0
COc1ccc(C[C@@H]2NC(=O)[C@@H](NC(=O)[C@@H]3CCCc4cn(CC[C@H](NC(=O)[C@@H](C)NC(=O)[C@H](C)NC(=O)CCSCc5cccc(CSCCNC(=O)[C@]6(C)CCCN6C2=O)c5)C(=O)N[C@@H](Cc2c[nH]c5ccc(F)cc25)C(=O)N3)nn4)[C@H](C)O)cc1,550.0,550.0,550.0
COc1ccc(C[C@@H]2NC(=O)[C@@H](NC(=O)[C@@H]3CCCc4cn(CCCC[C@H](NC(=O)[C@@H](C)NC(=O)[C@H](CCCCN)NC(=O)CCSCc5cccc(CSCCNC(=O)[C@]6(C)CCCN6C2=O)c5)C(=O)N[C@@H](Cc2c[nH]c5ccc(F)cc25)C(=O)N3)nn4)[C@H](C)O)cc1,50.0,50.0,50.0
CN(C)c1ccc2nc3c(cc(=O)c(O)c3oc2c1)C(O)=O,6380.0,6380.0,6380.0
CC[C@H](C)[C@H](NC(=O)[C@@H](NC(=O)CNC(=O)[C@H](CCC(=O)O)NC(=O)[C@H](CC(=O)O)NC(=O)[C@H](CCC(N)=O)NC(=O)[C@H](Cc1cnc[nH]1)NC(=O)[C@H](CO)NC(=O)[C@H](CCC(N)=O)NC(=O)[C@H](CCC(=O)O)NC(=O)[C@H](CCC(N)=O)NC(=O)CN)C(C)C)C(=O)N[C@H](C(=O)N[C@@H](CCCNC(=N)N)C(=O)O)C(C)C,285.6,285.6,285.6
CSCC[C@H](NC(=O)[C@@H](NC(=O)CNC(=O)[C@H](CCC(=O)O)NC(=O)[C@H](C)NC(=O)[C@H](CCC(N)=O)NC(=O)[C@H](CCCCN)NC(=O)[C@H](Cc1c[nH]c2ccccc12)NC(=O)[C@H](CCC(N)=O)NC(=O)[C@H](CCCNC(=N)N)NC(=O)[C@H](CCC(N)=O)NC(=O)CN)C(C)C)C(=O)N[C@H](C(=O)N[C@@H](CCCNC(=N)N)C(=O)O)C(C)C,147.8,147.8,147.8
CNCCCCCn1cncc1-c1ncc(-c2ncc(-c3ccc(OC)cc3)n2C)n1Cc1ccccc1,1.38,1.38,1.38
CNCCCCCn1cncc1-c1ncc(-c2ncc(-c3ccc(OC)cc3)n2C)n1CCc1ccccc1,3.06,3.06,3.06
Cn1cncc1-c1ncc(-c2ncc(-c3ncc(-c4ccccc4)n3C)n2C)n1C,11.2,11.2,11.2
CC[C@H](C)[C@H](NC(=O)[C@@H](N)CC(C)C)C(=O)N[C@@H](CC(C)C)C(=O)N1CCC[C@H]1C(=O)N[C@@H](CCCCN)C(=O)N[C@@H](Cc1cnc[nH]1)C(=O)N[C@@H](CO)C(=O)N[C@@H](CC(=O)O)C(=O)N[C@@H](C)C(=O)N[C@@H](CC(=O)O)C(=O)O,1.6,1.6,1.6
CC(C)C[C@H](C(=O)N1CCN([C@@H](CC(N)=O)C(=O)N[C@@H](CCCNC(=N)N)C(=O)N[C@H]2CCOC2=O)CC1)N1C(=O)N[C@@H](CC(=O)O)C1=O,20.0,20.0,20.0
Cc1cn(-c2cc(NC(=O)c3ccc(C)c(C(=O)c4cccc(C#N)c4)c3)cc(N3CCN(C)CC3)c2)cn1,2.13,2.13,2.13
Cc1cn(-c2cc(NC(=O)c3ccc(C)c(Oc4cccc5ccncc45)c3)cc(N3CCN(C)CC3)c2)cn1,0.078,0.078,0.078
Cc1cn(-c2cc(NC(=O)c3ccc(C)c(Oc4ccccc4)c3)cc(N3CCN(C)CC3)c2)cn1,0.759,0.759,0.759
Cc1ccc(C(=O)Nc2cc(N3CCN(C)CC3)cc(-n3cnc(C)c3)c2)cc1,26.3,26.3,26.3
Cc1cn(-c2cc(NC(=O)c3ccc(C)c(Oc4ccccc4)c3)cc(C(F)(F)F)c2)cn1,13.4,13.4,13.4
Cc1ccc(C(=O)Nc2cccc(N3CCN(C)CC3)c2)cc1Nc1nccc(-c2ccc(F)cc2)n1,3.29,3.29,3.29
Cc1cc(-c2cc(NC(=O)c3ccc(C)c(Nc4nccc(-c5ccc(F)cc5)n4)c3)cc(N3CCN(C)CC3)c2)on1,10.7,10.7,10.7
Cc1cn(-c2cc(NC(=O)c3ccc(C)c(Nc4nccc(-c5ccc(F)cc5)n4)c3)cc(N3CCOCC3)c2)cn1,40.1,40.1,40.1
Cc1cn(-c2cc(CN3CCCC[C@H]3C(N)=O)cc(NC(=O)c3ccc(C)c(Nc4nccc(-c5ccc(F)cc5)n4)c3)c2)cn1,2.57,2.57,2.57
Cc1cn(-c2cc(CN3CCCC[C@H]3C(=O)O)cc(NC(=O)c3ccc(C)c(Nc4nccc(-c5ccc(F)cc5)n4)c3)c2)cn1,14.0,14.0,14.0
Cc1cn(-c2cc(CN3CCC[C@H](N)C3)cc(NC(=O)c3ccc(C)c(Nc4nccc(-c5ccc(F)cc5)n4)c3)c2)cn1,0.428,0.428,0.428
CCCCc1cc(NC(=O)c2ccc(C)c(Nc3nccc(-c4ccccc4)n3)c2)cc(-n2cnc(C)c2)c1,7.41,7.41,7.41
Cc1cn(-c2cc(CCS(N)(=O)=O)cc(NC(=O)c3ccc(C)c(Nc4nccc(-c5ccccc5)n4)c3)c2)cn1,13.4,13.4,13.4
Cc1cn(-c2cc(CCC(=O)O)cc(NC(=O)c3ccc(C)c(Nc4nccc(-c5ccccc5)n4)c3)c2)cn1,9.28,9.28,9.28
Cc1cn(-c2cc(/C=C/C(=O)O)cc(NC(=O)c3ccc(C)c(Nc4nccc(-c5ccccc5)n4)c3)c2)cn1,11.3,11.3,11.3
Cc1cn(-c2cc(CN3CCN(C)CC3)cc(NC(=O)c3ccc(C)c(Nc4nccc(-c5ccccc5)n4)c3)c2)cn1,0.714,0.714,0.714
Cc1cn(-c2cc(NC(=O)c3ccc(C)c(Nc4nccc(-c5ccccc5)n4)c3)cc(N3CCN(C)CC3)c2)cn1,0.758,0.758,0.758
Cc1cn(-c2cc(NC(=O)c3ccc(C)c(Nc4nccc(-c5ccccc5)n4)c3)cc(N3CCNCC3)c2)cn1,0.491,0.491,0.491
Cc1cn(-c2cc(NC(=O)c3ccc(C)c(Nc4nccc(-c5ccccc5)n4)c3)cc(C(F)(F)F)c2)cn1,8.4,8.4,8.4
Cc1cn(-c2cc(NC(=O)c3ccc(C)c(Nc4nccc(-c5cccnc5)n4)c3)cc(C(F)(F)F)c2)cn1,9.8,9.8,9.8
Cc1cn(-c2cc(CN3CCC[C@H](N)C3)cc(NC(=O)c3ccc(C)c(Oc4ccccc4)c3)c2)cn1,0.537,0.537,0.537
CC[C@H](C)[C@H](NC(=O)[C@H](CCCCN)NC(=O)[C@H](CC(C)C)NC(=O)[C@H](CCCCN)NC(=O)[C@H](CCCNC(=N)N)NC(=O)[C@H](CS)NC(=O)[C@@H](NC(=O)[C@@H](NC(=O)[C@H](CO)NC(=O)[C@H](CS)NC(=O)CNC(=O)CNC(=O)[C@H](CC(C)C)NC(=O)[C@H](CC(N)=O)NC(=O)[C@H](C)NC(=O)[C@H](CC(C)C)NC(=O)[C@H](CS)NC(=O)[C@H](CCC(=O)O)NC(=O)[C@H](CC(N)=O)NC(=O)[C@@H](NC(=O)CN)[C@@H](C)O)[C@@H](C)CC)C(C)C)C(=O)NCC(=O)N[C@@H](Cc1ccc(O)cc1)C(=O)N[C@@H](CCC(=O)O)C(=O)N[C@@H](CS)C(=O)N[C@@H](CC(C)C)C(=O)N[C@@H](CS)C(=O)N1CCC[C@H]1C(=O)N[C@@H](CC(=O)O)C(=O)NCC(=O)N[C@@H](Cc1ccccc1)C(=O)N[C@@H](CCC(N)=O)C(=O)N[C@@H](CC(C)C)C(=O)N[C@H](C(=O)N[C@@H](C)C(=O)N[C@@H](CCC(N)=O)C(=O)N[C@@H](CCCNC(=N)N)C(=O)N[C@@H](CCCNC(=N)N)C(=O)N[C@@H](CS)C(=O)N[C@@H](CCC(=O)O)C(=O)O)C(C)C,0.0031,0.0031,0.0031
CC[C@H](C)[C@H](NC(=O)[C@@H](N)CC(C)C)C(=O)N[C@@H](CC(C)C)C(=O)N1CCC[C@H]1C(=O)N[C@@H](CCCCN)C(=O)N[C@@H](Cc1c[nH]cn1)C(=O)N[C@@H](CO)C(=O)N[C@@H](C)C(=O)N[C@@H](CC(=O)O)C(=O)O,1.6,1.6,1.6
CC(C)C[C@H](N)C(=O)N1CCC[C@H]1C(=O)N[C@@H](CCCCN)C(=O)N[C@@H](Cc1c[nH]cn1)C(=O)N[C@@H](CO)C(=O)N[C@@H](C)C(=O)N[C@@H](CC(=O)O)C(=O)O,1.7,1.7,1.7
CC(C)C[C@H](NC(=O)[C@H](Cc1ccc(O)cc1)NC(=O)[C@@H](N)CC(C)C)C(=O)N1CCC[C@H]1C(=O)N[C@@H](CCCCN)C(=O)N[C@@H](Cc1c[nH]cn1)C(=O)N[C@@H](CO)C(=O)N[C@@H](CC(=O)O)C(=O)N[C@@H](CCCNC(=N)N)C(=O)N[C@@H](CC(=O)O)C(=O)O,0.7,0.7,0.7
CC(=O)N[C@H](C(=O)N[C@H](C(=O)N[C@@H](Cc1ccccc1)C(=O)N[C@H](C(=O)N[C@@H](CO)C(=O)N[C@@H](Cc1c[nH]c2ccccc12)C(=O)N[C@@H](CCC(=O)O)C(=O)N[C@@H](CCC(=O)O)C(=O)N[C@@H](Cc1ccc(O)cc1)C(=O)N[C@@H](CC(C)C)C(=O)N[C@@H](CC(=O)O)C(=O)N[C@@H](Cc1c[nH]c2ccccc12)C(=O)N[C@H](C(N)=O)C(C)C)[C@@H](C)O)C(C)C)[C@@H](C)O,0.8,0.8,0.8
CC(=O)N[C@H](C(=O)N[C@H](C(=O)N[C@@H](Cc1ccccc1)C(=O)N[C@H](C(=O)N[C@@H](CO)C(=O)N[C@@H](Cc1c[nH]c2ccccc12)C(=O)N[C@@H](CCC(=O)O)C(=O)N[C@@H](CCC(=O)O)C(=O)N[C@@H](C)C(=O)N[C@@H](CC(C)C)C(=O)N[C@@H](CC(=O)O)C(=O)N[C@@H](Cc1c[nH]c2ccccc12)C(=O)N[C@H](C(N)=O)C(C)C)[C@@H](C)O)C(C)C)[C@@H](C)O,27.12,27.12,27.12
CC(=O)N[C@H](C(=O)N[C@H](C(=O)N[C@@H](Cc1ccccc1)C(=O)N[C@@H](CCCNC(=N)N)C(=O)N[C@@H](CO)C(=O)N[C@@H](Cc1c[nH]c2ccccc12)C(=O)N[C@@H](CCC(=O)O)C(=O)N[C@@H](CCC(=O)O)C(=O)N[C@@H](Cc1ccc(O)cc1)C(=O)N[C@@H](CC(C)C)C(=O)N[C@@H](CC(=O)O)C(=O)N[C@@H](Cc1ccc(O)cc1)C(=O)N[C@H](C(N)=O)C(C)C)C(C)C)[C@@H](C)O,14.5,14.5,14.5
CCNC(=O)[C@@H]1CSCC(=O)N[C@@H](Cc2ccccc2)C(=O)N[C@@H](C(C)C)C(=O)N2CCC[C@H]2C(=O)N[C@@H]([C@@H](C)O)C(=O)N[C@@H]([C@@H](C)O)C(=O)N[C@@H](Cc2ccc(-c3ccccc3)cc2)C(=O)N(C)[C@@H](C)C(=O)N[C@@H](Cc2ccc(-c3ccccc3)cc2)C(=O)N(C)[C@@H](C)C(=O)N[C@@H](CCC(=O)O)C(=O)N[C@@H](C)C(=O)N2CCC[C@H]2C(=O)N1,0.002,0.002,0.002
CNCCCCCn1cncc1-c1ncc(-c2ccc3ccccc3c2)n1CCCC(C)(C)C,1.99,1.99,1.99
C#Cc1ncc(-c2ncc(-c3ccc4ccccc4c3)n2CCCC(C)(C)C)n1CCCCCNC,0.009,0.009,0.009
CNCCCCCn1c(-c2ncc(-c3ccc4ccccc4c3)n2CCCC(C)(C)C)cnc1I,0.007,0.007,0.007
CNCCCCCn1cncc1-c1ncc(-c2ccc3ccccc3c2)n1CC1CCCCC1,4.5,4.5,4.5
CNCCCCCn1c(-c2ncc(-c3ccc4ccccc4c3)n2CC2CCCCC2)cnc1I,1.99,1.99,1.99
C#Cc1ncc(-c2ncc(-c3ccc4ccccc4c3)n2CC2CCCCC2)n1CCCCCNC,1.18,1.18,1.18
COc1ccc(C[C@@H]2NC(=O)CCNC(=O)[C@@H]3CCCN3C(=O)[C@H](Cc3c[nH]c4ccc(F)cc34)NC(=O)[C@H](Cc3cc4cc(F)ccc4[nH]3)NC(=O)[C@@H](C)NC(=O)[C@H](CCCCN)NC(=O)CCSCc3cccc(c3)CSCCNC(=O)[C@]3(C)CCCN3C2=O)cc1,6550.0,6550.0,6550.0
CC(C)C[C@@H]1NC(=O)[C@@H]2CCCN2C(=O)[C@H](Cc2c[nH]c3ccc(F)cc23)NC(=O)[C@H](Cc2c[nH]c3ccc(F)cc23)NC(=O)CNC(=O)[C@H](CCCCN)NC(=O)CCSCc2cccc(c2)CSC[C@@H](C(N)=O)NC(=O)[C@]2(C)CCCN2C(=O)[C@H](Cc2ccc(O)cc2)NC1=O,50.0,50.0,50.0
C[C@H]1NC(=O)[C@H](CCCCN)NC(=O)CCSCc2cccc(c2)CSC[C@@H](C(N)=O)NC(=O)[C@]2(C)CCCN2C(=O)[C@H](Cc2ccc(O)cc2)NC(=O)C(C)(C)NC(=O)[C@@H]2CCCN2C(=O)[C@H](Cc2c[nH]c3ccc(F)cc23)NC(=O)[C@H](Cc2c[nH]c3ccc(F)cc23)NC1=O,50.0,50.0,50.0
CC[C@H](C)[C@@H]1NC(=O)[C@@H]2CCCN2C(=O)[C@H](Cc2c[nH]c3ccc(F)cc23)NC(=O)[C@H](Cc2c[nH]c3ccc(F)cc23)NC(=O)[C@@H](C)NC(=O)[C@H](CCCCN)NC(=O)CCSCc2cccc(c2)CSC[C@@H](C(N)=O)NC(=O)[C@]2(C)CCCN2C(=O)[C@H](Cc2ccc(OC)cc2)NC1=O,50.0,50.0,50.0
COc1ccc(C[C@@H]2NC(=O)[C@H](C(C)C)NC(=O)[C@@H]3CCCN3C(=O)[C@H](Cc3c[nH]c4ccc(F)cc34)NC(=O)[C@H](Cc3c[nH]c4ccc(F)cc34)NC(=O)[C@@H](C)NC(=O)[C@H](CCCCN)NC(=O)CCSCc3cc(F)cc(c3)CSC[C@@H](C(N)=O)NC(=O)[C@]3(C)CCCN3C2=O)cc1,50.0,50.0,50.0
C[C@@H](O)[C@@H]1NC(=O)[C@@H]2CCCN2C(=O)[C@H](Cc2c[nH]c3ccc(F)cc23)NC(=O)[C@H](Cc2c[nH]c3ccc(F)cc23)NC(=O)CNC(=O)[C@H](CCCCN)NC(=O)CCSCc2cccc(c2)CSC[C@@H](C(N)=O)NC(=O)[C@]2(C)CCCN2C(=O)[C@H](Cc2ccc(O)cc2)NC1=O,550.0,550.0,550.0
COc1ccc(C[C@@H]2NC(=O)[C@H]([C@@H](C)O)NC(=O)[C@]3(C)CCCN3C(=O)[C@H](Cc3c[nH]c4ccc(F)cc34)NC(=O)[C@H](Cc3c[nH]c4ccc(F)cc34)NC(=O)[C@@H](C)NC(=O)[C@H](CCCCN)NC(=O)CCSCc3cccc(c3)CSCCNC(=O)[C@]3(C)CCCN3C2=O)cc1,550.0,550.0,550.0
C[C@H]1NC(=O)[C@H](Cc2c[nH]c3ccc(F)cc23)NC(=O)[C@H](Cc2c[nH]c3ccc(F)cc23)NC(=O)CNC(=O)[C@H](CCCCN)NC(=O)CCSCc2cccc(c2)CSC[C@@H](C(N)=O)NC(=O)[C@]2(C)CCCN2C(=O)[C@H](Cc2ccc(O)cc2)NC(=O)[C@H](Cc2cnc[nH]2)NC1=O,550.0,550.0,550.0
C[C@H]1NC(=O)[C@H](CC(=O)O)NC(=O)[C@H](Cc2c[nH]c3ccc(F)cc23)NC(=O)[C@H](Cc2c[nH]c3ccc(F)cc23)NC(=O)CNC(=O)[C@H](CCCCN)NC(=O)CCSCc2cccc(c2)CSC[C@@H](C(N)=O)NC(=O)[C@]2(C)CCCN2C(=O)[C@H](Cc2ccc(O)cc2)NC1=O,6550.0,6550.0,6550.0
COc1ccc(C[C@@H]2NC(=O)[C@H](Cc3ccc(OC)cc3)NC(=O)[C@@H](CC(C)C)NC(=O)[C@H]([C@@H](C)OC)NC(=O)CCSCc3cccc(c3)CSC[C@@H](C(N)=O)NC(=O)[C@@H]3CCCN3C(=O)[C@H](Cc3ccc(OC)cc3)NC(=O)[C@H](Cc3ccc(OC)cc3)NC(=O)[C@H](CC(C)C)NC2=O)cc1,50.0,50.0,50.0
COc1ccc(C[C@@H]2NC(=O)[C@@H](CC(C)C)NC(=O)[C@H]([C@@H](C)OC)NC(=O)CCSCc3cccc(c3)CSC[C@@H](C(N)=O)NC(=O)[C@]3(C)CCCN3C(=O)[C@H](Cc3ccc(OC)cc3)NC(=O)[C@H]([C@@H](C)OC)NC(=O)[C@H](CC(C)C)N(C)C(=O)[C@H](Cc3ccc(OC)cc3)NC2=O)cc1,50.0,50.0,50.0
COc1ccc(C[C@@H]2NC(=O)CCSCc3cccc(c3)CSC[C@@H](C(N)=O)NC(=O)[C@]3(C)CCCN3C(=O)[C@H](Cc3ccc(OC)cc3)NC(=O)[C@H]([C@@H](C)OC)NC(=O)[C@H](CC(C)C)N(C)C(=O)[C@H](Cc3ccc(OC)cc3)NC(=O)[C@H](Cc3ccc(OC)cc3)N(C)C(=O)[C@@H](CC(C)C)NC2=O)cc1,50.0,50.0,50.0
COc1ccc(C[C@@H]2NC(=O)[C@@H](CC(C)C)NC(=O)[C@H](CC(C)C)NC(=O)CCSCc3cccc(c3)CSC[C@@H](C(N)=O)NC(=O)[C@]3(C)CCCN3C(=O)[C@H](Cc3ccc(OC)cc3)NC(=O)[C@H]([C@@H](C)OC)NC(=O)[C@H](CC(C)C)N(C)C(=O)[C@H](Cc3ccc(OC)cc3)NC2=O)cc1,550.0,550.0,550.0
CCC[C@@H]1NC(=O)CCSCc2cccc(c2)CSC[C@@H](C(N)=O)NC(=O)[C@@H]2CCCN2C(=O)[C@H](Cc2ccc(OC)cc2)NC(=O)[C@H]([C@@H](C)OC)NC(=O)[C@@H]2CCCN2C(=O)[C@H](Cc2cn(C)c3ccccc23)N(C)C(=O)[C@H](Cc2ccc3ccccc3c2)NC(=O)[C@@H](CC(C)C)N(C)C1=O,50.0,50.0,50.0
C[C@H]1NC(=O)[C@H](CCCCN)NC(=O)CCSCc2cc(F)cc(c2)CSC[C@@H](C(N)=O)NC(=O)[C@]2(C)CCCN2C(=O)[C@H](Cc2ccc(O)cc2)NC(=O)[C@H]([C@@H](C)O)NC(=O)[C@@H]2CCCN2C(=O)[C@H](Cc2c[nH]c3ccc(F)cc23)NC(=O)[C@H](Cc2c[nH]c3ccc(F)cc23)NC1=O,35500.0,35500.0,35500.0
C[C@@H](O)[C@@H]1NC(=O)[C@@H]2CCCN2C(=O)[C@H](Cc2c[nH]c3ccc(F)cc23)NC(=O)[C@H](Cc2c[nH]c3ccc(F)cc23)NC(=O)CNC(=O)[C@H](CCCCN)NC(=O)CCSCc2cc(F)cc(c2)CSC[C@@H](C(N)=O)NC(=O)[C@]2(C)CCCN2C(=O)[C@H](Cc2ccc(O)cc2)NC1=O,550.0,550.0,550.0
C[C@H]1NC(=O)[C@H](CCCCN)NC(=O)CCSCc2cccc(c2)CSC[C@@H](C(N)=O)NC(=O)[C@]2(C)CCCN2C(=O)[C@H](Cc2ccc(O)cc2)NC(=O)[C@H]([C@@H](C)O)NC(=O)[C@@H]2CCCN2C(=O)[C@H](Cc2c[nH]c3ccc(F)cc23)NC(=O)[C@H](Cc2c[nH]c3ccc(F)cc23)NC1=O,550.0,550.0,550.0
CC[C@@]12CCCN1C(=O)[C@H](Cc1ccc(O)cc1)NC(=O)[C@H]([C@@H](C)O)NC(=O)[C@@H]1CCCN1C(=O)[C@H](Cc1c[nH]c3ccc(F)cc13)NC(=O)[C@H](Cc1c[nH]c3ccc(F)cc13)NC(=O)CNC(=O)[C@H](CCCCN)NC(=O)CCSCc1cccc(c1)CSC[C@@H](C(N)=O)NC2=O,6550.0,6550.0,6550.0
CCC[C@@H]1NC(=O)CCSCc2cccc(c2)CSC[C@@H](C(N)=O)NC(=O)[C@@H]2CCCN2C(=O)[C@H](Cc2ccc(OC)cc2)NC(=O)[C@H]([C@@H](C)OC)N(C)C(=O)[C@@H]2CCCN2C(=O)[C@H](Cc2cn(C)c3ccccc23)NC(=O)[C@H](Cc2ccc3ccccc3c2)NC(=O)[C@@H](CC(C)C)N(C)C1=O,50.0,50.0,50.0
COc1ccc(C[C@@H]2NC(=O)[C@H]([C@@H](C)O)NC(=O)[C@@H]3CCCN3C(=O)[C@H](Cc3c[nH]c4ccc(F)cc34)NC(=O)[C@H](Cc3c[nH]c4ccc(F)cc34)NC(=O)[C@@H](C)NC(=O)[C@H](C)NC(=O)CCCCc3cccc(c3)CCCCNC(=O)[C@@H]3CCCN3C2=O)cc1,550.0,550.0,550.0
CC(C)(O)[C@@H]1NC(=O)[C@@H]2CCCN2C(=O)[C@H](Cc2c[nH]c3ccc(F)cc23)NC(=O)[C@H](Cc2c[nH]c3ccc(F)cc23)NC(=O)CNC(=O)[C@H](CCCCN)NC(=O)CCSCc2cccc(c2)CSC[C@@H](C(N)=O)NC(=O)[C@]2(C)CCCN2C(=O)[C@H](Cc2ccc(O)cc2)NC1=O,550.0,550.0,550.0
CC(C)[C@@H](O)[C@@H]1NC(=O)[C@@H]2CCCN2C(=O)[C@H](Cc2c[nH]c3ccc(F)cc23)NC(=O)[C@H](Cc2c[nH]c3ccc(F)cc23)NC(=O)CNC(=O)[C@H](CCCCN)NC(=O)CCSCc2cccc(c2)CSC[C@@H](C(N)=O)NC(=O)[C@]2(C)CCCN2C(=O)[C@H](Cc2ccc(O)cc2)NC1=O,550.0,550.0,550.0
C[C@H](O)[C@@H]1NC(=O)[C@@H]2CCCN2C(=O)[C@H](Cc2c[nH]c3ccc(F)cc23)NC(=O)[C@H](Cc2c[nH]c3ccc(F)cc23)NC(=O)CNC(=O)[C@H](CCCCN)NC(=O)CCSCc2cccc(c2)CSC[C@@H](C(N)=O)NC(=O)[C@]2(C)CCCN2C(=O)[C@H](Cc2ccc(O)cc2)NC1=O,35500.0,35500.0,35500.0
C[C@@H](O)[C@H]1CC(=O)N[C@@H](Cc2ccc(O)cc2)C(=O)N2CCC[C@@]2(C)C(=O)N[C@H](C(N)=O)CSCc2cccc(c2)CSCCC(=O)N[C@@H](CCCCN)C(=O)NCC(=O)N[C@@H](Cc2c[nH]c3ccc(F)cc23)C(=O)N[C@@H](Cc2c[nH]c3ccc(F)cc23)C(=O)N2CCC[C@H]2C(=O)N1,50.0,50.0,50.0
CC(C)[C@H]1NC(=O)[C@H](CCCCN)NC(=O)CCSCc2cccc(c2)CSC[C@@H](C(N)=O)NC(=O)[C@]2(C)CCCN2C(=O)[C@H](Cc2ccc(O)cc2)NC(=O)[C@H]([C@@H](C)O)NC(=O)[C@@H]2CCCN2C(=O)[C@H](Cc2c[nH]c3ccc(F)cc23)NC(=O)[C@H](Cc2c[nH]c3ccc(F)cc23)NC1=O,6550.0,6550.0,6550.0
CO[C@@H](C)[C@@H]1NC(=O)[C@@H]2CCCN2C(=O)[C@H](Cc2c[nH]c3ccc(F)cc23)NC(=O)[C@H](Cc2c[nH]c3ccc(F)cc23)NC(=O)[C@@H](C)NC(=O)[C@H](CCCCN)NC(=O)CCSCc2cccc(c2)CSC[C@@H](C(N)=O)NC(=O)[C@]2(C)CCCN2C(=O)[C@H](Cc2ccc(O)cc2)NC1=O,6550.0,6550.0,6550.0
COc1ccc(C[C@@H]2NC(=O)[C@H]([C@@H](C)O)NC(=O)[C@@H]3CCCN3C(=O)[C@H](Cc3c[nH]c4ccc(F)cc34)NC(=O)[C@H](Cc3c[nH]c4ccc(F)cc34)NC(=O)[C@@H](C)NC(=O)[C@H](CCCCN)NC(=O)CCSCc3cccc(c3)CSC[C@@H](C(N)=O)NC(=O)[C@]3(C)CCCN3C2=O)cc1,50.0,50.0,50.0
C[C@H]1NC(=O)[C@H](C(C)(C)C(=O)O)NC(=O)[C@H](Cc2c[nH]c3ccc(F)cc23)NC(=O)[C@H](Cc2c[nH]c3ccc(F)cc23)NC(=O)CNC(=O)[C@H](CCCCN)NC(=O)CCSCc2cccc(c2)CSC[C@@H](C(N)=O)NC(=O)[C@]2(C)CCCN2C(=O)[C@H](Cc2ccc(O)cc2)NC1=O,6550.0,6550.0,6550.0
COc1ccc(C[C@@H]2NC(=O)[C@H]([C@H](C)O)NC(=O)[C@@H]3C[C@H](F)CN3C(=O)[C@H](Cc3c[nH]c4cc(F)ccc34)NC(=O)[C@H](Cc3c[nH]c4ccc(F)cc34)NC(=O)[C@@H](C)NC(=O)CCCCCNC(=O)c3ccc(cc3)C[C@@H](C(N)=O)NC(=O)[C@]3(C)CCCN3C2=O)cc1,6550.0,6550.0,6550.0
COc1ccc(C[C@@H]2NC(=O)[C@H]([C@@H](C)O)NC(=O)[C@@H]3CCCN3C(=O)[C@H](Cc3c[nH]c4ccc(F)cc34)NC(=O)[C@H](Cc3c[nH]c4ccc(F)cc34)NC(=O)[C@@H](C)NC(=O)[C@H](CCCCN)NC(=O)CCSCc3cncc(c3)CSC[C@@H](C(N)=O)NC(=O)[C@]3(C)CCCN3C2=O)cc1,50.0,50.0,50.0
CO[C@H](C)[C@@H]1NC(=O)[C@@H]2C[C@@H](F)CN2C(=O)[C@H](Cc2c[nH]c3ccc(F)cc23)NC(=O)[C@H](Cc2c[nH]c3ccc(F)cc23)NC(=O)CNC(=O)[C@H](CCCCN)NC(=O)CCSCc2cccc(c2)CSC[C@@H](C(N)=O)NC(=O)[C@]2(C)CCCN2C(=O)[C@H](Cc2ccc(O)cc2)NC1=O,550.0,550.0,550.0
COc1ccc(C[C@@H]2NC(=O)[C@H]([C@@H](C)O)NC(=O)[C@@H]3CCCN3C(=O)[C@H](Cc3c[nH]c4ccc(F)cc34)NC(=O)[C@H](Cc3c[nH]c4ccc(F)cc34)NC(=O)[C@@H](C)NC(=O)[C@H](CCCCN)NC(=O)CCSCc3cc(O)cc(c3)CSC[C@@H](C(N)=O)NC(=O)[C@]3(C)CCCN3C2=O)cc1,35500.0,35500.0,35500.0
COc1ccc(C[C@@H]2NC(=O)[C@H]([C@@H](C)O)NC(=O)[C@@H]3CCCN3C(=O)[C@H](Cc3c[nH]c4ccc(F)cc34)NC(=O)[C@H](Cc3c[nH]c4ccc(F)cc34)NC(=O)[C@@H](C)NC(=O)[C@H](CCCCN)NC(=O)CCSCc3cc(Br)cc(c3)CSC[C@@H](C(N)=O)NC(=O)[C@]3(C)CCCN3C2=O)cc1,35500.0,35500.0,35500.0
COc1ccc(C[C@@H]2NC(=O)[C@H]([C@@H](C)O)NC(=O)[C@@H]3CCCN3C(=O)[C@H](Cc3c[nH]c4ccc(F)cc34)NC(=O)[C@H](Cc3c[nH]c4ccc(F)cc34)NC(=O)[C@@H](C)NC(=O)[C@H](CCCCN)NC(=O)CCSCc3cc(C)cc(c3)CSC[C@@H](C(N)=O)NC(=O)[C@]3(C)CCCN3C2=O)cc1,6550.0,6550.0,6550.0
COc1ccc(C[C@@H]2NC(=O)[C@H]([C@@H](C)O)NC(=O)[C@@H]3CCCN3C(=O)[C@H](Cc3c[nH]c4ccc(F)cc34)NC(=O)[C@H](Cc3c[nH]c4ccc(F)cc34)NC(=O)[C@@H](C)NC(=O)[C@H](CCCCN)NC(=O)CCSCc3cc(cc(OC)c3)CSC[C@@H](C(N)=O)NC(=O)[C@]3(C)CCCN3C2=O)cc1,6550.0,6550.0,6550.0
COc1ccc(C[C@@H]2NC(=O)[C@H]([C@@H](C)O)NC(=O)[C@@H]3CCCN3C(=O)[C@H](Cc3c[nH]c4ccc(F)cc34)NC(=O)[C@H](Cc3c[nH]c4ccc(F)cc34)NC(=O)[C@@H](C)NC(=O)[C@H](CCCCN)NC(=O)CCSCc3cc(Cl)cc(c3)CSC[C@@H](C(N)=O)NC(=O)[C@]3(C)CCCN3C2=O)cc1,6550.0,6550.0,6550.0
COc1ccc(C[C@@H]2NC(=O)[C@H]([C@@H](C)O)NC(=O)[C@@H]3CCCN3C(=O)[C@H](Cc3c[nH]c4ccc(F)cc34)NC(=O)[C@H](Cc3c[nH]c4ccc(F)cc34)NC(=O)[C@@H](C)NC(=O)[C@H](CCCCN)NC(=O)CCSCc3cccc(n3)CSC[C@@H](C(N)=O)NC(=O)[C@]3(C)CCCN3C2=O)cc1,50.0,50.0,50.0
COc1ccc(C[C@@H]2NC(=O)[C@H]([C@@H](C)O)NC(=O)[C@@H]3C[C@H](F)CN3C(=O)[C@H](Cc3c[nH]c4ccc(F)cc34)NC(=O)[C@H](Cc3c[nH]c4ccc(F)cc34)NC(=O)[C@@H](C)NC(=O)[C@H](CCCCN)NC(=O)[C@@H](NC(C)=O)CC(=O)NCc3ccc(cc3)C[C@@H](C(N)=O)NC(=O)[C@]3(C)CCCN3C2=O)cc1,50.0,50.0,50.0
COc1ccc(C[C@@H]2NC(=O)[C@H]([C@@H](C)O)NC(=O)[C@@H]3C[C@H](F)CN3C(=O)[C@H](Cc3c[nH]c4ccc(F)cc34)NC(=O)[C@H](Cc3c[nH]c4ccc(F)cc34)NC(=O)[C@@H](C)NC(=O)[C@H](CCCCN)NC(=O)[C@@H](NC(C)=O)CC(=O)NCCOc3ccc(cc3)C[C@@H](C(N)=O)NC(=O)[C@]3(C)CCCN3C2=O)cc1,50.0,50.0,50.0
COc1ccc(C[C@@H]2NC(=O)[C@H]([C@H](C)O)NC(=O)[C@@H]3C[C@H](F)CN3C(=O)[C@H](Cc3c[nH]c4ccc(F)cc34)NC(=O)[C@H](Cc3c[nH]c4ccc(F)cc34)NC(=O)[C@@H](C)NC(=O)[C@H](CCCCN)NC(=O)[C@H](NC(C)=O)CCc3cn(nn3)-c3ccc(cc3)C[C@@H](C(N)=O)NC(=O)[C@]3(C)CCCN3C2=O)cc1,50.0,50.0,50.0
COc1ccc(C[C@@H]2NC(=O)[C@H]([C@@H](C)O)NC(=O)[C@@H]3C[C@H](F)CN3C(=O)[C@H](Cc3c[nH]c4ccc(F)cc34)NC(=O)[C@H](Cc3c[nH]c4ccc(F)cc34)NC(=O)[C@@H](C)NC(=O)CNC(=O)CCCCNCc3ccc(cc3)C[C@@H](C(N)=O)NC(=O)[C@]3(C)CCCN3C2=O)cc1,50.0,50.0,50.0
CCOP(=O)(OCC)C(F)(F)c1ccc(C[C@@H]2NC(=O)[C@H]([C@@H](C)O)NC(=O)[C@@H]3CCCN3C(=O)[C@H](Cc3c[nH]c4ccc(F)cc34)NC(=O)[C@H](Cc3c[nH]c4ccc(F)cc34)NC(=O)[C@@H](C)NC(=O)[C@H](CCCCN)NC(=O)CCSCc3cccc(c3)CSCCNC(=O)[C@]3(C)CCCN3C2=O)cc1,550.0,550.0,550.0
COc1ccc(C[C@@H]2NC(=O)[C@H]([C@@H](C)O)NC(=O)[C@@H]3C[C@H](F)CN3C(=O)[C@H](Cc3c[nH]c4ccc(F)cc34)NC(=O)[C@H](Cc3c[nH]c4ccc(F)cc34)NC(=O)[C@@H](C)NC(=O)[C@H](CCCCN)NC(=O)CCC/C=C\Cc3ccc(cc3)C[C@@H](C(N)=O)NC(=O)[C@]3(C)CCCN3C2=O)cc1,35500.0,35500.0,35500.0
CCCCCCCCCCCCCCCC(=O)N[C@@H](CCC(=O)NCCOCCOCC(=O)NCCOCCOCC(=O)NCCCC[C@H](NC(=O)CCOCCOCCOCCOCCOCCOCCOCCOCCNC(=O)CCOCCOCCOCCOCCOCCOCCOCCOCCOCCOCCOCCOCCNC(=O)[C@@H]1CSCc2cccc(c2)CSCCC(=O)N[C@@H](C)C(=O)N[C@H](C)C(=O)N[C@@H](Cc2c[nH]c3ccc(F)cc23)C(=O)N[C@@H](Cc2c[nH]c3ccc(F)cc23)C(=O)[C@@H]2C[C@H](F)CN2C(=O)N[C@@H]([C@@H](C)O)C(=O)N[C@@H](Cc2ccc(O)cc2)C(=O)N2CCC[C@@]2(C)C(=O)N1)C(N)=O)C(=O)O,6550.0,6550.0,6550.0
CC1(C)NC(=O)[C@H](Cc2ccc(O)cc2)NC(=O)[C@H](Cc2cnc[nH]2)NC(=O)[C@H](CC(=O)O)NC(=O)[C@H](Cc2c[nH]c3ccc(F)cc23)NC(=O)[C@H](Cc2c[nH]c3ccc(F)cc23)NC(=O)CNC(=O)[C@H](CCCCN)NC(=O)CCSCc2cccc(c2)CSC[C@@H](C(N)=O)NC1=O,550.0,550.0,550.0
CC(C)[C@H]1C(=O)N[C@H](C(N)=O)CSCc2cccc(c2)CSCCC(=O)N[C@@H](CCCCN)C(=O)NCC(=O)N[C@@H](Cc2c[nH]c3ccc(F)cc23)C(=O)N[C@@H](Cc2c[nH]c3ccc(F)cc23)C(=O)N[C@@H](CC(=O)O)C(=O)N[C@@H](Cc2cnc[nH]2)C(=O)N[C@@H](Cc2ccc(O)cc2)C(=O)N1C,35500.0,35500.0,35500.0
C[C@@]12CCCN1C(=O)[C@H](Cc1ccc(O)cc1)NC(=O)[C@H](Cc1cnc[nH]1)NC(=O)[C@H](CC(=O)O)NC(=O)[C@H](Cc1c[nH]c3ccc(F)cc13)NC(=O)[C@H](Cc1c[nH]c3ccc(F)cc13)NC(=O)CNC(=O)[C@H](CCCN)NC(=O)CCSCc1cccc(c1)CSC[C@@H](C(N)=O)NC2=O,50.0,50.0,50.0
CC(=O)N[C@@H]1CCCCNC(=O)c2ccc(cc2)C[C@@H](C(N)=O)NC(=O)[C@]2(C)CCCN2C(=O)[C@H](Cc2ccc(O)cc2)NC(=O)[C@H](Cc2cnc[nH]2)NC(=O)[C@H](CC(=O)O)NC(=O)[C@H](Cc2c[nH]c3ccc(F)cc23)NC(=O)[C@H](Cc2c[nH]c3ccc(F)cc23)NC(=O)CNC1=O,550.0,550.0,550.0
COc1ccc(C[C@@H]2NC(=O)[C@H](CC3=NC=NC3)NC(=O)[C@H](CC(=O)O)NC(=O)[C@H](Cc3c[nH]c4ccc(F)cc34)NC(=O)[C@H](C(c3ccccc3)c3ccccc3)NC(=O)[C@@H](C)NC(=O)[C@H](CCCCN)NC(=O)CCSCc3cccc(c3)CSCCNC(=O)[C@]3(C)CCCN3C2=O)cc1,50.0,50.0,50.0
C[C@H]1NC(=O)[C@H](CCCCN)NC(=O)CCSCc2cccc(c2)CSCCNC(=O)[C@]2(C)CCCN2C(=O)[C@H](Cc2ccc(O)cc2)N(C)C(=O)[C@H](Cc2c[nH]cn2)NC(=O)[C@H](CC(=O)O)NC(=O)[C@H](Cc2c[nH]c3ccc(F)cc23)NC(=O)[C@H](Cc2c[nH]c3ccccc23)N(C)C1=O,50.0,50.0,50.0
C[C@H]1NC(=O)[C@H](CCCCN)NC(=O)CCSCc2cccc(c2)CSCCNC(=O)[C@]2(C)CCCN2C(=O)[C@H](Cc2ccc(O)cc2)N(C)C(=O)[C@H](Cc2c[nH]cn2)NC(=O)[C@H](CC(=O)O)NC(=O)[C@H](Cc2c[nH]c3ccc(F)cc23)NC(=O)[C@H](Cc2c[nH]c3ccc(F)cc23)NC1=O,50.0,50.0,50.0
C[C@@]12CCCN1C(=O)[C@H](Cc1ccc(O)cc1)NC(=O)[C@H](Cc1c[nH]cn1)NC(=O)[C@H](CC(=O)O)NC(=O)[C@H](Cc1c[nH]c3ccc(F)cc13)NC(=O)[C@H](Cc1c[nH]c3ccc(F)cc13)NC(=O)CNC(=O)C1(CC1)NC(=O)CCSCc1cccc(c1)CSC[C@@H](C(N)=O)NC2=O,50.0,50.0,50.0
C[C@@]12CCCN1C(=O)[C@H](Cc1ccc(O)cc1)NC(=O)[C@H](Cc1cnc[nH]1)NC(=O)[C@H](CC(=O)O)NC(=O)[C@H](Cc1c[nH]c3ccc(F)cc13)NC(=O)[C@H](Cc1c[nH]c3ccc(F)cc13)NC(=O)CNC(=O)[C@H](CCCCN)NC(=O)CCSCc1cc(F)cc(c1)CSC[C@@H](C(N)=O)NC2=O,35500.0,35500.0,35500.0
C[C@H]1NC(=O)[C@H](CCCCN)NC(=O)CCSCc2cc(F)cc(c2)CSCCNC(=O)[C@]2(C)CCCN2C(=O)[C@H](Cc2ccc(O)cc2)NC(=O)[C@H](Cc2cnc[nH]2)NC(=O)[C@H](CC(=O)O)NC(=O)[C@H](Cc2c[nH]c3ccc(F)cc23)NC(=O)[C@H](Cc2c[nH]c3ccc(F)cc23)NC1=O,35500.0,35500.0,35500.0
Cc1ccc(C[C@@H]2NC(=O)[C@H](Cc3c[nH]cn3)NC(=O)[C@H](CC(=O)O)NC(=O)[C@H](Cc3c[nH]c4ccc(F)cc34)NC(=O)[C@H](Cc3c[nH]c4ccc(F)cc34)NC(=O)[C@@H](C)NC(=O)[C@H](CCCCN)NC(=O)CCSCc3cccc(c3)CSCCNC(=O)[C@]3(C)CCCN3C2=O)cc1,550.0,550.0,550.0
C[C@H]1NC(=O)[C@H](CCCCN)NC(=O)CCSCc2cccc(c2)CSCCNC(=O)[C@]2(C)CCCN2C(=O)[C@H](Cc2ccc(C#N)cc2)NC(=O)[C@H](Cc2c[nH]cn2)NC(=O)[C@H](CC(=O)O)NC(=O)[C@H](Cc2c[nH]c3ccc(F)cc23)NC(=O)[C@H](Cc2c[nH]c3ccc(F)cc23)NC1=O,550.0,550.0,550.0
C[C@@H]1NC(=O)CCSCc2cccc(c2)CSC[C@@H](C(N)=O)NC(=O)[C@]2(C)CCCN2C(=O)[C@H](Cc2ccc(O)cc2)NC(=O)[C@H](Cc2cnc[nH]2)NC(=O)[C@H](CC(=O)O)NC(=O)[C@H](Cc2c[nH]c3ccc(F)cc23)NC(=O)[C@H](Cc2c[nH]c3ccc(F)cc23)NC(=O)CNC1=O,6550.0,6550.0,6550.0
CC(=O)N[C@H]1CCCCNC(=O)c2ccc(cc2)C[C@@H](C(N)=O)NC(=O)[C@]2(C)CCCN2C(=O)[C@H](Cc2ccc(O)cc2)NC(=O)[C@H](Cc2cnc[nH]2)NC(=O)[C@H](CC(=O)O)NC(=O)[C@H](Cc2c[nH]c3cc(F)ccc23)NC(=O)[C@H](Cc2c[nH]c3ccc(F)cc23)NC(=O)CNC(=O)[C@H](C)NC1=O,550.0,550.0,550.0
C[C@@]12CCCN1C(=O)[C@H](Cc1ccc(O)cc1)NC(=O)[C@H](Cc1cnc[nH]1)NC(=O)[C@H](CC(=O)O)NC(=O)[C@H](Cc1c[nH]c3cc(F)ccc13)NC(=O)[C@H](Cc1c[nH]c3ccc(F)cc13)NC(=O)CNC(=O)CCCCCNC(=O)c1ccc(cc1)C[C@@H](C(N)=O)NC2=O,6550.0,6550.0,6550.0
CC(=O)N[C@H]1CCCNC(=O)c2ccc(cc2)C[C@@H](C(N)=O)NC(=O)[C@]2(C)CCCN2C(=O)[C@H](Cc2ccc(O)cc2)NC(=O)[C@H](Cc2cnc[nH]2)NC(=O)[C@H](CC(=O)O)NC(=O)[C@H](Cc2c[nH]c3cc(F)ccc23)NC(=O)[C@H](Cc2c[nH]c3ccc(F)cc23)NC(=O)CNC(=O)[C@H](C)NC1=O,550.0,550.0,550.0
CC1(C)NC(=O)[C@H](Cc2c[nH]c3ccc(F)cc23)NC(=O)CNC(=O)[C@H](CCCCN)NC(=O)CCSCc2cccc(c2)CSC[C@@H](C(N)=O)NC(=O)[C@@H]2CCCN2C(=O)[C@H](Cc2ccc(O)cc2)NC(=O)[C@H](Cc2cnc[nH]2)NC(=O)[C@H](CC(=O)O)NC1=O,35500.0,35500.0,35500.0
CC1(C)NC(=O)[C@H](Cc2cnc[nH]2)NC(=O)[C@H](CC(=O)O)NC(=O)[C@H](Cc2c[nH]c3ccc(F)cc23)NC(=O)[C@H](Cc2c[nH]c3ccc(F)cc23)NC(=O)CNC(=O)[C@H](CCCCN)NC(=O)CCSCc2cccc(c2)CSC[C@@H](C(N)=O)NC(=O)[C@@H]2CCCN2C1=O,50.0,50.0,50.0
C[C@H]1NC(=O)[C@H](Cc2cnc[nH]2)NC(=O)[C@H](CC(=O)O)NC(=O)[C@H](Cc2c[nH]c3ccc(F)cc23)NC(=O)[C@H](Cc2c[nH]c3ccc(F)cc23)NC(=O)CNC(=O)[C@H](CCCCN)NC(=O)CCSCc2cccc(c2)CSC[C@@H](C(N)=O)NC(=O)[C@]2(C)CCCN2C1=O,550.0,550.0,550.0
C[C@H]1NC(=O)[C@H](Cc2ccc(O)cc2)NC(=O)[C@H](Cc2cnc[nH]2)NC(=O)[C@H](CC(=O)O)NC(=O)[C@H](Cc2c[nH]c3ccc(F)cc23)NC(=O)[C@H](Cc2c[nH]c3ccc(F)cc23)NC(=O)CNC(=O)[C@H](CCCCN)NC(=O)CCSCc2cccc(c2)CSC[C@@H](C(N)=O)NC1=O,35500.0,35500.0,35500.0
CC(=O)N[C@@H]1CC(=O)NCCOc2ccc(cc2)CC(C(N)=O)NC(=O)[C@]2(C)CCCN2C(=O)[C@H](Cc2ccc(O)cc2)NC(=O)[C@H](Cc2cnc[nH]2)NC(=O)[C@H](CC(=O)OCc2ccccc2)NC(=O)[C@H](Cc2c[nH]c3ccc(F)cc23)NC(=O)[C@H](Cc2c[nH]c3ccc(F)cc23)NC(=O)CNC1=O,550.0,550.0,550.0
CC(=O)N[C@@H]1CCCNC(=O)c2ccc(cc2)CC(C(N)=O)NC(=O)[C@]2(C)CCCN2C(=O)[C@H](Cc2ccc(O)cc2)NC(=O)[C@H](Cc2cnc[nH]2)NC(=O)[C@H](CC(=O)O)NC(=O)[C@H](Cc2c[nH]c3ccc(F)cc23)NC(=O)[C@H](Cc2c[nH]c3ccc(F)cc23)NC(=O)CNC1=O,50.0,50.0,50.0
NCCCC[C@@H]1NC(=O)CCSCc2ccc(cc2)CS[C@H]2C[C@@H](C(N)=O)N(C2)C(=O)[C@H](Cc2ccc(O)cc2)NC(=O)[C@H](Cc2cnc[nH]2)NC(=O)[C@H](CC(=O)O)NC(=O)[C@H](Cc2c[nH]c3ccc(F)cc23)NC(=O)[C@H](Cc2c[nH]c3ccc(F)cc23)NC(=O)CNC1=O,50.0,50.0,50.0
NCCCC[C@@H]1NC(=O)CCSCc2cccc(c2)CSC[C@@H](C(N)=O)NC(=O)[C@@H]2C[C@H](c3ccccc3)CN2C(=O)[C@H](Cc2ccc(O)cc2)NC(=O)[C@H](Cc2cnc[nH]2)NC(=O)[C@H](CC(=O)O)NC(=O)[C@H](Cc2c[nH]c3ccc(F)cc23)NC(=O)[C@H](Cc2c[nH]c3ccc(F)cc23)NC(=O)CNC1=O,550.0,550.0,550.0
C[C@@H]1NC(=O)CCCCc2ccc(cc2)CCCCNC(=O)C[C@@H](C(=O)N[C@@H](Cc2cnc[nH]2)C(=O)N[C@@H](Cc2ccc(O)cc2)C(=O)N2CCC[C@H]2C(N)=O)NC(=O)[C@H](Cc2c[nH]c3ccc(F)cc23)NC(=O)[C@H](Cc2c[nH]c3ccc(F)cc23)NC(=O)CNC1=O,550.0,550.0,550.0
CC(=O)N[C@H]1CCCCn2cc(nn2)CC[C@@H](C(N)=O)NC(=O)[C@]2(C)CCCN2C(=O)[C@H](Cc2ccc(O)cc2)NC(=O)[C@H](Cc2cnc[nH]2)NC(=O)[C@H](CC(=O)O)NC(=O)[C@H](Cc2c[nH]c3ccc(F)cc23)NC(=O)[C@H](Cc2c[nH]c3ccc(F)cc23)NC(=O)CNC(=O)[C@H](C)NC1=O,50.0,50.0,50.0
CC(=O)N[C@H]1CCCn2cc(nn2)CCC[C@@H](C(N)=O)NC(=O)[C@]2(C)CCCN2C(=O)[C@H](Cc2ccc(O)cc2)NC(=O)[C@H](Cc2cnc[nH]2)NC(=O)[C@H](CC(=O)O)NC(=O)[C@H](Cc2c[nH]c3ccc(F)cc23)NC(=O)[C@H](Cc2c[nH]c3ccc(F)cc23)NC(=O)CNC(=O)[C@H](C)NC1=O,6550.0,6550.0,6550.0
CC(=O)N[C@H]1Cc2cn(nn2)-c2ccc(cc2)C[C@@H](C(N)=O)NC(=O)[C@]2(C)CCCN2C(=O)[C@H](Cc2ccc(O)cc2)NC(=O)[C@H](Cc2cnc[nH]2)NC(=O)[C@H](CC(=O)O)NC(=O)[C@H](Cc2c[nH]c3ccc(F)cc23)NC(=O)[C@H](Cc2c[nH]c3ccc(F)cc23)NC(=O)CNC(=O)[C@H](C)NC1=O,35500.0,35500.0,35500.0
CC(=O)N[C@@H]1Cc2cn(nn2)CCC[C@@H](C(N)=O)NC(=O)[C@]2(C)CCCN2C(=O)[C@H](Cc2ccc(O)cc2)NC(=O)[C@H](Cc2cnc[nH]2)NC(=O)[C@H](CC(=O)O)NC(=O)[C@H](Cc2c[nH]c3ccc(F)cc23)NC(=O)[C@H](Cc2c[nH]c3ccc(F)cc23)NC(=O)CNC1=O,6550.0,6550.0,6550.0
CC(=O)N[C@@H]1Cc2cn(nn2)CCCC[C@@H](C(N)=O)NC(=O)[C@]2(C)CCCN2C(=O)[C@H](Cc2ccc(O)cc2)NC(=O)[C@H](Cc2cnc[nH]2)NC(=O)[C@H](CC(=O)O)NC(=O)[C@H](Cc2c[nH]c3ccc(F)cc23)NC(=O)[C@H](Cc2c[nH]c3ccc(F)cc23)NC(=O)CNC1=O,50.0,50.0,50.0
COc1ccc(C[C@@H]2NC(=O)[C@H](Cc3cnc[nH]3)NC(=O)[C@H](CC(=O)O)NC(=O)[C@H](Cc3c[nH]c4ccc(F)cc34)NC(=O)[C@H](Cc3c[nH]c4ccc(F)cc34)NC(=O)[C@@H](C)NC(=O)[C@H](CCCCN)NC(=O)CCSCc3cc(F)cc(c3)CSC[C@@H](C(N)=O)NC(=O)[C@]3(C)CCCN3C2=O)cc1,6550.0,6550.0,6550.0
CC(=O)N[C@H]1CCc2cn(nn2)CCCC[C@@H](C(N)=O)NC(=O)[C@]2(C)CCCN2C(=O)[C@H](Cc2ccc(O)cc2)NC(=O)[C@H](Cc2cnc[nH]2)NC(=O)[C@H](CC(=O)O)NC(=O)[C@H](Cc2c[nH]c3ccc(F)cc23)NC(=O)[C@H](Cc2c[nH]c3ccc(F)cc23)NC(=O)CNC(=O)[C@H](C)NC1=O,6550.0,6550.0,6550.0
NCCC[C@@H]1NC(=O)CCSCc2cccc(c2)CSC[C@@H](C(N)=O)NC(=O)[C@@H]2CCCC2C(=O)[C@H](Cc2ccc(OCC3CCCCC3)cc2)NC(=O)[C@H](Cc2cnc[nH]2)NC(=O)[C@H](CC(=O)O)NC(=O)[C@H](Cc2c[nH]c3ccc(F)cc23)NC(=O)[C@H](Cc2c[nH]c3ccc(F)cc23)NC(=O)CNC1=O,50.0,50.0,50.0
CC(=O)N[C@H]1CCCc2cn(nn2)CCC[C@@H](C(N)=O)NC(=O)[C@]2(C)CCCN2C(=O)[C@H](Cc2ccc(O)cc2)NC(=O)[C@H](Cc2cnc[nH]2)NC(=O)[C@H](CC(=O)O)NC(=O)[C@H](Cc2c[nH]c3ccc(F)cc23)NC(=O)[C@H](Cc2c[nH]c3ccc(F)cc23)NC(=O)CNC(=O)[C@H](C)NC1=O,6550.0,6550.0,6550.0
COc1ccc(C[C@@H]2NC(=O)[C@H]([C@@H](C)OC)NC(=O)[C@H](CCC(=O)O)NC(=O)[C@H](Cc3c[nH]c4ccc(F)cc34)NC(=O)[C@H](Cc3cccc(CN)c3)NC(=O)[C@@H](C)NC(=O)[C@H](C)NC(=O)CCSCc3cccc(c3)CSCCNC(=O)[C@]3(C)CCCN3C2=O)cc1,50.0,50.0,50.0
COc1ccc(C[C@@H]2NC(=O)[C@H](Cc3c[nH]cn3)NC(=O)[C@H](CC(=O)O)NC(=O)[C@H](Cc3c[nH]c4ccc(F)cc34)NC(=O)[C@H](Cc3c[nH]c4ccc(F)cc34)NC(=O)[C@@H](C3CCCC3)NC(=O)[C@H](CCCCN)NC(=O)CCSCc3cccc(c3)CSCCNC(=O)[C@]3(C)CCCN3C2=O)cc1,35500.0,35500.0,35500.0
COc1ccc(C[C@@H]2NC(=O)[C@H](CCCC(=O)O)NC(=O)[C@@H]3C[C@H](N)CN3C(=O)[C@H](Cc3c[nH]c4ccc(F)cc34)NC(=O)[C@H](Cc3c[nH]c4ccc(F)cc34)NC(=O)[C@@H](C)NC(=O)[C@H](C)NC(=O)CCSCc3ccc(cc3)CSCCNC(=O)[C@]3(C)CCCN3C2=O)cc1,35500.0,35500.0,35500.0
COc1ccc(C[C@@H]2NC(=O)[C@@H]([C@@H](C)O)NC(=O)[C@H](CCCC(=O)O)NC(=O)[C@H](Cc3c[nH]c4ccc(F)cc34)NC(=O)[C@H](Cc3cccc(CN)c3)NC(=O)[C@@H](C)NC(=O)[C@H](C)NC(=O)CCSCc3cccc(c3)CSCCNC(=O)[C@]3(C)CCCN3C2=O)cc1,50.0,50.0,50.0
COc1ccc(C[C@@H]2NC(=O)[C@H](Cc3cnc[nH]3)NC(=O)[C@H](CC(=O)O)NC(=O)[C@H](Cc3c[nH]c4ccc(F)cc34)NC(=O)[C@H](Cc3c[nH]c4ccc(F)cc34)NC(=O)[C@@H](C)NC(=O)[C@H](CCCCN)NC(=O)[C@@H](NC(C)=O)CC(=O)NCCOc3ccc(cc3)C[C@@H](C(N)=O)NC(=O)[C@]3(C)CCCN3C2=O)cc1,50.0,50.0,50.0
COc1ccc(C[C@@H]2NC(=O)[C@H](Cc3cnc[nH]3)NC(=O)[C@H](CC(=O)O)NC(=O)[C@H](Cc3c[nH]c4ccc(F)cc34)NC(=O)[C@H](Cc3c[nH]c4ccc(F)cc34)NC(=O)[C@@H](C)NC(=O)[C@H](CCCCN)NC(=O)[C@@H](NC(C)=O)CCCc3cn(nn3)-c3ccc(cc3)C[C@@H](C(N)=O)NC(=O)[C@]3(C)CCCN3C2=O)cc1,35500.0,35500.0,35500.0
C[C@@]12CCCN1C(=O)[C@H](Cc1ccc(O)cc1)NC(=O)[C@H](Cc1cnc[nH]1)NC(=O)[C@H](CC(=O)O)NC(=O)[C@H](Cc1c[nH]c3ccc(F)cc13)NC(=O)[C@H](Cc1c[nH]c3ccc(F)cc13)NC(=O)CNC(=O)[C@@H](CN)NC(=O)CCSCc1cccc(c1)CSC[C@@H](C(N)=O)NC2=O,35500.0,35500.0,35500.0
C[C@@]12CCCN1C(=O)[C@H](Cc1ccc(O)cc1)NC(=O)[C@H](Cc1cnc[nH]1)NC(=O)[C@H](CC(=O)O)NC(=O)[C@H](Cc1c[nH]c3ccc(F)cc13)NC(=O)[C@H](Cc1c[nH]c3ccc(F)cc13)NC(=O)CNC(=O)[C@@H](CCN)NC(=O)CCSCc1cccc(c1)CSC[C@@H](C(N)=O)NC2=O,550.0,550.0,550.0
Cc1cc2cc(c1)CSC[C@@H](C(N)=O)NC(=O)[C@]1(C)CCCN1C(=O)[C@H](Cc1ccc(O)cc1)NC(=O)[C@H](Cc1c[nH]cn1)NC(=O)[C@H](CC(=O)O)NC(=O)[C@H](Cc1c[nH]c3ccc(F)cc13)NC(=O)[C@H](Cc1c[nH]c3ccc(F)cc13)NC(=O)CNC(=O)[C@H](CCCCN)NC(=O)CCSC2,6550.0,6550.0,6550.0
C[C@@]12CCCN1C(=O)[C@H](Cc1ccc(O)cc1)NC(=O)[C@H](Cc1c[nH]cn1)NC(=O)[C@H](CC(=O)O)NC(=O)[C@H](Cc1c[nH]c3ccc(F)cc13)NC(=O)[C@H](Cc1c[nH]c3ccc(F)cc13)NC(=O)CNC(=O)[C@H](CCCCN)NC(=O)CCSCc1cc(Cl)cc(c1)CSC[C@@H](C(N)=O)NC2=O,50.0,50.0,50.0
C[C@@]12CCCN1C(=O)[C@H](Cc1ccc(O)cc1)NC(=O)[C@H](Cc1c[nH]cn1)NC(=O)[C@H](CC(=O)O)NC(=O)[C@H](Cc1c[nH]c3ccc(F)cc13)NC(=O)[C@H](Cc1c[nH]c3ccc(F)cc13)NC(=O)CNC(=O)[C@H](CCCCN)NC(=O)CCSCc1cc(O)cc(c1)CSC[C@@H](C(N)=O)NC2=O,50.0,50.0,50.0
C[C@@]12CCCN1C(=O)[C@H](Cc1c[nH]c3ncccc13)NC(=O)[C@H](Cc1cnc[nH]1)NC(=O)[C@H](CC(=O)O)NC(=O)[C@H](Cc1c[nH]c3ccc(F)cc13)NC(=O)[C@H](Cc1c[nH]c3ccc(F)cc13)NC(=O)CNC(=O)[C@H](CCCCN)NC(=O)CCSCc1cccc(c1)CSC[C@@H](C(N)=O)NC2=O,50.0,50.0,50.0
C[C@H]1NC(=O)[C@H](CCCCN)NC(=O)CCSCc2cccc(c2)CSC[C@@H](C(N)=O)NC(=O)[C@]2(C)CCCN2C(=O)[C@H](Cc2ccc(O)cc2)NC(=O)[C@H](Cc2cnc[nH]2)NC(=O)[C@H](C(C)(C)C(=O)O)NC(=O)[C@H](Cc2c[nH]c3ccc(F)cc23)NC(=O)[C@H](Cc2c[nH]c3ccc(F)cc23)NC1=O,50.0,50.0,50.0
COc1ccc(C[C@H]2NC(=O)[C@@H](Cc3c[nH]cn3)NC(=O)[C@@H](CC(=O)O)NC(=O)[C@@H](Cc3c[nH]c4ccc(F)cc34)NC(=O)[C@@H](Cc3c[nH]c4ccc(F)cc34)NC(=O)[C@H](C(C)(C)C)NC(=O)[C@@H](CCCCN)NC(=O)CCSCc3cccc(c3)CSCCNC(=O)[C@@]3(C)CCCN3C2=O)cc1,50.0,50.0,50.0
CS[C@H]1C[C@H]2C(=O)N[C@H](C(N)=O)CSCc3cccc(c3)CSCCC(=O)N[C@@H](CCCCN)C(=O)NCC(=O)N[C@@H](Cc3c[nH]c4ccc(F)cc34)C(=O)N[C@@H](Cc3c[nH]c4ccc(F)cc34)C(=O)N[C@@H](CC(=O)O)C(=O)N[C@@H](Cc3cnc[nH]3)C(=O)N[C@@H](Cc3ccc(O)cc3)C(=O)N2C1,50.0,50.0,50.0
CC(=O)N[C@H]1CCCNC(=O)COc2ccc(cc2)C[C@@H](C(N)=O)NC(=O)[C@]2(C)CCCN2C(=O)[C@H](Cc2ccc(O)cc2)NC(=O)[C@H](Cc2cnc[nH]2)NC(=O)[C@H](CC(=O)O)NC(=O)[C@H](Cc2c[nH]c3ccc(F)cc23)NC(=O)[C@H](Cc2c[nH]c3ccc(F)cc23)NC(=O)CNC(=O)[C@H](C)NC1=O,550.0,550.0,550.0
CC(=O)N[C@H]1CCCCNC(=O)COc2ccc(cc2)C[C@@H](C(N)=O)NC(=O)[C@]2(C)CCCN2C(=O)[C@H](Cc2ccc(O)cc2)NC(=O)[C@H](Cc2cnc[nH]2)NC(=O)[C@H](CC(=O)O)NC(=O)[C@H](Cc2c[nH]c3ccc(F)cc23)NC(=O)[C@H](Cc2c[nH]c3ccc(F)cc23)NC(=O)CNC1=O,50.0,50.0,50.0
C[C@@H]1NC(=O)CCCC(=O)NCc2ccc(cc2)C[C@@H](C(N)=O)NC(=O)[C@]2(C)CCCN2C(=O)[C@H](Cc2ccc(O)cc2)NC(=O)[C@H](Cc2cnc[nH]2)NC(=O)[C@H](CC(=O)O)NC(=O)[C@H](Cc2c[nH]c3ccc(F)cc23)NC(=O)[C@H](Cc2c[nH]c3ccc(F)cc23)NC(=O)CNC1=O,50.0,50.0,50.0
NCCCC[C@@H]1NC(=O)CCSCc2cccc(c2)CSC[C@@H](C(N)=O)NC(=O)[C@@H]2C[C@H](Oc3ccccc3)CN2C(=O)[C@H](Cc2ccc(O)cc2)NC(=O)[C@H](Cc2cnc[nH]2)NC(=O)[C@H](CC(=O)O)NC(=O)[C@H](Cc2c[nH]c3ccc(F)cc23)NC(=O)[C@H](Cc2c[nH]c3ccc(F)cc23)NC(=O)CNC1=O,50.0,50.0,50.0
COc1ccc(C[C@@H]2NC(=O)[C@H](Cc3cnc[nH]3)NC(=O)[C@H](CC(=O)O)NC(=O)[C@H](Cc3c[nH]c4cc(F)ccc34)NC(=O)[C@H](Cc3c[nH]c4ccc(F)cc34)NC(=O)[C@@H](C)NC(=O)[C@H](CCCCN)NC(=O)CCCc3cn(nn3)-c3ccc(cc3)C[C@@H](C(N)=O)NC(=O)[C@]3(C)CCCN3C2=O)cc1,50.0,50.0,50.0
C[C@@H]1NC(=O)CCCCC(=O)NCc2ccc(cc2)C[C@@H](C(N)=O)NC(=O)[C@]2(C)CCCN2C(=O)[C@H](Cc2ccc(O)cc2)NC(=O)[C@H](Cc2cnc[nH]2)NC(=O)[C@H](CC(=O)O)NC(=O)[C@H](Cc2c[nH]c3ccc(F)cc23)NC(=O)[C@H](Cc2c[nH]c3ccc(F)cc23)NC(=O)CNC1=O,50.0,50.0,50.0
COc1ccc(C[C@@H]2NC(=O)[C@H](Cc3cnc[nH]3)NC(=O)[C@H](CC(=O)O)NC(=O)[C@H](Cc3c[nH]c4ccc(F)cc34)NC(=O)[C@H](Cc3c[nH]c4ccc(F)cc34)NC(=O)[C@@H](C)NC(=O)[C@H](CCCCN)NC(=O)[C@@H](NC(C)=O)CCc3cn(nn3)-c3ccc(cc3)C[C@@H](C(N)=O)NC(=O)[C@]3(C)CCCN3C2=O)cc1,50.0,50.0,50.0
C[C@@]12CCCN1C(=O)[C@H](Cc1ccc(O)cc1)NC(=O)[C@H](Cc1cnc[nH]1)NC(=O)[C@H](CC(=O)O)NC(=O)[C@H](Cc1c[nH]c3ccc(F)cc13)NC(=O)[C@H](Cc1c[nH]c3ccc(F)cc13)NC(=O)CNC(=O)[C@H](C1(O)CC1)NC(=O)CCSCc1cccc(c1)CSC[C@@H](C(N)=O)NC2=O,550.0,550.0,550.0
CC(C)C[C@H]1NC(=O)[C@H](CCCCN)NC(=O)CCSCc2cccc(c2)CSC[C@@H](C(N)=O)NC(=O)[C@]2(C)CCCN2C(=O)[C@H](Cc2ccc(O)cc2)NC(=O)[C@H](Cc2cnc[nH]2)NC(=O)[C@H](CC(=O)O)NC(=O)[C@H](Cc2c[nH]c3ccc(F)cc23)NC(=O)[C@H](Cc2c[nH]c3ccc(F)cc23)NC1=O,50.0,50.0,50.0
CC(C)(O)[C@@H]1NC(=O)CCSCc2cccc(c2)CSC[C@@H](C(N)=O)NC(=O)[C@]2(C)CCCN2C(=O)[C@H](Cc2ccc(O)cc2)NC(=O)[C@H](Cc2cnc[nH]2)NC(=O)[C@H](CC(=O)O)NC(=O)[C@H](Cc2c[nH]c3ccc(F)cc23)NC(=O)[C@H](Cc2c[nH]c3ccc(F)cc23)NC(=O)CNC1=O,50.0,50.0,50.0
C[C@@]12CCCN1C(=O)[C@H](Cc1ccc(O)cc1)NC(=O)[C@H](Cc1cnc[nH]1)NC(=O)[C@H](CC(=O)O)NC(=O)[C@H](Cc1c[nH]c3ccc(F)cc13)NC(=O)[C@H](Cc1c[nH]c3ccc(F)cc13)NC(=O)CNC(=O)[C@H](CCO)NC(=O)CCSCc1cccc(c1)CSC[C@@H](C(N)=O)NC2=O,50.0,50.0,50.0
CO[C@@H](C)[C@@H]1NC(=O)CCSCc2cccc(c2)CSC[C@@H](C(N)=O)NC(=O)[C@]2(C)CCCN2C(=O)[C@H](Cc2ccc(O)cc2)NC(=O)[C@H](Cc2cnc[nH]2)NC(=O)[C@H](CC(=O)O)NC(=O)[C@H](Cc2c[nH]c3ccc(F)cc23)NC(=O)[C@H](Cc2c[nH]c3ccc(F)cc23)NC(=O)CNC1=O,50.0,50.0,50.0
CC[C@@]12CCCN1C(=O)[C@H](Cc1ccc(O)cc1)NC(=O)[C@H](Cc1cnc[nH]1)NC(=O)[C@H](CC(=O)O)NC(=O)[C@H](Cc1c[nH]c3ccc(F)cc13)NC(=O)[C@H](Cc1c[nH]c3ccc(F)cc13)NC(=O)CNC(=O)[C@H](CCCCN)NC(=O)CCSCc1cccc(c1)CSC[C@@H](C(N)=O)NC2=O,50.0,50.0,50.0
COc1ccc(C[C@@H]2NC(=O)[C@H](Cc3cnc[nH]3)NC(=O)[C@H](CC(=O)O)NC(=O)[C@H](Cc3c[nH]c4ccc(F)cc34)NC(=O)[C@H](Cc3c[nH]c4ccc(F)cc34)NC(=O)[C@@H](C)NC(=O)CCCCNC(=O)c3ccc(cc3)C[C@@H](C(N)=O)NC(=O)[C@]3(C)CCCN3C2=O)cc1,35500.0,35500.0,35500.0
COc1ccc(C[C@@H]2NC(=O)[C@H](Cc3cnc[nH]3)NC(=O)[C@H](CC(=O)O)NC(=O)[C@H](Cc3c[nH]c4ccc(F)cc34)NC(=O)[C@H](Cc3c[nH]c4ccc(F)cc34)NC(=O)[C@@H](C)NC(=O)[C@H](NC(C)=O)Cc3cn(nn3)-c3ccc(cc3)C[C@@H](C(N)=O)NC(=O)[C@]3(C)CCCN3C2=O)cc1,550.0,550.0,550.0
COc1ccc(C[C@@H]2NC(=O)[C@H](CCC(=O)O)NC(=O)[C@@H]3C[C@H](N)CN3C(=O)[C@H](Cc3c[nH]c4ccc(F)cc34)NC(=O)[C@H](Cc3c[nH]c4ccc(F)cc34)NC(=O)[C@@H](C)NC(=O)[C@H](C)NC(=O)CCSCc3ccc(cc3)CSCCNC(=O)[C@]3(C)CCCN3C2=O)cc1,50.0,50.0,50.0
C[C@H]1NC(=O)[C@H](CCCCN)NC(=O)CCSCc2cccc(c2)CSCCNC(=O)[C@]2(C)CCCN2C(=O)[C@H](Cc2ccc(O)cc2)N(C)C(=O)[C@H](Cc2c[nH]cn2)NC(=O)[C@H](C(C)(C)C(=O)O)NC(=O)[C@H](Cc2c[nH]c3ccc(F)cc23)NC(=O)[C@H](Cc2c[nH]c3ccc(F)cc23)NC1=O,50.0,50.0,50.0
COc1ccc(C[C@@H]2NC(=O)[C@@H]([C@@H](C)O)NC(=O)[C@H](CC(=O)O)NC(=O)[C@H](Cc3c[nH]c4ccc(F)cc34)NC(=O)[C@H](Cc3cccc(CN)c3)NC(=O)[C@@H](C)NC(=O)[C@H](C)NC(=O)CCSCc3cccc(c3)CSCCNC(=O)[C@]3(C)CCCN3C2=O)cc1,35500.0,35500.0,35500.0
COc1ccc(C[C@@H]2NC(=O)[C@@H]([C@@H](C)O)NC(=O)[C@H](CCCCC(=O)O)NC(=O)[C@H](Cc3c[nH]c4ccc(F)cc34)NC(=O)[C@H](Cc3ccc(CN)cc3)NC(=O)[C@@H](C)NC(=O)[C@H](C)NC(=O)CCSCc3cccc(c3)CSCCNC(=O)[C@]3(C)CCCN3C2=O)cc1,50.0,50.0,50.0
COc1ccc(C[C@@H]2NC(=O)[C@H](Cc3c[nH]cn3)NC(=O)[C@H](CC(=O)O)NC(=O)[C@H](Cc3c[nH]c4ccc(F)cc34)NC(=O)[C@H](Cc3c[nH]c4ccc(F)cc34)NC(=O)[C@@H](C)NC(=O)[C@H](CCCCN)NC(=O)CCSCc3cccc(c3)CSCCNC(=O)[C@]3(C)CCCN3C2=O)cc1Cl,50.0,50.0,50.0
COc1ccc(C[C@@H]2NC(=O)[C@H](Cc3c[nH]cn3)NC(=O)[C@H](CC(=O)O)NC(=O)[C@H](Cc3c[nH]c4ccc(F)cc34)NC(=O)[C@H](Cc3c[nH]c4ccc(F)cc34)NC(=O)[C@@H](C)NC(=O)[C@H](CCCCN)NC(=O)CCSCc3cccc(c3)CSCCNC(=O)[C@]3(C)CCCN3C2=O)cc1C,50.0,50.0,50.0
COc1ccc(C[C@@H]2NC(=O)C(CCCCC(=O)O)NC(=O)[C@@H]3C[C@H](N)CN3C(=O)[C@H](Cc3c[nH]c4ccc(F)cc34)NC(=O)[C@H](Cc3c[nH]c4ccc(F)cc34)NC(=O)[C@@H](C)NC(=O)[C@H](CCCN=[N+]=[N-])NC(=O)CCSCc3cccc(c3)CCSCNC(=O)[C@]3(C)CCCN3C2=O)cc1,50.0,50.0,50.0
COc1ccc(C[C@@H]2NC(=O)[C@H](Cc3cnc[nH]3)NC(=O)[C@H](CC(=O)O)NC(=O)[C@H](Cc3c[nH]c4ccc(F)cc34)NC(=O)[C@H](Cc3c[nH]c4ccc(F)cc34)NC(=O)[C@@H](C)NC(=O)Cc3cccc(c3)CNC(=O)c3ccc(cc3)C[C@@H](C(N)=O)NC(=O)[C@]3(C)CCCN3C2=O)cc1,50.0,50.0,50.0
COc1ccc(C[C@@H]2NC(=O)[C@H](Cc3cnc[nH]3)NC(=O)[C@H](CC(=O)O)NC(=O)[C@H](Cc3c[nH]c4ccc(F)cc34)NC(=O)[C@H](Cc3c[nH]c4ccc(F)cc34)NC(=O)[C@@H](C)NC(=O)Cc3ccc(cc3)CNC(=O)c3ccc(cc3)C[C@@H](C(N)=O)NC(=O)[C@]3(C)CCCN3C2=O)cc1,50.0,50.0,50.0
COc1ccc(C[C@@H]2NC(=O)[C@H](Cc3cnc[nH]3)NC(=O)[C@H](CC(=O)O)NC(=O)[C@H](Cc3c[nH]c4ccc(F)cc34)NC(=O)[C@H](Cc3c[nH]c4ccc(F)cc34)NC(=O)[C@H](C)NC(=O)[C@H](NC(C)=O)CCc3cn(nn3)-c3ccc(cc3)C[C@@H](C(N)=O)NC(=O)[C@]3(C)CCCN3C2=O)cc1,50.0,50.0,50.0
COc1ccc(C[C@@H]2NC(=O)[C@H](Cc3cnc[nH]3)NC(=O)[C@H](CC(=O)O)NC(=O)[C@H](Cc3c[nH]c4ccc(F)cc34)NC(=O)[C@H](Cc3c[nH]c4ccc(F)cc34)NC(=O)[C@@H](C)NC(=O)[C@H](CCCCN)NC(=O)[C@@H](NC(C)=O)CCCCCNC(=O)c3ccc(cc3)C[C@@H](C(N)=O)NC(=O)[C@]3(C)CCCN3C2=O)cc1,50.0,50.0,50.0
COc1ccc(C[C@@H]2NC(=O)[C@H](Cc3cnc[nH]3)NC(=O)[C@H](CC(=O)O)NC(=O)[C@H](Cc3c[nH]c4ccc(F)cc34)NC(=O)[C@H](Cc3c[nH]c4ccc(F)cc34)NC(=O)[C@@H](C)NC(=O)[C@H](NC(C)=O)CCCCNC(=O)Cc3cccc(c3)CNC(=O)C[C@@H](C(N)=O)NC(=O)[C@]3(C)CCCN3C2=O)cc1,550.0,550.0,550.0
COc1ccc(C[C@@H]2NC(=O)[C@H](Cc3cnc[nH]3)NC(=O)[C@H](CC(=O)O)NC(=O)[C@H](Cc3c[nH]c4ccc(F)cc34)NC(=O)[C@H](Cc3c[nH]c4ccc(F)cc34)NC(=O)[C@H](C)NC(=O)[C@H](NC(C)=O)CCCc3cn(nn3)-c3ccc(cc3)C[C@@H](C(N)=O)NC(=O)[C@]3(C)CCCN3C2=O)cc1,35500.0,35500.0,35500.0
COc1ccc(C[C@@H]2NC(=O)[C@H](Cc3cnc[nH]3)NC(=O)[C@H](CC(=O)O)NC(=O)[C@H](Cc3c[nH]c4ccc(F)cc34)NC(=O)[C@H](Cc3c[nH]c4ccc(F)cc34)NC(=O)[C@@H](C)NC(=O)[C@H](NC(C)=O)CCCCNC(=O)Cc3cccc(c3)CNC(=O)CC[C@@H](C(=O)O)NC(=O)[C@]3(C)CCCN3C2=O)cc1,50.0,50.0,50.0
COc1ccc(C[C@@H]2NC(=O)[C@H](Cc3cnc[nH]3)NC(=O)[C@H](CC(=O)O)NC(=O)[C@H](Cc3c[nH]c4ccc(F)cc34)NC(=O)[C@H](Cc3c[nH]c4ccc(F)cc34)NC(=O)[C@@H](C)NC(=O)[C@H](NC(C)=O)CCCCNC(=O)Cc3ccc(cc3)CNC(=O)C[C@@H](C(N)=O)NC(=O)[C@]3(C)CCCN3C2=O)cc1,6550.0,6550.0,6550.0
COc1ccc(C[C@@H]2NC(=O)[C@H](Cc3cnc[nH]3)NC(=O)[C@H](CC(=O)O)NC(=O)[C@H](Cc3c[nH]c4ccc(F)cc34)NC(=O)[C@H](Cc3c[nH]c4ccc(F)cc34)NC(=O)[C@@H](C)NC(=O)[C@H](NC(C)=O)CCCCNC(=O)Cc3ccc(cc3)CNC(=O)CC[C@@H](C(N)=O)NC(=O)[C@]3(C)CCCN3C2=O)cc1,50.0,50.0,50.0
C[C@@]12CCCN1C(=O)[C@H](Cc1ccc(O)cc1)NC(=O)[C@H](Cc1cnc[nH]1)NC(=O)[C@H](CC(=O)O)NC(=O)[C@H](Cc1c[nH]c3ccc(O)cc13)NC(=O)[C@H](Cc1c[nH]c3ccc(F)cc13)NC(=O)CNC(=O)[C@H](CCCCN)NC(=O)CCSCc1cccc(c1)CSC[C@@H](C(N)=O)NC2=O,50.0,50.0,50.0
COc1ccc(C[C@@H]2NC(=O)[C@H](Cc3cnc[nH]3)NC(=O)[C@H](CC(=O)O)NC(=O)[C@H](Cc3c[nH]c4ccc(F)cc34)NC(=O)[C@H](Cc3c[nH]c4ccc(F)cc34)NC(=O)[C@@H](C)NC(=O)CCCC(=O)NCCOc3ccc(cc3)C[C@@H](C(N)=O)NC(=O)[C@]3(C)CCCN3C2=O)cc1,550.0,550.0,550.0
COc1ccc(C[C@@H]2NC(=O)[C@H](Cc3cnc[nH]3)NC(=O)[C@H](CC(=O)O)NC(=O)[C@H](Cc3c[nH]c4ccc(F)cc34)NC(=O)[C@H](Cc3c[nH]c4ccc(F)cc34)NC(=O)[C@@H](C)NC(=O)Cc3cccc(c3)CNC(=O)CC(C(=O)O)NC(=O)[C@]3(C)CCCN3C2=O)cc1,50.0,50.0,50.0
COc1ccc(C[C@@H]2NC(=O)[C@H](Cc3cnc[nH]3)NC(=O)[C@H](CC(=O)O)NC(=O)[C@H](Cc3c[nH]c4ccc(F)cc34)NC(=O)[C@H](Cc3c[nH]c4ccc(F)cc34)NC(=O)[C@@H](C)NC(=O)Cc3ccc(cc3)NC(=O)CC(C(=O)O)NC(=O)[C@]3(C)CCCN3C2=O)cc1,6550.0,6550.0,6550.0
COc1ccc(C[C@@H]2NC(=O)[C@H](Cc3cnc[nH]3)NC(=O)[C@H](CC(=O)O)NC(=O)[C@H](Cc3c[nH]c4ccc(F)cc34)NC(=O)[C@H](Cc3c[nH]c4ccc(F)cc34)NC(=O)[C@@H](C)NC(=O)Cc3ccc(cc3)CNC(=O)C[C@@H](C(N)=O)NC(=O)[C@]3(C)CCCN3C2=O)cc1,550.0,550.0,550.0
COc1ccc(C[C@@H]2NC(=O)[C@H](Cc3cnc[nH]3)NC(=O)[C@H](CC(=O)O)NC(=O)[C@H](Cc3c[nH]c4ccc(F)cc34)NC(=O)[C@H](Cc3c[nH]c4ccc(F)cc34)NC(=O)[C@H](C)NC(=O)CCC3CCN(CC3)C(=O)[C@H](CC(N)=O)NC(=O)[C@]3(C)CCCN3C2=O)cc1,550.0,550.0,550.0
COc1ccc(C[C@@H]2NC(=O)[C@H](Cc3cnc[nH]3)NC(=O)[C@H](CC(=O)O)NC(=O)[C@H](Cc3c[nH]c4ccc(F)cc34)NC(=O)[C@H](Cc3c[nH]c4ccc(F)cc34)NC(=O)[C@@H](C)NC(=O)[C@H](CCCCN)NC(=O)CCSCc3ccc4ccc(cc4c3)CSCCNC(=O)[C@]3(C)CCCN3C2=O)cc1,50.0,50.0,50.0
C[C@H]1NC(=O)[C@H](CCCCN)NC(=O)CCSCc2cccc(c2)CSCCNC(=O)[C@]2(C)CCCN2C(=O)[C@H](C(c2ccccc2)c2ccccc2)NC(=O)[C@H](Cc2cnc[nH]2)NC(=O)[C@H](CC(=O)O)NC(=O)[C@H](Cc2c[nH]c3ccc(F)cc23)NC(=O)[C@H](Cc2c[nH]c3ccc(F)cc23)NC1=O,50.0,50.0,50.0
COc1ccc(C[C@@H]2NC(=O)[C@H](CCCC(=O)O)NC(=O)[C@H]3C[C@@H](N)CN3C(=O)[C@H](Cc3c[nH]c4ccc(F)cc34)NC(=O)[C@H](Cc3c[nH]c4ccc(F)cc34)NC(=O)[C@@H](C)NC(=O)[C@H](CCCCN=[N+]=[N-])NC(=O)CCSCc3cccc(c3)CCSCNC(=O)[C@]3(C)CCCN3C2=O)cc1,35500.0,35500.0,35500.0
COc1ccc(C[C@@H]2NC(=O)[C@H](Cc3cnc[nH]3)NC(=O)[C@H](CC(=O)O)NC(=O)[C@H](Cc3c[nH]c4ccc(F)cc34)NC(=O)[C@H](Cc3c[nH]c4ccc(F)cc34)NC(=O)[C@@H](C)NC(=O)[C@H](CCCCN)NC(=O)[C@@H](NC(C)=O)CCNC(=O)COc3ccc(cc3)C[C@@H](C(N)=O)NC(=O)[C@]3(C)CCCN3C2=O)cc1,50.0,50.0,50.0
COc1ccc(C[C@@H]2NC(=O)[C@H](Cc3cnc[nH]3)NC(=O)[C@H](CC(=O)O)NC(=O)[C@H](Cc3c[nH]c4ccc(F)cc34)NC(=O)[C@H](Cc3c[nH]c4ccc(F)cc34)NC(=O)[C@@H](C)NC(=O)CCCCSc3c(F)c(F)c(c(F)c3F)SCCNC(=O)[C@]3(C)CCCN3C2=O)cc1,50.0,50.0,50.0
COc1ccc(C[C@@H]2NC(=O)[C@@H]3CC/C=C\CC[C@H](NC(=O)[C@H](Cc4c[nH]c5ccc(F)cc45)NC(=O)[C@H](Cc4c[nH]c5ccc(F)cc45)NC(=O)[C@@H](C)NC(=O)[C@H](CCCCN)NC(=O)CCSCc4cccc(c4)CSCCNC(=O)[C@]4(C)CCCN4C2=O)C(=O)N3)cc1,6550.0,6550.0,6550.0
COc1ccc(C[C@@H]2NC(=O)[C@H]([C@@H](C)O)NC(=O)[C@@H]3CCC/C=C\COc4cccc(c4)C[C@H](NC(=O)[C@@H](C)NC(=O)[C@H](CCCCN)NC(=O)CCSCc4cccc(c4)CSCCNC(=O)[C@]4(C)CCCN4C2=O)C(=O)N[C@@H](Cc2c[nH]c4ccc(F)cc24)C(=O)N3)cc1,6550.0,6550.0,6550.0
COc1ccc(C[C@@H]2NC(=O)[C@H]([C@@H](C)O)NC(=O)[C@@H]3CCCC/C=C\CCCC[C@H](NC(=O)[C@@H](C)NC(=O)[C@H](C)NC(=O)CCSCc4cccc(c4)CSCCNC(=O)[C@]4(C)CCCN4C2=O)C(=O)N[C@@H](Cc2c[nH]c4ccc(F)cc24)C(=O)N3)cc1,550.0,550.0,550.0
COc1ccc(C[C@@H]2NC(=O)[C@H]([C@@H](C)O)NC(=O)[C@@H]3CCCCC/C=C\CC[C@H](NC(=O)[C@@H](C)NC(=O)[C@H](C)NC(=O)CCSCc4cccc(c4)CSCCNC(=O)[C@]4(C)CCCN4C2=O)C(=O)N[C@@H](Cc2c[nH]c4ccc(F)cc24)C(=O)N3)cc1,550.0,550.0,550.0
COc1ccc(C[C@@H]2NC(=O)[C@H]([C@@H](C)O)NC(=O)[C@@H]3CSCc4cccc(c4)CSC[C@H](NC(=O)[C@@H](C)NC(=O)[C@H](C)NC(=O)CCCCc4cccc(c4)CCCCNC(=O)[C@@H]4CCCN4C2=O)C(=O)N[C@@H](Cc2c[nH]c4ccc(F)cc24)C(=O)N3)cc1,550.0,550.0,550.0
C[C@@H]1NC(=O)CCSCc2cccc(c2)CSCCNC(=O)[C@]2(C)CCCN2C(=O)[C@H](Cc2ccc(O)cc2)NC(=O)[C@H](C)NC(=O)[C@@H]2C/C=C\COc3cccc(c3)C[C@@H](NC(=O)[C@@H](C)NC1=O)C(=O)N[C@@H](Cc1c[nH]c3ccc(F)cc13)C(=O)N2,6550.0,6550.0,6550.0
COc1ccc(C[C@@H]2NC(=O)[C@@H]3CCC/C=C\CO[C@H]4C[C@@H](C(=O)N3)N(C4)C(=O)[C@H](Cc3c[nH]c4ccc(F)cc34)NC(=O)[C@H](Cc3c[nH]c4ccc(F)cc34)NC(=O)[C@@H](C)NC(=O)[C@H](CCCCN)NC(=O)CCSCc3cccc(c3)CSC[C@@H](C(N)=O)NC(=O)[C@]3(C)CCCN3C2=O)cc1,6550.0,6550.0,6550.0
COc1ccc(C[C@@H]2NC(=O)[C@H]([C@@H](C)OC)NC(=O)[C@@H]3CC/C=C\COc4cccc(c4)C[C@H](NC(=O)[C@@H](C)NC(=O)[C@H](C)NC(=O)CCSCc4cccc(c4)CSCCNC(=O)[C@]4(C)CCCN4C2=O)C(=O)N[C@@H](Cc2c[nH]c4ccc(F)cc24)C(=O)N3C)cc1,50.0,50.0,50.0
COc1ccc(C[C@@H]2NC(=O)[C@H]([C@@H](C)OC)NC(=O)[C@@H]3CC/C=C\COc4cccc(c4)C[C@H](NC(=O)[C@@H](C)NC(=O)[C@H](C)NC(=O)CCSCc4cc(F)cc(c4)CSCCNC(=O)[C@]4(C)CCCN4C2=O)C(=O)N[C@@H](Cc2c[nH]c4ccc(F)cc24)C(=O)N3C)cc1,550.0,550.0,550.0
COc1ccc(C[C@@H]2NC(=O)[C@@H]3CCCCCCO[C@H]4C[C@@H](C(=O)N3)N(C4)C(=O)[C@H](Cc3c[nH]c4ccc(F)cc34)NC(=O)[C@H](Cc3c[nH]c4ccc(F)cc34)NC(=O)[C@@H](C)NC(=O)[C@H](CCCCN)NC(=O)CCSCc3cccc(c3)CSC[C@@H](C(N)=O)NC(=O)[C@]3(C)CCCN3C2=O)cc1,550.0,550.0,550.0
COc1ccc(C[C@@H]2NC(=O)[C@H]([C@@H](C)OC)NC(=O)[C@@H]3CC/C=C\COc4cccc(c4)C[C@H](NC(=O)[C@@H](C)NC(=O)[C@H](C)NC(=O)CC[S+]([O-])Cc4cc(F)cc(c4)CSCCNC(=O)[C@]4(C)CCCN4C2=O)C(=O)N[C@@H](Cc2c[nH]c4ccc(F)cc24)C(=O)N3C)cc1,50.0,50.0,50.0
COc1ccc(C[C@@H]2NC(=O)[C@@H]3CCCC/C=C\CO[C@H]4C[C@@H](C(=O)N3)N(C4)C(=O)[C@H](Cc3c[nH]c4ccc(F)cc34)NC(=O)[C@H](Cc3c[nH]c4ccc(F)cc34)NC(=O)[C@@H](C)NC(=O)[C@H](CCCCN)NC(=O)CCSCc3cccc(c3)CSC[C@@H](C(N)=O)NC(=O)[C@]3(C)CCCN3C2=O)cc1,550.0,550.0,550.0
COc1ccc(C[C@@H]2NC(=O)[C@@H]3CC/C=C\CO[C@H]4C[C@@H](C(=O)N3)N(C4)C(=O)[C@H](Cc3c[nH]c4ccc(F)cc34)NC(=O)[C@H](Cc3c[nH]c4ccc(F)cc34)NC(=O)[C@@H](C)NC(=O)[C@H](CCCCN)NC(=O)CCSCc3cccc(c3)CSC[C@@H](C(N)=O)NC(=O)[C@]3(C)CCCN3C2=O)cc1,550.0,550.0,550.0
COc1ccc(C[C@@H]2NC(=O)[C@H]([C@@H](C)OC)NC(=O)[C@@H]3CC/C=C\Cc4cccc(c4)C[C@H](NC(=O)[C@@H](C)NC(=O)[C@H](C)NC(=O)CCSCc4cccc(c4)CSCCNC(=O)[C@]4(C)CCCN4C2=O)C(=O)N[C@@H](Cc2c[nH]c4ccc(F)cc24)C(=O)N3C)cc1,550.0,550.0,550.0
COc1ccc(C[C@@H]2NC(=O)[C@@H]3CCCCCCCO[C@H]4C[C@@H](C(=O)N3)N(C4)C(=O)[C@H](Cc3c[nH]c4ccc(F)cc34)NC(=O)[C@H](Cc3c[nH]c4ccc(F)cc34)NC(=O)[C@@H](C)NC(=O)[C@H](CCCCN)NC(=O)CCSCc3cccc(c3)CSC[C@@H](C(N)=O)NC(=O)[C@]3(C)CCCN3C2=O)cc1,550.0,550.0,550.0
COc1ccc(C[C@@H]2NC(=O)[C@@H]3CCC/C=C\CO[C@H]4C[C@@H](C(=O)N3)N(C4)C(=O)[C@H](Cc3c[nH]c4ccc(F)cc34)NC(=O)[C@H](Cc3c[nH]c4ccc(F)cc34)NC(=O)[C@@H](C)NC(=O)CCCCCC(=O)NCc3ccc(cc3)C[C@@H](C(N)=O)NC(=O)[C@]3(C)CCCN3C2=O)cc1,50.0,50.0,50.0
COc1ccc(C[C@@H]2NC(=O)[C@H]([C@@H](C)OC)NC(=O)[C@@H]3CCC/C=C\c4cccc(c4)C[C@H](NC(=O)[C@@H](C)NC(=O)[C@H](C)NC(=O)CCSCc4cccc(c4)CSCCNC(=O)[C@]4(C)CCCN4C2=O)C(=O)N[C@@H](Cc2c[nH]c4ccc(F)cc24)C(=O)N3C)cc1,50.0,50.0,50.0
COc1ccc(C[C@@H]2NC(=O)[C@@H]3CC/C=C\CO[C@H]4C[C@@H](C(=O)N3)N(C4)C(=O)[C@H](Cc3c[nH]c4ccc(F)cc34)NC(=O)[C@H](Cc3c[nH]c4ccc(F)cc34)NC(=O)[C@@H](C)NC(=O)[C@H](C)NC(=O)[C@@H](NC(C)=O)CC(=O)NCc3ccc(cc3)C[C@@H](C(=O)O)NC(=O)[C@]3(C)CCCN3C2=O)cc1,550.0,550.0,550.0
COc1ccc(C[C@@H]2NC(=O)[C@H](C)NC(=O)[C@@H]3CCCCNc4cc(ccn4)C[C@H](NC(=O)[C@@H](C)NC(=O)[C@H](C)NC(=O)CCSCc4cccc(c4)CSC[C@@H](C(N)=O)NC(=O)[C@]4(C)CCCN4C2=O)C(=O)N[C@@H](Cc2c[nH]c4ccc(F)cc24)C(=O)N3)cc1,50.0,50.0,50.0
COc1ccc(C[C@@H]2NC(=O)[C@H]([C@@H](C)O)NC(=O)[C@@H]3[C@@H]4CCN3C(=O)[C@H](Cc3c[nH]c5ccc(F)cc35)NC(=O)[C@H](Cc3cccc(c3)OC/C=C\CO4)NC(=O)[C@@H](C)NC(=O)[C@H](C)NC(=O)CCSCc3cccc(c3)CSCCNC(=O)[C@]3(C)CCCN3C2=O)cc1,50.0,50.0,50.0
COc1ccc(C[C@@H]2NC(=O)[C@@H]3CCCC(=O)N[C@H]4C[C@@H](C(=O)N3)N(C4)C(=O)[C@H](Cc3c[nH]c4ccc(F)cc34)NC(=O)[C@H](Cc3c[nH]c4ccc(F)cc34)NC(=O)[C@@H](C)NC(=O)[C@H](C)NCCSCc3ccc(cc3)CSCCNC(=O)[C@]3(C)CCCN3C2=O)cc1,6550.0,6550.0,6550.0
COc1ccc(C[C@@H]2NC(=O)[C@@H]3CCCCC(=O)N[C@H]4C[C@@H](C(=O)N3)N(C4)C(=O)[C@H](Cc3c[nH]c4ccc(F)cc34)NC(=O)[C@H](Cc3c[nH]c4ccc(F)cc34)NC(=O)[C@@H](C)NC(=O)[C@H](CCCN=[N+]=[N-])NC(=O)CCSCc3cccc(c3)CCSCNC(=O)[C@]3(C)CCCN3C2=O)cc1,50.0,50.0,50.0
COc1ccc(C[C@@H]2NC(=O)[C@@H]3CCCCC(=O)N[C@H]4C[C@@H](C(=O)N3)N(C4)C(=O)[C@H](Cc3c[nH]c4ccc(F)cc34)NC(=O)[C@H](Cc3c[nH]c4ccc(F)cc34)NC(=O)[C@@H](C)NC(=O)[C@H](CCCN)NC(=O)CCSCc3cccc(c3)CCSCNC(=O)[C@]3(C)CCCN3C2=O)cc1,50.0,50.0,50.0
COc1ccc(C[C@@H]2NC(=O)[C@H](Cc3cnc[nH]3)NC(=O)[C@H](CC(=O)O)NC(=O)[C@H](Cc3c[nH]c4ccc(F)cc34)NC(=O)[C@H](Cc3c[nH]c4ccc(F)cc34)NC(=O)[C@@H](C)NC(=O)[C@H](NC(C)=O)CCCCNC(=O)Cc3ccc(cc3)CNC(=O)CCC[C@@H](C(N)=O)NC(=O)[C@]3(C)CCCN3C2=O)cc1,50.0,50.0,50.0
CC[C@H](C)[C@@H]1NC(=O)[C@@H]2CCCN2C(=O)[C@H](Cc2c[nH]c3ccc(F)cc23)NC(=O)[C@H](Cc2c[nH]c3ccc(F)cc23)NC(=O)CNC(=O)[C@H](CCCCN)NC(=O)CCSCc2cccc(c2)CSC[C@@H](C(N)=O)NC(=O)[C@]2(C)CCCN2C(=O)[C@H](Cc2ccc(O)cc2)NC1=O,35500.0,35500.0,35500.0
CC[C@H](C)[C@@H]1NC(=O)[C@@H]2CCCN2C(=O)[C@H](Cc2c[nH]c3ccc(F)cc23)NC(=O)[C@H](Cc2c[nH]c3ccc(F)cc23)NC(=O)[C@@H](C)NC(=O)[C@H](CCCCN)NC(=O)CCSCc2cc(F)cc(c2)CSC[C@@H](C(N)=O)NC(=O)[C@]2(C)CCCN2C(=O)[C@H](Cc2ccc(OC)cc2)NC1=O,35500.0,35500.0,35500.0
COc1ccc(C[C@@H]2NC(=O)[C@H](C(C)C)NC(=O)[C@@H]3CCCN3C(=O)[C@H](Cc3c[nH]c4ccc(F)cc34)NC(=O)[C@H](Cc3c[nH]c4ccc(F)cc34)NC(=O)[C@@H](C)NC(=O)[C@H](CCCCN)NC(=O)CCSCc3cccc(c3)CSC[C@@H](C(N)=O)NC(=O)[C@]3(C)CCCN3C2=O)cc1,35500.0,35500.0,35500.0
CCC[C@@H]1NC(=O)CCSCc2cccc(c2)CSC[C@@H](C(N)=O)NC(=O)[C@@H]2CCCN2C(=O)[C@H](Cc2ccc(OC)cc2)NC(=O)[C@H]([C@@H](C)OC)N(C)C(=O)[C@@H]2CCCN2C(=O)[C@H](Cc2cn(C)c3ccccc23)N(C)C(=O)[C@H](Cc2ccc3ccccc3c2)NC(=O)[C@@H](CC(C)C)N(C)C1=O,35500.0,35500.0,35500.0
COc1ccc(C[C@@H]2NC(=O)[C@H]([C@@H](C)O)NC(=O)[C@@H]3CCCN3C(=O)[C@H](Cc3c[nH]c4ccc(F)cc34)NC(=O)[C@H](Cc3c[nH]c4ccc(F)cc34)NC(=O)[C@@H](C)NC(=O)[C@H](CCCCN)NC(=O)CCSCc3cc(F)cc(c3)CSC[C@@H](C(N)=O)NC(=O)[C@]3(C)CCCN3C2=O)cc1,35500.0,35500.0,35500.0
COc1ccc(C[C@@H]2NC(=O)[C@H]([C@@H](C)O)NC(=O)[C@@H]3C[C@H](F)CN3C(=O)[C@H](Cc3c[nH]c4ccc(F)cc34)NC(=O)[C@H](Cc3c[nH]c4ccc(F)cc34)NC(=O)[C@@H](C)NC(=O)[C@H](NC(C)=O)CCC(=O)NCCOc3ccc(cc3)C[C@@H](C(N)=O)NC(=O)[C@]3(C)CCCN3C2=O)cc1,35500.0,35500.0,35500.0
COc1ccc(C[C@@H]2NC(=O)[C@H]([C@@H](C)O)NC(=O)[C@@H]3CCCN3C(=O)[C@H](Cc3c[nH]c4ccc(F)cc34)NC(=O)[C@H](Cc3c[nH]c4ccc(F)cc34)NC(=O)[C@@H](C)NC(=O)[C@H](CCCCN)NC(=O)CCSCc3cc(ccc3F)CSC[C@@H](C(N)=O)NC(=O)[C@]3(C)CCCN3C2=O)cc1,35500.0,35500.0,35500.0
CO[C@@H](C)[C@@H]1NC(=O)[C@@H]2CCCN2C(=O)[C@H](Cc2c[nH]c3ccc(F)cc23)NC(=O)[C@H](Cc2c[nH]c3ccc(F)cc23)NC(=O)CNC(=O)[C@H](CCCCN)NC(=O)CCSCc2cccc(c2)CSCCNC(=O)[C@]2(C)CCCN2C(=O)[C@H](Cc2ccc(O)cc2)NC1=O,35500.0,35500.0,35500.0
CO[C@@H](C)[C@@H]1NC(=O)[C@@H]2CCCN2C(=O)[C@H](Cc2c[nH]c3ccc(F)cc23)NC(=O)[C@H](Cc2c[nH]c3ccc(F)cc23)NC(=O)[C@@H](C)NC(=O)[C@H](CCCCN)NC(=O)CCSCc2cccc(c2)CSCCNC(=O)[C@]2(C)CCCN2C(=O)[C@H](Cc2ccc(O)cc2)NC1=O,35500.0,35500.0,35500.0
COc1ccc(C[C@@H]2NC(=O)[C@H]([C@@H](C)O)NC(=O)[C@@H]3CCCN3C(=O)[C@H](Cc3c[nH]c4ccc(F)cc34)NC(=O)[C@H](Cc3c[nH]c4ccc(F)cc34)NC(=O)[C@@H](C)NC(=O)[C@H](CCCCN)NC(=O)CCSCc3cc(cc(C(F)(F)F)c3)CSC[C@@H](C(N)=O)NC(=O)[C@]3(C)CCCN3C2=O)cc1,35500.0,35500.0,35500.0
C#CCCC[C@@H]1NC(=O)[C@H](Cc2c[nH]c3ccc(F)cc23)NC(=O)[C@H](CCCCN=[N+]=[N-])NC(=O)[C@@H](C)NC(=O)[C@H](CCCCN)NC(=O)CCSCc2cccc(c2)CSCCNC(=O)[C@]2(C)CCCN2C(=O)[C@H](Cc2ccc(OC)cc2)NC(=O)[C@H]([C@H](C)O)NC1=O,35500.0,35500.0,35500.0
COc1ccc(C[C@@H]2NC(=O)[C@H]([C@@H](C)O)NC(=O)[C@@H]3C[C@H](F)CN3C(=O)[C@H](Cc3c[nH]c4ccc(F)cc34)NC(=O)[C@H](Cc3c[nH]c4ccc(F)cc34)NC(=O)[C@@H](C)NC(=O)[C@H](CCCCN)NC(=O)[C@@H](NC(C)=O)CCNC(=O)COc3ccc(cc3)C[C@@H](C(N)=O)NC(=O)[C@]3(C)CCCN3C2=O)cc1,35500.0,35500.0,35500.0
COc1ccc(C[C@@H]2NC(=O)[C@H]([C@@H](C)O)NC(=O)[C@@H]3C[C@H](F)CN3C(=O)[C@H](Cc3c[nH]c4ccc(F)cc34)NC(=O)[C@H](Cc3c[nH]c4ccc(F)cc34)NC(=O)[C@@H](C)NC(=O)CCCCNC(=O)c3ccc(cc3)C[C@@H](C(N)=O)NC(=O)[C@]3(C)CCCN3C2=O)cc1,550.0,550.0,550.0
COc1ccc(C[C@@H]2NC(=O)[C@H]([C@@H](C)O)NC(=O)[C@@H]3C[C@H](F)CN3C(=O)[C@H](Cc3c[nH]c4ccc(F)cc34)NC(=O)[C@H](Cc3c[nH]c4ccc(F)cc34)NC(=O)[C@@H](C)NC(=O)[C@H](CCCCN)NC(=O)[C@@H](NC(C)=O)CC(=O)NCc3cccc(c3)C[C@@H](C(N)=O)NC(=O)[C@]3(C)CCCN3C2=O)cc1,35500.0,35500.0,35500.0
C#CCCC[C@@H]1NC(=O)[C@H](Cc2c[nH]c3ccc(F)cc23)NC(=O)[C@H](CCCN=[N+]=[N-])NC(=O)[C@@H](C)NC(=O)[C@H](C)NC(=O)CCSCc2cccc(c2)CSCCNC(=O)[C@]2(C)CCCN2C(=O)[C@H](Cc2ccc(OC)cc2)NC(=O)[C@H]([C@@H](C)O)NC1=O,550.0,550.0,550.0
COc1ccc(C[C@@H]2NC(=O)[C@H]([C@@H](C)O)NC(=O)[C@@H]3C[C@H](F)CN3C(=O)[C@H](Cc3c[nH]c4ccc(F)cc34)NC(=O)[C@H](Cc3c[nH]c4ccc(F)cc34)NC(=O)[C@@H](C)NC(=O)[C@H](CCCCN)NC(=O)[C@@H](NC(C)=O)CC(=O)NCc3ccccc3C[C@@H](C(N)=O)NC(=O)[C@]3(C)CCCN3C2=O)cc1,6550.0,6550.0,6550.0
COc1ccc(C[C@@H]2NC(=O)[C@@H]([C@H](C)O)NC(=O)[C@@H]3C[C@H](F)CN3C(=O)[C@H](Cc3c[nH]c4ccc(F)cc34)NC(=O)[C@H](Cc3c[nH]c4ccc(F)cc34)NC(=O)[C@@H](C)NC(=O)Cc3ccc(cc3)CNC(=O)c3ccc(cc3)C[C@@H](C(N)=O)NC(=O)[C@]3(C)CCCN3C2=O)cc1,6550.0,6550.0,6550.0
COc1ccc(C[C@@H]2NC(=O)[C@H]([C@@H](C)O)NC(=O)[C@@H]3C[C@H](F)CN3C(=O)[C@H](Cc3c[nH]c4ccc(F)cc34)NC(=O)[C@H](Cc3c[nH]c4ccc(F)cc34)NC(=O)[C@@H](C)NC(=O)CCCC(=O)NCCOc3ccc(cc3)C[C@@H](C(N)=O)NC(=O)[C@]3(C)CCCN3C2=O)cc1,550.0,550.0,550.0
COc1ccc(C[C@@H]2NC(=O)[C@@H]([C@H](C)O)NC(=O)[C@H]3C[C@@H](N)CN3C(=O)[C@H](Cc3c[nH]c4ccc(F)cc34)NC(=O)[C@H](Cc3c[nH]c4ccc(F)cc34)NC(=O)[C@@H](C)NC(=O)[C@H](CCCCN)NC(=O)CCSCc3cc(F)cc(c3)CSCCNC(=O)[C@]3(C)CCCN3C2=O)cc1,550.0,550.0,550.0
COc1ccc(C[C@@H]2NC(=O)[C@@H]([C@H](C)O)NC(=O)[C@H]3C[C@@H](N)CN3C(=O)[C@H](Cc3c[nH]c4ccc(F)cc34)NC(=O)[C@H](Cc3c[nH]c4ccc(F)cc34)NC(=O)[C@@H](C)NC(=O)[C@H](CCCCN)NC(=O)CCSCc3cccc(c3)CSCCNC(=O)[C@]3(C)CCCN3C2=O)cc1,550.0,550.0,550.0
COc1ccc(C[C@@H]2NC(=O)[C@@H]([C@H](C)O)NC(=O)[C@@H]3C[C@@H](O)CN3C(=O)[C@H](Cc3c[nH]c4ccc(F)cc34)NC(=O)[C@H](Cc3c[nH]c4ccc(F)cc34)NC(=O)[C@@H](C)NC(=O)[C@H](CCCCN)NC(=O)CCSCc3cccc(c3)CSCCNC(=O)[C@]3(C)CCCN3C2=O)cc1,550.0,550.0,550.0
COc1ccc(C[C@@H]2NC(=O)[C@@H]([C@H](C)O)NC(=O)[C@@H]3C[C@H](O)CN3C(=O)[C@H](Cc3c[nH]c4ccc(F)cc34)NC(=O)[C@H](Cc3c[nH]c4ccc(F)cc34)NC(=O)[C@@H](C)NC(=O)[C@H](CCCCN)NC(=O)CCSCc3cccc(c3)CSCCNC(=O)[C@]3(C)CCCN3C2=O)cc1,35500.0,35500.0,35500.0
COc1ccc(C[C@@H]2NC(=O)[C@@H]([C@H](C)O)NC(=O)[C@@H]3C[C@H](O)CN3C(=O)[C@H](Cc3c[nH]c4ccc(F)cc34)NC(=O)[C@H](Cc3c[nH]c4ccc(F)cc34)NC(=O)[C@@H](C)NC(=O)[C@H](CCCCN)NC(=O)CCSCc3cc(F)cc(c3)CSCCNC(=O)[C@]3(C)CCCN3C2=O)cc1,35500.0,35500.0,35500.0
COc1ccc(C[C@@H]2NC(=O)[C@@H]([C@H](C)O)NC(=O)[C@@H]3C[C@@H](O)CN3C(=O)[C@H](Cc3c[nH]c4ccc(F)cc34)NC(=O)[C@H](Cc3c[nH]c4ccc(F)cc34)NC(=O)[C@@H](C)NC(=O)[C@H](CCCCN)NC(=O)CCSCc3cc(F)cc(c3)CSCCNC(=O)[C@]3(C)CCCN3C2=O)cc1,35500.0,35500.0,35500.0
C[C@@]12CCCN1C(=O)[C@H](Cc1ccc(O)cc1)NC(=O)c1cccc(c1)CNC(=O)[C@H](Cc1c[nH]c3ccc(F)cc13)NC(=O)[C@H](Cc1c[nH]c3ccc(F)cc13)NC(=O)CNC(=O)[C@H](CCCCN)NC(=O)CCSCc1cccc(c1)CSC[C@@H](C(N)=O)NC2=O,550.0,550.0,550.0
C[C@H]1NC(=O)[C@H](CCCCN)NC(=O)CCSCc2cccc(c2)CSC[C@@H](C(N)=O)NC(=O)[C@]2(C)CCCN2C(=O)[C@H](Cc2ccc(O)cc2)NC(=O)c2cccc(c2)CNC(=O)[C@H](Cc2c[nH]c3ccc(F)cc23)NC(=O)[C@H](Cc2c[nH]c3ccc(F)cc23)NC1=O,50.0,50.0,50.0
COc1ccc(C[C@@H]2NC(=O)[C@H]([C@@H](C)O)NC(=O)[C@@H]3CCCN3C(=O)[C@H](Cc3c[nH]c4ccc(F)cc34)NC(=O)[C@H](Cc3c[nH]c4ccc(F)cc34)NC(=O)[C@@H](C)NC(=O)[C@H](CCCCN)NC(=O)CCSCc3cncc(n3)CSC[C@@H](C(N)=O)NC(=O)[C@]3(C)CCCN3C2=O)cc1,6550.0,6550.0,6550.0
COc1ccc(C[C@@H]2NC(=O)[C@H]([C@@H](C)O)NC(=O)[C@@H]3C[C@H](F)CN3C(=O)[C@H](Cc3c[nH]c4ccc(F)cc34)NC(=O)[C@H](Cc3c[nH]c4ccc(F)cc34)NC(=O)[C@@H](C)NC(=O)[C@H](CCCCN)NC(=O)[C@@H](NC(C)=O)CCCNC(=O)COc3ccc(cc3)C[C@@H](C(N)=O)NC(=O)[C@]3(C)CCCN3C2=O)cc1,50.0,50.0,50.0
COc1ccc(C[C@@H]2NC(=O)[C@H]([C@@H](C)O)NC(=O)[C@@H]3C[C@H](F)CN3C(=O)[C@H](Cc3c[nH]c4ccc(F)cc34)NC(=O)[C@H](Cc3c[nH]c4ccc(F)cc34)NC(=O)[C@@H](C)NC(=O)[C@H](CCCCN)NC(=O)CCCNC(=O)COc3ccc(cc3)C[C@@H](C(N)=O)NC(=O)[C@]3(C)CCCN3C2=O)cc1,50.0,50.0,50.0
COc1ccc(C[C@@H]2NC(=O)[C@H]([C@@H](C)O)NC(=O)[C@@H]3CC[C@H](F)N3C(=O)[C@H](Cc3c[nH]c4ccc(F)cc34)NC(=O)[C@H](Cc3c[nH]c4ccc(F)cc34)NC(=O)[C@@H](C)NC(=O)c3ccc(cc3)-c3ccc(cc3)CNCc3ccc(cc3)C[C@@H](C(N)=O)NC(=O)[C@]3(C)CCCN3C2=O)cc1,6550.0,6550.0,6550.0
COc1ccc(C[C@@H]2NC(=O)[C@H]([C@@H](C)O)NC(=O)[C@@H]3C[C@H](F)CN3C(=O)[C@H](Cc3c[nH]c4ccc(F)cc34)NC(=O)[C@H](Cc3c[nH]c4ccc(F)cc34)NC(=O)[C@@H](C)NC(=O)[C@H](CCCCN)NC(=O)[C@@H](NC(C)=O)CNC(=O)COc3ccc(cc3)C[C@@H](C(N)=O)NC(=O)[C@]3(C)CCCN3C2=O)cc1,35500.0,35500.0,35500.0
COc1ccc(C[C@@H]2NC(=O)[C@H]([C@@H](C)O)NC(=O)[C@@H]3C[C@H](F)CN3C(=O)[C@H](Cc3c[nH]c4ccc(F)cc34)NC(=O)[C@H](Cc3c[nH]c4ccc(F)cc34)NC(=O)[C@@H](C)NC(=O)[C@H](CCCCN)NC(=O)[C@@H](NC(C)=O)CC(=O)NCc3ccc(cc3)CCNC(=O)[C@]3(C)CCCN3C2=O)cc1,550.0,550.0,550.0
COc1ccc(C[C@@H]2NC(=O)[C@H]([C@@H](C)O)NC(=O)[C@@H]3C[C@H](F)CN3C(=O)[C@H](Cc3c[nH]c4ccc(F)cc34)NC(=O)[C@H](Cc3c[nH]c4ccc(F)cc34)NC(=O)[C@@H](C)NC(=O)[C@H](CCCCN)NC(=O)[C@@H](NC(C)=O)CCCC(=O)NCc3ccc(cc3)CCNC(=O)[C@]3(C)CCCN3C2=O)cc1,550.0,550.0,550.0
COc1ccc(C[C@@H]2NC(=O)[C@H]([C@@H](C)O)NC(=O)[C@@H]3C[C@H](F)CN3C(=O)[C@H](Cc3c[nH]c4ccc(F)cc34)NC(=O)[C@H](Cc3c[nH]c4ccc(F)cc34)NC(=O)[C@@H](C)NC(=O)[C@H](CCCCN)NC(=O)CCC(=O)NCc3ccc(cc3)C[C@@H](C(N)=O)NC(=O)[C@]3(C)CCCN3C2=O)cc1,50.0,50.0,50.0
COc1ccc(C[C@@H]2NC(=O)[C@H]([C@@H](C)O)NC(=O)[C@@H]3C[C@H](F)CN3C(=O)[C@H](Cc3c[nH]c4ccc(F)cc34)NC(=O)[C@H](Cc3c[nH]c4ccc(F)cc34)NC(=O)[C@@H](C)NC(=O)[C@H](CCCCN)NC(=O)CCC(=O)NCCOc3ccc(cc3)C[C@@H](C(N)=O)NC(=O)[C@]3(C)CCCN3C2=O)cc1,35500.0,35500.0,35500.0
COc1ccc(C[C@@H]2NC(=O)[C@H]([C@H](C)O)NC(=O)[C@@H]3C[C@H](F)CN3C(=O)[C@H](Cc3c[nH]c4ccc(F)cc34)NC(=O)[C@H](Cc3c[nH]c4ccc(F)cc34)NC(=O)[C@@H](C)NC(=O)CCCCC(=O)NCCOc3ccc(cc3)C[C@@H](C(N)=O)NC(=O)[C@]3(C)CCCN3C2=O)cc1,35500.0,35500.0,35500.0
CCCCCCCCCCCCCCCC(=O)N[C@@H](CCC(=O)NCCOCCOC(=O)NCCCC[C@@H]1NC(=O)[C@H](CC(=O)O)NC(=O)[C@H](Cc2c[nH]c3ccc(F)cc23)NC(=O)[C@H](Cc2c[nH]c3ccc(F)cc23)NC(=O)[C@@H](C)NC(=O)[C@H](CCCCN)NC(=O)CCSCc2cccc(c2)CSC[C@@H](C(N)=O)NC(=O)[C@]2(C)CCCN2C(=O)[C@H](Cc2ccc(O)cc2)NC1=O)C(=O)O,50.0,50.0,50.0
CCCCCCCCCCCCCCCC(=O)N[C@@H](CCC(=O)NCCOCCOCC(=O)NCCOCCOCC(=O)NCCCC[C@@H]1NC(=O)[C@H](Cc2c[nH]c3ccc(F)cc23)NC(=O)[C@H](Cc2c[nH]c3ccc(F)cc23)CC(=O)[C@@H](C)NC(=O)[C@H](CCCCN)NC(=O)CCSCc2cccc(c2)CSC[C@@H](C(N)=O)NC(=O)[C@]2(C)CCCN2C(=O)[C@H](Cc2ccc(O)cc2)NC(=O)[C@H]([C@@H](C)O)NC1=O)C(=O)O,50.0,50.0,50.0
COc1ccc(C[C@@H]2NC(=O)[C@H]([C@@H](C)O)NC(=O)[C@@H]3C[C@H](F)CN3C(=O)[C@H](Cc3c[nH]c4ccc(F)cc34)NC(=O)[C@H](Cc3c[nH]c4ccc(F)cc34)NC(=O)[C@@H](C)NC(=O)CNC(=O)[C@@H](NC(C)=O)CCNCc3ccc(cc3)C[C@@H](C(N)=O)NC(=O)[C@]3(C)CCCN3C2=O)cc1,50.0,50.0,50.0
COc1ccc(C[C@@H]2NC(=O)[C@H]([C@H](C)O)NC(=O)[C@H]3CCCN3C(=O)[C@H](Cc3c[nH]c4ccc(F)cc34)NC(=O)[C@H](Cc3c[nH]c4ccc(F)cc34)NC(=O)[C@@H](C)NC(=O)[C@H](CCCCN)NC(=O)CCSCc3cccc(c3)CSCCNC(=O)[C@]3(C)CCCN3C2=O)cc1,50.0,50.0,50.0
C[C@@]12CCCN1C(=O)[C@H](Cc1ccc(O)cc1)NC(=O)CN1CCCC[C@H](NC(=O)[C@H](Cc3c[nH]c4ccc(F)cc34)NC(=O)[C@H](Cc3c[nH]c4ccc(F)cc34)NC(=O)CNC(=O)[C@H](CCCCN)NC(=O)CCSCc3cccc(c3)CSC[C@@H](C(N)=O)NC2=O)C1=O,35500.0,35500.0,35500.0
COc1ccc(C[C@@H]2NC(=O)[C@H]([C@@H](C)O)NC(=O)[C@@H]3C[C@H](F)CN3C(=O)[C@H](Cc3c[nH]c4ccc(F)cc34)NC(=O)[C@H](Cc3c[nH]c4ccc(F)cc34)NC(=O)[C@@H](C)NC(=O)[C@H](CCCCN)NC(=O)[C@@H](NC(=O)Cc3cnc[nH]3)CC(=O)NCCOc3ccc(cc3)C[C@@H](C(N)=O)NC(=O)[C@]3(C)CCCN3C2=O)cc1,6550.0,6550.0,6550.0
COc1ccc(C[C@@H]2NC(=O)[C@H]([C@@H](C)O)NC(=O)[C@@H]3C[C@H](F)CN3C(=O)[C@H](Cc3c[nH]c4ccc(F)cc34)NC(=O)[C@H](Cc3c[nH]c4ccc(F)cc34)NC(=O)[C@@H](C)NC(=O)[C@H](CCCCN)NC(=O)[C@@H](NC(=O)CC(C)C)CC(=O)NCCOc3ccc(cc3)C[C@@H](C(N)=O)NC(=O)[C@]3(C)CCCN3C2=O)cc1,550.0,550.0,550.0
COc1ccc(C[C@@H]2NC(=O)[C@H]([C@@H](C)O)NC(=O)[C@@H]3C[C@H](F)CN3C(=O)[C@H](Cc3c[nH]c4ccc(F)cc34)NC(=O)[C@H](Cc3c[nH]c4ccc(F)cc34)NC(=O)[C@@H](C)NC(=O)[C@H](CCCCN)NC(=O)[C@@H](NC(=O)CC3CC3)CC(=O)NCCOc3ccc(cc3)C[C@@H](C(N)=O)NC(=O)[C@]3(C)CCCN3C2=O)cc1,50.0,50.0,50.0
C[C@@]12CCCN1C(=O)[C@H](Cc1ccc(O)cc1)NC(=O)CN1C(=O)[C@@H](CCc3ccccc31)NC(=O)[C@H](Cc1c[nH]c3ccc(F)cc13)NC(=O)[C@H](Cc1c[nH]c3ccc(F)cc13)NC(=O)CNC(=O)[C@H](CCCCN)NC(=O)CCSCc1cccc(c1)CSC[C@@H](C(N)=O)NC2=O,50.0,50.0,50.0
C[C@@]12CCCN1C(=O)[C@H](Cc1ccc(O)cc1)NC(=O)CN1C(=O)[C@H](CCc3ccccc31)NC(=O)[C@H](Cc1c[nH]c3ccc(F)cc13)NC(=O)[C@H](Cc1c[nH]c3ccc(F)cc13)NC(=O)CNC(=O)[C@H](CCCCN)NC(=O)CCSCc1cccc(c1)CSC[C@@H](C(N)=O)NC2=O,35500.0,35500.0,35500.0
COc1ccc(C[C@@H]2NC(=O)[C@H]([C@H](C)O)NC(=O)[C@@H]3C[C@H](F)CN3C(=O)[C@H](Cc3c[nH]c4ccc(F)cc34)NC(=O)[C@H](Cc3c[nH]c4ccc(F)cc34)NC(=O)[C@@H](C)NC(=O)[C@H](CCCCN)NC(=O)CCC(=O)NCc3ccc(cc3)CCNC(=O)[C@]3(C)CCCN3C2=O)cc1,50.0,50.0,50.0
COc1ccc(C[C@@H]2NC(=O)[C@H]([C@@H](C)O)NC(=O)[C@@H]3C[C@H](F)CN3C(=O)[C@H](Cc3c[nH]c4ccc(F)cc34)NC(=O)[C@H](Cc3c[nH]c4ccc(F)cc34)NC(=O)[C@@H](C)NC(=O)[C@H](CCCCN)NC(=O)[C@@H](NC(=O)C(C)(C)F)CC(=O)NCCOc3ccc(cc3)C[C@@H](C(N)=O)NC(=O)[C@]3(C)CCCN3C2=O)cc1,50.0,50.0,50.0
COc1ccc(C[C@@H]2NC(=O)[C@H]([C@@H](C)O)NC(=O)[C@@H]3C[C@H](F)CN3C(=O)[C@H](Cc3c[nH]c4ccc(F)cc34)NC(=O)[C@H](Cc3c[nH]c4ccc(F)cc34)NC(=O)[C@@H](C)NC(=O)[C@H](CCCCN)NC(=O)[C@@H](NC(=O)C(F)F)CC(=O)NCCOc3ccc(cc3)C[C@@H](C(N)=O)NC(=O)[C@]3(C)CCCN3C2=O)cc1,35500.0,35500.0,35500.0
COc1ccc(C[C@@H]2NC(=O)[C@H]([C@@H](C)O)NC(=O)[C@@H]3C[C@H](F)CN3C(=O)[C@H](Cc3c[nH]c4ccc(F)cc34)NC(=O)[C@H](Cc3c[nH]c4ccc(F)cc34)NC(=O)[C@@H](C)NC(=O)[C@H](CCCCN)NC(=O)[C@@H](NC(=O)CC(F)(F)F)CC(=O)NCCOc3ccc(cc3)C[C@@H](C(N)=O)NC(=O)[C@]3(C)CCCN3C2=O)cc1,35500.0,35500.0,35500.0
COc1ccc(C[C@@H]2NC(=O)[C@H]([C@@H](C)O)NC(=O)[C@@H]3C[C@H](F)CN3C(=O)[C@H](Cc3c[nH]c4ccc(F)cc34)NC(=O)[C@H](Cc3c[nH]c4ccc(F)cc34)NC(=O)[C@@H](C)NC(=O)[C@H](CCCCN)NC(=O)[C@@H](NC(=O)CO)CC(=O)NCCOc3ccc(cc3)C[C@@H](C(N)=O)NC(=O)[C@]3(C)CCCN3C2=O)cc1,550.0,550.0,550.0
COc1ccc(C[C@@H]2NC(=O)[C@H]([C@@H](C)O)NC(=O)[C@@H]3C[C@H](F)CN3C(=O)[C@H](Cc3c[nH]c4ccc(F)cc34)NC(=O)[C@H](Cc3c[nH]c4ccc(F)cc34)NC(=O)[C@@H](C)NC(=O)[C@H](CCCCN)NC(=O)CCCCNC(=O)COc3ccc(cc3)C[C@@H](C(N)=O)NC(=O)[C@]3(C)CCCN3C2=O)cc1,50.0,50.0,50.0
CCC(=O)N[C@H]1CC(=O)NCCOc2ccc(cc2)C[C@@H](C(N)=O)NC(=O)[C@]2(C)CCCN2C(=O)[C@H](Cc2ccc(OC)cc2)NC(=O)[C@H]([C@@H](C)O)NC(=O)[C@@H]2C[C@H](F)CN2C(=O)[C@H](Cc2c[nH]c3ccc(F)cc23)NC(=O)[C@H](Cc2c[nH]c3ccc(F)cc23)NC(=O)[C@@H](C)NC(=O)[C@H](CCCCN)NC1=O,35500.0,35500.0,35500.0
COc1ccc(C[C@@H]2NC(=O)[C@H]([C@@H](C)O)NC(=O)[C@@H]3C[C@H](F)CN3C(=O)[C@H](Cc3c[nH]c4ccc(F)cc34)NC(=O)[C@H](Cc3c[nH]c4ccc(F)cc34)NC(=O)[C@@H](C)NC(=O)[C@H](CCCCN)NC(=O)[C@@H](NC(=O)C(C)(C)C)CC(=O)NCCOc3ccc(cc3)C[C@@H](C(N)=O)NC(=O)[C@]3(C)CCCN3C2=O)cc1,35500.0,35500.0,35500.0
C[C@@]12CCCN1C(=O)[C@H](Cc1ccc(O)cc1)NC(=O)CCc1cccc3c1oc1c(cccc13)CCNC(=O)[C@H](Cc1c[nH]c3ccc(F)cc13)NC(=O)[C@H](Cc1c[nH]c3ccc(F)cc13)NC(=O)CNC(=O)[C@H](CCCCN)NC(=O)CCSCc1cccc(c1)CSC[C@H](C(N)=O)NC2=O,6550.0,6550.0,6550.0
C[C@@]12CCCN1C(=O)[C@H](Cc1ccc(O)cc1)NC(=O)CN1C(=O)[C@H](N=C(c3ccccc3)c3ccccc31)NC(=O)[C@H](Cc1c[nH]c3ccc(F)cc13)NC(=O)[C@H](Cc1c[nH]c3ccc(F)cc13)NC(=O)CNC(=O)[C@H](CCCCN)NC(=O)CCSCc1cccc(c1)CSC[C@@H](C(N)=O)NC2=O,50.0,50.0,50.0
C[C@@]12CCCN1C(=O)[C@H](Cc1ccc(O)cc1)NC(=O)CN1C(=O)[C@@H](N=C(c3ccccc3)c3ccccc31)NC(=O)[C@H](Cc1c[nH]c3ccc(F)cc13)NC(=O)[C@H](Cc1c[nH]c3ccc(F)cc13)NC(=O)CNC(=O)[C@H](CCCCN)NC(=O)CCSCc1cccc(c1)CSC[C@@H](C(N)=O)NC2=O,50.0,50.0,50.0
COc1ccc(C[C@@H]2NC(=O)[C@H]([C@@H](C)O)NC(=O)[C@@H]3C[C@H](F)CN3C(=O)[C@H](Cc3c[nH]c4ccc(F)cc34)NC(=O)[C@H](Cc3c[nH]c4ccc(F)cc34)NC(=O)[C@@H](C)NC(=O)[C@H](CCCCN)NC(=O)[C@@H](NC(=O)C(C)C)CC(=O)NCCOc3ccc(cc3)C[C@@H](C(N)=O)NC(=O)[C@]3(C)CCCN3C2=O)cc1,50.0,50.0,50.0
COc1ccc(C[C@@H]2NC(=O)[C@H]([C@@H](C)O)NC(=O)[C@@H]3C[C@H](F)CN3C(=O)[C@H](Cc3c[nH]c4ccc(F)cc34)NC(=O)[C@H](Cc3c[nH]c4ccc(F)cc34)NC(=O)[C@@H](C)NC(=O)[C@H](CCCCN)NC(=O)[C@@H](NC(=O)C(F)(F)F)CC(=O)NCCOc3ccc(cc3)C[C@@H](C(N)=O)NC(=O)[C@]3(C)CCCN3C2=O)cc1,50.0,50.0,50.0
COc1ccc(C[C@@H]2NC(=O)[C@H]([C@@H](C)O)NC(=O)[C@@H]3C[C@H](F)CN3C(=O)[C@H](Cc3c[nH]c4ccc(F)cc34)NC(=O)[C@H](Cc3c[nH]c4ccc(F)cc34)NC(=O)[C@@H](C)NC(=O)CCCCCC(=O)NCc3ccc(cc3)C[C@@H](C(N)=O)NC(=O)[C@]3(C)CCCN3C2=O)cc1,35500.0,35500.0,35500.0
C[C@@]12CCCN1C(=O)[C@H](Cc1ccc(O)cc1)NC(=O)CN1C(=O)[C@H](COc3ccccc31)NC(=O)[C@H](Cc1c[nH]c3ccc(F)cc13)NC(=O)[C@H](Cc1c[nH]c3ccc(F)cc13)NC(=O)CNC(=O)[C@H](CCCCN)NC(=O)CCSCc1cccc(c1)CSC[C@@H](C(N)=O)NC2=O,50.0,50.0,50.0
CC(C)C[C@H]1C(=O)N[C@@H](Cc2ccc(O)cc2)C(=O)N2CCC[C@@]2(C)C(=O)N[C@H](C(N)=O)CSCc2cccc(c2)CSCCC(=O)N[C@@H](CCCCN)C(=O)NCC(=O)N[C@@H](Cc2c[nH]c3ccc(F)cc23)C(=O)N[C@@H](Cc2c[nH]c3ccc(F)cc23)C(=O)N2CCC[C@@]23CCN1C3=O,550.0,550.0,550.0
C[C@@]12CCCN1C(=O)[C@H](Cc1ccc(O)cc1)NC(=O)CN1C(=O)[C@H](N=C(C3CCCCC3)c3ccccc31)NC(=O)[C@H](Cc1c[nH]c3ccc(F)cc13)NC(=O)[C@H](Cc1c[nH]c3ccc(F)cc13)NC(=O)CNC(=O)[C@H](CCCCN)NC(=O)CCSCc1cccc(c1)CSC[C@@H](C(N)=O)NC2=O,35500.0,35500.0,35500.0
C[C@@]12CCCN1C(=O)[C@H](Cc1ccc(O)cc1)NC(=O)CN1C(=O)[C@@H](N=C(C3CCCCC3)c3ccccc31)NC(=O)[C@H](Cc1c[nH]c3ccc(F)cc13)NC(=O)[C@H](Cc1c[nH]c3ccc(F)cc13)NC(=O)CNC(=O)[C@H](CCCCN)NC(=O)CCSCc1cccc(c1)CSC[C@@H](C(N)=O)NC2=O,50.0,50.0,50.0
COc1ccc(C[C@@H]2NC(=O)[C@H]([C@H](C)O)NC(=O)[C@@H]3C[C@H](F)CN3C(=O)[C@H](Cc3c[nH]c4ccc(F)cc34)NC(=O)[C@H](Cc3c[nH]c4ccc(F)cc34)NC(=O)[C@@H](C)NC(=O)[C@H](C)NC(=O)[C@@H](NC(C)=O)CCNC(=O)c3cccc(c3)C(=O)NCCC[C@@H](C(N)=O)NC(=O)[C@]3(C)CCCN3C2=O)cc1,35500.0,35500.0,35500.0
CCCCCCCCCCCCCCCC(=O)N[C@@H](CCC(=O)NCCOCCOCC(=O)NCCOCCOCC(=O)NCCCC[C@H](NC(C)=O)C(=O)NCCOCCOCC(=O)N[C@@H]1CSCc2cccc(c2)CSC[C@@H](C(N)=O)NC(=O)[C@]2(C)CCCN2C(=O)[C@H](Cc2ccc(O)cc2)NC(=O)[C@H]([C@@H](C)O)NC(=O)N2C[C@@H](F)C[C@H]2C(=O)[C@H](Cc2c[nH]c3ccc(F)cc23)NC(=O)[C@H](Cc2c[nH]c3ccc(F)cc23)NC(=O)[C@@H](C)NC(=O)[C@H](C)NC1=O)C(=O)O,50.0,50.0,50.0
CCCCCCCCCCCCCCCC(=O)N[C@@H](CCC(=O)NCCOCCOCC(=O)NCCOCCOCC(=O)NCCCC[C@H](NC(C)=O)C(=O)NCCOCCOCCOCCOCCOCCOCCOCCOCCOCCOCCOCCOCCC(=O)N[C@@H]1CSCc2cccc(c2)CSC[C@@H](C(N)=O)NC(=O)[C@]2(C)CCCN2C(=O)[C@H](Cc2ccc(O)cc2)NC(=O)[C@H]([C@@H](C)O)NC(=O)N2C[C@@H](F)C[C@H]2C(=O)[C@H](Cc2c[nH]c3ccc(F)cc23)NC(=O)[C@H](Cc2c[nH]c3ccc(F)cc23)NC(=O)[C@@H](C)NC(=O)[C@H](C)NC1=O)C(=O)O,50.0,50.0,50.0
COc1ccc(C[C@@H]2NC(=O)[C@H]([C@@H](C)O)NC(=O)[C@@H]3C[C@H](F)CN3C(=O)[C@H](Cc3c[nH]c4ccc(F)cc34)NC(=O)[C@H](Cc3c[nH]c4ccc(F)cc34)NC(=O)[C@@H](C)NC(=O)[C@H](CCCCN)NC(=O)[C@@H](NC(C)=O)CCC/C=C\Cc3ccc(cc3)C[C@@H](C(N)=O)NC(=O)[C@]3(C)CCCN3C2=O)cc1,35500.0,35500.0,35500.0
COc1ccc(C[C@@H]2NC(=O)[C@H]([C@@H](C)O)NC(=O)[C@@H]3C[C@H](F)CN3C(=O)[C@H](Cc3c[nH]c4ccc(F)cc34)NC(=O)[C@H](Cc3c[nH]c4ccc(F)cc34)NC(=O)[C@@H](C)NC(=O)[C@H](CCCCN)NC(=O)[C@@H](NC(C)=O)CC/C=C\Cc3ccc(cc3)C[C@@H](C(N)=O)NC(=O)[C@]3(C)CCCN3C2=O)cc1,550.0,550.0,550.0
C[C@@]12CCCN1C(=O)[C@H](Cc1ccc(O)cc1)NC(=O)N[C@H]1CCCc3ccc(cc31)C(=O)[C@H](Cc1c[nH]c3ccc(F)cc13)NC(=O)[C@H](Cc1c[nH]c3ccc(F)cc13)NC(=O)CNC(=O)[C@H](CCCCN)NC(=O)CCSCc1cccc(c1)CSC[C@@H](C(N)=O)NC2=O,6550.0,6550.0,6550.0
C[C@@]12CCCN1C(=O)[C@H](Cc1ccc(O)cc1)NC(=O)N[C@@H]1CCCc3ccc(cc31)C(=O)[C@H](Cc1c[nH]c3ccc(F)cc13)NC(=O)[C@H](Cc1c[nH]c3ccc(F)cc13)NC(=O)CNC(=O)[C@H](CCCCN)NC(=O)CCSCc1cccc(c1)CSC[C@@H](C(N)=O)NC2=O,50.0,50.0,50.0
COc1ccc(C[C@@H]2NC(=O)[C@H]([C@@H](C)O)NC(=O)[C@@H]3C[C@H](F)CN3C(=O)[C@H](Cc3c[nH]c4ccc(F)cc34)NC(=O)[C@H](Cc3c[nH]c4ccc(F)cc34)NC(=O)[C@@H](C)NC(=O)[C@H](CCCCN)NC(=O)[C@@H](NC(C)=O)CCCCCc3ccc(cc3)C[C@@H](C(N)=O)NC(=O)[C@]3(C)CCCN3C2=O)cc1,550.0,550.0,550.0
CC(=O)N[C@H]1CCc2cn(nn2)-c2ccc(cc2)C[C@@H](C(N)=O)NC(=O)[C@]2(C)CCCN2C(=O)[C@H](Cc2ccc(O)cc2)NC(=O)[C@H](Cc2cnc[nH]2)NC(=O)[C@H](CC(=O)O)NC(=O)[C@H](Cc2c[nH]c3ccc(F)cc23)NC(=O)[C@H](Cc2c[nH]c3ccc(F)cc23)NC(=O)CNC(=O)[C@H](C)NC1=O,35500.0,35500.0,35500.0
CC(=O)N[C@H]1CCCc2cn(nn2)-c2ccc(cc2)C[C@@H](C(N)=O)NC(=O)[C@]2(C)CCCN2C(=O)[C@H](Cc2ccc(O)cc2)NC(=O)[C@H](Cc2cnc[nH]2)NC(=O)[C@H](CC(=O)O)NC(=O)[C@H](Cc2c[nH]c3ccc(F)cc23)NC(=O)[C@H](Cc2c[nH]c3ccc(F)cc23)NC(=O)CNC(=O)[C@H](C)NC1=O,35500.0,35500.0,35500.0
COc1ccc(C[C@@H]2NC(=O)[C@H](Cc3cnc[nH]3)NC(=O)[C@H](CC(=O)O)NC(=O)[C@H](Cc3c[nH]c4ccc(F)cc34)NC(=O)[C@H](Cc3c[nH]c4ccc(F)cc34)NC(=O)[C@@H](C)NC(=O)[C@H](NC(C)=O)CCCCNC(=O)c3ccc(cc3)C[C@@H](C(N)=O)NC(=O)[C@]3(C)CCCN3C2=O)cc1,35500.0,35500.0,35500.0
COc1ccc(C[C@@H]2NC(=O)[C@H](Cc3cnc[nH]3)NC(=O)[C@H](CC(=O)O)NC(=O)[C@H](Cc3c[nH]c4ccc(F)cc34)NC(=O)[C@H](Cc3c[nH]c4ccc(F)cc34)NC(=O)[C@@H](C)NC(=O)[C@H](CCCCN)NC(=O)[C@@H](NC(C)=O)CC(=O)NCc3ccc(cc3)C[C@@H](C(N)=O)NC(=O)[C@]3(C)CCCN3C2=O)cc1,35500.0,35500.0,35500.0
COc1ccc(C[C@@H]2NC(=O)[C@H](Cc3cnc[nH]3)NC(=O)[C@H](CC(=O)O)NC(=O)[C@H](Cc3c[nH]c4cc(F)ccc34)NC(=O)[C@H](Cc3c[nH]c4ccc(F)cc34)NC(=O)[C@@H](C)NC(=O)CCCCCNC(=O)c3ccc(cc3)C[C@@H](C(N)=O)NC(=O)[C@]3(C)CCCN3C2=O)cc1,35500.0,35500.0,35500.0
CC(=O)N[C@H]1CNC(=O)COc2ccc(cc2)C[C@@H](C(N)=O)NC(=O)[C@]2(C)CCCN2C(=O)[C@H](Cc2ccc(O)cc2)NC(=O)[C@H](Cc2cnc[nH]2)NC(=O)[C@H](CC(=O)O)NC(=O)[C@H](Cc2c[nH]c3ccc(F)cc23)NC(=O)[C@H](Cc2c[nH]c3ccc(F)cc23)NC(=O)CNC(=O)[C@H](C)NC1=O,35500.0,35500.0,35500.0
CC(=O)N[C@H]1CCNC(=O)COc2ccc(cc2)C[C@@H](C(N)=O)NC(=O)[C@]2(C)CCCN2C(=O)[C@H](Cc2ccc(O)cc2)NC(=O)[C@H](Cc2cnc[nH]2)NC(=O)[C@H](CC(=O)O)NC(=O)[C@H](Cc2c[nH]c3ccc(F)cc23)NC(=O)[C@H](Cc2c[nH]c3ccc(F)cc23)NC(=O)CNC(=O)[C@H](C)NC1=O,35500.0,35500.0,35500.0
C[C@@]12CCCN1C(=O)[C@H](Cc1ccc(O)cc1)NC(=O)[C@H](Cc1cnc[nH]1)NC(=O)[C@H](CC(=O)O)NC(=O)[C@H](Cc1c[nH]c3ccc(F)cc13)NC(=O)[C@H](Cc1c[nH]c3ccc(F)cc13)NC(=O)CNC(=O)[C@@H](CCCN)NC(=O)CCSCc1cccc(c1)CSC[C@@H](C(N)=O)NC2=O,35500.0,35500.0,35500.0
COc1ccc(C[C@@H]2NC(=O)[C@H](Cc3cnc[nH]3)NC(=O)[C@H](CC(=O)O)NC(=O)[C@H](Cc3c[nH]c4cc(F)ccc34)NC(=O)[C@H](Cc3c[nH]c4ccc(F)cc34)NC(=O)[C@@H](C)NC(=O)[C@H](CCCCN)NC(=O)CCc3cn(nn3)-c3ccc(cc3)C[C@@H](C(N)=O)NC(=O)[C@]3(C)CCCN3C2=O)cc1,35500.0,35500.0,35500.0
CO[C@H](C)[C@@H]1NC(=O)CCSCc2cccc(c2)CSC[C@@H](C(N)=O)NC(=O)[C@]2(C)CCCN2C(=O)[C@H](Cc2ccc(O)cc2)NC(=O)[C@H](Cc2cnc[nH]2)NC(=O)[C@H](CC(=O)O)NC(=O)[C@H](Cc2c[nH]c3ccc(F)cc23)NC(=O)[C@H](Cc2c[nH]c3ccc(F)cc23)NC(=O)CNC1=O,35500.0,35500.0,35500.0
COc1ccc(C[C@@H]2NC(=O)[C@H](Cc3cnc[nH]3)NC(=O)[C@H](CC(=O)O)NC(=O)[C@H](Cc3c[nH]c4ccc(F)cc34)NC(=O)[C@H](Cc3c[nH]c4ccc(F)cc34)NC(=O)[C@@H](C)NC(=O)CCC3CCN(CC3)C(=O)c3ccc(cc3)C[C@@H](C(N)=O)NC(=O)[C@]3(C)CCCN3C2=O)cc1,35500.0,35500.0,35500.0
COc1ccc(C[C@@H]2NC(=O)[C@H](Cc3ncc[nH]3)NC(=O)[C@H](CC(=O)O)NC(=O)[C@H](Cc3c[nH]c4ccc(F)cc34)NC(=O)[C@H](Cc3c[nH]c4ccc(F)cc34)NC(=O)[C@@H](C)NC(=O)[C@H](C)NC(=O)CCSCc3cccc(c3)CSCCNC(=O)[C@]3(C)CCCN3C2=O)cc1,35500.0,35500.0,35500.0
COc1ccc(C[C@@H]2NC(=O)[C@H](Cc3cnc[nH]3)NC(=O)[C@H](CC(=O)O)NC(=O)[C@H](Cc3c[nH]c4ccc(F)cc34)NC(=O)[C@H](Cc3c[nH]c4ccc(F)cc34)NC(=O)[C@@H](C)NC(=O)CCCCC(=O)NCCOc3ccc(cc3)C[C@@H](C(N)=O)NC(=O)[C@]3(C)CCCN3C2=O)cc1,6550.0,6550.0,6550.0
COc1ccc(C[C@@H]2NC(=O)[C@H](Cc3cnc[nH]3)NC(=O)[C@H](CC(=O)O)NC(=O)[C@H](Cc3c[nH]c4ccc(F)cc34)NC(=O)[C@H](Cc3c[nH]c4ccc(F)cc34)NC(=O)[C@@H](C)NC(=O)[C@H](CCCCN)NC(=O)[C@@H](NC(C)=O)CC(=O)NCc3ccc(cc3)CCNC(=O)[C@]3(C)CCCN3C2=O)cc1,6550.0,6550.0,6550.0
COc1ccc(C[C@@H]2NC(=O)[C@H](Cc3cnc[nH]3)NC(=O)[C@H](CC(=O)O)NC(=O)[C@H](Cc3c[nH]c4ccc(F)cc34)NC(=O)[C@H](Cc3c[nH]c4ccc(F)cc34)NC(=O)[C@@H](C)NC(=O)CCCCC(=O)NCc3ccc(cc3)CC(=O)NC[C@@H](C(N)=O)NC(=O)[C@]3(C)CCCN3C2=O)cc1,6550.0,6550.0,6550.0
COc1ccc(C[C@@H]2NC(=O)[C@H](Cc3cnc[nH]3)NC(=O)[C@H](CC(=O)O)NC(=O)[C@H](Cc3c[nH]c4ccc(F)cc34)NC(=O)[C@H](Cc3c[nH]c4ccc(F)cc34)NC(=O)[C@@H](C)NC(=O)Cc3cccc(c3)NC(=O)C[C@@H](C(=O)O)NC(=O)[C@]3(C)CCCN3C2=O)cc1,35500.0,35500.0,35500.0
C[C@@]12CCCN1C(=O)[C@H](Cc1ccc(O)cc1)NC(=O)[C@H](Cc1cnc[nH]1)NC(=O)[C@H](CC(=O)O)NC(=O)[C@H](Cc1c[nH]c3ccc(F)cc13)NC(=O)[C@H](Cc1c[nH]c3ccc(O)cc13)NC(=O)CNC(=O)[C@H](CCCCN)NC(=O)CCSCc1cccc(c1)CSC[C@@H](C(N)=O)NC2=O,550.0,550.0,550.0
C[C@@]12CCCN1C(=O)[C@H](Cc1ccc(O)cc1)NC(=O)[C@H](Cc1cnc[nH]1)NC(=O)[C@H](CC(=O)O)NC(=O)[C@H](Cc1c[nH]c3ccc(O)cc13)NC(=O)[C@H](Cc1c[nH]c3ccc(O)cc13)NC(=O)CNC(=O)[C@H](CCCCN)NC(=O)CCSCc1cccc(c1)CSC[C@@H](C(N)=O)NC2=O,50.0,50.0,50.0
COc1ccc(C[C@@H]2NC(=O)[C@H](Cc3cnc[nH]3)NC(=O)[C@H](CC(=O)O)NC(=O)[C@H](Cc3c[nH]c4ccc(F)cc34)NC(=O)[C@H](Cc3c[nH]c4ccc(F)cc34)NC(=O)[C@@H](C)NC(=O)CCc3cn(nn3)-c3ccc(cc3)C[C@@H](C(N)=O)NC(=O)[C@]3(C)CCCN3C2=O)cc1,50.0,50.0,50.0
COc1ccc(C[C@@H]2NC(=O)[C@H](Cc3cnc[nH]3)NC(=O)[C@H](CC(=O)O)NC(=O)[C@H](Cc3c[nH]c4ccc(F)cc34)NC(=O)[C@H](Cc3c[nH]c4ccc(F)cc34)NC(=O)[C@@H](C)NC(=O)CCCC(=O)NCc3ccc(cc3)C[C@@H](C(N)=O)NC(=O)[C@]3(C)CCCN3C2=O)cc1,50.0,50.0,50.0
CC(=O)N[C@@H]1CCCC/C=C\CO[C@H]2C[C@@H](C(N)=O)N(C2)C(=O)[C@H](Cc2ccc(O)cc2)NC(=O)[C@H](Cc2cnc[nH]2)NC(=O)[C@H](CC(=O)O)NC(=O)[C@H](Cc2c[nH]c3ccc(F)cc23)NC(=O)[C@H](Cc2c[nH]c3ccc(F)cc23)NC(=O)CCNC1=O,35500.0,35500.0,35500.0
COc1ccc(C[C@@H]2NC(=O)[C@H](Cc3cnc[nH]3)NC(=O)[C@H](CC(=O)O)NC(=O)[C@H](Cc3c[nH]c4ccc(F)cc34)NC(=O)[C@H](Cc3c[nH]c4ccc(F)cc34)NC(=O)[C@@H](C)NC(=O)CCCCC(=O)NCc3ccc(cc3)C[C@@H](C(N)=O)NC(=O)[C@]3(C)CCCN3C2=O)cc1,550.0,550.0,550.0
CC(=O)N[C@@H]1CCC/C=C\CO[C@H]2C[C@@H](C(N)=O)N(C2)C(=O)[C@H](Cc2ccc(O)cc2)NC(=O)[C@H](Cc2cnc[nH]2)NC(=O)[C@H](CC(=O)O)NC(=O)[C@H](Cc2c[nH]c3ccc(F)cc23)NC(=O)[C@H](Cc2c[nH]c3ccc(F)cc23)NC(=O)CNC1=O,550.0,550.0,550.0
COc1ccc(C[C@@H]2NC(=O)[C@H](Cc3cnc[nH]3)NC(=O)[C@H](CC(=O)O)NC(=O)[C@H](Cc3c[nH]c4ccc(F)cc34)NC(=O)[C@H](Cc3c[nH]c4ccc(F)cc34)NC(=O)[C@@H](C)NC(=O)[C@H](CCCCN)NC(=O)[C@@H](NC(C)=O)CCC(=O)NCc3ccc(cc3)CCNC(=O)[C@]3(C)CCCN3C2=O)cc1,550.0,550.0,550.0
CC(=O)N[C@@H]1CCCC/C=C\CO[C@H]2C[C@@H](C(N)=O)N(C2)C(=O)[C@H](Cc2ccc(O)cc2)NC(=O)[C@H](Cc2cnc[nH]2)NC(=O)[C@H](CC(=O)O)NC(=O)[C@H](Cc2c[nH]c3ccc(F)cc23)NC(=O)[C@H](Cc2c[nH]c3ccc(F)cc23)NC(=O)CNC1=O,50.0,50.0,50.0
COc1ccc(C[C@@H]2NC(=O)[C@H](Cc3cnc[nH]3)NC(=O)[C@H](CC(=O)O)NC(=O)[C@H](Cc3c[nH]c4ccc(F)cc34)NC(=O)[C@H](Cc3c[nH]c4ccc(F)cc34)NC(=O)[C@@H](C)NC(=O)[C@H](CNC(=O)COCCN)NC(=O)CCSCc3cc(F)cc(c3)CSCCNC(=O)[C@]3(C)CCCN3C2=O)cc1,50.0,50.0,50.0
COc1ccc(C[C@@H]2NC(=O)[C@H](Cc3cnc[nH]3)NC(=O)[C@H](CC(=O)O)NC(=O)[C@H](Cc3c[nH]c4ccc(F)cc34)NC(=O)[C@H](Cc3c[nH]c4ccc(F)cc34)NC(=O)[C@@H](C)NC(=O)[C@H](CNC(=O)COCCN)NC(=O)CCSCc3cccc(c3)CSCCNC(=O)[C@]3(C)CCCN3C2=O)cc1,50.0,50.0,50.0
COc1ccc(C[C@@H]2NC(=O)[C@H](Cc3cnc[nH]3)NC(=O)[C@H](CC(=O)O)NC(=O)[C@H](Cc3c[nH]c4ccc(F)cc34)NC(=O)[C@H](Cc3c[nH]c4ccc(F)cc34)NC(=O)[C@@H](C)NC(=O)[C@H](CCCCC(=O)O)NC(=O)CCSCc3cccc(c3)CSCCNC(=O)[C@]3(C)CCCN3C2=O)cc1,50.0,50.0,50.0
COc1ccc(C[C@@H]2NC(=O)[C@H](Cc3cnc[nH]3)NC(=O)[C@H](CC(=O)O)NC(=O)[C@H](Cc3c[nH]c4ccc(F)cc34)NC(=O)[C@H](Cc3c[nH]c4ccc(F)cc34)NC(=O)[C@@H](C)NC(=O)[C@H](CCCCCC(=O)O)NC(=O)CCSCc3cccc(c3)CSCCNC(=O)[C@]3(C)CCCN3C2=O)cc1,6550.0,6550.0,6550.0
COc1ccc(C[C@@H]2NC(=O)[C@H](Cc3cnc[nH]3)NC(=O)[C@H](CC(=O)O)NC(=O)[C@H](Cc3c[nH]c4ccc(F)cc34)NC(=O)[C@H](Cc3c[nH]c4ccc(F)cc34)NC(=O)[C@@H](C)NC(=O)[C@H](CCCC(=O)O)NC(=O)CCSCc3cccc(c3)CSCCNC(=O)[C@]3(C)CCCN3C2=O)cc1,35500.0,35500.0,35500.0
C[C@@]12CCCN1C(=O)[C@H](Cc1ccc(O)cc1)NC(=O)[C@H](Cc1cnc[nH]1)NC(=O)[C@H](CC(=O)O)NC(=O)[C@H](Cc1c[nH]c3ccc(F)cc13)NC(=O)[C@H](Cc1c[nH]c3ccc(F)cc13)NC(=O)c1ccc(o1)CNC(=O)CCSCc1cccc(c1)CSC[C@@H](C(N)=O)NC2=O,35500.0,35500.0,35500.0
C[C@H]1NC(=O)[C@H](CCCCN)NC(=O)CCSCc2cccc(c2)CSC[C@@H](C(N)=O)NC(=O)[C@]2(C)CCCN2C(=O)[C@H](Cc2ccc(O)cc2)NC(=O)c2ccc(o2)CNC(=O)[C@H](Cc2c[nH]c3ccc(F)cc23)NC(=O)[C@H](Cc2c[nH]c3ccc(F)cc23)NC1=O,550.0,550.0,550.0
C[C@@H](c1c[nH]c2ccccc12)[C@@H]1NC(=O)CNC(=O)[C@H](CCCCN)NC(=O)CCSCc2cccc(c2)CSC[C@@H](C(N)=O)NC(=O)[C@]2(C)CCCN2C(=O)[C@H](Cc2ccc(O)cc2)NC(=O)[C@H](Cc2cnc[nH]2)NC(=O)[C@H](CC(=O)O)NC(=O)[C@H](Cc2c[nH]c3ccc(F)cc23)NC1=O,6550.0,6550.0,6550.0
CC(=O)N[C@H]1CCCC/C=C\CO[C@H]2C[C@@H](C(N)=O)N(C2)C(=O)[C@H](Cc2ccc(O)cc2)NC(=O)[C@H](Cc2cnc[nH]2)NC(=O)[C@H](CC(=O)O)NC(=O)[C@H](Cc2c[nH]c3ccc(F)cc23)NC(=O)[C@H](Cc2c[nH]c3ccc(F)cc23)NC(=O)CNC(=O)[C@H](CCCCN)NC1=O,50.0,50.0,50.0
COc1ccc(C[C@@H]2NC(=O)[C@H](Cc3cnc[nH]3)NC(=O)[C@H](CC(=O)O)NC(=O)[C@H](Cc3c[nH]c4ccc(F)cc34)NC(=O)[C@H](Cc3c[nH]c4ccc(F)cc34)NC(=O)[C@@H](C)NC(=O)CCCNC(=O)c3ccc(cc3)C[C@@H](C(N)=O)NC(=O)[C@]3(C)CCCN3C2=O)cc1,6550.0,6550.0,6550.0
CC1NC(=O)CCSCc2cccc(c2)CSC[C@@H](C(N)=O)NC(=O)[C@]2(C)CCCN2C(=O)[C@H](Cc2ccc(O)cc2)NC(=O)[C@H](Cc2cnc[nH]2)NC(=O)[C@H](CC(=O)O)NC(=O)[C@H](Cc2c[nH]c3ccc(F)cc23)NC(=O)[C@H](Cc2c[nH]c3ccc(F)cc23)NC(=O)c2cnc1s2,35500.0,35500.0,35500.0
CC1NC(=O)CC[S+]([O-])Cc2cccc(c2)C[S+]([O-])C[C@@H](C(N)=O)NC(=O)[C@]2(C)CCCN2C(=O)[C@H](Cc2ccc(O)cc2)NC(=O)[C@H](Cc2cnc[nH]2)NC(=O)[C@H](CC(=O)O)NC(=O)[C@H](Cc2c[nH]c3ccc(F)cc23)NC(=O)[C@H](Cc2c[nH]c3ccc(F)cc23)NC(=O)c2cnc1s2,50.0,50.0,50.0
COc1ccc(C[C@@H]2NC(=O)[C@H](Cc3cnc[nH]3)NC(=O)[C@H](CC(=O)O)NC(=O)[C@H](Cc3c[nH]c4ccc(F)cc34)NC(=O)[C@H](Cc3c[nH]c4ccc(F)cc34)NC(=O)[C@@H](C)NC(=O)CCC(=O)NCCOc3ccc(cc3)C[C@@H](C(N)=O)NC(=O)[C@]3(C)CCCN3C2=O)cc1,35500.0,35500.0,35500.0
NC(=O)[C@@H]1Cc2ccc(cc2)CNC(=O)CCCC(=O)NCC(=O)N[C@@H](Cc2c[nH]c3ccc(F)cc23)C(=O)N[C@@H](Cc2c[nH]c3ccc(F)cc23)C(=O)N[C@@H](CC(=O)O)C(=O)N[C@@H](Cc2cnc[nH]2)C(=O)N[C@@H](Cc2ccc(O)cc2)C(=O)N1,50.0,50.0,50.0
NC(=O)[C@@H]1Cc2ccc(cc2)CNC(=O)CCCCC(=O)NCC(=O)N[C@@H](Cc2c[nH]c3ccc(F)cc23)C(=O)N[C@@H](Cc2c[nH]c3ccc(F)cc23)C(=O)N[C@@H](CC(=O)O)C(=O)N[C@@H](Cc2cnc[nH]2)C(=O)N[C@@H](Cc2ccc(O)cc2)C(=O)N1,35500.0,35500.0,35500.0
CCCCCCCCCCCCCCCC(=O)N[C@@H](CCC(=O)NCCOCCOCC(=O)NCCOCCOCC(=O)NCC[C@H](NC(=O)CNC(=O)CNC(=O)[C@@H]1CSCc2cccc(c2)CSCCC(=O)N[C@@H](CCCCN)C(=O)N[C@H](C)C(=O)N[C@@H](Cc2c[nH]c3ccc(F)cc23)C(=O)N[C@@H](Cc2c[nH]c3ccc(F)cc23)C(=O)N[C@@H](CC(=O)O)C(=O)N[C@@H](Cc2cnc[nH]2)C(=O)N[C@@H](Cc2ccc(O)cc2)C(=O)N2CCC[C@@]2(C)C(=O)N1)C(N)=O)C(=O)O,35500.0,35500.0,35500.0
COc1ccc(C[C@@H]2NC(=O)[C@H](Cc3cnc[nH]3)NC(=O)[C@H](CC(=O)O)NC(=O)[C@H](Cc3c[nH]c4ccc(F)cc34)NC(=O)[C@H](Cc3c[nH]c4ccc(F)cc34)NC(=O)[C@@H](C)NC(=O)CCCCCC(=O)NCc3ccc(cc3)C[C@@H](C(N)=O)NC(=O)[C@]3(C)CCCN3C2=O)cc1,550.0,550.0,550.0
COc1ccc(C[C@@H]2NC(=O)[C@H](Cc3ncc[nH]3)NC(=O)[C@H](CC(=O)O)NC(=O)[C@H](Cc3c[nH]c4ccc(F)cc34)NC(=O)[C@H](Cc3c[nH]c4ccc(F)cc34)NC(=O)[C@@H](C)NC(=O)[C@H](Cc3ccc(N=C(N)N)cc3)NC(=O)CCSCc3cccc(c3)CSCCNC(=O)[C@]3(C)CCCN3C2=O)cc1,35500.0,35500.0,35500.0
CCCCCC[C@@H]1NC(=O)CCSCc2cccc(c2)CSCCNC(=O)[C@]2(C)CCCN2C(=O)[C@H](Cc2ccc(OC)cc2)NC(=O)[C@H](Cc2ncc[nH]2)NC(=O)[C@H](CC(=O)O)NC(=O)[C@H](Cc2c[nH]c3ccc(F)cc23)NC(=O)[C@H](Cc2c[nH]c3ccc(F)cc23)NC(=O)[C@@H](C)NC1=O,50.0,50.0,50.0
COc1ccc(C[C@@H]2NC(=O)[C@H](Cc3ncc[nH]3)NC(=O)[C@H](CC(=O)O)NC(=O)[C@H](Cc3c[nH]c4ccc(F)cc34)NC(=O)[C@H](Cc3c[nH]c4ccc(F)cc34)NC(=O)[C@@H](C)NC(=O)C(CC(F)(F)F)NC(=O)CCSCc3cccc(c3)CSCCNC(=O)[C@]3(C)CCCN3C2=O)cc1,35500.0,35500.0,35500.0
COc1ccc(C[C@@H]2NC(=O)[C@H](Cc3ncc[nH]3)NC(=O)[C@H](CC(=O)O)NC(=O)[C@H](Cc3c[nH]c4ccc(F)cc34)NC(=O)[C@H](Cc3c[nH]c4ccc(F)cc34)NC(=O)[C@@H](C)NC(=O)[C@H](CCC/N=C(\N)N[N+](=O)[O-])NC(=O)CCSCc3cccc(c3)CSCCNC(=O)[C@]3(C)CCCN3C2=O)cc1,35500.0,35500.0,35500.0
COc1ccc(C[C@@H]2NC(=O)[C@H](Cc3ncc[nH]3)NC(=O)[C@H](CC(=O)O)NC(=O)[C@H](Cc3c[nH]c4ccc(F)cc34)NC(=O)[C@H](Cc3c[nH]c4ccc(F)cc34)NC(=O)[C@@H](C)NC(=O)[C@H](CCC(N)=O)NC(=O)CCSCc3cccc(c3)CSCCNC(=O)[C@]3(C)CCCN3C2=O)cc1,6550.0,6550.0,6550.0
COc1ccc(C[C@@H]2NC(=O)[C@H](Cc3ncc[nH]3)NC(=O)[C@H](CC(=O)O)NC(=O)[C@H](Cc3c[nH]c4ccc(F)cc34)NC(=O)[C@H](Cc3c[nH]c4ccc(F)cc34)NC(=O)[C@@H](C)NC(=O)[C@H](CNC(=O)COCCOCCN)NC(=O)CCSCc3cccc(c3)CSCCNC(=O)[C@]3(C)CCCN3C2=O)cc1,550.0,550.0,550.0
CC(C)C1NC(=O)CCSCc2cccc(c2)CSC[C@@H](C(N)=O)NC(=O)[C@]2(C)CCCN2C(=O)[C@H](Cc2ccc(O)cc2)NC(=O)[C@H](Cc2c[nH]cn2)NC(=O)[C@H](CC(=O)O)NC(=O)[C@H](Cc2c[nH]c3ccc(F)cc23)NC(=O)[C@H](Cc2c[nH]c3ccc(F)cc23)NC(=O)c2cnc1[nH]2,550.0,550.0,550.0
COc1ccc(C[C@@H]2NC(=O)[C@H](Cc3cnc[nH]3)NC(=O)[C@H](CC(=O)O)NC(=O)[C@H](Cc3c[nH]c4ccc(F)cc34)NC(=O)[C@H](Cc3c[nH]c4ccc(F)cc34)NC(=O)[C@@H](C)NC(=O)[C@H](NC(C)=O)CCC(=O)NCc3ccc(cc3)CCNC(=O)C[C@@H](C(N)=O)NC(=O)[C@]3(C)CCCN3C2=O)cc1,550.0,550.0,550.0
CCCCCCCCCCCCCCCC(=O)N[C@@H](CCC(=O)NCCOCCOCC(=O)NCCOCCOCC(=O)NCCCC[C@@H]1NC(=O)[C@H](CCCCN)NC(=O)CCSCc2cccc(c2)CSC[C@@H](C(N)=O)NC(=O)[C@]2(C)CCCN2C(=O)[C@H](Cc2ccc(O)cc2)NC(=O)[C@H](Cc2cnc[nH]2)NC(=O)[C@H](CC(=O)O)NC(=O)[C@H](Cc2c[nH]c3ccc(F)cc23)NC(=O)[C@H](Cc2c[nH]c3ccc(F)cc23)NC1=O)C(=O)O,50.0,50.0,50.0
CCCCCCCCCCCCCCCC(=O)N[C@@H](CCC(=O)NCCOCCOCC(=O)NCCOCCOCC(=O)NCc1ccc(C[C@@H]2NC(=O)[C@@H](C)NC(=O)[C@H](CCCCN)NC(=O)CCSCc3cccc(c3)CSC[C@@H](C(N)=O)NC(=O)[C@]3(C)CCCN3C(=O)[C@H](Cc3ccc(O)cc3)NC(=O)[C@H](Cc3cnc[nH]3)NC(=O)[C@H](CC(=O)O)NC(=O)[C@H](Cc3c[nH]c4ccc(F)cc34)NC2=O)cc1)C(=O)O,50.0,50.0,50.0
CCCCCCCCCCCCCCCC(=O)N[C@@H](CCC(=O)NCCOCCOCC(=O)NCCOCCOCC(=O)NCc1cccc(C[C@@H]2NC(=O)[C@@H](C)NC(=O)[C@H](CCCCN)NC(=O)CCSCc3cccc(c3)CSC[C@@H](C(N)=O)NC(=O)[C@]3(C)CCCN3C(=O)[C@H](Cc3ccc(O)cc3)NC(=O)[C@H](Cc3cnc[nH]3)NC(=O)[C@H](CC(=O)O)NC(=O)[C@H](Cc3c[nH]c4ccc(F)cc34)NC2=O)c1)C(=O)O,50.0,50.0,50.0
NC(=O)[C@@H]1Cc2ccc(cc2)CNC(=O)CCCCCC(=O)NCC(=O)N[C@@H](Cc2c[nH]c3ccc(F)cc23)C(=O)N[C@@H](Cc2c[nH]c3ccc(F)cc23)C(=O)N[C@@H](CC(=O)O)C(=O)N[C@@H](Cc2cnc[nH]2)C(=O)N[C@@H](Cc2ccc(O)cc2)C(=O)N1,6550.0,6550.0,6550.0
CCCCCCCCCCCCCCCC(=O)N[C@@H](CCC(=O)NCCOCCOCC(=O)NCCOCCOCC(=O)NCCCC[C@@H]1NC(=O)CCSCc2cccc(c2)CSC[C@@H](C(N)=O)NC(=O)[C@]2(C)CCCN2C(=O)[C@H](Cc2ccc(O)cc2)NC(=O)[C@H](Cc2cnc[nH]2)NC(=O)[C@H](CC(=O)O)NC(=O)[C@H](Cc2c[nH]c3ccc(F)cc23)NC(=O)[C@H](Cc2c[nH]c3ccc(F)cc23)NC(=O)[C@@H](C)NC1=O)C(=O)O,35500.0,35500.0,35500.0
NC(=O)[C@@H]1Cc2cccc(c2)CNC(=O)CCCCC(=O)NCC(=O)N[C@@H](Cc2c[nH]c3ccc(F)cc23)C(=O)N[C@@H](Cc2c[nH]c3ccc(F)cc23)C(=O)N[C@@H](CC(=O)O)C(=O)N[C@@H](Cc2cnc[nH]2)C(=O)N[C@@H](Cc2ccc(O)cc2)C(=O)N1,35500.0,35500.0,35500.0
NC(=O)[C@@H]1Cc2cccc(c2)CNC(=O)CCCC(=O)NCC(=O)N[C@@H](Cc2c[nH]c3ccc(F)cc23)C(=O)N[C@@H](Cc2c[nH]c3ccc(F)cc23)C(=O)N[C@@H](CC(=O)O)C(=O)N[C@@H](Cc2ncc[nH]2)C(=O)N[C@@H](Cc2ccc(O)cc2)C(=O)N1,35500.0,35500.0,35500.0
CCCc1cccc(C[C@@H]2NC(=O)[C@@H](C)NC(=O)[C@H](C)NC(=O)CCSCc3cccc(c3)CSCCNC(=O)[C@]3(C)CCCN3C(=O)[C@H](Cc3ccc(OC)cc3)NC[C@H]([C@@H](C)OC)NC(=O)[C@@H]3[C@@H](O)CCN3C(=O)[C@H](Cc3c[nH]c4ccc(F)cc34)NC2=O)c1,35500.0,35500.0,35500.0
C[C@@H]1NC(=O)[C@H](Cc2c[nH]c3ccc(F)cc23)NC(=O)[C@H](Cc2c[nH]c3ccc(F)cc23)NC(=O)[C@@H](C)NC(=O)[C@H](CCCCN)NC(=O)CCSCc2cccc(c2)CSC[C@@H](C(N)=O)NC(=O)[C@]2(C)CCCN2C(=O)[C@H](Cc2ccc(O)cc2)NC(=O)c2cnc1s2,50.0,50.0,50.0
COc1ccc(C[C@@H]2NC(=O)[C@H](Cc3cnc[nH]3)NC(=O)[C@H](CC(=O)O)NC(=O)[C@H](Cc3c[nH]c4ccc(F)cc34)NC(=O)[C@H](Cc3c[nH]c4ccc(F)cc34)NC(=O)[C@@H](C)NC(=O)[C@H](CCCC[N+](C)(C)C)NC(=O)CCSCc3cccc(c3)CSCCNC(=O)[C@]3(C)CCCN3C2=O)cc1,35500.0,35500.0,35500.0
COc1ccc(C[C@@H]2NC(=O)[C@H](Cc3ncc[nH]3)NC(=O)[C@H](CC(=O)O)NC(=O)[C@H](Cc3c[nH]c4ccc(F)cc34)NC(=O)[C@H](Cc3c[nH]c4ccc(F)cc34)NC(=O)[C@@H](C)NC(=O)[C@H](CCCC[N+](C)(C)C)NC(=O)CCSCc3cc(F)cc(c3)CSCCNC(=O)[C@]3(C)CCCN3C2=O)cc1,6550.0,6550.0,6550.0
COc1ccc(C[C@@H]2NC(=O)[C@H](Cc3ncc[nH]3)NC(=O)[C@H](CC(=O)O)NC(=O)[C@H](Cc3c[nH]c4ccc(F)cc34)NC(=O)[C@H](Cc3c[nH]c4ccc(F)cc34)NC(=O)[C@@H](C)NC(=O)[C@H](CCCCN(C)C)NC(=O)CCSCc3cccc(c3)CSCCNC(=O)[C@]3(C)CCCN3C2=O)cc1,550.0,550.0,550.0
COc1ccc(C[C@@H]2NC(=O)[C@H](Cc3ncc[nH]3)NC(=O)[C@H](CC(=O)O)NC(=O)[C@H](Cc3c[nH]c4ccc(F)cc34)NC(=O)[C@H](Cc3c[nH]c4ccc(F)cc34)NC(=O)[C@@H](C)NC(=O)[C@H](CCCCN(C)C)NC(=O)CCSCc3cc(F)cc(c3)CSCCNC(=O)[C@]3(C)CCCN3C2=O)cc1,6550.0,6550.0,6550.0
CNCCCC[C@@H]1NC(=O)CCSCc2cc(F)cc(c2)CSCCNC(=O)[C@]2(C)CCCN2C(=O)[C@H](Cc2ccc(OC)cc2)NC(=O)[C@H](Cc2ncc[nH]2)NC(=O)[C@H](CC(=O)O)NC(=O)[C@H](Cc2c[nH]c3ccc(F)cc23)NC(=O)[C@H](Cc2c[nH]c3ccc(F)cc23)NC(=O)[C@@H](C)NC1=O,6550.0,6550.0,6550.0
CC(=O)N[C@H]1CCCC/C=C\CO[C@@H]2CCN(C(=O)[C@H](Cc3ccc(O)cc3)NC(=O)[C@H](Cc3cnc[nH]3)NC(=O)[C@H](CC(=O)O)NC(=O)[C@H](Cc3c[nH]c4ccc(F)cc34)NC(=O)[C@H](Cc3c[nH]c4ccc(F)cc34)NC(=O)CNC(=O)[C@H](CCCCN)NC1=O)[C@@H]2C(N)=O,35500.0,35500.0,35500.0
COc1ccc(C[C@@H]2NC(=O)[C@H](Cc3cnc[nH]3)NC(=O)[C@H](CC(=O)O)NC(=O)[C@H](Cc3c[nH]c4ccc(F)cc34)NC(=O)[C@H](Cc3c[nH]c4ccc(F)cc34)NC(=O)[C@H](C)NC(=O)CCCCCC(=O)NCc3ccc(cc3)CCNC(=O)[C@]3(C)CCCN3C2=O)cc1,50.0,50.0,50.0
CC(=O)N[C@@H]1CCCC/C=C\CO[C@@H]2CCN(C(=O)[C@H](Cc3ccc(O)cc3)NC(=O)[C@H](Cc3cnc[nH]3)NC(=O)[C@H](CC(=O)O)NC(=O)[C@H](Cc3c[nH]c4ccc(F)cc34)NC(=O)[C@H](Cc3c[nH]c4ccc(F)cc34)NC(=O)CNC1=O)[C@@H]2C(N)=O,50.0,50.0,50.0
CC(C)C[C@H]1C(=O)N[C@@H](Cc2ccc(O)cc2)C(=O)N2CCC[C@@]2(C)C(=O)N[C@H](C(N)=O)CSCc2cccc(c2)CSCCC(=O)N[C@@H](CCCCN)C(=O)NCC(=O)N[C@@H](Cc2c[nH]c3ccc(F)cc23)C(=O)N[C@@H](Cc2c[nH]c3ccc(F)cc23)C(=O)N[C@H]2CCN1C2=O,50.0,50.0,50.0
CCCCCCCCCCCCCCCC(=O)N[C@@H](CCC(=O)NCCOCCOCCC(=O)NCCOCCOCC(=O)NCCCC[C@H](NC(=O)COCCOCCOCCNC(=O)[C@@H]1CSCc2cccc(c2)CSCCC(=O)N[C@@H](CCCCN)C(=O)N[C@H](C)C(=O)N[C@@H](Cc2c[nH]c3ccc(F)cc23)C(=O)N[C@@H](Cc2c[nH]c3ccc(F)cc23)C(=O)N[C@@H](CC(=O)O)C(=O)N[C@@H](Cc2cnc[nH]2)C(=O)N[C@@H](Cc2ccc(O)cc2)C(=O)N2CCC[C@@]2(C)C(=O)N1)C(N)=O)C(=O)O,35500.0,35500.0,35500.0
CCCCCCCCCCCCCCCC(=O)N[C@@H](CCC(=O)NCCOCCOCCC(=O)NCCOCCOCC(=O)NCCCC[C@H](NC(=O)COCCOCCOCCOCCOCCOCCOCCOCCOCCOCCOCCOCCNC(=O)[C@@H]1CSCc2cccc(c2)CSCCC(=O)N[C@@H](CCCCN)C(=O)N[C@H](C)C(=O)N[C@@H](Cc2c[nH]c3ccc(F)cc23)C(=O)N[C@@H](Cc2c[nH]c3ccc(F)cc23)C(=O)N[C@@H](CC(=O)O)C(=O)N[C@@H](Cc2cnc[nH]2)C(=O)N[C@@H](Cc2ccc(O)cc2)C(=O)N2CCC[C@@]2(C)C(=O)N1)C(N)=O)C(=O)O,6550.0,6550.0,6550.0
C[C@@]12CCCN1C(=O)[C@H](Cc1ccc(O)cc1)NC(=O)[C@H]1CS[C@H]3CC[C@H](NC(=O)[C@H](Cc4c[nH]c5ccc(F)cc45)NC(=O)[C@H](Cc4c[nH]c5ccc(F)cc45)NC(=O)CNC(=O)[C@H](CCCCN)NC(=O)CCSCc4cccc(c4)CSC[C@@H](C(N)=O)NC2=O)C(=O)N31,35500.0,35500.0,35500.0
C[C@@]12CCCN1C(=O)[C@H](Cc1ccc(O)cc1)NC(=O)[C@H](Cc1c[nH]cn1)NC(=O)[C@H](CC(=O)O)NC(=O)[C@H](Cc1c[nH]c3ccc(F)cc13)NC(=O)[C@H](Cc1c[nH]c3ccc(F)cc13)NC(=O)c1coc(n1)[C@H](CCCCN)NC(=O)CCSCc1cccc(c1)CSC[C@@H](C(N)=O)NC2=O,6550.0,6550.0,6550.0
CCCCCCCCCCCCCCCC(=O)N[C@@H](CCC(=O)NCCOCCOCCOCCOCCOCCOCCOCCOCCOCCOCCOCCOCCC(=O)NCc1cccc(C[C@@H]2NC(=O)[C@@H](C)NC(=O)[C@H](CCCCN)NC(=O)CCSCc3cccc(c3)CSC[C@@H](C(N)=O)NC(=O)[C@]3(C)CCCN3C(=O)[C@H](Cc3ccc(O)cc3)NC(=O)[C@H](Cc3cnc[nH]3)NC(=O)[C@H](CC(=O)O)NC(=O)[C@H](Cc3c[nH]c4ccc(F)cc34)NC2=O)c1)C(=O)O,35500.0,35500.0,35500.0
CCCCCCCCCCCCCCCC(=O)N[C@@H](CCC(=O)NCCOCCOCC(=O)NCCOCCOCC(=O)NCCCC[C@H](NC(=O)CCCCCCCCCCNC(=O)[C@@H]1CSCc2cccc(c2)CSCCC(=O)N[C@@H](CCCCN)C(=O)N[C@H](C)C(=O)N[C@@H](Cc2c[nH]c3ccc(F)cc23)C(=O)N[C@@H](Cc2c[nH]c3ccc(F)cc23)C(=O)N[C@@H](CC(=O)O)C(=O)N[C@@H](Cc2cnc[nH]2)C(=O)N[C@@H](Cc2ccc(O)cc2)C(=O)N2CCC[C@@]2(C)C(=O)N1)C(N)=O)C(=O)O,50.0,50.0,50.0
CC1NC(=O)[C@H](Cc2c[nH]c3ccc(F)cc23)NC(=O)[C@H](Cc2c[nH]c3ccc(F)cc23)NC(=O)[C@@H](C)NC(=O)[C@H](CCCCN)NC(=O)CCSCc2cccc(c2)CSC[C@@H](C(N)=O)NC(=O)[C@]2(C)CCCN2C(=O)[C@H](Cc2ccc(O)cc2)NC(=O)c2cnc1s2,550.0,550.0,550.0
C[C@@]12CCCN1C(=O)[C@H](Cc1ccc(O)cc1)NC(=O)[C@H](Cc1c[nH]cn1)NC(=O)[C@H](CC(=O)O)NC(=O)[C@H](Cc1c[nH]c3ccc(F)cc13)NC(=O)[C@H](Cc1c[nH]c3ccc(F)cc13)NC(=O)CNC(=O)[C@@H]1CCC(=O)N1CCCSCc1cccc(c1)CSC[C@@H](C(N)=O)NC2=O,6550.0,6550.0,6550.0
COCCOCCOCCOCCC(=O)NCCCC[C@@H]1NC(=O)CCSCc2cccc(c2)CSC[C@@H](C(N)=O)NC(=O)[C@]2(C)CCCN2C(=O)[C@H](Cc2ccc(O)cc2)NC(=O)[C@H](Cc2cnc[nH]2)NC(=O)[C@H](CC(=O)O)NC(=O)[C@H](Cc2c[nH]c3ccc(F)cc23)NC(=O)[C@H](Cc2c[nH]c3ccc(F)cc23)NC(=O)CNC1=O,50.0,50.0,50.0
C[C@@]12CCCN1C(=O)[C@H](Cc1ccc(O)cc1)NC(=O)[C@H](Cc1cnc[nH]1)NC(=O)[C@H](CC(=O)O)NC(=O)[C@H](Cc1c[nH]c3ccc(F)cc13)NC(=O)[C@H](Cc1c[nH]c3ccc(F)cc13)NC(=O)CNC(=O)[C@H](CCCCNC(=O)CCOCCOCCOCCOCCN)NC(=O)CCSCc1cccc(c1)CSC[C@@H](C(N)=O)NC2=O,50.0,50.0,50.0
COc1ccc(C[C@@H]2NC(=O)[C@@H]3CCCC(=O)N[C@@H]4C[C@H](C(=O)N3)N(C4)C(=O)[C@H](Cc3c[nH]c4ccc(F)cc34)NC(=O)[C@H](Cc3c[nH]c4ccc(F)cc34)NC(=O)[C@@H](C)NC(=O)[C@H](CCCCN)NC(=O)CCSCc3cccc(c3)CSCCNC(=O)[C@]3(C)CCCN3C2=O)cc1,50.0,50.0,50.0
COc1ccc(C[C@@H]2NC(=O)[C@@H]3CCCC/C=C\CC[C@@]4(CCCN4C2=O)C(=O)NCCSCc2cccc(c2)CSCCC(=O)N[C@@H](C)C(=O)N[C@H](C)C(=O)N[C@H]2Cc4cccc(c4)CNC(=O)CC[C@@H](C(=O)N3)N3C(=O)[C@@H](NC2=O)C3c2c[nH]c3ccc(F)cc23)cc1,550.0,550.0,550.0
COc1ccc(C[C@@H]2NC(=O)[C@H]([C@H](C)O)NC(=O)[C@@H]3CCCc4cn(nn4)CC[C@H](NC(=O)[C@@H](C)NC(=O)[C@H](C)NC(=O)CCSCc4cccc(c4)CSCCNC(=O)[C@]4(C)CCCN4C2=O)C(=O)N[C@@H](Cc2c[nH]c4ccc(F)cc24)C(=O)N3)cc1,550.0,550.0,550.0
COc1ccc(C[C@@H]2NC(=O)[C@H]([C@H](C)O)NC(=O)[C@@H]3CCCc4cn(nn4)CCCC[C@H](NC(=O)[C@@H](C)NC(=O)[C@H](CCCCN)NC(=O)CCSCc4cccc(c4)CSCCNC(=O)[C@]4(C)CCCN4C2=O)C(=O)N[C@@H](Cc2c[nH]c4ccc(F)cc24)C(=O)N3)cc1,50.0,50.0,50.0
CN(C)c1ccc2nc3c(C(=O)O)cc(=O)c(O)c-3oc2c1.Cl,6.38,6.38,6.38
COC(=O)c1c2nc3ccc(N(C)C)cc3oc-2c(O)c(=O)c1N,5.23,5.23,5.23
COC(=O)c1c2nc3ccc(N(C)C)cc3oc-2c(O)c(=O)c1Nc1ccccc1,6.16,6.16,6.16
COC(=O)c1c2nc3ccc(N(C)C)cc3oc-2c(O)c(=O)c1Nc1ccc(C)cc1,3.77,3.77,3.77
COC(=O)c1c2nc3ccc(N(C)C)cc3oc-2c(O)c(=O)c1Nc1ccc(OC)cc1,4.71,4.71,4.71
COC(=O)c1c2nc3ccc(N(C)C)cc3oc-2c(O)c(=O)c1Nc1ccc(Cl)c(Cl)c1,4.87,4.87,4.87
COC(=O)c1c2nc3ccc(N(C)C)cc3oc-2c(O)c(=O)c1NCc1ccc(OC)cc1,4.33,4.33,4.33
COC(=O)c1c2nc3ccc(N(C)C)cc3oc-2c(O)c(=O)c1N1CCCCC1,5.5,5.5,5.5
COC(=O)c1c2nc3ccc(N(C)C)cc3oc-2c(O)c(=O)c1NC1CCCCC1,4.06,4.06,4.06
COC(=O)c1c2nc3ccc(N(C)C)cc3oc-2c(O)c(=O)c1N1CCOCC1,3.74,3.74,3.74
COC(=O)c1c2nc3ccc(N(C)C)cc3oc-2c(O)c(=O)c1NC1CCCC1,4.61,4.61,4.61
CCCCOC(=O)c1c2nc3ccc(N(C)C)cc3oc-2c(O)c(=O)c1NCc1ccc(OC)cc1,3.38,3.38,3.38
COC1=C(C2=C[N+]3=C(C=C2C=C1)C4=CC5=C(C=C4CC3)OCO5)OC.[Cl-],13800,13800.0,13800.0
CC1=CC(=O)[C@H]([C@]2([C@H]1CC3=C(C(=O)O[C@]3(C2)OC)C)C)OC(=O)C,25200,25200.0,25200.0
C[C@@H]1[C@H]2CC3=C(C(=O)O[C@@]3(C[C@@]2(C=CC1=O)C)O)C,27800,27800.0,27800.0
C[C@@H]1[C@H]2C/C(=C(\C)/C(=O)O)/C[C@@]2([C@@H](CC1=O)OC)C,24400,24400.0,24400.0
C1=CC=C(C=C1)C(CN(CCCOC2=CC=CC(=C2)CC(=O)O)CC3=C(C(=CC=C3)C(F)(F)F)Cl)C4=CC=CC=C4,12,12.0,12.0
C1=CC=C(C=C1)S(=O)(=O)N(CC(F)(F)F)C2=CC=C(C=C2)C(C(F)(F)F)(C(F)(F)F)O,9,9.0,9.0
C1=CC=C(C=C1)CC2=CN=C3C(=C2C4=CC(=CC=C4)OCC5=CC=C(C=C5)CC(=O)O)C=CC=C3C(F)(F)F,2,2.0,2.0
C1=CC=C(C=C1)CC2=CN=C3C(=C2C4=CC(=CC=C4)NCC5=CC=C(C=C5)CC(=O)O)C=CC=C3C(F)(F)F,2,2.0,2.0
C1=CC=C(C=C1)CN2C(=C3C=CC=C(C3=N2)C(F)(F)F)C4=CC=CC=C4,41,41.0,41.0
CC1=CC(=C(C=C1)CN2C(=C3C=CC=C(C3=N2)C(F)(F)F)C4=CC=C(C=C4)F)C,10,10.0,10.0
C1=CC2=C(N(N=C2C(=C1)C(F)(F)F)CC3=C(C=C(C=C3)F)Cl)C4=CC=C(C=C4)F,24,24.0,24.0
C1=CC=C(C(=C1)CN2C(=C3C=CC=C(C3=N2)C(F)(F)F)C4=CC=C(C=C4)F)F,33,33.0,33.0
C1=CC=C(C(=C1)CN2C(=C3C=CC=C(C3=N2)C(F)(F)F)C4=CC=C(C=C4)F)Cl,32,32.0,32.0
C1=CC2=C(N(N=C2C(=C1)C(F)(F)F)CC3=CC=C(C=C3)F)C4=CC=C(C=C4)F,49,49.0,49.0
C1=CC2=C(N(N=C2C(=C1)C(F)(F)F)CC3=CC=C(C=C3)Cl)C4=CC=C(C=C4)F,58,58.0,58.0
C1=CC2=C(N(N=C2C(=C1)C(F)(F)F)CC3=C(C=C(C=C3)Cl)F)C4=CC=C(C=C4)Cl,38,38.0,38.0
C1=CC2=C(N(N=C2C(=C1)C(F)(F)F)CC3=C(C=C(C=C3)F)Cl)C4=CC=C(C=C4)Cl,30,30.0,30.0
C1=CC=C(C(=C1)CN2C(=C3C=CC=C(C3=N2)C(F)(F)F)C4=CC=C(C=C4)Cl)Cl,40,40.0,40.0
C1=CC=C(C(=C1)CN2C(=C3C=CC=C(C3=N2)C(F)(F)F)C4=CC=C(C=C4)Cl)F,38,38.0,38.0
C1=CC=C(C(=C1)CN2C(=C3C=CC=C(C3=N2)C(F)(F)F)C4=CC=C(C=C4)Cl)C(F)(F)F,48,48.0,48.0
C1=CC2=C(N(N=C2C(=C1)C(F)(F)F)CC3=CC=C(C=C3)C(F)(F)F)C4=CC=C(C=C4)Cl,1853,1853.0,1853.0
CS(=O)(=O)C1=CC(=CC(=C1)OC2=CC=CC(=C2)C3=C4C=CC=C(C4=NC=C3C(=O)N)C(F)(F)F)Cl,61,61.0,61.0
CC1=NC2=C(C=CC=C2N=C1C3=CC=C(C=C3)C4=CC(=CC=C4)S(=O)(=O)C)C(F)(F)F,53,53.0,53.0
CC1=NC2=C(C=CC=C2N=C1C3=CC=C(C=C3)C4=CC=C(C=C4)S(=O)(=O)C)C(F)(F)F,>1000,1000.0,2000.0
CC1=NC2=C(C=CC=C2N=C1C3=CC=C(C=C3)C4=CC=CC=C4S(=O)(=O)C)C(F)(F)F,>1000,1000.0,2000.0
CC1=NC2=C(C=CC=C2N=C1C3=CC=CC(=C3)C4=CC(=CC=C4)S(=O)(=O)C)C(F)(F)F,>1000,1000.0,2000.0
CC1=NC2=C(C=CC=C2N=C1C3=CC=CC(=C3)C4=CC=C(C=C4)S(=O)(=O)C)C(F)(F)F,>1000,1000.0,2000.0
CCS(=O)(=O)C1=CC=CC(=C1)C2=CC=C(C=C2)C3=NC4=CC=CC(=C4N=C3C)C(F)(F)F,132,132.0,132.0
CC1=NC2=C(C=CC=C2N=C1C3=CC=C(C=C3)C4=CC(=CC=C4)S(=O)(=O)NC)C(F)(F)F,81,81.0,81.0
CC1=NC2=C(C=CC=C2N=C1C3=CC=C(C=C3)C4=CC(=CC=C4)C(=O)NC)C(F)(F)F,>1000,1000.0,2000.0
CCC1=NC2=C(C=CC=C2N=C1C3=CC=C(C=C3)C4=CC(=CC=C4)S(=O)(=O)C)C(F)(F)F,18,18.0,18.0
CS(=O)(=O)C1=CC=CC(=C1)C2=CC=C(C=C2)C3=NC4=CC=CC(=C4N=C3)C(F)(F)F,>1000,1000.0,2000.0
CC1=C(N=C2C=CC=C(C2=N1)Cl)C3=CC=C(C=C3)C4=CC(=CC=C4)S(=O)(=O)C,34,34.0,34.0
CC1=NC2=C(C=CC=C2N=C1C3=CC=C(C=C3)C4=CC(=CC=C4)S(=O)(=O)C)C#N,299,299.0,299.0
CC1=C(N=C2C=CC=C(C2=N1)OC)C3=CC=C(C=C3)C4=CC(=CC=C4)S(=O)(=O)C,395,395.0,395.0
CC[C@H](C)[C@@H](C(=O)N[C@@H](CC(C)C)C(=O)N1CCC[C@H]1C(=O)N[C@@H](CCCCN)C(=O)N[C@@H](CC2=CN=CN2)C(=O)N[C@@H](CO)C(=O)N[C@@H](CC(=O)O)C(=O)N[C@@H](C)C(=O)N[C@@H](CC(=O)O)C(=O)O)NC(=O)[C@H](CC(C)C)N,1600,1600.0,1600.0
CN1C=NC=C1C2=NC=C(N2C)C3=NC=C(N3C)C4=NC=C(N4C)C5=CC=CC=C5,11200,11200.0,11200.0
CC(C)OC(=O)C1=CN(CC(C2=C1NC3=CC=CC=C32)(C)C)C(=O)C4=CC=C(C=C4)OCCCN5CCOCC5,5740,5740.0,5740.0
CC(C)OC(=O)C1=CN(CC(C2=C1NC3=C2C=CC(=C3)F)(C)C)C(=O)C4=CC=C(C=C4)OCCCN5CCOCC5,>30000,30000.0,60000.0
CC(C)OC(=O)C1=CN(CC(C2=C1NC3=C2C=CC(=C3)F)(C)C)C(=O)C4=CC=C(C=C4)OCCN5CCOCC5,>30000,30000.0,60000.0
CN1C2=C(C(=O)N(C1=O)C)N(C(=N2)NCCOC)CC3=CC(=CC=C3)OC,6400,6400.0,6400.0
CN1C2=C(C(=O)N(C1=O)C)N(C(=N2)NCCO)CC3=CC=CC=C3Br,24200,24200.0,24200.0
CN1C2=C(C(=O)N(C1=O)C)N(C(=N2)NCCO)CC3=CC(=CC=C3)OC(F)(F)F,20800,20800.0,20800.0
CN1C2=C(C(=O)N(C1=O)C)N(C(=N2)NCCO)CC3=C(C=CC(=C3)F)F,10700,10700.0,10700.0
CN1C2=C(C(=O)N(C1=O)C)N(C(=N2)NCCO)CC3=CC=C(C=C3)F,27800,27800.0,27800.0
CN1C2=C(C(=O)N(C1=O)C)N(C(=N2)NCCO)CC3=C(C(=CC=C3)Cl)F,5700,5700.0,5700.0
CN1C2=C(C(=O)N(C1=O)C)N(C(=N2)NCCO)CC3=CC(=CC=C3)OC,2400,2400.0,2400.0
CN1C2=C(C(=O)N(C1=O)C)N(C(=N2)NCCO)CC3=C(C=C(C=C3)F)F,26000,26000.0,26000.0
CN1C2=C(C(=O)N(C1=O)C)N(C(=N2)NCCO)CC3=CC(=C(C=C3)F)C(F)(F)F,7800,7800.0,7800.0
CN1C2=C(C(=O)N(C1=O)C)N(C(=N2)NCCO)CC3=CC=C(C=C3)OC,18700,18700.0,18700.0
C[C@H](CNC1=NC2=C(N1CC3=CC(=CC=C3)OC)C(=O)N(C(=O)N2C)C)O,3900,3900.0,3900.0
CN1C2=C(C(=O)N(C1=O)C)N(C(=N2)NCCCO)CC3=CC(=CC=C3)OC,15600,15600.0,15600.0
CN1C2=C(C(=O)N(C1=O)C)N(C(=N2)NCC(=O)OC)CC3=CC(=CC=C3)OC,11900,11900.0,11900.0
CN1C2=C(C(=O)N(C1=O)C)N(C(=N2)NCCO)CC3=CC=CC=C3,3700,3700.0,3700.0
CN1C2=C(C(=O)N(C1=O)C)N(C(=N2)NCC(=O)N)CC3=CC(=CC=C3)OC,21900,21900.0,21900.0
C[C@@H](CNC1=NC2=C(N1CC3=CC(=CC=C3)OC)C(=O)N(C(=O)N2C)C)O,13700,13700.0,13700.0
CN1C2=C(C(=O)N(C1=O)C)N(C(=N2)NCCO)CC3=C(C=CC=C3F)F,17800,17800.0,17800.0
CC1=CC=CC=C1CN2C3=C(N=C2NCCO)N(C(=O)N(C3=O)C)C,19100,19100.0,19100.0
CN1C2=C(C(=O)N(C1=O)C)N(C(=N2)NCCO)CC3=CC(=CC=C3)F,14200,14200.0,14200.0
C[C@@H](CO)NC1=NC2=C(N1CC3=CC(=CC=C3)OC)C(=O)N(C(=O)N2C)C,18000,18000.0,18000.0
C1=CC=C(C=C1)C(=O)C2=CN=C3C(=C2C4=CC(=CC=C4)OCC5=CC=C(C=C5)C(=O)O)C=CC=C3C(F)(F)F,130,130.0,130.0
COC(=O)C1=CC=C(C=C1)COC2=CC=CC(=C2)C3=C4C=CC=C(C4=NC=C3C(=O)C5=CC=CC=C5)C(F)(F)F,>1000,1000.0,2000.0
C1=CC=C(C=C1)C(=O)C2=CN=C3C(=C2C4=CC(=CC=C4)OCC5=CC(=CC=C5)C(=O)O)C=CC=C3C(F)(F)F,1871,1871.0,1871.0
C1=CC=C(C=C1)CC2=CN=C3C(=C2C4=CC=CC(=C4)CNC5=CC=C(C=C5)CC(=O)O)C=CC=C3C(F)(F)F,47,47.0,47.0
C1=CC=C(C=C1)C(=O)C2=CN=C3C(=C2C4=CC=C(C=C4)OCC5=CC=C(C=C5)C(=O)O)C=CC=C3C(F)(F)F,723,723.0,723.0
CN(CC1=CC=C(C=C1)CC(=O)O)C2=CC=CC(=C2)C3=C4C=CC=C(C4=NC=C3CC5=CC=CC=C5)C(F)(F)F,274,274.0,274.0
C1=CC=C(C=C1)C(=O)C2=CN=C3C(=C2C4=CC(=CC=C4)OCC5=CC=C(C=C5)CC(=O)O)C=CC=C3C(F)(F)F,16.5,16.5,16.5
C1=CC=C(C=C1)C2=C3C=CC=C(C3=NC=C2C(=O)C4=CC=CC=C4)C(F)(F)F,260,260.0,260.0
C[C@H]([C@@H](C(=O)N[C@@H](C(C)C)C(=O)N[C@@H](CC1=CC=CC=C1)C(=O)N[C@@H]([C@@H](C)O)C(=O)N[C@@H](CO)C(=O)N[C@@H](CC2=CNC3=CC=CC=C32)C(=O)N[C@@H](CCC(=O)O)C(=O)N[C@@H](CCC(=O)O)C(=O)N[C@@H](CC4=CC=C(C=C4)O)C(=O)N[C@@H](CC(C)C)C(=O)N[C@@H](CC(=O)O)C(=O)N[C@@H](CC5=CNC6=CC=CC=C65)C(=O)N[C@@H](C(C)C)C(=O)N[C@@H](CCCCN)C(=O)N[C@@H](CCCCN)C(=O)N[C@@H](CCCCN)C(=O)N)NC(=O)C)O,1600,1600.0,1600.0
C[C@H]([C@@H](C(=O)N[C@@H](C(C)C)C(=O)N[C@@H](CC1=CC=CC=C1)C(=O)N[C@@H]([C@@H](C)O)C(=O)N[C@@H](CO)C(=O)N[C@@H](CC2=CNC3=CC=CC=C32)C(=O)N[C@@H](CCC(=O)O)C(=O)N[C@@H](CCC(=O)O)C(=O)N[C@@H](CC4=CC=C(C=C4)O)C(=O)N[C@@H](CC(C)C)C(=O)N[C@@H](CC(=O)O)C(=O)N[C@@H](CC5=CNC6=CC=CC=C65)C(=O)N[C@@H](C(C)C)C(=O)N[C@@H](CCCCN)C(=O)N[C@@H](CCCCN)C(=O)N[C@@H](CCCCN)C(=O)N[C@@H](CCCCN)C(=O)N[C@@H](CCCCN)C(=O)N[C@@H](CCCCN)C(=O)N)NC(=O)C)O,424,424.0,424.0
C1=CC2=C(C(=C1)F)NC=C2CC3=CC4=C(N3)C=CC(=C4)F,201.7,201.7,201.7
C1=CC=C2C(=C1)C=C(N2)CC3=CNC4=C3C=C(C=C4)Cl,10000,10000.0,10000.0
CC1=CC2=C(C=C1)C(=CN2)CC3=CC4=CC=CC=C4N3,1400,1400.0,1400.0
CC1=CC2=C(C=C1)NC=C2CC3=CC4=CC=CC=C4N3,5600,5600.0,5600.0
CC1=CC=C(C=C1)S(=O)(=O)N2C3=CC=CC=C3C(=C2CC4=CNC5=C4C=CC=C5Cl)C,2300,2300.0,2300.0
CC1=CC=C(C=C1)S(=O)(=O)N2C3=CC=CC=C3C(=C2CC4=CN(C5=CC=CC=C54)C)C,1500,1500.0,1500.0
CC1=CC=C(C=C1)S(=O)(=O)N2C3=CC=CC=C3C(=C2CC4=CN(C5=CC=CC=C54)C)C(C)C,1100,1100.0,1100.0
CC1=CC=C(C=C1)S(=O)(=O)N2C3=CC=CC=C3C(=C2CC4=CN(C5=CC=CC=C54)C)C6=CC=CC=C6,2300,2300.0,2300.0
C1=CC2=C(C(=C1)Cl)NC=C2CC3=CC4=C(N3)C=CC(=C4)F,250,250.0,250.0
C1=CC=C2C(=C1)C=C(N2)CC3=CNC4=C3C=CC=C4Cl,2800,2800.0,2800.0
C1=CC=C2C(=C1)C=C(N2)CC3=CNC4=C3C=CC=C4F,300,300.0,300.0
CC1=C2C(=CC=C1)C(=CN2)CC3=CC4=CC=CC=C4N3,900,900.0,900.0
CC[C@H](C)[C@@H](C(=O)NCC(=O)N[C@@H](CC1=CC=C(C=C1)O)C(=O)N[C@@H](CCC(=O)O)C(=O)N[C@@H](CS)C(=O)N[C@@H](CC(C)C)C(=O)O)NC(=O)[C@H](CCCCN)NC(=O)[C@H](CC(C)C)NC(=O)[C@H](CC(=O)O)NC(=O)[C@H](CC(=O)N)NC(=O)[C@H](CS)NC(=O)[C@H](C(C)C)NC(=O)[C@H](CC2=CNC=N2)NC(=O)[C@H](CO)NC(=O)[C@H](CS)NC(=O)CNC(=O)CNC(=O)[C@H](CC(=O)N)NC(=O)[C@H](CC3=CNC4=CC=CC=C43)NC(=O)[C@H](CC5=CC=C(C=C5)O)NC(=O)[C@@H]6CCCN6C(=O)[C@H](CCC(=O)O)NC(=O)[C@H](CC7=CNC8=CC=CC=C87)NC(=O)[C@@H]9CCCN9C(=O)[C@H](CC1=CC=C(C=C1)O)NC(=O)[C@H](CCCCN)NC(=O)[C@H](CO)NC(=O)[C@H](CO)NC(=O)[C@H](CC(C)C)NC(=O)[C@H](CS)NC(=O)[C@H](CCC(=O)O)NC(=O)[C@H](CC(=O)N)NC(=O)[C@H]([C@@H](C)O)NC(=O)CN,600,600.0,600.0
CC[C@H](C)[C@@H](C(=O)NCC(=O)N[C@@H](CC(C)C)C(=O)N[C@@H](CC(C)C)C(=O)N[C@@H](CCCN=C(N)N)C(=O)O)NC(=O)[C@H](CCCCN=C(N)N)NC(=O)[C@H](C(C)C)NC(=O)[C@H](CC(C)C)NC(=O)[C@H](CC(=O)N)NC(=O)[C@H](CC1=CNC2=CC=CC=C21)NC(=O)C3(CCC(CC3)C4=CC=CC=C4)N,700,700.0,700.0
CC[C@H](C)[C@@H](C(=O)NCC(=O)N[C@@H](CC(C)C)C(=O)N1CCC[C@H]1C(=O)N[C@@H](CS)C(=O)O)NC(=O)[C@H](CCC(=O)N)NC(=O)[C@H](CC(C)C)NC(=O)[C@H](CC(=O)N)NC(=O)[C@H](CC2=CNC3=CC=CC=C32)NC(=O)[C@@H]4CCCN4C(=O)[C@H](CC(C)C)NC(=O)[C@H](CCCNC(=N)N)NC(=O)[C@H](CS)NC(=O)CNC(=O)[C@H](CO)NC(=O)CNC(=O)[C@H](C(C)C)NC(=O)[C@H](CC5=CNC6=CC=CC=C65)NC(=O)[C@H](CC(=O)O)NC(=O)[C@H](CC(C)C)NC(=O)[C@H](CC7=CC=C(C=C7)O)NC(=O)[C@H](CCC(=O)O)NC(=O)[C@H](CCC(=O)O)NC(=O)[C@H](CC8=CNC9=CC=CC=C98)NC(=O)[C@H](CO)NC(=O)[C@H]([C@@H](C)O)NC(=O)[C@H](CC1=CC=CC=C1)NC(=O)[C@H](C(C)C)NC(=O)[C@H]([C@@H](C)O)N,20,20.0,20.0
CC[C@H](C)[C@@H](C(=O)NCC(=O)N[C@@H](CC1=CC=C(C=C1)O)C(=O)N[C@@H](CCC(=O)O)C(=O)N[C@@H](CS)C(=O)N[C@@H](CC(C)C)C(=O)N[C@@H](CS)C(=O)N2CCC[C@H]2C(=O)N[C@@H](CC(=O)O)C(=O)NCC(=O)N[C@@H](CC3=CC=CC=C3)C(=O)N[C@@H](CCC(=O)N)C(=O)N[C@@H](CC(C)C)C(=O)N[C@@H](C(C)C)C(=O)N[C@@H](C)C(=O)N[C@@H](CCC(=O)N)C(=O)N[C@@H](CCCNC(=N)N)C(=O)N[C@@H](CCCNC(=N)N)C(=O)N[C@@H](CS)C(=O)N[C@@H](CCC(=O)O)C(=O)O)NC(=O)[C@H](CCCCN)NC(=O)[C@H](CC(C)C)NC(=O)[C@H](CC(=O)O)NC(=O)[C@H](CC(=O)N)NC(=O)[C@H](CS)NC(=O)[C@H](C(C)C)NC(=O)[C@H](CC4=CNC=N4)NC(=O)[C@H](CO)NC(=O)[C@H](CS)NC(=O)CNC(=O)CNC(=O)[C@H](CC(=O)N)NC(=O)[C@H](CC(=O)N)NC(=O)[C@H](CC(=O)O)NC(=O)[C@H](CC(C)C)NC(=O)[C@H](CS)NC(=O)[C@H](CCC(=O)O)NC(=O)[C@H](CC(=O)N)NC(=O)[C@H]([C@@H](C)O)NC(=O)CN,3400,3400.0,3400.0
CC[C@H](C)[C@@H](C(=O)NCC(=O)N[C@@H](CC1=CC=C(C=C1)O)C(=O)N[C@@H](CCC(=O)O)C(=O)N[C@@H](CS)C(=O)N[C@@H](CC(C)C)C(=O)N[C@@H](CS)C(=O)N2CCC[C@H]2C(=O)N[C@@H](CC(=O)O)C(=O)NCC(=O)N[C@@H](CC3=CC=CC=C3)C(=O)N[C@@H](CCC(=O)N)C(=O)N[C@@H](CC(C)C)C(=O)N[C@@H](C(C)C)C(=O)N[C@@H](C)C(=O)N[C@@H](CCC(=O)N)C(=O)N[C@@H](CCCNC(=N)N)C(=O)N[C@@H](CCCNC(=N)N)C(=O)N[C@@H](CS)C(=O)N[C@@H](CCC(=O)O)C(=O)O)NC(=O)[C@H](CCCCN)NC(=O)[C@H](CC(C)C)NC(=O)[C@H](CCCCN)NC(=O)[C@H](CCCNC(=N)N)NC(=O)[C@H](CS)NC(=O)[C@H](C(C)C)NC(=O)[C@H]([C@@H](C)CC)NC(=O)[C@H](CO)NC(=O)[C@H](CS)NC(=O)CNC(=O)CNC(=O)[C@H](CC(C)C)NC(=O)[C@H](CC(=O)N)NC(=O)[C@H](C)NC(=O)[C@H](CC(C)C)NC(=O)[C@H](CS)NC(=O)[C@H](CCC(=O)O)NC(=O)[C@H](CC(=O)N)NC(=O)[C@H]([C@@H](C)O)NC(=O)CN,3.1,3.1,3.1
CC[C@H](C)[C@@H](C(=O)NCC(=O)N[C@@H](CC(C)C)C(=O)N[C@@H](CC(C)C)C(=O)N[C@@H](CCCNC(=N)N)C(=O)O)NC(=O)[C@H](CCCCNC(=N)N)NC(=O)[C@H](C(C)C)NC(=O)[C@H](CC(C)C)NC(=O)[C@H](CC(=O)N)NC(=O)[C@H](CC1=CNC2=CC=CC=C21)NC(=O)CNC(=O)[C@@H]3CCCN3C(=O)[C@H](CC4=CC=CC=C4)NC(=O)[C@H](CO)NC(=O)[C@H](CCC(=O)O)NC(=O)[C@H](CCSC)N,840,840.0,840.0
CC[C@H](C)[C@@H](C(=O)NCC(=O)N[C@@H](CC(C)C)C(=O)N[C@@H](CC(C)C)C(=O)N[C@@H](CCCN=C(N)N)C(=O)O)NC(=O)[C@H](CCCCN=C(N)N)NC(=O)[C@H](CCCCN)NC(=O)[C@H](CC(C)C)NC(=O)[C@H](CC(=O)N)NC(=O)[C@H](CC1=CNC2=CC=CC=C21)NC(=O)C3(CCC(CC3)C4=CC=CC=C4)N,40,40.0,40.0
CC[C@H](C)[C@@H](C(=O)NCC(=O)N[C@@H](CC(C)C)C(=O)N[C@@H](CC(C)C)C(=O)N[C@@H](CCCN=C(N)N)C(=O)O)NC(=O)[C@H](CCCCN=C(N)N)NC(=O)[C@H](C(C)C)NC(=O)[C@H](CC(C)C)NC(=O)[C@H](CC(=O)N)NC(=O)[C@H](CC1=CNC2=CC=CC=C21)NC(=O)[C@@H]3CCCN3C(=O)[C@H](CCSC)NC(=O)[C@H](CC(C)C)NC(=O)[C@H](CC(=O)O)N,>50000,50000.0,100000.0
CC[C@H](C)[C@@H](C(=O)NCC(=O)N[C@@H](CC(C)C)C(=O)N[C@@H](CC(C)C)C(=O)N[C@@H](CCCN=C(N)N)C(=O)O)NC(=O)[C@H](CCCCN=C(N)N)NC(=O)[C@H](C(C)C)NC(=O)[C@H](CC(C)C)NC(=O)[C@H](CC(=O)N)NC(=O)[C@H](CC1=CNC2=CC=CC=C21)N,>50000,50000.0,100000.0
CC1=C(C=C(C=C1)C(=O)NC2=CC(=CC(=C2)C(F)(F)F)N3C=C(N=C3)C)NC4=NC=CC(=N4)C5=CN=CC=C5,9800,9800.0,9800.0
CC1=C(C=C(C=C1)C(=O)NC2=CC(=CC=C2)N3CCN(CC3)C)NC4=NC=CC(=N4)C5=CC=C(C=C5)F,3290,3290.0,3290.0
CCCCC1=CC(=CC(=C1)N2C=C(N=C2)C)NC(=O)C3=CC(=C(C=C3)C)NC4=NC=CC(=N4)C5=CC=CC=C5,7410,7410.0,7410.0
CC1=C(C=C(C=C1)C(=O)NC2=CC(=CC(=C2)CCC(=O)O)N3C=C(N=C3)C)NC4=NC=CC(=N4)C5=CC=CC=C5,9280,9280.0,9280.0
CC1=C(C=C(C=C1)C(=O)NC2=CC(=CC(=C2)C(F)(F)F)N3C=C(N=C3)C)OC4=CC=CC=C4,13400,13400.0,13400.0
CC1=C(C=C(C=C1)C(=O)NC2=CC(=CC(=C2)N3CCOCC3)N4C=C(N=C4)C)NC5=NC=CC(=N5)C6=CC=C(C=C6)F,40100,40100.0,40100.0
CC1=CC=C(C=C1)C(=O)NC2=CC(=CC(=C2)N3CCN(CC3)C)N4C=C(N=C4)C,26300,26300.0,26300.0
CC1=C(C=C(C=C1)C(=O)NC2=CC(=CC(=C2)N3CCN(CC3)C)N4C=C(N=C4)C)OC5=CC=CC6=C5C=NC=C6,78,78.0,78.0
CC1=C(C=C(C=C1)C(=O)NC2=CC(=CC(=C2)CN3CCC[C@@H](C3)N)N4C=C(N=C4)C)NC5=NC=CC(=N5)C6=CC=C(C=C6)F,428,428.0,428.0
CC1=C(C=C(C=C1)C(=O)NC2=CC(=CC(=C2)N3CCNCC3)N4C=C(N=C4)C)NC5=NC=CC(=N5)C6=CC=CC=C6,491,491.0,491.0
CC1=C(C=C(C=C1)C(=O)NC2=CC(=CC(=C2)CN3CCN(CC3)C)N4C=C(N=C4)C)NC5=NC=CC(=N5)C6=CC=CC=C6,714,714.0,714.0
CC1=C(C=C(C=C1)C(=O)NC2=CC(=CC(=C2)CN3CCCC[C@H]3C(=O)O)N4C=C(N=C4)C)NC5=NC=CC(=N5)C6=CC=C(C=C6)F,14000,14000.0,14000.0
CC1=C(C=C(C=C1)C(=O)NC2=CC(=CC(=C2)CCS(=O)(=O)N)N3C=C(N=C3)C)NC4=NC=CC(=N4)C5=CC=CC=C5,13400,13400.0,13400.0
CC1=C(C=C(C=C1)C(=O)NC2=CC(=CC(=C2)/C=C/C(=O)O)N3C=C(N=C3)C)NC4=NC=CC(=N4)C5=CC=CC=C5,11300,11300.0,11300.0
CC1=C(C=C(C=C1)C(=O)NC2=CC(=CC(=C2)N3CCN(CC3)C)N4C=C(N=C4)C)NC5=NC=CC(=N5)C6=CC=CC=C6,758,758.0,758.0
CC1=C(C=C(C=C1)C(=O)NC2=CC(=CC(=C2)C(F)(F)F)N3C=C(N=C3)C)NC4=NC=CC(=N4)C5=CC=CC=C5,8400,8400.0,8400.0
CC1=C(C=C(C=C1)C(=O)NC2=CC(=CC(=C2)CN3CCC[C@@H](C3)N)N4C=C(N=C4)C)OC5=CC=CC=C5,537,537.0,537.0
CC1=C(C=C(C=C1)C(=O)NC2=CC(=CC(=C2)CN3CCCC[C@H]3C(=O)N)N4C=C(N=C4)C)NC5=NC=CC(=N5)C6=CC=C(C=C6)F,2570,2570.0,2570.0
CC1=C(C=C(C=C1)C(=O)NC2=CC(=CC(=C2)C3=CC(=NO3)C)N4CCN(CC4)C)NC5=NC=CC(=N5)C6=CC=C(C=C6)F,10700,10700.0,10700.0
CC1=C(C=C(C=C1)C(=O)NC2=CC(=CC(=C2)N3CCN(CC3)C)N4C=C(N=C4)C)OC5=CC=CC=C5,759,759.0,759.0
CC1=C(C=C(C=C1)C(=O)NC2=CC(=CC(=C2)N3CCN(CC3)C)N4C=C(N=C4)C)C(=O)C5=CC=CC(=C5)C#N,2130,2130.0,2130.0
CC1=CC=C(C=C1)NC2=C(C3=C(C(=O)C2=O)OC4=C(N3)C=CC(=C4)N(C)C)C(=O)OC,3770,3770.0,3770.0
CN(C)C1=CC2=C(C=C1)NC3=C(O2)C(=O)C(=O)C(=C3C(=O)OC)NC4=CC=C(C=C4)OC,4710,4710.0,4710.0
CN(C)C1=CC2=C(C=C1)NC3=C(O2)C(=O)C(=O)C(=C3C(=O)OC)NC4=CC(=C(C=C4)Cl)Cl,4870,4870.0,4870.0
CN(C)C1=CC2=C(C=C1)NC3=C(O2)C(=O)C(=O)C(=C3C(=O)OC)NCC4=CC=C(C=C4)OC,4330,4330.0,4330.0
CN(C)C1=CC2=C(C=C1)NC3=C(O2)C(=O)C(=O)C(=C3C(=O)OC)N4CCCCC4,5500,5500.0,5500.0
CN(C)C1=CC2=C(C=C1)NC3=C(O2)C(=O)C(=O)C(=C3C(=O)OC)NC4CCCCC4,4060,4060.0,4060.0
CN(C)C1=CC2=C(C=C1)NC3=C(O2)C(=O)C(=O)C(=C3C(=O)OC)N4CCOCC4,3740,3740.0,3740.0
CN(C)C1=CC2=C(C=C1)NC3=C(O2)C(=O)C(=O)C(=C3C(=O)OC)NC4CCCC4,4610,4610.0,4610.0
CCCCOC(=O)C1=C(C(=O)C(=O)C2=C1NC3=C(O2)C=C(C=C3)N(C)C)NCC4=CC=C(C=C4)OC,3380,3380.0,3380.0
CN(C)C1=CC2=C(C=C1)NC3=C(O2)C(=O)C(=O)C(=C3C(=O)OC)N,5230,5230.0,5230.0
CN(C)C1=CC2=C(C=C1)NC3=C(O2)C(=O)C(=O)C(=C3C(=O)OC)NC4=CC=CC=C4,6160,6160.0,6160.0
CN(C)C1=CC2=C(C=C1)NC3=C(O2)C(=O)C(=O)C=C3C(=O)O.Cl,6380,6380.0,6380.0
CC(C)C1=C(C(=CC=C1)C(C)C)OS(=O)(=O)NC(=O)CC2=C(C=C(C=C2C(C)C)C(C)C)C(C)C,479,479.0,479.0
CC(C)C1=C(C(=CC=C1)C(C)C)NC(=O)NCC2(CCNCC2)C3=CC(=CC=C3)OC,>1000,1000.0,2000.0
CC(C)C1=C(C(=CC=C1)C(C)C)NC(=O)NCC2(CCN(CC2)C)C3=CC(=CC=C3)OC,664,664.0,664.0
CCCN1CCC(CC1)(CNC(=O)NC2=C(C=CC=C2C(C)C)C(C)C)C3=CC(=CC=C3)OC,547,547.0,547.0
CC(C)C1=C(C(=CC=C1)C(C)C)NC(=O)NCC2(CCN(CC2)C3=CC=CC=C3)C4=CC(=CC=C4)OC,35,35.0,35.0
CC(C)C1=C(C(=CC=C1)C(C)C)NC(=O)NCC2(CCN(CC2)C3=CC=CC=C3OC)C4=CC(=CC=C4)OC,47,47.0,47.0
CC(C)C1=CC(=CC(=C1NC(=O)NCC2(CCN(CC2)C3=CC=CC=C3)C4=CC(=CC=C4)OC)C(C)C)N.Cl.Cl,40,40.0,40.0
CC(C)C1=C(C(=C(C=C1)N)C(C)C)NC(=O)NCC2(CCN(CC2)C3=CC=CC=C3OC)C4=CC(=CC=C4)OC.Cl.Cl,81,81.0,81.0
CC(C)C1=CC(=CC(=C1NC(=O)NCC2(CCN(CC2)C3=CC=CC=C3OC)C4=CC(=CC=C4)OC)C(C)C)N.Cl.Cl,37,37.0,37.0
CC(C)C1=CC(=CC(=C1NC(=O)NCC2(CCN(CC2)C3=CC(=CC=C3)OC)C4=CC(=CC=C4)OC)C(C)C)N.Cl.Cl,48,48.0,48.0
CC(C)C1=CC(=CC(=C1NC(=O)NCC2(CCN(CC2)C3=CC=C(C=C3)OC)C4=CC(=CC=C4)OC)C(C)C)N.Cl.Cl,142,142.0,142.0
CCCCN1C2=C(C=CC=N2)C(=C(C1=O)NC(=O)NC3=C(C=C(C=C3C(C)C)N)C(C)C)C4=CC(=CC=C4)OCCCO.O.Cl,31,31.0,31.0
CC(C)C1=CC(=CC(=C1NC(=O)NCC2(CCN(CC2)C3=CC=CC=C3OC)C4=CC=CC=C4)C(C)C)N.Cl.Cl,82,82.0,82.0
CC(C)C1=CC(=CC(=C1NC(=O)NCC2(CCN(CC2)C3=CC=CC=C3OC)C4=CC(=CC=C4)F)C(C)C)N.Cl.Cl,77,77.0,77.0
CC(C)C1=CC(=CC(=C1NC(=O)NCC2(CCN(CC2)C3=CC=CC=C3OC)C4=CC(=CC=C4)C(F)(F)F)C(C)C)N.Cl.Cl,32,32.0,32.0
CC(C)C1=CC(=CC(=C1NC(=O)NCC2(CCN(CC2)C3=CC=CC=C3OC)C4=CC=CC=C4OC)C(C)C)N.Cl.Cl,43,43.0,43.0
CCCCOC1=CC=CC=C1N2CCC(CC2)(CNC(=O)NC3=C(C=C(C=C3C(C)C)N)C(C)C)C4=CC(=CC=C4)OC.Cl.Cl,32,32.0,32.0
CC(C)C1=CC(=CC(=C1NC(=O)NCC2(CCN(CC2)C3=CC=CC=C3OC)C4=CC=C(C=C4)OC)C(C)C)N.Cl.Cl,49,49.0,49.0
CC(C)C1=CC(=CC(=C1NC(=O)NCC2(CCN(CC2)C3=CC=CC=C3OC(F)(F)F)C4=CC(=CC=C4)OC)C(C)C)N.Cl.Cl,68,68.0,68.0
CC(C)C1=CC(=CC(=C1NC(=O)NCC2(CCN(CC2)C3=CC=CC=C3OCC(F)(F)F)C4=CC(=CC=C4)OC)C(C)C)N.Cl.Cl,48,48.0,48.0
C/C=C/1\[C@@H](C(=CO[C@H]1O)C(=O)OC)CC(=O)OCCC2=CC(=C(C=C2)O)O,1300,1300.0,1300.0
