true,L1_Ridge,L1_Lasso,L1_ElasticNet,L1_Huber,L1_BayesianRidge,L1_RF_Meta,L1_ET_Meta,L1_GBR_Meta,L1_XGB_Meta,L1_LGBM_Meta,L1_CAT_Meta,L1_NN_Meta,L2_Ridge,L2_Lasso,L2_ElasticNet,L2_Huber,L2_BayesianRidge,L2_RF_Meta,L2_ET_Meta,L2_GBR_Meta,L2_XGB_Meta,L2_LGBM_Meta,L2_CAT_Meta,L2_NN_Meta,linear_ENet,linear_Huber,linear_Lasso,linear_Ridge,nn_MLP_Deep,nn_MLP_Large,nn_MLP_Medium,nn_MLP_Small,nn_MLP_Tanh,nn_MLP_Wide,pls_PLS,tree_Adaboost,tree_CAT,tree_ET,tree_GBR,tree_LGBM,tree_RF,tree_XGB,Simple_Average,Optimized_Weighted
5.849485002168009,5.809453964233398,6.319063663482666,6.050150394439697,4.269710727619382,-22.6131591796875,4.872363747448338,4.8977874762618985,4.670729074740949,6.3723225593566895,6.371909396108108,4.677084932431441,431.97149658203125,6.133042812347412,5.832336902618408,5.716564655303955,5.891683289986698,34.130859375,5.40177551215422,5.6111697175975905,5.637292968565126,3.3724772930145264,3.3723638057708745,4.887298119393682,101.17385864257812,3.557151,-45.06424,3.55442,4.2105293,12.750199,15.291438,12.885157,9.639179,-5.082424,22.927309,4.1835513,3.3723638,4.658669,4.0990305,4.4747057,6.0193057,4.0623636,6.3717575,3.995026,6.371757507328198
6.372363747448347,6.371532440185547,6.371142387390137,6.370339393615723,6.516104288748997,6.4358367919921875,6.372363747448342,6.372363747448336,6.372309759639191,6.372320652008057,6.3755116805756735,6.339803555688854,0.43475982546806335,6.376727104187012,6.370795726776123,6.372793674468994,6.369945347768471,6.56201171875,6.372363747448337,6.372363747448336,6.372363573990405,6.372320652008057,6.372214917943315,6.388058698226563,0.7496834397315979,6.4007635,-3.3433716,6.3890033,6.2828937,7.682195,4.666678,7.0994124,7.045187,0.17435533,6.471365,6.5916734,6.3723636,6.272257,6.3291245,6.3691263,6.371474,6.2471347,6.371306,5.544052,6.371305942541262
6.372363747448347,6.374039173126221,6.376040458679199,6.375635147094727,6.4665131471280795,6.813629150390625,6.372363747448341,6.372363747448335,6.372309334538333,6.372320652008057,6.373685267774832,6.381462835693348,6.301511764526367,6.38191556930542,6.3800811767578125,6.384527206420898,6.384404298853824,6.385764122009277,6.372363747448338,6.372363747448335,6.37236357262398,6.372320652008057,6.3732053759470855,6.363901606809782,6.264678955078125,6.4845033,-4.3990283,6.4831786,6.434081,6.131746,4.048275,5.8490496,4.6601505,-0.06600405,4.5112176,6.3722873,6.3723636,6.3731823,6.3723636,6.3721914,6.371474,6.3723636,6.371306,5.061928,6.371305942541276
6.372363747448347,6.37814474105835,6.36346960067749,6.35249137878418,5.4686468310618155,7.872711181640625,6.372363747448341,6.363501395833415,6.372304557885586,6.372318267822266,6.36588833973596,6.129657972579626,-1.298364281654358,6.369686126708984,6.378798484802246,6.360325336456299,6.359667430634778,7.28753662109375,6.372363747448337,6.372363747448337,6.372363557288719,6.372318267822266,6.366106555077181,6.376988825125097,9.24849796295166,5.6832156,-7.2033033,5.6804657,5.6632714,6.2511277,4.242165,3.0879166,6.2254276,-0.25889876,4.355867,6.3722873,6.3723636,5.5938697,6.3050866,6.2493205,6.371474,5.797135,6.371306,4.620005,6.371305942541138
6.372363747448347,6.292571067810059,6.284651279449463,6.289668560028076,7.2594732439991985,6.025543212890625,6.372363747448341,6.336914340988654,6.372309334538333,6.371575355529785,6.372287183698416,6.342211522129083,45.908660888671875,6.278402328491211,6.266770839691162,6.270590782165527,6.26299675190851,6.233796119689941,6.318537994257716,6.286517983297837,6.3699055854973,5.849523067474365,6.363268839110389,6.117482625560513,3.3694231510162354,6.3704257,4.441508,6.3692613,6.37994,6.83838,5.9548965,6.5298634,4.4230895,2.2238178,4.6288633,5.8064413,6.3723636,6.365199,5.3923635,5.6913476,6.367844,5.8923635,6.3717575,5.689985,6.371757507329871
6.372363747448347,6.371732234954834,6.37493371963501,6.375463008880615,6.445306302454353,6.6490631103515625,6.372363747448341,6.372363747448334,6.372304557885586,6.372318267822266,6.340603571455968,6.396956796699493,1.0438839197158813,6.385814189910889,6.374156951904297,6.377636432647705,6.376183243058923,6.4967041015625,6.372363747448337,6.372363747448334,6.372363557288718,6.372318267822266,6.373583052167377,6.39491463686099,2.603480339050293,6.498969,-8.592252,6.50016,6.346302,4.8025794,4.8919616,4.5677013,4.253059,-4.5477333,3.9132533,6.3722873,6.3723636,6.4098907,6.3723636,6.3721914,6.371474,6.3123636,6.371306,4.421569,6.371305942541261
6.372363747448347,6.378109455108643,6.3793158531188965,6.379666805267334,6.288338731836117,6.60552978515625,6.372363747448341,6.372363747448334,6.372304557885586,6.372318267822266,6.371367036785241,6.383251473668831,1.1665921211242676,6.379415988922119,6.376275539398193,6.3761420249938965,6.378017714509867,6.5426025390625,6.372363747448337,6.372363747448334,6.372363557288718,6.372318267822266,6.374848675117282,6.364589623494366,2.7284750938415527,6.459756,-8.378788,6.4596334,6.3742113,4.6887546,4.9809713,4.8023157,6.2398787,-2.6696172,5.2754774,6.3722873,6.3723636,6.410133,6.3723636,6.3721914,6.371474,6.3423634,6.371306,4.7342815,6.371305942541264
6.372363747448347,6.372030735015869,6.372529029846191,6.371919631958008,6.5253725297512934,6.63421630859375,6.372363747448341,6.372363747448334,6.372304557885586,6.372318267822266,6.428131790924001,6.306511028993217,1.3485020399093628,6.384283542633057,6.37634801864624,6.376793384552002,6.370411312297653,6.59735107421875,6.372363747448337,6.372363747448334,6.372363557288718,6.372318267822266,6.371374174895395,6.375679284770715,2.974531650543213,6.3272133,-12.546212,6.3253536,6.113224,4.4118037,4.103732,4.4573946,4.3759036,-4.7805862,5.016539,6.3722873,6.3723636,6.272939,6.3723636,6.3721914,6.371474,6.2823634,6.371306,4.1439805,6.371305942541238
6.372363747448347,6.373458385467529,6.37701416015625,6.376962661743164,6.341628946211213,6.6230010986328125,6.372363747448341,6.372363747448334,6.372304557885586,6.372318267822266,6.363527090755515,6.393228904695315,1.004910945892334,6.382877826690674,6.37441349029541,6.376797199249268,6.376388085896622,6.50732421875,6.372363747448337,6.372363747448334,6.372363557288718,6.372318267822266,6.372795505120027,6.38092564470858,2.5237388610839844,6.487366,-7.831108,6.4875565,6.421082,5.320576,4.7939515,4.573175,4.976825,-4.059396,4.744318,6.3722873,6.3723636,6.4059825,6.3723636,6.3721914,6.371474,6.3423634,6.371306,4.60526,6.371305942541265
6.372363747448347,6.372725009918213,6.371780872344971,6.372828483581543,6.5049778397417946,6.374302864074707,6.372363747448342,6.372363747448336,6.3723109267559135,6.372321128845215,6.372669054446227,6.388164270140843,2.5303118228912354,6.370937824249268,6.372055530548096,6.37028694152832,6.372593842989921,6.372695446014404,6.372363747448338,6.372363747448336,6.3723635777356336,6.372321128845215,6.373643629582256,6.373997561732868,6.010746002197266,6.330771,-12.18786,6.328602,6.2121334,5.1979203,4.82571,5.3601584,4.4603662,-1.9066029,5.7647657,6.3722873,6.3723636,6.3881674,6.3723636,6.3721914,6.371474,6.3123636,6.371306,4.5176935,6.371305942541248
6.372363747448347,6.37095832824707,6.371851921081543,6.3709306716918945,6.230616091515833,6.470806121826172,6.372363747448342,6.372363747448337,6.372309612050575,6.3723225593566895,6.371909396108108,6.376790798880855,0.6577011942863464,6.368519306182861,6.366590976715088,6.368598937988281,6.3734829793515955,8.611328125,6.372363747448337,6.372363747448337,6.372363573730174,6.3723225593566895,6.372363567352294,6.373934557322748,6.2092814445495605,6.375489,-9.42413,6.370323,6.268535,4.935576,4.6045957,4.9844475,4.2983236,-1.7086027,4.9550653,6.372964,6.3723636,6.3176684,6.3723636,6.3721914,6.371474,6.2823634,6.371306,4.5829067,6.37130594254125
6.372363747448347,6.380563735961914,6.374401569366455,6.37520170211792,6.876711762624642,6.7985687255859375,6.372363747448341,6.372363747448335,6.372309334538333,6.372320652008057,6.370356883201217,6.3786221497175815,7.014985084533691,6.398983478546143,6.37688684463501,6.391575336456299,6.385752462408847,6.366297721862793,6.372363747448338,6.372363747448335,6.37236357262398,6.372320652008057,6.3734128307109446,6.366181215784555,6.242267608642578,6.243824,-12.069302,6.2433515,6.112457,4.2460127,4.252065,5.049019,8.092943,-4.022857,3.8167021,6.3722873,6.3723636,6.3844576,6.3723636,6.3721914,6.371474,6.3423634,6.371306,4.384612,6.371305942541251
6.372363747448347,6.372217655181885,6.374604225158691,6.375918388366699,6.371833103895147,6.375945091247559,6.372363747448342,6.372363747448336,6.3723109267559135,6.372321128845215,6.37219818691061,6.36743905785483,2.7074646949768066,6.366756916046143,6.370922565460205,6.369045734405518,6.371278195281954,6.3752923011779785,6.372363747448338,6.372363747448336,6.3723635777356336,6.372321128845215,6.3727874510101685,6.373280658964983,6.003549575805664,6.514099,-10.701796,6.516958,6.3614426,5.235745,4.3036265,3.968053,5.751018,-4.6155825,3.7801828,6.3722873,6.3723636,6.2963104,6.3723636,6.3721914,6.371474,6.3123636,6.371306,4.3308005,6.371305942541248
6.372363747448347,6.37579870223999,6.374058246612549,6.37301778793335,6.347482236390752,6.61651611328125,6.372363747448341,6.372363747448334,6.372304557885586,6.372318267822266,6.408176089161648,6.391451013553666,0.6387049555778503,6.384098529815674,6.376418113708496,6.377784729003906,6.378175177000677,6.62994384765625,6.372363747448337,6.372363747448334,6.372363557288718,6.372318267822266,6.371932031942027,6.379311297746277,3.3726234436035156,6.10941,-11.05351,6.116538,6.0497875,4.4970055,4.473628,5.2920365,5.695299,-3.818329,5.0383463,6.0198846,6.3723636,6.26223,5.8392773,6.371634,6.3519764,6.181906,6.371306,4.3428216,6.3713059425412295
6.372363747448347,6.373777389526367,6.377106666564941,6.377425670623779,6.510314536650202,6.4708709716796875,6.372363747448342,6.372363747448336,6.372309759639191,6.372320652008057,6.340928230801358,6.387560549637496,0.845787763595581,6.386663436889648,6.377833843231201,6.382619857788086,6.377061424886353,6.6016845703125,6.372363747448337,6.372363747448336,6.372363573990405,6.372320652008057,6.373212251508615,6.367270728290403,0.677996039390564,6.569132,-8.051973,6.5663123,6.45595,5.6605453,4.8190875,5.4827137,5.2428985,-3.4978092,3.482354,6.3722873,6.3723636,6.389198,6.3723636,6.3721914,6.371474,6.3423634,6.371306,4.6495976,6.371305942541263
6.372363747448347,6.363717079162598,6.365482330322266,6.36217737197876,6.427143233613496,6.35478401184082,6.372363747448342,6.372363747448336,6.3723109267559135,6.372321128845215,6.366145985140657,6.37318169655412,0.8087751865386963,6.376758575439453,6.366145610809326,6.37153434753418,6.372891240016539,6.367121696472168,6.372363747448338,6.372363747448336,6.3723635777356336,6.372321128845215,6.371389070380671,6.358893588623195,5.047817707061768,6.4660664,-11.748798,6.4670057,6.344682,5.420015,4.94638,4.4026713,4.244999,-4.968689,2.6390147,6.3722873,6.3723636,6.047038,6.3723636,6.3385925,6.371474,6.2523637,6.371306,4.1506186,6.371305942541215
6.372363747448347,6.368149280548096,6.370359420776367,6.369289398193359,6.29903965126493,6.374223709106445,6.372363747448341,6.372363747448336,6.3723109267559135,6.372321128845215,6.374589100903834,6.380051784177303,2.219576120376587,6.368946075439453,6.367429256439209,6.369232654571533,6.372559232797265,6.369205474853516,6.372363747448338,6.372363747448336,6.3723635777356336,6.372321128845215,6.372939758259922,6.376376809636866,5.151731014251709,6.520897,-7.8264813,6.51827,6.48329,5.643819,5.2918715,4.464189,3.0337975,-3.118423,4.7460675,6.3722873,6.3723636,6.2090273,6.3723636,6.3721914,6.371474,6.3423634,6.371306,4.585593,6.371305942541254
6.372363747448347,6.377347469329834,6.37565279006958,6.377078533172607,6.250409434502892,6.710296630859375,6.372363747448341,6.372363747448334,6.372304557885586,6.372318267822266,6.3858569348253935,6.40178485546096,1.291435718536377,6.37725305557251,6.37453556060791,6.37395715713501,6.380645813649909,6.54083251953125,6.372363747448337,6.372363747448334,6.372363557288718,6.372318267822266,6.374530682508817,6.373644146671081,3.20589280128479,6.5694766,-10.498693,6.5696583,6.3576,4.867062,4.1760674,3.7639863,5.8754735,-4.466357,3.021443,6.3722873,6.3723636,6.3200464,6.3723636,6.3721914,6.371474,6.3123636,6.371306,4.2833395,6.37130594254125
6.372363747448347,6.373257160186768,6.376250743865967,6.3773651123046875,6.300634142805172,6.376101493835449,6.372363747448341,6.372363747448336,6.3723109267559135,6.372321128845215,6.371649552353146,6.382776632521599,2.6391448974609375,6.367014408111572,6.371169090270996,6.37009859085083,6.373215129343816,6.374061584472656,6.372363747448338,6.372363747448336,6.3723635777356336,6.372321128845215,6.372564678815612,6.3698530836468095,5.952905654907227,6.583831,-7.06333,6.577116,6.4560246,4.8388376,5.4774313,4.8993974,5.1795278,-2.8940706,3.9469526,6.3740125,6.3723636,6.3925133,6.3723636,6.3721914,6.371474,6.2523637,6.371306,4.715573,6.371305942541259
6.372363747448347,6.362678527832031,6.363351345062256,6.358346939086914,6.490429206695082,6.360730171203613,6.372363747448342,6.372363747448336,6.3723109267559135,6.372321128845215,6.369786721923867,6.39671558513703,0.8710362911224365,6.383314609527588,6.366790294647217,6.375086307525635,6.3764683439206005,6.363520622253418,6.372363747448338,6.372363747448336,6.3723635777356336,6.372321128845215,6.371542654201789,6.358893588623195,5.251948356628418,6.3489532,-13.164011,6.353771,6.1122684,5.5214157,4.5471673,5.1841044,4.3218946,-3.1304104,4.3324575,6.0338187,6.3723636,5.961179,5.8526106,6.353555,6.3519764,6.181906,6.371306,4.217018,6.371305942541201
6.372363747448347,6.371733665466309,6.370853424072266,6.369524955749512,6.361891506475372,6.45684814453125,6.372363747448342,6.372363747448336,6.372309759639191,6.372320652008057,6.354164708785196,6.3730791113713305,0.5737271308898926,6.374667167663574,6.37144136428833,6.372529029846191,6.371417645730073,6.5528564453125,6.372363747448337,6.372363747448336,6.372363573990405,6.372320652008057,6.376285097125828,6.384377414687153,0.7856932878494263,6.2866964,-10.053742,6.28967,6.1970263,5.116741,4.905792,5.1077404,4.319387,-2.6451998,4.016582,6.0198846,6.3723636,6.212243,5.844782,6.371634,6.3519764,6.211906,6.371306,4.4053774,6.371305942541232
6.372363747448347,6.374200820922852,6.375715732574463,6.3774590492248535,6.406107009408451,6.480857849121094,6.372363747448342,6.372363747448336,6.372309759639191,6.372320652008057,6.375881642960336,6.373091166045586,1.2063459157943726,6.377661228179932,6.375123023986816,6.3765482902526855,6.3745542639865524,6.5980224609375,6.372363747448337,6.372363747448336,6.372363573990405,6.372320652008057,6.373036315985243,6.377831482381108,0.6404628157615662,6.671242,-3.9018133,6.6637607,6.4912987,5.281861,6.1594167,7.444426,6.9340916,-4.5386004,5.0720916,6.3722873,6.3723636,6.412883,6.3723636,6.3721914,6.371474,6.3423634,6.371306,5.1813893,6.3713059425412775
6.372363747448347,6.37205696105957,6.374485492706299,6.374495029449463,6.577245305208372,6.854736328125,6.372363747448341,6.372363747448335,6.372309334538333,6.372320652008057,6.373210798302867,6.380878431528355,6.582364082336426,6.389403820037842,6.380205154418945,6.389647960662842,6.388466080722141,6.376314640045166,6.372363747448338,6.372363747448335,6.37236357262398,6.372320652008057,6.376083839145675,6.363901606809782,6.373715400695801,6.503051,-7.9675603,6.5016127,6.224221,6.1779056,5.4288716,6.2551203,6.9080105,-4.4455266,4.5632977,6.3722873,6.3723636,6.2624235,6.3723636,6.3721914,6.371474,6.3123636,6.371306,4.830877,6.371305942541254
6.372363747448347,6.371304035186768,6.371303558349609,6.372061729431152,6.285572795545274,6.470237731933594,6.372363747448342,6.372363747448337,6.372309612050575,6.3723225593566895,6.371909396108108,6.381922380621544,0.535820484161377,6.369372844696045,6.366407871246338,6.369655609130859,6.372806777609119,8.603515625,6.372363747448337,6.372363747448337,6.372363573730174,6.3723225593566895,6.372363567352294,6.371202790204488,6.280509948730469,6.429756,-10.342632,6.425312,6.4581203,5.381137,4.3396254,5.5675926,4.3182445,-3.949099,4.857994,6.3722873,6.3723636,6.3570933,6.3723636,6.3721914,6.371474,6.3423634,6.371306,4.4676385,6.371305942541254
6.372363747448347,6.36553955078125,6.367332458496094,6.365323066711426,6.300748907956828,6.369978904724121,6.372363747448342,6.372363747448336,6.3723109267559135,6.372321128845215,6.374676637860918,6.369977126199879,2.6562936305999756,6.367430686950684,6.365447998046875,6.367409706115723,6.370830806665564,6.367025852203369,6.372363747448338,6.372363747448336,6.3723635777356336,6.372321128845215,6.370850350799687,6.3786940230891584,5.013166427612305,6.3156886,-11.632916,6.311499,6.2748065,4.9507546,4.139664,3.9363759,2.938634,-3.3733912,2.8218868,6.3722873,6.3723636,6.170833,6.3723636,6.3721914,6.371474,6.3123636,6.371306,4.077677,6.371305942541238
6.372363747448347,6.375881671905518,6.375735282897949,6.3740434646606445,6.150035297469404,6.455413818359375,6.372363747448342,6.372363747448337,6.372309612050575,6.3723225593566895,6.371909396108108,6.373328717339987,0.6574472188949585,6.368582248687744,6.367470741271973,6.369499683380127,6.377177810685843,8.576171875,6.372363747448337,6.372363747448337,6.372363573730174,6.3723225593566895,6.372363567352294,6.372933504228919,6.337434768676758,6.1660995,-5.7603745,6.157115,6.053281,4.054027,4.3884406,5.7528477,4.028758,-4.5716696,3.2388759,6.372369,6.3723636,6.290901,6.3723636,6.3722463,6.3711114,6.3123636,6.3716235,4.4634852,6.371623516088626
6.372363747448347,6.372889518737793,6.37848424911499,6.375804901123047,6.547567601395186,6.7752227783203125,6.372363747448341,6.372363747448335,6.372309334538333,6.372320652008057,6.369344940957112,6.372568861809743,6.643909931182861,6.395389080047607,6.385125160217285,6.395147323608398,6.391304774744077,6.382386207580566,6.372363747448338,6.372363747448335,6.37236357262398,6.372320652008057,6.37454805489997,6.359375133474746,6.931280136108398,6.261068,4.3812075,6.263675,6.266571,5.337903,5.7460227,5.2405767,5.1534157,-4.526968,5.4255643,6.3723316,6.3723636,6.372391,6.3723636,6.372273,6.3718295,6.3723636,6.3717575,5.362595,6.371757507330122
6.372363747448347,6.3726067543029785,6.3736042976379395,6.37322473526001,6.116013253474502,6.8255615234375,6.372363747448341,6.372363747448335,6.372309334538333,6.372320652008057,6.3726539114223515,6.38109479925643,6.157425880432129,6.366856098175049,6.3750104904174805,6.375383377075195,6.3793815065977615,6.382763385772705,6.372363747448338,6.372363747448335,6.37236357262398,6.372320652008057,6.370737398658661,6.363901606809782,5.958207130432129,6.4504037,-9.033901,6.447154,6.340863,4.8038144,4.635692,3.7228947,4.4043446,-3.4822452,3.7383325,6.3722873,6.3723636,6.2948623,6.3723636,6.3721914,6.371474,6.3123636,6.371306,4.3814754,6.3713059425412535
6.372363747448347,6.371816635131836,6.37241268157959,6.3725361824035645,5.971111905906905,6.468132019042969,6.372363747448342,6.372363747448337,6.372309612050575,6.3723225593566895,6.371909396108108,6.381891623877295,0.6669074892997742,6.357421875,6.3611674308776855,6.363041400909424,6.372689278815469,8.86328125,6.372363747448337,6.372363747448337,6.372363573730174,6.3723225593566895,6.372363567352294,6.225875082989281,6.036627769470215,6.5430903,-7.39521,6.539386,6.5255046,5.355159,5.4751368,5.3115506,4.229809,-2.3372886,5.654311,6.3722873,6.3723636,6.354185,6.3723636,6.3721914,6.371474,6.3423634,6.371306,4.823888,6.371305942541263
6.372363747448347,6.358414649963379,6.361567974090576,6.363349914550781,6.381279720637961,6.355132102966309,6.372363747448341,6.372363747448336,6.3723109267559135,6.372321128845215,6.367511747685187,6.36890165107056,5.170530796051025,6.3500518798828125,6.359821319580078,6.356887340545654,6.358682763621203,6.362087249755859,6.372363747448338,6.372363747448336,6.3723635777356336,6.372321128845215,6.367184430296593,6.354903457256224,6.640889644622803,6.5960994,3.4182818,6.6050158,6.510053,8.432395,8.530759,6.8954015,5.285425,-4.0732174,5.464905,6.3718424,6.3723636,6.3690534,6.3723636,6.372273,6.37194,6.3723636,6.3717575,5.813282,6.371757507330117
6.372363747448347,6.355055332183838,6.363801002502441,6.358105182647705,6.357947548177665,6.321774482727051,6.372363747448342,6.372363747448336,6.3723109267559135,6.372321128845215,6.3682091736147335,6.392425241973284,1.4465134143829346,6.381927967071533,6.362461566925049,6.375729084014893,6.375955318656673,6.359384059906006,6.372363747448338,6.372363747448336,6.3723635777356336,6.372321128845215,6.36705384760984,6.355098413845257,4.613227367401123,6.7857203,-5.0931582,6.7752447,6.479168,6.347489,3.7088852,6.4074993,4.9847817,-4.4286604,3.518605,6.3722873,6.3723636,5.997105,6.3700395,6.2828393,6.371474,6.2523637,6.371306,4.770853,6.371305942541216
6.372363747448347,6.3583598136901855,6.364600658416748,6.360636234283447,6.345823879924139,6.34803581237793,6.372363747448342,6.372363747448336,6.3723109267559135,6.372321128845215,6.372223498139248,6.358613978978208,1.1942989826202393,6.374818325042725,6.362893581390381,6.37070894241333,6.3709787587788105,6.363402843475342,6.372363747448338,6.372363747448336,6.3723635777356336,6.372321128845215,6.370463276066499,6.3578295838011645,4.665125370025635,6.717212,-5.2034125,6.709171,6.505198,6.3336816,4.538487,8.305512,5.622224,-5.1806917,4.7678404,6.3722873,6.3723636,6.1792607,6.3712015,6.3385925,6.371474,6.3123636,6.371306,4.9891148,6.371305942541247
6.372363747448347,6.374110221862793,6.379597187042236,6.377958297729492,6.669471912693366,6.77679443359375,6.372363747448341,6.372363747448335,6.372309334538333,6.372320652008057,6.372944860433945,6.372354310641849,6.618269443511963,6.399115085601807,6.385887145996094,6.397462844848633,6.393094468873166,6.380953788757324,6.372363747448338,6.372363747448335,6.37236357262398,6.372320652008057,6.371269981332727,6.356561651692793,6.965970039367676,6.3316927,6.5370374,6.3315854,6.297319,5.3152065,5.658199,5.7652783,5.253589,-2.3770175,7.0723376,6.3723316,6.3723636,6.3773255,6.3723636,6.372273,6.3718295,6.3723636,6.3717575,5.7315464,6.371757507330128
6.372363747448347,6.369383335113525,6.372657299041748,6.364761829376221,6.3073351416158046,6.3214569091796875,6.372363747448342,6.372363747448337,6.372309612050575,6.3723225593566895,6.371909396108108,6.343504612426145,-2.65663743019104,6.381490230560303,6.367612361907959,6.369905948638916,6.3790565348692825,8.515625,6.372363747448337,6.372363747448337,6.372363573730174,6.3723225593566895,6.372363567352294,6.417317374443366,5.913686752319336,6.3047037,-10.196942,6.3029923,6.157815,4.6719155,4.7758155,5.4133134,5.5864186,-4.2738247,5.0729647,6.3722873,6.3723636,6.122762,6.3190303,6.2815294,6.371474,5.9823637,6.371306,4.444905,6.371305942541184
6.372363747448347,6.376492500305176,6.377171039581299,6.377418041229248,6.314287549081093,6.9691162109375,6.372363747448341,6.372363747448334,6.372304557885586,6.372318267822266,6.378669613368002,6.401951434871718,-0.15896287560462952,6.391746997833252,6.377612113952637,6.379405975341797,6.38245985541245,6.55908203125,6.372363747448337,6.372363747448335,6.372363557288719,6.372318267822266,6.373085761954869,6.367911144023826,2.5325767993927,6.4477196,-6.887645,6.45217,6.371281,4.3312206,5.4618464,5.2249975,6.2480364,-3.618038,4.31573,6.3722873,6.3723636,6.3916664,6.3723636,6.3385925,6.371474,6.3123636,6.371306,4.7360964,6.371305942541254
6.372363747448347,6.382665157318115,6.377681255340576,6.375650882720947,5.808327727348028,6.84588623046875,6.372363747448341,6.372363747448334,6.372304557885586,6.372318267822266,6.352181414283973,6.377113144810578,1.2701274156570435,6.367325782775879,6.375687599182129,6.369744300842285,6.380242460640614,6.75128173828125,6.372363747448337,6.372363747448334,6.372363557288718,6.372318267822266,6.369575703527226,6.368040610611006,4.488483428955078,6.5000334,-5.408068,6.4977446,6.3934007,4.9360847,4.7475104,3.9665787,8.585057,-3.7847545,5.0918403,6.3722873,6.3723636,6.1093183,6.3723636,6.3721914,6.371474,6.3423634,6.371306,4.900505,6.371305942541256
6.372363747448347,6.37152099609375,6.37309455871582,6.373416900634766,6.589994223470841,6.8439178466796875,6.372363747448341,6.372363747448335,6.372309334538333,6.372320652008057,6.370882938059325,6.371339307075706,6.718550682067871,6.387171745300293,6.378114223480225,6.386922359466553,6.385498804494225,6.3728203773498535,6.372363747448338,6.372363747448335,6.37236357262398,6.372320652008057,6.37295210764032,6.3648664684596925,6.245504379272461,6.4080634,-12.045412,6.41483,6.218982,5.3070326,5.120976,6.0415525,6.3518615,-3.7518752,6.364701,6.3722873,6.3723636,6.189201,6.3723636,6.3721914,6.371474,6.3423634,6.371306,4.6219034,6.37130594254124
6.372363747448347,6.374391555786133,6.378049850463867,6.3798065185546875,6.50540978167581,6.470909118652344,6.372363747448342,6.372363747448336,6.372309759639191,6.372320652008057,6.37691631855264,6.376070373281417,0.9561412334442139,6.384524822235107,6.377389430999756,6.38158655166626,6.376728308524022,6.591552734375,6.372363747448337,6.372363747448336,6.372363573990405,6.372320652008057,6.373432969615137,6.364754376385672,0.6730308532714844,6.4686556,-2.1552553,6.4674006,6.387699,6.124747,4.091285,6.5800967,3.1802752,-0.7389142,4.169945,6.344912,6.3723636,6.380729,6.3723636,6.3721914,6.371474,6.3723636,6.371306,5.0852017,6.371305942541284
6.372363747448347,6.372262477874756,6.370973587036133,6.368701457977295,6.293516941080933,6.93353271484375,6.372363747448341,6.372363747448334,6.372304557885586,6.372318267822266,6.350317355047887,6.405184579614884,-0.05072084069252014,6.391203880310059,6.375634670257568,6.378403186798096,6.378622059392756,6.67059326171875,6.372363747448337,6.372363747448334,6.372363557288719,6.372318267822266,6.3674778355971124,6.407093682507857,3.4512760639190674,6.1852446,-10.124175,6.1924424,5.9294176,5.3518486,5.130749,5.692497,5.275369,-2.4015195,3.3366318,6.1188006,6.3723636,6.254466,6.363373,6.3385925,6.371474,6.1923637,6.371306,4.4972916,6.371305942541227
6.372363747448347,6.372511386871338,6.370590686798096,6.367502689361572,6.435014565261627,6.4105377197265625,6.372363747448342,6.372363747448337,6.372309612050575,6.3723225593566895,6.371909396108108,6.3929880565170905,-0.7055580615997314,6.385244846343994,6.37129020690918,6.376740455627441,6.377102166063934,8.271484375,6.372363747448337,6.372363747448337,6.372363573730174,6.3723225593566895,6.372363567352294,6.390887057171135,6.425282955169678,6.1206665,-8.132243,6.1304226,5.8549747,5.244351,5.2454987,6.327656,4.6299524,-2.4290984,3.6865547,6.118045,6.3723636,6.172498,6.362211,6.3385925,6.371474,6.1023636,6.371306,4.6048665,6.371305942541221
6.372363747448347,6.375575065612793,6.3738274574279785,6.377353668212891,6.884272792402312,6.454437255859375,6.372363747448342,6.372363747448337,6.372309612050575,6.3723225593566895,6.371909396108108,6.375239836024004,0.6252997517585754,6.388448715209961,6.377239227294922,6.381526947021484,6.368301146350921,8.54296875,6.372363747448337,6.372363747448337,6.372363573730174,6.3723225593566895,6.372363567352294,6.370482656373514,6.672725200653076,6.4193554,-4.575912,6.4164743,6.474011,5.3304057,4.206371,6.7643776,6.3662105,-0.9188545,4.5394707,6.3724785,6.3723636,6.3754773,6.3723636,6.3722305,6.3723226,6.3723636,6.371609,5.1112843,6.371609210973894
6.372363747448347,6.373696327209473,6.374729156494141,6.374691963195801,6.382412806620671,6.8064117431640625,6.372363747448341,6.372363747448335,6.372309334538333,6.372320652008057,6.373013378095755,6.374820304060038,6.123068809509277,6.376228332519531,6.377475261688232,6.380161285400391,6.382008985609074,6.384729385375977,6.372363747448338,6.372363747448335,6.37236357262398,6.372320652008057,6.3727701987957355,6.363901606809782,6.099185943603516,6.419579,-5.092925,6.41805,6.442112,6.5336537,4.275499,6.88962,4.843354,-2.1953702,5.482041,6.3724785,6.3723636,6.3768573,6.3723636,6.3722305,6.3723226,6.3723636,6.371609,5.0554557,6.371609210973892
6.372363747448347,6.363766670227051,6.359868049621582,6.366159915924072,7.067457527426766,6.8103485107421875,6.372363747448341,6.372363747448336,6.372309334538333,6.372320652008057,6.373995692449146,6.367638182553098,7.326837539672852,6.384284973144531,6.363741397857666,6.377194404602051,6.37591771203218,6.344398021697998,6.372363747448338,6.372363747448336,6.37236357262398,6.372320652008057,6.371665686528876,6.373443428327904,6.509221076965332,6.193323,-23.164797,6.168498,6.10056,5.6274695,4.4306407,5.8137937,5.5622225,-2.88658,6.5301137,6.3932915,6.3723636,6.3011622,6.3390303,6.3722463,6.3720794,6.3123636,6.3716235,3.956078,6.371623516088574
6.372363747448347,6.365777969360352,6.36171817779541,6.363545894622803,7.067030286724166,6.614349365234375,6.372363747448341,6.372363747448335,6.372304557885586,6.372318267822266,6.432724344264424,6.390411519858183,1.5279659032821655,6.4018731117248535,6.376960277557373,6.383769512176514,6.379632827208786,6.5565185546875,6.372363747448337,6.372363747448334,6.372363557288719,6.372318267822266,6.374218171219554,6.352073494477745,4.095669269561768,6.115887,-20.938465,6.0954666,6.0146046,5.044575,4.8773994,6.0976453,3.137124,-4.9544573,4.281413,6.372369,6.3723636,6.3342977,6.3723636,6.3722463,6.3720794,6.3123636,6.3716235,3.702828,6.371623516088583
6.372363747448347,6.368073463439941,6.367485046386719,6.368042945861816,7.022864880753245,6.477916717529297,6.372363747448342,6.372363747448337,6.372309612050575,6.3723225593566895,6.371909396108108,6.370982622173534,0.6129435300827026,6.393825054168701,6.379378795623779,6.381347179412842,6.363310539276221,8.3515625,6.372363747448337,6.372363747448337,6.372363573730174,6.3723225593566895,6.372363567352294,6.37353505651128,6.788966178894043,6.2096057,-17.77579,6.184987,6.079741,5.2011404,6.0287366,5.8716474,5.745623,-3.022308,3.464033,6.372369,6.3723636,6.2694554,6.3723636,6.3722463,6.3720794,6.3123636,6.3716235,4.155682,6.371623516088588
6.372363747448347,6.370315074920654,6.3679609298706055,6.368156433105469,6.089324152259867,6.838958740234375,6.372363747448341,6.372363747448335,6.372309334538333,6.372320652008057,6.370118902543337,6.249465345059893,6.56869649887085,6.351220607757568,6.365403652191162,6.3595733642578125,6.362950984193443,6.374457836151123,6.372363747448338,6.372363747448336,6.37236357262398,6.372320652008057,6.3716238462734545,6.37110843226427,5.707479476928711,6.1945157,-12.072826,6.1777196,6.0588818,6.1773424,4.7671914,5.337352,3.110182,-5.289805,5.284451,6.372369,6.3723636,6.0893373,6.3723636,6.3722463,6.3720794,6.2823634,6.3716235,4.2416525,6.371623516088593
6.372363747448347,6.371489524841309,6.368958473205566,6.368770599365234,6.647670677890575,6.575653076171875,6.372363747448341,6.372363747448334,6.372304557885586,6.372318267822266,6.475246240471845,6.429059439620286,1.0049302577972412,6.398491382598877,6.380370140075684,6.387295722961426,6.38526995399699,6.5240478515625,6.372363747448337,6.372363747448334,6.372363557288718,6.372318267822266,6.371215336319174,6.383015766935166,3.6137518882751465,6.2735624,-11.465997,6.2564917,6.155294,5.3600645,4.2704144,4.1585326,1.578707,-3.6001892,4.9110684,6.3723335,6.3723636,6.3000975,6.3723636,6.3722463,6.3720794,6.2823634,6.3716235,4.1507454,6.371623516088606
6.372363747448347,6.372469425201416,6.366459846496582,6.366424083709717,6.96652519774932,6.469291687011719,6.372363747448342,6.372363747448337,6.372309612050575,6.3723225593566895,6.371909396108108,6.357071014620701,0.4302612543106079,6.39586067199707,6.379844665527344,6.3826003074646,6.367709716278174,7.939453125,6.372363747448337,6.372363747448337,6.372363573730174,6.3723225593566895,6.372363567352294,6.373677839829593,6.844606399536133,5.967148,-13.08337,5.9668794,6.060317,7.0011916,5.646954,6.750659,6.3817844,-2.7511184,3.0088654,6.1540966,6.3723636,6.15506,6.365697,6.3721914,6.371474,6.2823634,6.371306,4.521881,6.37130594254123
6.372363747448347,6.37179708480835,6.370254039764404,6.3694281578063965,6.328397997524894,6.444976806640625,6.372363747448342,6.372363747448336,6.372309759639191,6.372320652008057,6.365597839259061,6.387642746263372,0.8041530251502991,6.372888565063477,6.371734619140625,6.3717474937438965,6.372346959046931,6.52197265625,6.372363747448337,6.372363747448336,6.372363573990405,6.372320652008057,6.373335166406145,6.3833209921161265,0.7910805344581604,6.1333246,-9.633518,6.1262083,6.220406,6.568722,5.0283003,5.2822523,3.6868956,-3.2629077,6.407202,6.1540966,6.3723636,6.300815,6.365697,6.3721914,6.371474,6.2823634,6.371306,4.6192884,6.371305942541249
6.372363747448347,6.373183727264404,6.376589775085449,6.3770341873168945,6.067800957094272,6.670074462890625,6.372363747448341,6.372363747448334,6.372304557885586,6.372318267822266,6.378758941895897,6.3734008289815325,1.3456439971923828,6.36945915222168,6.37037467956543,6.369225025177002,6.375035638831901,6.4842529296875,6.372363747448337,6.372363747448334,6.372363557288718,6.372318267822266,6.369880172594008,6.360325370432903,2.5997180938720703,6.493526,-1.8205827,6.4961796,6.4124594,5.281079,4.4500504,5.0111747,4.3485117,0.5812214,4.479487,6.3722873,6.3723636,6.3885484,6.3723636,6.3721914,6.371474,6.3723636,6.371306,5.1514444,6.371305942541285
6.372363747448347,6.373839855194092,6.376003742218018,6.375931262969971,6.414087041216109,6.460418701171875,6.372363747448342,6.372363747448336,6.372309759639191,6.372320652008057,6.368616895020641,6.384372001158008,1.0811909437179565,6.382206916809082,6.376648902893066,6.37959623336792,6.376019349313137,6.6046142578125,6.372363747448337,6.372363747448336,6.372363573990405,6.372320652008057,6.373309842953108,6.375597648831898,0.6752901077270508,6.434118,-7.671253,6.4379425,6.326725,4.7977743,4.625792,4.5668087,5.5514407,-0.6318226,5.1614065,6.3722873,6.3723636,6.4099917,6.3723636,6.3721914,6.371474,6.3423634,6.371306,4.810182,6.371305942541266
6.372363747448347,6.376519203186035,6.377964496612549,6.3774094581604,6.13917648467992,6.38223934173584,6.372363747448342,6.372363747448336,6.3723109267559135,6.372321128845215,6.369569752995107,6.368114482149961,2.3567862510681152,6.363968372344971,6.371151924133301,6.368433475494385,6.373491537095302,6.37603235244751,6.372363747448338,6.372363747448336,6.3723635777356336,6.372321128845215,6.370762157175386,6.363164760724155,5.1806135177612305,6.279792,-3.0759528,6.2822504,6.2765303,4.413544,3.1250906,4.1388235,3.4199674,0.82878786,5.7063947,6.372734,6.3723636,6.318644,6.3723636,6.3721914,6.371474,6.2823634,6.371306,4.9015927,6.3713059425412695
6.372363747448347,6.374156951904297,6.375473976135254,6.376535892486572,6.362627385585544,6.464324951171875,6.372363747448342,6.372363747448336,6.372309759639191,6.372320652008057,6.346887198764964,6.384543921390946,1.0795856714248657,6.376852989196777,6.3749518394470215,6.376071929931641,6.374499848332262,6.607177734375,6.372363747448337,6.372363747448336,6.372363573990405,6.372320652008057,6.3741761038681375,6.379309089584388,0.6494659781455994,6.521727,-8.517831,6.5236015,6.391634,4.8216977,4.5077615,4.3068686,5.3627934,-2.7606337,6.1028676,6.3722873,6.3723636,6.424932,6.3723636,6.3721914,6.371474,6.3423634,6.371306,4.681098,6.371305942541264
6.372363747448347,6.374841690063477,6.3725361824035645,6.3709306716918945,6.496854637426304,6.6057891845703125,6.372363747448341,6.372363747448334,6.372304557885586,6.372318267822266,6.376701272329704,6.394138705262806,1.1652804613113403,6.389803409576416,6.378154277801514,6.381217956542969,6.377573802171155,6.6473388671875,6.372363747448337,6.372363747448334,6.372363557288718,6.372318267822266,6.369647967287874,6.37871640786031,3.791426420211792,6.0605564,-12.059575,6.0590606,6.085721,5.6175747,6.6040993,5.7695875,5.6308517,-3.1449587,4.820429,6.375128,6.3723636,6.3231487,6.3723636,6.3722305,6.3723226,6.3723636,6.371609,4.576382,6.371609210973868
6.372363747448347,6.370532989501953,6.365762710571289,6.363938331604004,6.332535673886538,6.357704162597656,6.372363747448342,6.372363747448336,6.372309759639191,6.372320652008057,6.449316975231136,6.383361437004953,-0.6217540502548218,6.365402698516846,6.366174221038818,6.365028381347656,6.3700498765508975,6.435302734375,6.372363747448337,6.372363747448336,6.372363573990405,6.372320652008057,6.373972967241143,6.394854562736993,1.0207401514053345,6.5638485,-12.696441,6.559788,6.3839507,6.0316377,6.628307,7.5946403,6.5163736,-1.4071712,7.6334863,6.3722873,6.3723636,6.177497,6.3723636,6.3385925,6.371474,6.2823634,6.371306,5.025926,6.371305942541222
6.372363747448347,6.377936363220215,6.35786771774292,6.360677719116211,6.090089035063706,6.386190414428711,6.372363747448342,6.372363747448337,6.3723109267559135,6.372321128845215,6.36277120614115,6.337184674821107,5.263241291046143,6.319276809692383,6.359128475189209,6.333652019500732,6.348014337123295,6.366884708404541,6.372363747448338,6.372363747448337,6.3723635777356336,6.372321128845215,6.37144108814506,6.3802382062560605,10.093290328979492,6.1539106,-14.9677305,6.165431,6.072055,6.3692665,8.797542,7.511258,7.9643607,-2.8121054,9.88931,6.3722873,6.3723636,6.260436,6.3723636,6.3721914,6.371474,6.3423634,6.371306,5.1098933,6.371305942541237
6.372363747448347,6.3729248046875,6.3746771812438965,6.375826835632324,6.324566552782835,6.374639511108398,6.372363747448341,6.372363747448336,6.3723109267559135,6.372321128845215,6.372706329104425,6.382511948467662,3.0949416160583496,6.365280628204346,6.370667934417725,6.368567943572998,6.372083935577888,6.373265266418457,6.372363747448338,6.372363747448336,6.3723635777356336,6.372321128845215,6.3733454369734615,6.373388046085685,5.841669082641602,6.5685434,-7.4537797,6.5657325,6.3631053,5.3098636,6.2642894,5.3764453,4.8061166,-3.2664557,5.2796335,6.3722873,6.3723636,6.3967376,6.3723636,6.3721914,6.371474,6.3723636,6.371306,4.823032,6.371305942541269
6.372363747448347,6.37304162979126,6.373902320861816,6.37486457824707,6.376542286535702,6.460380554199219,6.372363747448342,6.372363747448336,6.372309759639191,6.372320652008057,6.37680580379703,6.384620680664559,0.815091609954834,6.376652717590332,6.37378454208374,6.375506401062012,6.374460898885059,6.57763671875,6.372363747448337,6.372363747448336,6.372363573990405,6.372320652008057,6.374502783722757,6.381021956924093,0.6580648422241211,6.3159046,-6.837105,6.3173056,6.2878356,6.015788,5.4192176,5.17655,2.4745011,-2.4556518,4.167195,6.3715315,6.3723636,6.3983507,6.3723636,6.3721914,6.371474,6.3423634,6.371306,4.658527,6.371305942541268
6.372363747448347,6.373237133026123,6.374686241149902,6.375584125518799,6.4594196795449035,6.447235107421875,6.372363747448342,6.372363747448336,6.372309759639191,6.372320652008057,6.379178329034917,6.401908543887898,0.7521308660507202,6.382299423217773,6.376341342926025,6.379798889160156,6.3774517193030835,6.5838623046875,6.372363747448337,6.372363747448336,6.372363573990405,6.372320652008057,6.374686255269253,6.378087395498807,0.6541754007339478,6.19332,-7.656102,6.1750107,6.111377,6.2063665,4.838679,4.1709437,3.7147357,-1.8556197,2.767221,6.372369,6.3723636,6.326545,6.3723636,6.3722463,6.3720794,6.3123636,6.3716235,4.5298824,6.371623516088622
6.372363747448347,6.372567176818848,6.373721122741699,6.372809886932373,6.457801909588877,6.71221923828125,6.372363747448341,6.372363747448334,6.372304557885586,6.372318267822266,6.367566122720217,6.396727751000076,0.9619196653366089,6.390645503997803,6.3765034675598145,6.380364418029785,6.377572436940277,6.577392578125,6.372363747448337,6.372363747448334,6.372363557288718,6.372318267822266,6.370656950047414,6.395509526746958,2.7621827125549316,6.164707,-4.8571286,6.1494045,6.1073933,4.3367324,5.5504804,4.7206855,2.9374728,-4.522014,3.7930617,6.372369,6.3723636,6.2383842,6.3723636,6.3722463,6.3720794,6.3123636,6.3716235,4.5091434,6.371623516088626
6.372363747448347,6.37387752532959,6.37620210647583,6.377572059631348,6.30523315664604,6.378241539001465,6.372363747448342,6.372363747448336,6.3723109267559135,6.372321128845215,6.3706582048921,6.372767523840635,2.774170160293579,6.365115165710449,6.371237754821777,6.368717670440674,6.371853878492675,6.375483512878418,6.372363747448338,6.372363747448336,6.3723635777356336,6.372321128845215,6.373491327509957,6.3698530836468095,5.975490570068359,6.5048223,-4.703974,6.507345,6.4387813,5.5205526,5.1035924,4.105674,4.160683,1.1131122,4.2226043,6.3722873,6.3723636,6.3868155,6.3723636,6.3721914,6.371474,6.3723636,6.371306,4.9980197,6.371305942541276
6.372363747448347,6.371596336364746,6.371677398681641,6.373744964599609,6.140722055105231,6.4671783447265625,6.372363747448342,6.372363747448337,6.372309612050575,6.3723225593566895,6.371909396108108,6.349809470188764,0.4817405641078949,6.359423637390137,6.361992359161377,6.364240646362305,6.373003094077487,8.806640625,6.372363747448337,6.372363747448337,6.372363573730174,6.3723225593566895,6.372363567352294,6.370692158323368,6.191715240478516,6.4139175,-6.868184,6.4209003,6.4313097,5.4987545,3.6323733,6.853567,3.4758995,-5.121177,5.1086874,6.3724785,6.3723636,6.376015,6.3723636,6.3722305,6.3715405,6.3723636,6.371609,4.6015005,6.371609210973887
6.372363747448347,6.373524188995361,6.373539924621582,6.374334812164307,6.161165370168903,6.460285186767578,6.372363747448342,6.372363747448337,6.372309612050575,6.3723225593566895,6.371909396108108,6.387174339265137,0.5384727716445923,6.365573883056641,6.364912033081055,6.368182182312012,6.373790129838213,8.720703125,6.372363747448337,6.372363747448337,6.372363573730174,6.3723225593566895,6.372363567352294,6.3702017371106585,6.200649738311768,6.421581,-6.948184,6.423847,6.434784,5.464704,4.384576,5.2620416,4.388417,-3.3064947,4.6165123,6.3724785,6.3723636,6.3752694,6.3723636,6.3722305,6.3723226,6.3723636,6.371609,4.673488,6.371609210973887
6.372363747448347,6.37058162689209,6.37089729309082,6.37232780456543,6.3874133114345835,6.49383544921875,6.372363747448342,6.372363747448336,6.372309759639191,6.372320652008057,6.3580768366966325,6.387384381324896,0.8807821273803711,6.374804973602295,6.3716559410095215,6.373556613922119,6.372949230010102,6.574462890625,6.372363747448337,6.372363747448336,6.372363573990405,6.372320652008057,6.3744855450470785,6.381810134984508,0.653070330619812,6.3383517,-7.6959915,6.3414702,6.357798,5.2451634,4.34836,7.77518,3.6568983,-3.5962846,4.89964,6.3724785,6.3723636,6.3708944,6.3723636,6.3722305,6.3715405,6.3723636,6.371609,4.7025795,6.371609210973883
6.372363747448347,6.370245456695557,6.369330883026123,6.370275497436523,6.377812011266597,6.453433990478516,6.372363747448342,6.372363747448337,6.372309612050575,3.3724772930145264,3.3736060976794886,6.387915823566103,0.05981326103210449,5.928069114685059,5.476480960845947,5.91813325881958,5.907867375396247,49.888671875,6.0635402180365725,6.103707031030426,5.566163898090877,6.3723225593566895,6.372363567352294,5.861242242407052,4.265388011932373,6.396075,-11.822417,6.399828,6.3655453,5.2362304,4.2080865,5.2851605,3.3805888,-3.5524912,4.358753,6.241744,6.3723636,6.379343,6.351753,6.358174,6.369277,6.2914486,6.3709855,4.277247,6.37098550797093
6.372363747448347,6.377150058746338,6.375319004058838,6.375338554382324,6.249589533402079,6.380010604858398,6.372363747448341,6.372363747448336,6.3723109267559135,6.372321128845215,6.372217387422254,6.390994006001588,2.8512465953826904,6.364681243896484,6.371763229370117,6.367919921875,6.373951033111138,6.373203754425049,6.372363747448338,6.372363747448336,6.3723635777356336,6.372321128845215,6.370895547235493,6.374279944662206,5.749593257904053,6.2088685,-5.6400213,6.220015,6.2008333,5.4204545,4.6404586,5.1099477,4.571728,0.09627694,5.4139996,6.3724785,6.3723636,6.376326,6.3723636,6.3722305,6.3723226,6.3723636,6.371609,4.956923,6.37160921097389
6.372363747448347,6.373291969299316,6.375179767608643,6.370458126068115,7.262771670034307,6.765625,6.337505164429653,6.372363747448335,6.330614903634429,6.372320652008057,6.370907151040392,6.3775024863160565,6.941833972930908,6.423807621002197,6.3802595138549805,6.4061279296875,6.391104104209507,6.369631767272949,6.372363747448338,6.372363747448335,6.37236357262398,6.372320652008057,6.374363442643225,6.368542904741527,6.967409133911133,6.285095,4.1681857,6.2834625,6.123284,4.9774866,5.7017026,8.794558,9.266867,-3.1275826,5.631091,6.279119,6.3723636,6.304656,6.3323636,6.3722463,6.3720794,6.3123636,6.3716235,5.8233867,6.371623516088656
6.372363747448347,6.378368854522705,6.375449180603027,6.375103950500488,6.12053991378144,6.448699951171875,6.372363747448342,6.372363747448337,6.372309612050575,6.3723225593566895,6.371909396108108,6.381132582079586,0.579973578453064,6.3681511878967285,6.3667426109313965,6.370090484619141,6.377724116671639,8.470703125,6.372363747448337,6.372363747448337,6.372363573730174,6.3723225593566895,6.372363567352294,6.423585341966081,6.400455951690674,6.060794,-5.520004,6.0509143,5.983312,4.5945296,5.1610007,5.982126,4.790044,-3.9757512,3.840421,6.372369,6.3723636,6.3387113,6.3723636,6.3722463,6.3720794,6.3123636,6.3716235,4.6584167,6.371623516088628
6.372363747448347,6.3723039627075195,6.375627517700195,6.375704288482666,6.025775342288046,6.8242950439453125,6.372363747448341,6.372363747448335,6.372309334538333,6.372320652008057,6.372035956793085,6.37804979660294,6.138296604156494,6.364037990570068,6.375853538513184,6.374905109405518,6.380989852885051,6.3829145431518555,6.372363747448338,6.372363747448335,6.37236357262398,6.372320652008057,6.36726247092686,6.363901606809782,6.300779342651367,6.391386,-4.038344,6.3931236,6.420138,4.9325724,4.015873,4.8724003,4.1591005,-4.048288,3.9997969,6.3733096,6.3723636,6.3729644,6.3723636,6.3722305,6.3723226,6.3723636,6.371609,4.6709604,6.371609210973895
6.372363747448347,6.374284267425537,6.3754706382751465,6.375852108001709,6.432928303407267,6.8157501220703125,6.372363747448341,6.372363747448335,6.372309334538333,6.372320652008057,6.376840681405655,6.388687556933712,6.025273323059082,6.379604816436768,6.378654479980469,6.382570266723633,6.384913613200143,6.384049892425537,6.372363747448338,6.372363747448335,6.37236357262398,6.372320652008057,6.372389222601335,6.363901606809782,6.164472579956055,6.4453597,-5.1220646,6.435171,6.53946,6.299742,4.0612655,6.2385106,4.2697206,-1.2664392,4.6542616,6.3713145,6.3723636,6.3789606,6.3723636,6.3722305,6.3723226,6.3723636,6.371609,4.974362,6.371609210973892
6.372363747448347,6.371949672698975,6.372356414794922,6.372282028198242,6.287358372945137,6.7939910888671875,6.372363747448341,6.372363747448334,6.372304557885586,6.372318267822266,6.38029966330874,6.355785732433556,1.8283073902130127,6.378020763397217,6.372940540313721,6.372713565826416,6.374076845431027,6.5750732421875,6.372363747448337,6.372363747448334,6.372363557288718,6.372318267822266,6.373483092873766,6.374842179434419,3.0786240100860596,6.3848686,2.1039233,6.3825173,6.490154,6.7562585,7.686774,7.2253394,5.1999116,1.2941344,6.2355585,6.372356,6.3723636,6.356925,6.3723636,6.37229,6.3719616,6.3723636,6.3722215,5.929015,6.372221469885045
6.372363747448347,6.3731184005737305,6.378722667694092,6.3777570724487305,6.511367292252225,6.454643249511719,6.372363747448342,6.372363747448336,6.372309759639191,6.372320652008057,6.390306806745505,6.268134299410856,1.4189521074295044,6.3829216957092285,6.373354434967041,6.3781328201293945,6.368460482299581,6.6778564453125,6.372363747448337,6.372363747448336,6.372363573990405,6.372320652008057,6.372869083268427,6.3623235338195165,0.8130952715873718,6.154046,6.597759,6.153398,6.2576604,8.049536,6.791667,6.2829,3.4919283,0.13295978,3.7350652,6.372356,6.3723636,6.372539,6.3723636,6.37229,6.3719616,6.3723636,6.3722577,5.812523,6.372257709509083
6.372363747448347,6.369749546051025,6.369459629058838,6.3706278800964355,6.242560406623528,6.598297119140625,6.372363747448341,6.372363747448334,6.372304557885586,6.372318267822266,6.354515207915605,6.376189618871548,0.9680348634719849,6.369056701660156,6.367640972137451,6.3670220375061035,6.371728722867605,6.54754638671875,6.372363747448337,6.372363747448334,6.372363557288718,6.372318267822266,6.378122701954142,6.3681226000302695,2.819269895553589,6.4324636,-9.1348,6.442344,6.3869014,6.9861336,3.9032,7.0431266,5.5245414,-4.157416,4.367374,6.3724785,6.3723636,6.3746967,6.3723636,6.3722305,6.3723226,6.3723636,6.371609,4.7096834,6.3716092109738796
6.372363747448347,6.377913475036621,6.374355316162109,6.375185489654541,5.965744008934834,6.435520172119141,6.372363747448342,6.372363747448337,6.372309612050575,6.3723225593566895,6.371909396108108,6.3796798639140055,0.5853846073150635,6.359891891479492,6.362274169921875,6.365633010864258,6.376710544938678,8.60546875,6.372363747448337,6.372363747448337,6.372363573730174,6.3723225593566895,6.372363567352294,6.231249686124992,6.239019870758057,6.144492,-5.844413,6.16142,6.172018,5.5063014,3.546344,6.3305078,5.1281104,-4.730314,7.0915112,6.3724785,6.3723636,6.3360276,6.3700395,6.364166,6.371361,6.3671346,6.371609,4.801731,6.371609210973884
6.372363747448347,6.375417709350586,6.376345157623291,6.3774542808532715,6.309999442504532,6.469642639160156,6.372363747448342,6.372363747448336,6.372309759639191,6.372320652008057,6.340556279788363,6.376896705520335,1.4753968715667725,6.374246120452881,6.375280380249023,6.374744892120361,6.3738080725278135,6.6107177734375,6.372363747448337,6.372363747448336,6.372363573990405,6.372320652008057,6.37412446079979,6.374502903141884,0.6613442897796631,6.29018,2.8391635,6.3091702,6.1915665,6.242647,6.252578,5.74235,4.4262977,-0.3895489,5.508103,6.3724785,6.3723636,6.406622,6.3723636,6.37223,6.3704915,6.3723636,6.371609,5.579057,6.371609210973917
6.372363747448347,6.368978977203369,6.368642330169678,6.372577667236328,6.905241441790315,6.7895050048828125,6.372363747448341,6.372363747448335,6.372309334538333,6.372320652008057,6.3753972574674185,6.365297565325157,6.844860553741455,6.388688087463379,6.372232913970947,6.384765148162842,6.38288455089973,6.359142780303955,6.372363747448338,6.372363747448335,6.37236357262398,6.372320652008057,6.366215057255505,6.363874361554009,6.523555755615234,6.343062,7.5798774,6.347823,6.3510756,6.1893654,5.4436474,6.125245,4.1108212,2.0239248,5.82271,6.3724785,6.3723636,6.3682647,6.3723636,6.3722305,6.3704915,6.3723636,6.371609,5.9616513,6.371609210973928
6.372363747448347,6.373359203338623,6.372790813446045,6.3714070320129395,6.31373320248407,6.358983039855957,6.372363747448342,6.372363747448336,6.3723109267559135,6.372321128845215,6.367416034922453,6.316124499547685,0.7827703952789307,6.36566162109375,6.3698601722717285,6.366044998168945,6.367956531679081,6.379791736602783,6.372363747448338,6.372363747448336,6.3723635777356336,6.372321128845215,6.372202348199882,6.370817293389705,5.586988925933838,6.05266,2.5373104,6.068388,6.035628,5.154055,5.6286006,3.8975208,3.6197102,-1.4155607,2.6919928,5.6754956,6.3723636,6.153846,5.8458853,6.335147,6.3519764,6.211906,6.371306,4.977124,6.371305942541256
6.372363747448347,6.386913776397705,6.379018783569336,6.379405498504639,5.946929847589362,6.6713409423828125,6.372363747448341,6.372363747448334,6.372304557885586,6.372318267822266,6.3663506907071135,6.36913762976484,1.3705042600631714,6.363217830657959,6.376583099365234,6.368616104125977,6.380744120281653,6.74041748046875,6.372363747448337,6.372363747448334,6.372363557288718,6.372318267822266,6.373592185441352,6.37384524536735,5.014774322509766,6.1348953,1.1198201,6.1578746,5.9911275,5.623633,4.6428246,4.3289356,7.865638,-2.4387496,4.783986,6.372215,6.3723636,6.2872114,6.3723636,6.3722463,6.3711114,6.3723636,6.3716235,5.2834153,6.371623516088651
6.372363747448347,6.36853551864624,6.3708109855651855,6.37368631362915,6.56044947386701,6.369892120361328,6.366553983611894,6.372363747448337,6.371673825471088,6.372321128845215,6.369024877274862,6.345881153362414,6.031092166900635,6.351162910461426,6.369521141052246,6.360202312469482,6.357876311623793,6.373769760131836,6.372363747448338,6.372363747448336,6.3723635777356336,6.372321128845215,6.366615852280705,6.371421777229994,7.144161701202393,6.3126764,11.2969,6.30552,6.417126,6.768361,6.6453557,6.575031,6.579224,1.2649411,8.20942,6.3625355,6.3723636,6.376206,6.3723636,6.372273,6.3718295,6.3123636,6.3717575,6.5159025,6.371757507330137
6.372363747448347,6.375832557678223,6.373528003692627,6.37494421005249,6.534755726365441,6.454475402832031,6.372363747448342,6.372363747448337,6.372309612050575,6.3723225593566895,6.371909396108108,6.370429056664842,0.6389313340187073,6.379510402679443,6.3721184730529785,6.3762664794921875,6.3752224006071,8.326171875,6.372363747448337,6.372363747448337,6.372363573730174,6.3723225593566895,6.372363567352294,6.3702017371106585,6.473888397216797,6.403264,0.17693658,6.4113197,6.3633885,5.4350333,4.9796023,6.9931684,5.00385,0.8201497,4.951286,6.3724785,6.3723636,6.37329,6.3723636,6.3722305,6.3723226,6.3723636,6.371609,5.473168,6.371609210973908
6.372363747448347,6.3635382652282715,6.356337070465088,6.353820323944092,6.408472401018197,6.87579345703125,6.372363747448341,6.372363747448334,6.372304557885586,6.372318267822266,6.375943514413932,6.403088629984507,0.15430578589439392,6.387653827667236,6.370222568511963,6.374229431152344,6.374451104945797,6.77960205078125,6.372363747448337,6.372363747448334,6.372363557288719,6.372318267822266,6.367226327367248,6.375029200645518,5.298944473266602,6.241512,-9.957545,6.2476764,6.0121317,7.0159345,7.000912,5.518874,1.6503514,-1.9632199,3.0554821,6.0338187,6.3723636,6.1252537,5.84362,6.353402,6.3519764,6.181906,6.371306,4.469764,6.37130594254122
6.372363747448347,6.373205661773682,6.374739170074463,6.374790668487549,6.322583033366717,6.806640625,6.372363747448341,6.372363747448335,6.372309334538333,6.372320652008057,6.36974679667076,6.37282682463446,6.443465709686279,6.373261451721191,6.3766913414001465,6.378699779510498,6.380594167886724,6.383127689361572,6.372363747448338,6.372363747448335,6.37236357262398,6.372320652008057,6.372771018635144,6.3648664684596925,6.106513977050781,6.3890214,-6.157103,6.3958592,6.421634,5.1528916,4.7987757,6.867539,4.330632,-4.845174,5.684626,6.3724785,6.3723636,6.373646,6.3723636,6.3722305,6.3715405,6.3723636,6.371609,4.7787385,6.371609210973888
6.372363747448347,6.374596118927002,6.377553939819336,6.375886917114258,6.659733773638779,6.7947998046875,6.372363747448341,6.372363747448335,6.372309334538333,6.372320652008057,6.3752796085937,6.374857442901064,6.476293087005615,6.394928455352783,6.383969783782959,6.393074989318848,6.388621235381714,6.384302616119385,6.372363747448338,6.372363747448335,6.37236357262398,6.372320652008057,6.374835982882753,6.356094732723215,6.536347389221191,6.3882375,0.7785616,6.3989143,6.338848,5.2474403,5.6510377,6.471691,5.5098457,-2.619402,4.8798647,6.3724785,6.3723636,6.3717623,6.3723636,6.3722305,6.3715405,6.3723636,6.371609,5.334542,6.371609210973909
6.372363747448347,6.366551876068115,6.369448184967041,6.372368335723877,6.440673143653623,6.760772705078125,6.372363747448341,6.372363747448335,6.372304557885586,6.372318267822266,6.3628518919202035,6.326779571236516,2.1019017696380615,6.3729634284973145,6.368002891540527,6.367714881896973,6.3684731928536715,6.4599609375,6.372363747448337,6.372363747448334,6.372363557288718,6.372318267822266,6.371834818222234,6.381449565816729,3.598137140274048,6.178556,8.7146225,6.177709,6.3360534,6.9099917,5.820591,7.996668,5.7642875,3.1947503,6.1575437,6.3724785,6.3723636,6.322517,6.3723636,6.3722305,6.3723226,6.3723636,6.371609,6.343279,6.37160921097393
6.372363747448347,6.374516487121582,6.374912261962891,6.376165390014648,5.917842739391867,6.459697723388672,6.372363747448342,6.372363747448337,6.372309612050575,6.3723225593566895,6.371909396108108,6.3732438636563105,0.7372167110443115,6.354068756103516,6.360154151916504,6.362222194671631,6.374121510149462,9.021484375,6.372363747448337,6.372363747448337,6.372363573730174,6.3723225593566895,6.372363567352294,6.225875082989281,6.0311455726623535,6.422759,-3.9608135,6.4222593,6.3275237,4.5933595,5.4602275,4.2104206,3.4260716,-0.04348284,4.9516106,6.3722873,6.3723636,6.383834,6.3723636,6.3721914,6.371474,6.3423634,6.371306,4.9315624,6.371305942541276
6.372363747448347,6.372829437255859,6.378040313720703,6.375251293182373,6.676667515602643,6.80938720703125,6.372363747448341,6.372363747448335,6.372309334538333,6.372320652008057,6.372186612723506,6.336866976906519,6.525113582611084,6.397942543029785,6.3857598304748535,6.395289897918701,6.389215976497498,6.384243965148926,6.372363747448338,6.372363747448335,6.37236357262398,6.372320652008057,6.374150303836354,6.35857607819284,6.920825004577637,6.417199,-4.7798033,6.4158196,6.3229995,5.3209987,5.5306726,5.689111,5.626329,3.0535283,4.964665,6.3722873,6.3723636,6.372115,6.3723636,6.3721914,6.371474,6.3723636,6.371306,5.3076653,6.371305942541275
6.372363747448347,6.373208999633789,6.373964309692383,6.373610496520996,6.728834426674677,6.7966766357421875,6.372363747448341,6.372363747448335,6.372309334538333,6.372320652008057,6.372444631539993,6.364646882090494,6.189332008361816,6.38904333114624,6.3799147605896,6.386185169219971,6.382584457459492,6.3834547996521,6.372363747448338,6.372363747448335,6.37236357262398,6.372320652008057,6.373398201160462,6.364067413177787,6.273847579956055,6.434863,0.18545018,6.445045,6.3901954,5.3946323,5.907407,7.1125183,5.5209966,1.4436281,5.2421894,6.3724785,6.3723636,6.373502,6.3723636,6.37223,6.3715405,6.3723636,6.371609,5.6141872,6.371609210973907
6.372363747448347,6.375424861907959,6.378172397613525,6.380406856536865,6.566432802046941,6.468528747558594,6.372363747448342,6.372363747448336,6.372309759639191,6.372320652008057,6.343540481157879,6.388531831083074,0.9294123649597168,6.38538122177124,6.378683090209961,6.382246494293213,6.377988062915722,6.633544921875,6.372363747448337,6.372363747448336,6.372363573990405,6.372320652008057,6.373227296272233,6.36603983839545,0.6414790153503418,6.4486256,-7.0866704,6.4485664,6.429126,5.60063,4.346559,6.5452313,6.0830126,-1.2580712,3.487498,6.3724785,6.3723636,6.3761196,6.3723636,6.37223,6.3723226,6.3723636,6.371609,4.8903527,6.371609210973886
6.372363747448347,6.373255252838135,6.375343322753906,6.377021789550781,6.579148454094501,6.4745635986328125,6.372363747448342,6.372363747448336,6.372309759639191,6.372320652008057,6.4411563164175485,6.373530401266172,1.030324101448059,6.385509490966797,6.377397537231445,6.381776332855225,6.3779853517024545,6.63525390625,6.372363747448337,6.372363747448336,6.372363573990405,6.372320652008057,6.3728689703164765,6.374312186822122,0.6369895935058594,6.3704967,-12.331068,6.3750196,6.2977867,4.972668,2.9428818,5.987635,3.167076,-1.2821567,3.1474202,6.3724785,6.3723636,6.3133364,6.3723636,6.372197,6.367238,6.132364,6.371609,4.240095,6.371609210973845
6.372363747448347,6.370196342468262,6.371245861053467,6.372020721435547,6.60071793220304,6.65606689453125,6.372363747448341,6.372363747448334,6.372304557885586,6.372318267822266,6.362691129463579,6.336152842131247,1.0407769680023193,6.384925365447998,6.373693943023682,6.375357627868652,6.36994029965939,6.56524658203125,6.372363747448337,6.372363747448334,6.372363557288718,6.372318267822266,6.37206464288719,6.381922956512,2.7848095893859863,6.412552,-8.201098,6.42069,6.223529,6.158654,5.515664,6.978568,4.64278,-5.438926,4.802797,6.3739233,6.3723636,6.3606505,6.3723636,6.3722353,6.3704915,6.2523637,6.371609,4.686734,6.37160921097387
6.372363747448347,6.370417594909668,6.373110771179199,6.373265266418457,7.148946294969799,6.7966156005859375,6.372363747448341,6.372363747448335,6.372309334538333,6.372320652008057,6.373669230020467,6.369052618285979,6.381693363189697,6.403547286987305,6.383365631103516,6.394159317016602,6.384965393578055,6.383031845092773,6.372363747448338,6.372363747448335,6.37236357262398,6.372320652008057,6.3800805259069415,6.363901606809782,6.681811332702637,6.353539,8.422425,6.334679,6.387863,6.2583537,5.972367,6.8275023,4.0123096,0.7121489,4.399821,6.3723316,6.3723636,6.367164,6.3723636,6.372273,6.37194,6.3723636,6.3717575,5.925198,6.371757507330132
6.372363747448347,6.374217987060547,6.375998497009277,6.37577486038208,6.194592352577941,6.63287353515625,6.372363747448341,6.372363747448334,6.372304557885586,6.372318267822266,6.366864238523987,6.383427529334238,1.087113857269287,6.375659942626953,6.37277889251709,6.372859477996826,6.375771239510684,6.5408935546875,6.372363747448337,6.372363747448334,6.372363557288718,6.372318267822266,6.371827878590949,6.376258675251741,2.6266520023345947,6.382695,-5.797789,6.381749,6.3574524,5.4383845,5.011864,5.53031,5.0145965,-1.5534089,3.592454,6.3722873,6.3723636,6.3604693,6.3723636,6.3721914,6.371474,6.3723636,6.371306,4.851285,6.371305942541271
6.372363747448347,6.374645709991455,6.374874591827393,6.378392219543457,6.413836509505982,6.4716796875,6.372363747448342,6.372363747448336,6.372309759639191,6.372320652008057,6.349518907426342,6.3708560650101544,1.3110690116882324,6.372402667999268,6.373525619506836,6.372798919677734,6.37285767345541,6.605224609375,6.372363747448337,6.372363747448336,6.372363573990405,6.372320652008057,6.371838953257309,6.3774800459001915,0.6580075621604919,6.3219686,-0.34678924,6.3322797,6.279023,5.462443,4.5994534,7.367093,7.1710796,0.7543109,4.681802,6.3724785,6.3723636,6.3736787,6.3723636,6.3722305,6.3715405,6.3723636,6.371609,5.533405,6.371609210973906
6.372363747448347,6.373180866241455,6.3742289543151855,6.374499797821045,6.072470925956705,6.464729309082031,6.372363747448342,6.372363747448337,6.372309612050575,6.3723225593566895,6.371909396108108,6.38568043377852,0.4752873182296753,6.362478733062744,6.36358642578125,6.3663225173950195,6.3737175753742665,8.865234375,6.372363747448337,6.372363747448337,6.372363573730174,6.3723225593566895,6.372363567352294,6.3702017371106585,6.111251354217529,6.459534,-5.7355247,6.4565096,6.416956,5.5753765,4.7051826,5.1333375,4.5631146,-3.624234,4.332083,6.3722873,6.3723636,6.363941,6.3723636,6.3721914,6.371474,6.3723636,6.371306,4.736146,6.371305942541272
6.372363747448347,6.373591423034668,6.374184608459473,6.374145984649658,6.246583460318837,6.3772382736206055,6.372363747448342,6.372363747448336,6.3723109267559135,6.372321128845215,6.372549603742943,6.3797623999118045,2.5471842288970947,6.365126609802246,6.369864463806152,6.367947578430176,6.372678463074677,6.372774124145508,6.372363747448338,6.372363747448336,6.3723635777356336,6.372321128845215,6.371784350994136,6.373992251964521,5.416868686676025,6.307705,-8.207832,6.321617,6.2910748,4.3707376,3.7133408,5.2752233,3.3562713,-4.0843086,4.7067385,6.372601,6.3723636,6.382154,6.3723636,6.37223,6.371361,6.3723636,6.371609,4.3909783,6.371609210973882
6.372363747448347,6.371304988861084,6.374512672424316,6.374668598175049,6.329063880145565,6.375822067260742,6.372363747448342,6.372363747448336,6.3723109267559135,6.372321128845215,6.369370318473247,6.383601502712276,2.2746312618255615,6.370198726654053,6.370486736297607,6.371336460113525,6.37395225746997,6.372896194458008,6.372363747448338,6.372363747448336,6.3723635777356336,6.372321128845215,6.3708166122872925,6.373388046085685,5.609854698181152,6.4924555,-6.29334,6.493682,6.359711,4.8223658,4.743019,5.161917,4.3002734,-1.5183055,2.8068595,6.3722873,6.3723636,6.353733,6.3723636,6.3721914,6.371474,6.3723636,6.371306,4.684818,6.3713059425412695
6.372363747448347,6.37607479095459,6.375586032867432,6.3752360343933105,6.406092095055848,6.3825483322143555,6.372363747448341,6.372363747448336,6.3723109267559135,6.372321128845215,6.37150756096213,6.382379354463427,4.054046154022217,6.368772506713867,6.374293327331543,6.371163368225098,6.374428313509692,6.375580787658691,6.372363747448338,6.372363747448336,6.3723635777356336,6.372321128845215,6.370548261288863,6.371562944177712,5.601337432861328,6.3548374,0.7838785,6.3622713,6.353953,4.8637047,4.831515,7.4662695,5.8005276,-1.9143388,4.9875875,6.3724785,6.3723636,6.3248777,6.3723636,6.3722305,6.3715405,6.3723636,6.371609,5.3788905,6.371609210973907
6.372363747448347,6.375523567199707,6.375675678253174,6.375455379486084,6.013500745592364,6.456169128417969,6.372363747448342,6.372363747448337,6.372309612050575,6.3723225593566895,6.371909396108108,6.349410123693856,0.5815696716308594,6.359070777893066,6.363043785095215,6.364320278167725,6.3765820750551185,8.828125,6.372363747448337,6.372363747448337,6.372363573730174,6.3723225593566895,6.372363567352294,6.370692158323368,6.0726494789123535,6.1313415,-0.9091456,6.127818,5.991191,4.8640323,4.465872,4.6709857,3.0094984,-3.9104035,2.987809,6.3719573,6.3723636,6.3565307,6.3712015,6.3722463,6.3711114,6.3123636,6.3716235,4.684911,6.371623516088643
6.372363747448347,6.367233753204346,6.370503902435303,6.368043422698975,6.1489034676763135,6.355358123779297,6.372363747448342,6.372363747448336,6.3723109267559135,6.372321128845215,6.371262442351674,6.3924284544620855,0.8176100254058838,6.368814945220947,6.365159034729004,6.369009017944336,6.373479468394765,6.36618709564209,6.372363747448338,6.372363747448336,6.3723635777356336,6.372321128845215,6.369509141565339,6.379933023719823,4.812123775482178,6.476624,-6.219656,6.47847,6.338376,4.6582236,4.94261,4.666479,3.7048275,-2.8862374,3.516868,6.372517,6.3723636,6.2374015,6.3723636,6.3385925,6.371474,6.2823634,6.371306,4.577498,6.3713059425412455
6.372363747448347,6.373119831085205,6.376293182373047,6.378554821014404,6.494555263596457,6.489128112792969,6.372363747448342,6.372363747448336,6.372309759639191,6.372320652008057,6.380370172479788,6.372088117939573,1.1323975324630737,6.3821587562561035,6.3758745193481445,6.3795671463012695,6.3753249990066125,6.64697265625,6.372363747448337,6.372363747448336,6.372363573990405,6.372320652008057,6.373695313702561,6.373081296927169,0.6566824316978455,6.581012,-2.048134,6.5740275,6.615324,5.692621,5.1964574,8.116433,6.6699004,-2.8086457,4.0953093,6.3724785,6.3723636,6.3823614,6.3723636,6.3722305,6.371274,6.3723636,6.371609,5.315075,6.371609210973901
6.372363747448347,6.368610858917236,6.371504783630371,6.371889591217041,6.68196686665186,6.692962646484375,6.372363747448341,6.372363747448334,6.372304557885586,6.372318267822266,6.354339055958098,6.4078109603564695,1.049372911453247,6.396454334259033,6.375624656677246,6.382445812225342,6.376392075459372,6.49749755859375,6.372363747448337,6.372363747448334,6.372363557288718,6.372318267822266,6.368308528852794,6.399213995935846,2.6573526859283447,6.508468,-6.065324,6.4855046,6.485266,4.753952,4.9366593,6.8490376,3.0885003,-4.282514,4.8735247,6.3724785,6.3723636,6.259487,6.3723636,6.3722305,6.3723226,6.3723636,6.371609,4.6943493,6.371609210973883
6.372363747448347,6.372740745544434,6.366842746734619,6.365500450134277,6.614904509469537,6.375725746154785,6.372363747448342,6.372363747448337,6.3723109267559135,6.372321128845215,6.3678576679336,6.379634907563527,2.7564609050750732,6.373992443084717,6.37235689163208,6.369893550872803,6.372573196666387,6.371787071228027,6.372363747448338,6.372363747448336,6.3723635777356336,6.372321128845215,6.374252743994432,6.379853887744574,6.867552280426025,5.9284954,-17.881477,5.916356,5.7704444,4.3108296,4.156303,4.8153334,3.1636612,-2.5872214,6.09841,6.372369,6.3723636,6.1808476,6.3723636,6.3722463,6.3720794,6.3123636,6.3716235,3.9120772,6.371623516088584
6.372363747448347,6.374087810516357,6.373734474182129,6.374855041503906,6.218220805170501,6.45208740234375,6.372363747448342,6.372363747448336,6.372309759639191,6.372320652008057,6.349641767541961,6.3751024877828755,1.1626735925674438,6.367823123931885,6.371662616729736,6.369863033294678,6.3716710936452055,6.5738525390625,6.372363747448337,6.372363747448336,6.372363573990405,6.372320652008057,6.371644372052858,6.378732153143618,0.6794760227203369,6.3507676,-1.6620692,6.354905,6.3748183,5.401871,5.775245,4.449487,3.14267,-0.98939997,5.9912868,6.372964,6.3723636,6.3715916,6.3723636,6.3721914,6.371474,6.3123636,6.371306,5.117011,6.371305942541278
6.372363747448347,6.3718414306640625,6.3695878982543945,6.368082046508789,6.258386401970185,6.4455413818359375,6.372363747448342,6.372363747448336,6.372309759639191,6.372320652008057,6.355545490765373,6.370273330891381,0.8436052203178406,6.36879301071167,6.369892120361328,6.36857271194458,6.36987947898733,6.531494140625,6.372363747448337,6.372363747448336,6.372363573990405,6.372320652008057,6.372777570005574,6.379743297385198,0.8529068827629089,6.002727,-14.97338,5.9800725,5.9407334,4.9010224,5.5121994,5.0479913,2.961037,-0.33255666,5.9575796,6.3721867,6.3723636,6.2334185,6.3723636,6.3722463,6.3720794,6.3123636,6.3716235,4.320893,6.3716235160885955
6.372363747448347,6.372759819030762,6.37593412399292,6.376166820526123,5.899776055789444,6.464637756347656,6.372363747448342,6.372363747448337,6.372309612050575,6.3723225593566895,6.371909396108108,6.379898020155254,0.584343671798706,6.354135513305664,6.36021614074707,6.361846923828125,6.373383050743582,9.197265625,6.372363747448337,6.372363747448337,6.372363573730174,6.3723225593566895,6.372363567352294,6.225875082989281,6.031289577484131,6.6516447,-4.483438,6.6473007,6.422023,4.9462223,5.5826845,4.288068,4.159174,-2.6431844,4.288698,6.3722873,6.3723636,6.363576,6.3723636,6.3721914,6.371474,6.3723636,6.371306,4.8237286,6.371305942541276
6.372363747448347,6.368894100189209,6.365699768066406,6.364941596984863,6.427108030263328,6.808929443359375,5.872363747448339,6.321516289821218,5.68219818226499,6.372320652008057,6.364927656336573,6.095729758957247,6.59427547454834,6.252171993255615,6.226325511932373,6.244526386260986,6.248138281087336,6.280582427978516,6.372363747448337,6.372363747448336,6.37236357262398,6.372320652008057,6.369594800116697,6.362798229634311,5.707747459411621,6.142449,-15.141186,6.123388,6.031945,3.578899,3.7445478,4.6069107,2.973356,-4.2868137,3.0985103,6.372369,6.3723636,6.1434045,6.3723636,6.3722463,6.3720794,6.3123636,6.3716235,3.7533786,6.37162351608859
6.372363747448347,6.374747276306152,6.37539529800415,6.378169059753418,6.406836887276126,6.4812774658203125,6.372363747448342,6.372363747448336,6.372309759639191,6.372320652008057,6.405106262037305,6.370673489036339,1.0583306550979614,6.375601291656494,6.374584674835205,6.375438213348389,6.374960319791999,6.6082763671875,6.372363747448337,6.372363747448336,6.372363573990405,6.372320652008057,6.3728938535323945,6.375089066149324,0.6427809000015259,6.2584524,1.7178601,6.253085,6.2128325,5.389315,4.9363923,6.522553,3.832665,-1.6958264,3.6978598,6.372369,6.3723636,6.3867297,6.3723636,6.3722463,6.3720794,6.3123636,6.3716235,5.2254066,6.371623516088653
6.372363747448347,6.371337890625,6.371253967285156,6.372094631195068,6.262798831933985,6.480033874511719,6.372363747448341,6.372363747448336,6.372309759639191,6.372320652008057,6.391216539907394,6.3767508291415815,1.2210408449172974,6.3703460693359375,6.370959758758545,6.370891094207764,6.3720284691652935,6.572265625,6.372363747448337,6.372363747448336,6.372363573990405,6.372320652008057,6.372528807254078,6.3775475302164235,0.6810804605484009,6.09746,-11.921076,6.0796394,6.0096636,3.4418936,4.9853168,5.0995345,0.8449845,-2.8818848,3.6269963,6.372558,6.3723636,6.3111806,6.3723636,6.3722463,6.3720794,6.2223635,6.3716235,4.008295,6.371623516088601
6.372363747448347,6.364416122436523,6.367741107940674,6.367196083068848,6.830103837456896,6.487499237060547,6.372363747448342,6.372363747448337,6.372309612050575,6.3723225593566895,6.371909396108108,6.363992850992968,0.7721765637397766,6.3851847648620605,6.375265598297119,6.375984191894531,6.364769822360497,8.544921875,6.372363747448337,6.372363747448337,6.372363573730174,6.3723225593566895,6.372363567352294,6.374107739720109,6.621750831604004,6.2546253,-19.94079,6.2371945,6.126903,4.0959744,5.5789595,4.456288,4.6169353,-1.4767809,4.464045,6.372369,6.3723636,6.2828813,6.3723636,6.3722463,6.3720794,6.3423634,6.3716235,3.9595354,6.371623516088586
6.372363747448347,6.370195388793945,6.367953300476074,6.368544101715088,6.485238087265952,6.7928314208984375,6.372363747448341,6.372363747448336,6.372309334538333,6.372320652008057,6.376050190606291,6.372642425132,6.201244354248047,6.3733720779418945,6.3716583251953125,6.3751420974731445,6.376018714956927,6.377781391143799,6.372363747448338,6.372363747448335,6.37236357262398,6.372320652008057,6.3724918830347885,6.365835401446647,5.939306259155273,6.1680813,-16.250528,6.1543345,6.056685,4.3929253,4.803716,4.5330453,3.5888987,-2.6511917,4.9401817,6.372369,6.3723636,6.2922196,6.3723636,6.3722463,6.3720794,6.3423634,6.3716235,4.0335426,6.371623516088597
6.372363747448347,6.374252796173096,6.3717851638793945,6.370738983154297,6.077481546659675,6.5715789794921875,6.372363747448341,6.372363747448334,6.372304557885586,6.372318267822266,6.3170784931298165,6.396950482494258,1.121718168258667,6.3676652908325195,6.370334148406982,6.3685736656188965,6.37410679237248,6.63116455078125,6.372363747448337,6.372363747448334,6.372363557288718,6.372318267822266,6.371654445834457,6.5222544475009405,3.5893361568450928,6.0677238,-11.185216,6.0511203,5.998968,4.7682867,4.0456653,5.611618,5.5525184,-0.49439985,3.1890128,6.372369,6.3723636,6.2643447,6.3723636,6.3722463,6.3720794,6.3123636,6.3716235,4.4675026,6.371623516088608
6.372363747448347,6.377957344055176,6.377668857574463,6.37550163269043,6.422743450157516,6.451148986816406,6.372363747448342,6.372363747448337,6.372309612050575,6.3723225593566895,6.371909396108108,6.376504524676601,0.6614199876785278,6.381510257720947,6.374049663543701,6.377179145812988,6.379676761785558,8.337890625,6.372363747448337,6.372363747448337,6.372363573730174,6.3723225593566895,6.372363567352294,6.37313508533001,6.546975135803223,5.9099326,4.4876547,5.9085474,5.801168,4.7895865,5.16639,5.003941,5.5477595,-2.7419353,4.3735547,6.17651,6.3723636,6.2518344,6.3723636,6.3722463,6.3720794,6.2823634,6.3716235,5.2676654,6.371623516088651
6.372363747448347,6.374532699584961,6.3736114501953125,6.37335729598999,6.194194893624895,6.8195343017578125,6.372363747448341,6.372363747448335,6.372309334538333,6.372320652008057,6.371528445659187,6.327114273172159,6.070293426513672,6.363983631134033,6.3733649253845215,6.371463298797607,6.373399583429439,6.383839130401611,6.372363747448338,6.372363747448335,6.37236357262398,6.372320652008057,6.378595082657705,6.375863119149234,5.876523971557617,6.1084414,-7.999469,6.092007,6.08736,4.968916,4.2977586,5.0660863,4.858349,-5.1478033,3.6850226,6.372369,6.3723636,6.304499,6.3723636,6.3722463,6.3720794,6.3123636,6.3716235,4.381476,6.371623516088619
6.372363747448347,6.362631320953369,6.364334583282471,6.365001201629639,6.669592693593819,6.52716064453125,6.372363747448341,6.372363747448335,6.372304557885586,6.372318267822266,6.254288776849054,6.336080651374457,1.6264196634292603,6.378538608551025,6.367733955383301,6.3701252937316895,6.363420633512226,6.58453369140625,6.372363747448337,6.372363747448334,6.372363557288719,6.372318267822266,6.373476662298562,6.38376936024885,2.9397213459014893,6.1637425,-20.233986,6.147869,6.036185,3.7254374,3.9442074,5.005081,3.1251292,-0.889343,3.4610975,6.372369,6.3723636,6.3935833,6.3723636,6.3722463,6.3720794,6.3423634,6.3716235,3.747467,6.371623516088591
6.372363747448347,6.372981071472168,6.367177963256836,6.365356922149658,6.176329746573346,6.616363525390625,6.372363747448341,6.372363747448334,6.372304557885586,6.372318267822266,6.353478872513906,6.301512089446519,1.0075397491455078,6.3646345138549805,6.370599269866943,6.364965438842773,6.365474697300529,6.78033447265625,6.372363747448337,6.372363747448335,6.372363557288719,6.372318267822266,6.367215950467932,6.371522109593847,4.743887901306152,5.8129344,-8.623646,5.7977734,5.763076,5.102631,4.548812,5.156212,3.0585506,-2.6799893,2.77778,6.372369,6.3723636,6.200165,6.3723636,6.3722463,6.3720794,6.3123636,6.3716235,4.3033166,6.371623516088612
6.372363747448347,6.379547595977783,6.374207973480225,6.372514724731445,5.91470697303108,6.4454498291015625,6.372363747448342,6.372363747448337,6.372309612050575,6.3723225593566895,6.371909396108108,6.37661560413663,0.5022519826889038,6.363065242767334,6.36403751373291,6.366702079772949,6.379014420796899,8.236328125,6.372363747448337,6.372363747448337,6.372363573730174,6.3723225593566895,6.372363567352294,6.309823237314131,6.351567268371582,5.849706,-0.9497784,5.8299894,5.819895,5.610931,4.488343,5.0006394,3.3428822,-3.6153972,4.1434693,6.372369,6.3723636,6.198597,6.3723636,6.3722463,6.3720794,6.3123636,6.3716235,4.7924824,6.371623516088635
3.3723637474483468,3.374303102493286,3.375986337661743,3.375859498977661,3.3471422621268294,3.1306915283203125,3.37236374744834,3.3723637474483423,3.3725119712720426,3.372480630874634,3.337143230983964,3.316955250987105,2.280412197113037,3.379864454269409,3.377405881881714,3.3782906532287598,3.3660683860969893,2.7259521484375,3.3723637474483428,3.372363747448341,3.3723642230922493,3.372480630874634,3.3724002383722964,3.4378045949092173,1.59513258934021,3.5960245,-11.386849,3.6090631,3.6496258,3.7597167,4.7833576,4.691346,1.9375906,-1.9954126,2.5418975,3.074028,3.3723638,3.4904964,3.4445353,3.3726172,3.3743615,3.4923637,3.3740172,2.3433967,3.3740172386200435
3.3723637474483468,3.3602986335754395,3.3644027709960938,3.3649048805236816,3.4514253264498986,3.2116432189941406,3.3723637474483397,3.3723637474483423,3.3725118236834266,3.3724772930145264,3.3736060976794886,3.322126225823666,1.7076835632324219,3.3772056102752686,3.3779873847961426,3.3752410411834717,3.370891463406466,-1.966796875,3.3723637474483428,3.372363747448341,3.3723642226186437,3.3724772930145264,3.3723638057708745,3.3293662919661613,3.49212908744812,3.7212083,-17.109972,3.7352884,3.690175,4.537273,4.6555123,5.706302,3.8603055,-2.0769372,5.1658797,3.074028,3.3723638,3.4332135,3.4390304,3.3725433,3.3743615,3.4923637,3.3740172,2.3787198,3.3740172386200236
3.3723637474483468,3.365550994873047,3.3555004596710205,3.365147590637207,3.523462876057259,1.9448089599609375,3.37236374744834,3.3723637474483423,3.3725115461711828,3.3724801540374756,3.373700706133093,3.3089347140542302,3.388249397277832,3.3162219524383545,3.329627752304077,3.318821668624878,3.3233328789383885,3.3516287803649902,3.372363747448343,3.372363747448341,3.3723642217281187,3.3724801540374756,3.3725100153940932,3.3802637798773754,3.279603958129883,3.7845798,-21.875416,3.8014026,3.8822756,5.167795,5.353871,5.4594607,4.1828246,-4.048757,6.6480103,3.2289987,3.3723638,3.578907,3.425697,3.3726172,3.3743615,3.4923637,3.3740172,2.1986318,3.374017238620017
3.3723637474483468,3.3641788959503174,3.3669087886810303,3.3656246662139893,3.1418787813566205,3.200641632080078,3.3723637474483397,3.3723637474483423,3.3725118236834266,3.3724772930145264,3.3736060976794886,3.3294899843011376,1.7874667644500732,3.3672897815704346,3.375013589859009,3.3679842948913574,3.370742226226625,-3.005859375,3.3723637474483428,3.372363747448341,3.3723642226186437,3.3724772930145264,3.3723638057708745,3.3656479238276034,3.503098249435425,3.789594,-12.154554,3.800537,3.9235945,3.4499362,4.449797,5.4869976,3.0848196,-3.602231,4.7844067,3.2286024,3.3723638,3.4794204,3.465697,3.3726172,3.3743615,3.4623637,3.3740172,2.4523523,3.374017238620038
3.3723637474483468,3.3635222911834717,3.3636343479156494,3.3650200366973877,3.3152491666681927,2.1087646484375,3.372363747448343,3.3723637474483423,3.3725067695184383,3.37247371673584,3.3288852241550564,3.310449330385796,1.0937514305114746,3.334554433822632,3.3581361770629883,3.3500287532806396,3.3505245887103987,3.23358154296875,3.372363747448345,3.372363747448341,3.3723642064000448,3.37247371673584,3.371889124656406,3.375779814217622,2.8202664852142334,3.5182478,-5.2548513,3.5152972,3.7670522,5.599159,6.5049863,6.3710003,2.7030027,-2.4282744,4.2487144,3.9552069,3.3723638,3.6369712,3.5245352,3.372536,3.374772,3.7023637,3.374133,3.1587343,3.374133110049532
3.3723637474483468,3.361954927444458,3.3439083099365234,3.3510375022888184,3.305865173774159,3.1086273193359375,3.6491246921025473,3.423211205075461,3.3725119712720426,3.372480630874634,3.8222956133165127,3.4507822801187515,1.6985695362091064,3.379288911819458,3.3720836639404297,3.38226580619812,3.40431191923169,3.0843505859375,3.3723637474483428,3.372363747448341,3.3723642230922497,3.372480630874634,3.3722651885169213,3.3772353011072083,1.3015038967132568,3.4568996,-19.98705,3.4746385,3.6279764,5.6889253,5.850725,6.476381,5.2331953,-2.4845164,9.60191,3.3722682,3.3723638,3.4488003,3.3723638,3.3726668,3.3732975,3.4023638,3.3740172,2.668179,3.374017238620008
3.3723637474483468,3.37139892578125,3.369767427444458,3.379843235015869,3.348775165442019,2.030059814453125,3.372363747448343,3.3723637474483423,3.3725067695184383,3.37247371673584,3.349404289164888,3.695503371000492,1.1639649868011475,3.3461923599243164,3.3576111793518066,3.359361410140991,3.391131705262081,2.82794189453125,3.372363747448346,3.372363747448341,3.3723642064000448,3.37247371673584,3.3725131417034175,3.362544408685868,3.412642240524292,3.818696,3.0121841,3.827992,3.9547033,5.37827,5.482125,6.296942,4.687258,-0.14188813,7.1897287,3.3722212,3.3723638,3.9561846,3.3778684,3.372593,3.3732975,3.4623637,3.3740172,3.9537175,3.3740172386201093
3.3723637474483468,3.3671321868896484,3.3670904636383057,3.3672146797180176,3.4346927453451435,3.1942825317382812,3.3723637474483397,3.3723637474483423,3.3725118236834257,3.3724772930145264,3.3736060976794886,3.3556300700915855,1.9872570037841797,3.3841586112976074,3.380976438522339,3.3805813789367676,3.3739804067818917,-1.822265625,3.3723637474483428,3.372363747448341,3.3723642226186437,3.3724772930145264,3.3723638057708745,3.35862322679576,3.513324737548828,3.3836184,-12.376529,3.3796444,3.4399307,3.465866,3.4164996,3.6213796,3.622984,-3.3717883,3.5061297,3.3723476,3.3723638,3.491191,3.3723638,3.3727107,3.3742938,3.3723638,3.3722975,2.1770926,3.372297525408971
3.3723637474483468,3.3698925971984863,3.3767073154449463,3.3724329471588135,3.4856116419262086,1.97662353515625,3.3723637474483397,3.3723637474483423,3.3725115461711828,3.3724801540374756,3.373700706133093,3.4509856664095495,3.621016502380371,3.381755828857422,3.369157314300537,3.376311779022217,3.3703290486174624,3.3693602085113525,3.372363747448343,3.372363747448341,3.3723642217281187,3.3724801540374756,3.3723170112214476,3.3633471508911783,3.3712663650512695,3.2857492,-5.779116,3.281118,3.3755715,3.145813,3.3034103,3.8497303,3.6941092,-3.4613125,2.4755306,3.3723476,3.3723638,3.368463,3.3723638,3.3727107,3.3742938,3.3723638,3.3724422,2.452664,3.3724422454864986
3.3723637474483468,3.37009859085083,3.37330961227417,3.3698935508728027,3.289438881125391,3.364055633544922,3.3723637474483397,3.3723637474483423,3.372513138388764,3.372483015060425,3.3737025740812046,3.376042296906182,3.8445136547088623,3.396571159362793,3.380254030227661,3.391633987426758,3.3794372921304383,3.3662402629852295,3.372363747448341,3.372363747448341,3.3723642268374765,3.372483015060425,3.372322642823798,3.388135247597988,3.569136381149292,3.313564,-12.194704,3.309779,3.3868911,3.354195,3.1855385,2.907428,4.9808526,-3.4829423,4.3336506,3.3723476,3.3723638,3.3703203,3.3723638,3.3727105,3.3742938,3.3723638,3.3724036,2.226301,3.372403621676665
3.3723637474483468,3.3465306758880615,3.349447011947632,3.338927745819092,3.0643671464143956,3.3441858291625977,3.3723637474483397,3.3723637474483423,3.372513138388764,3.372483015060425,3.3737025740812046,3.3630204953402356,5.16616678237915,3.3966803550720215,3.3583385944366455,3.3850901126861572,3.3806168435325503,3.3478832244873047,3.372363747448341,3.372363747448341,3.3723642268374765,3.372483015060425,3.3719860167776905,3.2549568132994002,3.7159457206726074,3.392115,-24.774746,3.3902729,3.4182725,5.1227813,3.47876,3.6116884,3.78384,-3.5579982,2.469919,3.3721988,3.3723638,3.3736022,3.3723638,3.3727107,3.3742938,3.4023638,3.3724422,1.5192913,3.3724422454864444
3.3723637474483468,3.375164747238159,3.377840757369995,3.372623920440674,3.423311064455917,1.9628448486328125,3.3723637474483397,3.3723637474483423,3.3725115461711828,3.3724801540374756,3.373700706133093,3.477655410540957,3.5618627071380615,3.382236957550049,3.3691024780273438,3.376255512237549,3.3694246884192474,3.370180606842041,3.372363747448343,3.372363747448341,3.3723642217281187,3.3724801540374756,3.372441710348197,3.3536572346656213,3.4919021129608154,3.2822464,-5.2725034,3.2780414,3.381861,3.1742542,3.0981188,3.2778986,5.908637,-3.6654193,3.100394,3.3723476,3.3723638,3.3594365,3.3723638,3.3727107,3.3742938,3.3723638,3.3725412,2.5851083,3.372541189196827
3.3723637474483468,3.3709654808044434,3.375185012817383,3.371898889541626,3.3869079872580548,3.365804672241211,3.3723637474483397,3.3723637474483423,3.372513138388764,3.372483015060425,3.3737025740812046,3.5169740905155384,3.3264949321746826,3.40968656539917,3.384547233581543,3.4023685455322266,3.389989053148218,3.3531742095947266,3.372363747448341,3.372363747448341,3.3723642268374765,3.372483015060425,3.372503532238693,3.3902821724554593,3.779386043548584,3.3618987,-9.5846615,3.3473961,3.4571311,3.1664705,3.481591,4.530013,5.0203114,-3.2895663,2.3749595,3.3728073,3.3723638,3.3907535,3.3723638,3.3721402,3.3739512,3.3723638,3.3743088,2.3814776,3.3743088245422745
3.3723637474483468,3.3727939128875732,3.376610517501831,3.3779170513153076,3.5502247450644635,3.1268310546875,3.37236374744834,3.3723637474483423,3.3725119712720426,3.372480630874634,3.3681792372382002,3.308445739807292,2.04045033454895,3.389019012451172,3.379997968673706,3.3837814331054688,3.368855928555491,2.8016357421875,3.3723637474483428,3.372363747448341,3.3723642230922493,3.372480630874634,3.3725404450167575,3.434002334089217,1.662233591079712,3.4548774,-9.446734,3.4466841,3.6552205,4.22967,4.501239,4.2211037,5.344141,-2.413066,2.9590468,3.3982546,3.3723638,3.7536156,3.4395823,3.372711,3.3742938,3.6619062,3.372675,2.6498659,3.372674942019737
3.3723637474483468,3.3731095790863037,3.374785900115967,3.373058795928955,3.3840256544581715,3.11810302734375,3.37236374744834,3.3723637474483423,3.3725119712720426,3.372480630874634,3.3540597783692587,3.3371705076238714,2.2881171703338623,3.3857030868530273,3.3790700435638428,3.381927490234375,3.369197088502836,2.6998291015625,3.3723637474483428,3.372363747448341,3.3723642230922493,3.372480630874634,3.372341185161007,3.394627625329046,1.6341118812561035,3.3700671,-12.806844,3.3662267,3.498571,3.6267965,4.4314485,4.0185637,3.83049,-2.535019,4.2380004,3.3982546,3.3723638,3.567531,3.428573,3.372711,3.3742938,3.5719063,3.372607,2.360919,3.372606992724665
3.3723637474483468,3.3935060501098633,3.401991844177246,3.3751065731048584,2.3650371976511035,13.8851318359375,3.5723637474483394,3.3723637474483423,3.3725118236834257,3.3724772930145264,3.3736060976794886,3.83370032667548,-33.37940216064453,3.0834829807281494,3.5189356803894043,3.2453536987304688,3.208018170270228,23.03515625,3.4605990415659886,3.417139866851326,3.3825544130871834,3.3724772930145264,3.3723638057708745,3.6480221657237735,10.962480545043945,3.6178818,-6.0360975,3.6036344,3.651682,3.9772816,3.9249775,5.586152,6.2418346,-5.1654825,2.9899137,4.6564703,6.3723636,3.501601,5.072364,4.538963,3.63181,4.3323636,3.3743088,3.2151124,3.374308824543612
3.3723637474483468,3.3772025108337402,3.3831138610839844,3.3880867958068848,3.5393726541659456,3.13055419921875,3.37236374744834,3.3723637474483423,3.3725119712720426,3.372480630874634,3.3924384953334656,3.321688824927124,6.005077362060547,3.4064183235168457,3.3979554176330566,3.397343397140503,3.379330820191314,3.1256103515625,3.3723637474483428,3.372363747448341,3.3723642230922493,3.372480630874634,3.372279557211641,3.615938899806615,1.546177625656128,3.6701343,-30.111156,3.6688373,3.7787108,4.2099137,4.3416314,2.9672909,4.348031,-2.2783732,3.070556,3.3723474,3.3723638,4.4348674,3.462763,3.3724303,3.3742938,3.8719063,3.3725288,1.4610599,3.3725287914307414
3.3723637474483468,3.3589255809783936,3.358611583709717,3.36963152885437,4.0682136443948504,3.2176780700683594,3.3723637474483397,3.3723637474483423,3.3725118236834257,3.3724772930145264,3.3736060976794886,3.3494740996258443,2.3113791942596436,3.3861730098724365,3.3811655044555664,3.382603645324707,3.3570431739851125,-1.025390625,3.3723637474483428,3.372363747448341,3.3723642226186437,3.3724772930145264,3.3723638057708745,3.35862322679576,3.61724853515625,3.7775917,-21.078121,3.7631102,3.9691079,5.1103945,4.4142523,3.3300405,2.5976515,-1.7285287,1.3435825,3.3723474,3.3723638,4.112017,3.428573,3.3724272,3.3742938,3.6423638,3.3724353,1.8636613,3.3724353313477224
3.3723637474483468,3.3651583194732666,3.3699352741241455,3.371946096420288,3.9647158757678618,1.891998291015625,3.37236374744834,3.3723637474483423,3.3725115461711828,3.3724801540374756,3.373700706133093,3.273367308376982,1.4117085933685303,3.351996898651123,3.3550286293029785,3.349679708480835,3.334340762202447,3.383507013320923,3.372363747448343,3.372363747448341,3.3723642217281187,3.3724801540374756,3.3727379933951065,3.460896200552045,3.530266523361206,3.8466487,-15.358384,3.8406196,3.9527602,4.8624325,4.280836,4.6370335,3.8003712,-3.2737596,1.6804585,2.5509963,3.3723638,3.9190395,3.4378686,3.3955555,3.3742938,3.8966775,3.3731508,2.199387,3.373150825503643
3.3723637474483468,3.366792917251587,3.3665215969085693,3.3755362033843994,3.622845101011326,3.350383758544922,3.3723637474483397,3.3723637474483423,3.372513138388764,3.372483015060425,3.3737025740812046,3.613880854749013,3.051114320755005,3.3926842212677,3.377398729324341,3.389509677886963,3.380299703568781,3.3402352333068848,3.372363747448341,3.372363747448341,3.3723642268374765,3.372483015060425,3.3728866915805362,3.3932745319111985,3.656158447265625,3.5954301,-24.432413,3.5858555,3.7306776,5.4652553,4.516922,3.1411135,3.5401485,-3.4243402,3.764629,3.1150403,3.3723638,4.3649273,3.4540777,3.3706284,3.3742938,3.8966775,3.3722558,1.7668633,3.372255802157685
3.3723637474483468,3.3510162830352783,3.3786559104919434,3.3580174446105957,3.946912510407445,-10.238189697265625,4.26931324807763,3.507181417099855,4.199871368357247,3.37247371673584,4.352053477995926,3.8114024025099145,43.781829833984375,3.4302821159362793,3.461002826690674,3.535360097885132,3.7949554286656335,1.23675537109375,3.6945473506671496,3.757691658459646,3.5004780662262993,3.37247371673584,5.851208291349838,3.695292360381422,2.9875423908233643,4.565397,-18.59455,4.560766,4.5225587,4.7585797,4.628631,4.882425,3.9255168,-0.5553124,3.6711044,5.1744514,3.3723638,5.4388266,4.6000175,4.655841,3.412263,4.880076,3.3749661,2.8485515,3.374966144565473
3.3723637474483468,3.3695812225341797,3.3692100048065186,3.372805118560791,3.251096469241473,1.99517822265625,3.37236374744834,3.3723637474483423,3.3725115461711828,3.3724801540374756,3.373700706133093,3.3918888495437387,3.150996208190918,3.337074041366577,3.3499512672424316,3.3430333137512207,3.3441127768324135,3.3615031242370605,3.372363747448343,3.372363747448341,3.3723642217281187,3.3724801540374756,3.372550134759289,3.3595949752576835,3.5439701080322266,3.6496503,-3.0935204,3.6381238,3.7932544,5.214412,4.7733645,4.966007,4.6334405,-2.1351862,4.0578895,3.2978177,3.3723638,3.4637194,3.407716,3.3725169,3.3742938,3.4623637,3.3725195,3.1455967,3.3725194931061484
3.3723637474483468,3.360069751739502,3.3622844219207764,3.3648667335510254,3.75173253753278,1.9486541748046875,3.37236374744834,3.3723637474483423,3.3725115461711828,3.3724801540374756,3.373700706133093,3.2684444874463527,2.337512493133545,3.3420979976654053,3.3481228351593018,3.342219829559326,3.331525984492993,3.3749494552612305,3.372363747448343,3.372363747448341,3.3723642217281187,3.3724801540374756,3.3726913368498277,3.3790563163358027,3.5539588928222656,3.5655048,-22.857609,3.5685692,3.527856,4.974437,3.9112225,3.7660964,5.2216935,-3.190848,3.5838883,3.1761997,3.3723638,3.67194,3.3923638,3.37409,3.3757997,3.792364,3.3724833,1.8665786,3.3724832534821068
3.3723637474483468,3.3742682933807373,3.370302200317383,3.3738179206848145,2.993086197656249,2.0327606201171875,3.372363747448343,3.3723637474483423,3.3725067695184383,3.37247371673584,3.332655452887372,3.3567935987243245,1.4796112775802612,3.3156139850616455,3.3588900566101074,3.34299373626709,3.354326342271968,3.1075439453125,3.372363747448346,3.372363747448341,3.3723642064000448,3.37247371673584,3.372311896253005,3.362544408685868,2.773617744445801,3.408914,1.1760794,3.4066045,3.5022886,5.82082,4.184435,4.461295,5.7813888,-2.5531607,6.514739,3.3804154,3.3723638,3.6037166,3.3723638,3.37272,3.3742938,3.5523639,3.3734128,3.5058362,3.37341284752207
3.3723637474483468,3.366184949874878,3.3732001781463623,3.3705172538757324,4.068423945539359,1.93939208984375,3.37236374744834,3.3723637474483423,3.3725115461711828,3.3724801540374756,3.373700706133093,3.4367361413590602,3.5892655849456787,3.3953027725219727,3.369335174560547,3.3807015419006348,3.371080885642417,3.3724186420440674,3.372363747448343,3.372363747448341,3.3723642217281187,3.3724801540374756,3.372371961543366,3.4426712829138375,3.409362554550171,3.404111,7.3412814,3.4093482,3.5712466,3.2052042,4.111463,3.7419019,3.2381763,-1.6814532,3.198765,3.3722682,3.3723638,3.386189,3.3723638,3.3725708,3.3732975,3.3723638,3.3740172,3.363082,3.374017238620083
3.3723637474483468,3.3641421794891357,3.374622344970703,3.3729019165039062,3.6262024152745513,3.3542537689208984,3.3723637474483397,3.3723637474483423,3.372513138388764,3.372483015060425,3.3737025740812046,3.5470839546941466,2.9223833084106445,3.4230105876922607,3.3850252628326416,3.410867691040039,3.394590003700931,3.350285530090332,3.372363747448341,3.372363747448341,3.3723642268374765,3.372483015060425,3.37271041006617,3.3911475678341256,4.795909404754639,3.5690808,2.3905036,3.566683,3.4705627,5.0697503,4.491491,2.956582,3.2817452,-1.8192427,2.8745432,3.734144,3.3723638,3.3773782,4.0056973,3.3727355,3.8566797,3.4323637,3.3747475,3.2432117,3.3747475147279586
3.3723637474483468,3.3651928901672363,3.372819662094116,3.3743462562561035,3.145977646053736,3.2001190185546875,3.405697080781673,3.3723637474483423,3.3725118236834266,3.3724772930145264,3.3736060976794886,3.42450986459086,0.7307809591293335,3.369736909866333,3.3799521923065186,3.3730669021606445,3.3686768036387855,-0.490234375,3.372363747448342,3.372363747448341,3.3723642226186437,3.3724772930145264,3.3723638057708745,3.3591689182625153,3.5417699813842773,3.673549,4.9300256,3.6640592,3.8042693,4.6570277,4.501949,5.5117884,3.9474053,-2.956312,6.111429,3.1963677,3.3723638,3.4787915,3.3723638,3.3723648,3.3742938,3.4023638,3.372952,3.5992804,3.372951984408658
3.3723637474483468,3.3654022216796875,3.3692665100097656,3.367896318435669,3.4470089623796003,2.0819091796875,3.372363747448343,3.3723637474483423,3.3725067695184383,3.37247371673584,3.3023473215509007,3.3095510443734364,2.2094216346740723,3.3469362258911133,3.3651838302612305,3.3595943450927734,3.350411822898291,3.2005615234375,3.372363747448346,3.372363747448341,3.372364206400045,3.37247371673584,3.371760940222613,3.375779814217622,3.1791558265686035,3.5301754,-11.977027,3.5218792,3.5635653,4.1443715,4.022576,5.130364,3.2982993,-2.4312043,3.0952828,3.5564308,3.3723638,3.51281,3.3723638,3.3727107,3.3742938,3.4323637,3.3740833,2.4036503,3.374083280566449
3.3723637474483468,3.3701589107513428,3.3644802570343018,3.36997127532959,3.7885419149340014,2.0002593994140625,3.3723637474483428,3.3723637474483423,3.3725067695184383,3.37247371673584,3.368530521273719,3.4427986564084483,2.466982841491699,3.3555147647857666,3.3651604652404785,3.3630948066711426,3.3748611351987865,3.17340087890625,3.372363747448346,3.372363747448341,3.372364206400045,3.37247371673584,3.3724813754806195,3.362544408685868,3.0598888397216797,3.3788064,-19.256077,3.3819194,3.3875077,4.2812057,5.032502,6.2260013,4.544999,-5.8753257,5.1074963,3.421969,3.3723638,3.8694947,3.3723638,3.3723044,3.3739512,3.4323637,3.3743088,2.0998976,3.3743088245422768
3.3723637474483468,3.38322377204895,3.3641812801361084,3.3763723373413086,3.4836461182707192,3.3793678283691406,3.3723637474483397,3.3723637474483423,3.372513138388764,3.372483015060425,3.3737025740812046,3.348186373822,3.3007137775421143,3.3474960327148438,3.376344680786133,3.355823040008545,3.348951346759864,3.370760917663574,3.372363747448341,3.372363747448341,3.3723642268374765,3.372483015060425,3.3726213205902797,3.390438259408303,3.670121669769287,3.2059455,-22.078762,3.2193415,3.2562518,5.252157,6.68887,5.1177225,4.3224154,-3.8983173,5.484722,3.421969,3.3723638,4.1263003,3.3723638,3.372236,3.3739512,3.4323637,3.3743088,2.1342335,3.374308824542282
3.3723637474483468,3.371367931365967,3.376485586166382,3.3727684020996094,3.353209673251139,1.9424591064453125,3.37236374744834,3.3723637474483423,3.3725115461711828,3.3724801540374756,3.373700706133093,3.4196791080230096,3.428586006164551,3.3694310188293457,3.365251302719116,3.367234468460083,3.3613954969343984,3.370504379272461,3.372363747448343,3.372363747448341,3.3723642217281187,3.3724801540374756,3.372332938690724,3.3633471508911783,3.4083805084228516,3.3490431,-9.061941,3.3593504,3.4350414,3.8620138,4.2855372,3.311052,2.766293,-3.7215374,2.3049965,3.3728073,3.3723638,3.5244634,3.3723638,3.3723378,3.3739512,3.3723638,3.3743088,2.2791562,3.374308824542283
3.3723637474483468,3.3813602924346924,3.38130521774292,3.382476329803467,3.448605494613103,3.37410831451416,3.3723637474483397,3.3723637474483423,3.372513138388764,3.372483015060425,3.3737025740812046,3.446726653150657,3.7597296237945557,3.3999671936035156,3.3893256187438965,3.3964569568634033,3.384963449436434,3.367121696472168,3.372363747448341,3.372363747448341,3.3723642268374765,3.372483015060425,3.372665397688929,3.4076128096851623,3.371784210205078,3.0849235,1.1521914,3.0815778,3.2168598,3.4239306,3.4923701,2.431866,5.4307036,-3.0319648,3.2403626,3.3723476,3.3723638,3.5147805,3.3723638,3.3727129,3.3742938,3.4923637,3.372166,2.9314563,3.372165918353359
3.3723637474483468,3.361332416534424,3.3607065677642822,3.3625998497009277,3.642540700406025,3.212543487548828,3.3723637474483397,3.3723637474483423,3.3725118236834257,3.3724772930145264,3.3736060976794886,3.426791986543921,3.627859354019165,3.3952860832214355,3.3823370933532715,3.3875434398651123,3.3678909871985008,-3.23046875,3.3723637474483428,3.372363747448341,3.3723642226186437,3.3724772930145264,3.3723638057708745,3.3750459463753564,3.579230308532715,3.388243,-26.89169,3.3816054,3.4538128,3.4164197,4.1558833,3.757243,4.793129,-3.2626085,4.072871,3.7650619,3.3723638,3.8540158,3.4453921,3.372711,3.3742938,3.5719063,3.37156,1.5773454,3.3715600967438033
3.3723637474483468,3.500608205795288,3.502509832382202,3.5037059783935547,3.6462140885193226,2.6671676635742188,3.37236374744834,3.507181417099855,3.3725119712720426,3.372480630874634,3.3725801523449204,3.958579791280865,18.4699649810791,3.5360987186431885,3.560391664505005,3.5295050144195557,3.517188516061416,3.57470703125,3.4087920011942194,3.372363747448341,3.3723642230922493,3.372480630874634,3.373163901255466,3.8187710184784613,1.5297825336456299,3.9190967,-25.73825,3.9196491,3.813733,5.4542575,4.7757473,5.232613,2.1259716,-2.846993,3.648214,3.748776,3.3723638,3.7709117,4.1712017,3.372714,3.7846122,3.607135,3.5252955,1.8698362,3.5252954959901035
3.3723637474483468,3.372265100479126,3.368896245956421,3.372004508972168,3.690408849429426,1.977203369140625,3.37236374744834,3.3723637474483423,3.3725115461711828,3.3724801540374756,3.373700706133093,3.3519357823491664,3.1623802185058594,3.3514177799224854,3.3516135215759277,3.347827911376953,3.3443085309121354,3.367979049682617,3.372363747448343,3.372363747448341,3.3723642217281187,3.3724801540374756,3.3723487984459277,3.3581463044558024,3.4724912643432617,3.540663,-14.524848,3.5440006,3.7236805,4.5343437,5.1309524,4.595606,4.8840103,-4.8167324,2.3439388,3.3695068,3.3723638,3.5387542,3.3723638,3.372354,3.3739512,3.3723638,3.3743088,2.227866,3.3743088245422674
3.3723637474483468,3.343250274658203,3.3397583961486816,3.3228046894073486,1.9877584167407942,3.3452882766723633,3.3723637474483397,3.3723637474483423,3.372513138388764,3.372483015060425,3.3737025740812046,3.4680205992553925,5.7951436042785645,3.3757212162017822,3.3377273082733154,3.370168447494507,3.388274093530657,3.3162636756896973,3.372363747448341,3.372363747448341,3.3723642268374765,3.372483015060425,3.3720091373867285,3.26584786074255,5.28380012512207,3.2961566,-26.677845,3.2904983,3.422482,4.8496976,4.323611,4.190809,2.5912066,-5.37036,3.5228295,3.427504,3.3723638,3.563655,3.3723638,3.3724585,3.3739512,3.522364,3.3743088,1.3787808,3.3743088245422457
3.3723637474483468,3.3801751136779785,3.3740692138671875,3.3765130043029785,2.9560376962611175,3.381072998046875,3.3723637474483397,3.3723637474483423,3.372513138388764,3.372483015060425,3.3737025740812046,3.4405875400877757,3.0078747272491455,3.37065052986145,3.3767237663269043,3.375723361968994,3.3727519744504635,3.3594577312469482,3.372363747448341,3.372363747448341,3.3723642268374765,3.372483015060425,3.372700278952666,3.3976381988270794,3.1842243671417236,3.3955772,-0.5420671,3.3961046,3.4688025,4.6205,5.145304,4.337742,6.7404137,-2.8345613,5.020752,3.1586607,3.3723638,3.5056744,3.3723638,3.3726854,3.3739512,3.3723638,3.3743088,3.313941,3.3743088245423074
3.3723637474483468,3.371718168258667,3.368999481201172,3.370767116546631,3.423652898371009,3.1165695190429688,3.37236374744834,3.3723637474483423,3.3725119712720426,3.372480630874634,3.349468468470549,3.3958788584491377,1.8160592317581177,3.3827836513519287,3.3794894218444824,3.3797411918640137,3.372803867495403,2.6749267578125,3.3723637474483428,3.372363747448341,3.3723642230922493,3.372480630874634,3.372165168363671,3.3561922767695473,1.5359199047088623,3.3554738,-1.2991297,3.356311,3.4401648,4.1213593,5.017023,4.6276712,6.0797744,-4.883091,4.8000236,3.1586607,3.3723638,3.5178769,3.3723638,3.372597,3.3739512,3.3723638,3.3743088,3.0850039,3.374308824542306
3.3723637474483468,3.378401517868042,3.384260892868042,3.3620243072509766,2.904332964131367,4.3201904296875,3.3723637474483397,3.3723637474483423,3.3725118236834257,3.3724772930145264,3.3736060976794886,3.39444138415966,265.7057189941406,3.9656269550323486,3.626138210296631,3.6872410774230957,3.7950359391748343,5.775390625,3.4605990415659895,3.372363747448341,3.3723642226186437,3.3724772930145264,3.3723638057708745,3.488893919279561,29.580263137817383,3.124896,4.0186315,3.1189592,3.5321407,3.689534,5.127548,5.051877,5.415989,-3.9082146,3.745885,4.3028436,3.3723638,3.8424835,4.3523636,4.052624,3.3779366,4.092364,3.3743088,3.5380297,3.3743088245426107
3.3723637474483468,3.3758232593536377,3.371199607849121,3.369128942489624,2.9890753885814467,3.3770875930786133,3.3723637474483397,3.3723637474483423,3.372513138388764,3.372483015060425,3.3737025740812046,3.381606535403606,3.2229855060577393,3.377741575241089,3.376023530960083,3.3789377212524414,3.3734174177561873,3.363068103790283,3.372363747448341,3.372363747448341,3.3723642268374765,3.372483015060425,3.3725559178593287,3.3940416334925048,3.41408634185791,3.3064733,-6.4783196,3.2895772,3.3968365,3.432582,4.1794376,6.0467124,6.3196416,-2.173589,5.1988063,3.3625357,3.3723638,3.3721395,3.3723638,3.3725731,3.3739512,3.3723638,3.3743088,2.971709,3.3743088245422825
3.3723637474483468,3.3752379417419434,3.406736373901367,3.3913707733154297,3.8363788889160473,4.681999206542969,3.5940775531087756,3.3723637474483423,3.3725119712720426,3.372480630874634,3.81482676804496,4.024385488069573,-70.16261291503906,3.2093100547790527,3.18734073638916,3.2659904956817627,3.3559351512322397,0.5655517578125,3.3723637474483428,3.372363747448341,3.3723642230922493,3.372480630874634,3.3724451917202813,3.6535506990714985,11.68531608581543,3.6542432,-22.774893,3.6598666,4.040557,5.9538984,4.8739815,5.2523975,3.6298862,-0.47574478,6.3906775,4.2142134,6.3723636,4.3597393,4.1190305,3.8578682,3.6278243,3.8223639,3.3743088,2.6640322,3.3743088245433555
3.3723637474483468,3.3712546825408936,3.368607759475708,3.3658065795898438,2.826806382821454,3.1824874877929688,3.3723637474483397,3.3723637474483423,3.3725118236834266,3.3724772930145264,3.3736060976794886,3.419775797499641,1.8740167617797852,3.3683485984802246,3.37441349029541,3.370368003845215,3.3728727426841845,-3.248046875,3.3723637474483428,3.372363747448341,3.3723642226186437,3.3724772930145264,3.3723638057708745,3.3273635220639983,3.34106707572937,3.3951795,-10.402816,3.369663,3.6395574,4.0350404,4.3316603,5.464261,2.8113453,-5.435951,4.193166,3.3728073,3.3723638,3.3705957,3.3723638,3.372699,3.3739512,3.3723638,3.3743088,2.3545866,3.374308824542271
3.3723637474483468,3.369630813598633,3.367107391357422,3.365520715713501,3.424162325300442,3.0989913940429688,3.37236374744834,3.3723637474483423,3.3725119712720426,3.372480630874634,3.349133660003818,3.3321547356524266,1.7970527410507202,3.3815248012542725,3.375887632369995,3.376797676086426,3.3663173594330953,2.6671142578125,3.3723637474483428,3.372363747448341,3.3723642230922493,3.372480630874634,3.3724341362385224,3.392469513615162,1.6811940670013428,3.3284276,-7.5343056,3.3334112,3.3110619,5.8143888,3.728701,4.5149097,4.115032,-3.575414,4.6019945,3.3657765,3.3723638,3.3682654,3.3723638,3.372651,3.3728826,3.3723638,3.3737442,2.7004788,3.3737442493469665
