true,L1_Ridge,L1_Lasso,L1_ElasticNet,L1_Huber,L1_BayesianRidge,L1_RF_Meta,L1_ET_Meta,L1_GBR_Meta,L1_XGB_Meta,L1_LGBM_Meta,L1_CAT_Meta,L1_NN_Meta,L2_Ridge,L2_Lasso,L2_ElasticNet,L2_Huber,L2_BayesianRidge,L2_RF_Meta,L2_ET_Meta,L2_GBR_Meta,L2_XGB_Meta,L2_LGBM_Meta,L2_CAT_Meta,L2_NN_Meta,linear_BayR,linear_ENet,linear_Huber,linear_Lasso,linear_Ridge,linear_SGD,nn_MLP_Deep,nn_MLP_Large,nn_MLP_Medium,nn_MLP_Small,nn_MLP_Tanh,nn_MLP_Wide,pls_PLS,tree_Adaboost,tree_CAT,tree_ET,tree_GBR,tree_LGBM,tree_RF,tree_XGB,Simple_Average,Optimized_Weighted
5.849485002168009,5.224486351013184,5.614553928375244,5.530259132385254,5.142377543318404,5.189390659332275,6.166546432320501,6.212477566884616,6.184155562774566,6.386892795562744,6.5507321503163105,5.942289529322905,6.947819232940674,6.185660362243652,6.189244270324707,6.221745014190674,6.295378723731732,6.364369869232178,6.4300561205615665,6.131566484674799,6.258618260397006,6.831915855407715,6.624228021811904,6.281187951708736,7.704565048217773,1.7533526,0.6690569,1.3732543,1.2269468,0.3979044,2.4919686,6.459392,7.919284,8.563764,3.4927003,4.093314,9.199855,4.8801184,5.882241,5.192295,5.9606333,5.748445,6.0011406,6.104444,6.1459517,4.677803,5.800304694166119
6.372363747448347,6.4344305992126465,6.413086891174316,6.384112358093262,6.489338551705084,6.479702949523926,6.254416487466155,6.32400718672177,6.413318045960296,6.184884548187256,6.140944910719694,6.316114408323332,6.619208335876465,6.347052574157715,6.291658878326416,6.295839309692383,6.346680943506908,6.278851509094238,6.276285462995622,6.270121351548007,6.325930552829559,6.292738914489746,6.277756920566675,6.394692379074545,6.373643398284912,6.2913895,6.352054,6.1078844,6.396659,6.0173025,6.3394036,6.7645946,6.9709473,7.0286093,7.1351056,5.1950336,5.5992756,6.9309783,5.830371,6.507643,6.3626585,6.3188553,6.42001,6.433346,6.493768,6.3747945,6.427641093288765
6.372363747448347,6.426642894744873,6.408313274383545,6.420760631561279,6.387857892629821,6.428657531738281,6.3387038355275696,6.335500196137892,6.376596141832822,6.368415355682373,6.373288099716787,6.433473496821829,6.459110736846924,6.355204105377197,6.331803321838379,6.332859039306641,6.362254872618203,6.320938587188721,6.283384379889841,6.261372614697606,6.3672274531124655,6.334810733795166,6.312433921248333,6.350680654898443,6.279251575469971,6.452219,6.5780044,6.7574086,6.5347548,6.5488205,6.2824945,6.610407,6.696112,6.831462,6.3517556,6.5003366,6.6274004,6.5029554,5.8264933,6.3453383,6.3669405,6.3637943,6.3127337,6.360321,6.3900256,6.461989,6.367012080062873
6.372363747448347,6.12144136428833,6.134426593780518,6.11493444442749,6.252097606155526,6.128671646118164,6.2120217476372686,6.307927586097359,6.333867511724427,6.30741024017334,6.239734923937008,6.416343585020821,6.130981922149658,6.262182712554932,6.2950968742370605,6.288801193237305,6.276441286811371,6.285582065582275,6.291516066323023,6.261952690578294,6.306661621603803,6.280909061431885,6.259136771003008,6.259661120713168,6.358721733093262,5.2222753,5.9853463,5.0045395,5.9516206,4.95716,5.426718,5.762895,6.051605,5.965839,5.9633355,6.499226,5.7130575,6.394687,5.8264933,6.232675,6.3221807,6.2506576,6.0492406,6.4332786,6.2686877,5.9140754,6.281784792170775
6.372363747448347,6.484856128692627,6.436403751373291,6.42119836807251,6.35526139205368,6.589091777801514,6.307686501264963,6.369107991438333,6.4223459252740795,6.438736915588379,6.363593167132521,6.424607811045525,6.333220481872559,6.419628620147705,6.391215801239014,6.39845609664917,6.3556411329732985,6.369147777557373,6.279428371800976,6.302409030007817,6.3793839779677715,6.349423408508301,6.304572545101478,6.432527612242541,6.430901050567627,6.5535126,6.793502,6.202219,6.720022,6.4280844,6.4665904,6.8292847,6.451448,6.1483197,7.6012716,6.180644,5.9735146,6.420344,5.8753076,6.537461,6.1973577,6.418026,6.6956778,6.4039736,6.3991656,6.4647865,6.346866567685536
6.372363747448347,6.409709453582764,6.392518520355225,6.391496181488037,6.377895903281128,6.385854244232178,6.286548006521977,6.316419897496587,6.368914392312929,6.368342876434326,6.1915966219448615,6.268482445878533,6.531078338623047,6.333585262298584,6.3275556564331055,6.324540138244629,6.343942339721664,6.303651332855225,6.292534678534624,6.262132470734864,6.364489517731331,6.3289923667907715,6.31788573614022,6.344199251455413,6.258816242218018,5.9880047,6.2548366,6.4604206,6.230706,5.939027,6.280384,5.856198,6.0976853,5.796068,4.992192,6.230458,6.4057016,6.48767,5.8264933,6.320918,6.3755455,6.4565372,6.357114,6.4263873,6.3849,6.1583624,6.37003679146611
6.372363747448347,6.395088195800781,6.37830924987793,6.379904747009277,6.383472057186943,6.414818286895752,6.311934108375199,6.315586258195996,6.395523738895332,6.390574932098389,6.421598236768492,6.357056838622951,6.421603202819824,6.353936672210693,6.363413333892822,6.360820770263672,6.369362957061947,6.3639116287231445,6.286473042483732,6.25262440793609,6.390599828546854,6.372992515563965,6.386385569350927,6.365946758103477,6.4306488037109375,6.3170023,6.0143695,6.486956,6.045407,6.211718,6.37491,6.2462792,5.946588,6.078554,5.3255644,6.230458,6.3929024,6.4602847,5.8264933,6.374212,6.377325,6.3921556,6.311006,6.356142,6.3414035,6.2054863,6.368806252453571
6.372363747448347,6.421831130981445,6.322070121765137,6.367267608642578,6.3611429320102655,6.373451232910156,6.337945847893685,6.312617449223728,6.3627381218978325,6.379116058349609,6.381904830870533,6.3639346995813835,6.566126346588135,6.339325904846191,6.304739475250244,6.307162284851074,6.339697632852831,6.321760177612305,6.268953249226556,6.261372614697606,6.076092154905465,6.334810733795166,6.299843630604135,6.317033587282086,6.1334686279296875,6.0248857,6.4142094,6.3841386,6.398839,6.060164,6.2790356,5.5357065,6.0025687,5.7332006,5.1895995,6.2304635,6.118169,6.6507754,5.8264933,6.2374725,6.3753176,6.4669485,6.263006,6.4173884,6.3848486,6.149662,6.349958827222347
6.372363747448347,6.464041233062744,6.494259357452393,6.469026565551758,6.45796564301462,6.464433670043945,6.326540240117521,6.318145551727044,6.375600158085905,6.376969814300537,6.350063311358911,6.360539307908481,6.429267883300781,6.368640422821045,6.325658798217773,6.332266330718994,6.374801270123673,6.294022083282471,6.293541553841133,6.284972072132384,6.370471916905534,6.339918613433838,6.259311922965953,6.347993696050764,6.434401988983154,6.2830234,6.0270443,6.790464,5.993728,6.398546,6.188287,6.4812,6.0006127,6.1778955,5.0134673,6.230458,6.479339,6.5331607,5.8264933,6.483165,6.369318,6.3655334,6.2236857,6.360953,6.3735566,6.2299967,6.3983368188707095
6.372363747448347,6.3837714195251465,6.385488510131836,6.3610100746154785,6.392476325920416,6.448798179626465,6.311934108375199,6.318404514715952,6.542164625114756,6.420218467712402,6.283245975423338,6.3485038238314875,6.363711357116699,6.368061065673828,6.350928783416748,6.353991508483887,6.351419825601651,6.351992130279541,6.292199472778223,6.257544616502487,6.376813293396846,6.352713108062744,6.363567407275635,6.328162877503328,6.521144390106201,5.704543,5.964952,6.0433683,6.00867,5.699852,5.9773784,5.9688745,5.8543296,6.049556,4.9684777,6.2304583,6.131254,6.6997814,5.8283257,6.4300528,6.331743,6.434666,6.1211905,6.3096747,6.3035574,6.0530357,6.356544920515175
6.372363747448347,6.409969806671143,6.298633575439453,6.335399150848389,6.364669877022122,6.409458160400391,6.327827764126215,6.316568910544534,6.3568032256093865,6.379211902618408,6.391673358769717,6.349123895519417,6.617166042327881,6.350340843200684,6.309248924255371,6.310871601104736,6.334593365895902,6.318515300750732,6.282090808098369,6.2569078252876675,6.372659488750407,6.334810733795166,6.304125492823481,6.355456852181419,6.0706305503845215,5.46035,6.061054,5.3870287,6.211776,5.2005644,5.90536,5.845201,5.7880397,6.0800543,4.965979,6.230458,6.033963,6.681842,5.8264933,6.2777457,6.4017234,6.381273,6.361813,6.4153705,6.3706994,5.9943395,6.361906950072684
6.372363747448347,6.394166946411133,6.316641330718994,6.343401908874512,6.385094016281022,6.423746109008789,6.334964008992825,6.319686293891319,6.480534010744773,6.3488969802856445,6.412842948146659,6.304347081148873,6.359236240386963,6.34594202041626,6.3702392578125,6.364662170410156,6.351766391830497,6.367452621459961,6.292761492035014,6.2579450204672,6.3828971359138285,6.375343322753906,6.354500614190708,6.308701636098348,6.341562747955322,5.425331,5.865809,5.720324,6.003741,5.3629723,5.7974334,6.0822887,5.874872,6.2572613,5.1473737,6.295188,6.126135,6.7007694,5.8264933,6.3055444,6.388342,6.3645697,6.325502,6.4171095,6.386854,6.0336957,6.365743443399913
6.372363747448347,6.476860523223877,6.450164794921875,6.444047451019287,6.410501553322175,6.4678521156311035,6.169919808392358,6.241090930996869,6.387314725361042,6.356105804443359,6.078099141607586,6.32833953758088,6.356375694274902,6.2896409034729,6.268903732299805,6.2639031410217285,6.309117353058816,6.219031810760498,6.2935741753034495,6.261200386497147,6.415783647952665,6.194510459899902,6.216338650515472,6.241629498726105,6.136030197143555,5.8555446,6.069334,6.214444,6.0911126,5.749551,6.238633,5.836575,5.884723,5.8012376,4.364272,6.2304554,6.583864,6.622799,5.8264933,6.2984543,6.4381447,6.336879,6.5985093,6.5215964,6.4370365,6.0999827,6.396016075878583
6.372363747448347,6.639469623565674,6.5872321128845215,6.607394695281982,6.388408412769476,6.632881164550781,6.30203211774114,6.265858932548759,6.392733785366563,6.360560894012451,6.45909217384766,6.288753757703862,6.364762783050537,6.421361923217773,6.375976085662842,6.3847174644470215,6.379240878349565,6.3802032470703125,6.262047292231019,6.312007689586658,6.361319962178371,6.321488380432129,6.313316004646889,6.418925001956212,6.219234466552734,6.244131,6.4542975,6.8382907,6.4556885,6.3323784,6.26102,6.457972,5.6910233,5.8867936,3.2909184,6.2223897,7.4375134,6.2617226,5.826299,6.4112372,6.331762,6.28466,6.4078727,6.350291,6.3365784,6.189142,6.349315738122366
6.372363747448347,6.551202774047852,6.525111675262451,6.518884658813477,6.4240044232983236,6.580636978149414,6.3122633657704155,6.318922351406446,6.373035490702496,6.373020172119141,6.399706690631964,6.366739119991966,6.315422534942627,6.413547039031982,6.3833770751953125,6.391568660736084,6.37750215142278,6.369496822357178,6.281431098913787,6.283623793463353,6.3793839779677715,6.346477508544922,6.330319824046445,6.434153463379273,6.410383224487305,6.4256563,5.967897,6.8778768,5.9534407,6.561944,6.3691425,6.4202976,6.0583687,6.1116705,5.1655374,6.2304626,6.2100334,6.563729,5.8283257,6.4164553,6.373407,6.342304,6.190333,6.395029,6.3783216,6.242011,6.383082814395527
6.372363747448347,6.397701263427734,6.349608898162842,6.358506679534912,6.345249810145822,6.435628414154053,6.311934108375199,6.316296553379933,6.375990154551079,6.346531867980957,6.355958768983854,6.308113717644648,6.501067161560059,6.332363128662109,6.3260016441345215,6.323092460632324,6.331643443833026,6.3316216468811035,6.287589453137195,6.251886496459468,6.3820394969748016,6.368564128875732,6.3802845871930085,6.3462200806599105,6.393136978149414,5.892113,5.71857,6.03569,6.080811,5.61896,6.396359,5.940397,5.798529,5.723539,4.704221,6.230458,6.3036165,6.540451,5.8264933,6.3404555,6.3334775,6.343113,6.2359138,6.3673444,6.309646,6.0370083,6.3300554192419085
6.372363747448347,6.4713358879089355,6.458494186401367,6.4604082107543945,6.3897248293042646,6.43618631362915,6.298828320162047,6.311301698299671,6.373598055052206,6.368408203125,6.46737180902847,6.344273407568681,6.273165225982666,6.347593784332275,6.3251051902771,6.333291053771973,6.357486760077641,6.329226493835449,6.292534678534624,6.26311735718848,6.35688332727049,6.337282657623291,6.314160356569397,6.373358382431963,6.324283123016357,6.840205,5.637095,7.077352,5.8137803,6.657336,6.7874246,6.3786182,5.9048066,6.0425944,5.1263614,6.230458,6.2268047,6.4439063,5.8264933,6.512878,6.3447127,6.3654327,6.232946,6.351454,6.2710285,6.253585,6.369861476764699
6.372363747448347,6.441938877105713,6.429742813110352,6.4176225662231445,6.388562298712475,6.418087482452393,6.134952539820188,6.298670464852698,6.360246583968185,6.349903583526611,6.128214054775746,6.333527892167777,6.470709800720215,6.304048538208008,6.307528018951416,6.30234432220459,6.347912048968822,6.259184837341309,6.291885420268095,6.262132470734864,6.363390662188851,6.3289923667907715,6.314160356569397,6.275177189160925,6.220250606536865,6.171042,6.0461564,6.6158977,6.0443964,6.163417,6.373699,5.8771157,5.936128,5.723797,4.674401,6.230486,6.3172746,6.654049,5.8264933,6.23658,6.3805823,6.4030166,6.319817,6.4594584,6.410708,6.1432257,6.353824443111924
6.372363747448347,6.467800617218018,6.43562126159668,6.446991443634033,6.416746391568951,6.4898362159729,6.311934108375199,6.324287164486023,6.364928893177275,6.376950740814209,6.4353314736029965,6.428348376871672,6.416337490081787,6.360476016998291,6.36043643951416,6.3614044189453125,6.367878650138338,6.353443622589111,6.288707442331572,6.25262440793609,6.3820394969748016,6.368564128875732,6.3802845871930085,6.3562265109038085,6.432772159576416,6.420389,6.1126437,6.9005885,6.0810475,6.4858303,6.4848986,6.4997606,5.988746,6.4586782,5.46853,6.230458,6.2201834,6.780603,5.8283257,6.429516,6.363887,6.4238586,6.405109,6.3667846,6.367013,6.3158426,6.385198591696362
6.372363747448347,6.432027339935303,6.442556381225586,6.420509338378906,6.34860443176944,6.46251106262207,6.30222606625156,6.249902614847685,6.176579506933285,6.332589626312256,6.343154969355652,6.200381447054527,6.075413227081299,6.241596698760986,6.229160785675049,6.229377269744873,6.287882201380651,6.205245494842529,6.2879320595935555,6.261952690578294,6.25116164986964,6.201683044433594,6.049497627979248,6.259637153096643,6.227717876434326,5.711275,5.7590547,6.0913844,5.7811623,5.709215,5.908809,5.511717,5.5972123,5.6897717,3.6865664,6.23045,6.9988103,6.369621,5.826299,6.041229,6.335247,6.61514,6.068742,6.3788557,6.3788204,5.934469,6.292852215925231
6.372363747448347,6.470197677612305,6.492875099182129,6.492455959320068,6.386782666588062,6.486229419708252,6.292549543041467,6.3337363574651855,6.3009931768680065,6.833071708679199,6.383580291226971,6.315426455136865,6.091239929199219,6.325740814208984,6.297976493835449,6.304356575012207,6.350719881524293,6.262289047241211,6.356526256120825,6.3007485826993275,6.397850150643701,6.362346649169922,6.38635921317796,6.322194625026078,5.949225425720215,6.510421,6.074464,7.2229037,6.050893,6.7798843,6.171736,6.046126,5.5871797,5.927516,4.2305856,6.230458,6.7950473,6.2821712,5.826299,6.2592177,6.2517514,6.4856224,6.023755,6.2537503,6.3972898,6.1703544,6.305874755531725
6.372363747448347,6.833184719085693,6.806312084197998,6.7843170166015625,6.491957762516018,6.936651229858398,6.3073448644261365,6.248794275772271,6.394534786329941,6.351184844970703,6.485671121498686,6.592273922546609,6.2343339920043945,6.494702339172363,6.370794773101807,6.413175106048584,6.364097450205394,6.344205379486084,6.152752813399829,6.373923513197987,6.000042897758702,5.9900031089782715,6.246782928004581,6.418164816021564,6.1212639808654785,6.7579894,6.128222,7.1510878,6.0693407,6.878482,6.5380607,6.1579413,5.7898355,5.871668,3.294987,6.230458,6.1615114,6.554345,5.8283257,6.6240554,6.378442,6.3818617,6.3159137,6.376002,6.3485913,6.191856,6.432317330669174
6.372363747448347,6.620484828948975,6.554901123046875,6.5485053062438965,6.340176145332109,6.604605674743652,6.260423742185785,6.30971424595627,6.374776231741186,6.325113296508789,6.3527597017162885,6.2706825572717735,6.785202503204346,6.399681568145752,6.3605475425720215,6.354449272155762,6.352990760769192,6.368041038513184,6.384285351621158,6.254705127404672,6.624996769675751,6.7424540519714355,6.648489705210124,6.515521988626503,6.25752592086792,5.9741096,6.029424,6.2962623,6.0355663,5.9417434,6.1680408,5.8618317,5.356094,5.749836,1.1933038,6.2227287,6.6811204,6.634668,5.8264933,6.3427434,6.3912354,6.2855697,6.4812226,6.3931556,6.356859,5.9111004,6.3632736872199605
6.372363747448347,6.409800052642822,6.394995212554932,6.3863444328308105,6.396973041489729,6.436513900756836,6.312213514459927,6.312166919984011,6.379086014804096,6.376498699188232,6.31822752400841,6.344093631950554,6.34556770324707,6.334197521209717,6.313018321990967,6.313021183013916,6.347436080925307,6.300389289855957,6.283709854516677,6.2569078252876675,6.365649487662089,6.334810733795166,6.362355571506742,6.362876540281266,6.376031398773193,6.228409,6.074031,6.488148,6.068417,6.1695704,6.408324,6.6029263,6.294396,6.3379993,5.976001,6.5003047,5.917633,6.492157,5.8264933,6.4047017,6.3510604,6.2476473,6.173731,6.349995,6.3850303,6.264849,6.365344929241513
6.372363747448347,6.4289422035217285,6.334798812866211,6.360174179077148,6.393311111932373,6.4866533279418945,6.311934108375199,6.319953711887919,6.366541993697362,6.3709540367126465,6.385844852074185,6.348616727734445,6.361166477203369,6.33128547668457,6.332239151000977,6.330092430114746,6.334781282066972,6.329253196716309,6.288849366395599,6.248460848404772,6.379285499096269,6.375343322753906,6.35505511497229,6.32830354401007,6.325356960296631,5.974051,6.073543,6.211601,6.0032406,5.9199486,6.291902,6.0892553,6.0293107,6.029908,5.383284,6.500336,5.9642267,6.57427,5.8264933,6.3289294,6.3401303,6.2598214,6.3888445,6.38369,6.404497,6.148864,6.347413450345741
6.372363747448347,6.120391368865967,6.19088888168335,6.152432441711426,6.323443655402775,6.13635778427124,6.296361480584546,6.305529507192354,6.345434694180789,6.355319499969482,6.422533893644311,6.367743934901334,6.191355228424072,6.2937798500061035,6.291487693786621,6.295855522155762,6.317020008454204,6.315323352813721,6.291516066323023,6.261952690578294,6.294226076041532,6.289199352264404,6.259136771003008,6.288150528980293,6.468058109283447,6.0592747,5.8594875,6.2061677,5.8868337,6.1737843,6.159394,5.6612363,5.774409,5.920141,6.3772087,6.4089327,5.840014,6.4824343,5.8094826,6.188181,6.2903185,6.391576,5.921402,6.0598173,6.2636166,6.0866857,6.2656276683754
6.372363747448347,6.4780097007751465,6.464302062988281,6.456521034240723,6.426681860795083,6.546616554260254,6.325935936538914,6.318672384989001,6.375758378695149,6.377130031585693,6.334194612363805,6.353541587267343,6.720207214355469,6.385720252990723,6.317667007446289,6.321679592132568,6.348230168174611,6.309863567352295,6.385564476837521,6.28992387873273,6.273599485111824,6.8096923828125,6.514916877754478,6.448301473526882,6.234192371368408,6.556294,6.33724,6.3306613,6.368654,6.4185247,6.6035953,6.657003,6.790758,6.5801764,6.5796213,6.343322,6.5170984,6.478715,5.8689876,6.4261975,6.372116,6.382293,6.329295,6.3719497,6.3970213,6.435476,6.39235992551523
6.372363747448347,6.474669456481934,6.399015426635742,6.4088897705078125,6.398638703346164,6.480346202850342,6.315548166151561,6.317981350937616,6.381079878493346,6.390207767486572,6.480340343970229,6.333782430233724,6.2222113609313965,6.416518211364746,6.402260780334473,6.405293941497803,6.38552825690042,6.410943508148193,6.28681796675011,6.2754343899218386,6.35721538464123,6.324490070343018,6.272984384835213,6.4170420697001225,6.334370136260986,6.145634,5.973024,6.36552,5.8783436,6.040015,6.5787463,6.1711984,6.3889976,6.2742906,5.383227,6.5003366,5.978073,6.6549945,5.8264933,6.360605,6.369437,6.2654634,6.368988,6.393475,6.4060416,6.2161455,6.368825400153863
6.372363747448347,6.4796013832092285,6.4205098152160645,6.429737091064453,6.4468528668263865,6.572986125946045,6.311934108375199,6.320802409828222,6.389181490131474,6.381499767303467,6.409385794037311,6.285007743189558,6.159124851226807,6.330347537994385,6.343997001647949,6.341095924377441,6.341400961073809,6.308263301849365,6.26087665288927,6.242125351812072,6.322776620541567,6.271999359130859,6.137748938939222,6.282538378671556,6.3355631828308105,6.0323377,5.906123,6.026018,5.973894,5.7337537,6.467671,6.5528994,6.590761,6.506871,6.129291,6.5003366,5.8909054,6.547656,5.8264933,6.4638453,6.371147,6.2350755,6.397975,6.357203,6.396287,6.245327,6.390639421816356
6.372363747448347,6.61295747756958,6.605595588684082,6.594024658203125,6.428865721120426,6.624297142028809,6.404219011814329,6.361236456944546,6.4239680172954365,6.343090057373047,6.414205567317139,6.411064175540766,6.46169900894165,6.43043327331543,6.412459850311279,6.4097371101379395,6.409161690417341,6.397890090942383,6.299404274426328,6.291085426999692,6.492183006968529,6.372992515563965,6.380476231767102,6.429977044683776,6.360114097595215,6.1563053,6.888809,5.628786,6.972338,5.6692643,6.6546903,5.734804,6.333898,5.960778,4.600864,6.4073405,7.749015,7.280729,5.9617157,6.5503664,6.3746676,6.2610884,6.690997,6.4311423,6.4214597,6.3364534,6.421657716534671
6.372363747448347,6.664456367492676,6.684256553649902,6.6473846435546875,6.5584209616941855,6.694344520568848,6.178727850230034,6.269849233485112,6.402740938260046,6.300098896026611,6.232937846551785,6.210316210543263,6.34719705581665,6.368436336517334,6.325725555419922,6.338903903961182,6.376889839159152,6.289520740509033,6.0992489103886225,6.3083257862112525,5.897644160657834,6.089968681335449,6.222909164282493,6.182919485149585,5.956235885620117,6.3840175,6.1062484,6.7107234,6.0539355,6.2580833,6.705321,5.9456663,6.210831,6.0677905,3.9368634,6.230879,6.4770107,6.3471537,5.8264933,6.547231,6.57832,6.417552,6.185937,6.4176803,6.37968,6.18937,6.510520433288713
6.372363747448347,6.6176042556762695,6.6704254150390625,6.611289024353027,6.562718827151823,6.6833648681640625,6.262451379286999,6.2233530182428325,6.358620933922302,6.353462219238281,6.148828560632048,6.187715229631997,6.255764484405518,6.343743324279785,6.269078731536865,6.281748294830322,6.330976132273258,6.20698881149292,6.090707465288314,6.29339192258027,5.926982719070354,6.1556172370910645,6.243934758490243,6.130075732272864,6.051630020141602,6.2697554,5.716216,6.35311,5.7382774,6.052021,6.5309405,6.2236,6.347344,6.33154,4.4855847,6.230721,6.158868,6.279623,5.8264933,6.6375284,6.553967,6.378414,6.274521,6.395262,6.390105,6.1586943,6.522085429540409
6.372363747448347,6.525995254516602,6.541795253753662,6.532251358032227,6.50824011692738,6.559389114379883,6.262472977030925,6.3006519035034305,6.3169018377247275,6.304155349731445,6.303165851692798,6.475091049798331,6.595064163208008,6.411393642425537,6.3379292488098145,6.355470180511475,6.389510042072211,6.324965953826904,6.276555002324768,6.2918392439879245,6.4350543089668255,6.202049732208252,6.248937408773586,6.462414225038107,6.184561729431152,6.357106,6.5958157,6.1525865,6.593171,6.1884823,6.4664016,6.718754,7.1201496,6.7107944,6.484616,6.3375483,7.407879,6.239511,5.8689876,6.4224133,6.545737,6.3835425,6.3867493,6.3860846,6.3956513,6.488099,6.4668440559284415
6.372363747448347,6.354592323303223,6.299066066741943,6.315032005310059,6.312731843549907,6.377985954284668,6.32099447107973,6.3027184653996065,6.356580752011548,6.326296329498291,6.357611951796975,6.435278250897229,6.207314968109131,6.3210039138793945,6.290292739868164,6.290661334991455,6.302630754003017,6.307109355926514,6.279267941556968,6.2569078252876675,6.25427003320574,6.3104143142700195,6.221081861866106,6.265407970924587,6.244859218597412,4.9820347,5.080852,5.158176,5.468709,4.727946,5.838391,5.5964756,5.8547797,5.6005197,4.3197827,6.2304573,6.45796,6.632996,5.8264933,6.3210096,6.3145094,6.345735,6.305595,6.394643,6.3459864,5.7901525,6.326052151715938
6.372363747448347,6.4061079025268555,6.394245147705078,6.396112442016602,6.316978716701487,6.446220397949219,6.307583346393933,6.323223461305667,6.2992506248219335,6.347813606262207,6.204375395794405,6.247797889871746,6.454724311828613,6.31829833984375,6.30435037612915,6.299785614013672,6.312026031245607,6.282292366027832,6.275076484102438,6.271186905255361,6.307015679245465,6.292738914489746,6.282757328644427,6.338683289090181,6.281843662261963,5.5420837,5.182972,5.794795,5.443713,5.5066404,5.947885,6.311087,6.157793,6.1974807,4.9040575,6.230458,6.7557077,6.5341587,5.8264933,6.410164,6.288194,6.390642,6.309853,6.354439,6.3219905,6.02053,6.3340175597223425
6.372363747448347,6.40693998336792,6.299295425415039,6.324034214019775,6.362179822751619,6.437301158905029,6.310893135604151,6.307985920019929,6.342754583935529,6.352767467498779,6.32415134011975,6.352392143426327,6.39676570892334,6.389609336853027,6.355207443237305,6.357231140136719,6.323732305128531,6.332681655883789,6.282564976105054,6.273381057348393,6.374379150828514,6.349423408508301,6.268222136531325,6.282300592228388,6.240958213806152,5.905993,6.173283,5.982164,6.1659145,5.704151,6.0084105,6.025452,5.729033,5.9487505,4.817902,6.2304583,5.9756947,6.707238,5.8264933,6.1804566,6.3569164,6.2675095,6.2385135,6.377937,6.3550982,6.048868,6.306332711189113
6.372363747448347,6.464095115661621,6.3556623458862305,6.375587463378906,6.390662516776685,6.48592472076416,6.324422139804906,6.315646631568147,6.346764624428844,6.373752593994141,6.310184016449793,6.282365401284262,6.404171943664551,6.337179183959961,6.312535285949707,6.312274932861328,6.338321488756519,6.318274974822998,6.293541553841133,6.284972072132384,6.366875978439454,6.339918613433838,6.4121864839471785,6.312255869291996,6.347276210784912,5.9801564,6.2786074,5.956943,6.4243703,5.797253,6.1022177,5.861424,5.765681,5.7204046,4.4979224,6.230458,6.163133,6.4710865,5.8264933,6.279137,6.4243712,6.416277,6.182973,6.468325,6.384587,6.061591,6.3780121483297
6.372363747448347,6.377013206481934,6.348179817199707,6.341555118560791,6.359072103589681,6.390663146972656,6.324178404660189,6.313234181533335,6.35539717391803,6.373635768890381,6.3433730673096465,6.352316525288902,6.337709426879883,6.33806848526001,6.324451923370361,6.326326370239258,6.336573594640291,6.311121940612793,6.293541553841133,6.284972072132384,6.366875978439454,6.339918613433838,6.355891435175826,6.335000614901158,6.402983665466309,6.0321894,6.1211514,6.0275216,6.175995,5.8349485,6.202393,6.376141,6.244506,6.2231016,5.600015,6.39925,6.4037237,6.661521,5.834955,6.3551583,6.359738,6.2391167,6.3385186,6.2588015,6.3054695,6.199711,6.3367366214175895
6.372363747448347,6.453582286834717,6.399831295013428,6.403903961181641,6.341125313507323,6.440184116363525,6.2698653946136185,6.309387434691007,6.341024295751119,6.236684799194336,6.230314987433089,6.25108773012969,6.181568145751953,6.285740375518799,6.315300941467285,6.309136867523193,6.318030454057019,6.284055233001709,6.291516066323023,6.261952690578294,6.3315607810602605,6.280909061431885,6.220175189208453,6.261760197634718,6.190371990203857,6.143516,5.6165686,6.29208,5.678648,5.992836,6.487264,5.831657,5.449122,5.272971,4.0519385,6.230458,6.16251,6.337641,5.8264933,6.2677093,6.3560405,6.331267,6.265289,6.3511257,6.283831,5.961448,6.314672458804157
6.372363747448347,6.2617411613464355,6.244143009185791,6.221563816070557,6.229687020331054,6.36367130279541,6.160952549015457,6.282540250781757,6.253708918678528,6.295764446258545,6.082720080516406,6.063297490974341,5.729612827301025,6.1929030418396,6.2393646240234375,6.227807998657227,6.247901158285798,6.2562255859375,6.249542468615178,6.245495129273327,6.000377780965551,6.187681674957275,6.161655794647526,6.170350346401223,6.1145148277282715,5.343174,5.3722224,4.733505,5.4784765,4.7837844,6.102239,5.75514,5.3569665,5.1879168,4.3775024,6.230458,6.0269117,5.804785,5.8264933,6.2616177,6.340113,6.1517444,6.0666876,6.3200293,6.192918,5.685634,6.271192078785528
6.372363747448347,6.483760833740234,6.478061199188232,6.4665303230285645,6.373041302431207,6.491346836090088,6.296038368701679,6.306729917887579,6.304011488285906,6.3555731773376465,6.3081556822773,6.372326527313017,6.496321678161621,6.387605667114258,6.348354816436768,6.356010913848877,6.3570838821352575,6.348515033721924,6.282564976105054,6.271350147383048,6.330035381456286,6.292738914489746,6.282757328644427,6.39625931659034,6.323914051055908,6.1088195,6.25737,6.2203445,6.196612,6.145148,6.306234,5.7742624,6.316946,5.9996104,5.438161,6.320873,6.1685863,6.465675,5.868752,6.5261927,6.379839,6.2814293,6.2848463,6.3615103,6.274859,6.1848035,6.38344436575036
6.372363747448347,6.401145935058594,6.410164833068848,6.389335632324219,6.350760914919231,6.445754528045654,6.311934108375199,6.31633366580533,6.3672880350444245,6.373854637145996,6.378996424725877,6.352739192989564,6.163323402404785,6.330692768096924,6.338771343231201,6.3404669761657715,6.341018827144841,6.318486213684082,6.266743791594444,6.242125351812072,6.340967576808452,6.292874813079834,6.2457168072498,6.290391080497795,6.476844787597656,6.4780583,6.151371,6.650344,6.014234,6.555069,6.522846,5.733567,6.219943,6.0689893,5.3259034,6.4067893,6.214279,6.5303373,5.868752,6.3697114,6.3704863,6.217412,6.0976477,6.3214345,6.2369213,6.2177052,6.32669725392199
6.372363747448347,6.058800220489502,6.088878154754639,6.047791004180908,6.09218661511688,6.1055731773376465,6.275850562819446,6.30228054166994,6.344433550262379,6.416732311248779,6.372709451698157,6.2611382361871195,6.3473029136657715,6.386591911315918,6.383717060089111,6.375,6.335509558142045,6.427276134490967,6.286221140733887,6.248640498418682,6.3512535851512695,6.338217258453369,6.344121006787337,6.326565401084456,6.3409318923950195,6.4147644,5.970827,6.6109247,5.946219,6.6525526,6.3751836,5.05105,5.913881,5.4164257,5.436257,6.3817964,5.6190896,6.3086753,5.8094826,6.1451874,5.8913493,5.8505116,5.8068833,5.851055,6.062905,5.975751,5.993461278199448
6.372363747448347,6.075874328613281,6.117251396179199,6.081508636474609,6.1323257038584345,6.1195220947265625,6.30153908918972,6.3022752025520115,6.331939256276997,6.383627414703369,6.346088025198877,6.388726629534292,6.283977031707764,6.3833699226379395,6.365407943725586,6.364252090454102,6.327247520926232,6.413504600524902,6.274435939343514,6.243138093562688,6.336041115165975,6.317694187164307,6.310221334562655,6.320626526502303,6.3719635009765625,5.981026,5.986964,5.941577,5.990692,6.0569954,6.2837157,5.353507,5.9739265,6.162864,5.6053133,6.2366962,5.8258066,6.5385833,5.8094826,6.214966,5.975824,5.988397,5.8782682,5.9229727,6.0794177,5.99035,6.061434965446384
6.372363747448347,6.033565998077393,6.0811662673950195,6.033041000366211,6.113625489793342,6.106588363647461,6.331434186673757,6.306752832471398,6.393085422722782,6.415113925933838,6.3900957501384275,6.267673239095009,6.226347923278809,6.406254291534424,6.412142753601074,6.4027814865112305,6.3397336272707685,6.454590320587158,6.273244482614917,6.2502765374893725,6.334462319266876,6.298552513122559,6.310510053275548,6.2785154246762405,6.325978755950928,5.3563986,6.039377,5.20948,6.07528,5.302901,5.907716,5.029859,6.125898,5.540293,5.360627,5.5949655,5.561532,6.509388,5.81034,6.3056397,5.892555,5.9666595,5.8301167,5.898825,6.070448,5.7694154,6.043901046937663
6.372363747448347,6.03023099899292,6.081032752990723,6.056586742401123,6.044072142045582,6.053499698638916,6.284245895692794,6.3142865254485905,6.394568272059487,6.408337116241455,6.252713364834726,6.26316527635536,6.0493364334106445,6.244808673858643,6.30233097076416,6.2967424392700195,6.295230285469136,6.295539379119873,6.287239563235151,6.261657407358233,6.277101942051143,6.280909061431885,6.283385330140676,6.246745441288735,6.270425319671631,6.280112,6.4518805,6.15129,6.512123,6.3374243,6.410536,4.8077974,5.2661095,5.3833127,5.2537575,6.3646073,5.2257605,6.81475,5.8094826,6.2697425,5.909558,5.942926,5.7759027,5.8924313,6.054656,5.945708,6.036849020918913
6.372363747448347,5.897902965545654,5.982278347015381,5.941315650939941,6.0442138690898,5.911148548126221,6.288408905847493,6.292537997912038,6.250151911384955,6.32573938369751,6.346119276965425,6.275800804392638,6.394288539886475,6.267517566680908,6.271371364593506,6.2765069007873535,6.311045242904025,6.316302299499512,6.292346666593643,6.2617550542437295,6.388544132043669,6.318241119384766,6.299733533137329,6.239196017024051,6.234207630157471,5.8184643,6.1173353,5.710411,6.307172,5.7953215,6.2376523,4.946528,5.870607,5.6818547,5.863442,5.3170533,5.8885603,6.755786,5.8094826,6.197855,5.9103613,5.951305,5.8292327,5.906136,6.10082,5.9007688,6.031265967955985
6.372363747448347,6.44280481338501,6.368142604827881,6.386769771575928,6.330125465153877,6.524810791015625,6.309802989770194,6.304533440345491,6.326831521742446,6.352147579193115,6.254898906532805,6.358243223585231,6.451070785522461,6.363491535186768,6.314182281494141,6.319969177246094,6.286442797464547,6.278348922729492,6.275076484102438,6.273505772450412,6.334134996478367,6.292738914489746,6.282757328644427,6.315358518309431,6.269896030426025,5.6671057,5.7251163,5.564624,5.8954,5.679015,6.076726,6.497775,6.177426,6.4270887,4.5225034,6.230458,7.18061,6.29493,5.8264933,6.2405086,6.3671713,6.276178,6.36677,6.3766284,6.297775,6.084515,6.312275971432629
6.372363747448347,6.477438926696777,6.40813684463501,6.418449401855469,6.326764366339987,6.52801513671875,6.30519781955727,6.295343729485759,6.355341826072765,6.368092060089111,6.306179717731514,6.203645628132127,6.438065052032471,6.339337348937988,6.325169086456299,6.32773494720459,6.33084395384522,6.303826808929443,6.291890597007564,6.26311735718848,6.3638107172355864,6.314114570617676,6.303696115699385,6.285822831487562,6.235105037689209,5.4487333,5.7083163,5.509323,5.817058,5.3508954,5.91533,6.2528486,6.1477566,6.3031135,3.793323,6.2304583,6.9580765,6.278113,5.8264933,6.1940694,6.359963,6.38446,6.299554,6.361734,6.3313866,5.9735503,6.313538916264439
6.372363747448347,6.53174352645874,6.540032863616943,6.539483547210693,6.4258676858399975,6.513951301574707,6.312213514459927,6.305989593185955,6.361917374366047,6.3630828857421875,6.306141224995508,6.2823339481408125,6.216221332550049,6.33858585357666,6.320858478546143,6.328226089477539,6.360769285647993,6.295717716217041,6.282233520373986,6.257573836529593,6.359709023577513,6.323468208312988,6.360075128058843,6.294944319604104,6.0095133781433105,7.238493,6.8009677,7.5488806,6.5968766,7.3854303,6.772868,6.138375,6.298627,6.3601747,5.6732,6.230464,6.3207693,6.8144145,5.834955,6.399386,6.3674374,6.317742,6.403784,6.3445315,6.363864,6.5105615,6.370958568350744
6.372363747448347,6.455990791320801,6.396154403686523,6.405689716339111,6.3696566855190815,6.411792755126953,6.326540240117521,6.316006258637377,6.371887110552687,6.366768836975098,6.350063311358911,6.381030422997645,6.587417125701904,6.366263389587402,6.31788969039917,6.320255279541016,6.347362193219844,6.3449296951293945,6.293541553841133,6.284972072132384,6.3750878282377625,6.3484954833984375,6.3578315327592145,6.353483603752173,6.3520708084106445,6.3638134,6.338231,6.474437,6.3120394,6.3234463,6.4166384,6.260322,5.86585,5.995946,4.980434,6.2304583,6.3003116,6.52121,5.8264933,6.328897,6.3738837,6.3488464,6.316524,6.3642526,6.3550034,6.214852,6.356316726707511
6.372363747448347,6.410717964172363,6.418405532836914,6.392115592956543,6.334349476829681,6.43517541885376,6.30254263451283,6.319199880973087,6.38520168051494,6.522441387176514,6.439825815307493,6.5345116417274305,6.386237621307373,6.418590545654297,6.395179271697998,6.402459144592285,6.378582138741146,6.404892444610596,6.276594581100701,6.255176811125596,6.3930861116551645,6.354038238525391,6.38234516498951,6.386383750315411,6.514598369598389,6.209586,6.4499097,6.1496644,6.5685687,6.0994506,6.4246655,6.41031,6.344175,6.178891,4.868976,6.5003157,7.2576776,6.535935,5.834955,6.341401,6.3230934,6.0934715,6.1739926,6.292485,6.281759,6.266965,6.301195123756218
6.372363747448347,6.530821800231934,6.463986396789551,6.476412296295166,6.371231691609244,6.5149455070495605,6.310893135604151,6.31689763941821,6.371503353889847,6.368566989898682,6.3344286718645035,6.362783696530246,6.407654762268066,6.402897357940674,6.362762451171875,6.369341850280762,6.362078581660218,6.363683700561523,6.284179302247634,6.278134784829138,6.3793839779677715,6.349423408508301,6.362838941906024,6.392641829730507,6.285492897033691,6.274522,6.0046477,6.627762,6.059563,6.222848,6.3850265,6.398635,5.9808817,6.238832,5.064021,6.230458,6.1868944,6.5546727,5.8264933,6.330875,6.3704877,6.3188972,6.430324,6.3795276,6.3567376,6.212105,6.353624332683195
6.372363747448347,6.422667026519775,6.351470470428467,6.356879234313965,6.401171878481794,6.407639980316162,6.3421083176040565,6.308033927686086,6.200763760522989,6.254190921783447,6.2938077180466,6.197443836609662,5.89967155456543,6.279588222503662,6.286111354827881,6.285561561584473,6.315345153016774,6.355132102966309,6.291222901874457,6.288917072737763,6.347368065031331,6.3058037757873535,6.303903974305221,6.2445869154252485,6.2230143547058105,5.9378576,6.247054,6.1651254,6.1154118,6.191984,6.144668,5.4337935,5.8402386,5.698112,5.4473743,6.1470165,5.2508535,7.0248446,5.9288816,6.3562818,6.365914,6.5102363,6.290219,6.3831224,6.350828,6.091491,6.37008243299252
6.372363747448347,6.519573211669922,6.442105293273926,6.445286273956299,6.329012421986236,6.532924652099609,6.312213514459927,6.31152211786726,6.376100839836841,6.375185489654541,6.31121458280017,6.367002580898719,6.328501224517822,6.361958026885986,6.327698230743408,6.330180644989014,6.344103853714264,6.324646472930908,6.283709854516677,6.257977893533223,6.36921783641715,6.334810733795166,6.362355571506742,6.3906215467429766,6.174220085144043,6.320298,5.9579167,6.296071,5.986105,6.274684,6.4125648,6.310941,6.3819747,6.469133,5.348536,6.4660835,5.39871,6.40547,5.8283257,6.4227114,6.334338,6.3562827,6.51287,6.369093,6.3354692,6.209379,6.358102923445424
6.372363747448347,6.8329572677612305,6.655940055847168,6.673330783843994,6.421066118134731,6.87422513961792,6.476812280856328,6.381559233072107,6.453931266625687,6.680139064788818,6.549855509220726,6.494949025990281,6.309041976928711,6.521625518798828,6.405269145965576,6.423538684844971,6.427423961639808,6.380551815032959,6.2993302970758815,6.388382515993159,6.48567332646824,6.407792091369629,6.45073194854735,6.285994560318178,6.542811870574951,7.170668,6.844131,7.3588405,7.0406723,7.3389053,6.5945024,6.532797,5.627461,5.9270363,2.6857893,6.228987,6.335394,6.992101,5.8283257,6.3116455,6.3729434,6.2183943,6.1469035,6.3336983,6.346634,6.3117914,6.3403070628907425
6.372363747448347,6.426427841186523,6.417130947113037,6.408397197723389,6.408003689441532,6.437042236328125,6.311934108375199,6.322044671841089,6.3766410442978225,6.379570007324219,6.421598236768492,6.350010191157825,6.4435625076293945,6.365771293640137,6.36933708190918,6.3661394119262695,6.382699576738233,6.369143009185791,6.287589453137195,6.25262440793609,6.3820394969748016,6.372992515563965,6.386385569350927,6.3831523661084715,6.4660115242004395,6.3215847,6.174594,6.511774,6.2489376,6.2218432,6.3037148,6.0004253,5.9818916,6.128623,5.253532,6.2304583,6.361416,6.629738,5.8264933,6.4187145,6.372517,6.4276447,6.242708,6.3579793,6.372427,6.2193503,6.38787510984468
6.372363747448347,6.461019992828369,6.369560718536377,6.38696813583374,6.359577595514282,6.498560905456543,6.293135615102419,6.303108264468236,6.359386747301715,6.3619184494018555,6.351670734435434,6.333253612507108,6.377806186676025,6.355207443237305,6.3342719078063965,6.337708950042725,6.324442197318506,6.328995227813721,6.291890597007564,6.26311735718848,6.3638107172355864,6.337282657623291,6.3588233447091795,6.3355582182187,6.364138126373291,5.982423,6.3059382,6.1023054,6.2837157,5.885304,6.1069646,6.8218904,6.333977,6.3957367,5.3823485,6.5003324,6.4695783,6.221757,5.8283257,6.362373,6.3665514,6.3652096,6.483241,6.3782663,6.3614316,6.2468834,6.364164980638419
6.372363747448347,6.098618984222412,6.1209187507629395,6.118801116943359,6.125941164422632,6.085738182067871,6.474584987773826,6.332903340635229,6.547517774979217,6.655980587005615,6.380030046415464,6.320255691583341,6.186636447906494,6.411190986633301,6.393568515777588,6.381807327270508,6.332981293664363,6.369462966918945,6.379797679586645,6.290001887938288,6.537652773089118,6.394376277923584,6.426331854663554,6.249307801226468,6.173819541931152,6.1031113,5.8015156,6.416244,5.794514,6.4017773,6.1348386,5.3349276,5.51161,5.657082,5.0593085,6.3694797,5.7884808,6.7184205,6.0026474,6.162105,5.9308715,6.1846457,5.9460974,6.000605,6.1842747,5.9751277,6.068358032233536
6.372363747448347,5.915900230407715,6.031881332397461,5.978098392486572,6.059145595223699,5.911436557769775,6.326576349725795,6.323684638023835,6.222030625959366,6.331788539886475,6.6244986552736576,6.3796288625884685,5.913839817047119,6.2530999183654785,6.281998634338379,6.288763999938965,6.278831146436966,6.334238052368164,6.282900237302557,6.268487608794202,6.3570052980821545,6.320558071136475,6.274930663416139,6.19518022472952,6.258075714111328,5.5799994,5.7058268,5.748094,5.760257,5.632555,6.057002,5.068795,5.6290216,5.727993,5.259677,3.9206681,5.2040386,6.631522,6.0026474,6.223237,5.911913,6.142147,6.019706,5.9804964,6.2411957,5.72234,6.086189054799575
6.372363747448347,6.443453311920166,6.427028179168701,6.433042049407959,6.39106731552506,6.453030109405518,6.312213514459927,6.315788929614563,6.364739988536744,6.392888069152832,6.411636923356024,6.387701836717569,6.529036045074463,6.3518877029418945,6.310654640197754,6.316690921783447,6.354942119094067,6.299637794494629,6.280744275699659,6.256780578404418,6.3672274531124655,6.334810733795166,6.312433921248333,6.358690135156727,6.240551948547363,6.369236,6.308085,6.408081,6.2928658,6.2683773,6.4360676,6.501534,6.4790883,6.47715,5.8839254,6.5003366,6.6284223,6.6497974,5.8264933,6.4151196,6.368338,6.2205114,6.377659,6.364959,6.379847,6.357795,6.372262395425877
6.372363747448347,6.35186243057251,6.3220930099487305,6.319941520690918,6.302433768722527,6.364307403564453,6.308422898577876,6.31297939280968,6.366208290253995,6.34972620010376,6.351520623640087,6.292984413063583,6.100045680999756,6.305518627166748,6.321565628051758,6.319420337677002,6.33044617991655,6.313992977142334,6.266743791594444,6.241387440335449,6.328098741008728,6.292874813079834,6.306602284658947,6.266103637567531,6.457630157470703,6.145377,6.3040075,5.7467785,6.3224487,5.8771915,6.399249,6.1841803,6.6164117,6.471802,5.88611,6.348833,6.398954,6.5137777,5.868752,6.2837996,6.3702936,6.196008,6.1384234,6.305806,6.2396083,6.2308908,6.304433083724565
6.372363747448347,6.431426525115967,6.4409308433532715,6.430018901824951,6.348786764694508,6.444553375244141,6.310893135604151,6.309289741523132,6.362839715760013,6.362703323364258,6.324140267884077,6.348180615981983,6.381024360656738,6.356939315795898,6.330931663513184,6.335739612579346,6.337475328635368,6.3103508949279785,6.282564976105054,6.273381057348393,6.410881394741525,6.349423408508301,6.282757328644427,6.355161157851331,6.157225131988525,6.4463954,6.2560186,6.127893,6.1781487,6.245447,6.5031443,5.90907,6.2986507,6.187167,5.7273583,6.337319,6.3908424,6.5094523,5.868752,6.3574033,6.3702917,6.257889,6.1742887,6.3199663,6.2580905,6.2361794,6.331620326251291
6.372363747448347,6.39159631729126,6.403994083404541,6.409246444702148,6.342976114855213,6.41094970703125,6.307460732732641,6.308966571311395,6.330654328284573,6.352381706237793,6.306214848478753,6.277947187371738,6.289535999298096,6.297717094421387,6.30713415145874,6.306854248046875,6.3264301573349355,6.277341365814209,6.283709854516677,6.2569078252876675,6.373471622884335,6.334810733795166,6.362355571506742,6.32884796501507,6.2127485275268555,6.654747,6.20056,6.796296,6.0404615,6.929712,6.5438833,5.919632,6.1634192,6.0510325,5.566396,6.4162245,6.573023,6.5248528,5.868752,6.3094926,6.3726983,6.2834277,6.2950964,6.31999,6.252393,6.304105,6.321199648625196
6.372363747448347,6.320614814758301,6.349206447601318,6.342091083526611,6.1787907921103,6.32410192489624,6.292835496072555,6.308170980153537,6.205263072170752,6.273001670837402,6.326092839450193,6.395278130765577,6.024527072906494,6.302680015563965,6.306735038757324,6.313403129577637,6.304900232643117,6.358219146728516,6.280756443299507,6.271225432281029,6.343816738002744,6.310626983642578,6.315982978290368,6.275078144394105,6.181234836578369,6.7032743,6.3646536,6.895397,6.1788263,6.933708,6.4559264,5.5292015,6.1645317,5.9602456,5.0954585,5.9863706,6.1546383,7.1248817,5.868752,6.323422,6.0072384,6.1578336,6.008942,6.2299323,6.1625085,6.215287,6.1344324293054
6.372363747448347,6.273035526275635,6.313713073730469,6.294314384460449,6.3047578637085415,6.300061225891113,6.2907941500194715,6.286226698803333,6.342198116383321,6.324110984802246,6.343605464765828,6.2276720280338935,6.44743013381958,6.2786359786987305,6.271905899047852,6.272754192352295,6.303507670477401,6.2695088386535645,6.283709854516677,6.254874983867972,6.291552607797065,6.288089752197266,6.356608689699603,6.323377055537992,6.369505405426025,6.3629103,6.341949,6.137572,6.251125,6.2793965,6.4540415,6.0153747,6.5619717,6.1501865,6.346111,6.2194757,6.493992,6.513847,5.868752,6.31856,6.353149,6.121783,6.02205,6.297715,6.1938744,6.2651916,6.289108449298514
6.372363747448347,6.112115859985352,6.161793231964111,6.149072647094727,6.21291088933499,6.060584545135498,6.432121697658961,6.110103588111213,6.177628185852061,6.327192306518555,6.618027265743737,6.062686304405493,5.998804569244385,6.24927282333374,6.147338390350342,6.169146537780762,6.18501349692495,6.229556560516357,6.262421612718835,6.264231231981351,6.279315029339502,6.235358238220215,6.08612076512247,6.156338216412061,6.21501350402832,5.424647,5.9978704,6.004942,6.2145643,5.513115,5.721751,5.0256987,5.566698,5.271328,4.872903,2.7466445,5.6397634,6.6580815,6.0231786,6.322974,5.851412,6.580829,6.065635,5.991922,6.339749,5.691685,6.139881243634175
6.372363747448347,5.940990924835205,6.08475399017334,6.0222625732421875,6.23659175107748,5.975517749786377,6.361975384209176,6.307031475798533,6.4243094022795395,6.330685138702393,6.582674974965964,6.223885323374984,6.695731163024902,6.430591583251953,6.377223491668701,6.374206066131592,6.346708827426391,6.502531051635742,6.394058015722912,6.298878889583059,6.514150408458831,6.858520984649658,6.60282702061303,6.368105059735295,6.461348533630371,5.2608166,5.301723,5.531869,5.4924407,5.341972,5.6869264,5.000392,5.4605455,5.61093,5.310937,3.212288,5.1764817,6.704531,6.0026474,6.3170733,5.8680997,6.201445,5.9549594,5.964879,6.2464294,5.5823693,6.095873142233373
6.372363747448347,6.409063816070557,6.345947742462158,6.341463565826416,6.375983701330715,6.460666656494141,6.298828320162047,6.313520957228821,6.373487240408602,6.3666558265686035,6.3763811881422585,6.357743537574856,6.434882164001465,6.36046028137207,6.3387675285339355,6.34339714050293,6.338055307562541,6.3407745361328125,6.292534678534624,6.26311735718848,6.365857952207433,6.337282657623291,6.321615010877276,6.336858286529209,6.53021240234375,6.5437236,6.178525,6.1275525,6.036411,6.3801107,6.5696483,6.256691,6.585161,6.149597,5.5221047,6.3526497,6.2334404,6.535061,5.868752,6.382218,6.371224,6.27491,6.1471953,6.343791,6.248333,6.255355,6.337002977425329
6.372363747448347,6.4443769454956055,6.491001129150391,6.466252326965332,6.392273285093273,6.461338996887207,6.306895868185927,6.308004877225349,6.359488737416128,6.367088317871094,6.298354327379534,6.322121472513394,6.379574775695801,6.330318450927734,6.311709880828857,6.315022945404053,6.347649122484999,6.273583889007568,6.283709854516677,6.256503768284038,6.375633613284963,6.334810733795166,6.3774821263432155,6.412691391031614,6.245725631713867,6.6726894,6.388337,6.7703605,6.332131,6.7093863,6.713275,5.943015,6.2356706,6.118189,5.4159513,6.3375664,6.3943543,6.5906897,5.8680005,6.448332,6.3574305,6.2504897,6.099934,6.2967353,6.278764,6.311065,6.353116283368551
6.372363747448347,6.289732933044434,6.288419723510742,6.281041622161865,6.279341733567066,6.288308143615723,6.301700926891849,6.312845358310706,6.3192619318145224,6.2987165451049805,6.370073481381522,6.287308503205556,6.1646037101745605,6.275733947753906,6.307223320007324,6.305612564086914,6.306297432706857,6.296622276306152,6.266743791594444,6.238001780400744,6.324158759776955,6.2834792137146,6.293360796583068,6.278531080249231,6.423402309417725,6.3650856,6.402738,6.5205545,6.3004336,6.546212,6.4386334,6.0433903,6.469919,6.4082747,5.6169443,5.8553605,6.554057,6.698641,5.8682294,6.2559657,6.3031516,6.1703944,6.0460153,6.192929,6.171961,6.2614446,6.249871587485514
6.372363747448347,6.320021152496338,6.271942138671875,6.2729058265686035,6.137150974425908,6.366274356842041,6.288751932995472,6.326736377164638,6.317836307626644,6.267986297607422,6.148058784532852,6.288810144954311,6.127457141876221,6.312099933624268,6.316327095031738,6.310639381408691,6.279356659669586,6.322421073913574,6.281330162489072,6.269996636445989,6.298760748044365,6.253942489624023,6.272271425290379,6.270902813602765,6.268415927886963,5.848518,6.1911507,5.9028845,6.05704,5.7367573,6.457231,6.037336,6.4886165,6.289366,5.75718,6.408849,5.9484987,6.5441885,5.87862,6.374779,6.0457544,6.234105,6.5298867,6.0967045,6.147399,6.1487436,6.165680269733175
6.372363747448347,6.407979488372803,6.413726806640625,6.401309490203857,6.349638541284207,6.468398094177246,6.303531521769461,6.308679270019213,6.360091342645483,6.365171432495117,6.355970966549093,6.2995035581586185,6.411859035491943,6.325398921966553,6.307812690734863,6.310481548309326,6.333471478582869,6.286201000213623,6.283709854516677,6.2569078252876675,6.3712818348626445,6.334810733795166,6.362355571506742,6.350967897369729,6.292617321014404,6.3096724,6.025481,5.968629,5.9384804,6.0615005,6.4938354,6.1554465,6.6326194,6.59217,5.1533666,6.060887,6.5720673,6.521098,5.868752,6.3618445,6.3703804,6.2406435,6.1753087,6.316336,6.2555146,6.203702,6.330904675913865
6.372363747448347,6.28481388092041,6.392480373382568,6.334868431091309,6.273959641049757,6.278566360473633,6.303570942696018,6.300114488155322,6.335745368368928,6.31262731552124,6.306367977780596,6.309954150173622,6.418895721435547,6.316202640533447,6.314242362976074,6.31524658203125,6.3181482048280895,6.313133239746094,6.291418673796728,6.24962629965609,6.48212378189716,6.368708610534668,6.395398374600118,6.346216538765259,6.206462860107422,6.545395,6.306858,6.168392,6.2689743,6.3333106,6.58787,5.9242487,6.474638,6.306496,4.578448,5.292118,7.0638103,6.2449217,5.8682294,6.3559937,6.334358,6.23343,6.0465136,6.308294,6.2054524,6.172388,6.300976449862572
6.372363747448347,6.398068904876709,6.3446364402771,6.373440265655518,6.369883604496328,6.397310256958008,6.311934108375199,6.322677802025606,6.382471003256643,6.368132591247559,6.3512135343382905,6.250557524680593,6.0434393882751465,6.29076623916626,6.308408737182617,6.303569793701172,6.353007009660895,6.299327373504639,6.263870675370925,6.240098439902181,6.335298488803197,6.299200057983398,6.21212309927636,6.23479785621265,6.298369884490967,6.240507,6.138936,6.1823826,6.3072033,6.2781153,6.5086823,6.670505,6.358035,6.754903,6.789814,5.904901,6.0230584,6.6594462,5.864273,6.3469095,6.3740315,6.3536706,6.420537,6.3834257,6.344756,6.3452044,6.358683093088008
6.372363747448347,6.4118194580078125,6.430650234222412,6.408618450164795,6.37967051911599,6.386093616485596,6.298828320162047,6.338495989532203,6.367723246402567,6.3689284324646,6.3942681912917125,6.3858323355294475,6.276524543762207,6.33048152923584,6.330103874206543,6.331602573394775,6.3652067322780255,6.32858943939209,6.292534678534624,6.26311735718848,6.365809538789596,6.337282657623291,6.314160356569397,6.330345622660575,6.455531597137451,6.7908764,6.7597113,7.1433716,6.7627354,7.0562296,6.551909,6.2044263,6.5065384,6.2141533,6.3105536,6.556652,6.8569517,6.547583,5.8682294,6.259798,6.3687735,6.3528833,6.3312654,6.3619967,6.3787117,6.5091677,6.343038514353184
6.372363747448347,6.428408622741699,6.418708801269531,6.414775848388672,6.384415176948031,6.450555324554443,6.277916654556018,6.272945479312335,6.362630053706595,6.342068672180176,6.281746001513968,6.256928690153099,6.207569122314453,6.303847789764404,6.283192157745361,6.287537574768066,6.32284702193203,6.265443325042725,6.278833217451537,6.255036675771279,6.075445268110606,6.1548075675964355,6.211973209553904,6.252963155831227,6.212798118591309,5.836586,6.412286,5.4033737,6.480399,5.7864923,6.5511074,5.3316565,5.622155,6.1652613,5.319107,6.408841,5.864777,6.795023,5.8591437,6.4315257,6.4413457,6.2006483,6.2739754,6.369181,6.2368693,6.0894876,6.371714732111023
6.372363747448347,6.355388641357422,6.412057399749756,6.387054443359375,6.310474311637661,6.368113040924072,6.208469773728608,6.252102259548057,6.349452937791652,6.276338577270508,6.218569325016994,6.249473848085357,6.384176254272461,6.269003391265869,6.260509490966797,6.263027667999268,6.300613464449088,6.235530853271484,6.27877416963864,6.25434344821936,6.221417187249068,6.179203987121582,6.247481365619344,6.312761717945643,6.220630645751953,6.6863017,6.4583254,6.4647217,6.5168095,6.652108,6.7124934,5.7910676,6.403373,6.3741136,5.7694683,6.3833213,6.3659043,6.2305202,5.864273,6.3640075,6.403308,6.110828,6.2405014,6.248578,6.157907,6.3098965,6.312656950217581
6.372363747448347,6.366392135620117,6.377044677734375,6.366724014282227,6.452614350853935,6.3688740730285645,6.308284303496747,6.3104463538741244,6.377314413647315,6.380760669708252,6.3990777601410365,6.331048387869805,5.999553680419922,6.328645706176758,6.293596267700195,6.29983377456665,6.354675656021186,6.337178707122803,6.27159146257255,6.261947402855408,6.357758437042945,6.3104143142700195,6.262571009209961,6.197203400097112,6.245560169219971,6.014413,6.2188473,6.0400596,6.295828,5.938011,6.4603586,6.6034894,6.5652733,6.4754186,7.0256014,3.6765344,6.282283,6.643414,5.864273,6.341591,6.3527937,6.3435516,6.322809,6.39003,6.354746,6.210466,6.349835466026839
6.372363747448347,6.419256210327148,6.4073004722595215,6.414770126342773,6.379959909902556,6.420047283172607,6.312213514459927,6.314436940468173,6.3752501005015665,6.365859031677246,6.390766468633943,6.428610043126204,6.448890686035156,6.351426124572754,6.316415309906006,6.320211887359619,6.356365670935812,6.313539505004883,6.280744275699659,6.2569078252876675,6.3672274531124655,6.334810733795166,6.312433921248333,6.352893258961776,6.288506984710693,6.632169,6.4574175,6.7225757,6.3265657,6.7532616,6.4468427,6.2632356,6.4088078,6.430818,6.4270067,6.3833427,6.092639,6.6115465,5.87862,6.3767276,6.374693,6.316982,6.4042892,6.3912835,6.3653836,6.4032097,6.368816752660701
6.372363747448347,6.396413803100586,6.3662614822387695,6.386066436767578,6.317106947281815,6.403889179229736,6.3207250353221776,6.30964273033461,6.145892613425284,6.338727951049805,6.388051790732188,6.260125340609842,6.2247314453125,6.336349010467529,6.350679397583008,6.34661340713501,6.3480026533682175,6.378418922424316,6.280756443299507,6.272084035855973,6.321867281743889,6.324490070343018,6.322583324269461,6.316728521906915,6.230786323547363,6.242776,5.7564087,6.434813,5.860003,6.2123737,6.1859455,5.6774464,5.901999,5.9648275,4.5175514,6.500328,6.7481823,6.4722342,5.826299,6.1412807,6.259766,6.4221253,6.216815,6.240637,6.328135,6.095497,6.258650529748138
6.372363747448347,6.359928607940674,6.36364221572876,6.349349498748779,6.3400198850342235,6.411134243011475,6.307460732732641,6.308118441199569,6.3403446695392,6.3542914390563965,6.31629082846016,6.294628130400206,6.392242431640625,6.3068952560424805,6.299903392791748,6.298011302947998,6.320536642714827,6.27857780456543,6.283709854516677,6.2569078252876675,6.369615745255046,6.334810733795166,6.362355571506742,6.349255647203347,6.373989582061768,6.3270626,6.067791,5.928356,5.936973,6.1411943,6.414806,6.181411,6.430494,6.154835,6.0593667,6.4268227,6.3369656,6.5767694,5.868752,6.3672137,6.369658,6.2609863,6.183705,6.322762,6.2547584,6.2305346,6.3331822242545535
6.372363747448347,6.40887975692749,6.37174129486084,6.378602504730225,6.3903038939440036,6.460944652557373,6.311934108375199,6.322576450718268,6.381295466273785,6.37125825881958,6.365349848792878,6.3376112615373925,6.314380168914795,6.3246989250183105,6.33243989944458,6.330713748931885,6.339396648694401,6.3164262771606445,6.284147510054448,6.248460848404772,6.380062859477174,6.364589691162109,6.3762441828315914,6.324929814930154,6.419495105743408,6.2531986,5.9921913,6.100261,6.042549,6.2238207,6.423528,6.365811,6.4055705,6.5013337,6.4407754,6.408052,6.225893,6.6114187,5.87862,6.371324,6.374693,6.3089557,6.25849,6.3523784,6.3361077,6.2937484,6.359733707312608
6.372363747448347,6.435276985168457,6.4264984130859375,6.426492691040039,6.315175763316151,6.366045951843262,6.311934108375199,6.314942444425729,6.343544513296006,6.344656944274902,6.37587781983051,6.441088778851885,6.168682098388672,6.3246846199035645,6.32779598236084,6.332942962646484,6.343346881651436,6.31980037689209,6.26087665288927,6.242125351812072,6.322776620541567,6.276427745819092,6.14384992109714,6.294896043241726,6.392954349517822,6.440254,6.835284,6.814562,6.71473,6.432002,6.6060853,5.4024982,6.011364,5.405737,5.281391,6.218257,6.506344,6.610975,5.9101405,6.4212728,6.3456187,6.297619,6.3086867,6.3497486,6.249573,6.258107,6.337451542944534
6.372363747448347,6.467890739440918,6.477727890014648,6.4718170166015625,6.421069640177798,6.48613166809082,6.327922817014283,6.327399707814028,6.372665657568278,6.3606977462768555,6.373288099716787,6.457557990698758,6.596652984619141,6.374502182006836,6.322483539581299,6.32817268371582,6.367741056412227,6.300063610076904,6.285056386915387,6.256503768284038,6.378403116510746,6.334810733795166,6.3660009722229445,6.484245258607933,6.17205810546875,6.4466505,6.420487,6.6313834,6.4340086,6.43737,6.4823656,6.437318,6.5780225,6.597212,6.3905053,6.499148,6.4378977,6.5366607,5.8283257,6.4789066,6.3856,6.347727,6.446758,6.3674107,6.380863,6.4282312,6.404901300403392
6.372363747448347,6.595583438873291,6.572657585144043,6.5640411376953125,6.427494766046778,6.617832660675049,6.411080146078921,6.3425715861489875,6.3647383062960765,6.3977437019348145,6.4041358209766415,6.447532047039896,6.5195512771606445,6.458782196044922,6.3960041999816895,6.409632682800293,6.394918097612006,6.3957133293151855,6.277812796217005,6.31477995295653,6.381076842557661,6.349423408508301,6.289717194636521,6.496474890897918,6.435988903045654,6.715972,6.5449486,6.998003,6.465079,6.848087,6.550209,6.5555305,6.4776764,6.5214934,6.1770453,6.5003366,6.3567553,6.56988,5.8283257,6.4609547,6.386374,6.4009333,6.4007673,6.380964,6.373233,6.475628,6.402695205309067
6.372363747448347,6.3649678230285645,6.373178005218506,6.375077724456787,6.386851664763927,6.380004405975342,6.312213514459927,6.312086682565506,6.378138806505391,6.374421119689941,6.329016147377053,6.335191087693935,6.391542434692383,6.319822788238525,6.312648773193359,6.312097072601318,6.345095421090444,6.291780471801758,6.283709854516677,6.2569078252876675,6.371805533276736,6.334810733795166,6.362355571506742,6.369487168328365,6.330417633056641,6.340291,6.0651655,6.4813814,6.0983315,6.4509335,6.2276206,6.267357,6.1565466,6.297536,6.327927,6.408841,6.1659184,6.6098123,5.87862,6.3942432,6.374693,6.305235,6.325759,6.3681774,6.351879,6.2948136,6.369020045610304
6.372363747448347,6.360876560211182,6.330597877502441,6.330663681030273,6.377169433495145,6.365504264831543,6.3122633657704155,6.314728434446958,6.369399061704224,6.354682922363281,6.32133100286723,6.285334370305745,5.903962135314941,6.333287715911865,6.329419136047363,6.3280768394470215,6.347592538829581,6.319715976715088,6.282564976105054,6.273381057348393,6.494195278325391,6.296013355255127,6.25770396583944,6.28166094386982,6.298671245574951,6.330788,5.97151,6.897584,5.897012,6.58982,5.9827933,6.0460544,6.4307284,5.7050757,6.5279903,6.1601663,5.7999754,6.546052,5.87862,6.3196177,6.372413,6.247994,6.38082,6.3367047,6.3294206,6.2375574,6.339940344982303
6.372363747448347,6.265248775482178,6.278055191040039,6.256832122802734,6.370681806042385,6.235141277313232,6.298828320162047,6.313052306925693,6.374901387713184,6.359557628631592,6.383346452776178,6.334182305095103,6.003823757171631,6.295624256134033,6.309858322143555,6.307498455047607,6.330953827640211,6.312953948974609,6.291516066323023,6.261952690578294,6.300857765672523,6.289199352264404,6.25137212056712,6.283619846234951,6.400583744049072,6.323736,6.327059,6.6552663,6.3011627,6.552455,6.141474,6.006593,6.410069,5.7820883,6.6659594,5.5135026,5.696546,6.4960265,5.87862,6.2935276,6.370922,6.3340354,6.3465314,6.3597546,6.3655176,6.2410426,6.347772992213074
6.372363747448347,6.50812292098999,6.493982315063477,6.496035575866699,6.433388641836447,6.548977375030518,6.311791003963143,6.305645954167487,6.372331222915127,6.377026081085205,6.3341483284779025,6.465949069619698,6.274881362915039,6.358443737030029,6.329585552215576,6.335229873657227,6.345789972217427,6.314868927001953,6.268786513767991,6.246156622063211,6.348959397694029,6.312358379364014,6.348445492764828,6.361813510346368,6.338221073150635,6.5569286,6.5101748,6.5765657,6.5116577,6.4847956,6.7027044,5.7007484,5.540489,5.6296654,5.9100075,6.4022264,5.644886,6.775469,5.87862,6.533744,6.3565536,6.2844815,6.320797,6.3514357,6.3402653,6.2506104,6.391409530783901
6.372363747448347,6.445318222045898,6.342468738555908,6.3570637702941895,6.3259750928413565,6.466369152069092,6.301250023675992,6.310602292945296,6.342435776710471,6.32918643951416,6.3226109371083075,6.322317350668355,6.407516956329346,6.333987236022949,6.314358711242676,6.312607765197754,6.325406952632092,6.329769134521484,6.280744275699659,6.2569078252876675,6.367639870966773,6.334810733795166,6.290707482261885,6.37296784275124,6.204957485198975,6.255959,6.4358053,6.189752,6.3995056,6.148673,6.3303275,6.0817833,6.3275313,6.0694537,5.3552227,5.984264,5.6326923,6.812996,5.9112887,6.3292856,6.2452183,6.33919,6.2812495,6.3152595,6.34047,6.1892962,6.296089755991088
6.372363747448347,6.4625020027160645,6.419196605682373,6.423264026641846,6.393405916428855,6.456981658935547,6.327557535843717,6.315787174035972,6.368863114784089,6.365910530090332,6.420518968487865,6.324306055616457,6.409317970275879,6.3972883224487305,6.375535488128662,6.377729415893555,6.375366144108087,6.376134872436523,6.284179302247634,6.280063402300565,6.3793839779677715,6.349423408508301,6.362838941906024,6.428603090451163,6.2606964111328125,6.4950786,6.417812,6.7315974,6.352607,6.6036806,6.3559456,6.537099,6.228547,6.3049603,5.82789,6.5003366,6.325503,6.6978006,5.8264933,6.3551807,6.3493915,6.2218094,6.273743,6.3363957,6.3743753,6.3558125,6.347883625293443
6.372363747448347,6.431788444519043,6.38770055770874,6.3982720375061035,6.4106429613431795,6.485002040863037,6.311934108375199,6.322359075045735,6.379010636676704,6.402705669403076,6.359631582346458,6.388478829438078,6.216205596923828,6.326852798461914,6.320782661437988,6.323879241943359,6.342709241399851,6.30944299697876,6.271170851935478,6.249696483510749,6.355086310844405,6.324924945831299,6.231362802248861,6.288470107412504,6.4132819175720215,6.4901524,6.092469,6.794339,6.0906076,6.70405,6.16461,6.1034045,6.3061247,6.1524334,6.4336386,6.408849,6.1151657,6.584321,5.87862,6.3551335,6.3846507,6.290207,6.2690783,6.365302,6.361707,6.317243,6.3649954344371835
6.372363747448347,6.386020183563232,6.347187042236328,6.345530986785889,6.352392706680937,6.383640289306641,6.298828320162047,6.31410862030179,6.380358443607143,6.378512382507324,6.359710649401085,6.3797864619107765,6.479715824127197,6.362220287322998,6.33547306060791,6.340300559997559,6.342241269449844,6.344521522521973,6.292534678534624,6.26311735718848,6.365857952207433,6.337282657623291,6.320319142657506,6.32177625475471,6.467809677124023,6.3735776,6.3807817,6.6461835,6.341632,6.5026884,6.250776,6.5841208,6.2833123,6.484686,5.7454324,6.5003366,6.2134466,6.7133403,5.8283257,6.382888,6.338046,6.2470703,6.419849,6.343639,6.3467836,6.346346,6.344849442246576
6.372363747448347,6.258311748504639,6.2787556648254395,6.268583297729492,6.326529158407229,6.268983364105225,6.302621406774169,6.290701104320377,6.315950821442268,6.344374656677246,6.276840608264781,6.2958866257144255,6.01466178894043,6.25964879989624,6.274766445159912,6.268939971923828,6.291789582671026,6.269443035125732,6.291516066323023,6.261952690578294,6.290820008682148,6.273766040802002,6.283385330140676,6.207181931571525,6.40409517288208,6.187379,6.219794,5.9607267,6.177416,6.001254,6.2324724,6.1558537,6.603279,6.4043617,5.444056,3.77314,6.3251777,6.0455384,5.868752,6.390403,6.345112,6.1316524,6.0183296,6.270324,6.211452,6.0383234,6.30843967109695
6.372363747448347,6.66963529586792,6.611955642700195,6.6174726486206055,6.452745851282567,6.687947750091553,6.304673452895202,6.3702181675310685,6.372950417530923,6.5775532722473145,6.145547898255899,6.540563706984384,6.468347549438477,6.439566135406494,6.331724166870117,6.352989673614502,6.399269221790109,6.3069376945495605,6.230435539029455,6.367028359619053,6.442089273106633,6.226386070251465,6.3820934502154385,6.538544558324562,6.314619541168213,6.483529,6.3149085,6.6388617,6.2478027,6.5353975,6.2420616,6.431193,5.98721,6.150487,5.0627112,6.230581,6.408559,6.736219,5.8264933,6.4781594,6.3774977,6.502046,6.557912,6.4273653,6.4374676,6.3038235,6.426016056533955
6.372363747448347,6.235808372497559,6.1799774169921875,6.217997074127197,6.313745581566266,6.188492298126221,6.314024279042311,6.326582973205203,6.316675121252558,6.542146682739258,6.375599166245178,6.277913776607261,6.413434982299805,6.328117847442627,6.315006732940674,6.30699348449707,6.333501871157051,6.3362531661987305,6.296047543782435,6.293881012596601,6.544350699511646,6.5868425369262695,6.496766509552456,6.318369836765416,6.29052734375,5.8267126,5.8316717,5.9845138,6.0879374,5.8617353,6.0592465,5.510877,6.2802052,5.667179,5.6646414,5.6674895,6.121686,6.5533233,6.0597186,6.1748867,6.3749914,6.387387,6.3599663,6.3553996,6.3717375,6.0600653,6.325422039072348
6.372363747448347,5.974265098571777,6.148977279663086,6.089842796325684,6.22158962614857,5.993877410888672,6.176037878382854,6.227914289062043,5.910878532049895,5.823422908782959,6.231570242999569,6.264438643042556,5.644514083862305,6.158264636993408,6.1955766677856445,6.181517124176025,6.194054934307956,6.297665119171143,6.197505725456984,6.242343991838599,6.168549475798888,6.2023749351501465,6.213081504859334,6.162130189928982,6.03214168548584,6.5257025,5.773082,6.799584,5.8838234,6.7935762,6.302305,5.952247,5.447858,5.855567,6.2831707,4.9895515,5.784058,6.177729,5.807502,6.195265,6.156422,5.8025956,5.8324056,5.9553905,6.0318794,6.0174856,6.110410155765126
6.372363747448347,6.517883777618408,6.48572301864624,6.4882121086120605,6.418210819601473,6.569950103759766,6.2962718642561715,6.313486241255887,6.322285448689334,6.356642246246338,6.374890336393821,6.296994965997452,6.421494960784912,6.3859782218933105,6.365536689758301,6.368069171905518,6.36243323114913,6.350153923034668,6.284179302247634,6.272647168875469,6.3793839779677715,6.349423408508301,6.362838941906024,6.4203852268943145,6.360286235809326,6.2683973,6.6589203,6.163526,6.8084264,6.185087,6.1036787,6.3099833,5.9453673,6.011946,4.606296,6.5003376,6.819441,6.115097,5.8283257,6.4352627,6.3777347,6.238487,6.2923255,6.3422427,6.362472,6.218668,6.378376593092783
6.372363747448347,6.527303218841553,6.465112686157227,6.4631571769714355,6.47444317587288,6.587445259094238,6.284395130002657,6.260590595417838,6.272675123133742,6.367177486419678,6.316901793449343,6.421481715056419,6.172159671783447,6.381179332733154,6.311703205108643,6.3303680419921875,6.313772483979591,6.275207996368408,6.281049787628263,6.271350147383048,6.169179596288355,5.995098114013672,6.115658221623053,6.325146325442483,6.351779937744141,6.5234118,6.592101,7.158551,6.557598,6.8877993,6.2772465,5.900082,7.078605,5.6245804,5.495824,2.7464564,5.5332136,6.53062,5.8789253,6.305896,6.381163,6.309499,6.3387423,6.305164,6.3413706,6.138343,6.347646498082351
6.372363747448347,6.328609943389893,6.358050346374512,6.333038330078125,6.37821320524259,6.285286903381348,6.271229198012652,6.326523509066505,6.35044638293131,6.278819561004639,6.416386330307135,6.313172420916916,5.825192928314209,6.2746686935424805,6.311468124389648,6.305660724639893,6.340099165327005,6.308297634124756,6.280014030128269,6.263545221929836,6.346790415569169,6.301097869873047,6.303037450953394,6.2424021690700515,6.204646587371826,6.5309944,6.712414,7.0554643,6.7984095,6.859784,6.1858883,6.1963515,6.4103756,5.9939423,6.899823,5.9242268,5.8292217,6.2850103,5.87862,6.229139,6.3777966,6.4122496,6.410415,6.335951,6.456292,6.3891187,6.362587149821943
6.372363747448347,6.003341197967529,6.079334259033203,6.060027599334717,6.122365154541148,5.981184959411621,6.286670035857792,6.266162386363264,6.17027944296145,6.272950172424316,5.715284825205583,6.310660271982092,6.118958473205566,6.1670002937316895,6.203707218170166,6.170785903930664,6.199802271987279,6.1508331298828125,6.2379310312765055,6.247706389784033,6.072320041956318,6.150509357452393,6.078648625642505,6.190527966880621,6.1207427978515625,6.0283713,5.9020348,6.377207,5.8995104,6.2935324,6.140506,4.7861934,5.3492823,5.32813,5.49579,6.3767858,5.4946585,6.2333508,5.81034,6.1180043,5.939942,6.1055784,5.8009295,5.9231205,6.205111,5.8804183,6.0608549265400615
6.372363747448347,6.67732048034668,6.623656272888184,6.621823310852051,6.462158108914616,6.711612224578857,6.304726743990063,6.3206006882305275,6.293553640776614,6.360857009887695,6.231478180721095,6.476583953858123,6.473684310913086,6.433584213256836,6.344853401184082,6.3653883934021,6.381298279240937,6.342147350311279,6.258074676446771,6.324602892235155,6.374059873307327,6.202049732208252,6.239052289280151,6.5115631063306445,6.314338207244873,6.432398,6.190164,6.4647274,6.120375,6.20989,6.5757427,6.4091315,6.1382537,6.357505,4.9131446,6.24389,6.5058293,7.048207,5.8264933,6.443653,6.3841567,6.44807,6.3596087,6.3755674,6.367578,6.290719,6.399399536478553
6.372363747448347,5.849493980407715,5.945446014404297,5.897014617919922,6.097645090574235,5.84229040145874,6.198365766456461,6.234016637479044,6.149991972423284,6.288870334625244,6.4119704712446435,6.153702401336823,6.3531036376953125,6.281811237335205,6.26767110824585,6.253669738769531,6.2425457481338915,6.334285736083984,6.272138859192469,6.2780656558110595,6.208685095384302,6.141847610473633,6.219892924758996,6.196488179795013,6.217352867126465,5.546114,5.580613,5.6833115,5.6296263,5.73166,5.8831105,5.144689,5.608165,5.3405933,5.602132,4.9505477,5.1710196,6.115623,5.81034,6.141163,5.8980126,5.9275804,5.7275453,5.789666,6.03871,5.6660113,5.994915415483552
6.372363747448347,6.446694850921631,6.452136516571045,6.431858539581299,6.451480510699321,6.513095855712891,6.32503022956105,6.317881065244982,6.333382461817162,6.34803581237793,6.376903163521532,6.246804123441475,6.347469806671143,6.337673187255859,6.3366522789001465,6.331051826477051,6.352322900071524,6.316981792449951,6.284147510054448,6.248253601150174,6.380062859477174,6.369018077850342,6.381790664207928,6.343697529948083,6.467509746551514,5.737939,5.8806148,5.730711,6.0854974,5.4980803,6.016347,6.1648974,6.0015306,6.1651716,5.1651034,6.2365437,6.272994,6.605409,5.8264933,6.5236454,6.3986535,6.4282684,6.3140907,6.392231,6.38854,6.0916376,6.4292948782346455
6.372363747448347,5.949272632598877,5.980813503265381,5.9647064208984375,6.132942054282347,5.952132225036621,6.310043722394154,6.297567188461417,6.322436069356332,6.282347679138184,6.311522377645926,6.201396626399442,6.13188362121582,6.326323986053467,6.378532886505127,6.35573673248291,6.325400072021541,6.4086689949035645,6.280427429028804,6.2678727161761545,6.287218574223662,6.160223007202148,6.191236026214424,6.238285818179891,6.330911636352539,5.8212314,5.6817913,6.0252542,5.6989384,5.971195,6.012572,5.435905,5.7757645,5.645616,6.1909833,6.3830395,5.6459136,6.420736,5.8094826,6.147468,5.968577,6.0665884,5.8079586,5.913465,6.1477656,5.9285126,6.063827348628758
6.372363747448347,6.372334003448486,6.367739200592041,6.351574420928955,6.409734383236935,6.373991012573242,6.308673492227889,6.312352068416775,6.360963318562864,6.331185817718506,6.341833652867225,6.372881961192699,6.152252674102783,6.344457149505615,6.32401704788208,6.3304338455200195,6.342985375051648,6.310616970062256,6.284179302247634,6.273381057348393,6.35721538464123,6.315766334533691,6.337785579101037,6.319744792127857,6.3281474113464355,6.582494,6.459013,6.5154586,6.432394,6.5741158,6.5879464,5.658274,6.212996,5.965978,6.1248055,6.3814363,5.6933317,6.5221877,5.8094826,6.2524276,6.297125,6.3684707,6.034111,6.0618744,6.3361015,6.243501,6.300651591887203
6.372363747448347,5.954687118530273,6.02922248840332,5.986111164093018,6.077683541179827,5.939871788024902,6.296361480584546,6.301448181060852,6.394997193625699,6.373795986175537,6.363781304742213,6.316861316584474,6.221859931945801,6.28445291519165,6.300412654876709,6.304120063781738,6.331590654638214,6.3371686935424805,6.292534678534624,6.2617550542437295,6.2820568223609445,6.300922870635986,6.302601790239758,6.259839725337768,6.296890735626221,6.069625,5.658226,6.4220257,5.72574,6.305278,6.064546,5.393762,5.9335947,5.5147805,6.286678,6.4055786,5.486822,6.494809,5.8094826,6.210723,5.9599743,6.114514,5.897192,5.921212,6.1712546,5.9922915,6.084933232129513
6.372363747448347,6.358182430267334,6.328087329864502,6.333231449127197,6.2764627409541704,6.383234977722168,6.301752333270157,6.30842009067614,6.353551861976724,6.364171981811523,6.249445901871085,6.359431664635877,6.3507561683654785,6.29496955871582,6.272629737854004,6.275643348693848,6.307662995168422,6.274208068847656,6.284147510054448,6.24707525992646,6.3764742619493076,6.334321022033691,6.352539176811508,6.317682099518752,6.354714870452881,6.8087416,6.336488,6.8708997,6.2730684,6.90697,6.689548,5.4029837,5.49146,5.341174,5.7207985,6.408031,5.266689,6.604458,5.850172,6.302442,6.188947,6.072274,6.096656,6.210646,6.24144,6.154195,6.22167903613934
6.372363747448347,6.205295562744141,6.1846418380737305,6.177104949951172,6.203952355363996,6.2281694412231445,6.287812198365018,6.300914822171882,6.324263778398221,6.301222801208496,6.0995935581362435,6.344881004713529,6.485282897949219,6.276991844177246,6.27232551574707,6.258123397827148,6.271989045619912,6.259628772735596,6.282174472561089,6.255018672977448,6.345617118270354,6.343209266662598,6.338033297669025,6.2771570436488275,6.161940097808838,6.1099243,6.015566,5.744982,5.998061,5.940132,6.42796,5.221497,5.3558683,5.388804,5.649178,6.407753,4.9738374,6.497603,5.850172,6.2002892,6.151523,6.016421,6.031427,6.206846,6.237569,5.921271,6.175103879861185
6.372363747448347,5.959501266479492,6.061316013336182,6.013150215148926,6.225654890416093,6.0173563957214355,6.277409755318397,6.310798537624755,6.3305783572838275,6.357530117034912,6.391556156593214,6.301683302970736,6.183335304260254,6.367246627807617,6.379919052124023,6.374626159667969,6.337268946236397,6.428130149841309,6.270290582337091,6.236478758922246,6.356849706383055,6.253150463104248,6.296893676097727,6.25620248140481,6.385143756866455,5.645449,5.7156067,5.9593472,5.700323,5.812916,5.7413054,5.437,5.5296364,5.6192994,6.1231976,3.6230893,5.591204,6.5062127,5.8094826,6.2686653,5.925694,6.0459356,5.7920165,5.8974485,6.1760993,5.745996,6.0806844661250175
6.372363747448347,5.785197734832764,5.872702598571777,5.847095966339111,5.988290970269318,5.743464469909668,6.058372807035578,6.062070580690644,5.81751645897639,5.86020565032959,5.523294766583671,5.813891229451816,5.795817852020264,5.902210235595703,6.005138397216797,5.9850754737854,5.961593186771481,6.101682662963867,6.284456449494036,6.062032586088442,6.196119014716096,6.119882583618164,5.9654706123974295,5.956717811595419,5.78101921081543,5.927515,6.2790203,6.252662,6.148245,6.1686735,5.9582505,4.834031,4.9396267,5.2878175,5.2885914,3.6210263,5.1630917,6.2584057,5.8094826,5.9965386,5.912215,5.7585015,5.8801055,5.7829814,5.948812,5.6607795,5.931182672235628
6.372363747448347,5.968997955322266,6.120946407318115,6.060429096221924,6.259951662472469,5.931600570678711,6.306591469834683,6.31155445182455,6.376399129652388,6.3353590965271,6.489416001288826,6.3484807980071825,6.095648288726807,6.371105670928955,6.362551212310791,6.355586528778076,6.360377914238077,6.425472736358643,6.299541684165055,6.284554237502368,6.334167029617098,6.339918613433838,6.355206352110535,6.304350488567554,6.417884349822998,5.885111,6.2237444,6.3101597,6.128227,6.11201,5.949612,5.261958,5.5034723,5.6871824,5.6605635,3.6226065,5.672868,6.4960904,5.8094826,6.283691,6.0210905,6.0537014,5.8736024,5.8882494,6.1767874,5.831011,6.126710309329762
6.372363747448347,6.076369762420654,6.176304817199707,6.139232635498047,6.222113213067134,6.0249762535095215,6.302730979979768,6.329124039134378,6.309208164681257,6.346334457397461,6.379737267645373,6.281170781804968,5.856032848358154,6.236327171325684,6.2864766120910645,6.280501842498779,6.32399418555871,6.295644760131836,6.285913102608451,6.263545221929836,6.294226076041532,6.289199352264404,6.292500026566642,6.233889811482363,6.26925802230835,6.176195,6.1159973,6.3669453,6.064703,6.3535185,6.058273,5.1663847,5.69324,5.1568666,5.5687675,3.2428298,6.151944,6.5154076,5.843347,6.2897124,6.149886,6.0069585,6.1634426,6.2103443,6.301956,5.879836,6.211680651610289
6.372363747448347,5.95580530166626,6.045741081237793,6.007417678833008,6.177068415468003,6.019636631011963,6.288441827961095,6.3090626866004555,6.316950838213312,6.458049297332764,6.335423373391461,6.146080099413555,6.195539951324463,6.3169732093811035,6.327810287475586,6.317960262298584,6.310845426606232,6.360620975494385,6.251293796549021,6.237909154518325,6.174944823500671,6.139612674713135,6.273299138839654,6.2220496338410705,6.38229513168335,5.336281,5.7734995,5.3373685,5.840728,5.281358,5.7868304,5.1002393,5.164384,5.384586,5.748756,3.6228282,5.1006365,6.4182234,5.8094826,6.27659,5.9509134,6.121303,5.8678756,5.8730044,6.076908,5.59359,6.074697546256334
6.372363747448347,5.864103317260742,5.9528045654296875,5.9252119064331055,6.040308872511177,5.860873699188232,6.267401673105084,6.288336128052961,6.4373293424414655,6.402384281158447,6.448635850440894,6.237759359174588,5.90439510345459,6.247554779052734,6.292850971221924,6.29826545715332,6.296138232453567,6.32814884185791,6.272566270948788,6.262842004839991,6.371253903410069,6.271152496337891,6.292500026566642,6.22000350406498,6.344760417938232,5.4772725,5.943638,5.4655256,6.0171275,5.487208,5.942311,4.9759736,5.013133,5.375233,5.666727,3.6235552,5.085525,6.395985,5.8094826,6.3470216,5.925711,6.1095095,6.0269475,5.838402,6.0503654,5.628833,6.073849726954318
3.3723637474483468,3.394191265106201,3.4153387546539307,3.457331418991089,3.443780514894831,3.3447444438934326,3.372363747448345,3.372363747448348,3.3733969665079675,3.3860816955566406,3.36724066038865,3.482538056487218,3.421583652496338,3.3840293884277344,3.3541650772094727,3.360595941543579,3.3595715492973843,3.3648815155029297,3.372363747448347,3.3723637474483485,3.401691114909045,3.491077184677124,3.4925020255687778,3.705051355869936,3.557917356491089,3.450725,3.5766315,3.2784996,3.695414,3.2543833,3.3813567,3.867032,4.345266,4.732752,3.428972,1.9778242,3.344245,3.7752926,4.33573,3.7237215,3.6451774,3.7580352,3.6214013,3.77102,3.637381,3.630043,3.67077567501477
3.3723637474483468,3.3479340076446533,3.3845772743225098,3.407383680343628,3.5460836781897775,3.3242013454437256,3.372363747448345,3.372363747448348,3.372499858485969,3.3731589317321777,3.3944607942197775,3.3552104017324127,3.1625142097473145,3.3292899131774902,3.346982479095459,3.348247766494751,3.3377456770355547,3.3352224826812744,3.372363747448347,3.3723637474483485,3.400737213599926,3.491077184677124,3.500621434123573,3.4734309000991006,3.5221478939056396,3.8808374,3.0907683,3.8700178,3.151567,3.8065474,3.568966,3.568425,4.2761207,4.376511,3.8553379,3.000259,3.2666187,3.8532968,4.33573,3.6769483,3.5573313,3.7980802,3.550144,3.7998538,3.7498698,3.7016613,3.6512858744898775
3.3723637474483468,3.4179670810699463,3.4784586429595947,3.4779815673828125,3.4748465063976988,3.3159844875335693,3.372363747448345,3.372363747448348,3.374371165856952,3.3686044216156006,3.395441342025864,3.566775848108225,3.207063674926758,3.3533828258514404,3.362715721130371,3.3835954666137695,3.362739238923645,3.274948835372925,3.372363747448349,3.3723637474483485,3.404465852654131,3.5015065670013428,3.5057942023650903,3.5802183818825295,3.580019950866699,4.1655817,3.2745688,3.996766,3.3162374,4.0409136,3.6663904,3.5933712,4.5483775,4.410422,4.206548,1.9707537,3.499131,3.714739,4.52026,3.7089796,3.5421848,3.9787903,3.6778443,3.7745883,3.698441,3.7652442,3.65287331145167
3.3723637474483468,3.5095083713531494,3.546121597290039,3.553410053253174,3.5437800759059472,3.4231653213500977,3.372363747448344,3.372363747448348,3.371565273191062,3.3725380897521973,3.4220614165683347,3.4846508317534,3.3169732093811035,3.3983185291290283,3.4086880683898926,3.4358112812042236,3.3873722056160247,3.237290620803833,3.372363747448347,3.3723637474483485,3.402305276524836,3.4912261962890625,3.498917590084676,3.5373976521376456,3.2424893379211426,3.928619,3.3656993,4.0166764,3.4885006,3.9729905,3.5465136,3.8662374,4.5248284,4.540079,3.501382,2.3845594,3.8631399,3.559773,4.33573,3.7869687,3.6177192,3.7965028,3.8547742,3.7661698,3.717619,3.771724,3.6968920343820946
3.3723637474483468,3.578723430633545,3.587383508682251,3.6133370399475098,3.4908326986218645,3.3826146125793457,3.372363747448345,3.372363747448348,3.371062563225521,3.332334518432617,3.352452768597056,3.4563981799235726,3.006324291229248,3.3714089393615723,3.39785099029541,3.4113802909851074,3.379943245194284,3.419161081314087,3.372363747448349,3.3723637474483485,3.4327411279739994,3.490922689437866,3.478044991913862,3.5636861693886854,3.364882230758667,4.3947425,3.8644106,4.984943,3.6906466,4.7196016,3.8261626,3.4821317,4.113804,4.4533634,2.695419,3.1122823,2.47279,3.79135,5.2349014,3.7562163,3.663385,3.9480786,4.0028105,3.8642664,3.8698814,3.8970592,3.757234774469066
3.3723637474483468,3.411334753036499,3.42124080657959,3.4440934658050537,3.393960352772747,3.3403825759887695,3.372363747448346,3.372363747448348,3.3719475155973644,3.3655753135681152,3.4058127444757873,3.3387243084340743,3.633876323699951,3.3386874198913574,3.3621487617492676,3.3752171993255615,3.3508537341345637,3.289368152618408,3.372363747448348,3.3723637474483485,3.400454147230304,3.4949636459350586,3.484229532720593,3.4822488086528764,3.2516672611236572,3.4934669,3.6495404,3.2625048,3.7674036,3.207005,3.3195653,3.6230822,4.021595,4.358239,3.4622343,2.0042157,3.318414,3.9467547,5.384837,3.6957605,3.509483,4.070052,3.9057155,4.1891875,4.01035,3.7099705,3.718236096217087
3.3723637474483468,4.056517601013184,4.044255256652832,4.067805767059326,3.8020047914680224,3.893394708633423,4.244056922933624,3.7802459152349552,4.544361690526343,4.54951286315918,4.018625498605439,3.5765111093923596,3.6154723167419434,4.10407829284668,4.097639083862305,4.109670639038086,4.0041728417733635,4.246983528137207,4.074172307325158,4.0686280346426535,3.9676278548958885,3.5824689865112305,4.325657200974644,3.8648911605497918,3.8339154720306396,4.470029,3.915454,4.7822666,4.042156,4.4058414,4.1537075,3.857472,4.437437,4.6012397,3.7675016,5.73425,3.4130177,4.898711,5.384837,4.1850305,3.558805,4.250791,4.2852044,4.3048267,4.16238,4.3305483,3.911223092798055
3.3723637474483468,3.1723382472991943,3.164895534515381,3.191709518432617,3.1868114073846767,2.997976303100586,3.372363747448344,3.372363747448348,3.3723890760122153,3.3691599369049072,3.420700794247906,3.362527229028563,3.1755847930908203,3.3580615520477295,3.476315975189209,3.4757020473480225,3.3503627381828593,3.4166388511657715,3.372363747448347,3.3723637474483485,3.399303544901538,3.4704103469848633,3.4746784939619033,3.382440648700525,2.9971041679382324,4.042774,3.762217,4.401654,3.600325,4.0994735,3.373818,3.5619,4.0989923,4.159846,3.5167608,3.1353154,3.313067,3.281426,4.1756425,3.359055,3.3723638,3.342711,3.3451653,3.464045,3.3508003,3.6378675,3.361671953347628
3.3723637474483468,3.064544677734375,3.0564932823181152,3.090043783187866,3.3061627189272795,3.072425603866577,3.372363747448345,3.372363747448348,3.3724356924030494,3.3725361824035645,3.417665612862144,3.4214911814952598,3.3625221252441406,3.332122564315796,3.369842290878296,3.378390073776245,3.332168933790899,3.3817219734191895,3.372363747448347,3.3723637474483485,3.401691114909045,3.491077184677124,3.493631300442852,3.4774340675613415,3.4055538177490234,3.8473067,3.3186564,3.8242946,3.2488444,3.8399057,3.3254373,3.3234074,3.966488,4.0888915,3.4381022,3.135593,3.253048,3.3043911,4.1756425,3.2902133,3.3723638,3.3258605,3.2872806,3.3745186,3.353496,3.5046868,3.3440530984362695
3.3723637474483468,3.140669822692871,3.1039750576019287,3.145263671875,3.2371851435488073,3.092480421066284,3.372363747448345,3.372363747448348,3.372331649192452,3.372279405593872,3.417665612862144,3.4680039196414136,3.3765101432800293,3.353431463241577,3.3770267963409424,3.3848183155059814,3.3416017773068964,3.3961946964263916,3.372363747448347,3.3723637474483485,3.4039899107004024,3.491077184677124,3.493631300442852,3.450693716884071,3.384182929992676,3.5963354,3.131653,3.923664,2.9224944,3.5831976,3.1266732,3.7114213,4.0475206,3.7680964,3.5894544,4.5571856,3.0231442,3.2716131,4.216054,3.3169124,3.383737,3.3282645,3.3672733,3.4276593,3.3544452,3.5323403,3.356038264683125
3.3723637474483468,3.098942995071411,3.1005263328552246,3.1395928859710693,3.282243998126795,3.0847489833831787,3.372363747448345,3.372363747448348,3.3719534234319006,3.373063325881958,3.3797591687709363,3.4585525286675467,3.2983598709106445,3.3279786109924316,3.3626551628112793,3.367769241333008,3.3203967777374737,3.3705742359161377,3.372363747448347,3.3723637474483485,3.401691114909045,3.491077184677124,3.493631300442852,3.4682258144632714,3.418440341949463,3.8622503,3.791938,3.8795707,3.731177,3.6795814,3.3957942,3.8178406,4.0825615,4.515818,3.9479468,3.1353335,3.3911924,3.3147957,4.1756425,3.2805634,3.3723638,3.3482535,3.3713014,3.3745186,3.3703024,3.6419377,3.347366857456435
3.3723637474483468,3.062575101852417,3.0003418922424316,3.041419506072998,3.1524900313612223,2.899379014968872,3.372363747448344,3.372363747448348,3.371799842370306,3.371530055999756,3.401499914650491,3.4025234595254017,3.3350582122802734,3.411149501800537,3.541612148284912,3.516029119491577,3.390338020999134,3.5340030193328857,3.3723637474483463,3.3723637474483485,3.401038397523415,3.4704103469848633,3.4508322168643675,3.4295223157408765,3.1267857551574707,3.6972122,3.3605204,3.853259,3.2269912,3.766359,3.2435417,3.3730242,3.88124,3.749271,3.660689,3.1383278,3.1447933,3.246499,4.1756425,3.161511,3.3723638,3.325891,3.3506408,3.3839536,3.3681629,3.4739947,3.315712779320587
3.3723637474483468,3.2730627059936523,3.112086534500122,3.1317150592803955,3.3088771389072824,3.260730743408203,3.372363747448345,3.372363747448348,3.372361441679159,3.3693578243255615,3.3893212740571976,3.370813817931448,3.4716715812683105,3.4471418857574463,3.4566149711608887,3.462336301803589,3.370844712025242,3.442621946334839,3.372363747448348,3.3723637474483485,3.390628213384965,3.4949636459350586,3.5295706253503596,3.460853083831007,3.410536050796509,3.3239832,3.501315,3.3095944,3.61979,3.302031,3.3404071,3.6316466,3.7206292,3.4420075,2.92602,4.1342235,3.4271934,3.0035186,3.3723638,3.287845,3.3723638,3.3023007,3.2525954,3.3918097,3.3037074,3.3982673,3.329594260863404
3.3723637474483468,3.4791626930236816,3.368213176727295,3.4127707481384277,3.4054424044493983,3.371690273284912,3.372363747448344,3.372363747448348,3.3716461100149977,3.3732292652130127,3.408478376171973,3.2865315067907974,3.6439266204833984,3.382603168487549,3.4152328968048096,3.4339165687561035,3.354517276359689,3.347877264022827,3.372363747448347,3.3723637474483485,3.404040129146713,3.4912261962890625,3.4815697630155116,3.4627213512084603,3.1570544242858887,2.8623624,3.1614137,2.7708097,3.2513378,2.7332532,3.237917,3.3157275,3.7925594,3.6010435,3.313715,3.3254228,3.782474,3.4405699,3.3723638,3.6430585,3.550524,3.8196366,3.8095038,3.7869034,3.5604699,3.4065533,3.5950423834788157
3.3723637474483468,3.2149741649627686,3.146825075149536,3.1790027618408203,3.0660718006982766,2.946822166442871,3.372363747448346,3.372363747448348,3.372726265117515,3.371032953262329,3.3865565680033725,3.4919811420643563,3.408125400543213,3.441624879837036,3.4449870586395264,3.4462780952453613,3.41418906365252,3.615175724029541,3.372363747448348,3.3723637474483485,3.400454147230304,3.4949636459350586,3.462608061314233,3.4850477713432952,3.2316408157348633,2.039595,2.6500254,1.4013289,2.8753772,1.3951154,2.9154568,3.5125988,3.9683921,3.8043084,3.728669,3.2358723,3.8123767,3.5092258,3.3723638,3.4138737,3.6619725,3.8251026,3.6161032,3.7046664,3.6086018,3.2025516,3.598926480443224
3.3723637474483468,3.5193495750427246,3.324566125869751,3.3626928329467773,3.5642224868512637,3.5275747776031494,3.3723637474483463,3.372363747448348,3.3738669197767255,3.3560597896575928,3.4175669748580013,3.3246901143839374,3.454400062561035,3.4068198204040527,3.4240739345550537,3.4226319789886475,3.400034182395222,3.3653790950775146,3.3723637474483477,3.3723637474483485,3.398714919904426,3.4778363704681396,3.4871794644100094,3.506769095083706,3.5084309577941895,3.8440514,3.6343284,4.0567164,3.700973,3.9953542,3.6298618,3.581583,3.7938843,3.56198,3.3970008,4.1342225,3.099745,3.4755197,3.4357407,3.5786858,3.4033058,3.7198327,3.9051106,3.5538006,3.7370732,3.661939,3.5510793019391276
3.3723637474483468,3.6268553733825684,3.6556334495544434,3.6507387161254883,3.667553894937356,3.5980334281921387,3.4192925511269876,3.372363747448348,3.373665795584301,3.379889488220215,3.399969498133375,3.4546591730383875,3.9939332008361816,3.517612934112549,3.4845962524414062,3.485790491104126,3.4212083653922574,3.4978647232055664,3.441856260855489,3.3900778408781265,3.411461185865689,3.4931704998016357,3.477196876779303,3.6897991103808825,3.381649971008301,4.011986,3.9106262,4.2125483,3.716313,4.0324793,3.867549,3.70113,4.6639814,4.280664,4.454858,4.5648146,3.077877,3.5187156,5.6037817,4.0030665,3.5046942,3.8852277,4.348414,4.061735,4.1024137,4.076144,3.8018238266656166
3.3723637474483468,3.6684012413024902,3.7713475227355957,3.7810521125793457,3.580628423184652,3.54072642326355,3.372363747448345,3.38885468468554,3.368969410232919,3.2829179763793945,3.413835153129664,3.552892978062027,3.4050755500793457,3.4352285861968994,3.446847438812256,3.464766025543213,3.4114112338719362,3.4124913215637207,3.372363747448349,3.3840328912317816,3.3907680856128297,3.5251049995422363,3.5015224907286107,3.6506281775675498,3.3937671184539795,4.6739383,4.456976,5.1597834,4.296476,4.9744415,4.2576485,3.4197667,4.4395247,4.4368353,3.8626058,4.047053,3.3082943,3.4963982,5.539445,4.0890503,3.4802291,3.8520308,4.505839,4.0660386,4.1338015,4.2248087,3.8178273134947593
3.3723637474483468,3.492624282836914,3.619399309158325,3.5439374446868896,3.533783142484317,3.5163662433624268,3.395525039697914,3.372363747448348,3.37247523997125,3.369969606399536,3.392412278567941,3.3664228597166383,3.2493491172790527,3.3409981727600098,3.3596267700195312,3.3777101039886475,3.348280781805661,3.2663230895996094,3.372363747448348,3.3723637474483485,3.400454147230304,3.4949636459350586,3.5042518632423105,3.604302593286118,3.144362688064575,3.4794269,3.6933267,3.073434,3.6219223,3.0348773,3.6374247,3.2737858,3.5376463,3.7874413,2.503061,3.1350157,3.309343,3.5887458,4.33573,4.2103124,3.5267854,3.45161,3.6161048,3.5298278,3.481107,3.4913468,3.6798606522888053
3.3723637474483468,3.500124454498291,3.5701305866241455,3.580821990966797,3.4758244095790953,3.2807016372680664,3.395424360371006,3.444891996123328,3.373428229011223,3.3744001388549805,3.5098392888147805,3.5185233324359872,4.94091272354126,3.6469526290893555,3.699239492416382,3.681875228881836,3.3614975815053043,3.925636053085327,3.4360424870119526,3.395666628878297,3.399875410962736,3.493779420852661,3.5073597228626237,4.069975455528822,3.1701927185058594,4.333924,3.9307332,4.8873363,3.6931615,4.518659,3.7593944,3.9629626,3.9615612,4.3232107,2.3266091,1.9636662,2.9370942,3.9525182,5.539445,3.9225824,3.5311277,4.683465,4.5718055,4.010088,4.0126762,3.941101,3.828105620474566
3.3723637474483468,5.423243522644043,5.509115219116211,5.479762077331543,5.717537280404181,5.4596099853515625,5.633388047811203,5.777921761632691,6.318700330971669,6.292426586151123,5.9307751799523825,5.617104830908794,5.57777738571167,5.959683895111084,6.045557498931885,6.027264595031738,5.875568385330512,6.0895466804504395,6.055679776470466,5.8793376710445235,6.083386893503825,5.994100093841553,5.936702461843059,5.915037817199502,6.1363091468811035,3.6097136,4.6993113,3.0775695,5.006329,3.4036546,4.3666778,4.946464,4.792319,5.1785083,4.4213653,3.2079296,4.2328753,4.472399,5.807502,5.6367383,5.973176,5.608834,5.8083963,5.6808596,5.705618,4.781812,5.7982609916121195
3.3723637474483468,3.1960670948028564,3.384631872177124,3.314072370529175,3.39322088882636,3.1351211071014404,3.3723637474483463,3.372363747448348,3.3709217871641455,3.363389253616333,3.4051951634088597,3.371946859523134,3.6994643211364746,3.403644561767578,3.438403367996216,3.4468555450439453,3.3815991654431032,3.419027090072632,3.403221762364576,3.3723637474483485,3.5690367614828147,3.5415446758270264,3.5205208109302744,3.6129369903383908,3.882474422454834,3.2120678,3.59583,3.1084871,3.3372426,3.0169117,3.1629095,3.6285782,3.9250917,3.9771347,3.354068,3.1353793,3.6242218,3.1399012,5.302841,3.82028,3.4006097,3.4599922,3.7339897,3.7896006,3.714694,3.5719914,3.5859077821339316
3.3723637474483468,3.2333896160125732,3.272878646850586,3.2771592140197754,3.3670145434253103,3.128852605819702,3.4185228812930726,3.372363747448348,3.3723669667375304,3.3746957778930664,3.4159626290518283,3.500720520205141,3.3883585929870605,3.3616280555725098,3.3724050521850586,3.3911449909210205,3.365048605426496,3.331609010696411,3.372363747448348,3.3723637474483485,3.400454147230304,3.4949636459350586,3.475074988806867,3.462410070736171,3.1956357955932617,3.9602916,4.0602684,3.9310553,3.989901,3.8149495,3.6247554,4.003432,4.4031534,4.2092676,3.9548478,3.1353793,3.6353817,3.372892,5.302841,3.5943563,3.4052463,3.4861147,3.6982794,3.7342796,3.6881979,3.8502445,3.5272340340267543
3.3723637474483468,3.4965455532073975,3.5997397899627686,3.513674736022949,3.5008964366109776,3.543443202972412,3.3723637474483463,3.372363747448348,3.372855688998377,3.3748788833618164,3.379834901226247,3.3999637484571457,3.5305449962615967,3.4549214839935303,3.4539096355438232,3.4618024826049805,3.41147081840757,3.357477903366089,3.3723637474483477,3.3723637474483485,3.46389871303738,3.530026912689209,3.5205208109302744,3.710770400272356,3.6104187965393066,3.8916874,3.5665467,3.9602873,3.4209547,4.005603,3.4289432,3.6546142,4.06882,3.1364636,3.7292159,3.9772859,2.9322968,3.3722227,4.768251,4.000937,3.4522202,3.45479,3.4893525,3.6062076,3.4295588,3.6673126,3.5830069434800897
3.3723637474483468,3.3315277099609375,3.276148796081543,3.2957236766815186,3.346686917143768,3.223801851272583,3.3723637474483463,3.372363747448348,3.3724405037778484,3.3727033138275146,3.368186899525976,3.389193165881188,3.417212963104248,3.3205387592315674,3.348992109298706,3.3604178428649902,3.37917059579412,3.2652735710144043,3.3723637474483477,3.3723637474483485,3.407336107680543,3.482865810394287,3.4974501296700624,3.5018653249245335,3.459900379180908,3.6127632,3.4291255,3.8042798,3.4108167,3.7070088,3.2352352,3.7511306,4.316929,4.407911,3.5560608,3.1353774,3.5875669,3.9887204,4.247428,3.5020282,3.4765668,3.7545607,3.3004484,3.8780794,3.5661397,3.6834087,3.5245799847389874
3.3723637474483468,3.442650079727173,3.385874032974243,3.4592525959014893,3.325250807352373,3.355506181716919,3.3954243603710053,3.3786200521002367,3.3721090605210198,3.359321355819702,3.417665612862144,3.575311473257011,3.244209051132202,3.3958237171173096,3.3795883655548096,3.383951187133789,3.3384367640727897,3.3943543434143066,3.372363747448347,3.3723637474483485,3.406550242933233,3.491077184677124,3.5065383169020063,3.553851442206633,3.5299251079559326,4.3113413,4.2245007,4.908682,4.1829348,4.6815004,3.567943,3.320944,3.3150554,3.3469324,2.6584566,3.9772859,3.5241024,3.3864331,4.216054,3.7740545,3.468081,3.3469317,3.7714384,3.6854928,3.4483697,3.755827,3.530567007704254
3.3723637474483468,3.339920997619629,3.2747716903686523,3.346559762954712,3.5247729125793033,3.357074499130249,3.372363747448345,3.396621448922518,3.3724071022507673,3.37440824508667,3.405148688042402,3.4798516488282476,3.2825474739074707,3.397778272628784,3.3941571712493896,3.3976423740386963,3.343099557782325,3.3968284130096436,3.372363747448347,3.3723637474483485,3.40884903872459,3.491077184677124,3.5065383169020063,3.5423477677463406,3.5559518337249756,3.6386013,3.6848433,3.2680013,3.5812614,3.2450452,3.4383426,3.4876318,4.4320283,3.6518588,3.6445186,3.1337736,3.3364875,3.3922503,4.216054,4.283908,3.482641,3.4979672,3.4802718,3.5114017,3.443746,3.5925317,3.6730236998876826
3.3723637474483468,3.2008230686187744,3.2316811084747314,3.2121798992156982,3.346353745997879,3.0765931606292725,3.372363747448344,3.372363747448348,3.371731162318037,3.3718700408935547,3.393427158976519,3.395699466450659,3.2423291206359863,3.3903145790100098,3.4616048336029053,3.473292589187622,3.388338987483661,3.3506569862365723,3.372363747448347,3.3723637474483485,3.402305276524836,3.4912261962890625,3.499261488520772,3.504109643503103,3.0920848846435547,3.1580312,3.4529667,3.5704165,3.398468,3.1662939,2.9499252,3.2993016,3.5824385,3.6718712,3.1892369,3.9707403,3.133242,3.0567708,4.1756425,3.5348694,3.4487088,3.3711634,3.3241942,3.4118187,3.4383528,3.4152226,3.462041532688209
3.3723637474483468,3.3562004566192627,3.3270270824432373,3.373002052307129,3.328531646363981,3.3175652027130127,3.372363747448345,3.3786200521002367,3.37301202502423,3.372440814971924,3.4304378855896185,3.3842843443187363,3.190192937850952,3.358448028564453,3.368380546569824,3.372112274169922,3.359462641392695,3.3763937950134277,3.372363747448347,3.3723637474483485,3.401691114909045,3.491077184677124,3.4925020255687778,3.5893827837666112,3.4238014221191406,4.256507,3.861731,4.782778,4.118637,4.6486535,3.6628125,3.4798896,3.6986208,3.9596386,2.9766831,4.1347656,3.6130722,3.3258612,3.3723638,3.4427218,3.428397,3.3745124,3.5548878,3.4939268,3.5344753,3.736047,3.4541098486511332
3.3723637474483468,3.432935953140259,3.3350863456726074,3.3290112018585205,3.501086469152055,3.4428744316101074,3.3723637474483463,3.372363747448348,3.3718410409187336,3.37341570854187,3.4242822025377784,3.3565834593013135,3.487938404083252,3.396940231323242,3.4134974479675293,3.4191370010375977,3.400451663670365,3.3327150344848633,3.3723637474483477,3.3723637474483485,3.407336107680543,3.4931704998016357,3.4977105720689097,3.5809419281718657,3.458345413208008,2.849952,3.206862,2.7037213,3.468328,2.7251277,3.1490698,3.3882732,3.6607232,3.7863173,3.1565568,4.1342225,3.2213798,3.322916,3.3723638,3.6481938,3.428397,3.4053593,3.5589063,3.5251076,3.626358,3.3669066,3.529795635301336
3.3723637474483468,3.2027556896209717,3.144906997680664,3.1526436805725098,3.2695815915900543,3.089711904525757,3.372363747448344,3.372363747448348,3.3707114869431676,3.3697173595428467,3.393427158976519,3.3928130052487475,3.478738784790039,3.411931276321411,3.4812557697296143,3.4822092056274414,3.3801578024122234,3.405313491821289,3.372363747448347,3.3723637474483485,3.401038397523415,3.4912261962890625,3.499261488520772,3.407347756223138,3.0335466861724854,2.9794843,2.8577223,3.1386733,2.8358765,3.0593417,3.1875565,3.7191226,3.929393,3.6846282,3.8405142,3.2838025,3.629767,3.5884886,3.3723638,3.4011827,3.3723638,3.3651884,3.3260238,3.3867798,3.3581715,3.3658223,3.3755281137237954
3.3723637474483468,3.2476232051849365,3.1899967193603516,3.1918373107910156,3.237115419996018,3.141308307647705,3.372363747448344,3.372363747448348,3.370263719499389,3.3697545528411865,3.393427158976519,3.3755854595429233,3.265735626220703,3.377512216567993,3.4487946033477783,3.4618659019470215,3.3657447760013217,3.327988624572754,3.372363747448347,3.3723637474483485,3.404040129146713,3.4912261962890625,3.499261488520772,3.4244867732019353,3.016604423522949,3.5005095,3.516625,3.492798,3.3891406,3.4487586,3.1634498,3.4603002,3.710638,3.2117405,3.029364,3.9772859,3.1128418,3.2282917,4.216054,3.4352767,3.3723638,3.3678434,3.4865181,3.4484081,3.3484435,3.4458325,3.3817935443373224
3.3723637474483468,3.1824841499328613,3.160203695297241,3.178206443786621,3.2863888697029813,3.045107841491699,3.372363747448345,3.372363747448348,3.3724465690791097,3.3674535751342773,3.412094079851059,3.297699307151733,3.639268636703491,3.353334903717041,3.4113454818725586,3.4172370433807373,3.3548944065309056,3.3868534564971924,3.372363747448349,3.3723637474483485,3.394878020722959,3.490922689437866,3.478044991913862,3.513654725040562,3.3109302520751953,2.8145502,3.0289552,2.858447,2.945089,2.521469,2.9892516,3.6454139,4.258237,4.5255656,3.0539517,3.1072426,3.325064,3.9264872,4.33573,3.4743814,3.425775,3.4770908,3.6169462,3.4836657,3.5118,3.416256,3.462556358514233
3.3723637474483468,3.4982593059539795,3.466745138168335,3.5132815837860107,3.26222794039467,3.4123334884643555,3.372363747448345,3.372363747448348,3.3725899826356796,3.369842529296875,3.5216621524345086,3.5306523029758345,3.0769615173339844,3.3620266914367676,3.3710107803344727,3.3778510093688965,3.3592210372632074,3.375279664993286,3.372363747448347,3.3723637474483485,3.4039899107004024,3.491077184677124,3.4925020255687778,3.535616021785243,3.4237864017486572,3.642064,3.5258598,3.6843665,3.3245826,3.3919272,3.4708946,3.9394474,3.8684816,3.4308925,3.108267,1.9648407,2.8445873,3.029505,5.384837,3.9341698,3.4415555,3.6873672,4.31079,3.9587283,3.8778856,3.5910523,3.688147174491588
3.3723637474483468,3.16426944732666,3.1170461177825928,3.115313768386841,3.2260470795046032,3.0661404132843018,3.372363747448344,3.372363747448348,3.3719099672991173,3.3675432205200195,3.3890410561515085,3.3957168778724007,3.562379837036133,3.432861328125,3.515136241912842,3.5063233375549316,3.374524839692051,3.470834255218506,3.372363747448347,3.3723637474483485,3.401038397523415,3.4704103469848633,3.468523942369628,3.4771290374891635,3.0495707988739014,3.1375072,3.2447,2.7005613,3.0983503,2.8783052,3.2959461,3.4342802,3.855924,3.7017233,3.1711047,3.0564232,4.040559,3.6231446,3.3723638,3.3496435,3.3723638,3.363091,3.1075895,3.3867798,3.32518,3.325777,3.354508228382852
3.3723637474483468,3.4001004695892334,3.2332496643066406,3.2725205421447754,3.2502582235104245,3.266619920730591,3.372363747448344,3.372363747448348,3.372141850465021,3.3670291900634766,3.3760624235694627,3.372309043579382,3.1824581623077393,3.355745792388916,3.4176828861236572,3.4354472160339355,3.366718175995173,3.2888169288635254,3.372363747448347,3.3723637474483485,3.404040129146713,3.4912261962890625,3.4821657164284567,3.4984653668718364,3.1244089603424072,3.6664858,3.0604558,3.784809,3.1499746,3.7360055,3.6844184,3.1379144,3.8655133,3.3130703,2.6146479,3.685045,2.8825185,3.6939912,3.3723638,3.4262965,3.3902254,3.4255483,3.64489,3.3893642,3.3743231,3.414893,3.3977899130383746
3.3723637474483468,3.3265764713287354,3.210136890411377,3.227207660675049,3.150027936915428,3.2170305252075195,3.372363747448344,3.372363747448348,3.372551137084619,3.372965097427368,3.393427158976519,3.428145776207747,3.2303307056427,3.377589702606201,3.4474127292633057,3.459360122680664,3.357476185464148,3.31925106048584,3.3723637474483463,3.3723637474483485,3.404040129146713,3.4912261962890625,3.499261488520772,3.4209344130323682,3.069420576095581,3.4596908,3.2742515,3.3834128,3.3121624,3.3943663,3.370331,3.5604446,3.6595144,3.4922717,2.1626751,4.1342235,3.9345715,3.0817006,3.3723638,3.3437946,3.3723638,3.3344522,3.4929407,3.3748162,3.3298795,3.3920112,3.3521733584783644
3.3723637474483468,3.270399332046509,3.104501724243164,3.168022394180298,3.321393905990024,3.346456289291382,3.372363747448345,3.372363747448348,3.3726006913731785,3.373263120651245,3.417665612862144,3.351249348658595,3.2243261337280273,3.3784422874450684,3.4018442630767822,3.4049627780914307,3.3410651804329774,3.402324914932251,3.372363747448347,3.3723637474483485,3.40884903872459,3.491077184677124,3.502814030432545,3.457418227443978,3.5248959064483643,3.4221814,3.374166,3.3454664,3.334694,3.345623,3.2545617,3.565253,3.6410666,3.4938946,2.550004,4.134223,3.7865798,3.106922,3.3723638,3.2421572,3.3723638,3.3418427,3.566886,3.3723638,3.3487396,3.3985677,3.332099025458703
3.3723637474483468,3.664860248565674,3.5592525005340576,3.596640110015869,3.8523145688021683,3.714843988418579,3.372363747448345,3.432120756038717,3.3721028403980036,3.379366874694824,3.417665612862144,3.412860134676467,3.6906578540802,3.4553565979003906,3.45198392868042,3.4588589668273926,3.403767658102908,3.3969881534576416,3.372363747448347,3.389064482479331,3.4039899107004024,3.491077184677124,3.4807111186770694,3.5898390809743637,3.6624350547790527,4.082103,3.3923688,4.065335,3.4951468,3.9133618,3.8221877,3.7861354,3.7456384,3.6710966,3.0718179,3.557332,3.9193797,3.9932427,3.3723638,3.903578,3.854549,3.582787,4.2154484,3.9536822,3.85536,3.7626457,3.8476044053621283
3.3723637474483468,3.2816128730773926,3.242280960083008,3.2339224815368652,3.327309348441663,3.220205307006836,3.372363747448345,3.372363747448348,3.3725025020584645,3.3727080821990967,3.432443007170315,3.3452816489076236,3.2773969173431396,3.343686819076538,3.3863391876220703,3.402933120727539,3.3663424939601327,3.308112859725952,3.372363747448349,3.3723637474483485,3.4065495907759242,3.5015065670013428,3.504742755816074,3.4875591134472734,3.50848650932312,3.839644,3.4610705,4.1921525,3.5694933,3.9541528,3.6783392,3.5206513,3.6973505,3.629559,4.0914106,4.678571,3.3762057,3.1255355,3.3723638,3.3861122,3.3723638,3.3399026,3.4020588,3.3867273,3.36365,3.6218655,3.3713341750281747
3.3723637474483468,5.33344841003418,5.3425164222717285,5.380922317504883,4.912661245164779,5.268421649932861,4.4696519167637945,4.852047500793673,4.583852525134347,4.716500282287598,4.609302684945769,4.835023244320926,6.47337532043457,4.773632049560547,4.67280387878418,4.6663408279418945,4.754657353413805,4.879388809204102,5.022218218300789,5.039652410077582,5.826737476218581,5.11130952835083,5.118828337405404,5.1773874498514845,4.463852405548096,4.905485,4.3151736,5.7711782,4.5108876,5.2272253,4.629399,4.498519,3.9195886,4.014608,1.584375,5.033422,5.537229,4.1686234,5.705462,4.707017,5.4995646,5.4838033,4.7910132,5.13613,4.8757696,4.715724,5.148969482210208
3.3723637474483468,3.2988476753234863,3.2897872924804688,3.2614731788635254,3.1429967245819483,3.1875078678131104,3.372363747448344,3.372363747448348,3.3726390636480055,3.388638973236084,3.3613505884688992,3.4370436975395173,3.323946475982666,3.3895509243011475,3.4488871097564697,3.4663259983062744,3.3637724105539255,3.3133459091186523,3.3723637474483463,3.3723637474483485,3.403336656674303,3.4912261962890625,3.499261488520772,3.5265879297088785,3.0384674072265625,2.62453,2.9003108,2.721133,2.99717,2.6331234,3.0852547,3.6268349,3.7040927,3.915246,3.9336572,5.1854553,3.5256026,3.0009084,3.3723638,3.4557133,3.4742572,3.3719306,3.4782763,3.4057903,3.366412,3.3889031,3.4359655535079767
3.3723637474483468,3.365072727203369,3.2372536659240723,3.239549398422241,3.4267714521234605,3.3749337196350098,3.372363747448345,3.372363747448348,3.3526777142499338,3.3729469776153564,3.418918603531679,3.3758392187778257,3.4188685417175293,3.375040054321289,3.3817591667175293,3.397231101989746,3.3775415443759007,3.3146395683288574,3.372363747448349,3.3723637474483485,3.4065495907759242,3.5015065670013428,3.504742755816074,3.5054195143342968,3.5019028186798096,3.5487223,3.7656708,3.3190322,3.728735,3.4967265,3.705055,3.2833214,3.8471732,3.4406693,2.858836,3.6226082,3.278156,3.3424702,3.3723638,3.4874852,3.3807847,3.3428044,3.3462493,3.4250958,3.3812165,3.4486587,3.4046680584595634
4.449771646944906,6.404524803161621,6.387625694274902,6.393221855163574,6.548543573816124,6.4185709953308105,6.32182186090647,6.215508572583448,6.42465573656832,6.440622806549072,6.507888775508133,6.729324212287695,6.147918701171875,6.436835765838623,6.289906024932861,6.333876132965088,6.309446758382332,6.237866401672363,6.2518075406248315,6.313778858493216,5.9316164819880335,5.998386383056641,6.177969560852022,6.307242439889591,6.206859111785889,6.2507315,6.469882,6.126306,6.4595375,6.371252,5.64871,5.4672675,5.40404,5.7384706,5.4216814,6.369527,5.9339867,5.486193,5.753967,6.005982,6.682153,6.675075,6.271213,6.3205576,6.5118213,6.0684175,6.472140947167247
5.183758700008217,6.769848346710205,6.658117294311523,6.672623634338379,6.561054387403879,6.810903072357178,6.285278761749795,6.2602495893734575,6.209882342811668,6.677645206451416,6.6432991135054635,6.781857672879924,6.014580249786377,6.583282947540283,6.436906337738037,6.487482070922852,6.458773446823509,6.456642150878906,6.322084419932938,6.465607763335504,6.061948995516147,6.039926528930664,6.344619293773255,6.293181713915596,6.563037872314453,6.5316076,6.242989,6.7898226,6.2651024,6.8010645,6.4239397,5.077479,5.2960343,4.040095,4.773658,5.6614213,4.8609815,5.9326377,5.8650346,6.2217345,6.706413,6.669209,6.3631525,6.3209453,6.325332,5.958433,6.4901471467164695
7.301029995663981,6.2887396812438965,6.331120491027832,6.336472511291504,6.106551242133261,6.3292059898376465,6.249272578958926,6.376349357624425,6.116067846178191,6.303761005401611,6.550664160131473,6.543020476737693,6.493228435516357,6.42186164855957,6.443966865539551,6.450619697570801,6.395277762065089,6.580263614654541,6.166778087796735,6.282546089200632,6.019197992670344,6.311404228210449,6.343913861726139,6.34882029136712,5.9898905754089355,6.2697954,5.928536,6.7227764,5.8626585,6.5142317,5.666266,6.5329275,5.5782523,6.1671896,5.8442864,6.0997467,6.8493557,4.8625135,5.7297244,5.989778,6.376412,6.395761,6.274369,6.4019203,6.087897,6.10772,6.211169261443884
7.301029995663981,5.821913719177246,5.91425085067749,5.911002159118652,6.042865864596757,5.8557963371276855,6.227914299830156,6.288886118745839,5.958374982334594,6.033445358276367,6.508882205655626,6.287187096494401,5.334556579589844,6.15838623046875,6.269950866699219,6.246142387390137,6.119955227668581,6.423791408538818,6.265131487444151,6.2469523182282884,6.0066243145779845,6.025206565856934,6.321916542038812,6.241837676907848,5.9444355964660645,6.021858,5.7829485,6.641266,5.7107086,6.25028,5.340815,5.1151648,5.5606737,5.3719463,5.7136564,4.302834,5.4208093,4.85893,5.7104187,5.8995943,6.223883,6.169999,5.9731197,6.1359615,6.0147967,5.710983,6.08836550595586
6.150514997831991,5.942502498626709,6.008917808532715,5.988663196563721,6.14191444159192,5.969394683837891,6.317261097260889,6.216181781911476,6.151812306053599,6.148782253265381,6.381879701067909,6.259730892402845,5.764297008514404,6.225513458251953,6.2622175216674805,6.262081623077393,6.196078892361551,6.2867584228515625,6.220375944661954,6.226424855287441,6.083614872406367,6.095367908477783,6.105494151857107,6.126866785121961,6.220573902130127,5.806549,5.898338,6.1793113,5.8281527,6.0395374,5.3628187,5.8126097,5.5919356,5.9487023,5.17322,5.3684607,6.1602664,4.942019,5.730087,5.998382,6.2708216,6.0927033,5.977974,6.193417,6.1439276,5.8259616,6.159477957323828
7.301029995663981,5.930859088897705,5.997926712036133,5.986299991607666,5.961670946731799,5.965059757232666,6.388200832716258,6.392599300193934,6.638308504781957,6.658238410949707,6.437733529176406,6.296259033932136,7.013967037200928,6.470940589904785,6.464996337890625,6.452214241027832,6.385234156715133,6.457949638366699,6.278110134552394,6.267232729544796,6.359344059995267,6.341464996337891,6.18937154932633,6.27684242561827,6.227026462554932,5.8520527,5.830334,6.2654343,5.7640953,6.031333,5.4751115,5.595853,5.6428676,5.9867516,5.65857,6.3561926,5.851267,4.9443107,5.730087,5.9614053,6.190764,6.2621093,5.922658,6.158374,5.8779197,5.8678746,6.06228101137775
6.150514997831991,5.942873954772949,5.939207077026367,5.940425395965576,6.05136344612277,5.969085693359375,6.4005354490658055,6.407239889484131,6.388938659599741,6.489851474761963,6.638748247842361,6.547265637746447,6.380027770996094,6.530010223388672,6.509829521179199,6.494446754455566,6.424145645452524,6.571165561676025,6.271398954287028,6.267171084437594,6.347011293225415,6.303183555603027,6.11429289034916,6.264791939898821,6.157280921936035,5.6640377,5.750073,6.0540285,5.6954136,5.9186525,5.2550445,4.9283633,5.457802,4.9546824,5.334447,6.246144,5.2805405,4.9172697,5.730087,5.8899984,6.223563,6.3442807,5.9068294,6.163092,6.1079755,5.6911163,6.121054765526291
6.150514997831991,6.056194305419922,6.080238342285156,6.069045543670654,6.103413473058065,6.10822057723999,6.3316700176439005,6.327060580520209,6.037180113269814,6.377741813659668,6.432260815947634,6.197657635202527,5.8317646980285645,6.287548542022705,6.375523567199707,6.356311321258545,6.306242352776938,6.448921203613281,6.287314948939154,6.278323155412192,6.494207500224345,6.310626983642578,6.455910480426929,6.29248786335828,6.248805046081543,5.751066,5.7680726,6.038852,5.7078896,5.857982,5.472424,5.795108,5.6361074,6.0541973,5.829266,6.339143,5.6430583,4.8810163,5.730087,5.95414,6.2770452,6.2576227,6.0368,6.1693583,6.1201806,5.8659706,6.157112739765293
7.301029995663981,5.925237655639648,5.92034912109375,5.911100387573242,6.101014318064546,6.010176658630371,6.387683006299831,6.07703205902657,6.566996648059713,6.576829433441162,6.278977630236393,6.258703778218246,5.780303001403809,6.348565101623535,6.328556060791016,6.329436779022217,6.180124489028598,6.382394790649414,6.2075625630945614,6.239028043932606,6.022904267124258,6.0719451904296875,6.019244220107929,6.0955764988555785,6.288937091827393,5.3560705,5.4992585,5.525422,5.4572396,5.544946,5.0604377,5.0244546,5.415401,5.008128,5.498482,5.9306145,5.0629196,4.8561254,5.730087,5.8888755,6.2312007,6.470485,5.9666166,6.2269335,6.1632366,5.5958467,6.146609628175596
6.150514997831991,5.952011585235596,6.16050910949707,6.0396223068237305,6.21255570606292,6.169419765472412,6.134806560637111,5.90849892894114,5.537931974297581,6.354900360107422,6.053400670306693,5.744762671226427,5.835758686065674,6.009956359863281,5.908563613891602,5.931636333465576,5.93135583812524,5.835177898406982,6.075154007547667,6.126507693394518,5.641752014962629,5.9574198722839355,6.236364520596984,6.127548055949567,6.4615936279296875,5.6953845,4.9617734,4.94287,5.033987,5.088424,5.6010904,5.636923,5.343652,5.115099,5.6410646,5.5872235,5.512522,5.5273333,5.8648896,6.3909883,6.240575,5.5540724,6.088802,6.0406218,5.992322,5.5929804,6.168303995273881
6.259637310505756,6.331132888793945,6.369353294372559,6.331278324127197,6.480614733529139,6.376926898956299,5.312989039645842,5.242954355435123,4.450087736010869,4.4494309425354,5.504829630966109,5.005608671706334,5.662437438964844,5.2656941413879395,5.163075923919678,5.178991794586182,5.373151845812641,5.173399925231934,4.761748161244001,5.29816710857911,5.0267429360967375,4.791500568389893,4.7320269372405654,5.343182168212907,5.063218116760254,6.1921053,6.1358933,6.3158646,6.065838,6.2089777,5.5823464,6.178957,5.7610717,5.995557,5.6930375,6.116042,6.568294,5.056201,5.718649,6.1072197,6.6381664,6.324318,6.415176,6.355468,6.4881573,6.095867,6.447371622287303
5.183758700008217,6.244534492492676,6.4141011238098145,6.309128761291504,6.43582899213366,6.486272811889648,5.491879818550304,6.0898104416280665,5.670485025261157,5.505162715911865,5.735493191591966,5.833731104131594,6.367654323577881,5.936031341552734,6.03676176071167,6.019824504852295,6.152929726783817,6.069867134094238,5.965687795479953,6.060363124949816,6.088492899299377,6.228360176086426,5.9195474475344145,6.179942701290524,6.1045122146606445,5.6824217,5.213213,4.799232,5.264303,5.0362353,5.977209,4.2774296,5.496108,3.536275,5.6452537,1.1523385,4.0970263,5.5717683,5.8650346,6.766389,6.339288,6.473886,5.9674273,6.33804,6.413547,5.2956214,6.473021966403087
6.150514997831991,6.278295040130615,6.294788837432861,6.269103050231934,6.33225280224835,6.284083366394043,6.055142828792475,5.958977654103023,5.833207382434959,6.216995716094971,5.738006821431837,5.987393221503509,5.943785190582275,5.970208644866943,5.923933029174805,5.911741733551025,6.022290231904121,5.840643882751465,6.055805219219495,6.2019507481673655,6.103034439395863,5.848759651184082,5.890727191357629,6.10747396488125,5.903702735900879,6.299158,6.214051,6.548602,6.1224465,6.3975143,5.7523494,6.3229694,6.21063,6.4384108,6.117306,6.3184357,6.733987,5.066137,5.724593,6.0034323,6.520606,6.219917,6.353253,6.3842373,6.3008194,6.202443,6.31706975717694
6.150514997831991,5.737788677215576,5.759070873260498,5.753152847290039,5.782479807681804,5.752233028411865,5.803309434458576,6.039017811424279,5.417529308000012,5.724360942840576,5.811878314204746,5.820235761381973,5.877312660217285,5.79563045501709,5.904283046722412,5.881673812866211,5.880983437177066,5.866714954376221,6.070551002931615,5.930862600432018,6.2275794354436,5.8578290939331055,5.939133002824252,5.884113720185241,5.780142307281494,5.9095545,5.8002567,5.9733233,5.888993,5.831415,6.4822702,5.7844586,5.7724276,5.988128,5.7539477,6.4970307,5.421934,5.235485,5.8680005,6.234776,5.7991333,5.3153367,5.6317463,5.7060475,5.712875,5.830357,5.851725507633315
6.259637310505756,5.425773620605469,5.42586612701416,5.423997402191162,5.292910592700924,5.450404167175293,5.527447622200834,5.451355985733025,5.277278649079292,5.573352336883545,5.338217973738517,5.3438333767536434,5.617452621459961,5.421701908111572,5.414493083953857,5.410903453826904,5.436670945195225,5.402862548828125,5.237791223906581,5.280182564767659,5.386027451040318,5.2793145179748535,5.3691062302737285,5.404496893149344,5.21746826171875,6.0858107,6.019174,5.8138275,5.993792,5.930087,5.978288,5.6697073,6.0134444,6.1502004,5.592072,6.4163413,6.2949147,5.210667,5.7104187,5.656271,5.2641754,4.9886436,5.6313376,5.5669885,5.4837556,5.773496,5.395683570710723
6.259637310505756,5.532974720001221,5.734500885009766,5.648508071899414,5.630910927469856,5.581280708312988,5.374048975349267,5.41784487789102,5.301777120851338,5.341311454772949,5.268956519902458,5.416553074208764,5.12198543548584,5.391711711883545,5.385203838348389,5.384275436401367,5.408250322439294,5.3409342765808105,5.238994832924615,5.31506830605271,5.429277189963697,5.280055522918701,5.421078961783301,5.420121786476545,5.625014305114746,6.2279296,5.737425,6.280656,5.6387615,6.199175,6.6485114,5.9392414,5.9451904,6.4062166,5.8220077,6.15651,5.713893,5.1527276,5.8674,5.687676,5.7531886,5.288899,5.3318315,5.3580317,5.3471937,5.8251233,5.604484025981689
5.183758700008217,5.860520839691162,6.066618919372559,5.956396579742432,6.153515842909271,6.036943435668945,5.861389374279931,5.961234327747434,5.934254564930802,5.48594331741333,6.065826944762124,5.6452408198268635,6.023491859436035,5.993696212768555,6.005596160888672,6.000781536102295,5.996768151961125,6.152252197265625,6.197235810152738,6.04254616165011,5.623220966417222,6.12742805480957,6.239034185206699,6.028409581032481,6.1807708740234375,6.021744,5.136887,5.285765,5.1843805,5.4152565,6.084035,5.855863,5.5290866,5.6591797,5.8863697,5.8588066,5.821338,5.5387483,5.8648896,6.2005625,6.189395,5.609804,5.5731587,5.89325,5.88733,5.724792,6.076985743395317
7.301029995663981,7.495974063873291,7.36112117767334,7.377161979675293,7.3937350265606465,7.545005798339844,7.439501687360163,7.273687698708427,7.389363022724841,7.282851219177246,7.247081266650981,7.233727259154017,6.3647871017456055,7.22361421585083,7.233127593994141,7.2380170822143555,7.284450622043321,7.186930179595947,7.239926397737741,7.30623839540251,7.322883450184397,6.693800449371338,6.920083809392677,7.116087671223633,7.250127792358398,7.144656,7.3274326,7.214516,7.4251313,7.3589025,6.411286,5.8502135,5.951205,5.0289264,6.510123,7.015407,5.2525554,6.8654504,6.322815,7.1836653,7.351016,7.1273303,7.248981,6.955487,7.1283298,6.7336717,7.239043867405653
7.301029995663981,7.3719563484191895,7.353198051452637,7.363691329956055,7.357969002871231,7.349121570587158,7.098505031371244,7.065914280216199,6.191871758777688,6.7267537117004395,6.576027348778477,7.090907995488918,6.871438026428223,6.8319478034973145,6.62959098815918,6.643553256988525,6.966673356033235,6.661712646484375,6.955690297690641,7.083339345032151,6.7474133410426695,7.031996250152588,7.282373107541493,6.967785101073753,6.542198657989502,7.781681,7.5390024,7.3255453,7.626599,7.451264,7.6205797,6.520706,6.726704,7.227313,7.469594,7.2056923,6.3971734,6.483659,6.6152387,7.2405305,7.3219347,7.42075,7.5118165,7.343659,7.474795,7.2152123,7.346203976738902
7.301029995663981,7.253253936767578,7.298033714294434,7.281772136688232,7.1792234028477,7.256516933441162,7.5275187869533156,7.332850637049425,7.585876468927256,7.2054901123046875,7.85423310252186,7.632930219892215,7.324844837188721,7.501271724700928,7.615418910980225,7.615192413330078,7.365008713072037,7.601648807525635,7.331088705835063,7.347789628894207,7.313399428735582,7.273883819580078,7.37130507987778,7.3322710595816485,7.198227405548096,7.3769245,7.0108547,7.298926,7.015498,7.1185074,7.8084,7.44499,8.07043,8.340287,7.4457994,6.7080483,7.4406347,6.5414276,6.461699,7.1386585,7.2982216,7.4083543,7.3959684,7.2142506,7.1006436,7.2819266,7.2180510841699475
6.259637310505756,7.4630560874938965,7.450751304626465,7.46391487121582,7.355713352272179,7.443624496459961,7.618978818926568,7.228700286006863,7.458083657800747,7.337708473205566,7.905707739373557,7.482777187922782,6.803354740142822,7.441645622253418,7.307831764221191,7.331882476806641,7.3302728036009865,7.425121307373047,7.399365705133441,7.4368951884211105,7.527734834746598,7.486804485321045,7.570380243617102,7.774111464140628,7.438419818878174,7.772979,7.537493,7.5072274,7.64467,7.6839237,7.596278,7.136477,6.482343,7.224003,7.555833,7.254347,6.775492,6.475847,6.6152387,7.375265,7.30562,7.224893,7.3342595,7.327553,7.406218,7.261798,7.3418101073900255
7.301029995663981,5.997816562652588,5.846273422241211,5.833799362182617,5.722155575396051,6.059908390045166,5.97942283093154,6.328293181562353,6.743493609559507,6.85186767578125,6.032566819263261,6.190137383616763,6.536929607391357,6.365522384643555,6.455288887023926,6.445844650268555,6.37365024675985,6.371421813964844,6.345652000520231,6.280198001307446,6.750068074752373,6.305959224700928,6.581110101111299,6.746517510024816,6.4998908042907715,6.3317127,5.9722776,6.6584926,5.8942738,6.1945367,5.91774,5.820968,7.58356,5.567955,6.355993,6.64919,3.7698195,5.479725,5.753967,6.283932,5.704821,5.246039,6.2138934,5.8311715,5.6358857,5.9432974,5.799033894625086
6.150514997831991,6.01713752746582,6.123326778411865,5.920341968536377,5.775748339755104,6.242271900177002,6.250493373030415,6.539053409988022,6.556330168236491,6.31212854385376,6.280412656988748,6.320365116010106,8.442168235778809,6.365512847900391,6.336871147155762,6.299104690551758,6.1869178756316305,6.543049335479736,6.11430046242929,6.2571487485565305,6.114207736827899,6.33740234375,6.542473433370297,6.273683502578568,7.573376178741455,6.278933,5.96521,6.559436,5.8869653,6.0398827,5.921619,5.448509,7.3664064,4.8786845,5.853175,4.8903165,2.7144554,5.4756875,5.753967,6.2847147,5.687911,4.8581977,6.0404806,5.7052693,5.5275745,5.65687,5.737767447199136
6.150514997831991,6.188318252563477,6.1494574546813965,6.153620719909668,6.292889451410712,6.229406833648682,5.747455992335975,6.001259571485215,6.172532785488762,5.532705307006836,5.8196718033234145,5.779699949185089,5.585649013519287,5.965756416320801,6.0096435546875,5.996220588684082,6.022277299240555,5.995189666748047,6.037952619275983,6.121661413822366,5.951686154789732,5.974761009216309,5.830708829085285,5.836184180412334,5.823093414306641,5.8272166,5.74467,5.934095,5.701173,5.961432,5.214023,5.245013,5.5141654,4.9916935,5.6582904,6.262124,5.6292415,5.034422,5.718649,5.920301,6.5965915,6.343401,5.9746594,6.3815875,6.203737,5.7928243,6.314549611834925
4.449771646944906,5.973556995391846,6.014537334442139,5.998414993286133,6.208348192644276,5.996732234954834,6.313261665905665,6.268165755036535,6.71376509904936,6.387537002563477,6.248396162834658,6.213303646728885,6.168967247009277,6.3476152420043945,6.356229782104492,6.346175670623779,6.313993322211788,6.449741363525391,6.2954892275728636,6.291539644323023,6.278041229912907,6.292088508605957,6.400157185144318,6.265736264570455,6.2063307762146,5.726557,5.766606,5.794446,5.734846,5.860299,5.0982976,5.0461044,5.530287,4.907142,5.5219355,5.976233,5.715934,5.0088997,5.718649,5.9390745,6.62627,6.1229024,5.9344153,6.3170342,6.145068,5.72455,6.302103542136615
6.259637310505756,6.080924034118652,6.132436275482178,6.089553356170654,6.369206888481885,6.110237121582031,5.449415912743066,5.381864148797649,4.973934275966311,4.525012493133545,5.30984950353327,5.4284264373789854,5.754575729370117,5.407405376434326,5.339266777038574,5.336137294769287,5.396124731483345,5.345239639282227,5.1135735485628535,5.415413576848331,5.381724718191283,5.209144115447998,5.197036338121125,5.386498684903462,5.05401086807251,5.7438717,5.861468,5.719976,5.8115377,5.768485,5.1652994,5.108268,5.4671626,4.935397,5.3156466,5.743106,5.955311,5.0355263,5.718649,5.9692097,6.6330414,6.1643023,5.965638,6.4357796,6.195167,5.735642,6.327747104421434
6.259637310505756,6.287291049957275,6.353176593780518,6.296055793762207,6.488939180884348,6.352771759033203,5.380038926912858,5.426324071311877,4.865129229887313,4.4760260581970215,5.55855561208027,5.2140778986792915,5.9828691482543945,5.444118022918701,5.375899314880371,5.386374473571777,5.526724209411726,5.389049530029297,5.0045008480794815,5.51683155297856,5.0076462511581,5.119302272796631,5.300123979155487,5.386115044623604,5.1971940994262695,6.170598,6.0498176,6.3521914,5.995476,6.298985,5.522883,6.124321,5.7768283,5.935809,5.849672,6.3722925,6.305481,5.031574,5.718649,5.9789658,6.641493,6.2456284,6.136125,6.3487372,6.5697055,6.0712614,6.431383718756058
5.183758700008217,6.317390441894531,6.403993129730225,6.419086933135986,6.557583571109997,6.306236267089844,6.1008447006445605,6.44210672042891,6.223480638984787,5.9207563400268555,6.320194283386365,6.7062634894111515,6.082682132720947,6.295716762542725,6.357654094696045,6.325521945953369,6.338485350735852,6.402152061462402,5.928671296407931,6.317718413098121,5.93680621238099,6.200473785400391,6.085852933685563,6.071969248991162,6.159615993499756,6.6207476,6.2852864,6.92449,6.160611,6.7489195,5.6389036,6.2809753,6.27431,6.986844,6.462894,4.146083,7.867501,5.1388617,5.7200403,6.10441,6.9268856,6.629395,6.5144887,6.582202,6.692756,6.33533,6.644306943031483
7.301029995663981,6.163278579711914,6.044269561767578,5.994595050811768,5.727558245389571,6.371757984161377,6.072839355208018,6.280583184734888,7.140001583516932,6.704261302947998,5.997229745775909,6.265937065616811,5.640499591827393,6.262058734893799,6.2011871337890625,6.199136257171631,6.04482468277077,6.087132930755615,6.387559071576602,6.307999015621284,6.4419616757582245,6.407992839813232,6.563255627351703,6.505335960174409,6.831190586090088,6.3866777,5.96766,6.6823845,5.887724,6.268605,5.963881,5.1263533,7.20077,5.1634326,5.4992647,6.2097654,3.0824332,5.487002,5.797403,6.2588243,5.7047253,5.618347,6.2142506,5.872561,5.648318,5.8020186,5.822260604573444
6.259637310505756,5.956857204437256,6.017756938934326,5.951719760894775,6.046575647082648,5.9870076179504395,6.1709103878829055,6.17553774447199,6.199132370464879,6.280858516693115,5.798071884193641,5.777634871574433,6.659174919128418,6.118266582489014,6.171756744384766,6.158348083496094,6.179065776210916,6.121309757232666,5.979022190687853,6.1793515455418655,6.0004934955850615,6.136983394622803,6.046208415476575,6.175635479358265,5.978339672088623,6.4378896,6.715331,6.530836,6.517233,6.585376,5.618011,4.8960495,6.4436336,5.267562,5.2775507,6.3981915,5.7162466,5.850003,5.747301,5.811166,6.1205297,5.6384068,5.8292027,5.9021196,6.153957,5.9728293,6.017699193917112
6.259637310505756,6.351673603057861,6.407506942749023,6.404616832733154,6.503222336878425,6.414251327514648,6.104396953210528,5.939999588145735,5.402581677269651,5.610330581665039,5.7881423251638555,6.112859672577857,6.077080249786377,5.9748992919921875,5.883741855621338,5.9059672355651855,6.001784571723811,5.8751702308654785,6.297613549735944,6.194674652181163,6.194903529550644,6.152323246002197,6.220158972520245,6.124279066612615,5.891955852508545,6.6208024,6.2015653,6.514126,6.1087155,6.545658,5.9432025,6.8018627,6.4775386,6.741455,6.3745074,5.611432,7.8196483,5.031147,5.730087,6.055582,6.542454,6.6458507,6.490178,6.514846,6.626912,6.369879,6.449680962689953
6.259637310505756,6.128626346588135,6.258494853973389,6.223160743713379,6.295716368931099,6.091305255889893,6.0080438593693355,6.032756488116749,5.840509597723251,5.7340569496154785,5.850377333362695,5.928434592575432,5.516867637634277,5.875699520111084,5.944827079772949,5.925296306610107,5.983920112679851,5.8918633460998535,6.016719822428922,6.1508556159696886,6.047725688526282,5.901622295379639,5.868958180885089,5.9690579248818425,5.89509916305542,6.4666147,6.166509,6.7881656,6.09274,6.5280704,5.829806,5.6089697,6.1915846,6.7218885,5.2794757,4.6191635,6.5850277,5.078631,5.718649,5.9081264,6.513762,6.241056,5.9451156,6.287883,6.2212076,6.0396223,6.272436926672134
4.449771646944906,6.272587776184082,6.298190116882324,6.293956279754639,6.498329968137772,6.316525936126709,6.267371512217507,6.242531044065045,6.259324395084849,6.259507656097412,6.135589971299106,6.299597173938398,6.204939365386963,6.224456310272217,6.185725688934326,6.192169189453125,6.224186539860801,6.091353893280029,6.273484997806324,6.269996636445989,6.264351806524644,6.234731197357178,6.207552758744241,6.253608870289625,6.284201622009277,6.1921053,6.1358933,6.3158646,6.065838,6.2089777,5.5823464,6.178957,5.7610717,5.995557,5.6930375,6.116042,6.568294,5.056201,5.718649,6.1072197,6.6381664,6.324318,6.415176,6.355468,6.4881573,6.095867,6.447371622287303
7.301029995663981,5.791996955871582,5.969078063964844,5.880842685699463,5.975514391328182,5.880451202392578,6.335688995315336,6.1804095573838636,6.251041069079906,6.157838821411133,6.138801749315942,6.02117055499165,5.534159183502197,6.166984558105469,6.198308944702148,6.195987224578857,6.1164940042524405,6.204071521759033,6.0964296375502,6.191547664365782,5.879712596280388,6.054854393005371,6.022469872296264,6.080129650565892,6.063186168670654,5.6430883,5.657398,5.540615,5.679013,5.5746813,6.2525244,5.737473,5.5575867,5.4838815,5.2329087,6.665611,6.119234,5.238987,5.8674,6.180618,5.793968,6.2037764,5.884817,5.759555,5.9683642,5.802075,5.961750208473994
5.183758700008217,6.346776962280273,6.274720191955566,6.3253960609436035,6.435649305209864,6.383268356323242,6.256439439790846,6.198058941623424,5.8647289961864875,6.436192989349365,6.208827699010628,6.6203949305509155,5.945510387420654,6.215366840362549,6.112618446350098,6.11448335647583,6.164372109196103,6.044008255004883,6.209452245378883,6.287162200547323,5.656942939490418,5.594400405883789,5.7803364902198755,6.07960952182581,6.1257219314575195,6.202617,6.090382,6.424265,6.0156417,6.319766,5.651334,6.009693,5.859417,6.2876587,5.9629335,5.68893,6.117159,5.0219283,5.730087,6.0553155,6.6261935,6.61993,6.459817,6.5552793,6.7032595,6.1200805,6.502973310181719
5.183758700008217,6.1766533851623535,6.115751266479492,6.167877197265625,6.159296369979563,6.1553802490234375,6.225995012453345,6.283307006528492,6.228181298856493,6.179269790649414,6.23184641222736,6.155420464103071,6.512203693389893,6.220396041870117,6.250161170959473,6.236345291137695,6.225911510143404,6.336555004119873,6.291222901874457,6.283837681766943,6.282133321741727,6.297299861907959,6.324206998925981,6.281502984327805,6.102564811706543,6.2734857,6.142352,6.522329,6.063076,6.4644294,5.6948133,6.275423,6.1838617,6.346938,6.179335,6.287014,6.518364,5.039635,5.724593,5.8963494,6.50048,6.3226233,6.3715715,6.3385057,6.253709,6.169945,6.277483562746374
7.301029995663981,6.319427013397217,6.406054496765137,6.340179443359375,6.504805781849174,6.375466346740723,5.36907397168166,5.494190813460158,4.629430848911406,5.252321720123291,5.685119595205253,5.496033756139978,5.700745105743408,5.463228225708008,5.367442607879639,5.370097637176514,5.538409748199997,5.283446311950684,4.770152666670495,5.528145964854604,4.741313456976231,4.815670490264893,4.9620045897358,5.431698031914893,5.363165378570557,6.2565866,6.0184917,6.4697294,5.9538913,6.3741508,5.63678,5.946171,5.836439,6.0280275,6.0217557,6.50052,6.2039084,5.0556293,5.718649,6.020627,6.625925,6.4354296,6.1054664,6.4291973,6.609669,6.112353,6.458212253210938
5.183758700008217,5.933280944824219,6.197917938232422,6.092001914978027,6.130215910392642,6.054681301116943,6.167136619696305,6.173512015566449,6.0434571878765695,6.057735919952393,6.1694930137118495,5.880032432098118,5.617578983306885,6.08649206161499,6.143190860748291,6.136728763580322,6.163183689200066,6.182801246643066,6.168212946312435,6.229319790894641,6.321289664451236,6.1035475730896,6.2286920370195125,6.138600201990547,6.449355125427246,6.335574,5.3695936,5.8157043,5.3905215,5.9162817,6.3580723,6.947839,6.4849453,6.9628534,6.3230925,6.018573,7.096993,5.549289,5.8641834,6.232135,6.180991,5.4736834,5.808178,5.9810586,5.9542656,6.1031914,6.087883507076919
6.150514997831991,5.891604900360107,5.865625858306885,5.849099636077881,5.873580081029387,6.006529331207275,6.613820078435901,6.2060259367224555,6.295559622013948,6.535195350646973,6.3113269683371245,6.146060310844064,6.242408752441406,6.339850425720215,6.275382041931152,6.286979675292969,6.2062974793051815,6.338988780975342,6.2728896102502745,6.300772661511859,6.1447655967000765,6.366550922393799,6.215787428977652,6.182218820563304,6.309429168701172,5.3460174,5.8126526,4.8435283,5.8635173,4.8556376,6.5086083,5.1508617,5.1096306,5.0918303,4.686916,4.729676,4.6916523,5.629201,5.8674,6.017925,5.8441076,6.039052,5.802303,5.9059505,5.727352,5.476191,5.872486143979068
5.183758700008217,5.810985565185547,5.911913871765137,5.878690719604492,5.8447580929428575,5.862929344177246,6.2382489598291855,6.147977887207423,5.899556519528973,5.524706840515137,6.311532528546893,6.184106240870923,6.661767482757568,6.1141557693481445,6.135932445526123,6.141839504241943,5.954401722114641,6.223682403564453,6.294559415066383,6.227943788061563,6.701866790836025,6.5025482177734375,6.45003125783323,6.317364575730574,5.871705055236816,6.152404,6.0723,6.3610773,6.076458,6.3176603,6.5374494,5.6420393,5.7859726,5.934506,5.658002,5.949748,5.9210606,5.3707104,5.850172,6.170818,5.6527905,5.762278,6.118607,5.998801,6.0054073,5.966913,5.875494066478787
7.301029995663981,6.030155658721924,6.04073429107666,6.015869617462158,6.1936916324304825,6.104904651641846,6.179690681442044,6.074832791073857,6.118863690159397,6.060262680053711,6.016813056057393,6.0364633646570685,5.897733211517334,6.078633785247803,6.049588680267334,6.050963401794434,6.071971505208524,6.068983554840088,6.211224381002339,6.205618288140801,6.243732509279066,6.129083633422852,6.120466870798552,6.1556874686904735,6.388794422149658,5.5209947,5.6528215,5.4716396,5.684904,5.5977674,5.0420732,5.6411543,6.1528044,5.5980926,5.227579,6.1568766,6.098823,5.314539,5.747301,6.113411,6.1345496,6.5341334,6.179707,6.29827,6.411567,5.828951,6.225558833043709
6.259637310505756,6.033289909362793,6.027975082397461,6.036103248596191,6.173874103838003,6.030350208282471,6.095527418858629,6.216957729442296,5.751735584643762,6.069270610809326,5.966030897117856,6.26077320752059,6.098825931549072,6.114266395568848,6.140143394470215,6.1373724937438965,6.159193636272224,6.204164981842041,6.246602384907743,6.249459667138791,6.122120156656551,6.278693675994873,6.317073577742718,6.1794371150129805,6.169900417327881,5.8722534,5.941629,5.95597,5.936084,5.9242625,5.5419483,5.5864105,5.8172994,5.836987,5.962274,6.403475,6.0834627,5.072425,5.724593,5.8992643,6.4116282,6.053302,6.2774034,6.1912355,6.132918,5.9312415,6.190755181495133
4.449771646944906,4.476356029510498,4.575977802276611,4.578362464904785,4.471677158483317,4.454382419586182,4.449771646944902,4.449771646944897,4.446697495426533,4.440213203430176,4.471489969686222,4.359450002340523,4.226801872253418,4.370876789093018,4.410687446594238,4.411276817321777,4.4227719721114465,4.348134994506836,4.458279996359262,4.481641513791253,4.458127966806686,4.491379261016846,4.4976489458089235,4.263024710436427,4.163291931152344,5.492094,4.8612566,5.308537,4.838612,5.2495003,5.19617,6.4874296,6.090458,6.369711,6.4430594,6.320605,6.6536202,5.413555,5.7363496,4.5764027,4.5056014,4.430168,4.6385,4.4929495,4.531485,5.3818035,4.524150979804846
4.449771646944906,4.497696876525879,4.506399154663086,4.515644073486328,4.3953635567159175,4.460537910461426,4.428646001856735,4.449789955545929,4.444091658223857,4.447719097137451,4.4987681104789985,4.414874610091061,3.999868392944336,4.455488204956055,4.496923446655273,4.499176502227783,4.461934369292989,4.508321762084961,4.459508755132936,4.481730894427335,4.306124224823799,4.382122993469238,4.457422271513875,4.24950676804239,4.332891941070557,5.383809,4.8302007,5.0848994,4.880983,4.956231,5.2935014,5.8256636,5.880806,5.6985416,6.4087653,6.260564,5.4648933,5.245219,5.686436,4.4310675,4.4779735,4.4358563,4.529327,4.452395,4.450251,5.1838694,4.45655057904578
5.183758700008217,5.199432373046875,5.184937953948975,5.201967239379883,5.159556929872897,5.1913604736328125,5.2807179471444785,5.185529882856024,5.185738321216718,5.183389663696289,5.220397888706046,5.231590287779868,5.123697280883789,5.155614852905273,5.149704456329346,5.157550811767578,5.16481053075095,5.126278877258301,5.158864530500097,5.201232636653916,5.185232979091858,5.176276683807373,5.1526634397181486,5.143033931577618,5.2394914627075195,5.6989284,5.5818844,5.6231904,5.5873203,5.495666,5.400232,5.6446047,5.90516,5.6547294,6.13998,6.383696,5.72344,5.59474,5.7104187,5.157903,5.1851916,5.185409,5.238755,5.1849384,5.1740494,5.563512,5.175706252580342
5.183758700008217,5.190609455108643,5.19801664352417,5.197620391845703,5.170492205984801,5.171123027801514,5.187755566781372,5.186040483316412,5.183432296909772,5.177672386169434,5.185962912656438,5.214483723908462,5.08724308013916,5.155055999755859,5.160671234130859,5.161197185516357,5.178800808810478,5.146601676940918,5.181649299524512,5.210364281368451,5.160500417595096,5.156982898712158,5.172561221953105,5.148484699918973,5.294211387634277,5.756466,5.6197762,5.7383943,5.622428,5.6842837,5.4085264,5.850833,5.7130404,5.39991,6.2421365,6.4495087,5.7199883,5.7726855,5.7363496,5.221065,5.1848803,5.146642,5.2254515,5.181585,5.139265,5.590661,5.179967333294086
5.183758700008217,5.251743793487549,5.253218173980713,5.261099338531494,5.170596860558783,5.228987216949463,5.18769814609486,5.189294903378609,5.1883718335119795,5.215457916259766,5.128020175438135,5.20822760393232,4.97719144821167,5.178183555603027,5.166953086853027,5.172001838684082,5.175374316382103,5.137463092803955,5.193101980056606,5.2166635219910615,5.177669362772782,5.17974853515625,5.174123331987896,5.11210469271285,5.19542932510376,5.9237328,5.525513,6.0174913,5.4983993,5.857341,5.3467617,6.068409,5.7439137,5.7778797,5.991595,6.292011,5.666614,5.7829294,5.7104187,5.16444,5.1932435,5.180264,5.217813,5.1837587,5.17355,5.6158037,5.180349717003792
7.301029995663981,7.1587677001953125,7.1944756507873535,7.168240070343018,7.299381094755178,7.2090067863464355,7.303921958688808,7.296905972637527,7.299709867053312,7.296142578125,7.271620708427584,7.277674187062055,7.060416221618652,7.278977870941162,7.307470798492432,7.302083492279053,7.3098760520014405,7.2877726554870605,7.2878238392000325,7.299365071858585,7.282888456820289,7.2600483894348145,7.250885666444076,7.278736451530833,7.035743236541748,6.528137,7.052711,6.7136745,7.0966725,6.8039837,6.301042,5.577765,5.5594673,6.1359982,5.9656878,5.92564,5.055892,6.623972,7.1212125,7.3014994,7.227045,7.2496943,7.268228,7.30103,7.2948785,6.6052117,7.263746785880681
7.301029995663981,7.052374839782715,7.130542755126953,7.095829010009766,7.306249659311694,7.180325984954834,7.305004249017529,7.29676010528901,7.2995282382674755,7.299704074859619,7.311143255411818,7.28119626209717,7.756739139556885,7.307526111602783,7.278417587280273,7.271981716156006,7.280218009359982,7.318194389343262,7.29865467116052,7.298536495606668,7.320344756941616,7.379974365234375,7.387762847382829,7.292180756228698,7.148528575897217,6.0317135,6.7570024,6.178318,6.839263,6.2812977,5.4046082,5.617618,5.707286,5.4529114,5.845986,5.1592436,5.3992395,6.231086,7.2945805,7.3017373,7.284589,7.3014474,7.304448,7.30103,7.296959,6.3995185,7.293072193276248
7.301029995663981,7.198301315307617,7.274424076080322,7.257445812225342,7.3167357389690455,7.232913970947266,7.304739487843507,7.297165410506584,7.30165296564914,7.309615135192871,7.368532118751751,7.376985260817669,7.388542652130127,7.2833075523376465,7.312078475952148,7.309683799743652,7.313341931432087,7.315556526184082,7.2941989971423205,7.298084845879539,7.292493912973736,7.262746334075928,7.252251364895656,7.347414971487718,7.441335201263428,6.5223207,6.904675,6.9999275,6.8923516,6.835754,5.811954,5.3146963,5.7086644,6.7584925,5.9697084,6.34367,5.4548883,6.7730904,7.30103,7.3009596,7.2931275,7.298879,7.3435807,7.30103,7.2989383,6.6713877,7.296903109013837
7.301029995663981,7.119157791137695,7.232836723327637,7.215950965881348,7.282116291238124,7.117856025695801,7.304739487843507,7.29607640885159,7.303579980761812,7.299199104309082,7.287724287064744,7.410673119719105,7.328429698944092,7.257523536682129,7.2646965980529785,7.268506050109863,7.300658922303985,7.2872724533081055,7.2941989971423205,7.298084845879539,7.292493912973736,7.262746334075928,7.256483498393784,7.296334846703386,7.439249515533447,7.043205,7.119621,7.3379884,7.121896,7.395011,6.084236,6.891924,5.791429,6.456111,5.983537,5.0179048,6.418457,6.4106617,7.29727,7.308936,7.2277117,7.299508,7.3901267,7.3117747,7.308403,6.810785,7.272735199169855
6.150514997831991,6.036605358123779,6.057785987854004,6.054445266723633,6.10024730816145,6.053112506866455,6.218881651007416,6.209134369795791,6.103199076091014,6.113409519195557,6.170263212543029,6.2077039981626285,6.093009948730469,6.170377254486084,6.203467845916748,6.189288139343262,6.174577698886747,6.214684009552002,6.2582593468308465,6.250806367849656,6.177805308648547,6.14468240737915,6.155568011364508,6.193262878607087,6.218515872955322,5.9584627,6.146586,6.1110344,6.036273,6.0362635,5.2468734,6.396508,6.095948,6.1586647,6.1035457,6.1624374,6.4034457,5.6322765,5.8078604,6.0928764,6.1541,6.151063,6.1077347,6.1473556,6.123206,6.053626,6.1311241471804525
6.150514997831991,6.157137870788574,6.173678874969482,6.166814804077148,6.193643749704026,6.195388317108154,6.233203039556941,6.238517264748885,6.149460079883468,6.228052139282227,6.309034705516229,6.163652010394925,6.135488033294678,6.197032451629639,6.2206830978393555,6.2148027420043945,6.216132883298671,6.220512390136719,6.258316909679904,6.253721260668645,6.182567821111605,6.14468240737915,6.14112015230818,6.214938032967493,6.283391952514648,6.0938983,6.481183,5.8999434,6.4383917,5.713567,5.8763547,6.6853733,6.559275,6.6639953,6.318355,6.223012,6.957978,5.8600507,5.8078604,6.1301436,6.2703285,6.150043,6.241493,6.153473,6.143391,6.233405,6.195900339103375
6.150514997831991,6.154547691345215,6.1572651863098145,6.1495866775512695,6.193745124093104,6.214450359344482,6.233203039556941,6.243065016763553,6.15732617460574,6.2244439125061035,6.309034705516229,6.090461467470392,6.039527416229248,6.193230628967285,6.223052024841309,6.217117786407471,6.22088588949097,6.240161418914795,6.258316909679904,6.253051217980544,6.182567821111605,6.14468240737915,6.145595445730687,6.210341819783459,6.307506561279297,5.9615574,6.3919153,5.7286572,6.370121,5.677253,5.802236,6.8003836,6.5661974,6.592908,6.465902,6.2757177,6.890222,5.831911,5.8078604,6.1225257,6.2672954,6.146933,6.223978,6.1513214,6.1416674,6.210828,6.192044851699795
6.259637310505756,6.195627689361572,6.207928657531738,6.205416679382324,6.28356270107422,6.226329803466797,6.253443974663845,6.273250509323686,6.276827218182825,6.246971130371094,6.229632823946643,6.21847432186787,6.105788707733154,6.227755069732666,6.25616979598999,6.248030662536621,6.263637745714161,6.2626543045043945,6.263441661513073,6.253028033116726,6.182567821111605,6.14468240737915,6.187880602500863,6.214891058220607,6.302567958831787,5.995742,6.3414426,6.048231,6.3381023,6.019108,5.686951,5.923181,6.070697,6.092598,6.4958773,6.3987007,6.0311375,5.938992,5.845606,6.2530966,6.3192058,6.247718,6.391466,6.26704,6.2855606,6.149522,6.289480105833277
6.150514997831991,5.901000499725342,5.9942522048950195,5.9753522872924805,6.129776362155753,5.939239025115967,6.2268756084156305,6.237396952084192,6.152211641232092,6.124353885650635,6.137340975547699,6.020158776486564,5.85302209854126,6.126282691955566,6.22112512588501,6.193543910980225,6.193685329866764,6.2052507400512695,6.255931992929115,6.2626693702404195,6.18572685017075,6.148355960845947,6.034885277524958,6.1809617439918085,6.0621137619018555,6.0450034,5.961365,6.2485557,5.9052653,6.18299,5.2370143,6.175819,5.669699,5.7700486,6.2655215,5.692602,6.7007265,5.6923466,5.8078604,6.109849,6.1316223,5.8833694,6.0165977,6.13144,6.1283026,5.9878,6.107767617424527
6.150514997831991,6.291525363922119,6.23160457611084,6.2125983238220215,6.2653068650901425,6.312860488891602,6.300563532201617,6.289340941702335,6.2759808516864455,6.209316730499268,6.384237166142493,6.340928050486772,6.614960193634033,6.335945129394531,6.28229284286499,6.280718803405762,6.29833343008557,6.351892471313477,6.285056386915387,6.254429661119399,6.321816780093723,6.32557487487793,6.377285430833484,6.283247310335609,6.258760929107666,6.3623443,6.1535764,6.254896,6.2920227,6.307439,6.075843,5.843472,7.5701604,5.6080065,5.981911,6.3437767,6.6179943,6.9958773,5.882705,6.161326,6.1188865,6.0912256,6.0444446,6.1240444,6.308194,6.2569075,6.173828231915303
7.301029995663981,7.221102714538574,7.316203594207764,7.307210922241211,7.29767215138846,7.176241874694824,7.287389115359833,7.295871691461567,7.298369196731888,7.299091339111328,7.260190456760445,7.243789746822579,7.122366905212402,7.223126411437988,7.265232086181641,7.25940465927124,7.3200016341278715,7.254586696624756,7.2878238392000325,7.298773736830697,7.287346965861338,7.2600483894348145,7.250885666444076,7.294989973045645,7.059341907501221,6.6238174,7.1038923,7.066355,7.124932,7.165954,6.699921,6.91755,6.283285,7.051024,6.4135284,5.924231,7.449157,6.383112,7.16416,7.293693,7.2932105,7.297548,7.3003364,7.30103,7.3026257,6.957968,7.295944931383446
6.259637310505756,6.18695592880249,6.373276710510254,6.305666446685791,6.139479681347363,6.37012243270874,5.930977967360636,6.174295590494536,6.09764229604778,6.298098087310791,5.756232549885394,5.976867632158686,5.259627819061279,5.932542324066162,5.9820475578308105,5.972465515136719,6.076835230538366,5.885993957519531,6.16809883518173,6.218155703634068,5.6418840032731055,6.0565900802612305,6.0564548934844025,6.001726011127195,5.489581108093262,6.729117,5.91951,7.03172,5.660613,6.618453,6.048582,4.3365803,4.0256934,4.0389934,3.8657045,-3.470181,4.1783915,6.148049,5.850458,6.255194,6.1710186,6.280671,6.438209,6.2273955,6.2715807,5.231288,6.224332049092751
4.449771646944906,4.472996711730957,4.446232318878174,4.450259685516357,4.456616808519688,4.414449691772461,4.451464743800083,4.451829054743978,4.449595140746427,4.449466705322266,4.466439470446179,4.357999482441482,4.577724933624268,4.408319473266602,4.420797348022461,4.428164482116699,4.451701122615367,4.391696929931641,4.468773781236709,4.492544036543834,4.46329519138838,4.483788013458252,4.502351382738135,4.464062877477088,4.5392069816589355,5.138642,4.7541637,4.6904297,4.800187,4.8644204,6.0638566,5.650104,4.9707646,4.6268897,5.4256606,5.17627,4.7402887,5.6278286,5.8674,4.475303,4.4870524,4.428211,4.3759513,4.45588,4.4312687,4.952529,4.466290445188543
5.183758700008217,5.053262710571289,5.10191011428833,5.117196083068848,5.032661949876413,4.9867634773254395,5.019902047608625,5.1121648453236475,5.095694248940135,4.816368579864502,4.90029841656484,5.466676724173724,4.473288059234619,5.064724922180176,5.13421106338501,5.1126556396484375,5.032636243466227,5.223047256469727,5.081956755970867,5.094929128436243,4.918904663648852,4.90706205368042,4.949662845779846,4.833095805871883,4.808420658111572,5.6849756,6.5535903,5.5789595,6.496836,5.924344,5.6223097,4.541272,5.349719,6.8054194,5.316408,2.7643635,4.8283477,5.7606373,5.7564154,5.157782,5.1786895,5.1660557,5.100776,5.3121896,4.9805965,5.3939843,5.12407538080028
4.449771646944906,5.062638759613037,4.984858512878418,5.025445461273193,4.783763099187276,5.075338363647461,4.487610177938755,4.581569646781031,4.450317316492314,4.44969367980957,4.493216260888399,4.7492296155341265,4.556914806365967,4.69433069229126,4.666840076446533,4.665780544281006,4.602617166579776,4.645238876342773,4.479835618967947,4.578941286323194,4.431371336614179,4.466047286987305,4.352123534418192,4.702980338817525,4.187648296356201,5.685371,4.969592,5.461256,4.909322,5.3285837,6.321217,7.0418763,6.6838827,7.166443,5.1460624,6.5567975,6.1967773,5.758648,5.8680005,4.7680755,4.732039,4.949323,4.9309177,4.8867674,5.0518627,5.6206408,4.834769302333479
5.183758700008217,5.25297212600708,5.224608898162842,5.2548723220825195,5.189639618887851,5.216584205627441,5.219859643860283,5.232841036203305,5.193413535212021,5.184328556060791,5.3594270883713016,5.37015361403398,5.147339820861816,5.21791410446167,5.238585472106934,5.246328353881836,5.211714896046144,5.220817565917969,5.17059596538112,5.208920025053635,5.240226147456862,5.176276683807373,5.163267529215628,5.190758338503112,5.3269171714782715,5.912115,5.746,5.7833834,5.713904,5.9835434,6.1971917,6.1401634,6.1630335,6.63942,5.0879793,6.337418,5.765725,5.751816,5.8674,5.1754446,5.1915154,5.2975125,5.3913574,5.2917175,5.3209076,5.737878,5.226757299347863
5.183758700008217,5.2327446937561035,5.248342990875244,5.249555587768555,5.254575367458614,5.222683906555176,5.200426249485124,5.1833076227283765,5.190004264043613,5.192342758178711,5.18138468796907,5.258722526040384,5.416922569274902,5.219277858734131,5.179476737976074,5.184920310974121,5.184035951797249,5.19745397567749,5.18448011957371,5.184605681259645,5.177639091680845,5.18424654006958,5.16573248031608,5.165993193082625,5.107117176055908,5.74786,5.727421,5.820971,5.7274694,5.7659054,5.673889,6.0181527,6.375014,6.0002875,6.1175284,4.1103272,5.9449263,6.049546,5.8570967,5.1726084,5.262995,5.19997,5.2012234,5.2738256,5.234001,5.614051,5.228985922670937
7.301029995663981,7.127785682678223,7.210976600646973,7.154723167419434,7.285999939428823,7.2333760261535645,7.304739487843507,7.291670824312757,7.30366672498242,7.309739589691162,7.373689624456058,7.268101774841247,7.420074462890625,7.316585540771484,7.337684154510498,7.330693244934082,7.312038718952573,7.350786209106445,7.2941989971423205,7.298084845879539,7.292493912973736,7.262746334075928,7.3046482819761644,7.283607479674324,7.236628532409668,6.0963974,6.7703233,6.2974043,6.759463,6.352024,6.209645,6.100236,6.0488167,6.4426117,4.934382,5.7112803,5.803296,6.325019,7.169302,7.307412,7.240816,7.2801757,7.435492,7.300766,7.2928085,6.543883,7.2728745067053415
6.259637310505756,6.178399085998535,6.236159324645996,6.21091890335083,6.2472650286728415,6.165342807769775,6.254504359987913,6.297514533828944,6.211016036330773,6.228116512298584,6.281612635511779,6.357492225983503,5.752360820770264,6.257468223571777,6.28938627243042,6.280309677124023,6.278142773637499,6.358823776245117,6.289819015164594,6.2844364103281425,6.283151808393319,6.302155494689941,6.302153453974682,6.248832680360921,6.251903057098389,6.1896114,6.180685,6.292054,6.1995225,6.5105305,5.280905,5.87271,7.3455997,5.1689982,6.248953,5.4911304,7.0370793,6.162529,5.782287,6.231147,6.2448883,6.2555614,6.2588167,6.256176,6.25718,6.163318,6.24524815631653
6.259637310505756,6.187560081481934,6.1806111335754395,6.189333438873291,6.265075718504888,6.191601276397705,6.260382954129691,6.290065939404245,6.260126655115708,6.2640461921691895,6.165137956444767,6.261905018090005,6.399804592132568,6.2590532302856445,6.273232936859131,6.263689041137695,6.274659179805004,6.286146640777588,6.293541553841133,6.2834545675174525,6.267841940725725,6.288722991943359,6.308338077012168,6.263881068172706,6.3271002769470215,5.908668,6.1763783,6.0341463,6.191911,5.9658813,6.238048,5.3454638,5.3092465,5.350998,5.766439,5.4726734,5.3712645,6.003202,5.9101405,6.249343,6.254797,6.2645903,6.2975287,6.2596374,6.260295,5.9315324,6.2554863426835725
5.183758700008217,5.065898895263672,5.072533130645752,5.078882217407227,5.155737191349322,5.041843891143799,5.1805637083409,5.177462796993556,5.2870003984642215,5.162415504455566,5.277660946534857,5.031927959908142,5.5950751304626465,5.253467559814453,5.235710144042969,5.232481002807617,5.194651557517463,5.343164920806885,5.199966022113714,5.220739338913422,5.369649341644395,5.275346279144287,5.451887919003868,4.997578097332411,4.976724624633789,5.3004827,5.255492,5.0352902,5.248128,5.236263,5.156686,5.681562,5.797049,5.351097,5.8085737,5.529107,5.74432,5.9186554,5.8570967,5.139855,5.1796193,5.1366878,5.1086965,5.180823,5.1420608,5.390377,5.15750097919238
6.150514997831991,6.106421947479248,6.109823226928711,6.098935604095459,6.058976803872353,6.127980709075928,6.292736807522456,6.2840531607335235,6.248714609999291,6.25489616394043,6.248230203387501,6.306789404561929,6.365588188171387,6.286208629608154,6.291889667510986,6.278989791870117,6.272252178630381,6.304186820983887,6.271864816400897,6.253051217980544,6.282329246891984,6.254424571990967,6.2192095558741425,6.256532321871257,6.147716045379639,5.930133,6.287465,6.0021276,6.2940845,6.125901,5.7858896,5.3940744,5.817621,5.8388257,5.960868,6.2746563,5.107764,6.1746893,5.8753076,6.227754,5.984119,6.1496353,6.059172,6.153219,6.1133847,5.977835,6.088000862165309
7.301029995663981,6.945607662200928,7.129393577575684,7.10064697265625,7.2599551736269445,6.92263650894165,7.301451912654207,7.299833902300773,7.299902343852101,7.290259838104248,7.171701946015251,7.207638923386373,7.595633506774902,7.2610859870910645,7.264414310455322,7.262606143951416,7.30139255289207,7.283901214599609,7.313476711703323,7.326844880522434,7.2869236174743115,7.269139289855957,7.247739434254406,7.179688249219048,7.599534511566162,6.258185,6.9809732,6.5206313,6.976548,6.4722176,5.3987427,4.8957763,4.8403096,6.2587223,5.6645374,5.136381,5.681572,6.4353414,7.30103,7.300923,7.2593746,7.3055277,7.3343887,7.30103,7.274809,6.4298506,7.276744494115372
5.183758700008217,5.1140360832214355,5.216658115386963,5.1953582763671875,5.185350496459735,5.097560882568359,5.189519497812215,5.188749472965126,5.191691156624101,5.192361831665039,5.17417248093043,5.061782767157836,4.9631757736206055,5.17277717590332,5.202127456665039,5.209464073181152,5.206458263200011,5.178462505340576,5.186565530756885,5.216206800566115,5.131587299591772,5.153508186340332,5.219755461478846,5.176724584113249,4.8225603103637695,5.69317,5.39734,5.28048,5.368491,5.396339,5.4625974,6.146716,5.8694763,5.95788,6.454707,6.624445,6.9476047,5.8019013,5.8570557,5.133902,5.277909,5.1923223,5.1192303,5.1793547,5.165842,5.666338,5.2086406889790435
5.183758700008217,5.291376113891602,5.247856140136719,5.291463375091553,5.2114688475736655,5.24781608581543,5.192946378337624,5.193546018363131,5.177921037746242,5.209977149963379,5.166274311707893,5.21863983541519,5.38052225112915,5.213974475860596,5.188343524932861,5.192758560180664,5.188621040969777,5.160369396209717,5.190226849691303,5.225159068062607,5.177669362772782,5.17974853515625,5.166401018753591,5.101796760008941,4.973061561584473,5.6258845,5.346297,5.084066,5.272074,5.3955383,6.3940015,6.0929265,5.9332113,5.654334,6.347852,6.310735,6.3198233,6.069556,5.8674,5.0862336,5.2347736,5.3350735,5.2063003,5.2498784,5.2569423,5.6541452,5.210472979499062
5.183758700008217,5.163996696472168,5.127017974853516,5.137163162231445,5.156108235995415,5.152326583862305,5.185091171068585,5.184617615075235,5.181912239155138,5.188124656677246,5.129356556002486,5.201879257277249,5.284516334533691,5.15528678894043,5.124797344207764,5.132327556610107,5.166283522010536,5.128320693969727,5.158864530500097,5.199185029213702,5.184160373290807,5.176276683807373,5.16388387820695,5.127955534344889,5.151080131530762,5.0893536,5.1907215,4.869817,5.249049,4.773265,5.1729207,5.6016397,5.8682895,5.205088,6.0803027,6.000668,5.4321394,5.8970647,5.8570967,5.138055,5.185767,5.2161264,5.109913,5.1822906,5.1404543,5.363001,5.164984452262763
4.449771646944906,4.41714334487915,4.437834739685059,4.447440147399902,4.413933291463367,4.344150543212891,4.449771646944902,4.450073738861915,4.449799238704487,4.445745944976807,4.50473332605449,4.452266449603406,4.649390697479248,4.471529960632324,4.4685163497924805,4.482571601867676,4.441202633326767,4.442166328430176,4.465270339219921,4.481730894427335,4.490834276245688,4.4808478355407715,4.487025637956226,4.323951861139276,4.210556507110596,5.0644054,4.588408,4.5201774,4.5750537,4.738038,5.0255346,5.678604,5.795244,5.3409376,5.803995,5.529053,5.7421427,5.7139525,5.8570967,4.4776177,4.457353,4.4499135,4.4310336,4.45048,4.442823,5.034093,4.458293290457388
4.449771646944906,4.41714334487915,4.437834739685059,4.447440147399902,4.413933291463367,4.344150543212891,4.449771646944902,4.450073738861915,4.449799238704487,4.445745944976807,4.50473332605449,4.452266449603406,4.649390697479248,4.471529960632324,4.4685163497924805,4.482571601867676,4.441202633326767,4.442166328430176,4.465270339219921,4.481730894427335,4.490834276245688,4.4808478355407715,4.487025637956226,4.323951861139276,4.210556507110596,5.0644054,4.588408,4.5201774,4.5750537,4.738038,5.0255346,5.678604,5.795244,5.3409376,5.803995,5.529053,5.7421427,5.7139525,5.8570967,4.4776177,4.457353,4.4499135,4.4310336,4.45048,4.442823,5.034093,4.458293290457388
7.301029995663981,7.083774089813232,7.153111457824707,7.119345664978027,7.3028933095281445,7.17595100402832,7.340726993246439,7.297025767801567,7.29517276483147,7.305713176727295,7.350040778916496,7.283169880343032,7.262901782989502,7.301059246063232,7.306410312652588,7.300607681274414,7.317475385519916,7.302841663360596,7.291798957466807,7.317222862071068,7.293458809167117,7.265803813934326,7.245467121437059,7.267130449765518,7.109365463256836,5.9820023,6.8310747,6.208585,6.8592467,6.452079,5.6998734,5.7454615,6.0357714,6.1148634,5.908264,4.664664,5.60514,6.3623095,7.16416,7.300684,7.2448344,7.357125,7.3384795,7.30103,7.2741404,6.47249,7.2738503627161855
4.449771646944906,4.59295654296875,4.599981307983398,4.616342544555664,4.478962445781903,4.567666530609131,4.449771646944901,4.449771646944897,4.4508413588870965,4.450839519500732,4.477463403127179,4.530127565816779,4.417200565338135,4.442655086517334,4.440148830413818,4.449239730834961,4.450801490424265,4.381132125854492,4.468175470981099,4.48563485562654,4.46133652488928,4.477555751800537,4.49872069970836,4.545870877284635,4.511280536651611,5.2302623,4.579527,4.464057,4.588957,4.6719317,5.343628,5.8339987,5.97146,5.896274,6.080895,6.3964705,5.5089164,5.895661,5.8570967,4.514251,4.5414486,4.4764447,4.446717,4.4672623,4.448883,5.160707,4.507404760867701
4.449771646944906,4.542326927185059,4.55815315246582,4.583767890930176,4.464301648939448,4.497889518737793,4.449771646944902,4.449780480041886,4.44989839214116,4.450284481048584,4.491105383202559,4.54384968025074,4.304680347442627,4.4496660232543945,4.433443069458008,4.436186790466309,4.440821231530688,4.440935134887695,4.465105514794409,4.488299938800503,4.4595859156533715,4.4900312423706055,4.4907265067914475,4.469489044016149,4.4144182205200195,5.3420935,4.6704884,4.786572,4.6825504,4.848208,5.3977237,5.8560686,6.0066757,5.9277034,6.073477,6.3705397,5.5542674,5.895661,5.8570967,4.515259,4.536278,4.4737587,4.447942,4.4672623,4.4487867,5.2079206,4.505186703701897
5.183758700008217,5.1017303466796875,5.103482723236084,5.102617263793945,5.1695497442334055,5.06883430480957,5.131659177528294,5.143157868201012,5.183863233377683,5.157036781311035,5.266647724464885,5.013437933256789,5.026177406311035,5.164897918701172,5.174246788024902,5.180838584899902,5.161729147532456,5.197912216186523,5.176894333505876,5.201472937733825,5.167661555207252,5.140353202819824,5.128520154094847,4.941061697065386,5.089898586273193,5.039863,5.143833,5.199273,5.2118273,5.11732,4.626703,5.869831,5.344117,5.302554,5.528134,5.957734,5.687761,5.632927,5.706382,5.150029,5.1972094,5.204326,5.1859684,5.1822147,5.1789956,5.32335,5.181545988533596
7.301029995663981,7.248464584350586,7.248784065246582,7.261845111846924,7.2847789517751504,7.265454292297363,7.301451912654204,7.299631622105756,7.301840671087531,7.300411224365234,7.291935697778728,7.321932506712897,7.260357856750488,7.273588180541992,7.289895057678223,7.288566589355469,7.294264221640549,7.2899370193481445,7.312226220787553,7.327702985097512,7.29604806138533,7.269139289855957,7.242431098758056,7.319499766939506,7.269265174865723,6.673772,7.1402063,6.8358507,7.095462,6.843914,6.451854,5.9253054,5.8704863,6.003329,5.6201143,6.249183,6.0236864,6.535507,7.1448374,7.3068404,7.2444973,7.298728,7.3226633,7.302849,7.2848043,6.7086945,7.273694338248761
7.301029995663981,7.097931861877441,7.197434425354004,7.196157455444336,7.262030090093638,7.05997371673584,7.305448303237457,7.298807824168959,7.340042158295461,7.3193464279174805,7.257997544048495,7.362501203211782,7.368515491485596,7.274676322937012,7.296875,7.2921857833862305,7.323935106220262,7.2821149826049805,7.295977871042977,7.30717687638641,7.303692438333373,7.265803813934326,7.245467121437059,7.270301324351022,7.191401958465576,6.6541576,6.9787836,6.8100805,6.955448,6.7363405,5.7787137,6.822264,5.7829976,6.645219,6.0549483,5.92428,7.0891333,6.6249003,7.29727,7.296492,7.2587833,7.301742,7.438108,7.30103,7.2859955,6.801834,7.277858874542192
6.259637310505756,6.293142795562744,6.4162678718566895,6.367315769195557,6.351207508764871,6.305967807769775,5.910326569482249,6.18768018266351,6.033510316262075,6.08174991607666,6.132174634388004,6.251077970037488,5.605498313903809,6.0995869636535645,6.1361236572265625,6.1470627784729,6.240347899453646,6.171545505523682,6.25114105272577,6.243521016381936,6.248547551457935,6.260598659515381,6.162770588171282,6.1520398193421215,5.779813289642334,6.4650908,6.4087515,6.635752,6.4338784,6.663251,5.895666,6.960225,5.8080153,7.8641653,6.2444267,6.653613,6.9122314,6.0891004,5.875887,6.2720776,6.398533,6.2789807,6.288948,6.249275,6.28198,6.433992,6.330107575004205
4.449771646944906,4.317278861999512,4.392484664916992,4.3940277099609375,4.411696472104864,4.238317966461182,4.455155230089825,4.45027513347326,4.449397793027347,4.444178581237793,4.480454087407839,4.460416754055194,4.407603740692139,4.40944766998291,4.433475494384766,4.43847131729126,4.4549117167044425,4.4004034996032715,4.458279996359262,4.482023139169691,4.458127966806686,4.491379261016846,4.504011876460027,4.262619164824926,4.143874168395996,4.8307204,4.3675547,4.165689,4.3404956,4.471608,5.0621386,4.8869467,5.276095,5.5119247,5.34529,5.55267,5.323849,5.7170415,5.84809,4.5055637,4.464748,4.3737955,4.417168,4.466152,4.4375057,4.8682523,4.461739679174623
4.449771646944906,4.5359015464782715,4.591055870056152,4.609058856964111,4.464731307458542,4.463225364685059,4.453377782641891,4.449771646944897,4.451433876619008,4.454913139343262,4.481662356703849,4.610434821769871,4.358907699584961,4.454351425170898,4.438355445861816,4.457592487335205,4.445132167672645,4.394932746887207,4.458279996359262,4.481641513791253,4.458127966806686,4.491379261016846,4.496846162898915,4.571760072390949,4.234811305999756,5.632474,5.0687065,5.434788,4.9805603,5.4097514,5.0516815,5.974722,5.7223406,5.4135923,5.70154,5.061394,6.361681,5.5567536,5.7390976,4.441562,4.5285106,4.461364,4.505506,4.511459,4.451911,5.2004704,4.483399490245972
4.449771646944906,4.532049655914307,4.4411163330078125,4.471149921417236,4.475745162229319,4.536276340484619,4.461138662936662,4.452289079586712,4.4522234175019815,4.460093021392822,4.4478362305476224,4.442110385111974,4.447738170623779,4.471738815307617,4.472269058227539,4.48072624206543,4.427146849496339,4.383777141571045,4.458279996359262,4.481641513791253,4.458127966806686,4.491379261016846,4.463808869166617,4.4692818074730045,4.173486709594727,4.9776216,4.7719994,3.9189696,4.778129,4.412903,4.9759545,5.259041,5.5771446,4.409581,5.868852,5.5982904,4.7885675,6.08189,5.8570967,4.4841423,4.4673815,4.491244,4.542917,4.4811425,4.504182,4.9123526,4.482251193961584
5.183758700008217,5.30272102355957,5.3068766593933105,5.308712959289551,5.165298226943306,5.2896294593811035,5.191996401752204,5.181835842455832,5.174783798648557,5.208817005157471,5.264993033322421,5.2313169435473315,5.221000671386719,5.201231479644775,5.198695182800293,5.201995372772217,5.2005296851303005,5.163581848144531,5.158864530500097,5.202550526877036,5.191373670474175,5.186581134796143,5.239899742558431,5.1559588491508554,5.264437198638916,6.1703243,5.4679823,6.1130915,5.592521,6.197935,6.587989,6.442867,6.2959943,5.945986,3.941354,6.190066,6.578044,5.8110604,5.8404236,5.1966496,5.1827693,5.22761,5.210091,5.1951194,5.18396,5.7185917,5.189691160799292
5.183758700008217,5.128030776977539,5.133744716644287,5.137227535247803,5.190293660310516,5.105276107788086,5.187546735670826,5.184803302149935,5.180441664259602,5.195821762084961,5.248523537681424,5.177440741403646,5.675827503204346,5.245052337646484,5.202590465545654,5.214601993560791,5.174050759511854,5.239625930786133,5.17490539737554,5.199209498814345,5.181357500341037,5.18424654006958,5.172217672541747,5.107461720747873,4.995291709899902,5.5492716,5.396821,5.651281,5.3985944,5.5549498,5.389406,5.97638,5.9420137,5.7715025,5.791486,5.5711913,5.9430203,6.250718,5.8570967,5.1795964,5.1955004,5.127155,5.2097507,5.187886,5.1431317,5.5543375,5.173868791761789
4.449771646944906,4.454507827758789,4.51810359954834,4.525042533874512,4.4554268210736225,4.381035804748535,4.449771646944902,4.449789955545929,4.450906541341529,4.45470666885376,4.501288616324109,4.416272312107384,4.532151222229004,4.4484968185424805,4.449226379394531,4.4704155921936035,4.455629843873982,4.367084503173828,4.465270339219921,4.481730894427335,4.459024977980899,4.4808478355407715,4.48513384416187,4.546348563376792,4.187541961669922,5.1688776,4.7536716,4.9331684,4.7121463,5.0488625,5.119625,6.1673927,5.861393,6.0944467,6.096327,5.5606213,6.2830234,6.0427656,5.8570967,4.515261,4.4866896,4.426495,4.3986206,4.5059843,4.480874,5.225667,4.488077598964734
4.449771646944906,4.3121562004089355,4.335597038269043,4.3341546058654785,4.414563417781334,4.197874069213867,4.517893437402503,4.46198269973263,4.5532745601011095,4.467184066772461,4.445934990075683,4.176608423704333,4.5328240394592285,4.461871147155762,4.509339809417725,4.508983135223389,4.525803205522949,4.543229579925537,4.492953925426687,4.493642272990396,4.500870585308223,4.483788013458252,4.4923924013482095,4.157749314108978,4.44988489151001,4.4839687,4.528713,4.2011333,4.5722136,4.153599,5.628602,4.5545864,4.968382,4.470322,5.18186,4.9808044,4.4998837,5.5891094,5.8332076,4.4711695,4.460138,4.397301,4.425015,4.451471,4.4336653,4.7142572,4.451925322887552
4.449771646944906,4.398946285247803,4.375132083892822,4.390472888946533,4.436153516634715,4.363019943237305,4.417924332505015,4.46096673584504,4.44647803140625,4.485299110412598,4.473589129530156,4.307574914722192,4.404289245605469,4.397910118103027,4.447787761688232,4.451740264892578,4.450476807877486,4.396804332733154,4.469378551129776,4.492665538126061,4.474227731739331,4.477851390838623,4.502351382738135,4.133205311308263,4.54334831237793,4.9684467,4.60582,4.6720834,4.621344,4.812665,4.8443503,5.3967237,5.383379,4.998346,5.267073,5.5316477,5.110773,5.393311,5.706382,4.452558,4.4756117,4.4509416,4.483664,4.449762,4.453926,4.9039407,4.462825913637871
5.183758700008217,5.237597465515137,5.163114547729492,5.1765313148498535,5.180413519132219,5.165126800537109,5.15150444743648,5.159501603976797,5.1744177687384,5.116198539733887,5.083399117950537,5.230660461838301,4.991043567657471,5.136793613433838,5.106752872467041,5.1171417236328125,5.1551872053291135,5.115079402923584,5.158864530500097,5.199053629865266,5.067359174688886,5.074044227600098,5.076960246310356,5.027976807775454,5.158967971801758,5.325113,5.339352,5.193217,5.4290223,5.318987,5.197591,4.908982,5.2278004,4.58138,4.4687924,5.531643,4.4693446,6.0570683,5.730087,5.191479,5.182492,5.216534,5.065913,5.1802244,5.1850934,5.1900053,5.187777971928207
5.183758700008217,5.311459064483643,5.265329360961914,5.277973651885986,5.42203271049019,5.248326778411865,5.155887039536276,5.178857076940809,5.198202280525488,5.098600387573242,5.190855000216341,5.21303333336459,5.374950408935547,5.211407661437988,5.1756391525268555,5.17940616607666,5.22631169086021,5.198653221130371,5.181649299524512,5.211120404771708,5.18488594011208,5.156982898712158,5.172561221953105,5.068445366371432,5.203083515167236,4.942602,5.1471767,4.656478,5.3669906,4.710561,5.3108172,5.0192027,4.88956,4.696071,5.327248,5.5316477,5.298641,7.0473137,5.8331056,5.3673844,5.3396153,5.439071,5.3158946,5.3036237,5.383027,5.296302,5.364207255471021
5.183758700008217,5.310300350189209,5.276700019836426,5.312378406524658,5.258847029548886,5.290180683135986,5.18949200455427,5.186767728702823,5.169384052934136,5.199501037597656,5.071371831379157,5.342876991878385,5.342865467071533,5.232752799987793,5.163591384887695,5.177790641784668,5.189990888544472,5.125218391418457,5.193101980056606,5.228627211387666,5.158968597690618,5.167351245880127,5.166401018753591,5.116017950486963,5.1069111824035645,5.428131,5.152693,5.4615498,5.184453,5.3293395,5.1206107,5.8670683,6.3822327,5.041053,5.90158,6.604251,6.4023304,6.3124905,5.7230673,5.183032,5.2344627,5.407918,5.203641,5.185134,5.2711277,5.5698085,5.243007368370004
6.259637310505756,6.2454681396484375,6.206977844238281,6.2100934982299805,6.314270762428099,6.269698143005371,6.308673492227889,6.307595471486278,6.281442656419378,6.293428421020508,6.387635151333278,6.296580493181286,6.268112659454346,6.340871334075928,6.351839542388916,6.346866607666016,6.322405182370684,6.357503414154053,6.284179302247634,6.272084035855973,6.321457920415154,6.333808898925781,6.345543223400735,6.273178338609121,6.310779094696045,5.8527403,6.2165804,5.9967036,6.2666383,6.137955,5.6740065,5.8197823,6.227487,5.8568153,6.202753,4.994655,6.0449295,6.743885,5.8795223,6.251645,6.237919,6.278415,6.1941705,6.255334,6.273373,6.070266,6.252887681385219
5.183758700008217,5.09269905090332,5.091479301452637,5.093971252441406,5.165705829585449,5.070289611816406,5.183943429843107,5.183852387358381,5.181396387947814,5.1642937660217285,5.133862916358793,5.000072987786745,5.319064140319824,5.182464122772217,5.198278427124023,5.199602127075195,5.180054458855909,5.225949287414551,5.175625873672727,5.2131831589521935,5.169938459079283,5.175939083099365,5.162852707917188,4.976847394364476,5.033804893493652,5.4429517,5.2051325,5.370093,5.1951427,5.4981594,5.427685,5.505435,6.42293,5.570954,5.88737,4.452021,4.9644837,5.9385886,5.8570967,5.1376595,5.196675,5.1889954,5.1405377,5.1818643,5.142595,5.386318,5.168236981837632
6.150514997831991,6.240734577178955,6.205511093139648,6.180473327636719,6.136436007523579,6.283590793609619,6.311201431660411,6.280516053942674,6.252055990209944,6.261013984680176,6.361946675976049,6.227346646337829,6.434510707855225,6.293392658233643,6.272532939910889,6.268369674682617,6.276024111112709,6.316337585449219,6.271864816400897,6.253721260668645,6.256960372401025,6.254424571990967,6.247691316462256,6.262653623415831,6.364941596984863,6.220478,6.219612,6.28129,6.145257,6.278593,6.631071,6.3302727,7.3744116,5.8360476,6.4340525,6.2434883,6.365635,6.255123,5.864273,6.1505756,6.0933785,6.0893073,6.1324162,6.1326237,6.124168,6.2601037,6.114824614089716
6.259637310505756,6.1481242179870605,6.182995796203613,6.172605514526367,6.190361365838842,6.120017051696777,5.848115915583184,6.083048419042416,5.714751608706393,6.208867073059082,5.697892599225895,6.010585204262586,5.734555721282959,5.9064483642578125,5.9787445068359375,5.951884746551514,6.059011172163161,5.843555927276611,6.044513228991296,6.154506363088939,6.199679859413995,6.31135892868042,5.907793282134022,5.961244675065613,5.893015384674072,6.1891313,6.418346,6.0527487,6.4040956,6.2818484,5.56088,4.3472166,5.484093,5.0408373,4.426161,4.689542,4.750302,6.1274285,5.782287,6.2186737,6.2542725,6.261987,6.335911,6.246293,6.2683496,5.75702,6.249435929033623
4.449771646944906,4.60347843170166,4.604710578918457,4.628842353820801,4.438028990964154,4.603201866149902,4.449771646944901,4.453814937455836,4.449140208134925,4.440147399902344,4.4398344879494,4.522702916152241,4.347761631011963,4.429077625274658,4.425652027130127,4.434756755828857,4.429219333443296,4.3635573387146,4.468175470981099,4.48563485562654,4.46133652488928,4.477555751800537,4.487853871143687,4.485700880470242,4.488434314727783,5.8731933,5.072745,5.701583,5.1114087,5.620697,5.508163,6.163639,6.2481804,5.1238556,7.1275206,6.334412,6.413788,5.5122705,5.731644,4.4341702,4.486684,4.440063,4.379054,4.4513144,4.404486,5.4069433,4.450204222877355
4.449771646944906,4.5334625244140625,4.547450065612793,4.563442230224609,4.3815400877660755,4.424431324005127,4.449771646944901,4.449795622493866,4.449048755214024,4.454976558685303,4.526878743156896,4.565857559843752,4.409565448760986,4.441982269287109,4.4560546875,4.4664459228515625,4.457018129671851,4.407169342041016,4.468175470981099,4.48563485562654,4.46133652488928,4.477555751800537,4.49872069970836,4.466183612078961,4.4912261962890625,5.2091703,4.8534546,4.499979,4.8780947,4.580058,6.0649567,5.273386,5.1983924,5.341671,4.9346604,6.4005904,4.9429817,5.670228,5.8674,4.486849,4.5078144,4.4481783,4.4742875,4.5949526,4.4524264,5.0339766,4.484806003750223
4.449771646944906,4.5533037185668945,4.599291801452637,4.5912041664123535,4.566077502625907,4.5527753829956055,4.449771646944902,4.452535923566528,4.448766660898274,4.449010372161865,4.489726899962197,4.616460145382837,4.814917087554932,4.540640830993652,4.481452941894531,4.494695663452148,4.471397832553306,4.404327392578125,4.465270339219921,4.481730894427335,4.463614622080481,4.4808478355407715,4.486429684543281,4.572561253037076,4.259232997894287,5.1517663,4.8524723,4.113075,4.929486,4.481388,5.475746,5.04127,5.577971,5.7582903,5.5358725,3.9110134,4.9033875,5.804449,5.8648896,4.7727494,4.506071,4.495574,4.700293,4.655821,4.5820756,4.955683,4.590116932265939
7.301029995663981,7.096940040588379,7.116962432861328,7.107049942016602,7.285069682452512,7.145758628845215,7.305448303237457,7.297301567601715,7.2917888109132925,7.29769229888916,7.342736594352902,7.236880679248297,7.205905437469482,7.287296772003174,7.313931465148926,7.306514739990234,7.316671235300717,7.3194169998168945,7.291798957466807,7.317176707562543,7.293458809167117,7.265803813934326,7.245467121437059,7.255755830277421,7.08414888381958,6.2088575,6.8073173,6.61347,6.9778147,6.5529838,5.5685763,5.803189,5.742285,5.699322,5.980857,5.5316477,5.29482,6.782224,7.2905154,7.2612677,7.223485,7.304355,7.2732916,7.30103,7.2839913,6.525065,7.25342890264542
6.259637310505756,6.178696632385254,6.1456828117370605,6.151913166046143,6.274196106939313,6.186811447143555,6.289240779894486,6.285778658736131,6.248239048559252,6.2422990798950195,6.2602589686298105,6.250638270386886,6.301105976104736,6.2715911865234375,6.285605430603027,6.273792743682861,6.291027904059347,6.304927349090576,6.265104779957927,6.253721260668645,6.263682984575776,6.268728733062744,6.235015712684558,6.2230413495422825,6.3132805824279785,5.7353463,6.234109,6.20201,6.2584105,5.94813,5.6046185,6.0819397,5.895868,5.6663775,6.332655,5.693565,5.4498296,6.1121426,5.8795223,6.2328596,6.2739134,6.2591305,6.2311697,6.2596374,6.2505097,6.0300875,6.2569427687997665
6.150514997831991,5.969585418701172,6.012048721313477,5.978538513183594,5.985174500610176,5.977806091308594,6.281140289685633,6.261794899524413,6.102482053742145,6.102150917053223,6.121723191418962,6.208509421176911,6.231699466705322,6.16126012802124,6.209864139556885,6.201069355010986,6.2077452107602245,6.2259087562561035,6.288950671805156,6.260474884570051,6.280090607001377,6.229577541351318,6.201053603810859,6.207050429146551,6.130736827850342,5.799546,5.884237,5.8511744,5.87106,5.9475174,5.91455,5.061574,5.961166,6.4302745,5.3289933,5.7556424,4.8339024,6.045439,5.885522,6.113128,5.961335,6.113202,6.1315846,6.103759,6.127409,5.856051,6.05047524209037
5.183758700008217,5.346235752105713,5.3383588790893555,5.332720756530762,5.445328298431898,5.264813423156738,5.235268970700049,5.228010211345884,5.1956048218224264,5.234885215759277,5.034723756125934,5.308033586046747,5.338652610778809,5.267142295837402,5.223662853240967,5.2269110679626465,5.254808324578851,5.22524356842041,5.177210224199482,5.222296059101533,5.117876249694821,5.0881733894348145,5.086865392002914,5.167674119388264,5.270071506500244,5.3836226,5.276117,5.247877,5.3510103,5.06363,5.6070223,4.903413,4.942037,4.709425,5.12036,5.5316477,5.3593225,6.5000343,5.8241925,5.3762527,5.374587,5.533694,5.412137,5.3493776,5.4793024,5.3672533,5.411958156547849
6.259637310505756,6.236996650695801,6.1572418212890625,6.152585506439209,6.259633274845898,6.319494247436523,6.313469069919226,6.299674218836485,6.300499528307823,6.277663230895996,6.214365244492815,6.3163600802189475,6.1835246086120605,6.3100433349609375,6.310082912445068,6.302318096160889,6.299560807998077,6.319240570068359,6.293541553841133,6.284255516396959,6.305064493717962,6.3058037757873535,6.320401670075357,6.231038961230616,6.3378520011901855,5.683762,6.0931954,5.533108,6.1488447,5.813093,5.418613,5.1849566,5.249511,4.790675,5.2145715,5.531603,5.152793,6.7295623,5.8399963,6.218343,6.2372413,6.27071,6.2776213,6.2560177,6.252174,5.79482,6.238588075244791
6.259637310505756,6.292321681976318,6.296717166900635,6.295424938201904,6.261154948591756,6.279287815093994,6.301700926891849,6.3008843051440895,6.301929909918001,6.293329238891602,6.2616501918747405,6.291183613976746,6.327445030212402,6.252779006958008,6.25521993637085,6.255094051361084,6.291279604806388,6.254044055938721,6.284147510054448,6.243689599991756,6.356495592322348,6.334321022033691,6.348573245070944,6.299942699184669,6.298119068145752,6.5908694,6.2871757,6.6146927,6.347755,6.4474325,7.075626,5.7338734,6.008196,6.327367,5.961518,6.5732026,6.172613,6.334554,5.9101405,6.2533154,6.2533555,6.2651687,6.2701144,6.2596374,6.2693105,6.2977953,6.258093537588218
6.259637310505756,6.338784217834473,6.32284688949585,6.311596393585205,6.267943531780259,6.354135513305664,6.291936921001295,6.292120605995054,6.297219837612019,6.298017978668213,6.299488788457092,6.360754264242006,6.285555362701416,6.291788101196289,6.281523704528809,6.277749061584473,6.292392712132922,6.285853385925293,6.283709854516677,6.255036675771279,6.359369146846941,6.334810733795166,6.362355571506742,6.282614035280745,6.377652645111084,6.1420345,6.073406,6.420662,6.0576687,6.2249603,6.8905897,6.7531857,7.0497065,6.8158507,6.30385,6.249183,6.0878096,6.25054,5.880347,6.2655544,6.256504,6.265753,6.231196,6.2580147,6.256122,6.336647,6.259313336685604
7.301029995663981,7.186690807342529,7.269975185394287,7.257699966430664,7.303347748349406,7.198616027832031,7.305448303237457,7.297174772640766,7.300725678437899,7.2988104820251465,7.32024929493399,7.292455058293806,7.310096263885498,7.257034778594971,7.28759241104126,7.284984588623047,7.315312943737376,7.2780375480651855,7.291798957466807,7.317222862071068,7.29506139033117,7.265803813934326,7.245467121437059,7.274435880423177,7.297672748565674,6.7444506,7.203829,7.1435633,7.1581407,7.0510845,6.8028283,6.20479,6.2845078,6.6557117,6.305026,6.2527046,6.205071,6.303739,7.169302,7.30353,7.30103,7.298317,7.3306227,7.30103,7.297349,6.865831,7.300555921083525
6.150514997831991,6.091149806976318,6.139501571655273,6.137043476104736,6.108611560787856,6.078039169311523,6.296258510868119,6.270893228015282,6.184905187042812,6.149670600891113,6.171146410546598,6.199065216257993,5.707115173339844,6.1833882331848145,6.253108501434326,6.244635105133057,6.216076939387453,6.342566013336182,6.289819015164594,6.278653074714314,6.206799319816931,6.257973670959473,6.27120279961049,6.213352876680018,6.159354209899902,5.8244157,6.151784,6.1926017,6.119108,6.146244,5.730353,6.654603,6.4110622,6.3787856,6.9718,6.566043,6.812834,5.8998237,5.873277,6.119955,6.092711,6.1703043,6.2043424,6.1451583,6.1421576,6.2303686,6.117097662285537
6.259637310505756,6.295764923095703,6.29876184463501,6.2760820388793945,6.260822578417029,6.306426525115967,6.290668775524917,6.287211674371959,6.254076500718563,6.265082836151123,6.254181130431785,6.246998281940539,6.013587474822998,6.231452465057373,6.262868881225586,6.254907608032227,6.285789716384057,6.25187873840332,6.291516066323023,6.261952690578294,6.277367668131188,6.262862205505371,6.280587599679659,6.218028766086545,6.344329357147217,6.328799,6.2200494,6.4571013,6.270658,6.4240317,6.849211,6.2010694,6.4546113,6.332523,6.603208,6.9566584,6.533107,5.9659348,5.9101405,6.276555,6.2570596,6.2674456,6.2590847,6.259419,6.266497,6.3546586,6.264947025248917
6.150514997831991,6.13609504699707,6.049139499664307,6.0600504875183105,6.061835082208304,6.145691394805908,6.278810733024014,6.273954118658218,6.0384343519421355,6.196507453918457,6.219559867895977,6.239835245525227,6.295743465423584,6.312554359436035,6.3343729972839355,6.322512149810791,6.266161709867118,6.4201836585998535,6.271788237395467,6.270328301680417,6.2169845896542375,6.249189376831055,6.177148406633272,6.200796028358454,6.395615100860596,5.436396,6.1904187,5.8452168,6.030267,5.9989786,5.458253,5.886068,6.0373535,5.191832,6.114191,5.263358,4.976807,6.1087112,5.875887,6.170869,6.070248,6.157728,6.015769,6.146935,6.0745683,5.8524933,6.1024895583455825
5.183758700008217,5.2140793800354,5.121931076049805,5.161275386810303,5.129135694027408,5.139863014221191,5.142139299465586,5.08804846383514,5.209347028445388,5.039892673492432,5.15082136404981,5.0286993795941415,5.320168972015381,5.1577019691467285,5.128087520599365,5.127028465270996,5.124902381845132,5.131785869598389,5.193101980056606,5.220366138679282,5.161811421797169,5.17974853515625,5.156880456596725,4.9965231701354975,4.987899303436279,5.1912436,5.360493,5.0489106,5.2366714,5.053199,5.5722923,4.860476,5.321383,3.5900514,5.448523,4.336666,4.761755,5.950934,5.8641834,5.158995,5.2157054,5.067013,5.2009125,5.214351,5.047919,5.125084,5.149964614444684
6.259637310505756,6.0340576171875,6.03049898147583,6.00363302230835,6.1186126840811275,6.012997150421143,5.806163502216894,5.950896354680704,5.700941384354523,6.071983337402344,5.655205498951211,5.9889250958867,5.9877119064331055,5.883499622344971,5.891645431518555,5.874258518218994,5.957147941505724,5.813638210296631,5.915279960091616,6.114311308274618,5.854288002909687,5.9758687019348145,6.029762385491893,6.082873368897184,5.899535655975342,5.7943673,6.3660426,5.5529823,6.459529,6.2035093,5.6313686,4.360336,5.697211,4.509978,5.5968695,4.940095,4.2791004,6.4813814,5.8932343,6.143613,6.137763,6.16425,5.9705305,6.1036935,6.10773,5.719679,6.133739020964231
4.449771646944906,4.6536712646484375,4.590198040008545,4.582719802856445,4.711456764402469,4.663571834564209,4.442717932480132,4.4640890967402385,4.458939664554768,4.540934085845947,4.438158460014144,4.639247172746701,4.672955513000488,4.527270317077637,4.476141929626465,4.4799323081970215,4.4865912354469755,4.45443868637085,4.466965020663023,4.488299938800503,4.473079836833154,4.4900312423706055,4.488161320028512,4.6104150551425604,4.351710319519043,5.025093,4.4497504,4.364722,4.424829,4.7436967,5.1969123,5.3896,4.702093,4.1016006,4.4651837,5.531584,4.5969067,6.2146482,5.7297244,4.507651,4.8082614,4.4493966,4.563749,4.626328,4.561695,4.8226714,4.647768076488992
7.301029995663981,7.336439609527588,7.328709602355957,7.307719707489014,7.378032128490301,7.420446395874023,7.2760672689135735,7.298779685844378,7.317489385061043,7.303625583648682,7.354172476282714,7.4143612871598155,7.482234477996826,7.3565592765808105,7.33441686630249,7.344470977783203,7.3209565796820595,7.319906711578369,7.2878238392000325,7.304830003868153,7.290425018409489,7.26171350479126,7.230852908550321,7.302234353893427,7.2109293937683105,6.554779,7.4118524,6.6414027,7.3509884,6.926417,6.1285825,5.8019857,5.841514,5.819623,4.8130617,3.5278707,5.218899,7.0191436,7.290446,7.299516,7.252195,7.304791,7.1760616,7.302991,7.295416,6.498877,7.278262205471364
7.301029995663981,7.145459175109863,7.136894226074219,7.108381748199463,7.313885072712624,7.207587242126465,7.301451912654204,7.30040172384845,7.288458940907628,7.303775310516357,7.209605185750443,7.195707005478651,7.368138790130615,7.264097213745117,7.2941789627075195,7.288441181182861,7.304121206501939,7.278957366943359,7.304922178982268,7.327310660901061,7.298095296357176,7.269139289855957,7.253898220342514,7.252066086473227,7.319601535797119,5.91037,7.067268,6.0646462,7.015849,6.325079,6.0295744,5.392186,5.9585843,5.273716,6.046177,5.422836,4.671733,6.6256394,7.16416,7.2801366,7.2671204,7.2278485,7.2247515,7.2997365,7.292779,6.42801,7.273845639904658
7.301029995663981,7.17576789855957,7.194233417510986,7.16377067565918,7.340287284101301,7.265483379364014,7.304739487843507,7.297311371540271,7.3013427796836465,7.288552284240723,7.272106987435162,7.251261149160293,7.472529888153076,7.287567615509033,7.2810187339782715,7.2756147384643555,7.298553627679983,7.310901165008545,7.2941989971423205,7.298084845879539,7.293015401654213,7.262746334075928,7.278495760239522,7.3084657163230755,7.311972618103027,5.8396006,6.983763,6.209994,6.98815,6.3299103,5.9033327,5.671656,5.9756145,5.6469197,5.986213,5.5982256,5.191512,6.4840136,7.16416,7.299021,7.295268,7.291058,7.284433,7.3032417,7.2999625,6.4873023,7.297050154581305
7.301029995663981,7.082152366638184,7.104592323303223,7.085043430328369,7.293081490774996,7.219698429107666,7.303921958688808,7.296976275968101,7.300543724517926,7.297493934631348,7.121356777526831,7.3128950944083915,7.42790412902832,7.286766529083252,7.274093151092529,7.269126892089844,7.265776499586184,7.215993881225586,7.2878238392000325,7.299365071858585,7.290425018409489,7.2600483894348145,7.250885666444076,7.251921915552075,7.137946605682373,5.8936605,6.5525374,5.959011,6.602175,6.1550827,5.774786,5.099437,6.0670094,5.429847,5.417961,4.879258,4.9366136,6.5192204,7.16416,7.24296,7.2539663,7.3180685,7.292247,7.3023295,7.3010488,6.308069,7.26732402141803
4.449771646944906,4.534823417663574,4.5400390625,4.54088830947876,4.402566369971432,4.473682880401611,4.454910141378785,4.435881819629796,4.454403567476438,4.462606906890869,4.534188236023759,4.584090227562033,4.488125324249268,4.472646713256836,4.432195663452148,4.440618991851807,4.4518105395385295,4.459099292755127,4.465105514794409,4.488299938800503,4.4633043243135635,4.4900312423706055,4.4972116990171145,4.527655894683178,4.289724826812744,5.342269,4.4437475,4.689094,4.4472294,4.9546785,5.5558043,5.271359,6.2244473,5.4971957,4.970679,1.6420586,5.113033,6.0651836,5.8753076,4.558364,4.512868,4.2785535,4.892686,4.5779095,4.4078765,4.8660173,4.481788011300056
4.449771646944906,4.478085041046143,4.426087379455566,4.429476737976074,4.419401917501385,4.447845935821533,4.480941505666612,4.435281233744683,4.459130418758772,4.508099555969238,4.504491449706646,4.424073867291001,4.927750110626221,4.514135360717773,4.469857215881348,4.482739448547363,4.443428542561916,4.495831489562988,4.465525443984022,4.488299938800503,4.481063873274254,4.4900312423706055,4.488161320028512,4.365657552522273,4.269622325897217,5.053306,4.681679,4.405795,4.662281,4.747338,5.3372536,4.6976395,5.675583,4.9755836,4.52308,5.316892,4.0786233,6.06276,5.873277,4.405333,4.5366445,4.2257023,4.7270684,4.532184,4.3736024,4.8445807,4.442026787037378
6.150514997831991,5.9096856117248535,5.932705402374268,5.945178031921387,5.976384737477316,5.895804405212402,6.179360130419194,6.22844054741696,5.9755754664494205,6.024435043334961,6.3937760379224535,6.196444025577591,6.219611167907715,6.176422595977783,6.206690311431885,6.190985679626465,6.125237116957212,6.3040947914123535,6.252567229640333,6.279447678888936,6.098158489311707,6.141847610473633,6.1503126484412975,6.196047883460623,5.979465961456299,5.6234074,5.656038,5.8612247,5.6847706,5.9184623,5.725568,5.8427057,6.2046576,6.636547,5.560177,6.194062,6.3800297,6.148823,5.8800907,5.959893,6.0845737,6.0311418,6.0828247,5.9261265,5.923328,5.9662223,6.010337925641844
4.449771646944906,4.5476226806640625,4.636153221130371,4.654237747192383,4.3884016597585,4.493717193603516,4.449771646944902,4.449780480041886,4.450671764119862,4.450223922729492,4.482246554138939,4.43371080158804,4.286640644073486,4.4085693359375,4.4166259765625,4.419475078582764,4.4330839860160545,4.414915084838867,4.465105514794409,4.488299938800503,4.458632014344253,4.4900312423706055,4.494866702428188,4.4298992589414,4.329226493835449,5.3949337,4.6832047,5.138228,4.6244245,5.07029,6.070464,5.9779406,6.0288043,6.8761606,5.8728757,6.774422,5.9869323,5.4828005,5.8674,4.4412613,4.4805017,4.431557,4.440662,4.45305,4.466113,5.328101,4.463762286710657
4.449771646944906,4.52979040145874,4.582207679748535,4.604405403137207,4.3683190966777685,4.45127010345459,4.449771646944903,4.433324171393335,4.449616857766128,4.446011543273926,4.460930211539013,4.369287592416681,4.238370895385742,4.387033462524414,4.421444892883301,4.433428764343262,4.423196068956736,4.394876003265381,4.469378551129776,4.492544036543834,4.457727056008785,4.477851390838623,4.490777856462937,4.340807633803796,4.505291938781738,5.4265375,4.6110926,4.945424,4.6684394,4.7970676,6.396649,5.9325066,5.949954,6.838875,5.838205,6.7490783,6.140769,5.6466885,5.8674,4.37176,4.478727,4.4483023,4.3776813,4.45305,4.452055,5.319513,4.443488877156762
7.301029995663981,7.20347261428833,7.245490550994873,7.2403411865234375,7.22836403263749,7.282937526702881,7.303611001633404,7.287303568088903,7.2939695031907075,7.3063507080078125,7.1175171434597555,7.172967657784987,7.197786808013916,7.192641258239746,7.255795478820801,7.248570442199707,7.268968594706532,7.212419509887695,7.275304396327818,7.287937554729683,7.288151505045068,7.263766288757324,7.268794871071663,7.2423596501974075,7.331857204437256,6.752097,6.9332533,7.0097213,6.9135294,6.9522877,6.574984,6.065401,6.1354303,6.0555396,5.819036,6.249183,6.1696277,6.3335314,7.1517644,7.2874,7.148438,7.2442703,7.4443927,7.30402,7.281031,6.7412467,7.222210781466043
6.259637310505756,6.319585800170898,6.270235061645508,6.28139591217041,6.250893881593159,6.318984031677246,6.332559383114136,6.310123109269488,6.285001374838912,6.3195366859436035,6.432446279786006,6.2712841442117755,6.3558349609375,6.317324638366699,6.3136515617370605,6.314362525939941,6.3077102281138195,6.344691753387451,6.293541553841133,6.288917072737763,6.337218840000591,6.3058037757873535,6.313147300807993,6.302132287226258,6.373138904571533,6.163675,6.195195,6.3653812,6.187217,6.4291396,6.2707634,6.2025356,6.10725,5.5273314,6.0678844,6.829724,6.4797406,6.2108006,5.90756,6.1943455,6.2417374,6.3774776,6.3492675,6.233345,6.276237,6.23083,6.24807400865468
7.301029995663981,7.073156356811523,7.107499599456787,7.092767238616943,7.29445618891269,7.104760646820068,7.259400384713182,7.300163265556598,7.298526924246518,7.305638790130615,7.1713853058540895,7.2315769150157285,7.477304458618164,7.268660068511963,7.291406631469727,7.286684036254883,7.289955825618679,7.277332782745361,7.304922178982268,7.327092470266786,7.298095296357176,7.269139289855957,7.247739434254406,7.169141526094236,7.205689907073975,5.9563475,6.4885917,6.617786,6.519498,6.7579308,5.535612,5.1603594,5.5059958,4.957809,5.760178,5.5968585,5.0462475,6.3228245,7.16416,7.2809114,7.270866,7.3451037,7.295522,7.30103,7.272451,6.3578043,7.2790215550328305
6.259637310505756,6.231565952301025,6.207489013671875,6.197013854980469,6.290116655821286,6.300540924072266,6.259657125234368,6.29401836841641,6.250600181201713,6.2469635009765625,6.29497692493612,6.27748120707653,6.456716060638428,6.304245948791504,6.295907497406006,6.2887444496154785,6.2793722004230395,6.326461315155029,6.293541553841133,6.2844364103281425,6.272434326955719,6.297299861907959,6.297507869544706,6.319533245258098,6.432288646697998,5.7621,6.252544,5.601638,6.1839275,5.946918,5.7533255,5.5003915,5.7015224,5.196576,5.761192,6.0424404,5.6609063,6.085217,5.8753076,6.2818832,6.256883,6.2696967,6.1919165,6.2581096,6.2634945,5.9423,6.26561660018993
6.259637310505756,6.317811965942383,6.233046054840088,6.245166778564453,6.29379245349527,6.309913635253906,6.423207894882407,6.292001394456041,6.328285686459343,6.347355365753174,6.287188151693729,6.323631239925032,6.386577129364014,6.328649520874023,6.288451671600342,6.282958984375,6.3147076179949035,6.3159027099609375,6.283384379889841,6.264072624616267,6.359367681057858,6.334810733795166,6.304049011036855,6.2904211076836125,6.230701446533203,6.048849,7.094838,6.432772,7.069432,6.401659,6.0768957,6.1114116,5.8089085,5.65782,5.727904,6.01816,5.723635,6.2700467,5.8795223,6.216064,6.303718,6.2667065,6.1729794,6.255863,6.2393985,6.188829,6.263581378735892
4.449771646944906,4.4501848220825195,4.466122150421143,4.473265647888184,4.473246065736089,4.45973014831543,4.449771646944902,4.4502839665702485,4.452580762398881,4.455539226531982,4.5327478168799145,4.532319350902956,4.4682297706604,4.464805603027344,4.436681270599365,4.444304466247559,4.443415155791492,4.46518611907959,4.465105514794409,4.488299938800503,4.4595859156533715,4.4900312423706055,4.4907265067914475,4.472216354467571,4.399454593658447,4.8672943,4.7167754,4.169766,4.7844496,4.4211893,5.0808625,5.1848516,5.6604037,5.819083,4.9563584,5.53162,5.027726,5.439106,5.7104187,4.4411917,4.584513,4.421219,4.4020867,4.474183,4.4597163,4.907641,4.506775244635053
5.183758700008217,5.238862037658691,5.269876956939697,5.280797958374023,5.145540662318158,5.193814754486084,5.18769814609486,5.185920918704099,5.181080084989383,5.192168235778809,5.192081516866076,5.1010397431540255,5.116722106933594,5.153510570526123,5.176017761230469,5.173341751098633,5.179218618039665,5.149594306945801,5.193101980056606,5.219650007021874,5.177669362772782,5.17974853515625,5.1638065305810015,5.128062998637541,5.040154457092285,5.9611344,5.4553137,6.0628676,5.375757,5.971668,6.3933506,5.883527,6.024394,6.4422984,5.758719,6.6168947,5.7543654,5.734066,5.8674,5.1344504,5.177744,5.163205,5.136939,5.1822906,5.1733465,5.7134867,5.1648910264677035
5.183758700008217,5.15274715423584,5.1775126457214355,5.158359050750732,5.201666206988136,5.14486837387085,5.187546735670826,5.18462449111111,5.186989131088337,5.187933921813965,5.179168339780493,5.273002173363538,5.332642555236816,5.195432662963867,5.172661781311035,5.175910949707031,5.177364918809358,5.194997787475586,5.18448011957371,5.183687280344787,5.180403599031918,5.18424654006958,5.172217672541747,5.160829974457577,5.140753269195557,5.2827387,5.259088,5.183257,5.2248507,5.199235,6.011754,5.515006,5.5046253,5.7229,5.369649,6.249183,5.380235,5.99656,5.8421893,5.169206,5.2230334,5.1878986,5.1859965,5.1885567,5.18452,5.4440236,5.197745595247376
6.259637310505756,6.152215957641602,6.193055152893066,6.194075584411621,6.250201634901838,6.146854877471924,6.297240434815003,6.2986090896560345,6.274228819230233,6.275853633880615,6.287188151693729,6.267876857760482,6.175122261047363,6.269445419311523,6.302362442016602,6.292716026306152,6.303258672226747,6.311333656311035,6.26837734639111,6.2555924101850335,6.269481891902452,6.291053295135498,6.309084018085269,6.262123362625661,6.264736652374268,6.12466,6.1995516,5.999352,6.1882396,6.151943,5.5536275,5.735864,6.1349416,6.3382154,6.139941,5.8924007,6.3384385,6.327013,5.836739,6.2605677,6.256865,6.2805376,6.183174,6.2077646,6.227163,6.11885,6.252189337967359
6.259637310505756,6.230676174163818,6.239537239074707,6.2407050132751465,6.267683421679986,6.254057884216309,6.264116814714339,6.259568980251947,6.219185681056808,6.2535905838012695,6.177915988666401,6.273828518195474,6.230807781219482,6.199528694152832,6.182333946228027,6.1852216720581055,6.2383390386181325,6.186807155609131,6.23783560014805,6.238556163329562,6.201044410936864,6.17416524887085,6.200639098632084,6.225283806447815,6.287583827972412,6.356451,6.2103233,6.480017,6.2361183,6.502061,6.798744,5.888845,5.817605,5.8109407,5.895549,6.2092495,5.975261,5.9447455,5.8816347,6.2643743,6.2548537,6.2573485,6.2463174,6.2596374,6.262865,6.177647,6.259355969923883
5.183758700008217,5.1661882400512695,5.199284076690674,5.203709602355957,5.170979452496054,5.1517109870910645,5.1897238205253435,5.185478081569158,5.185979983473248,5.179980754852295,5.184974962334684,5.194933245235832,5.383042812347412,5.157561779022217,5.13930606842041,5.146608352661133,5.169005284879175,5.13696813583374,5.158864530500097,5.199185029213702,5.178117669901333,5.186581134796143,5.176048787549484,5.140664449692261,5.296554088592529,5.759264,5.353378,5.2606316,5.4347806,5.2428355,6.59869,5.691391,5.998314,5.980705,5.8870196,5.9105754,5.79299,5.6573253,5.8674,5.1910176,5.1899123,5.172797,5.170783,5.1829743,5.1734495,5.575812,5.18493749225947
6.259637310505756,6.254046440124512,6.255208969116211,6.249740123748779,6.276245228284892,6.313405513763428,6.269810892449536,6.287065168759336,6.263688715445144,6.261890888214111,6.2170736381345755,6.310344784519629,6.481621265411377,6.287249565124512,6.2783026695251465,6.273438930511475,6.2667265657392965,6.288389682769775,6.293541553841133,6.284255516396959,6.26809208963636,6.297299861907959,6.228721424622489,6.292707719791118,6.33772087097168,6.1671257,6.2269244,6.104698,6.2657914,6.165836,5.6798067,6.0066104,5.996312,6.1653223,5.7938285,6.2119336,6.040795,5.955314,5.8449497,6.300135,6.2631087,6.2590985,6.2604856,6.2463193,6.268048,6.1111226,6.273221309697444
4.449771646944906,4.681212425231934,4.6730146408081055,4.728545188903809,4.5041268740195886,4.648322105407715,4.428646001856734,4.468852186124902,4.2669251307790095,4.451982498168945,4.4518620434732235,4.703583204593159,4.556714057922363,4.4438276290893555,4.389718055725098,4.406132698059082,4.434940904076225,4.3739800453186035,4.468175470981099,4.48563485562654,4.406419121981899,4.427017688751221,4.390229694265966,4.476466223997109,4.425102710723877,6.166901,5.0808315,5.9381027,5.0806065,5.8103447,6.0478,6.7937517,6.470692,6.7284102,6.715268,6.454392,6.3568316,6.0572867,5.860574,4.445859,4.56974,4.4738345,4.45524,4.456623,4.467289,5.6215186,4.507088163656139
7.301029995663981,7.07397985458374,7.188880920410156,7.143440246582031,7.254585457492239,7.164526462554932,7.294692460066792,7.297229714424342,7.30167119611652,7.299466609954834,7.3716098876424505,6.954706764228439,7.519885540008545,7.208334445953369,7.282506942749023,7.25674295425415,7.318962656039227,7.296429634094238,7.2878238392000325,7.298773736830697,7.290425018409489,7.2600483894348145,7.250885666444076,7.27954441902344,6.970529556274414,6.4476266,6.902534,6.5790234,6.8682194,6.6843934,5.622412,4.49872,5.3317723,5.2591496,4.8018885,4.8332915,4.5412235,6.292981,7.30103,7.3142996,7.22491,7.2947636,7.339391,7.2875633,7.263671,6.284444,7.261549371621159
6.259637310505756,6.299968719482422,6.257823467254639,6.266510963439941,6.294497444292054,6.3285088539123535,6.284594754077585,6.280881999039336,6.150974104303315,6.24171257019043,6.372661555893319,6.242653835666571,6.12277889251709,6.244696617126465,6.261554718017578,6.256540298461914,6.27369408877295,6.256259918212891,6.24948841440531,6.236646869663916,6.2231532691372475,6.180975914001465,6.155417612033693,6.177327298027243,6.37576150894165,6.4204774,6.200757,6.487848,6.168036,6.4652576,5.886971,6.109502,6.150141,5.349881,6.3218374,6.3436747,6.651436,6.1069646,5.7833223,6.2298827,6.2573433,6.2811675,6.343276,6.2464113,6.294886,6.2049537,6.2614193114332615
4.449771646944906,4.455348014831543,4.426357746124268,4.452733039855957,4.40444481304174,4.402519226074219,4.449771646944902,4.449789955545929,4.445727982531534,4.448387145996094,4.503792978555926,4.504026511595444,4.652138710021973,4.475531101226807,4.461209297180176,4.475122928619385,4.437044853533104,4.418776988983154,4.465270339219921,4.481730894427335,4.493639943015415,4.503278732299805,4.502845825552911,4.326558075951465,4.218176364898682,5.329446,5.033172,4.893681,4.844983,5.171045,5.188711,5.7735877,5.7633367,5.1474705,5.656325,5.257266,5.7325735,5.529786,5.719426,4.414596,4.4652157,4.4511337,4.462022,4.452782,4.4515486,5.0869055,4.448306503207306
6.259637310505756,6.165648937225342,6.205557823181152,6.17647123336792,6.2496933142232445,6.1690473556518555,6.301706658659046,6.321331872470337,6.236875877865488,6.698859691619873,6.358336217608216,6.222475192205026,5.697999477386475,6.2436676025390625,6.2857160568237305,6.271460056304932,6.301979593590768,6.2349419593811035,6.325151620402281,6.276599625901892,6.582164567251408,6.308590888977051,6.375635198377052,6.251318496621995,6.239811420440674,6.2156215,5.1042824,5.9043303,5.1197815,6.075262,6.1574183,7.227813,6.0048122,6.1734343,6.77224,5.7805777,7.2560115,6.3539085,5.850458,6.2279196,6.191631,6.263466,6.2578144,6.2323976,6.257716,6.1713443,6.221928832905199
6.150514997831991,6.152088642120361,6.169690132141113,6.1553826332092285,6.145754267423745,6.200478553771973,6.251891649940539,6.271716677086571,6.2273011787155506,6.194140434265137,6.24012690937866,6.196334845238271,6.052574634552002,6.212567329406738,6.2510528564453125,6.2408976554870605,6.237307661352448,6.271575450897217,6.259794728786434,6.253028033116726,6.177440341103258,6.14468240737915,6.140625150190525,6.217742017986028,6.3194780349731445,6.3386087,6.2343526,5.9935384,6.1942196,6.1867285,6.087415,7.069195,5.826399,6.1018586,6.3757358,6.266354,6.7338276,5.9724874,5.824345,6.1759057,6.117852,6.15138,6.099915,6.140699,6.1542287,6.2022524,6.143550972632909
5.183758700008217,5.296412467956543,5.270561218261719,5.278908729553223,5.275689539015406,5.215546131134033,5.27036500530219,5.185918842020212,5.358387450545716,5.383569240570068,5.320137595879875,5.327411415253969,4.874924182891846,5.282859802246094,5.20262336730957,5.2148847579956055,5.262698515062391,5.261358737945557,5.181035354333527,5.233697542510466,5.159470051655412,5.246437072753906,5.223165482802035,5.225693203830853,5.297036647796631,5.981857,5.4590864,6.105158,5.3667545,6.087739,5.6515226,5.8978796,5.466066,5.9423914,5.900922,2.6355987,3.7227058,5.783903,5.860574,5.2254834,5.3945765,5.3321905,5.5396743,5.2591095,5.189253,5.3901224,5.29788606734529
7.301029995663981,7.21646785736084,7.243321895599365,7.248564720153809,7.2950421369590845,7.212789535522461,7.301451912654204,7.2946404695388996,7.300831335851566,7.298220157623291,7.249474521272581,7.334537786204562,7.386472702026367,7.280837059020996,7.284245491027832,7.283213138580322,7.294857103695641,7.287689685821533,7.304922178982268,7.327702985097512,7.298095296357176,7.269139289855957,7.242431098758056,7.29273207226734,7.273807048797607,6.5110264,7.0118246,6.7680845,7.025834,6.561393,6.834451,5.906185,5.816215,6.0910954,5.926198,6.2465086,5.786605,6.187971,7.1448374,7.2889895,7.29719,7.301891,7.284253,7.301993,7.297537,6.6795034,7.295574236891933
7.301029995663981,7.277848243713379,7.332309722900391,7.302212238311768,7.335236348551682,7.269454002380371,7.262528067344302,7.3450609968650875,7.303754628939689,7.294925212860107,6.966495208732108,7.242197684021568,7.072120189666748,7.229406356811523,7.296748161315918,7.281216621398926,7.339967618331617,7.287195205688477,7.291798957466807,7.311424179813046,7.293458809167117,7.265803813934326,7.245467121437059,7.270838804665798,6.86660623550415,6.989506,7.1605415,8.341947,6.981107,8.044327,6.417317,6.1942053,5.462924,5.346849,5.4884067,6.3040314,5.6202016,6.506311,7.16416,7.2978773,7.276074,7.2618074,7.236817,7.30103,7.2626266,6.782904,7.277176154251137
6.259637310505756,6.378720760345459,6.334283351898193,6.326937198638916,6.268761785589169,6.416662216186523,6.262303154370254,6.287746308187258,6.177542590522475,6.227839946746826,6.248820076314498,6.2805773472549,6.085690975189209,6.258727073669434,6.2675347328186035,6.264142036437988,6.265063634648941,6.274011611938477,6.291222901874457,6.2844364103281425,6.268990648688809,6.288722991943359,6.297871168135811,6.254014229406001,6.308857440948486,6.4742393,6.305951,6.7150345,6.268872,6.5863023,6.622181,7.325724,7.117439,5.2360096,6.245191,6.1791177,7.0701365,6.061453,5.9101405,6.191135,6.280862,6.25503,6.326919,6.2124805,6.231162,6.380769,6.244586705339313
6.259637310505756,6.397400379180908,6.297736167907715,6.302818775177002,6.215030412191334,6.434115886688232,6.243043380612757,6.259090391621613,6.244899324003409,6.1120991706848145,6.2744028712743,6.213981338045663,5.962222576141357,6.2364501953125,6.27078104019165,6.263899803161621,6.246838726829407,6.257466793060303,6.289819354392953,6.261952690578294,6.189286453994028,6.193392753601074,6.107475204874299,6.1748229526226615,6.219113349914551,6.4924817,6.453987,6.4406857,6.4798956,6.46216,6.6021967,5.756037,6.0340586,5.2187333,5.2671885,6.249167,4.8520947,5.386728,5.8816347,6.23453,6.232514,6.2620935,6.2336054,6.2559967,6.2591267,6.052746,6.2416354003340615
6.150514997831991,6.070255279541016,6.113763809204102,6.0845513343811035,6.135727041793082,6.085508823394775,6.272434793451632,6.273495600615227,6.120476433167457,6.046446800231934,6.077967994765877,6.208729676856816,5.9688496589660645,6.130492210388184,6.208667278289795,6.191586971282959,6.186243729390577,6.202005863189697,6.2879320595935555,6.26063243895095,6.285488330744504,6.193392753601074,6.175883031859206,6.196421950525554,6.253843307495117,6.3905573,6.264411,6.3128204,6.2446923,6.4040356,6.0090017,6.227677,6.788654,6.564371,6.441141,5.9548454,6.8997107,6.090762,5.836739,6.0270386,6.1550493,6.1638274,6.015408,6.0962615,6.137482,6.251224,6.119605515838224
7.301029995663981,7.095796585083008,7.207408905029297,7.172274589538574,7.2789636267790385,7.130852222442627,7.305448303237457,7.299224227533287,7.300330168816641,7.294510841369629,7.23990778249007,7.262410164759832,7.275932788848877,7.258635520935059,7.293506622314453,7.285003185272217,7.316022600134788,7.279021263122559,7.291798957466807,7.317176707562543,7.294817575710925,7.265803813934326,7.245467121437059,7.222811292602201,7.095139026641846,6.4901085,7.0605683,6.6510115,7.1668096,6.805951,6.2266183,6.257876,6.240846,6.355721,6.6523685,6.551591,6.452789,6.3390346,7.1877193,7.3197017,7.2720857,7.2789736,7.224131,7.30103,7.282847,6.805889,7.2870265319005245
5.183758700008217,5.170652389526367,5.2022905349731445,5.16561222076416,5.186110383085625,5.170568466186523,5.187546735670826,5.184132280510505,5.184479602153021,5.1830267906188965,5.208552259474781,5.080867759464125,5.031828880310059,5.140003204345703,5.160030364990234,5.159060478210449,5.200143480108449,5.165604591369629,5.187227473720681,5.183687280344787,5.193838781465833,5.18424654006958,5.177544136437848,5.168735367551006,5.260011196136475,5.3578796,5.2317743,5.257111,5.299475,5.2200084,6.3806233,5.271498,5.6398406,5.6154423,6.1268373,6.249183,4.6304913,5.959944,5.8332076,5.1800175,5.1877565,5.1786447,5.1829205,5.1837587,5.1839576,5.458519,5.1842581293482475
4.449771646944906,4.508087158203125,4.598728656768799,4.628037929534912,4.4563083198305895,4.385092258453369,4.462591395165775,4.4649308922310755,4.463636997654986,4.450321674346924,4.489142093150061,4.4262335684555065,4.316290855407715,4.389183044433594,4.422967910766602,4.426405429840088,4.458199537622427,4.389599800109863,4.461121209713424,4.481641513791253,4.458890408502184,4.491379261016846,4.490991378785459,4.496607686086415,4.209066867828369,5.4728594,4.747464,4.9657583,4.752631,5.016506,5.687235,5.771743,6.5795565,6.6205544,6.6625996,6.4610195,7.0467305,5.7589555,5.8131647,4.489785,4.591063,4.6203346,4.6649055,4.7790055,4.582431,5.4542146,4.565897554728139
5.183758700008217,5.1941728591918945,5.271928787231445,5.286281108856201,5.165150864445419,5.167693614959717,5.187016953034238,5.191092279974537,5.19086183752111,5.183285236358643,5.235651780001772,5.299796684743436,5.097644329071045,5.185556411743164,5.182438850402832,5.193618297576904,5.181245946518123,5.121672630310059,5.182769430813627,5.21686739414926,5.1705783440519655,5.163971900939941,5.150849066926449,5.1568803912539645,4.999688625335693,6.0771255,5.473339,6.075046,5.466861,6.090351,6.0586443,6.0842404,5.93864,6.767925,6.3155227,6.5584354,6.6631274,5.8446994,5.8570557,5.165935,5.2178335,5.1686044,5.218141,5.1822906,5.1584992,5.8191156,5.186922254140527
7.301029995663981,7.076380729675293,7.203410625457764,7.180855751037598,7.231578616109735,7.070562839508057,7.284761464745295,7.298831891758436,7.305414321971452,7.293921947479248,7.2445425386448,7.2095787561818465,7.226023197174072,7.219915866851807,7.258543968200684,7.255147457122803,7.302838736042602,7.260356903076172,7.304922178982268,7.327310660901061,7.298095296357176,7.269139289855957,7.229288295037586,7.191524921026802,7.360522747039795,6.5329847,7.0929036,6.492594,7.162712,6.4803066,5.9159207,5.6569157,5.6023006,7.06752,5.8019323,6.343672,5.8326674,6.4086685,7.30103,7.3091893,7.237065,7.289191,7.3445153,7.30103,7.290304,6.673171,7.27170756846637
6.150514997831991,6.135076999664307,6.079812526702881,6.100089073181152,6.164840656218893,6.1318535804748535,6.292159330491165,6.269683616294002,6.1979566637730175,6.19826602935791,6.134134652169941,6.197919067043377,6.072454929351807,6.182587623596191,6.168425559997559,6.166117191314697,6.2074972870118446,6.19718074798584,6.2360599359229445,6.229051059106017,6.210373117094656,6.116450309753418,6.101019652845019,6.159249127821719,6.276492595672607,6.0556335,6.2950373,5.6697664,6.273704,5.9147053,6.774091,6.289531,6.101907,5.9577913,6.356752,4.73943,5.236607,6.1897955,5.888256,6.0970654,6.1331067,6.1479716,6.087256,6.1299095,6.140805,6.0239563,6.127105653564997
5.183758700008217,5.213667392730713,5.2735371589660645,5.272713661193848,5.143704135488228,5.21248722076416,5.187546735670826,5.185324690486906,5.180434328644252,5.179725646972656,5.147162062377414,5.098638726170494,5.224708080291748,5.1547322273254395,5.158135414123535,5.159265995025635,5.184565190801839,5.160937786102295,5.186836665567484,5.183687280344787,5.1745602176733625,5.18424654006958,5.16573248031608,5.155465275214196,5.143923282623291,5.849155,5.4674544,5.6216,5.427509,5.7792287,6.3175354,5.960835,5.947451,6.861396,5.9373364,6.365518,6.0643106,5.7176876,5.8674,5.1346264,5.1749926,5.167209,5.2099357,5.1837587,5.178878,5.711691,5.165375096466729
5.183758700008217,5.297298908233643,5.36200475692749,5.385108947753906,5.259068872093491,5.2448039054870605,5.216153743954717,5.211363501473703,5.478644398731613,5.1671929359436035,5.379807871073884,5.052558656819481,5.085905075073242,5.2139692306518555,5.243896484375,5.2332916259765625,5.264377562943098,5.219174385070801,5.203403824073737,5.238655677497203,5.090572633943418,5.2172651290893555,5.217042509907418,5.131524815916507,5.099367618560791,6.0798006,5.547759,5.706752,5.498144,5.6360893,6.975593,6.4987664,6.6297894,6.9010534,7.1311274,6.4321356,7.1217604,6.0497136,5.8674,5.1130557,5.310636,5.335906,5.240332,5.264313,5.258376,5.979925,5.250602375503991
7.301029995663981,7.117666244506836,7.15128231048584,7.1336259841918945,7.314244216590783,7.2036566734313965,7.304739487843507,7.296871716097823,7.299757251121916,7.291481018066406,7.291030175266169,7.186625025409162,7.18750524520874,7.266717910766602,7.297889709472656,7.284352779388428,7.310786413558264,7.306671619415283,7.2941989971423205,7.287862135072652,7.292493912973736,7.262746334075928,7.240781204709083,7.231830227233929,7.326098918914795,6.0035768,6.834111,6.235996,6.8668523,6.370698,5.807205,5.959426,5.587894,6.6636705,6.000219,2.7745938,4.278999,6.5165586,7.16416,7.285431,7.205502,7.2969627,7.2679543,7.297416,7.2972307,6.335723,7.2543051725506995
6.150514997831991,6.066256523132324,6.067763328552246,6.064444541931152,6.080626343010399,6.093436241149902,6.233696427316299,6.257901833647011,6.152990392947865,6.1309733390808105,6.163755134200396,6.146756260013729,6.019022464752197,6.189639568328857,6.250329494476318,6.234576225280762,6.19505319682678,6.266550540924072,6.266409615714893,6.269996636445989,6.254398522207528,6.226007461547852,6.306116272092561,6.216953819484815,6.195775032043457,5.77185,5.899469,5.4891744,6.02091,5.5580864,6.5630198,5.976872,6.113711,6.1335897,6.4840765,5.707126,5.943586,5.7393694,5.888256,6.1424537,6.069628,6.1512594,6.1472774,6.149673,6.1392355,6.0044312,6.110550873635681
5.183758700008217,5.169378757476807,5.209096908569336,5.206020355224609,5.198125488192986,5.166640281677246,5.200073402035233,5.185966513704697,5.1898150269261665,5.190954208374023,5.180752523572592,5.056781995389517,5.161383628845215,5.1773881912231445,5.188729286193848,5.199797630310059,5.195035969246353,5.164193153381348,5.1804564241548245,5.217259405444533,5.1705783440519655,5.163971900939941,5.140544580029208,5.135349106529025,5.007498741149902,5.606443,5.463529,5.080058,5.4391837,5.1664295,6.5942216,6.142973,6.0470448,6.0625715,6.972486,5.232797,5.983401,6.0477295,5.8674,5.180545,5.1902156,5.1941495,5.1662984,5.1827564,5.174961,5.63976,5.184358420930454
7.301029995663981,7.280189514160156,7.304481506347656,7.300079822540283,7.314971548341861,7.249658584594727,7.305004249017527,7.295363415793122,7.278804685296227,7.2978363037109375,7.257121780158809,7.226729493785386,7.516915321350098,7.244114875793457,7.264429092407227,7.261309623718262,7.293645653329764,7.28521728515625,7.275304396327818,7.287937554729683,7.288151505045068,7.263766288757324,7.268794871071663,7.2965480463035135,7.346950054168701,7.1071486,7.2102914,7.5763197,7.280508,7.4115157,6.535783,5.839642,7.4267206,5.960374,6.2026916,6.341529,5.925792,6.8660073,7.30103,7.317208,7.266652,7.316319,7.2581096,7.3096786,7.286626,6.9369974,7.287618786102193
4.449771646944906,4.569522857666016,4.559398651123047,4.598943710327148,4.50219608723935,4.550517559051514,4.449771646944902,4.4502839665702485,4.449583979852286,4.449171543121338,4.503372675509792,4.544100406233905,4.59529972076416,4.495147228240967,4.449158191680908,4.458696365356445,4.455351188249203,4.467981815338135,4.453537650833318,4.488299938800503,4.4595859156533715,4.4900312423706055,4.482607098236653,4.607300811749849,4.412912845611572,5.514387,4.9892535,5.222302,4.9359183,5.490345,5.569209,5.780878,5.933167,5.7219005,5.4097958,5.1345043,5.4377823,5.7235065,5.8570967,4.531519,4.5240006,4.4315295,4.5137444,4.4790816,4.516703,5.185831,4.51750825620485
4.449771646944906,4.777279853820801,4.714530944824219,4.7026591300964355,4.512454748339334,4.78569221496582,4.449771646944903,4.449815108630527,4.448453640769211,4.450325012207031,4.497703600207405,4.439441243742473,4.4495391845703125,4.5501909255981445,4.516584396362305,4.525395393371582,4.49158259511872,4.511234760284424,4.468773781236709,4.492544036543834,4.461159612023682,4.473204135894775,4.4673639637564815,4.557511660414697,4.325913429260254,5.583755,4.8367167,5.275053,4.69997,5.3078456,6.6204576,6.070276,6.437951,5.6690392,6.0594034,6.249183,4.440229,5.8082924,5.8408365,4.590681,4.511728,4.4864826,4.534334,4.533361,4.5381227,5.304686,4.535991337195785
7.301029995663981,7.2702860832214355,7.33843469619751,7.3502421379089355,7.361337867092887,7.289914608001709,7.336727559712389,7.397971272535832,7.240574176167897,7.280672073364258,7.591437483072871,7.811347203742313,7.441401481628418,7.41434907913208,7.368223190307617,7.376520156860352,7.3277351794007535,7.410816669464111,7.394501906130368,7.391020419427375,7.24975637185594,7.269139289855957,7.236807604373951,7.546229425563155,7.535897731781006,6.785265,7.6385508,7.2918453,7.7824106,7.090191,6.351829,3.8658895,5.292531,5.5758486,5.2808566,5.164964,3.7447972,6.871572,7.30103,7.3138947,7.274617,7.309847,7.1676483,7.3096786,7.2900386,6.4851656,7.290644355825344
6.150514997831991,6.1598052978515625,6.146145343780518,6.124027729034424,6.1470926619687285,6.176748275756836,6.285976572146158,6.278110413800644,6.182010411413077,6.145984172821045,6.113031001266649,6.215784572664767,5.835633754730225,6.165467739105225,6.237884998321533,6.218894004821777,6.221380044418624,6.221127986907959,6.2879320595935555,6.262265052256159,6.271792686874347,6.193392753601074,6.176504611813509,6.195825157736395,6.14893913269043,6.4825096,6.6224356,6.581438,6.591211,6.469433,6.339446,5.9637284,6.0498486,5.6630783,6.825472,6.5657506,5.987129,5.9473963,5.873277,6.11759,6.1310825,6.1634283,6.168497,6.1485815,6.142638,6.2416983,6.1328636629530955
7.301029995663981,7.241711616516113,7.245588302612305,7.265334129333496,7.296840968159922,7.1995439529418945,7.301451912654204,7.299583403761855,7.299852777546019,7.298325538635254,7.285675588267459,7.373178311025414,7.470231056213379,7.313022613525391,7.300848960876465,7.302335739135742,7.297464949687036,7.314426898956299,7.312226220787553,7.327702985097512,7.347526518479531,7.269139289855957,7.300222544689264,7.34622621989414,7.1444830894470215,6.6282206,7.4706564,7.1426396,7.4330735,7.0454326,6.4188995,5.539365,5.932387,5.541703,6.2764153,6.243732,5.7280316,6.538045,7.16416,7.2918763,7.261477,7.3003025,7.291222,7.30103,7.299907,6.742429,7.281193321857278
6.150514997831991,5.97645378112793,6.028059959411621,6.026291847229004,6.071917828292637,5.943337917327881,6.191094681380517,6.232854243998977,6.083859611520581,6.132591724395752,6.121751764855037,6.143218959520226,5.707458019256592,6.09024715423584,6.105746746063232,6.10751485824585,6.154981508559073,6.123378276824951,6.216905659538758,6.2224317716344535,6.025818431652674,6.070009708404541,6.082359179624611,6.105911468705804,6.25119161605835,5.457465,5.9902816,4.7299914,6.1284137,4.950902,6.4541492,5.858783,6.077869,6.279543,6.3869267,5.242262,6.096588,5.7407045,5.888256,6.1428037,6.0626454,6.1506433,6.13289,6.149673,6.1390495,5.9029913,6.107505248088461
6.150514997831991,6.049955368041992,6.140605926513672,6.127881050109863,6.157380844879164,6.054371356964111,6.293169990857665,6.277427447675488,6.2480519196182,6.205857276916504,6.270197021991265,6.281272436690198,6.042707920074463,6.260495662689209,6.296486854553223,6.285770416259766,6.273124260472385,6.3200531005859375,6.262309625132877,6.253051217980544,6.177049439913802,6.14468240737915,6.203303248067683,6.235598181643485,6.244006156921387,6.078914,6.306036,5.912489,6.2971077,6.1148925,5.851673,5.518044,5.9017105,6.165676,6.0454717,6.343673,6.8330135,6.1335225,5.8390336,6.17339,6.1400743,6.1375766,6.036852,6.109516,6.14521,6.1041937,6.149421662059396
6.150514997831991,6.169921875,6.165215492248535,6.150626182556152,6.185217292335482,6.2431135177612305,6.259092996730799,6.282256014370625,6.264917059873767,6.2627363204956055,6.226920412814995,6.273553190304049,6.534063816070557,6.296057224273682,6.286355495452881,6.277355194091797,6.259089115264976,6.315612316131592,6.293541553841133,6.284255516396959,6.26809208963636,6.297299861907959,6.302961638041037,6.318685827642826,6.243272304534912,6.0254765,6.1922183,5.8964195,6.151346,6.010492,5.8020577,6.3321624,5.759969,6.219841,5.5447783,6.030479,6.01023,6.014022,5.824345,6.208407,6.135289,6.1528115,6.040613,6.137695,6.1604223,6.0324535,6.160834319536123
4.449771646944906,4.63918924331665,4.647010326385498,4.693236351013184,4.535753749935017,4.592724800109863,4.449771646944901,4.449771646944897,4.4432457057947055,4.447325229644775,4.402624899151155,4.447517051404535,4.484620094299316,4.4067182540893555,4.391924858093262,4.397275447845459,4.4420705653929815,4.342696189880371,4.468175470981099,4.48563485562654,4.450073932641907,4.4725260734558105,4.470865341508655,4.520638182211373,4.466359615325928,5.75476,4.855565,5.0678134,4.84454,5.3130174,6.663694,6.801614,6.341839,6.6730886,6.454263,5.972761,5.90877,5.878558,5.8674,4.539392,4.529129,4.4731226,4.53852,4.530812,4.5894876,5.479907,4.542482860085661
4.449771646944906,4.527712345123291,4.565412998199463,4.595842361450195,4.439533860690391,4.47566032409668,4.449771646944901,4.4593119165349,4.448196219427137,4.453454494476318,4.4732534644294955,4.500656862179653,4.716081142425537,4.423506736755371,4.414961814880371,4.424233436584473,4.438735318559811,4.3776960372924805,4.468175470981099,4.48563485562654,4.477775417350699,4.477555751800537,4.49872069970836,4.416865685147071,4.41562032699585,5.8024173,4.9886503,5.682718,4.9138246,5.6257696,6.353886,5.890073,6.235678,6.710244,5.728577,5.900326,5.5911527,5.494219,5.8674,4.4441543,4.4985633,4.425823,4.4890504,4.451915,4.457461,5.377595,4.469825010199447
6.259637310505756,6.246583461761475,6.269359588623047,6.280451774597168,6.246866571649819,6.229790687561035,6.281081726727577,6.285419535898771,6.258716036918741,6.282392978668213,6.234374622021813,6.21240419647919,6.233882904052734,6.221760272979736,6.265344619750977,6.257425785064697,6.273751000353693,6.2468390464782715,6.262652271012662,6.253028033116726,6.271000356137791,6.268728733062744,6.160902995404255,6.223943135394451,6.2045674324035645,6.2984056,6.3937063,6.728582,6.3070836,6.5692277,6.5496078,5.903245,6.047467,6.5499797,5.880377,6.1787677,5.8119054,6.0453405,5.9101405,6.2513523,6.254032,6.26295,6.308961,6.2596374,6.2693706,6.2390065,6.257758389775499
6.150514997831991,6.125219345092773,6.147752285003662,6.155622482299805,6.074770406878544,6.128925800323486,6.225157366069321,6.237891778455833,6.121618272685461,6.164605140686035,6.115963048094751,6.1716136526647505,6.294039249420166,6.149686813354492,6.199781894683838,6.1858038902282715,6.180689111484958,6.183084011077881,6.256173981090024,6.251769080322205,6.236208275588369,6.169078826904297,6.103195193067259,6.191719598096466,6.07418966293335,6.249421,6.380744,6.3548527,6.341211,6.301673,6.552465,6.177802,6.2585196,6.6314764,6.28581,6.243534,6.1715646,5.813838,5.888256,6.1375437,6.079925,6.1835694,6.20866,6.145835,6.138122,6.227241,6.115843363247947
5.183758700008217,5.185985088348389,5.139318466186523,5.165937423706055,5.181857584982282,5.19174337387085,5.18769814609486,5.186529027906762,5.186227896709391,5.19454288482666,5.262757475731955,5.136874314125135,5.072412490844727,5.190253257751465,5.208085536956787,5.206364631652832,5.180029034106747,5.17141056060791,5.193101980056606,5.2166635219910615,5.177669362772782,5.17974853515625,5.166401018753591,5.1204571997891835,5.016254425048828,5.431854,5.3898826,4.8089848,5.3664374,5.1900673,5.511768,5.223425,5.8867917,4.680852,6.0341024,6.071871,5.5281816,5.9336667,5.8570967,5.1743317,5.1931796,5.148541,5.1585336,5.180823,5.1502995,5.3960342,5.174826429950444
7.301029995663981,7.195688247680664,7.217470645904541,7.189822196960449,7.343870339105481,7.308780670166016,7.304739487843507,7.2971942389250675,7.309335561561434,7.300510406494141,7.1837756031793,7.292958770221386,7.325721740722656,7.2766547203063965,7.262786865234375,7.258285045623779,7.2940108669226476,7.275936126708984,7.2941989971423205,7.298084845879539,7.293015401654213,7.262746334075928,7.246033270341844,7.23990155802448,7.333446979522705,5.857503,6.8335485,6.339339,6.809253,6.3867497,5.596785,5.1219897,5.463619,4.8752584,5.6202765,6.040493,5.3530536,6.454836,7.16416,7.295712,7.288233,7.298675,7.2329307,7.30103,7.301665,6.381756,7.294121150870797
7.301029995663981,7.251258850097656,7.217127323150635,7.1888580322265625,7.306759372876948,7.361974716186523,7.304739487843507,7.29666686374913,7.294761377032644,7.296491622924805,7.162669855590565,7.17342494745562,7.186692237854004,7.257185935974121,7.255594730377197,7.2450032234191895,7.281832787746454,7.247774600982666,7.2971791819474,7.298084845879539,7.293015401654213,7.262746334075928,7.246033270341844,7.1979856134319,7.219423770904541,5.8482065,6.824867,6.0921717,6.9125733,6.178631,5.714411,5.132801,5.7604275,4.3798313,5.902255,6.118655,5.242349,6.700323,7.16416,7.298844,7.1938825,7.3010654,7.2843723,7.30103,7.301233,6.382604,7.2538411111882555
7.301029995663981,7.233575820922852,7.294801712036133,7.277059078216553,7.255453939577288,7.216160774230957,7.305448303237457,7.291672006162026,7.29500595973682,7.297196865081787,7.245407384991684,7.189862886902845,7.0818257331848145,7.223452091217041,7.269786834716797,7.267068386077881,7.302562387347411,7.269775390625,7.291798957466807,7.317176707562543,7.293458809167117,7.265803813934326,7.245467121437059,7.240313007047983,7.139158248901367,6.918668,6.975873,7.236226,6.8940773,7.1534834,7.0316634,7.110907,7.0300465,7.0476785,6.31243,6.249183,6.7904587,6.3638945,7.1294594,7.2880173,7.2548027,7.3033023,7.215879,7.2913756,7.295177,6.9946303,7.276381203906543
7.301029995663981,7.272201061248779,7.249345779418945,7.260373115539551,7.311876367322982,7.299044609069824,7.301451912654207,7.299901259403768,7.300147708500719,7.299488067626953,7.338321547348097,7.1936479788332806,7.379977226257324,7.291522979736328,7.3045759201049805,7.306466102600098,7.31078319201063,7.30479097366333,7.312226220787553,7.327270776893453,7.29604806138533,7.269139289855957,7.242431098758056,7.33361453757602,7.17793083190918,6.652966,7.154107,6.658428,7.179565,6.573744,6.9664645,6.693201,6.114069,6.1446686,6.1852436,6.1222234,6.084743,6.348145,7.14663,7.3003135,7.2980547,7.2860746,7.273163,7.298729,7.2856307,6.788308,7.294720360586828
7.301029995663981,7.156364440917969,7.221517086029053,7.202688694000244,7.3630132302776,7.189902305603027,7.305448303237457,7.299592345149296,7.3252766757934005,7.3014326095581055,7.358501297403906,7.325912499285897,7.225375652313232,7.293914794921875,7.30625057220459,7.304033279418945,7.330009347682763,7.30537748336792,7.291798957466807,7.317222862071068,7.293458809167117,7.265803813934326,7.245467121437059,7.2900937374191805,7.227548122406006,6.334482,7.1827726,6.831952,7.147227,7.102083,6.0876293,6.1342893,6.243494,6.2824297,6.307909,5.1127405,6.1877303,6.5138364,7.16416,7.3090887,7.2978196,7.3210096,7.2993927,7.30103,7.308212,6.723464,7.304809418622591
7.301029995663981,7.178252696990967,7.236478328704834,7.204683303833008,7.315609261255069,7.234775066375732,7.305448303237457,7.2972272541373675,7.299572913209566,7.314148902893066,7.37259300888147,7.192429332256297,7.260900974273682,7.268680572509766,7.29384183883667,7.291923522949219,7.316250742739278,7.292486190795898,7.291798957466807,7.317222862071068,7.293458809167117,7.265803813934326,7.245467121437059,7.254564297753934,7.212024211883545,6.11503,6.6618176,6.577157,6.695884,6.46447,6.3099074,5.7985773,5.901334,5.492771,5.158637,6.050384,6.192441,6.3417287,7.169302,7.307817,7.2980547,7.2977757,7.244261,7.30103,7.285045,6.533171,7.297270173201033
6.259637310505756,6.40018892288208,6.448544979095459,6.428079605102539,6.298390923267012,6.470859050750732,6.299440093328246,6.292498016044692,6.285449777011058,6.297168731689453,6.262846790411193,6.3774246594870405,6.221644878387451,6.308581829071045,6.288451671600342,6.297668933868408,6.269743584484624,6.25247859954834,6.282564976105054,6.271350147383048,6.283862092513585,6.267805576324463,6.217314142996333,6.314767271239411,6.077904224395752,6.6957083,6.3939548,6.734472,6.316133,6.813961,6.1987653,7.166177,6.1364503,6.688874,6.0152726,6.204414,7.0116906,6.2505918,5.850458,6.2824225,6.2560496,6.2652154,6.1165147,6.2386518,6.261138,6.3948455,6.264491442987223
7.301029995663981,7.141743183135986,7.282113075256348,7.242799758911133,7.277923606872032,7.116164207458496,7.311697632652278,7.303523978908797,7.300310735027134,7.30308723449707,7.3095708637570675,7.203561839122145,7.283822059631348,7.255082607269287,7.2960357666015625,7.285591125488281,7.337664927515368,7.2955193519592285,7.2941989971423205,7.298084845879539,7.292493912973736,7.262746334075928,7.256483498393784,7.281087363465829,7.250957489013672,6.9586368,7.2096133,6.944636,7.1408176,7.1158757,6.33789,6.2575436,6.708248,6.6659727,6.7171507,6.3436713,7.666752,6.725288,7.30103,7.299973,7.2858415,7.3005443,7.312962,7.30103,7.2959332,6.99447,7.292864921023673
7.301029995663981,7.120412349700928,7.264809608459473,7.246329307556152,7.25169244460513,7.008535861968994,7.301759900987238,7.295871691461567,7.305014789797079,7.292462348937988,7.312626406297874,7.286673171680873,7.074071407318115,7.237614154815674,7.282395839691162,7.277432918548584,7.362772545393872,7.315650463104248,7.2878238392000325,7.298773736830697,7.293351897992804,7.2600483894348145,7.326962621877266,7.2668973947784865,6.932358264923096,6.847344,7.191926,7.1271486,7.1718884,6.998077,6.1510835,6.1790667,7.082397,6.672753,6.898781,6.3448153,7.2961807,6.14453,7.30103,7.2999725,7.2949953,7.2959766,7.3901014,7.30103,7.299493,6.9644294,7.297401855444366
7.301029995663981,7.284148693084717,7.250300407409668,7.253201007843018,7.292220462303827,7.323726177215576,7.30368331521386,7.296864807461906,7.30231234679118,7.3083176612854,7.166656306485017,7.20045691506878,7.452913284301758,7.226568222045898,7.211841106414795,7.206429481506348,7.276701527058312,7.219722270965576,7.2941989971423205,7.298084845879539,7.293015401654213,7.262746334075928,7.294198053924224,7.2620493976075045,7.1431803703308105,6.5096593,7.179845,6.94786,7.2709165,6.86826,6.0695095,5.6167974,6.077047,5.6446395,5.886396,6.1392913,5.2085094,6.9058375,7.127629,7.302489,7.211721,7.2902856,7.130849,7.30103,7.2806964,6.6484632,7.25672326514145
6.150514997831991,6.033215045928955,6.04124641418457,6.027513027191162,6.080913409986758,6.045299530029297,6.272434793451632,6.2650150814085395,6.096122941055738,6.073826789855957,6.069643221339768,6.2261449696958415,5.833440780639648,6.124988555908203,6.20540714263916,6.185495376586914,6.1672911560824115,6.198483943939209,6.2879320595935555,6.2622249703024915,6.274189823967465,6.201127529144287,6.184997728285172,6.173416437257603,6.074648380279541,5.9851966,6.1716795,5.876443,6.276243,5.7237806,5.9707417,6.814616,6.5894737,6.4615397,6.3027406,5.9532866,6.7867427,6.1005487,5.836739,6.026347,6.098613,6.0472536,5.987299,6.0131187,6.1054454,6.156392,6.078705872529515
7.301029995663981,7.090936660766602,7.184135437011719,7.1575727462768555,7.301880241301387,7.129014015197754,7.305448303237457,7.297301567601715,7.298160647998029,7.299589157104492,7.267724130951042,7.179971630055095,7.301293849945068,7.262739658355713,7.3038787841796875,7.295799732208252,7.330901619372747,7.2915778160095215,7.291798957466807,7.317222862071068,7.294817575710925,7.265803813934326,7.245467121437059,7.270741861784338,7.109064102172852,6.4412203,6.878726,6.30582,6.9706645,6.450799,6.1140738,6.0569067,5.5648165,6.517841,6.391983,5.9527035,5.566149,6.5858,7.30103,7.301144,7.2834616,7.3100395,7.3068767,7.298923,7.293521,6.644625,7.2922019574766015
7.301029995663981,7.26338005065918,7.314113616943359,7.304398536682129,7.292542916780622,7.240180969238281,7.3039219586888064,7.294460774916752,7.300754883573865,7.3013200759887695,7.335803553626087,7.341418579269553,7.404540061950684,7.283295154571533,7.289366722106934,7.291966438293457,7.314052459822257,7.3012003898620605,7.2878238392000325,7.299365071858585,7.290425018409489,7.2600483894348145,7.250885666444076,7.289002963433816,7.138031005859375,6.668103,7.081765,7.045847,7.035224,6.736663,7.1173024,6.443021,6.1937647,6.471115,6.3750243,6.2489333,6.3444242,6.328827,7.1448374,7.298648,7.29719,7.3069205,7.3075294,7.30103,7.3005424,6.8523355,7.299064457092625
7.301029995663981,7.144165992736816,7.2315473556518555,7.192989349365234,7.275094929602983,7.164973258972168,7.2782619300096885,7.287608457720507,7.305504615306547,7.3024420738220215,7.229777834622935,7.194974089728905,7.345611095428467,7.245032787322998,7.2632365226745605,7.254968643188477,7.298769730137534,7.268434524536133,7.2941989971423205,7.293247193745361,7.292493912973736,7.262746334075928,7.256483498393784,7.230283689984751,7.238398551940918,6.6980495,7.0143995,6.6109924,7.0571213,6.8257747,6.2288623,7.043433,6.9138827,6.731654,6.574894,5.952823,6.7408733,6.569944,7.30103,7.300991,7.2619977,7.293111,7.272016,7.298923,7.286924,6.8988853,7.279990330841027
6.259637310505756,6.282647609710693,6.30779504776001,6.308304786682129,6.289240428300104,6.251313209533691,6.2951927959144145,6.295607354227642,6.291417449238665,6.279665470123291,6.3414291992986325,6.242300189110176,6.229562282562256,6.277137756347656,6.302392482757568,6.296480178833008,6.3088959236721,6.301352024078369,6.284179302247634,6.271225432281029,6.308414607781212,6.319350719451904,6.345543223400735,6.2758202081861025,6.0129313468933105,6.2878532,6.355457,6.5125675,6.400819,6.3630514,5.7960052,6.0434,6.3400106,6.005172,6.266799,6.563924,6.999582,6.180597,5.801463,6.255067,6.2704773,6.3326774,6.304811,6.208666,6.276177,6.2782288,6.272469123693998
7.301029995663981,7.162639141082764,7.290130615234375,7.251864910125732,7.3078708673733095,7.117456436157227,7.24666353549712,7.265506457312585,7.323200532762032,7.2898383140563965,7.197952111010534,7.31514062163977,7.336223602294922,7.240667343139648,7.241082668304443,7.24184513092041,7.307801323358497,7.262367248535156,7.2941989971423205,7.293247193745361,7.292493912973736,7.262746334075928,7.240781204709083,7.2024173891737,7.23488187789917,6.9255157,7.3255386,7.5369415,7.3201723,7.1234875,7.150494,6.93931,6.995673,7.3283877,6.6521263,6.160071,7.167691,6.285311,7.190363,7.3443522,7.297743,7.3085938,7.3737717,7.2884283,7.322833,7.10184,7.316225804229075
7.301029995663981,7.269168853759766,7.304257392883301,7.293592929840088,7.306579723003668,7.294694900512695,7.305004249017527,7.295363415793122,7.3221693152327,7.328896999359131,7.274387730640022,7.349342816161449,7.340548992156982,7.255953311920166,7.284728050231934,7.280841827392578,7.3001333336780485,7.245615005493164,7.275304396327818,7.287937554729683,7.291205002593684,7.263766288757324,7.2936823459504145,7.2995481274576655,7.460344314575195,6.823207,7.5530615,7.0643516,7.5480146,7.046051,6.9794984,6.378748,6.429925,6.9344416,6.883467,6.408406,5.962754,6.4146295,7.14663,7.306196,7.2980547,7.304509,7.2351713,7.298729,7.282668,6.9649253,7.296764099417854
6.150514997831991,6.154767990112305,6.172847747802734,6.184017658233643,6.127146440753007,6.164349555969238,6.244952727273869,6.271398539610148,6.180852528850758,6.192062854766846,6.154512893434957,6.199810984204268,6.054882049560547,6.179133892059326,6.241799354553223,6.233434200286865,6.215853361968336,6.252955436706543,6.291222901874457,6.283036732887436,6.222528203524335,6.257973670959473,6.271798753023435,6.226178838534317,6.233630657196045,6.261219,6.516226,6.3311896,6.49295,6.372392,6.6883044,6.1284504,6.1901083,6.8033648,6.624939,6.4433103,6.2169595,5.9235296,5.888256,6.141999,6.120495,6.1461663,6.1322675,6.146053,6.1289935,6.284858,6.129736703402408
7.301029995663981,7.23049783706665,7.265736103057861,7.2768874168396,7.293367545198031,7.196658134460449,7.301451912654204,7.299583403761853,7.300198845876775,7.302386283874512,7.264198051420505,7.304477284121868,7.3441057205200195,7.274283409118652,7.284135818481445,7.282980918884277,7.30420898902915,7.288486003875732,7.312226220787553,7.327702985097512,7.29604806138533,7.269139289855957,7.2488819368694974,7.289831234593505,7.3774261474609375,6.6502595,7.0113435,7.1586037,6.94864,7.0075693,6.673065,5.8319626,5.9668045,6.2031736,5.8180227,6.4611926,5.8670225,6.3009725,7.169302,7.3039985,7.30103,7.2940598,7.2884808,7.30103,7.297329,6.7426934,7.300364724910657
7.301029995663981,7.172753810882568,7.255955696105957,7.243527412414551,7.300785877632865,7.149313449859619,7.304739487843507,7.295970029353506,7.30011769228783,7.300301551818848,7.292740054245838,7.279581088211499,7.396690845489502,7.239921569824219,7.260643482208252,7.2570295333862305,7.310481086474667,7.273475170135498,7.2941989971423205,7.298084845879539,7.292493912973736,7.262746334075928,7.256483498393784,7.308344399215375,7.458436489105225,6.7562494,7.339311,7.1198997,7.3098803,7.1218038,6.938668,6.1584682,6.215917,6.827716,6.6434226,6.4438977,6.250594,6.413431,7.169302,7.303595,7.302874,7.2921124,7.271023,7.30103,7.29328,6.9236236,7.299938032712824
7.301029995663981,7.125964641571045,7.219930648803711,7.166974067687988,7.301095338687688,7.15911865234375,7.304739487843507,7.297265303897749,7.299833519315598,7.301509857177734,7.315083105875935,7.201318648772866,7.257274627685547,7.288854598999023,7.32155704498291,7.309637069702148,7.333595725666101,7.328924179077148,7.2941989971423205,7.298084845879539,7.292493912973736,7.262746334075928,7.256483498393784,7.290592339779049,7.190856456756592,6.3110714,7.0554667,6.1625276,6.996206,6.282743,6.520166,5.742339,5.764995,5.7329655,6.3261313,6.246851,5.684464,6.2527356,7.169302,7.301355,7.30103,7.3031707,7.318028,7.30103,7.295869,6.6034226,7.299998415686609
4.449771646944906,4.520936965942383,4.593501091003418,4.588381767272949,4.460035908255118,4.474239349365234,4.449771646944902,4.449815108630527,4.4536871708597845,4.455225944519043,4.470752739591456,4.487468174543878,4.211130142211914,4.418828964233398,4.426806449890137,4.437979698181152,4.438663124510612,4.402834892272949,4.468773781236709,4.492544036543834,4.457727056008785,4.477851390838623,4.490777856462937,4.414650885568961,4.478445529937744,5.176901,4.561983,4.746448,4.561432,4.9408298,6.3707414,5.6197934,5.8532825,5.9328218,6.174155,6.249171,5.7788186,5.4379125,5.8332076,4.5035505,4.55417,4.423849,4.502652,4.4675846,4.4535666,5.2071433,4.507704401443672
6.259637310505756,6.220091342926025,6.209191799163818,6.187535762786865,6.275497458207794,6.273472785949707,6.290668775524917,6.288548705202041,6.254155425621476,6.275394439697266,6.222299943601182,6.244966204872336,6.229066848754883,6.244905948638916,6.268784523010254,6.263347625732422,6.273462377088452,6.263616561889648,6.292534678534624,6.26311735718848,6.279791161916638,6.299046993255615,6.305892319225437,6.249379985931847,6.495815753936768,6.075729,6.1040983,5.6856995,6.1712103,5.8740406,6.545119,5.253891,5.629256,5.296667,5.7857547,6.255998,5.748964,6.049815,5.8753076,6.303054,6.2520967,6.2378654,6.1955757,6.195296,6.234506,5.988497,6.259420453594818
7.301029995663981,7.3560309410095215,7.3259596824646,7.334224700927734,7.315734466449129,7.36655855178833,7.301451912654204,7.299592196139413,7.298980414070878,7.298213481903076,7.243111547488565,7.162259366511085,7.199804782867432,7.260289192199707,7.29585075378418,7.2900776863098145,7.31901008000431,7.267689228057861,7.304922178982268,7.327270776893453,7.29604806138533,7.269139289855957,7.258719113747272,7.323371559071867,7.098140239715576,7.0322056,6.8711033,7.167356,6.921727,7.067442,7.092085,6.5215077,6.901988,6.7331247,6.404244,6.2491837,5.5533514,6.5666785,7.1448374,7.303202,7.277815,7.287501,7.213867,7.30402,7.303324,6.8958282,7.291051792546416
7.301029995663981,7.224069118499756,7.249251842498779,7.225888729095459,7.381463305255513,7.2793869972229,7.305448303237457,7.291861544655265,7.304572822181093,7.298870086669922,7.218590060695912,7.373638049679988,7.060089111328125,7.264444351196289,7.262791156768799,7.258439540863037,7.2883925993337435,7.252208709716797,7.291798957466807,7.317222862071068,7.259149668526466,7.265803813934326,7.245467121437059,7.273752791382726,7.082021236419678,6.1853,7.22233,6.791272,7.1983843,6.8668356,6.189427,6.9455605,6.687304,6.916091,6.0582137,4.1414466,6.1015573,6.5016418,7.133536,7.3015356,7.297743,7.2724686,7.249946,7.3032417,7.281377,6.73226,7.292878861459762
4.449771646944906,4.7356085777282715,4.667492866516113,4.696725845336914,4.532691926008148,4.671213150024414,4.456970821613065,4.4502751334732595,4.452561282542898,4.539062976837158,4.498619526228224,4.712841568428093,4.273786544799805,4.521321773529053,4.487017631530762,4.502013206481934,4.473763886748514,4.465538024902344,4.470417770868267,4.48563485562654,4.451409838427092,4.477555751800537,4.481715166890383,4.6100089902721875,4.510336875915527,5.642791,5.246128,5.6695976,5.327591,5.596628,5.6805167,5.2438364,6.4606104,5.284192,5.6773624,6.343605,5.2978697,6.0940423,5.7425876,4.547467,4.5537233,4.447634,4.464626,4.47546,4.4974327,5.314685,4.53084318315536
7.301029995663981,7.317994117736816,7.334102630615234,7.310455322265625,7.324048588732605,7.270508289337158,6.9365790156170695,7.28849018702463,6.879282403129942,7.296425819396973,6.963185330657893,7.304356660639713,7.387629985809326,7.16957426071167,7.218387603759766,7.2000861167907715,7.284122345849061,7.149951934814453,7.2818285776442275,7.247437840822663,7.314337323151169,7.265803813934326,7.2333587573345115,7.227157708684457,6.537330150604248,7.207828,7.909321,7.732099,7.896846,7.7321143,6.4649177,5.3848968,6.4255443,5.698595,5.9342012,6.3436728,5.5746474,6.872645,7.30103,7.2963905,7.274617,7.293795,7.12083,7.3146296,7.288553,6.9033585,7.284796571873747
7.301029995663981,7.058908939361572,7.104824542999268,7.0763020515441895,7.3199918805465,7.141937732696533,7.305004249017529,7.29676010528901,7.303976747578357,7.293391227722168,7.155386464866323,7.277411310859149,7.611234188079834,7.283649444580078,7.27396297454834,7.2627668380737305,7.2929235438834255,7.29380464553833,7.275304396327818,7.288219459695955,7.291205002593684,7.263766288757324,7.387762847382829,7.2032568906190315,7.125239849090576,5.7857313,6.656374,6.153116,6.6750755,6.042954,5.7553744,5.4306846,5.500228,5.186081,5.893689,4.30557,4.9678235,6.6498847,7.16416,7.2715225,7.2740555,7.303221,7.302346,7.30103,7.3013306,6.296013,7.282181053322419
7.301029995663981,7.071172714233398,7.0934224128723145,7.062160968780518,7.303550915458154,7.115738868713379,7.301451912654204,7.300454810557872,7.294050646540944,7.278538227081299,7.316232312616001,7.272631593754214,7.393658638000488,7.285494804382324,7.295950889587402,7.296697616577148,7.309061217663933,7.308871269226074,7.304922178982268,7.322104054163303,7.298095296357176,7.269139289855957,7.247739434254406,7.2709349513594175,7.311220645904541,5.8623905,6.7412033,5.861346,6.760945,6.0170894,5.9051523,5.7916093,5.866978,5.3151894,6.2013993,5.360988,5.3643117,6.543806,7.16416,7.2942805,7.2672305,7.3065915,7.2836113,7.302174,7.302104,6.4256277,7.285282483768745
7.301029995663981,7.243983268737793,7.312779426574707,7.295110702514648,7.2931680293330485,7.175453186035156,7.1657127811462145,7.232905649101194,6.941008240617977,7.05970573425293,6.947278576755006,7.149843589210226,6.943399906158447,7.076771259307861,7.041866302490234,7.038246154785156,7.194705509112627,7.034430027008057,7.045525187954876,7.220740683514992,7.056025938446379,7.248615264892578,7.218990676982301,7.093455297851196,6.875734329223633,7.1781116,7.6489935,7.9274073,7.623707,7.895777,6.9758167,6.4395676,6.961723,6.9036937,7.0590477,6.3691826,6.856526,6.771987,7.133536,7.3014407,7.2809286,7.3042455,7.2884984,7.30103,7.29443,7.175782,7.290982574910039
6.150514997831991,6.169130325317383,6.135662078857422,6.133915424346924,6.1245116393783094,6.230528354644775,6.214855192306139,6.2212060269017035,6.106975380333821,6.149538993835449,6.136002933485211,6.126152359529283,6.261770725250244,6.168314456939697,6.199280261993408,6.185513973236084,6.182003855366937,6.190707206726074,6.257663225764351,6.251769080322205,6.191768767283238,6.169078826904297,6.161501753537147,6.190451863872114,6.259798526763916,5.806602,6.016863,5.574072,6.107027,5.7207365,6.7063303,6.3079977,5.5819325,5.494872,5.6332674,6.2481885,6.132463,5.732661,5.8635206,6.136517,6.125644,6.089586,6.1249557,6.1507335,6.139319,5.984664,6.129130158536597
7.301029995663981,7.062469005584717,7.190315246582031,7.17702054977417,7.237733589721232,7.004279136657715,7.305448303237457,7.29751895871576,7.299352012195408,7.302430629730225,7.202810846477165,7.2065258995322194,7.2604827880859375,7.228456974029541,7.284396171569824,7.275947570800781,7.319739802293293,7.280546188354492,7.291798957466807,7.29975213107819,7.294817575710925,7.265803813934326,7.245467121437059,7.22358158741412,7.141916751861572,6.512188,7.0709753,7.375708,6.992891,7.0451827,6.3155384,5.6678796,5.7659464,5.7512383,6.3976007,5.800381,6.2325625,6.288114,7.16416,7.2946696,7.1711626,7.300342,7.2338214,7.30103,7.2927,6.6987047,7.240761429559468
7.301029995663981,7.04420280456543,7.165257930755615,7.128283500671387,7.238256832175951,7.059557914733887,7.304739487843507,7.298009607085022,7.301265534525833,7.296206951141357,7.2983588237127766,7.30967285406177,7.233583450317383,7.286710739135742,7.304745197296143,7.299263000488281,7.323937401016,7.332784652709961,7.2941989971423205,7.293305365497247,7.292493912973736,7.262746334075928,7.256483498393784,7.187180348988217,7.155942440032959,6.3483925,6.830378,7.0017715,6.8062997,6.7167435,6.2075853,5.2634697,5.916128,5.5966654,6.1627226,5.79886,6.5810313,6.2899895,7.16416,7.295817,7.154068,7.2986593,7.250518,7.3011374,7.2922335,6.6138315,7.233361871175609
7.301029995663981,7.147878646850586,7.233392238616943,7.220091819763184,7.275378286083905,7.157070159912109,7.305004249017527,7.294996763863231,7.295425141184312,7.30126953125,7.244824256244823,7.213496761819931,7.504486083984375,7.240383625030518,7.266938209533691,7.261643886566162,7.285102138926013,7.28179407119751,7.275304396327818,7.287937554729683,7.291205002593684,7.263766288757324,7.268794871071663,7.297650539351596,7.364955425262451,6.6157274,6.9921937,6.860506,6.9882736,7.026361,6.0741835,6.546417,6.462291,6.576864,6.2133083,5.9527154,6.8195057,6.5602603,7.30103,7.3009777,7.268769,7.290266,7.357002,7.298923,7.292673,6.8399134,7.284144405664465
7.301029995663981,7.306718826293945,7.3419413566589355,7.333582878112793,7.31007790862596,7.372159004211426,7.283802881403675,7.277122380932084,7.313447188177789,7.299839019775391,7.028387293788447,7.2060306573524215,7.271260738372803,7.198322296142578,7.2328948974609375,7.228771209716797,7.2871091161212185,7.1948041915893555,7.27011288535258,7.287937554729683,7.291205002593684,7.263766288757324,7.268794871071663,7.328084559447588,7.263772010803223,7.295572,7.16753,7.4571924,7.224865,7.5650167,7.3229947,6.4638844,6.3948126,6.378652,6.4692526,6.249183,6.1273446,6.2346735,7.1448374,7.2985272,7.291572,7.3024535,7.2832727,7.30103,7.300076,6.963637,7.296154327730817
6.259637310505756,6.346128940582275,6.290623664855957,6.30927038192749,6.263850600320854,6.3652262687683105,6.226115455838349,6.285942579574722,6.2498543296132985,6.231610298156738,6.235176877873336,6.229525480563156,6.2956223487854,6.285734176635742,6.299447536468506,6.293591022491455,6.277111190928125,6.2944135665893555,6.274687301602131,6.270328301680417,6.2427588673046595,6.277124404907227,6.255997310923887,6.2596347410518,6.107148170471191,6.1183085,6.3251534,5.8768687,6.37471,6.102069,6.869263,6.2834315,6.760887,5.8279176,6.4643984,6.243187,6.61145,5.983383,5.8816347,6.2508616,6.258688,6.2608185,6.263349,6.2596374,6.263643,6.263983,6.258111189528395
4.449771646944906,4.6552510261535645,4.671539306640625,4.690121650695801,4.489024727596895,4.626948356628418,4.449771646944902,4.449780480041886,4.450516228673705,4.44873571395874,4.466355523612162,4.46316569658957,4.4195427894592285,4.447371482849121,4.437499046325684,4.442046165466309,4.451345695869126,4.42121696472168,4.465105514794409,4.488299938800503,4.4595859156533715,4.4900312423706055,4.4907265067914475,4.536712096554962,4.281266212463379,5.3375883,4.5602684,4.5800266,4.6006355,4.8086267,5.9601035,5.925091,6.015257,5.585845,6.0152035,6.6598816,6.7341366,5.5727854,5.8570557,4.6252055,4.5183663,4.5166574,4.6468887,4.5940166,4.5841656,5.28489,4.560874855171177
7.301029995663981,7.138136863708496,7.21378755569458,7.196549415588379,7.301326090508681,7.147260665893555,7.295077486932164,7.28489168508195,7.2988553783977475,7.2918171882629395,7.2505042853127035,7.276161730732837,6.872010707855225,7.241520404815674,7.264532089233398,7.261845588684082,7.303840477122424,7.284351348876953,7.298151648498627,7.315772081903303,7.29506139033117,7.265803813934326,7.245467121437059,7.189876903356331,6.942965030670166,6.471454,6.8349266,6.499896,6.9380803,6.626559,6.219039,6.630577,6.622885,6.8798323,7.295768,6.5278864,6.634524,6.940265,7.1212125,7.3059196,7.266386,7.3006053,7.2691884,7.30103,7.2924438,6.8989244,7.285010615677279
5.183758700008217,5.34691047668457,5.367975234985352,5.3681745529174805,5.143579408569143,5.409395217895508,5.187775636869635,5.19555437355935,5.185623756502488,5.178186893463135,5.139036238470522,5.066452147123249,4.93958044052124,5.171792984008789,5.191903591156006,5.194223403930664,5.180376605676465,5.166561603546143,5.181649299524512,5.211994947866285,5.141310934845834,5.156982898712158,5.159456318596568,5.153933503930139,5.077301025390625,6.111407,5.4149275,5.34027,5.3708415,5.563792,6.826578,6.7329316,6.773146,6.8554344,6.517254,6.76825,6.738825,5.723818,5.8674,5.163897,5.197521,5.168407,5.1757193,5.1827564,5.1758556,5.8834515,5.181801666606496
7.301029995663981,7.145689010620117,7.264024257659912,7.249396800994873,7.269614189611364,7.150139331817627,7.305004249017527,7.294751621134747,7.293371824023214,7.302242279052734,7.254612320277275,7.286514259883832,7.198250770568848,7.222829341888428,7.269413948059082,7.264923095703125,7.300866369184451,7.244595050811768,7.275304396327818,7.287937554729683,7.291205002593684,7.263766288757324,7.268794871071663,7.27726823053646,7.3638596534729,6.8150573,6.950286,7.054713,6.9465218,7.0546446,6.085196,6.6205254,6.7344317,7.2173004,6.4041414,6.3242207,6.8518224,6.150459,7.30103,7.300989,7.28597,7.302092,7.2962446,7.30103,7.2988133,6.9147744,7.293988709941483
7.301029995663981,7.224944114685059,7.266411304473877,7.265923976898193,7.312643572155851,7.205591201782227,7.305448303237457,7.297174772640766,7.303765340495688,7.293654918670654,7.315462750094714,7.228277682400682,7.269442081451416,7.247398376464844,7.2894792556762695,7.286556243896484,7.317664828317213,7.289895057678223,7.291798957466807,7.317222862071068,7.293458809167117,7.265803813934326,7.245467121437059,7.301190455023159,7.2941365242004395,6.7175617,7.3343105,7.0900574,7.293515,7.0822577,6.8596644,6.2032576,6.2354956,6.647073,6.165356,5.931742,6.0370502,6.571701,7.169302,7.285519,7.30103,7.294796,7.3161263,7.30103,7.29587,6.856636,7.29547421252963
6.259637310505756,6.344460964202881,6.3574628829956055,6.3467583656311035,6.279943235053312,6.35489559173584,6.2868959277923295,6.2955779189682355,6.256913668887277,6.276340007781982,6.262594155087552,6.338393486498659,6.106659412384033,6.2925004959106445,6.288075923919678,6.2923054695129395,6.291559156625477,6.288948059082031,6.280966814711563,6.271225432281029,6.2777498535395235,6.253942489624023,6.265468089690258,6.277021561924875,6.181613922119141,6.5850506,6.3441033,6.727025,6.322283,6.705436,6.301827,6.4261675,5.6628776,5.953727,6.1917853,5.780737,5.908153,6.1971927,5.850458,6.2656617,6.2456756,6.265553,6.2434516,6.249114,6.263031,6.2244654,6.256298860264453
7.301029995663981,7.136187553405762,7.222216606140137,7.209141254425049,7.272213255331582,7.131433486938477,7.305004249017527,7.296073813538586,7.3002126036920885,7.293540954589844,7.276815094244799,7.243700505296968,7.331422328948975,7.2407941818237305,7.276861190795898,7.270860195159912,7.308147038670839,7.278029918670654,7.275304396327818,7.287937554729683,7.291205002593684,7.263766288757324,7.268794871071663,7.240034485679285,7.425792694091797,6.5703235,7.2210364,6.9856405,7.244904,6.9615235,5.8972874,5.4895525,5.618336,5.8612356,5.83918,6.384201,6.27336,6.614035,7.2922363,7.3022294,7.2254276,7.259941,7.3147407,7.30103,7.2896314,6.6972933,7.262665613517733
5.183758700008217,4.9990997314453125,4.951630592346191,4.958604335784912,5.072401570171859,4.93194580078125,5.129317277007629,5.024080876845071,5.167214869810419,5.139166355133057,5.028206034974553,4.513224658498684,4.743782043457031,5.0614728927612305,5.104187965393066,5.103049278259277,5.10301512540325,5.273558139801025,4.993236208153096,5.057336743619355,4.911581819476612,4.9681525230407715,5.001735118452742,4.770633942771202,4.847916126251221,4.984845,5.2298813,4.6187263,5.2944393,4.836177,5.281417,4.180358,4.1147504,4.394342,4.438376,4.0841856,4.0420837,6.261307,5.7440968,5.054848,5.1573367,5.155488,5.1175947,5.1512027,5.127813,4.9134626,5.1245416715169885
6.259637310505756,6.10694694519043,6.184807777404785,6.168584823608398,6.22699990043647,6.106151103973389,6.246637054075902,6.274223512877181,6.259781762874649,6.237918853759766,6.265545658759998,6.261668060954176,5.963111877441406,6.200536727905273,6.235620021820068,6.2303690910339355,6.258788489759026,6.242544651031494,6.284216390678383,6.261952690578294,6.196866719839913,6.201127529144287,6.147468546798382,6.183334918066528,6.390717029571533,6.220099,6.3531966,6.4113564,6.3232746,6.4879785,5.778467,5.39188,5.4711256,6.3511667,5.8334475,5.728947,5.985491,5.754743,5.782287,6.2640023,6.2605352,6.2601905,6.3219113,6.259419,6.2666564,6.075309,6.262870603780948
6.259637310505756,6.298716068267822,6.274648666381836,6.263369560241699,6.290287456648813,6.2783026695251465,6.263306938282869,6.29192479791111,6.252157239323973,6.252037525177002,6.2371931947303985,6.266091802764742,6.507633209228516,6.296141624450684,6.2862067222595215,6.280860424041748,6.285230670756123,6.335580825805664,6.293541553841133,6.2844364103281425,6.26809208963636,6.297299861907959,6.297507869544706,6.317667739121923,6.391576290130615,6.172041,6.256634,6.447523,6.287212,6.0499325,6.2282906,6.1446524,5.558672,5.354169,5.8948956,6.144595,5.4119105,6.0612984,5.8795223,6.279866,6.258221,6.2672276,6.1758227,6.251965,6.2390366,6.0681744,6.259532148112896
7.301029995663981,7.210667133331299,7.23490571975708,7.218301296234131,7.329207943859374,7.234801769256592,7.304739487843507,7.2972994864162,7.306840967101245,7.302525997161865,7.308141681293407,7.511497899044759,7.5063557624816895,7.333713531494141,7.309304237365723,7.3146562576293945,7.303379899268463,7.356082439422607,7.2941989971423205,7.30797631551299,7.292493912973736,7.262746334075928,7.3046482819761644,7.372060289919385,7.27077054977417,6.3473825,7.2531667,6.543115,7.233181,6.6125717,6.053103,5.6272135,6.004448,5.6692567,6.1036754,5.6277523,5.4630656,6.787843,7.29727,7.3083463,7.299663,7.3208456,7.368199,7.2928805,7.302911,6.625795,7.304118347781543
7.301029995663981,7.2269487380981445,7.300752639770508,7.266977310180664,7.319764510409541,7.257684230804443,7.3039219586888064,7.296904299408191,7.3032595058900664,7.3008551597595215,7.3023102732234175,7.351323025264416,7.504195690155029,7.282817840576172,7.276572227478027,7.281368255615234,7.29654822856706,7.273599624633789,7.2878238392000325,7.299365071858585,7.290425018409489,7.2600483894348145,7.250885666444076,7.32335862393882,7.110375881195068,6.7073374,6.8598495,6.7004447,6.9348335,6.8175063,6.525288,5.5770636,5.993951,6.2496815,5.351956,4.686936,5.3558254,6.730822,7.2945805,7.2949514,7.245359,7.305664,7.224475,7.302583,7.2931542,6.572613,7.273658169374748
6.150514997831991,6.1977691650390625,6.0608110427856445,6.0573554039001465,6.11536783742413,6.37797212600708,6.246316010297344,6.26209444518226,6.158120965325858,6.158962249755859,6.2897022135691225,6.249784810621906,6.158339500427246,6.3361639976501465,6.344859600067139,6.338890552520752,6.21267240686041,6.369651794433594,6.280452466287565,6.286271772868742,6.302424772299106,6.1986589431762695,6.269095177561491,6.280350577912288,6.357021808624268,5.2502675,5.574711,4.710274,5.606885,5.251216,5.448665,5.727598,5.637228,5.1509194,5.100855,5.2843328,4.234439,6.110737,5.873277,6.136935,6.12176,6.167987,6.148195,6.1453834,6.131832,5.5906744,6.13127739681385
4.449771646944906,4.6847453117370605,4.674989223480225,4.698398113250732,4.5086976749252905,4.652119159698486,4.449771646944902,4.449780480041886,4.455045113333912,4.444916248321533,4.464208656753529,4.441975572282916,4.858099460601807,4.503652572631836,4.464315414428711,4.475679874420166,4.46108723094298,4.455885887145996,4.465105514794409,4.488299938800503,4.477233074847371,4.4900312423706055,4.4972116990171145,4.556307645858255,4.29977560043335,5.780156,5.1036186,5.1113205,5.1119213,5.2127132,6.183345,5.613729,6.7349744,5.5485363,6.386476,6.25216,6.325573,6.0720906,5.8570557,4.4961405,4.5416327,4.414613,4.6192627,4.52408,4.495668,5.419253,4.510059136819371
7.301029995663981,7.215014457702637,7.262242317199707,7.268313407897949,7.305188267435686,7.189087390899658,7.305448303237457,7.302508712055361,7.300422317779274,7.300220489501953,7.321526331903668,7.324012439927804,7.1430840492248535,7.260171890258789,7.293039321899414,7.290984630584717,7.320677821247553,7.298392295837402,7.291798957466807,7.317222862071068,7.357065166892295,7.265803813934326,7.245467121437059,7.284887990952081,7.228867053985596,6.8472185,7.2569394,7.345254,7.191886,7.1692095,6.157726,6.6497836,5.7915354,6.576767,5.829822,6.0661964,6.307625,6.5183144,7.2945805,7.3021183,7.3004036,7.300306,7.4763527,7.30103,7.298101,6.8490577,7.300258027985028
7.301029995663981,7.331264495849609,7.244265079498291,7.2655792236328125,7.278505274022424,7.383846282958984,7.238511235955923,7.3134074343578765,7.309089420039548,8.037444114685059,7.6551948546787845,7.546988743509139,7.286647319793701,7.43720006942749,7.436882019042969,7.438509941101074,7.389073406575299,7.43241548538208,7.318472724042476,7.392166541595786,7.25810882000771,7.269071578979492,7.216677479363332,7.371009268574936,7.498037338256836,6.906401,7.166506,7.0605984,6.9508753,7.074568,6.886675,4.8920283,5.490852,4.9002666,3.2170804,3.1882596,3.0798535,6.33866,7.1511283,7.303019,7.2571974,7.31672,7.443638,7.301826,7.3386183,6.2132387,7.29274289910907
5.183758700008217,5.313112258911133,5.317597389221191,5.339977741241455,5.179573845423106,5.333251953125,5.220599638494861,5.219616109484676,5.198432992323132,5.316641807556152,5.237750064644177,5.422842280963516,5.184741497039795,5.247200012207031,5.210905075073242,5.219629287719727,5.215899645841282,5.110111713409424,5.1804564241548245,5.230438796796556,5.1705783440519655,5.163971900939941,5.140544580029208,5.1668105962054725,5.099071502685547,6.5551977,5.585224,6.5128765,5.5052185,6.794838,5.832038,6.358597,6.771768,6.178212,6.3497458,6.343674,6.552579,6.0284686,5.7425876,5.180725,5.2236023,5.167077,5.2911797,5.189132,5.159456,5.9161096,5.1932322295667745
5.183758700008217,5.303194522857666,5.309907913208008,5.336835861206055,5.21882905205184,5.2720046043396,5.188772806738186,5.186339668851121,5.183726627355422,5.18395471572876,5.22289462736263,5.249480564303472,5.312653541564941,5.2057414054870605,5.174239635467529,5.186303615570068,5.198067488030517,5.11118745803833,5.1804564241548245,5.217259405444533,5.1705783440519655,5.163971900939941,5.140544580029208,5.130541543044798,4.984984874725342,6.000494,5.16868,5.7423058,5.113025,5.5784383,6.0291,6.078185,6.4735646,6.442258,6.4379015,6.3396573,6.5017786,6.7231336,5.815082,5.2312803,5.1814847,5.3499756,5.314603,5.259154,5.186511,5.798331,5.207043583644289
6.259637310505756,6.403820514678955,6.261652946472168,6.28195333480835,6.277316530499497,6.491832733154297,6.307154655507001,6.307205492112892,6.277116490675773,6.2753400802612305,6.35265492861608,6.273216405159022,6.553081512451172,6.414307117462158,6.394168853759766,6.389925003051758,6.307232894067568,6.412477493286133,6.284179302247634,6.2872550915457035,6.317432180743861,6.3169355392456055,6.522083787732603,6.357867134369458,6.484549522399902,5.7986956,6.410391,5.3968368,6.439353,5.696421,6.0258517,5.8236485,5.4941278,4.976153,5.18918,6.259585,5.3760276,6.632429,5.8399963,6.2853684,6.202484,6.2521048,6.274254,6.242879,6.25239,5.943409,6.238802089926188
6.259637310505756,6.378652095794678,6.256749153137207,6.255105018615723,6.258770766157054,6.404150485992432,6.312163042484892,6.308235829215398,6.259587056192848,6.260087013244629,6.292884740025836,6.249235145071963,6.360072135925293,6.31777811050415,6.312276363372803,6.307916164398193,6.298635589768242,6.354098320007324,6.293541553841133,6.2844364103281425,6.305404038161828,6.3058037757873535,6.365969314145613,6.283271177973609,6.336464881896973,5.9756355,6.4004383,5.729869,6.427002,5.882676,6.099326,5.8459435,5.426798,4.9851556,5.3634524,6.259585,5.3251553,6.6494346,5.8399963,6.251976,6.2024193,6.250652,6.2758374,6.252222,6.2533474,5.984846,6.230619335156499
6.259637310505756,6.357665061950684,6.298238754272461,6.306582927703857,6.267636433727758,6.393585205078125,6.307154655507001,6.306477664736053,6.291272741023332,6.295318126678467,6.330607298335803,6.2950126103471655,6.523819923400879,6.3536295890808105,6.336904048919678,6.335590839385986,6.299452047987793,6.353147506713867,6.284179302247634,6.272084035855973,6.335938670356109,6.349423408508301,6.362838941906024,6.303578293556774,6.347787380218506,5.9293385,6.3124523,5.7453766,6.3206844,5.9480953,6.38665,5.8880873,5.5230184,5.7399526,5.148566,6.249183,5.972409,6.532139,5.8816347,6.292702,6.1822295,6.2809854,6.095901,6.2193403,6.253367,6.0451055,6.234085543106957
5.183758700008217,5.463721752166748,5.339705944061279,5.379814624786377,5.291304405783728,5.387333393096924,5.172484839403471,5.2079832009277665,5.202789193382366,5.1791229248046875,5.187342143681605,5.392186260461547,4.995169162750244,5.223572731018066,5.184331893920898,5.1970415115356445,5.20935062677026,5.1895341873168945,5.158864530500097,5.215104716449804,5.181026416923017,5.1712470054626465,5.134525719762443,5.163557743768586,5.125275135040283,5.931654,5.492945,5.9178,5.535136,5.6335926,6.6671467,5.204458,5.126693,4.6492815,4.6814737,6.9021354,4.651066,6.4279876,5.8674,5.213444,5.2515326,5.22857,5.4207745,5.2331395,5.354086,5.519516,5.265573409262568
5.183758700008217,5.1899590492248535,5.229916572570801,5.239763259887695,5.156181140410062,5.157327651977539,5.18769814609486,5.186724586781733,5.18133251430937,5.189053535461426,5.175611243907813,5.138831657011221,5.060502052307129,5.137180328369141,5.157534599304199,5.157430648803711,5.166153444668193,5.115692138671875,5.193101980056606,5.2166635219910615,5.177669362772782,5.17974853515625,5.1638065305810015,5.0962355018590895,5.021401405334473,5.6156316,5.254791,5.3572555,5.2459607,5.4344635,6.5859385,5.9192367,6.5124702,6.599215,6.2835684,6.249183,6.168523,5.708879,5.8332076,5.140492,5.2195716,5.181405,5.0720043,5.1829743,5.167469,5.686612,5.184473368714994
7.301029995663981,7.291612148284912,7.309699058532715,7.322503566741943,7.326256517711391,7.230227470397949,7.291838868564234,7.299703028464629,7.301105246819459,7.301270961761475,7.412264209658386,7.32580671320589,7.283787250518799,7.2939276695251465,7.294270038604736,7.29884672164917,7.309518472205755,7.3085479736328125,7.312226220787553,7.327702985097512,7.29604806138533,7.269139289855957,7.2488819368694974,7.369652394877516,7.313812732696533,6.945303,7.272774,7.2110295,7.226393,7.1322966,7.3308434,6.236834,6.4530187,6.357981,6.872079,6.494763,6.541065,7.1098185,7.169302,7.2953672,7.2942824,7.2988524,7.3233533,7.2995167,7.295726,7.00803,7.295229918603744
7.301029995663981,7.321263313293457,7.3370680809021,7.345119476318359,7.327780034122988,7.22681999206543,7.303914233735883,7.294644044304642,7.3017375479035485,7.3019609451293945,7.412436541976873,7.290497634493308,7.382427215576172,7.3007612228393555,7.319241523742676,7.319011688232422,7.361120845009227,7.362646102905273,7.2878238392000325,7.299365071858585,7.290425018409489,7.258072376251221,7.230852908550321,7.296870850768323,7.1799235343933105,6.945303,7.272774,7.2110295,7.226393,7.1322966,7.3308434,6.236834,6.4530187,6.357981,6.872079,6.494763,6.541065,7.1098185,7.169302,7.2953672,7.2942824,7.2988524,7.3233533,7.2995167,7.295726,7.00803,7.295229918603744
6.259637310505756,6.372941017150879,6.351700305938721,6.354282379150391,6.3251249153313225,6.342000961303711,6.27117646225188,6.303218408146115,6.26004635283894,6.260969161987305,6.327778027476207,6.320992383635645,6.0850419998168945,6.31270694732666,6.318127632141113,6.3203935623168945,6.335380753040662,6.347227096557617,6.282581140854143,6.271225432281029,6.350191872362662,6.310626983642578,6.345549702951855,6.296250086926677,6.328063011169434,6.4812284,6.373434,6.287976,6.3916,6.466685,7.031238,5.922246,6.202885,6.431764,6.583924,7.3748145,6.2641306,6.8350787,5.90756,6.2622256,6.289017,6.2631903,6.222769,6.237205,6.2537913,6.404138,6.271904644692393
6.259637310505756,6.397403717041016,6.373579025268555,6.3802385330200195,6.2981400988777665,6.380703449249268,6.301700926891849,6.310895374109654,6.260003901195254,6.2610087394714355,6.391160151624182,6.310217635713325,5.946653842926025,6.278919219970703,6.30377197265625,6.302804946899414,6.3144517423114985,6.288456439971924,6.260989252320688,6.239450762900492,6.3040553407774915,6.2664475440979,6.227098923427409,6.22787242924939,6.126104354858398,6.4812284,6.373434,6.287976,6.3916,6.466685,7.031238,5.922246,6.202885,6.431764,6.583924,7.3748145,6.2641306,6.8350787,5.90756,6.2622256,6.289017,6.2631903,6.222769,6.237205,6.2537913,6.404138,6.271904644692393
6.259637310505756,6.274966239929199,6.266663074493408,6.270603656768799,6.233003551184656,6.2969279289245605,6.287629731441959,6.280649988709228,6.2476874736152865,6.259617805480957,6.293492826745589,6.196072615949948,6.47820520401001,6.243768692016602,6.249866962432861,6.246669769287109,6.266365868630588,6.254219055175781,6.269347521517561,6.253721260668645,6.271916328448061,6.254424571990967,6.232564761625783,6.2419306348900845,6.169789791107178,6.3520336,6.2253046,6.2509446,6.2058363,6.3256235,6.8207927,6.131422,6.4547353,6.323693,6.188784,6.249183,6.2751245,6.05759,5.8816347,6.2048116,6.2602377,6.2607346,6.26031,6.259201,6.2485523,6.261827,6.243657178092252
7.301029995663981,7.215691566467285,7.307296276092529,7.271745681762695,7.370809933120291,7.117433071136475,7.2777976797689234,7.252531668522908,6.3935377189121,6.551916122436523,7.420040743713462,7.136885488709111,6.51003885269165,7.13380765914917,7.168859958648682,7.1595139503479,7.25175263503191,7.4064202308654785,7.3030345390131925,7.24096815973363,6.9780587020257565,7.178691864013672,7.070449577937209,6.967776831153326,6.243785858154297,7.2289834,7.249185,7.432632,7.196699,7.198948,6.439694,6.4534397,6.8264284,7.7213197,7.734164,5.4686003,5.030381,7.501134,7.30103,7.300196,7.295079,7.275727,7.0986023,7.30103,7.282997,7.0168138,7.292014044829566
6.259637310505756,6.197941780090332,6.208370685577393,6.1856608390808105,6.251584685918893,6.230040073394775,6.290668775524917,6.286966611694508,6.259118697790206,6.259805679321289,6.233748125090242,6.222014976162728,6.218960762023926,6.234830856323242,6.263356685638428,6.258765697479248,6.270426736894248,6.26430082321167,6.292534678534624,6.26311735718848,6.274773431934017,6.274585723876953,6.283181032820621,6.247169082435378,6.446474552154541,6.1892767,6.153633,6.148825,6.1254587,6.1962013,6.573007,5.8370576,6.3748846,6.3142138,6.2886424,5.6250157,6.089623,5.911663,5.90756,6.252297,6.234864,6.3044906,6.2154284,6.2587643,6.268086,6.1634502,6.252275560235521
6.259637310505756,6.208121299743652,6.217978000640869,6.206775665283203,6.249883309952071,6.236673831939697,6.2579008786614025,6.28285461906281,6.24122695811356,6.227687358856201,6.266861423013076,6.290594312036122,6.008448123931885,6.261892318725586,6.280324935913086,6.278373718261719,6.268290121143294,6.282386779785156,6.2712599226269266,6.271225432281029,6.229036221331232,6.226007461547852,6.175761744657913,6.248056550848954,6.280894756317139,6.091525,6.1222854,5.801942,6.091723,5.900569,6.558333,5.563102,6.1549935,5.9415584,6.369948,5.6175733,5.690664,5.9204597,5.90756,6.250751,6.234864,6.2768483,6.2524343,6.2585464,6.2693477,6.063751,6.250237039903541
6.259637310505756,6.426730632781982,6.359977722167969,6.384154796600342,6.398311031841047,6.4218525886535645,6.306651636362334,6.298339489298408,6.368134652225543,6.365412712097168,6.3605709705487286,6.268200388365021,6.1099348068237305,6.297410011291504,6.307754039764404,6.304080009460449,6.341331911574302,6.296743392944336,6.266743791594444,6.241477674810382,6.335298488803197,6.299200057983398,6.2188392552456495,6.229889481329751,6.329623699188232,6.446382,6.4019694,6.399335,6.4274507,6.3476243,6.5204506,7.038206,5.994601,5.980621,6.293179,6.2038546,6.602936,6.6775784,5.8449497,6.2515554,6.4468102,6.2912226,6.368656,6.2579093,6.282468,6.3538885,6.347045591468909
6.259637310505756,6.220564842224121,6.221344947814941,6.217896938323975,6.255221008204357,6.244214057922363,6.279742798195727,6.276243618256443,6.27490582198166,6.240337371826172,6.269812315418294,6.270682493585822,6.450170993804932,6.259011268615723,6.245568752288818,6.246078968048096,6.259032483532723,6.270730495452881,6.2680187932251705,6.247853159523074,6.234752187286574,6.24509859085083,6.265751436588355,6.24666569617758,6.408945560455322,6.3558245,6.318314,6.23207,6.2569327,6.3311777,6.2730484,6.2145395,6.2095795,6.1408057,6.352463,6.120166,6.5054493,6.084962,5.8795223,6.250962,6.2550673,6.2541122,6.251998,6.2522097,6.2636104,6.240141,6.2560736113132425
7.301029995663981,7.166504383087158,7.2625651359558105,7.246576309204102,7.301843417799361,7.142532825469971,7.305004249017527,7.295784239687347,7.301489464521606,7.2993011474609375,7.216952100958931,7.238276483820355,7.366477012634277,7.2314252853393555,7.270268440246582,7.264955520629883,7.304880811096011,7.266624450683594,7.275304396327818,7.287937554729683,7.291205002593684,7.263766288757324,7.268794871071663,7.279898949587081,7.4044270515441895,6.8448277,7.425024,7.2396135,7.3661933,7.13532,6.6428394,6.0029936,6.2977037,5.79401,6.7567105,5.8249865,6.464604,6.1245203,7.16416,7.3053536,7.277227,7.296286,7.262774,7.30103,7.293305,6.8409743,7.289499092959445
7.301029995663981,7.3443284034729,7.246236324310303,7.245074272155762,7.2891256826351745,7.432225227355957,7.3039219586888064,7.29701250227819,7.301185032768693,7.301095485687256,6.9923148701259725,7.217581023186774,7.262861251831055,7.254268646240234,7.222770690917969,7.221419334411621,7.237734784153176,7.178466320037842,7.291181530989507,7.294285748129065,7.290425018409489,7.258072376251221,7.230852908550321,7.300645335011006,7.014560222625732,6.566437,6.9706774,6.5940976,6.9037743,6.857575,6.640936,6.487071,6.1468143,5.97259,6.125062,6.057104,5.069291,6.8600025,7.16416,7.2277846,7.193561,7.293808,7.191829,7.305058,7.299441,6.696354,7.235114129063307
6.259637310505756,6.213835716247559,6.309414863586426,6.30403995513916,6.216789510870789,6.219302177429199,6.304983642079899,6.296067232926727,6.275221042524523,6.313230514526367,6.3895832757082465,6.288841012848429,5.769443511962891,6.258088111877441,6.287583827972412,6.287352561950684,6.295629575700118,6.325007438659668,6.295318379052967,6.2844364103281425,6.28756648561227,6.302155494689941,6.312489120156159,6.255209760734734,6.209224224090576,6.857165,6.4769874,7.187767,6.3656106,7.2419915,6.004511,5.623884,7.431319,6.774437,6.5845866,6.3436165,6.756506,6.3773785,5.797403,6.2718496,6.170068,6.186897,6.269946,6.200986,6.1832256,6.455306,6.1997425231202365
7.301029995663981,7.4756269454956055,7.294219017028809,7.307379245758057,7.2340718368769945,7.55551815032959,7.305004249017529,7.32168412432767,7.364618821211373,7.433408260345459,7.375402033346009,7.288135592394312,7.124093055725098,7.298035621643066,7.309901237487793,7.304699897766113,7.313337721914001,7.302879333496094,7.26943185839313,7.295122461017223,7.271690897009047,7.263766288757324,7.3344230341564804,7.220489405664511,7.220812797546387,6.8865833,7.1555157,7.2575617,7.1372776,7.182439,6.8512387,4.640645,5.014281,4.5082517,3.2499735,5.6322136,3.269777,6.188035,7.1448374,7.245836,7.235135,7.2697515,7.3498306,7.2863836,7.2905045,6.2898035,7.253814173769688
7.301029995663981,7.049147605895996,7.1282148361206055,7.126053333282471,7.334836449071577,7.081918239593506,7.45272797863905,7.29510791266093,7.300659272922963,7.297334671020508,7.544347629227425,7.157366947843191,7.545316696166992,7.343292713165283,7.3319993019104,7.3364129066467285,7.355218621939877,7.356819152832031,7.291798957466807,7.308738100927469,7.263166602356534,7.265803813934326,7.242744149142702,7.26803093994652,7.068784236907959,5.712597,6.7234535,5.601837,6.709225,5.8151326,5.715865,5.758387,5.414649,6.6081095,5.6312523,4.7780466,6.016946,7.268678,7.30103,7.2957344,7.273245,7.285284,7.141342,7.30103,7.2806597,6.4316254,7.2814971717472385
5.183758700008217,5.536500930786133,5.451755523681641,5.422872066497803,5.304055196771576,5.6351752281188965,5.201979994565651,5.3001161325128345,5.2507116561702905,5.189040660858154,5.396364604017856,5.414044836316274,5.9173712730407715,5.397606372833252,5.304266929626465,5.308987617492676,5.298488934330458,5.350521087646484,5.224174485121402,5.298687897916622,5.412005785185678,5.366573810577393,5.31178036328614,5.307140150390435,5.172328948974609,6.1977177,5.91426,5.6059694,5.8283305,5.7977047,5.8281245,6.576718,8.500801,6.668591,6.653578,6.333906,6.670517,6.29183,5.7390976,5.172566,5.3741336,5.2106376,5.408613,5.2508345,5.2052913,6.0114613,5.271138213403315
7.301029995663981,7.1412553787231445,7.198202610015869,7.192929267883301,7.297777674349634,7.1993088722229,7.267327414319692,7.296205271620415,7.291781354065489,7.300090789794922,7.3093898859906945,7.154445281150096,6.854438304901123,7.218678951263428,7.287377834320068,7.2743000984191895,7.308150532055441,7.257709980010986,7.2878238392000325,7.298773736830697,7.287346965861338,7.30501127243042,7.250885666444076,7.265216973647056,7.075857639312744,5.897897,6.5310574,6.1298428,6.510706,5.9151583,6.6011124,6.1940603,7.457836,6.57365,6.334319,6.249566,7.0606885,6.525806,7.1242166,7.311552,7.28198,7.3004985,7.1585817,7.296796,7.2906294,6.737298,7.29275255169691
7.301029995663981,7.189199447631836,7.19685173034668,7.192785739898682,7.294630869712144,7.195035457611084,7.255708585264375,7.286863932483306,7.303376712852287,7.299286365509033,7.1337946917703485,7.046448286112903,7.135080814361572,7.203885555267334,7.271598815917969,7.2605695724487305,7.289301847619424,7.229329586029053,7.292914610416959,7.326034317949294,7.1386301363034805,7.270418167114258,7.238224108946809,7.167593089367694,7.10851526260376,6.200126,6.437149,6.4559703,6.488653,6.307764,6.702916,6.766002,7.1213675,6.543778,6.3604765,6.2491837,6.6065845,6.500574,7.1242166,7.3012,7.2920322,7.301937,7.095501,7.296796,7.2900033,6.7721124,7.294513765943476
7.301029995663981,7.071983814239502,7.230964183807373,7.188314914703369,7.286519667514629,7.134500026702881,7.304739487843507,7.297165410506584,7.300766873511263,7.301304340362549,7.26152918260495,7.2391178058593715,7.358458042144775,7.2456440925598145,7.260009765625,7.255877494812012,7.304463018192979,7.271017074584961,7.2941989971423205,7.298084845879539,7.252084593979356,7.246764659881592,7.256483498393784,7.226362538719164,7.289428234100342,6.740975,6.9702177,6.6977425,6.937444,6.932807,6.0616565,5.716163,5.9867153,7.108754,6.3754473,6.026351,5.7492924,6.16541,7.30103,7.3011417,7.28597,7.301521,7.2503495,7.30103,7.2988133,6.725442,7.293985984141997
4.449771646944906,4.52769136428833,4.616881847381592,4.62999153137207,4.405430709172883,4.454407215118408,4.449771646944902,4.449780480041886,4.449079120809622,4.456584930419922,4.500229662372177,4.37275163823623,4.506398677825928,4.429083347320557,4.422067165374756,4.429874420166016,4.453902639977435,4.4329118728637695,4.465105514794409,4.488299938800503,4.458632014344253,4.4900312423706055,4.494866702428188,4.483572026027817,4.345599174499512,5.3805885,4.7057166,5.2377024,4.68137,5.1381288,6.634078,6.3601,6.334064,6.581598,6.6710744,5.949855,6.44681,5.83936,5.843347,4.4342723,4.4578834,4.426774,4.4676194,4.453425,4.4555936,5.4249682,4.449253323622278
6.259637310505756,6.110339164733887,6.138883113861084,6.145230293273926,6.247039730527281,6.119047164916992,6.260933498073379,6.292057550643184,6.255767073743261,6.238253593444824,6.2928869519825374,6.29503513817053,6.088644504547119,6.259326457977295,6.284573554992676,6.275400161743164,6.2878333941425675,6.292687892913818,6.293541553841133,6.284018575698127,6.26088539456776,6.288722991943359,6.2971271414234335,6.257028368324039,6.289187908172607,5.8022685,6.2618976,5.7294526,6.3605947,5.6789746,5.6499677,5.1452637,5.3207603,6.374567,5.7846227,5.3447523,5.659572,6.1559086,5.782287,6.228676,6.24407,6.272346,6.3221498,6.208902,6.2659736,5.9296503,6.24762515986847
4.449771646944906,4.498553276062012,4.608366012573242,4.605949401855469,4.413024469637611,4.486689567565918,4.449771646944901,4.438777688786769,4.452495910168639,4.446197032928467,4.4295332288058535,4.505087807137572,4.633203506469727,4.425616264343262,4.411971569061279,4.422883987426758,4.426758606115543,4.360218524932861,4.468175470981099,4.48563485562654,4.46133652488928,4.487860202789307,4.4989811421072075,4.542267372927217,4.395887851715088,5.6187525,4.606385,5.4187727,4.550921,5.4550166,6.379218,6.359042,6.3373494,6.5686398,6.132665,6.659467,6.8602843,5.4958634,5.8674,4.4897614,4.462977,4.4260364,4.381974,4.450005,4.4138007,5.4467163,4.454951263355915
6.259637310505756,6.5196967124938965,6.380272388458252,6.397462844848633,6.351004067317814,6.5274457931518555,6.379326495102848,6.331746455103176,6.2963689868117525,6.311850547790527,6.260457958741448,6.31949496049318,6.449635028839111,6.345568656921387,6.2919487953186035,6.289364814758301,6.326124598182024,6.3139142990112305,6.28904884621214,6.257077914671523,6.357037191863584,6.333867073059082,6.345479546279955,6.3796213769014605,6.377397060394287,6.8612165,6.5346813,7.2111435,6.611839,7.1366363,6.139129,5.579556,6.9668417,5.4243712,5.926321,6.3437266,5.821189,7.2158766,5.882705,6.2623672,6.25757,6.1612215,6.1526117,6.2272305,6.323464,6.351985,6.268057200867732
5.183758700008217,5.330499649047852,5.317927837371826,5.338094234466553,5.192513002254774,5.29302453994751,5.171530820020993,5.185150320842875,5.160386911933031,5.147770881652832,5.050101301151334,5.198708936205021,5.119606971740723,5.180182933807373,5.158639430999756,5.163269996643066,5.173203656918453,5.134758949279785,5.193101980056606,5.21926819110321,5.158968597690618,5.167351245880127,5.179485640281697,5.071614567978927,5.10480260848999,5.921838,5.245784,5.896457,5.166143,5.9912844,6.458146,5.641288,5.6336474,5.5997686,5.2735653,6.409791,5.573608,6.1241407,5.8674,5.1804934,5.1823006,5.191657,5.1330843,5.1781025,5.1777716,5.5923133,5.181407417940179
5.183758700008217,5.095820426940918,5.211982250213623,5.22147274017334,5.12489276888849,5.0497846603393555,5.198191866417862,5.2217687691023995,5.191382639384186,5.206063747406006,5.232414401246617,5.298108846244844,5.046536445617676,5.189959526062012,5.2134552001953125,5.217963695526123,5.206814855905064,5.156198024749756,5.18641128457141,5.21686739414926,5.126125008356356,5.153508186340332,5.181812749238285,5.109313348952533,4.9354987144470215,5.9146466,5.498223,5.772794,5.5246344,5.8214393,5.6341443,6.027582,6.6031575,7.0068398,6.1093435,5.345198,7.418316,6.0542903,5.7390976,5.136695,5.2092967,5.1669645,5.2413945,5.2130423,5.1490173,5.7793055,5.173506737567978
6.259637310505756,6.209429740905762,6.140780448913574,6.147622108459473,6.214503061399745,6.269011497497559,6.341223516814461,6.318446733876844,6.4398843308035865,6.252976894378662,6.2912291336264765,6.187155947562166,6.149445533752441,6.315014362335205,6.346846580505371,6.33890962600708,6.312602121691607,6.41689395904541,6.296893114282725,6.289452734542005,6.384048593241579,6.339918613433838,6.391529289992299,6.270906393072612,6.297413349151611,5.639399,6.352293,5.5196457,6.485991,5.547953,6.5202007,5.2339435,5.2425117,5.1732855,5.1666045,4.462759,4.9295983,6.404047,5.90756,6.2437053,6.2456546,6.2487926,6.210494,6.217692,6.0758944,5.7914014,6.203806175922092
6.259637310505756,6.198625564575195,6.162389755249023,6.134127616882324,6.250563555047575,6.221704483032227,6.241016573041267,6.26471458476124,6.227961805178973,6.2133283615112305,6.246487682507022,6.361262893374495,6.42291259765625,6.273062705993652,6.265344142913818,6.264683723449707,6.24857224259063,6.280426502227783,6.288950671805156,6.26311735718848,6.25981605204325,6.237312316894531,6.216412250546076,6.254433316872307,6.458138465881348,6.0149417,6.2572227,5.96237,6.349615,5.937956,5.8853207,5.284545,5.839484,4.7783794,5.7889867,6.357145,5.5092425,6.088426,5.8449497,6.2573366,6.268954,6.0001135,6.2717924,6.2558627,6.255807,5.9604225,6.243748990686877
6.259637310505756,6.235249996185303,6.198129653930664,6.187684059143066,6.270811893893626,6.266871452331543,6.290668775524917,6.292266263678231,6.258326398285686,6.273441791534424,6.236355484289139,6.285178686737694,6.5667595863342285,6.3097100257873535,6.298693656921387,6.298412322998047,6.278775771601517,6.307604789733887,6.296019303752136,6.26311735718848,6.258381305443757,6.329599857330322,6.328643281649447,6.261147382804159,6.277863025665283,6.231941,6.321963,6.2064734,6.4073205,6.113091,6.086429,5.9202404,6.158487,5.860448,6.1242914,6.3891516,6.0566645,6.1086087,5.8449497,6.256017,6.2692685,6.2586303,6.260219,6.259419,6.260153,6.169688,6.262991388210504
6.259637310505756,6.343258857727051,6.304381847381592,6.291284561157227,6.256135847098304,6.384643077850342,6.268416122916393,6.292950299430458,6.253582188046669,6.266007900238037,6.260218738164888,6.254863731176965,6.195568561553955,6.292618751525879,6.300932884216309,6.299002647399902,6.268475127075478,6.30026388168335,6.280966814711563,6.271225432281029,6.270672313936765,6.26266622543335,6.2654616101391385,6.2756565635511805,6.24535608291626,6.3168654,6.318033,6.2042785,6.323817,6.1984873,6.0448613,6.079663,6.3259306,6.462104,6.0419774,6.344991,5.5630455,6.1123857,5.8449497,6.2571034,6.266293,6.258366,6.279605,6.259419,6.260736,6.1881456,6.262088205240434
4.449771646944906,4.584815502166748,4.547946453094482,4.574576377868652,4.394417016561517,4.56528377532959,4.449771646944902,4.449789955545929,4.448513069930953,4.440117835998535,4.482348280469427,4.3655633269088865,4.140697956085205,4.449759483337402,4.4811320304870605,4.488121032714844,4.449640040784099,4.465139865875244,4.465270339219921,4.481730894427335,4.461830644750626,4.503278732299805,4.457422271513875,4.412506041967797,4.267575263977051,5.4258356,4.719062,4.8791404,4.731985,4.9769554,5.678984,6.0639124,6.3189354,6.44211,6.032558,6.3411927,5.5357447,5.504666,5.7104187,4.4405365,4.4777923,4.45087,4.498503,4.453579,4.4657316,5.257426,4.4636803474347015
4.449771646944906,4.479109287261963,4.434441089630127,4.441389560699463,4.441460624221591,4.456199645996094,4.449771646944903,4.449815108630527,4.450254516972901,4.449480056762695,4.495921321925558,4.432345280047445,4.478832721710205,4.419554233551025,4.429844379425049,4.437963485717773,4.4428721704068685,4.380038738250732,4.468773781236709,4.492544036543834,4.46329519138838,4.483788013458252,4.4991170376308105,4.43665069080563,4.540260314941406,5.0424027,4.6647034,4.4421444,4.679673,4.5693545,5.4132113,5.5541224,5.9494343,5.383558,5.517771,5.274987,4.896892,5.4854693,5.7104187,4.460149,4.482963,4.4472814,4.5027924,4.456521,4.475419,4.9704633,4.472918703496269
4.449771646944906,4.483744144439697,4.435490608215332,4.452253341674805,4.42720913336678,4.445917129516602,4.449771646944902,4.449789955545929,4.449676001579447,4.449770927429199,4.475612948020904,4.547335095493962,4.524945259094238,4.4708685874938965,4.453378677368164,4.471800327301025,4.439320474412348,4.367508411407471,4.465270339219921,4.481730894427335,4.461830644750626,4.503278732299805,4.502845825552911,4.404777964070541,4.1764302253723145,5.0424027,4.6647034,4.4421444,4.679673,4.5693545,5.4132113,5.5541224,5.9494343,5.383558,5.517771,5.274987,4.896892,5.4854693,5.7104187,4.460149,4.482963,4.4472814,4.5027924,4.456521,4.475419,4.9704633,4.472918703496269
6.259637310505756,6.304262638092041,6.291504859924316,6.27520227432251,6.2667753427249515,6.345559120178223,6.290668775524917,6.289255702285838,6.246434595772835,6.224444389343262,6.278838296686121,6.325598682392633,5.964452743530273,6.24454927444458,6.268700122833252,6.260504245758057,6.275592806482825,6.263790130615234,6.291516066323023,6.261952690578294,6.272983822683715,6.273766040802002,6.283385330140676,6.16494822934103,6.272231101989746,6.7575836,6.614853,6.7848587,6.5829625,6.9853616,5.865842,6.033881,6.4334183,5.9324903,5.945055,6.624387,6.474636,5.93412,5.7833223,6.2614627,6.2563663,6.272031,6.2628713,6.201998,6.2749414,6.314122,6.26329437622234
7.301029995663981,7.184497833251953,7.268440246582031,7.243966579437256,7.2945980005062125,7.2084784507751465,7.305448303237457,7.2976660849470125,7.30284830076949,7.2954888343811035,7.271639308352751,7.297044348798153,7.390382289886475,7.24863338470459,7.2704668045043945,7.266728401184082,7.301188563326738,7.252899646759033,7.291798957466807,7.317222862071068,7.29506139033117,7.265803813934326,7.245467121437059,7.269799636132625,7.24212646484375,7.133407,7.3245564,7.4376054,7.303914,7.5214925,5.951926,6.1569076,6.3111115,6.1553917,6.1212873,6.590126,6.3997455,6.1834292,7.30103,7.2849483,7.30103,7.301947,7.224984,7.30103,7.298452,6.8802156,7.29647323456544
5.183758700008217,5.289282321929932,5.42868709564209,5.46329402923584,5.211772953281601,5.1952223777771,5.1968709738151855,5.226889335398247,5.173389652161819,5.21726655960083,5.284187632265373,5.416731715658916,5.285472393035889,5.2115373611450195,5.22464656829834,5.23316764831543,5.215397182465998,5.1648688316345215,5.181649299524512,5.224959504393209,5.457503366837015,5.312223434448242,5.213505918016857,5.207106894842539,5.705870151519775,6.339137,6.339616,6.891981,6.2567425,6.6071963,6.6673284,5.7783837,6.2539225,7.733062,5.988711,6.538337,7.4859257,6.0485277,5.8680005,5.1834383,5.212101,5.231095,5.3163853,5.1599603,5.21816,6.105901,5.2078226826587946
7.301029995663981,7.047293663024902,7.186315059661865,7.123391628265381,7.304164498088526,7.09564733505249,7.304739487843507,7.291774615354666,7.297197652165201,7.3077473640441895,7.281189243153511,7.265569743878761,7.607468605041504,7.291290760040283,7.267524242401123,7.268874645233154,7.299951399727558,7.315829277038574,7.2941989971423205,7.292691627681654,7.288578239103467,7.262746334075928,7.317785968020493,7.2206305514757725,7.192094326019287,6.134015,6.766318,6.2297153,6.720475,6.323446,5.551691,6.3168488,5.757789,6.1351857,5.7588573,5.385564,6.1782103,6.3876243,7.2945805,7.2998147,7.298686,7.299156,7.3235393,7.30103,7.3032074,6.538287,7.300107136697117
7.301029995663981,7.223273277282715,7.2526350021362305,7.249159812927246,7.33583611277668,7.224868297576904,7.304739487843507,7.297165410506584,7.3003759857247195,7.312000751495361,7.289560903489433,7.276882647168334,7.410837173461914,7.250436782836914,7.269337177276611,7.263505458831787,7.306792391225123,7.277520656585693,7.2941989971423205,7.298084845879539,7.292493912973736,7.262746334075928,7.3046482819761644,7.352060646286839,7.371645450592041,6.7701178,7.0273113,7.093594,6.9983845,6.890115,7.141387,6.1629148,6.256754,5.8084254,6.677449,5.949767,6.1499577,6.615762,7.1448374,7.29869,7.293853,7.305523,7.2912345,7.30103,7.298995,6.8238053,7.297141954173745
5.183758700008217,5.7188005447387695,5.554835796356201,5.568823337554932,5.3495018872978894,5.798890590667725,5.236301039847931,5.2833319030769985,5.508648144452641,5.237683296203613,5.572125501226743,5.54931912466638,5.358593940734863,5.559599876403809,5.460685729980469,5.486632347106934,5.379242018127144,5.520432949066162,5.31317211623654,5.450773079710259,5.381774485891125,5.201241493225098,5.324930938058119,5.743752591718832,5.569835662841797,6.3714786,5.8538423,5.5312433,5.935576,5.68034,7.2050323,5.320409,6.197291,6.0031834,4.732743,7.316913,4.039753,6.467024,5.9101405,5.2839985,5.303757,5.379563,5.247983,5.3761754,5.358932,5.725769,5.317757136604158
4.449771646944906,4.511707305908203,4.640979766845703,4.652235984802246,4.414131396114273,4.407146453857422,4.46917344211694,4.451829054743979,4.45232850760955,4.4051289558410645,4.440718445083069,4.479299279051975,4.2395477294921875,4.391973972320557,4.4295125007629395,4.440855503082275,4.425072676242825,4.396881103515625,4.470713626815885,4.492544036543834,4.446841305958218,4.501291275024414,4.50821313166886,4.48876630758037,4.5695719718933105,5.620682,4.9106245,5.535844,4.874773,5.2835636,5.643713,4.8035574,6.3020234,6.865157,5.8534946,6.34364,5.958243,5.7764077,5.815082,4.553178,4.4540935,4.460348,4.581186,4.532636,4.493393,5.3330817,4.488751687069623
6.259637310505756,6.193230628967285,6.119578838348389,6.115214824676514,6.253510441913953,6.274747848510742,6.298790041335246,6.289660396420716,6.251543084726134,6.252954959869385,6.3991264654300535,6.344762404556233,6.540676593780518,6.337442874908447,6.287703990936279,6.282128810882568,6.28728112854819,6.344785690307617,6.282391367116495,6.254429661119399,6.329383918100149,6.32557487487793,6.35030358115215,6.2610023809373345,6.211605548858643,5.5002375,5.9500594,5.126094,6.0291796,5.3131638,5.3985224,5.502117,5.6557755,5.138603,5.4404135,5.4798827,5.0544147,6.1169534,5.8449497,6.237758,6.2597013,6.2596154,6.2680964,6.2585464,6.268606,5.755134,6.256431830212763
6.259637310505756,6.271650791168213,6.188996315002441,6.196268558502197,6.284100173977764,6.3526458740234375,6.279742798195727,6.270524660506272,6.270156703361527,6.25123405456543,6.28519983658479,6.272452815852024,6.150513172149658,6.261407852172852,6.259350299835205,6.25796365737915,6.258031806788083,6.266687393188477,6.24717313168242,6.237650522435687,6.190646308216378,6.138449192047119,6.183711676177591,6.178329264882471,6.256870746612549,5.7384915,6.2599893,5.568549,6.29179,5.5493755,5.590979,5.4584,5.851267,5.270427,5.7507463,5.5322375,4.90805,6.0948076,5.8449497,6.255146,6.2556705,6.2582045,6.2733283,6.259419,6.265743,5.8638787,6.258187918058144
7.301029995663981,7.190013885498047,7.215975761413574,7.168063640594482,7.3334388549149745,7.368821620941162,7.304739487843507,7.297115232211674,7.296829302664691,7.292583465576172,7.188188918333232,7.171806088448708,7.521551609039307,7.288035869598389,7.260065078735352,7.252231597900391,7.277816747187417,7.272474765777588,7.2941989971423205,7.298084845879539,7.293015401654213,7.262746334075928,7.294198053924224,7.228685016720904,7.2754340171813965,6.070103,6.700998,6.073128,6.7603836,6.220836,5.538374,5.300456,5.7055798,5.1882925,5.5784445,5.5055294,4.5151844,6.2321663,7.2945805,7.29894,7.2875643,7.298779,7.2844033,7.30103,7.2933235,6.3224053,7.292594749696349
4.449771646944906,4.564713954925537,4.633556842803955,4.656641483306885,4.453815199739053,4.496685981750488,4.449771646944902,4.449815108630527,4.448415868278154,4.441465854644775,4.4812254557823605,4.470497392814876,4.258541107177734,4.405974388122559,4.4288482666015625,4.441887855529785,4.427934312739026,4.392356872558594,4.468773781236709,4.492544036543834,4.4553913631493165,4.501291275024414,4.510936103963218,4.393453361082694,4.5385518074035645,5.4311924,4.738231,5.389471,4.7074165,5.034483,5.4743047,6.0062943,6.1442986,6.8048677,6.3128705,6.3409276,6.2695465,6.122751,5.815082,4.5458803,4.4715114,4.506981,4.6069365,4.5224943,4.4873147,5.3866425,4.496356532318903
4.449771646944906,4.654774188995361,4.630094528198242,4.660858154296875,4.531787549275567,4.595548629760742,4.449771646944903,4.45031859515889,4.454001925206934,4.451070308685303,4.493268812482711,4.5201343223667605,4.442838668823242,4.480332851409912,4.472710132598877,4.4840850830078125,4.4749477241726066,4.424842357635498,4.468773781236709,4.492544036543834,4.46329519138838,4.483788013458252,4.502351382738135,4.443910913213895,4.524377346038818,5.5003138,5.0177174,5.0044136,5.004802,4.979888,5.9469066,5.998244,5.5067515,5.719224,5.8194184,6.331621,5.769174,5.9116035,5.8570967,4.557886,4.4880824,4.500394,4.5601697,4.528584,4.6295767,5.2815943,4.540941001218491
7.301029995663981,7.255267143249512,7.204050540924072,7.209226131439209,7.245231186905418,7.339814186096191,7.294501894714857,7.293518085138655,7.30210081310083,7.292871952056885,7.177984666479186,7.229238781920154,7.015201568603516,7.2398247718811035,7.29022741317749,7.277454853057861,7.278536503483152,7.252885341644287,7.304922178982268,7.327310660901061,7.297447802348908,7.270418167114258,7.257525698755387,7.272476829609593,6.98010778427124,6.2648506,7.1809516,6.1150875,7.079804,6.4384155,6.1946692,6.6277213,6.5895605,7.1825037,5.7522097,3.9721148,4.8552628,6.6231484,7.123294,7.3158026,7.148568,7.2992697,7.420638,7.3023295,7.2451615,6.5865684,7.224435724734674
7.301029995663981,7.354606628417969,7.400659561157227,7.381792068481445,7.314780597797239,7.293248176574707,7.303921958688808,7.3192731271479605,7.316695317788946,7.303585529327393,7.437775547354688,7.390719484675051,7.332712173461914,7.335927963256836,7.354477882385254,7.360820770263672,7.376435995275443,7.401102066040039,7.2878238392000325,7.311644029192952,7.290425018409489,7.26171350479126,7.219553691391512,7.353319067145232,7.134726047515869,6.798474,7.0825157,6.9327064,7.112917,6.793483,7.251272,5.2866936,6.9093,6.2702875,4.622957,4.6286325,5.6871147,6.28856,7.1242166,7.304374,7.299746,7.323978,7.3374867,7.30103,7.296284,6.6326013,7.30176808263448
7.301029995663981,7.155072212219238,7.295285224914551,7.252601623535156,7.300574645913872,7.137392044067383,7.173762168364694,7.277451456301305,7.273646666803328,7.294551372528076,7.124072504658249,7.0014238080961375,7.204104423522949,7.162306785583496,7.191937446594238,7.178122043609619,7.298930162683494,7.170244216918945,7.328888213850717,7.270580079994288,7.292493912973736,7.262746334075928,7.239884612912269,7.169016321470497,7.082769870758057,7.091053,6.6979074,7.4983945,6.73267,7.251354,7.176505,7.2250843,7.193758,7.8447747,6.77243,5.949855,7.142364,6.4025664,7.1448374,7.2966223,7.2888103,7.2934494,7.292567,7.30103,7.3017464,7.094888,7.294247381467576
7.301029995663981,7.14816951751709,7.237849712371826,7.212900638580322,7.292226640895391,7.184675216674805,7.305004249017527,7.296324420867539,7.298201961210227,7.299097061157227,7.25630253622544,7.257577511266142,7.530782222747803,7.259559154510498,7.274984836578369,7.26995325088501,7.287539660662073,7.28761100769043,7.275304396327818,7.287937554729683,7.291205002593684,7.263766288757324,7.268794871071663,7.28814547213513,7.318076133728027,6.6575203,7.12765,6.774456,7.1388626,6.610812,6.0691366,6.4726095,6.161234,6.2439184,6.225122,6.3860116,6.58047,6.394628,7.2945805,7.3006196,7.2851977,7.295308,7.3115125,7.30103,7.287682,6.7959185,7.290351399376794
4.449771646944906,4.670596122741699,4.644434928894043,4.671637058258057,4.4943739017358295,4.667011260986328,4.452801470744107,4.449789955545929,4.433989059882436,4.447990417480469,4.483337070267881,4.601937136134737,4.405877113342285,4.49768590927124,4.462559700012207,4.47601318359375,4.456848910230871,4.363717079162598,4.465270339219921,4.481730894427335,4.461830644750626,4.387034893035889,4.360093623338887,4.516325088184173,4.199883460998535,5.9709034,5.1235437,5.216488,5.15563,5.4906054,6.008979,6.208008,5.7565923,5.9171467,6.03358,6.2586765,6.160766,5.5118694,5.8641834,4.5041223,4.5433617,4.486363,4.6762013,4.511223,4.5800586,5.3989153,4.538565133818062
5.183758700008217,5.106995582580566,5.135578155517578,5.117439270019531,5.200284028797089,5.102941989898682,5.187546735670826,5.184846828153537,5.174981389091214,5.184321880340576,5.285026789902184,5.017940352905384,5.4123663902282715,5.190256118774414,5.182646751403809,5.191594123840332,5.191386195403506,5.207774639129639,5.18448011957371,5.183687280344787,5.180403599031918,5.18424654006958,5.1797911627062065,5.102857463665981,5.039571285247803,5.3661194,5.353525,5.0556984,5.379539,5.2431293,5.671095,5.8134737,5.6708784,5.436583,6.2764587,5.816925,6.1302466,6.1990104,5.8570967,5.1676083,5.1892877,5.184571,5.1851153,5.1785707,5.180546,5.5177736,5.18143153802962
5.183758700008217,5.157619953155518,5.130248546600342,5.136632442474365,5.183716296793302,5.168519020080566,5.187775636869635,5.180821208664484,5.176921917385245,5.1734442710876465,5.218055294464158,5.1645781942123925,5.356081008911133,5.174098014831543,5.166315078735352,5.166357040405273,5.174025521720752,5.159453392028809,5.181649299524512,5.21110385154681,5.18488594011208,5.156982898712158,5.172561221953105,5.151095368108146,5.235467910766602,5.506097,5.305447,5.0389485,5.3125277,5.2401075,5.641707,6.0540805,5.9477663,5.60194,5.827247,5.1668677,5.602068,5.9582324,5.7363496,5.193236,5.200246,5.176612,5.1688786,5.1675105,5.12937,5.448762,5.179464171650869
6.259637310505756,6.220055103302002,6.279012680053711,6.257992744445801,6.298011927201406,6.238681793212891,6.318772437045773,6.307218982086205,6.301119557872569,6.348855972290039,6.352537794302853,6.340166425748849,5.556761741638184,6.299069881439209,6.312020301818848,6.307623386383057,6.336324653334523,6.402524471282959,6.2687639635199055,6.269644949254722,6.314533410135223,6.234838962554932,6.212803999047116,6.244695966514104,6.138983249664307,6.2640724,6.296332,6.6032066,6.280489,6.41748,5.795804,5.3290625,5.7977037,6.978196,5.7418375,6.34367,5.3283954,6.514188,5.8446164,6.308718,6.2574716,6.2033067,6.1057725,6.154496,6.229425,6.1397123,6.259468318609777
7.301029995663981,7.249627113342285,7.2336506843566895,7.223059177398682,7.316992209279943,7.295809745788574,7.305004249017529,7.296729329828073,7.3019480057675965,7.289825916290283,7.511280096803237,7.235309609295887,7.232423782348633,7.282774448394775,7.300939083099365,7.298857688903809,7.29930592874871,7.33595085144043,7.275304396327818,7.287937554729683,7.291205002593684,7.263766288757324,7.16325633355314,7.2250400438611155,7.346439838409424,6.0639977,6.860829,6.292218,6.9054265,6.2602925,6.564306,5.669058,5.196004,5.342439,4.9556804,6.1584377,5.6858172,6.6466336,7.169302,7.3003135,7.3002334,7.295064,7.3226995,7.30103,7.2974567,6.4793625,7.2992057353761215
7.301029995663981,7.324679374694824,7.318075180053711,7.354384899139404,7.315730843883112,7.291049003601074,7.301451912654204,7.299583403761853,7.299552752756756,7.297919273376465,7.2768369278305824,7.3758602403947435,7.3164520263671875,7.293610572814941,7.293709754943848,7.293231964111328,7.294545382312547,7.2945404052734375,7.312226220787553,7.327702985097512,7.347526518479531,7.269139289855957,7.300222544689264,7.40358400783735,7.310102462768555,6.9541826,7.336358,7.3934245,7.375442,7.316607,6.73901,6.410699,5.96598,6.309211,6.057472,6.5676117,6.294395,6.6721935,7.1854916,7.3179903,7.282882,7.296233,7.1942534,7.30103,7.3025947,6.9136534,7.297371490786143
4.449771646944906,4.789081573486328,4.768859386444092,4.792769432067871,4.5714379631931905,4.777440071105957,4.449771646944902,4.449789955545929,4.452325365547851,4.456964492797852,4.523139191642372,4.695844106941259,4.665180683135986,4.563724517822266,4.477227687835693,4.489275932312012,4.506418479416547,4.363842010498047,4.465270339219921,4.485376202663843,4.466420288850208,4.503278732299805,4.4940535585474946,4.526655363476014,4.203792572021484,6.166999,5.1143656,5.6768236,5.133588,5.656047,6.3016386,6.397216,5.9587407,6.2785354,6.0422287,6.566423,6.2827106,5.9768195,5.8641834,4.5906324,4.621456,4.455607,4.647903,4.5586743,4.585616,5.5438104,4.593243844203036
7.301029995663981,7.26117467880249,7.2063679695129395,7.152031898498535,7.3025808648030885,7.428601264953613,7.305448303237457,7.297424981071681,7.313333649493126,7.298398971557617,7.398841982638099,7.236662309591457,7.302922248840332,7.323953628540039,7.2967400550842285,7.2950544357299805,7.308110093775398,7.331739902496338,7.288501942826609,7.317222862071068,7.288928179311865,7.265803813934326,7.237369540402778,7.248658802788418,7.382940292358398,6.0689583,6.824371,5.8590274,6.87691,5.9898486,5.8408604,5.1988606,5.583328,4.776851,5.038591,5.5346427,4.018846,6.4115224,7.2945805,7.2944055,7.286933,7.30457,7.435299,7.30103,7.294066,6.261675,7.291787723740821
7.301029995663981,7.402534484863281,7.3356146812438965,7.332094669342041,7.347746100368951,7.476589202880859,7.3267091133538775,7.297801926835886,7.266097487894231,7.298510551452637,7.350516046476747,7.293961081131103,7.565565586090088,7.31053352355957,7.308330059051514,7.300842761993408,7.3000392998924735,7.3050994873046875,7.2971791819474,7.293224706052688,7.293015401654213,7.262746334075928,7.274555715236236,7.325001778888493,7.11256742477417,6.733979,7.0340347,7.1491356,6.9801307,7.133425,5.936098,5.524825,7.4537334,6.542109,5.8829827,6.1779213,4.8259993,6.758985,7.30103,7.299778,7.2956624,7.301749,7.261582,7.30103,7.2922487,6.759322,7.296279820442356
4.449771646944906,4.635798454284668,4.61586332321167,4.639351844787598,4.489591618662263,4.569125175476074,4.449771646944902,4.461408412012448,4.449423116149929,4.456721782684326,4.555117774199288,4.732902678984103,4.488160610198975,4.524269104003906,4.4768853187561035,4.491217136383057,4.467074282311939,4.38422966003418,4.465270339219921,4.485780893515607,4.461830644750626,4.503278732299805,4.494649511960439,4.526245725952991,4.257366180419922,4.8240685,4.273278,4.7565446,4.241041,4.507633,5.135281,5.200732,6.9996886,6.971323,5.7715425,6.338867,4.169932,5.942571,5.815082,4.601371,4.5009036,4.6945834,4.7955003,4.5932703,4.6579123,5.139556,4.578058043026866
4.449771646944906,4.522888660430908,4.596056938171387,4.575303554534912,4.364671842733844,4.438998699188232,4.4608986232194345,4.451794426155337,4.450122395378729,4.490747451782227,4.538687879957227,4.733466210609596,4.202566146850586,4.43865966796875,4.423914909362793,4.425078868865967,4.435006921274917,4.433683395385742,4.465105514794409,4.488299938800503,4.472067196778167,4.4900312423706055,4.496052970687549,4.454382892437227,4.261458873748779,5.065887,4.267838,5.0865464,4.2120814,4.8025246,5.1794763,5.326773,6.780816,6.885286,4.6255403,5.2172794,3.5717497,5.849329,5.815082,4.560914,4.4928584,4.4191923,4.6984797,4.6404643,4.5515113,5.002481,4.5188800211297036
6.259637310505756,6.319014549255371,6.318136692047119,6.2861433029174805,6.253108334963367,6.370395183563232,6.301700926891849,6.2955519090081555,6.301578510719751,6.23252534866333,6.273863136944641,6.27034899196442,6.171030521392822,6.275665760040283,6.281938076019287,6.281711578369141,6.274355988495068,6.266526699066162,6.268817422273882,6.237650522435687,6.307151664673281,6.255164623260498,6.287392710631179,6.254015866470198,6.3383402824401855,6.289163,6.2388854,6.383249,6.22412,6.389056,5.792284,5.5374165,7.3243895,6.94653,5.5555224,6.33144,5.5888834,6.285457,5.84098,6.266087,6.260557,6.283667,6.0914803,6.175792,6.2018943,6.2003427,6.249200149025416
7.301029995663981,7.07952880859375,7.209417343139648,7.1651458740234375,7.305943084062148,7.121811866760254,7.304739487843507,7.297752252728326,7.324316908906869,7.299450397491455,7.29044931472887,7.373101101053612,7.554679870605469,7.293327331542969,7.275984287261963,7.281090259552002,7.298855463634564,7.318144798278809,7.2941989971423205,7.298084845879539,7.292493912973736,7.262746334075928,7.3046482819761644,7.290895559472495,7.222984313964844,6.511036,6.8036513,6.7058063,6.766238,6.7604246,5.800651,6.1314983,5.8714933,6.2703085,5.8691497,5.484519,6.271474,6.358655,7.2945805,7.298311,7.2905397,7.3000603,7.3239446,7.30103,7.3027344,6.6358047,7.296131994141398
4.449771646944906,4.445712089538574,4.591256141662598,4.589163780212402,4.409510670739898,4.334789276123047,4.449771646944902,4.449780480041886,4.448457067242757,4.455352783203125,4.506594069038638,4.473582977612781,4.130953788757324,4.382562637329102,4.3991570472717285,4.400216102600098,4.4406244790225236,4.410123348236084,4.4658684754334015,4.488299938800503,4.458632014344253,4.4900312423706055,4.494866702428188,4.318643666912251,4.375060558319092,5.400147,4.604151,5.322814,4.579381,5.158351,5.3519583,5.124202,5.311575,6.852921,5.586878,6.342841,4.568336,5.990966,5.815082,4.561137,4.476617,4.5264726,4.5939083,4.558144,4.5037055,5.1614795,4.507767759509415
4.449771646944906,4.747908592224121,4.6974310874938965,4.719308853149414,4.432623320778513,4.758620262145996,4.449771646944902,4.458395684402831,4.440215197120759,4.444119453430176,4.501234705152901,4.78882621298729,5.11030387878418,4.608423709869385,4.512557029724121,4.51151704788208,4.462905846904177,4.475376129150391,4.465270339219921,4.481730894427335,4.451077864114191,4.3662190437316895,4.329356077187743,4.4838583299302925,4.0807671546936035,5.6777954,4.647752,5.6349792,4.6015306,5.658171,5.4795065,6.1497593,7.8329954,7.234539,5.340765,5.4895086,4.7997875,6.001335,5.815082,4.593139,4.472517,4.6538,4.7491083,4.5878997,4.514474,5.3967223,4.525606530602352
5.183758700008217,5.473723888397217,5.335296630859375,5.366793632507324,5.1424737674389345,5.454647064208984,5.0980283382937435,5.142143637479163,5.19695514929941,5.2265753746032715,5.214919617430344,5.172425046001343,4.97814416885376,5.206938743591309,5.164729118347168,5.17426872253418,5.16376784349747,5.180194854736328,5.177405627653487,5.213654926134651,5.084147922566921,5.1501898765563965,5.166679309216437,5.161202334885408,5.119788646697998,6.1066866,5.6148834,5.961334,5.6786675,6.423254,6.581972,5.478797,5.3037944,5.4049726,2.8473191,4.3227863,4.75389,6.03593,5.8321214,5.145916,5.1828203,5.212714,5.169307,5.183733,5.176708,5.37088,5.1742897362918265
7.301029995663981,7.408447265625,7.469503402709961,7.406435012817383,7.374834586155616,7.579734802246094,7.451475975490936,7.31239895750546,7.3174365936369155,7.299706935882568,7.665753330467303,7.367358338641137,7.542756080627441,7.436239719390869,7.430278301239014,7.441991806030273,7.367276057677038,7.441732406616211,7.2878238392000325,7.337935967689674,7.276735614233243,7.26171350479126,7.219553691391512,7.31434752364238,7.2105937004089355,6.608135,6.9377556,6.743851,6.928868,6.580538,7.1210628,5.547854,5.51435,5.610706,3.4399855,-3.6409922,4.5095453,6.491313,7.169302,7.3547378,7.260114,7.266363,7.3110995,7.288684,7.284656,5.966396,7.290049825428443
7.301029995663981,7.408447265625,7.469503402709961,7.406435012817383,7.374834586155616,7.579734802246094,7.451475975490936,7.31239895750546,7.3174365936369155,7.299706935882568,7.665753330467303,7.367358338641137,7.542756080627441,7.436239719390869,7.430278301239014,7.441991806030273,7.367276057677038,7.441732406616211,7.2878238392000325,7.337935967689674,7.276735614233243,7.26171350479126,7.219553691391512,7.31434752364238,7.2105937004089355,6.608135,6.9377556,6.743851,6.928868,6.580538,7.1210628,5.547854,5.51435,5.610706,3.4399855,-3.6409922,4.5095453,6.491313,7.169302,7.3547378,7.260114,7.266363,7.3110995,7.288684,7.284656,5.966396,7.290049825428443
7.301029995663981,7.230544567108154,7.303242206573486,7.327155590057373,7.303163460714178,7.163116455078125,7.301451912654204,7.299583403761853,7.301463442846065,7.305636882781982,7.274568112200244,7.438182154229348,7.214461803436279,7.275968551635742,7.274436950683594,7.272243022918701,7.286453226977033,7.282625198364258,7.312226220787553,7.327702985097512,7.347526518479531,7.269139289855957,7.300222544689264,7.4116044847971985,7.6641364097595215,6.8303304,7.3161607,7.521198,7.2973394,7.283793,6.0002456,5.27845,5.95902,6.622269,5.6958675,6.3435745,5.235632,6.784565,7.30103,7.308126,7.2912197,7.3198724,7.2738323,7.30103,7.304112,6.7633834,7.30060888312485
7.301029995663981,7.348576545715332,7.310356616973877,7.2829060554504395,7.358029967600782,7.51173734664917,7.304739487843507,7.286820073462818,7.30958381627425,7.271770477294922,7.171119337083688,7.256008520487679,7.576846599578857,7.291390419006348,7.243807315826416,7.241802215576172,7.264117095327606,7.255263805389404,7.292159690145769,7.298084845879539,7.293015401654213,7.262746334075928,7.258853421551534,7.2629981635529495,7.093524932861328,6.1535835,6.4933496,6.634151,6.4523664,6.5009537,5.5832047,5.068244,7.0945625,6.745933,4.9516683,5.4850307,4.027405,6.7180443,7.30103,7.33953,7.2820125,7.2285748,7.272389,7.298206,7.2985973,6.4464417,7.296550684144788
4.449771646944906,4.558160781860352,4.602108001708984,4.6355156898498535,4.452060109156275,4.523597717285156,4.449771646944902,4.449771646944897,4.449641913453831,4.442935466766357,4.451883271360493,4.392499175789962,4.291520595550537,4.398237705230713,4.419613361358643,4.422148704528809,4.422415300674551,4.363266944885254,4.458279996359262,4.481641513791253,4.458127966806686,4.491379261016846,4.484448283794884,4.435917051856105,4.229093551635742,5.193553,4.776005,4.8458123,4.890912,4.900862,6.5140553,6.164318,6.5235987,6.237574,6.2780657,5.9498553,6.711166,5.6861157,5.8404236,4.562172,4.4665046,4.5384207,4.449282,4.543832,4.5196514,5.379609,4.508372568560408
7.301029995663981,7.604258060455322,7.443237781524658,7.438032150268555,7.3151284831203816,7.670803070068359,7.38039322129295,7.352940108660011,7.32018431538576,7.319202899932861,7.379278336290067,7.3395703297797255,7.089995384216309,7.408121585845947,7.398809909820557,7.410365104675293,7.353787451024155,7.436915397644043,7.289168708646746,7.326285004915871,7.368258923478615,7.313243865966797,7.498304078200693,7.343372856466988,7.0888872146606445,6.5476193,6.8269634,6.6594844,6.7940845,6.724262,7.077034,5.9132614,6.41895,5.6107335,4.427872,5.4039907,4.0206804,7.1742864,7.1448374,7.360175,7.2422137,7.2978926,7.304403,7.3157907,7.2380652,6.52513,7.2744238223078295
6.259637310505756,6.634730815887451,6.577625274658203,6.581915855407715,6.445170127538101,6.651501178741455,6.495228513408339,6.351574373224246,6.895915533173541,6.31696081161499,6.415872672251086,6.710369876677397,6.209785461425781,6.52662467956543,6.379489898681641,6.415282726287842,6.3776650891962765,6.326528072357178,6.179423754667381,6.397487649661698,6.016255673350257,6.187674522399902,6.23879333581459,6.419036654821661,6.249687671661377,7.0231104,6.8998833,7.5815005,6.789035,7.4396453,7.060827,6.7028203,6.590994,6.36129,5.971068,6.395696,5.858413,5.9446626,5.90756,6.290982,6.33435,6.5821705,6.4294953,6.2962456,6.51011,6.5484934,6.384254340377822
4.449771646944906,4.888578414916992,4.9819841384887695,4.949706554412842,4.3802008729114235,4.779662132263184,4.53098524034043,4.585778560726902,4.453028900464928,4.5060200691223145,4.528732302864994,4.750574071801128,4.970232963562012,4.67615270614624,4.613896369934082,4.627893447875977,4.632454273645174,4.782936096191406,4.467944340916272,4.630342261754747,4.488917200315501,4.51160192489624,4.532925421720805,4.773402407894094,4.299135208129883,5.721378,4.6614127,5.407434,4.537354,5.178853,6.800105,5.085106,5.112677,5.6812997,3.7412539,-3.6662788,3.5157173,6.1190643,5.8680005,4.7265444,4.653352,4.940883,4.6835203,4.9589553,4.8880944,4.630736,4.749449914769771
7.301029995663981,7.343179225921631,7.318434238433838,7.315792560577393,7.343539851867584,7.48061466217041,7.316028129293275,7.351314608661764,7.311479190172417,7.3956618309021,7.675953160904799,7.163876669176508,7.560794353485107,7.357814788818359,7.44538688659668,7.424745082855225,7.367630633432525,7.4027018547058105,7.2941989971423205,7.3067681863169005,7.293015401654213,7.262746334075928,7.261923767917947,7.362018800041628,7.099523067474365,6.6880755,6.886944,7.143503,6.784021,6.771179,7.267492,5.1146564,5.130474,5.6930375,3.745771,-3.6526423,3.5518174,6.9279656,7.1747527,7.3755937,7.2589617,7.2892413,7.316946,7.288684,7.281015,5.9518743,7.295456119906398
4.449771646944906,4.611873149871826,4.566500186920166,4.584765911102295,4.477565593479323,4.57550048828125,4.452801470744107,4.449789955545929,4.451504072696534,4.450683116912842,4.509629439210069,4.524935894615165,3.750007390975952,4.500251770019531,4.537909507751465,4.528021812438965,4.475717757098148,4.636492729187012,4.449580637423935,4.4896413454801305,4.299439640155642,4.361307144165039,4.423086397165941,4.367732849871368,4.4095258712768555,5.3732557,5.1285954,4.977892,5.181467,4.8586097,5.3882327,4.931679,5.397884,6.0403714,5.5060844,5.999503,4.005828,5.5946937,5.7390976,4.5678754,4.503258,4.483702,4.65804,4.580856,4.538664,5.0727797,4.526576143838032
7.301029995663981,7.091727256774902,7.230127334594727,7.221927642822266,7.201848333295763,7.0579423904418945,7.266243853349955,7.298725454350574,7.299724276959699,7.309664726257324,7.2772699444647575,7.536080448096055,7.138052940368652,7.254608154296875,7.258955478668213,7.2550153732299805,7.266274800130625,7.269304275512695,7.304922178982268,7.332904019907623,7.297447802348908,7.270418167114258,7.256675248163629,7.25777564628185,7.571306228637695,6.5923433,7.082268,7.310467,7.058732,7.1269755,5.760473,5.0685935,6.1167774,6.7946005,6.08961,6.511596,6.2220116,6.2505903,7.2922363,7.308997,7.15884,7.325003,7.1963096,7.31989,7.3091354,6.7447724,7.244724627909015
7.301029995663981,6.896581649780273,7.169032096862793,7.106410026550293,6.948196579889351,6.965751647949219,7.238813757192712,7.124562867286246,7.359622070327204,7.2776594161987305,7.106287217907677,6.821441935881092,8.401670455932617,7.105685234069824,7.070143222808838,7.073246955871582,7.053733213594133,7.087651252746582,7.407946772301198,7.239372730871577,7.177876354474847,7.4768877029418945,7.578013067922519,7.02148937067286,7.266599178314209,6.2591166,7.121882,6.644978,7.101481,6.723089,5.724565,4.7490396,4.90846,6.8988523,5.236877,4.6628966,5.4649825,6.300736,7.287222,7.3231406,7.122969,6.295535,7.128593,7.130587,6.697241,6.3391123,7.009553857975322
4.449771646944906,4.4022088050842285,4.436326503753662,4.476667404174805,4.416169850314525,4.2846221923828125,4.449771646944902,4.453551891687899,4.453465876490008,4.485879421234131,4.457921171392558,4.434369901631255,4.556677341461182,4.3992462158203125,4.410325527191162,4.41457462310791,4.45216801623534,4.378660202026367,4.458279996359262,4.481641513791253,4.458127966806686,4.491379261016846,4.478196865095533,4.301812640279797,4.259478569030762,5.045479,4.7433724,4.7977986,4.788558,4.7474246,6.349768,5.2565103,5.536087,5.553416,5.46505,5.9497623,6.052822,5.6474686,5.8404236,4.403839,4.4622808,4.374189,4.321804,4.454893,4.451706,5.112133,4.4389296918201735
6.259637310505756,6.2610368728637695,6.181422710418701,6.190014839172363,6.2528684871558085,6.264204025268555,6.08847313338079,6.280512853064973,6.259937169851618,6.259472370147705,6.12450856398497,6.2342931251872935,6.402336120605469,6.222675323486328,6.250260829925537,6.2372541427612305,6.2634132630759245,6.248520374298096,6.264643729314517,6.252439123010307,6.264688220524899,6.254424571990967,6.160902995404255,6.26653828688079,6.120456218719482,5.612551,6.066331,5.63415,6.147138,5.6909504,6.2637744,5.59828,4.7152834,4.780877,5.120204,4.55658,4.409197,6.1131854,5.90756,6.2710166,6.232784,6.271623,6.2318673,6.260164,6.2668757,5.7075195,6.253382080934772
5.183758700008217,5.130212783813477,5.117785453796387,5.137284278869629,5.128045835447026,5.09649133682251,5.145422722521262,5.084304326035564,5.167501892837057,5.12229061126709,4.968387595048168,4.771907804801395,4.980077743530273,5.051084518432617,5.084497451782227,5.083302974700928,5.13448804508386,5.101932048797607,5.1743670156093815,5.1727668525133135,5.156988384784205,5.1501898765563965,5.169204022687824,5.002040229781773,5.1586012840271,5.1867733,4.6917734,4.350329,4.75124,4.589491,6.1904535,4.694652,4.987568,5.064137,4.4538136,5.2567334,5.0754886,5.8295326,5.8674,5.154464,5.175884,5.29705,5.200019,5.249644,5.2165494,5.11415,5.189139971385579
7.301029995663981,7.147193431854248,7.164262771606445,7.144426345825195,7.254324016242191,7.348379611968994,7.256093743335498,7.31629933202499,7.397249144418731,7.275555610656738,7.171392932376948,7.245798852560392,7.107321262359619,7.244832515716553,7.308610439300537,7.292497158050537,7.294076509590331,7.266969680786133,7.275304396327818,7.28327915669417,7.290794086564597,7.263766288757324,7.235399142546136,7.234846262538246,7.2804036140441895,5.86355,6.2491474,5.5655246,6.3233657,5.7041264,6.5176897,4.714234,5.001553,5.071104,4.464376,5.267842,5.100362,6.4002967,7.169302,7.321771,7.1306434,7.302343,7.3553276,7.300089,7.294867,6.155876,7.23049964539859
6.259637310505756,6.145293712615967,6.2229905128479,6.192538738250732,6.23555188223685,6.107332229614258,6.29483141273241,6.306857613006987,6.2871926712934485,6.269922256469727,6.375041391854101,6.29469433756961,5.953373432159424,6.2374267578125,6.271559715270996,6.268017292022705,6.295949392056232,6.28729772567749,6.291516066323023,6.261952690578294,6.276389890043099,6.289199352264404,6.283385330140676,6.243061676238902,6.320307731628418,6.2419767,6.4002743,6.4859624,6.4519157,6.4637766,5.7751994,5.457064,6.305035,6.5999365,6.271693,6.3436728,6.4661136,6.3365445,5.782287,6.26802,6.248157,6.2540936,6.222909,6.2596374,6.260312,6.244729,6.2564852954693375
5.183758700008217,5.2570600509643555,5.261137008666992,5.265917778015137,5.147791249831397,5.257392883300781,5.18769814609486,5.186293868972093,5.17541124909529,5.2086076736450195,5.155754966613801,5.258600126843335,5.112363815307617,5.202156066894531,5.185388565063477,5.194370269775391,5.169832648059099,5.147581577301025,5.193101980056606,5.219650007021874,5.177669362772782,5.17974853515625,5.174123331987896,5.121101057057095,5.0688347816467285,5.681429,5.486014,5.317111,5.4631033,5.5114574,5.933475,6.4446983,5.7454257,6.11218,6.2574387,5.781046,5.9454055,5.829837,5.7363496,5.199428,5.162182,5.1797643,5.219075,5.176274,5.13321,5.6157455,5.165575744588043
5.183758700008217,5.288858413696289,5.3307037353515625,5.3314313888549805,5.202056221137788,5.348695755004883,5.211248315418859,5.18232709290387,5.1809125358598855,5.184340000152588,5.16688123906323,5.335214331341101,5.133893966674805,5.217990398406982,5.182323455810547,5.194540977478027,5.181954287406418,5.091058254241943,5.1804564241548245,5.222492415746625,5.1705783440519655,5.163971900939941,5.140544580029208,5.128990720526776,5.018877983093262,6.316904,5.501784,5.76182,5.496794,5.850333,6.3187003,6.611106,6.381028,6.4182096,6.6074934,6.5659714,6.921805,6.003942,5.8570967,5.191532,5.2308493,5.1504087,5.198388,5.1856923,5.150847,5.886035,5.195779028353853
5.183758700008217,5.2482218742370605,5.27894926071167,5.2743096351623535,5.147822582721445,5.252420425415039,5.187775636869635,5.182071171164611,5.1819285844749094,5.1792144775390625,5.164641543166077,5.0734773738564085,4.99649715423584,5.152774810791016,5.17201042175293,5.174325466156006,5.187448409263756,5.162848472595215,5.181649299524512,5.210364281368451,5.1538569012307915,5.156982898712158,5.168644464172004,5.113306443444022,5.186561107635498,5.7364397,5.3849144,5.098289,5.3365035,5.1963434,6.654278,6.208355,6.290459,6.230937,6.5578704,6.535107,6.23812,5.726484,5.8674,5.164345,5.1975555,5.173209,5.076595,5.1812882,5.16271,5.70086,5.179048579505338
4.449771646944906,4.670463562011719,4.60196590423584,4.644266605377197,4.555242347365543,4.581249713897705,4.449771646944902,4.452289079586712,4.448393833996833,4.448152542114258,4.508832672341381,4.72057269497176,4.568851470947266,4.572623252868652,4.504720211029053,4.530634880065918,4.4996780881241225,4.50002384185791,4.458279996359262,4.481641513791253,4.458127966806686,4.491379261016846,4.486665751868719,4.444432832055431,4.4173502922058105,5.438453,4.624265,4.82565,4.678093,4.8274546,5.7127914,5.692944,5.251579,5.2838473,5.49117,5.789582,5.3317685,6.2339883,5.8729877,4.4671235,4.5856986,4.5506554,4.788239,4.652744,4.6093884,5.135421,4.559589616630278
6.259637310505756,6.366734981536865,6.352940559387207,6.356332778930664,6.26950139379047,6.338846683502197,6.308673492227889,6.293929156602431,6.274584399375439,6.275045871734619,6.316517290353474,6.29181050521465,6.19851016998291,6.305537223815918,6.308201313018799,6.308461666107178,6.3069473003435395,6.32297945022583,6.282564976105054,6.272084035855973,6.2777498535395235,6.29959774017334,6.2692987965675595,6.288981600065009,6.130203723907471,6.534399,6.723921,6.928933,6.6498647,6.784173,6.7586746,6.2221622,6.233129,6.6481104,6.0814576,6.0295568,6.1213245,6.3096695,5.9101405,6.2294846,6.2569675,6.2657013,6.251506,6.255363,6.2676325,6.3731084,6.253381290008389
7.301029995663981,7.280182838439941,7.360230445861816,7.337482929229736,7.287309807751685,7.201530456542969,7.4460173388600746,7.2676325282880265,7.319654397049842,7.303244590759277,7.240419187362674,7.399608138661899,6.989418029785156,7.254809379577637,7.221132755279541,7.236355304718018,7.2828568329637,7.218253135681152,7.2878238392000325,7.30073144577098,7.269199052644043,7.242505073547363,7.234800208905387,7.304169080385484,7.048708438873291,7.058543,7.9317675,7.997629,7.877256,7.6716137,6.9424357,5.9593,6.1374907,6.5252714,6.0062003,6.520664,6.0462747,6.7306504,7.054943,7.399106,7.2498155,7.101171,7.2018733,7.2369604,7.1706734,6.990982,7.256910107929872
7.301029995663981,7.194249629974365,7.256380558013916,7.232715129852295,7.2872553484724705,7.237751007080078,7.305448303237457,7.2971688811919915,7.303726264536669,7.302029132843018,7.271035707009017,7.262441088161971,7.204558372497559,7.2514753341674805,7.288885116577148,7.282933235168457,7.299270380404479,7.271725654602051,7.291798957466807,7.317222862071068,7.293458809167117,7.265803813934326,7.245467121437059,7.248082422207128,7.256676197052002,6.3679476,6.868362,6.4293146,6.923651,6.579708,6.658964,6.370526,5.6375666,6.075951,5.5886173,6.5626974,6.442906,6.266147,7.1877723,7.3019385,7.2873316,7.3129125,7.2685566,7.30103,7.2884617,6.6860185,7.293050482856269
7.301029995663981,7.306309700012207,7.288937568664551,7.318262100219727,7.302364070082698,7.30161714553833,7.301451912654204,7.299342080994388,7.301627567939711,7.29917573928833,7.2779087755175125,7.30441063430945,7.389127731323242,7.294903755187988,7.299169540405273,7.299386501312256,7.298052435432322,7.2995476722717285,7.312226220787553,7.327702985097512,7.347526518479531,7.269139289855957,7.300222544689264,7.373988948113505,7.216111660003662,6.9172897,7.2478495,7.1149273,7.177578,7.0680723,7.135743,6.494795,6.3036966,6.2439113,6.297144,6.249183,6.3889923,6.3263392,7.1448374,7.2915053,7.291884,7.3039,7.318763,7.30103,7.303124,6.896029,7.295397304530994
4.449771646944906,4.541046142578125,4.613597869873047,4.610524654388428,4.508952164873877,4.534936904907227,4.449771646944901,4.449771646944897,4.450423293187258,4.450235843658447,4.4443517021543775,4.455453824959529,4.60744571685791,4.4465532302856445,4.432919979095459,4.438726425170898,4.461237602401685,4.383589744567871,4.468175470981099,4.48563485562654,4.46133652488928,4.487860202789307,4.4989811421072075,4.540421068097873,4.435526371002197,5.7009444,4.7460747,5.0106463,4.798784,4.9881163,6.678655,6.6177254,6.945502,6.715556,6.7687283,6.211402,6.897579,5.429658,5.8674,4.45412,4.561309,4.546333,4.477294,4.4618783,4.554977,5.521634,4.532096360609177
6.259637310505756,6.2271552085876465,6.244177341461182,6.224759578704834,6.273221641769868,6.247579097747803,6.290668775524917,6.291362141477229,6.255504425989371,6.260929107666016,6.261054707560748,6.267072322707243,5.680329322814941,6.2121195793151855,6.259955406188965,6.246129989624023,6.286986893414097,6.252012252807617,6.280014030128269,6.259903794853243,6.272983822683715,6.273766040802002,6.292500026566642,6.196918820620575,6.096663951873779,6.3299966,6.263031,6.219477,6.2358513,6.3020554,6.323144,6.7383075,6.0891004,6.5209336,7.0406523,6.477078,6.720863,6.0822053,5.8795223,6.2615547,6.259519,6.26686,6.229549,6.2589827,6.2709384,6.338481,6.263343276413796
6.259637310505756,6.293280601501465,6.3021931648254395,6.283200263977051,6.243578740827153,6.325183868408203,6.368841522980283,6.285121325332484,6.259881520540118,6.259006500244141,6.638639606307258,6.319659373455016,6.181587219238281,6.338088035583496,6.40662145614624,6.4023332595825195,6.28585477248336,6.382719039916992,6.28239631031382,6.250913163188378,6.332946393189088,6.2486395835876465,6.35450692052149,6.2413417065039996,6.304678440093994,6.9135118,6.4430547,7.479656,6.372972,7.1319747,6.0672603,6.8350687,6.915946,5.538233,6.5349674,6.2284975,7.5886884,6.0273705,5.780996,6.2315907,6.1941137,6.259764,6.32529,6.2584605,6.2710276,6.4699225,6.2269199075261215
6.259637310505756,6.354556083679199,6.342465877532959,6.329162120819092,6.284908972628744,6.4207353591918945,6.484728529786257,6.389371686683766,6.574018469736689,6.30038595199585,6.5512936496092244,6.3224372166613545,6.484696865081787,6.4678802490234375,6.5114617347717285,6.500065326690674,6.403750091353115,6.512373447418213,6.307287913722315,6.265634205394255,6.400220576535762,6.410024166107178,6.460892909280784,6.325137987160429,6.424591541290283,6.9460344,6.5492196,7.179825,6.569959,7.01497,6.366748,7.037187,7.2862215,6.7798643,6.647084,6.3436737,7.0284224,6.1781683,5.780996,6.2620106,6.267555,6.26754,6.367003,6.259419,6.2742853,6.5703096,6.267827056732535
7.301029995663981,7.209537029266357,7.287196636199951,7.261877059936523,7.28937957628457,7.260213851928711,7.305004249017527,7.296073813538586,7.304987431528763,7.303928375244141,7.243476891548208,7.303411751701473,7.224505424499512,7.23984432220459,7.28431510925293,7.279530048370361,7.298924179744885,7.241448879241943,7.275304396327818,7.287937554729683,7.291205002593684,7.263766288757324,7.268794871071663,7.263757668822838,7.406057834625244,6.8841887,7.10934,7.322232,7.0771294,7.0561132,6.1721973,6.7568717,5.375114,6.1186175,5.8912635,5.996895,6.3709493,6.320364,7.2945805,7.3025155,7.2095833,7.30333,7.28309,7.298977,7.290288,6.7716813,7.259074778213426
7.301029995663981,7.271996974945068,7.320896148681641,7.299189567565918,7.288503870412702,7.294497013092041,7.303921958688808,7.297026662156668,7.3007334907057,7.29958963394165,7.2550950172360364,7.297713358413987,7.35360050201416,7.2611918449401855,7.2723388671875,7.271690845489502,7.284056954655648,7.254064559936523,7.2878238392000325,7.299365071858585,7.290425018409489,7.2600483894348145,7.250885666444076,7.280004103030297,7.034059047698975,6.5770082,6.7720757,6.6514893,6.7574625,6.670719,6.9201484,6.5175395,5.928993,6.6978455,5.9625516,6.6763268,6.0921535,6.313724,7.169302,7.301915,7.30103,7.2961035,7.2897806,7.30103,7.295526,6.7746367,7.299551316994018
7.301029995663981,7.180487632751465,7.269044399261475,7.235321521759033,7.285946513207056,7.164670467376709,7.304739487843507,7.295970029353506,7.30055348326792,7.295819282531738,7.312106317493849,7.23650748907953,7.334458351135254,7.261627674102783,7.297122955322266,7.288357734680176,7.323610378423158,7.298268795013428,7.2941989971423205,7.298084845879539,7.292493912973736,7.262746334075928,7.256483498393784,7.239132194060411,7.308309078216553,6.8670964,7.0173917,6.843247,6.9689875,6.9598536,7.1283827,6.824737,6.369134,6.756072,6.2864747,6.882759,6.4252014,6.3195333,7.169302,7.3002696,7.30103,7.290973,7.276457,7.30103,7.2970715,6.9292502,7.299157078431309
7.301029995663981,7.28529167175293,7.327122688293457,7.31233024597168,7.283295034551431,7.305642604827881,7.286321143588946,7.295972395478078,7.301779346331556,7.30662727355957,7.211931442638253,7.344503550635772,7.314292907714844,7.239629745483398,7.263922691345215,7.259760856628418,7.2865091375902615,7.230065822601318,7.291798957466807,7.316603196226157,7.293458809167117,7.265803813934326,7.245467121437059,7.285140538850365,7.281790733337402,6.9659367,7.0926714,6.9676595,7.018274,7.1127596,7.0644355,6.8183956,6.8657346,6.854281,6.304865,6.9992766,6.9188,6.650205,7.169302,7.3008385,7.297743,7.296567,7.302165,7.30103,7.297631,7.0299287,7.298399976877237
5.183758700008217,5.40591287612915,5.350780010223389,5.386069297790527,5.172099280339648,5.470013618469238,5.211515031494746,5.19121521671475,5.17366613025878,5.171294689178467,5.200259416903753,5.274453514336244,5.333158493041992,5.230268955230713,5.184337615966797,5.193007469177246,5.1853269275241445,5.126375198364258,5.1804564241548245,5.224632313936658,5.174689092482261,5.186402797698975,5.162852707917188,5.145518009184422,4.9479193687438965,6.340507,5.590393,5.773297,5.5025115,6.065754,6.797239,6.7112145,6.708821,6.645409,6.061362,6.7903094,6.769909,6.08,5.8676047,5.1772714,5.164351,5.1918797,5.158388,5.180579,5.1577873,5.9367294,5.167904979358443
4.449771646944906,4.637269020080566,4.624669075012207,4.654600143432617,4.445966645423755,4.625070571899414,4.449771646944902,4.449789955545929,4.445536990058211,4.45162296295166,4.479112333666773,4.42337561306671,4.524101257324219,4.469534873962402,4.45574951171875,4.470925807952881,4.453567649865105,4.369873523712158,4.465270339219921,4.481730894427335,4.459024977980899,4.4808478355407715,4.499964660665594,4.481426399859239,4.172883987426758,5.991344,4.6503973,5.438206,4.637304,5.7646556,6.5229745,6.2204623,6.4106417,6.1489544,6.001751,5.7804656,6.1022625,5.8347974,5.8676047,4.480807,4.4916244,4.4540553,4.490714,4.453316,4.466821,5.410458,4.480194565882094
4.449771646944906,4.700502872467041,4.729408264160156,4.73421573638916,4.514974664282489,4.725153923034668,4.449771646944902,4.449771646944897,4.450454371665972,4.455191612243652,4.463806871331876,4.448688856251552,4.404509544372559,4.508003234863281,4.498728275299072,4.50340461730957,4.459555381501703,4.452293872833252,4.458279996359262,4.481641513791253,4.458127966806686,4.491379261016846,4.4948573325462995,4.628133151357312,4.248493194580078,5.6221495,4.6728506,4.8170447,4.693379,4.9292283,6.584273,6.082246,6.106401,6.1485786,5.020635,5.7543097,5.7293425,5.8652077,5.8676047,4.5265226,4.561693,4.4151917,4.4133716,4.4567127,4.45494,5.236084,4.516404695652108
6.259637310505756,6.079279899597168,6.0956196784973145,6.123428821563721,6.139516027704669,6.008118152618408,5.885597548070122,6.0935063151918065,5.5568662414501455,5.307356357574463,5.594146147970879,5.838883816466049,6.229191780090332,5.819798946380615,5.731205940246582,5.729946136474609,5.942359394305262,5.819781303405762,5.908551421691085,6.102748926728739,5.509098092767805,5.794824123382568,5.697824834292442,5.893360225016866,5.56859016418457,5.7364874,6.365526,6.1896043,6.350218,6.107823,5.404596,4.4051046,4.7637224,5.759839,4.4106674,4.6071362,5.147754,6.241141,5.8538165,6.2281547,6.115277,6.2551064,6.2640347,6.2527456,6.2601314,5.7359443,6.188707133872171
5.183758700008217,5.298571586608887,5.335173606872559,5.334485054016113,5.224473161567934,5.253854274749756,5.2087854061798495,5.215971113476686,5.1851039832351145,5.1849751472473145,5.288568521311324,5.269939191528768,5.23845911026001,5.236344814300537,5.235380172729492,5.243473529815674,5.238750890725534,5.231909275054932,5.193101980056606,5.228019560928165,5.18863234765705,5.2172651290893555,5.217042509907418,5.133232640062608,5.083663463592529,5.920829,5.709626,5.442517,5.6366715,5.5586567,6.6088014,5.8573637,6.1318536,6.2635736,6.5148435,5.8557467,5.776409,6.3232107,5.8674,5.303795,5.2072463,5.1840754,5.152725,5.218453,5.167244,5.735052,5.219757299684261
7.301029995663981,7.255254745483398,7.272573471069336,7.274715423583984,7.303059481255898,7.334210395812988,7.3039219586888064,7.296877663003825,7.300785469590262,7.300570487976074,7.262922474584402,7.192279384654924,7.475589275360107,7.2526750564575195,7.269437789916992,7.261552810668945,7.273295915533042,7.236557960510254,7.2878238392000325,7.299365071858585,7.290425018409489,7.258072376251221,7.250885666444076,7.315433467680359,7.201784610748291,6.287505,7.161661,6.363538,7.185755,6.387187,6.9783654,6.1842246,6.3648868,6.3196483,5.7429028,6.249183,6.5228586,6.232417,7.1448374,7.2978926,7.2818375,7.302255,7.3087163,7.30103,7.2963276,6.745652,7.290821774962123
5.183758700008217,5.0690717697143555,5.21747350692749,5.190281867980957,5.1257273719335785,5.023324489593506,5.1897238205253435,5.184981735880946,5.174925672028356,5.170924663543701,5.221629199010825,5.066076098618059,5.141693592071533,5.137683868408203,5.166260719299316,5.1649370193481445,5.196869538306831,5.133576393127441,5.208880785310716,5.199185029213702,5.237647271338533,5.223437786102295,5.33709082202776,5.162440298369681,5.3107218742370605,5.7169905,5.3239803,5.4276304,5.3051267,5.4188395,5.8774705,6.8010035,6.0788755,6.4123325,5.9024763,5.8076725,6.8597636,5.608836,5.8570967,5.2129474,5.184453,5.164026,5.116177,5.183121,5.148327,5.6703577,5.181221927080857
4.449771646944906,4.684359550476074,4.632946968078613,4.644384384155273,4.538800886167422,4.665371894836426,4.449771646944902,4.449815108630528,4.443507389695355,4.461058616638184,4.52068782419128,4.489382972648546,4.608969688415527,4.509878635406494,4.478560447692871,4.4898681640625,4.487094131944893,4.434577941894531,4.468773781236709,4.492544036543834,4.46329519138838,4.483788013458252,4.495257712580294,4.436747379801386,4.365090847015381,5.4586706,4.9203534,4.8768983,4.99772,4.950083,5.8417006,6.9080687,6.461103,6.069358,5.9448066,5.9377904,6.4871264,5.599726,5.788448,4.42585,4.702141,4.449715,4.546021,4.499662,4.4666796,5.366596,4.557965192357511
7.301029995663981,7.617504596710205,7.606963634490967,7.617193222045898,7.578148648076738,7.720512390136719,7.4365987079082,7.394743067931172,7.30617313651826,7.285221099853516,7.793493549074104,7.612169026793156,9.009567260742188,7.724336624145508,7.492824077606201,7.5340986251831055,7.469275218308693,7.612549304962158,7.556403449790179,7.4542453912695406,7.777012272193188,7.549694538116455,7.788801928736385,7.74498970878252,7.626708507537842,7.1158433,7.366216,7.2608166,7.3657656,7.151799,6.6184797,7.221676,5.902548,7.8826256,5.037251,-2.728004,6.974632,6.7443113,7.2906666,7.2994475,7.1994114,7.3003364,7.2446513,7.2951727,7.299106,6.542138,7.255827805881175
4.449771646944906,4.677083492279053,4.650012969970703,4.673139572143555,4.508805459645741,4.594875335693359,4.449771646944902,4.449789955545929,4.449540907050522,4.451845645904541,4.492493811199836,4.70217295627467,4.486611843109131,4.519737720489502,4.465816020965576,4.48010778427124,4.46769233027792,4.373464107513428,4.465270339219921,4.481730894427335,4.461830644750626,4.503278732299805,4.502845825552911,4.538580734407977,4.212400436401367,5.5526576,4.8506966,5.074981,4.7702904,4.9208374,5.8744726,6.1901636,5.7237883,5.7708697,5.836585,6.427762,6.0709004,5.814605,5.8570967,4.533452,4.5964303,4.493104,4.7692776,4.5199533,4.568828,5.3108377,4.56669976881711
7.301029995663981,6.9986572265625,7.083425998687744,7.067066192626953,7.1894697688219456,7.134071350097656,7.297876253086627,7.2441326910163335,7.6407002613700135,7.224124908447266,7.383152582298988,6.967246305791678,7.324926853179932,7.260910987854004,7.356379985809326,7.338777542114258,7.25853329783255,7.332672119140625,7.350158655726526,7.272418555523967,7.151228871871877,7.248615264892578,7.3023706377012205,7.2551315867263835,7.246060371398926,5.931289,6.705926,6.6467433,6.686316,6.4211407,6.175187,4.584671,4.4793653,4.632284,4.9812293,4.8491526,4.4799676,5.902971,7.169302,7.2905364,7.119079,7.3620834,7.254818,7.3343997,7.26743,6.1636944,7.2152322229997665
4.449771646944906,4.446671485900879,4.496108055114746,4.519789218902588,4.426351676212347,4.3891706466674805,4.449771646944902,4.444274667865834,4.4499301221998415,4.454544544219971,4.489688147319157,4.438708178004828,4.3173980712890625,4.394259929656982,4.419540882110596,4.427103519439697,4.429414791264367,4.355156898498535,4.458279996359262,4.481641513791253,4.458127966806686,4.491379261016846,4.489123849664611,4.409839682137251,4.242624282836914,5.1765556,4.5882406,4.9456773,4.561228,4.979019,5.2476025,6.052419,5.9043403,5.4688134,5.863159,5.515607,6.440733,5.4099855,5.736665,4.4255443,4.501506,4.4373107,4.466231,4.4856744,4.4589224,5.1332617,4.467663932587898
4.449771646944906,4.716313362121582,4.8884358406066895,4.917382717132568,4.802583983488179,4.620656967163086,4.4748087927010145,4.486385243247552,4.444631584351652,4.389749050140381,4.501104035451093,4.567037754179407,4.644040107727051,4.5047807693481445,4.507838726043701,4.52175760269165,4.526626177220918,4.448633670806885,4.473110965638108,4.5069557231429505,4.551313161675963,4.5267767906188965,4.480463921217632,4.585622950493593,5.062057971954346,5.763144,4.564578,5.260446,4.6074233,5.2450666,6.5312,5.658276,4.977973,6.560701,5.859449,4.3359895,6.5938916,5.8725166,5.8682294,4.8347344,4.8299036,4.9544034,4.9238214,4.842027,4.8232718,5.3453526,4.8383235194893786
6.259637310505756,6.262173175811768,6.27903938293457,6.277743816375732,6.269675806466178,6.275651454925537,6.272177122994603,6.287253407761305,6.26485221338655,6.258482933044434,6.265993831936465,6.188442532054515,6.23170804977417,6.230112075805664,6.264937400817871,6.258548736572266,6.28335204066826,6.2690019607543945,6.266741749547809,6.253721260668645,6.277643872502096,6.268728733062744,6.32030412283578,6.24739584314449,6.271243572235107,6.4530773,6.262035,6.4747186,6.289536,6.3688173,6.310741,6.676027,6.129301,5.9208856,6.4249816,5.870036,6.720288,6.0362873,5.8449497,6.283206,6.2526264,6.258866,6.2957244,6.2596374,6.2716575,6.2701697,6.265319798202427
4.449771646944906,4.534637451171875,4.420882225036621,4.435647964477539,4.301702497070257,4.380449295043945,4.478606410310091,4.4547648905372235,4.453285065424046,4.4723992347717285,4.397439869546023,4.4357459989037515,4.677075386047363,4.445321559906006,4.433949947357178,4.435807704925537,4.450079112600166,4.450252532958984,4.469378551129776,4.492544036543834,4.463495304883151,4.483788013458252,4.485053037651087,4.260125753291403,4.364495277404785,4.6955833,4.1663127,3.2513866,4.4813776,3.9402652,5.435636,4.8485,4.932525,4.4624662,4.8652086,0.87726164,2.767234,6.00644,5.8800907,4.5044894,4.5347424,4.5368586,4.8039985,4.7292137,4.5717864,4.414569,4.536460920637117
7.301029995663981,7.260565280914307,7.172231674194336,7.15179443359375,7.339928455935317,7.529952526092529,7.303921958688808,7.296876986467062,7.25153951412299,7.303323745727539,7.344289706125948,7.247424337383515,7.266542434692383,7.341245651245117,7.348125457763672,7.3449249267578125,7.249535348229731,7.289036750793457,7.2878238392000325,7.299118746948127,7.290425018409489,7.2600483894348145,7.28955917254053,7.32518435181108,7.142314434051514,5.7889614,6.5690107,5.578472,6.6203256,6.093298,5.6750426,5.670228,5.816676,5.4985256,5.2584043,6.093289,4.40258,6.4930444,7.16416,7.30508,7.295079,7.303362,7.3270335,7.30103,7.293782,6.327369,7.297831511799153
4.449771646944906,4.405673980712891,4.4293317794799805,4.422093391418457,4.451581363673288,4.318981647491455,4.449771646944901,4.45029910902223,4.450146110147591,4.461023807525635,4.502466070286736,4.484214741134981,4.554704666137695,4.436588287353516,4.436736106872559,4.447358131408691,4.464809149176109,4.416882514953613,4.468175470981099,4.48563485562654,4.46133652488928,4.487860202789307,4.4989811421072075,4.406042750001938,4.5319294929504395,5.0247707,4.3351974,4.294006,4.430445,4.557701,5.340243,5.0347786,5.187836,5.263425,4.7702656,3.8493385,3.878458,5.833723,5.8570967,4.495345,4.495705,4.430837,4.460044,4.4507074,4.464694,4.7227306,4.4834097701530995
4.449771646944906,4.747603416442871,4.636080741882324,4.636206150054932,4.371656898560837,4.653523921966553,4.480259453492394,4.45732394487034,4.441547892715055,4.4702606201171875,4.438292176334106,4.51782543607734,4.323817729949951,4.554722785949707,4.510438919067383,4.523304462432861,4.477584587721472,4.577929496765137,4.462069282375102,4.481641513791253,4.458127966806686,4.491379261016846,4.456816490746098,4.576848129566245,4.370530605316162,5.0349936,4.19495,3.7609103,4.5533895,4.4561,5.541545,5.0152955,4.826121,4.5942693,3.5043914,1.8910418,2.5117908,5.8370857,5.8800907,4.4865866,4.6185956,4.5264664,4.748229,4.642072,4.565554,4.4594736,4.566299619107641
5.183758700008217,5.265174865722656,5.159295082092285,5.159305572509766,5.172724293946978,5.309147834777832,5.183943429843107,5.179332852672452,5.1786573507299165,5.181835651397705,5.203041239384337,5.009659641764394,4.686676502227783,5.205562591552734,5.227776527404785,5.223221778869629,5.199781349024003,5.337121486663818,5.1804564241548245,5.216206800566115,5.172181247793239,5.186402797698975,5.162256754504243,5.143549098189499,5.168444633483887,5.1240444,4.9061766,4.6098285,4.9325485,4.9443836,5.435443,5.9083405,5.9221973,5.6558685,5.630804,6.039379,4.179483,6.012328,5.8570967,5.177496,5.1891437,5.1637344,5.153985,5.1844425,5.1551538,5.309094,5.176121286672213
6.259637310505756,6.317897319793701,6.281955242156982,6.2913737297058105,6.281674080236238,6.3477935791015625,6.250702865191356,6.415876676091533,6.270605665646936,6.279099464416504,6.185217129612074,6.261095741759415,5.629387855529785,6.244678974151611,6.366844654083252,6.337952613830566,6.352144644421738,6.305902004241943,6.269151241215844,6.267645232787477,6.272596381342918,6.208930015563965,6.284082593892717,6.3088455554971405,5.959046363830566,6.2260222,6.114513,6.2213454,6.1668773,6.3231487,6.294791,7.501108,6.0706406,7.077958,5.74605,5.7174535,5.9190397,6.147346,5.8795223,6.1912193,6.2977805,6.2668624,6.0941253,6.2538657,6.269134,6.2389402,6.262124420394711
6.259637310505756,6.586202621459961,6.371049404144287,6.3088507652282715,6.210101119264978,6.715306282043457,6.317963065425186,6.271682731805758,6.109350481631781,6.262277603149414,6.532306671124201,6.171675804312885,7.370481491088867,6.39860200881958,6.227965831756592,6.236050605773926,6.242429365553185,6.324711322784424,6.288421591066743,6.2396576776312935,6.1521743437158625,6.225090503692627,6.539613217293448,6.443707230614729,6.948788166046143,5.8968043,6.4933777,6.290562,6.3757143,6.137149,5.526497,4.82635,8.404009,5.4369416,3.9358985,4.491602,3.558463,5.9298186,5.801463,6.237679,6.1984425,6.3085155,6.314092,6.252993,6.270409,5.834339,6.233629568140892
6.259637310505756,6.3657073974609375,6.36440372467041,6.354215621948242,6.258572016567091,6.402260780334473,6.230919092940385,6.288412863367535,6.265834663578918,6.270760536193848,6.198604250808267,6.278887359934156,6.207860469818115,6.281153202056885,6.281383514404297,6.2816948890686035,6.275424479555047,6.26859712600708,6.277742336549911,6.270328301680417,6.261158668072693,6.26266622543335,6.2692987965675595,6.288305406939612,6.1758952140808105,6.438532,6.291087,6.3223743,6.237052,6.3717346,6.865053,6.587308,6.461377,6.793185,6.444076,6.7128925,6.2368402,6.0356197,5.9101405,6.282959,6.2570596,6.2648335,6.2397304,6.2589827,6.26697,6.36389,6.266466347586935
7.301029995663981,7.31052303314209,7.378459930419922,7.365974426269531,7.299825357917929,7.282468795776367,7.320932363698625,7.293262758332787,7.241452648662026,7.329358100891113,7.142749935755144,7.239321706560388,7.326687335968018,7.207164764404297,7.245535373687744,7.244849681854248,7.2912490221926,7.206461429595947,7.279581762075286,7.2824793242291666,7.258549017661545,7.263766288757324,7.268794871071663,7.300690827409819,7.378887176513672,7.1031365,7.399295,7.7952995,7.3460135,7.357103,7.191547,6.697287,5.924163,6.896324,6.5140862,7.1324844,6.5595474,6.604546,7.14663,7.300209,7.2763076,7.2800446,7.338955,7.30103,7.2944117,7.072921,7.286939001586411
7.301029995663981,7.199901580810547,7.289186477661133,7.274507999420166,7.275815771379149,7.122277736663818,7.4447033126461415,7.3009100839763175,7.342797377319301,7.308810234069824,7.288002223660726,7.24832517355234,7.20632791519165,7.245118141174316,7.2615437507629395,7.257209300994873,7.307809211104594,7.264233112335205,7.2878238392000325,7.30073144577098,7.276735614233243,7.2600483894348145,7.250885666444076,7.316935945038896,7.060206413269043,6.6525736,7.08772,7.0932283,7.1620946,6.658063,6.698243,5.68143,5.9711943,6.5181184,6.062439,6.2525945,6.300652,6.9012628,7.0809245,7.291728,7.292705,7.2558875,7.191419,7.301826,7.2029533,6.782853,7.267859403324072
7.301029995663981,7.210116386413574,7.291241645812988,7.258212089538574,7.267233345760571,7.225280284881592,7.29382543057998,7.285796025926989,7.318110024707107,7.236452102661133,7.2905844119568775,7.421291352737127,7.290395259857178,7.260321617126465,7.284518241882324,7.288453102111816,7.274415090381538,7.280911445617676,7.2941989971423205,7.292323286061281,7.292493912973736,7.262746334075928,7.240781204709083,7.247305260572834,7.264545917510986,6.553229,7.049855,6.7334146,7.1469316,6.4609046,6.6401706,5.532137,5.898741,6.210013,5.9936867,6.4176044,6.223797,6.9026933,7.0809245,7.311074,7.292705,7.1684685,7.152989,7.301826,7.19638,6.7133775,7.264838221334525
5.183758700008217,5.0932416915893555,5.155661582946777,5.134902000427246,5.099356999797186,5.098016262054443,5.187546735670826,5.18102345327867,5.167170882599396,5.067524433135986,5.1665986643874415,5.011251713613913,4.781923294067383,5.082610130310059,5.1424994468688965,5.135808944702148,5.162840061937887,5.144247055053711,5.168299450090829,5.172506532755268,5.152490422821499,5.172765731811523,5.14136425439755,5.035695271060418,5.033421993255615,5.663275,5.2240133,5.197765,5.216867,5.289798,5.7376895,5.9594197,4.876481,5.8424997,5.791585,6.5637865,6.364234,5.491957,5.8570967,5.0544834,5.125683,5.134928,5.094118,5.1702495,5.1359153,5.4895926,5.1111794108792665
4.449771646944906,4.915055274963379,4.961729049682617,4.996373653411865,4.8401441995113395,4.882201194763184,4.550247855798542,4.662521181051182,4.272594710516581,4.777161598205566,4.77696027160465,4.846313395523109,4.913163661956787,4.677444934844971,4.601768493652344,4.612936973571777,4.710666325205629,4.633802890777588,4.493501651730995,4.689602119627879,4.41060937897439,4.401157379150391,4.534104724242789,4.661502886250107,4.772073268890381,6.15541,5.216343,5.858023,5.1504655,5.871539,6.6682115,6.6179,5.9811835,6.8062224,6.467256,6.723864,6.5617924,5.8026743,5.868752,4.851787,4.830447,5.0089493,5.0145235,4.8689933,4.905107,5.761472,4.866715269538872
4.449771646944906,4.383109092712402,4.423687934875488,4.435969352722168,4.380026801015383,4.349946975708008,4.455334679469069,4.456351899829272,4.46153365567605,4.467736721038818,4.42136618856398,4.32292374717605,4.208712577819824,4.388837814331055,4.447842121124268,4.451483726501465,4.445501487092637,4.4038496017456055,4.471251713403372,4.492665538126061,4.480448693153034,4.477851390838623,4.490777856462937,4.230439593448308,4.560794353485107,5.32323,4.6891184,4.4076624,4.7223797,4.749441,5.475885,5.74014,4.6539373,5.131595,5.5956326,6.1694803,5.8198943,5.278161,5.8570967,4.40698,4.4669957,4.4588976,4.441328,4.472894,4.462081,5.016142,4.45032434264014
4.449771646944906,4.498764991760254,4.457365989685059,4.460955619812012,4.517980243294442,4.5011186599731445,4.482159265292524,4.48376927495023,4.51422859580576,4.472654819488525,4.3628491033916825,4.188853478230097,4.629445552825928,4.465526580810547,4.492960453033447,4.490179061889648,4.499593443231683,4.475955009460449,4.472653765229198,4.491858333178055,4.480061212175146,4.4900312423706055,4.4972116990171145,4.53873132288604,4.275111198425293,4.4543147,4.622898,4.211666,4.5386724,4.244797,5.2998705,4.609642,4.7368045,4.335628,3.788711,4.9807787,4.210759,5.1667585,5.8404236,4.4867682,4.6080256,4.466216,4.536372,4.467477,4.4700427,4.6038313,4.534058747396559
4.449771646944906,5.038719177246094,4.955506324768066,4.981119155883789,5.0060772274841145,5.087240695953369,4.47435034065035,4.511324223606411,4.455829978028351,4.433752059936523,4.50779932848756,4.549707612418926,5.066011428833008,4.617609024047852,4.547796249389648,4.561485290527344,4.575036469023364,4.50109338760376,4.503744194328353,4.543201342425318,4.467909768606682,4.443628787994385,4.480770509451227,4.719164866541734,4.508161544799805,6.075516,5.270149,4.74804,5.0610332,5.4474754,6.3923044,6.7889366,6.298283,5.63303,5.9528227,4.9844737,5.7304926,6.078423,5.8641834,4.954387,5.092411,4.647146,4.6073403,4.6025996,4.646563,5.4437804,4.917302479594711
7.301029995663981,7.153471946716309,7.229434013366699,7.201868057250977,7.248834257844168,7.167595386505127,7.304739487843507,7.297066572772045,7.3022983999992395,7.2900390625,7.237945689704383,7.175028058004186,7.422028064727783,7.237666606903076,7.254331588745117,7.245749473571777,7.288486217415653,7.259788513183594,7.2941989971423205,7.287862135072652,7.292493912973736,7.262746334075928,7.288945988291463,7.203383423440348,7.275939464569092,6.858904,7.3481307,6.9100733,7.366933,7.0144825,6.1528955,6.5587115,6.0054173,5.870685,5.965594,6.297635,6.2563467,6.4414344,7.2906666,7.2967257,7.2269053,7.3019543,7.2473974,7.30103,7.2866035,6.7999268,7.264187324407458
4.449771646944906,4.647835731506348,4.645080089569092,4.649803638458252,4.410042847920373,4.663612365722656,4.449771646944902,4.449789955545929,4.451475088051774,4.4500203132629395,4.46739646143408,4.39972886728035,4.283863544464111,4.477827072143555,4.483778953552246,4.493877410888672,4.45562050333442,4.422878265380859,4.465270339219921,4.481730894427335,4.461830644750626,4.503278732299805,4.502249872139966,4.4561719398745865,4.230101108551025,5.641218,4.7167535,4.9431806,4.6566873,5.1321373,6.3721294,6.1472025,6.134224,6.017906,6.5728807,7.2055573,6.135008,5.664008,5.8674,4.445312,4.5020933,4.4337826,4.440816,4.4545426,4.4326363,5.395774,4.466134814363683
5.183758700008217,5.056222915649414,5.003979206085205,4.978177070617676,5.11167134988826,5.056273460388184,5.019407478789674,5.04926098673258,5.26688935547349,5.117478847503662,4.958484952521584,4.5771995810996335,4.845571041107178,5.0249342918396,5.053998947143555,5.052875518798828,5.1022651309708635,5.138823509216309,5.138782726036202,5.121945935879184,5.10084061475466,5.13960599899292,5.215515655270524,4.984599220866182,4.974506378173828,4.734904,4.888344,3.9181225,4.9882135,4.379048,4.971429,3.7865968,5.1285467,3.2674134,4.8457546,3.6896422,3.5109196,5.976258,5.8570967,5.1956716,5.1901546,5.1173167,5.099474,5.182741,5.1565113,4.7442074,5.1781063991390175
6.259637310505756,6.241002082824707,6.131380558013916,6.1278862953186035,6.119685117641757,6.33712911605835,6.4976420098913135,6.348350144676829,6.8161374260640715,6.70313024520874,6.325110425416067,6.40985592201927,6.470849990844727,6.523746013641357,6.420137405395508,6.418378829956055,6.314604519302169,6.361476898193359,6.295109188765926,6.309644854959956,6.657974914943865,6.419309616088867,6.430498256609445,6.372733548677472,6.623157978057861,5.5800323,6.2278676,4.9174886,6.304812,5.688467,5.5598288,5.97643,5.9079523,5.6894007,5.3184805,4.7006946,4.673674,6.2656784,5.8795223,6.2696085,6.016467,6.269641,6.291043,6.249018,6.268566,5.8027334,6.1590275848853695
5.183758700008217,5.0984673500061035,5.042850494384766,5.027065277099609,5.112891528549983,5.0614213943481445,5.192975280747822,5.1302462285713775,5.165310506167911,5.13653039932251,5.252456663753676,5.008772077729367,5.213569164276123,5.205638885498047,5.18241024017334,5.191421985626221,5.161226007695694,5.231148719787598,5.150702349175658,5.183569111360344,5.157505988918465,5.115597248077393,5.128520154094847,4.99606871082943,4.9768195152282715,5.053545,5.3341336,4.105148,5.4326954,4.867916,5.13759,5.2186837,5.6249814,5.093061,5.1840034,3.895161,4.197611,5.9927793,5.8570967,5.1850457,5.09882,5.122495,5.0571136,5.1800027,5.155459,5.089667,5.135773189553759
5.183758700008217,5.173285961151123,5.114259719848633,5.09796667098999,5.208920773111583,5.2332963943481445,5.1693022689340795,5.17201332546989,5.17581472419772,5.185992240905762,5.18760190004917,5.010423420772764,5.265041828155518,5.177990913391113,5.181885242462158,5.183588027954102,5.187757788581046,5.184053421020508,5.18448011957371,5.183687280344787,5.083609650554561,5.113607406616211,5.156406945822036,5.083327642665975,5.25791597366333,5.3048916,5.376646,4.4691296,5.4032946,5.2590327,5.320841,5.1756268,5.7454414,5.290396,5.0726857,4.4640684,3.8919258,6.03508,5.8570967,5.110795,5.2636247,5.1543946,5.072613,5.191063,5.1514134,5.180503,5.190451984469685
4.449771646944906,4.43701171875,4.621485233306885,4.597390174865723,4.438016652231049,4.379733085632324,4.449771646944901,4.449795622493866,4.450071789409338,4.450110912322998,4.46051132547084,4.407263132191846,4.352181434631348,4.384232521057129,4.416298866271973,4.423862934112549,4.437589981230147,4.339363098144531,4.468175470981099,4.48563485562654,4.662078454416336,4.563273906707764,4.554650425229852,4.514107177539273,4.819163799285889,4.9442296,4.8199906,4.322687,4.826665,4.512416,6.7629294,7.252261,5.556108,7.5411754,6.715992,6.249183,7.1218114,5.8788095,5.8404236,4.489211,4.552599,4.3824215,4.4654136,4.4563403,4.4510612,5.457086,4.499904276213426
7.301029995663981,7.3348388671875,7.367898464202881,7.363566875457764,7.336278215159712,7.3533525466918945,7.3039219586888064,7.296989466965321,7.305883819263459,7.307907581329346,7.271536280538069,7.319703822695505,7.535617828369141,7.284384727478027,7.273135185241699,7.277492523193359,7.300583544333117,7.258774757385254,7.2878238392000325,7.303189697403086,7.290425018409489,7.2600483894348145,7.230852908550321,7.324211455622286,7.259926795959473,6.9936194,7.1954455,7.293055,7.2229815,7.154815,6.6818366,6.0317945,6.0070105,5.475483,5.724071,5.850494,5.9496503,6.5031705,7.2945805,7.297161,7.291149,7.30111,7.2962446,7.30103,7.290285,6.75775,7.293136965649168
7.301029995663981,7.310479164123535,7.235069274902344,7.241237163543701,7.278172668391706,7.351027011871338,7.263668712149386,7.30784663506428,7.28690324743175,7.315330505371094,7.270708082334632,7.298895540699195,7.029719352722168,7.2685017585754395,7.308768272399902,7.299054145812988,7.304271766059088,7.277956008911133,7.304922178982268,7.327950574841865,7.297447802348908,7.270418167114258,7.278133631900162,7.301113625901355,7.053747653961182,6.3138742,7.0993085,6.5743074,7.0893173,6.467616,5.869042,4.520959,4.9715333,3.5734205,4.588739,5.9965167,4.2211967,6.846855,7.2945805,7.296852,7.1654363,7.30243,7.275917,7.2990303,7.2874966,6.252722,7.23768091629527
7.301029995663981,7.151872634887695,7.203334331512451,7.190110206604004,7.207464700688563,7.231011390686035,7.260473441064432,7.280461406952849,7.2156841307438855,7.090515613555908,7.143758223711663,7.365886749381618,7.282685279846191,7.198635101318359,7.242574691772461,7.232174396514893,7.227921233435146,7.232044219970703,7.269412830361322,7.25703887680107,7.2084781935232725,7.263766288757324,7.226786663019868,7.057346331517357,7.229305267333984,6.447976,7.1649365,6.789485,7.176798,6.639984,5.8455977,6.2301226,5.672699,5.7994566,5.726791,6.07102,6.055777,6.0390534,7.2945805,7.2991033,7.08676,7.2907977,7.465583,7.30402,7.299428,6.6349983,7.206046105489669
4.449771646944906,4.504622459411621,4.553069114685059,4.581396102905273,4.434292097000827,4.475009918212891,4.453347028456912,4.450293442074291,4.453776592409666,4.442319393157959,4.497136492814517,4.558192702625691,4.585636138916016,4.461828708648682,4.441943168640137,4.462169170379639,4.448631431100527,4.321559906005859,4.465270339219921,4.481730894427335,4.459024977980899,4.4808478355407715,4.48513384416187,4.587970508033365,4.197140216827393,5.4250064,4.5544987,4.725342,4.5060534,4.754201,6.5765395,6.049779,5.5417376,6.865834,6.1675,4.522404,5.7549357,5.869148,5.868752,4.5034876,4.5419006,4.439806,4.924229,4.547605,4.5278373,5.2333302,4.52166982938212
5.183758700008217,5.218420028686523,5.226813316345215,5.231921195983887,5.132276605663135,5.239949703216553,5.240555158322554,5.19791623506512,5.131588002417699,5.1226654052734375,5.224383435681601,5.128438221879155,4.688737392425537,5.189481258392334,5.217774868011475,5.2193450927734375,5.200693571337199,5.270406246185303,5.1804564241548245,5.216206800566115,5.1588340092697935,5.153508186340332,5.152887649325631,5.10462448982959,5.1519856452941895,5.603523,5.17754,4.905202,5.146905,5.0859857,6.8063836,5.6783004,5.2961116,6.743338,5.775045,6.053555,5.2041235,6.1078053,5.868752,5.204154,5.1628585,5.0881104,5.380865,5.1620936,5.1221733,5.5286417,5.157827381183822
4.449771646944906,4.553549289703369,4.652056694030762,4.676877021789551,4.491901207796956,4.497907638549805,4.449771646944903,4.449815108630528,4.4530091388764905,4.441813945770264,4.49351190806835,4.499185326110679,4.606112957000732,4.434892654418945,4.452714920043945,4.466510772705078,4.452629880997927,4.366880416870117,4.468773781236709,4.492544036543834,4.470254890914507,4.507227897644043,4.514255355277686,4.481636755006715,4.610072135925293,6.1361227,4.9786882,5.659633,5.0458493,5.531376,6.034174,6.099048,6.221975,6.714413,5.9883833,5.198183,6.908497,5.260873,5.8570967,4.459094,4.556149,4.545565,4.683859,4.5099244,4.5690475,5.4478974,4.534474142534979
5.183758700008217,5.47318172454834,5.400153160095215,5.393093585968018,5.253244493449797,5.483428955078125,5.207157928235704,5.178452264801878,5.205620940406932,5.3593950271606445,5.189918972779161,5.097173561985553,4.946381568908691,5.19024658203125,5.19309663772583,5.18951416015625,5.217536102151842,5.1383256912231445,5.18448011957371,5.183456051445157,5.181357500341037,5.086156368255615,5.195651495166877,5.234189915456451,5.118577003479004,5.9367647,5.455125,5.430895,5.5842824,5.5758505,6.7123346,5.0688076,5.252192,5.2079716,3.514452,5.3435383,4.3499985,6.3114514,5.8680005,5.1760907,5.303796,5.0812163,5.2443666,5.2039456,5.157972,5.338953,5.220569361988176
4.449771646944906,4.6973066329956055,4.660898685455322,4.700023651123047,4.521588199293691,4.617373466491699,4.449771646944902,4.454512779859694,4.460439511059338,4.591638088226318,4.530978336310261,4.6330442575470645,4.604011535644531,4.533304691314697,4.465420722961426,4.475805282592773,4.496421765882794,4.470398426055908,4.457635553742704,4.488299938800503,4.475967116488591,4.4900312423706055,4.48909229046232,4.5889917853980275,4.439548015594482,5.5088964,4.8852777,4.1190753,4.952378,4.1196957,6.195391,5.7602105,6.373789,5.9078507,6.324541,6.2807198,5.6641364,6.354731,5.8747993,4.556114,4.678131,4.4070506,4.6963735,4.6732574,4.4156055,5.287401,4.564280591012164
7.301029995663981,7.122027397155762,7.250648498535156,7.218937397003174,7.393795065995785,7.146212577819824,7.739109348534875,7.576094225651668,7.507937148525553,8.442333221435547,7.6901738191175415,7.580126572963537,7.219144821166992,7.57465934753418,7.545356750488281,7.551258087158203,7.581157878553203,7.5489349365234375,7.50892219942143,7.513705774429615,7.6254559307051615,7.57616662979126,7.644605704924857,7.529825873683701,7.716063976287842,6.4060426,6.75947,6.4692636,6.7622695,6.300908,7.047839,6.7160373,5.9259524,7.2809277,6.4834223,6.3918858,6.8704762,6.6853056,7.1747527,7.3188257,7.2907333,7.58721,7.3288136,7.3619647,7.4942794,6.8828187,7.36863361606105
6.259637310505756,6.229422569274902,6.2439093589782715,6.228143692016602,6.2229718321616,6.2511444091796875,6.28583439981464,6.28070383163684,6.246676754530924,6.262777328491211,6.250082054316573,6.362467866924713,6.038623332977295,6.236424922943115,6.2288408279418945,6.237375736236572,6.242396728071718,6.232301712036133,6.242346776312392,6.236065102965787,6.212953665551032,6.167515277862549,6.173555366316145,6.20879041739573,6.4130330085754395,6.4425097,6.6006866,6.290774,6.6228056,6.443613,5.981926,6.7234244,6.0420213,6.019968,6.071886,6.300194,6.3739357,6.150237,5.8829203,6.256345,6.2401085,6.25747,6.0811634,6.1958914,6.1860023,6.2581944,6.232115962832988
5.183758700008217,5.258319854736328,5.229722023010254,5.23789119720459,5.146385763736988,5.266812324523926,5.187775636869635,5.185975299150433,5.190855906779984,5.186239242553711,5.199659921065057,5.138690785523673,5.050487041473389,5.166386604309082,5.172473907470703,5.174653053283691,5.182644467764581,5.167356491088867,5.181649299524512,5.210364281368451,5.156534160002139,5.156982898712158,5.172561221953105,5.142378742276875,5.22517728805542,5.558749,5.4261703,5.414442,5.390892,5.5027246,6.0032854,5.78119,6.000436,5.746532,5.055664,6.719843,5.911899,5.820111,5.8674,5.171582,5.177053,5.1208024,5.1834683,5.1837587,5.1669245,5.560147,5.169217541435177
7.301029995663981,7.333622455596924,7.323776721954346,7.34535551071167,7.324750324229315,7.348843574523926,7.299539714498126,7.309657601610383,7.310816646584256,7.300554275512695,7.439717688715782,7.362057186571034,7.154784679412842,7.307337760925293,7.309869766235352,7.312380790710449,7.309496316642724,7.3147501945495605,7.312226220787553,7.327702985097512,7.391936110948734,7.270418167114258,7.318995535476262,7.4433743144798825,7.1301116943359375,6.821144,7.085377,6.9410925,7.1051884,6.899947,6.339009,6.3929186,6.427323,6.269743,5.2120557,5.7912602,7.206134,6.3351507,7.2945805,7.299624,7.3004036,7.3005853,7.297205,7.2994647,7.2963333,6.795726,7.2992259168757245
7.301029995663981,7.470824718475342,7.457526206970215,7.435522079467773,7.349157229727231,7.524450778961182,7.438171625774381,7.314733517461848,7.106661561015017,7.235742092132568,7.8669048891306845,7.179917297955362,6.981600761413574,7.293984889984131,7.275156021118164,7.299413681030273,7.283873675919886,7.330248832702637,7.349895878116627,7.322502129925211,7.403029304686463,7.453904151916504,7.348432834327318,7.416366731846626,7.080605506896973,7.3812494,7.473786,7.908524,7.3807464,7.7064342,7.377585,5.8100266,6.0468454,6.5097837,6.697683,7.8647504,4.661718,6.3011284,7.169302,7.2983904,7.30103,7.3108187,7.313074,7.30103,7.2970004,7.005545,7.300083423373811
7.301029995663981,7.131716728210449,7.241713047027588,7.217975616455078,7.302049085062727,7.149739742279053,7.277793751115676,7.284668588739344,7.25296315986134,7.2830963134765625,7.125482429745468,7.148696972285414,7.2909345626831055,7.193414688110352,7.249817848205566,7.2416815757751465,7.284726035292984,7.213376522064209,7.275304396327818,7.2815448943782375,7.290356153315897,7.263766288757324,7.254259678289723,7.196868115686671,7.244358539581299,6.5525017,7.1293974,6.998942,7.0521836,7.049969,6.388176,6.273753,6.373008,6.32897,6.3972692,6.0290384,6.5704627,6.331708,7.1854916,7.319117,7.2874193,7.2263093,7.145604,7.294729,7.278342,6.8106194,7.288718874446303
6.259637310505756,6.361091613769531,6.189306735992432,6.175931453704834,6.014556381449131,6.408186912536621,6.305485139676339,6.0327695996086215,6.694738361546074,6.297163486480713,5.703829281204895,5.958776229068094,6.599296569824219,6.253494739532471,6.1350812911987305,6.148237705230713,6.176138297018779,6.213532447814941,6.391714933338094,6.261402224008133,6.509152771890949,6.169161319732666,6.052584832573095,6.4872586232874685,6.428771018981934,6.1808457,6.7454877,5.95667,6.659358,5.9847317,6.4040337,4.627284,3.8047538,4.0437026,2.7779276,-0.7496444,2.147589,6.7372723,5.8399963,6.252153,6.0340257,6.1503344,6.249219,6.2271905,6.239576,5.2156253,6.146769987821368
6.259637310505756,6.407819747924805,6.308882713317871,6.312648773193359,6.27474970914759,6.4606146812438965,6.303252449477348,6.303835819544444,6.297077206873995,6.27654504776001,6.3518390198971915,6.331856281669547,6.289365291595459,6.322296619415283,6.3019022941589355,6.2995758056640625,6.298055857604133,6.333940505981445,6.283709854516677,6.2569078252876675,6.360374382796064,6.334810733795166,6.362355571506742,6.323265572700654,6.251079082489014,6.382182,6.4142613,6.07276,6.4156566,6.1885858,6.4135237,7.2832894,6.364075,6.1141467,6.448912,6.2540913,6.3660064,6.892307,5.8399963,6.2844234,6.175655,6.2521195,6.2486067,6.2604723,6.2570596,6.346406,6.228019479662468
7.301029995663981,7.271336078643799,7.285628318786621,7.293245792388916,7.254025792986312,7.1909871101379395,7.3039219586888064,7.288879370470226,7.301886594065065,7.291269779205322,7.210659009879325,7.1790787814913655,7.322696685791016,7.246438026428223,7.272085189819336,7.2617902755737305,7.318895563551282,7.286228179931641,7.2878238392000325,7.299365071858585,7.290425018409489,7.258072376251221,7.250885666444076,7.2617047282847205,7.046830654144287,6.866642,7.1124306,7.390142,7.177939,7.242528,6.7334576,6.724315,6.2640595,6.3965607,6.640767,6.48343,6.6806107,6.7791057,7.1854916,7.251473,7.2336254,7.261367,7.3692207,7.289111,7.288663,6.968547,7.253508101602677
5.195179321278838,8.13544750213623,7.8111348152160645,7.908658981323242,7.916505130959615,8.043994903564453,8.106429817719885,8.046624471392757,8.08660217811977,8.132552146911621,7.515284286723468,7.7610843212904435,7.2720046043396,7.840394973754883,7.782700538635254,7.772603988647461,8.01215566284044,7.775379180908203,8.015284979446092,8.057983994857798,8.28153274812364,7.734066009521484,7.458456592857617,7.7397620102064435,8.441755294799805,8.634619,8.4853,10.033293,8.339878,8.177158,7.599743,7.1961436,7.874775,7.5829983,5.8468966,6.313241,6.3772984,8.413454,7.6416526,7.156404,8.043897,7.6249447,7.908253,7.817224,7.922754,7.7494965,7.764234307278274
6.544241796895863,7.798346042633057,7.659091949462891,7.710903167724609,7.7344295616966,7.652500152587891,8.119145288379402,8.141467203251066,7.756183680982495,7.9848175048828125,7.732852847405933,7.825499161752266,7.391556739807129,7.788628578186035,7.985794544219971,7.958470344543457,7.937406087680976,8.089923858642578,7.709522285489884,7.661941801085556,7.692739235456707,7.230891704559326,7.280164594507824,7.735380663912838,7.744025230407715,7.452532,7.562737,7.5083876,8.005826,6.527114,7.4527183,7.878797,8.375371,7.637874,7.448386,6.973569,9.309341,7.214609,6.531585,7.2194734,7.8727813,7.9038305,8.178374,7.3602834,8.049778,7.623168,7.75623941171542
6.830325565941193,7.077999591827393,6.981396675109863,7.024591445922852,6.736681046174365,7.139361381530762,6.807861475982607,6.188756249568344,7.939559223991777,8.694896697998047,7.525827323464689,6.2965144902298364,5.981171131134033,6.912533283233643,7.111979961395264,7.1035895347595215,6.773381618362032,6.858987808227539,7.277258597141995,7.331793547703425,5.953740573793638,6.778321266174316,6.977052315167079,7.180386640462392,8.024212837219238,5.597315,6.8145695,5.72907,6.7676473,5.4472594,6.1139045,4.665843,5.687823,4.155917,5.905866,6.7854977,6.250572,7.76803,6.8955355,7.0531325,6.655677,6.8020344,7.0831847,7.0226107,6.6691756,6.293533,6.768005247874901
8.860120913598763,8.817358016967773,8.613204956054688,8.650364875793457,8.516471423025841,8.760125160217285,8.341971180606636,8.317311251461264,8.506884500653774,8.885855674743652,8.503904868447806,8.330701810437,8.795666694641113,8.33171272277832,8.234766960144043,8.261960983276367,8.447859968369187,7.999971389770508,8.412672309172162,8.265762174282582,7.852494060588262,8.47839069366455,8.482455602287622,8.286392247536622,8.669357299804688,8.765925,8.537228,8.562341,8.662634,8.80263,7.917864,6.9634376,6.180041,6.9154067,7.0139627,8.138062,6.9922323,9.931337,8.339693,8.203235,8.349504,8.817942,8.466731,8.852073,8.687633,8.154996,8.429327210964644
8.51427857351842,8.715435028076172,8.742766380310059,8.70919418334961,8.652236624931014,8.654801368713379,8.114054135845144,8.128785131187536,6.9310584797337755,7.250307559967041,8.555756030075434,8.212008529074282,8.0615816116333,7.954227447509766,7.872590065002441,7.911670684814453,8.126846607480545,8.005865097045898,8.274605532055725,8.229920581598483,8.101540573874413,7.999041557312012,8.232484315511718,8.040631604331525,6.812492847442627,8.674159,8.557034,8.687365,8.497775,8.761972,8.664878,5.3178763,7.525958,7.3405557,7.3154764,5.793975,6.2502055,9.091968,7.746332,8.54066,8.366697,8.514168,8.497172,8.354694,8.287751,7.939334,8.401001328205261
7.950781977329818,9.049570083618164,8.920881271362305,8.930511474609375,8.964191260949786,9.017583847045898,8.053173047132049,8.616898323299145,8.476194640250123,8.371880531311035,8.038081854130668,7.989759377136777,9.153796195983887,8.369318008422852,8.492816925048828,8.487648963928223,8.802203882140272,8.395742416381836,8.268699108034914,8.17788577356626,8.3759775142455,7.790834426879883,8.167407578639837,8.06904699720814,8.896849632263184,9.966616,11.239406,10.428022,11.611595,10.747877,7.867599,7.4200616,7.7761955,8.154222,7.474537,7.6891727,7.116435,9.880594,8.692783,8.479877,8.31108,8.687504,8.587459,8.573984,8.712368,8.870871,8.47801705446434
8.795880017344075,7.550426959991455,7.500139236450195,7.552972316741943,6.809838775633809,7.4163312911987305,7.361812614811112,8.03661374424821,6.815753103618367,9.004897117614746,8.358072293328327,7.7824042316296325,6.531905174255371,7.477146148681641,7.7202277183532715,7.715981960296631,7.73180954799218,7.468731880187988,7.875604726448962,7.67473033660933,7.873240383440572,8.472217559814453,7.30443822360392,8.04777858516421,7.5329484939575195,9.685303,11.4047365,10.974074,11.32551,11.487509,8.95657,8.76701,7.8610373,7.8134637,9.227966,8.128029,8.302655,7.2582145,7.30103,7.071662,6.9835854,7.17992,7.849235,7.270809,6.688641,8.576848,6.947134948177302
7.698970004336019,9.598060607910156,9.273406028747559,9.321185111999512,9.182766396868693,10.03762149810791,9.355615891638733,9.705114088785098,9.549526698768439,10.755623817443848,9.22350244533774,7.778588681112628,13.450427055358887,10.213326454162598,10.006641387939453,10.017592430114746,10.078484252865342,10.050749778747559,9.55006003140236,8.486154786431216,9.056397432170192,8.891510963439941,8.999099099789118,9.076659041546076,10.409420013427734,9.768319,9.867233,10.675403,9.695288,11.078615,8.336357,2.7488875,4.313693,6.606768,-2.1575296,5.8519,9.100754,7.956068,7.353977,7.0477643,8.785867,7.99054,7.9661703,7.9922614,7.7506814,7.436451,8.044475400498598
8.671620396561263,8.097111701965332,8.026256561279297,8.061633110046387,7.553157814757526,7.8850531578063965,8.565980461574405,8.854450790003119,9.576879631466355,8.576229095458984,8.771110178352552,9.026244325203386,7.909924507141113,8.586654663085938,8.881617546081543,8.904383659362793,8.557787965223099,8.746094703674316,8.880508307306204,8.388929027807814,9.44095815705115,8.78510570526123,8.975834043707172,8.634094583222785,8.91693115234375,9.937624,10.766838,11.529466,10.926746,10.2262745,9.212231,6.3587008,7.394682,7.913742,6.1927495,6.4479685,8.112457,7.941419,7.552216,7.426555,7.8842316,7.8222566,8.450159,7.8499436,7.425567,8.368591,7.653899599367946
10.10790539730952,7.936251640319824,7.916265487670898,7.989304542541504,7.477865587839375,7.779090881347656,7.387926175852833,8.067963324050625,7.477470361784094,8.122868537902832,8.041721202474283,8.31036532740133,7.724213600158691,7.6722259521484375,7.810798645019531,7.763596534729004,7.885161219568973,7.5405049324035645,8.015465267558573,7.867111419553643,7.842163470840725,7.901758193969727,8.102711670699637,7.874171230980724,7.715243816375732,9.858924,9.948741,12.3729105,9.958475,10.7180195,9.2679205,5.923626,7.517063,7.2327027,5.208595,6.416614,8.317559,8.6398735,7.3657794,7.4007564,7.325581,7.585865,8.226644,7.8400764,7.40049,8.226311,7.381079271404894
9.11975822410452,8.513813018798828,8.507390975952148,8.525505065917969,8.453517626252566,8.411288261413574,8.533143537152052,8.468359538451343,8.158014617879282,8.324074745178223,8.382558478636172,8.059032401322499,6.875450611114502,8.05551815032959,8.219738960266113,8.24858570098877,8.390868119814552,8.243162155151367,8.304747854221267,8.154318996083996,8.835318004945593,8.01034927368164,7.812259181883984,8.190422273553116,8.392311096191406,9.277375,8.4559,9.563862,8.429295,9.40487,8.964549,9.4952,8.053602,9.21292,9.388221,8.022677,8.64007,7.3393197,8.357372,7.96913,8.615497,8.302562,8.450619,8.149541,8.696976,8.639479,8.452836799216149
7.580044251510242,7.75338888168335,7.807428359985352,7.748518943786621,8.201155996954357,7.824275970458984,7.947220350627361,7.746171099150658,8.138430593343891,7.400875568389893,7.836857023322454,7.649574195885364,8.618884086608887,7.809165954589844,7.6932373046875,7.721611499786377,7.836202641922443,7.811476707458496,7.593414384245764,7.724197287044075,7.568374590597329,7.321536540985107,7.7935113620367105,7.6701365140719,7.444085597991943,6.863928,7.9249535,6.867194,7.9985027,6.8231306,7.3250604,7.6051416,8.337537,8.657637,9.563533,8.542198,8.538352,6.120353,7.0646,7.140541,8.813026,7.418647,7.9455433,7.5889297,7.444824,7.729181,7.963771321713697
7.872895201635192,7.755047798156738,7.9457573890686035,7.90556526184082,7.911697967254442,7.590358257293701,7.873968624395556,8.075662327860964,7.731279968992873,8.499048233032227,8.270460722361355,8.08357364788993,8.678323745727539,7.985136985778809,8.048093795776367,8.056124687194824,8.184811417437022,8.176290512084961,8.510052180158596,8.109503209825748,8.396745839831096,8.189143180847168,8.495750400266173,8.08862277032832,8.259862899780273,8.853233,8.088518,9.186623,7.9652977,9.083181,8.126314,7.8718376,7.5095444,8.320316,9.1403475,7.5619884,7.7954416,7.287709,8.079064,7.1845746,8.205365,7.373527,7.568534,7.2497873,7.32008,7.9885635,7.676092016243556
8.482804102050025,7.950305938720703,7.966512680053711,7.9676618576049805,7.861347032674912,7.838489055633545,8.258586307805066,8.189930854822109,8.157456399754087,8.480145454406738,8.465319906099317,8.10422708557882,7.128556728363037,8.049938201904297,8.199353218078613,8.196296691894531,8.177006016430182,8.096146583557129,8.321759793937916,8.27489288080227,8.33969754154375,8.335854530334473,8.305896418836628,8.196079323473304,8.379615783691406,8.438705,8.765627,8.607376,8.738361,8.508761,7.837407,7.191349,6.9814816,7.829342,8.764179,8.530171,8.004906,7.6371307,7.42824,7.6815786,7.8918934,7.962729,7.223831,8.060444,7.966037,8.002478,7.862903520075543
7.97061622231479,8.801048278808594,8.575746536254883,8.66476821899414,8.727345366566082,8.55396842956543,8.483938497999159,9.003653305317984,8.91962109325014,8.72187614440918,8.31564457401903,8.396418107654782,9.116544723510742,8.669767379760742,8.850141525268555,8.813228607177734,9.022148966581218,8.931356430053711,8.737179501601469,8.480956368311576,8.76119105598721,8.47431468963623,8.737845960742467,8.457807129394299,8.545751571655273,8.721541,7.6723957,8.208057,7.6351304,8.275829,9.489934,7.9674387,9.195947,8.55666,7.612619,9.054304,8.830244,9.119491,8.459126,7.67449,8.671008,8.637786,8.57945,8.466563,8.690321,8.475918,8.426108053444697
7.396855627379818,8.526948928833008,8.504911422729492,8.519256591796875,8.536890898221028,8.352707862854004,8.28502837823506,8.5152656995377,7.230716677551737,7.46044921875,8.296245112832068,8.399836296455476,9.28421688079834,8.119743347167969,8.233099937438965,8.263413429260254,8.553259689120077,8.556114196777344,8.581182445290468,8.458882455887784,8.63127308096133,8.598209381103516,8.626120811604995,8.558230993186633,8.630426406860352,8.292905,8.652206,8.745743,8.579033,8.591658,8.313189,7.731049,8.027613,7.9813685,8.142843,7.1634517,8.367479,8.052902,8.081677,8.1972065,8.453161,8.314651,8.559107,8.247538,8.391077,8.244293,8.364599266982726
8.590066876668706,8.471439361572266,8.622880935668945,8.50316047668457,8.307837104842509,8.614850997924805,8.178946851484843,7.839763525000206,8.135374487756442,8.230382919311523,8.706600949187946,8.51086283919397,8.370631217956543,8.20074462890625,7.85580587387085,7.945274829864502,8.064914093813982,7.754573345184326,8.278249314043713,8.262548846356633,8.164906662785178,8.031328201293945,8.083311903836648,8.264423199153647,7.954474925994873,7.180294,8.491182,6.582042,8.521331,6.903855,7.533619,7.5159984,7.285808,6.0296497,6.6052227,8.545587,9.445293,7.928016,8.446161,8.729271,8.038862,8.134968,8.062894,8.337827,8.083513,7.82007,8.227943642532658
7.853871964321762,8.221352577209473,8.271355628967285,8.216259956359863,7.989015843570238,8.239789009094238,7.944746998538754,7.93824668039165,9.404963691414311,9.202101707458496,8.326177954547818,7.861006637242173,7.397193908691406,8.172309875488281,8.380647659301758,8.385139465332031,8.186405900391119,8.114994049072266,8.397290510522843,8.219014236778326,8.265578975587765,8.28264331817627,8.20883188563538,8.058964097011659,8.596795082092285,8.27601,8.0789175,7.747968,7.951156,8.08186,8.1016035,7.8758163,7.427279,6.1712246,6.6260138,8.545961,8.465614,9.320589,8.239543,7.9245434,7.933238,6.8194723,7.598029,7.3621354,7.4638944,7.8005433,7.736966688786154
9.368556230986828,8.466533660888672,8.376026153564453,8.406692504882812,8.168768210061765,8.41022777557373,8.40183365447514,8.515136804783166,8.378051709046,7.732930660247803,8.298093887672676,7.850105710325635,8.657747268676758,8.182035446166992,8.313862800598145,8.280183792114258,8.381344922590824,8.231000900268555,8.230277189897825,8.212357814309636,7.862512402963886,8.291143417358398,7.97305388097896,8.1421355498458,8.040190696716309,8.924217,9.243074,9.089253,9.102826,9.071127,8.599372,8.907776,8.877013,7.1772795,8.670081,8.545199,9.669639,9.128216,8.447811,7.9501863,8.090392,6.818938,8.04525,7.921836,7.991817,8.513566,7.941114754903662
8.130181792020672,8.746551513671875,8.882408142089844,8.82994270324707,9.183423962415407,8.585716247558594,8.313670027294565,8.75695678162749,8.849965449700568,8.385026931762695,8.453577188737375,8.33703928688207,8.573138236999512,8.419471740722656,8.607074737548828,8.602530479431152,8.88080535749138,8.53382682800293,8.647198490600656,8.513036702081187,8.529429458567714,8.388542175292969,8.565690095350055,8.599540785202514,9.201387405395508,8.405084,7.9900503,8.414254,7.851918,8.568596,7.7987995,7.3100796,7.886325,8.2552395,8.245631,8.525218,8.574902,8.14595,8.582575,8.743239,9.110254,8.513321,8.745558,8.623976,8.868314,8.3579645,8.917501864823643
7.872895201635192,8.583374977111816,8.584680557250977,8.571829795837402,8.834719550527907,8.507238388061523,8.125695417239486,8.648457073612612,8.086878361652635,8.43795394897461,8.35549212142459,8.80334081520543,8.873884201049805,8.49662971496582,8.568764686584473,8.596342086791992,8.772015159684791,8.655344009399414,8.700507940184284,8.49352220933186,8.549898737063877,8.585317611694336,8.565690095350055,8.59434276503525,9.121186256408691,9.330961,8.810163,9.445873,8.646803,9.527838,8.549129,7.315536,7.3948355,7.557103,7.0564613,8.469288,7.6295395,8.731292,8.222517,8.153465,8.763856,7.6784086,8.528277,8.157598,8.331407,8.315017,8.429333273007554
8.032452023781138,8.531046867370605,8.55097770690918,8.55885124206543,8.860115973883635,8.337711334228516,8.22103422196377,8.81407655494084,8.790391683684907,8.239837646484375,8.453577188737375,8.879992356658796,8.65284538269043,8.595633506774902,8.733490943908691,8.743400573730469,8.914138048773626,8.804597854614258,8.70960467886394,8.522515905257611,8.643563653202559,8.660816192626953,8.565690095350055,8.728359312186683,9.354969024658203,9.400988,8.618857,9.795628,8.683873,9.701969,8.426596,7.247057,7.578439,7.801221,7.798543,8.530195,8.266156,8.559628,8.435065,8.031058,8.81671,7.9022565,8.802876,8.208916,8.456887,8.453146,8.468640515343234
7.94692155651658,8.513562202453613,8.586360931396484,8.604591369628906,8.754135590701225,8.234468460083008,8.32879795238614,8.965431306945469,8.534339595110087,8.771394729614258,8.449993829539844,8.692186393632259,7.921362400054932,8.464616775512695,8.723073959350586,8.711417198181152,8.97036531833309,8.81791877746582,8.754035278035913,8.535900698664259,8.564152608338572,8.645675659179688,8.550360411712514,8.782982010400481,9.606510162353516,8.92923,8.816929,9.179039,8.9973755,9.10486,8.079033,7.1593223,7.362098,8.668949,7.5023375,8.452839,9.6214905,8.3426485,8.277167,8.104771,8.723378,8.254798,8.788817,8.428857,8.522013,8.465798,8.487256565496352
9.146301788223823,9.252175331115723,9.182337760925293,9.194173812866211,8.972688250835802,9.035825729370117,8.548673093200923,8.6722964859587,9.007145756673154,8.203607559204102,8.368485559938664,8.842159374317696,10.534692764282227,8.446462631225586,8.287720680236816,8.377411842346191,8.70213554187185,8.23073959350586,8.813706733102824,8.521223673568015,8.870153932118955,8.702911376953125,8.626120811604995,8.680841496720674,9.310502052307129,8.91657,9.137239,9.358804,8.970431,8.945348,9.09598,9.176594,9.584882,9.695879,9.232184,8.610141,8.91422,8.319751,8.694179,8.716113,8.958771,8.961719,9.153496,8.915584,8.891641,9.012476,8.882322932618361
9.120330794367948,8.949981689453125,8.981749534606934,8.975419044494629,8.898767811849336,8.857400894165039,8.532267717119085,8.782132693128393,8.727778651801176,8.933310508728027,8.592604176927606,8.382937913315361,9.178564071655273,8.583785057067871,8.672560691833496,8.673571586608887,8.918495881714634,8.655424118041992,8.715026326692124,8.51830863356812,8.90656900600433,8.451178550720215,8.565690095350055,8.558461120815966,9.782867431640625,8.659931,8.167456,8.925958,8.200058,8.68222,8.645421,8.745778,9.637704,9.088186,8.020344,7.013424,10.601681,8.598707,8.123932,8.536806,8.476562,8.997754,8.635552,8.576092,8.802426,8.6568,8.608371774196982
9.308918507877031,8.771985054016113,8.886385917663574,8.861392974853516,8.788470658164389,8.673940658569336,8.468554249377373,8.949685373971093,8.608855079448869,8.842177391052246,8.368485559938664,8.340406740096004,9.095791816711426,8.523797988891602,8.735652923583984,8.708751678466797,8.972110857847122,8.761579513549805,8.736061479247427,8.498359676984943,8.89927805079621,8.386011123657227,8.565690095350055,8.604597810132585,9.589350700378418,8.606123,8.711572,9.022048,8.6038685,8.883869,8.669159,8.179023,8.900334,8.300547,7.5352516,7.783242,10.45709,7.960539,8.10103,8.612665,8.498686,8.55695,8.395372,8.40208,8.56904,8.537424,8.548343158717778
8.075720713938118,8.291472434997559,8.274650573730469,8.333653450012207,8.071183244756632,8.212162971496582,7.931995069891601,7.741273724513291,8.007026513477557,7.158419609069824,8.52457311194473,8.284409692970709,8.881359100341797,8.204320907592773,7.908512115478516,7.965055465698242,7.945940033070416,8.136982917785645,8.071490039584555,8.278459889328587,7.914832271662491,8.090616226196289,8.205213062402446,8.28295601077521,8.529574394226074,7.780457,8.513625,8.173163,8.554398,7.9691415,7.4997816,7.8898764,8.120756,8.47131,8.159757,8.345219,8.283888,7.5221353,8.244434,8.121126,7.947519,8.231471,8.233069,8.07375,8.272699,8.1203785,8.09043442479898
8.008773924307505,7.8260626792907715,7.81157112121582,7.851889610290527,7.65188232281846,7.727851390838623,7.728903584721891,7.628199493338134,7.898737442241514,7.330160140991211,8.056212274123782,7.9255356764340785,6.472118854522705,7.720144748687744,7.693717002868652,7.694170951843262,7.73490581425912,7.791460037231445,7.828727335483375,7.829763479186422,7.974164250413285,7.7571210861206055,8.000010824285026,7.9945301259082076,7.9944682121276855,7.91813,7.1503572,8.27379,7.079455,8.018917,7.6757126,7.7114954,8.200705,7.3364,7.0084987,7.8016057,8.997297,7.936509,7.8288293,8.075564,7.5063124,7.3021092,7.7499495,7.654244,7.552162,7.738902,7.644286920528581
9.270025714300443,8.547704696655273,8.565363883972168,8.586191177368164,8.494167012304391,8.373072624206543,8.43620350531756,8.231117128808716,8.307796538497612,8.507722854614258,8.401928659963659,8.537001907862349,9.143646240234375,8.251971244812012,8.117217063903809,8.16030502319336,8.284689058195712,8.002432823181152,8.395331738876063,8.252868058568104,8.789677876685644,8.067325592041016,8.041078871910555,8.221440311773875,8.86886978149414,9.077671,8.781118,9.308721,8.707018,9.394724,8.993978,7.2254124,8.057884,8.242621,8.501662,7.779743,8.469556,7.4724407,7.9755807,8.205988,8.712811,8.741662,8.791539,8.13565,8.503426,8.453959,8.537805662262812
11.508638306165729,6.119353294372559,5.840646743774414,5.976930141448975,5.844535217386508,6.023936748504639,6.075559543568165,6.844460745741186,6.139823119972231,5.6560211181640625,5.726258450680607,6.176209388839685,5.666379928588867,6.006529331207275,6.100436687469482,6.092240810394287,6.198273389020184,6.121280193328857,6.545732635455301,6.269988306263258,6.3871637710697575,6.202425956726074,6.034810124854349,5.913335015480172,5.925431728363037,6.9170585,7.3861084,6.695772,7.4809074,6.9766216,7.5409956,7.9534183,5.7421374,7.298891,4.297824,6.2414646,4.8846045,6.2265606,6.0001297,5.7901783,5.606438,7.087916,6.3282356,6.5747333,6.6594872,6.484474,6.015266353323647
8.795880017344075,8.24435043334961,8.208412170410156,8.122053146362305,8.895672284003332,8.30571460723877,8.091756584740367,7.950292132477019,8.615906133910201,8.25998306274414,8.516408943169047,8.314709262667453,8.439008712768555,8.293395042419434,8.006115913391113,8.068283081054688,8.22725331462229,8.045330047607422,8.326067106475172,8.306162750456377,7.9313763318924435,8.173064231872559,8.535804223179678,8.171710324212967,8.185465812683105,6.7298365,6.2654257,6.022089,6.437292,6.208021,7.8245225,7.221081,7.9014893,7.093894,7.8184624,8.025489,7.630051,5.926226,7.6893835,7.610208,9.131328,8.678283,8.424899,7.679482,8.372012,7.434474,8.53567917837055
8.769551078621726,7.429473876953125,7.096222400665283,7.086993217468262,7.5366205994033235,7.320398807525635,8.143894501327276,8.311221890497846,8.23530930965381,7.323088645935059,8.434510435427644,7.535592233847698,9.592257499694824,8.063104629516602,8.206319808959961,8.173072814941406,7.898832293145091,8.804368019104004,8.349481728814576,7.721695550894857,8.31294472177665,8.692564010620117,8.005346907813507,8.450017129761921,8.617620468139648,7.115508,6.9489746,7.0110445,7.018984,6.9292603,7.193689,4.8658457,4.9286785,2.028743,5.189734,8.538155,4.981371,7.4946823,7.6893835,6.3820653,8.500306,7.877509,6.7112746,6.869975,7.0832644,6.567922,7.583300920647437
9.154901959985745,8.126529693603516,7.977306365966797,8.070563316345215,8.511775692936272,7.923855781555176,7.904180580060579,8.147295764774636,7.226793665399615,8.349367141723633,7.810034815976415,7.914170064643084,7.418642044067383,7.88268518447876,8.002181053161621,7.998332977294922,8.231353651747481,8.006105422973633,7.252237208214334,7.845840674382223,6.6903531307701725,6.859338283538818,7.366162974651945,7.544003380522492,7.962706089019775,8.065475,8.064243,8.523888,8.180418,7.9739485,8.475182,7.0162325,6.6411457,6.7064157,6.92769,7.615421,7.4853168,6.373118,8.287035,7.410417,8.480623,8.227453,8.515619,8.365779,8.690488,7.801296,8.248492196111846
9.096910013008056,7.389110565185547,7.379561424255371,7.361390590667725,7.48469184163692,7.341595649719238,7.385266103377985,6.8979595386726436,7.437336925788075,7.304257869720459,7.218922267531403,7.088123508108148,6.6801838874816895,7.173579216003418,6.988980770111084,7.025120735168457,7.118077627936288,6.833227634429932,7.21498321007364,7.228956775617482,6.574262041436704,6.943391799926758,7.151068118531745,7.2902045063267,6.727842330932617,7.3110695,7.1994686,7.3519335,7.1911707,7.1673474,7.327856,6.389751,6.923854,7.552025,6.673604,8.111073,7.5749135,6.1876535,5.8675184,6.9517136,7.4119263,7.5573926,7.4159846,6.899876,7.383281,7.122471,7.301049638215077
7.566710314804974,8.202247619628906,8.06821060180664,8.045964241027832,8.524372724043959,8.321992874145508,8.286942543905786,8.318858674044316,8.17952346133201,8.774654388427734,8.49556006080325,8.38951277649183,9.09267807006836,8.438971519470215,8.351157188415527,8.348946571350098,8.409770928481556,8.430831909179688,8.444602145338328,8.355659468049208,8.369171735212495,8.466567039489746,8.583934779240716,8.228491873397797,8.386096000671387,7.4784303,7.2454376,7.3506894,6.9393654,8.194895,7.06247,8.98041,7.8672323,8.671833,7.3114133,8.668961,8.442272,5.899371,5.9224963,7.3961697,8.597741,8.593107,7.4553347,7.7963715,8.340162,7.7107077,8.236158808375393
7.838631997765026,7.551753044128418,7.394160270690918,7.450373649597168,7.253789416561852,7.578550815582275,7.9203392400545995,7.6720956052914975,7.856020053907334,7.578418254852295,8.010558729817983,8.162836434209558,8.479684829711914,7.833316326141357,7.810230255126953,7.829496383666992,7.600247835361097,7.892021656036377,7.863247229737988,7.848923125147135,7.738825109465146,7.693393707275391,8.18936623603929,8.08800519750275,7.6916327476501465,8.344667,8.351379,8.536899,7.9852114,8.574465,7.9234324,8.681891,8.248904,8.644841,7.842169,7.548568,7.7976274,6.402641,5.9036756,7.019404,7.3334794,7.516159,7.5180507,7.394709,7.279534,7.742386,7.255310473555427
11.69897000433602,6.515129566192627,6.467008113861084,6.482666492462158,6.961372520920917,6.502023220062256,7.110786202892648,6.72763092485736,8.57205142030832,6.522914886474609,6.570382730642988,6.2983811694838305,7.793370246887207,6.678027629852295,6.554269790649414,6.52436637878418,6.497276911356229,6.137256145477295,6.737382575991653,6.7669902680297,6.233243279081209,6.4269866943359375,6.331542519914567,6.796290099695668,6.613818645477295,7.67229,7.788013,7.435634,7.8148966,8.208384,6.9075227,3.748812,4.3539205,4.6642537,5.006949,7.616964,4.6646204,7.278608,6.40328,6.925446,6.4059505,6.264635,7.0436144,6.9461803,7.3046775,6.5227327,6.744983957747044
8.701146923590294,7.353034496307373,7.309535026550293,7.313283920288086,7.592443649343176,7.368220329284668,8.551272982620318,8.785394925944598,8.669873861876313,8.930137634277344,7.841781673878857,8.589216453712972,8.63930892944336,8.548776626586914,8.806951522827148,8.707919120788574,8.515513340401405,8.68535041809082,8.222530742819563,8.132183469444707,7.971165674024119,8.396061897277832,8.399749459660303,9.045890449282425,8.51630687713623,6.6380653,6.22481,5.153453,6.3580737,6.179866,7.5102654,5.613735,7.373519,7.6556187,5.523184,5.108267,6.999616,7.090432,7.1290746,6.8553004,8.137347,7.4675775,7.2214346,7.2922378,7.0156965,6.727379,7.496857957279732
11.045757490560677,7.7977800369262695,7.619960784912109,7.618925094604492,7.5474415259579075,7.98289680480957,8.960427047341723,9.423449887350866,9.465045680738447,9.200820922851562,8.622942819478931,8.48986383683612,8.983781814575195,8.970626831054688,9.145744323730469,9.100957870483398,8.986022673006723,9.118036270141602,8.767541481320777,8.383591095219284,9.571944864748172,9.085474014282227,8.915490467851878,8.885704851696607,9.712172508239746,6.9025307,5.42953,5.016553,5.616027,5.860286,7.7183995,4.992318,6.9251246,6.414148,0.37033248,5.0920405,7.03772,7.5218515,7.1290746,6.742396,8.134081,7.21345,7.365698,7.370374,7.1133957,6.2982664,7.473296956849193
11.154901959985745,7.4294281005859375,7.2806925773620605,7.291727066040039,7.263877538761859,7.6907525062561035,8.679220623932101,9.324846320000002,9.27463097705274,9.140116691589355,8.922222680796764,8.921205399234045,9.054780960083008,8.743590354919434,9.088813781738281,9.001723289489746,8.97777776493028,8.856237411499023,8.818127870497213,8.185757385980912,9.318769016596114,8.951348304748535,8.794722741953997,8.872201711130906,9.746617317199707,6.8439164,5.267455,5.4692726,5.2448244,6.278866,7.537277,4.9470196,7.021843,7.4224935,0.86934495,4.806723,7.2886763,7.454319,6.6738157,6.973843,7.908678,7.395455,7.187057,7.1703887,6.8030653,6.3282166,7.369395935273496
8.346787486224656,7.153294563293457,7.077493190765381,7.158350467681885,7.293914173086597,7.192163944244385,8.39411221339501,8.648901027752345,8.525691881470408,7.909341335296631,8.16903999783924,8.124713254614782,8.025956153869629,8.11136531829834,8.467248916625977,8.396960258483887,8.296711142895774,8.617813110351562,8.501813764137928,7.85845673998267,8.719137480225971,8.808632850646973,8.714350458180592,7.95894496339794,8.148734092712402,7.1242094,5.9931736,6.05094,5.9993954,6.997659,7.5594687,5.4187965,7.550708,7.9847956,6.1371136,5.849389,7.570575,7.3156295,7.1290746,6.7113976,8.176276,7.322753,7.5387754,7.4526525,7.1251464,6.9503965,7.4946402126804745
8.701146923590294,7.633845329284668,7.682104587554932,7.618468284606934,7.496102099533717,7.869344711303711,8.965337361092766,9.76258795470941,9.81199419280849,9.74575138092041,9.071488009600506,9.474509458104148,10.744770050048828,9.270944595336914,9.445296287536621,9.459732055664062,9.223726851277581,9.395359992980957,9.417544458325365,8.383591095219284,10.160450625262202,8.248457908630371,8.870812606231237,8.36938871460137,9.843730926513672,6.3845043,4.92531,5.2151475,4.942871,6.139937,6.997506,4.6631227,7.025168,7.104385,1.4516754,5.1688185,7.7016597,7.3572283,6.6738157,7.159789,7.9295754,7.5823545,7.4191337,7.246736,6.917529,6.300313,7.465964114124198
8.928117992693874,7.606161594390869,7.425910949707031,7.475585460662842,7.624657660862151,7.709089279174805,9.133522801961943,9.124477157263552,8.971600208860307,9.52804183959961,9.004043581538907,9.282858742989106,9.45040225982666,9.09708023071289,9.176910400390625,9.101507186889648,8.922806738231348,9.125014305114746,9.15398601065749,8.402129946077634,10.230180149731066,9.646286964416504,8.935047355394971,9.68204941851251,9.149752616882324,6.840822,5.527819,5.4271383,5.595598,6.62614,7.4663863,4.777137,6.8124285,6.3613453,2.0810156,5.5964932,8.04768,7.2788806,7.1290746,6.6687117,8.200317,7.377658,7.501309,7.3485785,7.1335125,6.4899025,7.500476909756726
6.259637310505756,6.218817234039307,6.217397212982178,6.243864059448242,6.246696446188933,6.1865034103393555,6.197486200247432,6.217105510845302,6.267198387971465,6.172353744506836,6.297991120963778,6.318463623983508,5.920989990234375,6.179904937744141,6.208700656890869,6.214931488037109,6.21709578689707,6.208926677703857,6.210612027250556,6.2336031491224375,5.979151343276231,6.078231334686279,6.121773268687971,6.144328091369212,6.179177761077881,6.554,6.7155285,6.5348434,6.6361194,6.716535,5.7706714,4.967858,4.664522,5.115839,5.556475,5.0610113,5.4700947,6.1274285,5.782287,6.2177343,6.2465906,6.2619166,6.347439,6.2460747,6.270572,5.9631777,6.246394282735158
5.183758700008217,5.313112258911133,5.317597389221191,5.339977741241455,5.179573845423106,5.333251953125,5.220599638494861,5.219616109484676,5.198432992323132,5.316641807556152,5.237750064644177,5.422842280963516,5.184741497039795,5.247200012207031,5.210905075073242,5.219629287719727,5.215899645841282,5.110111713409424,5.1804564241548245,5.230438796796556,5.1705783440519655,5.163971900939941,5.140544580029208,5.1668105962054725,5.099071502685547,6.5551977,5.585224,6.5128765,5.5052185,6.794838,5.832038,6.358597,6.771768,6.178212,6.3497458,6.343674,6.552579,6.0284686,5.7425876,5.180725,5.2236023,5.167077,5.2911797,5.189132,5.159456,5.9161096,5.1932322295667745
5.183758700008217,5.2439680099487305,5.30336332321167,5.292915344238281,5.200305904806343,5.181005001068115,5.262901803860887,5.185867950665527,5.183790051385367,5.184205532073975,5.306510422746532,5.343724397061131,5.306262493133545,5.225639343261719,5.169793605804443,5.1803412437438965,5.206550858156908,5.215555191040039,5.186836665567484,5.185391120312306,5.163893777392492,5.18424654006958,5.1733059704805395,5.20977574519556,5.179433345794678,6.000494,5.16868,5.7423058,5.113025,5.5784383,6.0291,6.078185,6.4735646,6.442258,6.4379015,6.3396573,6.5017786,6.7231336,5.815082,5.2312803,5.1814847,5.3499756,5.314603,5.259154,5.186511,5.798331,5.207043583644289
6.259637310505756,6.313925266265869,6.213267803192139,6.218549728393555,6.256145752605854,6.35419225692749,6.295955253324996,6.306855322306789,6.259899479952373,6.259346008300781,6.342549894963966,6.287736271241122,6.5756964683532715,6.347533702850342,6.331207752227783,6.334951400756836,6.299670146169806,6.347593307495117,6.296019303752136,6.26311735718848,6.275505439434147,6.345033168792725,6.328643281649447,6.26054096790045,6.372281551361084,5.9756355,6.4004383,5.729869,6.427002,5.882676,6.099326,5.8459435,5.426798,4.9851556,5.3634524,6.259585,5.3251553,6.6494346,5.8399963,6.251976,6.2024193,6.250652,6.2758374,6.252222,6.2533474,5.984846,6.230619335156499
7.301029995663981,7.445913314819336,7.415195465087891,7.407952308654785,7.35432561390363,7.41645622253418,7.208487872950948,7.359535196536169,7.272041201512648,7.44187068939209,7.489747156797821,7.269995488634189,6.782604217529297,7.295971870422363,7.3107709884643555,7.322245121002197,7.374212495531568,7.341764450073242,7.304312592909565,7.311725203475937,7.263997909936046,7.265803813934326,7.238800894748613,7.4093626611624135,6.630998134613037,7.0461392,7.024006,7.1528573,7.040685,7.2025213,7.3834968,6.048942,6.558554,7.097504,6.878513,6.9153605,4.8710685,7.0959935,7.1747527,7.2963986,7.326234,7.3643947,7.5526047,7.4144506,7.3488374,6.989665,7.327079468383298
6.259637310505756,6.171886444091797,6.19040060043335,6.182387828826904,6.252803460745335,6.191969394683838,6.251326343796398,6.255875775674031,6.259031746580988,6.257990837097168,6.177845906717385,6.261136377180478,6.234408378601074,6.226850509643555,6.210344314575195,6.210736274719238,6.254528958617876,6.22837495803833,6.239027056876647,6.238556163329562,6.201044410936864,6.193306922912598,6.200639098632084,6.257735782592657,6.319283962249756,6.1892767,6.153633,6.148825,6.1254587,6.1962013,6.573007,5.8370576,6.3748846,6.3142138,6.2886424,5.6250157,6.089623,5.911663,5.90756,6.252297,6.234864,6.3044906,6.2154284,6.2587643,6.268086,6.1634502,6.252275560235521
7.301029995663981,7.267377853393555,7.204280376434326,7.21757698059082,7.293106627206533,7.329576015472412,7.304739487843507,7.296298179084564,7.301415617175728,7.302075386047363,7.16782923079268,7.244432687790743,7.405648231506348,7.234909534454346,7.218098163604736,7.213193416595459,7.273398351740198,7.232369899749756,7.2941989971423205,7.298084845879539,7.285012038075267,7.258317947387695,7.294198053924224,7.22902239602682,7.140537738800049,6.566437,6.9706774,6.5940976,6.9037743,6.857575,6.640936,6.487071,6.1468143,5.97259,6.125062,6.057104,5.069291,6.8600025,7.16416,7.2277846,7.193561,7.293808,7.191829,7.305058,7.299441,6.696354,7.235114129063307
7.301029995663981,7.061644554138184,7.130199909210205,7.107388496398926,7.3181285348498175,7.133502960205078,7.41832115656988,7.300003685376218,7.3007838186785365,7.304400444030762,7.407961642916434,7.284292417753695,7.691664218902588,7.327598571777344,7.287844657897949,7.290439605712891,7.290538981493494,7.340071678161621,7.292021185875622,7.294112250681473,7.307335811964457,7.263766288757324,7.296759502646246,7.308637240802287,7.13704252243042,5.712597,6.7234535,5.601837,6.709225,5.8151326,5.715865,5.758387,5.414649,6.6081095,5.6312523,4.7780466,6.016946,7.268678,7.30103,7.2957344,7.273245,7.285284,7.141342,7.30103,7.2806597,6.4316254,7.2814971717472385
6.259637310505756,6.280290603637695,6.214241027832031,6.2182135581970215,6.235142637165592,6.288715839385986,6.266897286195506,6.289136113798637,6.259664449582211,6.2597222328186035,6.260176325613921,6.193172406099785,6.486982345581055,6.30316162109375,6.303488254547119,6.294832706451416,6.283314083733682,6.335085868835449,6.280966814711563,6.271225432281029,6.290290022772452,6.287599563598633,6.278920142216006,6.238383307682669,6.379888534545898,5.612551,6.066331,5.63415,6.147138,5.6909504,6.2637744,5.59828,4.7152834,4.780877,5.120204,4.55658,4.409197,6.1131854,5.90756,6.2710166,6.232784,6.271623,6.2318673,6.260164,6.2668757,5.7075195,6.253382080934772
4.449771646944906,4.638692855834961,4.652972221374512,4.6848673820495605,4.485489265089397,4.638087272644043,4.449771646944902,4.449789955545929,4.4494652778615915,4.449668884277344,4.501037981274798,4.54118819478539,4.714241981506348,4.500540733337402,4.4569010734558105,4.471916198730469,4.462225947494458,4.356036186218262,4.465270339219921,4.481730894427335,4.463614622080481,4.4808478355407715,4.473029034899903,4.530137630244317,4.215040683746338,5.7009444,4.7460747,5.0106463,4.798784,4.9881163,6.678655,6.6177254,6.945502,6.715556,6.7687283,6.211402,6.897579,5.429658,5.8674,4.45412,4.561309,4.546333,4.477294,4.4618783,4.554977,5.521634,4.532096360609177
6.259637310505756,6.2871623039245605,6.359272480010986,6.345797061920166,6.25622333931391,6.283928871154785,6.288411341889746,6.291814502036537,6.259297116672669,6.259651184082031,6.371690105762404,6.3156609296416395,5.892080307006836,6.2696990966796875,6.283822536468506,6.2851176261901855,6.296037103112374,6.31748628616333,6.293541553841133,6.2844364103281425,6.278936826142638,6.288722991943359,6.232751905969622,6.259738569397789,6.208320617675781,6.9135118,6.4430547,7.479656,6.372972,7.1319747,6.0672603,6.8350687,6.915946,5.538233,6.5349674,6.2284975,7.5886884,6.0273705,5.780996,6.2315907,6.1941137,6.259764,6.32529,6.2584605,6.2710276,6.4699225,6.2269199075261215
7.301029995663981,7.269364356994629,7.267005443572998,7.25987434387207,7.298798964054244,7.317795276641846,7.301451912654204,7.299864998016358,7.3015394635073525,7.301767826080322,7.2605272454564,7.314398444660663,7.350475311279297,7.2759833335876465,7.292084693908691,7.289705276489258,7.298164250003378,7.282351970672607,7.304922178982268,7.327702985097512,7.298095296357176,7.269139289855957,7.242431098758056,7.297856681285728,7.319927215576172,6.287505,7.161661,6.363538,7.185755,6.387187,6.9783654,6.1842246,6.3648868,6.3196483,5.7429028,6.249183,6.5228586,6.232417,7.1448374,7.2978926,7.2818375,7.302255,7.3087163,7.30103,7.2963276,6.745652,7.290821774962123
7.301029995663981,7.526123046875,7.375844478607178,7.352880477905273,7.305699449439086,7.621671676635742,7.736202592522847,7.46333579426793,7.644065298698069,7.407127857208252,7.810052870592575,7.6076661703440625,7.5674028396606445,7.644806385040283,7.51920747756958,7.535770416259766,7.530573762052061,7.643672943115234,7.338694385748992,7.466355693880907,7.423516561936209,7.406411647796631,7.603490168609919,7.54566652275164,7.555548191070557,6.9236617,7.00745,7.3514595,7.0370975,7.233592,6.2389565,5.620833,8.129524,4.9657993,6.135947,5.9388423,5.151103,6.337186,7.30103,7.303424,7.248291,7.5623255,7.852197,7.4589567,7.373612,6.808564,7.314984961349617
4.449771646944906,4.5636162757873535,4.640713214874268,4.640812873840332,4.423735183493506,4.565456390380859,4.449771646944902,4.449789955545929,4.44969793490565,4.44967794418335,4.391632229787566,4.586993592953083,4.363073348999023,4.465381622314453,4.459527015686035,4.473940849304199,4.438770044119833,4.348880767822266,4.465270339219921,4.481730894427335,4.459024977980899,4.4808478355407715,4.48513384416187,4.45421422021878,4.180952548980713,4.9442296,4.8199906,4.322687,4.826665,4.512416,6.7629294,7.252261,5.556108,7.5411754,6.715992,6.249183,7.1218114,5.8788095,5.8404236,4.489211,4.552599,4.3824215,4.4654136,4.4563403,4.4510612,5.457086,4.499904276213426
7.301029995663981,7.381709098815918,7.401772499084473,7.389627933502197,7.342434843728298,7.424294948577881,7.701859276501186,7.3284543900439365,7.993783872732015,8.12757682800293,7.950357323631246,7.453172534574696,7.142226219177246,7.672989845275879,7.7558183670043945,7.744672775268555,7.555622731709126,7.708275318145752,7.64798694488739,7.5838034953708355,7.560784824691722,7.529755592346191,7.6612472552127855,7.544827286506717,7.794810771942139,7.2226257,7.210121,7.625444,7.0866303,7.50115,7.2206054,6.2021422,6.3344135,6.8538303,6.7399497,7.8439794,5.397713,6.298454,7.169302,7.296828,7.30103,7.2930183,7.3009443,7.30103,7.29658,7.0247903,7.298327920203892
8.281498311132726,8.787922859191895,8.63691520690918,8.734882354736328,8.444286621585078,8.605964660644531,8.320827173882867,8.521937859239914,8.883772084076588,8.833788871765137,9.037531151861039,8.823399282124072,8.573386192321777,8.743108749389648,8.66734504699707,8.695741653442383,8.686938397642614,8.671476364135742,8.511664338427892,8.507686477517296,8.098218640323164,8.4381685256958,8.714475153879652,8.496965277013043,9.151219367980957,9.939491,10.404479,12.258071,10.4031105,10.19895,8.7941065,7.8638306,8.159353,7.8460665,7.5084586,7.672387,6.9054437,9.025888,7.6983,7.772308,8.197394,8.229908,8.177215,8.036453,7.5772142,8.633421,7.9422946937055805
8.210419287835574,8.65966510772705,8.535428047180176,8.556719779968262,8.620420130905305,8.652982711791992,8.1881123469672,8.234747888851974,8.346104133234414,8.306292533874512,8.1381258404171,8.07405094842181,7.397922515869141,8.128965377807617,8.159067153930664,8.18525218963623,8.333156621797702,8.00520133972168,8.448355550139437,8.270757469669066,8.245298224726056,8.000046730041504,7.9183725318133575,8.280323086188028,8.260109901428223,9.388714,9.462964,9.75473,9.342436,10.026621,8.251346,7.717739,7.3715997,6.7587905,6.670918,7.304967,7.76941,8.808195,7.3703356,7.9960113,8.171728,8.19894,7.804394,8.2319975,8.403604,8.2402725,8.18686471689519
8.423658649794207,7.096446514129639,6.732950210571289,6.8805742263793945,7.010460464085194,6.945533752441406,8.029878590624264,7.750293000603609,8.393552780338563,8.721735000610352,7.408958433530916,7.602198390614009,6.867115497589111,7.5881733894348145,7.699161052703857,7.687187671661377,7.565869343767872,7.7685065269470215,7.668015137147415,7.379164534566598,6.7909804472746575,8.404963493347168,7.96999713452673,7.480515278473526,8.627532005310059,6.7123547,6.857271,6.828549,6.714163,6.7430177,6.7862015,7.635552,7.4004173,6.722862,6.6712008,6.6671405,7.7511134,6.5472436,6.0082784,6.112271,7.664665,7.1996646,7.3531814,7.021621,7.4053903,6.940108,7.182906330470864
8.326979092871104,7.218401908874512,6.901876449584961,7.022022724151611,7.08485464948705,7.087029933929443,8.100415832775996,7.965146358998599,8.102686968713927,8.274641036987305,7.463683499343752,7.79998391318376,8.029186248779297,7.781332492828369,7.849941730499268,7.819024085998535,7.830963913339376,7.871753692626953,7.595002402720315,7.49578298989041,6.834771474119212,7.008676052093506,7.585107336623418,7.751758803693283,8.069872856140137,7.3886595,7.0544043,7.4580183,6.909564,7.520144,7.0758314,7.665693,7.4855776,6.8103194,6.8821344,7.2976437,8.064712,6.6493387,6.0082784,6.2212305,7.7452607,7.0894494,7.316379,7.0212646,7.41209,7.1538,7.2388796562665885
8.312471038785366,7.023447513580322,6.7487664222717285,6.831313133239746,7.2743642549203695,6.924620151519775,7.344927589919749,7.377349611625528,7.499124927909093,6.6593337059021,7.103122990804057,7.312304097791323,7.12467622756958,7.266590118408203,7.276325225830078,7.2713141441345215,7.25765409944099,7.422317981719971,7.169341653810724,7.232073713264696,6.852989303812983,7.207759380340576,7.256895413249348,6.9978019602189505,7.589426040649414,6.59381,6.9415874,6.6281576,6.981797,6.3919067,6.786008,7.8382072,7.3459663,6.560789,7.010644,6.9151287,7.84638,6.2559066,5.8089695,5.940543,7.661328,6.8809524,6.677962,6.563743,7.0530257,6.83414,7.029873344743277
8.363512103646634,7.1708598136901855,6.748195171356201,6.911159038543701,7.330041984778969,7.034688472747803,7.868956404519914,8.01548342946355,7.311862786162408,7.391356468200684,8.03127080113627,7.7031053753539815,7.7207818031311035,7.79210090637207,7.967451572418213,7.90862512588501,7.777263197136556,8.235517501831055,7.663643082047482,7.5984887496885,8.193486606925935,7.859196662902832,7.98530338955846,7.789581289366738,8.656512260437012,7.3231363,7.1201696,7.5213933,7.096867,7.4729266,7.138138,7.7775564,7.717145,6.6170797,6.932341,7.3049664,7.937069,6.1053543,6.1107044,5.871519,7.689153,6.961491,7.2308984,7.009715,7.4877987,7.1212707,7.137105935413253
8.259637310505756,8.072606086730957,8.070693969726562,8.044960021972656,8.305442195362,8.002985000610352,8.278548365678246,8.482468640009447,8.19886398581786,8.843904495239258,8.294648896782277,8.436033116114016,8.26358699798584,8.31664752960205,8.30157470703125,8.301939010620117,8.432299571813747,8.316840171813965,8.44905187429879,8.334408042046132,8.437805776511144,8.538701057434082,8.664640226650778,8.117333139274983,8.338362693786621,8.826916,8.008675,9.022454,7.917364,9.110307,8.59317,8.213269,7.5560846,8.0614395,7.847756,7.401307,7.1310835,7.1494665,7.521112,7.6767316,8.274759,8.6155815,7.679711,7.838135,8.268286,8.035681,8.148997820358948
8.391473966422806,8.49569034576416,8.84366512298584,8.674175262451172,8.592477633101462,8.549064636230469,8.28158549139906,8.130457756766942,8.128417766366653,8.32917594909668,8.469371852271859,8.133024421210663,8.002503395080566,8.158794403076172,8.077136993408203,8.136265754699707,8.231338992959081,7.879624366760254,8.287819168385358,8.27281379589989,8.03248037146215,7.999041557312012,7.918478607538239,8.224996804282917,8.798012733459473,7.8320265,7.861306,7.9920917,7.7678657,7.95685,8.21828,7.191325,8.287946,8.502636,8.36921,8.570201,8.570811,7.2911463,7.3704195,8.8786745,8.310417,8.32184,8.310039,8.0966015,8.307345,8.100351,8.45148069356764
8.42712839779952,7.886666774749756,7.87579870223999,7.891375541687012,7.929291762045499,7.973013401031494,7.86273718235107,7.771969531842522,8.255619252629424,7.961713790893555,8.076833055416653,7.929473895725135,6.797901153564453,7.895137786865234,7.871006965637207,7.868788719177246,7.892447651102844,7.891387939453125,7.996060289380332,8.039739778907832,8.004517156563635,7.919497013092041,7.956294504862373,8.108454738862575,8.204132080078125,6.9217253,7.117816,6.7859836,7.012231,6.768038,7.478172,7.816373,7.881273,8.503965,6.8734355,7.139275,8.141883,6.3442903,6.33809,7.3294253,7.948124,7.9158306,7.457025,7.620335,7.8426356,7.3617964,7.766466390099797
8.336299074610352,8.150218963623047,7.760845184326172,7.88242244720459,8.202410511710939,8.151195526123047,7.941747708863264,7.938664765825312,7.346835365332632,7.922098636627197,7.997598904141336,7.7177572995388575,8.415019989013672,7.794870853424072,7.7081708908081055,7.694719314575195,7.93204323431984,7.768044471740723,7.957898959213413,7.981814483210128,8.074156708300023,7.355037689208984,7.249072505713431,7.92052631609221,8.172855377197266,8.1573715,7.5324216,8.31963,7.4001203,8.297526,7.740825,8.4283085,8.304666,6.6988835,8.18368,7.126608,8.223308,6.7477827,6.026369,7.0405455,8.349158,8.201331,7.9217973,7.6840253,8.076555,7.7230453,7.947160597478874
8.471083299722345,7.415631294250488,7.0698957443237305,7.1919941902160645,7.18435568911396,7.317381858825684,8.323373294515735,7.966465809427621,8.568737067301813,8.525330543518066,8.003647495569373,7.9110489736748155,8.042466163635254,7.9837236404418945,7.94551420211792,7.951836585998535,7.984629944313978,8.004858016967773,8.090516708380614,7.730922161224878,8.508740771401623,8.077383995056152,8.206729554873556,7.950422686245581,8.337559700012207,7.9956455,7.5417128,7.8463445,7.4361005,7.9706707,7.624479,7.806056,7.828532,6.452457,6.755169,7.4230165,8.179641,6.525407,6.129745,6.35399,7.7682886,7.2399454,7.3453097,7.123003,7.486363,7.3415933,7.31074658096402
4.598599459218456,4.611664772033691,4.7597270011901855,4.712679386138916,4.219340387888337,4.537663459777832,4.285891648854378,4.426617840462224,4.635550268890236,4.553107261657715,4.340793921611949,4.576698596946745,4.840376853942871,4.535467624664307,4.501038551330566,4.51399564743042,4.452349931395682,4.484164714813232,4.521475718436493,4.473357007566397,4.550951434394455,4.674854755401611,4.767459313201179,4.63683257320405,4.591576099395752,5.0437956,5.076565,4.7675886,5.1793942,4.8882856,5.295619,4.122728,5.4225206,7.0139303,2.654129,3.1455998,4.5725718,4.9886503,5.2922716,4.5460143,4.9917064,4.304846,3.8482308,5.042022,3.9683483,4.708241,4.581611101165225
4.555955204081924,5.1876139640808105,5.164087295532227,5.2082390785217285,4.689701012997396,5.171728134155273,5.003767986057638,4.675048718726254,5.244435800826542,5.420010566711426,5.184972873096234,4.776244265861845,4.082236289978027,4.914161205291748,4.809399604797363,4.831733226776123,4.8957006560463725,4.822176456451416,5.023964289827507,4.971365423651365,4.805017610894961,5.031370162963867,4.879564031554451,4.949992371398864,5.083173751831055,3.6438627,3.9533815,3.054277,4.5553412,3.1142092,4.7263126,4.9863734,5.339474,6.8603463,1.0780059,4.099394,5.6597247,4.603324,5.8188505,5.1131387,5.1649103,4.9552794,5.143897,5.701094,5.035934,4.630357,5.10557291542009
4.61261017366127,5.1333537101745605,5.156310081481934,5.1981916427612305,5.11096192239904,5.012541770935059,5.224650439592727,5.169215614759651,5.487836647508178,5.2886528968811035,5.264040446041136,5.113220012279734,5.294408321380615,5.190618515014648,5.16916036605835,5.163601875305176,5.195044608951933,5.154670238494873,5.194979429115361,5.224604740929829,5.089400786093117,5.17974853515625,5.156084217346697,5.05603822640408,5.205092906951904,4.9340243,5.365596,5.294838,5.495815,5.247957,4.514568,4.559024,6.0866294,4.2188807,5.7131414,4.5377417,6.197144,5.373889,5.861294,5.269495,5.3738174,5.1776037,5.5312405,5.4588437,5.0653644,5.2638454,5.258425656938513
7.920818753952375,6.6366705894470215,6.10578727722168,6.330808639526367,5.896305608357385,6.514366626739502,6.024592169434112,6.262781483944766,4.619958080079251,6.651716232299805,7.09496421145101,6.249666589648317,7.760937690734863,5.938708782196045,5.787806510925293,5.780516147613525,5.799433398732894,5.776594161987305,5.946566403338435,6.4200636166783545,5.96463033958341,5.291661739349365,6.052925108232284,6.758199586948206,7.643976211547852,7.351091,7.282723,8.090038,7.130535,7.8946285,6.152157,3.7518427,5.5507255,5.051686,3.6161218,6.6929727,3.5188682,5.235729,6.144857,5.300602,6.4571238,7.304243,6.796475,6.819722,6.3519497,6.124705,6.204574028280955
8.045757490560675,5.53262186050415,5.854763984680176,5.7776970863342285,5.664943119219299,5.503917694091797,5.55488157585401,5.888162393783956,6.441612554447177,5.518242359161377,5.504385660561761,5.802462723906684,6.686530113220215,5.69235372543335,5.713503360748291,5.6955647468566895,5.746833668059939,5.69845724105835,5.340889649710212,5.73767928859235,5.634641906033539,5.279265403747559,5.585986006745697,5.646948235611635,5.189494609832764,3.3497314,4.8564286,3.0649133,4.767908,2.8537583,4.116336,5.010918,6.256918,6.877067,4.529133,2.7464564,7.628647,4.490569,5.8020325,5.837604,6.3783464,6.171471,5.652049,5.9155602,5.5910683,5.094846,6.0366040992449665
8.698970004336019,6.921313285827637,6.81917142868042,6.861360549926758,6.857535443850471,6.920248031616211,7.11986976427594,6.549823219430028,7.444680373114283,6.703558444976807,7.333281435072125,6.862974405866083,6.822810649871826,6.975879669189453,6.6937336921691895,6.758959770202637,6.790765675879556,6.931741237640381,6.02389509933846,7.079726632750604,5.995598891133429,6.210230350494385,6.141441917987307,6.905566165361018,6.347228050231934,7.4639697,7.711341,7.364466,7.594079,7.483731,6.908767,6.996048,6.7080784,6.523347,6.869979,7.348034,7.8601823,6.9214916,5.8814387,6.4243913,6.9674106,6.4841485,6.455262,6.8407216,6.783865,6.979537,6.753367349343552
8.698970004336019,7.749809741973877,7.615808010101318,7.635469436645508,7.744899303936932,7.69624662399292,7.917019098910471,7.507666413854171,7.411522756963578,7.651670455932617,7.384656307712019,7.478227111448419,7.148327350616455,7.485919952392578,7.3906049728393555,7.391983985900879,7.542533182778555,7.3896002769470215,7.42946490237078,7.511931935892904,7.091961343657327,7.294340133666992,7.380916267327643,7.4786850959719935,7.3948516845703125,7.8314075,8.1050415,7.869681,8.276857,7.913083,8.01909,7.7740045,8.022971,7.040796,7.6812534,6.8331676,7.648466,7.2908063,6.626389,7.3058248,7.7543325,7.539202,7.2587037,7.4243484,7.6675944,7.5941505,7.606507842271883
7.387216143280264,6.926923751831055,6.8698225021362305,6.883201599121094,6.925071248934996,6.906359672546387,7.5517881175254145,7.381433492772096,7.60115995358488,7.62588357925415,7.553351575638267,7.466125785068649,6.926229476928711,7.445851802825928,7.4443254470825195,7.4495697021484375,7.434677415196208,7.516329765319824,7.339274341312975,7.316083097681828,7.374604789876759,7.30364990234375,7.425937793273233,7.226664086168133,7.401862144470215,6.9111433,6.951816,7.132299,6.8707924,7.151925,6.278236,6.980741,7.0021954,6.9479837,5.002006,5.224972,7.448109,5.721571,6.054561,6.36317,7.224331,6.455578,7.127804,6.66262,6.6549783,6.608342,6.816546599150009
8.0,6.594335079193115,6.531121730804443,6.535429954528809,6.460556215689091,6.686936378479004,6.53261368670812,6.764585311551294,6.671602525942129,6.1279296875,6.321365932316899,6.730000592186155,6.675577163696289,6.607941627502441,6.705636978149414,6.667791366577148,6.663438342486395,6.822751998901367,7.067939102382036,6.589507243891643,6.618137938657961,7.020432472229004,7.045926064867903,6.588399247870652,6.2554931640625,6.721787,7.5470695,6.8050117,7.489586,6.968765,6.253891,6.307454,6.467231,5.9518046,4.0941734,4.90827,6.991311,5.599289,5.9581866,6.4321017,6.8416243,5.8192344,7.047748,6.399215,6.4229617,6.3513355,6.564801760205599
7.619788758288394,6.93214225769043,6.7799859046936035,6.811496734619141,6.830731849038121,7.020218849182129,7.401289923168654,7.330561210107071,7.374648802751186,7.434964179992676,7.2140268675010715,7.39040827505554,7.2274909019470215,7.4022321701049805,7.403493881225586,7.3774189949035645,7.312299586679198,7.424929618835449,7.250505708405175,7.274494208543447,7.287686055483547,7.25521993637085,7.146220643183747,7.137624059435625,6.948757648468018,7.328826,7.5613036,7.6196294,7.3120513,7.8754916,6.4238057,6.8589478,6.351529,6.202112,3.5843482,4.6302905,6.9839396,5.838994,5.9831376,6.3818574,6.986143,6.061564,7.264905,6.5714045,6.7050753,6.526268,6.701650481670172
7.481486060122112,6.734279155731201,6.708945274353027,6.707458019256592,6.806216412297322,6.737977027893066,7.308741078041208,7.616846666941259,7.469575119258729,7.563873291015625,7.180887934389387,7.598768526662674,7.673609256744385,7.488979339599609,7.600268840789795,7.58015251159668,7.577231077154619,7.601114273071289,7.340478972367701,7.340936878792056,7.417846095215136,7.23881721496582,7.541511148965828,7.267958794522695,7.521937370300293,6.795818,7.030633,6.9294705,6.948703,6.887221,6.236702,7.0254292,6.8603477,6.551299,4.6010704,4.6631527,7.4665976,5.888857,5.9581866,6.318012,7.081845,5.8269677,6.815417,6.58039,6.649337,6.4557724,6.697195283404512
7.494850021680094,6.956540107727051,6.798409938812256,6.84287166595459,6.9027176594706185,7.000967025756836,7.383643581321359,7.373815761687865,7.408741555896223,7.329975128173828,7.530607953778044,7.463985306755418,7.416500568389893,7.475125312805176,7.45947265625,7.444077491760254,7.397948416776451,7.565954208374023,7.2502416806159875,7.290819106283978,7.312019879348887,7.25521993637085,7.114067853346251,7.2614563865162385,6.917463302612305,7.15985,7.2714396,7.504486,7.1054983,7.6292214,6.3706484,7.056496,6.573739,6.3439837,3.6871827,4.6399107,7.5080214,6.0399733,5.9879136,6.362709,7.182475,6.144891,7.2547197,6.63738,6.6604414,6.5560493,6.777453566703271
7.309803919971486,6.745358467102051,6.695716857910156,6.689547061920166,6.7288387185842815,6.7952423095703125,7.3261138793665745,7.854666639295373,7.61355712921074,7.664713382720947,7.071904929613558,7.578525819749408,7.353342056274414,7.516048431396484,7.794981002807617,7.744766712188721,7.702602838259046,7.71042537689209,7.32817160562835,7.364048695600043,7.222126999666773,7.204817295074463,7.278659661726833,7.030885939752278,7.493020057678223,6.8290653,7.2870903,6.857235,7.0625925,7.123489,5.988793,6.8639364,6.5174665,6.4135866,4.2922378,4.7829285,7.0975647,5.2929387,5.9581866,6.4182725,6.974268,5.84083,7.1534953,6.4943852,6.671589,6.3959975,6.681623811727414
7.236572006437063,6.574782848358154,6.552385330200195,6.524273872375488,6.6909080618913,6.624477386474609,6.380009493375356,6.874477902007392,7.176537810330611,5.905534267425537,6.08332497191218,6.525289301174931,6.397974967956543,6.588888645172119,6.7964935302734375,6.7602009773254395,6.734931343471422,7.065634727478027,7.1788385922420686,6.764840001038585,7.0743042855704825,7.06968879699707,7.376707974907588,6.6607915906846245,6.138526439666748,6.785172,7.3296423,6.610412,7.088044,6.908531,6.0173817,6.683549,6.3184824,6.3032756,4.1448436,4.6268425,7.004855,5.1579204,5.84098,6.2309647,7.1176186,6.037053,6.6175623,6.2914577,6.2763104,6.2695456,6.614730455978987
7.42021640338319,6.768393039703369,6.789988040924072,6.746829509735107,6.756684614623009,6.73883056640625,6.844772980425707,7.091850253815345,6.35132816641615,7.382115840911865,7.046873697546403,6.712710531338638,6.677330493927002,6.843186855316162,6.842395782470703,6.830872058868408,6.961175075342912,6.845503807067871,7.0295959452943,6.97211987266159,7.452233668332186,6.807799339294434,6.88715497938446,6.869876133022673,6.615121364593506,7.0760355,7.4452987,7.1351686,7.260809,7.213942,6.3239665,6.5930085,6.321768,6.298439,3.7867694,4.6263256,7.079776,5.5024757,5.8446164,6.4287524,7.1376424,6.3048053,6.8169184,6.4356613,6.378112,6.400514,6.7164989186218484
7.522878745280337,7.205997943878174,7.046916961669922,7.056899070739746,6.945087954331737,7.290189743041992,7.596063408604173,7.471406422767096,7.738839175098758,7.710348129272461,7.797792763880355,7.51878131864081,7.095059394836426,7.585808753967285,7.578660011291504,7.588956832885742,7.545511587580956,7.63632345199585,7.398992799373943,7.370313923132514,7.500077762285953,7.29296875,7.274252831608152,7.370728823730351,7.609893321990967,7.5375643,7.7054453,7.8757534,7.3596554,8.096838,6.5462866,6.784831,6.1945934,6.185707,3.4776936,4.629286,6.913767,5.7565913,5.9831376,6.4381075,7.0532393,6.43796,7.3597665,6.622634,6.685478,6.5822167,6.766793568723087
7.397940008672037,6.871455192565918,6.725025177001953,6.785695552825928,6.687415734026132,6.843087196350098,7.268406818497399,7.437045649071805,7.44402587891777,7.291609764099121,7.407567106285612,7.806864649784398,7.093656063079834,7.320080280303955,7.382786750793457,7.342912197113037,7.290790472125491,7.406683921813965,7.298384644646208,7.294037958156531,7.638263354114748,7.141538143157959,7.184626403984891,7.068219060425346,7.125197887420654,7.316237,7.3994527,7.739846,7.1406755,7.7694173,6.5009513,6.9421434,6.529541,6.381297,3.9320173,4.7575717,7.6321254,5.973241,5.9879136,6.38599,7.208416,6.4786253,7.2513294,6.7213573,6.704883,6.637652,6.829135940878453
7.42021640338319,6.712717056274414,6.63427209854126,6.654878616333008,6.717976785217384,6.679251670837402,6.645273726089998,7.006245771330882,6.495927403696472,6.257698059082031,7.058919149263633,7.3880657978362825,6.701614856719971,6.817378044128418,6.894376754760742,6.850673675537109,6.756767827236788,7.099640846252441,6.917149328748662,6.859463290887086,6.874802735863247,7.381796836853027,7.237813130111254,6.765364795035436,6.411477088928223,6.8543935,7.094014,6.967099,6.9407406,7.0015435,6.237276,6.858939,6.6780434,6.3303547,4.3204365,4.625563,7.3891916,5.798928,5.9831376,6.395215,7.2295012,6.258969,6.87042,6.5978084,6.7215986,6.4576592,6.829102708289337
7.318758762624412,6.658743858337402,6.680730819702148,6.6505866050720215,6.677439799152419,6.724034309387207,6.747286277329295,7.170138412307029,7.335285387045113,7.734402656555176,7.207414423651635,7.297982729261981,7.088441371917725,7.236565113067627,7.266244411468506,7.26822566986084,7.1552322130623205,7.306710720062256,7.07629498052589,7.13991803171727,7.115858028392153,7.023867130279541,7.12955098722278,7.0219083835269185,7.309661388397217,7.2011414,7.629835,7.245601,7.311337,7.517305,6.3032455,7.1201706,6.2374773,5.987296,4.254944,4.8650336,7.640927,5.8241887,5.931729,6.493384,6.730827,5.95306,6.8532166,6.463472,6.583542,6.5073867,6.580565880625625
5.732124580681102,6.860829830169678,6.80804967880249,6.805037021636963,6.889491919844033,6.906765460968018,7.352553087162038,7.322453815030129,7.730389313693122,7.578573703765869,7.389226861761538,7.2832644991594115,6.737521648406982,7.350028991699219,7.412103652954102,7.408664703369141,7.349408140830031,7.4339189529418945,7.31156178131711,7.314756545767496,7.602658781503996,7.29296875,7.264555338026824,7.193520063321122,7.304431915283203,6.8583302,7.5504427,6.8420167,7.2313046,7.200699,5.921857,6.9671483,6.384789,6.5427294,4.6586637,4.9180946,6.932778,5.4798946,5.9831376,6.450967,7.1362414,6.2194247,7.1415205,6.5456414,6.73721,6.485144,6.803305533790358
7.214670164989233,6.110638618469238,6.086577415466309,6.117331504821777,6.037003327229077,6.1160736083984375,6.301731600856311,6.246950866307468,6.061256768910959,5.919665813446045,6.351819707768071,6.176708427314863,6.083580493927002,6.181201934814453,6.220373153686523,6.212972164154053,6.182350256872514,6.326287746429443,6.23421453316338,6.248269616627123,6.1624473839467955,6.14468240737915,6.07394735648583,6.130299806058167,5.808883190155029,5.3362575,6.275034,5.417251,6.238209,5.1445127,5.668251,5.980735,5.916396,5.956351,5.572277,5.8254156,6.6381865,6.7242837,5.931729,6.287731,5.7918377,6.101328,6.4554286,6.1811347,6.263711,5.985303,6.05247483385407
7.275724130399211,6.0368571281433105,6.189962387084961,6.090846538543701,6.173232119768243,6.108787536621094,6.39578696489687,6.388771435094737,6.309804371054842,6.59700870513916,6.35472633568293,6.318952124839043,6.5762810707092285,6.441885948181152,6.420860290527344,6.410436153411865,6.393083506164474,6.42568302154541,6.292586116674749,6.3169181636019145,6.197355206521199,6.307822227478027,6.446600086963203,6.543237046825694,6.71519660949707,5.074597,5.29036,4.593219,5.261717,4.756327,5.79629,5.8809013,5.6185455,5.6408253,5.73537,5.941968,6.037202,7.161543,6.157886,6.3815536,5.889885,5.9274106,5.5641756,6.2282953,6.0391984,5.7488637,6.051129957013403
5.849485002168009,5.8267717361450195,5.868064880371094,5.862657070159912,5.886036344450896,5.760002613067627,6.711184124927737,6.622454864812388,6.762409416795283,6.566204071044922,6.453188615005491,6.533931198630645,6.229855060577393,6.541987895965576,6.63592004776001,6.625421047210693,6.608687054980151,6.715848445892334,6.80071229385452,6.435826023739099,6.4535044423883745,6.896172046661377,6.808247552216666,6.4677295225950076,6.606316566467285,3.8073163,4.1237183,3.0670936,4.3321724,3.1554708,5.2371006,5.684373,5.5204015,5.508408,5.875545,5.940619,6.0398474,7.232957,6.1838303,6.428482,5.8933845,5.9376106,5.934069,6.3179336,6.0422354,5.413128,6.065768455580015
5.849485002168009,6.139614105224609,6.29408073425293,6.234095096588135,6.215849292721773,6.198341369628906,6.397980158761231,6.381957051763399,6.43567968010538,6.517889022827148,6.412870896179366,6.365728994728114,6.528609275817871,6.426900386810303,6.411441326141357,6.408461093902588,6.409341166734351,6.388239860534668,6.302893244606647,6.308318744037185,6.388120514642579,6.3484954833984375,6.4819166376743755,6.500867506943922,6.425785541534424,5.9288583,5.915392,5.6544137,5.94134,5.8492365,6.0429187,5.6729064,5.9440947,5.598306,5.1261597,4.973993,6.8234677,7.0411797,6.155897,6.522373,5.856887,6.086507,6.261117,6.2003345,6.168331,5.988186,6.114629278522461
5.849485002168009,7.053548812866211,7.015909671783447,7.024996280670166,7.007933341687983,7.007784843444824,7.131827874497485,6.749703320245817,7.082330029025962,6.999145030975342,6.678147851706842,6.971589607704007,6.417380332946777,6.8986124992370605,6.731137275695801,6.7596435546875,6.817652844539142,6.614270210266113,6.888141905851101,7.0509819092082315,6.478606325652391,6.491750717163086,6.510122083224691,6.933634718657815,6.438116550445557,7.184728,7.798645,7.683614,7.903935,7.579731,7.2250953,6.3447475,6.6030073,6.687596,6.4235115,6.521023,6.8661356,7.18019,6.183527,6.802792,6.7825265,7.033786,6.9206676,6.5957627,6.9416676,6.963135,6.844393617055381
5.849485002168009,6.935591220855713,6.955441474914551,6.941356182098389,6.813346723278401,6.908376693725586,6.658966863272135,6.610313596182118,6.48891794396734,6.233864784240723,6.499830956842124,6.894554724779872,6.500905990600586,6.6659746170043945,6.597194194793701,6.629454612731934,6.669168779418759,6.640441417694092,6.527034066895855,6.7390349919976185,6.226851160428932,6.452924728393555,6.409979894960741,6.750478158119856,5.950470447540283,7.349334,7.778287,8.734118,7.8832755,8.300673,7.194643,6.3482113,6.590677,6.6124287,6.05549,6.523892,6.2594423,7.231906,6.138282,6.8555627,6.4927664,6.798472,6.5343056,6.5118318,6.739809,6.9466696,6.66502981114667
6.8794260687941495,6.185079574584961,6.245154857635498,6.217936038970947,6.167248109114253,6.252402305603027,6.2995322977985575,6.297952559923505,5.89777339594268,6.225763320922852,6.25282165931641,6.216009562378431,6.232904434204102,6.230788707733154,6.271790981292725,6.263789176940918,6.265845591842646,6.34291410446167,6.262900373040689,6.271225432281029,6.124630777910429,6.26266622543335,6.240467452101811,6.241096456595612,6.167552947998047,5.504013,5.4319816,5.25568,5.319163,5.234386,6.136603,5.604294,5.557678,5.850573,5.114645,5.940666,5.9470124,7.303445,6.157886,6.512045,6.025554,6.148504,6.05796,6.3340735,6.1656218,5.8800893,6.189318797719687
7.091514981121351,6.011862277984619,6.016831874847412,6.016738414764404,6.19054879462217,6.05131721496582,6.2765461396055935,6.34221419189021,6.548013793679714,6.371081829071045,6.328321045093794,6.184823373675745,7.0084547996521,6.425515651702881,6.4161906242370605,6.42795991897583,6.3406298297274555,6.454257965087891,6.368337413223929,6.277202436916272,6.403052677530264,6.426599979400635,6.451750920076731,6.317201546046443,6.249176502227783,5.271756,5.527405,4.8662252,5.7952657,5.0359044,6.0022626,5.725087,5.2629595,4.9065404,5.4366145,5.1879883,5.976627,6.9573383,6.157886,6.363978,6.1561933,5.9113646,5.769899,6.4121766,6.1217895,5.742263,6.181928234839016
5.849485002168009,6.656820297241211,6.7165045738220215,6.644341945648193,6.609917533719079,6.7203521728515625,6.553524154039762,6.5959127593959614,6.951399758947855,6.964069366455078,6.480829945650232,6.214832537693673,6.731677532196045,6.6575164794921875,6.6491007804870605,6.646604537963867,6.704403805250341,6.67771577835083,7.015287247300873,6.568379537652164,6.191494358548973,6.949358940124512,7.086161954430239,6.86912156466502,6.909047603607178,4.8733525,5.3616652,4.008055,5.5560856,4.317584,6.174492,5.9565845,6.282711,6.1432457,6.0645256,7.115394,6.2931685,7.4820347,6.49052,6.8456526,6.2672267,6.365953,6.438313,6.777966,6.6661005,6.074032,6.515484597381788
7.744727494896693,5.811158657073975,5.819682598114014,5.842910289764404,5.766400376671298,5.829795837402344,5.668589005521845,6.004621985886725,5.460518124436885,6.006606101989746,5.8873949281585105,5.694914085761757,6.417798042297363,5.827605724334717,5.90244722366333,5.861804962158203,5.834687340995126,5.953476905822754,6.177938695293353,5.924906403994703,6.043553230096613,6.025971412658691,5.960249670737768,6.048510350248072,5.501064300537109,5.454004,5.346299,5.123801,5.228361,5.173398,5.999516,5.432853,5.5308766,5.821283,5.168883,5.9402475,6.221157,6.742781,6.157886,5.8738213,5.8970475,5.6264973,6.242597,6.156377,5.7541113,5.7445903,5.837044943749429
5.849485002168009,6.095393657684326,6.276801586151123,6.178814888000488,6.261964095818498,6.202089309692383,6.434995399259726,6.4119602529452475,6.589014182153911,7.047934055328369,6.2931265766779125,6.479215420717131,6.709839344024658,6.525158882141113,6.4632954597473145,6.455193996429443,6.4262335450539965,6.408976078033447,6.421705929000873,6.347970233063093,6.27522849145997,6.81644344329834,6.6674410785361795,6.559800384994428,6.798593521118164,5.395025,5.377739,5.060182,5.6168027,5.0857687,5.85206,5.868613,5.893551,5.980168,5.4978666,6.2250013,6.3988605,7.1374373,6.157886,6.472664,5.928706,5.91701,5.536637,6.2746615,6.1356544,5.8906145,6.113547928593967
7.468521082957745,5.9097981452941895,6.029229640960693,5.978944778442383,6.028839957804683,6.018895149230957,6.132506441265033,6.11958785960393,6.001228673115683,5.923687934875488,6.081091376159808,6.029235074340127,6.439740180969238,6.054727554321289,6.078005313873291,6.068696022033691,6.051062727627637,6.105227947235107,6.25302098539242,6.255865519265098,5.992317376667956,6.141643524169922,6.083672905843276,6.180806686229319,5.926573753356934,4.662263,4.840258,4.2348638,4.956877,4.2854886,5.4143195,6.2795854,6.6619706,5.9098325,5.7695503,2.7464564,6.0995054,6.716022,6.1911745,6.5214467,5.939459,5.9282794,5.9312744,6.179451,6.0621443,5.566511,6.11313131248547
6.52432881167557,5.905562400817871,6.110947132110596,6.035614967346191,6.054840232480425,5.96218729019165,6.438746459393765,6.359137919184934,6.7882136096708425,6.703701019287109,6.454844557556323,6.224328178900902,7.096195220947266,6.478505611419678,6.436395168304443,6.434500694274902,6.3846020653222775,6.435761451721191,6.2472939280185615,6.280354144701274,6.473371567408697,6.341464996337891,6.489069180140582,6.4064170126996975,6.352091312408447,5.672882,5.350532,5.442042,5.3105016,5.5463495,5.812257,5.6371584,6.026949,6.076746,6.264629,2.7464566,5.6286774,7.155968,6.1911745,6.3490868,5.7840457,5.8478737,5.590057,6.185856,6.028981,5.732411,5.98879114871426
6.403402904373539,6.159943103790283,6.361969470977783,6.284437656402588,6.179223759892287,6.24563455581665,6.1213952663136295,6.24353728764858,5.960463069176401,5.906898021697998,6.3305068447524215,6.219236023742584,6.30078125,6.174354553222656,6.240418434143066,6.239717960357666,6.265906120868683,6.346816539764404,6.202069032665532,6.269419834659534,5.84670764593209,6.280766487121582,6.216060519698881,6.18460445873976,5.7625579833984375,6.030081,5.807045,5.8328123,5.838322,6.001212,6.047156,5.561669,6.103191,5.807935,5.469572,2.7715387,6.173381,7.1352744,6.1911745,6.7863636,5.8757157,6.050939,5.924635,6.217133,6.083207,5.8854184,6.1649600306754575
5.241088107602026,5.6553521156311035,5.786201000213623,5.732246398925781,5.7203523109134204,5.666288375854492,5.500126881183096,5.746790787064183,5.2632198557316325,5.2393035888671875,4.997751328420902,5.430500456443008,6.043270587921143,5.481334686279297,5.612177848815918,5.5737528800964355,5.6420862107084355,5.502347469329834,5.132908323896071,5.490928154671853,5.227798518946911,5.405787467956543,5.419069200144996,5.502917295354568,5.2409348487854,5.587961,5.139176,4.867856,5.2637696,5.2315903,6.430354,4.320262,4.8287315,5.4908867,5.1619544,6.5588746,5.942994,7.073824,5.8902287,6.1180615,5.5926137,5.4902124,5.94954,5.9044228,5.85585,5.634958,5.780207239414075
4.372363747448347,6.932338237762451,6.767862319946289,6.888951301574707,6.176940914563529,6.894083023071289,5.46723613826843,5.875111103283239,4.292159445691984,6.218608379364014,6.292175779957274,5.7826733326303685,5.344605922698975,5.596639633178711,5.565647125244141,5.565293312072754,5.628077143121868,5.412326335906982,5.694281512727645,6.052321189982442,5.248333116402818,5.508657455444336,6.083315282093797,5.56406122451602,4.682420253753662,6.3566084,5.9234877,5.742929,5.718238,6.0517263,6.9552894,3.7277246,4.285042,4.74313,3.6974626,6.4454904,5.8472056,7.8520985,6.068964,6.7003636,6.2235084,6.935976,7.3515615,7.2861767,6.497481,6.020523,6.459572043357404
4.372363747448347,6.185898780822754,6.233978271484375,6.250070571899414,6.051184118649232,6.108561038970947,5.849564199875347,5.58858420162644,5.340146600555982,5.484639644622803,5.568319227511457,5.677193581820496,5.464149475097656,5.69640588760376,5.619500160217285,5.6343841552734375,5.687131660293964,5.5966620445251465,6.063545131896803,5.8986806357667305,6.157473541915157,5.881141185760498,6.0228536920482805,5.6854257173621665,5.570465564727783,6.1739426,5.447291,5.574185,5.411496,5.9086213,6.6535606,3.783013,4.441106,4.689053,3.323995,6.062713,5.9669785,7.008635,5.9749417,6.3182817,5.784245,6.518578,6.0812697,6.4316244,6.397907,5.6975718,6.119267659263607
5.1938200260161125,5.284799575805664,5.325067043304443,5.350996017456055,5.294950336480464,5.321577548980713,5.1771837135675085,5.113326738622773,5.876871053229107,5.4572434425354,5.144836113502005,5.312976385606435,5.306549549102783,5.228321075439453,5.077280044555664,5.096503257751465,5.090211061874456,4.8926005363464355,5.189989548714864,5.254058316048497,5.044057276978127,5.17974853515625,5.121180533374213,5.17639322045832,5.170197010040283,4.0767937,5.9987698,3.6472347,5.812408,3.988731,5.115494,4.070847,5.5790462,5.624023,4.1762543,2.7464945,5.7899976,5.010893,5.827499,5.7312107,5.480592,5.615794,6.2397184,5.9655733,5.6303425,5.1063857,5.589071136486597
4.616184634019569,5.7461161613464355,5.663821220397949,5.7428131103515625,5.748495815386185,5.727965831756592,5.129688319508796,5.009729398930915,4.861171379191471,5.02207088470459,5.033067946190875,5.086908138882845,4.638705253601074,5.08151912689209,4.994617462158203,5.000940799713135,5.032902179488657,5.031673908233643,5.118301773394192,5.208777468084655,4.881824520959486,4.929431915283203,4.871725881165322,4.9725852665888475,5.112452983856201,4.8481393,6.4485216,4.894308,6.3341,5.2777696,5.0915265,4.524627,5.642023,6.077724,3.9514158,2.7464564,5.67211,5.131541,5.8266745,5.669298,6.5597014,5.7810717,6.4114575,6.31409,5.664875,5.443372,6.064225078769448
4.681936665037238,5.7558674812316895,5.841248989105225,5.856273651123047,5.719423899933531,5.715843200683594,5.125055838851772,5.099828203246675,4.711485060542532,5.0545125007629395,5.061482701194975,5.280027183680305,5.153656482696533,5.173079490661621,5.065589904785156,5.069982528686523,5.147027854949071,5.083164215087891,4.896833118877343,5.220892475402124,4.350705079032859,5.02488899230957,4.995181054741292,5.109577799533332,4.980797290802002,4.8910627,6.0507145,5.321068,5.77044,5.2493353,5.1229615,4.18667,5.9264174,6.0882497,3.8246167,2.7464564,6.854885,4.927377,5.8332076,5.811135,6.1621237,5.801043,6.5332866,6.2586126,5.711336,5.45355,5.93894240414138
4.97061622231479,5.7912983894348145,5.7698187828063965,5.798672676086426,5.752033436710828,5.7445878982543945,4.9768986876948516,4.924357468231794,4.928331908887316,4.703859329223633,4.931430549496249,4.948636097710848,4.555037021636963,5.139009475708008,5.066107273101807,5.074431419372559,5.035453329622798,5.1869354248046875,5.147777506989429,5.189949499970408,5.266252642119689,5.244966506958008,5.210833249410528,4.9589624759682716,4.649054527282715,4.5642385,5.8357964,4.9258957,5.815601,4.9254856,4.7465367,4.589403,5.504074,5.9347754,2.2007668,2.7464564,5.6088724,4.9624248,5.8266745,5.6650705,6.5239596,5.558864,6.150911,6.1827197,5.4888034,5.1878657,5.9886765328750595
4.555955204081924,5.7276177406311035,5.75965690612793,5.7667951583862305,5.7299567477358435,5.698533535003662,4.902910620793509,4.976525081153881,5.16350707936719,5.049960136413574,4.985040829611374,4.8900730851619105,4.6308465003967285,5.165102958679199,5.109994411468506,5.125512599945068,5.119053085472668,5.128527641296387,5.1614728417221265,5.198207655994901,5.200237301186864,5.132449150085449,5.04245744579871,4.9530177751336675,4.764210224151611,4.6403356,6.4414425,5.1415305,6.085945,5.2009716,4.5633907,4.2205596,5.7107267,5.6682343,2.4712355,2.7464564,5.6367555,4.6948357,5.826225,5.689689,6.5606155,5.4919066,6.0481105,6.207238,5.3877006,5.2216954,5.981235708477482
5.2441251443275085,5.938655853271484,5.893481731414795,5.904922962188721,5.844074965766082,5.864731788635254,4.858032460999457,4.971210990521341,4.8639920156753425,5.136709690093994,5.124391289725387,4.770091087120291,5.284384727478027,5.071770668029785,5.004775047302246,5.0221710205078125,5.121648733455064,4.880984783172607,4.979133979102778,5.167942331245723,5.088884858538339,5.076828956604004,4.999246973436103,5.057065619635069,5.197194576263428,4.841423,5.9207964,5.1177225,5.7441597,5.1085377,5.01661,4.6740375,6.0913153,5.8896384,1.565617,2.7464564,6.3313575,4.6203265,5.826225,5.5012965,6.572181,5.4641485,6.07713,6.230596,5.4343348,5.238696,5.948981813154776
5.619788758288394,5.639429092407227,5.537109375,5.64725923538208,5.564673802887148,5.6068267822265625,4.842377071247163,4.91874586865822,4.784765509110094,4.777900695800781,4.832119074745253,4.850714147851819,4.599023342132568,4.902626037597656,4.894114971160889,4.878739356994629,4.893882228424344,4.951257705688477,5.0563250836303135,5.010190215000752,4.946784460768846,4.929431915283203,4.882980780565259,4.820484984691545,5.144192218780518,4.448242,5.9965925,4.494958,5.8762603,4.6836786,5.0306115,3.796225,5.897007,5.7819486,3.6033332,2.7464566,5.7449017,5.1016855,5.8408365,5.5889277,6.164544,5.738966,6.642301,6.2129946,5.771642,5.258106,5.895223063441348
4.585026652029182,5.910841941833496,5.945254325866699,5.944148540496826,5.779942658840667,5.951797008514404,5.382561191730719,5.2031693281242495,6.1075786822823215,6.166719436645508,5.634007173533671,5.489374367196999,5.1261515617370605,5.704750061035156,5.683980464935303,5.684587001800537,5.60585650741934,5.630391597747803,5.714718989142953,5.8107582428907545,5.420709011290756,5.855186939239502,5.5435085982502885,5.733429940403022,5.763861179351807,4.1156106,5.363176,4.35703,5.120929,4.411081,4.5174537,4.7906837,5.7823977,6.041307,1.4934596,2.7464564,6.1402264,4.8750324,5.8266745,5.7049184,6.5452437,5.591884,6.137617,6.247746,5.5461674,5.0677547,6.024239612160224
5.107905397309519,5.673981666564941,5.769807815551758,5.764890670776367,5.806383064729664,5.558054447174072,4.53256989560655,4.76060557600392,4.734256051332121,4.698334217071533,4.632762081715278,4.6154825317447585,5.011569976806641,4.763237953186035,4.761213302612305,4.76730489730835,4.852243973483764,4.605400562286377,4.527132057278409,4.745316203851643,4.592004536889935,4.81027364730835,4.639956702180564,4.862684964834535,4.95277738571167,4.2217402,5.4555035,4.499577,5.335947,4.3516493,4.756632,4.031017,5.5618067,5.580427,2.2296643,2.7464564,6.5882273,4.55358,5.825538,5.6313467,6.553888,5.433252,6.2187324,6.2574396,5.558156,5.0695295,6.001417243148264
4.728158393463501,5.708028793334961,5.629356384277344,5.732451438903809,5.608874858780243,5.609954833984375,5.050112655562215,5.115184096371183,5.0123467975662415,5.235884666442871,5.361953390534893,5.204475313823706,4.492779731750488,5.185011863708496,5.124593734741211,5.1445088386535645,5.156687400332258,5.1533918380737305,5.165634717993367,5.23414009320091,4.9985854074753995,5.57045316696167,5.377987870300194,5.172922852172424,5.161612033843994,4.4552546,5.8811245,4.47542,5.6893616,4.760532,4.7641807,3.6851277,5.5987186,5.6476226,2.7374039,2.7464564,6.0467253,5.1719885,5.8408365,5.577762,6.1828265,5.812417,6.5022397,6.2713027,5.7708635,5.180908,5.905448637472976
5.4089353929735005,5.770213603973389,5.690670490264893,5.785048961639404,5.731183809811655,5.840266704559326,5.0341299057575455,4.931993714255236,4.907520997601099,4.859372615814209,4.956001958360716,4.94759897672009,5.38654899597168,5.0677947998046875,4.917746543884277,4.928112506866455,5.017709529114839,4.907853126525879,5.119850464168354,5.185927269932217,4.895508071274864,4.90700101852417,4.981593017009348,4.95641333000976,5.04513692855835,4.1985383,5.933235,3.9707885,6.0694656,4.322269,5.001579,3.8858263,5.8330536,6.009187,3.4320745,2.7464564,6.155045,5.0489845,5.8266745,5.7903376,6.2534747,5.7702327,6.668046,6.317929,5.9954834,5.261434,6.041016825323062
4.806875401645539,5.775822639465332,5.764645576477051,5.815479278564453,5.734501565750022,5.744699478149414,5.079345668389705,5.162227715917459,4.839479527903824,4.940914630889893,5.004629913971298,5.167888309957494,4.940274715423584,5.1948418617248535,5.139647483825684,5.125977516174316,5.185259845082605,5.144617557525635,5.065014243961033,5.207407041793523,4.906072758836629,5.025561332702637,4.923265861611722,5.110525055347594,4.967946529388428,4.3775015,5.8103085,4.2576194,5.8033385,4.4796424,5.1438975,3.6598415,5.7395415,5.513697,3.428569,2.7464566,5.9622574,5.0595984,5.827499,5.719998,6.207585,5.635669,6.53538,6.2549295,5.802446,5.1982884,5.946711662426479
4.924453038607469,5.671877384185791,5.677353858947754,5.711802005767822,5.660352388400697,5.510883331298828,5.263766408062408,5.2327325009171215,5.303588433769879,5.429912090301514,5.111309873460849,5.228553068717671,5.258357048034668,5.316924571990967,5.234897136688232,5.239715099334717,5.362894255009187,5.1735639572143555,5.214028267120854,5.287654391915104,5.252842176620311,5.162099361419678,5.1573926891625135,5.312868060369677,5.263747215270996,4.6349792,6.0484924,4.7713423,5.8407245,4.881154,5.0289035,3.922883,6.0259047,5.8646936,2.8179796,2.7464564,5.793369,4.999528,5.8408365,5.6577063,6.153556,5.6980667,6.5451484,6.1704583,5.83002,5.26361,5.918895716384782
5.431798275933005,5.893422603607178,5.824613094329834,5.869020462036133,5.807797979703951,5.908688068389893,5.024816198497228,4.96027257744303,4.907377832673143,4.948644638061523,5.004512208383082,4.8290858578400435,4.760105609893799,5.190548896789551,5.176620006561279,5.140665531158447,5.113740524435825,5.166769981384277,5.134733961363986,5.208753461259456,4.938645092087913,5.029747486114502,5.023208592414605,4.983825877356667,5.060727596282959,4.568018,6.2754145,4.5800357,6.107133,4.8722267,4.8242307,4.505917,6.153054,6.254603,3.8030527,2.7464564,5.759578,5.0443563,5.827499,5.4843326,6.598222,5.6077156,6.177469,6.2104907,5.5004826,5.3450136,5.982527304578905
4.6595558851598815,5.681785583496094,5.6745147705078125,5.71897554397583,5.65854165889312,5.4973626136779785,5.146321513887772,5.146485136360619,5.1496890026085955,5.213219165802002,5.052554096796507,5.244719364487458,4.942129611968994,5.248067378997803,5.170876979827881,5.181266784667969,5.2826912092963765,5.131488800048828,5.1838064532532835,5.241071191281833,5.206638483065297,5.162099361419678,5.12480797386549,5.119734968049816,5.256972312927246,4.6111083,6.41914,4.604435,6.2927094,4.8886666,5.1274734,3.6273026,5.7155514,5.74423,2.9385269,2.7464564,5.7984457,4.9934874,5.851873,5.614896,6.222342,5.6993847,6.6081443,6.18088,5.770049,5.272755,5.9236544073075645
4.863279432843593,5.798223972320557,5.870604515075684,5.864481449127197,5.842227875973924,5.819356918334961,5.302545974143294,5.376620480149824,5.408855787715859,5.45146369934082,5.228141793216743,5.26552302894486,5.431576728820801,5.370486259460449,5.365267753601074,5.363683700561523,5.421766571321145,5.264729976654053,5.132088420045764,5.328718533921223,5.217932732627172,5.256749629974365,5.18927169318448,5.433057020842847,5.421963691711426,4.281927,6.03137,4.125459,6.131196,4.463776,5.0154634,3.9158692,5.856536,6.031673,3.4517858,2.7464564,6.158568,5.0489845,5.8266745,5.7947335,6.253589,5.776203,6.6671205,6.3373623,5.9979906,5.295637,6.043195917968751
4.749579997691106,5.1625518798828125,5.34328556060791,5.253381729125977,4.643268389731521,5.157465934753418,4.475062301864913,4.6264825482717935,4.596051800154194,4.631795883178711,4.613570416958396,4.68584908607032,4.55822229385376,4.691083908081055,4.663232803344727,4.672593593597412,4.659695317216044,4.750739574432373,4.702191225295112,4.793529185101693,4.593789938288999,4.529473781585693,4.792567840182076,4.801791398591342,4.6070098876953125,4.497983,5.652833,4.849782,5.3946257,4.8920636,4.7213078,4.288095,5.8867307,6.032815,1.1456994,2.7464564,5.3924007,4.9858766,5.1602435,5.4502077,5.3736105,4.1193624,4.4228997,4.927538,4.09924,4.701988,4.991306907553561
4.718966632752273,5.901217937469482,5.919543266296387,5.913995742797852,6.056465823441509,5.8808159828186035,5.03110324691746,5.320455936260981,4.751259748133282,5.320623397827148,5.072048561740157,5.308451373485363,5.295571804046631,5.218286514282227,5.221954345703125,5.204913139343262,5.297348161380051,5.0546979904174805,4.810361202313888,5.239925593316129,4.94233281023689,4.975131511688232,4.859025365868712,5.087397155826666,5.199903964996338,5.0157557,6.469116,5.0685883,6.4708176,5.3577294,5.1552205,4.71786,6.1917553,6.4397426,3.9907706,2.7464564,6.137942,5.2074895,5.8266745,5.7115507,6.5925536,5.6655245,6.1788673,6.2558293,5.608711,5.5404477,6.067058679844836
4.847711655616943,5.806517124176025,5.771394729614258,5.804197311401367,5.6719146588636615,5.729057312011719,5.05912417269945,4.984338012835158,5.054372632240016,5.173126220703125,5.100374388757054,4.8216846306653105,4.644983768463135,5.180917739868164,5.180222511291504,5.153322219848633,5.177465095206509,5.1552863121032715,5.0718816873285375,5.200412988990601,4.81554232676296,5.0198187828063965,5.053791681170914,4.995083462215953,5.020126819610596,4.525993,6.2309246,4.49719,6.151657,4.715361,4.9733434,4.215941,5.763687,6.0265183,2.606489,2.7464564,5.3615303,4.8979673,5.8266745,5.4746575,6.502447,5.4825063,6.012518,6.167365,5.4572263,5.181823,5.918891485279744
4.7447274948966935,5.773653984069824,5.616513252258301,5.718125820159912,5.597500733875359,5.868216514587402,4.804682056749211,4.840524509871207,4.750509646122349,4.796692371368408,4.90868566518234,5.043315080441025,4.753767013549805,4.939697742462158,4.838931083679199,4.832935333251953,4.842660772868687,4.819407939910889,4.883519013765038,5.0636878825343326,4.8736118377918025,4.876908779144287,4.921888044037463,4.9065664857585904,5.3739213943481445,4.000068,5.805005,3.8301425,5.7535524,4.2108912,4.9697824,3.816421,5.843213,5.9197955,3.2311308,2.7464564,4.699326,5.016693,5.827407,5.745328,6.2369046,5.805354,6.678786,6.299049,5.753027,5.1094165,5.965725258210799
6.886056647693163,7.2629218101501465,7.0849127769470215,7.161452293395996,6.9562275781018075,7.226799488067627,6.815633733600393,6.827512135811309,6.002234409363682,6.835277557373047,6.518589088121305,6.963788947213896,6.6802239418029785,6.62022066116333,6.572545051574707,6.573171138763428,6.675424108154265,6.504449844360352,7.356000823659516,6.970484542409884,6.6710171103016735,7.333360195159912,7.445246665429382,6.8201172926052065,6.509552478790283,8.024211,7.9455085,8.560905,7.995132,8.752167,7.3080697,6.6980157,7.9118557,6.658223,6.884695,6.981317,6.728708,7.3847985,6.461707,6.7375183,6.7232084,7.317487,7.054111,7.1061482,7.2695675,7.3251677,6.902829960393022
5.849485002168009,7.032742500305176,6.905093193054199,6.9307661056518555,6.76443291576893,7.104361057281494,7.416971600041944,6.873062077994756,8.164026647099869,8.619219779968262,7.728126206127431,6.80873940549406,7.5675740242004395,7.492799758911133,7.563131332397461,7.538848876953125,7.228708429792299,7.522139549255371,7.962882421071893,7.663474909686252,8.658389097616444,8.42358684539795,8.363751685010312,8.11297032603322,8.29703426361084,7.460581,6.398592,7.882368,6.4540424,7.6542997,7.0792894,6.814029,8.18669,6.994961,7.517132,7.162866,6.7477894,7.481292,6.116826,6.780378,6.6321144,7.135384,6.5704174,7.0023746,6.868754,7.0470095,6.762633426026365
5.72792621249999,6.851352214813232,6.685798645019531,6.786141395568848,6.502269462823497,6.830979824066162,6.870838641460417,6.491055513910183,6.687168408617806,5.77919340133667,6.334503235893468,6.690406533752048,6.293220043182373,6.557948112487793,6.468787670135498,6.478578090667725,6.542545273894343,6.726807117462158,5.928573499661002,6.548807211945134,5.462294170907698,5.874965190887451,6.077546230372915,6.358045538793979,5.9268798828125,7.529578,7.5493026,7.6600547,7.630181,7.872784,7.02275,6.46015,7.7287416,6.8265877,6.648388,6.576104,7.6117377,6.875555,6.258076,6.399477,6.471301,6.610489,7.0990853,6.845431,6.7608495,7.0218315,6.534301770183296
7.327902142064282,7.965806007385254,7.921018600463867,7.904062271118164,7.485912548905176,8.046143531799316,8.166893362170754,7.833540085104706,8.209699392443314,8.132155418395996,8.8811745510171,7.983466424496542,7.915976047515869,8.060901641845703,8.029515266418457,8.066343307495117,7.933964289664632,8.168701171875,8.630190931863417,8.141504248674073,8.696838493478108,8.269745826721191,8.611062122759385,8.12758585191148,7.9893269538879395,8.056011,7.4947534,8.236702,7.460727,8.118127,7.586875,8.116723,7.7985187,6.611252,8.248731,6.6404676,7.8244295,7.1860127,6.2344666,7.3430734,7.435527,7.7989554,7.4597945,7.1073413,7.11022,7.493435,7.358714689511806
6.140861702705469,6.7899250984191895,6.59092903137207,6.642723083496094,6.5167902241029045,6.83511209487915,6.921899800863021,6.758056175390477,7.30279491836585,6.550097942352295,6.251365597637298,6.852184354676107,8.441567420959473,6.821101188659668,6.734735012054443,6.732596397399902,6.626595684118296,7.04248046875,7.166416620413833,7.032449700672173,6.745079314895168,7.293002605438232,7.705667253302899,7.033493590263757,6.675158977508545,5.725736,6.2098784,5.410808,6.2675676,5.338788,6.224489,6.229672,6.096306,6.1862836,5.852053,6.7054644,5.404192,6.94549,6.3261127,6.525464,6.5626864,7.412368,6.85226,6.816897,6.398957,6.2745733,6.573710986336682
6.562249437179612,7.494587421417236,7.326357841491699,7.349934101104736,7.174054708351806,7.500292778015137,7.244163345428577,7.175953435622192,7.220444423429174,6.574487686157227,7.066062273172306,7.332447241300061,7.502252578735352,7.283914089202881,7.247068405151367,7.2431464195251465,7.212429809204745,7.2910871505737305,7.292060158353426,7.279363987708188,7.334249012038836,7.38655424118042,7.470916613596576,7.283938489268825,6.944838047027588,7.5137053,7.9501266,7.5373616,8.0689335,7.5212708,8.04884,7.2754602,7.0758066,5.548601,7.026343,6.1868196,7.5272927,6.879035,5.9672413,6.969454,7.0064974,6.9571633,7.5883975,7.2584696,7.3532376,7.163003,7.078744387472446
7.782516055786093,7.276047229766846,7.266360282897949,7.264095306396484,7.082602538816012,7.280020236968994,7.928228259685328,7.279558431495973,7.3377007711354905,7.329603672027588,7.980593825348461,7.6144567770417435,7.452556610107422,7.542901515960693,7.5893683433532715,7.587254047393799,7.306503639387103,7.60659122467041,7.355457636117648,7.4033179198875505,7.37379047984308,7.288014888763428,7.282071768964842,7.3714380646699595,7.36013650894165,7.633091,7.1016126,8.29309,7.0241156,8.025194,7.059834,6.721289,7.8083754,6.899787,7.277422,7.25005,7.1156087,7.837572,6.8504524,7.376359,6.790208,7.7548275,7.616269,7.0928993,7.1897297,7.335889,7.1020643312674565
6.585026652029182,6.648313522338867,6.613552093505859,6.598679542541504,6.4787315048283265,6.7224297523498535,6.275487201022788,6.432660689219677,6.694183531974785,6.340944290161133,6.796250393962553,6.495723578796623,5.211252212524414,6.475269794464111,6.403486728668213,6.430737018585205,6.4724169270886485,6.678647994995117,6.241937567760537,6.339054530287232,6.334909378107428,6.100647449493408,6.415988865638726,6.492571478169426,6.008293628692627,5.2847767,6.395241,4.933831,6.38966,4.9981103,6.1754646,7.0022774,6.976118,7.021477,7.395919,7.1154575,7.1300745,6.1929526,5.888898,6.599405,6.3654885,6.74088,6.676969,6.5733657,6.600293,6.4228334,6.507725565662915
5.795880017344075,7.19930362701416,7.186493396759033,7.17567253112793,7.335898377754869,7.235324382781982,7.900835180616248,7.845542568002898,8.340941785083931,7.714628219604492,7.742251276634146,7.5886973307095245,7.4377827644348145,7.794513702392578,7.911087512969971,7.897796630859375,7.724508897896028,7.921751976013184,7.870204445950385,7.73592651347583,8.23835720451234,7.9622015953063965,8.108241399439235,7.833849240784929,7.8536481857299805,7.330378,7.1458282,7.418878,7.1952167,7.2845902,7.2921247,6.6371083,6.8251123,7.5264735,6.8460155,8.121468,7.642781,6.0203075,5.8675184,6.9149914,7.2166033,7.378107,7.3540306,6.782448,7.3273115,7.106365,7.180359126116674
6.372634143407268,6.119592189788818,6.039179801940918,6.107007026672363,6.200354780736839,5.97475528717041,6.933669123969597,6.923503333738643,6.914796614786512,6.373498439788818,6.943501811172281,6.488562941755234,7.195925235748291,6.855375289916992,7.023165225982666,6.954610824584961,6.904836259299368,7.265750885009766,7.686707216462589,6.865641858014102,8.079402675485637,7.112553119659424,7.157121988304219,6.611381026879279,7.02678108215332,7.1497164,7.2316065,7.0937743,7.27272,7.0291867,7.190441,6.9116874,7.1625805,7.921046,7.0592136,8.102483,8.09296,5.9996443,5.8675184,5.447457,6.5142994,5.648197,6.6541033,6.0175643,6.039035,6.820262,6.071611084035954
6.695294101787235,5.47318172454834,5.466479301452637,5.499590873718262,5.663428655826178,5.440401077270508,6.201420101579579,5.80349762630315,5.962403255273335,5.673747539520264,6.100396145563998,5.705799010521107,6.086034297943115,5.949183940887451,5.888942241668701,5.901369094848633,5.808892974433376,6.114649295806885,5.4011893320758615,5.734279063967059,5.310301100053197,5.394721508026123,5.451646060102693,5.690391495981312,5.546513557434082,3.6097136,4.9855194,3.5311615,5.2003775,3.3211365,4.059872,5.271072,5.511528,5.5587687,5.079631,2.7466097,5.536905,4.672977,5.8130307,5.59125,6.0126586,6.010428,5.8007855,5.9720225,5.880847,5.008315,5.875642888799588
5.0,5.330655097961426,5.32960319519043,5.3545684814453125,5.656877818610877,5.277603626251221,5.503323013933892,5.483147363472806,5.350756001998406,5.418266773223877,5.2238457198078505,5.347627053114925,5.055397987365723,5.372501373291016,5.42199182510376,5.403688907623291,5.432650066345255,5.432839393615723,5.215355182780179,5.30275012832071,5.185194273907529,5.152253150939941,5.151509505638521,5.237146108982409,5.652689456939697,4.4431143,5.5298862,4.7349763,5.8643646,4.1167903,4.1169753,5.398747,5.960905,5.9662232,5.357081,2.7465744,5.5025916,4.7623076,5.8147507,5.292083,6.063199,5.6382036,5.4583955,5.822638,5.650293,5.2120056,5.740508451468358
5.853871964321762,5.407600402832031,5.586028099060059,5.5525593757629395,5.7308251309586895,5.3152031898498535,5.205685122348614,5.460374837639731,5.106927232938664,5.179433822631836,5.356612431528335,5.053041732844343,5.318258285522461,5.239404678344727,5.343866348266602,5.334700584411621,5.386246759435691,5.275023460388184,5.177620691489234,5.245390003739434,5.384028129613074,5.256749629974365,5.295482832102164,5.166476894993588,5.444527626037598,4.3564386,5.2985344,4.734782,5.625001,3.964788,4.1024446,5.00773,5.731519,6.0320096,4.8150744,2.7464564,5.724281,4.993367,5.827407,5.409871,6.1509995,5.612895,5.6732526,5.952117,5.844555,5.1801767,5.853794246361648
5.251811972993799,5.327044486999512,5.319027900695801,5.358558654785156,5.606356768275832,5.173274517059326,5.32028282622356,5.441049001347946,5.359310051741414,5.4667487144470215,5.340081698151249,5.340540904346556,5.156319618225098,5.373470306396484,5.418576717376709,5.40377140045166,5.426873036286528,5.4920454025268555,5.252159651033283,5.295604621142112,5.505269802098212,5.351261615753174,5.2913328875363455,5.2329504402118605,5.564321041107178,4.4935694,5.4275284,4.792099,5.7431483,4.135209,4.149122,5.1966176,5.666834,5.8222356,5.0245495,2.7464566,5.5374603,5.1194906,5.827407,5.3035307,6.097352,5.601935,5.502191,5.8591747,5.740159,5.1893034,5.7776725124974835
5.638272163982407,6.050726890563965,6.032737731933594,6.04838752746582,6.069687934812028,6.07298469543457,6.327621199948657,6.2613986105757435,6.199913308899484,6.337606906890869,6.370810748834882,5.980466072956075,5.934105396270752,6.260067939758301,6.347579002380371,6.315331935882568,6.262115045258273,6.37060546875,6.212187912413801,6.2606569624582535,6.1061448527222915,6.209832191467285,6.305375947591682,6.215708617452745,6.158852577209473,5.2346325,5.5526075,5.7960534,5.5541086,5.568782,5.1365047,5.064364,5.2193303,4.6754494,3.8824599,2.7464564,5.0418324,4.762736,5.858143,5.7880206,6.365404,6.2980657,6.030938,6.287288,6.158213,5.3510695,6.166593273235666
5.823908740944319,5.78700590133667,5.562427520751953,5.699794769287109,5.693313188011035,5.746680736541748,6.111881313916326,6.133140108991443,6.416881986565558,6.140537738800049,5.746408766884261,6.029872317331703,4.980186939239502,5.957137584686279,6.1447834968566895,6.0996503829956055,5.983173960810003,6.336446285247803,6.415987470349345,6.199279388561101,6.516039564819553,7.174849987030029,6.198081097197684,7.004437526655467,7.615753173828125,5.8660283,6.0422287,6.2715583,5.98884,6.368636,5.47181,4.556688,5.2074027,5.005918,4.2842584,2.7464564,4.694567,4.813158,5.849485,5.3346367,6.206832,6.2360578,6.265611,6.1979337,5.9511814,5.4679646,5.929857492931175
5.958607314841775,5.616197109222412,5.494814872741699,5.574487209320068,5.632557645919613,5.56558895111084,5.13735489692333,5.419333848230004,5.144946988041923,4.701899528503418,5.367842940495325,5.375606412909495,4.65379524230957,5.376072883605957,5.456200122833252,5.441047668457031,5.4203641277188055,5.710735321044922,5.194019202667233,5.290583010378895,4.998215788661974,5.214825630187988,5.179741976891983,5.216771404732242,5.212881565093994,5.390503,5.8392744,5.8483768,6.01662,5.9301386,5.3035884,4.320707,4.855478,4.488529,3.275367,2.7464564,4.6154423,4.143514,5.850172,5.3002214,6.1297183,5.8292494,6.0168953,6.0065594,5.794286,5.1850553,5.820368642002336
5.638272163982407,6.592548370361328,6.564593315124512,6.543223857879639,6.520882499329075,6.662893772125244,6.221899436285622,6.374734090795206,6.2013683552072045,6.026113033294678,6.1492420716049105,6.420119161501613,6.61558198928833,6.339204788208008,6.3529229164123535,6.3429856300354,6.3645428088676,6.298830986022949,6.085720648862795,6.274962568282015,6.119074544463573,6.213455677032471,6.1697992961591686,6.305817356979345,5.947825908660889,7.0099444,7.1237707,7.612143,7.2785864,7.7123976,6.6213098,5.077069,5.9076977,5.1972485,5.0990686,2.7464564,5.333228,5.4347486,5.8789253,6.2652297,6.5814533,6.266556,6.810753,6.390809,6.3090672,6.132823,6.4138844889098
6.6020599913279625,5.365179061889648,5.305137634277344,5.3673319816589355,5.520283244730054,5.280451774597168,5.943594305145977,5.812410634587192,6.265142937834166,6.266078472137451,6.195397207438822,6.005196204041986,6.416264057159424,6.053942680358887,5.945429801940918,5.928884029388428,5.921655287593774,6.007190704345703,5.3492066817038095,5.892849444469894,5.070267126036839,5.624166011810303,5.507287768646521,5.817294991962258,5.895889759063721,3.5836306,5.036972,3.6910188,5.2985067,3.2797346,3.9995975,5.4540353,5.727738,5.635113,4.8859186,2.7470348,5.6203065,4.6761804,5.825538,5.356586,5.956326,6.0081077,5.6573143,5.892799,5.751266,5.0041866,5.760953419106023
5.552841968657781,5.318207263946533,5.335617542266846,5.360469341278076,5.616530738367642,5.277857303619385,5.666652362500853,5.769163861856164,5.599212579813092,5.795478343963623,5.726899961010235,5.568729218719472,5.348725318908691,5.713733673095703,5.824937343597412,5.788601398468018,5.788660363219248,5.863476753234863,5.645667540059736,5.537269299841151,5.574256701166104,5.63378381729126,5.660584527984801,5.61141017874002,5.931908130645752,4.328235,5.5448055,4.582722,5.7929893,4.002638,4.124756,5.57013,6.2840366,6.0729775,5.1392236,2.746466,5.9956923,4.7779145,5.827499,5.3249,5.9901204,5.6274776,5.6907887,5.9148574,5.8005733,5.25694,5.752854817651214
6.522878745280337,5.531054496765137,5.653745174407959,5.6313581466674805,5.746002468755257,5.516472816467285,6.657595558169514,6.400052632641265,7.159527076369292,6.994626045227051,6.574316056439268,6.568984037652346,7.131574630737305,6.705804824829102,6.583488941192627,6.618880748748779,6.645623569491222,6.793452262878418,6.426116803248737,6.340803645512134,6.54989768099587,6.767494201660156,6.6359079688525275,6.483567792413794,7.242321014404297,4.0141697,5.3181105,4.1468043,5.4391212,3.7861714,4.2165093,5.3165984,5.848214,5.7885456,5.3723116,2.7464583,5.7278,4.8208575,5.8227763,5.581805,6.0506988,6.1987534,5.8242416,6.008693,5.895317,5.1961975,5.906804205610914
6.045757490560675,5.528346061706543,5.482683181762695,5.530719757080078,5.732899701892362,5.477832317352295,5.635052655435217,5.65513451368962,5.916810561772007,5.608612537384033,5.983589810650558,5.750161486083093,5.594793319702148,5.759961128234863,5.8432416915893555,5.838094234466553,5.712943536300208,5.884040355682373,5.953035415274405,5.791612172269817,5.655320776179799,5.864109039306641,5.761404858287736,5.617684790085434,5.8351664543151855,4.416292,5.317399,4.7242093,5.6554613,4.0410566,4.230604,5.384573,5.887314,5.8963485,4.9858627,2.7464848,5.9472003,5.166033,5.827407,5.36664,6.053584,5.747198,5.65929,5.9034567,5.7956467,5.237603,5.798171009414315
6.221848749616356,7.2244181632995605,6.880159378051758,7.046967506408691,6.971749648473516,7.183785438537598,7.223031284471057,7.520466339525221,7.651243591717585,6.98089075088501,7.222027708574522,7.263719494601261,7.580105304718018,7.360683441162109,7.540249347686768,7.513110160827637,7.4031289119231705,7.708003997802734,7.340251300730088,7.341856743992782,7.9896372622454574,8.01643180847168,7.588987634537194,7.379347676108734,7.71622371673584,8.341493,7.755398,7.927087,7.789808,8.229296,8.220601,9.072063,8.892557,9.631619,8.038615,5.9027295,9.059294,6.664064,5.985058,5.907711,7.1207356,7.003053,7.063751,6.949703,7.121797,7.633822,6.811640567943294
6.154901959985743,5.315740585327148,5.232610702514648,5.37703275680542,4.280898220028475,4.947723388671875,4.938990445127332,5.1057764900977425,5.93902678110308,5.5267558097839355,5.767445180546985,6.003234352502105,6.783191204071045,5.419716835021973,5.542202949523926,5.584700584411621,5.083573745280365,5.641238212585449,5.439968529093135,5.441829490378379,5.426476159898336,5.011329174041748,5.5220206160534415,5.223595006676436,4.617990016937256,5.7149105,5.6453114,5.270568,5.719438,5.366958,7.4654746,5.0351286,5.655954,4.9509077,4.3005185,4.002565,8.540973,10.259066,6.879753,5.113113,4.627904,5.0945296,6.3890734,5.6075697,4.470832,5.805527,4.742976218185725
7.698970004336019,6.377760887145996,6.11506986618042,6.219849109649658,6.246791867179935,6.402742385864258,6.5721513928222866,6.7800432111502635,6.883443893957144,6.945749282836914,6.954293208503029,7.151109556264815,6.296182632446289,6.753993988037109,6.775032997131348,6.731901168823242,6.666589599737003,6.787130832672119,7.362722329672153,6.768697013688656,6.233500796512002,6.807499885559082,6.954121766843326,6.901712892537331,7.695044040679932,7.0472693,7.267589,7.037717,7.055791,7.219751,6.156143,7.1903644,9.64755,7.975953,7.610112,6.2351255,7.0995493,5.855606,5.9077525,5.375633,6.7475567,6.4052267,5.809885,6.5625405,6.6333723,6.8420243,6.3548388497315145
5.468521082957745,10.71749496459961,10.55305290222168,10.675447463989258,10.978043231104799,10.811193466186523,8.604339370427127,8.915724722852634,8.659314968424727,8.909478187561035,8.034259203813516,8.086944377233042,13.26620864868164,9.678699493408203,9.166902542114258,9.1890287399292,9.589234138999633,9.123016357421875,9.120528793816854,8.537945140569418,8.535490768637693,9.600388526916504,8.925828776422874,8.881457845008313,10.696194648742676,9.989007,9.760752,10.596899,9.885233,10.393238,9.006377,11.07867,10.507426,10.93933,10.529746,7.248739,11.826266,6.667775,10.591844,6.668938,10.726864,10.420347,9.789299,9.324195,10.955059,9.8453,9.754075908107353
6.075720713938118,6.931731700897217,7.004135608673096,6.97463846206665,6.522788029740417,6.976871490478516,7.161261028281262,7.145263868511487,7.362303266902197,6.923759460449219,7.5833822154989585,7.042384357800593,7.3538289070129395,7.14701509475708,7.20922327041626,7.203697204589844,7.130388825826683,7.4231696128845215,7.254505840110167,7.199271004562303,7.168833851511831,7.242505073547363,7.25135120583601,6.88098940751861,6.540645122528076,6.839811,7.346379,6.700232,7.558098,6.6974015,6.980319,6.955866,6.3437448,7.5987062,6.8156934,7.638777,7.1365576,6.4214215,5.9243402,6.952967,6.3017383,7.22713,6.3467393,6.7583337,6.660175,6.860221,6.61689057248516
7.397940008672037,6.277814865112305,6.424348831176758,6.303436279296875,6.333812895084101,6.496646881103516,6.464473566051086,5.8745503724431565,6.541389659782196,6.109081745147705,5.984028498158191,6.004260265954162,6.716351509094238,6.30377197265625,6.029093265533447,6.091426372528076,6.1232119747467655,6.045815944671631,5.688960925917035,6.229890416234238,5.3520618244620435,6.711694717407227,6.129751256278367,6.232495841361473,6.6908440589904785,5.052413,5.827257,4.512171,6.009523,4.517599,6.3534226,4.9215655,4.228825,4.1025314,3.8439984,0.48057282,4.8941097,6.6046653,5.868752,6.779487,5.882633,6.263574,5.749934,6.4179635,6.2876782,5.2299337,6.231467744056051
4.150514997831991,6.320516586303711,6.476695537567139,6.389603137969971,6.330973542941691,6.629327774047852,6.426379128847291,6.3463866821951305,6.653889778308715,6.570459842681885,6.142519207090057,5.85109691123448,5.972684383392334,6.366097450256348,6.398813724517822,6.402216911315918,6.42740150592145,6.398793697357178,6.271100871624635,6.2666888740250215,6.87492683231908,6.6395344734191895,6.441441184328702,6.2715781624323075,6.519257545471191,5.2620373,5.0961204,4.1760397,5.2377,4.6049156,6.8532104,6.0714025,4.778809,7.2482686,4.7642064,4.969507,6.1861515,6.558328,5.8689876,6.6751366,6.051032,6.236708,5.852592,6.463168,6.1373005,5.754581,6.240220593583415
4.150514997831991,7.36212682723999,7.106114387512207,7.188281536102295,6.427276995546038,7.4029035568237305,5.539925723630007,5.8760736194818834,4.780145447045797,5.691492557525635,5.950435878533156,6.500408565829274,6.118766784667969,5.80734920501709,5.712397575378418,5.742936611175537,5.797404619431915,5.5746893882751465,6.070286068021312,6.297589727615093,4.922665615619278,5.242517471313477,6.15691917131385,5.703451458255433,5.779475212097168,5.9345565,6.627391,5.8377213,6.6205416,5.6800303,6.502337,3.7534654,4.7309747,3.8603225,4.537084,8.071463,5.294896,10.903047,7.290446,6.858445,6.3642416,6.5418253,6.506633,7.070984,6.3957615,6.269108,6.507209972760144
5.423658649794207,5.5515055656433105,5.764592170715332,5.682557106018066,5.434939795382333,5.595358371734619,5.298059745540563,5.330786067859621,5.121096793012188,5.135396957397461,5.402118729801998,5.4379601831149555,5.410906791687012,5.355230331420898,5.308134078979492,5.317702770233154,5.3377764059427095,5.30974006652832,5.225123467983713,5.290175891125532,5.3783719522150335,5.36243200302124,5.491662089127808,5.3878316593529965,5.477208614349365,7.0099816,5.595302,7.8072834,5.353929,7.5219393,6.286721,5.797921,6.4109993,6.0330386,5.691999,6.8201027,5.8883524,5.7265234,5.8078604,5.6812387,5.383024,5.17665,5.4011693,5.405715,5.3423057,6.007103,5.432383234888887
5.326979092871104,5.539580821990967,5.515185832977295,5.5281195640563965,5.460759904722736,5.537484169006348,5.577726935295165,5.542911099648851,5.990595829941632,5.744751453399658,5.390653418769084,5.534013650778564,5.571533203125,5.617034435272217,5.6260199546813965,5.623532772064209,5.570630948838741,5.6146559715271,5.257459706579272,5.457302669756635,5.461577371987528,5.287520408630371,5.415436861451802,5.684023710652307,5.50985050201416,6.026561,5.844154,6.336897,5.935101,6.1807694,5.8621454,5.59603,6.2800145,5.7177386,5.5858526,6.6140914,5.3881826,5.804744,5.808996,5.9672027,5.404444,5.1766763,5.527429,5.4573207,5.425378,5.796986,5.533029237893661
5.3124710387853655,5.589962005615234,5.720734119415283,5.682528018951416,5.391572330399939,5.6358723640441895,5.40143685847587,5.385635065630566,5.592893050336991,5.567712783813477,5.622893718887925,5.532018349511487,5.555259704589844,5.499757289886475,5.440829277038574,5.459186553955078,5.45305325978291,5.425023555755615,5.421469081982816,5.496226031832614,5.599376047310069,5.431567668914795,5.58756288110114,5.652825005711789,5.234963893890381,7.14812,6.2160807,7.6458306,5.7555456,7.58184,6.4539804,5.5639334,6.5837517,5.990469,5.2273254,6.5523605,5.702751,5.885965,5.8078604,5.6333075,5.3185782,5.186572,5.3954897,5.353645,5.3035083,6.0153456,5.383602467309155
5.363512103646634,5.396734714508057,5.310369968414307,5.385787487030029,5.434377004453211,5.350982189178467,5.860018905579606,5.69538986937505,5.369064398806372,5.644048690795898,5.996177627799558,5.919379529065431,5.68607759475708,5.864474773406982,5.874419689178467,5.868361473083496,5.717330048832412,6.0247416496276855,5.803391150798726,5.622966588821936,5.8727913028258,5.883443832397461,5.971780504820831,5.738058559554996,6.063512802124023,5.458151,5.970714,5.3120947,6.0919857,5.2305536,5.562109,5.3855705,5.138713,5.1515007,5.972559,6.286894,5.861806,5.1785893,5.9080505,5.364042,5.319327,5.9276977,6.064052,5.803841,5.917757,5.6453,5.520250568645821
5.259637310505756,5.401847839355469,5.7256669998168945,5.558475971221924,5.55697078035941,5.502712249755859,5.302336460952569,5.380223935507838,4.379370962158765,5.37287712097168,5.1143365702642845,5.367325692437211,6.06705379486084,5.2813262939453125,5.0493292808532715,5.0763068199157715,5.258200469781274,5.181178569793701,5.058991973328222,5.3156363845230885,5.127817776111504,5.136788845062256,5.203615402958172,5.601672935250223,5.6433796882629395,5.7882724,5.7039576,5.412543,5.7906475,5.5930443,5.5415015,5.2918453,6.0322075,5.7094564,5.1823516,5.6060753,5.5262403,4.808712,5.88506,6.071803,5.4279466,5.6029606,5.016778,5.424731,5.421017,5.5418577,5.59844720103623
5.391473966422806,5.481276988983154,5.664732933044434,5.583020210266113,5.5142006487356445,5.585094451904297,5.399287008310537,5.325267159118642,5.1952730992674185,5.200042724609375,5.1077654398922325,5.3381954301688745,5.661516189575195,5.391111850738525,5.258667945861816,5.26650333404541,5.3368269380160385,5.292344570159912,5.462558035979034,5.353013579512913,5.321487439824371,5.558372497558594,5.265223031371953,5.398509811114484,5.580242156982422,4.9232755,5.5233755,5.10515,5.4679055,4.929806,5.2490244,4.5613785,5.409534,5.315558,5.1685023,5.7293544,5.068097,5.183385,5.8682294,6.0688367,5.3750987,5.6817155,5.547234,5.750079,5.544333,5.3734937,5.610483610007327
5.427128397799519,5.378646373748779,5.54262113571167,5.465318202972412,5.475993457428334,5.427419662475586,5.472253964692553,5.526761662958885,5.328978452986503,5.515069961547852,5.2398293888738285,5.807749849893605,5.935471057891846,5.5415778160095215,5.382782459259033,5.41242790222168,5.437109368857482,5.4860029220581055,5.542731790267633,5.496185833521824,5.594356252693092,5.4602227210998535,5.606567674733784,5.663994990073158,5.682947635650635,6.0222874,6.0321302,6.2162867,6.1317725,6.2520075,5.692309,5.5040183,6.0616345,5.9961505,5.4587793,5.744793,5.5786366,4.6576095,5.88506,5.694523,5.426431,5.639527,5.367915,5.4400663,5.4626765,5.7132306,5.516974137524661
5.336299074610352,5.531106472015381,5.6307148933410645,5.6057233810424805,5.612348789265081,5.569216728210449,5.461020438574913,5.370421021846006,5.411866542118292,5.293191909790039,5.2075694124427825,5.74005790192259,5.833930492401123,5.503349781036377,5.3803253173828125,5.3903303146362305,5.418080082823643,5.352538585662842,5.306448650769231,5.436673476128817,5.36068354026018,5.344330787658691,5.510617905708372,5.319592542556867,5.156442165374756,5.252948,5.875879,5.427033,5.8790393,5.292494,5.388855,4.694437,5.520255,5.3462496,5.3644834,5.7293715,5.05119,5.056868,5.8682294,5.8650503,5.3760576,5.7687807,5.4879565,5.694127,5.5692697,5.4754286,5.572630115842189
5.471083299722345,5.5894293785095215,5.632511138916016,5.64304256439209,5.559618812398839,5.602752208709717,5.889445427703414,5.78492944390925,5.978031590222102,5.61453104019165,6.1166451057000435,6.045657701085972,6.273563385009766,5.9708943367004395,5.9246745109558105,5.9311394691467285,5.815785835041517,6.029440879821777,6.215837125460783,6.025152916664866,6.464509162113292,6.225150108337402,6.179904401748807,5.995138458525983,5.988200664520264,5.6653266,6.441431,5.1980023,6.4570923,5.4717307,5.8915234,5.3004746,5.3666034,5.8318205,5.4971056,5.9254804,6.1657968,5.210287,5.8974466,5.844079,5.32622,6.0341935,5.9729085,5.7739167,5.924363,5.75979,5.651553812867087
5.281498311132726,5.193894863128662,5.3683037757873535,5.280618190765381,5.197615449778862,5.366955757141113,3.973830265268689,4.822482575050915,3.681751222530478,3.871976137161255,4.456611039751042,5.134004270495177,4.787721157073975,4.638511657714844,4.788733005523682,4.675623416900635,4.650827515982346,4.828680515289307,4.281766934542489,4.542617775710753,4.341145809624987,4.273507595062256,4.463322366065051,4.828206244328723,4.980391025543213,3.746719,4.3533382,2.9488304,4.6167717,2.861523,4.7011514,6.148548,6.317029,7.555732,7.5964885,6.039319,5.17271,4.4126577,5.780996,5.4469023,5.2884727,5.324647,5.255984,5.3207593,5.266251,5.2077413,5.324910971688744
5.210419287835574,5.623147010803223,5.697751522064209,5.666462421417236,5.5576015043001705,5.572262763977051,5.671772601580234,5.774222883572968,5.983649699069754,5.709430694580078,5.485538669257871,5.992782127989912,5.642638206481934,5.719901084899902,5.77457857131958,5.760833263397217,5.730742742241967,5.757426738739014,5.764167251092431,5.7952173783798955,5.479158963936915,5.603886127471924,5.669676018626507,5.781494911318174,5.588491439819336,6.2801986,5.12994,6.753791,4.9165077,6.2136216,6.1611614,5.8421044,6.396193,6.1899233,5.917379,6.875376,5.9628263,5.8492193,5.819396,5.810225,5.493873,5.7644496,5.5344334,5.4886312,5.530937,5.8965096,5.600675777578978
6.319664486585436,5.635452747344971,5.541207790374756,5.518193244934082,4.895469339118391,5.787328720092773,5.336202600820038,5.3537958009931685,5.873350547210092,5.49144983291626,5.793511762970012,5.7045899636515385,6.645510673522949,5.577195644378662,5.344668865203857,5.377026081085205,5.328926366790603,5.485250473022461,5.386833075556177,5.526953401510456,4.884827752354253,5.367316722869873,5.74581909370857,5.713149137052095,5.193563461303711,6.948631,7.116449,7.173175,6.9639587,7.5611916,5.38697,6.188392,6.286772,7.7650986,6.2592683,5.918924,2.601986,5.289629,5.7123566,5.4146214,4.8301687,5.233541,5.813291,5.406053,5.068133,5.946931,5.062148114099777
5.849485002168009,7.1972737312316895,7.136563301086426,7.137296676635742,7.454256267948326,7.207530498504639,7.079604936826167,6.809090757881537,7.391636889678503,6.494019031524658,7.406975343409989,7.082408611580947,6.171141147613525,7.111359596252441,6.886516571044922,6.939901828765869,7.075211035977197,7.266519546508789,7.329275870675671,7.204726165609422,7.287396741656121,7.3372697830200195,7.4557115183996,7.0815412277733465,6.5757341384887695,7.216692,7.024667,7.359179,7.186051,7.382954,6.682419,8.053391,7.339183,6.999695,6.4923325,6.4492617,7.8655705,6.579876,6.5681267,6.837627,7.403367,7.081024,6.808839,6.9568477,7.460769,7.0873933,7.254146648980565
6.177831920631983,7.3710832595825195,7.378206253051758,7.357672691345215,7.473411109269414,7.42496395111084,7.353738733421727,6.983854773186543,7.13777539180037,6.933627605438232,7.235184156344704,7.479422037572126,6.57737398147583,7.161652565002441,7.021123886108398,7.0261759757995605,7.095151308893661,7.0778632164001465,7.275779301028806,7.291809012928911,6.9569460114948365,7.098249435424805,7.295940395052051,7.230998485539679,6.822513103485107,7.6624064,6.755831,7.731573,6.718868,7.9531465,6.945423,8.036788,7.3955045,6.7411385,6.7069674,6.9012556,7.459206,6.5687428,6.5196238,7.0372252,7.497755,6.945354,6.774393,7.0937314,7.4087377,7.1426835,7.322425343638273
6.262012673666569,7.286494255065918,7.305360794067383,7.259427547454834,7.52390189476688,7.3374924659729,7.338195891828418,7.284881599459742,7.479556385078065,6.701212406158447,7.5765968828274906,7.446071979004625,6.580357551574707,7.399823188781738,7.316226959228516,7.336386680603027,7.4156972920116075,7.667486190795898,7.3488381587099045,7.313315825658657,7.574495186545628,7.2605509757995605,7.219393853447648,7.324240450108587,6.465771198272705,7.083904,6.9602113,6.9416113,7.0108695,7.179939,6.737683,7.6464157,7.164442,6.5727744,6.620949,6.9013643,7.8943753,6.363939,6.568032,7.103689,7.490407,7.2405553,6.8412056,7.084509,7.4512186,7.042905,7.367096215231216
7.455931955649724,6.557251453399658,6.5163397789001465,6.498051643371582,6.443208675230403,6.621444225311279,6.487202575389739,6.309978852249453,6.499643102589966,6.513095855712891,6.241325748100607,6.254507281971965,6.768152713775635,6.440425872802734,6.332762718200684,6.349130153656006,6.408862514469081,6.352356433868408,6.388916037279115,6.323725782973204,6.44271168560149,6.5737223625183105,6.608641762296318,6.523618992762405,6.389224529266357,6.572427,6.7336335,6.440066,6.813627,6.558904,5.989383,6.251538,6.4402976,6.1939344,6.340993,6.489602,5.502989,6.8616786,6.1317825,6.549356,6.132363,6.502468,6.3115087,6.4150524,6.490412,6.3861012,6.349844394016589
7.327902142064282,6.81361198425293,6.6286516189575195,6.689723014831543,6.377079787185387,6.826498031616211,6.418660540194637,7.260357909710622,6.481838837122363,9.329581260681152,6.680995041075388,7.318223597640182,8.153059005737305,6.828590393066406,6.928404808044434,6.858050346374512,6.602299628159252,6.313532829284668,7.361174569386244,6.930816045422621,7.112046035713316,6.694112777709961,7.364698823392312,7.008918297045481,6.366275310516357,6.880161,6.623383,7.148576,6.626723,7.07367,6.1721377,6.2652187,6.566634,5.7611213,6.0401883,6.4895487,5.8331566,6.900001,6.2374315,6.594122,6.044154,7.5627403,6.6077685,6.72648,6.7611647,6.545719,6.464170404968981
5.886056647693163,4.904439449310303,5.109217643737793,5.074009895324707,4.983114118429789,4.797494411468506,4.8334630921888575,4.734436337870497,4.885805684759313,4.31419563293457,4.747014307455918,4.597754052772644,4.416377067565918,4.65816593170166,4.705114364624023,4.705534934997559,4.748167848203424,4.727957725524902,4.799755330429091,4.77197794412198,4.781482802162344,4.696630954742432,4.782979171846728,4.742320672878492,4.977484703063965,4.37822,4.465569,4.7904572,4.1855397,4.652811,4.3774276,4.1880145,4.366175,5.3227377,2.6582801,2.6853657,5.067541,4.906084,5.8331056,5.574881,5.1588945,5.025387,5.5776553,5.528107,5.4936576,4.7117953,5.33463925747864
4.548455006504028,6.566933631896973,6.569947719573975,6.593600273132324,6.533233392979869,6.484104633331299,6.127738735494033,6.123485138042497,5.902454314425707,6.232508182525635,5.822941406511032,6.499069906472484,6.044042587280273,6.200441837310791,6.104521751403809,6.102110385894775,6.188943675204301,6.000121593475342,6.053743023666564,6.269366972803605,5.805994701817032,5.877230644226074,5.8328993017507855,6.0504624731213665,5.783717155456543,6.5143995,7.3652635,6.7724075,7.2732487,6.752304,6.2785263,4.3850737,5.4509764,5.719888,6.0509214,4.1277986,5.015932,6.148824,6.061827,6.5263557,6.5399995,6.749424,6.7413487,6.694446,6.5857906,6.1877375,6.56271176346234
4.548455006504028,5.880436420440674,5.895530700683594,5.904026985168457,5.838587916557058,6.013782501220703,6.458399177117673,6.515683671872116,6.203389386023329,6.112209796905518,5.609362004268535,6.00507304870645,8.196114540100098,6.2319655418396,6.407549858093262,6.349033355712891,6.04756522536913,6.826416492462158,6.550851065293412,6.419187107196714,6.7276566913795275,6.92221736907959,6.99814287385979,6.614848638154181,6.22753381729126,4.945488,4.540071,4.7477574,4.7297473,4.8505,5.332113,4.693272,4.8350883,4.6863008,5.083971,4.721706,4.712548,7.049448,6.0062776,6.1138473,5.1462593,6.0976915,6.1437874,6.4315276,6.3484,5.3607903,5.748451279690462
4.548455006504028,4.9211297035217285,5.061065673828125,5.050169944763184,5.0302685163297856,4.85421085357666,5.091434852258412,4.927345357046902,5.371723040774737,5.188786506652832,4.99934330057979,5.383134554036341,5.057137966156006,5.127485752105713,5.009659290313721,5.0264892578125,5.017541249367123,5.002933502197266,5.099687834085018,5.162202952493044,5.100767460964768,5.163045883178711,5.150733803591808,5.095112375768621,5.233827114105225,5.623656,5.112527,6.3232756,5.203648,6.107767,5.3911676,4.506097,4.654831,4.491342,5.5930343,4.7630787,4.6581,5.749202,5.885522,5.233739,5.115326,4.714375,5.2662883,5.2143884,4.911837,5.2259603,5.066369716183765
4.548455006504028,4.601113319396973,4.47322940826416,4.534216403961182,4.609878777957593,4.472024440765381,4.549145741078185,4.52342573038138,4.5502841331109884,4.454624652862549,4.423682093772794,4.361483582556258,4.445735454559326,4.479896068572998,4.519765853881836,4.5200042724609375,4.540944787468154,4.526231288909912,4.495849862076791,4.503765268492877,4.488810754966236,4.483788013458252,4.471745878026748,4.618141416723598,4.606282711029053,4.7957215,4.685624,5.0801125,4.687962,5.155518,4.378029,4.54778,4.880719,4.8601103,3.6589642,5.339403,3.694799,5.7305455,5.8406777,4.513666,4.654741,4.769281,4.441482,4.8427396,4.902484,4.773018,4.688565359162304
4.548455006504028,4.50031042098999,4.532615661621094,4.538749694824219,4.65740953098231,4.392421722412109,4.5244038268883955,4.525841096847933,4.538358036276772,4.419271945953369,4.3780526140871565,4.418797615738741,4.97253942489624,4.527303218841553,4.527700424194336,4.530045986175537,4.501067252494232,4.532198905944824,4.472653765229198,4.495230346334424,4.488675106884275,4.4900312423706055,4.4907265067914475,4.534518708977455,4.3919219970703125,4.470882,4.47217,4.776991,4.5931945,4.601956,4.87696,4.398261,4.842587,4.4344044,5.274801,4.721028,4.3359785,5.837676,5.868752,4.9232826,4.699065,4.755476,4.89529,4.8564863,4.5596614,4.809745,4.7245584145679445
4.548455006504028,5.002609729766846,5.089287757873535,5.079846382141113,5.033887778234188,4.918540000915527,4.792843734183489,5.037928697293765,4.56978687049275,4.916176795959473,4.797745600888201,4.853859045760348,4.37270975112915,4.772322177886963,4.899108409881592,4.872929096221924,4.95184861062177,4.801666259765625,4.655135230420686,4.82951026329586,4.762690754668111,4.81265926361084,4.5134720671561945,4.823420634984952,4.867641448974609,5.3132315,5.1145115,5.665376,5.106807,5.7165174,5.1462245,4.1570053,4.7791862,3.9886768,4.243543,4.720974,5.963764,5.784542,5.8689876,5.4093084,4.949987,5.2881083,4.9935284,5.180282,5.1480823,5.1269326,5.136513749957004
4.548455006504028,4.233637809753418,4.312188148498535,4.291410446166992,4.399057827376426,4.073887825012207,4.373965235712941,4.405813163057737,4.458344729242954,4.544371604919434,4.45336606654605,3.8437110835960784,4.1479339599609375,4.4012227058410645,4.514249801635742,4.501429557800293,4.460375621895884,4.640350818634033,4.401473406580248,4.403464398792977,4.432884661903495,3.700416326522827,4.406839442940866,4.111130433965837,4.091454029083252,3.60886,4.0289073,3.7027056,4.057888,3.6283975,4.1415644,4.5567737,4.421409,4.3039227,4.6839795,5.1262217,4.728007,5.1700664,5.788102,4.493983,4.548455,4.4501452,4.4741716,4.560187,4.46896,4.447135,4.508478963454079
4.548455006504028,4.588225364685059,4.630354404449463,4.624881267547607,4.6460477348051405,4.485145568847656,4.500072616977825,4.5002319890713895,4.537751139305989,4.395944595336914,4.4958768221017795,4.566463794017531,4.796051025390625,4.533954620361328,4.499889373779297,4.507017135620117,4.508056592795118,4.520282745361328,4.472653765229198,4.491858333178055,4.488675106884275,4.4900312423706055,4.4907265067914475,4.58556586449253,4.319060802459717,5.185817,4.693965,5.23689,4.603255,5.238206,5.1752543,4.358473,4.548771,4.5981317,5.1466274,4.721028,4.5975223,6.404797,5.8789473,4.602998,4.664088,4.9262333,4.9262137,4.928237,4.609675,4.952256,4.654225019903052
4.548455006504028,4.496263027191162,4.480456352233887,4.454270362854004,4.569394408607167,4.428224563598633,4.373198907269642,4.4814174636454345,4.499501839090578,4.760711193084717,4.502087660700535,4.355488252489762,3.8840765953063965,4.518889904022217,4.582300662994385,4.564980506896973,4.508925690130141,4.6444196701049805,4.433841025904498,4.481730894427335,4.308241853710008,4.361307144165039,4.414890083573469,4.336346168848569,4.352184772491455,4.586202,4.2164564,4.3430395,4.170344,4.7050457,4.389903,4.826653,4.6089206,3.2321725,4.402746,5.1877465,4.4127684,5.5992,5.719426,4.5072846,4.577657,4.655545,4.1268687,4.818331,4.6793747,4.5882845,4.590648025214474
4.548455006504028,5.266969680786133,5.399310111999512,5.348194122314453,5.342088572583754,5.206271171569824,4.943008767114745,4.990203166824366,4.7230462547206855,4.727391242980957,4.842507715088585,4.939222746719569,4.400571346282959,4.965149402618408,5.007601737976074,4.996115684509277,4.959079170113962,5.082404136657715,5.030667968769056,4.988459759776168,4.866300480377941,5.036042213439941,4.956662809570268,4.83615341261342,4.6224188804626465,5.425233,4.7018337,5.751934,4.5569224,5.610745,5.5142927,4.1734543,4.851635,4.213875,2.5008082,4.7771955,5.5602713,6.3761916,5.8689876,5.492117,5.2734375,5.2718806,4.88514,5.4481378,5.270928,5.0762506,5.326974058105572
4.548455006504028,5.892456531524658,5.81118106842041,5.8712005615234375,5.824605076043637,5.905984401702881,6.129705898730478,5.934466919714796,5.882320310471433,5.999367713928223,5.526767259950275,5.711853153974614,6.519770622253418,5.903736591339111,5.892000198364258,5.886563777923584,5.854904606828259,6.033392429351807,6.201456175259273,6.048593848927043,6.17641165167838,5.9511942863464355,5.9944159432694875,6.336158700307584,5.903870582580566,5.5505795,4.9812956,5.3142786,5.0290103,5.2495174,5.7140956,4.321308,5.2629724,4.459369,5.0785604,4.7211766,4.8391137,6.659977,6.0032525,5.832445,5.520249,6.2283125,6.1450086,6.424758,6.2256064,5.4780445,5.82082227478823
4.548455006504028,4.558975696563721,4.609358310699463,4.618661403656006,4.595341883866693,4.451467514038086,4.5190505340265625,4.500247209556185,4.549923976428593,4.69113302230835,4.534965670239346,4.386008545466591,4.675313472747803,4.5265583992004395,4.496116638183594,4.504657745361328,4.549581001104311,4.498062610626221,4.4763317389489705,4.498208246093526,4.491083228760837,4.4900312423706055,4.4907265067914475,4.61760450833338,4.4437642097473145,4.9088197,5.4132924,5.1513295,5.511849,4.904056,4.99779,3.9630697,4.2329206,4.4328947,4.7814403,4.7210226,5.083929,5.6123104,5.8689876,4.6422763,4.6483774,4.6755905,4.867837,5.0743265,4.690366,4.9091244,4.659083310252824
4.548455006504028,4.5750837326049805,4.552324295043945,4.560013771057129,4.630797541155606,4.439560890197754,4.484321125757274,4.522835591285774,4.536014036529008,4.577976703643799,4.514210475580423,4.520499280353391,4.715939521789551,4.559854984283447,4.539237976074219,4.549464225769043,4.547642145932798,4.515144348144531,4.4875277190547695,4.481730894427335,4.502879406186139,4.506892681121826,4.494649511960439,4.549008560404557,4.363762378692627,4.028837,4.8508067,3.999989,4.8562613,3.9261482,4.445561,4.434606,5.0843253,4.7091265,3.5997417,5.0287647,4.5523767,5.735837,5.730087,4.6860466,4.61564,4.6261325,4.219473,4.980988,4.80682,4.645878,4.680690955521501
5.0,5.387338161468506,5.449605941772461,5.41008996963501,5.358040989609529,5.515965461730957,5.7641065438250125,5.036160487115208,5.018041187822654,6.082030773162842,5.05302402935505,5.485253232467046,5.292172431945801,5.337738513946533,5.028007507324219,5.038555145263672,5.076213848445276,4.795504093170166,5.1782961973996615,5.260629384247507,5.109612931057547,5.25342321395874,5.313658444973383,5.242300239325263,5.154208660125732,3.1938233,3.9759645,2.6977065,4.0192275,2.9288688,4.109322,4.7545066,4.1752515,3.83791,4.645667,4.8364463,4.893329,4.7419953,5.8266745,5.807826,5.49274,5.843146,6.125493,5.749217,5.704901,4.6680007,5.647795722165386
5.849485002168009,5.573573589324951,5.685764312744141,5.664941787719727,5.637092815072087,5.616482734680176,5.53816637834142,5.443998255176223,5.153557222391009,4.973585605621338,5.197041607067342,5.497780269690827,4.913944244384766,5.433936595916748,5.4469380378723145,5.431345462799072,5.4351079973114045,5.514679431915283,5.203862187655174,5.329084922620912,5.122056497394744,5.169838905334473,5.1723520376056795,5.21235300582574,5.090597629547119,5.055702,5.1280107,4.892256,5.21317,4.801642,5.3198004,5.618834,5.570915,5.5596476,3.8595042,4.1957874,6.933595,5.1109805,5.8675756,5.744657,5.843082,5.6211667,5.4567394,5.975233,5.622733,5.3695517,5.7489111006644436
7.744727494896693,7.17852783203125,7.211630821228027,7.209223747253418,6.7973638266451255,7.309340476989746,7.5648014142887074,7.10622641638013,7.849917975950427,7.4529900550842285,7.825849012650292,7.254104074302055,7.865197658538818,7.441953659057617,7.304553508758545,7.323826313018799,7.206878537627252,7.30342960357666,7.257604528579379,7.336830094492218,6.8044744352777276,7.045248508453369,7.111325414781904,7.176523861183115,7.074526786804199,6.3499603,7.096882,6.285064,6.994089,6.1962156,6.2017703,5.8733115,6.477203,5.4503193,5.649493,6.31753,7.1387453,6.987876,6.312803,7.380782,6.3927464,7.7264543,6.590807,7.3126216,7.089802,6.5912237,6.903438121028248
5.849485002168009,6.757803916931152,6.56256103515625,6.661344051361084,6.7226040701860414,6.710702896118164,6.975677668805588,6.482674846813585,7.170223861584251,7.051968574523926,6.977054636806941,6.674035952565375,6.066015720367432,6.76212215423584,6.784396171569824,6.785953044891357,6.698851122568859,6.798640251159668,6.691595388803511,6.9636673239574325,6.020462449255571,6.099133491516113,6.529199144528861,6.358325973188,7.014642238616943,6.7018275,6.969584,6.685797,7.1838098,6.7523613,6.600355,5.623394,5.8251,6.3272753,5.9208293,6.287335,5.3454256,5.968056,6.3927865,6.3302093,6.853997,6.821667,7.345632,6.866626,6.9059987,6.4854035,6.734469384392595
5.849485002168009,6.790543079376221,6.605075836181641,6.661592483520508,6.68870103285841,6.787869930267334,6.0668208381962145,6.492487188213368,5.778027131813671,6.062514781951904,6.352030526310973,6.917281439434321,6.531115531921387,6.539229869842529,6.496709823608398,6.532742500305176,6.5848066111158365,6.695160865783691,6.2240442274894745,6.503647609137753,5.285540853433829,6.3485283851623535,6.518845104073789,6.609407477920146,6.497125625610352,6.7437553,6.472449,6.6571927,6.4813986,6.8079386,6.7430353,5.8614664,6.236277,6.20798,5.0009046,6.068825,5.965168,5.787447,6.0630946,5.9150586,7.033095,6.5849814,6.8485403,6.680836,6.5711255,6.3365293,6.610659348013636
5.849485002168009,5.771174430847168,5.6927642822265625,5.738821983337402,5.745925294372868,5.72052001953125,6.3070474431263195,6.2748188771658295,5.953477769465447,6.415119171142578,6.251858125891706,6.1497774931015705,6.306467533111572,6.333828926086426,6.392850875854492,6.355541706085205,6.292872432369047,6.557418346405029,6.28913650137721,6.254750678834279,6.192547809618132,6.18710994720459,6.1264213722875835,6.134370891917871,6.484959125518799,5.2008343,5.808872,5.0978074,5.9635973,5.1174855,5.442029,6.2065845,6.180418,5.6398187,6.625387,5.837373,6.265634,5.7387,6.155897,5.747414,5.8903975,5.869538,6.1055455,6.0696273,5.8675942,5.8415275,5.8478499424231325
5.849485002168009,5.748161315917969,5.730668067932129,5.709226608276367,5.81605876106367,5.755566596984863,6.0410616403747355,6.323917201803652,6.174531462319387,6.3173956871032715,6.11970862960101,5.994078415814956,5.903281211853027,6.111222267150879,6.281711578369141,6.26291561126709,6.2344763451052865,6.230260372161865,6.210288379751729,6.180957119882107,6.012648034314014,6.162936687469482,6.231496318650096,6.163165079858137,5.8704681396484375,5.7312865,5.8070135,5.7012177,5.8900275,5.6664906,5.7636294,6.262832,6.120029,5.9456344,6.8781767,5.83942,5.959176,5.986201,6.155897,5.703767,5.891897,5.6667876,6.171958,6.115143,5.8673806,5.956198,5.823215118324642
5.849485002168009,5.905012607574463,5.820041656494141,5.871028900146484,5.853521806764059,5.908319473266602,6.328621965247317,6.2444721411538815,6.645414277819716,6.192865371704102,6.150798972013933,6.157871535948997,6.2121710777282715,6.256053924560547,6.2792510986328125,6.275691509246826,6.168717459733202,6.337390422821045,6.1870196535567645,6.240710719347762,5.295308085281566,6.011577129364014,5.9282825470035085,5.9640026898421885,6.012076377868652,5.6394506,5.5540047,5.486909,5.679343,5.505889,5.8772893,5.8465834,6.05346,5.424577,6.4186125,5.8368616,5.8217087,6.0408807,6.1573834,5.832571,5.9418564,5.813479,6.1945696,6.1377506,5.9166813,5.8589926,5.899450124499111
5.849485002168009,6.312586784362793,6.2641425132751465,6.248322010040283,6.215156044616884,6.400196552276611,6.558098117245213,6.205607045882997,6.802406838789188,6.584198951721191,6.286021678356081,6.3106552888677925,7.051436424255371,6.519484519958496,6.3717217445373535,6.395264148712158,6.344332972241707,6.4358696937561035,6.408066150986524,6.307226313756774,6.604723209787375,6.492416858673096,6.460516531948757,6.4874214822700065,6.313790798187256,6.100778,6.4027553,5.925187,6.4531574,6.054539,5.9363937,6.0504756,5.6399164,5.2622223,5.954261,6.1169906,5.651845,5.937223,6.0082784,6.402469,6.00011,6.579854,6.2519693,6.3287597,6.512483,6.078483,6.266661599489122
6.3872161432802645,5.839657306671143,5.794536113739014,5.837829113006592,5.804583707105611,5.808293342590332,6.105439703953179,6.047735504260837,5.717211991148141,5.7197370529174805,5.990679839086753,6.172106210315029,5.932317733764648,5.99384069442749,6.025553226470947,6.0040483474731445,5.945527877535675,6.096949100494385,6.188372195116427,6.151563785223062,6.139514000835765,6.1543498039245605,6.08857039208768,6.010825039710603,5.88238000869751,6.560794,5.831562,6.5294647,5.96107,6.6209745,6.1856422,5.854886,6.1762424,5.31556,6.8322115,5.8368983,5.9547205,6.1173387,6.057801,5.6991897,5.9247823,5.707301,6.107467,6.118096,5.87076,6.063138,5.8401182383532495
6.481486060122112,5.791314601898193,5.761887073516846,5.781172275543213,5.792104163757894,5.7952752113342285,6.042560220630054,6.069993977818816,5.916429994443639,5.897859573364258,6.0342192655341345,6.033304979650582,6.020087242126465,6.041783809661865,6.0948262214660645,6.074049949645996,6.026067962795646,6.13729190826416,6.2094417677661005,6.158111876675062,6.25319464304556,6.1543498039245605,6.10190053594459,6.050646174041101,5.881405353546143,5.7498884,6.064598,5.57545,6.1391687,5.6157866,6.0234385,6.142772,6.101019,5.6599193,6.5560575,5.83687,6.005232,5.848556,6.0597186,5.7938366,5.891127,5.834091,5.839338,6.0603013,5.841282,5.931922,5.850722438640726
5.849485002168009,5.907434463500977,5.94242000579834,5.904575824737549,5.946890308330345,6.073418617248535,6.085448732215427,6.2763585068540735,6.474180563888419,6.276742935180664,6.255064900212061,6.252037206281304,6.7084479331970215,6.32904577255249,6.333853244781494,6.302663803100586,6.253667845929057,6.3746771812438965,6.4004251545362685,6.286369139277564,6.473755369976544,6.7809624671936035,6.618765219375057,6.287740570902158,6.055797100067139,6.1009912,6.138893,5.603524,6.0059805,6.2400064,5.6335545,6.354916,5.7297397,5.852116,5.575815,5.674996,6.0456514,5.3241324,5.8747993,5.9983525,6.0095716,6.0057464,5.774615,5.850619,5.7707605,5.8782387,5.948012269360967
5.849485002168009,6.034491062164307,5.951712131500244,5.950006484985352,6.003584665757714,6.166252136230469,6.21708913363909,6.188378363059674,6.13549585389356,5.836711406707764,6.129839486053964,6.201158957169562,5.69104528427124,6.113790512084961,6.180423259735107,6.167043209075928,6.118141124172391,6.19782018661499,6.286253711403665,6.256557490008856,6.279979142995591,6.193392753601074,6.240108715882359,6.271475417334034,5.992559432983398,6.232354,6.540971,5.829864,6.356424,6.317448,5.713332,6.606196,5.7566724,5.479491,6.0085564,5.6782084,5.8051095,5.071565,5.882858,5.978853,5.9951053,5.8893547,5.670625,6.14886,6.0524926,5.950717,5.997617539218164
5.849485002168009,5.894552230834961,5.846873760223389,5.835083484649658,5.9956915217020255,5.98895263671875,6.289848704539534,6.165497285933502,6.136546053425469,6.342057704925537,6.257934817357735,6.262772791451725,6.2069854736328125,6.223751544952393,6.1798787117004395,6.184693336486816,6.187685631318506,6.226161956787109,6.288781023604354,6.2525270844075065,6.23502428466086,6.1968889236450195,6.172934155878132,6.179815437058465,6.066887378692627,5.683515,6.137804,5.4481997,6.091221,5.702423,5.646529,5.7399573,5.6812563,5.403585,5.6819515,5.343513,5.5463314,4.7719603,5.8800907,5.9287353,6.1024747,5.942921,5.6812663,5.982442,5.8450985,5.7120643,5.984975648969223
5.849485002168009,5.90634298324585,5.88571310043335,5.8697967529296875,5.856566950472991,5.948482036590576,6.117022218490616,6.130740296629521,6.262302447402044,6.291802883148193,6.141012554040393,5.940080426743961,5.454115867614746,6.056133270263672,6.144737243652344,6.132697582244873,6.114470854028627,6.118304252624512,6.14464849509543,6.16965156396273,5.63368748012887,5.853285312652588,5.9765732221327506,6.133952548868968,5.845064640045166,5.7556953,6.36561,5.557303,6.4496922,5.603453,5.935258,5.3434014,5.7304344,5.608634,5.12387,5.8309026,6.3114724,4.8406386,5.8932343,5.7696924,5.9876857,5.7586784,6.179845,6.1173463,5.9556804,5.805927,5.909482062490497
5.849485002168009,5.984091281890869,5.945281505584717,5.954293251037598,5.90071841224169,6.065808296203613,6.095134281000648,6.1924534758291845,6.137855129357639,6.125344276428223,6.419321497933594,6.112504965943553,6.147486209869385,6.1799445152282715,6.210516929626465,6.1949872970581055,6.138813332779115,6.2705397605896,6.266103059714566,6.276705088965452,6.091372106274515,6.141847610473633,6.181780410423034,6.136349840515893,5.969091415405273,5.762898,5.8532734,5.531458,5.922605,5.5680437,6.230706,6.4859595,6.2302275,6.2514124,6.515548,5.8373337,5.6830463,5.7742414,5.8789253,5.9927773,5.9339685,5.939886,6.257027,5.930611,5.8393364,5.970964,5.9257986213113005
5.849485002168009,6.018742084503174,6.10421895980835,6.08409309387207,5.986240220037423,6.089412212371826,6.212409977033048,6.237736689784791,5.749376232920875,6.046164035797119,6.396257620732756,6.329101063406677,6.078952789306641,6.195965766906738,6.256486415863037,6.257640361785889,6.201099507637033,6.410424709320068,6.260544560365016,6.2650476450186865,6.368471402273963,6.282691955566406,6.317594661687538,6.206362850848695,6.016757965087891,6.329579,5.9041033,6.6226463,5.831569,6.330683,5.899204,6.058817,5.589773,5.094926,5.973919,5.975623,6.225285,5.852543,5.9430118,6.351841,5.6701255,6.1809926,6.0773335,6.010075,6.1806083,6.0051336,6.00063815343116
5.849485002168009,5.99409294128418,6.043829917907715,6.0470170974731445,6.041205573660372,5.891970634460449,6.258118426864153,6.311618503581985,6.008195258035686,6.488250732421875,6.16170860702604,6.1583635287196,5.327630519866943,6.105894565582275,6.191373348236084,6.172891616821289,6.229075557417097,6.2764129638671875,6.265086946733185,6.25579722200142,6.436741400630576,6.230246543884277,6.280457300686068,6.108572809948686,6.2130913734436035,6.0437145,5.073871,6.16181,5.0994897,6.1950808,6.2219653,5.0828204,5.173144,5.1921835,6.1015005,5.653611,6.0556746,7.1571083,5.876489,6.047914,5.954895,6.188685,5.9154863,6.174232,6.069093,5.8719387,6.022563522189133
5.849485002168009,5.945669174194336,5.9844818115234375,5.9409499168396,5.918728596303885,6.035083770751953,6.102190299059343,6.07172529408994,5.991572306237957,6.007378101348877,5.997761423851956,6.169694854148867,5.685561656951904,6.040266513824463,6.028521537780762,6.018076419830322,6.006323241851792,6.056471347808838,6.2666265677952655,6.227446724846695,6.290868025445781,6.242400646209717,6.385712972231752,6.111154573788179,6.167074203491211,5.7718797,5.626632,5.5078287,5.7377114,5.5697026,5.825685,6.123279,5.8966684,5.483302,4.5633755,6.1481524,6.1906257,5.272344,5.88506,6.0376062,5.9463143,5.8257527,5.716179,5.954472,5.925562,5.7504067,5.955317056639885
5.849485002168009,6.2046685218811035,6.365104675292969,6.263189315795898,6.212222414781524,6.394176959991455,6.193451921682336,6.251062355635587,6.3044092395240865,6.34910249710083,6.245342345033649,6.184604606694835,6.069887638092041,6.244988918304443,6.241684436798096,6.241689205169678,6.241995313808556,6.188745021820068,6.239027271268619,6.254591353022707,6.245130112787861,6.320226669311523,6.370680130912289,6.242792107440782,6.579816818237305,5.1768537,5.7347927,4.6700373,5.900616,4.808855,5.4872494,6.1780868,5.8809814,5.968643,3.8095894,4.8026676,7.0169735,5.245295,5.9021263,6.5525784,6.100765,6.2550435,5.7835774,6.1624026,6.1961746,5.681665,6.247210781774597
5.849485002168009,5.963911533355713,6.037987232208252,6.020137786865234,5.998727677922079,6.1248698234558105,6.20618850544406,6.164834830316521,6.247422815797101,6.088218688964844,6.120630598125262,6.14287986245906,5.764551639556885,6.110949516296387,6.134592056274414,6.127867698669434,6.07356581774566,6.083869457244873,6.262761003654583,6.264589112337126,6.123122861961992,6.13309383392334,6.113591665595489,6.161031208461631,6.031716823577881,4.923965,6.052513,4.4621863,6.041275,4.2007174,5.4545493,5.447505,5.4792047,4.9970055,4.7052135,6.450756,6.0194693,5.008087,5.9112887,6.3016076,6.1031313,6.0455956,5.5342693,6.3019137,6.0526667,5.5746455,6.135929414491184
5.849485002168009,6.157643795013428,6.094961643218994,6.103407382965088,5.953118103280209,6.231963157653809,6.22704182205583,6.238654472754717,6.40488382082187,5.92444372177124,6.191309207945556,6.21170678798155,5.420618057250977,6.170431613922119,6.265843868255615,6.2480621337890625,6.207869318467246,6.277037620544434,6.2714437842415265,6.237114134078506,6.190694413213682,6.193392753601074,6.1485857638851025,6.257731042916104,5.729517936706543,4.959008,5.4982767,4.2541666,5.797732,4.299078,5.49137,5.5611987,6.1554527,5.913136,3.3727658,5.615076,6.6996584,5.171378,5.8873415,6.107646,6.0795946,5.9192314,6.2896686,6.322841,6.2053156,5.579997,6.1059600995693115
5.849485002168009,5.985144138336182,5.919766426086426,5.9470133781433105,5.882215673118401,6.075144290924072,6.186529799389357,6.1452679207038035,5.973025013191706,6.032886028289795,6.184424979693875,6.105813113078847,5.310599327087402,6.04886531829834,6.112752437591553,6.096930027008057,6.078475014040035,6.1221184730529785,6.270047954249561,6.235436451038097,6.234279806033436,6.193392753601074,6.242713189330917,6.1895695041708985,5.902037143707275,5.267798,5.7233963,5.210778,6.0008583,5.285649,5.352552,6.017854,5.2602606,5.611917,3.9010677,5.29205,6.236037,5.070078,5.8873415,6.0381584,5.9344077,5.8434963,5.811651,6.245175,6.01217,5.600135,5.972742574100103
