average,sample_weight,SMILES,pca0,pca1,pca2,pca3,pca4,pca5,pca6,pca7,pca8,pca9,pca10,pca11,pca12,pca13,pca14,pca15,pca16,pca17,pca18,pca19,pca20,pca21,pca22,pca23,pca24,pca25,pca26,pca27,pca28,pca29,pca30,pca31,pca32,pca33,pca34,pca35,pca36,pca37,pca38,pca39,pca40,pca41,pca42,pca43,pca44,pca45,pca46,pca47,pca48,pca49,pca50,pca51,pca52,pca53,pca54,pca55,pca56,pca57,pca58,pca59,pca60,pca61,pca62,pca63,pca64,pca65,pca66,pca67,pca68,pca69,pca70,pca71,pca72,pca73,pca74,pca75,pca76,pca77,pca78,pca79,pca80,pca81,pca82,pca83,pca84,pca85,pca86,pca87,pca88,pca89,pca90
5.886056647693163,1.0093538704045897,Cc1ccc(NC(=O)CCC2CCCCC2)cc1-c1nc2ccccc2[nH]1,-51.01567338937393,-33.05181193929072,60.10294287774828,-55.942605123348706,-17.973140121383985,20.317009991842294,-44.87087719965372,41.806082642620474,20.761560719544807,38.59872167616863,31.230087144553792,1.4743786755384922,-2.808840123407288,-10.112869991738867,2.9731211801763924,-7.363750300710808,-4.9152465805849435,-1.0767522531029656,-2.59716941885331,-2.5167311687402565,1.9078202524655248,1.1887693577023701,4.074562726381609,2.7772521190580486,-3.73804879779363,1.5464658101226503,1.680829121954349,2.2313101173070273,-1.2085856257820942,-1.371065259781023,0.6472905106307892,-6.047333709542678,3.918493092902391,-0.546252089043858,0.5494568494381761,-5.872330322702895,-7.864692671655589,0.04829526870466077,-3.1114368423950887,0.23312610020153526,2.4662446334302204,-1.1749709173774285,-1.495741320704335,-1.0130234495312584,-2.9189521991535208,-0.883803126259438,0.5934696423229283,8.245267049809835,-1.724558150700575,6.551530480760174,-2.7875840544542894,0.8329524389859669,5.2204716313601685,-3.338239604296385,-5.775565643360128,3.6076747053059797,0.5038559157653166,-0.3843125778269337,-2.202310301789593,1.6627188558262327,0.34655539258467866,-2.193862274944072,4.270596989748286,-2.707965193369415,2.5666291921848066,-4.395560089216705,-0.49275405331021066,-7.9976767909037125,-2.406427043502706,-7.449074963458224,-4.33335078475939,-1.0789993585107986,-0.0666454897956615,-0.7943949267921346,-0.31082605024178983,7.9530933453829284,-12.250479733493213,5.867497145698648,10.227943523522264,17.504431036861746,-0.3445176324431892,-2.59346529548386,8.700479386023694,4.38649193941644,-6.743726194913145,1.8543732021896548,0.05411854970846987,1.8297374336822834,6.917183813384272,-4.934742474199404,3.3806625103297354
5.698970004336019,1.0093538704045897,Cc1ccc(C(=O)NCCC2CCCCC2)cc1NC(=O)c1ccc(O)cc1,-46.74608314330519,-36.557837196159795,80.62548771292724,-49.7083559399533,4.0142611066657645,-4.449265059556502,14.618186197239629,-23.635677703435043,-7.329501194214062,-9.125078148923654,-16.884953687683485,6.163515180196278,-9.120988281146744,-7.832735827821874,-10.555301835944334,-0.292967643939349,-5.768590442395797,4.543389074259366,-5.273529454389142,-10.651887311327378,2.2803449127805147,-2.847386096356445,4.850277517657655,2.425049162450554,6.558023490416099,0.7678386693462544,1.8544413642894568,3.3149785111558643,-12.696637318881741,1.1600595443826973,6.752015337376922,-11.137399653451896,-3.429028092137173,-17.09912634306065,-6.693161357618366,4.945552941760273,37.232115126390134,-5.933788498732688,2.9258537785978036,15.271568968920283,8.769985681467988,-20.695878664153508,-7.816278953629964,-18.458279138309496,-1.5454539112354888,-4.363515605080063,2.234986521420578,0.011625552896668967,-15.962010027936032,2.048266283602876,-5.514136735148347,-6.954792455166335,-17.88945090790845,14.620734761624849,-9.468725606660016,-7.490652379620386,2.9603654827668806,3.0995426568099687,3.4577190908020694,0.366738624339365,-6.978601449762124,0.26990014625126274,12.168304950428169,-7.63686312361895,5.044817766421774,3.217423011328581,-9.594051474349579,4.636132605380052,-1.5828563467615016,-4.96433834674931,2.5420883593853816,-7.45024185128894,6.278963644786306,-5.50385853895287,-3.931704757106046,-2.978959566527554,-5.003201794026928,0.9188132181617477,-1.4236321648414962,-0.25687887608144133,-0.6785926441867619,-2.9234138335875945,0.07050242067456124,-0.8733708175413039,-1.856001373000547,-0.26917011778262784,2.5513847068309343,2.3407047253110354,-0.3766165102299602,0.6619353538990729,1.7639099074049696
5.886056647693163,1.0093538704045897,Cc1ccc2nc(-c3cc(NC(=O)CCC4CCCCC4)ccc3C)[nH]c2c1,-45.360390228569344,-31.164052315792794,61.31314518422249,-55.64006543529328,-19.751144812922,21.24702171187604,-47.68998909052873,47.103132562508264,18.30507003142382,39.121080993134456,33.38180457992888,3.5234901089088706,-6.499802441131934,-5.779673874529114,4.2538471890297025,-0.7899023611250449,-1.9446896367979227,-6.111713180097881,2.2704340071472147,-3.7533690224101424,3.1279945664835425,2.4932251594379733,4.636771405010925,-0.365315850814435,-1.1308257311912548,3.1173902713827166,1.3659083230101665,-1.6376907643665728,-1.614267183977221,-0.5785543638383474,-3.1819707604286904,-1.4376584293430763,-2.895633184844656,5.133692085009904,6.772879857323017,-2.463467193635005,-7.676216133726027,-2.3122708358383695,-2.771326508039937,-3.821562009492216,4.154831882140806,-3.408573809769476,-1.408222495602475,-0.4006804930031129,1.9776186709491825,-5.380121272993796,5.736006072858808,1.223499861712421,-2.2247254227213826,7.676610746873956,-3.5871365074269628,-4.916303245926059,3.4225345116793204,-2.074716629398091,-7.644714659661944,-2.4109562001398723,1.4754678649781918,-3.100652688298774,6.477284622308303,-0.5151489907676139,-0.837508620790066,-3.191178669906645,4.7174680736854055,6.589055373959458,3.5132332875706824,5.529908683238456,-0.9855739944461063,5.955372956666514,-7.0722337385182685,3.141287289863536,10.10279912128329,0.047782429906728506,-0.17072589889676415,4.400759224259237,-1.6487420831907849,-7.217617103252371,7.2907814724977,-2.222065836206898,-1.851599382910916,-6.348972819489425,3.019081872452248,2.1090128196397244,-3.217335547879862,-0.9793545186392035,0.8879885656912593,1.3076973578676683,0.5330723136051605,-1.610691999630889,-0.7680282290691146,1.1580950056211377,-0.44375231528176
5.698970004336019,1.0093538704045897,Cc1ccc(NC(=O)CCC2CCCCC2)cc1NC(=O)c1ccccc1,-53.076715738590806,-41.64783520700324,92.89816285927184,-59.733543853534265,-4.894834969274765,0.7968129225531029,5.742503249641994,-25.122712278477334,-0.9575780927732802,-20.90818329435202,-18.688577013558543,-7.518436987727577,-2.3083286368637785,-1.4940563072267803,-3.649966060691085,-3.9541049121527743,-1.2150158822981412,-5.613372678659562,-5.476770132345103,-5.03073756906273,3.435713628070223,-1.7861448760569019,-1.4911909821390747,-2.5629125212591912,-1.6861406624573714,1.1692057110380998,7.50545006320804,-2.2486641134609484,-0.3743028459506807,-1.1825594881492938,-2.100428461903391,-0.10402336524894303,-1.6175452065089895,6.836566516475124,10.368969480442743,-4.158968110554642,-14.721775167504486,0.9904647287657806,-2.612430350803268,-6.136732571368768,1.0558496662759416,6.2112474209413495,1.4995054056094737,5.646923953744778,0.7947567046975735,3.8315062597918432,-0.1815011468748572,7.425639820235068,0.9226337525312331,-3.8305566341090014,-0.08428098966633457,-1.0529569122442948,3.6430452138725213,3.4649345764177886,-6.599319315496519,0.016722386689165203,-0.460633282652346,2.2327203504233117,-5.539105105457211,-4.226956665583868,-2.765604697714159,-8.312095892175059,1.5622301729763342,2.911317086746482,-2.00488641238878,8.930694922698986,-7.470088228447736,-1.2692529896357485,-4.88949084207601,-4.855633254603063,0.8550174804488835,-1.406154395825115,0.8463583047949825,7.046476976917728,-1.3901188210645412,-0.3839148979729294,-2.3936319523382616,5.492803131265627,4.1873285984817725,8.998639755649682,0.050189973777604945,-1.5873214751389175,3.8014225204944965,6.852098689446945,-2.5001893995782627,1.5860738599777378,1.2563518461142746,3.973869452414568,3.476482059357572,-2.4767426204096297,-0.7324745662632238
6.154901959985743,1.0093538704045897,Cc1ccc(NC(=O)CCC2CCCCC2)cc1/C=C(\C#N)c1ccc2c(c1)OCO2,-47.06028763036018,-18.925174288176606,59.519277568735845,-39.4572165611852,-5.401651731180108,13.839938080606725,2.2230010959544946,4.91522630303732,11.06536977184869,-19.583981167784312,13.824250783742924,4.4681848827304105,25.593057411639922,22.355753721039164,34.2439983142781,28.378622880031973,18.79713736990801,-3.2435097320942963,27.807587948984104,48.599410363284,-23.667525756009315,23.03553832212131,-5.52697746641497,-3.411606834033937,-15.389514819028244,-32.22223111092443,-15.331612484554908,9.637140630638081,8.546202204755946,0.27391076035788214,-12.91111163911965,10.858519041835098,1.899666642698067,-7.3955723545098335,2.7688291397349594,0.5886443101170267,16.14243037264427,-2.125904978265155,-1.977533671027441,9.28851845217969,0.6557245252603581,-5.100671703835115,-0.0124900558910399,0.620447398270742,-2.8921703005840365,0.6655635005983864,1.8766141245390622,-3.7951279581417707,1.0472946280307018,-4.309880822089528,-1.5669165635638926,-1.0464630098600427,-5.3413087237061285,-0.8835516646231096,-2.7942878475902435,9.806581502468731,4.242418715192156,2.9564073269379167,-2.2646061347872313,-8.689194873735785,2.7590080764726292,0.24914469860926866,-4.263715728545184,11.435269128252035,-0.2751320534659031,7.604665330897709,4.743653360617447,2.7164988170038784,-1.7791854747966263,-3.420788089386041,-1.9918110830223061,5.850791197652739,3.3051969227263194,13.383661669105221,4.3240856055559895,-3.3278178734785393,-5.540647816445417,2.926533107148632,-2.501238458556207,0.23180020121701145,-5.049595957465225,-1.7859149425516916,-0.31896491880148975,3.3381732499074785,-1.5674930761435886,1.5052766618629343,-1.756438320655641,1.5814027856893291,-1.2033798660725765,3.3043209131167575,2.0860887170901417
6.154901959985743,1.0093538704045897,Cc1ccc(NC(=O)CCC2CCCCC2)cc1-c1nc2ccc(O)cc2[nH]1,-51.03567761610937,-28.482361611320478,62.463151210941604,-52.6460740101446,-15.830009399998902,17.693490061252696,-46.55824784988854,38.40844619310736,22.617288348709344,46.14794908975204,37.30158285452052,3.227410305210445,-4.211243634882953,-10.039000623820552,-2.73477089089009,2.18159892191896,-7.640924526694649,6.503857561389243,1.3597633674145362,-8.38132977149444,3.6024462800845165,-0.7634529928995532,3.045712210272013,3.60506842031001,3.4133700902336144,1.7792404451053356,3.2727507323512377,0.1811612864295739,-1.5646531861182869,1.2721621427039689,4.050145312901883,-1.082824713942913,-1.5675578162270234,-3.0442215410686946,-7.302088000697866,3.3292565497151076,10.163003693037735,3.3442942848446306,1.9574185037580862,1.1714131215052772,-5.409122679020905,2.762928971769494,-0.973622225661693,2.3410335966322235,0.757739623617467,3.5091220950002,-4.845120171014831,-5.4941003798972385,3.9987322452961496,-11.198048447903258,7.15066289018039,3.450915095050124,-7.5737063934495366,3.4821139809970707,8.93247328120364,2.416147735646553,-3.0747263266394884,5.625264060936966,-5.747870372306734,-0.8663366424315913,1.8641816369228301,5.736690084423342,-6.424033660119232,-3.4744276392787277,-4.8805572423462245,-2.1244763770940915,2.1433066004611976,-0.26072763472017907,6.56022259017896,0.7119274478980683,-8.333851927894445,1.0975437116690594,1.3744085345623966,-4.2888701574908294,1.5238730448559248,3.1668939647496748,-1.8232943487456095,-0.9187437112308948,-1.7085246246307066,-0.4953268055178144,-3.619839925948661,-0.24296594082158854,-1.515165616595899,-1.149016368083765,1.9068068854118818,-0.2980197560041901,-0.5197080098909523,0.5961960027499785,-2.6976336810779906,1.7973109404062773,-0.9681626664902584
6.0,1.0093538704045897,Cc1ccc(NC(=O)CCC2CCCCC2)cc1/C=C(\C#N)c1cccnc1,-47.29436850625728,-35.59653954747414,58.04720085199302,-45.35792783445106,-11.991865068431037,8.865864501301,-14.222604856712472,10.671329462761806,9.424668150604699,-17.0813384491077,-1.9857262118423724,-25.80316907615372,6.2847041074239725,24.624054944143953,23.610508760535968,10.496039170955477,12.05806134732245,-4.103743215310334,-2.2533622894272423,46.592486857172815,-28.563422596810113,35.09874189007721,-11.56445466958139,15.937080935896663,-11.526546702591911,-1.0368401694590357,-11.21487273245141,8.382732266497767,-9.491695749236891,-3.6815513734045258,8.55484075669579,-18.394588710477166,-8.765862071990364,10.674249598818061,1.720121346602365,9.081529972100565,-5.7916525010677,6.093432857842013,-5.002401500640342,9.882547877692257,16.971217981000212,15.555655277969823,16.98176916200269,-0.9180751197591306,2.489117792678275,0.8048448355587723,-5.92530215991355,1.771185259278776,-4.763538930354763,-3.79274380055746,0.6742455213131895,4.5882083526193504,-2.878424026964528,2.5721006774490864,3.7718818378577845,-2.8272606302731726,-1.3775346092346143,-2.613640200441592,-3.4611785708711484,5.859852840109144,-6.404857928948905,1.852844364880566,8.073594008545784,-10.522794436016861,1.4906961794952642,-9.143309273706128,-0.8155708670987125,-5.055558600523926,3.503603190692612,1.4876064173974786,2.5825929582303275,-8.957833092759747,0.41574093466681056,-9.409059046823275,-2.6365904100610726,2.7093191402415746,4.848118203543018,-1.8054886232609002,1.8383434681263109,-2.5653649377009193,6.668061912322793,1.991789385565771,-1.5970797939279595,-3.251437881254162,0.3065239754817697,-0.6070606440827976,1.4675313262649687,-2.8583839404300635,1.2524823331344141,-4.049957797420342,-3.3180654218069323
5.769551078621726,1.0093538704045897,Cc1ccc(NC(=O)CCC2CCCCC2)cc1NC(=O)c1ccc(O)cc1,-57.265252957111706,-37.727635879928364,95.00914443870073,-55.65460129347163,-1.065578762297203,-1.3698790594385113,6.370711894021787,-27.334738600832473,-3.8078598488799504,-14.837947855240198,-19.628651552565834,4.059289151259817,-2.2509286614536705,-4.025503688302742,-7.131001880769679,2.7407835392359656,-3.8671840341992536,3.197840409207754,2.656828249515684,-16.247789721251277,5.231440494452677,-9.675332056168767,0.8001523194488028,-2.051337174016854,3.1594981148566976,-3.4934469728932904,6.7480622099234955,4.727563279483389,7.347767525165353,1.887311604587743,-2.048913313715345,0.2821571336216225,1.1626822376186947,-2.620797045971288,1.053073675781902,5.445469401138029,2.169380264282686,-1.8131146793858286,0.9370588994085908,8.42468221221013,6.225736763022558,4.988073654406663,3.8832595666426557,0.790454185718448,1.305691755596264,3.3042754500354454,2.045642461657827,-3.7753715415451183,2.6640612658651674,-1.434584197266225,-0.8073962833385724,-1.3659068368970388,2.9080672812674853,-2.2803036923129274,3.182550538401428,0.8041192183558173,-2.748097413124854,0.870932052113555,-2.568979189103465,-0.8665264455216735,-0.9945207570091227,-0.303112706035821,3.3988822342034646,2.8541382093641814,0.0346117096549952,-3.6140305056979276,5.405836098916667,-2.277475161187401,-1.4236295900786249,-0.5145694174959778,3.0171026741969555,-0.6462358467543496,-0.913759547884655,-3.9848472428359343,0.6316735479814525,-1.5904100672849342,-2.836145392707637,-2.6796125917236173,-0.33159736350553576,-0.9916323675825006,-5.91439079292527,-0.7357148562888073,-3.7942485667425654,1.2128988923327848,-1.972478161712203,0.47007181904034845,2.9620205424723474,-4.713528766931005,-7.351014533126117,-1.0936795313387033,5.419153144147789
5.42021640338319,1.0093538704045897,Cc1ccc(NC(=O)CCC2CCCCC2)cc1NC(=O)c1ccc(N)cc1,-56.632516639370905,-37.2301780207965,91.69530774950825,-55.97835362175645,-4.28324267004466,3.739704868769704,4.332831784982135,-24.96801298347357,-4.411152650132853,-17.406188828920275,-18.928285977299893,-1.4939516734881126,-5.274791664228523,1.5734571110115283,-4.4269994614040815,-2.3526532549656864,4.199608315532976,-6.4393972305433,-2.3754359662461524,-8.93377240838405,5.195676405088327,-5.427375954759607,2.903333178085791,-5.710417751356734,-3.1907325391852734,2.231907202265789,10.252807511645987,0.15544237973048977,9.188460963756253,-2.584361073270609,2.494615828566637,2.2776108694052906,3.5485707424696638,6.734522735945383,2.7443309855154108,-1.386089872236049,-19.73620671059945,-0.6474676883814567,-1.562026660690689,1.2699615917371943,2.570830069576014,4.090075716210802,1.8056979249411498,5.783164248686897,-1.5020802602353216,0.7977213820134638,0.606072969117894,0.012239847423421027,-9.351682646514815,0.08670479748175125,-2.998538293619849,0.9143901847128676,-1.9490307795960735,-3.2928785039321906,-8.055640700837149,-1.084031188631697,-1.317037399359529,0.33089152859786497,3.0153509168878267,-4.26849298365382,-3.7363563309585777,-9.32255331023095,12.454201795844071,-4.652425454613948,2.707401508049234,-4.322668720169365,-0.4160916058190299,-3.7059473218365175,-0.16815475981694775,3.229075509741176,-12.670214234788098,7.655684606555824,1.538259950326921,1.1288177041871654,5.721522116619908,4.831633280346423,-9.875437586485258,-8.527245726881485,-1.4305812309838417,-12.047907197231458,-18.192605719836127,2.4996035101401066,-7.83873448779437,-2.5700376982453745,-1.8090895554864825,2.934799508135805,-8.542300268820417,-0.7532423866702852,1.2288132245643588,0.643010862902244,-4.911615534593565
5.119186407719209,1.0093538704045897,Cc1ccc(NC(=O)CCC2CCCCC2)cc1NC(=O)c1ccc(CO)cc1,-55.91850396454045,-36.13718515214315,93.73845546654458,-49.216922490943816,-2.292311959657742,-0.7884082412136558,7.662929275126841,-27.814319475279426,0.6207740880752142,-14.54609620550244,-16.50710450176079,1.0688390826068999,-10.96729496628134,2.610938886914028,-3.561383418379813,-7.317854765622933,-3.320630483825391,1.8695257474686753,6.837990164832368,-12.301736472854301,7.814014719179076,-12.99748637479208,-2.3909337947867395,-2.314282479741316,1.3599489284063133,-11.04446110667507,8.335512939936775,0.293450021138787,5.05138166686386,1.8430588248991748,-4.746569040228327,-0.18971731591753715,-1.4458584537436687,1.97204266823361,-2.355774084858059,3.4886564596982312,-2.221577407872112,-4.937841424153848,8.467090916315561,-1.2903479163153495,-2.4289033429235873,4.559993634993392,4.8945360195446685,0.83049911390287,3.1837086800989725,-0.582063076763785,-1.316867233576326,3.2510738803844816,-10.42985763695774,-0.04039226041863793,-4.703760645791768,0.7615206724941326,-5.0584340281002875,0.7412880201169464,-1.716785995855056,8.014518309851557,-2.4190002492585183,1.565114123583383,-9.398151356647627,1.3714509993125144,-3.363155723056866,-5.516449649596378,0.29378093171982167,13.876836070560717,6.277793124307781,0.5018648624985637,6.165510925317381,-3.6256872159522833,-5.202106811236112,-0.11958018822184718,-9.956925467142705,10.304213545887627,6.956215926502429,-6.445929320161725,13.156429067712887,8.20589966649592,12.238275525829428,0.4784516257484818,-12.341560081152814,6.269720631488388,17.553592192214722,3.357415641139575,2.2096975377665555,-4.992027835186479,1.6759159332582891,-0.2350013812023392,1.1200329379395804,-3.5713742419337686,1.5228455334897169,-0.14041977834366764,2.0915767753245684
5.698970004336019,1.0093538704045897,Cc1ccc(NC(=O)CCC2CCCCC2)cc1NC(=O)c1cccc(O)c1,-53.62837132678073,-37.66808361863016,93.31485088286043,-52.92009337642145,-3.9446192980324493,5.396164418052257,1.507453230316294,-25.981741280395216,-3.210108655137323,-14.032736068743732,-10.414514506901378,-6.846230975973356,1.6174395696647992,-1.8862021313564867,-5.1245662719309735,4.715270260277122,-0.2760185980176075,1.9696966417374064,-1.3069026012170792,-14.419285180309696,0.9244816227859073,-8.044483427711283,-4.556429349078726,-5.778267480506726,4.330136547441317,-2.1695434447538156,6.655425952641198,-3.32970895123504,1.7672251060022863,3.214063432311341,-0.014415983547972737,2.100536156082758,-8.124540057773482,5.306975329334772,3.6354081096717095,2.050478323297294,4.347452062677783,3.1037046899604186,5.029976472819869,-8.032818818743735,-8.98249930450631,7.845670503018161,2.775712267962255,6.483857363217383,1.7481540538356288,8.205488085102552,-6.003695074091548,-2.6248037243712954,6.228454914773357,-20.996790827015808,7.666849118499885,-0.726963994154696,-3.5059912425250364,7.195219872872593,5.405368472113615,-5.881833108050942,-1.7811654069328344,2.86164093708686,-7.5329422111579465,-7.042926613192463,-3.852670625097756,1.0953463858638686,-7.961163229001536,-4.947295804186027,-10.24363183187926,12.421132261001366,-13.95639649089544,4.192376074970172,1.8465473237261105,-4.112011281598722,2.1604504496899755,0.18091792342536353,1.9671678937302186,6.78420786339928,-8.40187044296166,-6.59730407020883,11.803004382801417,5.3451349064171865,5.012486874931226,-4.744132708770728,1.1036624995520203,6.4983025035900415,-0.7484759006439058,3.3190610512317176,-3.304289124354281,-0.4933770390562132,-3.2798857994105357,-1.9431721440113534,5.199026111119103,-5.882405875189971,-0.3119142607847204
6.221848749616356,1.0093538704045897,Cc1ccc(NC(=O)CCC2CCCCC2)cc1NCc1ccc2c(c1)OCO2,-55.557424244685066,-19.038082467544417,76.32023519101337,-52.695093634932874,-5.087099375492071,13.85377159557235,9.215201939890362,-9.685940861020962,7.282374775112939,-13.434148897374998,0.14965694938354412,4.218029244116703,15.197994100369034,4.255680330628606,12.200185205698453,14.1479253749578,12.780946997299647,3.599974783321828,24.010531940585263,10.40920714087533,-1.1081170359383383,-9.212545320344452,-2.1164484806270996,-13.97827873413405,-11.652202183473138,-25.10036424620292,-3.7634248059111717,-2.4176878062502323,16.463950088798875,6.7115746160812275,-3.8491687966232306,26.224501804771165,14.74221386828655,1.2839254326369403,-9.55427940088407,-25.362748728454118,6.030325986910103,0.007802285494141219,6.0328596156618195,-22.659356957616907,-31.947386864728806,-15.852580373474886,-8.013407035388333,3.99181376748361,-5.730871283558084,5.893062657297747,2.8212668545198065,-6.611535340061429,-7.67247171557292,10.465143475837246,0.5229661993333574,0.85196053570817,7.634459616537705,0.2810763047505805,4.421274661895327,-8.861435053412979,2.947088114536605,-2.7863075289879506,6.184743253285654,6.867457787051508,-2.9198858376276635,-5.334093568551144,-2.9812035760781868,-7.170267385138281,1.1934602127011713,-8.617853114203957,-5.16595335588197,0.9463034474367821,1.4672278470419904,4.150575368620695,2.3030738533742077,-6.164966908696625,-1.1932733174879095,-11.510363828080116,-3.7263814995188125,2.4465267133988107,0.35085481255400386,-1.9580658149037984,2.7869178760216884,1.1542778085942471,1.24655539348573,0.531938203502755,0.17380075055406646,-2.8086993672978857,1.8476156538560033,-3.4529356598228773,3.435210677908943,-1.6558799868384235,0.05786568151476657,-1.7339230843569111,-0.9015863603989074
5.920818753952375,1.0093538704045897,Cc1ccc(NC(=O)CCC2CCCCC2)cc1NC(=O)c1cccnc1,-47.403041961146606,-36.15206183016387,83.75005073076944,-57.02278521840781,-13.772890368114203,4.208293916392456,1.8078885780057334,-14.646637698563971,1.5646095916343463,-18.794616773950953,-24.084299337025694,-23.13936851588256,-5.2655266327862815,13.648505894999573,0.36861158968289937,-0.09223769435474358,1.2738257693012385,-5.10759221426202,-16.091656333048082,11.630094170777882,-1.1440907477243083,0.8724093652655937,-1.1853676528079915,8.428057877762848,-5.298925178586194,21.058917801886682,1.8759201655136928,-4.90623674013544,-6.265833984788943,-1.5371609326057467,16.231185194631557,-6.502416742074411,1.6376650495228613,16.411164658238395,5.268339469473612,-3.5632703718794123,-20.207659307839208,5.531426221119902,-0.3895680380337124,-15.78177851903327,-9.027169675390406,9.315184462135294,-0.605527492029561,3.0875539157030234,5.349012589654858,-2.323087095675758,-2.653995032592649,1.662183913051795,0.014695466631579815,-0.5530063126658874,7.868427692722512,-0.8108670435959909,5.902536124820671,4.46868553823251,5.451810770996625,-7.280990604475422,1.937289750473096,1.0322930051841543,-1.1042439324238926,4.2460094871659235,-0.5624500975266565,1.7522758712296462,0.1380815525081363,0.13786576281721463,0.010429751600367151,1.1050392019886883,0.15514664049094198,0.6460944873404102,-3.676811963931664,-0.014011090302801997,6.5620659813428555,-1.253531916358207,-0.8446869464798099,-2.2150273981656374,-2.2931779271464885,-4.10250841893642,-5.586868998568373,1.0323260075090035,-6.151894916844045,2.2301793897820614,-4.234323417547366,-5.243596613993735,6.503177583422237,-1.971892676197627,5.432176863027315,-2.5021902251306964,6.215802664237612,5.207309034579554,-8.210073246721462,9.203574313624948,4.858294365491247
5.6020599913279625,1.0093538704045897,CC(=O)Oc1ccc(C(=O)Nc2cc(NC(=O)CCC3CCCCC3)ccc2C)cc1,-42.473740289604464,-25.020438541417995,91.04427863379763,-42.436584072398,-3.3677495570185307,3.309124782300151,16.580540506556744,-11.914676754078995,-1.1482487411032212,-24.217176013508947,-16.729589481411477,12.473845896704836,12.779527973517254,0.022760375408116942,0.6822553291507913,12.567148105163236,7.332823621487154,-2.0183342709316174,6.629752486511847,-16.88918775906369,3.1567909425608174,-12.89657294407788,13.063380510476337,-7.235406501464582,-2.733813272318418,-3.162536622945276,7.391115838412416,-5.007071542578772,7.917587111484316,-2.5624897411132883,-21.531685964822405,9.700725866784344,-2.0640392935308163,11.281645354931353,3.7975051889640135,-0.012839833474339568,-15.113304851626808,6.627465912391033,-15.275749843026912,4.100885043166158,20.294568959990666,-5.2587393217722065,-15.818938564775193,2.4622582110182942,-1.4405921010650875,-17.67519189203684,11.680149287991371,9.455386915555739,1.9828293020761598,9.515139918265593,-1.487605007924021,9.79438447221565,-10.320735780648276,0.22152673586500185,3.464883767629802,10.361162565296283,-15.843717846410483,1.488072590123197,4.897985190568166,4.9716504112117645,6.050936983275686,22.923107454946006,-5.933060614407018,-3.12841898197658,1.865693753731719,-4.23584321662099,4.09226166791758,1.6420843834544852,15.143503533274679,-5.185948208452592,0.4331422613429701,-2.100031915675966,-2.5592460051139936,-0.013728057198982808,-4.920666264660763,-5.287750269675188,-0.3077052493398421,3.1990859834348773,-0.33313211271376203,-1.8326290881425003,4.459047109483267,-1.8090110720685235,0.5309927745303886,0.43687920074136044,2.8797740153811686,-0.8557314407796794,-0.5936624558440379,0.49898128000439995,0.7093477731037308,-0.8780336042481567,-0.2792481643079993
5.3979400086720375,1.0093538704045897,Cc1ccc(NC(=O)CCCC2CCCCC2)cc1NC(=O)c1ccc(O)cc1,-55.236496137723634,-34.640214746933815,91.81860532357553,-46.72104950976351,-3.553268620306694,-1.3507043155854404,5.646576702722356,-32.52495235649096,-6.493005840882621,-17.12336003504376,-19.210422832910872,5.501161144515257,-5.286056504020546,-2.1739240100950337,-7.911708772020568,-4.280635187172001,-1.2298819010202633,8.521358200671047,3.867999699548528,-18.16978346478838,4.664634533623147,-7.872378842555455,-1.8913013877513845,3.1446524588744875,10.460495589834796,-3.284357564998829,-0.1419152672941071,3.9212958838564527,6.05280534049373,0.7177289712977771,-7.256881009987589,-4.648181474268209,6.0764631884179225,-11.21117919834816,-3.5556163548941684,10.398357815355293,7.751229005909991,-4.921614009568946,3.263003936872124,12.963375338656402,1.9389550523194659,6.699236168693426,5.265685023438528,0.6173370025392025,0.4336047468046075,5.048884240793777,-0.29926277046076666,-7.020486518999393,16.033935579667688,-2.348056149214358,8.243828031048468,-0.0920666402066391,3.826740404563241,-2.901221401328773,-2.7600869537391204,12.080875765396126,12.189466651394312,4.378601007783721,-0.67181688365463,-3.3694873700474512,11.430847371388237,-5.940393714932086,0.19584991027362303,5.92975455438126,-3.863316693608926,-8.11537178737895,16.018434335840528,2.8804688958574576,-3.8525110478176896,14.640763391093353,15.028291608184626,-9.680734323572251,-3.6065982276567237,0.17213166603238808,-3.9888372134750036,0.46712410537499566,-3.847753232294854,-4.733432744650055,11.701901813963111,2.7994390220962773,3.4614781787718734,-1.0105172049203694,2.1346172700045094,-1.3215737467191304,1.130164712253696,1.4899017529484844,-0.5891546839291147,1.0658722590433711,1.7677850955280106,4.694083631411315,-4.0907593136813265
5.698970004336019,1.0093538704045897,Cc1ccc(C(=O)CCCC2CCCCC2)cc1NC(=O)c1cccnc1,-37.767668362297876,-32.14488341903942,68.89152316842795,-54.029500006317775,-8.989797226158863,2.207074230764154,12.110969498119255,-10.551410614845842,3.5247666694246407,-14.80248744303707,-25.016694524481533,-23.190827932038015,-4.81049679508681,17.701483563042423,1.144230526730508,-6.15105054958219,-2.3146831208092764,1.6231646398096762,-22.82260521101264,18.43240001846876,-5.401256009677958,6.600995492633529,-7.778349639818167,19.728776236014962,2.1098832303261306,28.962938459026457,-8.594576250937273,-9.160529595865908,-31.567248673463787,2.8741231716926734,25.88746273120827,-12.999078391022817,2.5986233065597166,-8.451692505126463,-8.288991052017526,-3.8870982924909803,10.459151644690545,4.768954791756627,-2.876732358739974,-14.246867728681442,-15.491728186784204,-11.917545391322193,-19.366082379069756,-17.232235303238852,5.25233937069538,-12.010441643074193,4.765873084228797,0.27009910490910366,5.747317777653575,9.257420956557704,7.945316728720098,-3.7860041226404766,-0.5296597472901974,-8.121223856735357,-1.7050951144669027,4.345049202173784,1.9772503524759093,2.6809458722822854,6.6688239122797786,2.1629402250729504,8.065748856068092,2.075803051707651,-11.52876409547064,6.853937400224427,-0.37283573671544945,2.1918726248359413,7.414516844243438,1.3896098843160545,3.7986198649366516,1.4580512954145481,-6.018012657100924,5.562584101199743,-3.665823335294353,6.695314287078735,2.8981916355812674,3.151790980591335,2.50900288270122,-1.1285512453072142,0.5108909664705104,-0.0740603454474275,-0.9133155893758143,2.6774433768729984,-2.5003846012051794,-0.43968609381034995,-1.476599000923798,-0.8133222000720142,-4.360609081051151,-3.151755627290226,3.3328578813592964,-3.864717795503766,-1.3854432223626914
5.154901959985743,1.0093538704045897,Cc1ccc(NC(=O)CCC2CCCCC2)cc1C(=O)Nc1ccc(O)cc1,-58.08613548350779,-37.58453132020855,89.38089529549485,-49.157337835009216,6.579424411723914,-0.22116162224599,5.00589419045772,-20.462457868522037,-6.5433603346840625,-1.0742617986966954,-6.203332686907005,6.965865197160697,3.0273543244077143,-6.561752886334942,-0.1758527046553568,-0.022341038334163742,-6.730817150784628,6.21575394198654,2.841967656991338,-9.926213329238953,-1.5873914692717717,-1.7316930750570374,-5.757825877529534,-0.9789416043757134,6.3400974859671875,2.6139923019068614,-4.356039681908784,4.770606958800641,6.050941306429098,-1.660959840647395,-2.6583723744079744,-3.6336696584210904,-7.820993178525435,-12.598442724187668,-2.3466967437410498,5.489345445382437,12.574566718167288,-1.072997763212474,1.9086574953887399,11.865888180973396,10.619039664687147,0.8246598647606799,16.86213734114953,-9.302083066096241,-6.70483461677542,7.248845718326055,-10.294067422502511,-3.801946515003642,7.884967233136689,9.261733837764197,-13.141474543603213,-4.902247566520716,25.784799464803335,-19.145298419946105,8.667881831175118,-10.02714897165314,2.9866441227826495,-19.831282876348958,11.469006958094136,6.219109547254196,2.2626048600167383,8.882169339774872,-10.070472182559534,-8.967506025699855,0.2518949377095288,2.6854079729016926,-7.488058244210363,-5.694065197985755,-0.005618961774822775,-4.46801935599811,-4.480838300601785,7.2640669857828,-6.63608454270716,3.6113679201564164,4.749585663289195,0.5241727263245007,4.147068185033779,1.0765670958440967,-2.4573186356472827,-1.2536309986959862,0.7854815802719669,-3.7092908555051034,0.25039050541504004,2.3246994380591737,1.8468598917540782,0.251926889750875,0.9636790000662473,3.1416503573947083,-0.21194504543689321,0.5858037512634313,-1.965375854492796
8.221848749616356,1.0093538704045897,Cn1cncc1-c1ncc(-c2ncc(-c3ncc(-c4ccccc4)n3C)n2C)n1C,-27.834453811113782,-46.621661482429836,-9.838772999967508,-7.35206507170673,-16.489183530670207,-9.925784394112759,-20.34096492476922,39.37999199400149,-34.315712060890505,-30.103962986457912,12.40855180559235,6.23002969979026,-0.8383515902148178,-14.99123855467492,-46.5750587702647,-1.641523218629305,14.854319191997128,-48.539106483377346,-12.743442462606042,35.74412550417694,41.53614010331741,19.804848277657676,-42.393556960567764,-28.319616957826206,-4.9249295105655175,30.000374826350267,12.250378549863644,-6.566431862166805,-0.5902528451992926,25.71609382506494,-14.9764052479398,20.724217329134067,11.185492586268671,-0.558834188767329,-11.051983922588331,8.333965408018072,4.1985341660020685,-14.200314214329492,5.901284279092531,7.279629863165939,-1.404841508458426,9.327944951727735,2.9594297900284343,1.1945887360006093,-1.3573949619298755,-0.69628323854064,2.544887105121705,-1.83288803006321,1.135845112191336,1.2172899332592824,-1.6710810261023221,-2.1993050394222196,-5.150855786971542,-1.7996758832049433,-2.4470635959785447,-2.2911624080170463,1.003922487718764,-1.5531717400468972,1.541689958457734,2.0078876516657265,-0.6281781893088676,2.10257624371498,-1.6919107950429986,-0.2535202856155999,-0.7822279982125311,-0.8216620621999362,2.205800277257179,0.39394848960202566,2.4025786199876396,-2.6394246555687224,-0.11363005831854693,-1.1944435702862728,0.2999126421365526,-0.17228496143577893,-1.0981287152317933,1.032722765380936,0.06851340464720802,1.1257332036827006,0.06686745426564868,-0.08312008675428834,1.3262238578870416,0.5729220574971197,-0.09322303751134303,0.29910956700029934,-0.6574635663252052,-0.3056112500955956,0.5015873508606108,0.45818345440957015,0.13713417532490102,-0.074635558270287,0.6618944982000569
9.769551078621726,1.0093538704045897,CCNC(=O)[C@@H]1CSCC(=O)N[C@@H](Cc2ccccc2)C(=O)N[C@@H](C(C)C)C(=O)N2CCC[C@H]2C(=O)N[C@@H]([C@@H](C)O)C(=O)N[C@@H]([C@@H](C)O)C(=O)N[C@@H](Cc2ccc(-c3ccccc3)cc2)C(=O)N(C)[C@@H](C)C(=O)N[C@@H](Cc2ccc(-c3ccccc3)cc2)C(=O)N(C)[C@@H](C)C(=O)N[C@@H](CCC(=O)O)C(=O)N[C@@H](C)C(=O)N2CCC[C@H]2C(=O)N1,-3.777424963436855,40.52755580016187,58.82224480795302,90.60047928439101,32.33112363743621,-14.834511403626292,-46.928945029311635,11.930899880302832,28.932154576658725,-18.78989340714644,-15.888654355922396,4.441674561375813,7.247231092686343,-14.266122508321928,-3.88701703992622,-9.414071646790227,-3.7162500299019046,0.6992860793447709,2.064176304524375,-2.1250871190244514,10.898081449476958,11.452461400989367,-12.23742404681819,-11.671313587006521,3.6852045771882884,-3.2036051115116995,7.25170016505515,1.8622942967208742,4.909580529966515,-31.905840873834254,-3.916446789759929,1.864935378990988,2.0715565708670702,-17.735801181788897,8.368185295354897,-18.51134568020011,15.132430841490509,11.237016958415818,-8.923731863169314,-10.860655103287156,4.677159286430134,12.086882445453401,7.3562622385564405,0.48797130757954704,10.895264975342261,-11.339573218431187,0.04225685667266495,5.225144584330225,-2.6628366284492904,-2.8243692525324846,8.059792854364934,-4.422257664699396,-0.17967463207031983,3.335897162260575,1.1501640216356244,2.768209263545599,2.978165025228179,-1.0474582199770164,2.7589454001979763,4.057652036308254,-0.019663578000057483,-3.6030251288824036,-2.4637795329593866,-1.5912210336017905,-0.4280662795124007,1.4718046032135328,1.4996915117193972,-1.534871166459975,-0.021185576123088426,0.6686363992169501,2.183715847535047,-0.5142357656980843,-4.377969894467026,-0.7366595267326986,3.937649743982793,-4.340309892734259,-4.040651351780696,4.018599542710892,-1.0309577299255364,1.573177721289663,3.086680516802803,4.990643749238449,-3.7601928541674257,-2.27706799335847,2.2771986241862834,0.4093373817259496,-4.493277933840802,4.460209328323186,-10.89032178800448,-10.923362141153792,0.8027443818523542
9.97469413473523,1.0093538704045897,CC(C)[C@@H]1NC(=O)[C@H](Cc2ccccc2)NC(=O)CSC[C@@H](C(=O)NCC(N)=O)NC(=O)[C@@H]2CCCN2C(=O)[C@H](CCCNC(=N)N)NC(=O)[C@H](CC(=O)O)NC(=O)[C@H](C)N(C)C(=O)[C@H](Cc2ccc(-c3ccccc3)cc2)NC(=O)[C@H](C)N(C)C(=O)[C@H](Cc2ccc(-c3ccccc3)cc2)NC(=O)[C@H]([C@@H](C)O)NC(=O)[C@H]([C@@H](C)O)NC(=O)[C@H](CO)NC1=O,-3.010079783835904,44.074688574693,54.346667083217525,95.0686727258964,32.31088699851175,-10.315299217476605,-48.80627228935,10.809102571891216,29.532392670476725,-16.39080308072844,-17.056812196888963,2.7622187666739437,4.838672689272574,-11.304338328063542,-3.2534164180077627,-6.305437447835974,-2.681077039784785,0.9151888696138288,1.9659343755259324,1.0674332177896488,10.47326733994509,11.256157932915745,-10.927278521449487,-12.496807050707686,5.643140872490071,-0.3468366321747895,9.01129146745534,2.152976459208431,4.088554966384222,-32.275670356773524,-2.078404297308667,-2.2996861698517765,7.621942284938375,-11.289096261080095,4.2699285757156415,-15.77252006719032,11.014154285450834,10.806128125844783,-7.52648129844708,-11.713501522214333,3.9255458902331686,10.444154085197285,8.347030630886772,-1.2449110720843646,10.071320693483736,-8.380251698786024,-0.359824427698929,-0.6189343665127442,-4.310710253175777,3.1740390785955883,4.258154314696531,-4.9181770723685,-2.0515292309198205,-3.1330359320573398,0.7759384148622884,0.7449690026449908,1.4678528550058905,0.9613483116083299,1.3085887707307184,-1.5772635211124826,-1.024675816422293,3.9162544058201894,2.2207367905600415,-0.6231438245540218,0.16315983408610643,-0.6527617963388473,0.4981677329642134,0.011913725705125545,-1.2417679141784899,1.1793721675802293,-5.301443474046458,0.6457434614468377,4.51287180345532,-0.20551470016972284,-2.620122356025817,2.5011521107220736,1.6937987056043586,-1.695959014025645,0.9449716047959188,-3.535311679394344,-3.4740270761107857,-3.1116002509746283,4.319482310667561,3.1045706396991184,-0.7624554223159405,0.2236954515675903,5.092268304587593,-6.291427301695839,10.135872471727506,12.744403518680839,-1.2420963468643609
9.154901959985745,1.0093538704045897,Cc1ccc(NC(=O)CCC2CCCCC2)cc1-c1nc2cc(O)ccc2[nH]1,-51.0356394946914,-27.65794423278578,63.82462613910084,-51.440798160037254,-16.866853066519873,17.923013047865055,-45.665403568875966,39.59678324948328,21.563895885616535,46.241137349840905,35.96644984688559,5.513559154293508,-4.699913331341904,-9.204663778342589,-2.4199719304172804,1.48380742205395,-6.3847588743319905,5.692273385137936,2.4921032180639258,-9.285720346655314,4.032789781706762,-1.2534409536483557,2.237117001587937,2.6550971250250397,3.1665892881323603,1.679469638842033,4.183518833647709,-0.32347949883680305,0.1348356481492639,0.9714501790388437,2.841892168787684,-1.1025306268611956,-1.0661667328321207,-2.1772331330391426,-7.291910896015609,4.640709470261307,8.57396397250709,2.1512769125580506,3.232030385745951,1.2579530036926982,-6.048390399227814,2.656861675967019,-0.3096435831888478,2.1193749324008944,-0.5154901127911671,3.625421597344707,-5.243366800618517,-6.6255054527236785,3.68696931368401,-10.586048165881632,4.817495696133693,3.535764981529857,-7.383264681707708,3.2121297372173685,7.963565762844324,1.9324125669536585,-1.8993459022716077,4.481936185255488,-6.056317237597672,-0.6959924947007404,2.978133926874472,4.511779915678087,-6.7412598794556375,-3.031299799109897,-4.6023487754095935,-2.4987775377737793,2.863685735411063,-2.1329901799390436,6.77163074619482,0.17685028445959008,-6.3519488904633485,0.09134313556779923,-0.10364136086650894,-3.7403981643081146,1.7130012190427348,2.6725123648947315,-0.7791043145480542,-1.2993420707890462,-3.748665328562511,-1.5491705268037919,-4.055275717782646,-1.2495399517846317,-0.5939889171802829,-1.925722129602812,1.420253226525361,-1.896312523724691,-0.28650881708282677,1.6349838803479588,-3.2111390747626083,2.0407916343975683,-1.5883982964215342
8.886056647693163,1.0093538704045897,Cc1ccc2[nH]c(-c3cc(NC(=O)CCC4CCCCC4)ccc3C)nc2c1,-45.16147676825239,-31.675593855854224,61.35394747054982,-55.45695082392909,-18.990216381081055,20.883626831768115,-47.848676557534986,47.226602644044625,18.698890361691163,39.51995302941476,32.87726132467296,5.003197752111836,-6.847598656245396,-5.678266892017071,3.850974508063283,-1.0401869336063305,-1.4981589803365067,-5.8002851490986576,1.8299169891772344,-4.190155772182508,2.879713819716908,2.933277440407632,4.9888664533688685,-0.2192876201848545,-1.0796288937226135,2.8323942400379143,1.6479640970727396,-2.579139573555152,-1.3080893660462871,-0.5831485944560184,-3.021106473998815,-1.2065886203166536,-2.065498506049959,4.777378788074076,6.610919286214154,-2.0858099838977764,-7.256686755787568,-2.755020625855846,-2.408306692571187,-3.272730006878394,3.7553227967141174,-3.784159700858991,-1.4409395870070485,-0.48928732041245515,1.0569193125518912,-6.059155775394297,6.092371356479106,1.4850005828555266,-2.806582407210627,8.495714194189771,-4.143429030228822,-4.476586797354783,3.391055047925169,-2.0062126517933416,-7.537280380854507,-2.576642670010577,1.2859024826425898,-3.542730530573335,6.168306419855327,-0.33717078862201605,-1.3052645241818355,-3.220432424378642,5.386985438873991,6.015026381485581,3.9535315438336958,4.53575992744288,-0.3253478844013316,5.252469886752557,-6.660104431240022,3.665471034282817,8.988831756456673,-0.07135007293015509,-1.2385720482647513,3.328684182283754,-1.7710967508842477,-6.59929568230053,6.707208707894584,-2.6815015288892785,-0.3871798845811185,-6.52087466837776,3.760614179979701,1.508302598813208,-2.9077064788223814,-0.5675643648755732,1.8397294559160557,0.7235559372767081,-0.37775126659805086,-1.6295425281957416,-0.3974339445098612,0.5891880741209595,0.1557979669702166
6.428291168191312,1.0093538704045897,CC(C)c1onc(-c2c(Cl)cccc2Cl)c1COc1ccc(/C=C/c2cccc(C(=O)O)c2)c(Cl)c1,-20.375149474341104,-24.960638520113054,-17.5472334529072,28.200868041215,-6.560636304193751,-16.395356127020456,-8.243050897239147,12.368538571777352,-13.872531225072468,-35.19448972186901,41.201545841186054,1.2437793354145148,30.25361470238764,49.19112467454715,-63.55369051426426,11.087022190101427,-6.118228505463455,-1.5069863160308998,22.180121442583943,-32.56321706749145,-12.563812673484351,15.794789222233732,5.04999413623118,-0.24785815924529447,-17.14974115658883,-4.885684585768334,-5.664108398737369,37.088217598192585,-19.02317358729421,2.6427656245819597,-18.44315328755939,-29.432381119848127,-7.108722493369454,-12.334702305041484,-15.789840956254132,-0.2924005089732249,-6.008894227627101,10.280611453748866,8.305783539885157,-17.114792719883503,-1.2170770096317765,2.8227778726355597,-5.854105472402852,5.65482801018038,3.708810691370383,12.623126185708017,8.916930288991313,3.8743113222997705,2.9145375254098935,1.6808364514795717,0.6023840355672646,-5.125001558711318,2.426759716193088,-3.658138330233332,-5.8942119036489355,-0.7394315977139441,-3.145107090494451,2.001617515153865,1.5839718181884315,-0.4905047888701492,-1.5438893929976374,1.4298281875363281,1.932720720475019,-2.001039474499006,0.1335680726159946,1.317237520256027,-0.6845079558620738,1.8201743672536992,0.7678047161073183,-0.1324975371720089,-0.5038304885929988,0.2767129013264143,-0.20299430652610523,-0.21056319929688533,1.347748264056655,-0.5241717733996226,-1.1066871627170967,-0.48745257785928114,-1.8431790706624938,0.5820317922300724,-0.5616928434994363,0.8002266097458778,-0.8494466572502245,-1.6912088438129003,1.3344973097472228,-0.5274926046960395,1.3885176060673292,0.5739594908664116,0.9983744767552363,0.46129475766767564,0.47569174372198886
6.714442690992226,1.0093538704045897,Cn1cc(C(=O)O)c2ccc(N3CCC(OCc4c(-c5c(Cl)cccc5Cl)noc4C4CC4)CC3)cc21,-19.99365743748689,10.29118646086465,1.0596351011286225,13.67207312331291,5.068790430767787,-3.4668975377793148,0.11616801548980062,7.756991944289985,19.61575786453715,-15.183041798525743,39.396076272265674,-27.537416882602837,1.9643635753773296,72.06306778626094,-58.34171421197005,-17.517256580747617,-11.579545614762155,17.662347303546493,-30.30609139689028,-17.02728716168235,-13.377391466631519,8.716351226730065,7.033377319752657,-14.645532371393635,-13.117918851127678,-4.179991748847091,-14.997852679094597,-29.41005893374967,18.907243843457614,-13.208799631457802,16.587520837535138,25.94421937060772,6.415044751508758,11.248050359564536,27.450012746143532,3.2134989776373826,11.235312184585474,-7.179567429404158,-8.034241762775022,8.687952630395317,-0.3119653467823915,-3.267915353640681,3.6224253178460346,-8.105644440704987,-9.770066431722638,-1.1235756207761307,-3.886074287683082,-0.9206437064271716,0.6705945192577385,-0.8450922572761267,-4.145888707706414,6.64674273859633,-0.7437758500685033,1.511152335218619,3.23002623131914,0.3448307362495481,1.641396650589762,-0.10788168106665393,1.3973296449992123,-2.004513169553534,1.94823127229592,-1.5574886820869602,-0.0019799519816588156,-0.2931228238181754,2.3356913183986343,-0.5336317311043781,2.4184368952472117,0.48012489462346264,-0.19354053813504007,0.31093197484628166,-1.5987752443429692,-1.6114102109765387,0.37570506803049153,-0.5204286971821953,0.09284526442501659,0.19602843613657203,0.48746823501771036,-0.6802437363485186,0.3864225721775036,0.6653666924766936,1.1213999298500692,0.7099173775133002,0.8155835479757061,1.5832982499711308,-0.407203750746157,-0.16748205295049542,-0.28039193521788885,0.10214608700162414,-0.15819501404035252,-0.1332676065890548,-0.15863859774476896
6.508638306165727,1.0093538704045897,O=C(O)Cc1cccc(OCCCN(Cc2cccc(C(F)(F)F)c2Cl)CC(c2ccccc2)c2ccccc2)c1,-34.13345439177415,14.640212806874011,-8.315812619266575,25.940076974421753,-20.493985585992863,-4.619990574053302,29.66951598701622,-15.93764037885051,10.765622456788861,-0.7840012747666613,0.9890123071673118,28.294189647206508,32.36234903135719,-28.039598141478965,4.900753384698976,-38.07346029040553,14.826740235076416,32.944101532845316,57.50691318398924,-20.1821664788194,-11.384843932019663,42.05042149964732,-7.155760883800381,-19.728638741042104,-13.925232431278115,3.631360273237218,22.674163162929048,-24.244703584297348,-24.15305564079053,36.348095619405605,25.01037085814352,-4.345253320620824,3.5997923161028478,0.7352517768459028,18.783289573569274,1.369666922114117,-1.1653919007706592,-3.6731198325371746,-10.216339020345849,-1.4772017163664175,2.646134619241732,-0.9128376793283449,3.4334548117187156,2.9316113080467727,-2.057612654532114,-1.5126952197501018,-0.8988642328996705,6.1540994853152435,6.195147069281119,1.7573264375227047,1.9987941687869601,-2.5143383901547356,-0.6938287323554142,0.6442985788859036,1.4872355743356431,-0.4312113838700644,1.9951070716344343,-0.49933744272328395,-0.07255605237914618,-0.6062573362562943,1.5764408209376906,-0.8041035454040368,0.9019319228992386,-1.91477659779088,-0.7336677584252548,-0.9482128916332982,1.5509403952266831,0.83479329304944,-0.37860014815692083,0.14959680477131473,-2.802922622182773,-1.9223373025324648,0.976909913305576,-0.7252540141707233,1.0795705775959932,-0.017583677870666815,0.5930826791483459,-1.405741097562607,-1.564697934508402,-0.9240976224924539,0.1972910686123706,0.4122334430394642,0.9649941009652337,0.36592373441183046,-0.07733453763354312,-0.44627361247297714,0.6201454335247846,1.2325181562572685,0.3138405700085332,1.10154688062413,0.2343881769482829
6.769551078621726,1.0093538704045897,O=S(=O)(c1ccccc1)N(CC(F)(F)F)c1ccc(C(O)(C(F)(F)F)C(F)(F)F)cc1,-28.78001027265986,-46.135354514483936,-16.444252581599553,1.2010533769085951,0.10448921013067188,-22.39442146894585,10.222580555696704,-12.686757937864554,-26.684114309249345,25.487730829024766,-23.876506205170163,-11.267413996032785,-6.007696093353628,-37.82985198551014,-28.070972885911512,1.4439232038177543,-24.789161369143812,62.63485997082575,-41.68230221269422,12.411862644225023,13.619275718691153,55.85857085758695,5.636346360628072,23.029908765015243,-26.031444958595518,-28.614786241809803,8.775496265131618,-5.658869311328452,4.080649770787289,1.8344540242635916,-23.722088363530286,10.51183131365926,-9.81553714332255,-0.19678465062751405,-15.613112904249936,-5.092976542412915,-11.217208028062512,0.7138315558759453,4.9132657173637115,3.80945221350579,-4.1000522823178125,-5.326778477610836,-3.319264418510724,0.2702657413614327,3.300208704407527,-6.696760458137045,-3.765889742746652,2.834403311489272,-3.97014975981151,-1.757154722471303,1.316070676752036,-2.0682116043487313,-0.29562175804966867,-6.249287393198391,2.6952109340592574,-2.1129152251438255,-1.2625985396757031,0.9826545865747519,-0.5504423618618605,-2.029073167820006,-0.862969714014781,0.826969442510688,-0.4097481230126004,1.1312478345940649,0.586110182840104,-0.9751281282159643,-0.4978129371896934,0.8215436082980309,-2.3444850811962894,1.6803038068631588,1.8652203620589476,0.5934288115259857,-1.6343435878165262,0.8440579874930353,-0.4789261194147941,-0.7216123585211913,0.22565107964004805,1.7355055067742606,-0.04677380311507609,-0.6704842405043552,-0.3233380147295524,0.22553906793922096,-0.7282044739937218,0.40931420634650856,-1.4082993951609744,-1.0512236432180921,-1.1280972452672748,-0.48803570050781986,-0.3744934577743532,1.4277325911466507,0.37815095574987256
7.045757490560675,1.0093538704045897,O=C(O)Cc1ccc(COc2cccc(-c3c(Cc4ccccc4)cnc4c(C(F)(F)F)cccc34)c2)cc1,-39.43053655884874,-32.769438379015824,-28.236002437357463,56.98879738447204,-90.48744448810177,-1.6911273573903276,16.074897713844365,-17.49606912152635,30.08148885997559,2.6454445654127468,4.471459757252848,6.958816630296441,-8.027360034593656,-1.685186348458244,1.3332551997915432,-7.718343683297479,19.342912654699287,-7.008439219888517,-4.985974258947916,-3.3932921023855784,-14.256399236648921,0.27568268595238477,-2.946145842518617,-0.22108905382366298,6.186282767501873,-10.444290758449489,-1.5023557610273264,8.725200559662019,2.91538638330874,0.3858648720840388,-7.658849861188995,0.9297668628098347,1.7218983694200054,3.4440121053003985,-8.084049318245178,0.4015508623825384,-1.7317931238991842,-10.83468269987616,5.506601094058807,-2.3476118931325582,-4.258567137309954,6.951552421692649,1.841346579691107,-8.479870760998864,-3.634653377182705,-17.478332854837888,-15.466955911063906,4.062932580218141,16.41502954666299,3.7663232165613243,1.9488943406281554,-1.2487331037647196,-0.553891140583332,-4.528003105731205,-12.637287789300554,-0.4724004073456865,-0.83737069238378,0.04471727569234482,-4.258383245421588,-0.6794302041352522,-0.8622183631764162,-1.3469540938371998,1.115231576102491,-5.543754042133199,5.183862757297575,2.162617387889377,-1.9080951098043157,4.493308332140238,5.217887407462526,4.510285246918303,-1.3400987402588898,0.7741472631541121,3.0439178190089535,-5.686681669021106,0.30877185025680454,-2.8150006965254275,-0.11128554168478418,1.941506288944874,2.568481507395299,2.7054828499684405,-2.4376958185146154,-0.7563464608416921,1.5715046394158616,-2.1976359328034474,5.823635421572425,-4.599606973495622,-10.104977301319646,-0.9844801093919999,3.64953848198867,-3.4535271144962487,5.96097186190569
7.045757490560675,1.0093538704045897,O=C(O)Cc1ccc(CNc2cccc(-c3c(Cc4ccccc4)cnc4c(C(F)(F)F)cccc34)c2)cc1,-44.51297736724038,-40.3143857707831,-13.624695991207174,48.47444904375763,-72.26224338335095,-4.237846148900184,11.934175563256451,-19.095726042165325,15.854048403141093,13.551366933223514,-4.139145181539357,1.061131496712515,-27.104718664649383,-11.56353258321955,-4.815871224564967,-25.8503274883921,45.248772717110995,-13.433482958540566,-15.631520194701345,-12.740331557023293,-33.32194681028641,4.62072345779491,1.8935886965831268,8.036297458037836,0.9519206351429679,5.132320941541345,-1.2302569211541912,5.400709405689555,8.898313467166766,-2.3878217808818354,-7.690176583277213,2.4054367264206395,4.224388861605656,-2.9966628728493925,-10.894840479667259,-7.928927703464444,4.117978406218542,0.6271367150924547,3.683311767431741,-0.0136448505111251,-1.1814212750184039,3.2405081612137994,-0.63141026355745,4.509021869956461,0.2661115978185677,7.390217156132411,2.6805828406530186,-1.7934716582620902,-15.19040671295862,8.825764519676262,2.3162217576555917,7.963265213689685,6.825972332221325,13.99662708788094,3.672777351549704,-2.910670682005919,-2.7991813839788557,-2.3302297788227113,-0.9403641987399197,-2.649525427986701,2.05021869203489,4.381441348402139,1.6974532283040782,-11.612592470348195,-10.020046917361745,-4.906127830621737,13.318768859105852,8.273726223533608,-9.799801357679224,-2.2000707300320896,-5.780060335590983,-6.526688044234894,-7.320796960421899,12.582895239776741,-2.469570878977307,0.16387533078187175,1.2413976098521406,-0.32742571338737764,-10.08438114042614,1.4699086148455909,5.004427504921258,0.06503826723202119,-2.4719634488733817,4.142006751708954,-4.8745311448878095,0.8444048709098588,-2.6507969676737817,3.0287018264596304,1.1084968117404534,1.8441184725612247,-0.9331520101423669
5.486782399932061,1.0093538704045897,FC(F)(F)c1cccc2c(-c3ccccc3)n(Cc3ccccc3)nc12,-40.97010715718384,-94.28387048721706,-60.40669319694693,7.3115893974564345,20.7436321628682,43.85252538736023,-4.736345502339103,-6.5161248727865235,0.11968320094627088,-6.49342950895432,-3.2362056420959378,1.6128397890745279,0.6041746346185473,-13.394294642085075,-7.9814773513768555,-13.713161624782995,-7.524600828451712,-4.459715931764049,-13.046871180041169,11.621113062147664,1.0235425605198014,-8.756156279460425,-4.501157478755128,5.773034284144836,4.751354815083246,-10.33393807563714,-7.420690573723306,0.057630813198054257,-1.321408766020659,-2.8292535387043443,6.29475995101206,-0.6270759049580775,-5.48748943874797,-7.935374233855174,12.813659417802343,-14.228149300362073,-2.9287639485553143,-1.5565898636141042,2.5172890572526794,-11.676303584453901,-4.1449359848430625,-5.653727212473812,2.234662042809528,-1.7970379309614124,-10.575161087576719,14.80795725935855,5.95578822989391,16.707393080319452,12.511769504684914,0.24021082887178857,-7.650239143022531,-8.566888210285487,-8.666263038333685,3.7753657466442645,-9.5226585760317,4.649930184505142,3.5924289186528573,-10.838609237531864,-17.5292976119991,2.521886183200377,-6.253658585580539,7.987946327344796,-4.65755795087531,1.3550041836723892,-1.099828683501575,-10.229712518510418,5.337786202697239,-3.8676420293958147,-3.789586846480382,-4.055696952267649,-0.7213671003185927,-3.8639576715813853,4.011922249747103,1.7912080049357777,1.6077587820201147,-4.11907783548061,6.979696004307682,-2.0139581218414913,1.7204613322575946,-5.571732426927622,-3.468860053692091,-11.481049999005709,-5.0266427653366454,1.4573112176487333,2.1482087220757577,2.6250226677295885,-2.7018179956757953,4.09254209327164,-3.0259046731678296,-1.5567139289450853,1.8206304590375813
6.004364805402449,1.0093538704045897,Cc1ccc(Cn2nc3c(C(F)(F)F)cccc3c2-c2ccc(F)cc2)c(C)c1,-35.401775109082294,-89.10831921000103,-60.643407796380046,5.736936837619925,39.27868573000436,36.39593586301465,-7.88813575836881,-0.8232465570934938,-0.31443238396604867,-3.427263322712553,-4.263840000127761,-2.0710408635804645,-3.4356485767066447,1.6472397178894456,2.279886832809828,2.3986162512586446,5.528808825325184,-7.004735483088495,3.0613560333689214,-1.0198439444767562,1.9177523176318498,1.0785564530554197,-7.626687906959259,8.00372890079855,1.9647449467245366,4.046530138667374,0.9430313677542197,2.417971512434292,7.050738320020762,2.6179371041844366,1.4244315954049525,9.871385406041497,-9.646211584502487,0.8238911666413049,11.381947459984856,19.440948089501692,7.3777465773924815,9.318645480273664,7.512890323001237,-12.136742151862048,7.124698649601518,-14.302081211104152,-3.467878576193578,12.636835761015936,13.829934507971716,-1.8666036410762776,-1.7994475572124493,1.4405156122822176,-3.6650056980857966,-8.587603541486791,1.1925981473950005,-3.6127889282423147,0.5077155604220984,-11.651487821320886,3.9782157459134098,-0.5421248746652536,-6.680639590673589,-13.385123448139405,-4.800191443943224,1.9898535547464384,14.37046950805668,-4.589057162984711,10.617485898057174,6.251029479847436,3.8960833294624635,5.164654854427534,-7.84060141558731,9.469613868486434,2.396812487079402,18.11712138214271,-13.164740007159988,-11.425310544476206,-5.029782678680523,1.8245935675360816,-5.101093699020031,4.1732034633805295,-5.991742030339946,5.207320261320155,-4.363122926934273,0.293453169169503,2.436670392801553,-6.9987104438205865,1.2144759297379584,1.4624828663699316,0.8115333941785469,-1.9937988301766925,-0.7723968878663559,0.5729348492281697,-2.227894312066384,-2.23255385403497,2.2204997153179176
5.435333935747911,1.0093538704045897,Fc1ccc(-c2c3cccc(C(F)(F)F)c3nn2Cc2ccc(F)cc2Cl)cc1,-43.76599181393253,-92.49006166479013,-66.32732656191527,11.230442794351381,43.79076469303618,43.31948588933024,-4.738043312672078,-7.021206951716972,-0.6180129713255235,0.22336761737397046,0.4029260048481789,2.5629243200322187,0.07557319921364616,2.922838571990313,3.757798972488376,-0.2703611330326695,-1.3045367662030611,-2.2466940608835264,4.557684142008866,-4.645427409041907,3.4815633992233863,0.9560850802743007,-1.2564429023678103,-0.7593826522984568,-0.8772658422204537,-0.5752540286325113,-0.5596442791637641,3.016101898226896,4.888657123924817,2.9630928004507178,2.1471019375762666,1.2869651581359582,2.8028103546443064,4.259308998947237,-5.764755398760557,6.442001059788491,0.14479544545739748,2.844525050269238,7.149575036889571,-2.068027135450663,3.113355188153331,-0.32196393431829207,3.7174344962765535,-1.4626552818699068,2.6734748508369464,-7.516939424621712,-2.738300766312184,11.305720732862305,-1.8061439435686615,2.668013136965911,2.939408504733066,10.570780815903753,12.432860460261134,7.197706344372474,8.39188638098446,-1.3041294004838389,8.665921662278278,8.11055039336819,9.316931819136906,-5.581697675539386,-8.294244088810553,-1.2191127941591267,1.1636045233083694,-1.4218873751658012,0.31910169680222894,7.924941824768557,2.087660353086392,2.410997593686484,8.97383840324168,0.9856465517732936,3.428754118259115,3.51016734510537,0.39971516948046704,0.30822265273589283,1.1186460537957956,0.09001280089439122,-2.822718093802613,-4.638225681918987,1.0111612871312714,-1.2647496668819702,0.3334348915620778,1.9287529827500738,-1.372814931440462,-2.5170340204269173,-3.766653075848352,3.484032254961456,-2.3151856366412344,1.0456994820529726,2.385846609057057,-1.1548264817902791,1.5885467625009955
5.381951903287908,1.0093538704045897,Fc1ccc(-c2c3cccc(C(F)(F)F)c3nn2Cc2ccccc2F)cc1,-39.661825378403655,-94.50588512164137,-67.84479387332193,8.257953181358523,36.56896643378489,42.404458378152704,-3.6483744077708096,-9.218126005961455,3.3028889029224264,0.3119142258048928,-2.3042224397641666,-0.9578066250420513,-2.2611354500479974,-4.510023164729723,3.0084182716516454,-2.503193029181343,1.5674934658743722,1.498155866397896,-4.311748107459785,4.619893052213157,-0.6933360156069027,-2.400575399719079,-4.643601032770358,0.9828164871206456,0.5700603736714105,-0.29171960776099914,-2.6916567860079876,4.5181146354651505,1.9291136513839513,0.2892632198292254,0.5794984938697082,4.524668094850745,-3.750279303757953,-4.265742563762183,1.9751197165591876,1.239805097791457,1.570543793556776,-1.634160657026784,2.298743529483704,-8.4459063233749,2.4619717676585293,-7.694204813000817,1.7486205788500053,-2.9376483537644096,3.298856860987995,4.266119006933898,-10.72445316937952,0.6635861657449178,2.97135424700331,4.849794013023995,1.610618535997989,-1.0978833534399648,-5.773927528416553,-2.9346250653079533,-6.637471383518849,1.847924903680213,-15.400214643914756,0.5937318873836674,9.066619661623987,-12.702242877772381,10.045028595494156,-5.231666786694441,3.849396904308881,3.0317743872720113,-10.944895194372773,-3.2310808945673775,0.0984999752156479,-13.811650314273013,-2.0863997631407987,-9.689136785530055,-1.346137981284239,-6.32637572164329,-1.332486107615557,-3.180148872540083,-0.529997937547,-2.1253803499158184,-1.2984092609384918,-4.975699752015182,1.889248207409113,-4.23135817491186,3.447953266056809,8.30258282082274,6.147860725878014,-0.7362969453967386,4.16924588880164,-0.761317465727567,0.92343756286011,-0.11288463138402932,-1.133235226506341,0.3838348708068481,-1.42979795119056
5.539102157243452,1.0093538704045897,Fc1ccc(-c2c3cccc(C(F)(F)F)c3nn2Cc2ccccc2Cl)cc1,-41.417356428042254,-93.81337473542224,-68.5266525129564,10.845131682886796,41.14763682841387,41.80122403840524,-4.843435880677811,-8.418523044828833,1.4586507897749066,-1.8227944523182358,3.8117772117427924,1.2243308125035668,0.17186956656205607,0.6180711794972588,2.1047124609211707,-3.1534568198848616,0.6365002890023762,-1.4293675846083713,2.7166215365755773,-2.873205107854052,2.172503668345382,-3.0616114894381448,-0.33199312290826377,-0.946309913773466,-1.7601911430146742,0.8090002151365191,-0.9870157700636455,2.013578075231055,1.3606702565513564,-0.2050358037891457,-0.6687908821471192,2.198403327475241,-1.5326504761310613,-2.0910287921153525,-6.371381125317495,-1.5109135111019036,-3.68154863618541,1.2041973731368967,1.1842254645288839,2.2478826175357867,4.916828448375759,-2.2084893858979626,-0.1887679676293952,-7.799646126662727,-4.082583029218651,0.05918716144831496,-5.3118738408707715,10.400904399534218,-3.596279745672355,5.935934608413732,10.19575015773481,6.213003037114592,4.3915887145852155,3.5864694808637263,3.392068222902365,-0.39429318861775825,2.350741001616958,-0.21835942748719764,7.626984484266556,-8.338317157433055,-5.7420754062164345,-5.239940542060348,0.060943126995701445,4.194077716634052,-8.76011490914227,8.364090341161928,4.55417158552042,-7.3410943113647384,7.5591279053314215,-0.614873145964717,-1.2286368643295233,-2.2790121278939197,5.530985686247122,-1.6295240193652694,1.873473594494765,1.6097612109018382,-0.972871525174752,-0.7082454049375358,-1.1389646933233468,-1.3715390827530585,3.990155666908196,-1.9492157308537943,2.610446220653258,-1.8924037857133051,-1.6815597153528408,-1.3215026500893023,1.0574628048585566,0.6257641505690308,-3.226692629335091,2.4977953786021154,-5.304031368190328
5.242603971206975,1.0093538704045897,Fc1ccc(Cn2nc3c(C(F)(F)F)cccc3c2-c2ccc(F)cc2)cc1,-43.58454088487953,-94.04048797025216,-65.84507658084964,9.798256059345631,37.62041462363883,42.10772172586913,-7.145509139201634,-7.0468455417041715,-0.1982039388311697,2.2947611850788108,-5.646723304742017,0.8235088590597391,-2.1650523392237297,-0.9023622018348725,5.31805354573325,-3.1317526756341194,-5.476309042789743,-1.8025450909213863,-0.5619441709005905,-1.8018231068566315,2.7097612142573215,0.09966154530117029,-7.588815575441173,2.8307562396029144,5.673971445484586,-4.525120668029279,-4.257612826219878,4.9962300604578616,6.631482663585538,1.5470543622089388,8.150702273860789,6.3389482205353245,-1.8812192768535836,2.8718632600846132,3.554615069458572,9.73091916183446,3.805115910440816,0.7472606639636576,13.689797935978673,-15.564670934990659,0.6067720991658161,-8.233680666231669,6.275673461071298,3.380217293084376,8.156293887916942,-2.1363008898252867,-6.427032562394127,12.715702405863704,5.027951554671576,0.44040701802683896,-9.143732918163215,2.3426613775058014,4.725946480641034,4.8308049720170585,-2.4585217398727894,0.7961872180330901,6.972574682189704,2.31461541720641,-0.02634741403204953,1.04372109743421,-1.5229515638823026,9.59871897618313,-0.08405244513017522,-2.001339208285981,0.8526259537955136,-4.859953227935974,2.7611092803249444,2.3950676758716583,0.9684198617307193,-6.40093371151672,0.3780698805616265,4.519806805167969,0.4509076762309133,0.17412173109720872,-1.7863395440348515,-5.106726017778855,-4.258430897057976,-5.487867432676012,3.6426182223008783,-1.5341149102718161,0.8004066272389887,8.572726912542237,0.16406691290533149,-2.6157840940721067,-2.273811384537552,2.4351923623111684,-1.5973786309163909,-2.276098313116402,4.3980093873667085,1.9287323817282498,-0.6279338178656527
5.043351420794797,1.0093538704045897,Fc1ccc(-c2c3cccc(C(F)(F)F)c3nn2Cc2ccc(Cl)cc2)cc1,-44.19719325003704,-90.25907245783958,-69.20162233309813,10.170283549004594,44.32866050899216,39.21245038103689,-6.833400153038297,-8.747948569901151,-0.2694600772292269,-2.829648133508392,-2.637558982801062,2.6548699240774334,0.9399500846241282,2.222926895939514,3.028742723853463,-2.259723398985494,-3.4035455056620108,2.0845605251279378,2.385206525375952,-2.9365056571418067,0.2479537633803993,0.9653703878074227,-1.4528303643172085,2.814188067803002,4.987233193684676,-0.06048328948354484,0.5665014641798019,0.392563481283543,-1.9538576404012382,-0.6154659592685549,6.682121322832099,0.9754859680814035,1.5804274447115942,2.4823169500433275,1.604573987869846,6.5908649190743525,5.790764185523402,-2.6303611737152277,7.94759029245624,-6.9914372530087086,0.6211725703105447,-0.5814501138823692,2.2878592527941395,7.903290725066414,7.078652292466691,-7.0940773552609935,0.887006835082794,-1.5385462000023065,-0.06598767072152284,-6.221580028297263,-12.530317953105133,0.34255476392021317,-2.6033401115998083,4.544972725904476,-1.4953808830717972,0.4840127891997717,5.041746880930913,1.5317800102025732,-7.302079873710067,8.252541474084857,-1.1396225522765642,11.341515688043529,-1.0136560929088503,-2.7470735394673715,10.55561961909848,-9.540653952176463,3.4572894760805966,7.069502308007625,-6.372908077557838,-3.579249647455732,3.7340986023442646,8.341330189953723,-0.8575414162485407,-0.8868770165268828,0.165412586921588,-2.4577858652420104,0.4392151754934644,5.884806625337065,-0.4583944071497815,7.706225248095282,-3.4614644792359566,2.6285710100023976,-1.7902330307493552,1.9798457426933922,0.08703404664912835,-4.791274901269425,4.035293432412847,-3.506506079963797,-0.9006020852791665,4.538252422664193,-4.624840207747661
5.008773924307505,1.0093538704045897,Fc1cc(Cl)ccc1Cn1nc2c(C(F)(F)F)cccc2c1-c1ccc(Cl)cc1,-42.029577602151306,-87.59491262263577,-70.16045702488559,12.08779305563856,45.05495300807111,37.08895658922404,-5.974801739469322,-7.6010306122316775,2.0969334970102045,-8.122924067865858,0.5682465763062042,1.725961292398407,2.440022054858091,5.8996359648333145,6.031469703308316,0.4708599840609293,2.7563614119114104,4.411081609029001,3.37137715374189,-3.017207544139985,-4.474947034149412,0.8980907041539878,3.4114977823155104,-3.03768401314018,1.2808756963268435,5.2022849077706335,2.377424831734945,-0.05436394491239089,-3.9248241977515614,-0.21925427061520225,-1.4930743320318898,-4.85641146193097,5.137349667758119,7.006963759390366,-2.7890378543516237,-0.2840050172502052,3.279027466096756,-0.1951096460578089,-4.636677709698983,5.594927035892308,-3.9483809628729403,8.328081884860616,-1.412447422187263,3.087782987688996,4.35672811479031,-6.988410313392783,7.2184534227041635,-20.41114908621872,1.242976636936779,-2.613357860957938,-5.274682184999439,1.0804921155022114,-3.1422221081847153,-5.803445098082788,2.8828389373551357,1.6505708066322953,-9.282701605342227,11.113901856800249,4.082594008686778,1.9466349260159463,9.345477663610062,-7.2818691619034475,-0.2664989797025175,-5.496188139328009,6.255527091271284,-10.939608618977438,-4.627540610497152,2.456466197195516,-12.518288731500999,-3.8148217371720574,4.735286813737732,4.657303634561476,-5.2808662142867915,-2.0011809578587476,2.6667114497404363,3.0021232736733663,7.26184779429033,3.1470375009492937,1.3041521078620393,1.9168287879716175,-4.147992087590307,0.4549247053911711,-4.649065512613316,6.0862809261285165,-0.940743156120652,1.110198305747713,-4.3878301019284995,3.049304990825616,-1.1889846056791984,-2.1679379175800975,4.116531316576744
4.950007143079858,1.0093538704045897,Fc1ccc(Cn2nc3c(C(F)(F)F)cccc3c2-c2ccc(Cl)cc2)c(Cl)c1,-44.2165180934603,-91.63190242686294,-67.52854305228092,15.54309318811937,46.22965498569587,41.369617042254106,-5.871238687286343,-7.6299769757296945,1.4537911950273812,-2.427995688336314,2.8312176996843488,4.164947994200062,0.6396606525130318,3.2096255960576867,2.4411409910922592,-0.07754460999284388,0.24724113409896473,-1.568235718994056,6.029816466199315,-5.074829976017243,2.3761966075031022,2.8720330786463313,1.763583998668162,-1.0763004217462757,-0.2452496979106236,1.8004639038320926,1.2177417074116375,-0.08453152604859948,1.0617969570474022,1.1428587966553625,-0.711914141389074,-3.1929847194782797,4.995541703821458,5.983572032851472,-7.582538141968516,0.7818015300994522,-0.7054490079094202,1.6909304273297954,0.4163614392934864,8.964579220902609,1.428940425792693,4.5617548484695245,-0.13468269681387035,-0.006022300711335517,1.119798834293192,-8.99910652052954,3.5630796047486593,-2.0832618552118163,-5.787102670895673,-1.6688058225687536,3.881596144025869,8.293828968231296,7.576546223949209,4.03389834290643,8.482509980639284,-1.8656534297272733,8.102588175658562,10.672856566792865,5.203227817353637,2.627824353362897,-3.715679242435608,-1.0504862980766834,-3.8934774227606144,-1.3987727143667044,6.3106937039036595,5.322802609685223,-0.7759702362696896,6.8921006743563495,1.3725243812728614,3.559484761504397,2.9823712511676086,5.280864388944557,0.4857958640623198,0.328453512575139,0.3810808243974718,2.624438044434186,3.3099199320977544,3.3821720643821283,0.5761593896687502,1.8046199590713297,-2.9844842099670714,-6.797529633558032,-1.2189315531912182,-0.6363994118622862,-1.9124119366520655,2.5275360139019494,2.070505512794927,-1.0068938692025964,1.637727699185047,-3.262150278052184,2.1611881763400316
4.991399828238082,1.0093538704045897,FC(F)(F)c1cccc2c(-c3ccc(Cl)cc3)n(Cc3ccccc3Cl)nc12,-43.281036376404245,-92.50547342559452,-66.69596348483489,12.281182650673186,40.081265930085756,40.97160589041607,-6.572921341038421,-7.778018188694613,1.2073108067746594,-6.892866726559777,4.899813892918248,2.666511708153476,0.9338768293440405,-1.8725278918326003,-1.5209470093253918,-3.815974994868551,2.249224730504561,-1.7185741655710178,3.1010020143027317,-3.102903596576372,0.47940594792141406,-3.8349356256895213,8.918346793935616,-4.035499610327148,-1.5131298460339024,0.6933224031049097,-0.031230963101786975,-4.853115326776146,-5.631836853297933,-3.2027160053098944,-3.6099302928297443,-5.643859926856015,1.1190407754673004,-1.4978342742318538,-5.9256656074462,-12.250135489915596,-10.703646572614996,-0.8464454467544541,-7.7814833413232005,13.281159099515083,-0.8660315464798253,6.461620910184041,-4.938660424827253,-9.448238846299338,-11.380883368433908,0.9480101766605094,4.279954567190089,-2.5313548399651817,-4.823879092841985,2.544075799209884,9.57855864370841,-1.5370440714059255,-0.3521349541203603,1.5355834627451732,1.0641816335227359,-0.19111659441995146,6.104190562813177,-3.494543378902544,-3.2680005583970835,2.575101003778848,-6.502817570688326,-2.5322985753631726,-5.15688200834399,1.7816681991645176,-2.1924592484719754,7.738258540964504,1.165645618624489,-2.0993823685380124,4.188426836378963,4.814006917570404,-0.6672921340460061,-3.9458751888127717,6.578913610182028,1.9290524676642693,1.5842472407785682,4.383202387183007,4.10111141882197,5.195232077972672,1.5791856055850684,-1.7903258505514152,-0.1578282813731034,-12.273107347331742,0.7380736315687025,0.4588701750642812,-0.27340120106946647,-1.0379697817353253,0.032401445200182975,0.21316988569023937,-5.674005914617407,1.0843525871476318,-0.5786120030732522
5.128427064454121,1.0093538704045897,Fc1ccccc1Cn1nc2c(C(F)(F)F)cccc2c1-c1ccc(Cl)cc1,-39.146205060613255,-92.19197686280178,-71.29604642002046,11.234650132931396,42.52006619426321,38.52507067177823,-6.12142582654526,-7.973312203028776,4.846186608221824,-6.580314800340391,1.9141471599227737,0.22885545332200746,1.6730963849239564,0.09370505575478397,3.61426939586451,-1.0912853654822137,5.22838568185743,1.8199868155698624,1.0884646671748166,2.274640244423675,-3.8263282486917958,-4.459711832892072,5.317074777875268,-4.80229081916098,-0.9573267497411129,3.3999461854567294,2.022217344084224,-1.0710290899392438,-4.435368836649709,-2.4924828279383053,-3.871952357027482,-3.322607929642249,-0.20766344294247466,0.38891534233186387,-3.560877845975198,-6.1374705666045575,-1.9834904371742632,-1.546245336426364,-10.421150124934334,6.985097176277041,-1.3546441036508838,2.952568351255757,-2.0053451360062273,-3.3690533307838844,-2.628602082064878,0.6869061198862332,-1.0967958650573026,-11.340320155773506,-1.459886322208254,2.3408757977359254,4.380794728969479,-3.403084813918072,-7.585035219575548,-5.180277061045228,-4.9645410270466845,0.6391984932848582,-13.01189015637306,3.4374026137585965,6.199384281924869,-4.635333216438439,8.66463464775194,-7.486296304232787,-0.8926959882301757,-2.262805455953751,-5.318507581974987,-1.692524953447665,-3.74316461236802,-7.343785723981758,-6.53173591935525,-5.7557359723033965,2.0132674352031206,-0.2863249725212444,-1.7235363433930075,-3.031913801971441,-0.3658111487612328,-0.14151076376168323,6.210210062987248,2.1071345948336613,0.01590706634678253,-0.4945571603680114,-0.9044794084694978,0.7435980375319424,1.9806838183300484,2.3475637642828984,2.3375331046129335,-0.9124624039085577,2.677874311692899,0.9705337009979932,0.8537345190561125,0.18148049178982434,-0.598387069437201
4.810790510417694,1.0093538704045897,FC(F)(F)c1ccccc1Cn1nc2c(C(F)(F)F)cccc2c1-c1ccc(Cl)cc1,-43.13256824205574,-86.68978832783199,-67.77381803032472,16.50022772688266,40.49128827275239,37.77315943676863,-7.313608344975315,-9.240243794144039,4.704166793663265,2.8156307998843264,-5.576197737710447,-3.1644574576928837,0.48445744046281536,-6.163755228078069,-4.198104059147903,0.7371182225339293,2.097195131587636,2.5114518007363986,0.7256238662524099,2.193747228619045,-5.371333991493268,-7.870534476244669,12.224980824035653,-6.191366194888056,1.2812463951237134,-4.326140961640823,0.5972699952391732,-5.508530897503973,-3.722953427523271,-2.4698571512247893,-5.601931317786487,-8.321160869615625,1.940248681532996,2.494599616292418,3.627139670554201,-8.094336139858383,-3.940829489518264,-3.373340929501675,-11.94698183287949,17.14224890868419,-10.078347661735476,14.279067891728847,-5.599442581434363,-7.206587629030223,-11.385715951359648,2.6612519354406072,5.488121788794275,-13.516605104737774,-2.0809716127785873,-2.4097775769845535,3.5285034449647856,-14.661308568365031,-4.849681452277972,-3.101435277179787,0.06174854889548897,-3.5793140634123546,-0.7372794327213867,-15.8649891365921,-13.250185390209985,13.995196978964891,-6.132059611218432,4.509628482416188,-0.643683737910914,0.6930030867862841,-0.8791317429139548,6.03446008755469,-0.6803140288107147,1.0533541041455703,4.816766144648156,7.404941091892958,0.9177505118007034,1.140839330392946,-4.325156438970027,4.911017339100128,-3.6102150430370568,-2.3320405629906924,-13.048118937150182,-7.543232690637753,-5.178471782145804,3.6946967175202325,2.5689384028645987,15.259231171277234,0.6652125852337388,-4.560911268182566,1.4855328666481193,-1.0383483886716534,0.7558122539879283,-3.558734431179612,7.01726815843657,-0.3657341142248014,1.4936050720468996
4.962573502059376,1.0093538704045897,CS(=O)(=O)c1cc(Cl)cc(Oc2cccc(-c3c(C(N)=O)cnc4c(C(F)(F)F)cccc34)c2)c1,-21.46168243081111,-50.979564197455446,-27.288684499269316,35.93648339559251,-30.27014114568134,-14.04695067305849,4.705166937801521,14.932343995074822,-8.688565157257885,-9.13243936297781,-5.0094476059168915,-4.701916782091985,13.552498278619398,15.594957169548154,26.599183073378704,37.033680874874015,-5.56278694892963,6.014203909821946,14.332171780439568,-9.029462047874846,-0.48719218079236076,-8.855056036809751,33.4029728414997,19.775675152545713,-32.74625205709425,42.40776155357354,9.417436782167302,-50.72501355679244,-8.031295387628035,-16.160593932054386,-20.176515080043025,4.730829576962811,15.241156424944618,-20.534274456970667,-13.874848845881138,2.999487364140014,6.719763175782055,-4.348187276683222,10.066847964750105,-6.086238702791777,-3.829867431596173,1.419651636625838,14.256017981152777,8.665451469143031,-1.0000019109337197,-3.9236771173712772,-1.5066388609646597,-0.5740676837167646,5.375274313969789,-1.2265634914985628,-5.907054214600996,2.8857391937573134,1.8323359415171903,0.29583640953032986,-6.369889774149757,0.6654730802483109,-0.24922883829248088,-5.24784341322706,-6.451482135667424,-3.914090188841741,-4.162136350838418,2.3669985782263803,6.869274734617076,-0.692863935486938,-1.297675309258259,1.6985109215112326,1.0136732596747313,-3.3093216373289964,-0.4034893478563739,-0.7963745479389293,-0.4316865944696848,-1.6806682819154541,1.6410808617914536,-0.14386225333442781,0.4529821306844937,-1.308547915069543,-0.29488595249754473,0.5552557577269472,0.32637522241852635,-0.43737401001831083,1.1495506746911848,0.05091681849713171,-1.117949994999949,-0.2994083614515754,-0.8716519412459267,0.9580652601052322,0.244213957418122,1.1392784345577793,-0.1252363064618219,-0.9865938132702156,-0.8702908599098625
5.769551078621726,1.0093538704045897,Cc1nc2c(C(F)(F)F)cccc2nc1-c1ccc(-c2cccc(S(C)(=O)=O)c2)cc1,-24.288876633572063,-60.72018734822171,-23.124356225921435,19.147223646740112,-36.310519261516504,-27.955597997560005,-13.211478119890433,74.98699148180391,-54.74839490002406,-5.694091241142208,-38.68803016997311,0.6368700380453801,-1.2213181002885694,7.751027345181431,18.141411047545258,-10.45600308622092,-5.941151787851789,5.027966633236562,0.14035298581783381,-11.624960828994181,-5.940819473276513,-3.936978705164048,2.538216061756049,-2.7595586303183492,8.128692293411651,-8.127444025780957,-2.62216412171687,4.313481789934661,5.372226107291898,3.263252866102124,2.1018335957227583,3.115411197704169,-2.482100397599507,2.8789413848409,7.1696000968532445,1.5809976071775558,4.4459971469226165,-1.4899404887237802,-1.4681519849134212,-5.106156709136807,1.599422036924183,-0.0782787595622018,-0.2822656780262709,-0.5875998754176077,-2.886688750577014,2.147746093673048,2.4364777875105434,-1.4656786874776135,2.341768465311702,-1.6312140464056597,-1.2858544243161112,1.9496113523068566,-1.4183949839320933,-5.061191920683776,-3.308207119995771,4.859546725492634,1.7114200596426916,3.4826376207632794,4.892214723720611,7.202582479219563,-4.881804452699706,-2.5572418109534656,-1.4623159563237749,1.543879302047575,0.5544083477666708,3.539764559540957,-1.9162816910301501,0.1529331793883736,-0.9021383828466647,2.1945781165505287,-3.3301604173996626,-4.013171842280917,0.42802816984093206,0.2823981578734513,-2.7821603482864345,2.720062215706298,0.2567260725924321,-1.8388261961869539,0.4172695397964834,1.2274791314410343,2.075948306269784,-1.6310004286283957,-0.6623525742948627,-1.705748150608742,-3.47024759011601,-1.3534664723356078,0.1665742351140178,-0.21704066756330084,-0.24709734955472057,-2.7496330021195297,-0.8502659895170575
6.455931955649724,1.0093538704045897,CCc1nc2c(C(F)(F)F)cccc2nc1-c1ccc(-c2cccc(S(C)(=O)=O)c2)cc1,-22.06484438195302,-59.65364270308409,-25.629786924641014,19.89217676493509,-33.58664892415475,-23.74756798075023,-15.043669557595997,72.04534190937628,-52.64722518997838,-4.909243813752838,-36.871381079200525,-3.6591081517728132,-2.9605606044870765,6.293446695670219,20.217091039183106,-10.746972643639326,-4.953799190112603,7.256429451736893,-1.375402187409519,-10.696069852039646,-4.958755248857845,-3.5114510974956366,4.648086947033713,-1.963206868956835,5.270183785272398,-8.697778171836394,-4.3132648547719965,0.5686024547225286,6.870606369562826,1.3115503598282081,1.2442886786467044,0.1464856014383953,-3.097076694959911,3.08838322423451,4.51354174135062,5.698939151465435,1.805757764167295,0.9105866575069211,-0.812403063144713,-4.6548442778013035,-5.605949268444775,7.837513069975658,3.9127293311182276,-4.367581799789169,-5.901520127952834,1.493439708465536,3.5698401797177755,0.5239763999404969,3.099844614381407,-3.4925386343704536,-3.253398405547556,1.111696710095591,-5.716203841755546,-15.559635938085977,-4.864640562689754,6.529058476595233,4.026340791487319,15.27875896179635,9.887743005106048,12.566085630920513,-14.551697809258618,-3.1655635178621018,-2.006443974748631,-1.1451020473427103,-8.152330870552817,-0.5981435920109018,0.37985196768122903,2.6247180811614657,2.1461827724436406,-4.849564099962648,-5.753103376406054,-9.460022927797345,-3.230654686046353,2.5462257566550974,-0.18574488139460338,0.45210521047260793,1.0774140648093062,-1.570770990623531,-4.3087674063128905,0.8862901422051067,-0.8345060576474289,1.2104309339071386,-1.8951573564969526,3.4660973018568058,1.2595629338601735,1.1296651236700619,2.340594032928954,1.4898927425426707,-0.5360801172223515,2.6149586759333867,1.3993189007158786
6.42021640338319,1.0093538704045897,Cc1nc2c(Cl)cccc2nc1-c1ccc(-c2cccc(S(C)(=O)=O)c2)cc1,-23.301892585855473,-53.90574859564688,-20.73733508187815,-7.160014432881806,-26.231632934928257,-39.81720689980149,-21.181025350547493,62.85408271968864,-52.48292223863399,-18.280455273329043,-16.82371547784826,6.2039670316302145,5.024010776533837,20.558329683966743,16.051822016064072,-13.128706331103734,2.376225173883879,-13.872426170813654,7.415755069165754,-12.095944210913066,-2.1481836594998005,-1.7079562050288617,1.1471189754349784,-12.131367278362337,3.1821374897596617,-2.69588377521809,-6.005339946362649,-1.6073824820206326,-2.6277763809838413,-3.8365553193798414,3.8606310926523237,-2.1801642199402504,0.6498289055495148,-11.653253298002014,-10.88112848051611,-16.468934470817167,-6.484716308290055,1.1523404325076692,-10.171491989811958,13.197834098822954,0.273496222218632,-5.954149882726238,-22.278371155951117,-0.10845965600248107,4.999446436143446,-1.9370996882297864,-33.349057155519596,16.01331838946818,-1.9350857407517226,-9.835429901658895,-7.8262171472565845,-3.906103852002327,-4.084920277878098,5.494977324188546,17.739594350629247,-9.772100463321161,-4.67418537277924,-6.678502568178159,-5.71518359195669,-8.201346790077803,4.879560363389289,-2.827842398139873,1.7047871580553966,1.8729480629279849,5.005156310414693,-6.9714023775397695,0.4848440496809953,-1.7830082271531378,-2.9299394970001535,5.22178754626599,7.472525465255277,7.296030474337719,-1.9124511970786005,2.7554692515952164,0.752768881346646,-0.17887318470212962,0.7393993075809981,-1.80491862509248,1.7860032594502524,-0.1872646519397189,0.43293290826739306,0.8664684548981556,1.083253947338275,1.2264387975782212,-1.1891254618205362,0.1617655535567691,-1.6809118206720113,0.540811288575694,-0.21715166816035694,2.530892537593442,0.8383715796461512
5.832682665251824,1.0093538704045897,CNS(=O)(=O)c1cccc(-c2ccc(-c3nc4cccc(C(F)(F)F)c4nc3C)cc2)c1,-25.269538930322824,-53.50568640777273,-20.208599550257585,27.14252453831013,-33.19360201380512,-27.807466880441766,-8.454711522764748,71.5973269855236,-54.97555103579735,-4.483843173163846,-31.82201552432754,-3.9972978807950463,-1.3029458884002367,5.703068101204216,10.855330810501398,-7.828745098323733,-6.883007700302033,14.690143702932309,-5.315900418131366,-6.460875323045752,-6.372649647547958,-0.6256856096068699,-0.7275385550207397,-3.154899667096421,-0.6856038352316254,-4.3152673222046225,1.0166147933579066,12.458988246654174,4.577428706492939,4.662739238663875,5.788285879081991,-1.8259028855279902,-2.1413345332775666,10.212868535084437,10.138933441477624,3.751853168886516,5.489159857067247,-3.75240242880189,8.324809096781577,-0.3777384832408475,-0.10606422003153224,-1.0080997272026593,12.60887495305199,1.71535906525813,-0.5438914960683913,-2.712843022165432,19.454066361097638,-15.360568053336788,-7.132535947883066,14.218078293733676,17.5091839301103,0.32262082981243195,7.627356784638405,16.29428846519296,-6.3577869265323095,-4.033271449239269,0.501248936157181,-11.722897955777682,-10.017879265746922,-14.090167301291043,17.58771673912285,5.002085357175867,-3.27252530375281,-2.9311561520531115,1.9299950064613347,2.9528517852364784,-0.5974732459941972,-3.5016984170641674,3.3535566423289724,-1.425866912847376,2.4660272038049063,9.173174539383979,5.077258572065198,-5.26634190951111,2.6740518972030323,-1.8574380863912505,-2.0279588433692153,4.121514109840602,1.5065301963561701,-1.1344341466382106,-2.706135832271269,-1.4049368087075227,2.006774482469663,-1.414055046260565,3.8606474887005877,0.6844377017329029,-0.39205433013663704,-2.548131302608503,0.9100469225704998,-2.0700217773589813,-1.2833501117157784
8.022276394711152,1.0093538704045897,Cc1cc(SCc2sc(-c3ccc(C(F)(F)F)cc3)nc2C)ccc1OCC(=O)O,-31.739587370364706,-24.036908958502018,-10.28040938175127,5.4285613397086045,-30.48124813720219,-13.224435037242358,7.748041032253683,20.335242484766717,-16.964392025346477,9.63106960616727,-8.185923488254549,22.61566848680935,-3.7308280145917028,-5.562376135326396,-50.787710985816155,16.374102706212895,48.76307200660122,37.99529216190604,38.466297240848945,16.366210396910798,23.31311554657753,-18.82962791368199,-17.113629717467997,38.221167113049056,34.28693886578024,-9.06272844402914,-29.803993183843257,-8.749446126251918,-23.5147941252569,-27.53368597834179,12.245208199793106,13.898004658104636,15.10016515776785,6.255149036029248,-3.4931070424845396,5.927358512388871,-9.69995102792982,4.2835191985921615,-7.180015486088973,4.958569463688199,0.7062310660040029,1.1253830229394777,3.433642836907624,4.622033854347892,-0.976389279946706,0.646979298943031,1.0320123154509415,1.2709508266270944,-1.3291303568879644,1.2280515347836205,-3.7310530151817525,1.553950820183744,1.8920997712246053,2.198658640261518,-0.2777578395086993,0.13176599567830222,-1.83714535218421,0.3805099507343036,0.1532031748987673,-0.586628759482725,-0.5426110926679625,0.21550815267517456,1.4846654754905317,1.268419751281139,-1.2247941053227382,3.4460072114124047,-4.089134901601484,-0.5308286284115593,-1.3246963561957779,-1.0072709334399432,0.03303828867153172,0.6309356952432987,0.9272687018700735,-0.6522844832609187,0.42988986380140043,0.06430925904037908,-0.43617286622847223,0.8830339405632488,0.8130773653050521,-0.391451159179704,-0.10283600525212264,1.497676053918136,-0.07895953992176308,0.6439411629806118,-0.5685368378959014,0.4599673477472446,0.4843432863642874,-0.00874558498543518,-0.6623689616083923,-0.42220023357217074,-0.4093151157906496
7.721246399047171,1.0093538704045897,O=C(O)Cc1ccc(Cl)c(OCCC2CCN(c3nc4ccc(Cl)cc4s3)CC2)c1,-71.69379504793464,77.60372526054842,-37.51891235237526,-30.644376021177337,-2.0168289438969116,-6.677717999659809,6.201147528407805,0.7902887836190811,-0.8972509858039589,-25.537978549434293,28.308093987036756,17.224560175688367,-18.93223638038068,-1.5215418970319268,9.030517482145475,-8.701391833309316,-0.8968620868883399,18.28068697171076,-7.650408169573369,5.84974875391643,2.0214641693973623,-8.46590672838262,1.3575856157785362,-4.517997924303704,-10.298856159516305,4.058286704124582,1.6252144622093705,4.542130129223531,-4.074117553222138,-1.9492132750596964,2.6538022483805754,2.841523257409467,2.5413555100307397,0.6397304924389,4.499226769440766,-3.636111036171764,1.6188563549231048,-8.814840132097624,8.611940013805507,-6.887759060438707,11.569103090385617,0.7963198747464544,8.859729588930342,-3.120121205298183,-3.7291515709121734,-0.8406594311616022,-9.338302207348807,-0.2416689115562442,-3.8598891714266,6.742709856545505,-3.16288462826169,-4.810715400402455,-0.9467496552777884,13.152080935624817,-7.6485964719833355,4.191692779755367,-4.157580167726009,8.880375263886782,4.556593030906593,2.049199065497346,-3.0496065719135936,4.814768612347928,-0.8962393728124559,7.507994393939262,-13.807118350568798,-9.293337250468714,-18.604971480867885,-2.990463156038111,8.03825601042295,14.461750474820281,7.270557111174737,1.485224267180788,-7.983033463168843,11.750239022729268,4.415337665179114,6.384018851410033,0.29291533474879183,5.274249038877291,-4.018821926831293,6.151463529292843,-2.6532343275546753,-0.34682206928829495,-4.7397547837480385,-3.372736570898562,4.5737385874659715,-1.266003832080857,-1.8147068111335587,-2.4985206542012555,1.0357708439624513,3.2758808716852044,-1.4872330379411667
7.657577319177793,1.0093538704045897,O=C(O)Cc1ccc(Cl)c(OCCC2(N3CCCC3)CCN(c3nc4ccc(C(F)(F)F)nc4s3)CC2)c1,-58.617702868599665,75.54052896500185,-35.47169017851721,-5.387007757344445,2.8748595229291314,2.805996792274502,8.81940913503008,5.7118830729018155,10.167948264330692,29.726761904369248,-25.538240342160446,-14.030224645184331,-11.708946593313408,12.38517695944054,-15.381176081058964,-5.823075574598261,16.145396178208657,25.836799590619883,0.3687744642219166,17.88789140257519,6.353579074888737,-33.00003979066711,-6.521590470669636,-28.31943543756418,-28.162841324762496,10.368168330430722,-2.8188123742655984,13.58953815094142,2.1247239943258065,3.0689285593423645,0.16167174680431778,-20.880712116539176,-5.848120013313422,2.629420991834375,3.6006839681796166,-12.342189037602276,-0.4837745386035653,-5.652936682468933,-2.248644714589359,14.75887578718458,-9.504280940366431,-14.956676471447562,6.017402595657422,12.933607102811276,16.773881827681773,-7.353248091401726,-3.0072800442490055,-0.7860560226332299,9.324801387213103,-2.7134914224527917,-0.28465407897151956,1.0853401774442455,2.8125200198921236,-2.4317981138365847,1.0285010218854824,1.1504840991871588,2.8771971638579648,-2.9092782621976583,2.310397590043343,0.6242403783692123,-0.24403081329552365,1.66018805661734,1.3678915712265214,3.8970886758015335,-4.423569707864987,-3.0661574210768126,-0.2582467905736101,-0.3766728352593591,4.121653993138319,-3.838378155957548,2.0312808613801674,-0.5418142558826962,5.610535270465629,-1.4928368077240295,0.134449249013717,-1.2730337957047106,-6.727593792147971,2.111177651740966,-5.807012411634326,0.08503645881935767,5.165195427772493,1.0252533619671738,-8.10092153643114,1.1945188310669075,-0.8639974944918524,8.546210907067096,3.1195576453114517,5.322261319279901,1.0651883943516305,-1.4636845639576077,3.827152711195379
6.823908740944319,1.0093538704045897,O=C(O)Cc1cc(Cl)cc(OCCC2(N3CCCC3=O)CCN(c3nc4ccc(C(F)(F)F)cc4s3)CC2)c1,-65.30739457116744,89.07228101671049,-31.431282361066863,-4.294011552853503,10.898299776631305,1.349255975449596,6.68811738088755,-0.5171673873839088,10.84987734352048,33.48867959346418,-27.777726088871546,-19.106596759397675,12.989622723629138,-1.152708131459491,-1.8130890067487753,7.121751819085034,-0.8212218234422812,-5.5721427392395455,7.4914134237259296,2.611318115797347,4.939903342969872,-9.47762947595086,0.7416864020770275,7.335255158753871,-4.414903463376034,-0.8334883703928256,0.6634796851383389,-6.563370898177727,-2.7016579273428825,-8.169626512461601,-15.847242644987675,-3.5295854640715016,0.2991089818675754,5.9583612945478395,13.063703917733632,15.377783782644727,1.839791379939467,-5.9943488348533664,5.127370409637017,-19.57270699618628,11.106796828301961,12.235051515522638,-6.414334722199048,-2.5886122059462204,-15.410342010230424,10.823850214632165,-6.47688122742894,8.696586394531517,-3.4830617456209305,6.181428005494803,4.928080068536398,-13.522133823273517,-8.108682026422255,-5.291271123982837,7.785500749413835,-4.194313162476416,4.676315547399445,-1.0053293355283515,3.279031354839616,-5.556203397119091,10.314052426257218,-8.88878494032593,-11.086944377092326,-5.511171039731075,4.584727176690476,-4.7126839527953726,1.180924274509714,7.561970206622286,5.713999198404173,-8.249046846828417,12.798338324279264,-1.4239187183979387,6.71647326516125,-1.693415174692332,0.8480596196428036,11.19141138292937,-5.6912504002238276,1.787256416996956,-7.174371155940765,-2.1385021988737445,1.5621898303532227,-0.09268016183376279,-8.53099651867212,3.2385474357133512,-5.6889158780539,-2.6869272152871804,-1.6171397694753273,0.43849559169130714,2.788231064830316,2.152389877300368,2.55047011669908
8.1249387366083,1.0093538704045897,CC(C)C1(CCOc2cc(CC(=O)O)ccc2Cl)CCN(c2nc3ccc(Cl)cc3s2)CC1,-62.857556319435005,85.45091766934628,-40.29401912954259,-19.713557465168332,-0.39854703268800123,-10.65729726233144,-2.260342045615688,2.235256976038207,-11.638380463621068,-37.686470389857746,32.661119811480894,20.025467388325545,-18.30328947808654,-7.781573501307164,7.589479219986082,-1.8217966713678142,2.9841898804779956,17.539466165447084,-1.7156260468372095,6.038778745332413,0.9768738678825947,-6.173008731444984,-2.136902259937413,6.826333814429657,-2.333156200594693,5.911802015373827,1.2441067674989283,2.3038687287864383,-0.13582992800402685,0.6209620726014964,-7.644911721973866,-5.567785999870375,-8.850308343251335,7.156644746531347,6.019320153588846,-3.4161692929393115,3.4822790231328464,1.0100439126103984,-4.162260394370522,-10.046166457136366,7.801248244760131,1.5547048587775762,-11.246280502321792,-5.364705460354808,4.578207160431565,-4.140184364726919,0.3897892316235143,-11.5378625247933,4.557667511044299,-4.48640359176276,-7.143201205008837,2.91518353324845,4.413564451836689,-1.1633053839710006,-1.2534994579212768,-4.284752723406739,3.004359823935401,-5.965499593620129,-2.9942948536598593,-0.41985759218366653,-8.06846003349087,-4.698107143494711,1.930360557040467,1.8454187784566767,-8.497587426753272,-0.9553805477589336,9.217546712546913,4.075786776497491,1.9520561781226187,2.304662465990307,0.6368651233157514,5.584405024001258,2.241927470655133,-9.203847947002762,-5.244519850815216,-0.2679084661083073,-0.395951094619654,-2.531787712744437,-2.354459128464058,-0.9565539361012352,0.682223883484632,-4.041770064114973,3.7115737154343265,5.704024942064451,-7.377662623819807,-1.2090275373442176,-4.542177519308107,-3.6109001192216565,-1.845697746948123,-1.2611042270700585,-2.215989533438133
8.031517051446064,1.0093538704045897,O=C(O)Cc1cc(Cl)cc(OCCC2(N3CCCC3)CCN(c3nc4ccc(C(F)(F)F)cc4s3)CC2)c1,-70.48714655809029,90.62621598640364,-44.103999220253975,-13.248762270875666,0.3109385863068096,2.9964889077627417,9.122455357440346,-0.5710237552348704,3.4203930809791325,35.15497831260298,-31.4190768929426,-16.352926101451082,12.880722830510631,0.49433058828460613,-8.41405367802365,3.4835250945293805,5.056992884514976,-9.180375971805312,6.900725142768843,2.437208161054292,2.707631117364279,-3.9596480189762544,-5.300559480811814,3.333640735133598,-11.066617427669122,0.8023065377975358,-1.5742676075725959,-2.1727694513310523,-5.21850912405941,0.9198172017948214,-10.3550126592734,-0.4879773055031824,-5.43249236443776,-0.4325961369962915,7.33051655998422,5.822070558112765,8.8922537937747,-3.579232241223764,1.100820335179803,-6.275884968878098,7.4138881515096555,5.270548010866067,-4.236440198489893,-2.359715191868082,-9.306104510689954,4.365222770212827,-2.284744049739969,2.2846174447813787,-4.055358546713512,2.083169902110385,-0.2845727727994633,-2.19175153333777,-3.6497192567456214,5.021500220600655,1.5883255572547195,-2.354444219429103,-3.551604410907696,3.4749281968848886,2.027991919360738,1.6363034622035326,-2.5818890316521226,-4.336921878538764,0.18151858376879093,-1.4735275721028138,-1.7236153663100804,0.9157755631152242,3.9448053315231655,0.5522189694386433,-3.4005165289927795,6.0827461779785725,-4.059718503587005,6.834572922890095,-4.1661618597251096,-1.294408429969358,-1.1891517867077273,-4.302654598545472,1.7931154568855747,0.28059216332405984,3.646883948167706,3.4948395099674965,-1.0467149819440908,-0.04067445407032003,3.3091226114768175,-5.067996807466534,0.1280275196275457,3.77661090866508,0.6311522561354168,-1.9954376149852027,-2.7215659302126864,-2.5444395616750137,-2.2335472219436734
8.207608310501746,1.0093538704045897,Cc1ccc(CC(=O)O)cc1OCCC1(N2CCCC2)CCN(c2nc3ccc(Cl)cc3s2)CC1,-69.57357552464441,87.7772437001582,-38.02556672095868,-26.135764787450942,1.9727375937321507,-4.069250512464853,-2.658244421342784,2.9765413637132547,-2.7055691079695445,3.438191849261378,0.9562641974284539,-4.058865485718998,-10.471339975093848,-3.3294876314762223,-3.6922107510444357,-6.072342831334029,1.6020727896216198,9.424758021470854,0.20724426476746274,11.967559757512909,-4.339238731848468,-10.55821596952044,1.53630050638368,-21.435792309566988,-5.315553778744158,-1.8977133550950163,-7.703649978637438,-6.3905405712285885,14.814476280267456,8.614761060826536,15.51639614570958,5.839240920539672,-1.64843609325842,-30.323100817424223,-7.236292021666765,16.865583283816704,-14.332216201313457,22.98669451041072,-0.6895595262898268,-2.8812767349578805,-0.40954863007172454,-2.4437760670611604,2.8612647809583254,-6.273365986097535,2.90164158569982,-2.100435528448978,-1.8836674570437628,-5.269027634551012,-0.5903546991168744,0.418011653283269,-0.27097256887265025,1.5707542125627214,-0.1716980943520269,-4.013586039590626,-2.691267937668885,6.484251076758013,-6.179372929873242,3.8770595685138343,-6.979885349414366,3.5784160521829693,-4.7970300757576725,-5.072087087696704,4.478597829084593,-11.130554653575004,-5.888576926774849,6.985513489858433,3.5832058795344954,5.487376065062697,-5.4720652028053385,-9.067938191264059,6.38484073919941,12.509369550738427,0.9302267143676191,3.8414600655774884,-6.8930930225716,3.096875160633917,-6.7240767638402374,2.7835815433278692,2.6187163033418033,-4.224809982443322,5.17747485630529,-5.8424734898667054,-0.14155050099639424,-5.332975115123337,9.823962542490381,-7.314444397789096,0.7498553750489841,-1.0977729228350868,0.2932254101190576,1.996751567897508,1.1025538622553086
7.522878745280337,1.0093538704045897,CN(C)C1(CCOc2cc(Cl)cc(CC(=O)O)c2)CCN(c2nc3ccc(Cl)cc3s2)CC1,-64.6508210437048,90.85079139286799,-47.43527762790193,-25.472571193281013,0.7779480428549104,-4.189659403187538,-1.9945767966388437,-1.4320176149901358,-8.58025601735744,-5.989456450113991,0.41990366346865954,0.07886432502640739,6.017654100098736,-7.8397711054542905,-4.672092272766644,6.010958257262883,-1.6959367578815203,-18.112388848421602,3.902832531746841,-11.665506724378165,1.0133680518180892,7.900227530533344,-0.6694094927133791,12.855436398786368,4.074927788888674,0.4252985164014329,4.699967002735105,-3.9583976912168364,1.621626405498623,1.5979756799786036,-4.936825770602781,1.0066313678794037,-16.877525456766655,9.983446058133028,-2.0145419945725855,-1.1781244973285538,0.6391750301335366,20.002363345302268,-11.669957947912986,-2.3161579423437866,-1.5991861220179264,-0.8864965771774049,1.0808210205066975,-10.301836752816115,3.67676074939296,-7.934550901176501,0.41323717893449075,-13.920926556980092,5.125918600331491,-0.030139553880380022,-19.57777616526911,5.3139993016296465,4.999532093171386,7.465205018928266,-0.7446672189326023,-9.276878040925473,3.642037987949914,-1.6980820230227995,-1.386114016316514,-3.4443338232658274,-0.46124198666920274,-6.758850983681137,-2.9291886561804414,7.690945581952537,-9.147830531014483,-5.370414929329647,1.9044156179012588,-0.5475061149185466,2.598806357126397,-1.3638978604704157,-2.415417330053834,-3.896264527070676,5.445578969032736,-1.6484989902519962,2.924179387557974,-0.6385621744228452,-4.321059565290026,0.15936295174039355,1.0886131041943743,0.6535744088764116,2.140038258972582,-3.2937870433737717,-4.860924227029096,4.940793975121196,3.8272509431205632,-3.586486595030163,-0.7959272284249808,-4.87219641128042,1.260663835449158,-2.71324218781014,0.9696434247599055
8.040958607678906,1.0093538704045897,Cc1cc(CC(=O)O)cc(OCCC2(N3CCCC3)CCN(c3nc4ccc(Cl)cc4s3)CC2)c1,-62.86991640811965,95.38910778652433,-41.17920470691544,-25.510826918537653,1.2543383032265105,-0.436668099268142,-3.429076496624741,-3.1590159364529677,-3.358678928509356,7.359456658101534,-9.275074016170164,-6.805873088330061,4.725555217080478,-4.868730586525704,-5.773463575588509,2.650926427326954,-0.6367948396658375,-9.669389265286766,3.480046996514369,-1.6387870711946084,-6.147561939714228,1.2548015326951538,-1.2726467296052988,-5.12452189909832,4.925627550304285,-0.058973447652505014,-3.926298361116823,-4.62484625095182,13.810800376790727,2.6300644666940025,9.728557411778052,9.415432683791419,-6.949733637476745,-19.611765190099003,-3.433639502806786,7.146702525646462,-10.696513793884607,25.474317251303944,-2.938154727130002,3.2886547322577395,-4.115867294425973,-8.083954416819772,5.35945779655224,-2.6561745014953697,-3.977461106165269,1.8454274796098413,-4.853900976929053,-2.4544135850042883,-4.511960033114601,3.491107059815967,10.188409288555091,1.2604911811749175,-5.974847341492787,-1.4360217085580391,-10.196286666654768,4.226882388280686,-1.2748366537231206,-12.430435108708252,-1.7609800295192226,1.486404426127934,-0.7196213400046992,-1.5711848038040797,9.81492521136963,0.3885734867796454,2.9732781704523457,3.103090636482456,4.613733044555572,8.026538162229857,12.916352222124347,-1.9443376712259528,5.538457376023249,-2.2786725150770466,-8.603276051950122,-3.5423169427160466,7.9127878756864405,2.3477972485060588,14.880740555208217,2.728785612014389,0.04309295025330586,5.960795765414407,-9.285528940064442,6.1102790069970725,1.7069194736497322,4.487260379697046,-7.2823337271795365,3.6534336937078686,1.4888534980313586,0.5318762843109779,1.2285105283554483,1.5692101494938966,2.208977354454426
8.148741651280925,1.0093538704045897,O=C(O)Cc1cc(Cl)cc(OCCC2(C3CCCC3)CCN(c3nc4ccc(Cl)cc4s3)CC2)c1,-77.80267834937277,95.2932170122566,-37.93557450912983,-25.537750572741466,1.4278796837996992,-0.8885291532016294,-1.2080278282528834,-6.326805382097695,1.2761455945958953,-4.089050382057332,0.6248691827623546,1.8688256638562086,5.0286531427343455,-0.4305715428988064,8.648425073703839,0.6360751611656578,-11.320041426269801,-9.762376491417852,-10.382331861460308,-7.876542245069322,-3.2740871538691083,12.402910932396978,4.424673893132832,3.1020979387136376,13.97832918105138,-11.357453999013009,-3.7518232377732637,-0.5178628289774235,-5.741238759823609,-4.843481126491427,4.747442962542239,-0.3285853889222337,20.53732068929472,4.355818389459501,-1.8034775524489726,-4.4579378612419935,2.692813829912038,-17.17273451707177,7.53172990244579,2.800270188031345,4.439399439634491,0.9452225709672766,-7.026431052647466,7.706922210123163,6.541086440861147,-0.9712085104420001,8.175849800725143,2.5138731483884142,2.0465714151171377,-6.445970843463799,5.118877594390671,-2.94324689121777,2.6567298998423143,-4.097299467850356,3.2911101287827265,1.526376957267563,-2.4385273489330395,-5.046346731367503,2.389013470977239,-1.4604198797621513,-6.4759913829488305,-0.704910742461561,5.489032736662811,-1.9630947393634097,-2.327416013866056,0.7484733503707317,0.1370303537938261,2.528115984048875,2.087881071687234,-6.518480200148453,-1.3834660429541932,1.964914839557399,-2.58876727088772,1.4999638956219288,-0.966785641319129,3.170415606039225,-0.2419654472921202,0.8075202529828794,3.501992471168935,-0.4803076378703525,1.3044701009840474,-0.19112092379700696,1.647583717553409,-0.13515025783772444,6.068778754849933,1.1245418286836728,-0.03396061025634395,-1.0792263074387367,0.5233970186191216,-0.7755361295857913,-1.5645254152396495
7.958607314841775,1.0093538704045897,O=C(O)Cc1cc(Cl)cc(OCCC2(C3CCCCC3)CCN(c3nc4ccc(Cl)cc4s3)CC2)c1,-76.98845766105909,96.06702805605177,-36.46032237707873,-24.211869932420758,0.7542617502659329,0.7710995794363297,-1.1861109021951846,-5.525547516931046,0.29196087876205623,-3.702385049342808,0.4427911242874059,1.5076418266874014,4.465381236287794,0.31082452048274456,9.464999788876106,1.0459072566465093,-12.100584481606582,-9.585781729528437,-10.452216193217204,-7.0718295959663,-4.448504076444588,13.84595252167591,5.458886443574523,3.3936709171990134,14.06803837488706,-11.466666809571603,-3.962911864754776,-0.14681312092345386,-6.439111889083168,-4.719718741182876,6.061851849604253,-0.24865143263821798,22.781197077570457,4.4948928469587415,-3.0631796892742122,-3.246128429657697,0.6815737176660752,-19.25308724015181,8.325155105732142,2.5728219725503942,4.109320682464614,2.2280251219170997,-8.24790752577935,7.947615115984747,7.604008698459664,-1.3395910625540972,8.906708848387385,2.0561653792503654,2.5192116512677156,-6.049094630931751,3.545196615686534,-3.3130680519474534,2.1864210082725934,-3.19845250308958,3.458112536730221,1.1734179584781936,-1.1312599574115167,-6.715866429757696,2.0899976890705387,-2.3638228401087056,-3.4311459357367644,-0.9627404358861594,4.114390990465709,-1.000076904461097,-2.6035027884206037,2.535212270973131,-0.8819699000433256,1.8145361024980138,3.2538974926395996,-6.704697224272786,-1.0389683138700125,0.7912606991938794,-2.4451895244876947,1.2774026417144377,0.334076289969989,2.4356551689692787,0.8966850350021297,-0.21775459678031295,1.673113116282657,-0.9023351650340146,1.2338075446528185,0.5465441642625563,1.4878669218389358,0.1278344608788675,3.3376619365451026,0.9800585603535638,1.8852983421612823,0.8106448486241322,-1.2756982130776764,0.19692705946655212,-1.2715212932945692
8.346787486224656,1.0093538704045897,CCC(C)C1(CCOc2cc(Cl)cc(CC(=O)O)c2)CCN(c2nc3ccc(Cl)cc3s2)CC1,-64.45264245131898,90.38750103016157,-42.98672526022856,-18.595464828295572,0.6020666947105143,-9.551625894629742,-4.532539275151834,-1.750525311552838,-7.625588265696671,-25.196353672833226,16.609456672546344,12.660433575981184,2.533988738155941,-6.2090605591981705,6.158416570901023,6.797318707046132,0.2979429511665931,-11.095891960410892,-3.5893875540955715,-12.004257819825819,0.5829882512400156,11.050530059254502,-1.0021857526794509,19.24946846638318,15.58522195721337,0.4660956394799898,7.354064591207482,-6.170612632987239,-3.409508077313376,-3.5875079650970116,-5.011332737489128,-1.3367919054218487,-9.79164528964156,22.88590528004354,6.6544570308478885,-9.012872339818866,10.653937361651462,0.1829333740544704,-2.2542156744326247,5.754278199551234,-12.557823529615376,-6.3706462092439855,0.9652561326071945,0.6884976051528565,2.812708456425574,1.191253906294409,-0.631800890100188,-2.300855751872799,-0.910741617052221,-3.6642979831029012,1.4145237844627843,6.316372163523044,-5.403238717072855,-10.8581304240836,2.0766487483662477,0.8058704427531871,1.8356838561772368,-6.539721017478093,0.7971661093798321,-1.213191405326418,0.9138682969505851,-8.02221212793782,5.989718561286356,-0.22346689208999812,-3.0460318918101685,2.7678999618107243,6.800568444586125,2.9481202063719087,-0.05120530236923973,-9.11742812640737,-1.1837001393747333,3.341674975904448,-0.826672672700864,-1.2261922562497276,-1.9092972093281937,-4.100145939134963,-2.186359329078797,4.245516002138082,0.3734697995630192,-0.8138546830029151,3.1235408898652435,-2.425748286332779,-5.944049124880049,-10.382780675800838,1.8999085314419402,4.182231059460975,2.328844218018001,7.382970195464803,5.176833941347067,3.343458700594861,-1.4339559071001695
8.229147988357855,1.0093538704045897,CC(C)CC1(CCOc2cc(Cl)cc(CC(=O)O)c2)CCN(c2nc3ccc(Cl)cc3s2)CC1,-59.92913167047762,89.6243757426397,-44.9694416853759,-18.8274619316561,1.1215097416584126,-5.44747560805501,-4.543839089435645,-3.5401110052025153,-5.166634374349598,-23.31862934976628,12.115552437805755,9.337537980790913,0.2106853533396175,-8.876518929419882,1.8400802662896607,12.518002791210801,-0.07253152663779669,-16.070938775483043,-0.5237979899205935,-14.300315311325134,3.5753250453477254,13.325325339674716,0.9919056007370283,23.69222843598828,13.35107630398366,8.765315934261949,9.402663771812076,6.06771191115042,-1.9687543840621995,-2.6676201248159694,-6.368669922063473,-2.974448588967453,-9.723533682001264,15.897949165845791,9.38181408031082,-7.855459205923121,9.226737355678372,-1.8299791928396774,-1.0812030033946065,8.048743344873705,-16.968003585567363,-12.492424517839337,14.33325946184248,4.885485093455897,-8.550539703434248,0.06272401825945606,-9.076363143233849,10.594806570136297,-4.843606320987578,5.391194134061745,6.457654357146743,3.6560618548051496,-1.7682369707705758,-3.5756489134883473,-2.812883822218399,4.249559288285958,-0.187511907034971,2.4535870194602087,-1.353293491761739,-0.6047729837842649,1.1697644458770704,4.283660991115955,2.606811699571667,-6.859259612431477,1.6850953296298519,-0.6893013737293613,0.41263976077150016,-2.113325350804723,1.2877063400386641,2.14176925174504,6.248743815377408,3.193114020230873,3.7703484532495755,8.267041923727554,2.2733564729730005,9.425711840222787,-0.6707150484761855,-3.442258117796428,0.1365701718713953,1.4819752261295134,-0.3322500780444567,4.110782767422646,1.3391178278566138,4.765854024039486,6.522773001653489,-5.292456464678736,3.1293508015979996,-3.142220268686924,-6.6489205440392185,-1.0227016344128241,6.594991533234948
7.823908740944319,1.0093538704045897,O=C(O)Cc1cc(Cl)cc(OCCC2(N3CCCCC3)CCN(c3nc4ccc(Cl)cc4s3)CC2)c1,-70.86933204777331,98.88932036266601,-43.571586286074876,-24.9487235878346,1.1280782336267918,4.869948424668172,-1.7525656803895693,-6.024918534091952,-1.720221043018941,12.271507620375845,-14.464520035486807,-7.888350193298185,8.209928135735293,-0.21580729518512623,-0.8590305591535223,2.5323905541993272,-10.837365509939016,-16.70386021653011,-0.5418492811866417,-7.474036567730679,-6.407330417982296,11.105706690140016,2.5722328475238485,-2.129630668302246,5.430377365846516,-6.337877751374051,-4.769323429829065,-0.9472622639911964,-0.35187545121303054,0.2655983171181361,8.959827851451816,5.134916929373301,10.396214097312063,-5.333203920097241,-10.085876798133231,1.3179330214215248,-7.717458665553577,2.352394813511812,0.10115278726826797,2.593677464661667,0.9664142002322648,3.5710146606792588,0.5550644557915614,-0.41435958708886816,4.153836764021358,-3.1782821529851577,5.768296668433948,-3.1351323004730944,3.294947128811783,1.1391099676058605,-7.1774504750037895,-0.9414401857429804,3.3773878044553243,6.832275418036948,0.03437240254285184,-2.8005872393993156,0.2889440396101989,1.726043794094457,-1.6345742811667758,-1.4912246235407152,3.6684133774008143,1.2574956294629405,-6.599701003299992,4.287617519858282,2.989091646273825,-0.4994157971495742,-5.286968413998999,-4.98388546423803,0.013078240800617208,1.7029715545797586,-3.996583050901866,-8.86592924362556,3.444345806966266,-0.17456109925844834,1.3894061659608057,-2.6802462885344043,-0.7184172800961777,-2.868126529347903,-1.2293680719579063,0.08512131915322614,1.0085060556884144,1.308121148050711,-1.2365175641794195,0.5115000839279084,-1.2331136643327743,1.1204765121742062,1.4076888301484585,0.7046076141356447,-0.2645960974265565,1.2465391179287344,-0.07323076958258842
8.036212172654444,1.0093538704045897,CCCC1(CCOc2cc(CC(=O)O)ccc2Cl)CCN(c2nc3ccc(Cl)cc3s2)CC1,-68.16763913440919,83.871131476219,-46.95076403443705,-23.90387030987802,2.6772307431864335,-11.09555201806125,-0.6589397176386738,-1.5078013133105477,-9.083085148624063,-28.53354297968098,26.41899148623341,16.56582890494158,-17.755804850109037,-4.1856459359104,12.412570067272778,-0.7829178274256418,5.0322157689529075,16.29804584917485,-5.749823278880112,7.450308440929194,5.160501210668941,-11.350809333107529,0.09011495094256941,-0.3996471263133518,-4.573163378506577,7.149373565251521,1.9216022338177752,3.250545697051397,1.9828259271418343,-0.12866908136769203,-4.818323026439102,-0.27010295757174074,-11.434913513071665,1.0643985612515685,1.2016524094906718,1.4267192770710326,-0.9882571979213015,3.46574936107786,-1.5880731509224908,-3.978807703461348,-6.380351945217219,0.15441317476149985,4.362319938685376,0.6782766927914834,-3.3899058181913997,5.536506790645579,-0.555003826739177,5.559314339817053,-5.559483842966351,-1.7254608739736184,5.464956546841879,0.3092337737306348,-6.214130377584974,-2.7333826836665875,2.2349883358885982,0.08163332552044412,1.0968936365983089,6.35266574343433,0.8767479343753601,2.9256679166986364,8.455430069212376,7.149689318139287,-4.93472856241117,-5.436876746076872,12.64293833985188,6.474456956015244,-2.011288012891388,-2.5198031800651046,-3.8887599547690717,1.0429320246699998,-3.6005867892238275,-3.849811934411996,-1.7214284628870669,2.643346997380169,5.111060669154365,-3.6521911214286162,0.30089294386702503,-1.356370698382664,3.252459438846436,-1.1513436511189332,-1.1370245367241365,1.6612843428167665,4.9083928305782925,-5.177990454612654,-4.7043679025196,4.623954170963308,4.310200910736552,7.101914550358446,2.2853986560088773,2.723489131097962,-1.0505799871009767
8.0,1.0093538704045897,O=C(O)Cc1cc(Cl)cc(OCCC2(N3CCCC3)CCN(c3nc4ccc(Cl)cc4s3)CC2)c1,-71.86043782012742,97.39771040112161,-48.37549410941197,-24.599983135509646,1.4777230778971682,0.1848284726708084,-1.3676996365240401,-6.797217834779383,-3.0178986769642346,13.05995964508579,-14.138848231389616,-7.70287079683726,10.780635815190239,-2.0468767752653214,-2.995816637107297,1.7030956485620357,-7.6073827017953155,-16.73783068981763,1.4127499971158435,-7.778036703756058,-2.697144152090048,7.360958119876527,0.06911167225572104,-1.8872900947381415,4.437201715787372,-5.565299189412232,-2.409567677784392,-0.8088821123819891,1.370957668906566,1.684862179043864,4.380073340034021,5.9090698786194675,1.818591399593232,-6.778116873375689,-6.058123842627775,0.09276504296269732,-5.7697566707266175,8.358890646169998,-0.07586464229884501,2.481891472283009,0.5731056249539057,2.575956831399247,1.69512610072428,-1.1989875912390768,1.3392738399773623,-3.4534492770901366,2.5533066177317894,-3.557985636422317,1.6934064961528539,1.1697649774761174,-4.020907596871513,-1.3556191357366882,3.4948511449580626,4.358954799192587,-0.5642521543665585,-2.646286869723783,1.4193869313529657,5.076522366374815,-3.1744376488737194,-1.8336600356008168,0.21223002446243416,1.2799433894376921,-1.8833569886583272,2.3456331048857457,3.6558128742817306,-1.443196498287235,-1.61317578796255,-1.5384259923623875,-1.7796163469336548,-2.328871505827255,0.42100674876503485,-5.1174979387543225,-0.19566582048826214,2.1102479511730348,2.5286780181872226,-1.3403309615980465,-0.06165102827398173,-0.07700271541450893,0.1772237845084271,3.8200063361336887,-0.12238233882295436,1.9950025634120843,-0.19883385732031994,-3.189185280755655,-0.7501251202650434,1.3602287173096426,-1.4924821391373693,0.048331694914989884,-4.451478946094978,-2.275966653439138,-3.2436529718598637
7.657577319177793,1.0093538704045897,O=C(O)Cc1cc(Cl)cc(OCCC2(N3CCCCCC3)CCN(c3nc4ccc(Cl)cc4s3)CC2)c1,-69.16802996469696,99.45632694556673,-42.24821231892354,-23.71268862370444,0.32259122348637687,6.619180725435274,-3.6687741320485263,-6.792436787902127,-2.5756198617120494,13.459244132356798,-14.996927618124907,-7.5313147849518005,7.681075514083263,-0.13237530528683147,0.03873372303893085,3.127023416377716,-11.916434435140047,-16.203038660322473,-1.2556793853609702,-7.051026092791434,-5.660555798457472,11.896251913063086,4.000868949784556,-2.250049395399008,5.573655110132042,-6.472231292264957,-4.635962420733693,-0.8705315351750499,-1.012487972921083,1.1696319638680972,7.2271324271000585,6.276972943276084,11.10466620706664,-5.467434994746957,-11.317302955394933,1.57192033272888,-7.651784205973045,2.542261561970033,-0.4366525550462274,2.761530369696185,2.060853028149292,4.864828960060741,-0.4290511119197586,-0.6128269682126052,3.60969176214174,-3.2003185700507704,6.400657887170636,-3.70154749377256,3.2675378406132967,1.2657783027290355,-8.189374553712067,-0.39428298123456484,2.3293247498123,7.366482107912451,-1.0173830048672523,-2.7082059872642326,1.3397826621010218,2.0569187689606787,-2.0260209763954617,-0.670717471710892,5.93384397535582,2.600448145635629,-6.867864925067962,5.906975689884407,2.379839888944419,1.658681675460213,-5.990684388054993,-5.71172645802331,-0.3763252489165061,1.1508538027359183,-4.263368470608502,-8.318878283697014,2.9750723639430974,1.5496303290529132,1.70538536696564,-2.6396042442701733,-2.608103537049108,-3.1244336514118682,-2.8890651561692517,-0.37426759921268415,0.26634954137757366,1.883068593519266,-1.04476613204049,0.12748896066301496,-0.7955417885994823,0.6526228432695215,1.1682551788886777,3.8073496980815267,1.2458007650512357,2.0887821741600354,3.0329694895918196
7.698970004336019,1.0093538704045897,O=C(O)Cc1ccc(Cl)c(OCCC2(C3CCCCC3)CCN(c3nc4ccc(Cl)cc4s3)CC2)c1,-73.43345243711272,90.43946359645018,-33.878881141346945,-24.010936003037283,-0.42157023136082716,-1.5581887884461518,-0.4360306079366464,-1.8430010142198674,-1.3657749117961384,-19.13476234692244,18.597387349136568,9.886498309935703,-18.846041573626756,1.2004837723624138,12.544461746928647,-7.264953959413078,-4.086246193807464,20.117338225229783,-11.308426722535136,9.866639978284397,-4.985487814207734,-6.149891816353287,2.469236424977856,-10.105375755488184,1.126377922671236,-2.0625758536522025,-6.05482786663063,3.7156073216522874,-1.1322375886577936,-3.4748271056679227,9.057462146706822,-2.62374336640237,18.952124951348083,-9.926097404912143,-5.834007247681517,2.180998181899536,-5.546547144146341,-18.561793663641232,9.645940235283247,-4.878518677137635,11.053622952361255,3.872746965293142,-7.9263473680311565,6.370773574319943,2.9695430904778064,4.284492910316939,4.727506178890876,-0.1749011241045371,3.615919197108939,-0.9403368824008677,5.988152005070121,-4.462461996382864,-0.2394848711829032,-3.111271218566486,2.3195278682714764,3.6070841364397155,-3.310150006152323,-5.70615219157764,2.6280213995627446,1.6491004405824832,-1.0772280392997127,3.0989759609999212,5.035322314269351,-0.19885088859672975,-5.534967294710704,-0.6453018679167137,0.01734291174888007,0.7490789101824298,0.8068056347759145,0.966569736517321,-0.5759875263324769,2.4065015957140354,0.4693918867030773,-7.218024613385251,0.08078488348613451,-2.1693981044007082,2.8102705302148303,1.0471643354124114,-3.100193902395667,-1.6373290808386975,0.4784751200273187,-0.22490106671203847,0.6656977675316963,4.95306343804129,-9.27865099783977,-2.016849795946844,1.7416312576781408,-0.9951136789688521,-3.1742435015776715,-2.1494541403523906,2.7418188483766137
7.886056647693163,1.0093538704045897,CCC1(CCOc2cc(CC(=O)O)ccc2Cl)CCN(c2nc3ccc(Cl)cc3s2)CC1,-68.18763761939714,83.5852916808977,-45.103157938998145,-24.733103678924465,-0.7376233519321953,-11.525972269095933,-0.5299257471150529,-0.44161017851362444,-11.110221851298158,-29.486353226882365,27.16906973940551,17.7740104897848,-18.09799166640106,-6.277049253633356,10.77393514355084,-4.018848032461927,3.2801846786002447,18.4539884757201,-3.256571418795373,9.575750207925704,6.660541383038578,-12.992121566783144,0.7560045653450467,2.105144558379065,-6.449332036527478,5.8544103663304226,3.445494976259647,3.6808597148679514,0.14876947862903372,-0.4833050152046106,-9.488666053583183,-0.7429870116225957,-11.326441716670924,3.726529837283456,4.790625296402603,0.23919051714005704,0.9391612779413513,7.394490412717785,-4.3498832058162655,-6.3177200319107785,1.585098443162311,5.424194579262012,-2.8770643824051345,-6.2737999893798655,0.26416741339009636,-1.7085203585119486,0.9579008165508659,-6.765790613157211,0.47257179179582004,-4.143300964801577,-5.658331542071004,-0.05846444613330862,2.3973934926570424,3.798423663833567,-1.4543017395419058,-9.673133698171942,4.657004258899466,2.947757606758175,-1.613366059788733,0.2963340955462997,2.5013089897139915,1.8650509904437653,-5.74839733796102,1.095724696593308,4.905829358102033,-0.42390685327957284,3.0663421306756646,-2.1807582631665823,-0.13160324914527166,-2.1321048422807913,-2.294296964504635,-4.717848645583854,-0.33335074996224084,-1.1186418191237504,0.037148751303836526,-0.9695815909619135,0.45714118465752274,-2.9803377330068046,0.3515237551291588,-1.4831674392345884,-2.5759413793265575,3.9966649798720906,7.260148162384019,0.8959745550911651,-3.0477245297230056,4.947551891602826,-1.6244034222772086,1.1504604347325948,0.12470989376059337,0.8553115907320277,0.31756405473158955
8.443697499232712,1.0093538704045897,O=C(O)Cc1cc(Cl)cc(OCCC2(N3CCCC3)CCN(c3nc4ccc(C(F)(F)F)nc4s3)CC2)c1,-61.902730162084055,81.65114469105113,-40.28341800346623,-7.027045558486671,2.044896904470955,7.025264567825273,6.963759217489674,3.0141292216890867,9.164988871605122,42.06633029443742,-40.5557841303913,-20.922931842387946,8.920958135490185,11.280992505160015,-12.623611011758216,5.679373684716443,13.617402039491056,3.1236805464752564,6.166434976344753,2.062623717952638,10.417339433048264,-17.612741142033496,-6.0753089755984515,-10.635239248832182,-18.001339759841795,7.173449333108552,1.1334580239108913,10.388233122682575,-2.6186845715508955,-0.9237147189793599,-8.426867764271279,-12.875251607091437,-6.767840033390872,10.7055208754646,4.663685931758385,-14.546907317243955,8.09971112486498,-8.296814225424235,-1.7622318645356485,12.001534001794248,-2.6910809679491794,-6.615043540105814,2.413934230705822,8.407699846035404,11.209211580706627,-3.2431823184414594,0.47269560740378935,-0.22626874120364576,5.113962282219347,-1.0708363712534315,-3.3968809132810613,4.789725913646567,0.32709160174364443,-0.9307920422201157,-0.13885037077930257,4.372069289738995,4.513893680086164,-0.2762391465812735,-1.4536809589449207,-2.999367434811943,-5.004764557576482,3.113349649318741,3.23311875508747,-2.5501032630556453,3.6331432357729225,3.9270654315166413,-1.019170307708827,2.131717986054696,-1.2247954974202784,-2.7437158779623045,-3.4506833414960365,-9.102227467847888,-4.029497349776934,4.786228637407312,3.129632722702594,5.656776425848079,9.436238362117642,-3.331654577983204,5.046025478173868,-2.7810659649150478,-5.05594066240974,-2.722181900668711,7.833015988052653,-1.18616822146212,0.25941572713366096,-11.52454306348239,-4.803371956127736,-6.278486694341197,-0.731430275626206,2.51522517988014,-3.4762874427463566
8.013228265733755,1.0093538704045897,CC1CCCN1C1(CCOc2cc(Cl)cc(CC(=O)O)c2)CCN(c2nc3ccc(Cl)cc3s2)CC1,-64.92491694123287,99.47971211570938,-39.97193384622365,-15.364468813103299,7.615364378041266,1.4674888947948774,-2.6451661174137926,1.0466854512563535,1.426217558659799,2.6529495334066016,-7.865496997818228,-8.545343077423233,10.268038002398537,0.1311960877336166,-4.422257514007222,10.204155435601432,-4.93405007532765,-16.828773345438037,1.4759102427161934,-10.684313939727176,-8.878467722838737,11.30048490413784,-1.256101704874428,2.407749435389153,12.651316134826827,4.705854371292169,1.8757708254230294,0.6458461465899404,4.01739906098985,0.19288495116513044,6.814346853922396,0.31361204758588196,2.63786623719175,0.11057270150480897,-5.686392330866819,-5.520597135171452,-3.8575969021891883,4.776828496553688,-0.43629253591382144,11.082310638384426,-13.132533335680884,-8.93078389345708,15.874110379439532,3.7623601395174013,-5.153834504350812,6.408115641351271,-3.539880748598277,6.055258275555316,0.8702742439744877,4.453516906436467,7.492531276078385,-0.42012867358992295,-3.38795899050763,-6.538146163661628,-3.2496339265468057,8.506600106651476,-2.659853379682446,9.309042169040204,2.004268285900876,7.160842546965174,2.1362362595843947,10.743999805680863,-1.2602487596845857,2.960634078314781,0.8499691220948855,-1.4669560259989087,-5.3780767461807475,-7.2758248976426065,-9.2753462722559,11.751815847999941,4.1011683549812155,7.764572942447101,2.8028953197847177,-8.112715694439967,-12.124826474858061,-3.7042285201682263,-3.568256572090928,3.402013104570676,-8.217551453454725,-7.150290940756237,3.624740140359866,-5.430107399104562,2.3396058332844913,1.3156876120718575,-9.886818249558342,2.046888408247787,-7.4912566654281205,-0.9288734100435289,2.477622100123166,-2.86919427810265,-4.5149029193363255
8.075720713938118,1.0093538704045897,CCCCC1(CCOc2cc(CC(=O)O)ccc2Cl)CCN(c2nc3ccc(Cl)cc3s2)CC1,-69.61351841124531,87.25007178776082,-41.64005939076626,-20.19028018858012,1.3516266012186673,-9.672196040067984,-4.306488490139019,-0.01896369468092722,-7.606343529474941,-22.99751694436566,24.339421222182256,14.625758821092138,-17.670137782694468,-3.1523714156866025,10.797431781865827,-6.495670066066634,0.8149157809084637,17.869611115474463,-4.302554293262557,9.28594415610504,3.794530650167763,-15.972229506563092,3.7874553170952225,-6.0157405536161015,-6.798218633129876,4.615985377762879,-3.2649880219821776,-0.9520204503612261,4.961322297797333,-0.6140158171681076,-0.42163460480845133,-2.702853563356486,-0.6119355062376973,-9.205797415412862,-6.3069765195177245,9.084103586136228,-1.2849938221377228,-1.9155211618472718,-3.0451635885450155,3.1585555473021407,1.2616772098669256,6.289109087638824,-2.1704299298619194,1.5078432173857792,-5.3661474731041885,2.27245362494895,5.169651203376435,15.482983142765276,-5.469533680281306,1.969397661036958,8.674086936789715,-0.1440276725719087,3.023234639207276,-1.0807985074526905,8.654143478921833,-0.5100318706160887,2.2122042259334473,1.9036329182224676,-0.020742975114379593,-2.1684961927153736,2.3736694351372565,-2.5820926561426254,-3.6671406048840236,-2.1672364848333006,17.667657542788238,3.468917147088897,3.9359779742582677,-3.0073838951000327,-10.525064147961487,0.5507376384744662,-7.653204893002793,-9.335462727604758,2.49266383908955,1.782372411942817,-1.894187352233685,-3.104699705618761,1.9248888581502213,-4.342233759412765,4.827909618082182,-0.6702712394438259,-0.4276922530357547,1.8677448409883215,-6.736767759921196,0.648883384876552,8.595156904201682,-6.189995398399108,-2.1203916948960817,-4.297224682010903,2.2886438676018925,-5.17046295556781,0.004429575696978306
7.657577319177793,1.0093538704045897,O=C(O)Cc1cc(Cl)cc(OCCC2(N3CCOCC3)CCN(c3nc4ccc(C(F)(F)F)cc4s3)CC2)c1,-67.68561590404218,89.78259895471543,-41.24955620839391,-6.201364364911762,1.0235605845642415,6.986563601345414,15.217378916742405,0.21937205598388665,2.9508809030866634,34.53216893794749,-28.865569475618774,-15.513336823170189,11.146449835513554,6.327476566477839,-7.19945468228211,4.739699432076973,7.7741539401191595,-10.834695192101636,7.925463520351971,2.8596076419983505,10.056298119083436,-3.575032219565534,-4.646934562926539,5.492264406644079,-11.43908469893141,-4.258939141891853,0.7352447129941972,-2.4235450694778873,-5.620987870803176,6.018606678084302,-9.509379654429196,-0.476313068453647,-8.109546958856635,-0.5066599180883612,9.353638905009,0.24516481364121606,11.752552752461535,-5.619452651849043,3.7370550922074597,-8.8703742694073,8.353568145046191,10.964619623405515,-12.817370069539008,-11.41241166980678,-11.042214078517855,4.490050511166657,-2.436983675366546,0.9015091076035416,-8.182983571532626,-3.6183147739061385,2.0982613240169607,7.966764268902204,5.1926588355675305,2.9949845975874845,0.28850093790453424,4.037532613838913,-6.668950065568516,0.8573220242904304,2.0310199291180595,4.6891897358963295,-2.303735142992356,0.08619534559239106,2.795816256314428,0.17914848876820968,-3.413456160959203,-2.5756296674426857,1.8599445987812653,-3.52639918869059,-5.759936769988091,10.899385596742826,-7.332769946298208,12.16368572030153,-3.9772912036219368,-2.331618563302483,-2.951792787590462,-11.828457966857037,1.6057826358666785,-0.2492243134572806,6.298276537741845,2.468416659753434,-2.227669114892962,-1.3420585929762077,3.366422800214615,1.4692151614417543,5.6484688509208825,4.099445480526092,3.940985165540763,3.206511973773768,0.2339820379024599,0.27139808461222503,-0.22119068014536247
7.823908740944319,1.0093538704045897,CC(C)OC(=O)C1=CN(C(=O)c2ccc(F)c(F)c2)CC(C)(C)c2c1[nH]c1ccccc21,81.61467367694551,-27.337110519340172,-27.565718840620992,-19.932026459527524,22.290152806066196,-38.97073381640743,-3.2677614935642714,-0.926462004012241,2.794083348240202,1.1677330219155397,3.719105014934365,-11.23412929977988,-30.618207997946612,-10.738842622991045,1.7649793473278026,35.79473026447246,1.8504161888640982,6.04113166889434,-2.362556192749709,-15.566767808735433,-18.44919667356393,-1.7409772207356804,-23.964272783670534,-8.685610123264443,-4.331137561557225,3.318638356658541,1.2311167884866483,8.109392990742966,-6.294082395225334,5.131497728304255,-3.0763038711995727,-1.4762930195294413,14.623959237812416,-0.04855845985059971,8.443434929704486,-3.482799742143835,-0.5676421633740535,8.166412160690825,-1.2282332631432098,4.245630373598141,0.017530073144503167,-1.2424948077233904,-2.9644601316196306,-2.1095046830250936,-10.698341724335455,-2.912515381899651,-0.6461448071886517,6.722682813277826,1.2621468111694576,2.1699360752822114,0.489494239619517,1.3863295007503975,0.849018775874545,-2.2171211674186915,1.162283170100864,0.020751283405165348,2.490064406807975,-1.2384011238043016,-3.9008336553819882,1.229084289015758,0.9481316459076403,-1.6333125637808077,1.1922306847065112,3.9900319875108057,-1.3253318025787393,-3.4671329872247747,-1.9720393930838755,-0.4955813458432339,-2.594999318051421,-3.062713461263501,-4.5200123487267625,1.836708444189096,0.555957538165061,0.265768204266452,-4.946550467971229,2.043815383517811,0.021860902435907423,6.389087149963837,3.801534657517329,1.2756122126997211,-0.5040993287563579,0.05583931823758638,-3.312433586832053,-0.23719226658902562,-0.35209783442418785,-0.5969808084298719,1.0999963821259469,-2.030020865541274,-1.6900749020318366,1.7205398633420381,-4.480172182565806
7.346787486224656,1.0093538704045897,CC(C)OC(=O)C1=CN(C(=O)c2ccc(F)c(F)c2)CC(C)(C)c2c1[nH]c1ccc(F)cc21,78.06667320372206,-25.51074239874297,-26.49845723460015,-11.878084887739673,21.4618921666218,-33.88977169744741,-5.246721830967987,-0.24923957988726184,4.3647444180991855,7.193342025628364,5.028532799532416,-13.743669186373467,-33.52641556714413,-6.339247082755964,4.085123712013424,44.5349298120284,5.440991551513573,7.920451666648288,0.8809853835781615,-20.124216222900756,-17.437106249313516,4.626153248463253,-19.721247585910444,-6.362628609236975,-3.997820185909999,6.885517006273426,4.288948864931297,5.571426004605689,-1.3233218751834623,0.16587167393658622,-2.068229519650078,1.7373687274536307,12.036310173848056,-1.0789936891947831,4.246949458973842,2.739006846148235,1.5488989937916433,5.709628239962593,3.0269222744008237,6.3534232010596075,3.226288196164768,0.763456191603358,0.5737362438583673,-3.6073816919753194,-6.960094750732343,-6.115732139044143,4.065380372623377,7.898499176006754,-0.7084021668960527,3.0822747389548995,4.974744210738899,0.7385597307240445,0.9807830680443878,-0.5180421717790422,4.188660991328957,0.2174941318252812,8.233196753191043,3.9600795339597354,-7.697081701092803,6.002684706787427,3.253241173948499,-8.88383748384766,-0.5259474911890585,6.946630174136584,-6.167627943898668,-10.280006175923827,-6.72791436703801,7.798782598288976,0.8032600494806199,-4.800486362174199,-0.6612855685201319,1.745408107349555,-2.5172398716695055,-0.12206412265182613,7.207975584296025,-7.8779203349499705,0.5731272512884887,-9.928946913653293,-3.518215373461224,-8.073678029648635,0.26485131914725546,1.6405096977248146,10.844578169569537,0.5695673660179315,-1.194257355841866,-4.799035186826289,1.4809703401577161,4.9465081528252925,0.8513048448129871,-3.6668361558048796,6.946089089999168
5.801617869991706,1.0093538704045897,CC(C)OC(=O)C1=CN(C(=O)c2cccc(CN3CCOCC3)c2)CC(C)(C)c2c1[nH]c1ccccc21,93.40631142140609,19.18230550395618,2.4128714398220645,-7.159432102108025,-7.7464809133451356,7.463486963712619,-4.6963925078182065,-6.398707177434728,-12.862476184207143,-3.3679825046745178,4.960684382268863,-21.027943244632247,-27.604646610863956,-6.0434576555585275,-9.824780326378185,-21.860496635319244,-21.36957596273748,-10.733244174834145,31.120658593475593,8.754378511376206,-2.099914231104731,-3.968384604279065,11.41669403161148,6.714101004334458,0.03950550246837714,-1.9605451806733099,-1.3182840744981696,3.1926455173668074,-8.987238257879238,1.0863460029493974,-5.179848999296186,10.739434756716419,0.8878589696212112,0.7297879506149908,5.654739518066107,-5.033859908404261,1.1966323078233583,-5.332914130487074,1.0360429271625515,0.8968214200204062,-0.92119114040472,5.09801335858322,-5.765920406883242,-11.299414967934801,6.642524972408235,-0.8668039437677902,-0.9903211659514173,-0.7399508126452929,-5.356991895720038,-6.23385807257547,2.3792106793239833,9.74902123839441,9.834133082813127,-7.8739690461375735,-0.18281221415077745,11.821187273454411,1.6955048274786015,-3.9805944670542903,-1.87388587111903,-5.444079622051263,1.9978185169756029,2.8750960530818466,5.981863714585984,-1.8918218378786589,1.1439223393979756,-4.489774779466599,-0.015942122384117952,-5.930323323621928,3.6451920085429186,-0.49347984996935285,2.2402494851794423,-1.7345060686813547,2.099977480482173,2.2585543507199075,-2.8311275834626626,-6.1739420109231835,2.9530683603774204,5.167486456526361,-6.319828248059588,-1.0059203156974055,-7.472771310388395,0.5748370336174735,-2.6535718614587704,-5.441211295410066,-6.923425111576605,-8.417818725415886,5.997200435369458,1.0859792499523737,3.184421963172186,-1.3479532076261203,2.91354985062065
6.434152181326482,1.0093538704045897,CC(C)OC(=O)C1=CN(C(=O)c2cccc(CN3CCN(C)CC3)c2)CC(C)(C)c2c1[nH]c1ccccc21,90.52506999218197,18.431974982401446,-0.443540455303255,-2.515601366099543,-2.2459378195701283,4.700023691168302,-13.057939754345867,-6.9118363193065155,-12.772564726679871,-7.674273776832054,-0.11360162480879385,-27.45738509948644,-19.216665792417622,-15.609197065348999,-10.93976892859601,-15.288603024063276,-17.60596469398324,-4.992102507188196,25.623959316281212,12.115875728444896,-15.333171688749902,-5.490155850526209,10.997501143409334,15.175294725301473,-17.449532261877316,9.758782129555474,10.085288794908704,14.835857611087256,4.262237020905606,-5.6436957982545115,16.29484463526978,18.514513980419828,-7.033787916994519,7.114653741218601,-8.50961511229142,-1.29213190486672,8.98544183638917,1.4173466369125631,-1.1979649396777587,6.992194513787762,-3.643136695942125,6.251672843431202,-4.220061588843149,9.438542349106065,-3.2061823579500173,-0.8206651266916977,1.321050846910906,2.942664966335654,0.39192828696242105,3.1438766186631963,1.1841666997247844,-8.131688698713775,2.652301126207901,0.025086402814888626,-0.9244175589566682,0.905729483210595,-8.516787273923295,2.6691939907160624,3.1468923749415034,6.037878282323196,-0.8755476227105975,3.3181854045814494,3.195446115920526,-4.560411263074361,-2.864233249410964,2.2466700533379016,-2.324252895991249,7.148961963811057,2.1313084036720302,2.051603585080038,-3.0379829024744107,5.398073285295343,7.881443599598696,0.12398374707178744,7.296253529545471,-0.6113044388247925,-3.754703152390288,-6.229267693723134,13.066505807122256,-1.8783130512469814,8.185510361602528,-0.8750081445360528,-2.048873328999508,10.293311467681617,1.553057410376021,4.006070676344205,-2.481744478289104,2.0384635963397786,-3.1510900543787153,0.8101704193191872,3.026895093786684
6.272458742971444,1.0093538704045897,CC(C)OC(=O)C1=CN(C(=O)c2cccc(CN3CCCCC3)c2)CC(C)(C)c2c1[nH]c1ccccc21,90.07818295952733,19.162640141084466,4.876269790255437,-14.830077615367703,-6.865630796205948,8.893141073375629,-13.121881868039132,-13.874589801190071,-11.59374828518805,-3.689375913861326,1.3538256593956859,-24.220910863029253,-26.56618581988794,-8.109076338321698,-5.504140418540379,-24.585041891998973,-28.045434802240653,-4.71824592315745,29.4352757887792,11.25897450782408,-15.189991701113719,-2.8130579114845053,10.205425957020337,0.681232448973156,2.7825654963817623,6.103954569815265,-5.480814957264081,6.588286705165916,-11.556937717732701,-5.764318127308278,-17.792736065379437,13.42913860105856,3.402927383166384,1.8660726032518618,2.222540921709182,7.452789733369217,-0.5520025114165105,0.14351042659222119,-1.9276823940309666,2.311258581600157,-3.887748574697852,-2.763007058362238,2.325403408571284,0.978434791401637,5.768772205768076,-0.592283019674445,-1.099262740388804,1.8495319548600904,4.101596565196589,1.473318659379791,0.5553401847929278,0.8759899508588865,-6.150274593720354,4.364235780690087,0.006112061067099276,-3.8149900704019895,1.0634307787868318,-1.381385945241664,1.553167239613388,-1.7877374773955974,-2.7032160028483747,-3.132958960719575,-6.996594280734584,-0.4027757187096038,0.22579899210799428,0.0357089481927837,-1.8792648146435567,0.05205174982454658,-2.3798689090551246,0.7127943982154682,-0.9975661939975843,-0.21476257517506425,-2.703483460158152,-1.0421743419479603,-1.4645484291492326,1.8097392473087488,0.516147018387018,-0.13023565099870166,-3.7354375584691404,0.09669393590272052,1.337668845043114,-1.2783205577423393,2.5087735944436704,2.6282500457815807,5.981193180081917,1.3929121066012546,0.6718944993671964,-1.5638192286960306,4.075695028566928,4.943921707310849,-2.4292054675598393
6.468521082957745,1.0093538704045897,CC(C)OC(=O)C1=CN(C(=O)c2cccc(CN3CCCC3)c2)CC(C)(C)c2c1[nH]c1ccccc21,90.7511722934995,13.764714354292533,-0.1836640014100472,-16.058599836783014,-5.578814477305279,4.873568508823707,-10.60583135356765,-11.328011676853064,-13.546391694863594,-4.765550192557215,3.555125567582411,-24.057559763312472,-22.95521109647408,-14.261143647583046,-12.073710633688098,-21.315446653016973,-28.24222427665579,-6.892599747949204,32.518344870567006,12.305386581517233,-15.583709595418087,-6.008422822003566,10.571064754595495,3.2631192692582176,-2.4995081809995803,3.2291239767516857,-1.4365375259352182,9.153219387285272,-9.709423622093677,-3.4965373207145927,-14.381420153056713,14.97329068790418,4.363528532380782,0.20064866693403835,5.195050451079619,4.074829667717013,-2.873180879342105,-3.3960903760923737,-4.359673741802248,2.0664057582504367,-3.2602451872094695,-3.9804845914592772,2.300905876669926,-3.212922688962878,8.62013702149046,-1.9334637981543987,-1.0621854611710924,0.29827085103387974,2.9738394538891826,0.9628414607449565,1.2109251891394537,-0.6143183972089886,-4.030514931677925,1.1848728342532955,1.7679865365990208,0.8575044069292331,4.172714227671544,-0.9577144300178692,-0.36627900175286177,0.21761041389387809,-0.3238987379247665,-3.0546603986267162,-2.280039612027767,-4.175083991474831,2.0119035895909083,-0.47052651930370304,0.6734327527788951,-0.6828796864908673,-0.9449586624714635,-1.5629060291947252,2.0043844470089125,-1.0943899839723228,-4.445922891160711,0.42899258425458475,-1.3801004352449444,0.31911163680560106,0.3762545723647871,0.39716866369103676,-2.308633798428933,1.5336274380984583,-1.936137008972591,2.391071218511358e-05,1.1341185408769872,-4.265705165462741,-1.1245154810067832,2.7134936194512527,-2.7317729384904315,-1.0142521118680672,-3.3037321760531553,-4.055148272373929,-5.4996226653914135
7.638272163982407,1.0093538704045897,CC(C)OC(=O)C1=CN(C(=O)c2ccc(CN3CCOCC3)cc2)CC(C)(C)c2c1[nH]c1ccccc21,93.29910088125429,12.635836594641173,0.07478486891943587,-11.394012177202958,-5.1211271614150276,6.038404208284786,-4.099821734742187,-10.020028953513496,0.659030709091057,2.6618005134555385,-11.587756657219282,8.447839953844674,-35.24587062395863,9.930573516048392,-7.515967313389302,-14.571233204569182,-7.69300655407852,-11.157497146231137,14.397270827403963,9.486099067070246,9.734830740920772,5.412165036399701,-3.3922774028358655,0.03374411300236798,1.508943353522297,-9.56391009678741,-9.032616622668085,-15.280200797031728,5.497159180028217,5.849677692767563,7.063173947461807,-22.842250887077835,-3.60110750767365,-9.423634656042973,-4.153049950909839,-15.054333039000536,1.0147618919780803,1.8054420974157535,9.845226502787831,-6.120081260998626,5.376054334451773,-2.5992269691063674,7.396806619846118,6.487658319173275,-23.98434180596309,-9.933907973997067,6.505137784836445,-2.022593337957022,-5.905196723077873,-15.461228914916909,1.8517390012246202,12.898945758228448,0.5023783171306249,-7.81435925874674,-3.5840298745947905,-7.395745605046312,-5.597339709625481,2.4225565299963367,-0.6569713930094794,-7.9317959835878895,0.006626026853959337,3.340736726565283,-3.1945120633031445,4.274991582022359,2.407617545445333,0.053732448048568186,-2.059474799811026,3.4888510894365465,-0.39546240894471185,1.008028308638554,1.7719714027520461,-3.598195861889445,-3.6028330891264466,-1.9532788091224809,-1.5271185700130845,3.7353166546294134,-3.460708930436163,1.1712632815034159,-0.12121420292338733,-0.8720556485794053,4.121571659117618,2.2435484680877544,-2.6571072546530776,1.8791220551317418,2.32399892828702,4.06137585563859,-0.5745316134172674,0.8050931924438355,-0.4032707267129382,2.3513040029734693,-0.3809483144416248
6.349692476868063,1.0093538704045897,CC(C)OC(=O)C1=CN(C(=O)c2ccc(CN3CCOCC3)cc2)CC(C)(C)c2c1[nH]c1cc(F)ccc21,83.05594219833544,16.862199504631047,-7.650951633471368,-1.3064964909105146,7.483148453288242,-2.4461123004924734,-3.164418559937625,-9.620357411674782,9.174893860962746,8.898837695640717,-13.83486171343276,5.174417739713616,-47.42447359568471,31.96765087618335,5.451767245212385,5.716586034551507,0.04338378372841036,-7.867836176663767,28.83750329525734,-5.936796626023365,19.14206205512251,15.830039276371231,-5.072284517652612,5.997918504501576,0.37620252071179194,-2.234220573393443,-3.873738628762621,-8.188071409324886,16.403459952534018,0.2094167560813594,9.152830744538965,-3.8714767654750073,-12.287204613562226,-2.386157959007567,-9.868548765023405,-12.973116873387685,-5.87468394107335,-11.992809461473929,-0.22265908044699484,-3.174924392318829,14.083471254076313,-9.075994144888753,9.611043092168849,-2.934149370492741,-3.883019241566952,0.25954580259874926,10.910383087054917,1.6879963301343148,3.598247382882679,-8.585236947108337,5.980520801596601,2.5988558984873094,-6.392803128246444,-6.24014502684657,-7.327337332621178,-17.67008576618117,-5.596650894144643,-2.0714277677516786,3.4611915793522803,-3.949651678258716,-2.2896164812372084,4.375565463321539,-8.448815466272785,2.2112250854506796,-0.4850029495595759,-2.784554798210797,5.830710803954239,2.6734802566619114,-1.745893304280543,-0.16299051057591527,1.0818057810513744,2.6631759625786993,-2.6100670043207383,1.283597746516974,-1.0731434826185249,1.59648349394746,-1.9443562016383686,-1.0836554429676808,0.4356881359342334,2.5384747500833678,-3.062885624635107,0.3797850965964373,3.6150999732565885,-1.457503699918451,-0.6218382122098224,-3.6037699520587645,-0.8726676390343553,-0.5123400861652114,-0.4242266981950424,-1.8823028584208272,2.715460239894369
6.220403508742176,1.0093538704045897,CC(C)OC(=O)C1=CN(C(=O)c2ccc(CCN3CCOCC3)cc2)CC(C)(C)c2c1[nH]c1ccccc21,96.91662324000423,17.023097963542764,7.350745660242904,-3.773273578909092,-8.025527795495123,12.25715980302327,-1.0529003981317746,-8.0524122604426,-2.2350037287931013,-1.7357171042947412,-1.300734022781315,-2.2815589986549734,-29.813062751694694,13.19052552703153,7.765393175771352,-21.816973394836204,5.926504759606291,-8.38870226655031,-5.345951226768948,2.56362147338704,21.24624579621745,8.948139044224556,0.7381645420020488,-2.411507645018235,1.9184940137990132,-14.473088918422194,-4.992681247879229,-11.851554258911767,-8.378090124299797,2.878448166815206,-4.565268402742222,-18.642475420863434,-0.9857668694691395,-0.7045670436144885,-2.7638245032553215,-2.8012544235708052,3.2266677265765797,7.536237133628099,5.398872766618952,-4.135785457256872,-8.632500997966607,3.3502807994256254,3.9359778706348245,7.477421491112868,-13.154884741898728,-2.435905835308712,1.514374324498398,-4.214346299958703,0.29600546633921665,10.980326054687751,-15.226725743525586,-4.529740863001269,1.4303068778860955,4.683405203622081,15.760152382182163,15.960321636795934,-2.049375986132973,1.5454850299736287,-2.2790373581303065,1.9591988459393648,7.9347997798732655,-4.767264472388191,9.649965380866547,-2.634671666397962,0.12349053928580236,7.053275570244081,-2.5438050722739605,-0.5431197231957791,6.261195545689823,0.3455539013958618,-0.5458185603069833,-1.9531384496607616,1.635597479760479,-1.77265263663757,1.445766648165035,-3.439033980993591,1.795569264447613,0.9113500065908933,1.4446381792245915,-1.6733149155106188,-0.06999522900593931,0.9494508837150629,-1.8732693614335754,2.3274357775181103,0.4242978841783922,2.7624220528225965,-2.3094572953942256,0.15390123616831358,-0.9524788238490708,0.46350545014922245,-1.4529684691135167
6.465973893943865,1.0093538704045897,CC(C)OC(=O)C1=CN(C(=O)c2ccc(CCN3CCOCC3)cc2)CC(C)(C)c2c1[nH]c1cc(F)ccc21,87.02817081813286,19.95764888695542,-3.1168682045316447,6.718374894151392,4.155715066698711,3.5607803671302327,-0.7768457258689359,-7.025167546654786,7.1920555558938775,4.181016818696153,-3.28848841147342,-1.4022244848663057,-46.08579278581864,35.59636364178235,18.38213762846717,-1.7340689959290563,12.254677235391718,0.5731638618881896,6.3642252933173,-10.9451649713936,28.379725875015314,22.009494077220037,2.057800395988571,1.1334311651028814,1.6767498380377166,-6.295248217365434,2.3163408694343555,-4.082038495199038,4.0811198705038825,-1.2884029687170475,-1.057646539195484,-2.022911710466453,-8.789140044954983,3.5016998364301877,-9.415287492707684,0.6103738488216027,-3.787391922019955,-2.4215028826278386,0.7114063778602056,-0.8475786055378414,-1.148954132270218,-0.4237792624394421,4.893343249934646,1.524803469830388,4.740918559536474,8.139246948072964,2.1662320625876297,-2.054153477784148,10.042867995315945,14.842121345408616,-10.31468744512528,-14.85032602203577,-7.077843422886897,8.094428329015043,13.571056046576846,9.204093170565706,2.3505176017621534,-0.8904415681919892,1.2036163390144632,6.7153780510544285,3.667517016640544,-5.744530459421358,3.5676833065124507,-3.821584137765855,-3.597302991578998,2.1425150777754434,1.2071501790476238,-2.2052403586251432,4.131140364437419,-0.5882369983421541,-1.5257751515784264,1.2386845748254174,3.291683014950819,1.9210848396818085,-2.4943774207682563,-4.226680198007244,1.110420727525818,4.551687888154817,2.3198607358026213,1.0377496630231495,-3.7262734141975113,-1.0227053893929687,2.3711724211868184,-4.888156004256536,-0.8040327042136225,-3.664245345384968,0.7851780187042298,1.3539740549323103,1.9613940352411425,-0.6689853263613527,1.0266373983645614
6.995678626217357,1.0093538704045897,CC(C)OC(=O)C1=CN(C(=O)c2ccc(OCCCN3CCOCC3)cc2)CC(C)(C)c2c1[nH]c1ccccc21,96.77859492171243,28.848426315156257,11.585800836323719,-1.290350299239541,-8.164491284574607,28.78793791714626,1.255169294646714,-1.303493695879344,-2.069136743967781,11.916288258395392,-13.264132030692409,39.37346039987302,4.153186969845669,10.10154937845332,-4.129969217309409,0.4922937794070485,-10.71411361018214,4.956160640606827,-3.442629962835132,6.792128498221071,-9.933353159985563,-0.06318446846490974,-8.541118107120692,-4.4588854046572095,9.870454784471278,8.689343942103672,-8.055425581383263,-8.709951030304548,0.8389470169192266,6.74666937760906,-8.249065314342642,-1.8223800193408732,-4.09036206509637,-1.493365817677691,5.195301046533916,-6.812462043896982,0.9783452235958906,4.66705470356076,9.192809205116479,0.46299967705396405,-2.355453800537313,7.333254271493347,-9.771970260241334,-9.024541482631722,5.044068418880923,1.994087723374416,-3.5765958228642094,-0.9887248352231682,-9.267843241727808,-0.07889336481288807,0.18457877443626486,5.887992143661613,11.959697722790377,-4.959161864565962,-3.935902451099651,8.085882264092552,1.8258261309010406,1.0137918847589766,-3.13701932512065,-1.2422060166630502,1.0852506003723723,1.9676566804980553,3.947274229630937,-0.33813495491721546,2.240018883855751,-4.577040761497221,-4.328237502147942,-3.6394522750191647,1.3413320536346416,-0.5943265482991922,0.00012706477405304118,-1.979510529643818,8.507128824135211,1.1618667232907693,-3.278512523750776,-1.2335606443834224,0.7879429542158538,2.00306955969608,-1.5675936649497335,0.5223199500578452,0.7148511593331992,4.811470800648123,-0.8290350340635435,3.072891242932766,-0.9075403725908822,-2.831064901671018,-1.4205773703784708,2.5784121983794477,-1.4634436200677614,0.709160043347858,-2.1785112048043795
5.972242795309446,1.0093538704045897,CC(C)OC(=O)C1=CN(C(=O)c2ccc(OCCN3CCCCC3)cc2)CC(C)(C)c2c1[nH]c1ccccc21,96.24726694593593,30.235494036829987,11.924497332553317,-9.70701839882956,-10.549831187899013,32.60690476621824,4.7416731569999016,1.5731813718261267,-2.0697214009965346,2.8684597746755935,-11.240793830144197,26.626387979665083,8.019022600187443,5.507542258833336,4.5767461640965905,-4.5912997218613425,0.45661206931625103,-3.174918992809633,-19.996680360088078,1.8871853072408538,0.6256112751547975,-2.6058159518877155,8.545583009975061,-4.769893178012489,-4.9338002292463425,-1.594950503585592,0.8808477301149098,11.854497901286496,-17.86306021701955,-4.188434955463564,-3.2237684260741704,3.318523219498031,11.164237824336237,-3.353657721069472,7.648691538294692,6.962230345242651,-5.030015816617497,3.4774671210925456,-2.4702554788165987,3.712512015626323,-3.6764384198160016,-5.640982255809249,10.891026087272564,4.845820597599022,-2.1088017525630387,-3.286852359051148,3.5542838272281747,2.196710676781429,-5.792380766512793,-3.6056087167687942,-5.367878108075788,-1.2062567749506583,-4.984208170349078,-2.943598891881086,-0.014093228813758863,-6.431533703273532,-2.286906700171944,-1.6882909040259984,4.826511614588203,-0.7106338751614605,-0.8649978991997646,-4.927481935006011,-3.6025002471625136,-2.5308210097876294,-4.646416880003627,-2.7641740037133005,6.033985593061032,2.6186613065227076,4.499803914784932,5.6188225107728345,-1.3018138823772814,3.134520631242013,6.749046246950978,1.6502488850672514,-1.7338209132916402,-3.509862660581648,1.499657804151169,0.17462218605874205,1.9350548192394263,3.194763895254771,-2.2888127062332235,0.5708051143025723,1.6139437468220628,2.1954177414835443,-0.0739379792499119,-3.6008819239877385,1.7549430343242634,1.7561207493923798,2.3244087301027365,0.5257164541820804,-0.6460583136460408
6.357535479757878,1.0093538704045897,CC(C)OC(=O)C1=CN(C(=O)c2ccc(OCCN(C)C)cc2)CC(C)(C)c2c1[nH]c1ccccc21,94.42408875505949,2.752521687762863,-7.886063075921469,-5.872609192151914,-9.769467205109638,11.121591285083088,7.67887862779654,10.976640416730445,-4.90969728083129,-5.587462625359481,-4.4767964769973325,20.610441970462066,6.591921825917519,-22.512412634495206,-13.68769704719351,15.169452662565583,5.067655811310162,-14.396026633330274,-8.139949797870493,1.0824949580719805,3.7881102666519193,-7.323761236714508,8.92661529407495,18.900905404232706,-26.4871318540097,-7.751199147359551,6.534360672686778,8.479597533946569,15.36945415930564,-2.0571156849082723,20.612959421522596,-11.60978148507984,18.35949908158279,-3.1007964600704194,8.426685880748899,-0.8812583114068656,-2.6379213264616235,-3.1193568409442696,3.112737031761728,2.8752423349180756,-1.8322805537710802,-0.21276045974137656,6.880552338357595,-4.2545682195115635,4.334887581090658,2.7601500098896183,-2.0000869960315764,-2.377712119487696,-3.056278197309396,-4.85255787071141,-4.330789177993212,-3.2822044510968342,-2.165852872896676,-3.6919516261364946,2.705950565028069,-3.171632607804677,-5.144603287855064,2.8605254058412513,3.306325339635039,1.8409191881933553,4.626913132859697,-1.6624551831186611,-0.8090203343328236,-1.4274295431495925,2.270900481720804,2.0228497157024368,4.528462769574562,2.859648477094798,3.8867901528655464,5.97810582246207,0.2514636329730903,1.118173940955282,7.6733072831492315,1.8832222676096142,3.9655983389351386,-6.685458026399687,4.803922527446265,-3.6013788973466396,-0.7228886296681478,2.9140648738417263,0.03237931353149003,0.0029012846256346865,0.5404261244665604,4.711751803788202,0.30081929218121206,-4.165483148319028,4.199940022660662,5.062763514050793,0.6039581344444388,1.4877776183157663,-6.267891457375394
6.156144577376839,1.0093538704045897,CC(C)OC(=O)C1=CN(C(=O)c2ccc(OCCN3CCCC3)cc2)CC(C)(C)c2c1[nH]c1ccccc21,97.90567209232077,26.342365843335273,7.676466289034102,-11.191985353239113,-12.159690154252193,29.283789959997637,5.387184589732582,0.9926400627196041,-2.4777341761890272,3.66843055405897,-9.253810824833911,26.61820963345246,6.994044013573781,2.5645709181894443,1.5558950800163427,-3.6458323566706397,4.418491862756162,-5.454893953745936,-18.53106626345088,0.16913109435733537,3.713174419250752,-3.5180128763875445,8.808210364078214,-1.2763623543715932,-12.332251698575416,-5.2106898136917295,5.342971016650012,15.829275443046217,-16.83830463901439,-4.217905265236849,-0.2928875881939322,3.2702778540817614,10.242421981809231,-5.47072208544279,8.649956210611192,7.366564196014145,-2.6765944593643596,4.284992427482924,-3.275483943711632,0.5310958237108314,-5.209051941329633,-5.443882397591126,11.256174931096924,0.5712497754455015,-2.8981318944065735,-4.431689314774088,1.2998414179618407,1.606202235059054,-2.0332428268901395,-5.2913271574307545,-5.194785665519258,0.3187690173230229,-3.0978365712171616,-2.0782860524625586,3.0919935493577166,-4.556277641346038,-1.1592576029452626,-2.140634867846226,3.284338734939197,-2.1001620762168964,-0.825606509787433,-3.8648770759738986,-4.682931516159762,-0.4205557476341862,-1.1199351727653757,0.8780322662728243,3.2669221636104484,0.8045168876475217,0.6146196179802519,-1.17714809365385,1.7231822191442925,2.0988325971324486,-0.6740617507201658,0.17036818113110228,-2.7839968914810993,0.05879065959215041,-0.9322116097830183,-0.7702983459387367,-3.464640352534115,5.333751763760915,-0.990755242662253,0.15717553899212222,3.012641196578433,-3.457264506780984,-1.5803178790241896,-2.7449094677947183,-2.4497744806487756,3.8380678618952078,-1.6728183188549082,-4.469609817635234,-4.476258580660518
6.603800652904264,1.0093538704045897,CC(C)OC(=O)C1=CN(C(=O)c2ccc(OCCN3CCOCC3)cc2)CC(C)(C)c2c1[nH]c1ccccc21,98.69024314024216,25.627412082613247,6.82928862056144,-3.6581830207821127,-10.829510058397974,28.704850926461926,8.406976231988706,2.7939101045911525,-6.623900720392426,4.070143928819354,-6.934112261216808,28.41745083110859,6.393214880316955,5.1585911038060415,-0.978529572978796,-3.2969286239453552,6.889891853699134,-11.676723406969023,-15.427079773534889,0.8309442899225652,7.503227144373295,-2.933079715082007,10.146460479872584,3.471612106182824,-13.770058174915755,-7.091145016499555,12.03878689878013,14.770409505798137,-18.5314288480332,-1.6360995000361855,3.78441670795377,6.461306975190388,5.970469716909706,-5.698260302590097,7.115258507393345,2.3778767723510925,-1.0800235652669317,2.2179550654985736,-3.342832339392464,-5.184281131241129,-5.771531015069433,1.9042726455896144,1.286718361993065,-7.2437557059533,-8.45929296706721,-3.2955597799713394,-0.5727974782059546,-2.1748918872080556,-1.2203109496684528,-8.813508724083935,0.7002833669149083,7.718501656720072,5.608894325507473,-2.1350556602680006,3.5723786598638805,6.980667531397931,1.2733093081606337,-2.8160767563071385,-3.1123391339139226,-2.1565910231416847,1.4141251324642563,5.617271802347241,3.5662347477459932,0.4320894411399416,-1.8379558131381437,-0.31702778544977206,-4.663482708006116,0.9535262228318998,-1.395225250314869,-4.333327145821464,4.438543015018818,-2.4695385240156815,-5.53324920999872,-2.9499449130904343,4.945901768530897,1.0184148276350384,-3.8046198237400985,-2.5664297683224873,2.965485937533101,-4.07571251673517,4.0845629289605325,-2.3728250047345205,-1.0340492150712088,-0.6768006160647174,-1.2655476384108726,-0.39484728628004656,-1.1053019321266377,-4.142021073943806,1.3922940072785037,0.09542354994391868,2.7961430572577433
6.542118103266008,1.0093538704045897,CC(C)OC(=O)C1=CN(C(=O)c2ccc(OCCN3CCN(C)CC3)cc2)CC(C)(C)c2c1[nH]c1ccccc21,96.1868702126874,30.538095709517837,7.099268942718382,2.938346668488476,-7.890492807445024,26.357371891784048,3.826204369646504,1.8588237984694136,-3.828575798723591,1.012455814829407,-3.7975050811870847,23.538950391680498,3.066880168351739,4.302362983822139,0.6803845114904494,-3.1969208373236397,7.942813961297161,-7.151424106154916,-9.277415839206663,0.8141094768011368,10.909196977250105,-3.157267600156023,13.99190797501696,7.934372980244439,-21.954548276087337,-6.231873327896803,13.414619833744284,11.413351446406363,-1.8096777395157577,-7.308580544836791,19.335916548145363,5.7586269298893775,2.1752150145397686,2.586282873291219,-3.70537089294055,9.366345892266635,12.454407188745064,11.397604599431105,-0.19266109705465645,10.675623305045443,-1.3736456611342323,7.502129559521052,-9.577120035223665,9.895897894970162,-8.708508645108529,-2.811777623894808,-1.7245343669444857,6.556322449042211,1.8192260422787192,2.029208302794029,-1.9062263138616518,-7.149928673637501,9.782935738705033,-3.2167809843483655,-6.650186619066976,-0.27525099128523073,1.6849901376841878,1.7651985016899412,-1.3643872495055285,-7.2142766681909904,-3.076962054184044,-0.946185555886456,-5.208829343130607,3.140032625503336,0.3436793262141922,-2.487354851632639,3.315878684907726,-2.2874071692020777,-0.18303471778891056,-1.05605926073292,0.3576521933761568,-2.459996419426306,-0.46094357118648627,-3.4554512505426174,-12.10570293932358,2.70209411963359,4.906020382021417,4.679521531709118,-8.104482600620512,-2.769625064074601,-4.22111924778595,3.4845320594737816,4.33135604123073,-0.9795676731825163,4.262444887813124,2.3978124069198596,-1.2371446277120532,-3.125412348897596,0.2723284188932887,-2.3037362918034816,3.7590616413007423
6.567030709125595,1.0093538704045897,CC(C)OC(=O)C1=CN(C(=O)c2ccc(OCCCN(C)C)cc2)CC(C)(C)c2c1[nH]c1ccccc21,96.26438117490966,8.192290933844793,-1.6310769388746233,-4.839709034451149,-8.107342844814537,10.307726160037918,0.5122129752576123,5.195104608578304,-9.47489584427562,-4.045874040303344,-6.719854459758669,26.008878346888523,8.395516741631209,-14.64325740666964,-16.44235682831363,9.269183066036682,-12.161938953732406,-5.375562364811079,6.318051801428157,8.190804996664527,-13.082144319001241,-1.2663281005885514,-2.0474536050876373,14.417884117488956,-10.067840437493533,0.23634541342031043,-3.9440120325911994,-6.040845416864989,28.220910394561084,3.7551972445349824,-1.1374110148132,-17.032656399091817,8.187619416789609,5.915366785506549,4.407822642958534,-4.827718441654341,-4.10562043034544,-1.8876417957215912,2.382337270057677,-2.993269623712063,-0.02277519401014131,8.832026551116105,-4.243130514718848,-10.388602890076879,4.630138880861209,0.08177353600998787,-5.90354470425892,-1.0792178201574412,7.247677528775273,2.8724026715047835,-4.754941979238378,1.8292595714682214,-10.1009837715499,16.425615571331917,2.83831155842443,8.92650619738493,7.465959006445302,-5.207402719606299,7.417659297486247,0.24009097346409014,3.246866005987808,8.645203207842162,2.2889778806729955,7.1040879039033875,-0.8740687865818321,12.424913007701294,-3.703192387750273,2.497781177353903,-9.548110381595144,-1.556990870498513,-1.403579997427488,2.6343192077403357,-11.618785621363235,-8.82940855224939,-2.1325165259878083,12.66321961536955,-1.3678128841616521,-3.5335174343112454,-1.1435649070239853,-4.79975106524924,-2.9532215067189838,-0.7093307096917563,-1.0468627947626898,3.079988129681853,4.238116198777149,-5.162239795110382,1.2556549297917028,8.575720258640246,4.198511261316562,-3.9112524989677686,0.6081635930056217
6.441291429466834,1.0093538704045897,CC(C)OC(=O)C1=CN(C(=O)c2ccc(OCCCN3CCCC3)cc2)CC(C)(C)c2c1[nH]c1ccccc21,95.57863279767247,26.53311160626481,11.189600060665333,-12.918661121798433,-8.332429570288905,26.912879356933278,-4.183557050374941,-5.197879822639903,-0.544685515013831,7.341263424516574,-14.241455470358712,37.648364700544,11.132599342171703,4.218724607023587,-6.658128401034944,-1.316914226154287,-18.372477093830536,7.226468278203322,-5.120840135917105,7.192674401642624,-21.525196793316017,-1.3842347453772406,-9.06959629130498,-4.25651234650184,9.607258450535674,10.749815919402344,-11.204901261461684,-8.258671638084738,4.163781402428935,3.712166343443709,-12.690340969197543,-6.4699782514305975,1.6350655825502898,3.5741968120998133,6.364884180576191,0.1123187215726993,-2.229910112672627,3.6848719749226935,4.445629288255348,1.6574190671369269,-4.479919733874206,1.8934007455424084,-0.09514521866953143,3.791351830413047,1.8865273222817807,0.632467574702031,-0.8630514034541984,0.5815369079436433,-0.9181278885327887,3.9856524201888086,-2.9981394028542367,-1.1114197776498362,-3.650612207081541,1.5924317638006484,-0.9458195838282557,-2.8460316940603962,1.1012750450233642,1.2795671887956797,0.20695338048326914,-0.8488080328874207,-1.0065776138005431,-1.7170950088538297,0.43192267581206456,-2.7495199906116676,-1.0803427639444332,0.7883916261089693,1.474359129490634,-1.3084055862930135,-2.1085277241858638,-0.515207728324813,-1.7498647575407815,1.141303774816869,-3.0208619522335725,2.038379954399087,1.1263282971472448,-0.6062792146673381,-0.7664710934670412,2.1152727900995574,3.2803871535034554,0.645985955989053,-0.25102165896926726,0.1106333495251365,0.1285719578859985,-8.20309169232304,-3.396430799498026,2.0008747713676356,-1.2339045807762707,-1.8199294985826702,-5.97399797301832,-0.7673396693951297,3.762590583736822
6.372634143407268,1.0093538704045897,CC(C)OC(=O)C1=CN(C(=O)c2ccc(OCCCN3CCCCC3)cc2)CC(C)(C)c2c1[nH]c1ccccc21,94.11290876869491,27.62418016077008,12.515641091340868,-11.717553828164789,-8.116978484067365,26.239321801577116,-4.606591803479717,-5.176308204945519,0.4925306001039596,9.42465919085892,-15.513956899867729,36.83525967458938,10.703881900988165,4.61510923914279,-6.354041083801885,-1.8024651369850722,-21.71834497790627,8.110704463335367,-5.3009325861892025,6.30470382062334,-24.196202763615076,-2.1506308310574465,-8.792155322801989,-5.305231532037402,12.316735430762586,10.735169932557664,-12.78195279522921,-8.105150260243084,1.952337496147327,1.7336796523905875,-11.191030448992597,-6.74366187341477,2.8954328818497657,2.192565223433266,2.7703499029840404,3.421102495137704,-0.9159387743438084,3.6562863502926857,6.509917452192421,3.66567272184703,-3.173653825141625,1.5567393120571342,0.24251975744105148,4.058511908216617,2.526668045458329,1.2410158143911403,-1.0717861736089849,0.9161534024975638,-0.9291728613686105,4.437045937496086,-2.76973096490871,0.7854224937954101,-2.289692288319999,0.5338899205729409,2.0398505340104616,-4.279335439444,-1.2342212017248617,0.9246585876187406,2.402562242529451,-2.990690686162495,-1.3478891530359556,-0.042070269517493694,-2.4414974202813617,-1.3323086755711202,-2.279746187547842,0.044925154693522464,1.829932247070815,-1.7241878637045847,-1.6426320439930941,4.3094593822519185,-5.028419432375203,-0.5346365779052159,-0.8272903868572814,1.8436054954710686,-0.8325312897676869,0.49562583437709246,-0.16139001078290915,3.6909196139704528,5.796140307406304,-3.788207429541007,1.7038062317623641,1.3277099083031572,0.8974063483929811,-3.1463730056140844,-1.6318963230173973,2.428785032966843,3.3698981276335696,-6.741288927241139,-1.719469285934479,3.849319279363538,11.968384539981624
6.7121982700697735,1.0093538704045897,CC(C)OC(=O)C1=CN(C(=O)c2ccc(OCCCN3CCN(C)CC3)cc2)CC(C)(C)c2c1[nH]c1ccccc21,94.85513808565737,31.059796600553828,9.50778097893568,1.375004215681428,-3.846123622989487,23.681588376315855,-6.378645052047571,-3.277973437069345,0.1723882582510155,4.943659691947123,-9.37018772834876,29.46271344717918,8.64907440452972,5.7352573537955065,-4.8081063525759085,0.04645566030238117,-9.692303043694631,11.92958814461574,-2.0181456593666227,6.457011225833903,-14.113748119246056,2.4761292451519026,-11.652770509042865,0.15669324646881905,4.608434639204171,14.29842784577837,-2.4807416738510417,-8.334382963494141,17.003477863505243,-2.0967172737526463,6.740660512152465,2.1561276506968126,-8.195972447414801,9.49528632853807,-7.065303142368285,-3.073280371808687,11.614005734805076,6.142711573787631,7.792366130916873,4.991821085634641,-1.617528413875319,10.97560322847267,-13.666434851987644,17.62174002654954,-2.176661948466705,2.868183860559281,1.9342132052290728,5.485561287537581,2.066387090136935,2.9455594944157495,1.6191197876004557,-1.7307508515847343,-5.531317194341937,-3.076375738152021,-3.036443280814855,-6.1557274500148695,-8.484973418977823,0.6377938817404342,-2.4147320282512186,5.38674568783083,2.1539516097956257,-5.1820783046164385,0.8357486734468752,-0.5230520837870858,-1.5286612980074998,1.7300288428091957,-3.4174000748621043,0.13339612028182848,4.611047648761063,-4.222207600262447,9.583488713059593,-1.9286937405742275,-3.2584626580694134,0.5471073121143402,14.061628885892747,-8.32383655553726,-2.1752210458752934,-7.268038829314,-3.8746511356840205,5.472947621566389,0.4769950370165895,-12.42951617020918,2.054241449714495,-3.470178361569092,-1.8294672588902685,0.41878307559600053,-2.05770230927769,-6.665327899334654,5.485797275195808,-1.6138446007256402,-8.765978204228897
5.858236769724212,1.0093538704045897,CC(C)OC(=O)C1=CN(C(=O)c2cccc(OCCN(C)C)c2)CC(C)(C)c2c1[nH]c1ccccc21,90.67980856297481,3.2941674255033497,-8.974411042006057,1.5490517404626596,-14.671308447096921,15.050767175698528,8.596040109264912,10.113384226292697,-12.192714925398251,-16.952204301761633,19.28438743653295,-30.417277346995558,10.696082105191664,-29.282671474053334,-4.737331585492327,13.093494810085941,10.2352777145178,-2.378984528670282,7.352355543376351,-7.06332848577009,13.836680721495819,-4.036872914801559,0.3290293543443762,9.586748819092197,-5.065540122015792,-7.109631988627425,-7.2635615731525975,-12.486417093206596,19.714733583131054,2.096603917512182,8.371858253295946,-19.620498936306213,13.925530906903097,-4.612530939919902,9.732295683411648,2.6066961441329357,-1.604257756201371,-3.530222060591325,4.040973541544219,3.5806161713616884,0.6494190352573261,0.9823279637072484,-4.229072550862677,-10.487775315170557,16.75050266993274,7.265645928947,-2.5109897325609993,-2.6280952320082536,-8.68699572349051,-0.9838020210296848,3.206332192887216,1.3846392492311896,4.326510289306508,-6.467320574260403,-1.3280911207325274,-3.211502364884927,-0.6070801259056566,5.107813258404506,-1.4177434106446378,-0.3113902069819912,0.1762009292918909,-2.2733785104221074,-1.8967474798616448,-4.992249786633923,1.1051559405802658,-8.767134617040794,-1.2937327437547714,-3.196441249477057,6.117469393710596,-0.13727332151140542,0.02901200172883756,-4.349395029582828,1.4499201135990933,4.883288036473902,3.117846898723319,-6.875383517266214,2.164204235849701,6.226165174655907,-0.6139676549018138,1.6422777713579713,-0.1768608148842479,-4.940924760923381,-0.6746544164232737,-7.473781912689431,5.90983497902912,5.9760506695902516,-7.772300265387174,-1.7761065496078636,3.1986066679731526,0.21132792554926394,7.101629276624248
5.880414225038216,1.0093538704045897,CC(C)OC(=O)C1=CN(C(=O)c2cccc(OCCN3CCCC3)c2)CC(C)(C)c2c1[nH]c1ccccc21,93.62623758857988,29.340653019896127,8.269658833872189,-1.1337047870142527,-17.31895118691379,37.728324451058484,6.049707909292823,-1.744350688864448,-9.495626465721612,-8.753327078278115,15.155636353310467,-31.513224962856636,7.360231317896909,-3.512006409343259,13.759872186374347,-3.506064763655519,10.887923740783469,6.124394234091186,-5.96914301425162,-7.14829952946589,16.400229631777908,3.2670325111423297,0.843204367208806,-8.92873190098805,10.030596330792283,-8.451993307617883,-9.736258910812607,-8.711249416765593,-6.6598691666888765,1.5236678010505005,-14.26223726659311,-8.509370951589078,5.501794900839328,-4.5915696357813225,7.415542743580911,6.2315795378653815,-1.8808453781849728,5.2225583153720585,0.4999660818252849,4.2120493885465935,-3.676495970571346,-3.0273519970464537,2.770781631252676,-0.3999698171215691,9.053926541814013,2.864552968525814,-0.2472106588330682,2.108604424964285,1.3143893819136196,2.3609966152460062,2.69932193216094,3.7515570441932566,-4.103037922934222,2.7071562022865625,-4.826106336004177,-6.077686560785621,-0.5676871075291233,-1.3623495085052875,3.113079955385675,0.561533192882686,-1.7762261657747642,1.1519720033722427,-3.2189608152750804,0.3108636845927513,0.7179543599254333,-0.39342057811360126,-2.184670314400362,3.7956670325490354,-2.8454076157024413,-0.9285202430280819,-0.2960274750703367,4.136254008425016,-2.3691149394030253,-1.4568665681161925,0.572218404893611,2.7705295718954996,-1.8335986434371578,-5.005653910814222,-3.307889384725187,2.2102910493764134,0.8357551685718565,-2.0143460443894265,2.069404950467117,2.007549125562896,-0.07018404542907546,0.38758399084645306,-3.184437743182758,1.643312760191467,-3.0761265458712805,-3.384355648606207,-5.073594049255048
6.048662481204082,1.0093538704045897,CC(C)OC(=O)C1=CN(C(=O)c2cccc(OCCN3CCCCC3)c2)CC(C)(C)c2c1[nH]c1ccccc21,92.89555591260147,33.00160517432699,11.64627018312346,0.9795808606147391,-16.00522530344178,40.118156945964564,5.692932593720428,-0.6192366000133152,-8.737762168315797,-7.984550616082034,13.162401043840038,-28.740755805717875,9.81257419790723,-1.5135484787450348,17.455943321314024,-3.0999715712743665,8.747638668123187,9.952752433401846,-10.80918538901201,-6.173040993538003,11.83465994181326,1.6107454976184867,-3.249263196810596,-11.255742762590375,12.305450694896155,-6.989462151788402,-10.606895315171881,-9.19841469429855,-8.607746261811384,0.2611098913716192,-14.950048773649335,-5.220353164658639,6.579165254638275,-3.4476620214805753,5.414488972349757,6.331165330799829,-1.952376109142402,3.61780418609195,-0.9185174818046121,3.994453116756861,-0.9017552185521903,-3.791057536748483,2.233492784015887,1.2866485501695901,7.226755720498164,4.587684661283123,-0.0459140948709449,3.084189988076473,0.4618021555557444,0.9429518542783151,3.509297284444291,4.383173194051135,-2.706673852133486,1.9244192663573103,-3.459772469703873,-8.20651216965062,-1.9805792451966153,0.7257349296724958,2.379102026142471,1.1544882020406044,-2.007010156615106,1.39106444047361,-4.1987981359641715,0.4675419666364653,0.8968463284509373,-0.5709975932548806,-1.0240091908258138,4.081695662673069,-1.5782479654758088,3.5286782576622335,-1.3482177212604725,0.3804694389738394,2.7828775785174353,-2.8691276653377793,1.325879167984472,1.5426766059235368,-0.16773595909179562,-4.511384957834595,-2.242126073473195,0.7010329801948805,0.07196689024370968,-1.9590738582769929,2.3090799696013935,4.291842230500855,6.248187677499639,-0.6820771922053089,-1.4701561219646613,3.8033223915347256,5.088319803562833,1.8880355973924732,-0.6449946289518128
6.068033885271827,1.0093538704045897,CC(C)OC(=O)C1=CN(C(=O)c2cccc(OCCN3CCOCC3)c2)CC(C)(C)c2c1[nH]c1ccccc21,94.5475107007425,29.320078412210517,7.7942540154612905,5.7130823371380695,-18.307653363955463,35.64990883248655,9.161766428195243,-2.040979998158758,-11.58232806536694,-8.329299420298435,16.277681962174828,-28.490621414317143,5.093527242932175,1.2913832835846988,12.407576220966348,-4.912354502130625,14.923310935211154,0.5096915572014737,-5.4729396415181375,-3.707070015994892,21.62972501596693,4.997387186800266,2.01420117002417,-5.456723043924372,5.578213976931125,-10.623018484987048,-1.7733302254740801,-11.216047845684855,-4.703755236127712,4.258996845325877,-10.632321475536026,-10.132791602466757,1.9982611960344743,-3.4809024180459933,6.410604383977112,-0.19047867301791566,2.5967159403908884,6.623073315265907,6.661396611463753,2.9258372006148248,-5.85628586693053,3.1112616297540323,-7.984053672234769,-1.980676584590473,0.3367278186364814,4.7390428753644205,-4.448879520494718,-0.06801297466141894,1.0979151415298378,2.8542668490340364,2.765402093684698,4.0096442141965545,3.725440432459512,-0.4602848293628981,-2.432464801484571,3.8351650186985813,2.4052469157318015,-0.0417072342108148,-1.7617106361764632,0.10696378988383662,1.3703505944577485,7.211331095457502,3.980433159920952,-0.6346544665941315,1.0342093911787558,2.4508845613625274,-2.7314043437032653,0.6853843249697388,-1.0717757415404658,-3.726465815127984,1.1088940414574178,0.47489109852860045,-1.4392856169331192,-1.2039529835812712,0.6031443462264285,0.6143355587516697,-3.958063205099818,-3.4019415285200636,-2.0996346143894637,-2.8249937673120495,-0.5396897632973406,1.2174391213875273,4.214684315420936,9.50183979844055,-1.5721372246678746,6.754945831615214,2.9176677732460776,-10.411325864519926,-6.406679771265266,-0.1984827418636864,0.9189353292644457
5.542118103266008,1.0093538704045897,CC(C)OC(=O)C1=CN(C(=O)c2cccc(OCCN3CCN(C)CC3)c2)CC(C)(C)c2c1[nH]c1ccccc21,90.72093676608958,33.08487823212918,7.080311672476225,12.69285696503026,-12.244106712801424,31.70060547349052,5.505923207114227,1.2486883459251896,-10.917308251983204,-11.93966562286077,15.362191477860508,-30.574350214396375,6.542847646900401,-4.800617439872304,11.029318829033523,-4.47116948834828,16.778035635152786,1.3842956735604894,-0.6919072997872547,-5.905749619180002,17.358923801098154,1.1584511909369346,8.796886352673607,0.008131053915767293,-2.6326469686647496,-8.950569485788005,4.921614127179797,-3.934886829841863,9.188500175339495,-1.609680729652003,7.9297620505284,-4.033201085298762,-3.2503352164748027,7.812367321134648,-0.3015610368424037,4.942816720414281,9.879590458123657,13.63370000599493,1.48069986544732,10.898177573951838,1.6718295332773767,10.529193127926726,-13.25046580220746,11.942883071461877,1.884617645335182,1.9281541709688117,-2.84912869136049,3.0485597317486355,3.537143719890885,6.130647945432427,4.852572113109196,-2.162053429714968,2.5617949282705843,2.326210220688023,-15.77700071142514,-7.953269346846561,-0.921924343209213,-2.182089192277846,3.1861102331042854,1.1226627787266592,-0.5981015365485414,5.504901549066555,-3.336003347828799,6.192346351747456,-4.598901232214126,-2.141088964812155,-0.11482558607249659,-1.7768508232287454,-4.749617333645771,0.8273656793748682,-4.217419217357708,2.6660938530368137,-1.1817058499392763,0.9722757679008821,1.2455614695452617,3.716669971669616,0.41961653858562714,2.991913341858929,10.276163548325368,-1.0485835509533101,3.526057053198925,4.16421496328486,-9.733148813669077,-8.448161616346415,-11.320880608231084,-11.870348723567457,5.862753283182886,4.536654867991025,-2.8438918206494868,2.200440829977251,-0.3758275425300222
6.209714835966759,1.0093538704045897,CC(C)OC(=O)C1=CN(C(=O)c2cccc(OCCCN(C)C)c2)CC(C)(C)c2c1[nH]c1ccccc21,91.60430142296025,13.814350310474772,-2.3271983081337946,0.3887682010394527,-14.355686750450841,17.994551137187393,5.121532976555583,7.638123535712739,-15.778496837537464,-12.254643425214855,13.520247859584448,-21.062640149766438,22.38420200916023,-27.931690600945164,-11.63430409007547,14.569484987327979,5.015377972653268,2.7781982045411935,7.021100810606274,-5.300652395102252,-6.97324689646865,-6.735555155224638,-2.303310591875062,12.400167657848698,-8.517258149124514,5.704204567868593,3.0574584445367092,3.8996689600889445,24.762575359432326,1.5992911063798434,16.520750552374352,-9.525360799862478,0.7848481113878293,0.524075818283886,-2.878920709960206,-13.221252168858147,-8.509850725041943,-15.296797172158456,-1.6278010105380478,-8.942197879417215,5.609108687586139,-5.81998991279224,7.243570360967034,-9.797525140384634,1.0709989302402174,2.405343877532433,-0.48114591087722536,-4.144875123045591,-1.162324950927916,-2.778462228211378,-7.430927012579236,-6.311530057490966,-7.8854260251009345,2.0392029476749878,4.636133857837742,2.207257777113227,3.9949475894368054,3.266547918617478,2.0412826762232346,1.0865871587879086,6.470018914310539,-4.363502181449361,-0.07512139840952897,-2.763101803392936,3.8752292732100684,3.1781455630361024,5.690896706038765,-2.1798037480866603,5.927187674983468,-1.6561733984526075,-1.9269515157705213,0.846213989569113,-2.7433040073474624,5.44776231307314,-7.177031341267936,0.6559526258049404,0.17056134796888647,2.2168182797460227,0.7754568464960245,0.5139479168600987,4.920022222375899,2.765282482185641,2.988457724361343,0.7622103696521069,-4.675175828259357,2.85323544162343,0.9113408990082725,-9.536909100112952,-2.361367465786964,-0.40387474657602596,-0.9839948885728645
5.795066477645856,1.0093538704045897,CC(C)OC(=O)C1=CN(C(=O)c2cccc(OCCCN3CCCC3)c2)CC(C)(C)c2c1[nH]c1ccccc21,93.87581246754468,33.214335060716564,11.706662701538479,-3.4573900225779304,-17.240302498692383,35.908135446280944,1.6941916471296663,-2.3908315737927825,-11.972085966600732,-2.8639572472519683,7.490367085324003,-20.572258837876294,25.958638102933733,-7.126260331567529,3.399034228005537,1.5550140884911574,4.852476505517744,12.138786315815635,-9.453600020705684,-6.666510819690367,-9.994324913506896,-5.325875882506031,-9.824247701045776,-6.2712549904759864,10.7685437250212,8.116708130319108,-0.07508610788547267,6.746314173623076,-3.729064527669514,-1.3410345218102036,-3.7767258889171154,7.460890915485829,-8.611762805855923,-2.410133985278289,-8.334624568260615,-3.197517531137368,-4.827231790993031,-9.152307673243582,-4.889255050074978,-8.237699514325199,7.824479730857201,-8.742062735197624,9.095924869409604,2.0914089726522596,-8.240857614509656,-5.111383104718786,2.403507223406307,-4.048320822866994,0.7082325761949366,-3.5185054321758367,-1.5011853263822577,-3.6964227077186704,-2.97975867934704,2.114351559728518,6.023683626119245,0.1098765631031095,0.5301130632205452,0.5171420679225576,-0.953155747857928,0.6496866071133479,-1.96364747616128,-2.5936304902060963,0.9114797369040849,0.17489156453656976,1.428330643357431,2.6182936360365154,3.82041014453397,-0.7110388193226341,-2.191762318828128,0.32271102409184466,0.5617561924349834,0.20347348852036726,-1.7688468101851291,-0.038797694980368995,0.32953939545782834,0.43182628269761547,-0.8908091341766269,0.9663181647831632,0.6298993449278287,2.119450507995379,-1.9290085331814786,1.5593289268460033,-0.6241168775162104,-4.7346282031314075,-1.4074964948004052,-0.7698165931057458,-0.061120669948005246,3.5873853352344547,-3.8210450202209327,-2.0317988568076086,-0.8264252151390203
5.9503943874050265,1.0093538704045897,CC(C)OC(=O)C1=CN(C(=O)c2cccc(OCCCN3CCCCC3)c2)CC(C)(C)c2c1[nH]c1ccccc21,92.46647097557992,34.86838273220637,15.164799982145064,-1.8558688291569845,-15.89315785263689,36.31832569401058,1.4312192807566408,-1.23883071716726,-10.558965736147375,-0.9398350261917385,5.919107672188718,-17.451533369131333,25.635677023410256,-4.793047760186558,4.621521392421505,1.8008661070576641,0.7647151005415033,13.563522958756982,-11.044288632812876,-6.559759445465587,-14.934315453353431,-4.850660343364577,-9.133259191206564,-9.762966986505885,15.898089635436165,11.114693051509791,-3.489220409878903,3.443548629147185,-6.212423937117068,-2.0766580193924598,-4.3784785327780344,6.55797424141693,-6.212487960559291,-0.6469167584439947,-11.840544812476834,-1.9871891544146152,-6.86254800845358,-9.457393845876654,-4.4756362515897505,-5.786431898210345,7.232974539217628,-8.19120530280814,8.759026385040906,3.7354578349620375,-5.806546376814113,-3.598219572892509,3.0560514144290782,-3.578701810192979,-2.7049784156052343,-1.6961601955174361,-2.6356718943184427,-3.493720539048788,-3.2066000234078196,1.702751733645406,4.1794413409913265,-1.3694967595925824,-3.223457686082233,0.06704841849807922,1.5688042954628796,1.9305205333586886,-0.40019823407121713,-2.4420786261992977,-0.2794291967456348,-0.012687911766650276,-1.9179361013410519,0.6089616072281963,4.417753198083262,0.46944069340102973,0.9612723259482254,7.042654234333016,-3.7814173850857427,1.2413187018340122,4.615543906490396,1.5499967350297397,-0.35252625543847466,-0.5588900227120143,1.058273987806554,1.0793153596573415,3.9679939082970788,-3.3815152086116713,-1.7568765128270858,1.374126959730519,-3.4200760540566133,3.5514403377513784,-0.04468328597048478,-1.3762622376578355,4.545061192392681,-1.1966701596869131,1.3244081061889537,0.7331593993680471,5.144547778954159
6.099086932262331,1.0093538704045897,CC(C)OC(=O)C1=CN(C(=O)c2cccc(OCCCN3CCOCC3)c2)CC(C)(C)c2c1[nH]c1ccccc21,94.74908770984501,34.123703366247796,12.46147039348289,5.878644608625056,-15.896592607957343,37.217622444629576,6.317852546774576,1.781590112542727,-13.01148935121566,1.3249722495722238,6.630908349529228,-17.274651992835636,20.320407037439587,-1.8844620065626463,2.3047081959979066,1.1054509300932682,10.874820529909238,7.474316915193423,-9.755450898491274,-6.834414013779894,0.013782900895052783,-3.605065475597331,-11.282386803979609,-2.9733312807768413,9.450714947107365,6.986767184322816,3.6706535402831313,6.549020225153525,-8.065843317334343,2.9138757763382452,0.9817574483963134,10.0453355159596,-12.037061803264896,-5.705390557668939,-7.871807584858024,-9.136003060617535,-0.9260306409449108,-9.32978631002895,-3.4011071418259387,-11.931152182802002,7.192655204521789,-2.6034305367575903,1.7801330717245007,-7.6010787451562845,-8.005926343051573,-5.161780580157617,0.24253216007521575,-5.717459508360366,-3.629742300035284,-11.874919509706,4.135781525490835,7.127801745546961,7.248769985536821,-2.3651690204754225,5.0281983657815,9.443897934208074,1.4535847458414812,-1.310053052530538,-5.929401030085054,-0.7341538896009547,0.6680556972578456,3.161843479296987,7.052780056713477,2.7844106828071244,2.5668543412947105,-0.688217249098842,-5.129723541570916,-1.3499347902615055,-1.72934938750589,-1.7694723576114952,5.604024853212767,-2.3176015992192895,-0.5454607672424417,-1.7509216144923714,8.521735418440304,-0.9612551941863027,-1.801258708112371,-3.3658448008324697,1.5886592652876255,-0.08999950912739332,2.9980770270057078,-1.5965219568121423,-4.623328108293708,-0.7150709639592984,-0.0034503315236129057,-4.7510847148908075,-1.394753801819188,3.597862109628197,5.242327578003455,1.977911619816668,-1.3616646117347615
5.99012436628784,1.0093538704045897,CC(C)OC(=O)C1=CN(C(=O)c2cccc(OCCCN3CCN(C)CC3)c2)CC(C)(C)c2c1[nH]c1ccccc21,92.68023914154098,36.26529518185795,11.292758034385058,10.972437819025826,-12.585774465007814,32.989056739367264,0.38720125951884937,-1.2615844815041592,-11.741810637353636,-4.956343335205583,9.269570912554505,-20.625165994551043,19.65573176894977,-4.54246086820884,3.785090512651226,2.6321999345025784,7.372280520731603,14.39728438001485,-1.9202537088143836,-5.098224622246092,-5.706531434474746,-4.851557973825296,-11.326588222374285,1.6462478284588422,2.047119207927188,8.778433006968589,6.707584551817923,3.997280337535755,8.339721503685956,-5.732965235942856,12.602346191683463,11.411045808363536,-17.365679994037684,5.709476477393728,-19.913348600826815,-2.2304278567840723,10.80518495395199,-1.6619850836110466,-0.36627885071810606,3.841968864872555,9.250403037844466,5.214805384718766,-7.678776784821409,11.275400559452013,-10.343919032416212,-5.502506292125185,-0.6539704224372386,3.0757847175151074,4.399491440854412,1.5276267906618675,-1.6435906747156865,-7.468290227799893,7.345318523985859,1.0050354903513492,-1.7155601822833053,4.600214035907803,3.5579104561276984,-0.11230059846170502,-1.0659378313157306,-2.459467636057084,-4.645809083551718,-3.9084637146427896,1.6315138869789694,5.136175603457468,3.7521968137415507,-0.41056512771735576,1.5217863382992427,-1.824313752669618,-2.1825964747695723,-4.270948472747404,1.2979069673951145,-0.9528426621355847,-0.6723748444136349,-1.7646349392096903,-8.586060531187867,3.5976140544394206,1.495278603024862,3.922155186545744,-10.041673261931725,1.206176139289483,-6.19797330563752,1.2091811127735204,4.474220023499427,-1.6134291400345868,7.078431390812943,5.737280696691486,0.34102766329644957,3.6325848745795306,2.3027505278419453,1.1639480224761576,-0.009359125946989982
7.055517327849831,1.0093538704045897,CC(C)OC(=O)C1=CN(C(=O)c2ccc(OCCCN3CCOCC3)cc2)CC(C)(C)c2c1[nH]c1cc(F)ccc21,88.26185779130086,31.240355867243867,4.11286455995993,6.548917102476618,6.161901114368527,21.17255581634742,3.2577590403311367,-2.02248299278027,8.893724863830746,19.893718972237696,-15.71949862998892,34.711183273435886,-8.874711494739282,30.999305064055168,7.778551566419569,18.828549576693955,-1.033900081927002,11.182415631053637,5.250805313218985,-7.372002986969736,1.2264265986517033,12.363426279091675,-9.38523671796125,-1.0094734574519868,6.961467630424159,14.732189610592235,0.5097821663741795,-3.1932842821200813,8.868397363876449,5.183727597760397,-1.6689746915457455,12.787011714678846,-13.800021757603751,0.876070039903561,-3.449455244457732,-2.092175071302953,-6.501745184301943,-7.100885713516108,0.3922877966393499,1.957163486057271,1.9583144980620901,3.2708004550077243,-6.891602043887943,-14.059653280200243,20.895649030054994,13.418738576278347,-1.428948017035875,-2.3844088624591073,-3.024984402289095,3.354801838106326,10.217595821253273,-3.589412235277109,2.557998349108085,-1.1712189672268905,-5.4610147247755965,2.0329902384149157,1.6897118410242862,1.7769528579120553,-3.9638123495128594,2.9850827939585276,-4.294477390542074,-0.08288687071815233,-0.3111498795703429,-2.864397002076102,4.297646814668799,-3.667236553976826,-0.7039729198707732,0.3142054011209246,3.3570922458663848,1.2160024966348795,-0.5038816144245021,0.5184316815013287,10.428708296668178,2.7008728263502055,-5.109115154847466,1.7966429979764003,0.39111002402014244,-0.281023552400626,-0.6008093114002573,2.266942138446538,1.1788732607832233,5.006106874195517,-3.5233516104907943,8.950984718510755,4.01962699297478,0.4780329568251967,-1.3142770073545573,4.914847454856175,-2.094736843555366,-1.0187771995022894,-5.290180425562529
7.00436480540245,1.0093538704045897,CC(C)OC(=O)C1=CN(C(=O)c2ccc(OCCN3CCOCC3)cc2)CC(C)(C)c2c1[nH]c1cc(F)ccc21,87.9615809492901,28.798214523569683,-0.9313785090053592,6.218423694002052,2.1018216817840054,19.818146461919326,10.082642821163063,0.29575995053227977,4.518367764074057,11.146950492900649,-10.701232992969732,24.071222961671943,-9.585770857761675,30.17045477021205,12.621717425725972,14.651080058030727,15.96220178886805,-2.4930899909530244,-2.8384868617277133,-13.192412629496415,18.659460751091217,9.522219759957846,9.035718939433242,5.737849913123018,-13.617875938897342,-0.6080241350753913,17.89145966557904,17.705779555056633,-7.717634685903886,-3.405687955232318,7.204730059646348,24.373686072682748,-0.4405867804255281,-1.4080971537970504,-1.0538430624820354,7.273094864407063,-6.0480092669568,-6.9130480499897935,-13.047118882734567,-3.033784709578875,-0.8458990059968634,-0.7206640719390586,0.24455849365595655,-14.787578137867156,9.687340296254185,9.355724209573435,-1.889383031844951,-3.586253611683193,4.18128047113092,-0.838066537625172,9.133543358411666,-0.02664221156713034,-4.206366840055465,3.565837025153577,0.6805720036810257,-3.063732618005858,2.597494733583357,-3.0578938051619375,-3.346951959346018,3.833791376244135,-2.493801503053813,3.327472837892911,0.40602391724849035,-0.4901499170996953,0.7487418817520333,0.24190347856605057,-2.9824615297408354,0.4384437170887115,-7.764815721265379,-3.4597689196871735,-1.0078155726269755,-2.0657288341075057,-8.43240357273639,-0.09276662575909614,5.007799766794098,5.422655134540529,-0.36751556541754543,1.9288647877477074,2.882810797486103,-3.2392605062693205,5.123172484958975,-4.370731695924339,-3.7343728541092878,-3.10381244302906,-1.441789353949842,9.777603100264175,-0.33834152050418287,-5.157236415954586,0.4169854290010631,2.5636489783990988,2.938028933916909
5.692503962086787,1.0093538704045897,CN1C(=O)c2cc(NC(=O)c3ccc(C(F)(F)F)cc3)ccc2OC[C@@H]2O[C@@H](CC(=O)NC3Cc4ccccc4C3)CC[C@@H]21,-23.975391839196963,9.471673445200455,62.25097178216352,54.79072719348667,46.9479663205291,-9.067489280180384,78.4708731238125,29.673833450619185,5.65614120649509,6.674839602549561,17.531215433268112,2.9675087060648995,0.14694338635073373,-0.955772262004853,11.808022779403405,-19.32809647353462,-13.910726376850347,-11.875166366848905,-3.15109779924536,-8.864942122461756,-3.8832877605384493,-13.15535246547033,-30.538424508684162,14.665017960842114,-14.842081106343155,-7.106368007995529,-3.7144384712425005,-6.719775499031641,-5.09978646772189,-2.746175384766626,-2.8601001153966332,1.4234049682338326,0.9666749168289197,3.1936825845795003,-6.978396934246223,0.5096058925830591,-4.202386157196423,1.9963211666570533,-1.2834317059050933,3.796459758817178,0.025143568939425924,-1.2783241546858322,2.3221048410256353,0.43307660247153573,1.7965658389767414,2.8593724799165665,0.5436665160829816,-3.3349992572868223,0.28928008423356344,0.6725737226701353,1.3833429840145726,-1.1180353197250457,-0.9169922584846779,-1.2224071217374006,-0.4944388589339131,0.6138968986398763,-1.9142433479012473,0.20382807271328368,-0.4854347934801438,-1.1124741734628896,-1.886245669799313,0.5292094297912768,-0.06770827407529835,0.5206936001563292,1.180884761256615,0.07231066355621107,-0.8836071730053273,2.0175589670587746,-0.4629861044983647,-0.719454750948973,1.2580772285543809,-0.2532192599396372,-0.7003025354722506,0.5409993352547958,-0.14929857045058315,-1.0186308223948712,-0.891984095968854,-0.0804285952241387,-0.3272774418390381,-0.7512478009320246,-0.6159085078719162,0.39995789064533543,0.47501781350208677,-0.06784938042599388,-0.7309995284142617,-0.6141513086264839,0.3826896586385829,0.13699424307295152,-0.42637674570694617,0.40867233345604376,0.13077679764466643
4.451544993495972,0.2516903676328282,CN1C(=O)c2cc(NC(=O)c3ccc(C(F)(F)F)cc3)ccc2OC[C@H]2O[C@@H](CC(=O)NC3Cc4ccccc4C3)CC[C@@H]21,-23.87895099809411,9.457604619780922,62.11176327869952,54.59922105492407,47.25790024172644,-9.013049835725173,78.2679500192934,29.416598595316824,6.003790830596804,6.904724995844232,17.692594658361806,2.891859609626047,0.21065892006034825,-1.0369583861395248,11.826447304721789,-19.43648390135233,-14.20618266324645,-11.716468033261068,-3.2436520384485137,-8.851570680669655,-3.956795453955912,-13.045455851828569,-30.25607982035522,15.082466479658445,-14.684133996722407,-7.047181506539082,-3.9171992836641856,-6.923381618948943,-5.390554504887028,-3.109490594353429,-2.207515099017912,1.2008060863392755,0.9450879594981927,2.826778523840438,-7.252193265271964,0.7389388639101462,-4.060641562205894,2.1507968436998706,-1.3714910376542448,3.907575015344125,-0.1350497620190216,-1.7976982058427524,1.7577877732358922,0.39904765794360364,1.9238871659866266,3.0418310423488717,0.9601577952494945,-2.813935147772284,0.1472902687431697,0.8911579697530237,1.428784837383972,-1.3239000996129233,-0.759533168154819,-0.44967629761675243,-0.11184716905019632,0.9886305299218531,-2.192741048791881,0.4343568208316725,-0.7069892307021909,-1.0344796971863879,-2.574236682376505,0.6570215452402237,0.24572960378308042,0.2271207898726265,1.2580360059428102,-0.21170946803456483,-0.6495972416848034,2.060544072221575,-0.5442473949933568,-0.014439237862359658,0.02427130619669061,-0.5578653283200443,0.0017731580922136078,-0.010398815346674075,-0.6919622831564577,-0.9652334704640012,-1.288056098378544,-0.12289276934034156,0.988311969395959,-0.4888439755087439,-0.36984906461285605,0.5218189105944409,0.22536303292103696,0.3186728331696874,-0.1736573113193991,-0.8424979044815353,0.4014877515863918,-0.5976783703598441,-0.38467823124586303,-0.18464732661053157,0.6559018894340314
6.638272163982407,1.0093538704045897,CN1C(=O)c2cc(NC(=O)c3ccc(C(F)(F)F)cc3)ccc2OC[C@@H]2O[C@H](CC(=O)NC3Cc4ccccc4C3)CC[C@@H]21,-23.917247783789218,9.183830121562524,62.18480319195466,54.36396547614874,47.40198329700587,-9.356074737996563,78.18988366658175,29.61975544693595,5.84013315721369,6.9054861569583315,17.486310854327396,2.8068571832060254,0.15104063855943325,-1.1822708360450394,11.660506914471588,-19.13456569068761,-13.916793404141325,-11.671257169846537,-3.343873524044214,-9.042405641448223,-4.275842487951869,-12.94337033314055,-30.34376545906158,14.911358282951147,-14.482675662157988,-7.332858476739096,-3.8781625824444195,-6.693433589151747,-5.4031273272357625,-2.4701180051927976,-2.3780268460690333,1.3410833717391983,0.991719135701776,3.1070519369873404,-7.140885514361941,0.5737267787151167,-3.7699864988854137,2.3816365332041873,-1.6833264609040546,3.354441138863452,0.24871249938035855,-1.6171545009649404,2.426002102485718,0.3951191830441865,2.306958470505127,2.663862282609094,0.04010009123040567,-2.808131904207982,0.2592820585394633,0.586955838000916,1.9368748992063245,-1.3427156667718074,-0.9970972675202384,-0.7174898856593115,-0.2767935218513607,0.6844528761532169,-1.7384222956046298,0.2680044367220911,-0.4369277348990251,-0.9172108211569696,-2.6591457008327346,0.8392334982535007,-0.02466515264254711,0.5620513465293153,1.222957741466905,0.0799797751148322,-0.7229843944154924,1.8926987624029024,0.31182958089166773,-0.510023290207871,0.5479255538868775,-0.4772388450963352,-0.1696483889285453,-0.08411334952784315,-0.16798944891080747,-0.20964250264394513,-1.57437255584956,-0.33593833442960747,0.39092085077101824,0.02076608252787132,-0.5586712817136573,0.6327014013113623,0.21779153008020172,-0.34493977437580275,-0.175192780164647,-0.2693425544757874,-0.05663802412225735,-0.195713946943831,-0.13194490684709437,-0.0067220791571210225,0.10177280180070708
6.221848749616356,1.0093538704045897,CCOC(=O)C1=CN(C(=O)c2ccc(F)cc2)CCc2c1[nH]c1ccccc21,54.232665705551064,-38.75060421229403,-39.576092283700696,-42.91074053989365,19.380218378085317,-61.947374922541236,1.4322772514953894,-9.526364836196196,22.618433302026553,10.168230877303007,-0.642823109670273,-6.101144590883538,22.47564483918374,6.733015011143401,9.112105048620649,-21.600044225142426,3.28792426627168,3.760394224768743,-0.13952493851473888,2.8623250722674194,12.894147103839614,2.760570176310959,-1.4337119691074731,9.802909412057387,8.054018643004795,3.7940116941536877,-1.6632015540695768,6.688252811367808,9.934788618614576,0.9374861038928417,-3.598631582923822,2.4854891838168336,3.818927342078916,-1.72739247206377,2.641271561914438,3.803503298002942,2.723676402097634,1.1823563773545225,0.5453733554907053,-5.2773171713041345,-1.8018064322440774,0.7879852315175803,-6.842721380770564,1.4647320901192626,0.8327403870730098,-1.8843414932520388,2.335334207176431,-10.305416913958386,2.956653477632611,-4.634126955400747,-4.865801602547972,-0.8536778951015745,1.2947314761336217,2.1101167029909877,-3.6053555402864563,2.8067552361814765,-5.6783635625313424,-0.9796254322208185,2.266430966971474,-1.3752733668181005,-7.558969955659891,4.16350869812517,0.786392440592159,-7.582876960783685,4.011982583854116,1.119386964203574,2.8223033785537264,-3.9115964886445465,0.8860276616221412,6.8917576426228075,6.730288068044497,0.07663310641878437,6.365866421860837,5.124952013296765,3.966118418792731,6.92490787611707,0.8557507735651223,-3.1741795532168644,-0.6776614411688442,-5.4926134090524315,2.3759643629261373,0.4625100389297423,9.382558641602193,-3.314456354782603,-3.499832036650249,0.8139973588699808,-1.8629168622844456,7.61590186331224,0.8073290860303418,-2.5343784496587447,4.595333218214037
6.301029995663981,1.0093538704045897,CC(C)OC(=O)C1=CN(C(=O)c2ccc(F)cc2)CCc2c1[nH]c1ccccc21,63.15718659693813,-36.410138468850256,-31.976572902649544,-37.70480553215462,16.739026300851698,-53.51899215548292,-0.43757971291222963,-6.2055270812170304,13.987591473622498,2.4939959399272458,1.9453731025058139,-1.6554845027289293,7.508531336533916,6.187996746542843,4.967106078703845,-9.137597246505647,2.5972115322225418,-0.3619820642430954,-0.010805247561534078,-2.469944610451519,7.7331102275546115,10.4853158726017,-8.53615356793577,18.999467542351166,3.012118927155216,15.172885478522902,-3.91049308532435,13.344306211467579,12.472682101155268,3.958823027125155,-10.923936806037288,-0.417613208141374,15.507433581644896,-9.672938663324448,22.090171807121564,-1.902518457239432,-5.352691493787377,8.943994073807735,6.228099785047079,-0.5267645767308738,7.812972824785866,-14.10806053758635,-13.2478685328738,8.84960772682081,-12.348110307967028,-11.27795924218908,-4.647027031328726,-17.12578098873721,8.630764817917372,-1.979032798208162,5.854944794071031,-6.402680098260584,5.788532032167621,6.570105476165892,0.6861217419805484,1.902072926925881,-4.402477952281271,-1.4217957888888741,-1.2200568036356194,5.050600089309453,-8.242586485092412,-0.2379668624036236,-2.0516156723231385,-3.7983934280493172,4.2801568882826295,-2.809110087496962,-0.9855011435280177,-1.6495878775401145,-1.3995829331154783,-0.644857549973881,-1.2572822178922891,-2.4905039574821344,8.460387722498448,2.463462734005215,0.23408847586244866,5.589116928172995,4.534870817573089,0.786882255562214,1.725765443881526,-2.6476028311939945,1.979311526670305,2.3291659505498443,-0.4276435470846705,-3.9890479526176574,1.0480380611722089,4.584358777528704,-0.42856014769669176,1.9031879781705348,0.711054736642344,2.3088173422655554,-3.833958593056478
6.301029995663981,1.0093538704045897,CCCOC(=O)C1=CN(C(=O)c2ccc(F)cc2)CCc2c1[nH]c1ccccc21,47.565145388497896,-32.72058116457925,-35.60291974609853,-41.292990738486104,17.847313505865923,-57.23200207017544,4.37126318218762,-8.774588152173484,25.984413499887104,10.17566526917262,3.487830051382614,-3.4992938746274374,28.36490574201649,11.603287337532718,9.428775305865015,-28.32513182086874,4.232510044392986,9.565227091660738,1.3556941371684152,2.0558824254954042,16.36232756465281,0.013447013077589855,1.436880833884028,11.211639879822997,9.388875983619263,12.56321937000101,-0.037760998697940605,11.49228896659402,19.76034260930817,5.973094530154079,-2.0162239712127987,-3.04200197833236,4.285899805547878,-6.5951346147531265,-4.945389013294121,7.230053000582901,2.4231284677991636,-7.0578305306447655,-13.648818938782442,-1.7223052505734824,-9.92435022906435,6.480090884230579,0.3743075661905887,-2.611737132247566,-2.5517814525867215,-1.080170957862522,6.834570736553939,5.558539706717806,-4.447688098889259,-0.8431563132416782,-5.561595165027388,3.3008429766828273,0.35981497836531917,-3.6591099796427433,1.1784249625983494,-1.8484083134264349,-1.0651724280425774,4.604652068536493,-5.754804364749877,-3.5520067923274725,2.1808023612548952,-0.9837447560412149,1.632085252041598,2.1739800372075,-1.7323117876935963,-2.7107230073200874,-5.095802626931065,-0.06474881660178763,-3.1058448222625903,-4.091423856859891,-0.15378637923669952,0.43021479796840295,-1.058822201615404,8.511560678691902,0.19758246741195595,-2.892236313445851,-7.6743590172994525,3.005028845270123,-5.269569768926221,-5.756481359855016,1.101435903235135,-2.9739176832370426,1.947820855534362,1.0781201828782052,-1.72045553061099,-4.506022465648574,7.110155129305867,-6.595143549742444,-1.0337173914313886,-5.389476614481602,-4.7996706126138315
5.958607314841775,1.0093538704045897,CCCCOC(=O)C1=CN(C(=O)c2ccc(F)cc2)CCc2c1[nH]c1ccccc21,47.74559957767189,-24.073443850401805,-30.730549808530878,-37.67452388743113,19.995812268208383,-53.238456438785335,8.636746195495448,-9.50843919468231,25.848915020834948,7.441603279224728,5.7854980851099445,-4.598286830804213,29.88094578718719,16.630811519764976,14.02305392059917,-26.950050600825378,-0.7381792404939652,11.283541239181258,1.4088733056660006,5.871524074624454,10.462185389417327,-2.1264888364663377,3.0457778992202997,15.632011545017942,8.455850626295609,14.538190575247844,-3.5364171805540647,14.766610742370682,21.408650916218722,7.52370069313035,-8.361111800707167,-6.452617974177224,6.813668553336031,-4.475832230728428,-9.645873916242182,7.725450405768257,0.2019236384055484,-8.00421796104852,-18.229290231836078,2.404919624169199,-13.636726538380753,7.568566266089578,7.011523738943426,-3.024002919184853,0.31085879502772096,-2.8278299044197226,8.538550404751208,18.09509500133125,-9.17439294956423,1.130010975265228,-1.2189305676727076,3.513994078926382,-3.9506751880539293,-0.48692420827204785,-1.6260831304792707,-2.597098972561874,7.115503863831714,-6.857859843112956,-2.53450667048041,-2.161473584733938,3.663246638159569,-1.4161663017764834,1.5112988565375465,6.410677600957792,-8.794187844226638,-2.514511537567649,-6.0401031348854675,5.055577512315158,6.537178556173772,-0.2348721872844849,-2.926758188008095,2.229361692855225,-4.903281410024697,-10.915649835086462,-4.141726937091868,-4.6048690935577214,6.136662179376691,1.630427427594862,4.7486847045452985,4.780501518681016,-1.7915530104028938,2.730026621078326,-4.795638707000695,2.4217587170930575,2.4184880861138227,2.233420643623877,-4.051196207053134,2.350104947565438,-1.3201219018060146,6.113301604371536,1.0057363839516595
7.244125144327507,1.0093538704045897,CCOC(=O)C1=CN(C(=O)c2ccc(F)cc2)CC(C)c2c1[nH]c1ccccc21,62.25144756644499,-38.829680771339014,-33.52845420278834,-40.715918704223334,19.71433469308102,-63.218252275602836,2.038727496112523,-1.4510102112460448,21.64041261172884,3.7790273217709336,2.608578504092262,-2.7735200335430275,17.12902924825173,1.1630003690695487,5.698437683040874,-10.479590761719116,10.540286815487894,-2.6785252837029976,-1.639283369611044,3.601685701064861,2.963856975761934,-0.025781245543288776,6.829393905356538,-1.2913979617496205,5.5632008077923905,0.5130190379784929,6.278467583489495,0.13154824452803013,-5.683700102884551,-6.42409408467778,3.109090475118693,7.872331432792611,-7.996960171786733,3.0534941875840973,2.8656556760077962,-3.6038019480567853,-3.7643385177762427,1.4382171905369054,18.061789995294237,3.904977432637345,4.0435940095957825,-3.3558954988092844,2.0401345510307585,0.5455288478728747,4.842277276625797,5.96214453935605,-6.383716320979242,-6.220371526786169,1.1688898031806965,-1.120867811710002,3.5433662744597942,0.5361697530229044,-3.1041749635423486,0.9096513285541991,-1.5499892950478307,1.3840885250626003,0.3892087065506745,1.092380797034413,6.82670174378158,0.7400179847661399,-2.3644584707012095,2.3665822323609826,-2.1383589867048705,-0.18128175964844517,-0.025385689985995455,10.047630268822992,6.552849702985448,-7.438538420759373,-3.119613632561346,0.3031973568874507,1.439338556271542,-1.7665793947754749,-3.027407933431806,-4.728816854306292,1.014787537995345,-9.05143870686895,-1.79118108677201,-5.4723509099215795,-4.725761805934612,6.042259614620603,-1.8402212752043017,-1.92099538640573,-4.288519109452964,3.9566320886747532,1.7907573606559704,-4.470727034427625,-0.1053555993904984,-2.8278450506046737,1.6098592770945492,-0.39299944547467885,6.693198111082289
7.136677139879544,1.0093538704045897,CCOC(=O)C1=CN(C(=O)c2ccc(Cl)cc2)CC(C)c2c1[nH]c1ccccc21,58.66981343237466,-36.824083468172745,-33.00668652926433,-43.773258013058424,17.578074734833628,-57.086760512181236,0.8465153593612169,-0.8809181432456554,14.478736886121887,-2.956718574062296,3.124022193668476,6.14909585149925,20.2250750261439,1.162501383509926,-3.5415372441064394,-13.214758698393657,5.43888215261861,-9.056856910516933,-0.8634552618563012,8.517055268864556,-2.054573965065434,-4.0699976533083415,19.53774819854238,-9.05019931214314,5.532729243429389,-1.3499089200622547,3.3915688095857544,-9.182566063001623,-13.56484233992141,-11.04626189151478,1.2661692708452201,2.7887094273541084,-12.508072343265141,2.023499522211821,-1.4671520568031493,-9.537498230486651,-11.063061611070253,-3.71420406533156,17.146983154754743,7.228710142731615,9.049412975470712,-2.0144948006149614,6.478024006556477,2.40746870325143,0.8346406837727489,6.816833403455033,-12.719242135368685,-8.322801792937952,-13.043967488956964,0.3966822932570979,1.5632569247320902,-8.543316810002773,5.426389286294144,0.18035359210348106,-5.205008950235222,4.945171929460861,5.874173071982033,5.7645452532756245,1.543873994402453,3.350733306721191,4.619093954868544,0.8192108054241507,-7.151075146097019,7.238716063261459,1.5033131522531,-4.272745730956096,-0.5376532416226457,13.432792887033532,3.186130655737446,-7.493283052816946,-6.017199677296884,-1.2845492928258104,-2.706133405365339,-3.6694957755472597,-1.7272061390781996,-1.8910329416895293,-2.530443593695535,-0.1730469540394968,4.647716508434449,-3.0345232476390165,0.9657403923282235,-2.405132414403926,3.400944251089099,-1.4008272239498956,0.02587327545028916,-1.7560319215727287,-1.262223505899202,-0.7420950194343557,-0.4030053061165355,-1.870493231022326,-0.30181061572064943
7.221848749616356,1.0093538704045897,CCOC(=O)C1=CN(C(=O)c2ccc(OC)cc2)CC(C)c2c1[nH]c1ccccc21,67.37585984595195,-30.824215935654873,-20.25378761902474,-39.47951151544114,2.737110062212353,-44.75693417609484,4.705848691826509,10.229172165185926,13.041823696177783,-8.697440786789036,5.290309864142759,14.267947518988578,31.464620318619943,-9.689692883884076,-10.840291630326549,-10.151997001461048,4.4097875839431495,-16.080595380796534,-3.407417290934676,16.120434312240846,3.77126454388466,-13.598913173744092,19.143465336011243,-3.553631910424403,-0.4218182420074066,-10.802576230251818,2.474965025894086,-11.002234047994438,-4.011728935123034,-7.147750058186739,1.765557257398568,0.864886714727975,-15.400586042523845,4.164932206946783,-4.863673522615677,-2.7895301024421046,1.0255074695300204,5.404718591931325,18.90917059164362,4.679507268656252,12.185594921655726,-9.20760419918805,3.72850348320946,-7.769972904023391,3.4603739094238337,-3.474160747057507,10.412134144258134,4.76407250947539,16.297762578004793,9.096447343890137,14.338347717163478,6.221743940088985,-1.549909857813965,0.23875543541211025,11.553830406974269,-4.140432188528712,1.8356467268845482,0.3798775819958214,-6.42093331590243,5.732415244497971,-1.988174801604195,-9.602959484123389,3.3486995288437864,-0.140751396507734,-2.8918811892931857,-6.942588628213555,-3.931949762908728,-0.7632319739345365,-4.846266184011036,1.0744843946443525,-3.4195633787093844,2.9010239267710207,0.0695929565307129,2.3494074786072816,-0.3451270541331146,1.0663679220039761,0.6266855969697193,0.17994573265049482,-1.056815234072713,1.7294253659704737,-1.9581658791114553,4.342743833652512,-0.3546256829567741,2.1725471278970203,-1.4315187666743927,-1.695448723256469,1.7637092781981414,-0.5436828076016591,-0.07774271228237334,0.009119299788917202,-0.9224473245313086
7.494850021680094,1.0093538704045897,CCOC(=O)C1=CN(C(=O)c2ccc(F)c(F)c2)CC(C)c2c1[nH]c1ccccc21,61.34439026024927,-35.516195428271,-32.65249849418239,-27.993432370808353,22.352991180159353,-62.643542134041176,0.715914520528469,-0.03164282251200198,19.29021551623954,4.832006202092358,7.655789525885582,-14.264338702323073,5.651843536271103,-3.765677795733445,11.754318077886257,6.372288679825011,11.520268757597988,11.377839528554878,-0.6964219347454941,-3.081472508462266,-6.289967429093172,-5.014254463346917,-6.690692011799546,-11.995336445885494,1.2407345637604499,2.84957285679481,13.564219130038602,5.216012267246546,-14.379790905328802,-4.42894455979024,8.077677769448684,10.846160036914348,-0.8247474614128254,4.486691867516633,3.6501919725166148,-13.631699938562376,-5.940747583427101,13.336196027667114,32.86558604776276,9.591758678370741,-2.8457441267533254,9.720642264938206,0.0093176117289332,-11.91614207549093,1.336957364678466,4.386243815069742,8.567657362887413,4.710316257605678,1.242688288318767,-2.237746228772879,-10.900016838256894,4.106514829099299,-8.96691059958545,-3.5145321170750194,2.645575473145353,-1.7783665424271942,-4.512876341651481,-3.7652976384407824,5.499135189107789,-5.447702993344864,3.477043621304888,2.7276476409622195,-0.5568773144432674,-0.575559894137034,2.0818818021759165,5.351687468506242,3.0039576351630006,0.65695878163401,-0.730315885929256,2.6872365308251727,2.304963882845778,-2.755080694470003,-0.9721634869619367,-1.2558757010414245,-2.5221419659604636,2.6612639330534713,-0.66115427354821,2.5178329135760817,1.5696292078635725,2.0313828731028116,-0.42376008668793363,-0.0038377413009925095,-4.717587575559774,-0.7185329206993466,2.0884354354179377,5.091781002067189,-1.101132652938528,-1.2626586368395745,0.7659090258451322,1.375022098431548,-2.2952656016470865
7.657577319177793,1.0093538704045897,CCOC(=O)C1=CN(C(=O)c2ccc(F)cc2)CC(C)(C)c2c1[nH]c1ccccc21,77.31701526804866,-34.35955165907504,-36.638919358369165,-35.76731953051242,22.04875862000707,-47.501443155851874,-0.16490362375646578,-5.816701848164216,13.274093193115553,5.767266325980273,-1.7796082710713998,-1.8755967633861674,-7.197612214928922,-6.496168037697159,-0.4981325713318259,10.569254939361011,-0.6682217924156766,-5.635271891682273,-6.580334889871746,-2.1952776780196124,-3.575334319084535,-0.08289505107715145,-3.422803270637136,-9.288825865879428,3.154823451152351,-13.608001851866995,-1.9640186502222035,-7.396753908641289,-4.124407161607376,1.8056619907203912,3.743384503326838,-1.1316176024984512,-3.3109923876092386,4.261685122910365,-5.693030752034429,11.29832615081508,7.870465149989272,-8.867306846243489,-19.485109357241956,-13.210274975214352,-3.05093285372294,1.5892146132570433,-1.5292912942416053,9.609444809323337,6.207118663765391,3.3134124251722543,-5.2660848256116255,-3.3215857674056566,-0.923248737203048,-1.5027977678543216,-1.7752242805427492,1.310601176737208,1.9840015450296933,1.5089798487153547,-6.493260533699873,0.6249533124126954,-2.580815294087324,-0.9230190646513273,5.249487901207034,-2.2834343148184324,-3.337869482465456,5.083611210553757,0.0837314726541138,-5.07370926759832,1.1540001244552829,8.619045221003171,6.152897021806983,-9.879974882600834,-0.153673439324763,4.522806254779894,5.8749151522531795,-1.140886137939228,0.08978135158804063,-1.9367643703110744,3.899264474406179,-2.3532514674222047,-0.5404152572282326,-3.732810923904136,-4.282521724950787,4.405790452146541,-2.031297883575897,-2.675787141069168,-3.0319580207200354,2.5923165966918593,-0.47746869690579635,-1.480937285537557,-0.12470546810797298,-0.5292771454269616,1.067690038471833,-1.0479176312716902,3.5943923790365435
7.920818753952375,1.0093538704045897,CCOC(=O)C1=CN(C(=O)c2ccc(F)c(F)c2)CC(C)(C)c2c1[nH]c1ccccc21,74.56113151637632,-29.772650954037744,-34.149963602665665,-26.192295492828833,24.633731116697323,-48.3878311432765,-1.6487714528621966,-1.228067830787339,10.938565687407655,8.300407377767034,1.698885231599127,-15.68217094275987,-18.244203723103663,-11.35718140064894,4.816860625984528,28.113587349244284,1.8143467127283697,9.840335069557426,-5.415820462388804,-10.140140646485218,-16.95954021006336,-8.049742133278814,-16.1001287468631,-20.121037276488778,-0.04806113829267137,-10.627856610880237,4.865248120528607,-1.4611873440308851,-11.35334206376617,3.2374930183218216,6.516374171153868,3.290003684918765,2.637627542022203,6.018569301499301,-4.477229005264959,2.391547255347073,6.250377832925051,1.388499877647473,-2.6827365048418463,-6.070604835141572,-7.963691771893126,15.89671379326705,-2.162694869685232,-6.660867232079923,2.8286184497457603,1.6146874181512072,7.279211766675196,7.909215609557024,-0.7673708837130827,-0.8863152196050677,-14.216491304497534,5.095205934060947,-2.6923900884226497,-3.7631580111680134,-4.53008035150128,-0.02110685086101991,-3.5129964318616778,-6.082540813239194,1.7783865547911877,-7.420549505347751,0.0020663086347462814,5.6443223755633225,3.160922719972624,-3.372406893084072,1.3491991250370925,2.7346916531519567,3.502394007858273,-1.4924556641038842,1.8086812360615567,6.199029453567434,3.8428705707921775,-0.47590747248766196,2.464240247806385,2.5566156061235685,-0.7158265828083246,7.207455547320249,0.07332934656874919,2.7589335953846734,1.9337041453282469,1.0638015261828815,-0.034238814885873194,-0.3937046698189125,0.746739876483753,-1.4377021118318745,0.6725509243592541,1.5211966646044182,0.09795071151755393,-0.21221250191277935,-3.52725421667554,-0.1252080145097628,-2.3573256280296535
7.602059991327962,1.0093538704045897,CCOC(=O)C1=CN(C(=O)c2ccc(Cl)cc2)CC(C)(C)c2c1[nH]c1ccccc21,73.63213851142882,-32.72679572761801,-35.70324730801776,-39.088970092422485,19.510910689377937,-41.390622831290536,-0.9700768126121188,-3.520525330831598,7.030607923196479,-0.14248750828134354,-1.6022944291681362,8.309393773813085,-3.686284882709517,-7.371014773866017,-8.502863432585935,7.884874734498587,-3.79627252432076,-11.19073220174952,-7.335736362745517,2.9385891227026315,-10.485000886492259,-3.9659381492993853,10.376739421504773,-16.489314041427072,1.7141081653429688,-14.371402340492972,-4.219068697082192,-17.457569616986234,-13.144778329421982,-3.1887102265227276,1.9336575060031636,-7.3694272877742835,-10.474536617190463,4.73441167835581,-10.215464048969892,3.7561733172478777,-0.32914937304126496,-11.920128085060304,-19.76520836808937,-7.635923861133392,-1.9123699826859493,2.4625822639187995,4.15155783854103,10.016670935597094,4.001276410974632,3.5378003992491234,-12.5185400433432,-6.659271908924736,-14.494196106102484,-1.1705138924894736,-0.8558265699170676,-8.538943093829001,9.347776781840237,0.7574529167352609,-10.358396484093257,4.42752107426937,3.5518184808654607,1.7782806091806478,0.48269947514134176,0.16475250420374574,4.345710631968535,4.180853267427413,-3.550330938848978,2.812280542504067,0.023182883934883755,-3.7339425292892714,1.6807693488758577,9.048663596925552,4.361999065662328,-3.09625158262733,-3.6331539638246895,-0.024387312592653726,0.3524093316999457,-0.9000080610404096,-0.8582436440699805,2.380195171833773,0.49760051581798903,1.5689175792200616,4.057048287691829,-5.191203409027615,1.9183348214356142,-1.9843831911380985,4.248113124523614,-3.4616768937601017,0.9576767724929018,1.9670890629191984,-1.1890007407698977,2.251860018794347,-1.488417314949595,-0.17482644383068427,-3.316397365978734
7.537602002101044,1.0093538704045897,CCOC(=O)C1=CN(C(=O)c2ccc(OC)cc2)CC(C)(C)c2c1[nH]c1ccccc21,79.42061305270094,-26.945738934861275,-22.6540819452919,-36.25007294405836,4.965821634040464,-29.495519262857897,3.037546928937967,6.867173751620964,5.316771660815582,-3.308090617833233,0.09558715180281506,16.061140415858965,9.181627781207265,-16.12543874154467,-14.666822754296767,10.576343269798928,-5.615699667753885,-17.9450875756552,-8.757772772156782,10.439491972729462,-3.0887108614075522,-14.412184762442909,10.997051963992881,-10.256671173858983,-4.418331392229273,-25.166847640269012,-4.877769694503943,-17.547165905541082,-2.9671207038177103,-0.1414539341005306,3.20079325086983,-8.38289132327826,-12.156311454282267,6.477303707509327,-9.860498773075612,9.626178448421376,11.517957562004742,-3.0946812100511654,-15.005368076394104,-10.020894835994968,3.0309740828069405,-3.910392296797773,1.9929518955818242,-0.7289068456553162,4.895228166044629,-5.70674116559535,11.507168995414858,6.047329524285556,13.878710946918739,7.264283623422105,10.106905624123819,7.593201724774194,1.3878448800489787,-0.11670170076979543,6.206489029357397,-5.064058772358035,0.03801167435790656,0.9361030111348481,-6.5351462145208785,4.211727686782671,-0.11670961024880236,-3.8888170100331103,7.175340580671532,-5.066773292924876,-0.9283881036779438,-4.101481546194434,-3.843447043209164,-4.525175411081921,-3.337679772143752,4.361393684128658,1.6106239892586531,1.4160903493657007,1.0594745363774738,5.627878755739505,0.9504451171642565,4.345242938545063,2.1926302852392037,0.7077200865190246,-2.2028532166011914,-1.9374646358664303,0.7037637109620554,3.216433081751057,1.0879972006355336,1.349587907131219,-2.359855825191987,3.8082697723384107,-0.8183285544088582,1.9095966476238584,0.5667581791083731,3.800592145274153,-1.4846633952860155
8.096910013008056,1.0093538704045897,CC(C)OC(=O)C1=CN(C(=O)c2ccc(F)cc2)CC(C)(C)c2c1[nH]c1ccccc21,84.8842589746042,-31.55296845986565,-29.276554289053948,-27.83418339586564,20.155416435713978,-37.38568161165575,-1.0514664763048507,-4.265153344557125,5.620070794094058,0.3385393706926861,-0.8839470098596663,4.463862735102248,-20.892035355743708,-7.41045564809632,-3.272020841874564,19.184585243058127,-1.059919431075928,-7.955535077945147,-4.721695391335897,-7.132942535568736,-5.790209556575316,6.376378657501125,-9.996752429850302,1.8846852690135723,-3.4532762538619672,1.045834620622382,-4.821222568147621,2.7438394859939184,-0.041412637302679356,4.682348354278652,-5.7604225402027005,-6.076144532553778,10.780137654491206,-4.651360492386923,8.856888943066823,4.082636513689694,-0.9232507017115746,-1.3034499699964979,-13.716925265653328,-2.8506795130478095,5.993726824074457,-14.342887959038183,-3.8394992233558227,14.661481052420537,-6.669580386733057,-2.2462908107291693,-13.852949812506981,-4.557967221927693,2.155751104377171,1.6958368683838967,12.44357563658494,-1.7967625748519156,5.512665034890514,4.819823332921698,-0.076955628083578,0.8684167707769596,2.9340159923596407,2.4966096302860548,0.10431719884368328,4.461642115897689,-3.367679790000287,-0.3089198125363638,-1.509903606675962,0.9258636695431813,0.4768894154464397,5.8583585177125626,1.963093312140503,-7.437577976207048,-2.8754807824602135,-4.776935740029613,-4.5924837674947545,-1.5607002798049732,-2.2009260924369825,-4.126925513731913,-1.4879747611253824,-5.252528692600703,-0.01434411344168125,1.100518612079212,-0.8453534640319422,7.096752944562706,-2.4165007083617125,-1.1483420936329247,-10.17701717421323,2.5346965660933525,0.9191315746747193,-0.0365405870119762,0.8742042703428261,-5.795047446216534,2.150070816985047,1.3833001491967063,-1.5414678372976487
6.142667503568731,1.0093538704045897,CN1C(=O)c2cc(NC(=O)c3ccc(C(F)(F)F)cc3)ccc2OC[C@@H]2O[C@H](CNC(=O)CC(C)(C)C)CC[C@@H]21,-23.82045143047153,2.484964755768191,58.03175546045014,43.44449597761597,41.11173389103058,-2.192322419541834,73.78757930024403,32.02823320838087,4.156792386593841,3.7750548876597514,6.858591041579437,1.6306216134043816,-13.005132551779445,-13.511841153822738,-11.240696618476372,22.361675759745147,8.519368003445493,-1.79508799563832,-0.09135412859119114,5.934948101195315,-1.3755196270193555,11.056567261860097,25.068387695404084,-8.339384831155739,16.014931641071694,8.472340673821762,-3.0559856978866358,2.1635367834891985,6.342928829351896,-0.39137840302725335,7.014566404934111,-4.115786572739261,-21.774432201146585,-11.154122413828336,3.060024125694526,9.54671464590114,-10.520650253007126,-0.5189109945945098,3.2705917438045113,-0.8956102394409814,-16.181978513439912,10.023012823304416,-5.008346967254308,8.71364120438313,-8.125284454183832,-8.24573592481736,3.3080771026586056,-2.7582542689871006,5.005142652826279,-11.532021538061489,4.9954752063184,1.1293153659828252,-8.571985343201801,10.405762804542066,1.0291878369648055,9.487445110354267,11.386401944254638,-16.364269975513178,23.552248633073525,-9.030646190018132,-4.164086365985072,-2.962225590172863,0.41359126246808287,-2.5783093551713208,5.011481869763043,-14.758496483940943,-6.3349501676570155,-1.8131026110520936,-1.1128526162118773,0.5175424564760495,-4.722015948926441,2.395687953443297,2.7175985032620043,5.390449856534604,-0.07298882718230756,-4.015064937340387,-0.28927361317436096,-1.3250841857184985,-1.2114656073741645,3.824021764636246,4.449395597569069,-2.806284442024292,2.4502259144963063,0.4135889797950655,0.44411691776390255,-0.09468973120571429,0.008290459595719437,-2.6492108224174173,-0.5761038890405041,-0.026290046720594033,-0.15709982253266203
6.494850021680094,1.0093538704045897,CN1C(=O)c2cc(NC(=O)c3ccc(C(F)(F)F)cc3)ccc2OC[C@@H]2O[C@H](CNc3nnc(C4CCC4)o3)CC[C@@H]21,-14.974569393192258,19.168715201140376,51.33334414968378,45.98182817131004,39.4787395777657,-3.1565688442364137,59.7901353300862,23.77644626954527,-7.053651993301696,16.922362767050803,-0.4690390984283905,-3.850807192211988,-9.466935807564191,4.8604861359434555,-10.196689012367646,-0.7895381903989659,0.6887127438568048,13.5998610151658,-0.8822622769015743,22.94941453682094,2.473014116071967,7.220201074693849,34.57511275356085,-19.340361637648105,22.014228440244047,13.084884775174734,16.459357586693173,7.712466707285712,7.790979740938315,12.231214247397547,-4.121415648540479,-9.87738058344363,36.88112600520915,35.664417439976795,-22.16695976620712,-5.435777202692019,13.969609577182585,23.202948661667584,-5.23889086835483,-12.179604820257333,17.222347252092355,-11.243487552897548,8.330442316265096,-9.60156185992774,-3.2515888178739183,12.277684484953815,-8.717061658964582,2.44597469077847,2.5174974582860505,-5.8688210521798805,-0.4141913588038013,0.9902203531800656,1.4912143470782084,-0.031006392802451283,-4.83686714915984,6.159909011559863,-4.394255880146516,-5.697721072156425,-4.9162916804393975,0.029267549967190453,-2.076108196130396,-5.102074379952325,-3.6239269297565304,1.0219263607989046,5.264867770466571,0.40371863457121887,1.3213020826926398,1.1820886377609616,-1.1338488944745986,0.8184900630672306,0.1612715047625624,-0.2630175145887074,-0.49708891265138677,3.088979359562481,0.9221970403247356,-2.8289874626640645,0.2638702930426662,-1.0280064726702813,0.9678522892406569,0.023903298430148,0.2427396648105274,0.13506309447263773,-0.055354014261110876,-0.07440931742197117,0.9538863219144763,1.053834082245647,-0.45135305711924073,0.33056453046945333,-1.1917105999844246,-0.64351761772927,0.5715404145382402
5.958607314841775,1.0093538704045897,CN1C(=O)c2cc(NC(=O)c3ccc(C(F)(F)F)cc3)ccc2OC[C@@H]2O[C@H](CNC(=O)[C@@H]3CCCO3)CC[C@@H]21,-23.268066962115324,8.742077327515346,62.32075499617363,38.70745520066756,44.453760773140594,0.8812331952969369,82.35992298503938,25.614819810905086,4.303334481312501,14.39386047409189,2.9507530029085856,-2.5754414541988466,-6.967996321403735,-3.1723306045587045,-1.6338610209797024,2.1957670464077634,-1.7544365188738142,-1.2828139367306488,2.9560823933344005,9.427472327912191,-1.7851218035511125,7.643430882968968,23.53841520256776,-7.97031800953046,13.634762318719595,2.6141232156097485,-7.083130166198814,10.974583036375924,-1.8516962541494133,-0.399697179759398,-5.775587836560257,9.363807302182922,-0.7696281880709606,-10.377221593235221,7.829584276453253,-6.474914433618631,-2.8157005395761208,-5.854401401344405,4.0230410158946555,-1.0762548112900507,0.09440499806904808,5.57473567820915,-6.691893970527494,5.182684881961666,-5.21828535083408,-1.7948744543857262,-2.9384602802976882,2.544798714028552,3.217260560090598,-6.0795765028662085,-3.81538848763601,2.5590426224573344,1.7556939074098656,-1.4250707604727784,-5.3791745800712585,-22.820323630893064,11.886584299770423,14.354366647795652,-3.539710934641937,17.24615976917593,21.329720607847207,5.914406704225111,18.90899817054619,1.5758960679591842,-6.923851381002823,7.97307011871677,7.754330426132431,-8.002313261639157,3.955044032104345,-2.742450456905746,0.6251844450595876,1.066151809313667,2.9715433547235937,1.1038871574862235,-0.30131188108285095,5.612660614799584,5.502867244136557,2.3249104343309326,-1.448105374757663,-2.0819618707429903,-0.11860974139372771,-0.05073920624891401,-0.1377452563133073,-0.46724889789659246,3.605726536915438,0.003612971793371483,-1.587500990368311,0.6778988921575771,0.8659233826969935,-1.780936016950928,-0.1270888814989615
7.096910013008056,1.0093538704045897,CC(C)COC(=O)NC[C@@H]1CC[C@H]2[C@H](COc3ccc(NC(=O)c4ccc(C(F)(F)F)cc4)cc3C(=O)N2C)O1,-14.598335639871078,1.447706009062217,53.3228227495904,42.265800541053856,36.80303107025114,-2.002885639154622,75.22817173613593,32.164536830639314,-0.9589181490021218,-2.2529243653569093,11.291412674396627,-4.506714891858277,-10.639125182784351,-11.831879653079975,-8.71040021871436,24.57771422719714,7.746212015152396,-8.281293112788648,-0.029017870438666313,8.308010367201849,-1.9353625787526385,15.752763580809866,26.28313766855441,-4.139888931261499,19.096833090173334,12.785952544211057,-4.207475798445816,9.214463376362383,4.799679221730743,4.604763655917138,7.00028656819143,-1.1173742546935055,-15.452226379498986,-15.940532387967126,20.03296505733973,-1.9317023769061872,2.3945325152615213,-16.114040529694908,1.9823410343064634,1.4643348576332702,-3.3680509557063703,0.9654431280888358,-1.161976824674617,3.9917746057817376,9.493917132675275,-7.637858455853877,1.599660565435159,4.34111782397883,-6.202813062526375,17.29274912403521,-9.622808038858503,0.25418572366675646,6.488585561768688,-6.114930178258059,8.467869193657801,3.9024937780000757,-15.491684816066611,6.838121322569575,-17.873364228235936,-8.58299502179679,-12.261434081605387,-4.021485635931975,-15.095606984941744,-0.1391637647393767,-3.576603688242254,6.6653377406436345,0.3729753722181348,3.608612995533176,-2.353600052978144,3.7220714959152126,3.3604118413252984,-4.368615169540232,-5.199473536502621,-8.655546294592664,1.1276711190000455,3.3626944066353843,-1.3938622913627667,-2.108114859090165,2.6911501354870695,-0.1592690108749415,-3.5628772106954703,1.9933126107069898,-1.2858531358237058,-0.9797915528868996,-3.0424584832674957,1.304654862767342,1.3515371256262685,2.118031985189208,0.7963521988798585,1.6017952980405352,-1.0236309885345094
6.730487055782083,1.0093538704045897,O=C(O)c1ccc(COc2cccc(-c3c(C(=O)c4ccccc4)cnc4c(C(F)(F)F)cccc34)c2)cc1,-32.921016613436684,-43.50665279355835,-28.742050933338863,58.24082610931902,-87.72353013570405,-9.315622295030265,21.465711793585523,-18.58361245314439,24.389215906451412,1.912099603173009,8.522685852223725,-1.338195362232908,2.7893467333951025,6.913707478907093,2.8081058243695063,12.986247111794189,-30.90076109287068,2.809503084662029,4.982584619712442,6.398485430974354,17.03081594954524,-5.326167212018873,-5.356990362158227,-6.285918038026367,8.426437569787778,-4.774765329245118,3.0841113154309507,-0.28761350270457076,-0.2944210848058403,3.3824022629673633,3.310010718065985,-2.752319717994528,-3.3590216760821354,2.455965400230743,-0.4145900599967534,4.19183368545261,-2.9274149918449606,6.411365873675492,1.7897568180466292,2.807684447428808,-2.334171673966717,-4.341174852179414,0.48417993067787246,1.4742553079412029,3.435111266060366,-3.5028505406858605,-4.006823851171479,1.8081731389665234,-10.636844768018497,-1.9198346276463611,1.2588144643334351,-5.473532023796671,0.5083141083601319,2.787528244929574,3.3369681256222927,1.5108151874382825,-0.4035483815059895,-0.9151895533399961,0.45660627849765584,1.3858527469170536,-0.75532106519773,2.8783590961944805,0.03425536313503322,3.55319742145229,-6.365650379243165,-6.509386863203082,8.01255025605216,0.5813356039793762,-0.254599591392166,2.6575284868753064,3.2316941191476323,-2.0545943224268917,-2.1459702134518612,4.260423236152795,1.6111808794231743,5.119691763482075,2.448791333690398,-3.240269225637119,2.0532731011058596,-3.9108200761899203,-5.57770585448312,-2.772063648441589,-2.514191338480861,2.1811498394620275,4.3080089400188255,6.497826936281285,15.093169565445011,-0.19061098576366015,6.08689643604405,-13.748165622920313,-2.8492520287160685
6.528708288941061,1.0093538704045897,COC(=O)c1ccc(COc2cccc(-c3c(C(=O)c4ccccc4)cnc4c(C(F)(F)F)cccc34)c2)cc1,-22.78504361409248,-47.42194012822519,-27.594269352291096,56.253798484173764,-79.46934603601257,-9.668997395567297,23.024130975231138,-5.407230576152367,24.271698020622548,-5.143838470551852,6.331214316503724,-1.1675494721677977,5.1811279185306045,5.63915495566197,8.662971792956908,20.593532661090197,-22.749702148343257,-7.893737510919751,6.505728548561849,10.206291461164609,15.554262783292577,-5.002535699223011,-5.403847627054629,-9.384305790382555,2.552940767365176,2.7496543968876983,-1.9759835315786367,-7.078251718817529,3.908465822198274,-1.7164082018526612,-1.8236473936987727,0.8999041454720494,-5.25714561369979,12.026464318343615,5.152897849712377,2.422837795693857,-5.550216590812543,10.933598267197205,-2.839859656472966,10.469499431401895,2.647375317435336,-15.936910404373014,-6.104489134611071,-7.264377137168606,-0.9767108645861524,-3.2038593964050395,19.41554447731725,10.521911785375096,-7.20318869973368,-20.528244612997696,-3.35459315987514,-25.616527750577415,13.35367567510146,2.4166693445513183,-0.9031566183129797,6.592701965784752,5.60601001437061,6.402594234362331,0.6997768304208779,-4.917112504232429,5.867679154527284,0.4168662033237903,-1.2384285120517635,-14.40297658891958,-9.979110685832968,2.536101655083911,-1.0173499960014856,-5.248457410089783,-4.9038378999269945,2.394510493578306,-1.2289265436853491,1.6152889534172747,-5.877304909473643,-6.2359645990033865,3.3223227863439573,1.5181939095338872,1.440472803358612,-2.392852043860647,-2.4998311830453765,3.626095807048756,4.129448000140846,0.6759734772800904,-0.3592242894118719,-0.08723969854520587,-2.7245918508164495,-2.9513279646298067,-5.158375558933355,-0.5711262610058186,-1.2444184991676546,6.66169513172961,0.03987243775952576
5.823908740944319,1.0093538704045897,O=C(O)c1cccc(COc2cccc(-c3c(C(=O)c4ccccc4)cnc4c(C(F)(F)F)cccc34)c2)c1,-29.77295554123896,-43.40847153035269,-27.713597936178797,56.48075572882365,-83.31785918058115,-11.938088839051293,20.316172081723796,-14.937472538554553,19.37750435306828,1.108982369549768,6.486182349296258,-2.4535323177175936,4.8812205772675945,0.699614996558896,1.0285181782963952,16.76916891880629,-32.459657773615476,6.3668866490208895,9.333989041247492,6.641223163108849,9.789137592164442,-8.764850410959857,-0.6271015787747718,-7.1419268384298835,9.130347490479497,-3.557586848787233,5.108525134998486,9.134061344722125,-2.214613551838929,3.5851902956767834,4.302184048080229,-3.923910717500003,-1.3944264376236064,1.421771959924376,6.479957299483076,8.469184252690022,6.8922350365542275,-0.9651432913824657,1.7152065572993447,-1.8557823933141273,-13.381181774715499,7.861393117950723,9.992850901246301,-6.070590740384145,-2.9002804831991162,1.2405434849152026,-2.4736278391359763,-5.1773983511266986,-2.352633248090015,3.294729343809749,7.1891211923296385,-3.2519584486289785,4.846148783902709,7.784570734148438,13.607457484185264,-9.076110409507221,-20.033975711742404,-1.685083607901795,7.574342520029346,8.68689599304587,-8.474104921053213,2.8552654053798965,9.884975378331006,20.954309672270803,9.46498270142635,-2.485552507805678,6.137698958135033,-1.7162983426283802,1.3269134488732137,-9.742514511519824,1.3241304166813286,-3.468234017514087,-0.2802474009364655,4.279731252786704,-4.158395964667906,-1.0913249911395524,-2.1814144774815425,4.283122755207344,2.326758200838306,-1.1445693506084478,-0.4218678351069678,-1.6423324172280482,1.4567565277051335,1.7117540162156435,-3.914823897279861,-3.609740281160641,-9.623715215463612,1.4327967978588083,-1.1194185139010162,4.813401529558001,0.17218523360045876
5.823908740944319,1.0093538704045897,O=C(O)c1ccc(COc2ccc(-c3c(C(=O)c4ccccc4)cnc4c(C(F)(F)F)cccc34)cc2)cc1,-35.55811018069603,-43.574157218825384,-24.442027146464067,56.78583372381482,-79.46420654256058,-4.9735705669935815,21.17387941150653,-20.988317197382326,21.993646546039813,-1.0953948599234706,8.312473341961839,-4.09965947920427,5.29220851955367,7.1100754268653334,0.6638579933486192,8.074746577131238,-28.575989043518607,-0.4814795705147414,2.1536222145299644,0.8473452411789874,15.565504901413043,-3.9224155962111467,-3.7747872695916294,-0.4682952939014596,-2.415329755739569,-1.189386694104132,9.073102001148463,10.539830510959362,-4.874800290467107,-0.6903650378917596,16.644129505700754,-0.7231319572714379,1.4089124101432005,-2.0179397229040243,-3.547880087252283,0.8726426681007231,-1.0928749839945453,1.431425273314952,0.6603890989266471,-2.8374172518663348,15.78157486278088,-1.1747746915044928,-9.960592904087129,18.83182102513264,1.8797304269572706,1.678721967131613,-4.462256269169468,-11.345651546829,-17.008517176156843,12.243369759814088,-5.862102447112967,23.59267875781291,-18.638764352261994,-10.98599386336439,1.4791619872918114,3.2101092176680863,18.184761187254452,-10.45496331658819,-4.207935716905668,7.891499127066629,1.8188204505608268,-4.571662604245442,-10.950646919988676,-1.9187882739900546,-4.815932515499577,4.077017604339127,-5.624009926457964,-8.014535363050497,-4.010984047963063,0.3035280586446394,4.100944050627633,0.8166391578640215,2.3237170627586665,3.33122377632518,-2.797336578358985,-1.3529551236082282,-0.23306777230168876,-1.3389685878449886,3.049540690364374,-0.6339754870657244,1.2193483927789541,3.2006499703398426,2.275912151632271,1.5168017021532263,0.5726911875581358,-0.00590218862139528,-5.86601409590279,1.1562250379074996,-2.525398215220109,2.912392531772328,0.860399120836106
6.427128397799519,1.0093538704045897,CN(Cc1ccc(CC(=O)O)cc1)c1cccc(-c2c(Cc3ccccc3)cnc3c(C(F)(F)F)cccc23)c1,-27.747484118681413,-29.566043384196433,-18.380080347912365,51.015113734085574,-67.32160836506387,-7.140021843838004,8.39048412760998,-11.351214331187636,19.511260611433045,6.588162557465483,-4.901791848581771,1.6284476813966076,-26.159788295430566,-16.179791157899004,-10.515917057647638,-29.25530834125277,51.64309781553912,-17.39801252014439,-13.022730685662259,-8.27100867413706,-39.36216712386676,6.98587785276768,9.293339303009308,3.112356858568623,-6.094380187429033,7.093556782342424,1.002731548401672,-10.426456439917185,10.325026327197229,-3.594216790626689,-12.77936587884312,0.6269970919576952,-3.174400693975289,-2.745411251621666,0.44502229431745666,9.56657491162951,6.081737443004874,6.0909836155548875,-0.725249364446244,-3.593176283571038,2.4212249770377605,-9.751405039278797,-3.100536337259833,1.197961337584317,10.247406450946306,9.855546513090882,14.055097100912054,1.2428892229587487,-5.312461515416657,-12.576236649940816,-1.753808218085239,-5.920971726060138,-2.2693470300264926,-8.723080515297406,8.91939236835383,0.08813548982086918,3.9299167517626428,0.8993982496855092,4.179136289544328,5.284410838867502,-3.975240066312029,2.6480441749249963,-4.629079042244894,16.270524551368776,4.679347183776695,0.7119250844399917,-8.59178925704334,-12.386653019198603,4.87676161848218,-2.537319598587997,9.597541520045274,6.173794579177151,4.985445368218368,-5.43962441215867,1.5900782897824934,4.073331634849977,-0.5739820903899947,0.3122660338005575,7.939011048203276,-1.997580949790838,-5.3220655499940595,1.3702478530572169,1.7326734316246222,-1.8166871845752075,2.461573429353612,1.1176303688904277,3.04499794451181,-2.2929274630025454,-1.7259525702254612,-0.15645968561013238,-1.032483744735807
6.844663962534938,1.0093538704045897,O=C(O)Cc1ccc(COc2cccc(-c3c(C(=O)c4ccccc4)cnc4c(C(F)(F)F)cccc34)c2)cc1,-34.147013420288246,-32.415304403105885,-26.43309042979823,62.28541462189842,-91.2783469228369,-4.078573813947586,20.541953205807523,-21.05758055806545,32.391079350809186,1.9827367073572877,4.953550485607428,2.4480922911619993,-6.093103240143587,2.6698235248750124,3.975972789766337,0.17118598140338662,2.6782409076725298,-6.797958069379971,-6.512208994401864,-0.8023106475970152,-4.10701366092004,-5.778420590368424,-0.932004499836236,-2.2225223647498904,5.120407152538358,-8.980624271370115,-0.3045623300418664,7.65766059646124,4.792082402844122,-2.4265479400912597,-3.333156848729291,-0.6132949509413941,0.6668809659625394,4.478877555148648,-4.08046511456849,-0.4828773239809032,-5.34769048608886,-7.653240057658347,2.5361044551478367,-1.5265092204504112,-2.5574605858198316,7.717629287364087,0.5378295974928866,-11.237525923975644,-1.5857194971955495,-18.158690521450144,-15.309966197507096,-1.8579482145311736,16.85290529411074,1.5270663037137946,1.8047274133987214,-0.22066069124546597,-3.7826755098507308,-5.5943487899193105,-10.895530864692843,-2.2499791399096414,-1.6810821139269352,2.3906679384876255,-2.7131868360538594,-3.902197872670186,5.139444905051968,-5.444213677912758,-3.2705762802742244,-6.249918496130831,7.377979080586831,4.805375307556244,-7.582358377817915,5.021481840998459,1.2404989825921224,1.3767943928891848,-4.849196631068367,1.1242571201833278,2.645447356128882,-2.8457803716518355,0.6686384727438135,-3.8551981148313357,-1.1452998457933046,0.12255315011951376,-1.3504746022027954,-1.1784569386904706,1.1851144502539241,-2.7417057007337315,-1.7591547256957307,-1.3486432571931688,-4.406204413822086,3.4495423431003975,10.98565592876368,-0.9327056944698542,-5.125008078720747,2.4414513931175024,-3.9404599268777467
5.853871964321762,1.0093538704045897,O=C(c1ccccc1)c1cnc2c(C(F)(F)F)cccc2c1-c1ccccc1,-34.76327531002717,-82.94536875991548,-41.16751840642238,10.602851703077302,-58.83759024515811,-3.4112552406649708,11.06728697021218,-9.208527730556423,16.00199041962683,-2.5995201933111445,-8.05125718341248,-1.3014959333588296,-3.249468413622834,-19.56363707726394,8.576479098356248,7.154490396507864,-20.829147265198923,-1.8443508726291924,-19.281138978844343,13.126272186394742,8.059761131037437,4.782146076755149,0.8588719114436469,2.767564821997202,2.185935466434179,13.633304575698638,-3.634853867231961,4.087424725000107,-6.056442343800842,-2.2763321011213096,3.5049962011506657,7.878266904483827,-2.3256569221507726,-16.146768976983733,10.009103810179289,-20.834261123388867,2.6216681160431508,5.671258073519405,-23.325131497582547,5.72144938422092,10.11949642923139,-0.07595013532129079,-3.0351717124885553,8.897211783053187,-2.6272502297622062,36.61396839931089,8.616247911380675,-1.9070856470161557,17.517511466761153,3.316586162247814,-5.355892538240684,12.59558809423918,4.443038289132889,3.50420132911756,1.045496597692399,0.29635636333489873,-0.06274227200791807,9.643125473061179,6.3461822920954924,-10.155394618197462,0.7632002675083154,-1.82176765883854,6.016302125571767,0.5993710670063359,8.789448566679978,-0.6275203214020993,-4.352100306989185,13.073558936061673,6.698636815715903,3.4601234433149433,-2.347446435012212,5.528784179862357,0.6533463687803661,-4.7192724416704355,1.207352049466492,0.10372698221677967,-1.4208491318260186,2.328648740528113,-3.96030702187264,1.7163055587394456,2.6923520595212964,3.558980461869542,0.2778485167854736,-4.334924861226838,2.274401309106462,-2.1278245973460597,2.337795093821792,-1.7626181753194767,1.283965577897061,-0.7382834559361888,2.0586157619683516
5.221848749616356,1.0093538704045897,CC(=O)N[C@H](C(=O)N[C@H](C(=O)N[C@@H](Cc1ccccc1)C(=O)N[C@H](C(=O)N[C@@H](CO)C(=O)N[C@@H](Cc1c[nH]c2ccccc12)C(=O)N[C@@H](CCC(=O)O)C(=O)N[C@@H](CCC(=O)O)C(=O)N[C@@H](Cc1ccc(O)cc1)C(=O)N[C@@H](CC(C)C)C(=O)N[C@@H](CC(=O)O)C(=O)N[C@@H](Cc1c[nH]c2ccccc12)C(=O)N[C@H](C(N)=O)C(C)C)[C@@H](C)O)C(C)C)[C@@H](C)O,-3.4692366167742215,28.59376217227129,55.401331367482435,96.54796951681973,23.586425763655534,-23.340031672397565,-58.176762121090505,-1.2711640639279638,22.87227477026166,-16.76525302945767,-6.247709514727056,1.5150006921353287,3.3129453045214103,-5.14521355054234,2.5989738771414066,5.6109995523831255,1.7259380047365802,3.9038365527745817,-6.95030836405079,-3.7797530564698225,6.017547504032154,-6.491510168577342,6.895647293579936,14.655459693738775,-6.868229227911037,-2.918551974006815,-18.132327958285032,-0.28022718945409125,-9.267599351644886,28.386151227589917,-0.35912734707398364,5.11635907919123,-6.479757576556324,-1.102400713009118,-2.5678239908309273,-2.4018344047021336,0.16077867418735342,-5.8026795399550135,1.838940334079586,5.769927375520063,1.4977468209035296,-0.23989306392729204,1.6826402803983167,0.09942314748107096,1.9404791695153685,1.8362153274595667,1.30366363120059,5.4741796392079145,-0.5372880219415734,-8.535945048582938,-2.801947008306202,7.745302184817511,8.823427998822966,10.31908532807948,-7.7165189268728716,7.348129736786513,-10.167462820441681,-4.994926414445438,0.1354782206017034,13.468517360184462,9.401751896672586,-11.178953485819777,-5.4341999875570375,0.06410304636608465,4.379570828844631,3.378290622062679,-3.66607028632698,0.4313409672599942,5.498019964596311,-6.903300795836041,2.684514776191039,1.9097227305833606,-1.1326735191542963,3.9713641494911505,-8.75045567691056,4.351053233083394,1.6092013001195271,-13.501683222034586,-1.932862730187455,4.080239670792925,-3.0251126376743227,-0.4924335547830935,-1.869725160985669,-2.8700656303200858,-0.39588418705450934,1.9307026838172787,1.0184448049196038,-1.5453595840792516,-6.20922340349565,3.3854705125503957,-0.5098046172808803
6.756961951313706,1.0093538704045897,CC(=O)N[C@@H](Cc1cnc[nH]1)C(=O)N[C@H](C(=O)N[C@@H](Cc1ccccc1)C(=O)N[C@@H](CCCCN)C(=O)N[C@@H](CO)C(=O)N[C@@H](Cc1c[nH]c2ccccc12)C(=O)N[C@H]1CCCCNC(=O)C[C@@H](C(=O)N[C@@H](Cc2c[nH]c3ccccc23)C(=O)N[C@H](C(=O)N[C@@H](CCCCN)C(=O)N[C@@H](CCCCN)C(=O)N[C@@H](CCCCN)C(=O)N[C@@H](CCCCN)C(=O)N[C@@H](CCCCN)C(=O)N[C@@H](CCCCN)C(N)=O)C(C)C)NC(=O)[C@H](CC(C)C)NC(=O)[C@H](Cc2ccc(O)cc2)NC(=O)[C@H](CCC(=O)O)NC1=O)C(C)C,0.3702441739469263,38.236467055642564,52.75247541151704,92.2243041802371,24.478564775620477,-12.038728028686107,-61.280589652841556,1.3043903079244368,23.904993049825734,-15.042071124885112,-12.028369401131378,-2.913557059221061,1.0970096826455247,-5.0985279892811715,1.4272816114122442,5.752194846246313,2.9401123129610616,-1.4197878000535247,-5.36061072103449,-4.234730993423383,2.1817519757142705,-14.645090785107577,15.323736844609657,9.220859549883786,-0.1836940246224888,0.26351686233879257,-17.6583998501547,2.213287302311406,-3.2257405179029877,31.330317399014795,4.501808207886275,4.035975323110953,-0.642541561733083,10.604827276669612,-2.96801343705712,4.593059415423428,-6.853483278005148,0.012746695033528398,3.341383632468034,2.2278787707850394,0.9377094131331417,-4.145368660962149,-5.011648188531469,0.29628402168595497,-4.768306668876948,3.2911821183639303,-4.63081464556006,-3.4838051710388056,1.1502417034240215,4.075001784055252,-0.20396223472762878,-5.604482067800259,-4.861798069058999,-6.129311212514289,3.876528430025677,-3.65856106516221,9.262491722491404,3.267054401825916,0.9477546038992166,-6.574764249449851,-9.052413373623803,6.387453145557327,4.9085298500737915,-1.0099421254585084,-0.028307386584331438,0.2021348176206662,4.129725363295603,1.288176904139739,-3.0148354726459976,2.996464807595735,1.1344204975326784,-4.263516707430153,-4.469310848139087,-3.351094749607974,15.171518827630877,-5.859815493835764,-6.127625045335317,16.96314596176078,-0.8973646708398948,-4.337507547211942,0.2168221739351197,7.739925530986804,4.0553026409935535,5.0713884103457225,4.984479289853069,-1.4440336037992718,-1.0678974382460311,0.7874758605352009,-2.37874154726078,0.0815913966205464,-6.171150177117157
6.167491087293763,1.0093538704045897,CSCC[C@H](NC(=O)[C@H](CC(C)C)NC(=O)CNC(=O)[C@H](Cc1ccccc1)NC(=O)[C@H](Cc1ccccc1)NC(=O)[C@H](CCC(N)=O)NC(=O)[C@H](CCC(N)=O)NC(=O)[C@@H]1CCCN1C(=O)[C@H](CCCCN)NC(=O)[C@@H]1CCCN1C(=O)[C@@H](N)CCCN=C(N)N)C(N)=O,-8.969475259114132,42.53501803188583,56.82530373520291,88.58665338612087,28.622581312365682,-7.859057390752085,-51.2240101784888,6.548498968506724,18.678457657851606,-16.694253020159564,-19.152399298054423,0.5992344852030232,4.2886008313096005,-16.14225572303475,6.552645921995168,-5.410591503892404,-2.4713420506844335,3.999119988922893,11.356005707478099,10.150722799177736,-3.1043658570347805,17.620102265254275,-11.687246408466939,-20.01899358710682,-2.2486143051138834,6.615975304008407,19.127098086664954,2.3878021504341644,5.0418874653169485,-43.73957427310683,3.0880963307500093,-18.66565069113943,-2.828061240191877,9.133984716383981,-6.229385410975678,30.72658947301189,-15.715040897853651,-17.76245487509062,6.564480307164331,4.558138654075323,-14.699717423338175,-23.572163315541584,-17.14092719620732,-8.569185862794333,-14.81995015828639,13.906614785005608,0.44911379325969897,-3.9837819258975333,4.247990053186305,-0.11431234779917242,-8.412399990538455,15.409203934916315,7.8405683390448395,4.180255354744681,-3.6500495449037578,-1.6407237727021904,-4.009509686246225,1.7880934582553436,-5.125160647730844,1.3143398364209171,1.050960107127966,-0.2742206069542249,-0.19004640453047603,1.3784590332328166,-0.74554195535067,0.4251755817210381,-0.5372381047749123,1.5461484382510635,1.5774053802064032,1.204579677681501,0.22267248106371687,-1.382494653973655,-1.5885158499543204,0.5797532149596978,0.23914419115077765,-0.6027299489948337,1.7614651062245152,1.2316008830158331,0.5852234684155299,0.41039994413793357,-0.013611480028877422,1.344534804485745,-0.751097788109781,-0.24202176506367842,0.4402938547135168,-0.5526864003807124,0.3358218565266389,1.538406166682503,-0.7301378749827547,-0.985859580717831,-0.8838731091771839
5.150514997831991,0.2516903676328282,CC(=O)N[C@H](C(=O)N[C@H](C(=O)N[C@@H](Cc1ccccc1)C(=O)N[C@H](C(=O)N[C@@H](CO)C(=O)N[C@@H](Cc1c[nH]c2ccccc12)C(=O)N[C@H]1CCCCNC(=O)C[C@@H](C(=O)N[C@@H](Cc2c[nH]c3ccccc23)C(=O)N[C@H](C(N)=O)C(C)C)NC(=O)[C@H](CC(C)C)NC(=O)[C@H](Cc2ccc(O)cc2)NC(=O)[C@H](CCC(=O)O)NC1=O)[C@@H](C)O)C(C)C)[C@@H](C)O,-3.4669084490618185,35.847437600240696,61.78015471155269,93.4657757750072,28.947377884811054,-17.098321316219703,-56.221481954827695,1.1466495627883995,30.041230616088658,-14.638291365732005,-12.379586241108752,-3.001709542841216,1.2343672364161986,-5.097115323519023,3.8501101259669532,5.927865877183751,0.7003697953065048,1.1741373399791593,-9.902394877929048,-4.102381519569717,1.768177520649966,-7.0552666985477215,9.14387000012114,10.101467234148915,-4.173631377610036,-0.9522446133685032,-18.618411040530145,0.4313868578155227,-7.331424796067812,23.70409512370619,-0.5130445514838406,7.139912597993186,-1.5629799987514068,-1.4521626957140805,-1.136018807468884,-3.2313625631006846,0.5512049589076002,-3.7501949345403864,2.464243081253757,6.369585492163834,0.652919576236289,0.23780822696067913,3.0136590335728823,2.547296473363523,1.1000384945259025,1.0934382002292486,0.8652413383144161,7.499257260443669,-0.12990715371802136,-6.705406857597182,-3.954945380263589,5.956975431796081,1.5249181230435165,8.810176482921916,-4.508805910654605,-0.030544603988519575,-5.184444305183711,-5.51356485974618,4.0662347387792455,8.435397965141483,2.708754154830069,-8.943543144845123,-8.24120575728165,-1.0918849554888461,-1.8026305817971187,-1.1794218097151452,2.950615021819684,-2.354267083402589,-3.0517061068411473,3.070927869451371,0.8694641570408322,0.09492829608941908,2.5196294432036552,-2.5632196101967724,2.2123073325301323,2.029416567245145,-0.67761878897479,8.661876499972086,0.9188710288689765,-8.622719652442234,-0.3547194846385344,-2.530985118047275,0.9136757973415034,0.805084983933264,-4.087915178294725,-0.931161652887341,-0.17961964201186287,-1.428858213632479,8.831842611677555,-1.2091111354069706,4.321181144395616
6.6020599913279625,1.0093538704045897,CC[C@H](C)[C@H](NC(=O)[C@H](CCC(N)=O)NC(=O)[C@H](CC(C)C)NC(=O)[C@H](CC(N)=O)NC(=O)[C@H](Cc1c[nH]c2ccccc12)NC(=O)[C@@H]1CCCN1C(=O)[C@H](CC(C)C)NC(=O)[C@H](CCCNC(=N)N)NC(=O)[C@H](CS)NC(=O)CNC(=O)[C@H](CO)NC(=O)CNC(=O)[C@@H](NC(=O)[C@H](Cc1c[nH]c2ccccc12)NC(=O)[C@H](CC(=O)O)NC(=O)[C@H](CC(C)C)NC(=O)[C@H](Cc1ccc(O)cc1)NC(=O)[C@H](CCC(=O)O)NC(=O)[C@H](CCC(=O)O)NC(=O)[C@H](Cc1c[nH]c2ccccc12)NC(=O)[C@H](CO)NC(=O)[C@@H](NC(=O)[C@H](Cc1ccccc1)NC(=O)[C@@H](NC(=O)[C@@H](N)[C@@H](C)O)C(C)C)[C@@H](C)O)C(C)C)C(=O)NCC(=O)N[C@@H](CC(C)C)C(=O)N1CCC[C@H]1C(=O)N[C@@H](CS)C(=O)O,4.709648637059635,42.910973042704676,49.417080709390234,94.25842762767874,28.631789233643634,-14.401339526178798,-58.242694024100324,-0.5386938686412216,28.252813994561798,-17.26964454676091,-16.013812216382746,-5.718299584597554,1.5965627282033206,-4.717147949928612,-0.8112218787947868,1.7102245156900884,2.7470747245185527,2.4078603500565157,-2.0071700096648275,3.184082600847041,0.6348758541265564,-8.845082668122858,9.623465521673994,2.0965302033505755,0.35857404522298597,-0.6502575018393971,-10.378376247380343,0.5306300954188498,-2.310425965501582,17.13688272268376,0.2602026934303923,5.9888881137419325,2.846685774909248,7.016562280769304,-1.2867305120581125,4.899387228397342,-4.225783348902029,4.236141896953615,-0.49777726020064195,-2.825964048612158,2.6897803880331272,-1.0179036412834357,-0.14194548754305397,-0.454393943907239,-4.817765149083335,0.11550786588631105,-1.9077574415287917,-12.680162556147017,-1.6125666259944864,10.549996912272556,0.5577357491140514,-8.508898597161476,-6.511750901496924,-13.018449738261184,9.882965471151858,-7.120196304697718,6.515475515553229,7.111539114190597,-5.769133449078851,-20.050305570385298,-2.9725600664038923,13.99127607182856,11.09190314113631,4.510247765990132,-2.3568961849102235,-3.50364516050627,-5.8541925363196325,0.12815655449819782,-0.19358350432508611,-1.2776979404367579,-3.461900239136128,3.899647340914921,1.5022145351339558,3.9966009707454075,-9.52700849255678,1.1802232713516825,6.783252167204495,-15.16366192045316,1.3114254909464544,9.848272090270338,2.507991460043069,-7.111487524576839,-2.5340622301416995,-3.816629681843195,-2.1997039677682344,1.2162633592835175,-0.42094420912480646,2.8124733765707686,0.29735104485677616,-3.2174084567036094,2.912984118320931
4.823908740944319,1.0093538704045897,CC1=CCC(C(=O)N=C2CC=C(S(=O)(=O)O)c3cc(S(=O)(=O)O)cc(S(=O)(=O)O)c32)=CC1=NC(=O)C1=CC=C/C(=N\C(=O)/N=C2\C=CC=C(C(=O)N=C3CC(C(=O)N=C4CC=C(S(=O)(=O)O)c5cc(S(=O)(=O)O)cc(S(=O)(=O)O)c54)=CC=C3C)C2)C1,-10.576898031690675,24.06626542183345,21.569293145362796,69.0085216235028,22.953847482676956,-7.467540069270718,-36.975507565425964,-7.943683772745896,-27.888963717314653,15.337711703868752,15.357806523157823,-11.191871578460587,-2.158018801853376,41.30676331545919,-11.559551530306688,5.812314770881782,4.363737240942685,2.494697506105839,-7.07018539529976,32.00163177708312,-24.98234384303531,-26.33246567677962,-9.10005669853465,26.579825711855324,30.25011485033821,-24.528919902144303,72.38295888907533,-15.801668157518986,0.772631266868923,18.42706398893636,-4.18375675294016,-6.644467918636708,2.416350318414021,-20.678398199592543,7.439037955837835,-1.5340320415102624,-6.254721365245359,-3.6835922506246668,-4.0044400369172255,4.114684970437459,0.853489985028855,-3.578855171889333,-1.9625291547632722,5.1833353456660385,3.4760516740647254,-0.3417618255378322,1.8596733355595816,2.1516829966029434,2.6876841831256217,2.159758023319799,-1.9549821683898811,-0.8527069020294937,3.554270114531334,2.511836198461436,-0.3399322304737622,-3.7072327824417064,1.597850565463373,2.723837895674885,4.906732469451994,-0.24354676552701543,0.3557769814770039,0.00948218780577869,-1.3085844627409344,-2.4952165722123762,-0.7309604578963214,-0.4436812389985243,-1.4347200959871855,0.004094569764068169,1.6849505309592478,0.7464580875043824,-0.7552009008879047,-0.2941004340716814,-0.3278330333799165,0.13467264795654776,0.9293091210333634,-0.4633301116289398,0.38987412574297964,0.28887820183746327,-0.5647067130948489,0.5108118062273569,-0.10979701696975379,-0.29269506160801023,0.9680624997489081,-0.6775491434462849,0.45445822691247534,-0.6369604671056113,-0.3889138337049633,0.13860541672261725,0.04231037146957138,0.489742141264852,-0.03330054102396646
4.769551078621726,1.0093538704045897,O=C(Nc1ccc(C(=O)Nc2cccc(C(=O)Nc3cc(S(=O)(=O)O)cc4cc(S(=O)(=O)O)cc(S(=O)(=O)O)c34)c2)cc1)Nc1ccc(C(=O)Nc2cccc(C(=O)Nc3cc(S(=O)(=O)O)cc4cc(S(=O)(=O)O)cc(S(=O)(=O)O)c34)c2)cc1,-32.75200257103033,-19.34851706561244,44.68509168381016,62.820904798813,10.698576219765842,-37.402502310567094,-20.05666166867561,-62.42486435910891,-71.416701698384,33.81116490298791,29.719055770238587,5.107584100986356,10.54526919304685,-0.8081067303908975,9.510747154459509,3.659204016398676,-0.08365468297957514,-11.623763617549873,-1.368512086243719,5.51572015792505,2.213056283421367,1.3377281414638178,4.49766212255454,-6.1252928429759415,-5.6134623327843425,5.93222689850067,-10.882329997775154,-1.3782562725423564,7.108768366429857,-4.4985292099871845,5.0974164920642355,-2.8393922119432378,-1.1648718127924818,3.5807516298313096,1.5860639464651223,-1.225035364841555,-2.2206235854042315,-1.4699817581907773,-6.768476941908832,-2.7421375132759067,2.2872344222257146,0.42900043815159455,0.6362081108575565,-5.338595000888642,-1.0545744990753567,-1.0993333960997869,-2.340628917129952,4.319884085234118,1.5755490106490568,-0.9492913799125072,2.4749541916186097,2.6848177203969077,0.8329310721372302,-3.7133031852271645,5.950483165734339,4.641029604899179,-5.093974737847476,-5.427701445230534,7.251596400557581,4.682110853457874,6.029221949582064,9.273292909957313,0.03578957980116326,2.4960165609149896,-13.668887818207107,2.5494307681705375,-2.453650942977574,13.90457688805529,-15.056708851191903,-0.49423488083410955,1.3782841748009533,-6.213524043439726,19.09384402664791,-3.5193546918374774,3.84128628781402,1.5885661099566994,0.2404564667787467,0.2974581538406882,-1.2579516280112404,7.564739608834777,-7.1378488372451105,4.116041369949144,1.472035551451739,-6.8855186793124625,0.8394389954686373,2.526559772108494,-2.244717256161697,-5.194864194823441,-0.7365063982872072,-1.7802390188359243,-0.5356542505670784
4.721246399047171,1.0093538704045897,O=C(Nc1ccc(C(=O)Nc2ccc(C(=O)Nc3cc(S(=O)(=O)O)cc4cc(S(=O)(=O)O)cc(S(=O)(=O)O)c34)cc2)cc1)Nc1ccc(C(=O)Nc2ccc(C(=O)Nc3cc(S(=O)(=O)O)cc4cc(S(=O)(=O)O)cc(S(=O)(=O)O)c34)cc2)cc1,-32.58472565928235,-19.60113295531056,48.37525465035301,59.28990310689772,11.989357050143731,-36.62770607995962,-19.03362375492393,-67.83068836853894,-72.36040387060385,42.12052571050854,24.62642219579628,9.016864139420639,7.049918079006728,1.7408558862695631,9.34113786361129,1.5147254060318127,5.086227449308366,-9.382189223206362,0.004928256804545967,2.192332272946119,5.202046078006448,2.5878250658271744,1.4004338925686894,-6.315453219751899,-4.648534416451756,4.8357903550848995,-13.244952602155344,3.882213193984945,-3.7675158289774795,-7.491806345473727,5.083857443807405,1.0074281818275979,-1.2826903506889733,3.0488125490841362,4.982695670994162,-1.6720840885298958,0.3455888644096404,-1.2231609108359305,1.804392511064172,-2.1975313984285325,-2.1770418906850164,0.6463184678633449,-0.7380705153544795,0.8587000930821781,1.2201148029566773,-1.0264148302306892,2.4780163250005014,-1.893967206804036,1.4230510835386085,1.0248685130598234,0.8029724482111662,0.6813620541091777,-4.618430908263604,0.9176909446013488,-1.8570227083188104,-1.119566863835201,1.2784014591576147,2.886471358471601,-1.3355042335200953,0.13193940938577361,-2.8782489124657866,-2.187397605832804,1.4946258268044499,-1.7726242895800064,2.3116942980237316,-3.130296754364925,0.40701900037401534,-4.9841114892298926,4.870984760554242,1.005970583273078,-1.638750640653474,2.0840496663000816,-7.977797956552578,0.8075364332943985,0.406523029466199,-0.29465808883278194,0.5724157904893569,0.43952650701272167,-0.5631586195869076,-3.022600375303623,1.2492599994013622,-3.1718426544428073,1.7541725135294644,-0.32089442294957915,-1.088663743301453,0.5890064086302854,0.8876303832092898,1.716281759260481,-0.11236475064106674,0.2957902647408618,3.1483199172865652
4.769551078621726,1.0093538704045897,O=C(Nc1ccc(C(=O)Nc2ccc(C(=O)Nc3ccc(S(=O)(=O)O)c4cc(S(=O)(=O)O)cc(S(=O)(=O)O)c34)cc2)cc1)Nc1ccc(C(=O)Nc2ccc(C(=O)Nc3ccc(S(=O)(=O)O)c4cc(S(=O)(=O)O)cc(S(=O)(=O)O)c34)cc2)cc1,-29.566662056464597,-17.543098719298154,47.76960984746232,58.483472222756575,10.700589045892674,-35.427366372187905,-21.59860287887537,-70.0215773251595,-66.1199695458384,45.381049637197265,29.926507600502976,9.786027350514615,5.686381845456893,2.732586217590943,9.974277427320986,0.22203564329708744,6.195092096568492,-6.010535147009351,-4.632802009666951,1.8636166680545776,1.6097497384728794,0.9192825328237585,-0.13323150623164168,-7.345543927283188,-4.1247585662086514,3.441215715364446,-11.07156737379207,0.6843865283150141,-1.2481468457311755,-6.009219603639549,5.437904740953277,-1.5136568196208195,0.46601863297578705,3.5436845758738005,6.03242131302104,-1.6729265250853322,2.1240409210956157,3.174911973870172,1.4285569273717849,-1.0673336760570629,-2.2033078539986524,-0.12082777739219949,1.7103753967099675,1.945642009694783,1.6989118080663073,-1.1292834330006607,4.020646982058654,-1.4701451576040343,-0.2762883690910388,1.0232219240612164,0.4739556880521397,-3.2182987837828723,-2.2061336412259394,0.5099246848262122,-5.063671943942382,-0.7221198012526946,2.692913398701113,4.831847970175976,-5.369945658996061,-4.105875475794891,-3.1600212715122273,-6.662367248727043,-0.45403628595748835,0.40707026379402456,10.20858548009457,-1.2555131494388752,2.16888855756825,-8.083573702369863,11.001914635246692,1.6369802745365525,-0.2680067362987338,3.8828603242912374,-9.511897895594482,0.6854775994596966,-4.855755302262548,-0.46723207661323374,-0.9862874076340342,0.15923105742331406,1.4090297525745334,-2.939890141398608,6.834125511941577,-1.3693955491621894,-3.3001961776384388,6.976199035304719,0.8912586995793782,-3.8736826293628317,1.4070526239288863,2.485657618150248,1.1104698673718445,0.5604649944956509,-1.8923290793848355
