average,sample_weight,SMILES,FP_RDKit512_243,FP_RDKit512_436,RDKit2D_EState_VSA4,FP_RDKit512_377,FP_RDKit512_416,FP_RDKit512_38,FP_MACCS_123,FP_RDKit512_134,RDKit2D_FpDensityMorgan1,FP_RDKit512_488,FP_AtomPair1024_242,RDKit2D_fr_thiazole,FP_MorganFeat1024_r2_131,FP_TopoTorsion1024_988,FP_RDKit512_7,MORSE_198,FP_Morgan1024_r2_206,FP_Morgan1024_r2_914,FP_TopoTorsion1024_520,FP_MorganFeat1024_r2_852,AC2D_169,FP_Morgan1024_r2_99,FP_AtomPair1024_766,FP_Morgan1024_r2_407,FP_MorganFeat1024_r2_782,FP_TopoTorsion1024_232,RDF_193,FP_Morgan1024_r2_577,FP_TopoTorsion1024_796,RDKit2D_FpDensityMorgan2,FP_RDKit512_485,FP_RDKit512_288,FP_AtomPair1024_498,FP_RDKit512_240,FP_RDKit512_453,FP_RDKit512_177,FP_TopoTorsion1024_469,FP_RDKit512_102,FP_RDKit512_123,GETAWAY_259,FP_Morgan1024_r2_885,FP_Morgan1024_r2_557,FP_AtomPair1024_497,RDF_184,FP_RDKit512_497,Pharm2D_Gobbi_133,FP_AtomPair1024_1004,RDF_197,FP_AtomPair1024_104,FP_Morgan1024_r2_338
5.886056647693163,1.0104377584601565,Cc1ccc(NC(=O)CCC2CCCCC2)cc1-c1nc2ccccc2[nH]1,1.071750273453965,1.0190493307301363,0.9069303261114495,1.8822478962286406,-0.9449111825230683,-1.045038402719199,-1.2183492931011208,-1.0319569104061783,1.1811355639556604,-1.058300524425836,0.8315583934409703,-0.411239160414987,0.7475450015964021,1.0190493307301363,0.7577977472535626,-0.613632784246277,-0.45226701686664567,-0.46232073067867885,0.9569026338151704,-0.4112391604149865,0.5546748398379915,-0.4007292622280536,0.40072926222805194,-0.4216370213557832,-0.46232073067867885,-0.4723101979387309,-1.6563815662410726,-0.4216370213557842,-0.3900947488027469,1.5271078952305177,0.4007292622280525,0.875595035770913,0.4216370213557834,-1.1275764148954925,-1.1420804814403216,-1.1718081448591358,-0.46232073067867885,-0.44214106550343285,0.5604012729971791,-1.02207649543855,-0.3793216209054409,-0.39009474880274675,0.37932162090543964,0.2719104660326255,-1.2025613689761725,-0.42163702135578324,0.44214106550343346,-1.7577220370913498,0.7889543583705185,-0.40072926222805283
5.698970004336019,1.0104377584601565,Cc1ccc(C(=O)NCCC2CCCCC2)cc1NC(=O)c1ccc(O)cc1,-0.9330531792422752,-0.9813067629253164,-0.5295980789677179,-0.5312796481290517,1.0583005244258363,-1.045038402719199,-1.2183492931011208,-1.0319569104061783,-0.29276129666933043,-1.058300524425836,0.8315583934409703,-0.411239160414987,-1.337712108119877,-0.9813067629253164,-1.3196133184932728,-0.9325673731894205,-0.45226701686664567,-0.46232073067867885,-1.0450384027191992,-0.4112391604149865,-0.4388550234824232,-0.4007292622280536,0.40072926222805194,-0.4216370213557832,-0.46232073067867885,-0.4723101979387309,-1.2250782672618472,-0.4216370213557842,-0.3900947488027469,-0.3664588713752943,0.4007292622280525,-1.1420804814403214,0.4216370213557834,-1.1275764148954925,-1.1420804814403216,-1.1718081448591358,-0.46232073067867885,-0.44214106550343285,0.5604012729971791,-0.5764550335688259,-0.3793216209054409,-0.39009474880274675,0.37932162090543964,0.2839287370358465,-1.2025613689761725,-0.42163702135578324,0.44214106550343346,-1.861289480804462,-1.2675004445952593,-0.40072926222805283
5.886056647693163,1.0104377584601565,Cc1ccc2nc(-c3cc(NC(=O)CCC4CCCCC4)ccc3C)[nH]c2c1,1.071750273453965,1.0190493307301363,0.9069303261114495,1.8822478962286406,-0.9449111825230683,-1.045038402719199,-1.2183492931011208,-1.0319569104061783,0.7806762564444824,-1.058300524425836,-1.2025613689761723,-0.411239160414987,0.7475450015964021,1.0190493307301363,0.7577977472535626,-0.799204148145174,-0.45226701686664567,-0.46232073067867885,0.9569026338151704,-0.4112391604149865,0.47080525136471796,-0.4007292622280536,0.40072926222805194,-0.4216370213557832,-0.46232073067867885,-0.4723101979387309,-1.0085300840796116,-0.4216370213557842,-0.3900947488027469,1.259329050652591,0.4007292622280525,0.875595035770913,0.4216370213557834,-1.1275764148954925,-1.1420804814403216,-1.1718081448591358,-0.46232073067867885,-0.44214106550343285,0.5604012729971791,-0.9646866364285179,-0.3793216209054409,-0.39009474880274675,0.37932162090543964,0.02385623739171067,0.8315583934409706,-0.42163702135578324,0.44214106550343346,-1.6990959835424075,0.7889543583705185,-0.40072926222805283
5.698970004336019,1.0104377584601565,Cc1ccc(NC(=O)CCC2CCCCC2)cc1NC(=O)c1ccccc1,1.071750273453965,-0.9813067629253164,-0.5454461144640386,-0.5312796481290517,1.0583005244258363,-1.045038402719199,-1.2183492931011208,-1.0319569104061783,-0.30033740139139387,-1.058300524425836,0.8315583934409703,-0.411239160414987,-1.337712108119877,-0.9813067629253164,-1.3196133184932728,-0.6043492734932224,-0.45226701686664567,-0.46232073067867885,-1.0450384027191992,-0.4112391604149865,-0.41720906820038384,-0.4007292622280536,0.40072926222805194,-0.4216370213557832,-0.46232073067867885,-0.4723101979387309,-0.13733985765961731,-0.4216370213557842,-0.3900947488027469,-0.10895286365135917,0.4007292622280525,-1.1420804814403214,0.4216370213557834,-1.1275764148954925,-1.1420804814403216,-1.1718081448591358,-0.46232073067867885,-0.44214106550343285,0.5604012729971791,-0.5844489856842829,-0.3793216209054409,-0.39009474880274675,0.37932162090543964,0.7746245353043778,-1.2025613689761725,-0.42163702135578324,0.44214106550343346,-0.19135916886293325,0.7889543583705185,-0.40072926222805283
6.154901959985743,1.0104377584601565,Cc1ccc(NC(=O)CCC2CCCCC2)cc1/C=C(\C#N)c1ccc2c(c1)OCO2,1.071750273453965,-0.9813067629253164,0.14178226559375923,-0.5312796481290517,1.0583005244258363,-1.045038402719199,0.8207826816681233,0.9690327085521431,0.989370287522348,-1.058300524425836,0.8315583934409703,-0.411239160414987,-1.337712108119877,-0.9813067629253164,-1.3196133184932728,-0.4039141235109876,-0.45226701686664567,-0.46232073067867885,-1.0450384027191992,-0.4112391604149865,-0.39557645514844814,-0.4007292622280536,0.40072926222805194,-0.4216370213557832,-0.46232073067867885,-0.4723101979387309,-0.758889159236173,-0.4216370213557842,-0.3900947488027469,1.311893790199974,0.4007292622280525,-1.1420804814403214,0.4216370213557834,-1.1275764148954925,0.8755950357709131,-1.1718081448591358,-0.46232073067867885,-0.44214106550343285,0.5604012729971791,0.04504510453381627,-0.3793216209054409,-0.39009474880274675,0.37932162090543964,0.23956869868770936,-1.2025613689761725,-0.42163702135578324,0.44214106550343346,-0.25855030596192374,0.7889543583705185,-0.40072926222805283
6.154901959985743,1.0104377584601565,Cc1ccc(NC(=O)CCC2CCCCC2)cc1-c1nc2ccc(O)cc2[nH]1,1.071750273453965,1.0190493307301363,0.6738699176026308,1.8822478962286406,-0.9449111825230683,-1.045038402719199,-1.2183492931011208,-1.0319569104061783,1.5045668916755874,-1.058300524425836,-1.2025613689761723,-0.411239160414987,0.7475450015964021,1.0190493307301363,0.7577977472535626,-0.7561145857360227,-0.45226701686664567,-0.46232073067867885,0.9569026338151704,-0.4112391604149865,0.5337257905927892,-0.4007292622280536,0.40072926222805194,-0.4216370213557832,-0.46232073067867885,-0.4723101979387309,-1.6452280639068648,-0.4216370213557842,-0.3900947488027469,1.8330067249282482,0.4007292622280525,0.875595035770913,0.4216370213557834,-1.1275764148954925,-1.1420804814403216,-1.1718081448591358,-0.46232073067867885,-0.44214106550343285,0.5604012729971791,-0.7713590828651535,-0.3793216209054409,-0.39009474880274675,0.37932162090543964,0.2640097439073294,-1.2025613689761725,-0.42163702135578324,0.44214106550343346,-1.5772649195964719,0.7889543583705185,-0.40072926222805283
6.0,1.0104377584601565,Cc1ccc(NC(=O)CCC2CCCCC2)cc1/C=C(\C#N)c1cccnc1,1.071750273453965,-0.9813067629253164,0.14178226559375923,-0.5312796481290517,1.0583005244258363,-1.045038402719199,-1.2183492931011208,0.9690327085521431,2.8207531427461885,-1.058300524425836,0.8315583934409703,-0.411239160414987,0.7475450015964021,-0.9813067629253164,-1.3196133184932728,-0.5013027952633621,-0.45226701686664567,-0.46232073067867885,-1.0450384027191992,-0.4112391604149865,-0.6197328906090862,-0.4007292622280536,0.40072926222805194,-0.4216370213557832,-0.46232073067867885,-0.4723101979387309,-0.45326279737400876,-0.4216370213557842,-0.3900947488027469,2.8207268210696355,0.4007292622280525,-1.1420804814403214,0.4216370213557834,-1.1275764148954925,0.8755950357709131,-1.1718081448591358,-0.46232073067867885,-0.44214106550343285,0.5604012729971791,0.2089780658490932,-0.3793216209054409,-0.39009474880274675,0.37932162090543964,0.29617403484538346,-1.2025613689761725,-0.42163702135578324,0.44214106550343346,-0.9346826001561429,0.7889543583705185,-0.40072926222805283
5.769551078621726,1.0104377584601565,Cc1ccc(NC(=O)CCC2CCCCC2)cc1NC(=O)c1ccc(O)cc1,1.071750273453965,-0.9813067629253164,-0.956368136981337,-0.5312796481290517,1.0583005244258363,-1.045038402719199,-1.2183492931011208,-1.0319569104061783,-0.07168946343505898,-1.058300524425836,0.8315583934409703,-0.411239160414987,-1.337712108119877,-0.9813067629253164,-1.3196133184932728,-0.7402275282072434,-0.45226701686664567,-0.46232073067867885,-1.0450384027191992,-0.4112391604149865,-0.08710421653435148,-0.4007292622280536,0.40072926222805194,-0.4216370213557832,-0.46232073067867885,-0.4723101979387309,-0.4016444263523341,-0.4216370213557842,-0.3900947488027469,-0.0593128191876492,0.4007292622280525,-1.1420804814403214,0.4216370213557834,-1.1275764148954925,-1.1420804814403216,-1.1718081448591358,-0.46232073067867885,-0.44214106550343285,0.5604012729971791,-0.9291557469392723,-0.3793216209054409,-0.39009474880274675,0.37932162090543964,0.7671717092316767,-1.2025613689761725,-0.42163702135578324,0.44214106550343346,-0.4340690415319838,0.7889543583705185,-0.40072926222805283
5.42021640338319,1.0104377584601565,Cc1ccc(NC(=O)CCC2CCCCC2)cc1NC(=O)c1ccc(N)cc1,1.071750273453965,-0.9813067629253164,-0.956368136981337,-0.5312796481290517,1.0583005244258363,-1.045038402719199,-1.2183492931011208,-1.0319569104061783,-0.07168946343505898,-1.058300524425836,0.8315583934409703,-0.411239160414987,-1.337712108119877,-0.9813067629253164,-1.3196133184932728,-0.7045208747098338,-0.45226701686664567,-0.46232073067867885,-1.0450384027191992,-0.4112391604149865,-0.19435312751339925,-0.4007292622280536,0.40072926222805194,-0.4216370213557832,-0.46232073067867885,-0.4723101979387309,-0.09717551494978365,-0.4216370213557842,-0.3900947488027469,-0.0593128191876492,0.4007292622280525,-1.1420804814403214,0.4216370213557834,-1.1275764148954925,-1.1420804814403216,-1.1718081448591358,-0.46232073067867885,-0.44214106550343285,0.5604012729971791,-1.00400941599286,-0.3793216209054409,-0.39009474880274675,0.37932162090543964,0.7806996223727176,-1.2025613689761725,-0.42163702135578324,0.44214106550343346,-0.5687104028935477,0.7889543583705185,-0.40072926222805283
5.119186407719209,1.0104377584601565,Cc1ccc(NC(=O)CCC2CCCCC2)cc1NC(=O)c1ccc(CO)cc1,1.071750273453965,-0.9813067629253164,-0.5539932228056984,-0.5312796481290517,1.0583005244258363,-1.045038402719199,-1.2183492931011208,-1.0319569104061783,-0.07168946343505898,-1.058300524425836,0.8315583934409703,-0.411239160414987,-1.337712108119877,-0.9813067629253164,-1.3196133184932728,-0.7756610064771061,-0.45226701686664567,-0.46232073067867885,-1.0450384027191992,-0.4112391604149865,-0.8159986376384588,-0.4007292622280536,0.40072926222805194,-0.4216370213557832,-0.46232073067867885,-0.4723101979387309,-0.13122378971476362,-0.4216370213557842,-0.3900947488027469,-0.011797147499831073,0.4007292622280525,-1.1420804814403214,0.4216370213557834,-1.1275764148954925,-1.1420804814403216,-1.1718081448591358,-0.46232073067867885,-0.44214106550343285,0.5604012729971791,-1.0472272614348455,-0.3793216209054409,-0.39009474880274675,0.37932162090543964,0.8033181527182894,-1.2025613689761725,-0.42163702135578324,0.44214106550343346,-0.5548880154259168,0.7889543583705185,-0.40072926222805283
5.698970004336019,1.0104377584601565,Cc1ccc(NC(=O)CCC2CCCCC2)cc1NC(=O)c1cccc(O)c1,1.071750273453965,-0.9813067629253164,-0.956368136981337,-0.5312796481290517,1.0583005244258363,-1.045038402719199,-1.2183492931011208,-1.0319569104061783,0.18105628261484863,-1.058300524425836,0.8315583934409703,-0.411239160414987,-1.337712108119877,-0.9813067629253164,-1.3196133184932728,-0.7092121636889264,-0.45226701686664567,-0.46232073067867885,-1.0450384027191992,-0.4112391604149865,-0.08710421653435148,-0.4007292622280536,0.40072926222805194,-0.4216370213557832,-0.46232073067867885,-0.4723101979387309,-0.16520260019931846,-0.4216370213557842,-0.3900947488027469,0.5250030828380172,0.4007292622280525,-1.1420804814403214,0.4216370213557834,-1.1275764148954925,-1.1420804814403216,-1.1718081448591358,-0.46232073067867885,-0.44214106550343285,0.5604012729971791,-0.7713590828651535,-0.3793216209054409,-0.39009474880274675,0.37932162090543964,0.7506672677063602,-1.2025613689761725,-0.42163702135578324,0.44214106550343346,-0.1583278292791433,0.7889543583705185,-0.40072926222805283
6.221848749616356,1.0104377584601565,Cc1ccc(NC(=O)CCC2CCCCC2)cc1NCc1ccc2c(c1)OCO2,1.071750273453965,-0.9813067629253164,0.9192071139831319,-0.5312796481290517,1.0583005244258363,-1.045038402719199,0.8207826816681233,-1.0319569104061783,0.1718156996544737,-1.058300524425836,0.8315583934409703,-0.411239160414987,-1.337712108119877,-0.9813067629253164,-1.3196133184932728,-0.2145049334812597,-0.45226701686664567,-0.46232073067867885,0.9569026338151704,-0.4112391604149865,0.3235377675593943,-0.4007292622280536,0.40072926222805194,-0.4216370213557832,-0.46232073067867885,-0.4723101979387309,-0.5388233867905682,-0.4216370213557842,-0.3900947488027469,0.78579036104827,0.4007292622280525,-1.1420804814403214,0.4216370213557834,-1.1275764148954925,-1.1420804814403216,-1.1718081448591358,-0.46232073067867885,-0.44214106550343285,0.5604012729971791,-1.4302488635635928,-0.3793216209054409,-0.39009474880274675,0.37932162090543964,-0.02579075551691592,-1.2025613689761725,-0.42163702135578324,0.44214106550343346,-0.09867908120611349,0.7889543583705185,-0.40072926222805283
5.920818753952375,1.0104377584601565,Cc1ccc(NC(=O)CCC2CCCCC2)cc1NC(=O)c1cccnc1,1.071750273453965,-0.9813067629253164,-0.956368136981337,-0.5312796481290517,1.0583005244258363,-1.045038402719199,-1.2183492931011208,-1.0319569104061783,0.8176460865002709,-1.058300524425836,0.8315583934409703,-0.411239160414987,0.7475450015964021,-0.9813067629253164,-1.3196133184932728,-0.5807375345904378,-0.45226701686664567,-0.46232073067867885,-1.0450384027191992,-0.4112391604149865,-0.08710421653435148,-0.4007292622280536,0.40072926222805194,-0.4216370213557832,-0.46232073067867885,-0.4723101979387309,-0.2623466918882931,-0.4216370213557842,-0.3900947488027469,1.2393782730611727,0.4007292622280525,-1.1420804814403214,0.4216370213557834,-1.1275764148954925,0.8755950357709131,-1.1718081448591358,-0.46232073067867885,-0.44214106550343285,0.5604012729971791,-0.6466263605791942,-0.3793216209054409,-0.39009474880274675,0.37932162090543964,0.7496090403193694,-1.2025613689761725,-0.42163702135578324,0.44214106550343346,-0.40330046111653534,0.7889543583705185,-0.40072926222805283
5.6020599913279625,1.0104377584601565,CC(=O)Oc1ccc(C(=O)Nc2cc(NC(=O)CCC3CCCCC3)ccc2C)cc1,1.071750273453965,-0.9813067629253164,-0.956368136981337,-0.5312796481290517,1.0583005244258363,-1.045038402719199,0.8207826816681233,-1.0319569104061783,-0.27275890144153914,-1.058300524425836,0.8315583934409703,-0.411239160414987,-1.337712108119877,-0.9813067629253164,-1.3196133184932728,-0.39501698497709387,-0.45226701686664567,-0.46232073067867885,-1.0450384027191992,-0.4112391604149865,0.18969851294467877,-0.4007292622280536,0.40072926222805194,-0.4216370213557832,-0.46232073067867885,-0.4723101979387309,-0.10938728961590828,-0.4216370213557842,-0.3900947488027469,-0.22601706326301005,0.4007292622280525,-1.1420804814403214,0.4216370213557834,0.886857854412185,-1.1420804814403216,-1.1718081448591358,-0.46232073067867885,-0.44214106550343285,0.5604012729971791,-0.20723144052586773,-0.3793216209054409,-0.39009474880274675,0.37932162090543964,1.2530760556488891,-1.2025613689761725,-0.42163702135578324,0.44214106550343346,-0.2372671762627201,0.7889543583705185,-0.40072926222805283
5.3979400086720375,1.0104377584601565,Cc1ccc(NC(=O)CCCC2CCCCC2)cc1NC(=O)c1ccc(O)cc1,1.071750273453965,-0.9813067629253164,-0.11490528330128871,-0.5312796481290517,1.0583005244258363,-1.045038402719199,-1.2183492931011208,-1.0319569104061783,-0.07168946343505898,-1.058300524425836,0.8315583934409703,-0.411239160414987,-1.337712108119877,-0.9813067629253164,-1.3196133184932728,-0.6464257718529667,-0.45226701686664567,-0.46232073067867885,-1.0450384027191992,-0.4112391604149865,-0.06570457178759945,-0.4007292622280536,0.40072926222805194,-0.4216370213557832,-0.46232073067867885,-0.4723101979387309,-0.4084540824494552,-0.4216370213557842,-0.3900947488027469,-0.011797147499831073,0.4007292622280525,-1.1420804814403214,0.4216370213557834,-1.1275764148954925,-1.1420804814403216,-1.1718081448591358,-0.46232073067867885,-0.44214106550343285,0.5604012729971791,-1.0916177102050004,-0.3793216209054409,-0.39009474880274675,0.37932162090543964,0.7616617017636278,-1.2025613689761725,-0.42163702135578324,0.44214106550343346,-0.3364664841248469,0.7889543583705185,-0.40072926222805283
5.698970004336019,1.0104377584601565,Cc1ccc(C(=O)CCCC2CCCCC2)cc1NC(=O)c1cccnc1,-0.9330531792422752,-0.9813067629253164,-0.11490528330128871,-0.5312796481290517,1.0583005244258363,0.9569026338151703,-1.2183492931011208,-1.0319569104061783,0.8176460865002709,-1.058300524425836,-1.2025613689761723,-0.411239160414987,0.7475450015964021,-0.9813067629253164,-1.3196133184932728,-1.3969220123553208,-0.45226701686664567,-0.46232073067867885,-1.0450384027191992,-0.4112391604149865,-0.0016116411221658872,-0.4007292622280536,0.40072926222805194,-0.4216370213557832,-0.46232073067867885,-0.4723101979387309,-0.7591426896982797,-0.4216370213557842,-0.3900947488027469,1.2393782730611727,0.4007292622280525,-1.1420804814403214,0.4216370213557834,-1.1275764148954925,0.8755950357709131,-1.1718081448591358,-0.46232073067867885,-0.44214106550343285,0.5604012729971791,-0.9818851326084884,-0.3793216209054409,-0.39009474880274675,0.37932162090543964,-0.040254269573388846,-1.2025613689761725,-0.42163702135578324,0.44214106550343346,-1.757989788385642,-1.2675004445952593,-0.40072926222805283
5.154901959985743,1.0104377584601565,Cc1ccc(NC(=O)CCC2CCCCC2)cc1C(=O)Nc1ccc(O)cc1,1.071750273453965,-0.9813067629253164,-0.956368136981337,-0.5312796481290517,1.0583005244258363,-1.045038402719199,-1.2183492931011208,-1.0319569104061783,-0.29276129666933043,-1.058300524425836,0.8315583934409703,-0.411239160414987,-1.337712108119877,-0.9813067629253164,-1.3196133184932728,-0.292526255841365,-0.45226701686664567,-0.46232073067867885,-1.0450384027191992,-0.4112391604149865,-0.08710421653435148,-0.4007292622280536,0.40072926222805194,-0.4216370213557832,-0.46232073067867885,-0.4723101979387309,-0.0623510601567777,-0.4216370213557842,-0.3900947488027469,-0.3664588713752943,0.4007292622280525,-1.1420804814403214,0.4216370213557834,-1.1275764148954925,-1.1420804814403216,-1.1718081448591358,-0.46232073067867885,-0.44214106550343285,0.5604012729971791,0.40382060906247663,-0.3793216209054409,-0.39009474880274675,0.37932162090543964,0.9524028662527761,-1.2025613689761725,-0.42163702135578324,0.44214106550343346,-1.6037572673666323,0.7889543583705185,-0.40072926222805283
8.221848749616356,1.0104377584601565,Cn1cncc1-c1ncc(-c2ncc(-c3ncc(-c4ccccc4)n3C)n2C)n1C,-0.9330531792422752,1.0190493307301363,0.899485453650969,1.8822478962286406,-0.9449111825230683,0.9569026338151703,-1.2183492931011208,-1.0319569104061783,-1.5984370270627979,-1.058300524425836,-1.2025613689761723,-0.411239160414987,0.7475450015964021,-0.9813067629253164,0.7577977472535626,0.1448702381639518,-0.45226701686664567,-0.46232073067867885,-1.0450384027191992,-0.4112391604149865,1.0473100127550277,-0.4007292622280536,0.40072926222805194,-0.4216370213557832,-0.46232073067867885,-0.4723101979387309,-1.4890214808232218,-0.4216370213557842,-0.3900947488027469,-1.594769079064607,-2.495450405692874,0.875595035770913,0.4216370213557834,-1.1275764148954925,0.8755950357709131,0.8533820185387183,-0.46232073067867885,-0.44214106550343285,0.5604012729971791,-0.2034821871763957,-0.3793216209054409,-0.39009474880274675,0.37932162090543964,-0.8789317919725295,-1.2025613689761725,-0.42163702135578324,-2.2617216043060235,-1.3394954845860436,-1.2675004445952593,-0.40072926222805283
9.769551078621726,1.0104377584601565,CCNC(=O)[C@@H]1CSCC(=O)N[C@@H](Cc2ccccc2)C(=O)N[C@@H](C(C)C)C(=O)N2CCC[C@H]2C(=O)N[C@@H]([C@@H](C)O)C(=O)N[C@@H]([C@@H](C)O)C(=O)N[C@@H](Cc2ccc(-c3ccccc3)cc2)C(=O)N(C)[C@@H](C)C(=O)N[C@@H](Cc2ccc(-c3ccccc3)cc2)C(=O)N(C)[C@@H](C)C(=O)N[C@@H](CCC(=O)O)C(=O)N[C@@H](C)C(=O)N2CCC[C@H]2C(=O)N1,1.071750273453965,1.0190493307301363,0.8232229447959033,1.8822478962286406,1.0583005244258363,-1.045038402719199,0.8207826816681233,-1.0319569104061783,-1.821231068001218,-1.058300524425836,0.8315583934409703,-0.411239160414987,-1.337712108119877,-0.9813067629253164,-1.3196133184932728,-0.18064928523918283,-0.45226701686664567,-0.46232073067867885,-1.0450384027191992,-0.4112391604149865,0.02682128661032987,-0.4007292622280536,0.40072926222805194,-0.4216370213557832,-0.46232073067867885,-0.4723101979387309,-0.054248169054385655,-0.4216370213557842,-0.3900947488027469,-1.8465477302670128,-2.495450405692874,-1.1420804814403214,0.4216370213557834,0.886857854412185,-1.1420804814403216,0.8533820185387183,-0.46232073067867885,-0.44214106550343285,-1.7844356324383883,-0.057414399226209716,-0.3793216209054409,-0.39009474880274675,0.37932162090543964,-0.09310095287935607,0.8315583934409706,-0.42163702135578324,0.44214106550343346,0.00808911422689551,0.7889543583705185,-0.40072926222805283
9.97469413473523,1.0104377584601565,CC(C)[C@@H]1NC(=O)[C@H](Cc2ccccc2)NC(=O)CSC[C@@H](C(=O)NCC(N)=O)NC(=O)[C@@H]2CCCN2C(=O)[C@H](CCCNC(=N)N)NC(=O)[C@H](CC(=O)O)NC(=O)[C@H](C)N(C)C(=O)[C@H](Cc2ccc(-c3ccccc3)cc2)NC(=O)[C@H](C)N(C)C(=O)[C@H](Cc2ccc(-c3ccccc3)cc2)NC(=O)[C@H]([C@@H](C)O)NC(=O)[C@H]([C@@H](C)O)NC(=O)[C@H](CO)NC1=O,1.071750273453965,1.0190493307301363,1.4608884740517407,1.8822478962286406,1.0583005244258363,0.9569026338151703,0.8207826816681233,-1.0319569104061783,-1.7443989311100552,-1.058300524425836,0.8315583934409703,-0.411239160414987,-1.337712108119877,-0.9813067629253164,-1.3196133184932728,-0.18064928523918283,-0.45226701686664567,-0.46232073067867885,-1.0450384027191992,-0.4112391604149865,-0.051447810718462,-0.4007292622280536,0.40072926222805194,-0.4216370213557832,-0.46232073067867885,-0.4723101979387309,-0.054248169054385655,-0.4216370213557842,-0.3900947488027469,-1.7790408559949544,-2.495450405692874,-1.1420804814403214,0.4216370213557834,0.886857854412185,-1.1420804814403216,0.8533820185387183,-0.46232073067867885,-0.44214106550343285,-1.7844356324383883,-0.057414399226209716,-0.3793216209054409,-0.39009474880274675,0.37932162090543964,-0.09310095287935607,0.8315583934409706,-0.42163702135578324,0.44214106550343346,0.00808911422689551,0.7889543583705185,-0.40072926222805283
9.154901959985745,1.0104377584601565,Cc1ccc(NC(=O)CCC2CCCCC2)cc1-c1nc2cc(O)ccc2[nH]1,1.071750273453965,1.0190493307301363,0.6738699176026308,1.8822478962286406,-0.9449111825230683,-1.045038402719199,-1.2183492931011208,-1.0319569104061783,1.5045668916755874,-1.058300524425836,-1.2025613689761723,-0.411239160414987,0.7475450015964021,1.0190493307301363,0.7577977472535626,-0.7331292323865232,-0.45226701686664567,-0.46232073067867885,0.9569026338151704,-0.4112391604149865,0.5337257905927892,-0.4007292622280536,0.40072926222805194,-0.4216370213557832,-0.46232073067867885,-0.4723101979387309,-1.4552077607455964,-0.4216370213557842,-0.3900947488027469,1.8330067249282482,0.4007292622280525,0.875595035770913,0.4216370213557834,-1.1275764148954925,-1.1420804814403216,-1.1718081448591358,-0.46232073067867885,-0.44214106550343285,0.5604012729971791,-1.2599535599861469,-0.3793216209054409,-0.39009474880274675,0.37932162090543964,0.2688465504051753,-1.2025613689761725,-0.42163702135578324,0.44214106550343346,-1.7222296502826018,0.7889543583705185,-0.40072926222805283
8.886056647693163,1.0104377584601565,Cc1ccc2[nH]c(-c3cc(NC(=O)CCC4CCCCC4)ccc3C)nc2c1,1.071750273453965,1.0190493307301363,0.9069303261114495,1.8822478962286406,-0.9449111825230683,-1.045038402719199,-1.2183492931011208,-1.0319569104061783,0.7806762564444824,-1.058300524425836,-1.2025613689761723,-0.411239160414987,0.7475450015964021,1.0190493307301363,0.7577977472535626,-0.8245811829445414,-0.45226701686664567,-0.46232073067867885,0.9569026338151704,-0.4112391604149865,0.47080525136471796,-0.4007292622280536,0.40072926222805194,-0.4216370213557832,-0.46232073067867885,-0.4723101979387309,-1.0614635800740453,-0.4216370213557842,-0.3900947488027469,1.259329050652591,0.4007292622280525,0.875595035770913,0.4216370213557834,-1.1275764148954925,-1.1420804814403216,-1.1718081448591358,-0.46232073067867885,-0.44214106550343285,0.5604012729971791,-1.0683057994811505,-0.3793216209054409,-0.39009474880274675,0.37932162090543964,0.014495987534769569,0.8315583934409706,-0.42163702135578324,0.44214106550343346,-1.7427936953930476,0.7889543583705185,-0.40072926222805283
6.428291168191312,1.0104377584601565,CC(C)c1onc(-c2c(Cl)cccc2Cl)c1COc1ccc(/C=C/c2cccc(C(=O)O)c2)c(Cl)c1,-0.9330531792422752,-0.9813067629253164,-0.6136278783996594,-0.5312796481290517,-0.9449111825230683,-1.045038402719199,0.8207826816681233,0.9690327085521431,-0.07168946343505898,0.9449111825230683,0.8315583934409703,-0.411239160414987,0.7475450015964021,-0.9813067629253164,0.7577977472535626,-0.45423403937456397,-0.45226701686664567,-0.46232073067867885,-1.0450384027191992,-0.4112391604149865,-0.20868332947883123,-0.4007292622280536,0.40072926222805194,2.371708245126285,-0.46232073067867885,-0.4723101979387309,-0.046178773969542196,-0.4216370213557842,-0.3900947488027469,-0.02113443869770701,0.4007292622280525,-1.1420804814403214,0.4216370213557834,-1.1275764148954925,-1.1420804814403216,-1.1718081448591358,-0.46232073067867885,2.261721604306025,-1.7844356324383883,0.30918734858978486,-0.3793216209054409,-0.39009474880274675,0.37932162090543964,-0.05247329162338285,0.8315583934409706,-0.42163702135578324,0.44214106550343346,-0.13665177055044958,0.7889543583705185,-0.40072926222805283
6.714442690992226,1.0104377584601565,Cn1cc(C(=O)O)c2ccc(N3CCC(OCc4c(-c5c(Cl)cccc5Cl)noc4C4CC4)CC3)cc21,-0.9330531792422752,-0.9813067629253164,1.5827433952878098,1.8822478962286406,-0.9449111825230683,-1.045038402719199,0.8207826816681233,0.9690327085521431,1.0496301484731898,0.9449111825230683,-1.2025613689761723,-0.411239160414987,0.7475450015964021,1.0190493307301363,0.7577977472535626,-0.7212404619752965,-0.45226701686664567,-0.46232073067867885,-1.0450384027191992,2.431675035497316,0.4987837054419049,-0.4007292622280536,0.40072926222805194,2.371708245126285,-0.46232073067867885,-0.4723101979387309,0.08426648408273395,2.3717082451262845,-0.3900947488027469,0.80452673686427,0.4007292622280525,-1.1420804814403214,0.4216370213557834,-1.1275764148954925,0.8755950357709131,-1.1718081448591358,-0.46232073067867885,2.261721604306025,0.5604012729971791,-0.02660309168818265,-0.3793216209054409,-0.39009474880274675,0.37932162090543964,-0.9111429756194364,0.8315583934409706,-0.42163702135578324,0.44214106550343346,-0.9029368878352908,0.7889543583705185,-0.40072926222805283
6.508638306165727,1.0104377584601565,O=C(O)Cc1cccc(OCCCN(Cc2cccc(C(F)(F)F)c2Cl)CC(c2ccccc2)c2ccccc2)c1,-0.9330531792422752,-0.9813067629253164,-0.5785401901298248,-0.5312796481290517,1.0583005244258363,0.9569026338151703,0.8207826816681233,0.9690327085521431,-0.7101647190534299,0.9449111825230683,0.8315583934409703,-0.411239160414987,-1.337712108119877,-0.9813067629253164,0.7577977472535626,0.9364818147274319,2.211083193570266,2.1630005613895316,-1.0450384027191992,-0.4112391604149865,-1.4907552832903728,-0.4007292622280536,0.40072926222805194,-0.4216370213557832,2.1630005613895316,-0.4723101979387309,1.1542061311087466,-0.4216370213557842,-0.3900947488027469,-0.7831127133944579,0.4007292622280525,0.875595035770913,-2.3717082451262854,0.886857854412185,-1.1420804814403216,0.8533820185387183,2.1630005613895316,-0.44214106550343285,0.5604012729971791,0.4383340016155298,-0.3793216209054409,2.5634797778466236,0.37932162090543964,0.8128803834427172,-1.2025613689761725,-0.42163702135578324,0.44214106550343346,0.9911351594859761,-1.2675004445952593,-0.40072926222805283
6.769551078621726,1.0104377584601565,O=S(=O)(c1ccccc1)N(CC(F)(F)F)c1ccc(C(O)(C(F)(F)F)C(F)(F)F)cc1,-0.9330531792422752,-0.9813067629253164,-0.9451664082644284,-0.5312796481290517,1.0583005244258363,-1.045038402719199,-1.2183492931011208,-1.0319569104061783,-1.1744599183113331,-1.058300524425836,0.8315583934409703,-0.411239160414987,-1.337712108119877,-0.9813067629253164,-1.3196133184932728,1.1085398374833688,-0.45226701686664567,-0.46232073067867885,-1.0450384027191992,-0.4112391604149865,-0.9984935146218934,-0.4007292622280536,0.40072926222805194,-0.4216370213557832,-0.46232073067867885,-0.4723101979387309,0.8503531240609078,-0.4216370213557842,-0.3900947488027469,-1.4172705203274971,0.4007292622280525,0.875595035770913,0.4216370213557834,-1.1275764148954925,0.8755950357709131,0.8533820185387183,-0.46232073067867885,-0.44214106550343285,0.5604012729971791,2.9159099807861346,-0.3793216209054409,-0.39009474880274675,0.37932162090543964,1.7304172853235789,-1.2025613689761725,-0.42163702135578324,0.44214106550343346,0.7270322239759243,0.7889543583705185,-0.40072926222805283
7.045757490560675,1.0104377584601565,O=C(O)Cc1ccc(COc2cccc(-c3c(Cc4ccccc4)cnc4c(C(F)(F)F)cccc34)c2)cc1,-0.9330531792422752,-0.9813067629253164,0.11569254135119098,-0.5312796481290517,-0.9449111825230683,0.9569026338151703,0.8207826816681233,0.9690327085521431,-0.9273239725305401,0.9449111825230683,0.8315583934409703,-0.411239160414987,0.7475450015964021,-0.9813067629253164,0.7577977472535626,1.2646224271394408,2.211083193570266,2.1630005613895316,-1.0450384027191992,-0.4112391604149865,-1.6532907788757445,-0.4007292622280536,0.40072926222805194,-0.4216370213557832,2.1630005613895316,-0.4723101979387309,1.3118757040769078,-0.4216370213557842,-0.3900947488027469,-0.7106563252986176,0.4007292622280525,0.875595035770913,0.4216370213557834,0.886857854412185,-1.1420804814403216,-1.1718081448591358,2.1630005613895316,-0.44214106550343285,-1.7844356324383883,1.33151890757262,-0.3793216209054409,-0.39009474880274675,0.37932162090543964,0.27196714018829043,-1.2025613689761725,-0.42163702135578324,0.44214106550343346,1.2973109183982223,0.7889543583705185,-0.40072926222805283
7.045757490560675,1.0104377584601565,O=C(O)Cc1ccc(CNc2cccc(-c3c(Cc4ccccc4)cnc4c(C(F)(F)F)cccc34)c2)cc1,-0.9330531792422752,-0.9813067629253164,0.8738734972905079,-0.5312796481290517,1.0583005244258363,0.9569026338151703,0.8207826816681233,0.9690327085521431,-0.9273239725305401,0.9449111825230683,0.8315583934409703,-0.411239160414987,0.7475450015964021,-0.9813067629253164,0.7577977472535626,1.0828909646583247,2.211083193570266,2.1630005613895316,0.9569026338151704,-0.4112391604149865,-1.9795400963704142,-0.4007292622280536,0.40072926222805194,-0.4216370213557832,2.1630005613895316,-0.4723101979387309,1.0199224523210213,-0.4216370213557842,-0.3900947488027469,-0.7106563252986176,0.4007292622280525,0.875595035770913,0.4216370213557834,0.886857854412185,-1.1420804814403216,-1.1718081448591358,2.1630005613895316,-0.44214106550343285,0.5604012729971791,1.353581104146736,-0.3793216209054409,-0.39009474880274675,0.37932162090543964,0.6360229231556357,-1.2025613689761725,-0.42163702135578324,-2.2617216043060235,0.8406379384451252,0.7889543583705185,-0.40072926222805283
5.486782399932061,1.0104377584601565,FC(F)(F)c1cccc2c(-c3ccccc3)n(Cc3ccccc3)nc12,1.071750273453965,-0.9813067629253164,-0.5785401901298248,-0.5312796481290517,1.0583005244258363,-1.045038402719199,-1.2183492931011208,-1.0319569104061783,-1.093898114084723,-1.058300524425836,0.8315583934409703,-0.411239160414987,-1.337712108119877,-0.9813067629253164,-1.3196133184932728,1.017849825733209,-0.45226701686664567,-0.46232073067867885,-1.0450384027191992,-0.4112391604149865,-1.4170141767971343,-0.4007292622280536,0.40072926222805194,-0.4216370213557832,-0.46232073067867885,-0.4723101979387309,1.1901237384673784,-0.4216370213557842,-0.3900947488027469,-0.9992921802282755,0.4007292622280525,-1.1420804814403214,0.4216370213557834,-1.1275764148954925,-1.1420804814403216,-1.1718081448591358,-0.46232073067867885,-0.44214106550343285,0.5604012729971791,1.180948318839114,-0.3793216209054409,-0.39009474880274675,0.37932162090543964,-0.9827199243948406,-1.2025613689761725,-0.42163702135578324,0.44214106550343346,0.8611947491021947,0.7889543583705185,-0.40072926222805283
6.004364805402449,1.0104377584601565,Cc1ccc(Cn2nc3c(C(F)(F)F)cccc3c2-c2ccc(F)cc2)c(C)c1,1.071750273453965,-0.9813067629253164,-0.21118401247767593,-0.5312796481290517,1.0583005244258363,-1.045038402719199,-1.2183492931011208,-1.0319569104061783,-0.47056615741619323,-1.058300524425836,0.8315583934409703,-0.411239160414987,-1.337712108119877,-0.9813067629253164,-1.3196133184932728,0.9838475582197421,-0.45226701686664567,-0.46232073067867885,-1.0450384027191992,-0.4112391604149865,-1.1303096613242054,-0.4007292622280536,0.40072926222805194,-0.4216370213557832,-0.46232073067867885,-0.4723101979387309,1.0422587876327647,-0.4216370213557842,-0.3900947488027469,-0.3181690094871229,0.4007292622280525,-1.1420804814403214,0.4216370213557834,-1.1275764148954925,-1.1420804814403216,-1.1718081448591358,-0.46232073067867885,-0.44214106550343285,0.5604012729971791,0.7509057885293574,-0.3793216209054409,-0.39009474880274675,0.37932162090543964,-0.7284969244802569,-1.2025613689761725,-0.42163702135578324,0.44214106550343346,0.24127592151241176,0.7889543583705185,-0.40072926222805283
5.435333935747911,1.0104377584601565,Fc1ccc(-c2c3cccc(C(F)(F)F)c3nn2Cc2ccc(F)cc2Cl)cc1,1.071750273453965,-0.9813067629253164,-0.9451664082644284,-0.5312796481290517,1.0583005244258363,-1.045038402719199,-1.2183492931011208,-1.0319569104061783,-0.6315843350138268,-1.058300524425836,0.8315583934409703,-0.411239160414987,-1.337712108119877,-0.9813067629253164,-1.3196133184932728,1.214408242928202,-0.45226701686664567,-0.46232073067867885,-1.0450384027191992,-0.4112391604149865,-0.9035084925701035,-0.4007292622280536,0.40072926222805194,-0.4216370213557832,-0.46232073067867885,-0.4723101979387309,1.4335028847172708,-0.4216370213557842,-0.3900947488027469,-0.5658800029824553,0.4007292622280525,-1.1420804814403214,0.4216370213557834,-1.1275764148954925,-1.1420804814403216,-1.1718081448591358,-0.46232073067867885,-0.44214106550343285,0.5604012729971791,0.9018572369160658,-0.3793216209054409,-0.39009474880274675,0.37932162090543964,-0.7411825344772159,-1.2025613689761725,-0.42163702135578324,0.44214106550343346,0.9682201293596555,0.7889543583705185,-0.40072926222805283
5.381951903287908,1.0104377584601565,Fc1ccc(-c2c3cccc(C(F)(F)F)c3nn2Cc2ccccc2F)cc1,1.071750273453965,-0.9813067629253164,-1.4227363025174657,-0.5312796481290517,1.0583005244258363,0.9569026338151703,-1.2183492931011208,-1.0319569104061783,-0.9241428414334449,-1.058300524425836,0.8315583934409703,-0.411239160414987,-1.337712108119877,-0.9813067629253164,-1.3196133184932728,1.0638332181240309,-0.45226701686664567,-0.46232073067867885,-1.0450384027191992,-0.4112391604149865,-0.6705291257027249,-0.4007292622280536,0.40072926222805194,-0.4216370213557832,-0.46232073067867885,-0.4723101979387309,0.9717323512989178,-0.4216370213557842,-0.3900947488027469,-0.7184541955582999,0.4007292622280525,-1.1420804814403214,0.4216370213557834,-1.1275764148954925,-1.1420804814403216,-1.1718081448591358,-0.46232073067867885,-0.44214106550343285,0.5604012729971791,1.0253173904350987,-0.3793216209054409,-0.39009474880274675,0.37932162090543964,-0.8648744890161023,-1.2025613689761725,-0.42163702135578324,0.44214106550343346,1.0255931727484195,0.7889543583705185,-0.40072926222805283
5.539102157243452,1.0104377584601565,Fc1ccc(-c2c3cccc(C(F)(F)F)c3nn2Cc2ccccc2Cl)cc1,1.071750273453965,-0.9813067629253164,-1.4227363025174657,-0.5312796481290517,1.0583005244258363,-1.045038402719199,-1.2183492931011208,-1.0319569104061783,-0.6476715635629248,-1.058300524425836,0.8315583934409703,-0.411239160414987,-1.337712108119877,-0.9813067629253164,-1.3196133184932728,1.0079711500670563,-0.45226701686664567,-0.46232073067867885,-1.0450384027191992,-0.4112391604149865,-1.2036839577987628,-0.4007292622280536,0.40072926222805194,-0.4216370213557832,-0.46232073067867885,-0.4723101979387309,1.135823513454826,-0.4216370213557842,-0.3900947488027469,-0.49613664915171624,0.4007292622280525,-1.1420804814403214,0.4216370213557834,-1.1275764148954925,-1.1420804814403216,-1.1718081448591358,-0.46232073067867885,-0.44214106550343285,0.5604012729971791,0.9258320885081753,-0.3793216209054409,-0.39009474880274675,0.37932162090543964,-0.7429268957624164,-1.2025613689761725,-0.42163702135578324,0.44214106550343346,0.5728848028919012,0.7889543583705185,-0.40072926222805283
5.242603971206975,1.0104377584601565,Fc1ccc(Cn2nc3c(C(F)(F)F)cccc3c2-c2ccc(F)cc2)cc1,1.071750273453965,-0.9813067629253164,-1.4227363025174657,-0.5312796481290517,1.0583005244258363,-1.045038402719199,-1.2183492931011208,-1.0319569104061783,-1.0426826336741368,-1.058300524425836,0.8315583934409703,-0.411239160414987,-1.337712108119877,-0.9813067629253164,-1.3196133184932728,1.3974255782630354,-0.45226701686664567,-0.46232073067867885,-1.0450384027191992,-0.4112391604149865,-0.6705291257027249,-0.4007292622280536,0.40072926222805194,-0.4216370213557832,-0.46232073067867885,-0.4723101979387309,1.2794704553966254,-0.4216370213557842,-0.3900947488027469,-1.0641075695803395,0.4007292622280525,-1.1420804814403214,0.4216370213557834,-1.1275764148954925,-1.1420804814403216,-1.1718081448591358,-0.46232073067867885,-0.44214106550343285,0.5604012729971791,1.0346748532874166,-0.3793216209054409,-0.39009474880274675,0.37932162090543964,-0.9473800388617116,-1.2025613689761725,-0.42163702135578324,0.44214106550343346,0.9802496900108677,0.7889543583705185,-0.40072926222805283
5.043351420794797,1.0104377584601565,Fc1ccc(-c2c3cccc(C(F)(F)F)c3nn2Cc2ccc(Cl)cc2)cc1,1.071750273453965,-0.9813067629253164,-0.9832130894541767,-0.5312796481290517,1.0583005244258363,-1.045038402719199,-1.2183492931011208,-1.0319569104061783,-0.6476715635629248,-1.058300524425836,0.8315583934409703,-0.411239160414987,-1.337712108119877,-0.9813067629253164,-1.3196133184932728,0.9891209876484679,-0.45226701686664567,-0.46232073067867885,-1.0450384027191992,-0.4112391604149865,-1.2036839577987628,-0.4007292622280536,0.40072926222805194,-0.4216370213557832,-0.46232073067867885,-0.4723101979387309,1.0649932287885164,-0.4216370213557842,-0.3900947488027469,-0.6126791971207471,0.4007292622280525,-1.1420804814403214,0.4216370213557834,-1.1275764148954925,-1.1420804814403216,-1.1718081448591358,-0.46232073067867885,-0.44214106550343285,0.5604012729971791,0.9824671289415426,-0.3793216209054409,-0.39009474880274675,0.37932162090543964,-0.9427865079071552,-1.2025613689761725,-0.42163702135578324,0.44214106550343346,0.35345343231747534,0.7889543583705185,-0.40072926222805283
5.008773924307505,1.0104377584601565,Fc1cc(Cl)ccc1Cn1nc2c(C(F)(F)F)cccc2c1-c1ccc(Cl)cc1,1.071750273453965,-0.9813067629253164,-0.9451664082644284,-0.5312796481290517,1.0583005244258363,0.9569026338151703,-1.2183492931011208,-1.0319569104061783,-0.6315843350138268,-1.058300524425836,0.8315583934409703,-0.411239160414987,-1.337712108119877,-0.9813067629253164,-1.3196133184932728,0.23113152945210444,-0.45226701686664567,-0.46232073067867885,-1.0450384027191992,-0.4112391604149865,-1.3654488494693835,-0.4007292622280536,0.40072926222805194,-0.4216370213557832,-0.46232073067867885,-0.4723101979387309,0.9242810841428981,-0.4216370213557842,-0.3900947488027469,-0.5658800029824553,0.4007292622280525,-1.1420804814403214,0.4216370213557834,-1.1275764148954925,-1.1420804814403216,-1.1718081448591358,-0.46232073067867885,-0.44214106550343285,0.5604012729971791,0.9275629172144749,-0.3793216209054409,-0.39009474880274675,0.37932162090543964,-0.8623467241515966,-1.2025613689761725,-0.42163702135578324,0.44214106550343346,1.044949081003589,0.7889543583705185,-0.40072926222805283
4.950007143079858,1.0104377584601565,Fc1ccc(Cn2nc3c(C(F)(F)F)cccc3c2-c2ccc(Cl)cc2)c(Cl)c1,1.071750273453965,-0.9813067629253164,-0.9451664082644284,-0.5312796481290517,1.0583005244258363,-1.045038402719199,-1.2183492931011208,-1.0319569104061783,-0.47056615741619323,-1.058300524425836,0.8315583934409703,-0.411239160414987,-1.337712108119877,-0.9813067629253164,-1.3196133184932728,0.7926232494059832,-0.45226701686664567,-0.46232073067867885,-1.0450384027191992,-0.4112391604149865,-1.3654488494693835,-0.4007292622280536,0.40072926222805194,-0.4216370213557832,-0.46232073067867885,-0.4723101979387309,1.2891698172278503,-0.4216370213557842,-0.3900947488027469,-0.3181690094871229,0.4007292622280525,-1.1420804814403214,0.4216370213557834,-1.1275764148954925,-1.1420804814403216,-1.1718081448591358,-0.46232073067867885,-0.44214106550343285,0.5604012729971791,0.8781978029875078,-0.3793216209054409,-0.39009474880274675,0.37932162090543964,-0.7428350626177882,-1.2025613689761725,-0.42163702135578324,0.44214106550343346,1.16144099322114,0.7889543583705185,-0.40072926222805283
4.991399828238082,1.0104377584601565,FC(F)(F)c1cccc2c(-c3ccc(Cl)cc3)n(Cc3ccccc3Cl)nc12,1.071750273453965,-0.9813067629253164,-0.5785401901298248,-0.5312796481290517,1.0583005244258363,-1.045038402719199,-1.2183492931011208,-1.0319569104061783,-0.7934351154578805,-1.058300524425836,0.8315583934409703,-0.411239160414987,-1.337712108119877,-0.9813067629253164,-1.3196133184932728,0.5625475286608872,-0.45226701686664567,-0.46232073067867885,-1.0450384027191992,-0.4112391604149865,-1.7124949471629867,-0.4007292622280536,0.40072926222805194,-0.4216370213557832,-0.46232073067867885,-0.4723101979387309,0.9936937012937999,-0.4216370213557842,-0.3900947488027469,-0.6126791971207471,0.4007292622280525,-1.1420804814403214,0.4216370213557834,-1.1275764148954925,-1.1420804814403216,-1.1718081448591358,-0.46232073067867885,-0.44214106550343285,0.5604012729971791,0.9031170102205057,-0.3793216209054409,-0.39009474880274675,0.37932162090543964,-0.7447181897139488,-1.2025613689761725,-0.42163702135578324,0.44214106550343346,0.7944787543672492,0.7889543583705185,-0.40072926222805283
5.128427064454121,1.0104377584601565,Fc1ccccc1Cn1nc2c(C(F)(F)F)cccc2c1-c1ccc(Cl)cc1,1.071750273453965,-0.9813067629253164,-1.4227363025174657,-0.5312796481290517,1.0583005244258363,0.9569026338151703,-1.2183492931011208,-1.0319569104061783,-0.6476715635629248,-1.058300524425836,0.8315583934409703,-0.411239160414987,-1.337712108119877,-0.9813067629253164,-1.3196133184932728,0.6113448583526208,-0.45226701686664567,-0.46232073067867885,-1.0450384027191992,-0.4112391604149865,-1.2036839577987628,-0.4007292622280536,0.40072926222805194,-0.4216370213557832,-0.46232073067867885,-0.4723101979387309,0.7270478671591837,-0.4216370213557842,-0.3900947488027469,-0.49613664915171624,0.4007292622280525,-1.1420804814403214,0.4216370213557834,-1.1275764148954925,-1.1420804814403216,-1.1718081448591358,-0.46232073067867885,-0.44214106550343285,0.5604012729971791,1.0017393616507997,-0.3793216209054409,-0.39009474880274675,0.37932162090543964,-0.8696013775203515,-1.2025613689761725,-0.42163702135578324,0.44214106550343346,1.1462878816394837,0.7889543583705185,-0.40072926222805283
4.810790510417694,1.0104377584601565,FC(F)(F)c1ccccc1Cn1nc2c(C(F)(F)F)cccc2c1-c1ccc(Cl)cc1,1.071750273453965,-0.9813067629253164,-0.9451664082644284,-0.5312796481290517,1.0583005244258363,-1.045038402719199,-1.2183492931011208,-1.0319569104061783,-1.1744599183113331,-1.058300524425836,0.8315583934409703,-0.411239160414987,-1.337712108119877,-0.9813067629253164,-1.3196133184932728,1.4868126669153954,-0.45226701686664567,-0.46232073067867885,-1.0450384027191992,-0.4112391604149865,-1.934963566581861,-0.4007292622280536,0.40072926222805194,-0.4216370213557832,-0.46232073067867885,-0.4723101979387309,1.4778345021434716,-0.4216370213557842,-0.3900947488027469,-1.140669658980626,0.4007292622280525,-1.1420804814403214,0.4216370213557834,-1.1275764148954925,-1.1420804814403216,-1.1718081448591358,-0.46232073067867885,-0.44214106550343285,0.5604012729971791,1.3764999689792246,-0.3793216209054409,-0.39009474880274675,0.37932162090543964,0.17903036257171057,-1.2025613689761725,-0.42163702135578324,0.44214106550343346,0.7669537551202475,0.7889543583705185,-0.40072926222805283
4.962573502059376,1.0104377584601565,CS(=O)(=O)c1cc(Cl)cc(Oc2cccc(-c3c(C(N)=O)cnc4c(C(F)(F)F)cccc34)c2)c1,1.071750273453965,-0.9813067629253164,-0.4875117815511059,-0.5312796481290517,1.0583005244258363,-1.045038402719199,-1.2183492931011208,-1.0319569104061783,0.1279851739403977,-1.058300524425836,0.8315583934409703,-0.411239160414987,0.7475450015964021,-0.9813067629253164,-1.3196133184932728,0.5162850407449421,-0.45226701686664567,-0.46232073067867885,-1.0450384027191992,-0.4112391604149865,-1.1963420598196997,-0.4007292622280536,0.40072926222805194,-0.4216370213557832,-0.46232073067867885,-0.4723101979387309,1.254403739554458,-0.4216370213557842,-0.3900947488027469,0.08193886948705476,0.4007292622280525,0.875595035770913,0.4216370213557834,-1.1275764148954925,0.8755950357709131,-1.1718081448591358,-0.46232073067867885,-0.44214106550343285,0.5604012729971791,1.9463440510681174,-0.3793216209054409,-0.39009474880274675,0.37932162090543964,0.9581177745594124,-1.2025613689761725,-0.42163702135578324,0.44214106550343346,1.809343914776703,0.7889543583705185,-0.40072926222805283
5.769551078621726,1.0104377584601565,Cc1nc2c(C(F)(F)F)cccc2nc1-c1ccc(-c2cccc(S(C)(=O)=O)c2)cc1,1.071750273453965,-0.9813067629253164,-0.16822771820744303,-0.5312796481290517,1.0583005244258363,-1.045038402719199,-1.2183492931011208,-1.0319569104061783,-0.9751981945160655,-1.058300524425836,0.8315583934409703,-0.411239160414987,0.7475450015964021,1.0190493307301363,0.7577977472535626,0.38920521857896245,-0.45226701686664567,-0.46232073067867885,0.9569026338151704,-0.4112391604149865,-1.321285805411996,-0.4007292622280536,0.40072926222805194,-0.4216370213557832,-0.46232073067867885,-0.4723101979387309,0.8371417843368189,-0.4216370213557842,-0.3900947488027469,-0.9344613505200132,0.4007292622280525,0.875595035770913,0.4216370213557834,-1.1275764148954925,-1.1420804814403216,-1.1718081448591358,-0.46232073067867885,-0.44214106550343285,-1.7844356324383883,1.4103107699658084,-0.3793216209054409,-0.39009474880274675,0.37932162090543964,1.3131532243850195,0.8315583934409706,-0.42163702135578324,0.44214106550343346,-1.1795241225392368,0.7889543583705185,-0.40072926222805283
6.455931955649724,1.0104377584601565,CCc1nc2c(C(F)(F)F)cccc2nc1-c1ccc(-c2cccc(S(C)(=O)=O)c2)cc1,1.071750273453965,-0.9813067629253164,0.1533415892086698,1.8822478962286406,1.0583005244258363,-1.045038402719199,-1.2183492931011208,-1.0319569104061783,-0.8440393991896207,-1.058300524425836,0.8315583934409703,-0.411239160414987,0.7475450015964021,1.0190493307301363,0.7577977472535626,0.405346617824139,-0.45226701686664567,-0.46232073067867885,0.9569026338151704,-0.4112391604149865,-1.284508963708758,-0.4007292622280536,0.40072926222805194,-0.4216370213557832,-0.46232073067867885,-0.4723101979387309,0.9472238699253421,-0.4216370213557842,-0.3900947488027469,-0.8152461129180252,0.4007292622280525,0.875595035770913,0.4216370213557834,-1.1275764148954925,-1.1420804814403216,-1.1718081448591358,-0.46232073067867885,-0.44214106550343285,-1.7844356324383883,1.3441203925192093,-0.3793216209054409,-0.39009474880274675,0.37932162090543964,1.280542127170459,0.8315583934409706,-0.42163702135578324,0.44214106550343346,-1.4447025010485641,0.7889543583705185,-0.40072926222805283
6.42021640338319,1.0104377584601565,Cc1nc2c(Cl)cccc2nc1-c1ccc(-c2cccc(S(C)(=O)=O)c2)cc1,1.071750273453965,-0.9813067629253164,0.3853945078399469,-0.5312796481290517,1.0583005244258363,-1.045038402719199,-1.2183492931011208,-1.0319569104061783,-0.9241428414334449,-1.058300524425836,0.8315583934409703,-0.411239160414987,0.7475450015964021,1.0190493307301363,0.7577977472535626,-0.5323332957962577,-0.45226701686664567,-0.46232073067867885,0.9569026338151704,-0.4112391604149865,-0.10138017525480374,-0.4007292622280536,0.40072926222805194,-0.4216370213557832,-0.46232073067867885,-0.4723101979387309,0.7791657870268636,-0.4216370213557842,-0.3900947488027469,-0.8152461129180252,-2.495450405692874,0.875595035770913,0.4216370213557834,0.886857854412185,-1.1420804814403216,-1.1718081448591358,-0.46232073067867885,-0.44214106550343285,-1.7844356324383883,0.5532394109117346,-0.3793216209054409,-0.39009474880274675,0.37932162090543964,0.7279844545170993,-1.2025613689761725,-0.42163702135578324,0.44214106550343346,-1.0515453693603993,-1.2675004445952593,-0.40072926222805283
5.832682665251824,1.0104377584601565,CNS(=O)(=O)c1cccc(-c2ccc(-c3nc4cccc(C(F)(F)F)c4nc3C)cc2)c1,-0.9330531792422752,-0.9813067629253164,-0.9832130894541767,-0.5312796481290517,1.0583005244258363,-1.045038402719199,-1.2183492931011208,-1.0319569104061783,-0.8440393991896207,-1.058300524425836,0.8315583934409703,-0.411239160414987,0.7475450015964021,1.0190493307301363,0.7577977472535626,0.6135719032195328,-0.45226701686664567,-0.46232073067867885,0.9569026338151704,-0.4112391604149865,-1.3654488494693835,-0.4007292622280536,0.40072926222805194,-0.4216370213557832,-0.46232073067867885,-0.4723101979387309,0.5237186553134575,-0.4216370213557842,-0.3900947488027469,-0.8152461129180252,0.4007292622280525,0.875595035770913,0.4216370213557834,-1.1275764148954925,0.8755950357709131,0.8533820185387183,-0.46232073067867885,-0.44214106550343285,-1.7844356324383883,1.4382770909067935,-0.3793216209054409,-0.39009474880274675,0.37932162090543964,1.3888542897993685,0.8315583934409706,-0.42163702135578324,0.44214106550343346,-1.2088143097877149,0.7889543583705185,-0.40072926222805283
8.022276394711152,1.0104377584601565,Cc1cc(SCc2sc(-c3ccc(C(F)(F)F)cc3)nc2C)ccc1OCC(=O)O,-0.9330531792422752,-0.9813067629253164,0.36467686444491315,-0.5312796481290517,1.0583005244258363,-1.045038402719199,0.8207826816681233,-1.0319569104061783,1.3753428059220525,-1.058300524425836,-1.2025613689761723,2.4316750354973156,0.7475450015964021,-0.9813067629253164,0.7577977472535626,-0.58829848579977,-0.45226701686664567,-0.46232073067867885,0.9569026338151704,-0.4112391604149865,-0.15140461699990432,-0.4007292622280536,0.40072926222805194,-0.4216370213557832,-0.46232073067867885,2.1172526114494827,-0.4631792398120729,-0.4216370213557842,-0.3900947488027469,0.8166567575334885,0.4007292622280525,-1.1420804814403214,0.4216370213557834,0.886857854412185,-1.1420804814403216,0.8533820185387183,-0.46232073067867885,-0.44214106550343285,-1.7844356324383883,-0.7376465479066183,-0.3793216209054409,-0.39009474880274675,0.37932162090543964,-1.9993319730365045,0.8315583934409706,-0.42163702135578324,-2.2617216043060235,-1.4618923357334965,0.7889543583705185,-0.40072926222805283
7.721246399047171,1.0104377584601565,O=C(O)Cc1ccc(Cl)c(OCCC2CCN(c3nc4ccc(Cl)cc4s3)CC2)c1,-0.9330531792422752,1.0190493307301363,1.1461490630461326,1.8822478962286406,-0.9449111825230683,0.9569026338151703,0.8207826816681233,0.9690327085521431,1.74577436574536,0.9449111825230683,-1.2025613689761723,2.4316750354973156,0.7475450015964021,1.0190493307301363,0.7577977472535626,-1.7150910164838653,2.211083193570266,2.1630005613895316,0.9569026338151704,2.431675035497316,1.7533195780959845,2.495450405692873,-2.4954504056928744,2.371708245126285,2.1630005613895316,2.1172526114494827,-1.611933245425438,2.3717082451262845,-0.3900947488027469,1.8330067249282482,-2.495450405692874,0.875595035770913,-2.3717082451262854,0.886857854412185,0.8755950357709131,0.8533820185387183,2.1630005613895316,2.261721604306025,-1.7844356324383883,-1.2357139585784462,2.6362852652928135,2.5634797778466236,-2.6362852652928144,-1.5873886176143845,0.8315583934409706,2.371708245126285,-2.2617216043060235,-1.1759658904460846,-1.2675004445952593,-0.40072926222805283
7.657577319177793,1.0104377584601565,O=C(O)Cc1ccc(Cl)c(OCCC2(N3CCCC3)CCN(c3nc4ccc(C(F)(F)F)nc4s3)CC2)c1,-0.9330531792422752,1.0190493307301363,1.5143245568107981,1.8822478962286406,-0.9449111825230683,0.9569026338151703,0.8207826816681233,0.9690327085521431,0.7632987016559835,0.9449111825230683,0.8315583934409703,2.4316750354973156,0.7475450015964021,1.0190493307301363,0.7577977472535626,-0.5255899530940858,2.211083193570266,2.1630005613895316,0.9569026338151704,2.431675035497316,0.8814168551521129,2.495450405692873,-2.4954504056928744,2.371708245126285,2.1630005613895316,2.1172526114494827,-0.8828225910253104,2.3717082451262845,2.563479777846623,0.6549813450780019,0.4007292622280525,0.875595035770913,-2.3717082451262854,0.886857854412185,0.8755950357709131,0.8533820185387183,2.1630005613895316,2.261721604306025,-1.7844356324383883,-1.1122124677434255,-0.3793216209054409,-0.39009474880274675,-2.6362852652928144,-0.11918992793123963,0.8315583934409706,2.371708245126285,-2.2617216043060235,-1.0421629044251792,-1.2675004445952593,2.4954504056928735
6.823908740944319,1.0104377584601565,O=C(O)Cc1cc(Cl)cc(OCCC2(N3CCCC3=O)CCN(c3nc4ccc(C(F)(F)F)cc4s3)CC2)c1,1.071750273453965,1.0190493307301363,-0.4851663114932702,1.8822478962286406,1.0583005244258363,0.9569026338151703,0.8207826816681233,0.9690327085521431,1.240007683127979,0.9449111825230683,-1.2025613689761723,2.4316750354973156,0.7475450015964021,1.0190493307301363,0.7577977472535626,-0.1843951850930943,2.211083193570266,2.1630005613895316,0.9569026338151704,2.431675035497316,0.07650024241298005,2.495450405692873,-2.4954504056928744,2.371708245126285,2.1630005613895316,2.1172526114494827,-1.1052945656802398,2.3717082451262845,2.563479777846623,1.217995413689975,0.4007292622280525,0.875595035770913,-2.3717082451262854,0.886857854412185,0.8755950357709131,0.8533820185387183,2.1630005613895316,2.261721604306025,-1.7844356324383883,-1.0577529448122618,2.6362852652928135,2.5634797778466236,-2.6362852652928144,0.16246481765346493,0.8315583934409706,2.371708245126285,-2.2617216043060235,-0.4007809083187163,-1.2675004445952593,2.4954504056928735
8.1249387366083,1.0104377584601565,CC(C)C1(CCOc2cc(CC(=O)O)ccc2Cl)CCN(c2nc3ccc(Cl)cc3s2)CC1,-0.9330531792422752,1.0190493307301363,1.1461490630461326,1.8822478962286406,-0.9449111825230683,0.9569026338151703,0.8207826816681233,0.9690327085521431,1.8871065967430258,0.9449111825230683,-1.2025613689761723,2.4316750354973156,0.7475450015964021,1.0190493307301363,0.7577977472535626,-2.229840288773014,2.211083193570266,2.1630005613895316,0.9569026338151704,2.431675035497316,1.5690863914985245,2.495450405692873,-2.4954504056928744,2.371708245126285,2.1630005613895316,2.1172526114494827,-1.6626675652188063,2.3717082451262845,2.563479777846623,1.5813727954359893,-2.495450405692874,0.875595035770913,-2.3717082451262854,0.886857854412185,0.8755950357709131,0.8533820185387183,2.1630005613895316,2.261721604306025,-1.7844356324383883,-1.5321283893402062,2.6362852652928135,2.5634797778466236,-2.6362852652928144,-1.1893115042820779,0.8315583934409706,2.371708245126285,-2.2617216043060235,-1.0788217404628693,-1.2675004445952593,2.4954504056928735
8.031517051446064,1.0104377584601565,O=C(O)Cc1cc(Cl)cc(OCCC2(N3CCCC3)CCN(c3nc4ccc(C(F)(F)F)cc4s3)CC2)c1,-0.9330531792422752,1.0190493307301363,1.2759178951737375,1.8822478962286406,-0.9449111825230683,0.9569026338151703,0.8207826816681233,0.9690327085521431,0.7632987016559835,0.9449111825230683,-1.2025613689761723,2.4316750354973156,0.7475450015964021,1.0190493307301363,0.7577977472535626,-0.3191624889581598,2.211083193570266,2.1630005613895316,0.9569026338151704,2.431675035497316,0.22497814855343548,2.495450405692873,-2.4954504056928744,2.371708245126285,2.1630005613895316,2.1172526114494827,-0.7864765708013006,2.3717082451262845,2.563479777846623,0.6549813450780019,0.4007292622280525,0.875595035770913,-2.3717082451262854,0.886857854412185,0.8755950357709131,0.8533820185387183,2.1630005613895316,2.261721604306025,-1.7844356324383883,-1.1529876466993045,2.6362852652928135,2.5634797778466236,-2.6362852652928144,-1.4390844483053424,0.8315583934409706,2.371708245126285,-2.2617216043060235,-1.2981747821913803,-1.2675004445952593,2.4954504056928735
8.207608310501746,1.0104377584601565,Cc1ccc(CC(=O)O)cc1OCCC1(N2CCCC2)CCN(c2nc3ccc(Cl)cc3s2)CC1,-0.9330531792422752,1.0190493307301363,2.0130956224608085,1.8822478962286406,-0.9449111825230683,0.9569026338151703,0.8207826816681233,0.9690327085521431,1.1271713775353907,0.9449111825230683,-1.2025613689761723,2.4316750354973156,0.7475450015964021,1.0190493307301363,0.7577977472535626,-1.6328725902421786,2.211083193570266,2.1630005613895316,0.9569026338151704,2.431675035497316,2.0795724857411595,2.495450405692873,-2.4954504056928744,2.371708245126285,2.1630005613895316,2.1172526114494827,-0.8397447374918171,2.3717082451262845,2.563479777846623,1.1526916164111387,-2.495450405692874,0.875595035770913,-2.3717082451262854,0.886857854412185,0.8755950357709131,0.8533820185387183,2.1630005613895316,2.261721604306025,-1.7844356324383883,-1.4188043515857813,2.6362852652928135,2.5634797778466236,-2.6362852652928144,-1.3400041920142947,0.8315583934409706,2.371708245126285,-2.2617216043060235,-0.13605898621661697,0.7889543583705185,2.4954504056928735
7.522878745280337,1.0104377584601565,CN(C)C1(CCOc2cc(Cl)cc(CC(=O)O)c2)CCN(c2nc3ccc(Cl)cc3s2)CC1,-0.9330531792422752,1.0190493307301363,1.1461490630461326,1.8822478962286406,-0.9449111825230683,0.9569026338151703,0.8207826816681233,0.9690327085521431,1.5404009881103864,0.9449111825230683,-1.2025613689761723,2.4316750354973156,0.7475450015964021,1.0190493307301363,0.7577977472535626,-1.60006788137262,2.211083193570266,2.1630005613895316,0.9569026338151704,2.431675035497316,1.671505213525644,2.495450405692873,-2.4954504056928744,2.371708245126285,2.1630005613895316,2.1172526114494827,-0.8833938046114972,2.3717082451262845,2.563479777846623,1.3419085771999288,-2.495450405692874,0.875595035770913,-2.3717082451262854,0.886857854412185,0.8755950357709131,0.8533820185387183,2.1630005613895316,2.261721604306025,-1.7844356324383883,-1.8058364968929113,2.6362852652928135,2.5634797778466236,-2.6362852652928144,-1.8215555949687599,0.8315583934409706,2.371708245126285,-2.2617216043060235,-0.8165539566569862,-1.2675004445952593,2.4954504056928735
8.040958607678906,1.0104377584601565,Cc1cc(CC(=O)O)cc(OCCC2(N3CCCC3)CCN(c3nc4ccc(Cl)cc4s3)CC2)c1,-0.9330531792422752,1.0190493307301363,2.0130956224608085,1.8822478962286406,-0.9449111825230683,0.9569026338151703,0.8207826816681233,0.9690327085521431,1.1271713775353907,0.9449111825230683,-1.2025613689761723,2.4316750354973156,0.7475450015964021,1.0190493307301363,0.7577977472535626,-1.7298838441820923,2.211083193570266,2.1630005613895316,0.9569026338151704,2.431675035497316,2.0795724857411595,2.495450405692873,-2.4954504056928744,2.371708245126285,2.1630005613895316,2.1172526114494827,-0.8655139605577682,2.3717082451262845,2.563479777846623,1.1526916164111387,-2.495450405692874,0.875595035770913,-2.3717082451262854,0.886857854412185,0.8755950357709131,0.8533820185387183,2.1630005613895316,2.261721604306025,-1.7844356324383883,-1.9311553948442988,2.6362852652928135,2.5634797778466236,-2.6362852652928144,-1.4510565490413294,0.8315583934409706,2.371708245126285,-2.2617216043060235,-1.2245738403485604,-1.2675004445952593,2.4954504056928735
8.148741651280925,1.0104377584601565,O=C(O)Cc1cc(Cl)cc(OCCC2(C3CCCC3)CCN(c3nc4ccc(Cl)cc4s3)CC2)c1,-0.9330531792422752,1.0190493307301363,1.3398336445009378,1.8822478962286406,-0.9449111825230683,0.9569026338151703,0.8207826816681233,0.9690327085521431,0.8474958381245542,0.9449111825230683,-1.2025613689761723,2.4316750354973156,0.7475450015964021,1.0190493307301363,0.7577977472535626,-1.7233928752031353,2.211083193570266,2.1630005613895316,0.9569026338151704,2.431675035497316,1.4733383388771903,2.495450405692873,-2.4954504056928744,2.371708245126285,2.1630005613895316,2.1172526114494827,-0.9321780899942106,2.3717082451262845,2.563479777846623,0.9474900820730043,-2.495450405692874,0.875595035770913,-2.3717082451262854,0.886857854412185,0.8755950357709131,0.8533820185387183,2.1630005613895316,2.261721604306025,-1.7844356324383883,-1.8926889094534307,2.6362852652928135,2.5634797778466236,-2.6362852652928144,-1.552209455535206,0.8315583934409706,2.371708245126285,-2.2617216043060235,-0.5637737064594396,-1.2675004445952593,2.4954504056928735
7.958607314841775,1.0104377584601565,O=C(O)Cc1cc(Cl)cc(OCCC2(C3CCCCC3)CCN(c3nc4ccc(Cl)cc4s3)CC2)c1,-0.9330531792422752,1.0190493307301363,1.3398336445009378,1.8822478962286406,-0.9449111825230683,0.9569026338151703,0.8207826816681233,0.9690327085521431,0.5669277495015923,0.9449111825230683,-1.2025613689761723,2.4316750354973156,0.7475450015964021,1.0190493307301363,0.7577977472535626,-2.2437182945571816,2.211083193570266,2.1630005613895316,0.9569026338151704,2.431675035497316,1.541745569689683,2.495450405692873,-2.4954504056928744,2.371708245126285,2.1630005613895316,2.1172526114494827,-0.4077089590415991,2.3717082451262845,2.563479777846623,0.7793951486170179,-2.495450405692874,0.875595035770913,-2.3717082451262854,0.886857854412185,0.8755950357709131,0.8533820185387183,2.1630005613895316,2.261721604306025,-1.7844356324383883,-1.8156954950078448,2.6362852652928135,2.5634797778466236,-2.6362852652928144,-1.5878488021838693,0.8315583934409706,2.371708245126285,-2.2617216043060235,-0.969138260577341,-1.2675004445952593,2.4954504056928735
8.346787486224656,1.0104377584601565,CCC(C)C1(CCOc2cc(Cl)cc(CC(=O)O)c2)CCN(c2nc3ccc(Cl)cc3s2)CC1,-0.9330531792422752,1.0190493307301363,1.3556589157576435,1.8822478962286406,-0.9449111825230683,0.9569026338151703,0.8207826816681233,0.9690327085521431,1.813920591078661,0.9449111825230683,-1.2025613689761723,2.4316750354973156,0.7475450015964021,1.0190493307301363,0.7577977472535626,-1.498291022981289,2.211083193570266,2.1630005613895316,0.9569026338151704,2.431675035497316,1.6442101596145697,2.495450405692873,-2.4954504056928744,2.371708245126285,2.1630005613895316,2.1172526114494827,-1.1745527601070955,2.3717082451262845,2.563479777846623,1.5885994166862505,-2.495450405692874,0.875595035770913,-2.3717082451262854,0.886857854412185,0.8755950357709131,0.8533820185387183,2.1630005613895316,2.261721604306025,-1.7844356324383883,-1.925285419537989,2.6362852652928135,2.5634797778466236,-2.6362852652928144,-1.8991201355444767,0.8315583934409706,2.371708245126285,-2.2617216043060235,-0.8885430208839932,-1.2675004445952593,2.4954504056928735
8.229147988357855,1.0104377584601565,CC(C)CC1(CCOc2cc(Cl)cc(CC(=O)O)c2)CCN(c2nc3ccc(Cl)cc3s2)CC1,-0.9330531792422752,1.0190493307301363,1.3556589157576435,1.8822478962286406,-0.9449111825230683,0.9569026338151703,0.8207826816681233,0.9690327085521431,1.481513801168247,0.9449111825230683,-1.2025613689761723,2.4316750354973156,0.7475450015964021,1.0190493307301363,0.7577977472535626,-1.7050999247582477,2.211083193570266,2.1630005613895316,0.9569026338151704,2.431675035497316,1.6442101596145697,2.495450405692873,-2.4954504056928744,2.371708245126285,2.1630005613895316,2.1172526114494827,-1.0093510488298134,2.3717082451262845,2.563479777846623,1.3556573809260184,-2.495450405692874,0.875595035770913,-2.3717082451262854,0.886857854412185,0.8755950357709131,0.8533820185387183,2.1630005613895316,2.261721604306025,-1.7844356324383883,-1.876874684653524,2.6362852652928135,2.5634797778466236,0.37932162090543964,-2.009360740525353,0.8315583934409706,2.371708245126285,0.44214106550343346,-0.7347704184192265,-1.2675004445952593,2.4954504056928735
7.823908740944319,1.0104377584601565,O=C(O)Cc1cc(Cl)cc(OCCC2(N3CCCCC3)CCN(c3nc4ccc(Cl)cc4s3)CC2)c1,-0.9330531792422752,1.0190493307301363,1.557335833239921,1.8822478962286406,-0.9449111825230683,0.9569026338151703,0.8207826816681233,0.9690327085521431,0.12216568408128022,0.9449111825230683,-1.2025613689761723,2.4316750354973156,0.7475450015964021,1.0190493307301363,0.7577977472535626,-1.5977324639229349,2.211083193570266,2.1630005613895316,0.9569026338151704,2.431675035497316,1.957409338082163,2.495450405692873,-2.4954504056928744,2.371708245126285,2.1630005613895316,2.1172526114494827,-1.5898216028933099,2.3717082451262845,2.563479777846623,0.429014950690237,-2.495450405692874,0.875595035770913,-2.3717082451262854,0.886857854412185,0.8755950357709131,0.8533820185387183,2.1630005613895316,2.261721604306025,-1.7844356324383883,-1.9135631078412723,2.6362852652928135,2.5634797778466236,-2.6362852652928144,-1.73236160877152,0.8315583934409706,2.371708245126285,-2.2617216043060235,-1.0972381975502332,-1.2675004445952593,2.4954504056928735
8.036212172654444,1.0104377584601565,CCCC1(CCOc2cc(CC(=O)O)ccc2Cl)CCN(c2nc3ccc(Cl)cc3s2)CC1,-0.9330531792422752,1.0190493307301363,1.550093158011816,1.8822478962286406,-0.9449111825230683,0.9569026338151703,0.8207826816681233,0.9690327085521431,1.5404009881103864,0.9449111825230683,-1.2025613689761723,2.4316750354973156,0.7475450015964021,1.0190493307301363,0.7577977472535626,-2.69092271187413,2.211083193570266,2.1630005613895316,0.9569026338151704,2.431675035497316,1.6987883823083283,2.495450405692873,-2.4954504056928744,2.371708245126285,2.1630005613895316,2.1172526114494827,-1.4685567074890993,2.3717082451262845,2.563479777846623,1.5813727954359893,-2.495450405692874,0.875595035770913,-2.3717082451262854,0.886857854412185,0.8755950357709131,0.8533820185387183,2.1630005613895316,2.261721604306025,-1.7844356324383883,-1.223278135519518,2.6362852652928135,2.5634797778466236,-2.6362852652928144,-1.239823711071277,0.8315583934409706,2.371708245126285,-2.2617216043060235,-1.1306452448615893,-1.2675004445952593,2.4954504056928735
8.0,1.0104377584601565,O=C(O)Cc1cc(Cl)cc(OCCC2(N3CCCC3)CCN(c3nc4ccc(Cl)cc4s3)CC2)c1,-0.9330531792422752,1.0190493307301363,1.557335833239921,1.8822478962286406,-0.9449111825230683,0.9569026338151703,0.8207826816681233,0.9690327085521431,0.3478103158592973,0.9449111825230683,-1.2025613689761723,2.4316750354973156,0.7475450015964021,1.0190493307301363,0.7577977472535626,-1.5951758156178137,2.211083193570266,2.1630005613895316,0.9569026338151704,2.431675035497316,1.8894482907225052,2.495450405692873,-2.4954504056928744,2.371708245126285,2.1630005613895316,2.1172526114494827,-1.4501360464637376,2.3717082451262845,2.563479777846623,0.5692723300874231,-2.495450405692874,0.875595035770913,-2.3717082451262854,0.886857854412185,0.8755950357709131,0.8533820185387183,2.1630005613895316,2.261721604306025,-1.7844356324383883,-1.9479591485737229,2.6362852652928135,2.5634797778466236,-2.6362852652928144,-1.8173255310669334,0.8315583934409706,2.371708245126285,-2.2617216043060235,-0.8646297196303265,-1.2675004445952593,2.4954504056928735
7.657577319177793,1.0104377584601565,O=C(O)Cc1cc(Cl)cc(OCCC2(N3CCCCCC3)CCN(c3nc4ccc(Cl)cc4s3)CC2)c1,-0.9330531792422752,1.0190493307301363,1.557335833239921,1.8822478962286406,-0.9449111825230683,0.9569026338151703,0.8207826816681233,0.9690327085521431,-0.07168946343505898,0.9449111825230683,-1.2025613689761723,2.4316750354973156,0.7475450015964021,1.0190493307301363,0.7577977472535626,-1.5560929121704627,2.211083193570266,2.1630005613895316,0.9569026338151704,2.431675035497316,2.0253037902366895,2.495450405692873,-2.4954504056928744,2.371708245126285,2.1630005613895316,2.1172526114494827,-1.7879675725158155,2.3717082451262845,2.563479777846623,0.1544766010446331,-2.495450405692874,0.875595035770913,-2.3717082451262854,0.886857854412185,0.8755950357709131,0.8533820185387183,2.1630005613895316,2.261721604306025,-1.7844356324383883,-1.9219337877264249,2.6362852652928135,2.5634797778466236,-2.6362852652928144,-1.662025734926417,0.8315583934409706,2.371708245126285,-2.2617216043060235,-0.4232876055669116,-1.2675004445952593,2.4954504056928735
7.698970004336019,1.0104377584601565,O=C(O)Cc1ccc(Cl)c(OCCC2(C3CCCCC3)CCN(c3nc4ccc(Cl)cc4s3)CC2)c1,-0.9330531792422752,1.0190493307301363,1.3398336445009378,1.8822478962286406,-0.9449111825230683,0.9569026338151703,0.8207826816681233,0.9690327085521431,0.8176460865002709,0.9449111825230683,-1.2025613689761723,2.4316750354973156,0.7475450015964021,1.0190493307301363,0.7577977472535626,-2.2263753557698935,2.211083193570266,2.1630005613895316,0.9569026338151704,2.431675035497316,1.541745569689683,2.495450405692873,-2.4954504056928744,2.371708245126285,2.1630005613895316,2.1172526114494827,-1.2259010765830305,2.3717082451262845,2.563479777846623,0.9697587161877598,-2.495450405692874,0.875595035770913,-2.3717082451262854,0.886857854412185,0.8755950357709131,0.8533820185387183,2.1630005613895316,2.261721604306025,-1.7844356324383883,-1.5854299598355728,2.6362852652928135,2.5634797778466236,-2.6362852652928144,-1.1664316829986683,0.8315583934409706,2.371708245126285,-2.2617216043060235,-1.347747445782137,-1.2675004445952593,2.4954504056928735
7.886056647693163,1.0104377584601565,CCC1(CCOc2cc(CC(=O)O)ccc2Cl)CCN(c2nc3ccc(Cl)cc3s2)CC1,-0.9330531792422752,1.0190493307301363,1.3556589157576435,1.8822478962286406,-0.9449111825230683,0.9569026338151703,0.8207826816681233,0.9690327085521431,1.9658904170791291,0.9449111825230683,-1.2025613689761723,2.4316750354973156,0.7475450015964021,1.0190493307301363,0.7577977472535626,-2.175357164860424,2.211083193570266,2.1630005613895316,0.9569026338151704,2.431675035497316,1.623730990333875,2.495450405692873,-2.4954504056928744,2.371708245126285,2.1630005613895316,2.1172526114494827,-2.2387162886388237,2.3717082451262845,2.563479777846623,1.8330067249282482,-2.495450405692874,0.875595035770913,-2.3717082451262854,0.886857854412185,0.8755950357709131,0.8533820185387183,2.1630005613895316,2.261721604306025,-1.7844356324383883,-1.3051057081639694,2.6362852652928135,2.5634797778466236,-2.6362852652928144,-1.2410949535413556,0.8315583934409706,2.371708245126285,-2.2617216043060235,-1.2568292619763066,-1.2675004445952593,2.4954504056928735
8.443697499232712,1.0104377584601565,O=C(O)Cc1cc(Cl)cc(OCCC2(N3CCCC3)CCN(c3nc4ccc(C(F)(F)F)nc4s3)CC2)c1,-0.9330531792422752,1.0190493307301363,1.5143245568107981,1.8822478962286406,-0.9449111825230683,0.9569026338151703,0.8207826816681233,0.9690327085521431,0.7632987016559835,0.9449111825230683,-1.2025613689761723,2.4316750354973156,0.7475450015964021,1.0190493307301363,0.7577977472535626,-0.6622343202224629,2.211083193570266,2.1630005613895316,0.9569026338151704,2.431675035497316,0.8814168551521129,2.495450405692873,-2.4954504056928744,2.371708245126285,2.1630005613895316,2.1172526114494827,-1.6810382697482738,2.3717082451262845,2.563479777846623,0.6549813450780019,0.4007292622280525,0.875595035770913,-2.3717082451262854,0.886857854412185,0.8755950357709131,0.8533820185387183,2.1630005613895316,2.261721604306025,-1.7844356324383883,-1.0556456343521425,-0.3793216209054409,-0.39009474880274675,-2.6362852652928144,0.46501234878968056,0.8315583934409706,2.371708245126285,-2.2617216043060235,-0.3760265929355564,-1.2675004445952593,2.4954504056928735
8.013228265733755,1.0104377584601565,CC1CCCN1C1(CCOc2cc(Cl)cc(CC(=O)O)c2)CCN(c2nc3ccc(Cl)cc3s2)CC1,-0.9330531792422752,1.0190493307301363,1.3595446412992658,1.8822478962286406,-0.9449111825230683,0.9569026338151703,0.8207826816681233,0.9690327085521431,1.3753428059220525,0.9449111825230683,-1.2025613689761723,2.4316750354973156,0.7475450015964021,1.0190493307301363,0.7577977472535626,-1.4970914988684145,2.211083193570266,2.1630005613895316,0.9569026338151704,2.431675035497316,2.004942349997057,2.495450405692873,-2.4954504056928744,2.371708245126285,2.1630005613895316,2.1172526114494827,-1.1695420837694788,2.3717082451262845,2.563479777846623,1.6018766480984332,-2.495450405692874,0.875595035770913,-2.3717082451262854,0.886857854412185,0.8755950357709131,0.8533820185387183,2.1630005613895316,2.261721604306025,-1.7844356324383883,-1.8503381454243895,2.6362852652928135,2.5634797778466236,0.37932162090543964,-1.8853839170173983,0.8315583934409706,2.371708245126285,0.44214106550343346,-0.40825191983708875,0.7889543583705185,2.4954504056928735
8.075720713938118,1.0104377584601565,CCCCC1(CCOc2cc(CC(=O)O)ccc2Cl)CCN(c2nc3ccc(Cl)cc3s2)CC1,-0.9330531792422752,1.0190493307301363,1.1461490630461326,1.8822478962286406,-0.9449111825230683,0.9569026338151703,0.8207826816681233,0.9690327085521431,1.481513801168247,0.9449111825230683,-1.2025613689761723,2.4316750354973156,0.7475450015964021,1.0190493307301363,0.7577977472535626,-1.6807663452258401,2.211083193570266,2.1630005613895316,0.9569026338151704,2.431675035497316,1.7669451472552553,2.495450405692873,-2.4954504056928744,2.371708245126285,2.1630005613895316,2.1172526114494827,-1.6204999713074442,2.3717082451262845,2.563479777846623,1.5885994166862505,-2.495450405692874,0.875595035770913,-2.3717082451262854,0.886857854412185,0.8755950357709131,0.8533820185387183,2.1630005613895316,2.261721604306025,-1.7844356324383883,-1.4632065900447584,2.6362852652928135,2.5634797778466236,-2.6362852652928144,-1.300663577456456,0.8315583934409706,2.371708245126285,-2.2617216043060235,-0.6254493967689478,-1.2675004445952593,2.4954504056928735
7.657577319177793,1.0104377584601565,O=C(O)Cc1cc(Cl)cc(OCCC2(N3CCOCC3)CCN(c3nc4ccc(C(F)(F)F)cc4s3)CC2)c1,-0.9330531792422752,1.0190493307301363,1.2759178951737375,1.8822478962286406,-0.9449111825230683,0.9569026338151703,0.8207826816681233,0.9690327085521431,0.9812730723613757,0.9449111825230683,-1.2025613689761723,2.4316750354973156,0.7475450015964021,1.0190493307301363,0.7577977472535626,-0.6726666595674536,2.211083193570266,2.1630005613895316,0.9569026338151704,2.431675035497316,0.35163986737478814,2.495450405692873,-2.4954504056928744,2.371708245126285,2.1630005613895316,2.1172526114494827,-1.3859716775255568,2.3717082451262845,2.563479777846623,0.8514114179209339,0.4007292622280525,0.875595035770913,-2.3717082451262854,0.886857854412185,0.8755950357709131,0.8533820185387183,2.1630005613895316,2.261721604306025,-1.7844356324383883,-1.137203396129963,2.6362852652928135,2.5634797778466236,-2.6362852652928144,-1.2239151935422652,0.8315583934409706,2.371708245126285,-2.2617216043060235,-0.7530357938958862,0.7889543583705185,2.4954504056928735
7.823908740944319,1.0104377584601565,CC(C)OC(=O)C1=CN(C(=O)c2ccc(F)c(F)c2)CC(C)(C)c2c1[nH]c1ccccc21,-0.9330531792422752,1.0190493307301363,0.13094508588940879,-0.5312796481290517,-0.9449111825230683,0.9569026338151703,0.8207826816681233,0.9690327085521431,0.6587406799894956,0.9449111825230683,0.8315583934409703,-0.411239160414987,0.7475450015964021,1.0190493307301363,0.7577977472535626,-0.43887836256177787,-0.45226701686664567,-0.46232073067867885,0.9569026338151704,-0.4112391604149865,0.18263734035355028,-0.4007292622280536,0.40072926222805194,-0.4216370213557832,-0.46232073067867885,-0.4723101979387309,0.13255175174806588,-0.4216370213557842,-0.3900947488027469,0.47060496823221093,0.4007292622280525,0.875595035770913,0.4216370213557834,0.886857854412185,0.8755950357709131,0.8533820185387183,-0.46232073067867885,-0.44214106550343285,0.5604012729971791,0.6309130159999948,-0.3793216209054409,-0.39009474880274675,0.37932162090543964,-0.669258242662131,0.8315583934409706,-0.42163702135578324,0.44214106550343346,-0.6575745174163451,-1.2675004445952593,-0.40072926222805283
7.346787486224656,1.0104377584601565,CC(C)OC(=O)C1=CN(C(=O)c2ccc(F)c(F)c2)CC(C)(C)c2c1[nH]c1ccc(F)cc21,-0.9330531792422752,1.0190493307301363,-0.9451664082644284,-0.5312796481290517,-0.9449111825230683,0.9569026338151703,0.8207826816681233,0.9690327085521431,0.3758190350036332,0.9449111825230683,0.8315583934409703,-0.411239160414987,0.7475450015964021,1.0190493307301363,0.7577977472535626,-0.2555609411284142,-0.45226701686664567,-0.46232073067867885,0.9569026338151704,-0.4112391604149865,0.28133720266010837,-0.4007292622280536,0.40072926222805194,-0.4216370213557832,-0.46232073067867885,-0.4723101979387309,0.08732842094763804,-0.4216370213557842,-0.3900947488027469,0.32598672116904626,0.4007292622280525,0.875595035770913,0.4216370213557834,0.886857854412185,0.8755950357709131,0.8533820185387183,-0.46232073067867885,-0.44214106550343285,0.5604012729971791,0.6439250581661722,-0.3793216209054409,-0.39009474880274675,0.37932162090543964,-0.7861593470463977,0.8315583934409706,-0.42163702135578324,0.44214106550343346,0.0719972384392601,-1.2675004445952593,-0.40072926222805283
5.801617869991706,1.0104377584601565,CC(C)OC(=O)C1=CN(C(=O)c2cccc(CN3CCOCC3)c2)CC(C)(C)c2c1[nH]c1ccccc21,-0.9330531792422752,1.0190493307301363,1.218352880680208,-0.5312796481290517,-0.9449111825230683,0.9569026338151703,0.8207826816681233,0.9690327085521431,0.5474234816891276,0.9449111825230683,-1.2025613689761723,-0.411239160414987,0.7475450015964021,1.0190493307301363,0.7577977472535626,-0.5265280008481557,-0.45226701686664567,-0.46232073067867885,0.9569026338151704,-0.4112391604149865,0.4358004668239878,-0.4007292622280536,0.40072926222805194,-0.4216370213557832,-0.46232073067867885,-0.4723101979387309,-0.026347181226625396,-0.4216370213557842,-0.3900947488027469,0.627696812621152,0.4007292622280525,0.875595035770913,0.4216370213557834,0.886857854412185,0.8755950357709131,0.8533820185387183,-0.46232073067867885,-0.44214106550343285,0.5604012729971791,0.04028848564594714,-0.3793216209054409,-0.39009474880274675,0.37932162090543964,-0.5578861486100133,0.8315583934409706,-0.42163702135578324,0.44214106550343346,-0.2614997342215065,-1.2675004445952593,-0.40072926222805283
6.434152181326482,1.0104377584601565,CC(C)OC(=O)C1=CN(C(=O)c2cccc(CN3CCN(C)CC3)c2)CC(C)(C)c2c1[nH]c1ccccc21,-0.9330531792422752,1.0190493307301363,1.3962649317195044,-0.5312796481290517,-0.9449111825230683,0.9569026338151703,0.8207826816681233,0.9690327085521431,0.11148685999078607,0.9449111825230683,0.8315583934409703,-0.411239160414987,0.7475450015964021,1.0190493307301363,0.7577977472535626,-0.21101393017956308,-0.45226701686664567,-0.46232073067867885,0.9569026338151704,-0.4112391604149865,0.41478033015539095,-0.4007292622280536,0.40072926222805194,-0.4216370213557832,-0.46232073067867885,-0.4723101979387309,0.6719576123540837,-0.4216370213557842,-0.3900947488027469,0.1887238522957239,0.4007292622280525,0.875595035770913,0.4216370213557834,0.886857854412185,0.8755950357709131,0.8533820185387183,-0.46232073067867885,-0.44214106550343285,0.5604012729971791,-0.08412567704534148,-0.3793216209054409,-0.39009474880274675,0.37932162090543964,-0.43954888410228404,0.8315583934409706,-0.42163702135578324,0.44214106550343346,0.5408972915674358,0.7889543583705185,-0.40072926222805283
6.272458742971444,1.0104377584601565,CC(C)OC(=O)C1=CN(C(=O)c2cccc(CN3CCCCC3)c2)CC(C)(C)c2c1[nH]c1ccccc21,-0.9330531792422752,1.0190493307301363,0.9568647936695476,-0.5312796481290517,-0.9449111825230683,0.9569026338151703,0.8207826816681233,0.9690327085521431,0.11667505552054179,0.9449111825230683,-1.2025613689761723,-0.411239160414987,0.7475450015964021,1.0190493307301363,0.7577977472535626,-0.3370468492253909,-0.45226701686664567,-0.46232073067867885,0.9569026338151704,-0.4112391604149865,0.35866152189501654,-0.4007292622280536,0.40072926222805194,-0.4216370213557832,-0.46232073067867885,-0.4723101979387309,-0.17488671460786123,-0.4216370213557842,-0.3900947488027469,0.30270001099852256,0.4007292622280525,0.875595035770913,0.4216370213557834,0.886857854412185,0.8755950357709131,0.8533820185387183,-0.46232073067867885,-0.44214106550343285,0.5604012729971791,-0.4057801857155852,-0.3793216209054409,-0.39009474880274675,0.37932162090543964,0.15738350289219288,0.8315583934409706,-0.42163702135578324,0.44214106550343346,0.1385270188431555,-1.2675004445952593,-0.40072926222805283
6.468521082957745,1.0104377584601565,CC(C)OC(=O)C1=CN(C(=O)c2cccc(CN3CCCC3)c2)CC(C)(C)c2c1[nH]c1ccccc21,-0.9330531792422752,1.0190493307301363,0.9568647936695476,-0.5312796481290517,-0.9449111825230683,0.9569026338151703,0.8207826816681233,0.9690327085521431,0.33507101952745044,0.9449111825230683,-1.2025613689761723,-0.411239160414987,0.7475450015964021,1.0190493307301363,0.7577977472535626,-0.4122658351076265,-0.45226701686664567,-0.46232073067867885,0.9569026338151704,-0.4112391604149865,0.3235377675593943,-0.4007292622280536,0.40072926222805194,-0.4216370213557832,-0.46232073067867885,-0.4723101979387309,0.2601294514772174,-0.4216370213557842,-0.3900947488027469,0.429014950690237,0.4007292622280525,0.875595035770913,0.4216370213557834,0.886857854412185,0.8755950357709131,0.8533820185387183,-0.46232073067867885,-0.44214106550343285,0.5604012729971791,0.0779984061215801,-0.3793216209054409,-0.39009474880274675,0.37932162090543964,-0.4022282222868062,0.8315583934409706,-0.42163702135578324,0.44214106550343346,-0.8382274833167593,-1.2675004445952593,-0.40072926222805283
7.638272163982407,1.0104377584601565,CC(C)OC(=O)C1=CN(C(=O)c2ccc(CN3CCOCC3)cc2)CC(C)(C)c2c1[nH]c1ccccc21,-0.9330531792422752,1.0190493307301363,1.218352880680208,-0.5312796481290517,-0.9449111825230683,0.9569026338151703,0.8207826816681233,0.9690327085521431,0.32307648918186804,0.9449111825230683,-1.2025613689761723,-0.411239160414987,0.7475450015964021,1.0190493307301363,0.7577977472535626,-0.38387498863945263,-0.45226701686664567,-0.46232073067867885,0.9569026338151704,-0.4112391604149865,0.4358004668239878,-0.4007292622280536,0.40072926222805194,-0.4216370213557832,-0.46232073067867885,-0.4723101979387309,0.09899617453963135,-0.4216370213557842,-0.3900947488027469,0.1544766010446331,0.4007292622280525,0.875595035770913,0.4216370213557834,0.886857854412185,0.8755950357709131,0.8533820185387183,-0.46232073067867885,-0.44214106550343285,0.5604012729971791,-0.3884532875095944,-0.3793216209054409,-0.39009474880274675,0.37932162090543964,-0.4323449118829864,0.8315583934409706,-0.42163702135578324,0.44214106550343346,0.1893390658211082,-1.2675004445952593,-0.40072926222805283
6.349692476868063,1.0104377584601565,CC(C)OC(=O)C1=CN(C(=O)c2ccc(CN3CCOCC3)cc2)CC(C)(C)c2c1[nH]c1cc(F)ccc21,-0.9330531792422752,1.0190493307301363,1.0292488620867277,-0.5312796481290517,-0.9449111825230683,0.9569026338151703,0.8207826816681233,0.9690327085521431,0.7632987016559835,0.9449111825230683,-1.2025613689761723,-0.411239160414987,0.7475450015964021,1.0190493307301363,0.7577977472535626,-0.09941628447149121,-0.45226701686664567,-0.46232073067867885,0.9569026338151704,-0.4112391604149865,0.4217884987097259,-0.4007292622280536,0.40072926222805194,-0.4216370213557832,-0.46232073067867885,-0.4723101979387309,0.41826153700343116,-0.4216370213557842,-0.3900947488027469,0.49052554195766235,0.4007292622280525,0.875595035770913,0.4216370213557834,0.886857854412185,0.8755950357709131,0.8533820185387183,-0.46232073067867885,-0.44214106550343285,0.5604012729971791,-0.33543571745897116,-0.3793216209054409,-0.39009474880274675,0.37932162090543964,-0.8777820098334806,0.8315583934409706,-0.42163702135578324,0.44214106550343346,-0.5489456220002351,-1.2675004445952593,-0.40072926222805283
6.220403508742176,1.0104377584601565,CC(C)OC(=O)C1=CN(C(=O)c2ccc(CCN3CCOCC3)cc2)CC(C)(C)c2c1[nH]c1ccccc21,-0.9330531792422752,1.0190493307301363,1.4264413297593017,-0.5312796481290517,-0.9449111825230683,0.9569026338151703,0.8207826816681233,0.9690327085521431,0.31176568242466324,0.9449111825230683,-1.2025613689761723,-0.411239160414987,0.7475450015964021,1.0190493307301363,0.7577977472535626,-0.22340735575074855,-0.45226701686664567,-0.46232073067867885,0.9569026338151704,-0.4112391604149865,0.4638071376367144,-0.4007292622280536,0.40072926222805194,-0.4216370213557832,-0.46232073067867885,-0.4723101979387309,-0.23114869050184653,-0.4216370213557842,-0.3900947488027469,0.1887238522957239,0.4007292622280525,0.875595035770913,0.4216370213557834,0.886857854412185,0.8755950357709131,0.8533820185387183,-0.46232073067867885,-0.44214106550343285,0.5604012729971791,-0.16421280369936,-0.3793216209054409,-0.39009474880274675,0.37932162090543964,-0.8156751594557505,0.8315583934409706,-0.42163702135578324,0.44214106550343346,-0.9635113414658765,-1.2675004445952593,-0.40072926222805283
6.465973893943865,1.0104377584601565,CC(C)OC(=O)C1=CN(C(=O)c2ccc(CCN3CCOCC3)cc2)CC(C)(C)c2c1[nH]c1cc(F)ccc21,-0.9330531792422752,1.0190493307301363,1.0595878737795423,-0.5312796481290517,-0.9449111825230683,0.9569026338151703,0.8207826816681233,0.9690327085521431,0.7384973563286906,0.9449111825230683,-1.2025613689761723,-0.411239160414987,0.7475450015964021,1.0190493307301363,0.7577977472535626,-0.25486582000108826,-0.45226701686664567,-0.46232073067867885,0.9569026338151704,-0.4112391604149865,0.4498066600000156,-0.4007292622280536,0.40072926222805194,-0.4216370213557832,-0.46232073067867885,-0.4723101979387309,-0.3776429483140397,-0.4216370213557842,-0.3900947488027469,0.5193761221183946,0.4007292622280525,0.875595035770913,0.4216370213557834,0.886857854412185,0.8755950357709131,0.8533820185387183,-0.46232073067867885,-0.44214106550343285,0.5604012729971791,-0.47618201086177747,-0.3793216209054409,-0.39009474880274675,0.37932162090543964,-0.0885447751393518,0.8315583934409706,-0.42163702135578324,0.44214106550343346,0.38194450489014203,-1.2675004445952593,-0.40072926222805283
6.995678626217357,1.0104377584601565,CC(C)OC(=O)C1=CN(C(=O)c2ccc(OCCCN3CCOCC3)cc2)CC(C)(C)c2c1[nH]c1ccccc21,-0.9330531792422752,1.0190493307301363,1.4281400822779082,-0.5312796481290517,-0.9449111825230683,0.9569026338151703,0.8207826816681233,0.9690327085521431,0.2909705050900479,0.9449111825230683,-1.2025613689761723,-0.411239160414987,0.7475450015964021,1.0190493307301363,0.7577977472535626,-0.3159167423110014,-0.45226701686664567,-0.46232073067867885,0.9569026338151704,-0.4112391604149865,1.0266055563175192,-0.4007292622280536,0.40072926222805194,-0.4216370213557832,-0.46232073067867885,-0.4723101979387309,-0.6666338500659724,-0.4216370213557842,-0.3900947488027469,0.2534859169807067,0.4007292622280525,0.875595035770913,0.4216370213557834,0.886857854412185,0.8755950357709131,0.8533820185387183,-0.46232073067867885,-0.44214106550343285,0.5604012729971791,-0.564808456732897,-0.3793216209054409,-0.39009474880274675,0.37932162090543964,-0.07266341835281181,0.8315583934409706,-0.42163702135578324,0.44214106550343346,-0.45717204577985676,-1.2675004445952593,-0.40072926222805283
5.972242795309446,1.0104377584601565,CC(C)OC(=O)C1=CN(C(=O)c2ccc(OCCN3CCCCC3)cc2)CC(C)(C)c2c1[nH]c1ccccc21,-0.9330531792422752,1.0190493307301363,0.7456119676092542,-0.5312796481290517,-0.9449111825230683,0.9569026338151703,0.8207826816681233,0.9690327085521431,-0.07168946343505898,0.9449111825230683,-1.2025613689761723,-0.411239160414987,0.7475450015964021,1.0190493307301363,0.7577977472535626,-0.3667226242134542,-0.45226701686664567,-0.46232073067867885,0.9569026338151704,-0.4112391604149865,0.9644378343898428,-0.4007292622280536,0.40072926222805194,-0.4216370213557832,-0.46232073067867885,-0.4723101979387309,-0.9557172059368969,-0.4216370213557842,-0.3900947488027469,-0.0417930641761915,0.4007292622280525,0.875595035770913,0.4216370213557834,0.886857854412185,0.8755950357709131,0.8533820185387183,-0.46232073067867885,-0.44214106550343285,0.5604012729971791,-0.6478822789537231,-0.3793216209054409,-0.39009474880274675,0.37932162090543964,-0.10316870350099723,0.8315583934409706,-0.42163702135578324,0.44214106550343346,0.3934845318378702,-1.2675004445952593,-0.40072926222805283
6.357535479757878,1.0104377584601565,CC(C)OC(=O)C1=CN(C(=O)c2ccc(OCCN(C)C)cc2)CC(C)(C)c2c1[nH]c1ccccc21,-0.9330531792422752,1.0190493307301363,-0.1953254582306374,-0.5312796481290517,-0.9449111825230683,0.9569026338151703,0.8207826816681233,0.9690327085521431,0.5669277495015923,0.9449111825230683,0.8315583934409703,-0.411239160414987,0.7475450015964021,1.0190493307301363,0.7577977472535626,-0.18897340453106032,-0.45226701686664567,-0.46232073067867885,0.9569026338151704,-0.4112391604149865,0.6244197284278207,-0.4007292622280536,0.40072926222805194,-0.4216370213557832,-0.46232073067867885,-0.4723101979387309,-0.6379701019733657,-0.4216370213557842,-0.3900947488027469,0.2689409366012653,0.4007292622280525,0.875595035770913,0.4216370213557834,0.886857854412185,0.8755950357709131,0.8533820185387183,-0.46232073067867885,-0.44214106550343285,0.5604012729971791,-0.4525202594247073,-0.3793216209054409,-0.39009474880274675,0.37932162090543964,-0.9492876762575092,0.8315583934409706,-0.42163702135578324,0.44214106550343346,0.634099013596555,0.7889543583705185,-0.40072926222805283
6.156144577376839,1.0104377584601565,CC(C)OC(=O)C1=CN(C(=O)c2ccc(OCCN3CCCC3)cc2)CC(C)(C)c2c1[nH]c1ccccc21,-0.9330531792422752,1.0190493307301363,0.7456119676092542,-0.5312796481290517,-0.9449111825230683,0.9569026338151703,0.8207826816681233,0.9690327085521431,0.11148685999078607,0.9449111825230683,-1.2025613689761723,-0.411239160414987,0.7475450015964021,1.0190493307301363,0.7577977472535626,-0.09480242994718059,-0.45226701686664567,-0.46232073067867885,0.9569026338151704,-0.4112391604149865,0.9367810427840187,-0.4007292622280536,0.40072926222805194,-0.4216370213557832,-0.46232073067867885,-0.4723101979387309,0.32372298176574726,-0.4216370213557842,-0.3900947488027469,0.05132508889368138,0.4007292622280525,0.875595035770913,0.4216370213557834,0.886857854412185,0.8755950357709131,0.8533820185387183,-0.46232073067867885,-0.44214106550343285,0.5604012729971791,-0.16158356421147924,-0.3793216209054409,-0.39009474880274675,0.37932162090543964,-0.09766765369340613,0.8315583934409706,-0.42163702135578324,0.44214106550343346,-0.41289620967862073,-1.2675004445952593,-0.40072926222805283
6.603800652904264,1.0104377584601565,CC(C)OC(=O)C1=CN(C(=O)c2ccc(OCCN3CCOCC3)cc2)CC(C)(C)c2c1[nH]c1ccccc21,-0.9330531792422752,1.0190493307301363,1.0275837792303373,-0.5312796481290517,-0.9449111825230683,0.9569026338151703,0.8207826816681233,0.9690327085521431,0.3010797397088482,0.9449111825230683,-1.2025613689761723,-0.411239160414987,0.7475450015964021,1.0190493307301363,0.7577977472535626,-0.10606618135472563,-0.45226701686664567,-0.46232073067867885,0.9569026338151704,-0.4112391604149865,1.0058921077951604,-0.4007292622280536,0.40072926222805194,-0.4216370213557832,-0.46232073067867885,-0.4723101979387309,0.5221639539117487,-0.4216370213557842,-0.3900947488027469,0.22170743075056532,0.4007292622280525,0.875595035770913,0.4216370213557834,0.886857854412185,0.8755950357709131,0.8533820185387183,-0.46232073067867885,-0.44214106550343285,0.5604012729971791,-0.07653104834158408,-0.3793216209054409,-0.39009474880274675,0.37932162090543964,-0.050154615495036414,0.8315583934409706,-0.42163702135578324,0.44214106550343346,0.35531524734586606,-1.2675004445952593,-0.40072926222805283
6.542118103266008,1.0104377584601565,CC(C)OC(=O)C1=CN(C(=O)c2ccc(OCCN3CCN(C)CC3)cc2)CC(C)(C)c2c1[nH]c1ccccc21,-0.9330531792422752,1.0190493307301363,1.2203943125324161,-0.5312796481290517,-0.9449111825230683,0.9569026338151703,0.8207826816681233,0.9690327085521431,-0.07168946343505898,0.9449111825230683,-1.2025613689761723,-0.411239160414987,0.7475450015964021,1.0190493307301363,0.7577977472535626,-0.2383184962586023,-0.45226701686664567,-0.46232073067867885,0.9569026338151704,-0.4112391604149865,0.9989856095811325,-0.4007292622280536,0.40072926222805194,-0.4216370213557832,-0.46232073067867885,-0.4723101979387309,0.3618583032935432,-0.4216370213557842,-0.3900947488027469,-0.1259865724690715,0.4007292622280525,0.875595035770913,0.4216370213557834,0.886857854412185,0.8755950357709131,0.8533820185387183,-0.46232073067867885,-0.44214106550343285,0.5604012729971791,-0.6560575703023589,-0.3793216209054409,-0.39009474880274675,0.37932162090543964,-0.7326586077794709,0.8315583934409706,-0.42163702135578324,0.44214106550343346,0.6452089572494306,-1.2675004445952593,-0.40072926222805283
6.567030709125595,1.0104377584601565,CC(C)OC(=O)C1=CN(C(=O)c2ccc(OCCCN(C)C)cc2)CC(C)(C)c2c1[nH]c1ccccc21,-0.9330531792422752,1.0190493307301363,0.45964652289192165,-0.5312796481290517,-0.9449111825230683,0.9569026338151703,0.8207826816681233,0.9690327085521431,0.5474234816891276,0.9449111825230683,0.8315583934409703,-0.411239160414987,0.7475450015964021,1.0190493307301363,0.7577977472535626,-0.3833069054847972,-0.45226701686664567,-0.46232073067867885,0.9569026338151704,-0.4112391604149865,0.6522819102774812,-0.4007292622280536,0.40072926222805194,-0.4216370213557832,-0.46232073067867885,-0.4723101979387309,0.20340292399555693,-0.4216370213557842,-0.3900947488027469,0.30270001099852256,0.4007292622280525,0.875595035770913,0.4216370213557834,0.886857854412185,0.8755950357709131,0.8533820185387183,-0.46232073067867885,-0.44214106550343285,0.5604012729971791,-0.1976025774684663,-0.3793216209054409,-0.39009474880274675,0.37932162090543964,-0.3147673420027057,0.8315583934409706,-0.42163702135578324,0.44214106550343346,-1.6445203068018308,0.7889543583705185,-0.40072926222805283
6.441291429466834,1.0104377584601565,CC(C)OC(=O)C1=CN(C(=O)c2ccc(OCCCN3CCCC3)cc2)CC(C)(C)c2c1[nH]c1ccccc21,-0.9330531792422752,1.0190493307301363,0.45964652289192165,-0.5312796481290517,-0.9449111825230683,0.9569026338151703,0.8207826816681233,0.9690327085521431,0.10657647720014134,0.9449111825230683,-1.2025613689761723,-0.411239160414987,0.7475450015964021,1.0190493307301363,0.7577977472535626,-0.1727280600675543,-0.45226701686664567,-0.46232073067867885,0.9569026338151704,-0.4112391604149865,0.9644378343898428,-0.4007292622280536,0.40072926222805194,-0.4216370213557832,-0.46232073067867885,-0.4723101979387309,0.21358772939903625,-0.4216370213557842,-0.3900947488027469,0.08570006828405775,0.4007292622280525,0.875595035770913,0.4216370213557834,0.886857854412185,0.8755950357709131,0.8533820185387183,-0.46232073067867885,-0.44214106550343285,0.5604012729971791,-0.8577399619055291,-0.3793216209054409,-0.39009474880274675,0.37932162090543964,-0.4405796793861019,0.8315583934409706,-0.42163702135578324,0.44214106550343346,0.09681778266264512,-1.2675004445952593,-0.40072926222805283
6.372634143407268,1.0104377584601565,CC(C)OC(=O)C1=CN(C(=O)c2ccc(OCCCN3CCCCC3)cc2)CC(C)(C)c2c1[nH]c1ccccc21,-0.9330531792422752,1.0190493307301363,0.45964652289192165,-0.5312796481290517,-0.9449111825230683,0.9569026338151703,0.8207826816681233,0.9690327085521431,-0.07168946343505898,0.9449111825230683,-1.2025613689761723,-0.411239160414987,0.7475450015964021,1.0190493307301363,0.7577977472535626,-0.26896084741621984,-0.45226701686664567,-0.46232073067867885,0.9569026338151704,-0.4112391604149865,0.9920780974732728,-0.4007292622280536,0.40072926222805194,-0.4216370213557832,-0.46232073067867885,-0.4723101979387309,-0.3620142339986919,-0.4216370213557842,-0.3900947488027469,-0.00757972754752347,0.4007292622280525,0.875595035770913,0.4216370213557834,0.886857854412185,0.8755950357709131,0.8533820185387183,-0.46232073067867885,-0.44214106550343285,0.5604012729971791,-0.6303435610842235,-0.3793216209054409,-0.39009474880274675,0.37932162090543964,-0.19122288981859545,0.8315583934409706,-0.42163702135578324,0.44214106550343346,0.29434892127523576,-1.2675004445952593,-0.40072926222805283
6.7121982700697735,1.0104377584601565,CC(C)OC(=O)C1=CN(C(=O)c2ccc(OCCCN3CCN(C)CC3)cc2)CC(C)(C)c2c1[nH]c1ccccc21,-0.9330531792422752,1.0190493307301363,1.4243411409038917,-0.5312796481290517,-0.9449111825230683,0.9569026338151703,0.8207826816681233,0.9690327085521431,-0.07168946343505898,0.9449111825230683,-1.2025613689761723,-0.411239160414987,0.7475450015964021,1.0190493307301363,0.7577977472535626,-0.23264905488731064,-0.45226701686664567,-0.46232073067867885,0.9569026338151704,-0.4112391604149865,1.019702077465829,-0.4007292622280536,0.40072926222805194,-0.4216370213557832,-0.46232073067867885,-0.4723101979387309,0.42332828020394003,-0.4216370213557842,-0.3900947488027469,-0.0921650562328327,0.4007292622280525,0.875595035770913,0.4216370213557834,0.886857854412185,0.8755950357709131,0.8533820185387183,-0.46232073067867885,-0.44214106550343285,0.5604012729971791,-0.5465083333864053,-0.3793216209054409,-0.39009474880274675,0.37932162090543964,-0.13898948643824957,0.8315583934409706,-0.42163702135578324,0.44214106550343346,-0.5596104747121998,-1.2675004445952593,-0.40072926222805283
5.858236769724212,1.0104377584601565,CC(C)OC(=O)C1=CN(C(=O)c2cccc(OCCN(C)C)c2)CC(C)(C)c2c1[nH]c1ccccc21,-0.9330531792422752,1.0190493307301363,-0.1953254582306374,-0.5312796481290517,-0.9449111825230683,0.9569026338151703,0.8207826816681233,0.9690327085521431,0.8176460865002709,0.9449111825230683,0.8315583934409703,-0.411239160414987,0.7475450015964021,1.0190493307301363,0.7577977472535626,-0.12679722250847236,-0.45226701686664567,-0.46232073067867885,0.9569026338151704,-0.4112391604149865,0.6244197284278207,-0.4007292622280536,0.40072926222805194,-0.4216370213557832,-0.46232073067867885,-0.4723101979387309,0.11938310267306754,-0.4216370213557842,-0.3900947488027469,0.7793951486170179,0.4007292622280525,0.875595035770913,0.4216370213557834,0.886857854412185,0.8755950357709131,0.8533820185387183,-0.46232073067867885,-0.44214106550343285,0.5604012729971791,-0.41216080586600523,-0.3793216209054409,-0.39009474880274675,0.37932162090543964,-0.44227108044673447,0.8315583934409706,-0.42163702135578324,0.44214106550343346,0.5552341085865672,0.7889543583705185,-0.40072926222805283
5.880414225038216,1.0104377584601565,CC(C)OC(=O)C1=CN(C(=O)c2cccc(OCCN3CCCC3)c2)CC(C)(C)c2c1[nH]c1ccccc21,-0.9330531792422752,1.0190493307301363,0.5014456802263827,-0.5312796481290517,-0.9449111825230683,0.9569026338151703,0.8207826816681233,0.9690327085521431,0.31176568242466324,0.9449111825230683,-1.2025613689761723,-0.411239160414987,0.7475450015964021,1.0190493307301363,0.7577977472535626,-0.06996047834422385,-0.45226701686664567,-0.46232073067867885,0.9569026338151704,-0.4112391604149865,0.9367810427840187,-0.4007292622280536,0.40072926222805194,-0.4216370213557832,-0.46232073067867885,-0.4723101979387309,-0.3094177836629458,-0.4216370213557842,-0.3900947488027469,0.49052554195766235,0.4007292622280525,0.875595035770913,0.4216370213557834,0.886857854412185,0.8755950357709131,0.8533820185387183,-0.46232073067867885,-0.44214106550343285,0.5604012729971791,-0.005510084823507037,-0.3793216209054409,-0.39009474880274675,0.37932162090543964,-1.0780055254384557,0.8315583934409706,-0.42163702135578324,0.44214106550343346,-0.40358405797148084,0.7889543583705185,-0.40072926222805283
6.048662481204082,1.0104377584601565,CC(C)OC(=O)C1=CN(C(=O)c2cccc(OCCN3CCCCC3)c2)CC(C)(C)c2c1[nH]c1ccccc21,-0.9330531792422752,1.0190493307301363,0.5014456802263827,-0.5312796481290517,-0.9449111825230683,0.9569026338151703,0.8207826816681233,0.9690327085521431,0.10657647720014134,0.9449111825230683,-1.2025613689761723,-0.411239160414987,0.7475450015964021,1.0190493307301363,0.7577977472535626,-0.1663214633572802,-0.45226701686664567,-0.46232073067867885,0.9569026338151704,-0.4112391604149865,0.9644378343898428,-0.4007292622280536,0.40072926222805194,-0.4216370213557832,-0.46232073067867885,-0.4723101979387309,-0.034160946940571944,-0.4216370213557842,-0.3900947488027469,0.36625814340342727,0.4007292622280525,0.875595035770913,0.4216370213557834,0.886857854412185,0.8755950357709131,0.8533820185387183,-0.46232073067867885,-0.44214106550343285,0.5604012729971791,-0.19014078287901195,-0.3793216209054409,-0.39009474880274675,0.37932162090543964,-0.5017938145882429,0.8315583934409706,-0.42163702135578324,0.44214106550343346,0.5275137992183666,0.7889543583705185,-0.40072926222805283
6.068033885271827,1.0104377584601565,CC(C)OC(=O)C1=CN(C(=O)c2cccc(OCCN3CCOCC3)c2)CC(C)(C)c2c1[nH]c1ccccc21,-0.9330531792422752,1.0190493307301363,1.0275837792303373,-0.5312796481290517,-0.9449111825230683,0.9569026338151703,0.8207826816681233,0.9690327085521431,0.5117447762253438,0.9449111825230683,-1.2025613689761723,-0.411239160414987,0.7475450015964021,1.0190493307301363,0.7577977472535626,-0.18784677511166697,-0.45226701686664567,-0.46232073067867885,0.9569026338151704,-0.4112391604149865,1.0058921077951604,-0.4007292622280536,0.40072926222805194,-0.4216370213557832,-0.46232073067867885,-0.4723101979387309,-0.7677751611501669,-0.4216370213557842,-0.3900947488027469,0.681086827144555,0.4007292622280525,0.875595035770913,0.4216370213557834,0.886857854412185,0.8755950357709131,0.8533820185387183,-0.46232073067867885,-0.44214106550343285,0.5604012729971791,-0.21959248757440283,-0.3793216209054409,-0.39009474880274675,0.37932162090543964,-0.2653008640240219,0.8315583934409706,-0.42163702135578324,0.44214106550343346,0.28953498850984966,0.7889543583705185,-0.40072926222805283
5.542118103266008,1.0104377584601565,CC(C)OC(=O)C1=CN(C(=O)c2cccc(OCCN3CCN(C)CC3)c2)CC(C)(C)c2c1[nH]c1ccccc21,-0.9330531792422752,1.0190493307301363,1.0231529049200994,-0.5312796481290517,-0.9449111825230683,0.9569026338151703,0.8207826816681233,0.9690327085521431,0.10192104821701899,0.9449111825230683,0.8315583934409703,-0.411239160414987,0.7475450015964021,1.0190493307301363,0.7577977472535626,-0.050975161220619965,-0.45226701686664567,-0.46232073067867885,0.9569026338151704,-0.4112391604149865,0.9989856095811325,-0.4007292622280536,0.40072926222805194,-0.4216370213557832,-0.46232073067867885,-0.4723101979387309,0.4694227848520797,-0.4216370213557842,-0.3900947488027469,0.2534859169807067,0.4007292622280525,0.875595035770913,0.4216370213557834,0.886857854412185,0.8755950357709131,0.8533820185387183,-0.46232073067867885,-0.44214106550343285,0.5604012729971791,-0.1453503826597779,-0.3793216209054409,-0.39009474880274675,0.37932162090543964,-0.2001419324382993,0.8315583934409706,-0.42163702135578324,0.44214106550343346,0.7450004671966657,0.7889543583705185,-0.40072926222805283
6.209714835966759,1.0104377584601565,CC(C)OC(=O)C1=CN(C(=O)c2cccc(OCCCN(C)C)c2)CC(C)(C)c2c1[nH]c1ccccc21,-0.9330531792422752,1.0190493307301363,0.17581234980931143,-0.5312796481290517,-0.9449111825230683,0.9569026338151703,0.8207826816681233,0.9690327085521431,0.789634684767929,0.9449111825230683,0.8315583934409703,-0.411239160414987,0.7475450015964021,1.0190493307301363,0.7577977472535626,-0.5675711851019231,-0.45226701686664567,-0.46232073067867885,0.9569026338151704,-0.4112391604149865,0.6522819102774812,-0.4007292622280536,0.40072926222805194,-0.4216370213557832,-0.46232073067867885,-0.4723101979387309,-0.6230780384785148,-0.4216370213557842,-0.3900947488027469,0.80452673686427,0.4007292622280525,0.875595035770913,0.4216370213557834,0.886857854412185,0.8755950357709131,0.8533820185387183,-0.46232073067867885,-0.44214106550343285,0.5604012729971791,-0.03847428504703457,-0.3793216209054409,-0.39009474880274675,0.37932162090543964,-0.3367722553039088,0.8315583934409706,-0.42163702135578324,0.44214106550343346,-0.3385870367311478,0.7889543583705185,-0.40072926222805283
5.795066477645856,1.0104377584601565,CC(C)OC(=O)C1=CN(C(=O)c2cccc(OCCCN3CCCC3)c2)CC(C)(C)c2c1[nH]c1ccccc21,-0.9330531792422752,1.0190493307301363,0.17581234980931143,-0.5312796481290517,-0.9449111825230683,0.9569026338151703,0.8207826816681233,0.9690327085521431,0.3010797397088482,0.9449111825230683,-1.2025613689761723,-0.411239160414987,0.7475450015964021,1.0190493307301363,0.7577977472535626,-0.23724488108997172,-0.45226701686664567,-0.46232073067867885,0.9569026338151704,-0.4112391604149865,0.9644378343898428,-0.4007292622280536,0.40072926222805194,-0.4216370213557832,-0.46232073067867885,-0.4723101979387309,-0.7398498841045731,-0.4216370213557842,-0.3900947488027469,0.5193761221183946,0.4007292622280525,0.875595035770913,0.4216370213557834,0.886857854412185,0.8755950357709131,0.8533820185387183,-0.46232073067867885,-0.44214106550343285,0.5604012729971791,-0.3953709114230163,-0.3793216209054409,-0.39009474880274675,0.37932162090543964,-0.7276744054009151,0.8315583934409706,-0.42163702135578324,0.44214106550343346,0.29704495302007683,0.7889543583705185,-0.40072926222805283
5.9503943874050265,1.0104377584601565,CC(C)OC(=O)C1=CN(C(=O)c2cccc(OCCCN3CCCCC3)c2)CC(C)(C)c2c1[nH]c1ccccc21,-0.9330531792422752,1.0190493307301363,0.17581234980931143,-0.5312796481290517,-0.9449111825230683,0.9569026338151703,0.8207826816681233,0.9690327085521431,0.10192104821701899,0.9449111825230683,-1.2025613689761723,-0.411239160414987,0.7475450015964021,1.0190493307301363,0.7577977472535626,-0.24415498248662532,-0.45226701686664567,-0.46232073067867885,0.9569026338151704,-0.4112391604149865,0.9920780974732728,-0.4007292622280536,0.40072926222805194,-0.4216370213557832,-0.46232073067867885,-0.4723101979387309,-0.18976674131088936,-0.4216370213557842,-0.3900947488027469,0.3961955198641506,0.4007292622280525,0.875595035770913,0.4216370213557834,0.886857854412185,0.8755950357709131,0.8533820185387183,-0.46232073067867885,-0.44214106550343285,0.5604012729971791,-0.21206068964852282,-0.3793216209054409,-0.39009474880274675,0.37932162090543964,-0.26001441268795356,0.8315583934409706,-0.42163702135578324,0.44214106550343346,0.5944937511153096,0.7889543583705185,-0.40072926222805283
6.099086932262331,1.0104377584601565,CC(C)OC(=O)C1=CN(C(=O)c2cccc(OCCCN3CCOCC3)c2)CC(C)(C)c2c1[nH]c1ccccc21,-0.9330531792422752,1.0190493307301363,1.2465281795411707,-0.5312796481290517,-0.9449111825230683,0.9569026338151703,0.8207826816681233,0.9690327085521431,0.4953858246687607,0.9449111825230683,-1.2025613689761723,-0.411239160414987,0.7475450015964021,1.0190493307301363,0.7577977472535626,-0.02783855952781614,-0.45226701686664567,-0.46232073067867885,0.9569026338151704,-0.4112391604149865,1.0266055563175192,-0.4007292622280536,0.40072926222805194,-0.4216370213557832,-0.46232073067867885,-0.4723101979387309,0.8899857190451679,-0.4216370213557842,-0.3900947488027469,0.7060855236976442,0.4007292622280525,0.875595035770913,0.4216370213557834,0.886857854412185,0.8755950357709131,0.8533820185387183,-0.46232073067867885,-0.44214106550343285,0.5604012729971791,-0.32248619621210306,-0.3793216209054409,-0.39009474880274675,0.37932162090543964,0.07128259345992219,0.8315583934409706,-0.42163702135578324,0.44214106550343346,-0.8003141183176453,0.7889543583705185,-0.40072926222805283
5.99012436628784,1.0104377584601565,CC(C)OC(=O)C1=CN(C(=O)c2cccc(OCCCN3CCN(C)CC3)c2)CC(C)(C)c2c1[nH]c1ccccc21,-0.9330531792422752,1.0190493307301363,1.2424637698539762,-0.5312796481290517,-0.9449111825230683,0.9569026338151703,0.8207826816681233,0.9690327085521431,0.09750232921303546,0.9449111825230683,0.8315583934409703,-0.411239160414987,0.7475450015964021,1.0190493307301363,0.7577977472535626,-0.1563008485360306,-0.45226701686664567,-0.46232073067867885,0.9569026338151704,-0.4112391604149865,1.019702077465829,-0.4007292622280536,0.40072926222805194,-0.4216370213557832,-0.46232073067867885,-0.4723101979387309,0.31075678661842415,-0.4216370213557842,-0.3900947488027469,0.28411544626617724,0.4007292622280525,0.875595035770913,0.4216370213557834,0.886857854412185,0.8755950357709131,0.8533820185387183,-0.46232073067867885,-0.44214106550343285,0.5604012729971791,-0.36323853532902123,-0.3793216209054409,-0.39009474880274675,0.37932162090543964,0.18635872105449125,0.8315583934409706,-0.42163702135578324,0.44214106550343346,-0.020539099612508948,0.7889543583705185,-0.40072926222805283
7.055517327849831,1.0104377584601565,CC(C)OC(=O)C1=CN(C(=O)c2ccc(OCCCN3CCOCC3)cc2)CC(C)(C)c2c1[nH]c1cc(F)ccc21,-0.9330531792422752,1.0190493307301363,1.0595878737795423,-0.5312796481290517,-0.9449111825230683,0.9569026338151703,0.8207826816681233,0.9690327085521431,0.6929930169348787,0.9449111825230683,-1.2025613689761723,-0.411239160414987,0.7475450015964021,1.0190493307301363,0.7577977472535626,0.1420173834479386,-0.45226701686664567,-0.46232073067867885,0.9569026338151704,-0.4112391604149865,0.957525195783723,-0.4007292622280536,0.40072926222805194,-0.4216370213557832,-0.46232073067867885,-0.4723101979387309,0.06685259291345384,-0.4216370213557842,-0.3900947488027469,0.5736272009250577,0.4007292622280525,0.875595035770913,0.4216370213557834,0.886857854412185,0.8755950357709131,0.8533820185387183,-0.46232073067867885,-0.44214106550343285,0.5604012729971791,-0.6428615156078793,-0.3793216209054409,-0.39009474880274675,0.37932162090543964,-0.1882951255159942,0.8315583934409706,-0.42163702135578324,0.44214106550343346,0.2455801507618075,-1.2675004445952593,-0.40072926222805283
7.00436480540245,1.0104377584601565,CC(C)OC(=O)C1=CN(C(=O)c2ccc(OCCN3CCOCC3)cc2)CC(C)(C)c2c1[nH]c1cc(F)ccc21,-0.9330531792422752,1.0190493307301363,0.8225317466760271,-0.5312796481290517,-0.9449111825230683,0.9569026338151703,0.8207826816681233,0.9690327085521431,0.715100049859963,0.9449111825230683,-1.2025613689761723,-0.411239160414987,0.7475450015964021,1.0190493307301363,0.7577977472535626,-0.14743082833509707,-0.45226701686664567,-0.46232073067867885,0.9569026338151704,-0.4112391604149865,0.9436968039300881,-0.4007292622280536,0.40072926222805194,-0.4216370213557832,-0.46232073067867885,-0.4723101979387309,-0.4982434969182593,-0.4216370213557842,-0.3900947488027469,0.5470546289175315,0.4007292622280525,0.875595035770913,0.4216370213557834,0.886857854412185,0.8755950357709131,0.8533820185387183,-0.46232073067867885,-0.44214106550343285,0.5604012729971791,-0.29400179275866895,-0.3793216209054409,-0.39009474880274675,0.37932162090543964,-0.5667350598693743,0.8315583934409706,-0.42163702135578324,0.44214106550343346,-0.611471493961522,-1.2675004445952593,-0.40072926222805283
5.692503962086787,1.0104377584601565,CN1C(=O)c2cc(NC(=O)c3ccc(C(F)(F)F)cc3)ccc2OC[C@@H]2O[C@@H](CC(=O)NC3Cc4ccccc4C3)CC[C@@H]21,1.071750273453965,-0.9813067629253164,0.5462600983971835,-0.5312796481290517,1.0583005244258363,-1.045038402719199,-1.2183492931011208,-1.0319569104061783,-0.21605213467243167,-1.058300524425836,0.8315583934409703,-0.411239160414987,-1.337712108119877,-0.9813067629253164,-1.3196133184932728,0.9613488547286352,-0.45226701686664567,-0.46232073067867885,0.9569026338151704,-0.4112391604149865,-0.43163823431159165,-0.4007292622280536,0.40072926222805194,-0.4216370213557832,-0.46232073067867885,-0.4723101979387309,-0.5849104682936686,-0.4216370213557842,-0.3900947488027469,-0.20704467387814657,0.4007292622280525,-1.1420804814403214,0.4216370213557834,-1.1275764148954925,0.8755950357709131,-1.1718081448591358,-0.46232073067867885,-0.44214106550343285,0.5604012729971791,0.6755864067624826,-0.3793216209054409,-0.39009474880274675,0.37932162090543964,0.641876988880305,0.8315583934409706,-0.42163702135578324,0.44214106550343346,1.1115006490368342,0.7889543583705185,-0.40072926222805283
4.451544993495972,0.2519606436888056,CN1C(=O)c2cc(NC(=O)c3ccc(C(F)(F)F)cc3)ccc2OC[C@H]2O[C@@H](CC(=O)NC3Cc4ccccc4C3)CC[C@@H]21,1.071750273453965,-0.9813067629253164,0.5462600983971835,-0.5312796481290517,1.0583005244258363,-1.045038402719199,-1.2183492931011208,-1.0319569104061783,-0.21605213467243167,-1.058300524425836,0.8315583934409703,-0.411239160414987,-1.337712108119877,-0.9813067629253164,-1.3196133184932728,0.9942737696624273,-0.45226701686664567,-0.46232073067867885,0.9569026338151704,-0.4112391604149865,-0.43163823431159165,-0.4007292622280536,0.40072926222805194,-0.4216370213557832,-0.46232073067867885,-0.4723101979387309,-0.5512662897940084,-0.4216370213557842,-0.3900947488027469,-0.20704467387814657,0.4007292622280525,-1.1420804814403214,0.4216370213557834,-1.1275764148954925,0.8755950357709131,-1.1718081448591358,-0.46232073067867885,-0.44214106550343285,0.5604012729971791,0.22738154433358368,-0.3793216209054409,-0.39009474880274675,0.37932162090543964,0.7000905875143967,0.8315583934409706,-0.42163702135578324,0.44214106550343346,1.1594444765648013,0.7889543583705185,-0.40072926222805283
6.638272163982407,1.0104377584601565,CN1C(=O)c2cc(NC(=O)c3ccc(C(F)(F)F)cc3)ccc2OC[C@@H]2O[C@H](CC(=O)NC3Cc4ccccc4C3)CC[C@@H]21,1.071750273453965,-0.9813067629253164,0.5462600983971835,-0.5312796481290517,1.0583005244258363,-1.045038402719199,-1.2183492931011208,-1.0319569104061783,-0.21605213467243167,-1.058300524425836,0.8315583934409703,-0.411239160414987,-1.337712108119877,-0.9813067629253164,-1.3196133184932728,0.5932972384343387,-0.45226701686664567,-0.46232073067867885,0.9569026338151704,-0.4112391604149865,-0.43163823431159165,-0.4007292622280536,0.40072926222805194,-0.4216370213557832,-0.46232073067867885,-0.4723101979387309,0.8256447333431469,-0.4216370213557842,-0.3900947488027469,-0.20704467387814657,0.4007292622280525,-1.1420804814403214,0.4216370213557834,-1.1275764148954925,0.8755950357709131,-1.1718081448591358,-0.46232073067867885,-0.44214106550343285,0.5604012729971791,0.5328904052027356,-0.3793216209054409,-0.39009474880274675,0.37932162090543964,0.9589979991268514,0.8315583934409706,-0.42163702135578324,0.44214106550343346,0.12662522380535055,0.7889543583705185,-0.40072926222805283
6.221848749616356,1.0104377584601565,CCOC(=O)C1=CN(C(=O)c2ccc(F)cc2)CCc2c1[nH]c1ccccc21,-0.9330531792422752,1.0190493307301363,-0.6293519852165328,-0.5312796481290517,-0.9449111825230683,0.9569026338151703,0.8207826816681233,0.9690327085521431,1.1271713775353907,0.9449111825230683,-1.2025613689761723,-0.411239160414987,0.7475450015964021,1.0190493307301363,0.7577977472535626,-0.16647024986882453,-0.45226701686664567,-0.46232073067867885,0.9569026338151704,-0.4112391604149865,-0.015840475756506607,-0.4007292622280536,0.40072926222805194,-0.4216370213557832,-0.46232073067867885,-0.4723101979387309,-1.7198539754472324,-0.4216370213557842,-0.3900947488027469,0.9977829428775685,0.4007292622280525,0.875595035770913,0.4216370213557834,0.886857854412185,0.8755950357709131,0.8533820185387183,-0.46232073067867885,-0.44214106550343285,0.5604012729971791,-0.6128999246710783,-0.3793216209054409,-0.39009474880274675,0.37932162090543964,-0.6868305849427053,0.8315583934409706,-0.42163702135578324,0.44214106550343346,-0.16460933430276936,-1.2675004445952593,-0.40072926222805283
6.301029995663981,1.0104377584601565,CC(C)OC(=O)C1=CN(C(=O)c2ccc(F)cc2)CCc2c1[nH]c1ccccc21,-0.9330531792422752,1.0190493307301363,-0.6293519852165328,-0.5312796481290517,-0.9449111825230683,0.9569026338151703,0.8207826816681233,0.9690327085521431,0.7466027985795665,0.9449111825230683,-1.2025613689761723,-0.411239160414987,0.7475450015964021,1.0190493307301363,0.7577977472535626,-0.09336264701141028,-0.45226701686664567,-0.46232073067867885,0.9569026338151704,-0.4112391604149865,0.38673291213145883,-0.4007292622280536,0.40072926222805194,-0.4216370213557832,-0.46232073067867885,-0.4723101979387309,-0.8625871768885608,-0.4216370213557842,-0.3900947488027469,0.563126734204284,0.4007292622280525,0.875595035770913,0.4216370213557834,0.886857854412185,0.8755950357709131,0.8533820185387183,-0.46232073067867885,-0.44214106550343285,0.5604012729971791,-0.7247673995589083,-0.3793216209054409,-0.39009474880274675,0.37932162090543964,-0.5753953775929025,0.8315583934409706,-0.42163702135578324,0.44214106550343346,-0.16678343541310267,-1.2675004445952593,-0.40072926222805283
6.301029995663981,1.0104377584601565,CCCOC(=O)C1=CN(C(=O)c2ccc(F)cc2)CCc2c1[nH]c1ccccc21,-0.9330531792422752,1.0190493307301363,-0.6293519852165328,-0.5312796481290517,-0.9449111825230683,0.9569026338151703,0.8207826816681233,0.9690327085521431,1.0775375271617833,0.9449111825230683,-1.2025613689761723,-0.411239160414987,0.7475450015964021,1.0190493307301363,0.7577977472535626,-0.17690945744708697,-0.45226701686664567,-0.46232073067867885,0.9569026338151704,-0.4112391604149865,0.01260897532601033,-0.4007292622280536,0.40072926222805194,-0.4216370213557832,-0.46232073067867885,-0.4723101979387309,-1.4026911271252016,-0.4216370213557842,-0.3900947488027469,1.024059266103241,0.4007292622280525,0.875595035770913,0.4216370213557834,0.886857854412185,0.8755950357709131,0.8533820185387183,-0.46232073067867885,-0.44214106550343285,0.5604012729971791,-0.7720106101739918,-0.3793216209054409,-0.39009474880274675,0.37932162090543964,-0.6783235479202886,0.8315583934409706,-0.42163702135578324,0.44214106550343346,-0.23340445585691993,-1.2675004445952593,-0.40072926222805283
5.958607314841775,1.0104377584601565,CCCCOC(=O)C1=CN(C(=O)c2ccc(F)cc2)CCc2c1[nH]c1ccccc21,-0.9330531792422752,1.0190493307301363,0.16920002911070156,-0.5312796481290517,-0.9449111825230683,0.9569026338151703,0.8207826816681233,0.9690327085521431,1.0317442280288107,0.9449111825230683,-1.2025613689761723,-0.411239160414987,0.7475450015964021,1.0190493307301363,0.7577977472535626,-0.2501596160523905,-0.45226701686664567,-0.46232073067867885,0.9569026338151704,-0.4112391604149865,0.03392434406118244,-0.4007292622280536,0.40072926222805194,-0.4216370213557832,-0.46232073067867885,-0.4723101979387309,-1.552847176873594,-0.4216370213557842,-0.3900947488027469,1.048746716068263,0.4007292622280525,0.875595035770913,0.4216370213557834,0.886857854412185,0.8755950357709131,0.8533820185387183,-0.46232073067867885,-0.44214106550343285,0.5604012729971791,-0.5844489856842829,-0.3793216209054409,-0.39009474880274675,0.37932162090543964,-0.3390275262140201,0.8315583934409706,-0.42163702135578324,0.44214106550343346,0.419417223618717,-1.2675004445952593,-0.40072926222805283
7.244125144327507,1.0104377584601565,CCOC(=O)C1=CN(C(=O)c2ccc(F)cc2)CC(C)c2c1[nH]c1ccccc21,-0.9330531792422752,1.0190493307301363,-0.6293519852165328,-0.5312796481290517,-0.9449111825230683,0.9569026338151703,0.8207826816681233,0.9690327085521431,1.4372999563979552,0.9449111825230683,-1.2025613689761723,-0.411239160414987,0.7475450015964021,1.0190493307301363,0.7577977472535626,-0.05153934940612358,-0.45226701686664567,-0.46232073067867885,0.9569026338151704,-0.4112391604149865,-0.10138017525480374,-0.4007292622280536,0.40072926222805194,-0.4216370213557832,-0.46232073067867885,2.1172526114494827,-1.1835889211344823,-0.4216370213557842,-0.3900947488027469,1.024059266103241,0.4007292622280525,0.875595035770913,0.4216370213557834,0.886857854412185,0.8755950357709131,0.8533820185387183,-0.46232073067867885,-0.44214106550343285,0.5604012729971791,0.24807574732734233,-0.3793216209054409,-0.39009474880274675,0.37932162090543964,-0.7716663931097234,0.8315583934409706,-0.42163702135578324,0.44214106550343346,0.08083215775134207,-1.2675004445952593,-0.40072926222805283
7.136677139879544,1.0104377584601565,CCOC(=O)C1=CN(C(=O)c2ccc(Cl)cc2)CC(C)c2c1[nH]c1ccccc21,-0.9330531792422752,1.0190493307301363,-0.6293519852165328,-0.5312796481290517,-0.9449111825230683,0.9569026338151703,0.8207826816681233,0.9690327085521431,1.4372999563979552,0.9449111825230683,-1.2025613689761723,-0.411239160414987,0.7475450015964021,1.0190493307301363,0.7577977472535626,-0.5989317845251305,-0.45226701686664567,-0.46232073067867885,0.9569026338151704,-0.4112391604149865,-0.5907351338181808,-0.4007292622280536,0.40072926222805194,-0.4216370213557832,-0.46232073067867885,2.1172526114494827,-0.5313535528197881,-0.4216370213557842,-0.3900947488027469,1.024059266103241,0.4007292622280525,0.875595035770913,0.4216370213557834,0.886857854412185,0.8755950357709131,0.8533820185387183,-0.46232073067867885,-0.44214106550343285,0.5604012729971791,0.2556035122765116,-0.3793216209054409,-0.39009474880274675,0.37932162090543964,-0.7344439207185924,0.8315583934409706,-0.42163702135578324,0.44214106550343346,-0.8500226667294879,-1.2675004445952593,-0.40072926222805283
7.221848749616356,1.0104377584601565,CCOC(=O)C1=CN(C(=O)c2ccc(OC)cc2)CC(C)c2c1[nH]c1ccccc21,-0.9330531792422752,1.0190493307301363,-0.6293519852165328,-0.5312796481290517,-0.9449111825230683,0.9569026338151703,0.8207826816681233,0.9690327085521431,1.0317442280288107,0.9449111825230683,-1.2025613689761723,-0.411239160414987,0.7475450015964021,1.0190493307301363,0.7577977472535626,-0.26174841949354644,-0.45226701686664567,-0.46232073067867885,0.9569026338151704,-0.4112391604149865,-0.0799690840044931,-0.4007292622280536,0.40072926222805194,-0.4216370213557832,-0.46232073067867885,2.1172526114494827,-0.1872909029046886,-0.4216370213557842,-0.3900947488027469,0.8166567575334885,0.4007292622280525,0.875595035770913,0.4216370213557834,0.886857854412185,0.8755950357709131,0.8533820185387183,-0.46232073067867885,-0.44214106550343285,0.5604012729971791,-0.5096350402277534,-0.3793216209054409,-0.39009474880274675,0.37932162090543964,-1.043262439139365,0.8315583934409706,-0.42163702135578324,0.44214106550343346,0.06156113091826336,-1.2675004445952593,-0.40072926222805283
7.494850021680094,1.0104377584601565,CCOC(=O)C1=CN(C(=O)c2ccc(F)c(F)c2)CC(C)c2c1[nH]c1ccccc21,-0.9330531792422752,1.0190493307301363,0.13094508588940879,-0.5312796481290517,-0.9449111825230683,0.9569026338151703,0.8207826816681233,0.9690327085521431,1.3753428059220525,0.9449111825230683,0.8315583934409703,-0.411239160414987,0.7475450015964021,1.0190493307301363,0.7577977472535626,-0.07124189074938048,-0.45226701686664567,-0.46232073067867885,0.9569026338151704,-0.4112391604149865,0.07650024241298005,-0.4007292622280536,0.40072926222805194,-0.4216370213557832,-0.46232073067867885,2.1172526114494827,-1.312196144726467,-0.4216370213557842,-0.3900947488027469,1.2954726224940156,0.4007292622280525,0.875595035770913,0.4216370213557834,0.886857854412185,0.8755950357709131,0.8533820185387183,-0.46232073067867885,-0.44214106550343285,0.5604012729971791,0.30476924070431527,-0.3793216209054409,-0.39009474880274675,0.37932162090543964,-0.2922677077996456,0.8315583934409706,-0.42163702135578324,0.44214106550343346,0.03628918381028401,-1.2675004445952593,-0.40072926222805283
7.657577319177793,1.0104377584601565,CCOC(=O)C1=CN(C(=O)c2ccc(F)cc2)CC(C)(C)c2c1[nH]c1ccccc21,-0.9330531792422752,1.0190493307301363,-0.6293519852165328,-0.5312796481290517,-0.9449111825230683,0.9569026338151703,0.8207826816681233,0.9690327085521431,1.0317442280288107,0.9449111825230683,-1.2025613689761723,-0.411239160414987,0.7475450015964021,1.0190493307301363,0.7577977472535626,-0.4165332235841612,-0.45226701686664567,-0.46232073067867885,0.9569026338151704,-0.4112391604149865,-0.28762051409886796,-0.4007292622280536,0.40072926222805194,-0.4216370213557832,-0.46232073067867885,-0.4723101979387309,0.03650385601141779,-0.4216370213557842,-0.3900947488027469,0.5991563019317557,0.4007292622280525,0.875595035770913,0.4216370213557834,0.886857854412185,0.8755950357709131,0.8533820185387183,-0.46232073067867885,-0.44214106550343285,0.5604012729971791,0.31438952269488674,-0.3793216209054409,-0.39009474880274675,0.37932162090543964,-0.6079799407352943,0.8315583934409706,-0.42163702135578324,0.44214106550343346,-1.522223367488823,-1.2675004445952593,-0.40072926222805283
7.920818753952375,1.0104377584601565,CCOC(=O)C1=CN(C(=O)c2ccc(F)c(F)c2)CC(C)(C)c2c1[nH]c1ccccc21,-0.9330531792422752,1.0190493307301363,0.13094508588940879,-0.5312796481290517,-0.9449111825230683,0.9569026338151703,0.8207826816681233,0.9690327085521431,0.989370287522348,0.9449111825230683,0.8315583934409703,-0.411239160414987,0.7475450015964021,1.0190493307301363,0.7577977472535626,-0.44716849281416005,-0.45226701686664567,-0.46232073067867885,0.9569026338151704,-0.4112391604149865,-0.1156636483343081,-0.4007292622280536,0.40072926222805194,-0.4216370213557832,-0.46232073067867885,-0.4723101979387309,-0.4323018238772659,-0.4216370213557842,-0.3900947488027469,0.8457825523470568,0.4007292622280525,0.875595035770913,0.4216370213557834,0.886857854412185,0.8755950357709131,0.8533820185387183,-0.46232073067867885,-0.44214106550343285,0.5604012729971791,0.7968528687339432,-0.3793216209054409,-0.39009474880274675,0.37932162090543964,-0.6142166548958206,0.8315583934409706,-0.42163702135578324,0.44214106550343346,-2.2105228204153193,-1.2675004445952593,-0.40072926222805283
7.602059991327962,1.0104377584601565,CCOC(=O)C1=CN(C(=O)c2ccc(Cl)cc2)CC(C)(C)c2c1[nH]c1ccccc21,-0.9330531792422752,1.0190493307301363,-0.6293519852165328,-0.5312796481290517,-0.9449111825230683,0.9569026338151703,0.8207826816681233,0.9690327085521431,1.0317442280288107,0.9449111825230683,-1.2025613689761723,-0.411239160414987,0.7475450015964021,1.0190493307301363,0.7577977472535626,-0.8411294342587425,-0.45226701686664567,-0.46232073067867885,0.9569026338151704,-0.4112391604149865,-0.743202794828583,-0.4007292622280536,0.40072926222805194,-0.4216370213557832,-0.46232073067867885,-0.4723101979387309,-0.270706183727851,-0.4216370213557842,-0.3900947488027469,0.5991563019317557,0.4007292622280525,0.875595035770913,0.4216370213557834,0.886857854412185,0.8755950357709131,0.8533820185387183,-0.46232073067867885,-0.44214106550343285,0.5604012729971791,0.029780813979231685,-0.3793216209054409,-0.39009474880274675,0.37932162090543964,-0.7316519673021284,0.8315583934409706,-0.42163702135578324,0.44214106550343346,-1.3741216617966125,-1.2675004445952593,-0.40072926222805283
7.537602002101044,1.0104377584601565,CCOC(=O)C1=CN(C(=O)c2ccc(OC)cc2)CC(C)(C)c2c1[nH]c1ccccc21,-0.9330531792422752,1.0190493307301363,-0.6293519852165328,-0.5312796481290517,-0.9449111825230683,0.9569026338151703,0.8207826816681233,0.9690327085521431,0.6858924286897201,0.9449111825230683,-1.2025613689761723,-0.411239160414987,0.7475450015964021,1.0190493307301363,0.7577977472535626,-0.3090428894136374,-0.45226701686664567,-0.46232073067867885,0.9569026338151704,-0.4112391604149865,-0.26607223692283444,-0.4007292622280536,0.40072926222805194,-0.4216370213557832,-0.46232073067867885,-0.4723101979387309,-1.131680259661542,-0.4216370213557842,-0.3900947488027469,0.4343457308564587,0.4007292622280525,0.875595035770913,0.4216370213557834,0.886857854412185,0.8755950357709131,0.8533820185387183,-0.46232073067867885,-0.44214106550343285,0.5604012729971791,-0.24886754611273998,-0.3793216209054409,-0.39009474880274675,0.37932162090543964,-1.1649770310132943,0.8315583934409706,-0.42163702135578324,0.44214106550343346,0.5969110744750781,-1.2675004445952593,-0.40072926222805283
8.096910013008056,1.0104377584601565,CC(C)OC(=O)C1=CN(C(=O)c2ccc(F)cc2)CC(C)(C)c2c1[nH]c1ccccc21,-0.9330531792422752,1.0190493307301363,-0.6293519852165328,-0.5312796481290517,-0.9449111825230683,0.9569026338151703,0.8207826816681233,0.9690327085521431,0.6858924286897201,0.9449111825230683,-1.2025613689761723,-0.411239160414987,0.7475450015964021,1.0190493307301363,0.7577977472535626,-0.3775516007335263,-0.45226701686664567,-0.46232073067867885,0.9569026338151704,-0.4112391604149865,0.11192611841729438,-0.4007292622280536,0.40072926222805194,-0.4216370213557832,-0.46232073067867885,-0.4723101979387309,0.115192256304439,-0.4216370213557842,-0.3900947488027469,0.24901753648757224,0.4007292622280525,0.875595035770913,0.4216370213557834,0.886857854412185,0.8755950357709131,0.8533820185387183,-0.46232073067867885,-0.44214106550343285,0.5604012729971791,0.18160441191414933,-0.3793216209054409,-0.39009474880274675,0.37932162090543964,-0.5979071127174207,0.8315583934409706,-0.42163702135578324,0.44214106550343346,-2.055069723906464,-1.2675004445952593,-0.40072926222805283
6.142667503568731,1.0104377584601565,CN1C(=O)c2cc(NC(=O)c3ccc(C(F)(F)F)cc3)ccc2OC[C@@H]2O[C@H](CNC(=O)CC(C)(C)C)CC[C@@H]21,1.071750273453965,-0.9813067629253164,-0.11838410813889137,-0.5312796481290517,1.0583005244258363,-1.045038402719199,-1.2183492931011208,-1.0319569104061783,0.2909705050900479,-1.058300524425836,0.8315583934409703,-0.411239160414987,-1.337712108119877,-0.9813067629253164,-1.3196133184932728,0.3147428096287405,-0.45226701686664567,-0.46232073067867885,-1.0450384027191992,-0.4112391604149865,-0.2948065284192878,-0.4007292622280536,0.40072926222805194,-0.4216370213557832,-0.46232073067867885,-0.4723101979387309,-0.19027582571576576,-0.4216370213557842,-0.3900947488027469,0.11890239838660942,0.4007292622280525,-1.1420804814403214,0.4216370213557834,-1.1275764148954925,0.8755950357709131,-1.1718081448591358,-0.46232073067867885,2.261721604306025,0.5604012729971791,0.20207223395257518,-0.3793216209054409,-0.39009474880274675,0.37932162090543964,0.7576675606361978,0.8315583934409706,-0.42163702135578324,0.44214106550343346,0.78343236962787,0.7889543583705185,-0.40072926222805283
6.494850021680094,1.0104377584601565,CN1C(=O)c2cc(NC(=O)c3ccc(C(F)(F)F)cc3)ccc2OC[C@@H]2O[C@H](CNc3nnc(C4CCC4)o3)CC[C@@H]21,1.071750273453965,-0.9813067629253164,0.5462600983971835,-0.5312796481290517,1.0583005244258363,0.9569026338151703,-1.2183492931011208,-1.0319569104061783,0.46524486720143965,0.9449111825230683,0.8315583934409703,-0.411239160414987,-1.337712108119877,-0.9813067629253164,-1.3196133184932728,0.5062564413772455,-0.45226701686664567,-0.46232073067867885,-1.0450384027191992,-0.4112391604149865,-0.180029888174615,-0.4007292622280536,0.40072926222805194,-0.4216370213557832,-0.46232073067867885,-0.4723101979387309,-0.5681560802795358,-0.4216370213557842,-0.3900947488027469,0.7530264816856758,0.4007292622280525,0.875595035770913,0.4216370213557834,-1.1275764148954925,0.8755950357709131,0.8533820185387183,-0.46232073067867885,-0.44214106550343285,0.5604012729971791,0.19470031296145737,-0.3793216209054409,-0.39009474880274675,0.37932162090543964,1.2434444455160925,0.8315583934409706,2.371708245126285,0.44214106550343346,1.6100701733914629,0.7889543583705185,-0.40072926222805283
5.958607314841775,1.0104377584601565,CN1C(=O)c2cc(NC(=O)c3ccc(C(F)(F)F)cc3)ccc2OC[C@@H]2O[C@H](CNC(=O)[C@@H]3CCCO3)CC[C@@H]21,1.071750273453965,-0.9813067629253164,0.24145623509557956,-0.5312796481290517,1.0583005244258363,-1.045038402719199,-1.2183492931011208,-1.0319569104061783,0.4953858246687607,0.9449111825230683,0.8315583934409703,-0.411239160414987,-1.337712108119877,-0.9813067629253164,-1.3196133184932728,0.5396968343687186,-0.45226701686664567,-0.46232073067867885,-1.0450384027191992,-0.4112391604149865,0.20381557997137684,-0.4007292622280536,0.40072926222805194,-0.4216370213557832,2.1630005613895316,-0.4723101979387309,-1.1122839333277048,-0.4216370213557842,-0.3900947488027469,0.7060855236976442,0.4007292622280525,-1.1420804814403214,0.4216370213557834,0.886857854412185,0.8755950357709131,-1.1718081448591358,-0.46232073067867885,-0.44214106550343285,0.5604012729971791,0.07239191162368952,-0.3793216209054409,-0.39009474880274675,0.37932162090543964,0.8666061366555835,0.8315583934409706,-0.42163702135578324,0.44214106550343346,1.1612264731215487,0.7889543583705185,-0.40072926222805283
7.096910013008056,1.0104377584601565,CC(C)COC(=O)NC[C@@H]1CC[C@H]2[C@H](COc3ccc(NC(=O)c4ccc(C(F)(F)F)cc4)cc3C(=O)N2C)O1,-0.9330531792422752,-0.9813067629253164,-0.11838410813889137,1.8822478962286406,1.0583005244258363,0.9569026338151703,0.8207826816681233,-1.0319569104061783,0.9500514212945551,-1.058300524425836,0.8315583934409703,-0.411239160414987,-1.337712108119877,-0.9813067629253164,-1.3196133184932728,-0.18064928523918283,-0.45226701686664567,-0.46232073067867885,-1.0450384027191992,-0.4112391604149865,-0.4966413855264873,-0.4007292622280536,0.40072926222805194,-0.4216370213557832,-0.46232073067867885,-0.4723101979387309,-0.054248169054385655,-0.4216370213557842,-0.3900947488027469,0.7060855236976442,0.4007292622280525,-1.1420804814403214,0.4216370213557834,-1.1275764148954925,0.8755950357709131,-1.1718081448591358,-0.46232073067867885,-0.44214106550343285,0.5604012729971791,-0.057414399226209716,-0.3793216209054409,-0.39009474880274675,0.37932162090543964,-0.09310095287935607,0.8315583934409706,-0.42163702135578324,0.44214106550343346,0.00808911422689551,0.7889543583705185,-0.40072926222805283
6.730487055782083,1.0104377584601565,O=C(O)c1ccc(COc2cccc(-c3c(C(=O)c4ccccc4)cnc4c(C(F)(F)F)cccc34)c2)cc1,-0.9330531792422752,-0.9813067629253164,-0.9832130894541767,-0.5312796481290517,-0.9449111825230683,-1.045038402719199,0.8207826816681233,0.9690327085521431,-0.9273239725305401,0.9449111825230683,0.8315583934409703,-0.411239160414987,0.7475450015964021,-0.9813067629253164,-1.3196133184932728,0.8498224274806525,-0.45226701686664567,-0.46232073067867885,-1.0450384027191992,-0.4112391604149865,-1.3949092947309867,-0.4007292622280536,0.40072926222805194,-0.4216370213557832,-0.46232073067867885,-0.4723101979387309,1.3612790331902906,-0.4216370213557842,-0.3900947488027469,-0.7106563252986176,0.4007292622280525,-1.1420804814403214,0.4216370213557834,-1.1275764148954925,0.8755950357709131,-1.1718081448591358,-0.46232073067867885,-0.44214106550343285,-1.7844356324383883,1.416426817823256,-0.3793216209054409,-0.39009474880274675,0.37932162090543964,0.8687013537371114,-1.2025613689761725,-0.42163702135578324,0.44214106550343346,1.5010368424158949,0.7889543583705185,-0.40072926222805283
6.528708288941061,1.0104377584601565,COC(=O)c1ccc(COc2cccc(-c3c(C(=O)c4ccccc4)cnc4c(C(F)(F)F)cccc34)c2)cc1,-0.9330531792422752,-0.9813067629253164,-0.9832130894541767,-0.5312796481290517,-0.9449111825230683,-1.045038402719199,0.8207826816681233,0.9690327085521431,-0.9116603554042888,0.9449111825230683,0.8315583934409703,-0.411239160414987,0.7475450015964021,-0.9813067629253164,-1.3196133184932728,0.9981499307311714,-0.45226701686664567,-0.46232073067867885,-1.0450384027191992,-0.4112391604149865,-1.3801772447068794,-0.4007292622280536,0.40072926222805194,-0.4216370213557832,-0.46232073067867885,-0.4723101979387309,1.1651288976233187,-0.4216370213557842,-0.3900947488027469,-0.6773113837137772,0.4007292622280525,-1.1420804814403214,0.4216370213557834,-1.1275764148954925,0.8755950357709131,-1.1718081448591358,-0.46232073067867885,-0.44214106550343285,-1.7844356324383883,1.5694833531846037,-0.3793216209054409,-0.39009474880274675,0.37932162090543964,1.0712133255387186,-1.2025613689761725,-0.42163702135578324,0.44214106550343346,1.8775715296037472,0.7889543583705185,-0.40072926222805283
5.823908740944319,1.0104377584601565,O=C(O)c1cccc(COc2cccc(-c3c(C(=O)c4ccccc4)cnc4c(C(F)(F)F)cccc34)c2)c1,-0.9330531792422752,-0.9813067629253164,-1.4227363025174657,-0.5312796481290517,-0.9449111825230683,-1.045038402719199,0.8207826816681233,0.9690327085521431,-0.9273239725305401,0.9449111825230683,0.8315583934409703,-0.411239160414987,0.7475450015964021,-0.9813067629253164,-1.3196133184932728,0.6704133911577581,-0.45226701686664567,-0.46232073067867885,-1.0450384027191992,-0.4112391604149865,-1.3949092947309867,-0.4007292622280536,0.40072926222805194,-0.4216370213557832,-0.46232073067867885,-0.4723101979387309,1.123484095736086,-0.4216370213557842,-0.3900947488027469,-0.7106563252986176,0.4007292622280525,-1.1420804814403214,0.4216370213557834,-1.1275764148954925,0.8755950357709131,-1.1718081448591358,-0.46232073067867885,-0.44214106550343285,-1.7844356324383883,1.6728152350147945,-0.3793216209054409,-0.39009474880274675,0.37932162090543964,0.8784504189844751,-1.2025613689761725,-0.42163702135578324,0.44214106550343346,1.79482866284396,0.7889543583705185,-0.40072926222805283
5.823908740944319,1.0104377584601565,O=C(O)c1ccc(COc2ccc(-c3c(C(=O)c4ccccc4)cnc4c(C(F)(F)F)cccc34)cc2)cc1,-0.9330531792422752,-0.9813067629253164,-0.9832130894541767,-0.5312796481290517,-0.9449111825230683,-1.045038402719199,0.8207826816681233,0.9690327085521431,-1.0133196287216253,0.9449111825230683,0.8315583934409703,-0.411239160414987,0.7475450015964021,-0.9813067629253164,-1.3196133184932728,1.004025128028182,-0.45226701686664567,-0.46232073067867885,-1.0450384027191992,-0.4112391604149865,-1.3949092947309867,-0.4007292622280536,0.40072926222805194,-0.4216370213557832,-0.46232073067867885,-0.4723101979387309,0.524144191843883,-0.4216370213557842,-0.3900947488027469,-0.8480746689013471,0.4007292622280525,-1.1420804814403214,0.4216370213557834,-1.1275764148954925,0.8755950357709131,-1.1718081448591358,-0.46232073067867885,-0.44214106550343285,-1.7844356324383883,1.5864120940265936,-0.3793216209054409,-0.39009474880274675,0.37932162090543964,0.8653750592612056,-1.2025613689761725,-0.42163702135578324,0.44214106550343346,1.2439649229471803,0.7889543583705185,-0.40072926222805283
6.427128397799519,1.0104377584601565,CN(Cc1ccc(CC(=O)O)cc1)c1cccc(-c2c(Cc3ccccc3)cnc3c(C(F)(F)F)cccc23)c1,-0.9330531792422752,-0.9813067629253164,0.8738734972905079,-0.5312796481290517,1.0583005244258363,0.9569026338151703,0.8207826816681233,0.9690327085521431,-0.8206750855196134,0.9449111825230683,0.8315583934409703,-0.411239160414987,0.7475450015964021,-0.9813067629253164,0.7577977472535626,1.017784647765395,2.211083193570266,2.1630005613895316,-1.0450384027191992,-0.4112391604149865,-2.0241433237687882,-0.4007292622280536,0.40072926222805194,-0.4216370213557832,2.1630005613895316,-0.4723101979387309,1.462181681334787,-0.4216370213557842,-0.3900947488027469,-0.6773113837137772,0.4007292622280525,0.875595035770913,0.4216370213557834,0.886857854412185,-1.1420804814403216,-1.1718081448591358,2.1630005613895316,-0.44214106550343285,0.5604012729971791,1.3770241397745215,-0.3793216209054409,-0.39009474880274675,0.37932162090543964,0.509701417018825,-1.2025613689761725,-0.42163702135578324,-2.2617216043060235,0.6629342858588788,0.7889543583705185,-0.40072926222805283
6.844663962534938,1.0104377584601565,O=C(O)Cc1ccc(COc2cccc(-c3c(C(=O)c4ccccc4)cnc4c(C(F)(F)F)cccc34)c2)cc1,-0.9330531792422752,-0.9813067629253164,-0.9832130894541767,-0.5312796481290517,-0.9449111825230683,0.9569026338151703,0.8207826816681233,0.9690327085521431,-0.9116603554042888,0.9449111825230683,0.8315583934409703,-0.411239160414987,0.7475450015964021,-0.9813067629253164,0.7577977472535626,0.9770409243835497,2.211083193570266,2.1630005613895316,-1.0450384027191992,-0.4112391604149865,-1.3801772447068794,-0.4007292622280536,0.40072926222805194,-0.4216370213557832,2.1630005613895316,-0.4723101979387309,1.1575660253570608,-0.4216370213557842,-0.3900947488027469,-0.7483657425302724,0.4007292622280525,0.875595035770913,0.4216370213557834,0.886857854412185,0.8755950357709131,-1.1718081448591358,2.1630005613895316,-0.44214106550343285,-1.7844356324383883,1.5023531568146784,-0.3793216209054409,-0.39009474880274675,0.37932162090543964,0.9867807276735564,-1.2025613689761725,-0.42163702135578324,0.44214106550343346,1.733044235762015,0.7889543583705185,-0.40072926222805283
5.853871964321762,1.0104377584601565,O=C(c1ccccc1)c1cnc2c(C(F)(F)F)cccc2c1-c1ccccc1,-0.9330531792422752,-0.9813067629253164,-1.4227363025174657,-0.5312796481290517,-0.9449111825230683,-1.045038402719199,-1.2183492931011208,0.9690327085521431,-1.0426826336741368,0.9449111825230683,0.8315583934409703,-0.411239160414987,0.7475450015964021,-0.9813067629253164,-1.3196133184932728,0.2025897590220138,-0.45226701686664567,-0.46232073067867885,-1.0450384027191992,-0.4112391604149865,-1.927536766814184,-0.4007292622280536,0.40072926222805194,-0.4216370213557832,-0.46232073067867885,-0.4723101979387309,0.07332903908641356,-0.4216370213557842,-0.3900947488027469,-0.9870954514959258,0.4007292622280525,-1.1420804814403214,0.4216370213557834,-1.1275764148954925,0.8755950357709131,-1.1718081448591358,-0.46232073067867885,-0.44214106550343285,-1.7844356324383883,1.9958221166938053,-0.3793216209054409,-0.39009474880274675,0.37932162090543964,0.7376698062958205,-1.2025613689761725,-0.42163702135578324,-2.2617216043060235,0.9273746440912162,0.7889543583705185,-0.40072926222805283
5.221848749616356,1.0104377584601565,CC(=O)N[C@H](C(=O)N[C@H](C(=O)N[C@@H](Cc1ccccc1)C(=O)N[C@H](C(=O)N[C@@H](CO)C(=O)N[C@@H](Cc1c[nH]c2ccccc12)C(=O)N[C@@H](CCC(=O)O)C(=O)N[C@@H](CCC(=O)O)C(=O)N[C@@H](Cc1ccc(O)cc1)C(=O)N[C@@H](CC(C)C)C(=O)N[C@@H](CC(=O)O)C(=O)N[C@@H](Cc1c[nH]c2ccccc12)C(=O)N[C@H](C(N)=O)C(C)C)[C@@H](C)O)C(C)C)[C@@H](C)O,1.071750273453965,-0.9813067629253164,-0.8176032510848293,-0.5312796481290517,-0.9449111825230683,-1.045038402719199,0.8207826816681233,-1.0319569104061783,-1.971888286265766,-1.058300524425836,0.8315583934409703,-0.411239160414987,-1.337712108119877,-0.9813067629253164,-1.3196133184932728,-0.18064928523918283,-0.45226701686664567,-0.46232073067867885,-1.0450384027191992,-0.4112391604149865,0.41478033015539095,-0.4007292622280536,0.40072926222805194,-0.4216370213557832,-0.46232073067867885,-0.4723101979387309,-0.054248169054385655,-0.4216370213557842,-0.3900947488027469,-1.9960721214860717,0.4007292622280525,-1.1420804814403214,0.4216370213557834,0.886857854412185,-1.1420804814403216,-1.1718081448591358,-0.46232073067867885,-0.44214106550343285,0.5604012729971791,-0.057414399226209716,-0.3793216209054409,-0.39009474880274675,0.37932162090543964,-0.09310095287935607,0.8315583934409706,-0.42163702135578324,0.44214106550343346,0.00808911422689551,0.7889543583705185,-0.40072926222805283
6.756961951313706,1.0104377584601565,CC(=O)N[C@@H](Cc1cnc[nH]1)C(=O)N[C@H](C(=O)N[C@@H](Cc1ccccc1)C(=O)N[C@@H](CCCCN)C(=O)N[C@@H](CO)C(=O)N[C@@H](Cc1c[nH]c2ccccc12)C(=O)N[C@H]1CCCCNC(=O)C[C@@H](C(=O)N[C@@H](Cc2c[nH]c3ccccc23)C(=O)N[C@H](C(=O)N[C@@H](CCCCN)C(=O)N[C@@H](CCCCN)C(=O)N[C@@H](CCCCN)C(=O)N[C@@H](CCCCN)C(=O)N[C@@H](CCCCN)C(=O)N[C@@H](CCCCN)C(N)=O)C(C)C)NC(=O)[C@H](CC(C)C)NC(=O)[C@H](Cc2ccc(O)cc2)NC(=O)[C@H](CCC(=O)O)NC1=O)C(C)C,1.071750273453965,-0.9813067629253164,-1.9393742065389916,-0.5312796481290517,-0.9449111825230683,-1.045038402719199,0.8207826816681233,-1.0319569104061783,-1.9523603873961113,-1.058300524425836,0.8315583934409703,-0.411239160414987,0.7475450015964021,-0.9813067629253164,-1.3196133184932728,-0.18064928523918283,-0.45226701686664567,-0.46232073067867885,-1.0450384027191992,-0.4112391604149865,0.6174510330609455,-0.4007292622280536,0.40072926222805194,-0.4216370213557832,-0.46232073067867885,-0.4723101979387309,-0.054248169054385655,-0.4216370213557842,-0.3900947488027469,-1.9511601973207324,0.4007292622280525,-1.1420804814403214,0.4216370213557834,0.886857854412185,-1.1420804814403216,-1.1718081448591358,-0.46232073067867885,-0.44214106550343285,0.5604012729971791,-0.057414399226209716,-0.3793216209054409,-0.39009474880274675,0.37932162090543964,-0.09310095287935607,0.8315583934409706,-0.42163702135578324,0.44214106550343346,0.00808911422689551,0.7889543583705185,-0.40072926222805283
6.167491087293763,1.0104377584601565,CSCC[C@H](NC(=O)[C@H](CC(C)C)NC(=O)CNC(=O)[C@H](Cc1ccccc1)NC(=O)[C@H](Cc1ccccc1)NC(=O)[C@H](CCC(N)=O)NC(=O)[C@H](CCC(N)=O)NC(=O)[C@@H]1CCCN1C(=O)[C@H](CCCCN)NC(=O)[C@@H]1CCCN1C(=O)[C@@H](N)CCCN=C(N)N)C(N)=O,1.071750273453965,-0.9813067629253164,-1.9393742065389916,-0.5312796481290517,1.0583005244258363,0.9569026338151703,-1.2183492931011208,-1.0319569104061783,-1.6586413781043914,0.9449111825230683,0.8315583934409703,-0.411239160414987,-1.337712108119877,-0.9813067629253164,-1.3196133184932728,1.6653164286803908,-0.45226701686664567,-0.46232073067867885,-1.0450384027191992,-0.4112391604149865,-0.10138017525480374,-0.4007292622280536,0.40072926222805194,-0.4216370213557832,-0.46232073067867885,-0.4723101979387309,2.227592593941308,-0.4216370213557842,-0.3900947488027469,-1.6649910550535896,-2.495450405692874,-1.1420804814403214,0.4216370213557834,-1.1275764148954925,0.8755950357709131,0.8533820185387183,-0.46232073067867885,-0.44214106550343285,-1.7844356324383883,1.0367198892490312,-0.3793216209054409,-0.39009474880274675,0.37932162090543964,1.4464042860270878,-1.2025613689761725,-0.42163702135578324,0.44214106550343346,1.783008661824562,0.7889543583705185,-0.40072926222805283
5.150514997831991,0.2519606436888056,CC(=O)N[C@H](C(=O)N[C@H](C(=O)N[C@@H](Cc1ccccc1)C(=O)N[C@H](C(=O)N[C@@H](CO)C(=O)N[C@@H](Cc1c[nH]c2ccccc12)C(=O)N[C@H]1CCCCNC(=O)C[C@@H](C(=O)N[C@@H](Cc2c[nH]c3ccccc23)C(=O)N[C@H](C(N)=O)C(C)C)NC(=O)[C@H](CC(C)C)NC(=O)[C@H](Cc2ccc(O)cc2)NC(=O)[C@H](CCC(=O)O)NC1=O)[C@@H](C)O)C(C)C)[C@@H](C)O,1.071750273453965,-0.9813067629253164,-0.8176032510848293,-0.5312796481290517,-0.9449111825230683,-1.045038402719199,0.8207826816681233,-1.0319569104061783,-1.7446433462967437,-1.058300524425836,0.8315583934409703,-0.411239160414987,-1.337712108119877,-0.9813067629253164,-1.3196133184932728,-0.18064928523918283,-0.45226701686664567,-0.46232073067867885,-1.0450384027191992,-0.4112391604149865,0.5057748537185262,-0.4007292622280536,0.40072926222805194,-0.4216370213557832,-0.46232073067867885,-0.4723101979387309,-0.054248169054385655,-0.4216370213557842,-0.3900947488027469,-1.7162437444680327,0.4007292622280525,-1.1420804814403214,0.4216370213557834,0.886857854412185,-1.1420804814403216,-1.1718081448591358,-0.46232073067867885,-0.44214106550343285,0.5604012729971791,-0.057414399226209716,-0.3793216209054409,-0.39009474880274675,0.37932162090543964,-0.09310095287935607,0.8315583934409706,-0.42163702135578324,0.44214106550343346,0.00808911422689551,0.7889543583705185,-0.40072926222805283
6.6020599913279625,1.0104377584601565,CC[C@H](C)[C@H](NC(=O)[C@H](CCC(N)=O)NC(=O)[C@H](CC(C)C)NC(=O)[C@H](CC(N)=O)NC(=O)[C@H](Cc1c[nH]c2ccccc12)NC(=O)[C@@H]1CCCN1C(=O)[C@H](CC(C)C)NC(=O)[C@H](CCCNC(=N)N)NC(=O)[C@H](CS)NC(=O)CNC(=O)[C@H](CO)NC(=O)CNC(=O)[C@@H](NC(=O)[C@H](Cc1c[nH]c2ccccc12)NC(=O)[C@H](CC(=O)O)NC(=O)[C@H](CC(C)C)NC(=O)[C@H](Cc1ccc(O)cc1)NC(=O)[C@H](CCC(=O)O)NC(=O)[C@H](CCC(=O)O)NC(=O)[C@H](Cc1c[nH]c2ccccc12)NC(=O)[C@H](CO)NC(=O)[C@@H](NC(=O)[C@H](Cc1ccccc1)NC(=O)[C@@H](NC(=O)[C@@H](N)[C@@H](C)O)C(C)C)[C@@H](C)O)C(C)C)C(=O)NCC(=O)N[C@@H](CC(C)C)C(=O)N1CCC[C@H]1C(=O)N[C@@H](CS)C(=O)O,1.071750273453965,-0.9813067629253164,-0.9685157741607674,-0.5312796481290517,1.0583005244258363,0.9569026338151703,0.8207826816681233,-1.0319569104061783,-2.073571828582543,-1.058300524425836,0.8315583934409703,-0.411239160414987,-1.337712108119877,-0.9813067629253164,-1.3196133184932728,-0.18064928523918283,-0.45226701686664567,-0.46232073067867885,-1.0450384027191992,-0.4112391604149865,0.11192611841729438,-0.4007292622280536,0.40072926222805194,-0.4216370213557832,-0.46232073067867885,-0.4723101979387309,-0.054248169054385655,-0.4216370213557842,-0.3900947488027469,-2.084151168952844,0.4007292622280525,-1.1420804814403214,0.4216370213557834,0.886857854412185,-1.1420804814403216,0.8533820185387183,-0.46232073067867885,-0.44214106550343285,0.5604012729971791,-0.057414399226209716,-0.3793216209054409,-0.39009474880274675,0.37932162090543964,-0.09310095287935607,0.8315583934409706,-0.42163702135578324,0.44214106550343346,0.00808911422689551,0.7889543583705185,-0.40072926222805283
4.823908740944319,1.0104377584601565,CC1=CCC(C(=O)N=C2CC=C(S(=O)(=O)O)c3cc(S(=O)(=O)O)cc(S(=O)(=O)O)c32)=CC1=NC(=O)C1=CC=C/C(=N\C(=O)/N=C2\C=CC=C(C(=O)N=C3CC(C(=O)N=C4CC=C(S(=O)(=O)O)c5cc(S(=O)(=O)O)cc(S(=O)(=O)O)c54)=CC=C3C)C2)C1,1.071750273453965,1.0190493307301363,-0.9437115188330012,-0.5312796481290517,1.0583005244258363,0.9569026338151703,-1.2183492931011208,0.9690327085521431,-1.8928525349249443,0.9449111825230683,0.8315583934409703,-0.411239160414987,-1.337712108119877,1.0190493307301363,-1.3196133184932728,1.3499084815457538,-0.45226701686664567,-0.46232073067867885,0.9569026338151704,-0.4112391604149865,-2.0092726376905503,-0.4007292622280536,0.40072926222805194,-0.4216370213557832,-0.46232073067867885,-0.4723101979387309,2.3535697155152637,-0.4216370213557842,-0.3900947488027469,-1.8803665509745682,0.4007292622280525,0.875595035770913,0.4216370213557834,-1.1275764148954925,-1.1420804814403216,0.8533820185387183,2.1630005613895316,-0.44214106550343285,0.5604012729971791,1.232905832442946,-0.3793216209054409,-0.39009474880274675,0.37932162090543964,2.178884434680872,-1.2025613689761725,2.371708245126285,0.44214106550343346,1.9489829532743603,0.7889543583705185,-0.40072926222805283
4.769551078621726,1.0104377584601565,O=C(Nc1ccc(C(=O)Nc2cccc(C(=O)Nc3cc(S(=O)(=O)O)cc4cc(S(=O)(=O)O)cc(S(=O)(=O)O)c34)c2)cc1)Nc1ccc(C(=O)Nc2cccc(C(=O)Nc3cc(S(=O)(=O)O)cc4cc(S(=O)(=O)O)cc(S(=O)(=O)O)c34)c2)cc1,1.071750273453965,-0.9813067629253164,-0.9451664082644284,-0.5312796481290517,1.0583005244258363,-1.045038402719199,-1.2183492931011208,-1.0319569104061783,-2.079625710846593,-1.058300524425836,0.8315583934409703,-0.411239160414987,-1.337712108119877,-0.9813067629253164,-1.3196133184932728,1.9841402255935257,-0.45226701686664567,-0.46232073067867885,-1.0450384027191992,-0.4112391604149865,-1.9795400963704142,-0.4007292622280536,0.40072926222805194,-0.4216370213557832,-0.46232073067867885,-0.4723101979387309,2.3897008036541774,-0.4216370213557842,-0.3900947488027469,-2.0881750141760054,0.4007292622280525,0.875595035770913,0.4216370213557834,-1.1275764148954925,-1.1420804814403216,-1.1718081448591358,-0.46232073067867885,-0.44214106550343285,0.5604012729971791,1.6794881679068405,-0.3793216209054409,-0.39009474880274675,0.37932162090543964,2.309009497951986,-1.2025613689761725,-0.42163702135578324,0.44214106550343346,2.374299622363207,0.7889543583705185,-0.40072926222805283
4.721246399047171,1.0104377584601565,O=C(Nc1ccc(C(=O)Nc2ccc(C(=O)Nc3cc(S(=O)(=O)O)cc4cc(S(=O)(=O)O)cc(S(=O)(=O)O)c34)cc2)cc1)Nc1ccc(C(=O)Nc2ccc(C(=O)Nc3cc(S(=O)(=O)O)cc4cc(S(=O)(=O)O)cc(S(=O)(=O)O)c34)cc2)cc1,1.071750273453965,-0.9813067629253164,-1.9393742065389916,-0.5312796481290517,1.0583005244258363,-1.045038402719199,-1.2183492931011208,-1.0319569104061783,-2.0966315598885394,-1.058300524425836,0.8315583934409703,-0.411239160414987,-1.337712108119877,-0.9813067629253164,-1.3196133184932728,2.1652913194239556,-0.45226701686664567,-0.46232073067867885,-1.0450384027191992,-0.4112391604149865,-1.9795400963704142,-0.4007292622280536,0.40072926222805194,-0.4216370213557832,-0.46232073067867885,-0.4723101979387309,2.253957346198254,-0.4216370213557842,-0.3900947488027469,-2.1543618156715807,0.4007292622280525,0.875595035770913,0.4216370213557834,-1.1275764148954925,-1.1420804814403216,-1.1718081448591358,-0.46232073067867885,-0.44214106550343285,0.5604012729971791,1.7091044560663238,-0.3793216209054409,-0.39009474880274675,0.37932162090543964,2.2846036880354172,-1.2025613689761725,-0.42163702135578324,0.44214106550343346,2.142818901682791,-1.2675004445952593,-0.40072926222805283
4.769551078621726,1.0104377584601565,O=C(Nc1ccc(C(=O)Nc2ccc(C(=O)Nc3ccc(S(=O)(=O)O)c4cc(S(=O)(=O)O)cc(S(=O)(=O)O)c34)cc2)cc1)Nc1ccc(C(=O)Nc2ccc(C(=O)Nc3ccc(S(=O)(=O)O)c4cc(S(=O)(=O)O)cc(S(=O)(=O)O)c34)cc2)cc1,1.071750273453965,-0.9813067629253164,-0.9451664082644284,-0.5312796481290517,1.0583005244258363,-1.045038402719199,-1.2183492931011208,-1.0319569104061783,-2.0966315598885394,-1.058300524425836,0.8315583934409703,-0.411239160414987,-1.337712108119877,-0.9813067629253164,-1.3196133184932728,2.4317667859750096,-0.45226701686664567,-0.46232073067867885,-1.0450384027191992,-0.4112391604149865,-1.9795400963704142,-0.4007292622280536,0.40072926222805194,-0.4216370213557832,-0.46232073067867885,-0.4723101979387309,2.0570761269650837,-0.4216370213557842,-0.3900947488027469,-2.1358655805287023,0.4007292622280525,0.875595035770913,0.4216370213557834,-1.1275764148954925,-1.1420804814403216,-1.1718081448591358,-0.46232073067867885,-0.44214106550343285,0.5604012729971791,1.4792968891945306,-0.3793216209054409,-0.39009474880274675,0.37932162090543964,2.1911846948747717,-1.2025613689761725,-0.42163702135578324,0.44214106550343346,2.5461953999988736,-1.2675004445952593,-0.40072926222805283
5.950781977329818,1.0104377584601565,CCCc1cc(C(O)(C(F)(F)F)C(F)(F)F)cc(CCC)c1OCCCCN1C(=O)NC(C)(c2ccc(OC(C)C)cc2)C1=O,1.071750273453965,-0.9813067629253164,-1.5191147116064339,-0.5312796481290517,1.0583005244258363,-1.045038402719199,-1.2183492931011208,-1.0319569104061783,-0.566104091189406,-1.058300524425836,-1.2025613689761723,-0.411239160414987,-1.337712108119877,-0.9813067629253164,0.7577977472535626,1.0173283114482121,-0.45226701686664567,-0.46232073067867885,-1.0450384027191992,-0.4112391604149865,-0.6777908566020063,-0.4007292622280536,0.40072926222805194,-0.4216370213557832,-0.46232073067867885,-0.4723101979387309,0.9200643796850515,-0.4216370213557842,-0.3900947488027469,-0.951101367640543,0.4007292622280525,-1.1420804814403214,-2.3717082451262854,-1.1275764148954925,-1.1420804814403216,-1.1718081448591358,-0.46232073067867885,-0.44214106550343285,0.5604012729971791,-0.31855782040680836,-0.3793216209054409,-0.39009474880274675,0.37932162090543964,1.6722520320489662,-1.2025613689761725,-0.42163702135578324,0.44214106550343346,1.2105109618706416,-1.2675004445952593,-0.40072926222805283
5.539102157243452,1.0104377584601565,CCCc1cc(C(O)(C(F)(F)F)C(F)(F)F)ccc1Oc1cccc(CCN2C(=O)NC(C)(c3ccc(OC(C)C)cc3)C2=O)c1,1.071750273453965,-0.9813067629253164,-1.0338465750866497,-0.5312796481290517,1.0583005244258363,-1.045038402719199,-1.2183492931011208,-1.0319569104061783,-0.6543716927956139,-1.058300524425836,0.8315583934409703,-0.411239160414987,-1.337712108119877,-0.9813067629253164,0.7577977472535626,1.2270430173855007,-0.45226701686664567,-0.46232073067867885,-1.0450384027191992,-0.4112391604149865,-0.6705291257027249,-0.4007292622280536,0.40072926222805194,-0.4216370213557832,-0.46232073067867885,-0.4723101979387309,1.4877185832231055,-0.4216370213557842,-0.3900947488027469,-0.6962780401840689,0.4007292622280525,-1.1420804814403214,0.4216370213557834,-1.1275764148954925,-1.1420804814403216,-1.1718081448591358,-0.46232073067867885,-0.44214106550343285,0.5604012729971791,0.5436058102029528,-0.3793216209054409,-0.39009474880274675,0.37932162090543964,1.518364701440709,-1.2025613689761725,-0.42163702135578324,0.44214106550343346,1.1897828190292974,0.7889543583705185,-0.40072926222805283
5.503070351926786,1.0104377584601565,CCCc1cc(C(O)(C(F)(F)F)C(F)(F)F)ccc1Oc1ccc(CCN2C(=O)NC(C)(c3ccc(OC(C)C)cc3)C2=O)c(C)c1,1.071750273453965,-0.9813067629253164,-0.25294184255072283,-0.5312796481290517,1.0583005244258363,-1.045038402719199,-1.2183492931011208,-1.0319569104061783,-0.7334514427899085,-1.058300524425836,0.8315583934409703,-0.411239160414987,-1.337712108119877,-0.9813067629253164,0.7577977472535626,1.5739919304817893,-0.45226701686664567,-0.46232073067867885,-1.0450384027191992,-0.4112391604149865,-0.7213876478874187,-0.4007292622280536,0.40072926222805194,-0.4216370213557832,-0.46232073067867885,-0.4723101979387309,0.2984627649655622,-0.4216370213557842,-0.3900947488027469,-0.8425537792987633,0.4007292622280525,-1.1420804814403214,0.4216370213557834,-1.1275764148954925,-1.1420804814403216,-1.1718081448591358,-0.46232073067867885,-0.44214106550343285,0.5604012729971791,0.7995853454050386,-0.3793216209054409,-0.39009474880274675,0.37932162090543964,1.3915138306677863,-1.2025613689761725,-0.42163702135578324,0.44214106550343346,0.8382416848784517,0.7889543583705185,-0.40072926222805283
5.910094888560602,1.0104377584601565,CCCc1cc(C(O)(C(F)(F)F)C(F)(F)F)cc(CCC)c1OC/C=C/CN1C(=O)NC(C)(c2ccc(OC(C)C)cc2)C1=O,1.071750273453965,1.0190493307301363,-1.5191147116064339,-0.5312796481290517,1.0583005244258363,-1.045038402719199,-1.2183492931011208,-1.0319569104061783,-0.4590575116640248,-1.058300524425836,0.8315583934409703,-0.411239160414987,-1.337712108119877,-0.9813067629253164,0.7577977472535626,1.5436244653575115,-0.45226701686664567,-0.46232073067867885,-1.0450384027191992,-0.4112391604149865,-0.6777908566020063,-0.4007292622280536,0.40072926222805194,-0.4216370213557832,-0.46232073067867885,-0.4723101979387309,0.5387177781348553,-0.4216370213557842,-0.3900947488027469,-0.8986994480637088,0.4007292622280525,-1.1420804814403214,0.4216370213557834,-1.1275764148954925,-1.1420804814403216,-1.1718081448591358,-0.46232073067867885,-0.44214106550343285,0.5604012729971791,0.6607666898475911,-0.3793216209054409,-0.39009474880274675,0.37932162090543964,1.1381439222235137,-1.2025613689761725,-0.42163702135578324,0.44214106550343346,0.42485774132390086,-1.2675004445952593,-0.40072926222805283
6.065501548756432,1.0104377584601565,CCCc1cc(C(O)(C(F)(F)F)C(F)(F)F)cc(CCC)c1OCC#CCN1C(=O)NC(C)(c2ccc(OC(C)C)cc2)C1=O,1.071750273453965,-0.9813067629253164,-1.5191147116064339,-0.5312796481290517,1.0583005244258363,-1.045038402719199,-1.2183492931011208,-1.0319569104061783,-0.4590575116640248,-1.058300524425836,-1.2025613689761723,-0.411239160414987,-1.337712108119877,-0.9813067629253164,0.7577977472535626,1.400581684124683,-0.45226701686664567,-0.46232073067867885,-1.0450384027191992,-0.4112391604149865,-0.6777908566020063,-0.4007292622280536,0.40072926222805194,-0.4216370213557832,-0.46232073067867885,-0.4723101979387309,0.6508572309297205,2.3717082451262845,-0.3900947488027469,-0.8986994480637088,0.4007292622280525,-1.1420804814403214,0.4216370213557834,-1.1275764148954925,-1.1420804814403216,-1.1718081448591358,-0.46232073067867885,2.261721604306025,0.5604012729971791,0.1886026533089531,-0.3793216209054409,-0.39009474880274675,0.37932162090543964,1.13366918217851,-1.2025613689761725,-0.42163702135578324,0.44214106550343346,-0.46666677586127125,-1.2675004445952593,-0.40072926222805283
5.707743928643524,1.0104377584601565,CCCc1cc(C(O)(C(F)(F)F)C(F)(F)F)ccc1Oc1cccc(CN2C(=O)NC(C)(c3ccc(OC(C)C)cc3)C2=O)c1,1.071750273453965,-0.9813067629253164,-1.0338465750866497,-0.5312796481290517,1.0583005244258363,-1.045038402719199,-1.2183492931011208,-1.0319569104061783,-0.566104091189406,-1.058300524425836,0.8315583934409703,-0.411239160414987,-1.337712108119877,-0.9813067629253164,0.7577977472535626,1.3793748684142804,-0.45226701686664567,-0.46232073067867885,-1.0450384027191992,-0.4112391604149865,-0.6705291257027249,-0.4007292622280536,0.40072926222805194,-0.4216370213557832,-0.46232073067867885,-0.4723101979387309,1.7870995026275809,-0.4216370213557842,-0.3900947488027469,-0.6609022099397578,0.4007292622280525,-1.1420804814403214,0.4216370213557834,-1.1275764148954925,-1.1420804814403216,-1.1718081448591358,-0.46232073067867885,-0.44214106550343285,0.5604012729971791,1.3316997896728417,-0.3793216209054409,-0.39009474880274675,0.37932162090543964,1.536134920371216,-1.2025613689761725,-0.42163702135578324,0.44214106550343346,1.2126711203476868,0.7889543583705185,-0.40072926222805283
6.3979400086720375,1.0104377584601565,CCCc1cc(C(O)(C(F)(F)F)C(F)(F)F)ccc1Oc1ccc(C(=O)CN2C(=O)NC(C)(c3ccc(OC(C)C)cc3)C2=O)c(C)c1,1.071750273453965,-0.9813067629253164,-1.0338465750866497,-0.5312796481290517,1.0583005244258363,-1.045038402719199,-1.2183492931011208,-1.0319569104061783,-0.4379234603331795,-1.058300524425836,0.8315583934409703,-0.411239160414987,-1.337712108119877,-0.9813067629253164,0.7577977472535626,1.7053933974560536,-0.45226701686664567,-0.46232073067867885,-1.0450384027191992,-0.4112391604149865,-0.5690007671415955,-0.4007292622280536,0.40072926222805194,-0.4216370213557832,-0.46232073067867885,-0.4723101979387309,1.64080201681926,-0.4216370213557842,-0.3900947488027469,-0.7014914488710048,0.4007292622280525,-1.1420804814403214,0.4216370213557834,-1.1275764148954925,-1.1420804814403216,0.8533820185387183,-0.46232073067867885,-0.44214106550343285,0.5604012729971791,1.366148230219182,-0.3793216209054409,-0.39009474880274675,0.37932162090543964,1.454265004402736,-1.2025613689761725,-0.42163702135578324,0.44214106550343346,0.3071438739410861,0.7889543583705185,-0.40072926222805283
5.427128397799519,1.0104377584601565,CCCc1cc(C(O)(C(F)(F)F)C(F)(F)F)ccc1Oc1ccc(C(=O)CN2C(=O)NC(C)(c3ccc(OC(C)C)cc3)C2=O)c(OC)c1,1.071750273453965,-0.9813067629253164,-1.0338465750866497,-0.5312796481290517,1.0583005244258363,-1.045038402719199,-1.2183492931011208,-1.0319569104061783,-0.5321473174627469,-1.058300524425836,0.8315583934409703,-0.411239160414987,-1.337712108119877,-0.9813067629253164,0.7577977472535626,1.4679761020610018,-0.45226701686664567,-0.46232073067867885,-1.0450384027191992,-0.4112391604149865,-0.3523520365094832,-0.4007292622280536,0.40072926222805194,-0.4216370213557832,-0.46232073067867885,-0.4723101979387309,0.9027321371918923,-0.4216370213557842,-0.3900947488027469,-0.7327958909507647,0.4007292622280525,-1.1420804814403214,0.4216370213557834,-1.1275764148954925,-1.1420804814403216,0.8533820185387183,-0.46232073067867885,-0.44214106550343285,0.5604012729971791,1.247845438878262,-0.3793216209054409,-0.39009474880274675,0.37932162090543964,1.3320646309985311,-1.2025613689761725,-0.42163702135578324,0.44214106550343346,1.161451718220812,0.7889543583705185,-0.40072926222805283
6.468521082957745,1.0104377584601565,CCCc1cc(C(O)(C(F)(F)F)C(F)(F)F)ccc1Oc1ccc(C(=O)CN2C(=O)NC(C)(c3ccc(OC(C)C)cc3)C2=O)c(O)c1,1.071750273453965,-0.9813067629253164,-0.5092802956432034,-0.5312796481290517,1.0583005244258363,-1.045038402719199,-1.2183492931011208,-1.0319569104061783,-0.4379234603331795,-1.058300524425836,0.8315583934409703,-0.411239160414987,-1.337712108119877,-0.9813067629253164,0.7577977472535626,1.6600390913850012,-0.45226701686664567,-0.46232073067867885,-1.0450384027191992,-0.4112391604149865,-0.3523520365094832,-0.4007292622280536,0.40072926222805194,-0.4216370213557832,-0.46232073067867885,-0.4723101979387309,0.8265295975495571,-0.4216370213557842,-0.3900947488027469,-0.7014914488710048,0.4007292622280525,-1.1420804814403214,0.4216370213557834,-1.1275764148954925,-1.1420804814403216,0.8533820185387183,-0.46232073067867885,-0.44214106550343285,0.5604012729971791,1.3478771953270197,-0.3793216209054409,-0.39009474880274675,0.37932162090543964,1.446053909085433,-1.2025613689761725,-0.42163702135578324,0.44214106550343346,0.6386081919226622,0.7889543583705185,-0.40072926222805283
6.481486060122112,1.0104377584601565,CCCc1cc(C(O)(C(F)(F)F)C(F)(F)F)ccc1Oc1ccc(C(=O)CN2C(=O)NC(C)(c3ccc(OC(C)C)cn3)C2=O)c(O)c1,1.071750273453965,-0.9813067629253164,-0.5092802956432034,1.8822478962286406,1.0583005244258363,-1.045038402719199,-1.2183492931011208,-1.0319569104061783,-0.07168946343505898,-1.058300524425836,0.8315583934409703,-0.411239160414987,0.7475450015964021,-0.9813067629253164,-1.3196133184932728,1.5770195651510417,-0.45226701686664567,2.1630005613895316,-1.0450384027191992,-0.4112391604149865,-0.1085209782167345,-0.4007292622280536,0.40072926222805194,-0.4216370213557832,-0.46232073067867885,-0.4723101979387309,1.1545406944073329,-0.4216370213557842,-0.3900947488027469,-0.35496634272891137,0.4007292622280525,-1.1420804814403214,0.4216370213557834,-1.1275764148954925,-1.1420804814403216,0.8533820185387183,-0.46232073067867885,-0.44214106550343285,0.5604012729971791,0.783655367188439,-0.3793216209054409,-0.39009474880274675,0.37932162090543964,1.4371376857230291,-1.2025613689761725,-0.42163702135578324,0.44214106550343346,1.346207706629101,0.7889543583705185,-0.40072926222805283
6.443697499232712,1.0104377584601565,CCCc1cc(C(O)(C(F)(F)F)C(F)(F)F)ccc1Oc1ccc(C(=O)CN2C(=O)NC(C)(c3ccc(OC(C)C)cc3)C2=O)cc1,1.071750273453965,-0.9813067629253164,-1.0338465750866497,-0.5312796481290517,1.0583005244258363,-1.045038402719199,-1.2183492931011208,-1.0319569104061783,-0.5485180486584491,-1.058300524425836,0.8315583934409703,-0.411239160414987,0.7475450015964021,-0.9813067629253164,0.7577977472535626,1.7617367113480682,-0.45226701686664567,-0.46232073067867885,-1.0450384027191992,-0.4112391604149865,-0.5038710876705569,-0.4007292622280536,0.40072926222805194,-0.4216370213557832,-0.46232073067867885,-0.4723101979387309,0.4797174071052451,-0.4216370213557842,-0.3900947488027469,-0.8425537792987633,0.4007292622280525,-1.1420804814403214,0.4216370213557834,-1.1275764148954925,-1.1420804814403216,0.8533820185387183,-0.46232073067867885,-0.44214106550343285,0.5604012729971791,1.124278791070971,-0.3793216209054409,-0.39009474880274675,0.37932162090543964,1.4249924481419143,-1.2025613689761725,-0.42163702135578324,0.44214106550343346,0.7325717602671605,0.7889543583705185,-0.40072926222805283
5.853871964321762,1.0104377584601565,CCCc1c(OCCCCN2C(=O)NC(C)(c3ccc(OC)cc3)C2=O)ccc2c(C(F)(F)F)cc(=O)oc12,1.071750273453965,1.0190493307301363,-1.5191147116064339,1.8822478962286406,1.0583005244258363,-1.045038402719199,0.8207826816681233,-1.0319569104061783,0.3010797397088482,0.9449111825230683,0.8315583934409703,-0.411239160414987,0.7475450015964021,-0.9813067629253164,0.7577977472535626,0.9494208264404433,-0.45226701686664567,-0.46232073067867885,-1.0450384027191992,-0.4112391604149865,-0.8087136888738042,-0.4007292622280536,0.40072926222805194,-0.4216370213557832,-0.46232073067867885,-0.4723101979387309,-1.2455070739634824,-0.4216370213557842,-0.3900947488027469,0.22170743075056532,0.4007292622280525,-1.1420804814403214,0.4216370213557834,0.886857854412185,-1.1420804814403216,0.8533820185387183,-0.46232073067867885,-0.44214106550343285,0.5604012729971791,1.5375847518152364,-0.3793216209054409,-0.39009474880274675,0.37932162090543964,1.022436040051976,-1.2025613689761725,-0.42163702135578324,-2.2617216043060235,0.5715913113721746,0.7889543583705185,-0.40072926222805283
5.742321425130816,1.0104377584601565,CCCc1cc(C(O)(C(F)(F)F)C(F)(F)F)ccc1Oc1ccc(CN2C(=O)NC(C)(c3ccc(OC(C)C)cc3)C2=O)cc1,1.071750273453965,-0.9813067629253164,-1.0338465750866497,-0.5312796481290517,1.0583005244258363,-1.045038402719199,-1.2183492931011208,-1.0319569104061783,-0.6647243580278791,-1.058300524425836,0.8315583934409703,-0.411239160414987,-1.337712108119877,-0.9813067629253164,0.7577977472535626,1.7561224930598092,-0.45226701686664567,-0.46232073067867885,-1.0450384027191992,-0.4112391604149865,-0.6705291257027249,-0.4007292622280536,0.40072926222805194,-0.4216370213557832,-0.46232073067867885,-0.4723101979387309,1.266515889715169,-0.4216370213557842,-0.3900947488027469,-0.8986994480637088,0.4007292622280525,-1.1420804814403214,0.4216370213557834,-1.1275764148954925,-1.1420804814403216,-1.1718081448591358,-0.46232073067867885,-0.44214106550343285,0.5604012729971791,1.2185818759155052,-0.3793216209054409,-0.39009474880274675,0.37932162090543964,1.5663593338294701,-1.2025613689761725,-0.42163702135578324,0.44214106550343346,1.0227680695069543,0.7889543583705185,-0.40072926222805283
5.72584215073632,1.0104377584601565,CCCc1cc(C(O)(C(F)(F)F)C(F)(F)F)ccc1Oc1ccc(CCN2C(=O)NC(C)(c3ccc(OC(C)C)cc3)C2=O)cc1,1.071750273453965,-0.9813067629253164,-0.6248984297336589,-0.5312796481290517,1.0583005244258363,-1.045038402719199,-1.2183492931011208,-1.0319569104061783,-0.7446195476206998,-1.058300524425836,0.8315583934409703,-0.411239160414987,-1.337712108119877,-0.9813067629253164,0.7577977472535626,1.5359750117711963,-0.45226701686664567,-0.46232073067867885,-1.0450384027191992,-0.4112391604149865,-0.6705291257027249,-0.4007292622280536,0.40072926222805194,-0.4216370213557832,-0.46232073067867885,-0.4723101979387309,1.0413784468506566,-0.4216370213557842,-0.3900947488027469,-0.9229240063331138,0.4007292622280525,-1.1420804814403214,0.4216370213557834,-1.1275764148954925,-1.1420804814403216,-1.1718081448591358,-0.46232073067867885,-0.44214106550343285,0.5604012729971791,0.265578504981855,-0.3793216209054409,-0.39009474880274675,0.37932162090543964,1.4284523560674274,-1.2025613689761725,-0.42163702135578324,0.44214106550343346,1.6425243508992005,0.7889543583705185,-0.40072926222805283
5.779891911959945,1.0104377584601565,CCCc1cc(C(O)(C(F)(F)F)C(F)(F)F)ccc1Oc1ccc(CCN2C(=O)NC(C)(c3ccc(OC(C)C)cc3)C2=O)c(OC)c1,1.071750273453965,-0.9813067629253164,-1.0338465750866497,-0.5312796481290517,1.0583005244258363,-1.045038402719199,-1.2183492931011208,-1.0319569104061783,-0.8048562223824496,-1.058300524425836,0.8315583934409703,-0.411239160414987,-1.337712108119877,-0.9813067629253164,0.7577977472535626,1.2538139515153097,-0.45226701686664567,-0.46232073067867885,-1.0450384027191992,-0.4112391604149865,-0.5038710876705569,-0.4007292622280536,0.40072926222805194,-0.4216370213557832,-0.46232073067867885,-0.4723101979387309,1.4524866870025568,-0.4216370213557842,-0.3900947488027469,-0.8681203682757174,0.4007292622280525,-1.1420804814403214,0.4216370213557834,-1.1275764148954925,-1.1420804814403216,0.8533820185387183,-0.46232073067867885,-0.44214106550343285,0.5604012729971791,0.571312410321389,-0.3793216209054409,-0.39009474880274675,0.37932162090543964,1.430487606620246,-1.2025613689761725,-0.42163702135578324,0.44214106550343346,0.7277241348371339,0.7889543583705185,-0.40072926222805283
5.542118103266008,1.0104377584601565,CCCc1cc(C(O)(C(F)(F)F)C(F)(F)F)ccc1Oc1ccc(CCN2C(=O)NC(C)(c3ccc(OC(C)C)cc3)C2=O)c(O)c1,1.071750273453965,-0.9813067629253164,-1.0338465750866497,-0.5312796481290517,1.0583005244258363,-1.045038402719199,-1.2183492931011208,-1.0319569104061783,-0.7334514427899085,-1.058300524425836,0.8315583934409703,-0.411239160414987,-1.337712108119877,-0.9813067629253164,0.7577977472535626,1.5961877101630648,-0.45226701686664567,-0.46232073067867885,-1.0450384027191992,-0.4112391604149865,-0.5038710876705569,-0.4007292622280536,0.40072926222805194,-0.4216370213557832,-0.46232073067867885,-0.4723101979387309,1.6293928429364375,-0.4216370213557842,-0.3900947488027469,-0.8425537792987633,0.4007292622280525,-1.1420804814403214,0.4216370213557834,-1.1275764148954925,-1.1420804814403216,0.8533820185387183,-0.46232073067867885,-0.44214106550343285,0.5604012729971791,0.828197538216561,-0.3793216209054409,-0.39009474880274675,0.37932162090543964,1.6947179697004613,-1.2025613689761725,-0.42163702135578324,0.44214106550343346,0.7979210051066626,0.7889543583705185,-0.40072926222805283
5.632644078973981,1.0104377584601565,CCCc1cc(C(O)(C(F)(F)F)C(F)(F)F)ccc1Oc1ccc(C(O)CN2C(=O)NC(C)(c3ccc(OC(C)C)cc3)C2=O)cc1,1.071750273453965,-0.9813067629253164,-1.0338465750866497,-0.5312796481290517,1.0583005244258363,-1.045038402719199,-1.2183492931011208,-1.0319569104061783,-0.644379500557992,-1.058300524425836,0.8315583934409703,-0.411239160414987,-1.337712108119877,-0.9813067629253164,0.7577977472535626,1.6922103500054044,-0.45226701686664567,-0.46232073067867885,-1.0450384027191992,-0.4112391604149865,-0.5038710876705569,-0.4007292622280536,0.40072926222805194,-0.4216370213557832,-0.46232073067867885,2.1172526114494827,1.1854113266561934,-0.4216370213557842,-0.3900947488027469,-0.895271060750529,0.4007292622280525,-1.1420804814403214,0.4216370213557834,-1.1275764148954925,-1.1420804814403216,-1.1718081448591358,-0.46232073067867885,-0.44214106550343285,0.5604012729971791,0.7995853454050386,-0.3793216209054409,-0.39009474880274675,0.37932162090543964,1.3976030874921037,-1.2025613689761725,-0.42163702135578324,0.44214106550343346,-1.3935864955094381,0.7889543583705185,2.4954504056928735
5.154901959985743,1.0104377584601565,CCC[C@@H]1NC(=O)CCSCc2cccc(c2)CSC[C@@H](C(N)=O)NC(=O)[C@]2(C)CCCN2C(=O)[C@H](Cc2ccc(O)cc2)NC(=O)[C@H](Cc2cnc[nH]2)NC(=O)[C@H](CC(=O)O)NC(=O)[C@H](Cc2c[nH]c3ccc(F)cc23)NC(=O)[C@H](Cc2c[nH]c3ccc(F)cc23)NC(=O)CNC1=O,1.071750273453965,-0.9813067629253164,-1.0215443152657624,-0.5312796481290517,1.0583005244258363,-1.045038402719199,0.8207826816681233,-1.0319569104061783,-1.3981918994521572,-1.058300524425836,0.8315583934409703,-0.411239160414987,0.7475450015964021,-0.9813067629253164,-1.3196133184932728,-0.18064928523918283,-0.45226701686664567,-0.46232073067867885,-1.0450384027191992,-0.4112391604149865,-0.14425277725443064,-0.4007292622280536,0.40072926222805194,-0.4216370213557832,-0.46232073067867885,-0.4723101979387309,-0.054248169054385655,-0.4216370213557842,-0.3900947488027469,-1.3567908394080368,0.4007292622280525,-1.1420804814403214,0.4216370213557834,0.886857854412185,-1.1420804814403216,0.8533820185387183,-0.46232073067867885,-0.44214106550343285,0.5604012729971791,-0.057414399226209716,-0.3793216209054409,-0.39009474880274675,0.37932162090543964,-0.09310095287935607,0.8315583934409706,-0.42163702135578324,0.44214106550343346,0.00808911422689551,0.7889543583705185,-0.40072926222805283
5.0,1.0104377584601565,COc1ccc(C[C@@H]2NC(=O)[C@H](Cc3cnc[nH]3)NC(=O)[C@H](CC(=O)O)NC(=O)[C@H](Cc3c[nH]c4ccc(F)cc34)NC(=O)[C@H](Cc3c[nH]c4ccc(F)cc34)NC(=O)[C@@H](C)NC(=O)[C@H](CCCCN(C)C)NC(=O)CCSCc3cccc(c3)CSCCNC(=O)[C@]3(C)CCCN3C2=O)cc1,1.071750273453965,-0.9813067629253164,-1.0215443152657624,-0.5312796481290517,1.0583005244258363,-1.045038402719199,0.8207826816681233,-1.0319569104061783,-1.3974765721376945,-1.058300524425836,0.8315583934409703,-0.411239160414987,0.7475450015964021,-0.9813067629253164,-1.3196133184932728,-0.18064928523918283,-0.45226701686664567,-0.46232073067867885,-1.0450384027191992,-0.4112391604149865,-0.1156636483343081,-0.4007292622280536,0.40072926222805194,-0.4216370213557832,-0.46232073067867885,-0.4723101979387309,-0.054248169054385655,-0.4216370213557842,-0.3900947488027469,-1.3676915517444208,0.4007292622280525,-1.1420804814403214,0.4216370213557834,0.886857854412185,-1.1420804814403216,0.8533820185387183,-0.46232073067867885,-0.44214106550343285,0.5604012729971791,-0.057414399226209716,-0.3793216209054409,-0.39009474880274675,0.37932162090543964,-0.09310095287935607,0.8315583934409706,-0.42163702135578324,0.44214106550343346,0.00808911422689551,0.7889543583705185,-0.40072926222805283
5.505845405981557,1.0104377584601565,C[C@H]1NC(=O)[C@H](CCCCN)NC(=O)CCSCc2cccc(c2)CSC[C@@H](C(N)=O)NC(=O)[C@]2(C)CCCN2C(=O)[C@H](Cc2ccc(O)cc2)NC(=O)[C@H]([C@@H](C)O)NC(=O)[C@@H]2C[C@H](F)CN2C(=O)[C@H](Cc2c[nH]c3ccc(F)cc23)NC(=O)[C@H](Cc2c[nH]c3ccc(F)cc23)NC1=O,1.071750273453965,-0.9813067629253164,-0.1990941674586153,-0.5312796481290517,1.0583005244258363,-1.045038402719199,-1.2183492931011208,-1.0319569104061783,-1.297097603601588,-1.058300524425836,0.8315583934409703,-0.411239160414987,-1.337712108119877,-0.9813067629253164,-1.3196133184932728,-0.18064928523918283,-0.45226701686664567,-0.46232073067867885,-1.0450384027191992,-0.4112391604149865,0.06940924080137542,-0.4007292622280536,0.40072926222805194,-0.4216370213557832,-0.46232073067867885,2.1172526114494827,-0.054248169054385655,-0.4216370213557842,-0.3900947488027469,-1.2372224598887445,0.4007292622280525,0.875595035770913,0.4216370213557834,0.886857854412185,-1.1420804814403216,0.8533820185387183,-0.46232073067867885,-0.44214106550343285,0.5604012729971791,-0.057414399226209716,-0.3793216209054409,-0.39009474880274675,0.37932162090543964,-0.09310095287935607,0.8315583934409706,-0.42163702135578324,0.44214106550343346,0.00808911422689551,0.7889543583705185,-0.40072926222805283
5.175874166083451,1.0104377584601565,NCCCC[C@@H]1NC(=O)CCSCc2cccc(c2)CSC[C@@H](C(N)=O)NC(=O)[C@@H]2CCCN2C(=O)[C@H](Cc2ccc(O)cc2)NC(=O)[C@H](Cc2cnc[nH]2)NC(=O)[C@H](CC(=O)O)NC(=O)[C@H](Cc2c[nH]c3ccc(F)cc23)NC(=O)[C@H](Cc2c[nH]c3ccc(F)cc23)NC(=O)CNC1=O,1.071750273453965,-0.9813067629253164,-0.5785401901298248,-0.5312796481290517,1.0583005244258363,-1.045038402719199,0.8207826816681233,-1.0319569104061783,-1.483371533215281,-1.058300524425836,0.8315583934409703,-0.411239160414987,0.7475450015964021,-0.9813067629253164,-1.3196133184932728,-0.18064928523918283,-0.45226701686664567,-0.46232073067867885,-1.0450384027191992,-0.4112391604149865,-0.1085209782167345,-0.4007292622280536,0.40072926222805194,-0.4216370213557832,-0.46232073067867885,-0.4723101979387309,-0.054248169054385655,-0.4216370213557842,-0.3900947488027469,-1.3920124885456646,0.4007292622280525,-1.1420804814403214,0.4216370213557834,0.886857854412185,-1.1420804814403216,0.8533820185387183,-0.46232073067867885,-0.44214106550343285,0.5604012729971791,-0.057414399226209716,-0.3793216209054409,-0.39009474880274675,0.37932162090543964,-0.09310095287935607,0.8315583934409706,-0.42163702135578324,0.44214106550343346,0.00808911422689551,0.7889543583705185,-0.40072926222805283
6.0,1.0104377584601565,C[C@H]1NC(=O)[C@H](CCC(=O)O)NC(=O)CCSCc2cccc(c2)CSCCNC(=O)[C@]2(C)CCCN2C(=O)[C@H](Cc2ccc(O)cc2)NC(=O)[C@H](Cc2cnc[nH]2)NC(=O)[C@H](CC(=O)O)NC(=O)[C@H](Cc2c[nH]c3ccc(F)cc23)NC(=O)[C@H](Cc2c[nH]c3ccc(F)cc23)NC1=O,1.071750273453965,-0.9813067629253164,-0.5785401901298248,-0.5312796481290517,1.0583005244258363,-1.045038402719199,0.8207826816681233,-1.0319569104061783,-1.4919989689210575,-1.058300524425836,0.8315583934409703,-0.411239160414987,0.7475450015964021,-0.9813067629253164,-1.3196133184932728,-0.18064928523918283,-0.45226701686664567,-0.46232073067867885,-1.0450384027191992,-0.4112391604149865,-0.18719063259400137,-0.4007292622280536,0.40072926222805194,-0.4216370213557832,-0.46232073067867885,-0.4723101979387309,-0.054248169054385655,-0.4216370213557842,-0.3900947488027469,-1.4499204597994946,0.4007292622280525,-1.1420804814403214,0.4216370213557834,0.886857854412185,-1.1420804814403216,0.8533820185387183,-0.46232073067867885,-0.44214106550343285,0.5604012729971791,-0.057414399226209716,-0.3793216209054409,-0.39009474880274675,0.37932162090543964,-0.09310095287935607,0.8315583934409706,-0.42163702135578324,0.44214106550343346,0.00808911422689551,0.7889543583705185,-0.40072926222805283
5.175874166083451,1.0104377584601565,C[C@@]12CCCN1C(=O)[C@H](Cc1ccc(O)cc1)NC(=O)[C@H](Cc1cnc[nH]1)NC(=O)[C@H](CC(=O)O)NC(=O)[C@H](Cc1c[nH]c3ccc(F)cc13)NC(=O)[C@H](Cc1c[nH]c3ccc(F)cc13)NC(=O)CNC(=O)[C@H](CCCCN)NC(=O)CCSCc1cccc(c1)CSC[C@@H](C(N)=O)NC2=O,1.071750273453965,-0.9813067629253164,-0.5785401901298248,-0.5312796481290517,1.0583005244258363,-1.045038402719199,0.8207826816681233,-1.0319569104061783,-1.4056339820170696,-1.058300524425836,0.8315583934409703,-0.411239160414987,0.7475450015964021,-0.9813067629253164,-1.3196133184932728,-0.18064928523918283,-0.45226701686664567,-0.46232073067867885,-1.0450384027191992,-0.4112391604149865,-0.122808174349588,-0.4007292622280536,0.40072926222805194,-0.4216370213557832,-0.46232073067867885,-0.4723101979387309,-0.054248169054385655,-0.4216370213557842,-0.3900947488027469,-1.3482605760438326,0.4007292622280525,-1.1420804814403214,0.4216370213557834,0.886857854412185,-1.1420804814403216,0.8533820185387183,-0.46232073067867885,-0.44214106550343285,0.5604012729971791,-0.057414399226209716,-0.3793216209054409,-0.39009474880274675,0.37932162090543964,-0.09310095287935607,0.8315583934409706,-0.42163702135578324,0.44214106550343346,0.00808911422689551,0.7889543583705185,-0.40072926222805283
