SMILES,RDKit2D_EState_VSA4,FP_MACCS_36,FP_RDKit512_377,FP_Morgan1024_r2_675,MORSE_198,RDKit2D_SlogP_VSA12,Pharm2D_Gobbi_41,FP_AtomPair1024_970,Pharm2D_Gobbi_48,FP_Morgan1024_r2_713,Pharm2D_Gobbi_112,FP_RDKit512_139,FP_RDKit512_485,RDKit2D_EState_VSA9,FP_TopoTorsion1024_232,RDKit2D_BCUT2D_CHGLO,FP_RDKit512_436,FP_AtomPair1024_53,RDKit2D_fr_thiazole,FP_RDKit512_323,FP_TopoTorsion1024_733,FP_RDKit512_32,FP_TopoTorsion1024_732,FP_Morgan1024_r2_99,RDKit2D_PEOE_VSA4,Pharm2D_Gobbi_59,FP_Morgan1024_r2_577,AC2D_169,FP_AtomPair1024_498,FP_Morgan1024_r2_338,FP_RDKit512_50,FP_Morgan1024_r2_702,FP_RDKit512_177,FP_RDKit512_375,FP_Morgan1024_r2_407,FP_RDKit512_88,FP_AtomPair1024_246,FP_MACCS_123,FP_Morgan1024_r2_206,FP_RDKit512_7,FP_RDKit512_117,FP_MACCS_85,FP_RDKit512_240,Pharm2D_Gobbi_129,FP_AtomPair1024_705,FP_RDKit512_123,FP_RDKit512_104,AC3D_66,FP_AtomPair1024_1004,FP_RDKit512_497,FP_RDKit512_102,FP_Morgan1024_r2_645,FP_RDKit512_259,AC3D_67,FP_AtomPair1024_497,FP_RDKit512_234,FP_MorganFeat1024_r2_782,Pharm2D_Gobbi_20,FP_RDKit512_426,FP_Morgan1024_r2_557,Pharm2D_Gobbi_172,FP_RDKit512_500,FP_Morgan1024_r2_389,FP_AtomPair1024_969,FP_RDKit512_205,FP_Morgan1024_r2_684,Pharm2D_Gobbi_133,FP_MorganFeat1024_r2_975,FP_RDKit512_58,FP_TopoTorsion1024_468,FP_AtomPair1024_241,FP_AtomPair1024_52,FP_TopoTorsion1024_432,FP_AtomPair1024_348,FP_TopoTorsion1024_469,RDKit2D_NumSaturatedHeterocycles,FP_RDKit512_344,GETAWAY_261,FP_AtomPair1024_819,FP_RDKit512_42,FP_AtomPair1024_242,RDKit2D_BCUT2D_LOGPLOW,FP_AtomPair1024_414,FP_MACCS_138,FP_MorganFeat1024_r2_33,GETAWAY_141,AC2D_121,FP_RDKit512_214,FP_MorganFeat1024_r2_698,FP_AtomPair1024_592,FP_RDKit512_76,FP_RDKit512_346,FP_RDKit512_14,FP_RDKit512_378,Pharm2D_Gobbi_168,FP_RDKit512_12,FP_AtomPair1024_918,FP_RDKit512_359,AC2D_114,RDKit2D_MinPartialCharge,FP_MACCS_124,FP_AtomPair1024_717,FP_AtomPair1024_54,FP_RDKit512_24,FP_AtomPair1024_645,FP_TopoTorsion1024_694,FP_RDKit512_416,FP_MorganFeat1024_r2_131,FP_MACCS_77,FP_RDKit512_508,MORSE_187,FP_RDKit512_5,FP_AtomPair1024_940,FP_AtomPair1024_848,AC2D_153,RDKit2D_fr_piperdine,FP_Morgan1024_r2_831,FP_RDKit512_289,MORSE_200,Pharm2D_Gobbi_131,FP_AtomPair1024_464,FP_AtomPair1024_141,FP_RDKit512_211,FP_MACCS_157,FP_MorganFeat1024_r2_806,FP_Morgan1024_r2_795,FP_RDKit512_299,FP_AtomPair1024_568,FP_RDKit512_199,FP_RDKit512_246,FP_RDKit512_140,AC2D_112,FP_RDKit512_57,FP_AtomPair1024_880,GETAWAY_262,FP_RDKit512_384,FP_RDKit512_243,FP_RDKit512_304,FP_RDKit512_4,FP_RDKit512_430,FP_RDKit512_84,RDKit2D_NumHeterocycles,FP_AtomPair1024_245,AC3D_68,FP_AtomPair1024_760,FP_AtomPair1024_325,FP_MorganFeat1024_r2_365,FP_TopoTorsion1024_520,FP_AtomPair1024_860,Pharm2D_Gobbi_96,Pharm2D_Gobbi_60,FP_AtomPair1024_820,FP_RDKit512_336,AC2D_106,FP_RDKit512_290,FP_RDKit512_320,FP_MorganFeat1024_r2_397,FP_RDKit512_38,FP_MorganFeat1024_r2_685,FP_TopoTorsion1024_988,FP_RDKit512_319,FP_RDKit512_487,FP_RDKit512_362,AC3D_64,FP_RDKit512_345,Pharm2D_Gobbi_24,FP_RDKit512_230,GETAWAY_142,FP_AtomPair1024_305,RDKit2D_NumSaturatedRings,AC2D_122,FP_AtomPair1024_678,FP_RDKit512_254,FP_RDKit512_445,Pharm2D_Gobbi_13,MORSE_59,FP_RDKit512_367,FP_Morgan1024_r2_138,FP_MorganFeat1024_r2_24,FP_RDKit512_455,FP_Morgan1024_r2_695,FP_TopoTorsion1024_289,FP_AtomPair1024_148,FP_AtomPair1024_861,FP_RDKit512_136,FP_RDKit512_176,FP_TopoTorsion1024_288,FP_Morgan1024_r2_216,FP_AtomPair1024_977,FP_RDKit512_386,FP_AtomPair1024_612,FP_AtomPair1024_104,FP_AtomPair1024_13,FP_AtomPair1024_792,FP_RDKit512_325,RDKit2D_FractionCSP3,FP_MACCS_88,FP_RDKit512_328,FP_AtomPair1024_349,FP_AtomPair1024_105,FP_AtomPair1024_145,GETAWAY_270,FP_AtomPair1024_0,RDKit2D_SPS,RDKit2D_fr_Al_COO,Pharm2D_Gobbi_220,FP_RDKit512_151,FP_AtomPair1024_428,FP_AtomPair1024_761,AC3D_63,RDKit2D_BCUT2D_MWLOW,FP_AtomPair1024_144,GETAWAY_271,FP_RDKit512_401,RDKit2D_PEOE_VSA11,FP_Morgan1024_r2_730,FP_RDKit512_272,FP_AtomPair1024_520,FP_MorganFeat1024_r2_152,FP_RDKit512_506,GETAWAY_221,FP_Morgan1024_r2_36,FP_RDKit512_423,FP_RDKit512_258,AC2D_117,Pharm2D_Gobbi_94,GETAWAY_88,FP_TopoTorsion1024_381,AC2D_46,FP_MACCS_66,FP_RDKit512_438,FP_RDKit512_141,MORSE_219,AC2D_145,MORSE_218,FP_TopoTorsion1024_513,FP_AtomPair1024_240,FP_RDKit512_269,FP_MACCS_86,AC3D_60,FP_AtomPair1024_324,FP_AtomPair1024_716,Pharm2D_Gobbi_92,FP_MorganFeat1024_r2_349,FP_Morgan1024_r2_715,FP_AtomPair1024_149,FP_TopoTorsion1024_425,FP_AtomPair1024_908,QM_Charge_Min_Neg,FP_RDKit512_134,FP_TopoTorsion1024_88,FP_RDKit512_488,GETAWAY_28,FP_Morgan1024_r2_168,FP_MorganFeat1024_r2_114,FP_AtomPair1024_3,FP_AtomPair1024_253,FP_Morgan1024_r2_289,FP_RDKit512_288,FP_AtomPair1024_505,RDKit2D_NumAliphaticHeterocycles,FP_RDKit512_460,AC3D_61,RDKit2D_fr_COO,FP_MACCS_83,FP_MorganFeat1024_r2_355,FP_RDKit512_142,average,sample_weight
Cc1ccc(NC(=O)CCC2CCCCC2)cc1-c1nc2ccccc2[nH]1,46.010822,0.0,1.0,0.0,29.665,0.0,0.0,1.0,0.0,0.0,1.0,1.0,1.0,4.9839787,0.0,-2.20573,1.0,0.0,0.0,1.0,0.0,0.0,0.0,0.0,0.0,1.0,0.0,0.819,1.0,0.0,1.0,0.0,0.0,0.0,0.0,0.0,1.0,0.0,0.0,1.0,1.0,0.0,0.0,0.0,1.0,1.0,1.0,5.096,1.0,0.0,0.0,0.0,0.0,3.741,1.0,0.0,0.0,0.0,0.0,0.0,0.0,1.0,0.0,1.0,1.0,0.0,0.0,0.0,0.0,0.0,1.0,0.0,0.0,1.0,0.0,0.0,1.0,3.197,0.0,0.0,1.0,-2.145255,0.0,0.0,0.0,2.669,0.167,0.0,0.0,0.0,1.0,0.0,0.0,0.0,0.0,0.0,0.0,0.0,-0.162,-0.3379412,0.0,1.0,0.0,0.0,1.0,0.0,0.0,1.0,1.0,0.0,-0.206,1.0,1.0,0.0,0.883,0.0,1.0,1.0,-19.277,1.0,1.0,1.0,0.0,0.0,0.0,0.0,0.0,0.0,0.0,1.0,1.0,-0.066,0.0,0.0,1.73,0.0,1.0,0.0,0.0,0.0,1.0,1.0,1.0,2.998,1.0,1.0,0.0,1.0,0.0,1.0,0.0,1.0,1.0,-0.21,1.0,0.0,1.0,0.0,0.0,1.0,0.0,0.0,0.0,3.9,0.0,0.0,1.0,1.629,0.0,1.0,-0.195,0.0,0.0,1.0,0.0,-0.196,1.0,0.0,0.0,0.0,0.0,0.0,0.0,0.0,0.0,0.0,0.0,0.0,0.0,1.0,0.0,1.0,0.0,0.0,0.0,0.39130434,0.0,0.0,1.0,1.0,0.0,0.327,1.0,15.148149,0.0,0.0,1.0,0.0,0.0,3.22,9.85912,0.0,0.263,0.0,0.0,0.0,0.0,1.0,0.0,1.0,0.868,0.0,1.0,0.0,-0.207,1.0,0.414,0.0,5.521,0.0,0.0,1.0,-0.602,0.731,-2.579,0.0,1.0,1.0,0.0,0.722,1.0,1.0,0.0,0.0,0.0,0.0,0.0,0.0,-0.3379412,0.0,0.0,0.0,0.566,0.0,0.0,0.0,0.0,1.0,1.0,0.0,0.0,1.0,2.078,0.0,1.0,0.0,1.0,5.886056647693163,1.0093538704045897
Cc1ccc(C(=O)NCCC2CCCCC2)cc1NC(=O)c1ccc(O)cc1,17.90218,0.0,0.0,0.0,26.193,0.0,0.0,1.0,0.0,0.0,0.0,1.0,1.0,0.0,0.0,-2.2099786,0.0,0.0,0.0,0.0,0.0,1.0,0.0,0.0,0.0,1.0,0.0,0.679,1.0,0.0,0.0,0.0,0.0,0.0,0.0,1.0,1.0,0.0,0.0,0.0,0.0,0.0,0.0,0.0,1.0,1.0,0.0,4.799,1.0,0.0,0.0,0.0,0.0,4.692,1.0,1.0,0.0,0.0,0.0,0.0,0.0,0.0,0.0,1.0,1.0,0.0,0.0,0.0,1.0,0.0,1.0,0.0,0.0,0.0,0.0,0.0,1.0,3.551,0.0,0.0,1.0,-2.26294,0.0,0.0,0.0,2.471,0.142,0.0,0.0,0.0,1.0,0.0,0.0,0.0,0.0,0.0,0.0,0.0,-0.213,-0.5079662,0.0,1.0,0.0,0.0,0.0,0.0,1.0,0.0,0.0,0.0,0.182,0.0,0.0,0.0,0.707,0.0,0.0,1.0,-17.897,0.0,0.0,0.0,1.0,1.0,0.0,0.0,0.0,0.0,0.0,1.0,1.0,-0.032,0.0,0.0,2.718,0.0,0.0,0.0,0.0,1.0,0.0,0.0,1.0,4.026,1.0,1.0,0.0,0.0,0.0,1.0,1.0,1.0,0.0,-0.26,1.0,0.0,0.0,0.0,0.0,0.0,1.0,1.0,1.0,3.863,1.0,0.0,0.0,2.415,0.0,1.0,-0.243,0.0,0.0,0.0,0.0,0.193,0.0,0.0,0.0,0.0,0.0,0.0,0.0,0.0,1.0,0.0,0.0,0.0,0.0,0.0,1.0,0.0,0.0,1.0,1.0,0.39130434,0.0,1.0,0.0,0.0,0.0,0.585,1.0,14.464286,0.0,0.0,0.0,0.0,0.0,3.501,9.868937,0.0,0.369,0.0,0.0,0.0,1.0,1.0,0.0,1.0,0.859,0.0,1.0,0.0,0.155,1.0,0.381,1.0,5.6,0.0,1.0,0.0,3.818,0.663,-3.237,0.0,1.0,1.0,0.0,0.651,1.0,1.0,0.0,0.0,0.0,0.0,0.0,0.0,-0.5079662,0.0,0.0,0.0,0.635,0.0,0.0,0.0,0.0,1.0,0.0,0.0,0.0,1.0,1.94,0.0,0.0,1.0,1.0,5.698970004336019,1.0093538704045897
Cc1ccc2nc(-c3cc(NC(=O)CCC4CCCCC4)ccc3C)[nH]c2c1,46.010822,0.0,1.0,0.0,27.607,0.0,0.0,0.0,0.0,0.0,1.0,1.0,1.0,4.9839787,0.0,-2.2057302,1.0,0.0,0.0,1.0,0.0,0.0,0.0,0.0,0.0,1.0,0.0,0.807,1.0,0.0,1.0,0.0,0.0,0.0,0.0,0.0,1.0,0.0,0.0,1.0,1.0,0.0,0.0,0.0,1.0,1.0,1.0,4.938,1.0,1.0,0.0,0.0,0.0,3.401,1.0,0.0,0.0,0.0,0.0,0.0,0.0,1.0,0.0,1.0,1.0,0.0,0.0,0.0,0.0,0.0,1.0,0.0,0.0,1.0,0.0,0.0,1.0,2.719,0.0,0.0,0.0,-2.1452556,0.0,0.0,0.0,2.261,0.173,0.0,0.0,0.0,1.0,0.0,0.0,0.0,0.0,0.0,0.0,0.0,-0.151,-0.33793312,0.0,0.0,0.0,0.0,1.0,0.0,0.0,1.0,1.0,0.0,-0.156,1.0,1.0,0.0,0.869,0.0,1.0,1.0,-14.818,1.0,1.0,1.0,0.0,0.0,0.0,0.0,0.0,0.0,0.0,1.0,1.0,-0.064,0.0,0.0,1.257,0.0,1.0,0.0,0.0,0.0,1.0,1.0,1.0,3.493,1.0,1.0,0.0,1.0,0.0,1.0,1.0,1.0,1.0,-0.196,1.0,0.0,1.0,0.0,0.0,1.0,0.0,0.0,0.0,3.605,0.0,0.0,1.0,1.126,0.0,1.0,-0.182,0.0,0.0,1.0,0.0,-0.138,1.0,0.0,0.0,0.0,0.0,0.0,0.0,0.0,0.0,0.0,0.0,0.0,0.0,1.0,0.0,1.0,0.0,0.0,0.0,0.41666666,0.0,0.0,1.0,1.0,0.0,0.367,1.0,15.071428,0.0,0.0,1.0,0.0,0.0,2.939,9.85912,0.0,0.234,0.0,0.0,0.0,0.0,1.0,0.0,1.0,0.856,0.0,1.0,0.0,-0.201,1.0,0.51,1.0,5.481,0.0,0.0,1.0,0.345,0.72,-1.621,0.0,1.0,1.0,0.0,0.608,1.0,1.0,0.0,0.0,0.0,0.0,0.0,0.0,-0.33793312,0.0,0.0,0.0,0.698,0.0,0.0,0.0,0.0,0.0,1.0,0.0,0.0,1.0,1.896,0.0,1.0,0.0,1.0,5.886056647693163,1.0093538704045897
Cc1ccc(NC(=O)CCC2CCCCC2)cc1NC(=O)c1ccccc1,17.67166,0.0,0.0,0.0,29.771,0.0,0.0,1.0,0.0,0.0,0.0,1.0,1.0,0.0,0.0,-2.206156,0.0,0.0,0.0,0.0,0.0,1.0,0.0,0.0,0.0,1.0,0.0,0.682,1.0,0.0,0.0,0.0,0.0,0.0,0.0,1.0,1.0,0.0,0.0,0.0,0.0,0.0,0.0,0.0,1.0,1.0,0.0,5.023,1.0,0.0,0.0,0.0,0.0,5.432,1.0,1.0,0.0,0.0,0.0,0.0,0.0,0.0,1.0,1.0,1.0,0.0,0.0,0.0,1.0,0.0,1.0,0.0,0.0,0.0,0.0,0.0,1.0,2.812,0.0,0.0,1.0,-2.157098,0.0,0.0,0.0,2.687,0.22,0.0,0.0,0.0,1.0,0.0,0.0,0.0,0.0,0.0,0.0,0.0,-0.181,-0.32601976,0.0,1.0,0.0,0.0,0.0,0.0,1.0,0.0,0.0,0.0,0.228,0.0,0.0,0.0,0.742,0.0,0.0,1.0,-17.374,0.0,0.0,0.0,0.0,0.0,0.0,0.0,0.0,0.0,0.0,1.0,1.0,-0.036,0.0,0.0,2.217,0.0,1.0,0.0,0.0,0.0,0.0,0.0,1.0,4.44,1.0,0.0,0.0,0.0,0.0,1.0,0.0,1.0,1.0,-0.229,1.0,0.0,0.0,0.0,0.0,0.0,1.0,1.0,0.0,4.208,1.0,0.0,0.0,1.932,0.0,1.0,-0.212,0.0,0.0,1.0,0.0,0.23,1.0,0.0,0.0,0.0,0.0,0.0,0.0,0.0,0.0,0.0,0.0,0.0,0.0,0.0,0.0,1.0,0.0,0.0,1.0,0.39130434,0.0,0.0,0.0,1.0,0.0,0.372,1.0,14.555555,0.0,0.0,0.0,0.0,1.0,4.075,9.859157,0.0,0.458,0.0,0.0,0.0,1.0,1.0,0.0,1.0,0.763,0.0,1.0,0.0,0.15,1.0,0.481,1.0,5.456,0.0,0.0,0.0,3.833,0.632,-4.061,0.0,1.0,1.0,0.0,0.777,1.0,1.0,0.0,0.0,0.0,0.0,0.0,0.0,-0.32601976,0.0,0.0,0.0,0.72,0.0,0.0,0.0,0.0,0.0,0.0,0.0,0.0,0.0,2.28,0.0,0.0,1.0,1.0,5.698970004336019,1.0093538704045897
Cc1ccc(NC(=O)CCC2CCCCC2)cc1/C=C(\C#N)c1ccc2c(c1)OCO2,28.798563,0.0,0.0,0.0,32.14,0.0,0.0,1.0,0.0,0.0,0.0,1.0,1.0,9.473726,0.0,-2.205704,0.0,0.0,0.0,0.0,0.0,1.0,0.0,0.0,5.2618914,1.0,0.0,0.685,1.0,0.0,1.0,0.0,0.0,0.0,0.0,0.0,1.0,1.0,0.0,0.0,1.0,0.0,0.0,0.0,1.0,1.0,0.0,4.721,1.0,0.0,0.0,0.0,0.0,3.919,1.0,0.0,0.0,0.0,0.0,0.0,0.0,0.0,0.0,1.0,1.0,0.0,0.0,0.0,0.0,0.0,1.0,0.0,0.0,0.0,0.0,0.0,1.0,3.833,0.0,0.0,1.0,-2.145243,0.0,0.0,0.0,3.178,0.2,0.0,1.0,0.0,1.0,0.0,0.0,0.0,0.0,1.0,0.0,0.0,-0.08,-0.45359507,0.0,0.0,0.0,0.0,0.0,0.0,1.0,0.0,0.0,1.0,0.144,1.0,0.0,0.0,0.691,0.0,0.0,1.0,-15.621,0.0,1.0,0.0,0.0,1.0,0.0,0.0,0.0,1.0,0.0,1.0,1.0,-0.083,0.0,1.0,1.947,0.0,1.0,0.0,0.0,0.0,0.0,1.0,1.0,4.74,1.0,1.0,0.0,0.0,0.0,1.0,1.0,1.0,1.0,-0.096,1.0,1.0,0.0,0.0,0.0,0.0,0.0,0.0,1.0,3.436,0.0,0.0,0.0,1.654,0.0,1.0,-0.09,0.0,1.0,1.0,0.0,0.13,1.0,0.0,0.0,0.0,0.0,0.0,0.0,0.0,1.0,1.0,0.0,0.0,0.0,0.0,0.0,1.0,0.0,1.0,0.0,0.3846154,0.0,0.0,0.0,1.0,0.0,0.705,1.0,16.064516,0.0,0.0,0.0,0.0,1.0,3.028,9.859107,1.0,0.271,1.0,11.499023,0.0,0.0,1.0,0.0,1.0,0.805,0.0,1.0,0.0,-0.102,1.0,0.711,1.0,5.721,0.0,1.0,1.0,2.624,0.683,-2.95,0.0,1.0,1.0,0.0,0.557,1.0,1.0,0.0,0.0,0.0,0.0,0.0,0.0,-0.45359507,1.0,0.0,0.0,0.953,0.0,0.0,0.0,0.0,0.0,0.0,0.0,1.0,0.0,1.697,0.0,1.0,0.0,1.0,6.154901959985743,1.0093538704045897
Cc1ccc(NC(=O)CCC2CCCCC2)cc1-c1nc2ccc(O)cc2[nH]1,40.09292,0.0,1.0,0.0,28.075,0.0,0.0,0.0,0.0,0.0,1.0,1.0,1.0,0.0,0.0,-2.2057297,1.0,0.0,0.0,1.0,0.0,0.0,0.0,0.0,0.0,1.0,0.0,0.816,1.0,0.0,1.0,0.0,0.0,0.0,0.0,0.0,1.0,0.0,0.0,1.0,1.0,0.0,0.0,0.0,1.0,1.0,1.0,4.447,1.0,0.0,0.0,0.0,0.0,3.074,1.0,0.0,0.0,0.0,0.0,0.0,0.0,1.0,0.0,1.0,1.0,0.0,0.0,0.0,0.0,1.0,1.0,0.0,0.0,1.0,0.0,0.0,1.0,3.092,0.0,0.0,0.0,-2.1452553,0.0,0.0,0.0,2.165,0.066,0.0,0.0,0.0,1.0,0.0,0.0,0.0,0.0,0.0,0.0,0.0,-0.159,-0.50788337,0.0,0.0,0.0,0.0,1.0,0.0,0.0,1.0,1.0,0.0,-0.332,1.0,1.0,0.0,0.872,0.0,1.0,1.0,-17.756,1.0,1.0,1.0,0.0,1.0,0.0,0.0,0.0,0.0,0.0,1.0,1.0,-0.054,0.0,0.0,1.64,0.0,1.0,0.0,0.0,0.0,1.0,1.0,1.0,2.813,1.0,1.0,0.0,1.0,0.0,1.0,1.0,1.0,1.0,-0.216,1.0,0.0,1.0,0.0,0.0,1.0,0.0,0.0,0.0,3.577,0.0,0.0,1.0,1.403,0.0,1.0,-0.197,0.0,0.0,1.0,0.0,-0.319,1.0,0.0,0.0,0.0,0.0,0.0,0.0,0.0,1.0,0.0,0.0,0.0,0.0,1.0,0.0,1.0,0.0,0.0,0.0,0.39130434,0.0,0.0,1.0,1.0,0.0,0.413,1.0,15.035714,0.0,0.0,1.0,0.0,0.0,2.893,9.85912,0.0,0.21,0.0,0.0,0.0,0.0,1.0,0.0,1.0,0.871,0.0,1.0,0.0,-0.177,1.0,0.444,1.0,5.481,0.0,1.0,1.0,-1.14,0.747,-2.659,0.0,1.0,1.0,0.0,0.607,1.0,1.0,0.0,0.0,0.0,0.0,0.0,0.0,-0.50788337,0.0,0.0,0.0,0.717,0.0,0.0,0.0,0.0,1.0,1.0,0.0,0.0,1.0,1.894,0.0,1.0,0.0,1.0,6.154901959985743,1.0093538704045897
Cc1ccc(NC(=O)CCC2CCCCC2)cc1/C=C(\C#N)c1cccnc1,28.798563,0.0,0.0,0.0,30.969,0.0,0.0,1.0,0.0,0.0,0.0,1.0,1.0,0.0,0.0,-2.2056913,0.0,0.0,0.0,0.0,0.0,1.0,0.0,0.0,5.2618914,1.0,0.0,0.654,1.0,0.0,1.0,0.0,0.0,0.0,0.0,0.0,1.0,0.0,0.0,0.0,1.0,0.0,0.0,0.0,1.0,1.0,1.0,4.953,1.0,0.0,0.0,0.0,0.0,3.872,1.0,0.0,0.0,0.0,0.0,0.0,0.0,0.0,0.0,1.0,1.0,0.0,0.0,0.0,0.0,0.0,1.0,0.0,0.0,1.0,0.0,0.0,1.0,3.817,0.0,1.0,1.0,-2.1452446,0.0,0.0,0.0,2.881,0.141,0.0,0.0,0.0,1.0,0.0,0.0,0.0,0.0,1.0,0.0,0.0,-0.084,-0.326076,0.0,1.0,0.0,0.0,0.0,0.0,1.0,1.0,0.0,1.0,-0.126,1.0,0.0,0.0,0.682,0.0,0.0,1.0,-11.087,0.0,0.0,0.0,0.0,0.0,0.0,0.0,0.0,1.0,0.0,1.0,1.0,-0.044,0.0,0.0,2.481,0.0,1.0,0.0,0.0,0.0,0.0,1.0,1.0,4.065,1.0,0.0,0.0,0.0,0.0,1.0,0.0,1.0,1.0,-0.101,1.0,1.0,0.0,0.0,0.0,0.0,0.0,0.0,1.0,4.1,1.0,0.0,1.0,2.122,0.0,1.0,-0.096,0.0,1.0,1.0,0.0,-0.122,1.0,0.0,0.0,0.0,0.0,0.0,1.0,0.0,1.0,1.0,0.0,0.0,0.0,0.0,0.0,1.0,0.0,0.0,1.0,0.375,0.0,0.0,0.0,1.0,1.0,0.638,1.0,15.071428,0.0,0.0,0.0,0.0,1.0,3.456,9.859108,1.0,0.301,0.0,0.0,0.0,0.0,1.0,0.0,1.0,0.811,0.0,1.0,0.0,-0.261,1.0,0.287,1.0,5.609,0.0,0.0,0.0,0.745,0.624,-2.475,0.0,1.0,1.0,0.0,0.701,1.0,1.0,0.0,0.0,0.0,0.0,0.0,0.0,-0.326076,1.0,0.0,0.0,0.373,0.0,0.0,0.0,0.0,0.0,0.0,0.0,0.0,0.0,1.899,0.0,0.0,0.0,1.0,6.0,1.0093538704045897
Cc1ccc(NC(=O)CCC2CCCCC2)cc1NC(=O)c1ccc(O)cc1,11.984273,0.0,0.0,0.0,28.249,0.0,0.0,1.0,0.0,0.0,0.0,1.0,1.0,0.0,0.0,-2.2061641,0.0,0.0,0.0,0.0,0.0,1.0,0.0,0.0,0.0,1.0,0.0,0.728,1.0,0.0,0.0,0.0,0.0,0.0,0.0,1.0,1.0,0.0,0.0,0.0,0.0,0.0,0.0,0.0,1.0,1.0,0.0,4.414,1.0,0.0,0.0,0.0,0.0,4.791,1.0,1.0,0.0,0.0,0.0,0.0,0.0,0.0,0.0,1.0,1.0,0.0,0.0,0.0,1.0,0.0,1.0,0.0,0.0,0.0,0.0,0.0,1.0,2.569,0.0,0.0,1.0,-2.1571906,0.0,0.0,0.0,2.219,0.119,0.0,0.0,0.0,1.0,0.0,0.0,0.0,0.0,0.0,0.0,0.0,-0.188,-0.5079662,0.0,1.0,0.0,0.0,0.0,0.0,1.0,0.0,0.0,0.0,0.192,0.0,0.0,0.0,0.773,0.0,0.0,1.0,-16.931,0.0,0.0,0.0,0.0,1.0,0.0,0.0,0.0,0.0,0.0,1.0,1.0,-0.032,0.0,0.0,1.924,0.0,1.0,0.0,0.0,0.0,0.0,0.0,1.0,3.729,1.0,0.0,0.0,0.0,0.0,1.0,1.0,1.0,1.0,-0.239,1.0,0.0,0.0,0.0,0.0,0.0,1.0,1.0,0.0,3.556,1.0,0.0,0.0,1.491,0.0,1.0,-0.22,0.0,0.0,1.0,0.0,0.192,1.0,0.0,0.0,0.0,0.0,0.0,0.0,0.0,1.0,0.0,0.0,0.0,0.0,0.0,0.0,1.0,0.0,1.0,1.0,0.39130434,0.0,0.0,0.0,1.0,0.0,0.321,1.0,14.464286,0.0,0.0,0.0,0.0,1.0,3.755,9.859157,0.0,0.415,0.0,0.0,0.0,1.0,1.0,0.0,1.0,0.779,0.0,1.0,0.0,0.392,1.0,0.417,1.0,5.405,0.0,1.0,0.0,3.373,0.692,-3.592,0.0,1.0,1.0,0.0,0.659,1.0,1.0,0.0,0.0,0.0,0.0,0.0,0.0,-0.5079662,0.0,0.0,0.0,0.699,0.0,0.0,0.0,0.0,1.0,0.0,0.0,0.0,0.0,2.049,0.0,0.0,1.0,1.0,5.769551078621726,1.0093538704045897
Cc1ccc(NC(=O)CCC2CCCCC2)cc1NC(=O)c1ccc(N)cc1,11.984273,0.0,0.0,0.0,28.643,0.0,0.0,1.0,0.0,0.0,0.0,1.0,1.0,5.7336674,0.0,-2.2061687,0.0,0.0,0.0,0.0,0.0,1.0,0.0,0.0,0.0,1.0,0.0,0.713,1.0,0.0,0.0,0.0,0.0,0.0,0.0,1.0,1.0,0.0,0.0,0.0,0.0,0.0,0.0,0.0,1.0,1.0,0.0,4.444,1.0,0.0,0.0,0.0,0.0,4.828,1.0,1.0,0.0,0.0,0.0,0.0,0.0,0.0,0.0,1.0,1.0,0.0,0.0,0.0,1.0,0.0,1.0,0.0,0.0,0.0,0.0,0.0,1.0,2.709,0.0,0.0,1.0,-2.157639,0.0,0.0,0.0,2.615,0.158,0.0,0.0,0.0,1.0,0.0,0.0,0.0,0.0,0.0,0.0,0.0,-0.197,-0.39872822,0.0,1.0,0.0,0.0,0.0,0.0,1.0,0.0,0.0,0.0,0.31,0.0,0.0,0.0,0.77,0.0,0.0,1.0,-16.759,0.0,0.0,0.0,0.0,0.0,0.0,0.0,0.0,0.0,0.0,1.0,1.0,-0.037,0.0,0.0,1.892,0.0,1.0,0.0,0.0,0.0,0.0,0.0,1.0,3.772,1.0,0.0,0.0,0.0,0.0,1.0,1.0,1.0,1.0,-0.244,1.0,0.0,0.0,0.0,0.0,0.0,1.0,1.0,0.0,3.564,1.0,0.0,0.0,1.586,0.0,1.0,-0.229,0.0,0.0,1.0,0.0,0.313,1.0,0.0,0.0,0.0,0.0,0.0,0.0,0.0,0.0,0.0,0.0,0.0,0.0,0.0,1.0,1.0,0.0,0.0,1.0,0.39130434,0.0,0.0,0.0,1.0,0.0,0.392,1.0,14.464286,0.0,0.0,0.0,0.0,1.0,3.759,9.859157,0.0,0.338,0.0,0.0,0.0,1.0,1.0,0.0,1.0,0.781,0.0,1.0,0.0,0.293,1.0,0.5,1.0,5.405,0.0,0.0,0.0,3.987,0.657,-3.377,0.0,1.0,1.0,0.0,0.659,1.0,1.0,0.0,0.0,0.0,0.0,0.0,0.0,-0.39872822,0.0,0.0,0.0,0.743,0.0,0.0,0.0,0.0,0.0,0.0,0.0,0.0,0.0,2.049,0.0,0.0,1.0,1.0,5.42021640338319,1.0093538704045897
Cc1ccc(NC(=O)CCC2CCCCC2)cc1NC(=O)c1ccc(CO)cc1,17.547724,0.0,0.0,0.0,27.862,0.0,0.0,1.0,0.0,0.0,0.0,1.0,1.0,5.1065273,0.0,-2.2061758,0.0,0.0,0.0,0.0,0.0,1.0,0.0,0.0,0.0,1.0,0.0,0.627,1.0,0.0,1.0,0.0,0.0,0.0,0.0,1.0,1.0,0.0,0.0,0.0,0.0,0.0,0.0,0.0,1.0,1.0,0.0,4.349,1.0,0.0,0.0,0.0,0.0,4.531,1.0,1.0,0.0,0.0,0.0,0.0,0.0,0.0,0.0,1.0,1.0,0.0,0.0,0.0,1.0,0.0,1.0,0.0,0.0,0.0,0.0,0.0,1.0,2.661,0.0,0.0,1.0,-2.1577797,0.0,0.0,0.0,2.316,0.156,0.0,0.0,0.0,1.0,1.0,0.0,0.0,0.0,0.0,0.0,0.0,-0.175,-0.39168045,0.0,1.0,0.0,0.0,0.0,0.0,1.0,0.0,0.0,0.0,0.222,0.0,0.0,0.0,0.684,0.0,0.0,1.0,-16.336,0.0,0.0,0.0,0.0,1.0,0.0,0.0,0.0,0.0,0.0,1.0,1.0,-0.031,0.0,0.0,1.855,0.0,1.0,0.0,0.0,0.0,0.0,0.0,1.0,3.642,1.0,1.0,0.0,0.0,0.0,1.0,1.0,1.0,1.0,-0.223,1.0,0.0,0.0,0.0,0.0,0.0,1.0,1.0,0.0,3.339,1.0,0.0,0.0,1.45,0.0,1.0,-0.205,0.0,0.0,1.0,0.0,0.225,1.0,0.0,0.0,0.0,0.0,0.0,0.0,0.0,0.0,0.0,0.0,0.0,0.0,0.0,0.0,1.0,0.0,0.0,1.0,0.41666666,0.0,0.0,0.0,1.0,0.0,0.349,1.0,14.413794,0.0,0.0,0.0,0.0,1.0,3.588,9.859157,0.0,0.377,0.0,0.0,1.0,1.0,1.0,0.0,1.0,0.818,0.0,1.0,0.0,0.02,1.0,0.568,1.0,5.458,0.0,0.0,0.0,3.439,0.579,-3.432,0.0,1.0,1.0,0.0,0.618,1.0,1.0,0.0,0.0,0.0,0.0,0.0,0.0,-0.39168045,0.0,0.0,0.0,0.889,0.0,0.0,0.0,0.0,0.0,0.0,0.0,0.0,1.0,1.92,0.0,0.0,1.0,1.0,5.119186407719209,1.0093538704045897
Cc1ccc(NC(=O)CCC2CCCCC2)cc1NC(=O)c1cccc(O)c1,11.984273,0.0,0.0,0.0,28.591,0.0,0.0,1.0,0.0,0.0,0.0,1.0,1.0,0.0,0.0,-2.2061682,0.0,0.0,0.0,0.0,0.0,1.0,0.0,0.0,0.0,1.0,0.0,0.728,1.0,0.0,0.0,0.0,0.0,0.0,0.0,1.0,1.0,0.0,0.0,0.0,0.0,0.0,0.0,0.0,1.0,1.0,0.0,4.447,1.0,0.0,0.0,0.0,0.0,4.713,1.0,1.0,0.0,0.0,0.0,0.0,0.0,0.0,0.0,1.0,1.0,0.0,0.0,0.0,1.0,1.0,1.0,0.0,0.0,0.0,0.0,0.0,1.0,2.374,0.0,0.0,1.0,-2.157306,0.0,0.0,0.0,2.02,0.119,0.0,0.0,0.0,1.0,0.0,0.0,0.0,0.0,0.0,0.0,0.0,-0.188,-0.50794077,0.0,1.0,0.0,0.0,0.0,0.0,1.0,0.0,0.0,0.0,0.143,0.0,0.0,0.0,0.773,0.0,0.0,1.0,-16.178,0.0,0.0,0.0,0.0,1.0,0.0,0.0,0.0,0.0,0.0,1.0,1.0,-0.032,0.0,0.0,1.935,0.0,1.0,0.0,0.0,0.0,0.0,0.0,1.0,4.253,1.0,0.0,0.0,0.0,0.0,1.0,1.0,1.0,1.0,-0.239,1.0,0.0,0.0,0.0,0.0,0.0,1.0,1.0,0.0,4.017,1.0,0.0,0.0,1.789,0.0,1.0,-0.22,0.0,0.0,1.0,0.0,0.14,1.0,0.0,0.0,0.0,0.0,0.0,0.0,0.0,1.0,0.0,0.0,0.0,0.0,0.0,0.0,1.0,0.0,0.0,1.0,0.39130434,0.0,0.0,0.0,1.0,0.0,0.381,1.0,14.464286,0.0,0.0,0.0,0.0,1.0,3.521,9.859157,0.0,0.308,0.0,0.0,0.0,1.0,1.0,0.0,1.0,0.73,0.0,1.0,0.0,0.068,1.0,0.475,1.0,5.413,0.0,1.0,1.0,3.131,0.692,-3.554,0.0,1.0,1.0,0.0,0.659,1.0,1.0,0.0,0.0,0.0,0.0,0.0,0.0,-0.50794077,0.0,0.0,0.0,0.713,0.0,0.0,0.0,0.0,0.0,0.0,0.0,0.0,0.0,2.083,0.0,0.0,1.0,1.0,5.698970004336019,1.0093538704045897
Cc1ccc(NC(=O)CCC2CCCCC2)cc1NCc1ccc2c(c1)OCO2,46.339428,0.0,0.0,0.0,34.542,0.0,0.0,1.0,0.0,0.0,0.0,1.0,1.0,9.473726,0.0,-2.2064204,0.0,0.0,0.0,0.0,0.0,1.0,0.0,0.0,0.0,1.0,0.0,0.786,1.0,0.0,1.0,0.0,0.0,0.0,0.0,0.0,1.0,1.0,0.0,0.0,1.0,0.0,0.0,0.0,1.0,1.0,0.0,4.005,1.0,0.0,0.0,0.0,0.0,3.945,1.0,1.0,0.0,0.0,0.0,0.0,0.0,0.0,0.0,1.0,1.0,0.0,0.0,0.0,0.0,0.0,1.0,0.0,0.0,0.0,0.0,0.0,1.0,2.291,0.0,0.0,1.0,-2.1471894,0.0,1.0,0.0,1.791,0.151,0.0,1.0,0.0,1.0,0.0,0.0,0.0,0.0,0.0,0.0,0.0,-0.15,-0.4535955,0.0,0.0,0.0,0.0,0.0,0.0,1.0,0.0,0.0,0.0,0.038,0.0,0.0,0.0,0.827,0.0,0.0,1.0,-11.242,1.0,0.0,0.0,0.0,1.0,0.0,0.0,0.0,1.0,0.0,1.0,1.0,-0.109,0.0,0.0,1.781,0.0,1.0,0.0,0.0,0.0,0.0,1.0,1.0,4.498,1.0,1.0,0.0,1.0,0.0,1.0,1.0,1.0,1.0,-0.201,1.0,0.0,0.0,0.0,0.0,0.0,0.0,1.0,0.0,2.72,0.0,0.0,0.0,1.758,0.0,1.0,-0.182,0.0,0.0,1.0,0.0,0.035,1.0,0.0,0.0,0.0,0.0,0.0,0.0,0.0,1.0,0.0,1.0,0.0,0.0,0.0,0.0,1.0,0.0,0.0,0.0,0.45833334,0.0,0.0,0.0,1.0,0.0,0.334,1.0,15.896552,0.0,0.0,0.0,0.0,1.0,2.641,9.859157,0.0,0.277,1.0,11.499023,1.0,1.0,1.0,0.0,1.0,0.781,0.0,1.0,0.0,0.092,1.0,0.517,1.0,5.374,0.0,1.0,1.0,0.974,0.746,-1.563,0.0,1.0,1.0,0.0,0.576,1.0,1.0,0.0,0.0,0.0,0.0,0.0,0.0,-0.4535955,0.0,0.0,0.0,0.744,0.0,0.0,0.0,0.0,0.0,0.0,0.0,1.0,0.0,1.797,0.0,1.0,0.0,1.0,6.221848749616356,1.0093538704045897
Cc1ccc(NC(=O)CCC2CCCCC2)cc1NC(=O)c1cccnc1,11.984273,0.0,0.0,0.0,30.042,0.0,0.0,1.0,0.0,0.0,0.0,1.0,1.0,0.0,0.0,-2.2061372,0.0,0.0,0.0,0.0,0.0,1.0,0.0,0.0,0.0,1.0,0.0,0.728,1.0,0.0,0.0,0.0,0.0,0.0,0.0,1.0,1.0,0.0,0.0,0.0,0.0,0.0,0.0,0.0,1.0,1.0,1.0,4.869,1.0,0.0,0.0,0.0,0.0,5.202,1.0,1.0,0.0,0.0,0.0,0.0,0.0,0.0,0.0,1.0,1.0,0.0,0.0,0.0,1.0,0.0,1.0,0.0,0.0,1.0,0.0,0.0,1.0,2.691,0.0,0.0,1.0,-2.1579585,0.0,0.0,0.0,2.564,0.152,0.0,0.0,0.0,1.0,1.0,0.0,0.0,0.0,0.0,0.0,0.0,-0.212,-0.32601976,0.0,1.0,0.0,0.0,0.0,0.0,1.0,1.0,0.0,0.0,0.056,1.0,0.0,0.0,0.787,0.0,0.0,1.0,-17.713,0.0,0.0,0.0,0.0,0.0,0.0,0.0,0.0,0.0,0.0,1.0,1.0,-0.064,0.0,0.0,2.099,0.0,1.0,0.0,0.0,0.0,0.0,1.0,1.0,4.387,1.0,0.0,0.0,0.0,0.0,1.0,0.0,1.0,1.0,-0.263,1.0,0.0,0.0,0.0,0.0,0.0,1.0,1.0,0.0,4.172,1.0,0.0,1.0,1.889,0.0,1.0,-0.247,0.0,0.0,1.0,0.0,0.061,1.0,0.0,0.0,0.0,0.0,0.0,1.0,0.0,0.0,0.0,0.0,0.0,0.0,0.0,0.0,1.0,0.0,0.0,1.0,0.4090909,0.0,0.0,0.0,1.0,0.0,0.398,1.0,14.555555,0.0,0.0,0.0,0.0,1.0,3.919,9.859157,1.0,0.39,0.0,0.0,0.0,1.0,1.0,0.0,1.0,0.73,0.0,1.0,0.0,0.086,1.0,0.451,1.0,5.427,0.0,0.0,0.0,1.388,0.671,-3.384,0.0,1.0,1.0,0.0,0.742,1.0,1.0,0.0,0.0,0.0,0.0,0.0,0.0,-0.32601976,0.0,0.0,0.0,0.727,0.0,0.0,0.0,0.0,0.0,0.0,0.0,0.0,0.0,2.232,0.0,0.0,1.0,1.0,5.920818753952375,1.0093538704045897
CC(=O)Oc1ccc(C(=O)Nc2cc(NC(=O)CCC3CCCCC3)ccc2C)cc1,11.984273,0.0,0.0,0.0,32.249,0.0,0.0,1.0,0.0,0.0,0.0,1.0,1.0,4.736863,0.0,-2.2061753,0.0,0.0,0.0,0.0,0.0,1.0,0.0,0.0,0.0,1.0,0.0,0.767,1.0,0.0,1.0,0.0,0.0,0.0,0.0,1.0,1.0,1.0,0.0,0.0,0.0,0.0,1.0,0.0,1.0,1.0,0.0,4.145,1.0,0.0,0.0,0.0,0.0,5.67,1.0,1.0,0.0,0.0,0.0,0.0,0.0,0.0,0.0,1.0,1.0,0.0,0.0,0.0,1.0,0.0,1.0,0.0,0.0,0.0,0.0,0.0,1.0,2.64,0.0,0.0,1.0,-2.157887,0.0,0.0,0.0,2.02,0.177,0.0,0.0,1.0,1.0,1.0,0.0,0.0,0.0,0.0,0.0,0.0,-0.158,-0.42673314,0.0,1.0,0.0,0.0,0.0,0.0,1.0,0.0,0.0,0.0,0.25,0.0,0.0,0.0,0.804,0.0,0.0,1.0,-17.091,0.0,0.0,0.0,1.0,1.0,0.0,0.0,0.0,0.0,0.0,1.0,1.0,-0.068,1.0,1.0,2.523,1.0,1.0,0.0,0.0,0.0,1.0,0.0,1.0,3.797,1.0,0.0,0.0,0.0,1.0,1.0,1.0,1.0,1.0,-0.208,1.0,0.0,0.0,0.0,0.0,0.0,1.0,1.0,0.0,3.604,1.0,0.0,0.0,1.586,0.0,1.0,-0.188,0.0,1.0,1.0,0.0,0.256,1.0,0.0,0.0,1.0,1.0,0.0,0.0,0.0,1.0,0.0,0.0,0.0,0.0,0.0,0.0,1.0,0.0,1.0,1.0,0.4,0.0,0.0,0.0,1.0,0.0,0.298,1.0,14.0,0.0,0.0,0.0,0.0,1.0,3.703,9.859157,0.0,0.4,0.0,0.0,0.0,1.0,1.0,0.0,1.0,0.808,0.0,1.0,0.0,0.288,1.0,0.655,1.0,5.561,0.0,1.0,0.0,3.53,0.739,-4.184,0.0,1.0,1.0,0.0,0.602,1.0,1.0,0.0,0.0,0.0,0.0,0.0,0.0,-0.42673314,0.0,0.0,0.0,0.959,0.0,0.0,0.0,0.0,0.0,0.0,0.0,0.0,0.0,1.961,0.0,0.0,1.0,1.0,5.6020599913279625,1.0093538704045897
Cc1ccc(NC(=O)CCCC2CCCCC2)cc1NC(=O)c1ccc(O)cc1,24.323,0.0,0.0,0.0,29.293,0.0,0.0,1.0,0.0,0.0,0.0,1.0,1.0,0.0,0.0,-2.2062776,0.0,0.0,0.0,0.0,0.0,1.0,0.0,0.0,0.0,1.0,0.0,0.731,1.0,0.0,0.0,0.0,0.0,0.0,0.0,1.0,1.0,0.0,0.0,0.0,0.0,0.0,0.0,0.0,1.0,1.0,0.0,4.309,1.0,0.0,0.0,0.0,0.0,4.632,1.0,1.0,0.0,0.0,0.0,0.0,0.0,0.0,0.0,1.0,1.0,0.0,0.0,0.0,1.0,0.0,1.0,0.0,0.0,0.0,0.0,0.0,1.0,2.552,0.0,0.0,1.0,-2.1468434,0.0,0.0,0.0,2.323,0.123,0.0,0.0,0.0,1.0,0.0,0.0,0.0,0.0,0.0,0.0,0.0,-0.184,-0.5079662,0.0,1.0,0.0,0.0,0.0,0.0,1.0,0.0,0.0,0.0,0.078,0.0,0.0,0.0,0.776,0.0,0.0,1.0,-16.415,0.0,0.0,0.0,0.0,1.0,0.0,0.0,0.0,0.0,0.0,1.0,1.0,-0.031,0.0,0.0,1.837,0.0,1.0,0.0,0.0,0.0,0.0,0.0,1.0,3.716,1.0,1.0,0.0,0.0,0.0,0.0,1.0,1.0,1.0,-0.233,1.0,0.0,0.0,0.0,0.0,0.0,1.0,1.0,0.0,3.335,1.0,0.0,0.0,1.389,0.0,1.0,-0.215,0.0,0.0,1.0,0.0,0.079,1.0,0.0,0.0,0.0,0.0,0.0,0.0,0.0,1.0,0.0,0.0,0.0,0.0,0.0,0.0,1.0,0.0,1.0,1.0,0.41666666,0.0,0.0,0.0,1.0,0.0,0.35,1.0,14.379311,0.0,0.0,0.0,0.0,1.0,3.39,9.856108,0.0,0.372,0.0,0.0,0.0,1.0,1.0,0.0,1.0,0.78,0.0,1.0,0.0,0.402,0.0,0.53,1.0,5.441,0.0,1.0,0.0,3.225,0.695,-3.598,0.0,1.0,1.0,0.0,0.617,1.0,1.0,0.0,0.0,0.0,0.0,0.0,1.0,-0.5079662,0.0,0.0,0.0,0.797,0.0,0.0,0.0,0.0,1.0,0.0,0.0,0.0,0.0,1.913,0.0,0.0,1.0,1.0,5.3979400086720375,1.0093538704045897
Cc1ccc(C(=O)CCCC2CCCCC2)cc1NC(=O)c1cccnc1,24.323,0.0,0.0,0.0,21.615,0.0,0.0,1.0,0.0,0.0,0.0,1.0,1.0,0.0,0.0,-2.2060263,0.0,0.0,0.0,0.0,0.0,1.0,0.0,0.0,0.0,1.0,0.0,0.74,1.0,0.0,0.0,0.0,0.0,0.0,0.0,1.0,1.0,0.0,0.0,0.0,0.0,0.0,0.0,0.0,1.0,1.0,1.0,4.94,1.0,0.0,0.0,0.0,0.0,4.651,1.0,1.0,0.0,0.0,0.0,0.0,0.0,0.0,0.0,1.0,1.0,0.0,0.0,0.0,1.0,0.0,1.0,0.0,0.0,1.0,0.0,0.0,1.0,3.025,0.0,0.0,0.0,-2.1342614,0.0,0.0,0.0,2.478,0.075,0.0,0.0,0.0,1.0,1.0,0.0,0.0,0.0,0.0,0.0,0.0,-0.191,-0.32167804,0.0,1.0,0.0,0.0,0.0,0.0,1.0,1.0,0.0,1.0,-0.088,1.0,0.0,0.0,0.772,0.0,0.0,1.0,-15.248,0.0,0.0,0.0,0.0,0.0,0.0,0.0,1.0,0.0,0.0,1.0,0.0,-0.036,0.0,0.0,2.42,0.0,0.0,0.0,0.0,1.0,0.0,1.0,1.0,3.612,1.0,1.0,0.0,0.0,0.0,1.0,0.0,1.0,1.0,-0.223,1.0,1.0,0.0,1.0,0.0,0.0,1.0,1.0,1.0,4.07,1.0,0.0,1.0,2.487,0.0,1.0,-0.213,0.0,0.0,1.0,0.0,-0.075,0.0,0.0,0.0,0.0,0.0,0.0,0.0,0.0,0.0,1.0,0.0,0.0,0.0,0.0,0.0,0.0,0.0,0.0,1.0,0.4347826,0.0,0.0,0.0,0.0,0.0,0.426,1.0,14.703704,0.0,0.0,0.0,0.0,0.0,3.289,9.851666,1.0,0.354,0.0,5.783245,0.0,1.0,1.0,0.0,1.0,0.804,0.0,1.0,0.0,-0.17,1.0,0.414,1.0,5.483,0.0,0.0,0.0,0.957,0.711,-2.552,0.0,1.0,1.0,0.0,0.692,1.0,1.0,0.0,0.0,0.0,0.0,0.0,0.0,-0.32167804,0.0,0.0,0.0,0.668,0.0,0.0,0.0,0.0,0.0,0.0,0.0,0.0,1.0,1.862,0.0,0.0,1.0,0.0,5.698970004336019,1.0093538704045897
Cc1ccc(NC(=O)CCC2CCCCC2)cc1C(=O)Nc1ccc(O)cc1,11.984273,0.0,0.0,0.0,33.531,0.0,0.0,1.0,0.0,0.0,0.0,1.0,1.0,0.0,0.0,-2.2059116,0.0,0.0,0.0,0.0,0.0,1.0,0.0,0.0,0.0,1.0,0.0,0.728,1.0,0.0,0.0,0.0,0.0,0.0,0.0,1.0,1.0,0.0,0.0,0.0,0.0,0.0,0.0,0.0,1.0,1.0,0.0,5.797,1.0,0.0,0.0,0.0,0.0,3.781,1.0,1.0,0.0,0.0,0.0,0.0,0.0,0.0,0.0,1.0,1.0,0.0,0.0,0.0,1.0,0.0,1.0,0.0,0.0,0.0,0.0,0.0,1.0,4.023,0.0,0.0,1.0,-2.165241,0.0,0.0,0.0,3.558,0.119,0.0,0.0,0.0,1.0,0.0,0.0,0.0,0.0,0.0,0.0,0.0,-0.171,-0.5079643,0.0,1.0,0.0,0.0,0.0,0.0,1.0,0.0,0.0,0.0,0.007,1.0,0.0,0.0,0.773,0.0,0.0,1.0,-15.657,0.0,0.0,0.0,0.0,1.0,0.0,0.0,0.0,0.0,0.0,1.0,1.0,-0.032,0.0,0.0,1.671,0.0,1.0,0.0,0.0,0.0,0.0,0.0,1.0,3.878,1.0,0.0,0.0,0.0,0.0,1.0,1.0,1.0,1.0,-0.211,1.0,0.0,0.0,0.0,0.0,0.0,1.0,1.0,1.0,4.597,1.0,0.0,0.0,1.503,0.0,1.0,-0.197,0.0,0.0,1.0,0.0,0.006,1.0,0.0,0.0,0.0,0.0,0.0,0.0,0.0,1.0,0.0,0.0,0.0,0.0,0.0,0.0,1.0,0.0,0.0,0.0,0.39130434,0.0,0.0,0.0,1.0,0.0,0.903,1.0,14.464286,0.0,0.0,0.0,0.0,1.0,3.413,9.859118,0.0,0.232,0.0,0.0,0.0,1.0,1.0,0.0,1.0,0.767,0.0,1.0,0.0,-0.177,1.0,0.413,1.0,5.695,0.0,1.0,0.0,1.628,0.692,-2.934,0.0,1.0,1.0,0.0,0.659,1.0,1.0,0.0,0.0,0.0,0.0,0.0,1.0,-0.5079643,0.0,0.0,0.0,0.718,0.0,0.0,0.0,0.0,1.0,0.0,0.0,0.0,0.0,2.095,0.0,0.0,1.0,1.0,5.154901959985743,1.0093538704045897
Cn1cncc1-c1ncc(-c2ncc(-c3ncc(-c4ccccc4)n3C)n2C)n1C,45.812378,0.0,1.0,0.0,39.701,0.0,0.0,1.0,0.0,0.0,1.0,0.0,0.0,0.0,0.0,-2.0919333,1.0,0.0,0.0,0.0,0.0,0.0,0.0,0.0,0.0,1.0,0.0,0.89,1.0,0.0,0.0,0.0,1.0,1.0,0.0,0.0,1.0,0.0,0.0,1.0,1.0,1.0,0.0,0.0,1.0,1.0,0.0,4.512,0.0,0.0,0.0,0.0,1.0,4.148,1.0,0.0,0.0,0.0,1.0,0.0,0.0,1.0,1.0,1.0,0.0,0.0,0.0,0.0,0.0,0.0,1.0,0.0,1.0,1.0,0.0,0.0,0.0,3.19,0.0,0.0,0.0,-2.0368207,0.0,0.0,0.0,2.79,0.064,0.0,0.0,1.0,0.0,1.0,0.0,0.0,0.0,0.0,0.0,0.0,0.214,-0.3312195,0.0,1.0,0.0,0.0,0.0,0.0,0.0,1.0,1.0,0.0,-0.404,1.0,0.0,1.0,0.89,0.0,0.0,1.0,-26.105,0.0,1.0,0.0,0.0,0.0,0.0,0.0,0.0,0.0,0.0,0.0,1.0,-0.439,1.0,1.0,2.2,0.0,0.0,0.0,0.0,0.0,0.0,4.0,1.0,3.469,1.0,1.0,0.0,0.0,0.0,0.0,1.0,0.0,0.0,0.214,0.0,0.0,0.0,1.0,0.0,0.0,0.0,0.0,1.0,3.286,1.0,0.0,1.0,2.205,0.0,0.0,0.214,0.0,0.0,0.0,0.0,-0.349,0.0,0.0,0.0,0.0,0.0,0.0,1.0,0.0,0.0,1.0,0.0,0.0,1.0,0.0,1.0,0.0,0.0,0.0,0.0,0.18181819,0.0,0.0,0.0,0.0,1.0,0.345,0.0,11.333333,0.0,0.0,1.0,0.0,1.0,3.326,10.155661,1.0,0.228,0.0,17.473213,0.0,1.0,0.0,0.0,0.0,0.971,0.0,1.0,1.0,0.236,0.0,0.72,1.0,5.541,0.0,0.0,1.0,-1.969,0.89,-3.743,0.0,1.0,0.0,0.0,0.728,1.0,1.0,0.0,0.0,0.0,1.0,0.0,0.0,-0.3312195,0.0,0.0,0.0,1.067,0.0,0.0,0.0,1.0,0.0,1.0,0.0,0.0,1.0,1.612,0.0,1.0,0.0,0.0,8.221848749616356,1.0093538704045897
CCNC(=O)[C@@H]1CSCC(=O)N[C@@H](Cc2ccccc2)C(=O)N[C@@H](C(C)C)C(=O)N2CCC[C@H]2C(=O)N[C@@H]([C@@H](C)O)C(=O)N[C@@H]([C@@H](C)O)C(=O)N[C@@H](Cc2ccc(-c3ccccc3)cc2)C(=O)N(C)[C@@H](C)C(=O)N[C@@H](Cc2ccc(-c3ccccc3)cc2)C(=O)N(C)[C@@H](C)C(=O)N[C@@H](CCC(=O)O)C(=O)N[C@@H](C)C(=O)N2CCC[C@H]2C(=O)N1,43.81551,1.0,1.0,1.0,34.076,11.761885,1.0,1.0,1.0,1.0,0.0,0.0,0.0,0.0,0.0,-2.3318183,1.0,1.0,0.0,1.0,1.0,0.0,1.0,0.0,0.0,0.0,0.0,0.744,1.0,0.0,1.0,1.0,1.0,0.0,0.0,0.0,1.0,1.0,0.0,0.0,1.0,1.0,1.0,0.0,1.0,0.0,1.0,4.819,1.0,1.0,0.0,0.0,1.0,4.531,1.0,0.0,0.0,0.0,1.0,0.0,1.0,1.0,1.0,1.0,1.0,1.0,0.0,0.0,1.0,0.0,1.0,1.0,1.0,1.0,0.0,3.0,0.0,4.698,0.0,0.0,1.0,-2.6322658,0.0,1.0,0.0,2.925,0.103,1.0,0.0,1.0,1.0,1.0,1.0,0.0,1.0,0.0,0.0,1.0,0.079,-0.48122928,0.0,1.0,0.0,0.0,1.0,0.0,1.0,0.0,0.0,1.0,0.05,1.0,1.0,1.0,0.824,0.0,0.0,1.0,-16.931,0.0,1.0,1.0,1.0,1.0,1.0,0.0,1.0,1.0,0.0,1.0,1.0,-0.094,0.0,1.0,3.731,1.0,1.0,1.0,0.0,1.0,1.0,3.0,1.0,4.253,1.0,1.0,1.0,0.0,1.0,1.0,0.0,1.0,1.0,0.196,1.0,1.0,0.0,0.0,0.0,0.0,1.0,0.0,0.0,3.363,0.0,1.0,0.0,2.747,1.0,3.0,0.098,1.0,1.0,1.0,1.0,0.061,0.0,0.0,1.0,1.0,0.0,0.0,1.0,1.0,1.0,1.0,0.0,0.0,1.0,0.0,1.0,1.0,1.0,1.0,0.0,0.47058824,1.0,1.0,1.0,1.0,1.0,0.494,1.0,25.466103,1.0,1.0,1.0,1.0,1.0,3.22,9.986051,1.0,0.395,0.0,0.0,1.0,0.0,1.0,0.0,1.0,0.862,0.0,1.0,0.0,0.032,1.0,0.878,1.0,7.537,0.0,1.0,0.0,0.907,0.729,-2.79,1.0,1.0,1.0,1.0,0.593,1.0,1.0,0.0,1.0,1.0,1.0,0.0,1.0,-0.4888943,0.0,0.0,0.0,1.413,0.0,0.0,1.0,1.0,0.0,0.0,1.0,3.0,1.0,1.803,1.0,1.0,0.0,1.0,9.769551078621726,1.0093538704045897
CC(C)[C@@H]1NC(=O)[C@H](Cc2ccccc2)NC(=O)CSC[C@@H](C(=O)NCC(N)=O)NC(=O)[C@@H]2CCCN2C(=O)[C@H](CCCNC(=N)N)NC(=O)[C@H](CC(=O)O)NC(=O)[C@H](C)N(C)C(=O)[C@H](Cc2ccc(-c3ccccc3)cc2)NC(=O)[C@H](C)N(C)C(=O)[C@H](Cc2ccc(-c3ccccc3)cc2)NC(=O)[C@H]([C@@H](C)O)NC(=O)[C@H]([C@@H](C)O)NC(=O)[C@H](CO)NC1=O,62.562893,1.0,1.0,1.0,34.076,11.761885,1.0,1.0,1.0,1.0,1.0,0.0,0.0,16.87662,0.0,-2.3292868,1.0,1.0,0.0,1.0,0.0,0.0,1.0,0.0,0.0,0.0,0.0,0.733,1.0,0.0,1.0,0.0,1.0,0.0,0.0,0.0,1.0,1.0,0.0,0.0,1.0,1.0,1.0,0.0,1.0,0.0,1.0,4.819,1.0,1.0,0.0,0.0,1.0,4.531,1.0,0.0,0.0,1.0,1.0,0.0,1.0,1.0,1.0,1.0,1.0,1.0,0.0,0.0,1.0,0.0,1.0,1.0,1.0,1.0,0.0,2.0,0.0,4.698,0.0,0.0,1.0,-2.6372495,0.0,1.0,0.0,2.925,0.113,1.0,0.0,1.0,1.0,1.0,1.0,0.0,1.0,0.0,0.0,1.0,0.081,-0.4811623,0.0,1.0,1.0,0.0,1.0,0.0,1.0,0.0,1.0,1.0,0.05,1.0,1.0,1.0,0.795,0.0,0.0,1.0,-16.931,1.0,1.0,1.0,1.0,1.0,1.0,0.0,1.0,1.0,0.0,1.0,1.0,-0.097,0.0,1.0,3.731,1.0,1.0,1.0,0.0,1.0,1.0,2.0,1.0,4.253,1.0,1.0,1.0,0.0,1.0,1.0,0.0,1.0,1.0,0.19,1.0,1.0,0.0,1.0,0.0,0.0,1.0,0.0,0.0,3.363,0.0,1.0,0.0,2.747,1.0,2.0,0.102,1.0,1.0,1.0,1.0,0.061,0.0,0.0,1.0,1.0,0.0,0.0,1.0,1.0,1.0,1.0,0.0,1.0,1.0,0.0,1.0,1.0,1.0,1.0,0.0,0.44705883,1.0,1.0,1.0,1.0,1.0,0.494,1.0,24.17742,1.0,1.0,1.0,1.0,1.0,3.22,9.986136,1.0,0.395,0.0,5.9595547,1.0,0.0,1.0,0.0,1.0,0.862,0.0,1.0,0.0,0.0,1.0,0.878,1.0,7.587,0.0,1.0,0.0,0.907,0.742,-2.79,1.0,1.0,1.0,1.0,0.593,1.0,1.0,0.0,1.0,1.0,1.0,0.0,1.0,-0.4888943,0.0,0.0,0.0,1.413,0.0,0.0,1.0,1.0,0.0,0.0,1.0,2.0,1.0,1.803,1.0,1.0,0.0,1.0,9.97469413473523,1.0093538704045897
Cc1ccc(NC(=O)CCC2CCCCC2)cc1-c1nc2cc(O)ccc2[nH]1,40.09292,0.0,1.0,0.0,28.327,0.0,0.0,0.0,0.0,0.0,1.0,1.0,1.0,0.0,0.0,-2.2057297,1.0,0.0,0.0,1.0,0.0,0.0,0.0,0.0,0.0,1.0,0.0,0.816,1.0,0.0,1.0,0.0,0.0,0.0,0.0,0.0,1.0,0.0,0.0,1.0,1.0,0.0,0.0,0.0,1.0,1.0,1.0,4.536,1.0,0.0,0.0,0.0,0.0,3.147,1.0,0.0,0.0,0.0,0.0,0.0,0.0,1.0,0.0,1.0,1.0,0.0,0.0,0.0,0.0,1.0,1.0,0.0,0.0,1.0,0.0,0.0,1.0,2.494,0.0,0.0,0.0,-2.1452553,0.0,0.0,0.0,1.935,0.066,0.0,0.0,0.0,1.0,0.0,0.0,0.0,0.0,0.0,0.0,0.0,-0.159,-0.507882,0.0,0.0,0.0,0.0,1.0,0.0,0.0,1.0,1.0,0.0,-0.277,1.0,1.0,0.0,0.872,0.0,1.0,1.0,-17.245,1.0,1.0,1.0,0.0,1.0,0.0,0.0,0.0,0.0,0.0,1.0,1.0,-0.054,0.0,0.0,1.397,0.0,1.0,0.0,0.0,0.0,1.0,1.0,1.0,2.955,1.0,1.0,0.0,1.0,0.0,1.0,1.0,1.0,1.0,-0.216,1.0,0.0,0.0,0.0,0.0,1.0,0.0,0.0,0.0,3.651,0.0,0.0,1.0,1.431,0.0,1.0,-0.197,0.0,0.0,1.0,0.0,-0.272,1.0,0.0,0.0,0.0,0.0,0.0,0.0,0.0,1.0,0.0,0.0,0.0,0.0,1.0,0.0,1.0,0.0,0.0,0.0,0.39130434,0.0,0.0,1.0,1.0,0.0,0.304,1.0,15.035714,0.0,0.0,1.0,0.0,0.0,2.877,9.85912,0.0,0.249,0.0,0.0,0.0,0.0,1.0,0.0,1.0,0.812,0.0,1.0,0.0,-0.177,1.0,0.477,1.0,5.481,0.0,1.0,1.0,-0.819,0.747,-2.514,0.0,1.0,1.0,0.0,0.607,1.0,1.0,0.0,0.0,0.0,0.0,0.0,0.0,-0.507882,0.0,0.0,0.0,0.716,0.0,0.0,0.0,0.0,1.0,1.0,0.0,0.0,1.0,1.894,0.0,1.0,0.0,1.0,9.154901959985745,1.0093538704045897
Cc1ccc2[nH]c(-c3cc(NC(=O)CCC4CCCCC4)ccc3C)nc2c1,46.010822,0.0,1.0,0.0,27.334,0.0,0.0,0.0,0.0,0.0,1.0,1.0,1.0,4.9839787,0.0,-2.20573,1.0,0.0,0.0,1.0,0.0,0.0,0.0,0.0,0.0,1.0,0.0,0.807,1.0,0.0,1.0,0.0,0.0,0.0,0.0,0.0,1.0,0.0,0.0,1.0,1.0,0.0,0.0,0.0,1.0,1.0,1.0,4.906,1.0,1.0,0.0,0.0,0.0,3.39,1.0,0.0,0.0,0.0,0.0,0.0,0.0,1.0,0.0,1.0,1.0,0.0,0.0,0.0,0.0,0.0,1.0,0.0,0.0,1.0,0.0,0.0,1.0,2.448,0.0,0.0,0.0,-2.1452556,0.0,0.0,0.0,1.761,0.173,0.0,0.0,0.0,1.0,0.0,0.0,0.0,0.0,0.0,0.0,0.0,-0.151,-0.3379409,0.0,0.0,0.0,0.0,1.0,0.0,0.0,1.0,1.0,0.0,-0.272,1.0,1.0,0.0,0.869,0.0,1.0,1.0,-15.084,1.0,1.0,1.0,0.0,0.0,0.0,0.0,0.0,0.0,0.0,1.0,1.0,-0.064,0.0,0.0,1.233,0.0,1.0,0.0,0.0,0.0,1.0,1.0,1.0,3.463,1.0,1.0,0.0,1.0,0.0,1.0,1.0,1.0,1.0,-0.196,1.0,0.0,0.0,0.0,0.0,1.0,0.0,0.0,0.0,3.62,0.0,0.0,1.0,1.095,0.0,1.0,-0.182,0.0,0.0,1.0,0.0,-0.254,1.0,0.0,0.0,0.0,0.0,0.0,0.0,0.0,0.0,0.0,0.0,0.0,0.0,1.0,0.0,1.0,0.0,0.0,0.0,0.41666666,0.0,0.0,1.0,1.0,0.0,0.349,1.0,15.071428,0.0,0.0,1.0,0.0,0.0,2.861,9.85912,0.0,0.196,0.0,0.0,0.0,0.0,1.0,0.0,1.0,0.842,0.0,1.0,0.0,-0.201,1.0,0.517,1.0,5.481,0.0,0.0,1.0,0.043,0.72,-1.709,0.0,1.0,1.0,0.0,0.608,1.0,1.0,0.0,0.0,0.0,0.0,0.0,0.0,-0.3379409,0.0,0.0,0.0,0.712,0.0,0.0,0.0,0.0,0.0,1.0,0.0,0.0,1.0,1.896,0.0,1.0,0.0,1.0,8.886056647693163,1.0093538704045897
CC(C)c1onc(-c2c(Cl)cccc2Cl)c1COc1ccc(/C=C/c2cccc(C(=O)O)c2)c(Cl)c1,16.690355,0.0,0.0,0.0,31.53,34.80282,0.0,1.0,0.0,0.0,0.0,0.0,1.0,49.169304,0.0,-2.112168,0.0,0.0,0.0,0.0,0.0,0.0,0.0,0.0,0.0,1.0,0.0,0.711,1.0,0.0,1.0,0.0,0.0,0.0,1.0,0.0,1.0,1.0,0.0,1.0,0.0,0.0,0.0,0.0,1.0,0.0,0.0,3.618,1.0,1.0,1.0,0.0,1.0,4.503,1.0,0.0,0.0,1.0,1.0,0.0,0.0,0.0,1.0,1.0,1.0,0.0,0.0,0.0,1.0,0.0,1.0,0.0,0.0,0.0,0.0,0.0,0.0,4.373,0.0,0.0,1.0,-2.011816,0.0,0.0,0.0,2.436,0.083,1.0,0.0,0.0,1.0,1.0,1.0,0.0,0.0,0.0,0.0,0.0,-0.247,-0.4886396,1.0,1.0,0.0,0.0,0.0,1.0,0.0,1.0,0.0,1.0,0.147,0.0,1.0,1.0,0.744,0.0,0.0,1.0,-16.348,0.0,1.0,0.0,0.0,1.0,0.0,0.0,1.0,1.0,0.0,0.0,1.0,0.023,0.0,1.0,5.087,1.0,0.0,1.0,1.0,0.0,0.0,1.0,1.0,4.274,1.0,1.0,0.0,0.0,0.0,0.0,1.0,1.0,0.0,-0.091,1.0,1.0,0.0,0.0,0.0,0.0,0.0,0.0,1.0,3.224,1.0,0.0,0.0,2.912,0.0,0.0,-0.066,0.0,1.0,1.0,1.0,0.135,0.0,0.0,1.0,0.0,1.0,0.0,0.0,0.0,1.0,0.0,0.0,0.0,1.0,1.0,0.0,1.0,0.0,0.0,1.0,0.14285715,0.0,1.0,0.0,1.0,1.0,0.321,1.0,11.388889,0.0,0.0,0.0,1.0,1.0,3.094,10.011474,1.0,0.395,0.0,0.0,0.0,1.0,0.0,0.0,0.0,1.053,0.0,1.0,0.0,0.04,0.0,1.179,1.0,5.846,0.0,1.0,1.0,1.723,0.729,-2.79,0.0,1.0,0.0,0.0,0.605,1.0,1.0,0.0,1.0,0.0,0.0,0.0,0.0,-0.4886396,1.0,0.0,1.0,2.499,0.0,0.0,0.0,1.0,0.0,0.0,1.0,0.0,0.0,1.639,1.0,1.0,0.0,0.0,6.428291168191312,1.0093538704045897
Cn1cc(C(=O)O)c2ccc(N3CCC(OCc4c(-c5c(Cl)cccc5Cl)noc4C4CC4)CC3)cc21,66.686806,0.0,1.0,1.0,28.458,23.20188,1.0,0.0,1.0,0.0,0.0,1.0,1.0,32.461838,0.0,-2.3332586,0.0,0.0,0.0,0.0,1.0,1.0,1.0,0.0,0.0,0.0,1.0,0.811,1.0,0.0,1.0,1.0,0.0,1.0,1.0,0.0,0.0,1.0,0.0,1.0,1.0,1.0,0.0,0.0,1.0,1.0,1.0,1.958,1.0,1.0,1.0,0.0,1.0,1.602,1.0,1.0,0.0,1.0,1.0,0.0,0.0,0.0,1.0,0.0,1.0,0.0,0.0,0.0,1.0,0.0,0.0,0.0,0.0,1.0,0.0,1.0,1.0,2.513,0.0,0.0,0.0,-2.3657076,0.0,1.0,0.0,1.593,0.005,1.0,0.0,1.0,1.0,1.0,1.0,1.0,1.0,0.0,0.0,0.0,-0.225,-0.47758284,1.0,0.0,0.0,0.0,0.0,1.0,0.0,1.0,0.0,1.0,0.189,1.0,0.0,0.0,0.878,1.0,0.0,1.0,-16.08,1.0,1.0,1.0,0.0,1.0,1.0,0.0,1.0,1.0,0.0,1.0,1.0,-0.034,1.0,1.0,1.743,1.0,0.0,1.0,1.0,0.0,0.0,3.0,1.0,1.719,1.0,1.0,0.0,0.0,0.0,1.0,0.0,1.0,1.0,-0.142,1.0,1.0,0.0,0.0,0.0,1.0,1.0,0.0,1.0,2.434,1.0,0.0,1.0,1.124,0.0,2.0,-0.116,1.0,1.0,1.0,1.0,0.205,1.0,0.0,1.0,0.0,1.0,0.0,1.0,0.0,1.0,0.0,0.0,0.0,1.0,1.0,1.0,1.0,1.0,0.0,1.0,0.35714287,0.0,1.0,1.0,1.0,0.0,0.178,1.0,16.567568,0.0,0.0,0.0,1.0,0.0,2.452,10.034127,1.0,0.151,0.0,0.0,0.0,1.0,1.0,0.0,1.0,1.07,0.0,1.0,0.0,0.026,1.0,1.086,0.0,5.279,0.0,1.0,1.0,0.442,0.69,-2.318,1.0,0.0,1.0,1.0,0.453,1.0,0.0,1.0,1.0,0.0,0.0,0.0,0.0,-0.47758284,1.0,0.0,1.0,2.123,0.0,0.0,0.0,1.0,0.0,0.0,1.0,1.0,0.0,1.142,1.0,1.0,0.0,1.0,6.714442690992226,1.0093538704045897
O=C(O)Cc1cccc(OCCCN(Cc2cccc(C(F)(F)F)c2Cl)CC(c2ccccc2)c2ccccc2)c1,17.19327,0.0,0.0,0.0,56.77,11.60094,0.0,1.0,0.0,1.0,0.0,1.0,1.0,21.44433,0.0,-2.2894733,0.0,0.0,0.0,0.0,1.0,0.0,1.0,0.0,13.171246,1.0,0.0,0.535,0.0,0.0,1.0,0.0,1.0,1.0,0.0,1.0,1.0,1.0,1.0,1.0,1.0,1.0,1.0,0.0,1.0,1.0,0.0,3.314,1.0,0.0,0.0,0.0,0.0,4.869,1.0,1.0,1.0,1.0,1.0,1.0,0.0,0.0,1.0,1.0,1.0,0.0,0.0,0.0,0.0,1.0,1.0,0.0,1.0,0.0,1.0,0.0,0.0,3.976,0.0,0.0,1.0,-2.307609,0.0,1.0,0.0,2.408,0.393,1.0,0.0,1.0,0.0,1.0,0.0,0.0,0.0,0.0,0.0,1.0,-0.112,-0.4935396,0.0,1.0,0.0,0.0,1.0,0.0,1.0,0.0,0.0,1.0,0.166,0.0,1.0,0.0,0.558,0.0,0.0,0.0,-34.262,0.0,0.0,1.0,1.0,1.0,1.0,0.0,1.0,1.0,0.0,1.0,1.0,-0.033,0.0,1.0,5.181,0.0,0.0,0.0,0.0,1.0,1.0,0.0,1.0,6.025,1.0,0.0,1.0,0.0,1.0,0.0,1.0,1.0,1.0,-0.077,0.0,1.0,0.0,1.0,1.0,0.0,1.0,0.0,0.0,3.011,0.0,1.0,0.0,2.642,0.0,0.0,-0.061,0.0,1.0,1.0,1.0,0.217,0.0,0.0,1.0,1.0,1.0,0.0,0.0,1.0,1.0,0.0,1.0,0.0,1.0,1.0,0.0,0.0,1.0,0.0,0.0,0.24242425,0.0,0.0,0.0,0.0,0.0,0.418,1.0,11.658537,1.0,0.0,1.0,1.0,1.0,2.945,9.902938,0.0,0.408,0.0,0.0,1.0,1.0,1.0,0.0,0.0,0.842,0.0,0.0,1.0,0.261,0.0,0.798,1.0,6.031,0.0,1.0,0.0,4.675,0.671,-8.059,1.0,1.0,1.0,1.0,0.594,0.0,1.0,0.0,1.0,0.0,0.0,0.0,0.0,-0.4935396,1.0,0.0,1.0,2.278,0.0,0.0,1.0,1.0,0.0,1.0,0.0,0.0,0.0,1.822,1.0,0.0,0.0,1.0,6.508638306165727,1.0093538704045897
O=S(=O)(c1ccccc1)N(CC(F)(F)F)c1ccc(C(O)(C(F)(F)F)C(F)(F)F)cc1,12.132734,0.0,0.0,0.0,62.072,0.0,0.0,1.0,0.0,0.0,0.0,1.0,1.0,0.0,0.0,-2.328005,0.0,0.0,0.0,1.0,0.0,1.0,0.0,0.0,39.513737,0.0,0.0,0.602,1.0,0.0,1.0,0.0,1.0,0.0,0.0,0.0,0.0,0.0,0.0,0.0,0.0,0.0,0.0,0.0,1.0,1.0,1.0,6.831,1.0,0.0,0.0,0.0,0.0,5.407,1.0,0.0,0.0,0.0,0.0,0.0,0.0,1.0,1.0,1.0,1.0,0.0,0.0,0.0,0.0,0.0,1.0,0.0,0.0,0.0,0.0,0.0,1.0,7.106,0.0,0.0,1.0,-2.534609,0.0,0.0,0.0,6.083,0.37,1.0,0.0,1.0,1.0,1.0,1.0,0.0,0.0,0.0,0.0,0.0,-0.003,-0.3694918,1.0,1.0,0.0,0.0,0.0,0.0,1.0,0.0,0.0,1.0,0.111,1.0,1.0,0.0,0.597,0.0,0.0,0.0,-42.936,0.0,1.0,0.0,0.0,1.0,0.0,0.0,0.0,0.0,0.0,1.0,1.0,-0.002,0.0,0.0,5.125,1.0,0.0,1.0,1.0,0.0,1.0,0.0,0.0,16.551,0.0,0.0,0.0,0.0,1.0,0.0,1.0,1.0,0.0,0.102,1.0,1.0,0.0,0.0,0.0,0.0,1.0,0.0,1.0,13.192,0.0,0.0,1.0,5.147,0.0,0.0,0.129,0.0,0.0,1.0,0.0,0.146,1.0,0.0,0.0,0.0,0.0,0.0,1.0,1.0,0.0,1.0,0.0,0.0,0.0,1.0,0.0,1.0,0.0,0.0,0.0,0.29411766,1.0,0.0,0.0,1.0,1.0,0.922,1.0,13.870968,0.0,0.0,0.0,1.0,0.0,11.663,9.919293,1.0,0.849,0.0,0.0,0.0,1.0,0.0,0.0,1.0,0.744,0.0,1.0,0.0,-0.286,0.0,0.405,1.0,6.155,1.0,0.0,0.0,6.699,1.051,-8.918,0.0,1.0,1.0,0.0,0.765,0.0,1.0,0.0,0.0,0.0,1.0,0.0,0.0,-0.3694918,0.0,0.0,0.0,2.056,0.0,0.0,0.0,0.0,0.0,1.0,0.0,0.0,0.0,4.679,0.0,0.0,0.0,1.0,6.769551078621726,1.0093538704045897
O=C(O)Cc1ccc(COc2cccc(-c3c(Cc4ccccc4)cnc4c(C(F)(F)F)cccc34)c2)cc1,28.320173,0.0,0.0,0.0,67.517,0.0,0.0,1.0,0.0,1.0,0.0,1.0,1.0,9.84339,0.0,-2.169053,0.0,0.0,0.0,0.0,0.0,1.0,0.0,0.0,13.171246,1.0,0.0,0.513,1.0,0.0,1.0,0.0,0.0,0.0,0.0,1.0,1.0,1.0,1.0,1.0,0.0,0.0,1.0,0.0,1.0,0.0,1.0,6.507,1.0,0.0,0.0,0.0,0.0,6.303,1.0,1.0,1.0,1.0,0.0,0.0,0.0,0.0,1.0,1.0,1.0,0.0,0.0,0.0,0.0,1.0,1.0,0.0,1.0,0.0,1.0,0.0,0.0,7.999,0.0,0.0,1.0,-2.0728319,0.0,0.0,1.0,4.942,0.382,1.0,0.0,0.0,1.0,1.0,0.0,0.0,0.0,0.0,0.0,0.0,-0.071,-0.4888943,0.0,1.0,0.0,0.0,1.0,1.0,0.0,1.0,0.0,1.0,0.161,1.0,1.0,0.0,0.534,0.0,0.0,1.0,-34.316,0.0,1.0,0.0,1.0,1.0,0.0,0.0,1.0,1.0,1.0,0.0,1.0,-0.017,0.0,1.0,7.502,0.0,0.0,1.0,0.0,1.0,1.0,1.0,1.0,8.067,1.0,1.0,0.0,0.0,0.0,0.0,1.0,1.0,1.0,-0.096,0.0,1.0,0.0,1.0,0.0,0.0,0.0,0.0,1.0,4.918,1.0,0.0,1.0,5.893,0.0,0.0,-0.086,0.0,1.0,1.0,1.0,0.168,1.0,0.0,1.0,0.0,1.0,0.0,1.0,0.0,1.0,0.0,0.0,0.0,1.0,1.0,0.0,1.0,0.0,1.0,1.0,0.125,0.0,0.0,0.0,1.0,0.0,0.513,1.0,11.461538,1.0,0.0,1.0,0.0,1.0,3.656,9.915119,1.0,0.551,0.0,0.0,1.0,0.0,1.0,0.0,0.0,0.88,0.0,1.0,1.0,-0.08,0.0,0.974,1.0,6.543,0.0,1.0,1.0,3.455,0.444,-6.185,0.0,1.0,0.0,0.0,0.639,1.0,1.0,0.0,1.0,0.0,0.0,0.0,0.0,-0.4888943,1.0,0.0,1.0,1.868,0.0,0.0,0.0,1.0,0.0,1.0,1.0,0.0,1.0,1.996,1.0,0.0,0.0,1.0,7.045757490560675,1.0093538704045897
O=C(O)Cc1ccc(CNc2cccc(-c3c(Cc4ccccc4)cnc4c(C(F)(F)F)cccc34)c2)cc1,45.13446,0.0,0.0,0.0,61.237,0.0,0.0,1.0,0.0,1.0,0.0,1.0,1.0,5.1065273,0.0,-2.1707716,0.0,0.0,0.0,1.0,0.0,1.0,0.0,0.0,13.171246,1.0,0.0,0.469,1.0,0.0,1.0,0.0,0.0,0.0,0.0,1.0,1.0,1.0,1.0,1.0,0.0,0.0,1.0,0.0,1.0,1.0,1.0,6.674,0.0,0.0,0.0,0.0,0.0,6.559,1.0,1.0,1.0,1.0,0.0,0.0,0.0,0.0,1.0,1.0,1.0,0.0,0.0,0.0,0.0,1.0,1.0,0.0,1.0,0.0,1.0,0.0,1.0,7.54,0.0,0.0,1.0,-2.0735986,0.0,0.0,0.0,4.173,0.422,1.0,0.0,0.0,1.0,1.0,0.0,0.0,0.0,0.0,0.0,0.0,-0.052,-0.48098618,0.0,1.0,0.0,0.0,0.0,1.0,1.0,1.0,0.0,1.0,-0.044,1.0,1.0,0.0,0.513,0.0,0.0,1.0,-32.119,0.0,0.0,0.0,1.0,1.0,0.0,0.0,1.0,0.0,1.0,1.0,0.0,-0.006,0.0,1.0,7.161,0.0,0.0,0.0,0.0,1.0,1.0,1.0,1.0,8.644,1.0,1.0,0.0,1.0,0.0,0.0,1.0,1.0,1.0,-0.09,0.0,1.0,0.0,1.0,0.0,0.0,0.0,1.0,1.0,4.984,1.0,0.0,1.0,4.803,0.0,0.0,-0.075,0.0,1.0,1.0,1.0,-0.047,1.0,0.0,1.0,0.0,0.0,0.0,1.0,0.0,0.0,0.0,0.0,0.0,1.0,1.0,0.0,1.0,0.0,1.0,1.0,0.125,0.0,0.0,0.0,1.0,0.0,0.435,1.0,11.461538,1.0,0.0,1.0,0.0,1.0,3.786,9.913589,1.0,0.472,0.0,0.0,1.0,1.0,1.0,0.0,0.0,0.931,0.0,1.0,1.0,-0.052,0.0,1.072,1.0,6.568,0.0,0.0,0.0,1.377,0.398,-5.34,0.0,1.0,0.0,0.0,0.647,1.0,1.0,0.0,1.0,0.0,0.0,0.0,0.0,-0.48098618,1.0,0.0,1.0,1.903,0.0,0.0,0.0,1.0,0.0,1.0,1.0,0.0,1.0,2.046,1.0,0.0,0.0,1.0,7.045757490560675,1.0093538704045897
FC(F)(F)c1cccc2c(-c3ccccc3)n(Cc3ccccc3)nc12,17.19327,0.0,0.0,0.0,59.191,0.0,0.0,1.0,0.0,0.0,0.0,1.0,1.0,0.0,0.0,-2.0815215,0.0,0.0,0.0,0.0,0.0,1.0,0.0,0.0,18.269926,1.0,0.0,0.545,1.0,0.0,0.0,0.0,0.0,0.0,0.0,1.0,1.0,0.0,0.0,0.0,0.0,0.0,0.0,0.0,0.0,1.0,0.0,12.005,1.0,0.0,0.0,0.0,0.0,14.708,1.0,1.0,0.0,0.0,0.0,0.0,0.0,0.0,1.0,1.0,1.0,0.0,0.0,0.0,1.0,0.0,1.0,0.0,0.0,0.0,0.0,0.0,1.0,11.152,0.0,0.0,1.0,-2.0636609,0.0,0.0,0.0,10.094,0.404,0.0,0.0,0.0,1.0,0.0,0.0,0.0,0.0,0.0,0.0,0.0,-0.126,-0.25920472,1.0,1.0,0.0,0.0,0.0,1.0,1.0,0.0,0.0,0.0,0.39,0.0,0.0,0.0,0.627,0.0,0.0,1.0,-29.366,0.0,0.0,0.0,0.0,0.0,0.0,0.0,0.0,0.0,0.0,1.0,0.0,0.011,0.0,0.0,12.751,0.0,1.0,0.0,1.0,0.0,0.0,1.0,1.0,9.819,1.0,0.0,0.0,0.0,0.0,0.0,0.0,0.0,1.0,-0.21,1.0,0.0,0.0,0.0,0.0,0.0,1.0,1.0,1.0,7.145,1.0,0.0,0.0,14.716,0.0,0.0,-0.179,0.0,0.0,0.0,0.0,0.408,1.0,0.0,0.0,0.0,0.0,0.0,0.0,0.0,0.0,0.0,0.0,0.0,0.0,0.0,0.0,1.0,0.0,0.0,1.0,0.0952381,0.0,0.0,0.0,1.0,0.0,0.827,1.0,11.807693,0.0,0.0,0.0,0.0,1.0,5.878,10.045749,0.0,0.805,1.0,0.0,1.0,1.0,0.0,0.0,1.0,0.822,0.0,1.0,0.0,-0.04,0.0,0.358,1.0,6.349,0.0,0.0,1.0,7.886,0.407,-7.456,0.0,1.0,0.0,0.0,1.122,0.0,1.0,0.0,0.0,0.0,0.0,0.0,0.0,-0.25920472,0.0,1.0,0.0,0.813,1.0,0.0,0.0,0.0,1.0,0.0,0.0,0.0,0.0,3.622,0.0,1.0,0.0,0.0,5.486782399932061,1.0093538704045897
Cc1ccc(Cn2nc3c(C(F)(F)F)cccc3c2-c2ccc(F)cc2)c(C)c1,22.756721,0.0,0.0,0.0,58.161,0.0,0.0,1.0,0.0,0.0,0.0,1.0,1.0,0.0,0.0,-2.1101573,0.0,0.0,0.0,0.0,0.0,1.0,0.0,0.0,18.269926,1.0,0.0,0.584,1.0,0.0,0.0,0.0,0.0,0.0,0.0,1.0,1.0,0.0,0.0,0.0,0.0,0.0,0.0,0.0,1.0,1.0,0.0,10.136,1.0,0.0,0.0,0.0,0.0,11.129,1.0,1.0,0.0,0.0,0.0,0.0,0.0,0.0,0.0,1.0,1.0,0.0,0.0,0.0,1.0,1.0,1.0,0.0,0.0,0.0,0.0,0.0,1.0,8.934,0.0,0.0,1.0,-2.070956,0.0,0.0,0.0,6.312,0.289,0.0,0.0,1.0,1.0,0.0,0.0,0.0,0.0,0.0,0.0,0.0,-0.108,-0.25919446,1.0,1.0,0.0,0.0,0.0,1.0,1.0,0.0,0.0,0.0,0.227,0.0,0.0,0.0,0.647,0.0,0.0,1.0,-27.918,0.0,0.0,0.0,0.0,0.0,0.0,0.0,0.0,0.0,0.0,1.0,0.0,0.008,0.0,1.0,9.38,0.0,1.0,0.0,1.0,0.0,0.0,1.0,1.0,8.091,1.0,0.0,0.0,0.0,0.0,0.0,1.0,0.0,1.0,-0.18,1.0,0.0,0.0,0.0,0.0,0.0,1.0,1.0,1.0,5.663,1.0,0.0,0.0,8.796,0.0,0.0,-0.152,0.0,1.0,0.0,0.0,0.249,1.0,0.0,0.0,0.0,0.0,0.0,0.0,0.0,0.0,0.0,0.0,0.0,0.0,0.0,0.0,1.0,0.0,0.0,1.0,0.17391305,0.0,0.0,0.0,1.0,0.0,0.652,0.0,11.931034,0.0,0.0,0.0,0.0,1.0,4.75,10.034185,0.0,0.679,1.0,0.0,0.0,1.0,0.0,0.0,1.0,0.862,0.0,1.0,0.0,0.002,0.0,0.356,1.0,6.394,0.0,0.0,1.0,5.197,0.479,-6.182,0.0,1.0,0.0,0.0,0.781,1.0,1.0,0.0,1.0,0.0,0.0,0.0,0.0,-0.25919446,0.0,1.0,0.0,0.927,1.0,0.0,0.0,0.0,1.0,0.0,0.0,0.0,1.0,3.041,0.0,1.0,0.0,0.0,6.004364805402449,1.0093538704045897
Fc1ccc(-c2c3cccc(C(F)(F)F)c3nn2Cc2ccc(F)cc2Cl)cc1,12.132734,0.0,0.0,0.0,65.695,11.60094,0.0,1.0,0.0,0.0,0.0,1.0,1.0,11.60094,0.0,-2.0978599,0.0,0.0,0.0,0.0,0.0,1.0,0.0,0.0,18.269926,1.0,0.0,0.615,1.0,0.0,0.0,0.0,0.0,0.0,0.0,1.0,1.0,0.0,0.0,0.0,0.0,0.0,0.0,0.0,1.0,1.0,0.0,11.219,1.0,0.0,0.0,0.0,0.0,12.556,1.0,1.0,0.0,0.0,0.0,0.0,0.0,0.0,0.0,1.0,1.0,0.0,0.0,0.0,1.0,0.0,1.0,0.0,0.0,0.0,0.0,0.0,1.0,10.74,0.0,0.0,1.0,-2.0674605,0.0,0.0,0.0,7.608,0.208,0.0,0.0,0.0,1.0,0.0,0.0,0.0,0.0,0.0,0.0,0.0,-0.152,-0.25914982,1.0,1.0,0.0,0.0,0.0,1.0,1.0,0.0,0.0,0.0,0.05,1.0,0.0,0.0,0.673,0.0,0.0,1.0,-29.811,0.0,0.0,0.0,0.0,0.0,0.0,0.0,0.0,0.0,0.0,1.0,0.0,0.008,0.0,0.0,11.467,0.0,1.0,0.0,1.0,0.0,0.0,1.0,1.0,11.521,1.0,0.0,0.0,0.0,0.0,0.0,1.0,0.0,1.0,-0.17,1.0,0.0,0.0,0.0,0.0,0.0,1.0,1.0,1.0,5.939,1.0,0.0,0.0,10.571,0.0,0.0,-0.135,0.0,0.0,0.0,0.0,0.01,1.0,0.0,0.0,0.0,0.0,0.0,0.0,0.0,0.0,0.0,0.0,0.0,0.0,0.0,0.0,1.0,0.0,0.0,1.0,0.0952381,0.0,0.0,0.0,1.0,0.0,0.648,0.0,11.931034,0.0,0.0,0.0,0.0,1.0,5.466,10.0439825,0.0,0.675,1.0,0.0,0.0,1.0,0.0,0.0,1.0,0.844,0.0,1.0,0.0,0.028,0.0,0.372,1.0,6.513,0.0,0.0,1.0,4.531,0.644,-7.264,0.0,1.0,0.0,0.0,0.842,0.0,1.0,0.0,1.0,0.0,0.0,0.0,0.0,-0.25914982,0.0,1.0,0.0,1.107,1.0,0.0,0.0,0.0,1.0,0.0,0.0,0.0,0.0,3.482,0.0,1.0,0.0,0.0,5.435333935747911,1.0093538704045897
Fc1ccc(-c2c3cccc(C(F)(F)F)c3nn2Cc2ccccc2F)cc1,6.066367,0.0,0.0,0.0,60.627,0.0,0.0,1.0,0.0,0.0,0.0,1.0,1.0,0.0,0.0,-2.0906363,0.0,0.0,0.0,0.0,0.0,1.0,0.0,0.0,18.269926,1.0,0.0,0.647,1.0,0.0,0.0,0.0,0.0,0.0,0.0,1.0,1.0,0.0,0.0,0.0,0.0,0.0,0.0,0.0,1.0,1.0,0.0,12.22,1.0,0.0,0.0,0.0,0.0,14.296,1.0,1.0,0.0,0.0,0.0,0.0,0.0,0.0,0.0,1.0,1.0,0.0,0.0,0.0,1.0,0.0,1.0,0.0,0.0,0.0,0.0,0.0,1.0,13.057,0.0,0.0,1.0,-2.0710404,0.0,0.0,0.0,9.803,0.198,0.0,0.0,0.0,1.0,0.0,0.0,0.0,0.0,0.0,0.0,0.0,-0.157,-0.25909474,1.0,1.0,0.0,0.0,0.0,1.0,1.0,0.0,0.0,0.0,0.121,0.0,0.0,0.0,0.703,0.0,0.0,1.0,-31.579,0.0,0.0,0.0,0.0,0.0,0.0,0.0,0.0,0.0,0.0,1.0,0.0,0.007,0.0,0.0,14.979,0.0,1.0,0.0,1.0,0.0,0.0,1.0,1.0,13.127,1.0,0.0,0.0,0.0,0.0,0.0,1.0,0.0,1.0,-0.237,1.0,0.0,0.0,1.0,0.0,0.0,1.0,1.0,1.0,6.538,1.0,0.0,0.0,14.849,0.0,0.0,-0.207,0.0,0.0,0.0,0.0,0.136,1.0,0.0,0.0,1.0,0.0,0.0,0.0,0.0,0.0,1.0,0.0,0.0,0.0,0.0,0.0,1.0,0.0,0.0,1.0,0.0952381,0.0,0.0,0.0,1.0,0.0,1.179,0.0,11.892858,0.0,0.0,0.0,0.0,1.0,5.541,10.043849,0.0,1.272,1.0,0.0,0.0,1.0,0.0,0.0,1.0,0.786,0.0,1.0,0.0,-0.043,0.0,0.333,1.0,6.553,0.0,1.0,1.0,4.434,0.554,-6.657,0.0,1.0,0.0,0.0,0.942,0.0,1.0,0.0,1.0,0.0,0.0,0.0,0.0,-0.25909474,0.0,1.0,0.0,0.963,1.0,0.0,0.0,0.0,1.0,0.0,0.0,0.0,0.0,3.542,0.0,1.0,0.0,0.0,5.381951903287908,1.0093538704045897
Fc1ccc(-c2c3cccc(C(F)(F)F)c3nn2Cc2ccccc2Cl)cc1,6.066367,0.0,0.0,0.0,58.889,11.60094,0.0,1.0,0.0,0.0,0.0,1.0,1.0,11.60094,0.0,-2.095176,0.0,0.0,0.0,0.0,0.0,1.0,0.0,0.0,18.269926,1.0,0.0,0.574,1.0,0.0,0.0,0.0,0.0,0.0,0.0,1.0,1.0,0.0,0.0,0.0,0.0,0.0,0.0,0.0,1.0,1.0,0.0,11.56,1.0,0.0,0.0,0.0,0.0,13.261,1.0,1.0,0.0,0.0,0.0,0.0,0.0,0.0,0.0,1.0,1.0,0.0,0.0,0.0,1.0,0.0,1.0,0.0,0.0,0.0,0.0,0.0,1.0,11.492,0.0,0.0,1.0,-2.066204,0.0,0.0,0.0,8.844,0.284,0.0,0.0,0.0,1.0,0.0,0.0,0.0,0.0,0.0,0.0,0.0,-0.149,-0.25914985,1.0,1.0,0.0,0.0,0.0,1.0,1.0,0.0,0.0,0.0,0.069,1.0,0.0,0.0,0.641,0.0,0.0,1.0,-28.12,0.0,0.0,0.0,0.0,0.0,0.0,0.0,0.0,0.0,0.0,1.0,0.0,0.008,0.0,0.0,13.119,0.0,1.0,0.0,1.0,0.0,0.0,1.0,1.0,11.009,1.0,0.0,0.0,0.0,0.0,0.0,1.0,0.0,1.0,-0.165,1.0,0.0,0.0,0.0,0.0,0.0,1.0,1.0,1.0,6.323,1.0,0.0,0.0,13.404,0.0,0.0,-0.13,0.0,0.0,0.0,0.0,0.047,1.0,0.0,0.0,0.0,0.0,0.0,0.0,0.0,0.0,0.0,0.0,0.0,0.0,0.0,0.0,1.0,0.0,0.0,1.0,0.0952381,0.0,0.0,0.0,1.0,0.0,0.672,0.0,11.892858,0.0,0.0,0.0,0.0,1.0,5.315,10.044081,0.0,0.7,1.0,0.0,0.0,1.0,0.0,0.0,1.0,0.894,0.0,1.0,0.0,-0.021,0.0,0.355,1.0,6.474,0.0,0.0,1.0,4.381,0.627,-6.849,0.0,1.0,0.0,0.0,0.926,0.0,1.0,0.0,1.0,0.0,0.0,0.0,0.0,-0.25914985,0.0,1.0,0.0,1.05,1.0,0.0,0.0,0.0,1.0,0.0,0.0,0.0,0.0,3.425,0.0,1.0,0.0,0.0,5.539102157243452,1.0093538704045897
Fc1ccc(Cn2nc3c(C(F)(F)F)cccc3c2-c2ccc(F)cc2)cc1,6.066367,0.0,0.0,0.0,72.679,0.0,0.0,1.0,0.0,0.0,0.0,1.0,1.0,0.0,0.0,-2.0855758,0.0,0.0,0.0,0.0,0.0,1.0,0.0,0.0,18.269926,1.0,0.0,0.647,1.0,0.0,0.0,0.0,0.0,0.0,0.0,1.0,1.0,0.0,0.0,0.0,0.0,0.0,0.0,0.0,1.0,1.0,0.0,11.945,1.0,0.0,0.0,0.0,0.0,13.545,1.0,1.0,0.0,0.0,0.0,0.0,0.0,0.0,0.0,1.0,1.0,0.0,0.0,0.0,1.0,0.0,1.0,0.0,0.0,0.0,0.0,0.0,1.0,10.701,0.0,0.0,1.0,-2.0646474,0.0,0.0,0.0,8.275,0.198,0.0,0.0,0.0,1.0,0.0,0.0,0.0,0.0,0.0,0.0,0.0,-0.137,-0.25920466,1.0,1.0,0.0,0.0,0.0,1.0,1.0,0.0,0.0,0.0,0.242,0.0,0.0,0.0,0.703,0.0,0.0,1.0,-32.27,0.0,0.0,0.0,0.0,0.0,0.0,0.0,0.0,0.0,0.0,1.0,0.0,0.007,0.0,0.0,10.829,0.0,1.0,0.0,1.0,0.0,0.0,1.0,1.0,10.247,1.0,0.0,0.0,0.0,0.0,0.0,1.0,0.0,1.0,-0.218,1.0,0.0,0.0,0.0,0.0,0.0,1.0,1.0,1.0,6.274,1.0,0.0,0.0,10.596,0.0,0.0,-0.187,0.0,0.0,0.0,0.0,0.257,1.0,0.0,0.0,0.0,0.0,0.0,0.0,0.0,0.0,0.0,0.0,0.0,0.0,0.0,0.0,1.0,0.0,0.0,1.0,0.0952381,0.0,0.0,0.0,1.0,0.0,0.684,0.0,11.892858,0.0,0.0,0.0,0.0,1.0,5.274,10.044098,0.0,0.726,1.0,0.0,1.0,1.0,0.0,0.0,1.0,0.766,0.0,1.0,0.0,0.053,0.0,0.367,1.0,6.489,0.0,0.0,1.0,6.266,0.554,-7.205,0.0,1.0,0.0,0.0,0.922,0.0,1.0,0.0,1.0,0.0,0.0,0.0,0.0,-0.25920466,0.0,1.0,0.0,0.967,1.0,0.0,0.0,0.0,1.0,0.0,0.0,0.0,0.0,3.674,0.0,1.0,0.0,0.0,5.242603971206975,1.0093538704045897
Fc1ccc(-c2c3cccc(C(F)(F)F)c3nn2Cc2ccc(Cl)cc2)cc1,11.629819,0.0,0.0,0.0,58.319,11.60094,0.0,1.0,0.0,0.0,0.0,1.0,1.0,11.60094,0.0,-2.0865414,0.0,0.0,0.0,0.0,0.0,1.0,0.0,0.0,18.269926,1.0,0.0,0.574,1.0,0.0,0.0,0.0,0.0,0.0,0.0,1.0,1.0,0.0,0.0,0.0,0.0,0.0,0.0,0.0,1.0,1.0,0.0,11.624,1.0,0.0,0.0,0.0,0.0,13.182,1.0,1.0,0.0,0.0,0.0,0.0,0.0,0.0,0.0,1.0,1.0,0.0,0.0,0.0,1.0,0.0,1.0,0.0,0.0,0.0,0.0,0.0,1.0,10.319,0.0,0.0,1.0,-2.0641444,0.0,0.0,0.0,7.896,0.284,0.0,0.0,0.0,1.0,0.0,0.0,0.0,0.0,0.0,0.0,0.0,-0.139,-0.25920466,1.0,1.0,0.0,0.0,0.0,1.0,1.0,0.0,0.0,0.0,0.234,0.0,0.0,0.0,0.641,0.0,0.0,1.0,-27.314,0.0,0.0,0.0,0.0,0.0,0.0,0.0,0.0,0.0,0.0,1.0,0.0,0.008,0.0,0.0,10.48,0.0,1.0,0.0,1.0,0.0,0.0,1.0,1.0,9.236,1.0,0.0,0.0,0.0,0.0,0.0,1.0,0.0,1.0,-0.181,1.0,0.0,0.0,0.0,0.0,0.0,1.0,1.0,1.0,6.219,1.0,0.0,0.0,10.214,0.0,0.0,-0.146,0.0,0.0,0.0,0.0,0.228,1.0,0.0,0.0,0.0,0.0,0.0,0.0,0.0,0.0,0.0,0.0,1.0,0.0,0.0,0.0,1.0,0.0,0.0,1.0,0.0952381,0.0,0.0,0.0,1.0,0.0,0.679,0.0,11.892858,0.0,0.0,0.0,0.0,1.0,5.21,10.044159,0.0,0.724,1.0,0.0,1.0,1.0,0.0,0.0,1.0,0.829,0.0,1.0,0.0,0.031,0.0,0.375,1.0,6.461,0.0,0.0,1.0,6.083,0.627,-6.02,0.0,1.0,0.0,0.0,0.906,0.0,1.0,0.0,1.0,0.0,0.0,0.0,0.0,-0.25920466,0.0,1.0,0.0,0.973,1.0,0.0,0.0,0.0,1.0,0.0,0.0,0.0,0.0,3.51,0.0,1.0,0.0,0.0,5.043351420794797,1.0093538704045897
Fc1cc(Cl)ccc1Cn1nc2c(C(F)(F)F)cccc2c1-c1ccc(Cl)cc1,12.132734,0.0,0.0,0.0,41.101,23.20188,0.0,1.0,0.0,0.0,0.0,1.0,1.0,23.20188,0.0,-2.0954788,0.0,0.0,0.0,0.0,0.0,1.0,0.0,0.0,18.269926,1.0,0.0,0.552,1.0,0.0,0.0,0.0,0.0,0.0,0.0,1.0,1.0,0.0,0.0,0.0,0.0,0.0,0.0,0.0,1.0,1.0,0.0,10.893,1.0,0.0,0.0,0.0,0.0,12.649,1.0,1.0,0.0,0.0,0.0,0.0,0.0,0.0,0.0,1.0,1.0,0.0,0.0,0.0,1.0,0.0,1.0,0.0,0.0,0.0,0.0,0.0,1.0,11.248,0.0,0.0,1.0,-2.0716941,0.0,0.0,0.0,7.597,0.286,0.0,0.0,0.0,1.0,0.0,0.0,0.0,0.0,0.0,0.0,0.0,-0.169,-0.25909474,1.0,1.0,0.0,0.0,0.0,1.0,1.0,0.0,0.0,0.0,0.263,0.0,0.0,0.0,0.618,0.0,0.0,1.0,-26.592,0.0,0.0,0.0,0.0,0.0,0.0,0.0,0.0,0.0,0.0,1.0,0.0,0.008,0.0,0.0,12.379,0.0,1.0,0.0,1.0,0.0,0.0,1.0,1.0,11.762,1.0,0.0,0.0,0.0,0.0,0.0,1.0,0.0,1.0,-0.17,1.0,0.0,0.0,1.0,0.0,0.0,1.0,1.0,1.0,6.005,1.0,0.0,0.0,10.878,0.0,0.0,-0.133,0.0,0.0,0.0,0.0,0.346,1.0,0.0,0.0,1.0,0.0,0.0,0.0,0.0,0.0,1.0,0.0,1.0,0.0,0.0,0.0,1.0,0.0,0.0,1.0,0.0952381,0.0,0.0,0.0,1.0,0.0,1.137,0.0,11.931034,0.0,0.0,0.0,0.0,1.0,5.559,10.044853,0.0,1.251,1.0,0.0,0.0,1.0,0.0,0.0,1.0,0.866,0.0,1.0,0.0,-0.035,0.0,0.422,1.0,6.509,0.0,1.0,1.0,5.769,0.663,-8.253,0.0,1.0,0.0,0.0,0.827,0.0,1.0,0.0,1.0,0.0,0.0,0.0,0.0,-0.25909474,0.0,1.0,0.0,1.123,1.0,0.0,0.0,0.0,1.0,0.0,0.0,0.0,0.0,3.284,0.0,1.0,0.0,0.0,5.008773924307505,1.0093538704045897
Fc1ccc(Cn2nc3c(C(F)(F)F)cccc3c2-c2ccc(Cl)cc2)c(Cl)c1,12.132734,0.0,0.0,0.0,52.842,23.20188,0.0,1.0,0.0,0.0,0.0,1.0,1.0,23.20188,0.0,-2.0988853,0.0,0.0,0.0,0.0,0.0,1.0,0.0,0.0,18.269926,1.0,0.0,0.552,1.0,0.0,0.0,0.0,0.0,0.0,0.0,1.0,1.0,0.0,0.0,0.0,0.0,0.0,0.0,0.0,1.0,1.0,0.0,10.588,1.0,0.0,0.0,0.0,0.0,12.028,1.0,1.0,0.0,0.0,0.0,0.0,0.0,0.0,0.0,1.0,1.0,0.0,0.0,0.0,1.0,0.0,1.0,0.0,0.0,0.0,0.0,0.0,1.0,10.08,0.0,0.0,1.0,-2.0673063,0.0,0.0,0.0,7.07,0.286,0.0,0.0,0.0,1.0,0.0,0.0,0.0,0.0,0.0,0.0,0.0,-0.156,-0.25914982,1.0,1.0,0.0,0.0,0.0,1.0,1.0,0.0,0.0,0.0,0.116,1.0,0.0,0.0,0.618,0.0,0.0,1.0,-25.646,0.0,0.0,0.0,0.0,0.0,0.0,0.0,0.0,0.0,0.0,1.0,0.0,0.008,0.0,0.0,10.891,0.0,1.0,0.0,1.0,0.0,0.0,1.0,1.0,10.719,1.0,0.0,0.0,0.0,0.0,0.0,1.0,0.0,1.0,-0.141,1.0,0.0,0.0,0.0,0.0,0.0,1.0,1.0,1.0,5.857,1.0,0.0,0.0,9.898,0.0,0.0,-0.104,0.0,0.0,0.0,0.0,0.074,1.0,0.0,0.0,0.0,0.0,0.0,0.0,0.0,0.0,0.0,0.0,1.0,0.0,0.0,0.0,1.0,0.0,0.0,1.0,0.0952381,0.0,0.0,0.0,1.0,0.0,0.6,0.0,11.931034,0.0,0.0,0.0,0.0,1.0,5.407,10.045027,0.0,0.674,1.0,0.0,0.0,1.0,0.0,0.0,1.0,0.898,0.0,1.0,0.0,0.019,0.0,0.431,1.0,6.455,0.0,0.0,1.0,4.32,0.663,-6.946,0.0,1.0,0.0,0.0,0.827,0.0,1.0,0.0,1.0,0.0,0.0,0.0,0.0,-0.25914982,0.0,1.0,0.0,1.196,1.0,0.0,0.0,0.0,1.0,0.0,0.0,0.0,0.0,3.329,0.0,1.0,0.0,0.0,4.950007143079858,1.0093538704045897
FC(F)(F)c1cccc2c(-c3ccc(Cl)cc3)n(Cc3ccccc3Cl)nc12,17.19327,0.0,0.0,0.0,47.401,23.20188,0.0,1.0,0.0,0.0,0.0,1.0,1.0,23.20188,0.0,-2.096275,0.0,0.0,0.0,0.0,0.0,1.0,0.0,0.0,18.269926,1.0,0.0,0.505,1.0,0.0,0.0,0.0,0.0,0.0,0.0,1.0,1.0,0.0,0.0,0.0,0.0,0.0,0.0,0.0,1.0,1.0,0.0,10.882,1.0,0.0,0.0,0.0,0.0,12.693,1.0,1.0,0.0,0.0,0.0,0.0,0.0,0.0,0.0,1.0,1.0,0.0,0.0,0.0,1.0,0.0,1.0,0.0,0.0,0.0,0.0,0.0,1.0,10.839,0.0,0.0,1.0,-2.0660632,0.0,0.0,0.0,8.303,0.393,0.0,0.0,0.0,1.0,0.0,0.0,0.0,0.0,0.0,0.0,0.0,-0.155,-0.25914985,1.0,1.0,0.0,0.0,0.0,1.0,1.0,0.0,0.0,0.0,0.171,1.0,0.0,0.0,0.582,0.0,0.0,1.0,-24.745,0.0,0.0,0.0,0.0,0.0,0.0,0.0,0.0,0.0,0.0,1.0,0.0,0.009,0.0,0.0,12.543,0.0,1.0,0.0,1.0,0.0,0.0,1.0,1.0,10.151,1.0,0.0,0.0,0.0,0.0,0.0,1.0,0.0,1.0,-0.134,1.0,0.0,0.0,0.0,0.0,0.0,1.0,1.0,1.0,6.235,1.0,0.0,0.0,12.71,0.0,0.0,-0.097,0.0,0.0,0.0,0.0,0.159,1.0,0.0,0.0,0.0,0.0,0.0,0.0,0.0,0.0,0.0,0.0,1.0,0.0,0.0,0.0,1.0,0.0,0.0,1.0,0.0952381,0.0,0.0,0.0,1.0,0.0,0.665,0.0,11.892858,0.0,0.0,0.0,0.0,1.0,5.252,10.045127,0.0,0.701,1.0,0.0,0.0,1.0,0.0,0.0,1.0,0.952,0.0,1.0,0.0,-0.041,0.0,0.412,1.0,6.414,0.0,0.0,1.0,4.775,0.652,-6.996,0.0,1.0,0.0,0.0,0.91,0.0,1.0,0.0,1.0,0.0,0.0,0.0,0.0,-0.25914985,0.0,1.0,0.0,1.138,1.0,0.0,0.0,0.0,1.0,0.0,0.0,0.0,0.0,3.261,0.0,1.0,0.0,0.0,4.991399828238082,1.0093538704045897
Fc1ccccc1Cn1nc2c(C(F)(F)F)cccc2c1-c1ccc(Cl)cc1,6.066367,0.0,0.0,0.0,48.475,11.60094,0.0,1.0,0.0,0.0,0.0,1.0,1.0,11.60094,0.0,-2.0918324,0.0,0.0,0.0,0.0,0.0,1.0,0.0,0.0,18.269926,1.0,0.0,0.574,1.0,0.0,0.0,0.0,0.0,0.0,0.0,1.0,1.0,0.0,0.0,0.0,0.0,0.0,0.0,0.0,1.0,1.0,0.0,11.536,1.0,0.0,0.0,0.0,0.0,13.724,1.0,1.0,0.0,0.0,0.0,0.0,0.0,0.0,0.0,1.0,1.0,0.0,0.0,0.0,1.0,0.0,1.0,0.0,0.0,0.0,0.0,0.0,1.0,12.417,0.0,0.0,1.0,-2.0708508,0.0,0.0,0.0,9.257,0.284,0.0,0.0,0.0,1.0,0.0,0.0,0.0,0.0,0.0,0.0,0.0,-0.162,-0.25909474,1.0,1.0,0.0,0.0,0.0,1.0,1.0,0.0,0.0,0.0,0.192,0.0,0.0,0.0,0.641,0.0,0.0,1.0,-29.209,0.0,0.0,0.0,0.0,0.0,0.0,0.0,0.0,0.0,0.0,1.0,0.0,0.008,0.0,0.0,14.419,0.0,1.0,0.0,1.0,0.0,0.0,1.0,1.0,12.272,1.0,0.0,0.0,0.0,0.0,0.0,1.0,0.0,1.0,-0.199,1.0,0.0,0.0,1.0,0.0,0.0,1.0,1.0,1.0,6.449,1.0,0.0,0.0,14.155,0.0,0.0,-0.164,0.0,0.0,0.0,0.0,0.209,1.0,0.0,0.0,1.0,0.0,0.0,0.0,0.0,0.0,1.0,0.0,1.0,0.0,0.0,0.0,1.0,0.0,0.0,1.0,0.0952381,0.0,0.0,0.0,1.0,0.0,1.192,0.0,11.892858,0.0,0.0,0.0,0.0,1.0,5.477,10.044891,0.0,1.284,1.0,0.0,0.0,1.0,0.0,0.0,1.0,0.845,0.0,1.0,0.0,-0.061,0.0,0.39,1.0,6.497,0.0,1.0,1.0,4.528,0.627,-7.342,0.0,1.0,0.0,0.0,0.926,0.0,1.0,0.0,1.0,0.0,0.0,0.0,0.0,-0.25909474,0.0,1.0,0.0,1.05,1.0,0.0,0.0,0.0,1.0,0.0,0.0,0.0,0.0,3.377,0.0,1.0,0.0,0.0,5.128427064454121,1.0093538704045897
FC(F)(F)c1ccccc1Cn1nc2c(C(F)(F)F)cccc2c1-c1ccc(Cl)cc1,12.132734,0.0,0.0,0.0,76.452,11.60094,0.0,1.0,0.0,0.0,0.0,1.0,1.0,11.60094,0.0,-2.1414514,0.0,0.0,0.0,0.0,0.0,1.0,0.0,0.0,31.441172,1.0,0.0,0.475,1.0,0.0,0.0,0.0,0.0,0.0,0.0,1.0,1.0,0.0,0.0,0.0,0.0,0.0,0.0,0.0,1.0,1.0,0.0,9.952,1.0,0.0,0.0,0.0,0.0,13.849,1.0,1.0,0.0,0.0,0.0,0.0,0.0,0.0,0.0,1.0,1.0,0.0,0.0,0.0,1.0,0.0,1.0,0.0,0.0,0.0,0.0,0.0,1.0,9.577,0.0,0.0,1.0,-2.1266205,0.0,0.0,0.0,6.007,0.424,0.0,0.0,0.0,1.0,0.0,0.0,0.0,0.0,0.0,1.0,0.0,-0.129,-0.2591885,1.0,1.0,0.0,0.0,0.0,1.0,1.0,0.0,0.0,0.0,0.326,0.0,0.0,0.0,0.531,0.0,0.0,1.0,-37.034,0.0,0.0,1.0,0.0,0.0,0.0,0.0,0.0,0.0,0.0,1.0,0.0,0.008,0.0,0.0,16.021,0.0,1.0,0.0,1.0,0.0,0.0,1.0,1.0,13.095,1.0,0.0,0.0,0.0,0.0,0.0,1.0,0.0,1.0,-0.171,1.0,0.0,0.0,0.0,0.0,0.0,1.0,1.0,1.0,6.442,1.0,0.0,0.0,12.622,0.0,0.0,-0.141,0.0,1.0,0.0,0.0,0.365,1.0,0.0,0.0,0.0,0.0,0.0,0.0,0.0,0.0,0.0,0.0,1.0,0.0,0.0,0.0,1.0,0.0,0.0,1.0,0.13636364,0.0,0.0,0.0,1.0,0.0,0.528,0.0,12.4838705,0.0,0.0,0.0,0.0,1.0,6.145,10.037835,0.0,0.877,1.0,0.0,0.0,1.0,0.0,0.0,1.0,0.784,0.0,1.0,0.0,0.055,0.0,0.412,1.0,6.538,0.0,0.0,1.0,7.733,0.591,-6.343,0.0,1.0,0.0,0.0,0.809,0.0,1.0,0.0,1.0,0.0,0.0,0.0,0.0,-0.2591885,0.0,1.0,0.0,1.211,1.0,0.0,0.0,0.0,1.0,0.0,0.0,0.0,0.0,3.658,0.0,1.0,0.0,0.0,4.810790510417694,1.0093538704045897
CS(=O)(=O)c1cc(Cl)cc(Oc2cccc(-c3c(C(N)=O)cnc4c(C(F)(F)F)cccc34)c2)c1,18.51898,0.0,0.0,0.0,46.42,11.60094,0.0,1.0,0.0,0.0,0.0,1.0,1.0,22.07147,0.0,-2.153958,0.0,0.0,0.0,0.0,0.0,1.0,0.0,0.0,13.171246,1.0,0.0,0.575,1.0,0.0,0.0,0.0,0.0,0.0,0.0,1.0,1.0,0.0,0.0,0.0,0.0,0.0,0.0,0.0,1.0,1.0,1.0,7.72,1.0,0.0,0.0,0.0,0.0,8.336,1.0,1.0,0.0,0.0,0.0,0.0,0.0,0.0,0.0,1.0,1.0,0.0,0.0,0.0,1.0,0.0,1.0,0.0,1.0,0.0,0.0,0.0,1.0,8.802,0.0,0.0,1.0,-2.1403883,0.0,0.0,0.0,6.568,0.252,0.0,0.0,0.0,1.0,1.0,0.0,0.0,0.0,0.0,0.0,0.0,-0.127,-0.45725995,1.0,1.0,0.0,0.0,1.0,1.0,1.0,1.0,0.0,0.0,0.235,1.0,1.0,0.0,0.603,0.0,0.0,1.0,-15.032,0.0,1.0,0.0,1.0,1.0,0.0,0.0,0.0,1.0,0.0,1.0,1.0,0.01,1.0,1.0,8.489,0.0,1.0,1.0,1.0,1.0,1.0,1.0,1.0,6.627,1.0,0.0,0.0,0.0,1.0,0.0,1.0,0.0,1.0,-0.109,1.0,1.0,0.0,0.0,0.0,0.0,0.0,0.0,0.0,6.978,1.0,0.0,1.0,8.321,0.0,0.0,-0.077,0.0,1.0,0.0,0.0,0.472,1.0,1.0,0.0,1.0,1.0,0.0,0.0,1.0,1.0,1.0,0.0,1.0,1.0,1.0,1.0,1.0,0.0,1.0,1.0,0.083333336,1.0,0.0,0.0,1.0,0.0,0.692,0.0,12.028571,0.0,0.0,0.0,0.0,1.0,4.83,9.941579,1.0,0.917,0.0,9.837254,0.0,1.0,0.0,1.0,1.0,0.857,0.0,1.0,0.0,-0.19,0.0,0.565,1.0,6.5,0.0,1.0,0.0,2.786,0.671,-2.719,0.0,1.0,0.0,0.0,0.619,0.0,1.0,0.0,1.0,0.0,0.0,1.0,0.0,-0.45725995,0.0,0.0,0.0,1.604,0.0,0.0,0.0,0.0,0.0,1.0,0.0,0.0,1.0,2.729,0.0,0.0,1.0,1.0,4.962573502059376,1.0093538704045897
Cc1nc2c(C(F)(F)F)cccc2nc1-c1ccc(-c2cccc(S(C)(=O)=O)c2)cc1,23.44904,0.0,0.0,0.0,43.902,0.0,0.0,1.0,0.0,0.0,0.0,1.0,1.0,0.0,0.0,-2.1216974,0.0,0.0,0.0,0.0,0.0,0.0,0.0,0.0,13.171246,1.0,0.0,0.558,1.0,0.0,0.0,0.0,0.0,0.0,0.0,0.0,1.0,0.0,0.0,1.0,1.0,0.0,0.0,0.0,1.0,0.0,1.0,5.198,1.0,1.0,0.0,0.0,0.0,6.259,1.0,0.0,0.0,0.0,1.0,0.0,0.0,0.0,0.0,1.0,1.0,0.0,0.0,0.0,1.0,0.0,1.0,0.0,0.0,1.0,0.0,0.0,1.0,3.277,0.0,0.0,1.0,-2.0758698,0.0,0.0,0.0,2.417,0.278,0.0,0.0,1.0,0.0,1.0,0.0,0.0,0.0,0.0,0.0,0.0,-0.09,-0.2485698,1.0,1.0,0.0,0.0,0.0,1.0,1.0,1.0,0.0,0.0,0.178,1.0,1.0,0.0,0.627,0.0,1.0,0.0,-26.427,0.0,1.0,0.0,1.0,0.0,0.0,0.0,0.0,0.0,0.0,1.0,1.0,0.033,1.0,1.0,3.377,1.0,1.0,0.0,1.0,1.0,1.0,1.0,1.0,6.729,1.0,1.0,0.0,1.0,1.0,0.0,1.0,0.0,1.0,-0.078,0.0,0.0,1.0,0.0,0.0,1.0,0.0,0.0,0.0,6.037,1.0,0.0,1.0,2.319,0.0,0.0,-0.054,0.0,1.0,0.0,0.0,0.232,1.0,0.0,0.0,0.0,0.0,0.0,1.0,1.0,0.0,0.0,0.0,0.0,1.0,1.0,0.0,1.0,0.0,1.0,1.0,0.13043478,1.0,0.0,0.0,1.0,0.0,0.564,0.0,12.290322,0.0,0.0,1.0,0.0,1.0,5.399,10.016417,1.0,0.522,0.0,9.837254,0.0,1.0,0.0,0.0,0.0,0.876,0.0,1.0,1.0,-0.163,0.0,0.557,1.0,5.775,0.0,0.0,1.0,2.185,0.606,-4.414,0.0,1.0,0.0,0.0,0.739,1.0,1.0,0.0,0.0,0.0,0.0,0.0,0.0,-0.2485698,0.0,0.0,0.0,1.005,0.0,0.0,0.0,0.0,1.0,1.0,0.0,0.0,1.0,3.043,0.0,0.0,0.0,1.0,5.769551078621726,1.0093538704045897
CCc1nc2c(C(F)(F)F)cccc2nc1-c1ccc(-c2cccc(S(C)(=O)=O)c2)cc1,29.012491,0.0,1.0,0.0,44.208,0.0,0.0,1.0,0.0,0.0,0.0,1.0,1.0,0.0,0.0,-2.131812,0.0,0.0,0.0,0.0,0.0,0.0,0.0,0.0,13.171246,1.0,0.0,0.563,1.0,0.0,0.0,0.0,0.0,0.0,0.0,0.0,1.0,0.0,0.0,1.0,1.0,0.0,0.0,0.0,1.0,0.0,1.0,5.231,1.0,1.0,0.0,0.0,0.0,5.887,1.0,0.0,0.0,0.0,1.0,0.0,0.0,0.0,0.0,1.0,1.0,0.0,0.0,0.0,1.0,0.0,1.0,0.0,0.0,1.0,0.0,0.0,1.0,4.019,0.0,1.0,1.0,-2.0826952,0.0,0.0,0.0,3.189,0.284,1.0,0.0,1.0,0.0,1.0,0.0,0.0,0.0,0.0,0.0,0.0,-0.094,-0.24828309,1.0,1.0,0.0,0.0,0.0,1.0,1.0,1.0,0.0,0.0,0.245,1.0,1.0,0.0,0.632,0.0,1.0,0.0,-25.976,0.0,1.0,0.0,1.0,0.0,0.0,0.0,0.0,0.0,0.0,1.0,1.0,0.033,1.0,1.0,3.308,1.0,1.0,0.0,1.0,1.0,1.0,1.0,1.0,6.424,1.0,1.0,0.0,1.0,1.0,0.0,1.0,0.0,1.0,-0.087,0.0,1.0,1.0,0.0,0.0,1.0,0.0,0.0,0.0,5.76,1.0,0.0,1.0,2.233,0.0,0.0,-0.059,0.0,1.0,0.0,0.0,0.292,1.0,0.0,0.0,0.0,0.0,0.0,1.0,1.0,0.0,0.0,0.0,0.0,1.0,1.0,0.0,1.0,0.0,1.0,1.0,0.16666667,1.0,0.0,0.0,1.0,1.0,0.571,1.0,12.28125,0.0,0.0,1.0,0.0,1.0,5.116,10.009147,1.0,0.54,0.0,9.837254,0.0,1.0,1.0,0.0,0.0,0.849,0.0,1.0,1.0,-0.118,0.0,0.557,1.0,5.863,0.0,0.0,1.0,2.263,0.611,-4.073,0.0,1.0,0.0,0.0,0.696,1.0,1.0,0.0,0.0,0.0,0.0,0.0,0.0,-0.24828309,0.0,0.0,0.0,0.984,0.0,0.0,0.0,0.0,1.0,1.0,0.0,0.0,1.0,2.861,0.0,0.0,0.0,1.0,6.455931955649724,1.0093538704045897
Cc1nc2c(Cl)cccc2nc1-c1ccc(-c2cccc(S(C)(=O)=O)c2)cc1,33.59491,0.0,0.0,0.0,30.604,11.60094,0.0,1.0,0.0,0.0,0.0,1.0,0.0,16.584919,0.0,-2.0918074,0.0,0.0,0.0,0.0,0.0,0.0,0.0,0.0,0.0,1.0,0.0,0.726,1.0,0.0,0.0,0.0,0.0,0.0,0.0,0.0,1.0,0.0,0.0,1.0,1.0,0.0,1.0,0.0,1.0,0.0,1.0,6.119,1.0,0.0,0.0,0.0,0.0,4.292,1.0,0.0,0.0,0.0,1.0,0.0,0.0,0.0,0.0,1.0,0.0,0.0,0.0,0.0,1.0,0.0,1.0,0.0,0.0,1.0,0.0,0.0,1.0,3.956,0.0,0.0,1.0,-1.9664688,0.0,0.0,0.0,3.325,0.091,0.0,0.0,1.0,0.0,1.0,0.0,0.0,0.0,0.0,0.0,0.0,-0.031,-0.24763091,1.0,1.0,0.0,0.0,0.0,1.0,1.0,1.0,0.0,0.0,0.202,1.0,0.0,0.0,0.857,0.0,1.0,0.0,-13.242,0.0,1.0,0.0,1.0,0.0,0.0,0.0,0.0,0.0,0.0,1.0,1.0,0.099,1.0,1.0,1.774,1.0,1.0,0.0,1.0,1.0,0.0,1.0,1.0,3.758,1.0,1.0,0.0,1.0,1.0,0.0,1.0,0.0,1.0,-0.027,0.0,0.0,1.0,0.0,0.0,1.0,0.0,0.0,0.0,4.727,0.0,0.0,1.0,1.466,0.0,0.0,-0.017,0.0,1.0,0.0,0.0,0.272,0.0,0.0,0.0,1.0,0.0,0.0,1.0,1.0,0.0,0.0,0.0,0.0,1.0,1.0,0.0,0.0,0.0,1.0,1.0,0.09090909,1.0,0.0,0.0,0.0,0.0,0.596,0.0,11.678572,0.0,0.0,1.0,0.0,1.0,4.708,10.018601,1.0,0.233,0.0,9.837254,0.0,1.0,0.0,0.0,0.0,0.999,0.0,1.0,1.0,-0.1,0.0,0.687,1.0,5.721,0.0,0.0,1.0,1.133,0.665,-4.749,0.0,1.0,0.0,0.0,0.824,1.0,1.0,0.0,1.0,0.0,0.0,0.0,0.0,-0.24763091,0.0,0.0,0.0,0.931,0.0,0.0,0.0,0.0,1.0,1.0,0.0,0.0,1.0,2.507,0.0,0.0,0.0,1.0,6.42021640338319,1.0093538704045897
CNS(=O)(=O)c1cccc(-c2ccc(-c3nc4cccc(C(F)(F)F)c4nc3C)cc2)c1,11.629819,0.0,0.0,0.0,48.525,0.0,0.0,1.0,0.0,0.0,0.0,0.0,1.0,0.0,0.0,-2.122285,0.0,0.0,0.0,1.0,0.0,0.0,0.0,0.0,13.171246,1.0,0.0,0.552,1.0,0.0,0.0,0.0,1.0,0.0,0.0,0.0,1.0,0.0,0.0,1.0,1.0,0.0,0.0,0.0,1.0,0.0,1.0,5.478,1.0,1.0,0.0,0.0,0.0,6.101,1.0,0.0,0.0,0.0,1.0,0.0,0.0,0.0,0.0,1.0,1.0,0.0,0.0,0.0,1.0,0.0,1.0,0.0,0.0,1.0,0.0,0.0,1.0,3.693,0.0,0.0,1.0,-2.179133,0.0,0.0,0.0,2.626,0.366,0.0,0.0,1.0,0.0,0.0,1.0,0.0,0.0,0.0,0.0,0.0,-0.129,-0.2485698,1.0,1.0,0.0,1.0,0.0,1.0,1.0,1.0,0.0,0.0,0.164,1.0,1.0,0.0,0.571,0.0,1.0,0.0,-24.404,0.0,1.0,0.0,0.0,0.0,0.0,0.0,0.0,0.0,0.0,1.0,1.0,0.032,0.0,1.0,3.432,1.0,0.0,0.0,1.0,0.0,1.0,1.0,1.0,6.466,1.0,1.0,0.0,1.0,0.0,0.0,1.0,0.0,1.0,-0.119,0.0,1.0,1.0,0.0,0.0,1.0,0.0,0.0,0.0,5.966,1.0,0.0,1.0,2.311,0.0,0.0,-0.085,0.0,1.0,1.0,0.0,0.261,1.0,0.0,0.0,0.0,0.0,0.0,1.0,0.0,0.0,0.0,0.0,0.0,1.0,1.0,0.0,1.0,0.0,1.0,1.0,0.13043478,1.0,0.0,0.0,1.0,0.0,0.536,0.0,12.28125,0.0,0.0,1.0,1.0,1.0,5.343,10.016424,1.0,0.517,0.0,0.0,0.0,1.0,0.0,0.0,0.0,0.901,0.0,1.0,1.0,-0.169,0.0,0.593,1.0,5.892,0.0,0.0,1.0,1.194,0.839,-3.229,0.0,1.0,1.0,0.0,0.72,1.0,1.0,0.0,0.0,0.0,0.0,0.0,0.0,-0.2485698,0.0,0.0,0.0,1.032,0.0,0.0,0.0,0.0,1.0,1.0,0.0,0.0,1.0,3.176,0.0,0.0,0.0,1.0,5.832682665251824,1.0093538704045897
Cc1cc(SCc2sc(-c3ccc(C(F)(F)F)cc3)nc2C)ccc1OCC(=O)O,33.162743,1.0,0.0,1.0,29.955,23.098671,0.0,0.0,0.0,1.0,1.0,0.0,1.0,9.84339,1.0,-2.0846689,0.0,0.0,1.0,0.0,0.0,1.0,0.0,0.0,13.171246,1.0,0.0,0.719,1.0,0.0,1.0,0.0,1.0,1.0,0.0,1.0,1.0,1.0,0.0,1.0,0.0,0.0,1.0,0.0,1.0,0.0,0.0,3.721,0.0,1.0,0.0,0.0,0.0,4.019,1.0,1.0,0.0,1.0,1.0,0.0,0.0,1.0,1.0,0.0,1.0,1.0,0.0,0.0,0.0,1.0,0.0,0.0,1.0,0.0,0.0,0.0,1.0,3.075,0.0,1.0,0.0,-2.0948498,0.0,1.0,0.0,2.2,0.26,1.0,0.0,1.0,0.0,1.0,1.0,1.0,0.0,0.0,0.0,0.0,0.022,-0.4816386,0.0,1.0,0.0,0.0,0.0,0.0,1.0,1.0,0.0,0.0,-0.021,1.0,1.0,0.0,0.664,0.0,1.0,1.0,-20.591,0.0,0.0,0.0,1.0,1.0,0.0,0.0,0.0,1.0,1.0,1.0,1.0,-0.052,1.0,1.0,2.505,0.0,0.0,1.0,1.0,1.0,1.0,1.0,1.0,4.01,1.0,1.0,0.0,1.0,0.0,0.0,1.0,1.0,0.0,0.164,1.0,0.0,0.0,0.0,0.0,0.0,0.0,1.0,0.0,2.589,1.0,0.0,1.0,2.135,0.0,0.0,0.234,0.0,1.0,1.0,1.0,-0.238,0.0,0.0,1.0,0.0,1.0,0.0,0.0,0.0,1.0,1.0,0.0,0.0,1.0,0.0,1.0,1.0,0.0,1.0,1.0,0.23809524,1.0,0.0,0.0,0.0,1.0,0.406,1.0,11.5,1.0,0.0,1.0,0.0,1.0,3.596,10.131026,1.0,0.269,0.0,6.606882,1.0,1.0,0.0,0.0,0.0,0.97,0.0,0.0,0.0,-0.153,0.0,0.638,1.0,5.44,0.0,1.0,1.0,2.807,1.152,-3.933,0.0,0.0,1.0,0.0,0.621,1.0,1.0,0.0,1.0,0.0,0.0,0.0,0.0,-0.4816386,0.0,0.0,0.0,1.2,0.0,0.0,0.0,0.0,0.0,0.0,1.0,0.0,1.0,2.487,1.0,1.0,0.0,0.0,8.022276394711152,1.0093538704045897
O=C(O)Cc1ccc(Cl)c(OCCC2CCN(c3nc4ccc(Cl)cc4s3)CC2)c1,52.72279,1.0,1.0,1.0,18.729,34.538666,1.0,0.0,1.0,1.0,1.0,0.0,0.0,38.029247,1.0,-2.3126109,1.0,0.0,1.0,1.0,1.0,0.0,1.0,1.0,0.0,0.0,1.0,0.993,0.0,0.0,1.0,1.0,1.0,1.0,1.0,0.0,0.0,1.0,1.0,1.0,1.0,1.0,1.0,1.0,0.0,0.0,1.0,2.301,0.0,1.0,1.0,1.0,1.0,2.005,0.0,0.0,1.0,1.0,1.0,1.0,1.0,1.0,1.0,0.0,0.0,0.0,1.0,1.0,0.0,1.0,0.0,0.0,1.0,1.0,1.0,1.0,0.0,2.08,0.0,1.0,0.0,-2.3355072,0.0,1.0,1.0,1.948,-0.041,1.0,1.0,1.0,0.0,1.0,1.0,1.0,1.0,1.0,0.0,1.0,-0.06,-0.49201104,0.0,0.0,0.0,1.0,1.0,0.0,0.0,1.0,1.0,1.0,-0.167,1.0,1.0,1.0,0.92,1.0,1.0,0.0,-7.853,1.0,1.0,1.0,1.0,1.0,1.0,0.0,1.0,1.0,1.0,0.0,1.0,-0.101,1.0,1.0,1.054,1.0,0.0,1.0,0.0,1.0,1.0,2.0,0.0,2.114,0.0,1.0,1.0,1.0,1.0,1.0,0.0,1.0,0.0,-0.091,0.0,1.0,1.0,1.0,1.0,1.0,0.0,0.0,0.0,2.011,0.0,1.0,1.0,0.898,0.0,1.0,-0.058,1.0,1.0,1.0,1.0,-0.162,0.0,0.0,1.0,1.0,1.0,0.0,1.0,1.0,1.0,1.0,1.0,1.0,1.0,1.0,1.0,0.0,1.0,1.0,0.0,0.36363637,1.0,1.0,0.0,0.0,1.0,0.797,1.0,14.933333,1.0,1.0,1.0,1.0,0.0,1.994,9.94069,1.0,0.132,0.0,5.1315584,1.0,1.0,1.0,0.0,0.0,1.048,0.0,0.0,1.0,0.487,1.0,1.028,1.0,4.922,0.0,1.0,0.0,0.237,0.89,-1.81,0.0,1.0,1.0,1.0,0.537,1.0,0.0,1.0,1.0,0.0,0.0,1.0,1.0,-0.49201104,1.0,0.0,1.0,2.247,0.0,1.0,1.0,1.0,0.0,1.0,1.0,1.0,1.0,1.516,1.0,1.0,0.0,1.0,7.721246399047171,1.0093538704045897
O=C(O)Cc1ccc(Cl)c(OCCC2(N3CCCC3)CCN(c3nc4ccc(C(F)(F)F)nc4s3)CC2)c1,64.3495,1.0,1.0,1.0,30.683,22.937725,1.0,0.0,1.0,1.0,1.0,0.0,1.0,21.44433,1.0,-2.4736915,1.0,1.0,1.0,1.0,1.0,1.0,1.0,1.0,13.171246,0.0,1.0,0.866,0.0,1.0,1.0,0.0,1.0,1.0,1.0,0.0,0.0,1.0,1.0,1.0,1.0,1.0,1.0,1.0,0.0,0.0,1.0,2.237,0.0,1.0,1.0,0.0,1.0,2.356,0.0,0.0,1.0,1.0,1.0,0.0,1.0,1.0,1.0,0.0,1.0,0.0,1.0,0.0,1.0,1.0,1.0,1.0,1.0,1.0,1.0,2.0,0.0,1.995,1.0,1.0,1.0,-2.5490687,1.0,1.0,1.0,1.284,0.086,1.0,0.0,1.0,0.0,1.0,1.0,1.0,1.0,1.0,1.0,1.0,0.05,-0.4919477,0.0,0.0,1.0,1.0,1.0,0.0,0.0,1.0,1.0,1.0,0.029,1.0,1.0,1.0,0.868,1.0,1.0,0.0,-20.479,1.0,1.0,1.0,1.0,1.0,1.0,1.0,1.0,1.0,1.0,0.0,1.0,-0.097,1.0,1.0,1.575,1.0,0.0,1.0,0.0,1.0,1.0,4.0,0.0,2.511,1.0,0.0,1.0,1.0,1.0,1.0,0.0,1.0,0.0,0.102,0.0,1.0,1.0,1.0,1.0,1.0,0.0,1.0,0.0,1.838,0.0,1.0,1.0,0.822,1.0,2.0,0.092,1.0,1.0,1.0,1.0,-0.047,0.0,1.0,1.0,1.0,1.0,0.0,1.0,0.0,1.0,1.0,1.0,0.0,1.0,1.0,1.0,0.0,1.0,1.0,1.0,0.5,1.0,1.0,1.0,0.0,1.0,0.652,1.0,18.263159,1.0,1.0,1.0,1.0,1.0,2.121,9.827626,1.0,0.093,0.0,5.1315584,1.0,1.0,1.0,0.0,0.0,0.743,1.0,0.0,1.0,0.128,1.0,0.867,0.0,5.405,1.0,1.0,0.0,3.512,0.843,-1.784,1.0,1.0,1.0,1.0,0.386,1.0,0.0,1.0,1.0,1.0,1.0,0.0,0.0,-0.4919477,1.0,0.0,1.0,1.699,0.0,0.0,1.0,1.0,0.0,1.0,1.0,2.0,1.0,1.591,1.0,1.0,0.0,1.0,7.657577319177793,1.0093538704045897
O=C(O)Cc1cc(Cl)cc(OCCC2(N3CCCC3=O)CCN(c3nc4ccc(C(F)(F)F)cc4s3)CC2)c1,18.553556,1.0,1.0,1.0,34.941,22.937725,1.0,0.0,1.0,1.0,1.0,0.0,1.0,21.44433,1.0,-2.4723988,1.0,1.0,1.0,1.0,1.0,0.0,1.0,1.0,13.171246,0.0,1.0,0.751,0.0,1.0,1.0,0.0,1.0,1.0,1.0,0.0,0.0,1.0,1.0,1.0,1.0,1.0,1.0,1.0,0.0,0.0,1.0,2.025,0.0,1.0,1.0,1.0,1.0,3.194,0.0,0.0,1.0,1.0,1.0,1.0,1.0,1.0,1.0,1.0,1.0,1.0,1.0,0.0,0.0,1.0,1.0,1.0,1.0,1.0,1.0,2.0,0.0,1.496,1.0,1.0,0.0,-2.562563,1.0,1.0,1.0,0.593,0.18,1.0,1.0,1.0,0.0,1.0,1.0,1.0,1.0,1.0,1.0,1.0,-0.133,-0.493441,0.0,0.0,1.0,1.0,1.0,0.0,1.0,1.0,1.0,1.0,0.223,1.0,1.0,1.0,0.742,1.0,1.0,0.0,-21.283,0.0,1.0,1.0,1.0,1.0,1.0,1.0,1.0,1.0,1.0,0.0,1.0,-0.077,1.0,1.0,2.558,1.0,1.0,1.0,0.0,1.0,1.0,3.0,0.0,3.085,1.0,1.0,1.0,1.0,1.0,1.0,0.0,1.0,1.0,-0.092,1.0,1.0,1.0,1.0,1.0,1.0,0.0,0.0,0.0,1.857,0.0,1.0,1.0,1.48,1.0,2.0,-0.046,1.0,1.0,1.0,1.0,0.219,0.0,1.0,1.0,1.0,1.0,1.0,1.0,1.0,1.0,1.0,1.0,1.0,1.0,1.0,1.0,0.0,1.0,1.0,0.0,0.44444445,1.0,1.0,1.0,0.0,1.0,0.115,1.0,17.692308,1.0,0.0,1.0,1.0,1.0,2.292,9.826717,1.0,0.339,0.0,5.1315584,1.0,0.0,1.0,1.0,1.0,0.848,1.0,0.0,1.0,0.282,1.0,0.935,0.0,5.354,1.0,1.0,0.0,4.766,0.858,-2.771,1.0,1.0,1.0,1.0,0.386,1.0,0.0,1.0,1.0,0.0,1.0,1.0,1.0,-0.493441,1.0,0.0,1.0,2.015,0.0,1.0,1.0,1.0,0.0,1.0,1.0,2.0,1.0,1.711,1.0,1.0,0.0,1.0,6.823908740944319,1.0093538704045897
CC(C)C1(CCOc2cc(CC(=O)O)ccc2Cl)CCN(c2nc3ccc(Cl)cc3s2)CC1,52.72279,1.0,1.0,1.0,14.393,34.538666,1.0,0.0,1.0,1.0,1.0,0.0,0.0,38.029247,1.0,-2.4446025,1.0,1.0,1.0,1.0,1.0,0.0,1.0,1.0,0.0,0.0,1.0,0.966,0.0,1.0,1.0,1.0,1.0,1.0,1.0,0.0,0.0,1.0,1.0,1.0,1.0,1.0,1.0,1.0,0.0,0.0,1.0,2.251,0.0,1.0,1.0,1.0,1.0,2.152,0.0,0.0,1.0,1.0,1.0,1.0,1.0,1.0,1.0,1.0,0.0,0.0,1.0,1.0,0.0,1.0,0.0,1.0,1.0,1.0,1.0,1.0,0.0,2.407,0.0,1.0,0.0,-2.4320498,1.0,1.0,1.0,1.651,-0.037,1.0,1.0,1.0,0.0,1.0,1.0,1.0,1.0,1.0,1.0,1.0,-0.013,-0.49199975,0.0,0.0,0.0,1.0,1.0,0.0,0.0,1.0,1.0,1.0,-0.101,1.0,1.0,1.0,0.891,1.0,1.0,0.0,-7.185,0.0,1.0,1.0,1.0,1.0,1.0,1.0,1.0,1.0,1.0,0.0,1.0,-0.092,1.0,1.0,1.816,1.0,0.0,1.0,0.0,1.0,1.0,2.0,1.0,2.078,0.0,1.0,1.0,1.0,1.0,1.0,0.0,1.0,0.0,-0.073,0.0,1.0,1.0,1.0,1.0,1.0,0.0,0.0,0.0,1.719,1.0,1.0,1.0,1.593,1.0,1.0,-0.05,1.0,1.0,1.0,1.0,-0.097,0.0,1.0,1.0,1.0,1.0,0.0,1.0,1.0,1.0,1.0,1.0,1.0,1.0,1.0,1.0,0.0,1.0,1.0,0.0,0.44,1.0,1.0,0.0,0.0,1.0,0.486,1.0,15.848485,1.0,0.0,1.0,1.0,0.0,1.744,9.678703,1.0,0.137,0.0,5.1315584,1.0,1.0,1.0,0.0,0.0,1.199,1.0,0.0,1.0,0.441,1.0,1.067,1.0,5.164,1.0,1.0,0.0,0.745,0.856,-1.367,0.0,1.0,1.0,1.0,0.455,1.0,0.0,1.0,1.0,0.0,1.0,0.0,1.0,-0.49199975,1.0,0.0,1.0,1.902,0.0,1.0,1.0,1.0,0.0,1.0,1.0,1.0,1.0,1.285,1.0,1.0,0.0,1.0,8.1249387366083,1.0093538704045897
O=C(O)Cc1cc(Cl)cc(OCCC2(N3CCCC3)CCN(c3nc4ccc(C(F)(F)F)cc4s3)CC2)c1,56.639416,1.0,1.0,1.0,33.193,22.937725,1.0,0.0,1.0,1.0,1.0,0.0,1.0,21.44433,1.0,-2.4737446,1.0,1.0,1.0,1.0,1.0,0.0,1.0,1.0,13.171246,0.0,1.0,0.772,0.0,1.0,1.0,0.0,1.0,1.0,1.0,0.0,0.0,1.0,1.0,1.0,1.0,1.0,1.0,1.0,0.0,0.0,1.0,1.918,0.0,1.0,1.0,1.0,1.0,2.509,0.0,0.0,1.0,1.0,1.0,1.0,1.0,1.0,1.0,0.0,1.0,1.0,1.0,0.0,0.0,1.0,1.0,1.0,1.0,1.0,1.0,2.0,0.0,1.156,1.0,1.0,0.0,-2.5490413,1.0,1.0,1.0,0.472,0.175,1.0,1.0,1.0,0.0,1.0,1.0,1.0,1.0,1.0,1.0,1.0,-0.114,-0.493461,0.0,0.0,1.0,1.0,1.0,0.0,0.0,1.0,1.0,1.0,-0.138,1.0,1.0,1.0,0.762,1.0,1.0,0.0,-23.687,1.0,1.0,1.0,1.0,1.0,1.0,1.0,1.0,1.0,1.0,0.0,1.0,-0.079,1.0,1.0,1.67,1.0,0.0,1.0,0.0,1.0,1.0,3.0,0.0,2.634,1.0,1.0,1.0,1.0,1.0,1.0,0.0,1.0,0.0,-0.074,0.0,1.0,1.0,1.0,1.0,1.0,0.0,0.0,0.0,1.83,0.0,1.0,1.0,1.033,1.0,2.0,-0.031,1.0,1.0,1.0,1.0,-0.125,0.0,1.0,1.0,1.0,1.0,1.0,1.0,1.0,1.0,1.0,1.0,1.0,1.0,1.0,1.0,0.0,1.0,1.0,0.0,0.4814815,1.0,1.0,1.0,0.0,1.0,0.082,1.0,18.263159,1.0,1.0,1.0,1.0,1.0,2.318,9.827628,1.0,0.118,0.0,5.1315584,1.0,0.0,1.0,1.0,0.0,0.874,1.0,0.0,1.0,0.243,1.0,1.142,0.0,5.191,1.0,1.0,0.0,2.362,0.859,-2.091,1.0,1.0,1.0,1.0,0.383,1.0,0.0,1.0,1.0,0.0,1.0,1.0,0.0,-0.493461,1.0,0.0,1.0,2.003,0.0,1.0,1.0,1.0,0.0,1.0,1.0,2.0,1.0,1.727,1.0,1.0,0.0,1.0,8.031517051446064,1.0093538704045897
Cc1ccc(CC(=O)O)cc1OCCC1(N2CCCC2)CCN(c2nc3ccc(Cl)cc3s2)CC1,82.68872,1.0,1.0,1.0,19.458,22.937725,1.0,0.0,1.0,1.0,1.0,0.0,0.0,26.428308,1.0,-2.4739082,1.0,1.0,1.0,1.0,1.0,0.0,1.0,1.0,0.0,0.0,1.0,1.041,0.0,1.0,1.0,1.0,1.0,1.0,1.0,0.0,0.0,1.0,1.0,1.0,1.0,1.0,1.0,1.0,0.0,0.0,1.0,1.715,0.0,1.0,1.0,1.0,1.0,2.095,0.0,0.0,1.0,1.0,1.0,1.0,1.0,1.0,1.0,0.0,0.0,0.0,1.0,1.0,0.0,1.0,0.0,1.0,1.0,1.0,1.0,2.0,1.0,1.388,1.0,1.0,0.0,-2.5490954,1.0,1.0,1.0,0.804,-0.07,1.0,1.0,1.0,0.0,1.0,1.0,1.0,1.0,1.0,1.0,1.0,-0.135,-0.49323738,0.0,0.0,1.0,1.0,1.0,0.0,0.0,1.0,1.0,1.0,0.029,1.0,1.0,1.0,1.017,1.0,1.0,0.0,-8.748,1.0,1.0,1.0,1.0,1.0,1.0,1.0,1.0,1.0,1.0,0.0,1.0,-0.121,1.0,1.0,1.406,1.0,0.0,1.0,0.0,1.0,1.0,3.0,0.0,2.126,0.0,1.0,1.0,1.0,1.0,1.0,0.0,1.0,0.0,-0.066,0.0,1.0,1.0,1.0,1.0,1.0,0.0,0.0,0.0,1.514,0.0,1.0,1.0,0.962,1.0,2.0,-0.02,1.0,1.0,1.0,1.0,0.091,0.0,1.0,1.0,1.0,1.0,0.0,1.0,1.0,1.0,1.0,1.0,1.0,1.0,1.0,1.0,1.0,1.0,1.0,0.0,0.4814815,1.0,1.0,1.0,0.0,1.0,0.161,1.0,18.285715,1.0,1.0,1.0,1.0,0.0,1.527,9.827541,1.0,0.103,0.0,5.1315584,1.0,0.0,1.0,0.0,0.0,0.985,1.0,0.0,1.0,0.434,1.0,1.381,1.0,4.971,1.0,1.0,0.0,-0.238,0.898,-0.794,1.0,0.0,1.0,1.0,0.395,1.0,0.0,1.0,1.0,0.0,1.0,0.0,1.0,-0.49323738,1.0,0.0,1.0,2.382,0.0,1.0,1.0,1.0,0.0,1.0,1.0,2.0,1.0,1.08,1.0,1.0,0.0,1.0,8.207608310501746,1.0093538704045897
CN(C)C1(CCOc2cc(Cl)cc(CC(=O)O)c2)CCN(c2nc3ccc(Cl)cc3s2)CC1,52.72279,1.0,1.0,1.0,19.752,34.538666,1.0,0.0,1.0,1.0,1.0,0.0,0.0,38.029247,1.0,-2.458863,1.0,1.0,1.0,1.0,1.0,0.0,1.0,1.0,0.0,0.0,1.0,0.981,0.0,1.0,1.0,1.0,1.0,1.0,1.0,0.0,0.0,1.0,1.0,1.0,1.0,1.0,1.0,1.0,0.0,0.0,1.0,1.806,0.0,1.0,1.0,1.0,1.0,2.284,0.0,0.0,1.0,1.0,1.0,1.0,1.0,1.0,1.0,1.0,0.0,1.0,1.0,1.0,0.0,1.0,1.0,1.0,1.0,1.0,1.0,1.0,0.0,1.274,0.0,1.0,0.0,-2.530954,1.0,1.0,1.0,0.824,-0.05,1.0,1.0,1.0,0.0,1.0,1.0,1.0,1.0,1.0,1.0,1.0,-0.129,-0.493461,0.0,0.0,0.0,1.0,1.0,0.0,0.0,1.0,1.0,1.0,-0.1,1.0,1.0,1.0,0.929,1.0,1.0,0.0,-6.091,0.0,1.0,1.0,1.0,1.0,1.0,1.0,1.0,1.0,1.0,0.0,1.0,-0.141,1.0,1.0,1.401,1.0,0.0,1.0,0.0,1.0,1.0,2.0,0.0,2.389,0.0,1.0,1.0,1.0,1.0,1.0,0.0,1.0,0.0,-0.045,0.0,1.0,1.0,1.0,1.0,1.0,0.0,0.0,0.0,1.659,0.0,1.0,1.0,1.196,1.0,1.0,-0.006,1.0,1.0,1.0,1.0,-0.047,0.0,1.0,1.0,1.0,1.0,1.0,1.0,1.0,1.0,1.0,1.0,1.0,1.0,1.0,1.0,0.0,1.0,1.0,0.0,0.41666666,1.0,1.0,1.0,0.0,1.0,0.083,1.0,15.848485,1.0,0.0,1.0,1.0,0.0,1.969,9.833115,1.0,0.141,0.0,5.1315584,1.0,0.0,1.0,1.0,0.0,1.042,1.0,0.0,1.0,0.661,1.0,1.048,0.0,4.872,1.0,1.0,0.0,1.139,0.862,-2.172,0.0,1.0,1.0,1.0,0.44,1.0,0.0,1.0,1.0,0.0,1.0,1.0,1.0,-0.493461,1.0,0.0,1.0,2.442,0.0,1.0,1.0,1.0,0.0,1.0,1.0,1.0,1.0,1.418,1.0,1.0,0.0,1.0,7.522878745280337,1.0093538704045897
Cc1cc(CC(=O)O)cc(OCCC2(N3CCCC3)CCN(c3nc4ccc(Cl)cc4s3)CC2)c1,82.68872,1.0,1.0,1.0,18.599,22.937725,1.0,0.0,1.0,1.0,1.0,0.0,0.0,26.428308,1.0,-2.4737635,1.0,1.0,1.0,1.0,1.0,0.0,1.0,1.0,0.0,0.0,1.0,1.041,0.0,1.0,1.0,1.0,1.0,1.0,1.0,0.0,0.0,1.0,1.0,1.0,1.0,1.0,1.0,1.0,0.0,0.0,1.0,1.642,0.0,1.0,1.0,1.0,1.0,2.189,0.0,0.0,1.0,1.0,1.0,1.0,1.0,1.0,1.0,0.0,0.0,1.0,1.0,1.0,0.0,1.0,0.0,1.0,1.0,1.0,1.0,2.0,0.0,1.068,1.0,1.0,0.0,-2.5490453,1.0,1.0,1.0,0.513,-0.07,1.0,1.0,1.0,0.0,1.0,1.0,1.0,1.0,1.0,1.0,1.0,-0.113,-0.4935062,0.0,0.0,1.0,1.0,1.0,0.0,0.0,1.0,1.0,1.0,0.014,1.0,1.0,1.0,1.017,1.0,1.0,0.0,-5.88,1.0,1.0,1.0,1.0,1.0,1.0,1.0,1.0,1.0,1.0,0.0,1.0,-0.121,1.0,1.0,1.324,1.0,0.0,1.0,0.0,1.0,1.0,3.0,0.0,2.181,0.0,1.0,1.0,1.0,1.0,1.0,0.0,1.0,0.0,-0.053,0.0,1.0,1.0,1.0,1.0,1.0,0.0,0.0,0.0,1.444,0.0,1.0,1.0,0.854,1.0,2.0,-0.011,1.0,1.0,1.0,1.0,0.071,0.0,1.0,1.0,1.0,1.0,1.0,1.0,1.0,1.0,1.0,1.0,1.0,1.0,1.0,1.0,0.0,1.0,1.0,0.0,0.4814815,1.0,1.0,1.0,0.0,1.0,0.059,1.0,18.285715,1.0,1.0,1.0,1.0,0.0,1.577,9.827602,1.0,0.084,0.0,5.1315584,1.0,0.0,1.0,0.0,0.0,0.96,1.0,0.0,1.0,0.361,1.0,1.157,0.0,4.893,1.0,1.0,0.0,0.795,0.898,-1.191,1.0,0.0,1.0,1.0,0.382,1.0,0.0,1.0,1.0,0.0,1.0,1.0,1.0,-0.4935062,1.0,0.0,1.0,2.316,0.0,1.0,1.0,1.0,0.0,1.0,1.0,2.0,1.0,1.167,1.0,1.0,0.0,1.0,8.040958607678906,1.0093538704045897
O=C(O)Cc1cc(Cl)cc(OCCC2(C3CCCC3)CCN(c3nc4ccc(Cl)cc4s3)CC2)c1,58.640697,1.0,1.0,1.0,18.656,34.538666,1.0,0.0,1.0,1.0,1.0,0.0,0.0,38.029247,1.0,-2.4562435,1.0,1.0,1.0,1.0,1.0,0.0,1.0,1.0,0.0,0.0,1.0,0.952,0.0,1.0,1.0,1.0,1.0,1.0,1.0,0.0,0.0,1.0,1.0,1.0,1.0,1.0,1.0,1.0,0.0,0.0,1.0,1.637,0.0,1.0,1.0,1.0,1.0,2.259,0.0,0.0,1.0,1.0,1.0,1.0,1.0,1.0,1.0,0.0,0.0,1.0,1.0,1.0,0.0,1.0,0.0,1.0,1.0,1.0,1.0,1.0,0.0,1.238,1.0,1.0,0.0,-2.4396594,1.0,1.0,1.0,0.664,-0.035,1.0,1.0,1.0,0.0,1.0,1.0,1.0,1.0,1.0,1.0,1.0,-0.1,-0.49351305,0.0,0.0,1.0,1.0,1.0,0.0,0.0,1.0,1.0,1.0,-0.106,1.0,1.0,1.0,0.875,1.0,1.0,0.0,-9.345,1.0,1.0,1.0,1.0,1.0,1.0,1.0,1.0,1.0,1.0,0.0,1.0,-0.078,1.0,1.0,1.532,1.0,0.0,1.0,0.0,1.0,1.0,2.0,1.0,2.235,0.0,1.0,1.0,1.0,1.0,1.0,0.0,1.0,0.0,-0.024,0.0,1.0,1.0,1.0,1.0,1.0,0.0,0.0,0.0,1.499,1.0,1.0,1.0,1.039,1.0,2.0,0.002,1.0,1.0,1.0,1.0,-0.081,0.0,1.0,1.0,1.0,1.0,1.0,1.0,1.0,1.0,1.0,1.0,1.0,1.0,1.0,1.0,0.0,1.0,1.0,0.0,0.4814815,1.0,1.0,1.0,0.0,1.0,0.119,1.0,18.285715,1.0,1.0,1.0,1.0,0.0,1.785,9.6575575,1.0,0.117,0.0,5.1315584,1.0,0.0,1.0,1.0,0.0,1.033,1.0,0.0,1.0,0.565,1.0,1.382,0.0,4.922,1.0,1.0,0.0,0.245,0.837,-0.974,0.0,0.0,1.0,1.0,0.399,1.0,0.0,1.0,1.0,0.0,1.0,1.0,1.0,-0.49351305,1.0,0.0,1.0,2.518,0.0,1.0,1.0,1.0,0.0,1.0,1.0,1.0,1.0,1.284,1.0,1.0,0.0,1.0,8.148741651280925,1.0093538704045897
O=C(O)Cc1cc(Cl)cc(OCCC2(C3CCCCC3)CCN(c3nc4ccc(Cl)cc4s3)CC2)c1,58.640697,1.0,1.0,1.0,14.281,34.538666,1.0,0.0,1.0,1.0,1.0,0.0,0.0,38.029247,1.0,-2.4789743,1.0,1.0,1.0,1.0,1.0,0.0,1.0,1.0,0.0,0.0,1.0,0.962,0.0,1.0,1.0,1.0,1.0,1.0,1.0,0.0,0.0,1.0,1.0,1.0,1.0,1.0,1.0,1.0,0.0,0.0,1.0,1.657,0.0,1.0,1.0,1.0,1.0,2.301,0.0,0.0,1.0,1.0,1.0,1.0,1.0,1.0,1.0,0.0,0.0,1.0,1.0,1.0,0.0,1.0,0.0,1.0,1.0,1.0,1.0,1.0,0.0,1.162,1.0,1.0,0.0,-2.450319,1.0,1.0,1.0,0.587,-0.035,1.0,1.0,1.0,0.0,1.0,1.0,1.0,1.0,1.0,1.0,1.0,-0.088,-0.49351305,0.0,0.0,1.0,1.0,1.0,0.0,0.0,1.0,1.0,1.0,-0.099,1.0,1.0,1.0,0.884,1.0,1.0,0.0,-4.338,1.0,1.0,1.0,1.0,1.0,1.0,1.0,1.0,1.0,1.0,0.0,1.0,-0.077,1.0,1.0,1.392,1.0,0.0,1.0,0.0,1.0,1.0,2.0,1.0,2.356,0.0,1.0,1.0,1.0,1.0,1.0,0.0,1.0,0.0,-0.021,0.0,1.0,1.0,1.0,1.0,1.0,0.0,0.0,0.0,1.482,1.0,1.0,1.0,0.92,1.0,2.0,0.003,1.0,1.0,1.0,1.0,-0.004,0.0,1.0,1.0,1.0,1.0,1.0,1.0,1.0,1.0,1.0,1.0,1.0,1.0,1.0,1.0,0.0,1.0,1.0,0.0,0.5,1.0,1.0,1.0,0.0,1.0,0.076,1.0,18.444445,1.0,1.0,1.0,1.0,0.0,1.712,9.62083,1.0,0.074,0.0,5.1315584,1.0,0.0,1.0,1.0,0.0,1.049,1.0,0.0,1.0,0.559,1.0,1.411,0.0,4.961,1.0,1.0,0.0,0.595,0.843,-0.454,0.0,0.0,1.0,1.0,0.379,1.0,0.0,1.0,1.0,0.0,1.0,1.0,1.0,-0.49351305,1.0,0.0,1.0,2.648,0.0,1.0,1.0,1.0,0.0,1.0,1.0,1.0,1.0,1.218,1.0,1.0,0.0,1.0,7.958607314841775,1.0093538704045897
CCC(C)C1(CCOc2cc(Cl)cc(CC(=O)O)c2)CCN(c2nc3ccc(Cl)cc3s2)CC1,59.143612,1.0,1.0,1.0,20.676,34.538666,1.0,0.0,1.0,1.0,1.0,0.0,0.0,38.029247,1.0,-2.4537268,1.0,1.0,1.0,1.0,1.0,0.0,1.0,1.0,0.0,0.0,1.0,0.977,0.0,1.0,1.0,1.0,1.0,1.0,1.0,0.0,0.0,1.0,1.0,1.0,1.0,1.0,1.0,1.0,0.0,0.0,1.0,1.714,0.0,1.0,1.0,1.0,1.0,2.275,0.0,0.0,1.0,1.0,1.0,1.0,1.0,1.0,1.0,1.0,0.0,1.0,1.0,1.0,0.0,1.0,0.0,1.0,1.0,1.0,1.0,1.0,0.0,1.276,1.0,1.0,0.0,-2.43749,1.0,1.0,1.0,0.742,-0.037,1.0,1.0,1.0,0.0,1.0,1.0,1.0,1.0,1.0,1.0,1.0,-0.094,-0.49351305,0.0,0.0,1.0,1.0,1.0,0.0,0.0,1.0,1.0,1.0,0.009,1.0,1.0,1.0,0.899,1.0,1.0,0.0,-6.091,0.0,1.0,1.0,1.0,1.0,1.0,1.0,1.0,1.0,1.0,0.0,1.0,-0.09,1.0,1.0,1.491,1.0,0.0,1.0,0.0,1.0,1.0,2.0,1.0,2.346,0.0,1.0,1.0,1.0,1.0,1.0,0.0,1.0,0.0,-0.022,0.0,1.0,1.0,1.0,1.0,1.0,0.0,0.0,0.0,1.572,1.0,1.0,1.0,1.094,1.0,1.0,0.003,1.0,1.0,1.0,1.0,0.195,0.0,1.0,1.0,1.0,1.0,1.0,1.0,1.0,1.0,1.0,1.0,1.0,1.0,1.0,1.0,0.0,1.0,1.0,0.0,0.46153846,1.0,1.0,1.0,0.0,1.0,0.079,1.0,16.529411,1.0,0.0,1.0,1.0,0.0,1.872,9.662755,1.0,0.119,0.0,5.1315584,1.0,0.0,1.0,1.0,0.0,1.137,1.0,0.0,1.0,0.617,1.0,1.318,0.0,4.897,1.0,1.0,0.0,1.361,0.862,-0.529,0.0,0.0,1.0,1.0,0.418,1.0,1.0,1.0,1.0,0.0,1.0,1.0,1.0,-0.49351305,1.0,0.0,1.0,2.395,0.0,1.0,1.0,1.0,0.0,1.0,1.0,1.0,1.0,1.346,1.0,1.0,0.0,1.0,8.346787486224656,1.0093538704045897
CC(C)CC1(CCOc2cc(Cl)cc(CC(=O)O)c2)CCN(c2nc3ccc(Cl)cc3s2)CC1,59.143612,1.0,1.0,1.0,18.817,34.538666,1.0,0.0,1.0,1.0,1.0,0.0,0.0,38.029247,1.0,-2.4271219,1.0,1.0,1.0,1.0,1.0,0.0,1.0,1.0,0.0,0.0,1.0,0.977,0.0,1.0,1.0,1.0,1.0,1.0,1.0,0.0,0.0,1.0,1.0,1.0,1.0,1.0,1.0,1.0,0.0,0.0,1.0,1.698,1.0,1.0,1.0,1.0,1.0,2.227,1.0,0.0,1.0,1.0,1.0,1.0,1.0,1.0,1.0,0.0,0.0,1.0,1.0,1.0,0.0,1.0,0.0,1.0,1.0,1.0,1.0,1.0,0.0,1.08,1.0,1.0,0.0,-2.4122553,1.0,1.0,1.0,0.544,-0.037,1.0,1.0,1.0,0.0,1.0,1.0,1.0,1.0,1.0,1.0,1.0,-0.114,-0.49351326,0.0,1.0,0.0,1.0,1.0,0.0,0.0,1.0,1.0,1.0,-0.09,1.0,1.0,1.0,0.899,1.0,1.0,0.0,-7.961,1.0,1.0,1.0,1.0,1.0,1.0,1.0,1.0,1.0,1.0,0.0,1.0,-0.09,1.0,1.0,1.354,1.0,0.0,1.0,0.0,1.0,1.0,2.0,0.0,2.35,0.0,1.0,1.0,1.0,1.0,1.0,0.0,1.0,0.0,-0.027,0.0,1.0,1.0,1.0,1.0,1.0,0.0,0.0,0.0,1.578,1.0,1.0,1.0,0.955,1.0,1.0,0.001,1.0,1.0,1.0,1.0,0.075,0.0,1.0,1.0,1.0,1.0,1.0,1.0,1.0,1.0,1.0,1.0,1.0,1.0,1.0,1.0,0.0,1.0,1.0,0.0,0.46153846,1.0,1.0,1.0,0.0,1.0,0.111,1.0,15.735294,1.0,1.0,1.0,1.0,0.0,1.864,9.704601,1.0,0.079,0.0,5.1315584,1.0,0.0,1.0,1.0,0.0,0.905,1.0,0.0,1.0,0.564,1.0,1.183,0.0,4.872,1.0,1.0,0.0,0.497,0.862,-0.649,0.0,0.0,1.0,1.0,0.417,1.0,1.0,1.0,1.0,0.0,1.0,1.0,1.0,-0.49351326,1.0,0.0,1.0,2.206,0.0,1.0,1.0,1.0,0.0,1.0,1.0,1.0,1.0,1.331,1.0,1.0,0.0,1.0,8.229147988357855,1.0093538704045897
O=C(O)Cc1cc(Cl)cc(OCCC2(N3CCCCC3)CCN(c3nc4ccc(Cl)cc4s3)CC2)c1,65.8123,1.0,1.0,1.0,19.773,34.538666,1.0,0.0,1.0,1.0,1.0,0.0,0.0,38.029247,1.0,-2.5008588,1.0,1.0,1.0,1.0,1.0,0.0,1.0,1.0,0.0,0.0,1.0,1.023,0.0,1.0,1.0,1.0,1.0,1.0,1.0,0.0,0.0,1.0,1.0,1.0,1.0,1.0,1.0,1.0,0.0,0.0,1.0,1.665,0.0,1.0,1.0,1.0,1.0,2.288,0.0,0.0,1.0,1.0,1.0,1.0,1.0,1.0,1.0,0.0,0.0,1.0,1.0,1.0,0.0,1.0,0.0,1.0,1.0,1.0,1.0,2.0,0.0,1.014,1.0,1.0,0.0,-2.5712018,1.0,1.0,1.0,0.467,-0.058,1.0,1.0,1.0,0.0,1.0,1.0,1.0,1.0,1.0,1.0,1.0,-0.127,-0.493461,0.0,0.0,1.0,1.0,1.0,0.0,0.0,1.0,1.0,1.0,-0.174,1.0,1.0,1.0,1.002,2.0,1.0,0.0,-7.098,1.0,1.0,1.0,1.0,1.0,1.0,1.0,1.0,1.0,1.0,0.0,1.0,-0.118,1.0,1.0,1.341,1.0,0.0,1.0,0.0,1.0,1.0,3.0,0.0,2.409,0.0,1.0,1.0,1.0,1.0,1.0,0.0,1.0,0.0,-0.052,0.0,1.0,1.0,1.0,1.0,1.0,0.0,0.0,0.0,1.46,0.0,1.0,1.0,0.846,1.0,2.0,-0.012,1.0,1.0,1.0,1.0,-0.057,0.0,1.0,1.0,1.0,1.0,1.0,1.0,1.0,1.0,1.0,1.0,1.0,1.0,1.0,1.0,0.0,1.0,1.0,0.0,0.4814815,1.0,1.0,1.0,0.0,1.0,0.057,1.0,18.444445,1.0,1.0,1.0,1.0,0.0,1.702,9.813319,1.0,0.107,0.0,5.1315584,1.0,0.0,1.0,1.0,0.0,0.947,1.0,0.0,1.0,0.547,1.0,1.039,0.0,4.961,1.0,1.0,0.0,0.633,0.851,-0.749,1.0,0.0,1.0,1.0,0.378,1.0,0.0,1.0,1.0,0.0,1.0,1.0,1.0,-0.493461,1.0,0.0,1.0,1.925,0.0,1.0,1.0,1.0,0.0,1.0,1.0,2.0,1.0,1.216,1.0,1.0,0.0,1.0,7.823908740944319,1.0093538704045897
CCCC1(CCOc2cc(CC(=O)O)ccc2Cl)CCN(c2nc3ccc(Cl)cc3s2)CC1,65.56443,1.0,1.0,1.0,10.79,34.538666,1.0,0.0,1.0,1.0,1.0,0.0,0.0,38.029247,1.0,-2.4168785,1.0,1.0,1.0,1.0,1.0,0.0,1.0,1.0,0.0,0.0,1.0,0.985,0.0,1.0,1.0,1.0,1.0,1.0,1.0,0.0,0.0,1.0,1.0,1.0,1.0,1.0,1.0,1.0,0.0,0.0,1.0,1.935,0.0,1.0,1.0,1.0,1.0,1.848,0.0,0.0,1.0,1.0,1.0,1.0,1.0,1.0,1.0,0.0,0.0,0.0,1.0,1.0,0.0,1.0,0.0,1.0,1.0,1.0,1.0,1.0,0.0,1.895,1.0,1.0,0.0,-2.405192,1.0,1.0,1.0,1.33,-0.038,1.0,1.0,1.0,0.0,1.0,1.0,1.0,1.0,1.0,1.0,1.0,-0.024,-0.49199992,0.0,0.0,1.0,1.0,1.0,0.0,0.0,1.0,1.0,1.0,-0.222,1.0,1.0,1.0,0.908,1.0,1.0,0.0,-5.538,0.0,1.0,1.0,1.0,1.0,1.0,1.0,1.0,1.0,1.0,0.0,1.0,-0.092,1.0,1.0,1.475,1.0,0.0,1.0,0.0,1.0,1.0,2.0,0.0,1.889,0.0,1.0,1.0,1.0,1.0,1.0,0.0,1.0,0.0,-0.078,0.0,1.0,1.0,1.0,1.0,1.0,0.0,0.0,0.0,1.653,1.0,1.0,1.0,1.014,1.0,1.0,-0.053,1.0,1.0,1.0,1.0,-0.236,0.0,1.0,1.0,1.0,1.0,0.0,1.0,1.0,1.0,1.0,1.0,1.0,1.0,1.0,1.0,0.0,1.0,1.0,0.0,0.44,1.0,1.0,0.0,0.0,1.0,0.573,1.0,15.666667,1.0,0.0,1.0,1.0,0.0,1.691,9.725157,1.0,0.135,0.0,5.1315584,1.0,1.0,1.0,0.0,0.0,0.983,1.0,0.0,1.0,0.384,1.0,0.868,1.0,5.04,1.0,1.0,0.0,-0.687,0.872,-0.046,0.0,1.0,1.0,1.0,0.446,1.0,1.0,1.0,1.0,0.0,1.0,0.0,1.0,-0.49199992,1.0,0.0,1.0,1.726,0.0,1.0,1.0,1.0,0.0,1.0,1.0,1.0,1.0,1.264,1.0,1.0,0.0,1.0,8.036212172654444,1.0093538704045897
O=C(O)Cc1cc(Cl)cc(OCCC2(N3CCCC3)CCN(c3nc4ccc(Cl)cc4s3)CC2)c1,65.8123,1.0,1.0,1.0,19.796,34.538666,1.0,0.0,1.0,1.0,1.0,0.0,0.0,38.029247,1.0,-2.4737432,1.0,1.0,1.0,1.0,1.0,0.0,1.0,1.0,0.0,0.0,1.0,1.013,0.0,1.0,1.0,1.0,1.0,1.0,1.0,0.0,0.0,1.0,1.0,1.0,1.0,1.0,1.0,1.0,0.0,0.0,1.0,1.711,0.0,1.0,1.0,1.0,1.0,2.375,0.0,0.0,1.0,1.0,1.0,1.0,1.0,1.0,1.0,0.0,0.0,1.0,1.0,1.0,0.0,1.0,0.0,1.0,1.0,1.0,1.0,2.0,0.0,1.04,1.0,1.0,0.0,-2.5490413,1.0,1.0,1.0,0.511,-0.059,1.0,1.0,1.0,0.0,1.0,1.0,1.0,1.0,1.0,1.0,1.0,-0.128,-0.493461,0.0,0.0,1.0,1.0,1.0,0.0,0.0,1.0,1.0,1.0,-0.101,1.0,1.0,1.0,0.994,1.0,1.0,0.0,-7.727,1.0,1.0,1.0,1.0,1.0,1.0,1.0,1.0,1.0,1.0,0.0,1.0,-0.121,1.0,1.0,1.422,1.0,0.0,1.0,0.0,1.0,1.0,3.0,0.0,2.388,0.0,1.0,1.0,1.0,1.0,1.0,0.0,1.0,0.0,-0.045,0.0,1.0,1.0,1.0,1.0,1.0,0.0,0.0,0.0,1.527,0.0,1.0,1.0,0.972,1.0,2.0,-0.007,1.0,1.0,1.0,1.0,-0.11,0.0,1.0,1.0,1.0,1.0,1.0,1.0,1.0,1.0,1.0,1.0,1.0,1.0,1.0,1.0,0.0,1.0,1.0,0.0,0.46153846,1.0,1.0,1.0,0.0,1.0,0.06,1.0,18.285715,1.0,1.0,1.0,1.0,0.0,1.794,9.827629,1.0,0.142,0.0,5.1315584,1.0,0.0,1.0,1.0,0.0,0.903,1.0,0.0,1.0,0.55,1.0,1.09,0.0,4.922,1.0,1.0,0.0,0.769,0.845,-1.871,1.0,0.0,1.0,1.0,0.398,1.0,0.0,1.0,1.0,0.0,1.0,1.0,1.0,-0.493461,1.0,0.0,1.0,2.014,0.0,1.0,1.0,1.0,0.0,1.0,1.0,2.0,1.0,1.282,1.0,1.0,0.0,1.0,8.0,1.0093538704045897
O=C(O)Cc1cc(Cl)cc(OCCC2(N3CCCCCC3)CCN(c3nc4ccc(Cl)cc4s3)CC2)c1,65.8123,1.0,1.0,1.0,20.149,34.538666,1.0,0.0,1.0,1.0,1.0,0.0,0.0,38.029247,1.0,-2.487,1.0,1.0,1.0,1.0,1.0,0.0,1.0,1.0,0.0,0.0,1.0,1.033,0.0,1.0,1.0,1.0,1.0,1.0,1.0,0.0,0.0,1.0,1.0,1.0,1.0,1.0,1.0,1.0,0.0,0.0,1.0,1.577,0.0,1.0,1.0,1.0,1.0,2.091,0.0,0.0,1.0,1.0,1.0,1.0,1.0,1.0,1.0,0.0,0.0,1.0,1.0,1.0,0.0,1.0,0.0,1.0,1.0,1.0,1.0,2.0,0.0,1.095,1.0,1.0,0.0,-2.561341,1.0,1.0,1.0,0.483,-0.058,1.0,1.0,1.0,0.0,1.0,1.0,1.0,1.0,1.0,1.0,1.0,-0.12,-0.493461,0.0,0.0,1.0,1.0,1.0,0.0,0.0,1.0,1.0,1.0,-0.216,1.0,1.0,1.0,1.011,1.0,1.0,0.0,-3.852,1.0,1.0,1.0,1.0,1.0,1.0,1.0,1.0,1.0,1.0,0.0,1.0,-0.115,1.0,1.0,1.282,1.0,0.0,1.0,0.0,1.0,1.0,3.0,0.0,2.337,0.0,1.0,1.0,1.0,1.0,1.0,0.0,1.0,0.0,-0.056,0.0,1.0,1.0,1.0,1.0,1.0,0.0,0.0,0.0,1.397,0.0,1.0,1.0,0.675,1.0,2.0,-0.015,1.0,1.0,1.0,1.0,-0.183,0.0,1.0,1.0,1.0,1.0,1.0,1.0,1.0,1.0,1.0,1.0,1.0,1.0,1.0,1.0,0.0,1.0,1.0,0.0,0.5,1.0,1.0,1.0,0.0,1.0,0.078,1.0,18.594595,1.0,1.0,1.0,1.0,0.0,1.616,9.822153,1.0,0.104,0.0,5.1315584,1.0,0.0,1.0,1.0,0.0,1.088,1.0,0.0,1.0,0.543,1.0,1.257,0.0,4.999,1.0,1.0,0.0,-0.071,0.857,0.38,1.0,0.0,1.0,1.0,0.36,1.0,0.0,1.0,1.0,0.0,1.0,1.0,1.0,-0.493461,1.0,0.0,1.0,2.295,0.0,1.0,1.0,1.0,0.0,1.0,1.0,2.0,1.0,1.155,1.0,1.0,0.0,1.0,7.657577319177793,1.0093538704045897
O=C(O)Cc1ccc(Cl)c(OCCC2(C3CCCCC3)CCN(c3nc4ccc(Cl)cc4s3)CC2)c1,58.640697,1.0,1.0,1.0,14.421,34.538666,1.0,0.0,1.0,1.0,1.0,0.0,0.0,38.029247,1.0,-2.479031,1.0,1.0,1.0,1.0,1.0,0.0,1.0,1.0,0.0,0.0,1.0,0.962,0.0,1.0,1.0,1.0,1.0,1.0,1.0,0.0,0.0,1.0,1.0,1.0,1.0,1.0,1.0,1.0,0.0,0.0,1.0,2.131,0.0,1.0,1.0,1.0,1.0,2.267,0.0,0.0,1.0,1.0,1.0,1.0,1.0,1.0,1.0,0.0,0.0,0.0,1.0,1.0,0.0,1.0,0.0,1.0,1.0,1.0,1.0,1.0,0.0,1.99,1.0,1.0,0.0,-2.4503589,1.0,1.0,1.0,1.583,-0.035,1.0,1.0,1.0,0.0,1.0,1.0,1.0,1.0,1.0,1.0,1.0,-0.0,-0.49199975,0.0,0.0,1.0,1.0,1.0,0.0,0.0,1.0,1.0,1.0,-0.154,1.0,1.0,1.0,0.884,1.0,1.0,0.0,-7.581,1.0,1.0,1.0,1.0,1.0,1.0,1.0,1.0,1.0,1.0,0.0,1.0,-0.077,1.0,1.0,1.344,1.0,0.0,1.0,0.0,1.0,1.0,2.0,1.0,2.409,0.0,1.0,1.0,1.0,1.0,1.0,0.0,1.0,0.0,-0.069,0.0,1.0,1.0,1.0,1.0,1.0,0.0,0.0,0.0,1.545,1.0,1.0,1.0,0.813,1.0,2.0,-0.05,1.0,1.0,1.0,1.0,-0.148,0.0,1.0,1.0,1.0,1.0,0.0,1.0,1.0,1.0,1.0,1.0,1.0,1.0,1.0,1.0,0.0,1.0,1.0,0.0,0.5,1.0,1.0,0.0,0.0,1.0,0.751,1.0,18.444445,1.0,1.0,1.0,1.0,0.0,1.53,9.620829,1.0,0.085,0.0,5.1315584,1.0,1.0,1.0,0.0,0.0,0.916,1.0,0.0,1.0,0.337,1.0,0.986,1.0,5.231,1.0,1.0,0.0,0.63,0.843,-0.985,0.0,1.0,1.0,1.0,0.391,1.0,0.0,1.0,1.0,0.0,1.0,0.0,1.0,-0.49199975,1.0,0.0,1.0,1.928,0.0,1.0,1.0,1.0,0.0,1.0,1.0,1.0,1.0,1.106,1.0,1.0,0.0,1.0,7.698970004336019,1.0093538704045897
CCC1(CCOc2cc(CC(=O)O)ccc2Cl)CCN(c2nc3ccc(Cl)cc3s2)CC1,59.143612,1.0,1.0,1.0,14.835,34.538666,1.0,0.0,1.0,1.0,1.0,0.0,0.0,38.029247,1.0,-2.4109087,1.0,1.0,1.0,1.0,1.0,0.0,1.0,1.0,0.0,0.0,1.0,0.974,0.0,1.0,1.0,1.0,1.0,1.0,1.0,0.0,0.0,1.0,1.0,1.0,1.0,1.0,1.0,1.0,0.0,0.0,1.0,2.111,0.0,1.0,1.0,1.0,1.0,1.974,0.0,0.0,1.0,1.0,1.0,1.0,1.0,1.0,1.0,1.0,0.0,0.0,1.0,1.0,0.0,1.0,0.0,1.0,1.0,1.0,1.0,1.0,0.0,2.248,1.0,1.0,0.0,-2.4022417,1.0,1.0,1.0,2.034,-0.038,1.0,1.0,1.0,0.0,1.0,1.0,1.0,1.0,1.0,1.0,1.0,-0.026,-0.49199992,0.0,0.0,0.0,1.0,1.0,0.0,0.0,1.0,1.0,1.0,-0.148,1.0,1.0,1.0,0.9,1.0,1.0,0.0,-8.36,0.0,1.0,1.0,1.0,1.0,1.0,1.0,1.0,1.0,1.0,0.0,1.0,-0.095,1.0,1.0,1.453,1.0,0.0,1.0,0.0,1.0,1.0,2.0,0.0,1.978,0.0,1.0,1.0,1.0,1.0,1.0,0.0,1.0,0.0,-0.078,0.0,1.0,1.0,1.0,1.0,1.0,0.0,0.0,0.0,1.751,1.0,1.0,1.0,1.495,1.0,1.0,-0.052,1.0,1.0,1.0,1.0,-0.107,0.0,1.0,1.0,1.0,1.0,0.0,1.0,1.0,1.0,1.0,1.0,1.0,1.0,1.0,1.0,0.0,1.0,1.0,0.0,0.41666666,1.0,1.0,0.0,0.0,1.0,0.786,1.0,15.78125,1.0,0.0,1.0,1.0,0.0,1.783,9.737086,1.0,0.176,0.0,5.1315584,1.0,1.0,1.0,0.0,0.0,1.012,1.0,0.0,1.0,0.442,1.0,0.775,1.0,5.019,1.0,1.0,0.0,0.849,0.866,-0.642,0.0,1.0,1.0,1.0,0.471,1.0,0.0,1.0,1.0,0.0,1.0,0.0,1.0,-0.49199992,1.0,0.0,1.0,1.633,0.0,1.0,1.0,1.0,0.0,1.0,1.0,1.0,1.0,1.341,1.0,1.0,0.0,1.0,7.886056647693163,1.0093538704045897
O=C(O)Cc1cc(Cl)cc(OCCC2(N3CCCC3)CCN(c3nc4ccc(C(F)(F)F)nc4s3)CC2)c1,64.3495,1.0,1.0,1.0,29.115,22.937725,1.0,0.0,1.0,1.0,1.0,0.0,1.0,21.44433,1.0,-2.4736297,1.0,1.0,1.0,1.0,1.0,1.0,1.0,1.0,13.171246,0.0,1.0,0.866,0.0,1.0,1.0,0.0,1.0,1.0,1.0,0.0,0.0,1.0,1.0,1.0,1.0,1.0,1.0,1.0,0.0,0.0,1.0,1.762,0.0,1.0,1.0,0.0,1.0,2.295,0.0,0.0,1.0,1.0,1.0,0.0,1.0,1.0,1.0,0.0,1.0,1.0,1.0,0.0,1.0,1.0,1.0,1.0,1.0,1.0,1.0,2.0,0.0,1.68,1.0,1.0,0.0,-2.5490434,1.0,1.0,1.0,0.898,0.086,1.0,0.0,1.0,0.0,1.0,1.0,1.0,1.0,1.0,1.0,1.0,0.019,-0.493461,0.0,0.0,1.0,1.0,1.0,0.0,0.0,1.0,1.0,1.0,-0.262,1.0,1.0,1.0,0.868,1.0,1.0,0.0,-20.458,1.0,1.0,1.0,1.0,1.0,1.0,1.0,1.0,1.0,1.0,0.0,1.0,-0.097,1.0,1.0,1.939,1.0,0.0,1.0,0.0,1.0,1.0,4.0,0.0,2.312,1.0,1.0,1.0,1.0,1.0,1.0,0.0,1.0,0.0,0.134,0.0,1.0,1.0,1.0,1.0,1.0,0.0,1.0,0.0,1.761,0.0,1.0,1.0,1.284,1.0,2.0,0.128,1.0,1.0,1.0,1.0,-0.252,0.0,1.0,1.0,1.0,1.0,1.0,1.0,0.0,1.0,1.0,1.0,1.0,1.0,1.0,1.0,0.0,1.0,1.0,1.0,0.5,1.0,1.0,1.0,0.0,1.0,0.204,1.0,18.263159,1.0,1.0,1.0,1.0,1.0,2.263,9.82763,1.0,0.125,0.0,5.1315584,1.0,0.0,1.0,1.0,0.0,0.842,1.0,0.0,1.0,0.216,1.0,0.909,0.0,5.184,1.0,1.0,0.0,0.447,0.843,-1.145,1.0,1.0,1.0,1.0,0.375,1.0,0.0,1.0,1.0,1.0,1.0,1.0,0.0,-0.493461,1.0,0.0,1.0,1.751,0.0,0.0,1.0,1.0,0.0,1.0,1.0,2.0,1.0,1.692,1.0,1.0,0.0,1.0,8.443697499232712,1.0093538704045897
CC1CCCN1C1(CCOc2cc(Cl)cc(CC(=O)O)c2)CCN(c2nc3ccc(Cl)cc3s2)CC1,59.267548,1.0,1.0,1.0,20.687,34.538666,1.0,0.0,1.0,1.0,1.0,0.0,0.0,38.029247,1.0,-2.4909897,1.0,1.0,1.0,1.0,1.0,0.0,1.0,1.0,0.0,0.0,1.0,1.03,0.0,1.0,1.0,1.0,1.0,1.0,1.0,0.0,0.0,1.0,1.0,1.0,1.0,1.0,1.0,1.0,0.0,0.0,1.0,1.783,1.0,1.0,1.0,1.0,1.0,2.458,1.0,0.0,1.0,1.0,1.0,1.0,1.0,1.0,1.0,0.0,0.0,1.0,1.0,1.0,0.0,1.0,0.0,1.0,1.0,1.0,1.0,2.0,0.0,1.214,1.0,1.0,0.0,-2.5680034,1.0,1.0,1.0,0.586,-0.063,1.0,1.0,1.0,0.0,1.0,1.0,1.0,1.0,1.0,1.0,1.0,-0.113,-0.493461,0.0,0.0,1.0,1.0,1.0,0.0,0.0,1.0,1.0,1.0,0.035,1.0,1.0,1.0,1.026,1.0,1.0,0.0,-6.134,1.0,1.0,1.0,1.0,1.0,1.0,1.0,1.0,1.0,1.0,0.0,1.0,-0.118,1.0,1.0,1.622,1.0,0.0,1.0,0.0,1.0,1.0,3.0,0.0,2.558,0.0,1.0,1.0,1.0,1.0,1.0,0.0,1.0,0.0,-0.04,0.0,1.0,1.0,1.0,1.0,1.0,0.0,0.0,0.0,1.526,0.0,1.0,1.0,1.049,1.0,2.0,-0.006,1.0,1.0,1.0,1.0,0.007,0.0,1.0,1.0,1.0,1.0,1.0,1.0,1.0,1.0,1.0,1.0,1.0,1.0,1.0,1.0,1.0,1.0,1.0,0.0,0.4814815,1.0,1.0,1.0,0.0,1.0,0.096,1.0,20.194445,1.0,1.0,1.0,1.0,0.0,1.775,9.820472,1.0,0.132,0.0,5.1315584,1.0,0.0,1.0,1.0,0.0,1.003,1.0,0.0,1.0,0.502,1.0,1.275,0.0,5.033,1.0,1.0,0.0,0.907,0.837,-0.753,1.0,0.0,1.0,1.0,0.388,1.0,1.0,1.0,1.0,0.0,1.0,1.0,1.0,-0.493461,1.0,0.0,1.0,2.262,0.0,1.0,1.0,1.0,0.0,1.0,1.0,2.0,1.0,1.235,1.0,1.0,0.0,1.0,8.013228265733755,1.0093538704045897
CCCCC1(CCOc2cc(CC(=O)O)ccc2Cl)CCN(c2nc3ccc(Cl)cc3s2)CC1,52.72279,1.0,1.0,1.0,19.032,34.538666,1.0,0.0,1.0,1.0,1.0,0.0,0.0,38.029247,1.0,-2.4186473,1.0,1.0,1.0,1.0,1.0,0.0,1.0,1.0,0.0,0.0,1.0,0.995,0.0,1.0,1.0,1.0,1.0,1.0,1.0,0.0,0.0,1.0,1.0,1.0,1.0,1.0,1.0,1.0,0.0,0.0,1.0,1.905,0.0,1.0,1.0,1.0,1.0,1.822,0.0,0.0,1.0,1.0,1.0,1.0,1.0,1.0,1.0,0.0,0.0,0.0,1.0,1.0,0.0,1.0,0.0,1.0,1.0,1.0,1.0,1.0,0.0,1.842,1.0,1.0,0.0,-2.4058812,1.0,1.0,1.0,1.077,-0.038,1.0,1.0,1.0,0.0,1.0,1.0,1.0,1.0,1.0,1.0,1.0,-0.022,-0.49199992,0.0,0.0,1.0,1.0,1.0,0.0,0.0,1.0,1.0,1.0,-0.116,1.0,1.0,1.0,0.917,1.0,1.0,0.0,-6.856,0.0,1.0,1.0,1.0,1.0,1.0,1.0,1.0,1.0,1.0,0.0,1.0,-0.09,1.0,1.0,1.408,1.0,0.0,1.0,0.0,1.0,1.0,2.0,0.0,1.959,0.0,1.0,1.0,1.0,1.0,1.0,0.0,1.0,0.0,-0.079,0.0,1.0,1.0,1.0,1.0,1.0,0.0,0.0,0.0,1.582,1.0,1.0,1.0,0.883,1.0,1.0,-0.054,1.0,1.0,1.0,1.0,-0.073,0.0,1.0,1.0,1.0,1.0,0.0,1.0,1.0,1.0,1.0,1.0,1.0,1.0,1.0,1.0,0.0,1.0,1.0,0.0,0.46153846,1.0,1.0,0.0,0.0,1.0,0.463,1.0,15.558824,1.0,0.0,1.0,1.0,0.0,1.598,9.721324,1.0,0.106,0.0,5.1315584,1.0,1.0,1.0,0.0,0.0,1.113,1.0,0.0,1.0,0.383,1.0,0.937,1.0,5.075,1.0,1.0,0.0,0.705,0.878,-0.798,0.0,1.0,1.0,1.0,0.422,1.0,0.0,1.0,1.0,0.0,1.0,0.0,1.0,-0.49199992,1.0,0.0,1.0,1.626,0.0,1.0,1.0,1.0,0.0,1.0,1.0,1.0,1.0,1.195,1.0,1.0,0.0,1.0,8.075720713938118,1.0093538704045897
O=C(O)Cc1cc(Cl)cc(OCCC2(N3CCOCC3)CCN(c3nc4ccc(C(F)(F)F)cc4s3)CC2)c1,56.639416,1.0,1.0,1.0,28.998,22.937725,1.0,0.0,1.0,1.0,1.0,0.0,1.0,26.181192,1.0,-2.4986124,1.0,1.0,1.0,1.0,1.0,0.0,1.0,1.0,13.171246,0.0,1.0,0.79,0.0,1.0,1.0,0.0,1.0,1.0,1.0,0.0,1.0,1.0,1.0,1.0,1.0,1.0,1.0,1.0,0.0,0.0,1.0,1.92,0.0,1.0,1.0,1.0,1.0,2.404,0.0,0.0,1.0,1.0,1.0,1.0,1.0,1.0,1.0,0.0,1.0,1.0,1.0,0.0,0.0,1.0,1.0,1.0,1.0,1.0,1.0,2.0,0.0,1.452,1.0,1.0,0.0,-2.5864387,1.0,1.0,1.0,0.599,0.146,1.0,1.0,1.0,0.0,1.0,1.0,1.0,1.0,1.0,1.0,1.0,-0.066,-0.493461,0.0,0.0,1.0,1.0,1.0,0.0,0.0,1.0,1.0,1.0,0.009,1.0,1.0,1.0,0.786,1.0,1.0,0.0,-18.632,0.0,1.0,1.0,1.0,1.0,1.0,1.0,1.0,1.0,1.0,0.0,1.0,-0.107,1.0,1.0,1.741,1.0,0.0,1.0,0.0,1.0,1.0,3.0,1.0,2.864,1.0,1.0,1.0,1.0,1.0,1.0,0.0,1.0,0.0,-0.015,0.0,1.0,1.0,1.0,1.0,1.0,0.0,0.0,0.0,1.79,0.0,1.0,1.0,0.974,1.0,2.0,0.014,1.0,1.0,1.0,1.0,0.087,0.0,1.0,1.0,1.0,1.0,1.0,1.0,1.0,1.0,1.0,1.0,1.0,1.0,1.0,1.0,1.0,1.0,1.0,0.0,0.4814815,1.0,1.0,1.0,0.0,1.0,0.156,1.0,18.410257,1.0,0.0,1.0,1.0,1.0,2.21,9.82207,1.0,0.1,0.0,5.1315584,1.0,0.0,1.0,1.0,0.0,0.991,1.0,0.0,1.0,0.166,1.0,1.187,0.0,5.292,1.0,1.0,0.0,3.875,0.875,-3.894,1.0,1.0,1.0,1.0,0.375,1.0,0.0,1.0,1.0,0.0,1.0,1.0,0.0,-0.493461,1.0,0.0,1.0,2.009,0.0,1.0,1.0,1.0,0.0,1.0,1.0,2.0,1.0,1.658,1.0,1.0,0.0,1.0,7.657577319177793,1.0093538704045897
CC(C)OC(=O)C1=CN(C(=O)c2ccc(F)c(F)c2)CC(C)(C)c2c1[nH]c1ccccc21,28.59911,0.0,0.0,0.0,31.715,0.0,0.0,1.0,0.0,0.0,0.0,1.0,1.0,4.736863,0.0,-2.2936802,1.0,0.0,0.0,0.0,0.0,1.0,0.0,0.0,0.0,1.0,0.0,0.766,1.0,0.0,1.0,0.0,1.0,0.0,0.0,1.0,1.0,1.0,0.0,1.0,1.0,1.0,1.0,0.0,1.0,1.0,1.0,6.235,1.0,1.0,0.0,0.0,0.0,5.972,1.0,1.0,0.0,0.0,1.0,0.0,1.0,0.0,0.0,1.0,1.0,0.0,0.0,0.0,1.0,0.0,1.0,0.0,0.0,1.0,0.0,0.0,0.0,5.76,0.0,0.0,1.0,-2.365744,0.0,0.0,0.0,3.745,0.017,0.0,0.0,1.0,1.0,1.0,0.0,1.0,1.0,0.0,0.0,1.0,-0.027,-0.45927954,0.0,1.0,0.0,0.0,1.0,0.0,0.0,1.0,0.0,1.0,-0.184,1.0,1.0,1.0,0.803,0.0,0.0,1.0,-16.398,0.0,1.0,1.0,1.0,1.0,0.0,0.0,1.0,1.0,0.0,1.0,1.0,-0.06,0.0,1.0,4.887,1.0,0.0,0.0,0.0,1.0,1.0,2.0,1.0,6.828,1.0,1.0,0.0,1.0,1.0,1.0,1.0,1.0,1.0,-0.128,1.0,1.0,0.0,1.0,0.0,1.0,1.0,1.0,0.0,4.616,1.0,0.0,1.0,4.147,0.0,0.0,-0.094,0.0,1.0,1.0,0.0,-0.188,0.0,0.0,0.0,1.0,1.0,0.0,1.0,0.0,1.0,1.0,0.0,1.0,1.0,1.0,0.0,0.0,0.0,1.0,1.0,0.28,0.0,1.0,0.0,0.0,0.0,0.549,1.0,15.34375,0.0,0.0,0.0,1.0,1.0,3.832,9.814764,1.0,0.506,0.0,11.634441,0.0,1.0,1.0,1.0,1.0,0.851,1.0,0.0,1.0,0.135,1.0,0.739,0.0,6.115,1.0,1.0,0.0,-2.692,0.716,-4.006,0.0,1.0,1.0,0.0,0.648,1.0,1.0,1.0,1.0,0.0,1.0,0.0,0.0,-0.45927954,1.0,0.0,1.0,1.288,0.0,0.0,0.0,0.0,0.0,1.0,0.0,1.0,0.0,1.936,0.0,1.0,0.0,1.0,7.823908740944319,1.0093538704045897
CC(C)OC(=O)C1=CN(C(=O)c2ccc(F)c(F)c2)CC(C)(C)c2c1[nH]c1ccc(F)cc21,12.132734,0.0,0.0,0.0,34.006,0.0,0.0,0.0,0.0,0.0,0.0,1.0,1.0,4.736863,0.0,-2.2937887,1.0,0.0,0.0,0.0,0.0,1.0,0.0,0.0,0.0,1.0,0.0,0.78,1.0,0.0,1.0,0.0,1.0,0.0,0.0,1.0,1.0,1.0,0.0,1.0,1.0,1.0,1.0,0.0,1.0,1.0,1.0,6.369,1.0,1.0,0.0,0.0,0.0,6.791,1.0,1.0,0.0,0.0,1.0,0.0,1.0,0.0,0.0,1.0,1.0,0.0,0.0,1.0,1.0,0.0,1.0,0.0,0.0,1.0,0.0,0.0,0.0,5.392,0.0,0.0,1.0,-2.3658607,0.0,0.0,0.0,3.158,-0.013,0.0,0.0,1.0,1.0,1.0,0.0,1.0,1.0,0.0,0.0,1.0,-0.052,-0.45927954,0.0,1.0,0.0,0.0,1.0,0.0,0.0,1.0,0.0,1.0,-0.082,1.0,1.0,1.0,0.813,0.0,0.0,1.0,-17.655,0.0,1.0,1.0,1.0,1.0,0.0,0.0,1.0,1.0,0.0,1.0,1.0,-0.054,0.0,1.0,5.391,1.0,0.0,0.0,0.0,1.0,1.0,2.0,1.0,7.474,1.0,1.0,0.0,1.0,1.0,1.0,1.0,1.0,1.0,-0.143,1.0,1.0,0.0,1.0,0.0,1.0,1.0,1.0,0.0,4.889,1.0,0.0,1.0,4.297,1.0,0.0,-0.111,0.0,1.0,1.0,0.0,-0.068,0.0,0.0,0.0,1.0,1.0,0.0,1.0,0.0,1.0,1.0,0.0,1.0,1.0,1.0,0.0,0.0,0.0,1.0,1.0,0.28,0.0,1.0,0.0,0.0,0.0,0.408,1.0,15.272727,0.0,0.0,0.0,1.0,1.0,3.727,9.81438,1.0,0.646,0.0,11.634441,0.0,1.0,1.0,1.0,1.0,0.771,1.0,0.0,1.0,0.023,1.0,0.688,1.0,6.185,1.0,1.0,0.0,-0.188,0.731,-2.323,0.0,1.0,1.0,0.0,0.593,1.0,1.0,1.0,1.0,0.0,1.0,0.0,0.0,-0.45927954,1.0,0.0,1.0,1.311,0.0,0.0,0.0,0.0,0.0,1.0,0.0,1.0,0.0,2.042,0.0,1.0,0.0,1.0,7.346787486224656,1.0093538704045897
CC(C)OC(=O)C1=CN(C(=O)c2cccc(CN3CCOCC3)c2)CC(C)(C)c2c1[nH]c1ccccc21,54.87786,0.0,0.0,0.0,30.672,0.0,0.0,1.0,0.0,0.0,0.0,1.0,1.0,9.473726,0.0,-2.2973123,1.0,0.0,0.0,0.0,0.0,1.0,0.0,0.0,0.0,1.0,0.0,0.802,1.0,0.0,1.0,0.0,1.0,0.0,0.0,1.0,1.0,1.0,0.0,1.0,1.0,1.0,1.0,0.0,1.0,1.0,1.0,4.733,1.0,1.0,0.0,0.0,0.0,4.394,1.0,1.0,0.0,0.0,1.0,0.0,1.0,0.0,0.0,1.0,1.0,0.0,0.0,0.0,1.0,0.0,1.0,0.0,1.0,1.0,0.0,1.0,0.0,5.124,0.0,0.0,0.0,-2.369555,0.0,1.0,0.0,3.21,0.059,0.0,0.0,1.0,1.0,1.0,0.0,1.0,1.0,0.0,0.0,1.0,-0.091,-0.45927954,0.0,1.0,0.0,0.0,1.0,0.0,0.0,1.0,0.0,1.0,0.029,1.0,1.0,1.0,0.853,0.0,0.0,1.0,-15.832,0.0,1.0,1.0,1.0,1.0,1.0,0.0,1.0,1.0,0.0,1.0,1.0,-0.131,0.0,1.0,4.249,1.0,0.0,0.0,0.0,1.0,1.0,3.0,1.0,4.131,1.0,1.0,1.0,1.0,1.0,0.0,1.0,1.0,1.0,-0.124,1.0,1.0,0.0,1.0,0.0,1.0,1.0,1.0,0.0,3.353,1.0,0.0,1.0,3.371,0.0,1.0,-0.11,0.0,1.0,1.0,0.0,0.05,0.0,0.0,0.0,1.0,1.0,0.0,1.0,1.0,1.0,1.0,1.0,0.0,1.0,1.0,0.0,0.0,0.0,0.0,1.0,0.4,0.0,1.0,0.0,0.0,0.0,0.475,1.0,17.864864,0.0,0.0,1.0,0.0,1.0,2.797,9.814704,1.0,0.449,0.0,0.0,1.0,1.0,1.0,0.0,1.0,0.893,1.0,0.0,1.0,0.153,1.0,1.041,1.0,6.127,1.0,1.0,0.0,-0.083,0.744,-1.752,0.0,1.0,1.0,1.0,0.494,1.0,1.0,1.0,0.0,0.0,1.0,0.0,0.0,-0.45927954,1.0,0.0,1.0,1.486,0.0,0.0,1.0,0.0,0.0,1.0,0.0,2.0,1.0,1.286,0.0,1.0,0.0,1.0,5.801617869991706,1.0093538704045897
CC(C)OC(=O)C1=CN(C(=O)c2cccc(CN3CCN(C)CC3)c2)CC(C)(C)c2c1[nH]c1ccccc21,60.447536,0.0,0.0,0.0,34.588,0.0,0.0,1.0,0.0,0.0,0.0,1.0,1.0,4.736863,0.0,-2.32166,1.0,0.0,0.0,0.0,0.0,1.0,0.0,0.0,0.0,1.0,0.0,0.799,1.0,0.0,1.0,0.0,1.0,0.0,0.0,1.0,1.0,1.0,0.0,1.0,1.0,1.0,1.0,0.0,1.0,1.0,1.0,4.698,1.0,1.0,0.0,0.0,0.0,4.399,1.0,1.0,0.0,0.0,1.0,0.0,1.0,0.0,0.0,1.0,1.0,0.0,0.0,0.0,1.0,0.0,1.0,0.0,1.0,1.0,0.0,1.0,0.0,4.933,0.0,0.0,1.0,-2.4344172,0.0,1.0,0.0,3.002,0.083,0.0,0.0,1.0,1.0,1.0,1.0,1.0,1.0,0.0,0.0,1.0,-0.135,-0.45927954,0.0,1.0,0.0,0.0,1.0,0.0,0.0,1.0,0.0,1.0,-0.144,1.0,1.0,1.0,0.849,0.0,0.0,1.0,-11.788,0.0,1.0,1.0,1.0,1.0,0.0,0.0,1.0,1.0,0.0,1.0,1.0,-0.139,0.0,1.0,3.763,1.0,0.0,0.0,0.0,1.0,1.0,3.0,1.0,4.009,1.0,1.0,0.0,1.0,1.0,1.0,1.0,1.0,1.0,-0.134,1.0,1.0,0.0,1.0,0.0,1.0,1.0,1.0,0.0,3.204,1.0,0.0,1.0,2.814,0.0,1.0,-0.139,0.0,1.0,1.0,0.0,-0.145,0.0,0.0,0.0,1.0,1.0,0.0,1.0,1.0,1.0,1.0,1.0,0.0,1.0,1.0,1.0,1.0,0.0,0.0,1.0,0.41935483,0.0,1.0,0.0,0.0,0.0,0.517,1.0,18.263159,0.0,0.0,0.0,0.0,1.0,2.644,9.814704,1.0,0.343,0.0,0.0,1.0,1.0,1.0,0.0,1.0,0.964,1.0,0.0,1.0,0.224,1.0,1.024,1.0,6.126,1.0,1.0,0.0,-1.073,0.737,-1.524,0.0,1.0,1.0,1.0,0.466,1.0,1.0,1.0,0.0,0.0,1.0,0.0,0.0,-0.45927954,1.0,0.0,1.0,1.462,0.0,0.0,1.0,0.0,0.0,1.0,0.0,2.0,0.0,1.215,0.0,1.0,0.0,1.0,6.434152181326482,1.0093538704045897
CC(C)OC(=O)C1=CN(C(=O)c2cccc(CN3CCCCC3)c2)CC(C)(C)c2c1[nH]c1ccccc21,47.358025,0.0,0.0,0.0,32.968,0.0,0.0,1.0,0.0,0.0,0.0,1.0,1.0,4.736863,0.0,-2.297326,1.0,0.0,0.0,0.0,0.0,1.0,0.0,0.0,0.0,1.0,0.0,0.791,1.0,0.0,1.0,0.0,1.0,0.0,0.0,1.0,1.0,1.0,0.0,1.0,1.0,1.0,1.0,0.0,1.0,1.0,1.0,4.837,1.0,1.0,0.0,0.0,0.0,4.52,1.0,1.0,0.0,0.0,1.0,0.0,1.0,0.0,0.0,1.0,1.0,0.0,0.0,0.0,1.0,0.0,1.0,0.0,1.0,1.0,0.0,1.0,0.0,4.43,0.0,0.0,0.0,-2.3664598,0.0,1.0,0.0,2.705,0.113,0.0,0.0,1.0,1.0,1.0,0.0,1.0,1.0,0.0,0.0,1.0,-0.178,-0.45927954,0.0,1.0,0.0,0.0,1.0,0.0,0.0,1.0,0.0,1.0,-0.176,1.0,1.0,1.0,0.847,1.0,0.0,1.0,-13.483,0.0,1.0,1.0,1.0,1.0,0.0,0.0,1.0,1.0,0.0,1.0,1.0,-0.102,0.0,1.0,3.571,1.0,0.0,0.0,0.0,1.0,1.0,3.0,1.0,4.15,1.0,1.0,1.0,1.0,1.0,0.0,1.0,1.0,1.0,-0.23,1.0,1.0,0.0,1.0,0.0,1.0,1.0,1.0,0.0,3.363,1.0,0.0,1.0,2.794,0.0,1.0,-0.212,0.0,1.0,1.0,0.0,-0.171,0.0,0.0,0.0,1.0,1.0,0.0,1.0,1.0,1.0,1.0,1.0,0.0,1.0,1.0,0.0,0.0,0.0,0.0,1.0,0.41935483,0.0,1.0,0.0,0.0,0.0,0.41,1.0,17.864864,0.0,0.0,0.0,0.0,1.0,2.787,9.814703,1.0,0.384,0.0,0.0,1.0,1.0,1.0,0.0,1.0,0.844,1.0,0.0,1.0,0.258,1.0,1.035,1.0,6.096,1.0,1.0,0.0,-1.133,0.726,-1.856,0.0,1.0,1.0,1.0,0.483,1.0,1.0,1.0,0.0,0.0,1.0,0.0,0.0,-0.45927954,1.0,0.0,1.0,1.362,0.0,0.0,1.0,0.0,0.0,1.0,0.0,2.0,0.0,1.268,0.0,1.0,0.0,1.0,6.272458742971444,1.0093538704045897
CC(C)OC(=O)C1=CN(C(=O)c2cccc(CN3CCCC3)c2)CC(C)(C)c2c1[nH]c1ccccc21,47.358025,0.0,0.0,0.0,32.038,0.0,0.0,1.0,0.0,0.0,0.0,1.0,1.0,4.736863,0.0,-2.2950714,1.0,0.0,0.0,0.0,0.0,1.0,0.0,0.0,0.0,1.0,0.0,0.786,1.0,0.0,1.0,0.0,1.0,0.0,0.0,1.0,1.0,1.0,0.0,1.0,1.0,1.0,1.0,0.0,1.0,1.0,1.0,4.776,1.0,1.0,0.0,0.0,0.0,4.423,1.0,1.0,0.0,0.0,1.0,0.0,1.0,0.0,0.0,1.0,1.0,0.0,0.0,0.0,1.0,0.0,1.0,0.0,1.0,1.0,0.0,1.0,0.0,5.112,0.0,0.0,0.0,-2.365901,0.0,1.0,0.0,3.096,0.11,0.0,0.0,1.0,1.0,1.0,0.0,1.0,1.0,0.0,0.0,1.0,-0.18,-0.45927954,0.0,1.0,0.0,0.0,1.0,0.0,0.0,1.0,0.0,1.0,-0.148,1.0,1.0,1.0,0.842,0.0,0.0,1.0,-17.445,0.0,1.0,1.0,1.0,1.0,0.0,0.0,1.0,1.0,0.0,1.0,1.0,-0.104,0.0,1.0,4.235,1.0,0.0,0.0,0.0,1.0,1.0,3.0,1.0,3.96,1.0,1.0,1.0,1.0,1.0,0.0,1.0,1.0,1.0,-0.228,1.0,1.0,0.0,1.0,0.0,1.0,1.0,1.0,0.0,3.489,1.0,0.0,1.0,3.295,0.0,1.0,-0.212,0.0,1.0,1.0,0.0,-0.164,0.0,0.0,0.0,1.0,1.0,0.0,1.0,1.0,1.0,1.0,1.0,0.0,1.0,1.0,0.0,0.0,0.0,0.0,1.0,0.4,0.0,1.0,0.0,0.0,0.0,0.578,1.0,17.694445,0.0,0.0,0.0,0.0,1.0,2.898,9.814706,1.0,0.705,0.0,0.0,1.0,1.0,1.0,0.0,1.0,0.821,1.0,0.0,1.0,0.251,1.0,0.957,1.0,6.083,1.0,1.0,0.0,-1.976,0.722,-1.949,0.0,1.0,1.0,1.0,0.508,1.0,1.0,1.0,0.0,0.0,1.0,0.0,0.0,-0.45927954,1.0,0.0,1.0,1.303,0.0,0.0,1.0,0.0,0.0,1.0,0.0,2.0,0.0,1.335,0.0,1.0,0.0,1.0,6.468521082957745,1.0093538704045897
CC(C)OC(=O)C1=CN(C(=O)c2ccc(CN3CCOCC3)cc2)CC(C)(C)c2c1[nH]c1ccccc21,54.87786,0.0,0.0,0.0,32.386,0.0,0.0,1.0,0.0,0.0,0.0,1.0,1.0,9.473726,0.0,-2.2956254,1.0,0.0,0.0,0.0,0.0,1.0,0.0,0.0,0.0,1.0,0.0,0.802,1.0,0.0,1.0,0.0,1.0,0.0,0.0,1.0,1.0,1.0,0.0,1.0,1.0,1.0,1.0,0.0,1.0,1.0,1.0,5.048,1.0,1.0,0.0,0.0,0.0,4.822,1.0,1.0,0.0,0.0,1.0,0.0,0.0,0.0,0.0,1.0,1.0,0.0,0.0,0.0,1.0,0.0,1.0,0.0,1.0,1.0,0.0,1.0,0.0,5.133,0.0,0.0,0.0,-2.3670876,0.0,1.0,0.0,3.211,0.059,0.0,0.0,1.0,1.0,1.0,0.0,1.0,1.0,0.0,0.0,1.0,-0.091,-0.45927954,0.0,1.0,0.0,0.0,1.0,0.0,0.0,1.0,0.0,1.0,0.066,1.0,1.0,1.0,0.853,0.0,0.0,1.0,-15.908,0.0,1.0,1.0,1.0,1.0,1.0,0.0,1.0,1.0,0.0,1.0,1.0,-0.131,0.0,1.0,3.723,1.0,0.0,0.0,0.0,1.0,1.0,3.0,1.0,3.68,1.0,1.0,1.0,1.0,1.0,1.0,1.0,1.0,1.0,-0.124,1.0,1.0,0.0,1.0,0.0,1.0,1.0,1.0,0.0,3.242,1.0,0.0,1.0,2.803,0.0,1.0,-0.11,0.0,1.0,1.0,0.0,0.071,0.0,0.0,0.0,1.0,1.0,0.0,1.0,1.0,1.0,1.0,0.0,0.0,1.0,1.0,0.0,0.0,1.0,1.0,1.0,0.4,0.0,1.0,0.0,0.0,0.0,0.509,1.0,17.864864,0.0,0.0,1.0,0.0,1.0,2.913,9.8147335,1.0,0.289,0.0,0.0,1.0,1.0,1.0,0.0,1.0,0.884,1.0,0.0,1.0,0.055,1.0,0.989,1.0,6.138,1.0,1.0,0.0,-0.023,0.744,-1.254,0.0,1.0,1.0,1.0,0.494,1.0,1.0,1.0,0.0,0.0,1.0,0.0,0.0,-0.45927954,1.0,0.0,1.0,1.369,0.0,0.0,0.0,0.0,0.0,1.0,0.0,2.0,1.0,1.266,0.0,1.0,0.0,1.0,7.638272163982407,1.0093538704045897
CC(C)OC(=O)C1=CN(C(=O)c2ccc(CN3CCOCC3)cc2)CC(C)(C)c2c1[nH]c1cc(F)ccc21,49.36116,0.0,0.0,0.0,36.096,0.0,0.0,1.0,0.0,0.0,0.0,1.0,1.0,9.473726,0.0,-2.2957065,1.0,0.0,0.0,0.0,0.0,1.0,0.0,0.0,0.0,1.0,0.0,0.8,1.0,0.0,1.0,0.0,1.0,0.0,0.0,1.0,1.0,1.0,0.0,1.0,1.0,1.0,1.0,0.0,1.0,1.0,1.0,5.233,1.0,1.0,0.0,0.0,0.0,5.565,1.0,1.0,0.0,0.0,1.0,0.0,1.0,0.0,0.0,1.0,1.0,0.0,0.0,0.0,1.0,0.0,1.0,0.0,1.0,1.0,0.0,1.0,0.0,5.233,0.0,0.0,0.0,-2.3671255,0.0,1.0,0.0,3.248,0.014,0.0,0.0,1.0,1.0,1.0,0.0,1.0,1.0,0.0,0.0,1.0,-0.096,-0.45927954,0.0,1.0,0.0,0.0,1.0,0.0,0.0,1.0,0.0,1.0,0.144,1.0,1.0,1.0,0.846,0.0,0.0,1.0,-14.343,0.0,1.0,1.0,1.0,1.0,1.0,0.0,1.0,1.0,0.0,1.0,1.0,-0.112,0.0,1.0,4.854,1.0,0.0,1.0,0.0,1.0,1.0,3.0,1.0,3.507,1.0,1.0,1.0,1.0,1.0,1.0,1.0,1.0,1.0,-0.134,1.0,1.0,0.0,1.0,0.0,1.0,1.0,1.0,0.0,3.218,1.0,0.0,1.0,3.883,0.0,1.0,-0.119,0.0,1.0,1.0,0.0,0.157,0.0,0.0,0.0,1.0,1.0,0.0,1.0,1.0,1.0,1.0,0.0,0.0,1.0,1.0,0.0,0.0,1.0,1.0,1.0,0.4,0.0,1.0,0.0,0.0,0.0,0.437,1.0,17.736841,0.0,0.0,1.0,1.0,1.0,3.095,9.814532,1.0,0.871,0.0,0.0,1.0,1.0,1.0,0.0,1.0,0.848,1.0,0.0,1.0,-0.015,1.0,1.028,1.0,6.221,1.0,1.0,0.0,1.333,0.737,-0.592,0.0,1.0,1.0,1.0,0.456,1.0,1.0,1.0,1.0,0.0,1.0,0.0,0.0,-0.45927954,1.0,0.0,1.0,1.57,0.0,0.0,0.0,0.0,0.0,1.0,0.0,2.0,1.0,1.368,0.0,1.0,0.0,1.0,6.349692476868063,1.0093538704045897
CC(C)OC(=O)C1=CN(C(=O)c2ccc(CCN3CCOCC3)cc2)CC(C)(C)c2c1[nH]c1ccccc21,61.42916,0.0,0.0,0.0,34.425,0.0,0.0,1.0,0.0,0.0,0.0,1.0,1.0,9.473726,0.0,-2.2946324,1.0,0.0,0.0,0.0,0.0,1.0,0.0,0.0,0.0,1.0,0.0,0.806,1.0,0.0,1.0,0.0,1.0,0.0,0.0,1.0,1.0,1.0,0.0,1.0,1.0,1.0,1.0,0.0,1.0,1.0,1.0,4.649,1.0,1.0,0.0,0.0,0.0,4.425,1.0,1.0,0.0,0.0,1.0,0.0,0.0,0.0,0.0,1.0,1.0,0.0,0.0,0.0,1.0,0.0,1.0,0.0,0.0,1.0,0.0,1.0,0.0,5.367,0.0,0.0,0.0,-2.3716977,0.0,1.0,0.0,3.25,0.061,0.0,0.0,1.0,1.0,1.0,0.0,1.0,1.0,0.0,0.0,1.0,-0.079,-0.45927954,0.0,1.0,0.0,0.0,1.0,0.0,0.0,1.0,0.0,1.0,-0.071,1.0,0.0,1.0,0.857,0.0,0.0,1.0,-15.709,0.0,1.0,1.0,1.0,1.0,1.0,0.0,1.0,1.0,0.0,1.0,1.0,-0.128,0.0,1.0,4.241,1.0,0.0,0.0,0.0,1.0,1.0,3.0,1.0,3.392,1.0,1.0,1.0,1.0,1.0,1.0,1.0,1.0,1.0,-0.105,1.0,1.0,0.0,1.0,0.0,1.0,1.0,1.0,0.0,3.043,1.0,0.0,1.0,2.968,0.0,1.0,-0.094,0.0,1.0,1.0,0.0,-0.057,0.0,0.0,0.0,1.0,1.0,0.0,1.0,1.0,1.0,1.0,0.0,0.0,1.0,1.0,0.0,0.0,1.0,1.0,1.0,0.41935483,0.0,1.0,0.0,0.0,0.0,0.624,1.0,17.710526,0.0,0.0,1.0,0.0,1.0,2.739,9.814726,1.0,0.513,0.0,0.0,1.0,1.0,1.0,0.0,1.0,0.919,1.0,0.0,1.0,0.084,1.0,1.06,1.0,6.153,1.0,1.0,0.0,-1.247,0.748,-1.886,0.0,1.0,1.0,1.0,0.47,1.0,1.0,1.0,0.0,0.0,1.0,0.0,0.0,-0.45927954,1.0,0.0,1.0,1.512,0.0,0.0,1.0,0.0,0.0,1.0,0.0,2.0,1.0,1.201,0.0,1.0,0.0,1.0,6.220403508742176,1.0093538704045897
CC(C)OC(=O)C1=CN(C(=O)c2ccc(CCN3CCOCC3)cc2)CC(C)(C)c2c1[nH]c1cc(F)ccc21,50.21853,0.0,0.0,0.0,34.015,0.0,0.0,1.0,0.0,0.0,0.0,1.0,1.0,9.473726,0.0,-2.2947187,1.0,0.0,0.0,0.0,0.0,1.0,0.0,0.0,0.0,1.0,0.0,0.804,1.0,0.0,1.0,0.0,1.0,0.0,0.0,1.0,1.0,1.0,0.0,1.0,1.0,1.0,1.0,0.0,1.0,1.0,1.0,5.128,1.0,1.0,0.0,0.0,0.0,5.566,1.0,1.0,0.0,0.0,1.0,0.0,1.0,0.0,0.0,1.0,1.0,0.0,0.0,0.0,1.0,0.0,1.0,0.0,0.0,1.0,0.0,1.0,0.0,5.237,0.0,0.0,0.0,-2.3717065,0.0,1.0,0.0,3.393,0.016,0.0,0.0,1.0,1.0,1.0,0.0,1.0,1.0,0.0,0.0,1.0,-0.086,-0.45927954,0.0,1.0,0.0,0.0,1.0,0.0,0.0,1.0,0.0,1.0,0.05,1.0,1.0,1.0,0.849,0.0,0.0,1.0,-15.654,0.0,1.0,1.0,1.0,1.0,1.0,0.0,1.0,1.0,0.0,1.0,1.0,-0.11,0.0,1.0,5.059,1.0,0.0,1.0,0.0,1.0,1.0,3.0,1.0,3.425,1.0,1.0,1.0,1.0,1.0,1.0,1.0,1.0,1.0,-0.116,1.0,1.0,0.0,1.0,0.0,1.0,1.0,1.0,0.0,3.091,1.0,0.0,1.0,3.883,0.0,1.0,-0.104,0.0,1.0,1.0,0.0,0.059,0.0,0.0,0.0,1.0,1.0,0.0,1.0,1.0,1.0,1.0,0.0,0.0,1.0,1.0,0.0,0.0,1.0,1.0,1.0,0.41935483,0.0,1.0,0.0,0.0,0.0,0.406,1.0,17.589743,0.0,0.0,1.0,1.0,1.0,2.885,9.814525,1.0,0.935,0.0,0.0,1.0,1.0,1.0,0.0,1.0,0.841,1.0,0.0,1.0,0.011,1.0,0.926,1.0,6.235,1.0,1.0,0.0,-0.14,0.741,-2.466,0.0,1.0,1.0,1.0,0.435,1.0,1.0,1.0,1.0,0.0,1.0,0.0,1.0,-0.45927954,1.0,0.0,1.0,1.481,0.0,0.0,1.0,0.0,0.0,1.0,0.0,2.0,1.0,1.299,0.0,1.0,0.0,1.0,6.465973893943865,1.0093538704045897
CC(C)OC(=O)C1=CN(C(=O)c2ccc(OCCCN3CCOCC3)cc2)CC(C)(C)c2c1[nH]c1ccccc21,61.48474,0.0,0.0,0.0,33.234,0.0,0.0,1.0,0.0,0.0,0.0,1.0,1.0,14.210588,0.0,-2.2940404,1.0,0.0,0.0,0.0,0.0,1.0,0.0,0.0,0.0,1.0,0.0,0.887,1.0,0.0,1.0,0.0,1.0,0.0,0.0,1.0,1.0,1.0,0.0,1.0,1.0,1.0,1.0,0.0,1.0,1.0,1.0,4.284,1.0,1.0,0.0,0.0,0.0,4.091,1.0,1.0,0.0,0.0,1.0,0.0,1.0,0.0,0.0,1.0,1.0,0.0,0.0,0.0,1.0,0.0,1.0,0.0,0.0,1.0,0.0,1.0,0.0,4.566,0.0,0.0,0.0,-2.3682528,0.0,1.0,0.0,2.481,0.003,0.0,0.0,1.0,1.0,1.0,0.0,1.0,1.0,0.0,0.0,1.0,-0.114,-0.49354964,0.0,1.0,0.0,0.0,1.0,0.0,0.0,1.0,0.0,1.0,-0.045,1.0,1.0,1.0,0.929,0.0,0.0,1.0,-16.333,0.0,1.0,1.0,1.0,1.0,1.0,0.0,1.0,1.0,0.0,1.0,1.0,-0.151,0.0,1.0,3.653,1.0,0.0,0.0,0.0,1.0,1.0,3.0,1.0,3.534,1.0,1.0,1.0,1.0,1.0,1.0,1.0,1.0,1.0,-0.14,1.0,1.0,0.0,1.0,1.0,1.0,1.0,1.0,0.0,2.716,1.0,0.0,1.0,2.5,0.0,1.0,-0.13,0.0,1.0,1.0,0.0,-0.041,0.0,0.0,0.0,1.0,1.0,0.0,1.0,1.0,1.0,1.0,0.0,0.0,1.0,1.0,0.0,0.0,0.0,1.0,1.0,0.4375,0.0,1.0,0.0,0.0,0.0,0.429,1.0,17.325,0.0,0.0,1.0,0.0,1.0,2.448,9.814771,1.0,0.383,0.0,0.0,0.0,1.0,1.0,0.0,1.0,0.852,1.0,0.0,1.0,0.167,1.0,1.064,1.0,6.18,1.0,1.0,0.0,-0.577,0.841,-2.303,0.0,1.0,1.0,1.0,0.439,1.0,1.0,1.0,0.0,0.0,1.0,0.0,1.0,-0.49354964,1.0,0.0,1.0,1.494,0.0,0.0,1.0,0.0,0.0,1.0,0.0,2.0,1.0,1.156,0.0,1.0,0.0,1.0,6.995678626217357,1.0093538704045897
CC(C)OC(=O)C1=CN(C(=O)c2ccc(OCCN3CCCCC3)cc2)CC(C)(C)c2c1[nH]c1ccccc21,41.85016,0.0,0.0,0.0,32.598,0.0,0.0,1.0,0.0,0.0,0.0,1.0,1.0,9.473726,0.0,-2.2942407,1.0,0.0,0.0,0.0,0.0,1.0,0.0,0.0,0.0,1.0,0.0,0.878,1.0,0.0,1.0,0.0,1.0,0.0,0.0,1.0,1.0,1.0,0.0,1.0,1.0,1.0,1.0,0.0,1.0,1.0,1.0,4.65,1.0,1.0,0.0,0.0,0.0,4.533,1.0,1.0,0.0,0.0,1.0,0.0,1.0,0.0,0.0,1.0,1.0,0.0,0.0,0.0,1.0,0.0,1.0,0.0,0.0,1.0,0.0,1.0,0.0,4.642,0.0,0.0,0.0,-2.3651245,0.0,1.0,0.0,2.724,0.042,0.0,0.0,1.0,1.0,1.0,0.0,1.0,1.0,0.0,0.0,1.0,-0.119,-0.492264,0.0,1.0,0.0,0.0,1.0,0.0,0.0,1.0,0.0,1.0,-0.035,1.0,1.0,1.0,0.922,1.0,0.0,1.0,-16.453,0.0,1.0,1.0,1.0,1.0,1.0,0.0,1.0,1.0,0.0,1.0,1.0,-0.125,0.0,1.0,3.648,1.0,0.0,0.0,0.0,1.0,1.0,3.0,1.0,3.577,1.0,1.0,1.0,1.0,1.0,1.0,1.0,1.0,1.0,-0.141,1.0,1.0,0.0,1.0,0.0,1.0,1.0,1.0,0.0,2.938,1.0,0.0,1.0,2.747,0.0,1.0,-0.132,0.0,1.0,1.0,0.0,-0.031,0.0,0.0,0.0,1.0,1.0,0.0,1.0,1.0,1.0,1.0,0.0,0.0,1.0,1.0,0.0,0.0,0.0,1.0,1.0,0.4375,0.0,1.0,0.0,0.0,0.0,0.434,1.0,17.461538,0.0,0.0,1.0,0.0,1.0,2.595,9.814771,1.0,0.295,0.0,0.0,0.0,1.0,1.0,0.0,1.0,0.863,1.0,0.0,1.0,0.256,1.0,0.991,1.0,6.154,1.0,1.0,0.0,0.367,0.829,-1.768,0.0,1.0,1.0,1.0,0.45,1.0,1.0,1.0,0.0,0.0,1.0,0.0,0.0,-0.492264,1.0,0.0,1.0,1.327,0.0,0.0,1.0,0.0,0.0,1.0,0.0,2.0,1.0,1.197,0.0,1.0,0.0,1.0,5.972242795309446,1.0093538704045897
CC(C)OC(=O)C1=CN(C(=O)c2ccc(OCCN(C)C)cc2)CC(C)(C)c2c1[nH]c1ccccc21,23.011133,0.0,0.0,0.0,34.88,0.0,0.0,1.0,0.0,0.0,0.0,1.0,1.0,9.473726,0.0,-2.2939568,1.0,0.0,0.0,0.0,0.0,1.0,0.0,0.0,0.0,1.0,0.0,0.829,1.0,0.0,1.0,0.0,1.0,0.0,0.0,1.0,1.0,1.0,0.0,1.0,1.0,1.0,1.0,0.0,1.0,1.0,1.0,5.241,1.0,1.0,0.0,0.0,0.0,4.98,1.0,1.0,0.0,0.0,1.0,0.0,1.0,0.0,0.0,1.0,1.0,0.0,0.0,0.0,1.0,0.0,1.0,0.0,0.0,1.0,0.0,0.0,0.0,4.772,0.0,0.0,1.0,-2.3649793,0.0,1.0,0.0,3.068,0.059,0.0,0.0,1.0,1.0,1.0,0.0,1.0,1.0,0.0,0.0,1.0,-0.124,-0.49226445,0.0,1.0,0.0,0.0,1.0,0.0,0.0,1.0,0.0,1.0,0.095,1.0,1.0,1.0,0.851,0.0,0.0,1.0,-15.666,0.0,1.0,1.0,1.0,1.0,1.0,0.0,1.0,1.0,0.0,1.0,1.0,-0.144,0.0,1.0,3.869,1.0,0.0,0.0,0.0,1.0,1.0,2.0,1.0,3.995,1.0,1.0,0.0,1.0,1.0,1.0,1.0,1.0,1.0,-0.144,1.0,1.0,0.0,1.0,0.0,1.0,1.0,1.0,0.0,3.381,1.0,0.0,1.0,3.367,0.0,0.0,-0.137,0.0,1.0,1.0,0.0,0.089,0.0,0.0,0.0,1.0,1.0,0.0,1.0,1.0,1.0,1.0,0.0,0.0,1.0,1.0,1.0,1.0,0.0,1.0,1.0,0.37931034,0.0,1.0,0.0,1.0,0.0,0.386,1.0,15.0,0.0,0.0,1.0,0.0,1.0,3.03,9.814771,1.0,0.405,0.0,0.0,0.0,1.0,1.0,0.0,1.0,0.756,1.0,0.0,1.0,0.254,1.0,0.963,1.0,6.116,1.0,1.0,0.0,0.182,0.805,-2.513,0.0,1.0,1.0,1.0,0.52,1.0,1.0,1.0,0.0,0.0,1.0,0.0,0.0,-0.49226445,1.0,0.0,1.0,1.438,0.0,0.0,0.0,0.0,0.0,1.0,0.0,1.0,1.0,1.38,0.0,1.0,0.0,1.0,6.357535479757878,1.0093538704045897
CC(C)OC(=O)C1=CN(C(=O)c2ccc(OCCN3CCCC3)cc2)CC(C)(C)c2c1[nH]c1ccccc21,41.85016,0.0,0.0,0.0,36.16,0.0,0.0,1.0,0.0,0.0,0.0,1.0,1.0,9.473726,0.0,-2.2939825,1.0,0.0,0.0,0.0,0.0,1.0,0.0,0.0,0.0,1.0,0.0,0.874,1.0,0.0,1.0,0.0,1.0,0.0,0.0,1.0,1.0,1.0,0.0,1.0,1.0,1.0,1.0,0.0,1.0,1.0,1.0,4.59,1.0,1.0,0.0,0.0,0.0,4.298,1.0,1.0,0.0,0.0,1.0,0.0,1.0,0.0,0.0,1.0,1.0,0.0,0.0,0.0,1.0,0.0,1.0,0.0,0.0,1.0,0.0,1.0,0.0,5.122,0.0,0.0,0.0,-2.3649998,0.0,1.0,0.0,3.188,0.039,0.0,0.0,1.0,1.0,1.0,0.0,1.0,1.0,0.0,0.0,1.0,-0.12,-0.492264,0.0,1.0,0.0,0.0,1.0,0.0,0.0,1.0,0.0,1.0,0.138,1.0,1.0,1.0,0.917,0.0,0.0,1.0,-17.494,0.0,1.0,1.0,1.0,1.0,1.0,0.0,1.0,1.0,0.0,1.0,1.0,-0.128,0.0,1.0,4.013,1.0,0.0,0.0,0.0,1.0,1.0,3.0,1.0,3.458,1.0,1.0,1.0,1.0,1.0,1.0,1.0,1.0,1.0,-0.138,1.0,1.0,0.0,1.0,0.0,1.0,1.0,1.0,0.0,3.019,1.0,0.0,1.0,3.307,0.0,1.0,-0.131,0.0,1.0,1.0,0.0,0.133,0.0,0.0,0.0,1.0,1.0,0.0,1.0,1.0,1.0,1.0,0.0,0.0,1.0,1.0,0.0,0.0,0.0,1.0,1.0,0.41935483,0.0,1.0,0.0,0.0,0.0,0.503,1.0,17.289474,0.0,0.0,1.0,0.0,1.0,2.686,9.814771,1.0,0.463,0.0,0.0,0.0,1.0,1.0,0.0,1.0,0.861,1.0,0.0,1.0,0.269,1.0,1.127,1.0,6.151,1.0,1.0,0.0,0.041,0.825,-3.167,0.0,1.0,1.0,1.0,0.472,1.0,1.0,1.0,0.0,0.0,1.0,0.0,0.0,-0.492264,1.0,0.0,1.0,1.644,0.0,0.0,0.0,0.0,0.0,1.0,0.0,2.0,1.0,1.257,0.0,1.0,0.0,1.0,6.156144577376839,1.0093538704045897
CC(C)OC(=O)C1=CN(C(=O)c2ccc(OCCN3CCOCC3)cc2)CC(C)(C)c2c1[nH]c1ccccc21,49.31441,0.0,0.0,0.0,36.004,0.0,0.0,1.0,0.0,0.0,0.0,1.0,1.0,14.210588,0.0,-2.294243,1.0,0.0,0.0,0.0,0.0,1.0,0.0,0.0,0.0,1.0,0.0,0.884,1.0,0.0,1.0,0.0,1.0,0.0,0.0,1.0,1.0,1.0,0.0,1.0,1.0,1.0,1.0,0.0,1.0,1.0,1.0,4.442,1.0,1.0,0.0,0.0,0.0,4.4,1.0,1.0,0.0,0.0,1.0,0.0,1.0,0.0,0.0,1.0,1.0,0.0,0.0,0.0,1.0,0.0,1.0,0.0,0.0,1.0,0.0,1.0,0.0,5.186,0.0,0.0,0.0,-2.382364,0.0,1.0,0.0,2.925,-0.0,0.0,0.0,1.0,1.0,1.0,0.0,1.0,1.0,0.0,0.0,1.0,-0.055,-0.49226397,0.0,1.0,0.0,0.0,1.0,0.0,0.0,1.0,0.0,1.0,-0.091,1.0,1.0,1.0,0.926,0.0,0.0,1.0,-17.899,0.0,1.0,1.0,1.0,1.0,1.0,0.0,1.0,1.0,0.0,1.0,1.0,-0.155,0.0,1.0,4.354,1.0,0.0,0.0,0.0,1.0,1.0,3.0,1.0,3.66,1.0,1.0,1.0,1.0,1.0,1.0,1.0,1.0,1.0,-0.057,1.0,1.0,0.0,1.0,0.0,1.0,1.0,1.0,0.0,2.91,1.0,0.0,1.0,3.035,0.0,1.0,-0.055,0.0,1.0,1.0,0.0,-0.087,0.0,0.0,0.0,1.0,1.0,0.0,1.0,1.0,1.0,1.0,0.0,0.0,1.0,1.0,0.0,0.0,0.0,1.0,1.0,0.41935483,0.0,1.0,1.0,0.0,0.0,0.466,1.0,17.461538,0.0,0.0,1.0,0.0,1.0,2.581,9.814771,1.0,0.456,0.0,0.0,0.0,1.0,1.0,0.0,1.0,0.981,1.0,0.0,1.0,0.307,1.0,1.032,1.0,6.163,1.0,1.0,0.0,-1.529,0.838,-1.186,0.0,1.0,1.0,1.0,0.46,1.0,1.0,1.0,0.0,0.0,1.0,0.0,0.0,-0.49226397,1.0,0.0,1.0,1.526,0.0,0.0,0.0,0.0,0.0,1.0,0.0,2.0,1.0,1.214,0.0,1.0,0.0,1.0,6.603800652904264,1.0093538704045897
CC(C)OC(=O)C1=CN(C(=O)c2ccc(OCCN3CCN(C)CC3)cc2)CC(C)(C)c2c1[nH]c1ccccc21,54.93967,0.0,0.0,0.0,34.23,0.0,0.0,1.0,0.0,0.0,0.0,1.0,1.0,9.473726,0.0,-2.3165262,1.0,0.0,0.0,0.0,0.0,1.0,0.0,0.0,0.0,1.0,0.0,0.883,1.0,0.0,1.0,0.0,1.0,0.0,0.0,1.0,1.0,1.0,0.0,1.0,1.0,1.0,1.0,0.0,1.0,1.0,1.0,4.385,1.0,1.0,0.0,0.0,0.0,4.315,1.0,1.0,0.0,0.0,1.0,0.0,1.0,0.0,0.0,1.0,1.0,0.0,0.0,0.0,1.0,0.0,1.0,0.0,0.0,1.0,0.0,1.0,0.0,4.466,0.0,0.0,0.0,-2.4522238,0.0,1.0,0.0,2.372,0.019,0.0,0.0,1.0,1.0,1.0,1.0,1.0,1.0,0.0,0.0,1.0,-0.084,-0.49226397,0.0,1.0,0.0,0.0,1.0,0.0,0.0,1.0,0.0,1.0,-0.132,1.0,1.0,1.0,0.921,0.0,0.0,1.0,-16.497,0.0,1.0,1.0,1.0,1.0,1.0,0.0,1.0,1.0,0.0,1.0,1.0,-0.161,0.0,1.0,3.557,1.0,0.0,0.0,0.0,1.0,1.0,3.0,1.0,3.475,1.0,1.0,0.0,1.0,1.0,1.0,1.0,1.0,1.0,-0.063,1.0,1.0,0.0,1.0,0.0,1.0,1.0,1.0,0.0,2.764,1.0,0.0,1.0,2.434,0.0,1.0,-0.074,0.0,1.0,1.0,0.0,-0.136,0.0,0.0,0.0,1.0,1.0,0.0,1.0,1.0,1.0,1.0,0.0,0.0,1.0,1.0,1.0,0.0,0.0,1.0,1.0,0.4375,0.0,1.0,0.0,0.0,0.0,0.427,1.0,17.85,0.0,0.0,1.0,0.0,1.0,2.463,9.814771,1.0,0.24,0.0,0.0,0.0,1.0,1.0,0.0,1.0,0.867,1.0,0.0,1.0,0.307,1.0,1.0,1.0,6.165,1.0,1.0,0.0,-0.934,0.836,-1.396,0.0,1.0,1.0,1.0,0.435,1.0,1.0,1.0,0.0,0.0,1.0,0.0,0.0,-0.49226397,1.0,0.0,1.0,1.375,0.0,0.0,0.0,0.0,0.0,1.0,0.0,2.0,1.0,1.15,0.0,1.0,0.0,1.0,6.542118103266008,1.0093538704045897
CC(C)OC(=O)C1=CN(C(=O)c2ccc(OCCCN(C)C)cc2)CC(C)(C)c2c1[nH]c1ccccc21,35.181465,0.0,0.0,0.0,32.393,0.0,0.0,1.0,0.0,0.0,0.0,1.0,1.0,9.473726,0.0,-2.2939324,1.0,0.0,0.0,0.0,0.0,1.0,0.0,0.0,0.0,1.0,0.0,0.833,1.0,0.0,1.0,0.0,1.0,0.0,0.0,1.0,1.0,1.0,0.0,1.0,1.0,1.0,1.0,0.0,1.0,1.0,1.0,4.819,1.0,1.0,0.0,0.0,0.0,4.41,1.0,1.0,0.0,0.0,1.0,0.0,1.0,0.0,0.0,1.0,1.0,0.0,0.0,0.0,1.0,0.0,1.0,0.0,0.0,1.0,0.0,0.0,0.0,5.029,0.0,0.0,1.0,-2.3649411,0.0,1.0,0.0,3.248,0.062,0.0,0.0,1.0,1.0,1.0,0.0,1.0,1.0,0.0,0.0,1.0,-0.194,-0.49354964,0.0,1.0,0.0,0.0,1.0,0.0,0.0,1.0,0.0,1.0,0.016,1.0,1.0,1.0,0.855,0.0,0.0,1.0,-16.693,0.0,1.0,1.0,1.0,1.0,1.0,0.0,1.0,1.0,0.0,1.0,1.0,-0.14,0.0,1.0,3.852,1.0,0.0,0.0,0.0,1.0,1.0,2.0,1.0,3.491,1.0,1.0,1.0,1.0,1.0,1.0,1.0,1.0,1.0,-0.239,1.0,1.0,0.0,1.0,1.0,1.0,1.0,1.0,0.0,3.123,1.0,0.0,1.0,2.9,0.0,0.0,-0.224,0.0,1.0,1.0,0.0,0.014,0.0,0.0,0.0,1.0,1.0,0.0,1.0,1.0,1.0,1.0,0.0,0.0,1.0,1.0,1.0,1.0,0.0,1.0,1.0,0.4,0.0,1.0,0.0,1.0,0.0,0.473,1.0,14.918919,0.0,0.0,0.0,0.0,1.0,2.872,9.814771,1.0,0.44,0.0,0.0,0.0,1.0,1.0,0.0,1.0,0.832,1.0,0.0,1.0,0.262,1.0,1.051,1.0,6.147,1.0,1.0,0.0,-2.111,0.809,-2.24,0.0,1.0,1.0,1.0,0.494,1.0,1.0,1.0,0.0,0.0,1.0,0.0,0.0,-0.49354964,1.0,0.0,1.0,1.536,0.0,0.0,0.0,0.0,0.0,1.0,0.0,1.0,0.0,1.309,0.0,1.0,0.0,1.0,6.567030709125595,1.0093538704045897
CC(C)OC(=O)C1=CN(C(=O)c2ccc(OCCCN3CCCC3)cc2)CC(C)(C)c2c1[nH]c1ccccc21,35.181465,0.0,0.0,0.0,35.097,0.0,0.0,1.0,0.0,0.0,0.0,1.0,1.0,9.473726,0.0,-2.2939436,1.0,0.0,0.0,0.0,0.0,1.0,0.0,0.0,0.0,1.0,0.0,0.878,1.0,0.0,1.0,0.0,1.0,0.0,0.0,1.0,1.0,1.0,0.0,1.0,1.0,1.0,1.0,0.0,1.0,1.0,1.0,4.634,1.0,1.0,0.0,0.0,0.0,4.575,1.0,1.0,0.0,0.0,1.0,0.0,1.0,0.0,0.0,1.0,1.0,0.0,0.0,0.0,1.0,0.0,1.0,0.0,0.0,1.0,0.0,1.0,0.0,4.024,0.0,0.0,0.0,-2.3649457,0.0,1.0,0.0,2.136,0.042,0.0,0.0,1.0,1.0,1.0,0.0,1.0,1.0,0.0,0.0,1.0,-0.191,-0.49354964,0.0,1.0,0.0,0.0,1.0,0.0,0.0,1.0,0.0,1.0,-0.145,1.0,1.0,1.0,0.922,0.0,0.0,1.0,-14.494,0.0,1.0,1.0,1.0,1.0,1.0,0.0,1.0,1.0,0.0,1.0,1.0,-0.125,0.0,1.0,3.25,1.0,0.0,0.0,0.0,1.0,1.0,3.0,1.0,3.546,1.0,1.0,1.0,1.0,1.0,1.0,1.0,1.0,1.0,-0.234,1.0,1.0,0.0,1.0,1.0,1.0,1.0,1.0,0.0,2.886,1.0,0.0,1.0,2.262,0.0,1.0,-0.219,0.0,1.0,1.0,0.0,-0.154,0.0,0.0,0.0,1.0,1.0,0.0,1.0,1.0,1.0,1.0,0.0,0.0,1.0,1.0,0.0,0.0,0.0,1.0,1.0,0.4375,0.0,1.0,0.0,0.0,0.0,0.408,1.0,17.153847,0.0,0.0,0.0,0.0,1.0,2.59,9.814771,1.0,0.26,0.0,0.0,0.0,1.0,1.0,0.0,1.0,0.772,1.0,0.0,1.0,0.236,1.0,0.984,1.0,6.154,1.0,1.0,0.0,-1.068,0.829,-2.861,0.0,1.0,1.0,1.0,0.45,1.0,1.0,1.0,0.0,0.0,1.0,0.0,0.0,-0.49354964,1.0,0.0,1.0,1.277,0.0,0.0,1.0,0.0,0.0,1.0,0.0,2.0,0.0,1.196,0.0,1.0,0.0,1.0,6.441291429466834,1.0093538704045897
CC(C)OC(=O)C1=CN(C(=O)c2ccc(OCCCN3CCCCC3)cc2)CC(C)(C)c2c1[nH]c1ccccc21,35.181465,0.0,0.0,0.0,33.833,0.0,0.0,1.0,0.0,0.0,0.0,1.0,1.0,9.473726,0.0,-2.2940414,1.0,0.0,0.0,0.0,0.0,1.0,0.0,0.0,0.0,1.0,0.0,0.882,1.0,0.0,1.0,0.0,1.0,0.0,0.0,1.0,1.0,1.0,0.0,1.0,1.0,1.0,1.0,0.0,1.0,1.0,1.0,4.395,1.0,1.0,0.0,0.0,0.0,4.305,1.0,1.0,0.0,0.0,1.0,0.0,1.0,0.0,0.0,1.0,1.0,0.0,0.0,0.0,1.0,0.0,1.0,0.0,0.0,1.0,0.0,1.0,0.0,4.406,0.0,0.0,0.0,-2.364962,0.0,1.0,0.0,2.53,0.045,0.0,0.0,1.0,1.0,1.0,0.0,1.0,1.0,0.0,0.0,1.0,-0.188,-0.49354964,0.0,1.0,0.0,0.0,1.0,0.0,0.0,1.0,0.0,1.0,-0.186,1.0,1.0,1.0,0.926,1.0,0.0,1.0,-14.427,0.0,1.0,1.0,1.0,1.0,1.0,0.0,1.0,1.0,0.0,1.0,1.0,-0.122,0.0,1.0,3.38,1.0,0.0,0.0,0.0,1.0,1.0,3.0,1.0,3.395,1.0,1.0,1.0,1.0,1.0,1.0,1.0,1.0,1.0,-0.235,1.0,1.0,0.0,1.0,1.0,1.0,1.0,1.0,0.0,2.733,1.0,0.0,1.0,2.318,0.0,1.0,-0.218,0.0,1.0,1.0,0.0,-0.185,0.0,0.0,0.0,1.0,1.0,0.0,1.0,1.0,1.0,1.0,0.0,0.0,1.0,1.0,0.0,0.0,0.0,1.0,1.0,0.45454547,0.0,1.0,0.0,0.0,0.0,0.503,1.0,17.325,0.0,0.0,0.0,0.0,1.0,2.46,9.814771,1.0,0.277,0.0,0.0,0.0,1.0,1.0,0.0,1.0,0.886,1.0,0.0,1.0,0.244,1.0,1.154,1.0,6.162,1.0,1.0,0.0,-1.989,0.833,-1.513,0.0,1.0,1.0,1.0,0.43,1.0,1.0,1.0,0.0,0.0,1.0,0.0,0.0,-0.49354964,1.0,0.0,1.0,1.565,0.0,0.0,1.0,0.0,0.0,1.0,0.0,2.0,0.0,1.14,0.0,1.0,0.0,1.0,6.372634143407268,1.0093538704045897
CC(C)OC(=O)C1=CN(C(=O)c2ccc(OCCCN3CCN(C)CC3)cc2)CC(C)(C)c2c1[nH]c1ccccc21,61.360493,0.0,0.0,0.0,34.304,0.0,0.0,1.0,0.0,0.0,0.0,1.0,1.0,9.473726,0.0,-2.3174212,1.0,0.0,0.0,0.0,0.0,1.0,0.0,0.0,0.0,1.0,0.0,0.886,1.0,0.0,1.0,0.0,1.0,0.0,0.0,1.0,1.0,1.0,0.0,1.0,1.0,1.0,1.0,0.0,1.0,1.0,1.0,4.032,1.0,1.0,0.0,0.0,0.0,3.863,1.0,1.0,0.0,0.0,1.0,0.0,1.0,0.0,0.0,1.0,1.0,0.0,0.0,0.0,1.0,0.0,1.0,0.0,0.0,1.0,0.0,1.0,0.0,4.523,0.0,0.0,0.0,-2.443905,0.0,1.0,0.0,2.293,0.022,0.0,0.0,1.0,1.0,1.0,1.0,1.0,1.0,0.0,0.0,1.0,-0.151,-0.49354964,0.0,1.0,0.0,0.0,1.0,0.0,0.0,1.0,0.0,1.0,0.055,1.0,1.0,1.0,0.924,0.0,0.0,1.0,-16.748,0.0,1.0,1.0,1.0,1.0,1.0,0.0,1.0,1.0,0.0,1.0,1.0,-0.157,0.0,1.0,3.731,1.0,0.0,0.0,0.0,1.0,1.0,3.0,1.0,3.316,1.0,1.0,1.0,1.0,1.0,1.0,1.0,1.0,1.0,-0.149,1.0,1.0,0.0,1.0,1.0,1.0,1.0,1.0,0.0,2.582,1.0,0.0,1.0,2.397,0.0,1.0,-0.154,0.0,1.0,1.0,0.0,0.053,0.0,0.0,0.0,1.0,1.0,0.0,1.0,1.0,1.0,1.0,0.0,0.0,1.0,1.0,0.0,0.0,1.0,1.0,1.0,0.45454547,0.0,1.0,0.0,0.0,0.0,0.592,1.0,17.707317,0.0,0.0,0.0,0.0,1.0,2.361,9.814771,1.0,0.561,0.0,0.0,0.0,1.0,1.0,0.0,1.0,0.899,1.0,0.0,1.0,0.223,1.0,1.113,1.0,6.171,1.0,1.0,0.0,-0.475,0.84,-2.788,0.0,1.0,1.0,1.0,0.416,1.0,1.0,1.0,0.0,0.0,1.0,0.0,0.0,-0.49354964,1.0,0.0,1.0,1.525,0.0,0.0,1.0,0.0,0.0,1.0,0.0,2.0,0.0,1.097,0.0,1.0,0.0,1.0,6.7121982700697735,1.0093538704045897
CC(C)OC(=O)C1=CN(C(=O)c2cccc(OCCN(C)C)c2)CC(C)(C)c2c1[nH]c1ccccc21,23.011133,0.0,0.0,0.0,35.719,0.0,0.0,1.0,0.0,0.0,0.0,1.0,1.0,9.473726,0.0,-2.2943096,1.0,0.0,0.0,0.0,0.0,1.0,0.0,0.0,0.0,1.0,0.0,0.829,1.0,0.0,1.0,0.0,1.0,0.0,0.0,1.0,1.0,1.0,0.0,1.0,1.0,1.0,1.0,0.0,1.0,1.0,1.0,5.146,1.0,1.0,0.0,0.0,0.0,5.004,1.0,1.0,0.0,0.0,1.0,0.0,0.0,0.0,0.0,1.0,1.0,0.0,0.0,0.0,1.0,0.0,1.0,0.0,0.0,1.0,0.0,0.0,0.0,4.474,0.0,0.0,1.0,-2.365232,0.0,1.0,0.0,2.835,0.059,0.0,0.0,1.0,1.0,1.0,0.0,1.0,1.0,0.0,0.0,1.0,-0.124,-0.49223903,0.0,1.0,0.0,0.0,1.0,0.0,0.0,1.0,0.0,1.0,-0.029,1.0,0.0,1.0,0.851,0.0,0.0,1.0,-14.755,0.0,1.0,1.0,1.0,1.0,1.0,0.0,1.0,1.0,0.0,1.0,1.0,-0.144,0.0,1.0,3.781,1.0,0.0,0.0,0.0,1.0,1.0,2.0,1.0,5.068,1.0,1.0,0.0,1.0,1.0,0.0,1.0,1.0,1.0,-0.144,1.0,1.0,0.0,1.0,0.0,1.0,1.0,1.0,0.0,3.68,1.0,0.0,1.0,2.96,0.0,0.0,-0.137,0.0,1.0,1.0,0.0,-0.041,0.0,0.0,0.0,1.0,1.0,0.0,1.0,1.0,1.0,1.0,0.0,0.0,1.0,1.0,1.0,1.0,0.0,0.0,1.0,0.37931034,0.0,1.0,0.0,1.0,0.0,0.401,1.0,15.0,0.0,0.0,1.0,0.0,1.0,2.997,9.814763,1.0,0.349,0.0,0.0,0.0,1.0,1.0,0.0,1.0,0.741,1.0,0.0,1.0,0.043,1.0,0.932,1.0,6.093,1.0,1.0,1.0,-0.907,0.805,-1.886,0.0,1.0,1.0,1.0,0.52,1.0,1.0,1.0,0.0,0.0,1.0,0.0,0.0,-0.49223903,1.0,0.0,1.0,1.39,0.0,0.0,0.0,0.0,0.0,1.0,0.0,1.0,1.0,1.401,0.0,1.0,0.0,1.0,5.858236769724212,1.0093538704045897
CC(C)OC(=O)C1=CN(C(=O)c2cccc(OCCN3CCCC3)c2)CC(C)(C)c2c1[nH]c1ccccc21,36.100647,0.0,0.0,0.0,36.507,0.0,0.0,1.0,0.0,0.0,0.0,1.0,1.0,9.473726,0.0,-2.2943614,1.0,0.0,0.0,0.0,0.0,1.0,0.0,0.0,0.0,1.0,0.0,0.874,1.0,0.0,1.0,0.0,1.0,0.0,0.0,1.0,1.0,1.0,0.0,1.0,1.0,1.0,1.0,0.0,1.0,1.0,1.0,4.745,1.0,1.0,0.0,0.0,0.0,4.593,1.0,1.0,0.0,0.0,1.0,0.0,0.0,0.0,0.0,1.0,1.0,0.0,0.0,0.0,1.0,0.0,1.0,0.0,0.0,1.0,0.0,1.0,0.0,4.925,0.0,0.0,0.0,-2.365282,0.0,1.0,0.0,3.168,0.039,0.0,0.0,1.0,1.0,1.0,0.0,1.0,1.0,0.0,0.0,1.0,-0.12,-0.49223858,0.0,1.0,0.0,0.0,1.0,0.0,0.0,1.0,0.0,1.0,0.033,1.0,0.0,1.0,0.917,0.0,0.0,1.0,-15.604,0.0,1.0,1.0,1.0,1.0,1.0,0.0,1.0,1.0,0.0,1.0,1.0,-0.128,0.0,1.0,4.237,1.0,0.0,0.0,0.0,1.0,1.0,3.0,1.0,4.624,1.0,1.0,1.0,1.0,1.0,0.0,1.0,1.0,1.0,-0.138,1.0,1.0,0.0,1.0,0.0,1.0,1.0,1.0,0.0,3.35,1.0,0.0,1.0,3.62,0.0,1.0,-0.131,0.0,1.0,1.0,0.0,0.019,0.0,0.0,0.0,1.0,1.0,0.0,1.0,0.0,1.0,1.0,0.0,0.0,1.0,1.0,0.0,1.0,1.0,0.0,1.0,0.41935483,0.0,1.0,0.0,0.0,0.0,0.404,1.0,17.289474,0.0,0.0,1.0,0.0,1.0,2.693,9.814763,1.0,0.389,0.0,0.0,0.0,1.0,1.0,0.0,1.0,0.778,1.0,0.0,1.0,0.055,1.0,1.083,1.0,6.129,1.0,1.0,1.0,-0.041,0.825,-2.545,0.0,1.0,1.0,1.0,0.472,1.0,1.0,1.0,0.0,0.0,1.0,0.0,0.0,-0.49223858,1.0,0.0,1.0,1.602,0.0,0.0,1.0,0.0,0.0,1.0,0.0,2.0,1.0,1.275,0.0,1.0,0.0,1.0,5.880414225038216,1.0093538704045897
CC(C)OC(=O)C1=CN(C(=O)c2cccc(OCCN3CCCCC3)c2)CC(C)(C)c2c1[nH]c1ccccc21,36.100647,0.0,0.0,0.0,35.183,0.0,0.0,1.0,0.0,0.0,0.0,1.0,1.0,9.473726,0.0,-2.294814,1.0,0.0,0.0,0.0,0.0,1.0,0.0,0.0,0.0,1.0,0.0,0.878,1.0,0.0,1.0,0.0,1.0,0.0,0.0,1.0,1.0,1.0,0.0,1.0,1.0,1.0,1.0,0.0,1.0,1.0,1.0,4.539,1.0,1.0,0.0,0.0,0.0,4.502,1.0,1.0,0.0,0.0,1.0,0.0,0.0,0.0,0.0,1.0,1.0,0.0,0.0,0.0,1.0,0.0,1.0,0.0,0.0,1.0,0.0,1.0,0.0,4.814,0.0,0.0,0.0,-2.365555,0.0,1.0,0.0,3.191,0.042,0.0,0.0,1.0,1.0,1.0,0.0,1.0,1.0,0.0,0.0,1.0,-0.119,-0.49223858,0.0,1.0,0.0,0.0,1.0,0.0,0.0,1.0,0.0,1.0,-0.157,1.0,0.0,1.0,0.922,1.0,0.0,1.0,-13.306,0.0,1.0,1.0,1.0,1.0,1.0,0.0,1.0,1.0,0.0,1.0,1.0,-0.125,0.0,1.0,3.808,1.0,0.0,0.0,0.0,1.0,1.0,3.0,1.0,4.492,1.0,1.0,1.0,1.0,1.0,0.0,1.0,1.0,1.0,-0.141,1.0,1.0,0.0,1.0,0.0,1.0,1.0,1.0,0.0,3.186,1.0,0.0,1.0,3.09,0.0,1.0,-0.132,0.0,1.0,1.0,0.0,-0.168,0.0,0.0,0.0,1.0,1.0,0.0,1.0,0.0,1.0,1.0,0.0,0.0,1.0,1.0,0.0,1.0,1.0,0.0,1.0,0.4375,0.0,1.0,0.0,0.0,0.0,0.57,1.0,17.461538,0.0,0.0,1.0,0.0,1.0,2.553,9.814763,1.0,0.363,0.0,0.0,0.0,1.0,1.0,0.0,1.0,0.862,1.0,0.0,1.0,0.041,1.0,1.092,1.0,6.132,1.0,1.0,1.0,-1.386,0.829,-1.31,0.0,1.0,1.0,1.0,0.45,1.0,1.0,1.0,0.0,0.0,1.0,0.0,0.0,-0.49223858,1.0,0.0,1.0,1.578,0.0,0.0,1.0,0.0,0.0,1.0,0.0,2.0,1.0,1.215,0.0,1.0,0.0,1.0,6.048662481204082,1.0093538704045897
CC(C)OC(=O)C1=CN(C(=O)c2cccc(OCCN3CCOCC3)c2)CC(C)(C)c2c1[nH]c1ccccc21,49.31441,0.0,0.0,0.0,34.895,0.0,0.0,1.0,0.0,0.0,0.0,1.0,1.0,14.210588,0.0,-2.2948112,1.0,0.0,0.0,0.0,0.0,1.0,0.0,0.0,0.0,1.0,0.0,0.884,1.0,0.0,1.0,0.0,1.0,0.0,0.0,1.0,1.0,1.0,0.0,1.0,1.0,1.0,1.0,0.0,1.0,1.0,1.0,4.559,1.0,1.0,0.0,0.0,0.0,4.684,1.0,1.0,0.0,0.0,1.0,0.0,0.0,0.0,0.0,1.0,1.0,0.0,0.0,0.0,1.0,0.0,1.0,0.0,0.0,1.0,0.0,1.0,0.0,4.82,0.0,0.0,0.0,-2.3827827,0.0,1.0,0.0,3.095,-0.0,0.0,0.0,1.0,1.0,1.0,0.0,1.0,1.0,0.0,0.0,1.0,-0.055,-0.49223855,0.0,1.0,0.0,0.0,1.0,0.0,0.0,1.0,0.0,1.0,0.093,1.0,0.0,1.0,0.926,0.0,0.0,1.0,-17.224,0.0,1.0,1.0,1.0,1.0,1.0,0.0,1.0,1.0,0.0,1.0,1.0,-0.155,0.0,1.0,4.07,1.0,0.0,0.0,0.0,1.0,1.0,3.0,1.0,4.653,1.0,1.0,1.0,1.0,1.0,0.0,1.0,1.0,1.0,-0.057,1.0,1.0,0.0,1.0,0.0,1.0,1.0,1.0,0.0,3.194,1.0,0.0,1.0,3.266,0.0,1.0,-0.055,0.0,1.0,1.0,0.0,0.098,0.0,0.0,0.0,1.0,1.0,0.0,1.0,0.0,1.0,1.0,0.0,0.0,1.0,1.0,0.0,1.0,1.0,0.0,1.0,0.41935483,0.0,1.0,0.0,0.0,0.0,0.525,1.0,17.461538,0.0,0.0,1.0,0.0,1.0,2.566,9.814763,1.0,0.361,0.0,0.0,0.0,1.0,1.0,0.0,1.0,0.826,1.0,0.0,1.0,0.123,1.0,1.006,1.0,6.141,1.0,1.0,1.0,-0.123,0.838,-1.306,0.0,1.0,1.0,1.0,0.46,1.0,1.0,1.0,0.0,0.0,1.0,0.0,0.0,-0.49223855,1.0,0.0,1.0,1.502,0.0,0.0,1.0,0.0,0.0,1.0,0.0,2.0,1.0,1.231,0.0,1.0,0.0,1.0,6.068033885271827,1.0093538704045897
CC(C)OC(=O)C1=CN(C(=O)c2cccc(OCCN3CCN(C)CC3)c2)CC(C)(C)c2c1[nH]c1ccccc21,49.19016,0.0,0.0,0.0,36.775,0.0,0.0,1.0,0.0,0.0,0.0,1.0,1.0,9.473726,0.0,-2.3168895,1.0,0.0,0.0,0.0,0.0,1.0,0.0,0.0,0.0,1.0,0.0,0.883,1.0,0.0,1.0,0.0,1.0,0.0,0.0,1.0,1.0,1.0,0.0,1.0,1.0,1.0,1.0,0.0,1.0,1.0,1.0,4.326,1.0,1.0,0.0,0.0,0.0,4.327,1.0,1.0,0.0,0.0,1.0,0.0,1.0,0.0,0.0,1.0,1.0,0.0,0.0,0.0,1.0,0.0,1.0,0.0,0.0,1.0,0.0,1.0,0.0,4.567,0.0,0.0,1.0,-2.452275,0.0,1.0,0.0,2.801,0.019,0.0,0.0,1.0,1.0,1.0,1.0,1.0,1.0,0.0,0.0,1.0,-0.084,-0.49223855,0.0,1.0,0.0,0.0,1.0,0.0,0.0,1.0,0.0,1.0,0.162,1.0,0.0,1.0,0.921,0.0,0.0,1.0,-16.814,0.0,1.0,1.0,1.0,1.0,1.0,0.0,1.0,1.0,0.0,1.0,1.0,-0.161,0.0,1.0,4.03,1.0,0.0,0.0,0.0,1.0,1.0,3.0,1.0,4.396,1.0,1.0,0.0,1.0,1.0,1.0,1.0,1.0,1.0,-0.063,1.0,1.0,0.0,1.0,0.0,1.0,1.0,1.0,0.0,3.026,1.0,0.0,1.0,3.368,0.0,1.0,-0.074,0.0,1.0,1.0,0.0,0.155,0.0,0.0,0.0,1.0,1.0,0.0,1.0,1.0,1.0,1.0,0.0,0.0,1.0,1.0,0.0,1.0,1.0,0.0,1.0,0.4375,0.0,1.0,0.0,1.0,0.0,0.389,1.0,17.85,0.0,0.0,1.0,0.0,1.0,2.438,9.814763,1.0,0.399,0.0,0.0,0.0,1.0,1.0,0.0,1.0,0.847,1.0,0.0,1.0,0.095,1.0,1.133,1.0,6.143,1.0,1.0,1.0,0.653,0.836,-2.469,0.0,1.0,1.0,1.0,0.435,1.0,1.0,1.0,0.0,0.0,1.0,0.0,0.0,-0.49223855,1.0,0.0,1.0,1.66,0.0,0.0,1.0,0.0,0.0,1.0,0.0,2.0,1.0,1.167,0.0,1.0,0.0,1.0,5.542118103266008,1.0093538704045897
CC(C)OC(=O)C1=CN(C(=O)c2cccc(OCCCN(C)C)c2)CC(C)(C)c2c1[nH]c1ccccc21,29.431955,0.0,0.0,0.0,30.194,0.0,0.0,1.0,0.0,0.0,0.0,1.0,1.0,9.473726,0.0,-2.294282,1.0,0.0,0.0,0.0,0.0,1.0,0.0,0.0,0.0,1.0,0.0,0.833,1.0,0.0,1.0,0.0,1.0,0.0,0.0,1.0,1.0,1.0,0.0,1.0,1.0,1.0,1.0,0.0,1.0,1.0,1.0,4.682,1.0,1.0,0.0,0.0,0.0,4.461,1.0,1.0,0.0,0.0,1.0,0.0,0.0,0.0,0.0,1.0,1.0,0.0,0.0,0.0,1.0,0.0,1.0,0.0,0.0,1.0,0.0,0.0,0.0,5.036,0.0,0.0,1.0,-2.3651597,0.0,1.0,0.0,2.967,0.062,0.0,0.0,1.0,1.0,1.0,0.0,1.0,1.0,0.0,0.0,1.0,-0.194,-0.49352422,0.0,1.0,0.0,0.0,1.0,0.0,0.0,1.0,0.0,1.0,-0.042,1.0,1.0,1.0,0.855,0.0,0.0,1.0,-17.237,0.0,1.0,1.0,1.0,1.0,1.0,0.0,1.0,1.0,0.0,1.0,1.0,-0.14,0.0,1.0,4.389,1.0,0.0,0.0,0.0,1.0,1.0,2.0,1.0,4.443,1.0,1.0,1.0,1.0,1.0,0.0,1.0,1.0,1.0,-0.239,1.0,1.0,0.0,1.0,1.0,1.0,1.0,1.0,0.0,3.404,1.0,0.0,1.0,3.287,0.0,0.0,-0.224,0.0,1.0,1.0,0.0,-0.054,0.0,0.0,0.0,1.0,1.0,0.0,1.0,0.0,1.0,1.0,0.0,0.0,1.0,1.0,1.0,1.0,0.0,0.0,1.0,0.4,0.0,1.0,0.0,1.0,0.0,0.525,1.0,14.918919,0.0,0.0,0.0,0.0,1.0,2.797,9.814763,1.0,0.638,0.0,0.0,0.0,1.0,1.0,0.0,1.0,0.811,1.0,0.0,1.0,0.047,1.0,0.968,1.0,6.116,1.0,1.0,1.0,-1.409,0.809,-2.05,0.0,1.0,1.0,1.0,0.494,1.0,1.0,1.0,0.0,0.0,1.0,0.0,0.0,-0.49352422,1.0,0.0,1.0,1.402,0.0,0.0,0.0,0.0,0.0,1.0,0.0,1.0,0.0,1.329,0.0,1.0,0.0,1.0,6.209714835966759,1.0093538704045897
CC(C)OC(=O)C1=CN(C(=O)c2cccc(OCCCN3CCCC3)c2)CC(C)(C)c2c1[nH]c1ccccc21,29.431955,0.0,0.0,0.0,34.244,0.0,0.0,1.0,0.0,0.0,0.0,1.0,1.0,9.473726,0.0,-2.2942996,1.0,0.0,0.0,0.0,0.0,1.0,0.0,0.0,0.0,1.0,0.0,0.878,1.0,0.0,1.0,0.0,1.0,0.0,0.0,1.0,1.0,1.0,0.0,1.0,1.0,1.0,1.0,0.0,1.0,1.0,1.0,4.431,1.0,1.0,0.0,0.0,0.0,4.373,1.0,1.0,0.0,0.0,1.0,0.0,0.0,0.0,0.0,1.0,1.0,0.0,0.0,0.0,1.0,0.0,1.0,0.0,0.0,1.0,0.0,1.0,0.0,4.341,0.0,0.0,0.0,-2.3651688,0.0,1.0,0.0,2.352,0.042,0.0,0.0,1.0,1.0,1.0,0.0,1.0,1.0,0.0,0.0,1.0,-0.191,-0.49352422,0.0,1.0,0.0,0.0,1.0,0.0,0.0,1.0,0.0,1.0,0.073,1.0,1.0,1.0,0.922,0.0,0.0,1.0,-15.836,0.0,1.0,1.0,1.0,1.0,1.0,0.0,1.0,1.0,0.0,1.0,1.0,-0.125,0.0,1.0,3.556,1.0,0.0,0.0,0.0,1.0,1.0,3.0,1.0,4.449,1.0,1.0,1.0,1.0,1.0,1.0,1.0,1.0,1.0,-0.234,1.0,1.0,0.0,1.0,1.0,1.0,1.0,1.0,0.0,3.111,1.0,0.0,1.0,2.325,0.0,1.0,-0.219,0.0,1.0,1.0,0.0,0.065,0.0,0.0,0.0,1.0,1.0,0.0,1.0,0.0,1.0,1.0,0.0,0.0,1.0,1.0,0.0,1.0,0.0,0.0,1.0,0.4375,0.0,1.0,0.0,0.0,0.0,0.461,1.0,17.153847,0.0,0.0,0.0,0.0,1.0,2.546,9.814763,1.0,0.269,0.0,0.0,0.0,1.0,1.0,0.0,1.0,0.82,1.0,0.0,1.0,0.019,1.0,0.919,1.0,6.124,1.0,1.0,1.0,0.165,0.829,-1.148,0.0,1.0,1.0,1.0,0.45,1.0,1.0,1.0,0.0,0.0,1.0,0.0,0.0,-0.49352422,1.0,0.0,1.0,1.262,0.0,0.0,0.0,0.0,0.0,1.0,0.0,2.0,0.0,1.213,0.0,1.0,0.0,1.0,5.795066477645856,1.0093538704045897
CC(C)OC(=O)C1=CN(C(=O)c2cccc(OCCCN3CCCCC3)c2)CC(C)(C)c2c1[nH]c1ccccc21,29.431955,0.0,0.0,0.0,34.154,0.0,0.0,1.0,0.0,0.0,0.0,1.0,1.0,9.473726,0.0,-2.2944856,1.0,0.0,0.0,0.0,0.0,1.0,0.0,0.0,0.0,1.0,0.0,0.882,1.0,0.0,1.0,0.0,1.0,0.0,0.0,1.0,1.0,1.0,0.0,1.0,1.0,1.0,1.0,0.0,1.0,1.0,1.0,4.303,1.0,1.0,0.0,0.0,0.0,4.273,1.0,1.0,0.0,0.0,1.0,0.0,0.0,0.0,0.0,1.0,1.0,0.0,0.0,0.0,1.0,0.0,1.0,0.0,0.0,1.0,0.0,1.0,0.0,4.802,0.0,0.0,0.0,-2.3652134,0.0,1.0,0.0,3.051,0.045,0.0,0.0,1.0,1.0,1.0,0.0,1.0,1.0,0.0,0.0,1.0,-0.188,-0.49352422,0.0,1.0,0.0,0.0,1.0,0.0,0.0,1.0,0.0,1.0,-0.25,1.0,1.0,1.0,0.926,1.0,0.0,1.0,-13.275,0.0,1.0,1.0,1.0,1.0,1.0,0.0,1.0,1.0,0.0,1.0,1.0,-0.122,0.0,1.0,3.813,1.0,0.0,0.0,0.0,1.0,1.0,3.0,1.0,4.357,1.0,1.0,1.0,1.0,1.0,1.0,1.0,1.0,1.0,-0.235,1.0,1.0,0.0,1.0,1.0,1.0,1.0,1.0,0.0,2.989,1.0,0.0,1.0,2.948,0.0,1.0,-0.218,0.0,1.0,1.0,0.0,-0.248,0.0,0.0,0.0,1.0,1.0,0.0,1.0,0.0,1.0,1.0,0.0,0.0,1.0,1.0,0.0,1.0,0.0,0.0,1.0,0.45454547,0.0,1.0,0.0,0.0,0.0,0.557,1.0,17.325,0.0,0.0,0.0,0.0,1.0,2.427,9.814763,1.0,0.367,0.0,0.0,0.0,1.0,1.0,0.0,1.0,0.913,1.0,0.0,1.0,0.025,1.0,1.227,1.0,6.131,1.0,1.0,1.0,-1.384,0.833,-1.797,0.0,1.0,1.0,1.0,0.43,1.0,1.0,1.0,0.0,0.0,1.0,0.0,0.0,-0.49352422,1.0,0.0,1.0,1.676,0.0,0.0,0.0,0.0,0.0,1.0,0.0,2.0,0.0,1.157,0.0,1.0,0.0,1.0,5.9503943874050265,1.0093538704045897
CC(C)OC(=O)C1=CN(C(=O)c2cccc(OCCCN3CCOCC3)c2)CC(C)(C)c2c1[nH]c1ccccc21,55.73523,0.0,0.0,0.0,37.105,0.0,0.0,1.0,0.0,0.0,0.0,1.0,1.0,14.210588,0.0,-2.2944877,1.0,0.0,0.0,0.0,0.0,1.0,0.0,0.0,0.0,1.0,0.0,0.887,1.0,0.0,1.0,0.0,1.0,0.0,0.0,1.0,1.0,1.0,0.0,1.0,1.0,1.0,1.0,0.0,1.0,1.0,1.0,4.173,1.0,1.0,0.0,0.0,0.0,4.094,1.0,1.0,0.0,0.0,1.0,0.0,0.0,0.0,0.0,1.0,1.0,0.0,0.0,0.0,1.0,0.0,1.0,0.0,0.0,1.0,0.0,1.0,0.0,4.747,0.0,0.0,0.0,-2.3688352,0.0,1.0,0.0,2.549,0.003,0.0,0.0,1.0,1.0,1.0,0.0,1.0,1.0,0.0,0.0,1.0,-0.114,-0.49352422,0.0,1.0,0.0,0.0,1.0,0.0,0.0,1.0,0.0,1.0,0.033,1.0,1.0,1.0,0.929,0.0,0.0,1.0,-20.334,0.0,1.0,1.0,1.0,1.0,1.0,0.0,1.0,1.0,0.0,1.0,1.0,-0.151,0.0,1.0,4.19,1.0,0.0,0.0,0.0,1.0,1.0,3.0,1.0,4.321,1.0,1.0,1.0,1.0,1.0,1.0,1.0,1.0,1.0,-0.14,1.0,1.0,0.0,1.0,1.0,1.0,1.0,1.0,0.0,2.95,1.0,0.0,1.0,2.916,0.0,1.0,-0.13,0.0,1.0,1.0,0.0,0.036,0.0,0.0,0.0,1.0,1.0,0.0,1.0,0.0,1.0,1.0,0.0,0.0,1.0,1.0,0.0,1.0,0.0,0.0,1.0,0.4375,0.0,1.0,1.0,0.0,0.0,0.47,1.0,17.325,0.0,0.0,1.0,0.0,1.0,2.407,9.814763,1.0,0.556,0.0,0.0,0.0,1.0,1.0,0.0,1.0,0.858,1.0,0.0,1.0,-0.017,1.0,1.148,1.0,6.15,1.0,1.0,1.0,0.384,0.841,-2.715,0.0,1.0,1.0,1.0,0.439,1.0,1.0,1.0,0.0,0.0,1.0,0.0,0.0,-0.49352422,1.0,0.0,1.0,1.612,0.0,0.0,0.0,0.0,0.0,1.0,0.0,2.0,1.0,1.173,0.0,1.0,0.0,1.0,6.099086932262331,1.0093538704045897
CC(C)OC(=O)C1=CN(C(=O)c2cccc(OCCCN3CCN(C)CC3)c2)CC(C)(C)c2c1[nH]c1ccccc21,55.61098,0.0,0.0,0.0,35.318,0.0,0.0,1.0,0.0,0.0,0.0,1.0,1.0,9.473726,0.0,-2.3175454,1.0,0.0,0.0,0.0,0.0,1.0,0.0,0.0,0.0,1.0,0.0,0.886,1.0,0.0,1.0,0.0,1.0,0.0,0.0,1.0,1.0,1.0,0.0,1.0,1.0,1.0,1.0,0.0,1.0,1.0,1.0,3.888,1.0,1.0,0.0,0.0,0.0,3.832,1.0,1.0,0.0,0.0,1.0,0.0,0.0,0.0,0.0,1.0,1.0,0.0,0.0,0.0,1.0,0.0,1.0,0.0,0.0,1.0,0.0,1.0,0.0,4.559,0.0,0.0,1.0,-2.4439178,0.0,1.0,0.0,2.505,0.022,0.0,0.0,1.0,1.0,1.0,1.0,1.0,1.0,0.0,0.0,1.0,-0.151,-0.49352422,0.0,1.0,0.0,0.0,1.0,0.0,0.0,1.0,0.0,1.0,0.084,1.0,1.0,1.0,0.924,0.0,0.0,1.0,-15.666,0.0,1.0,1.0,1.0,1.0,1.0,0.0,1.0,1.0,0.0,1.0,1.0,-0.157,0.0,1.0,4.074,1.0,0.0,0.0,0.0,1.0,1.0,3.0,1.0,3.882,1.0,1.0,1.0,1.0,1.0,1.0,1.0,1.0,1.0,-0.149,1.0,1.0,0.0,1.0,1.0,1.0,1.0,1.0,0.0,2.794,1.0,0.0,1.0,2.848,0.0,1.0,-0.154,0.0,1.0,1.0,0.0,0.082,0.0,0.0,0.0,1.0,1.0,0.0,1.0,0.0,1.0,1.0,0.0,0.0,1.0,1.0,1.0,1.0,0.0,0.0,1.0,0.45454547,0.0,1.0,0.0,0.0,0.0,0.548,1.0,17.707317,0.0,0.0,0.0,0.0,1.0,2.293,9.814763,1.0,0.627,0.0,0.0,0.0,1.0,1.0,0.0,1.0,0.862,1.0,0.0,1.0,0.009,1.0,1.12,1.0,6.141,1.0,1.0,1.0,0.21,0.84,-3.639,0.0,1.0,1.0,1.0,0.416,1.0,1.0,1.0,0.0,0.0,1.0,0.0,0.0,-0.49352422,1.0,0.0,1.0,1.549,0.0,0.0,0.0,0.0,0.0,1.0,0.0,2.0,0.0,1.113,0.0,1.0,0.0,1.0,5.99012436628784,1.0093538704045897
CC(C)OC(=O)C1=CN(C(=O)c2ccc(OCCCN3CCOCC3)cc2)CC(C)(C)c2c1[nH]c1cc(F)ccc21,50.21853,0.0,0.0,0.0,39.656,0.0,0.0,1.0,0.0,0.0,0.0,1.0,1.0,14.210588,0.0,-2.294129,1.0,0.0,0.0,0.0,0.0,1.0,0.0,0.0,0.0,1.0,0.0,0.877,1.0,0.0,1.0,0.0,1.0,0.0,0.0,1.0,1.0,1.0,0.0,1.0,1.0,1.0,1.0,0.0,1.0,1.0,1.0,4.728,1.0,1.0,0.0,0.0,0.0,5.079,1.0,1.0,0.0,0.0,1.0,0.0,1.0,0.0,0.0,1.0,1.0,0.0,0.0,0.0,1.0,0.0,1.0,0.0,0.0,1.0,0.0,1.0,0.0,4.625,0.0,0.0,0.0,-2.3682578,0.0,1.0,0.0,2.652,-0.032,0.0,0.0,1.0,1.0,1.0,0.0,1.0,1.0,0.0,0.0,1.0,-0.117,-0.49354964,0.0,1.0,0.0,0.0,1.0,0.0,0.0,1.0,0.0,1.0,-0.079,1.0,1.0,1.0,0.917,0.0,0.0,1.0,-16.663,0.0,1.0,1.0,1.0,1.0,1.0,0.0,1.0,1.0,0.0,1.0,1.0,-0.133,0.0,1.0,4.54,1.0,0.0,1.0,0.0,1.0,1.0,3.0,1.0,3.595,1.0,1.0,1.0,1.0,1.0,1.0,1.0,1.0,1.0,-0.149,1.0,1.0,0.0,1.0,1.0,1.0,1.0,1.0,0.0,2.761,1.0,0.0,1.0,3.217,0.0,1.0,-0.136,0.0,1.0,1.0,0.0,-0.085,0.0,0.0,0.0,1.0,1.0,0.0,1.0,1.0,1.0,1.0,0.0,0.0,1.0,1.0,0.0,0.0,1.0,1.0,1.0,0.4375,0.0,1.0,0.0,0.0,0.0,0.431,1.0,17.219513,0.0,0.0,1.0,1.0,1.0,2.617,9.814569,1.0,0.995,0.0,0.0,0.0,1.0,1.0,0.0,1.0,0.836,1.0,0.0,1.0,0.071,1.0,1.007,1.0,6.26,1.0,1.0,0.0,-1.182,0.812,-1.88,0.0,1.0,1.0,1.0,0.407,1.0,1.0,1.0,1.0,0.0,1.0,0.0,1.0,-0.49354964,1.0,0.0,1.0,1.591,0.0,0.0,0.0,0.0,0.0,1.0,0.0,2.0,1.0,1.244,0.0,1.0,0.0,1.0,7.055517327849831,1.0093538704045897
CC(C)OC(=O)C1=CN(C(=O)c2ccc(OCCN3CCOCC3)cc2)CC(C)(C)c2c1[nH]c1cc(F)ccc21,43.79771,0.0,0.0,0.0,35.438,0.0,0.0,1.0,0.0,0.0,0.0,1.0,1.0,14.210588,0.0,-2.2943301,1.0,0.0,0.0,0.0,0.0,1.0,0.0,0.0,0.0,1.0,0.0,0.875,1.0,0.0,1.0,0.0,1.0,0.0,0.0,1.0,1.0,1.0,0.0,1.0,1.0,1.0,1.0,0.0,1.0,1.0,1.0,4.57,1.0,1.0,0.0,0.0,0.0,4.988,1.0,1.0,0.0,0.0,1.0,0.0,1.0,0.0,0.0,1.0,1.0,0.0,0.0,0.0,1.0,0.0,1.0,0.0,0.0,1.0,0.0,1.0,0.0,4.707,0.0,0.0,0.0,-2.3823647,0.0,1.0,0.0,2.767,-0.034,0.0,0.0,1.0,1.0,1.0,0.0,1.0,1.0,0.0,0.0,1.0,-0.072,-0.49226397,0.0,1.0,0.0,0.0,1.0,0.0,0.0,1.0,0.0,1.0,0.14,1.0,1.0,1.0,0.914,0.0,0.0,1.0,-16.901,0.0,1.0,1.0,1.0,1.0,1.0,0.0,1.0,1.0,0.0,1.0,1.0,-0.136,0.0,1.0,4.709,1.0,0.0,1.0,0.0,1.0,1.0,3.0,1.0,3.438,1.0,1.0,1.0,1.0,1.0,1.0,1.0,1.0,1.0,-0.079,1.0,1.0,0.0,1.0,0.0,1.0,1.0,1.0,0.0,2.884,1.0,0.0,1.0,3.468,0.0,1.0,-0.075,0.0,1.0,1.0,0.0,0.161,0.0,0.0,0.0,1.0,1.0,0.0,1.0,1.0,1.0,1.0,0.0,0.0,1.0,1.0,0.0,0.0,0.0,1.0,1.0,0.41935483,0.0,1.0,1.0,0.0,0.0,0.398,1.0,17.35,0.0,0.0,1.0,0.0,1.0,2.746,9.814569,1.0,0.654,0.0,0.0,0.0,1.0,1.0,0.0,1.0,0.857,1.0,0.0,1.0,0.182,1.0,1.069,1.0,6.244,1.0,1.0,0.0,1.001,0.809,-4.376,0.0,1.0,1.0,1.0,0.426,1.0,1.0,1.0,1.0,0.0,1.0,0.0,0.0,-0.49226397,1.0,0.0,1.0,1.742,0.0,0.0,0.0,0.0,0.0,1.0,0.0,2.0,1.0,1.305,0.0,1.0,0.0,1.0,7.00436480540245,1.0093538704045897
CN1C(=O)c2cc(NC(=O)c3ccc(C(F)(F)F)cc3)ccc2OC[C@@H]2O[C@@H](CC(=O)NC3Cc4ccccc4C3)CC[C@@H]21,37.107113,0.0,0.0,0.0,57.494,0.0,0.0,1.0,0.0,0.0,0.0,1.0,1.0,9.473726,0.0,-2.4194148,0.0,0.0,0.0,0.0,0.0,1.0,0.0,0.0,13.171246,1.0,0.0,0.68,1.0,0.0,1.0,0.0,0.0,0.0,0.0,1.0,1.0,0.0,0.0,0.0,1.0,1.0,0.0,0.0,1.0,1.0,0.0,5.597,1.0,1.0,0.0,0.0,0.0,3.692,1.0,1.0,0.0,0.0,1.0,0.0,1.0,0.0,0.0,1.0,1.0,1.0,0.0,0.0,1.0,0.0,1.0,1.0,0.0,1.0,0.0,1.0,1.0,8.346,0.0,0.0,1.0,-2.5365944,0.0,0.0,0.0,6.117,0.225,1.0,0.0,1.0,1.0,1.0,0.0,0.0,1.0,0.0,0.0,1.0,-0.115,-0.48995844,0.0,0.0,0.0,0.0,0.0,0.0,1.0,0.0,0.0,1.0,0.38,1.0,0.0,0.0,0.711,0.0,0.0,1.0,-34.152,0.0,1.0,0.0,1.0,1.0,1.0,1.0,1.0,1.0,0.0,1.0,1.0,-0.067,0.0,1.0,3.272,0.0,1.0,1.0,0.0,1.0,1.0,2.0,1.0,6.286,1.0,1.0,0.0,1.0,1.0,1.0,1.0,1.0,1.0,-0.143,1.0,1.0,0.0,0.0,0.0,0.0,1.0,1.0,1.0,3.032,1.0,0.0,0.0,2.138,0.0,1.0,-0.132,0.0,0.0,1.0,0.0,0.384,1.0,0.0,0.0,1.0,0.0,0.0,0.0,0.0,1.0,1.0,0.0,0.0,1.0,1.0,1.0,1.0,1.0,1.0,0.0,0.36363637,0.0,1.0,1.0,0.0,0.0,1.081,1.0,21.681818,0.0,1.0,1.0,1.0,1.0,3.439,9.941843,0.0,0.374,0.0,0.0,0.0,1.0,1.0,0.0,1.0,0.982,0.0,1.0,0.0,-0.178,1.0,1.147,1.0,6.594,0.0,1.0,0.0,5.685,0.561,-5.641,0.0,1.0,1.0,0.0,0.486,1.0,0.0,1.0,0.0,0.0,0.0,0.0,0.0,-0.48995844,0.0,0.0,0.0,1.99,0.0,0.0,0.0,1.0,0.0,0.0,1.0,2.0,1.0,1.76,0.0,0.0,1.0,1.0,5.692503962086787,1.0093538704045897
CN1C(=O)c2cc(NC(=O)c3ccc(C(F)(F)F)cc3)ccc2OC[C@H]2O[C@@H](CC(=O)NC3Cc4ccccc4C3)CC[C@@H]21,37.107113,0.0,0.0,0.0,58.474,0.0,0.0,1.0,0.0,0.0,0.0,1.0,1.0,9.473726,0.0,-2.4194148,0.0,0.0,0.0,0.0,0.0,1.0,0.0,0.0,13.171246,1.0,0.0,0.68,1.0,0.0,1.0,0.0,0.0,0.0,0.0,1.0,1.0,0.0,0.0,0.0,1.0,1.0,0.0,0.0,1.0,1.0,0.0,5.521,1.0,1.0,0.0,0.0,0.0,3.62,1.0,1.0,0.0,0.0,1.0,0.0,1.0,0.0,0.0,1.0,1.0,1.0,0.0,0.0,1.0,0.0,1.0,1.0,0.0,1.0,0.0,1.0,1.0,6.487,0.0,0.0,1.0,-2.5365944,0.0,0.0,0.0,3.355,0.225,1.0,0.0,1.0,1.0,1.0,0.0,0.0,1.0,0.0,0.0,1.0,-0.115,-0.48995844,0.0,0.0,0.0,0.0,0.0,0.0,1.0,0.0,0.0,1.0,0.364,1.0,0.0,0.0,0.711,0.0,0.0,1.0,-35.027,0.0,1.0,0.0,1.0,1.0,1.0,1.0,1.0,1.0,0.0,1.0,1.0,-0.067,0.0,1.0,2.853,0.0,1.0,1.0,0.0,1.0,1.0,2.0,1.0,6.157,1.0,1.0,0.0,1.0,1.0,1.0,1.0,1.0,1.0,-0.143,1.0,1.0,0.0,0.0,0.0,0.0,1.0,1.0,1.0,2.997,1.0,0.0,0.0,1.527,0.0,1.0,-0.132,0.0,0.0,1.0,0.0,0.384,1.0,0.0,0.0,1.0,0.0,0.0,0.0,0.0,1.0,1.0,0.0,0.0,1.0,1.0,1.0,1.0,1.0,1.0,0.0,0.36363637,0.0,1.0,1.0,0.0,0.0,0.851,1.0,21.681818,0.0,1.0,1.0,1.0,1.0,3.394,9.941843,0.0,0.307,0.0,0.0,0.0,1.0,1.0,0.0,1.0,1.055,0.0,1.0,0.0,-0.178,1.0,0.963,1.0,6.594,0.0,1.0,0.0,6.153,0.561,-6.485,0.0,1.0,1.0,0.0,0.487,1.0,0.0,1.0,0.0,0.0,0.0,0.0,0.0,-0.48995844,0.0,0.0,0.0,1.863,0.0,0.0,0.0,1.0,0.0,0.0,1.0,2.0,1.0,1.758,0.0,0.0,1.0,1.0,4.451544993495972,0.2516903676328282
CN1C(=O)c2cc(NC(=O)c3ccc(C(F)(F)F)cc3)ccc2OC[C@@H]2O[C@H](CC(=O)NC3Cc4ccccc4C3)CC[C@@H]21,37.107113,0.0,0.0,0.0,48.073,0.0,0.0,1.0,0.0,0.0,0.0,1.0,1.0,9.473726,0.0,-2.4194148,0.0,0.0,0.0,0.0,0.0,1.0,0.0,0.0,13.171246,1.0,0.0,0.68,1.0,0.0,1.0,0.0,0.0,0.0,0.0,1.0,1.0,0.0,0.0,0.0,1.0,1.0,0.0,0.0,1.0,1.0,0.0,5.457,1.0,1.0,0.0,0.0,0.0,3.599,1.0,1.0,0.0,0.0,1.0,0.0,1.0,0.0,0.0,1.0,1.0,1.0,0.0,0.0,1.0,0.0,1.0,1.0,0.0,1.0,0.0,1.0,1.0,6.781,0.0,0.0,1.0,-2.5365944,0.0,0.0,0.0,4.007,0.225,1.0,0.0,1.0,1.0,1.0,0.0,0.0,1.0,0.0,0.0,1.0,-0.115,-0.48995844,0.0,0.0,0.0,0.0,0.0,0.0,1.0,0.0,0.0,1.0,0.328,1.0,0.0,0.0,0.711,0.0,0.0,1.0,-31.03,0.0,1.0,0.0,1.0,1.0,1.0,1.0,1.0,1.0,0.0,1.0,1.0,-0.067,0.0,1.0,2.969,0.0,1.0,1.0,0.0,1.0,1.0,2.0,1.0,6.215,1.0,1.0,0.0,1.0,1.0,1.0,1.0,1.0,1.0,-0.143,1.0,1.0,0.0,0.0,0.0,0.0,1.0,1.0,1.0,3.028,1.0,0.0,0.0,1.642,0.0,1.0,-0.132,0.0,0.0,1.0,0.0,0.328,1.0,0.0,0.0,1.0,0.0,0.0,0.0,0.0,1.0,1.0,0.0,0.0,1.0,1.0,1.0,1.0,1.0,1.0,0.0,0.36363637,0.0,1.0,1.0,0.0,0.0,0.665,1.0,21.681818,0.0,1.0,1.0,1.0,1.0,3.415,9.941843,0.0,0.346,0.0,0.0,0.0,1.0,1.0,0.0,1.0,0.986,0.0,1.0,0.0,-0.178,1.0,0.878,1.0,6.594,0.0,1.0,0.0,3.898,0.561,-7.058,0.0,1.0,1.0,0.0,0.487,1.0,0.0,1.0,0.0,0.0,0.0,0.0,0.0,-0.48995844,0.0,0.0,0.0,1.704,0.0,0.0,0.0,1.0,0.0,0.0,1.0,2.0,1.0,1.758,0.0,0.0,1.0,1.0,6.638272163982407,1.0093538704045897
CCOC(=O)C1=CN(C(=O)c2ccc(F)cc2)CCc2c1[nH]c1ccccc21,16.466377,0.0,0.0,0.0,35.181,0.0,0.0,1.0,0.0,0.0,0.0,1.0,1.0,4.736863,0.0,-2.1752703,1.0,0.0,0.0,0.0,0.0,1.0,1.0,0.0,0.0,1.0,0.0,0.738,1.0,0.0,1.0,0.0,1.0,0.0,0.0,1.0,1.0,1.0,0.0,1.0,1.0,1.0,1.0,0.0,1.0,1.0,1.0,7.829,1.0,1.0,0.0,0.0,0.0,7.238,1.0,1.0,0.0,0.0,1.0,0.0,1.0,0.0,0.0,1.0,1.0,0.0,0.0,0.0,1.0,0.0,1.0,0.0,0.0,1.0,0.0,0.0,0.0,5.51,0.0,0.0,0.0,-2.2757657,0.0,1.0,0.0,4.472,0.065,0.0,0.0,1.0,1.0,1.0,0.0,0.0,1.0,0.0,0.0,1.0,-0.174,-0.4622954,0.0,1.0,0.0,0.0,1.0,1.0,0.0,1.0,0.0,1.0,0.124,1.0,0.0,0.0,0.789,0.0,0.0,1.0,-18.723,0.0,1.0,1.0,1.0,1.0,1.0,0.0,1.0,1.0,0.0,1.0,1.0,-0.075,0.0,1.0,4.49,1.0,0.0,0.0,0.0,0.0,0.0,2.0,1.0,5.709,1.0,0.0,0.0,1.0,1.0,1.0,1.0,1.0,1.0,-0.236,1.0,1.0,0.0,1.0,0.0,1.0,1.0,1.0,0.0,4.528,1.0,0.0,1.0,4.941,0.0,0.0,-0.214,0.0,1.0,1.0,0.0,0.13,0.0,0.0,0.0,0.0,1.0,0.0,1.0,1.0,1.0,1.0,0.0,0.0,1.0,1.0,0.0,0.0,0.0,1.0,1.0,0.18181819,0.0,0.0,0.0,0.0,1.0,0.494,1.0,13.642858,0.0,0.0,0.0,0.0,1.0,4.21,10.044113,1.0,0.474,0.0,0.0,0.0,1.0,1.0,0.0,1.0,0.81,0.0,0.0,1.0,0.365,1.0,0.662,1.0,5.994,0.0,1.0,0.0,1.378,0.691,-4.038,0.0,1.0,1.0,0.0,0.814,1.0,1.0,1.0,1.0,0.0,0.0,0.0,0.0,-0.4622954,1.0,0.0,1.0,1.009,0.0,0.0,0.0,0.0,0.0,1.0,0.0,1.0,0.0,2.366,0.0,1.0,0.0,1.0,6.221848749616356,1.0093538704045897
CC(C)OC(=O)C1=CN(C(=O)c2ccc(F)cc2)CCc2c1[nH]c1ccccc21,16.466377,0.0,0.0,0.0,36.18,0.0,0.0,1.0,0.0,0.0,0.0,1.0,1.0,4.736863,0.0,-2.1792376,1.0,0.0,0.0,0.0,0.0,1.0,1.0,0.0,0.0,1.0,0.0,0.795,1.0,0.0,1.0,0.0,1.0,0.0,0.0,1.0,1.0,1.0,0.0,1.0,1.0,1.0,1.0,0.0,1.0,1.0,1.0,7.687,1.0,1.0,0.0,0.0,0.0,7.373,1.0,1.0,0.0,0.0,1.0,0.0,1.0,0.0,0.0,1.0,1.0,0.0,0.0,0.0,1.0,0.0,1.0,0.0,0.0,1.0,0.0,0.0,0.0,5.577,0.0,0.0,0.0,-2.277323,0.0,0.0,0.0,4.306,0.045,0.0,0.0,1.0,1.0,1.0,0.0,0.0,1.0,0.0,0.0,1.0,-0.172,-0.45927954,0.0,1.0,0.0,0.0,1.0,1.0,0.0,1.0,0.0,1.0,0.169,1.0,0.0,0.0,0.84,0.0,0.0,1.0,-18.876,0.0,1.0,1.0,1.0,1.0,0.0,0.0,1.0,1.0,0.0,1.0,1.0,-0.073,0.0,1.0,4.837,1.0,0.0,0.0,0.0,0.0,1.0,2.0,1.0,5.851,1.0,1.0,0.0,1.0,1.0,1.0,1.0,1.0,1.0,-0.233,1.0,1.0,0.0,1.0,0.0,1.0,1.0,1.0,0.0,4.399,1.0,0.0,1.0,5.06,0.0,0.0,-0.212,0.0,1.0,1.0,0.0,0.178,0.0,0.0,0.0,0.0,1.0,0.0,1.0,1.0,1.0,1.0,0.0,0.0,1.0,1.0,0.0,0.0,0.0,1.0,1.0,0.2173913,0.0,0.0,0.0,0.0,1.0,0.565,1.0,13.793103,0.0,0.0,0.0,0.0,1.0,4.054,10.043508,1.0,0.457,0.0,0.0,0.0,1.0,1.0,0.0,1.0,0.753,0.0,0.0,1.0,0.343,1.0,0.653,1.0,6.051,0.0,1.0,0.0,2.229,0.737,-4.504,0.0,1.0,1.0,0.0,0.781,1.0,1.0,1.0,1.0,0.0,0.0,0.0,0.0,-0.45927954,1.0,0.0,1.0,1.024,0.0,0.0,0.0,0.0,0.0,1.0,0.0,1.0,0.0,2.239,0.0,1.0,0.0,1.0,6.301029995663981,1.0093538704045897
CCCOC(=O)C1=CN(C(=O)c2ccc(F)cc2)CCc2c1[nH]c1ccccc21,16.466377,0.0,0.0,0.0,35.041,0.0,0.0,1.0,0.0,0.0,0.0,1.0,1.0,4.736863,0.0,-2.175909,1.0,0.0,0.0,0.0,0.0,1.0,1.0,0.0,0.0,1.0,0.0,0.742,1.0,0.0,1.0,0.0,1.0,0.0,0.0,1.0,1.0,1.0,0.0,1.0,1.0,1.0,1.0,0.0,1.0,1.0,1.0,7.455,1.0,1.0,0.0,0.0,1.0,6.889,1.0,1.0,0.0,0.0,1.0,0.0,1.0,0.0,0.0,1.0,1.0,0.0,0.0,0.0,1.0,0.0,1.0,0.0,0.0,1.0,0.0,0.0,0.0,4.913,0.0,0.0,0.0,-2.2759624,0.0,1.0,0.0,3.434,0.069,0.0,0.0,1.0,1.0,1.0,0.0,0.0,1.0,0.0,0.0,1.0,-0.196,-0.46201226,0.0,1.0,0.0,0.0,1.0,1.0,0.0,1.0,0.0,1.0,0.114,1.0,0.0,0.0,0.793,0.0,0.0,1.0,-19.157,0.0,1.0,1.0,1.0,1.0,1.0,0.0,1.0,1.0,0.0,1.0,1.0,-0.073,0.0,1.0,4.108,1.0,0.0,0.0,0.0,0.0,0.0,2.0,1.0,5.676,1.0,0.0,0.0,1.0,1.0,1.0,1.0,1.0,1.0,-0.257,1.0,1.0,0.0,1.0,0.0,1.0,1.0,1.0,0.0,4.329,1.0,0.0,1.0,3.987,0.0,0.0,-0.237,0.0,1.0,1.0,0.0,0.121,0.0,0.0,0.0,0.0,1.0,0.0,1.0,1.0,1.0,1.0,0.0,0.0,1.0,1.0,0.0,0.0,0.0,1.0,1.0,0.2173913,0.0,0.0,0.0,0.0,1.0,0.425,1.0,13.586206,0.0,0.0,0.0,0.0,1.0,3.94,10.043968,1.0,0.412,0.0,0.0,0.0,1.0,1.0,0.0,1.0,0.776,0.0,0.0,1.0,0.372,1.0,0.711,1.0,6.015,0.0,1.0,0.0,1.494,0.696,-4.017,0.0,1.0,1.0,0.0,0.761,1.0,1.0,1.0,1.0,0.0,0.0,0.0,0.0,-0.46201226,1.0,0.0,1.0,1.026,0.0,0.0,0.0,0.0,0.0,1.0,0.0,1.0,0.0,2.209,0.0,1.0,0.0,1.0,6.301029995663981,1.0093538704045897
CCCCOC(=O)C1=CN(C(=O)c2ccc(F)cc2)CCc2c1[nH]c1ccccc21,29.30802,0.0,0.0,0.0,34.076,0.0,0.0,1.0,0.0,0.0,0.0,1.0,1.0,4.736863,0.0,-2.1762228,1.0,0.0,0.0,0.0,0.0,1.0,1.0,0.0,0.0,1.0,0.0,0.745,1.0,0.0,1.0,0.0,1.0,0.0,0.0,1.0,1.0,1.0,0.0,1.0,1.0,1.0,1.0,0.0,1.0,1.0,1.0,7.026,1.0,1.0,0.0,0.0,1.0,6.575,1.0,1.0,0.0,0.0,1.0,0.0,1.0,0.0,0.0,1.0,1.0,0.0,0.0,0.0,1.0,0.0,1.0,0.0,0.0,1.0,0.0,0.0,0.0,5.122,0.0,0.0,0.0,-2.2760203,0.0,1.0,0.0,3.656,0.072,0.0,0.0,1.0,1.0,1.0,0.0,0.0,1.0,0.0,0.0,1.0,-0.194,-0.46200138,0.0,1.0,0.0,0.0,1.0,1.0,0.0,1.0,0.0,1.0,0.054,1.0,0.0,0.0,0.797,0.0,0.0,1.0,-17.504,0.0,1.0,1.0,1.0,1.0,1.0,0.0,1.0,1.0,0.0,1.0,1.0,-0.071,0.0,1.0,3.956,1.0,0.0,0.0,0.0,0.0,0.0,2.0,1.0,5.4,1.0,1.0,0.0,1.0,1.0,1.0,1.0,1.0,1.0,-0.254,1.0,1.0,0.0,1.0,0.0,1.0,1.0,1.0,0.0,4.052,1.0,0.0,1.0,3.549,0.0,0.0,-0.234,0.0,1.0,1.0,0.0,0.06,0.0,0.0,0.0,0.0,1.0,0.0,1.0,1.0,1.0,1.0,0.0,0.0,1.0,1.0,0.0,0.0,0.0,1.0,1.0,0.25,0.0,0.0,0.0,0.0,1.0,0.593,1.0,13.533334,0.0,1.0,0.0,0.0,1.0,3.71,10.043868,1.0,0.433,0.0,0.0,0.0,1.0,1.0,0.0,1.0,0.762,0.0,0.0,1.0,0.351,1.0,0.624,1.0,6.029,0.0,1.0,0.0,1.024,0.7,-4.208,0.0,1.0,1.0,0.0,0.714,1.0,1.0,1.0,1.0,0.0,0.0,0.0,0.0,-0.46200138,1.0,0.0,1.0,1.048,0.0,0.0,0.0,0.0,0.0,1.0,0.0,1.0,0.0,2.067,0.0,1.0,0.0,1.0,5.958607314841775,1.0093538704045897
CCOC(=O)C1=CN(C(=O)c2ccc(F)cc2)CC(C)c2c1[nH]c1ccccc21,16.466377,0.0,0.0,0.0,36.767,0.0,0.0,1.0,0.0,0.0,0.0,1.0,1.0,4.736863,1.0,-2.2089787,1.0,0.0,0.0,0.0,0.0,1.0,0.0,0.0,0.0,1.0,0.0,0.726,1.0,0.0,1.0,0.0,1.0,0.0,0.0,1.0,1.0,1.0,0.0,1.0,1.0,1.0,1.0,0.0,1.0,1.0,1.0,6.908,1.0,1.0,0.0,0.0,0.0,6.37,1.0,1.0,0.0,0.0,1.0,0.0,1.0,0.0,0.0,1.0,1.0,0.0,0.0,0.0,1.0,0.0,1.0,0.0,0.0,1.0,0.0,0.0,0.0,6.088,0.0,0.0,0.0,-2.288813,0.0,1.0,0.0,4.454,0.073,0.0,0.0,1.0,1.0,1.0,0.0,1.0,1.0,0.0,0.0,1.0,-0.169,-0.4622954,0.0,1.0,0.0,0.0,1.0,0.0,0.0,1.0,0.0,1.0,0.057,1.0,0.0,0.0,0.776,0.0,0.0,1.0,-18.275,0.0,1.0,1.0,1.0,1.0,1.0,0.0,1.0,1.0,0.0,1.0,1.0,-0.073,0.0,1.0,4.983,1.0,0.0,0.0,0.0,1.0,0.0,2.0,1.0,5.3,1.0,1.0,0.0,1.0,1.0,1.0,1.0,1.0,1.0,-0.234,1.0,1.0,0.0,1.0,0.0,1.0,1.0,1.0,0.0,4.676,1.0,0.0,1.0,4.824,0.0,0.0,-0.211,0.0,1.0,1.0,0.0,0.061,0.0,0.0,0.0,1.0,1.0,0.0,1.0,1.0,1.0,1.0,0.0,0.0,1.0,1.0,0.0,0.0,0.0,1.0,1.0,0.2173913,0.0,1.0,0.0,0.0,0.0,0.544,1.0,16.172413,0.0,0.0,0.0,0.0,1.0,4.236,9.955581,1.0,0.626,0.0,0.0,0.0,1.0,1.0,0.0,1.0,0.871,0.0,0.0,1.0,0.312,1.0,0.674,1.0,6.022,0.0,1.0,0.0,-0.092,0.681,-5.03,1.0,1.0,1.0,0.0,0.775,1.0,1.0,1.0,1.0,0.0,0.0,0.0,0.0,-0.4622954,1.0,0.0,1.0,1.109,0.0,0.0,0.0,0.0,0.0,1.0,0.0,1.0,0.0,2.254,0.0,1.0,0.0,1.0,7.244125144327507,1.0093538704045897
CCOC(=O)C1=CN(C(=O)c2ccc(Cl)cc2)CC(C)c2c1[nH]c1ccccc21,16.466377,0.0,0.0,0.0,29.833,11.60094,0.0,1.0,0.0,0.0,0.0,1.0,1.0,16.337803,1.0,-2.2093573,1.0,0.0,0.0,0.0,0.0,1.0,0.0,0.0,0.0,1.0,0.0,0.658,1.0,0.0,1.0,0.0,1.0,0.0,0.0,1.0,1.0,1.0,0.0,1.0,1.0,1.0,1.0,0.0,1.0,1.0,1.0,6.605,1.0,1.0,0.0,0.0,0.0,5.985,1.0,1.0,0.0,0.0,1.0,0.0,0.0,0.0,0.0,1.0,1.0,0.0,0.0,0.0,1.0,0.0,1.0,0.0,0.0,1.0,0.0,0.0,0.0,6.199,0.0,0.0,0.0,-2.2884452,0.0,1.0,0.0,4.751,0.168,0.0,0.0,1.0,1.0,1.0,0.0,1.0,1.0,0.0,0.0,1.0,-0.196,-0.4622954,0.0,1.0,0.0,0.0,1.0,0.0,0.0,1.0,0.0,1.0,0.124,1.0,0.0,0.0,0.727,0.0,0.0,1.0,-14.453,0.0,1.0,1.0,1.0,1.0,1.0,0.0,1.0,1.0,0.0,1.0,1.0,-0.088,0.0,1.0,5.034,1.0,0.0,0.0,0.0,1.0,0.0,2.0,1.0,4.848,1.0,1.0,0.0,1.0,1.0,1.0,1.0,1.0,1.0,-0.206,1.0,1.0,0.0,1.0,0.0,1.0,1.0,1.0,0.0,4.613,1.0,0.0,1.0,4.583,0.0,0.0,-0.175,0.0,1.0,1.0,0.0,0.172,0.0,0.0,0.0,1.0,1.0,0.0,1.0,1.0,1.0,1.0,0.0,1.0,1.0,1.0,0.0,0.0,0.0,1.0,1.0,0.2173913,0.0,1.0,0.0,0.0,0.0,0.73,1.0,16.172413,0.0,0.0,0.0,0.0,1.0,4.259,9.955592,1.0,0.937,0.0,0.0,0.0,1.0,1.0,0.0,1.0,0.957,0.0,0.0,1.0,0.306,1.0,0.646,1.0,5.974,0.0,1.0,0.0,-0.359,0.659,-1.743,1.0,1.0,1.0,0.0,0.76,1.0,1.0,1.0,1.0,0.0,0.0,0.0,1.0,-0.4622954,1.0,0.0,1.0,1.06,0.0,0.0,0.0,0.0,0.0,1.0,0.0,1.0,0.0,2.1,0.0,1.0,0.0,1.0,7.136677139879544,1.0093538704045897
CCOC(=O)C1=CN(C(=O)c2ccc(OC)cc2)CC(C)c2c1[nH]c1ccccc21,16.466377,0.0,0.0,0.0,33.926,0.0,0.0,1.0,0.0,0.0,0.0,1.0,1.0,9.473726,1.0,-2.210165,1.0,0.0,0.0,0.0,0.0,1.0,0.0,0.0,0.0,1.0,0.0,0.729,1.0,0.0,1.0,0.0,1.0,0.0,0.0,1.0,1.0,1.0,0.0,1.0,1.0,1.0,1.0,0.0,1.0,1.0,1.0,6.737,1.0,1.0,0.0,0.0,0.0,6.289,1.0,1.0,0.0,0.0,1.0,0.0,1.0,0.0,0.0,1.0,1.0,0.0,0.0,0.0,1.0,0.0,1.0,0.0,0.0,1.0,0.0,0.0,0.0,5.282,0.0,0.0,0.0,-2.2885427,0.0,1.0,0.0,4.122,0.096,0.0,0.0,1.0,1.0,1.0,0.0,1.0,1.0,0.0,0.0,1.0,-0.18,-0.49676776,0.0,1.0,0.0,0.0,1.0,0.0,0.0,1.0,0.0,1.0,0.032,1.0,0.0,0.0,0.783,0.0,1.0,1.0,-17.379,0.0,1.0,1.0,1.0,1.0,1.0,0.0,1.0,1.0,0.0,1.0,1.0,-0.123,0.0,1.0,4.044,1.0,0.0,0.0,0.0,1.0,0.0,2.0,1.0,4.661,1.0,1.0,0.0,1.0,1.0,1.0,1.0,1.0,1.0,-0.235,1.0,1.0,0.0,1.0,0.0,1.0,1.0,1.0,0.0,4.339,1.0,0.0,1.0,3.983,0.0,0.0,-0.214,0.0,1.0,1.0,0.0,0.033,0.0,0.0,0.0,1.0,1.0,0.0,1.0,1.0,1.0,1.0,0.0,0.0,1.0,1.0,0.0,0.0,0.0,1.0,1.0,0.25,0.0,1.0,0.0,0.0,0.0,0.505,1.0,15.9,0.0,0.0,0.0,0.0,1.0,4.038,9.955567,1.0,0.427,0.0,0.0,0.0,1.0,1.0,0.0,1.0,0.867,0.0,0.0,1.0,0.325,1.0,0.754,1.0,5.989,0.0,1.0,0.0,0.77,0.673,-2.354,1.0,1.0,1.0,0.0,0.712,1.0,1.0,1.0,0.0,0.0,0.0,0.0,0.0,-0.49676776,1.0,0.0,1.0,1.06,0.0,0.0,0.0,0.0,0.0,1.0,0.0,1.0,0.0,1.919,0.0,1.0,0.0,1.0,7.221848749616356,1.0093538704045897
CCOC(=O)C1=CN(C(=O)c2ccc(F)c(F)c2)CC(C)c2c1[nH]c1ccccc21,28.59911,0.0,0.0,0.0,36.489,0.0,0.0,1.0,0.0,0.0,0.0,1.0,1.0,4.736863,1.0,-2.2097588,1.0,0.0,0.0,0.0,0.0,1.0,0.0,0.0,0.0,1.0,0.0,0.751,1.0,0.0,1.0,0.0,1.0,0.0,0.0,1.0,1.0,1.0,0.0,1.0,1.0,1.0,1.0,0.0,1.0,1.0,1.0,7.231,1.0,1.0,0.0,0.0,0.0,6.591,1.0,1.0,0.0,0.0,1.0,0.0,1.0,0.0,0.0,1.0,1.0,0.0,0.0,0.0,1.0,0.0,1.0,0.0,0.0,1.0,0.0,0.0,0.0,5.472,0.0,0.0,1.0,-2.2904954,0.0,1.0,0.0,4.137,0.023,0.0,0.0,1.0,1.0,1.0,0.0,1.0,1.0,0.0,0.0,1.0,-0.032,-0.4622954,0.0,1.0,0.0,0.0,1.0,0.0,0.0,1.0,0.0,1.0,0.125,1.0,1.0,0.0,0.793,0.0,0.0,1.0,-16.365,0.0,1.0,1.0,1.0,1.0,1.0,0.0,1.0,1.0,0.0,1.0,1.0,-0.063,0.0,1.0,4.353,1.0,0.0,0.0,0.0,1.0,1.0,2.0,1.0,7.807,1.0,1.0,0.0,1.0,1.0,1.0,1.0,1.0,1.0,-0.132,1.0,1.0,0.0,1.0,0.0,1.0,1.0,1.0,0.0,5.188,1.0,0.0,1.0,4.504,0.0,0.0,-0.099,0.0,1.0,1.0,0.0,0.13,0.0,0.0,0.0,1.0,1.0,0.0,1.0,0.0,1.0,1.0,0.0,1.0,1.0,1.0,0.0,0.0,0.0,1.0,1.0,0.2173913,0.0,1.0,0.0,0.0,0.0,0.585,1.0,16.066668,0.0,0.0,0.0,1.0,1.0,4.259,9.955551,1.0,0.39,0.0,11.634441,0.0,1.0,1.0,1.0,1.0,0.733,0.0,0.0,1.0,0.175,1.0,0.582,0.0,6.059,0.0,1.0,0.0,0.527,0.712,-3.149,1.0,1.0,1.0,0.0,0.722,1.0,1.0,1.0,1.0,0.0,0.0,0.0,0.0,-0.4622954,1.0,0.0,1.0,0.914,0.0,0.0,0.0,0.0,0.0,1.0,0.0,1.0,0.0,2.174,0.0,1.0,0.0,1.0,7.494850021680094,1.0093538704045897
CCOC(=O)C1=CN(C(=O)c2ccc(F)cc2)CC(C)(C)c2c1[nH]c1ccccc21,16.466377,0.0,0.0,0.0,31.986,0.0,0.0,1.0,0.0,0.0,0.0,1.0,1.0,4.736863,0.0,-2.2935324,1.0,0.0,0.0,0.0,0.0,1.0,0.0,0.0,0.0,1.0,0.0,0.7,1.0,0.0,1.0,0.0,1.0,0.0,0.0,1.0,1.0,1.0,0.0,1.0,1.0,1.0,1.0,0.0,1.0,1.0,1.0,6.534,1.0,1.0,0.0,0.0,0.0,5.703,1.0,1.0,0.0,0.0,1.0,0.0,1.0,0.0,0.0,1.0,1.0,0.0,0.0,0.0,1.0,0.0,1.0,0.0,0.0,1.0,0.0,0.0,0.0,6.469,0.0,0.0,0.0,-2.364934,0.0,1.0,0.0,5.055,0.082,0.0,0.0,1.0,1.0,1.0,0.0,1.0,1.0,0.0,0.0,1.0,-0.164,-0.4622954,0.0,1.0,0.0,0.0,1.0,0.0,0.0,1.0,0.0,1.0,-0.101,1.0,0.0,1.0,0.748,0.0,0.0,1.0,-17.997,0.0,1.0,1.0,1.0,1.0,1.0,0.0,1.0,1.0,0.0,1.0,1.0,-0.071,0.0,1.0,4.998,1.0,0.0,0.0,0.0,1.0,0.0,2.0,1.0,5.011,1.0,1.0,0.0,1.0,1.0,1.0,1.0,1.0,1.0,-0.234,1.0,1.0,0.0,1.0,0.0,1.0,1.0,1.0,0.0,4.369,1.0,0.0,1.0,4.331,0.0,0.0,-0.209,0.0,1.0,1.0,0.0,-0.08,0.0,0.0,0.0,1.0,1.0,0.0,1.0,1.0,1.0,1.0,0.0,0.0,1.0,1.0,0.0,0.0,0.0,1.0,1.0,0.25,0.0,1.0,0.0,0.0,0.0,0.657,1.0,15.333333,0.0,0.0,0.0,0.0,1.0,4.065,9.814814,1.0,0.861,0.0,0.0,0.0,1.0,1.0,0.0,1.0,0.882,1.0,0.0,1.0,0.268,1.0,0.634,1.0,6.039,1.0,1.0,0.0,-0.57,0.657,-3.727,0.0,1.0,1.0,0.0,0.718,1.0,1.0,1.0,1.0,0.0,1.0,0.0,0.0,-0.4622954,1.0,0.0,1.0,1.033,0.0,0.0,0.0,0.0,0.0,1.0,0.0,1.0,0.0,2.1,0.0,1.0,0.0,1.0,7.657577319177793,1.0093538704045897
CCOC(=O)C1=CN(C(=O)c2ccc(F)c(F)c2)CC(C)(C)c2c1[nH]c1ccccc21,28.59911,0.0,0.0,0.0,31.615,0.0,0.0,1.0,0.0,0.0,0.0,1.0,1.0,4.736863,0.0,-2.2936776,1.0,0.0,0.0,0.0,0.0,1.0,0.0,0.0,0.0,1.0,0.0,0.724,1.0,0.0,1.0,0.0,1.0,0.0,0.0,1.0,1.0,1.0,0.0,1.0,1.0,1.0,1.0,0.0,1.0,1.0,1.0,6.194,1.0,1.0,0.0,0.0,0.0,5.674,1.0,1.0,0.0,0.0,1.0,0.0,1.0,0.0,0.0,1.0,1.0,0.0,0.0,0.0,1.0,0.0,1.0,0.0,0.0,1.0,0.0,0.0,0.0,5.877,0.0,0.0,1.0,-2.3656514,0.0,1.0,0.0,4.116,0.035,0.0,0.0,1.0,1.0,1.0,0.0,1.0,1.0,0.0,0.0,1.0,-0.029,-0.4622954,0.0,1.0,0.0,0.0,1.0,0.0,0.0,1.0,0.0,1.0,-0.215,1.0,1.0,1.0,0.764,0.0,0.0,1.0,-9.793,0.0,1.0,1.0,1.0,1.0,1.0,0.0,1.0,1.0,0.0,1.0,1.0,-0.061,0.0,1.0,4.65,1.0,0.0,0.0,0.0,1.0,1.0,2.0,1.0,6.378,1.0,1.0,0.0,1.0,1.0,1.0,1.0,1.0,1.0,-0.132,1.0,1.0,0.0,1.0,0.0,1.0,1.0,1.0,0.0,4.827,1.0,0.0,1.0,4.022,0.0,0.0,-0.097,0.0,1.0,1.0,0.0,-0.215,0.0,0.0,0.0,1.0,1.0,0.0,1.0,0.0,1.0,1.0,0.0,1.0,1.0,1.0,0.0,0.0,0.0,1.0,1.0,0.25,0.0,1.0,0.0,0.0,0.0,0.596,1.0,15.258064,0.0,0.0,0.0,1.0,1.0,3.947,9.814802,1.0,0.47,0.0,11.634441,0.0,1.0,1.0,1.0,1.0,0.86,1.0,0.0,1.0,0.145,1.0,0.713,0.0,6.056,1.0,1.0,0.0,-2.534,0.687,-5.332,0.0,1.0,1.0,0.0,0.671,1.0,1.0,1.0,1.0,0.0,1.0,0.0,0.0,-0.4622954,1.0,0.0,1.0,1.125,0.0,0.0,0.0,0.0,0.0,1.0,0.0,1.0,0.0,2.032,0.0,1.0,0.0,1.0,7.920818753952375,1.0093538704045897
CCOC(=O)C1=CN(C(=O)c2ccc(Cl)cc2)CC(C)(C)c2c1[nH]c1ccccc21,16.466377,0.0,0.0,0.0,27.157,11.60094,0.0,1.0,0.0,0.0,0.0,1.0,1.0,16.337803,0.0,-2.2936487,1.0,0.0,0.0,0.0,0.0,1.0,0.0,0.0,0.0,1.0,0.0,0.637,1.0,0.0,1.0,0.0,1.0,0.0,0.0,1.0,1.0,1.0,0.0,1.0,1.0,1.0,1.0,0.0,1.0,1.0,1.0,6.243,1.0,1.0,0.0,0.0,0.0,5.508,1.0,1.0,0.0,0.0,1.0,0.0,0.0,0.0,0.0,1.0,1.0,0.0,0.0,0.0,1.0,0.0,1.0,0.0,0.0,1.0,0.0,0.0,0.0,5.407,0.0,0.0,0.0,-2.3647807,0.0,1.0,0.0,3.73,0.17,0.0,0.0,1.0,1.0,1.0,0.0,1.0,1.0,0.0,0.0,1.0,-0.191,-0.4622954,0.0,1.0,0.0,0.0,1.0,0.0,0.0,1.0,0.0,1.0,0.103,1.0,0.0,1.0,0.703,0.0,0.0,1.0,-14.054,0.0,1.0,1.0,1.0,1.0,1.0,0.0,1.0,1.0,0.0,1.0,1.0,-0.086,0.0,1.0,4.528,1.0,0.0,0.0,0.0,1.0,0.0,2.0,1.0,4.536,1.0,1.0,0.0,1.0,1.0,1.0,1.0,1.0,1.0,-0.208,1.0,1.0,0.0,1.0,0.0,1.0,1.0,1.0,0.0,4.284,1.0,0.0,1.0,3.949,0.0,0.0,-0.175,0.0,1.0,1.0,0.0,0.15,0.0,0.0,0.0,1.0,1.0,0.0,1.0,1.0,1.0,1.0,0.0,1.0,1.0,1.0,0.0,0.0,0.0,1.0,1.0,0.25,0.0,1.0,0.0,0.0,0.0,0.469,1.0,15.333333,0.0,0.0,0.0,0.0,1.0,3.99,9.814818,1.0,0.632,0.0,0.0,0.0,1.0,1.0,0.0,1.0,0.892,1.0,0.0,1.0,0.257,1.0,0.719,1.0,5.992,1.0,1.0,0.0,1.375,0.639,-1.218,0.0,1.0,1.0,0.0,0.704,1.0,1.0,1.0,1.0,0.0,1.0,0.0,1.0,-0.4622954,1.0,0.0,1.0,1.125,0.0,0.0,0.0,0.0,0.0,1.0,0.0,1.0,0.0,1.958,0.0,1.0,0.0,1.0,7.602059991327962,1.0093538704045897
CCOC(=O)C1=CN(C(=O)c2ccc(OC)cc2)CC(C)(C)c2c1[nH]c1ccccc21,16.466377,0.0,0.0,0.0,33.321,0.0,0.0,1.0,0.0,0.0,0.0,1.0,1.0,9.473726,0.0,-2.2937922,1.0,0.0,0.0,0.0,0.0,1.0,0.0,0.0,0.0,1.0,0.0,0.703,1.0,0.0,1.0,0.0,1.0,0.0,0.0,1.0,1.0,1.0,0.0,1.0,1.0,1.0,1.0,0.0,1.0,1.0,1.0,6.356,1.0,1.0,0.0,0.0,0.0,5.861,1.0,1.0,0.0,0.0,1.0,0.0,1.0,0.0,0.0,1.0,1.0,0.0,0.0,0.0,1.0,0.0,1.0,0.0,0.0,1.0,0.0,0.0,0.0,5.48,0.0,0.0,0.0,-2.3648038,0.0,1.0,0.0,4.237,0.105,0.0,0.0,1.0,1.0,1.0,0.0,1.0,1.0,0.0,0.0,1.0,-0.176,-0.49676776,0.0,1.0,0.0,0.0,1.0,0.0,0.0,1.0,0.0,1.0,0.039,1.0,0.0,1.0,0.755,0.0,1.0,1.0,-15.044,0.0,1.0,1.0,1.0,1.0,1.0,0.0,1.0,1.0,0.0,1.0,1.0,-0.119,0.0,1.0,4.148,1.0,0.0,0.0,0.0,1.0,0.0,2.0,1.0,4.388,1.0,1.0,0.0,1.0,1.0,1.0,1.0,1.0,1.0,-0.235,1.0,1.0,0.0,1.0,0.0,1.0,1.0,1.0,0.0,4.082,1.0,0.0,1.0,4.157,0.0,0.0,-0.212,0.0,1.0,1.0,0.0,0.039,0.0,0.0,0.0,1.0,1.0,0.0,1.0,1.0,1.0,1.0,0.0,0.0,1.0,1.0,0.0,0.0,0.0,1.0,1.0,0.28,0.0,1.0,1.0,0.0,0.0,0.472,1.0,15.096774,0.0,0.0,0.0,0.0,1.0,3.807,9.81481,1.0,0.469,0.0,0.0,0.0,1.0,1.0,0.0,1.0,0.891,1.0,0.0,1.0,0.276,1.0,0.889,1.0,6.007,1.0,1.0,0.0,-0.043,0.65,-2.984,0.0,1.0,1.0,0.0,0.661,1.0,1.0,1.0,0.0,0.0,1.0,0.0,0.0,-0.49676776,1.0,0.0,1.0,1.26,0.0,0.0,0.0,0.0,0.0,1.0,0.0,1.0,0.0,1.792,0.0,1.0,0.0,1.0,7.537602002101044,1.0093538704045897
CC(C)OC(=O)C1=CN(C(=O)c2ccc(F)cc2)CC(C)(C)c2c1[nH]c1ccccc21,16.466377,0.0,0.0,0.0,32.464,0.0,0.0,1.0,0.0,0.0,0.0,1.0,1.0,4.736863,0.0,-2.293535,1.0,0.0,0.0,0.0,0.0,1.0,0.0,0.0,0.0,1.0,0.0,0.756,1.0,0.0,1.0,0.0,1.0,0.0,0.0,1.0,1.0,1.0,0.0,1.0,1.0,1.0,1.0,0.0,1.0,1.0,1.0,6.513,1.0,1.0,0.0,0.0,0.0,5.901,1.0,1.0,0.0,0.0,1.0,0.0,1.0,0.0,0.0,1.0,1.0,0.0,0.0,0.0,1.0,0.0,1.0,0.0,0.0,1.0,0.0,0.0,0.0,6.18,0.0,0.0,0.0,-2.3650265,0.0,0.0,0.0,4.357,0.063,0.0,0.0,1.0,1.0,1.0,0.0,1.0,1.0,0.0,0.0,1.0,-0.164,-0.45927954,0.0,1.0,0.0,0.0,1.0,0.0,0.0,1.0,0.0,1.0,-0.058,1.0,0.0,1.0,0.798,0.0,0.0,1.0,-18.4,0.0,1.0,1.0,1.0,1.0,0.0,0.0,1.0,1.0,0.0,1.0,1.0,-0.069,0.0,1.0,5.181,1.0,0.0,0.0,0.0,1.0,1.0,2.0,1.0,5.087,1.0,1.0,0.0,1.0,1.0,1.0,1.0,1.0,1.0,-0.231,1.0,1.0,0.0,1.0,0.0,1.0,1.0,1.0,0.0,4.238,1.0,0.0,1.0,4.321,0.0,0.0,-0.207,0.0,1.0,1.0,0.0,-0.041,0.0,0.0,0.0,1.0,1.0,0.0,1.0,1.0,1.0,1.0,0.0,0.0,1.0,1.0,0.0,0.0,0.0,1.0,1.0,0.28,0.0,1.0,0.0,0.0,0.0,0.557,1.0,15.419354,0.0,0.0,0.0,0.0,1.0,3.922,9.814775,1.0,0.727,0.0,0.0,0.0,1.0,1.0,0.0,1.0,0.851,1.0,0.0,1.0,0.253,1.0,0.692,1.0,6.099,1.0,1.0,0.0,-0.36,0.703,-3.529,0.0,1.0,1.0,0.0,0.692,1.0,1.0,1.0,1.0,0.0,1.0,0.0,0.0,-0.45927954,1.0,0.0,1.0,1.142,0.0,0.0,0.0,0.0,0.0,1.0,0.0,1.0,0.0,1.997,0.0,1.0,0.0,1.0,8.096910013008056,1.0093538704045897
CN1C(=O)c2cc(NC(=O)c3ccc(C(F)(F)F)cc3)ccc2OC[C@@H]2O[C@H](CNC(=O)CC(C)(C)C)CC[C@@H]21,24.265469,0.0,0.0,0.0,42.54,0.0,0.0,1.0,0.0,0.0,0.0,1.0,1.0,9.473726,0.0,-2.420516,0.0,0.0,0.0,0.0,0.0,1.0,0.0,0.0,13.171246,1.0,0.0,0.699,1.0,0.0,1.0,0.0,0.0,0.0,0.0,1.0,1.0,0.0,0.0,0.0,1.0,1.0,0.0,0.0,1.0,1.0,0.0,5.492,1.0,1.0,1.0,0.0,0.0,3.962,1.0,1.0,0.0,0.0,1.0,0.0,1.0,0.0,0.0,1.0,1.0,0.0,0.0,0.0,1.0,0.0,1.0,0.0,0.0,0.0,0.0,1.0,1.0,5.473,0.0,0.0,1.0,-2.5449758,0.0,1.0,0.0,2.37,0.216,1.0,0.0,1.0,1.0,1.0,0.0,0.0,1.0,0.0,0.0,1.0,-0.12,-0.4899584,0.0,0.0,0.0,0.0,0.0,0.0,1.0,0.0,0.0,0.0,0.259,1.0,1.0,0.0,0.724,0.0,0.0,1.0,-28.615,0.0,1.0,0.0,1.0,1.0,1.0,1.0,1.0,1.0,0.0,1.0,1.0,-0.09,0.0,1.0,3.353,0.0,1.0,1.0,0.0,1.0,1.0,2.0,1.0,5.713,1.0,1.0,0.0,0.0,1.0,1.0,1.0,1.0,1.0,-0.133,1.0,0.0,0.0,0.0,0.0,0.0,1.0,1.0,1.0,3.133,1.0,0.0,0.0,2.039,0.0,1.0,-0.128,0.0,0.0,1.0,0.0,0.269,1.0,0.0,0.0,1.0,0.0,0.0,0.0,0.0,1.0,1.0,0.0,0.0,1.0,1.0,0.0,1.0,1.0,1.0,0.0,0.4827586,0.0,1.0,0.0,1.0,0.0,0.86,1.0,21.325,0.0,1.0,1.0,1.0,1.0,3.698,9.915819,0.0,0.457,0.0,0.0,0.0,1.0,1.0,0.0,1.0,0.857,0.0,1.0,0.0,-0.083,1.0,0.841,1.0,6.434,1.0,1.0,0.0,5.036,0.582,-5.648,0.0,1.0,1.0,0.0,0.461,1.0,0.0,1.0,0.0,0.0,0.0,0.0,1.0,-0.4899584,0.0,0.0,0.0,1.747,0.0,0.0,0.0,1.0,0.0,0.0,1.0,2.0,1.0,1.901,0.0,0.0,1.0,1.0,6.142667503568731,1.0093538704045897
CN1C(=O)c2cc(NC(=O)c3ccc(C(F)(F)F)cc3)ccc2OC[C@@H]2O[C@H](CNc3nnc(C4CCC4)o3)CC[C@@H]21,37.107113,0.0,0.0,0.0,46.212,0.0,0.0,1.0,0.0,0.0,1.0,1.0,1.0,13.890877,0.0,-2.419549,0.0,0.0,0.0,1.0,0.0,1.0,0.0,0.0,13.171246,1.0,0.0,0.715,1.0,0.0,1.0,0.0,1.0,0.0,0.0,1.0,1.0,0.0,0.0,0.0,0.0,1.0,0.0,1.0,1.0,1.0,0.0,5.234,1.0,1.0,0.0,0.0,0.0,3.782,1.0,1.0,0.0,0.0,1.0,0.0,1.0,0.0,0.0,1.0,1.0,0.0,1.0,0.0,1.0,0.0,1.0,0.0,0.0,0.0,0.0,1.0,1.0,5.711,0.0,1.0,1.0,-2.5388997,0.0,1.0,0.0,3.072,0.238,1.0,0.0,1.0,1.0,1.0,1.0,0.0,1.0,0.0,1.0,1.0,-0.151,-0.4899584,1.0,0.0,0.0,1.0,1.0,0.0,1.0,0.0,1.0,0.0,-0.02,1.0,1.0,1.0,0.729,0.0,0.0,1.0,-33.599,1.0,1.0,1.0,1.0,1.0,1.0,1.0,1.0,1.0,0.0,1.0,1.0,-0.104,0.0,1.0,3.077,0.0,1.0,1.0,0.0,1.0,1.0,3.0,1.0,5.449,1.0,1.0,0.0,0.0,1.0,1.0,1.0,1.0,1.0,-0.165,1.0,0.0,0.0,1.0,0.0,0.0,1.0,1.0,1.0,2.919,1.0,0.0,0.0,1.753,0.0,2.0,-0.162,1.0,0.0,0.0,0.0,-0.014,1.0,0.0,0.0,1.0,0.0,0.0,1.0,1.0,1.0,1.0,0.0,0.0,1.0,1.0,0.0,1.0,1.0,1.0,0.0,0.44827586,0.0,1.0,0.0,1.0,1.0,0.849,1.0,22.619047,0.0,1.0,1.0,1.0,1.0,3.333,9.854639,1.0,0.412,0.0,0.0,0.0,1.0,1.0,0.0,1.0,0.871,0.0,1.0,1.0,-0.094,1.0,0.974,1.0,6.444,0.0,1.0,0.0,3.258,0.606,-5.206,0.0,1.0,1.0,0.0,0.454,1.0,0.0,1.0,0.0,0.0,1.0,0.0,1.0,-0.4899584,0.0,0.0,1.0,1.908,0.0,0.0,1.0,1.0,0.0,1.0,1.0,2.0,1.0,1.803,0.0,1.0,1.0,1.0,6.494850021680094,1.0093538704045897
CN1C(=O)c2cc(NC(=O)c3ccc(C(F)(F)F)cc3)ccc2OC[C@@H]2O[C@H](CNC(=O)[C@@H]3CCCO3)CC[C@@H]21,30.68629,0.0,0.0,0.0,46.912,0.0,0.0,1.0,0.0,0.0,0.0,1.0,1.0,14.210588,0.0,-2.4204528,0.0,0.0,0.0,0.0,0.0,1.0,0.0,0.0,13.171246,1.0,0.0,0.769,1.0,0.0,1.0,0.0,0.0,0.0,0.0,1.0,1.0,0.0,0.0,0.0,1.0,1.0,1.0,0.0,1.0,1.0,0.0,5.771,1.0,1.0,0.0,0.0,1.0,4.148,1.0,1.0,1.0,0.0,1.0,0.0,1.0,0.0,0.0,1.0,1.0,0.0,0.0,0.0,1.0,0.0,1.0,0.0,0.0,1.0,0.0,2.0,1.0,6.251,0.0,0.0,1.0,-2.5471685,0.0,1.0,0.0,3.85,0.149,1.0,0.0,1.0,1.0,1.0,0.0,0.0,1.0,0.0,0.0,1.0,-0.068,-0.4899584,0.0,1.0,0.0,0.0,0.0,0.0,1.0,0.0,0.0,0.0,0.283,1.0,0.0,0.0,0.793,0.0,0.0,1.0,-29.009,0.0,1.0,0.0,1.0,1.0,1.0,1.0,1.0,1.0,0.0,1.0,1.0,-0.11,0.0,1.0,2.709,0.0,1.0,1.0,0.0,1.0,1.0,3.0,1.0,5.921,1.0,1.0,0.0,0.0,1.0,1.0,1.0,1.0,1.0,-0.069,1.0,0.0,0.0,0.0,0.0,0.0,1.0,1.0,1.0,3.197,1.0,0.0,0.0,1.406,0.0,2.0,-0.066,0.0,0.0,1.0,0.0,0.302,1.0,0.0,0.0,1.0,0.0,0.0,0.0,0.0,1.0,1.0,0.0,0.0,1.0,1.0,0.0,1.0,1.0,1.0,0.0,0.4642857,0.0,1.0,1.0,1.0,0.0,1.019,1.0,24.7,0.0,1.0,1.0,1.0,1.0,3.699,9.954081,0.0,0.274,0.0,0.0,0.0,1.0,1.0,0.0,1.0,0.79,0.0,1.0,0.0,-0.041,1.0,0.767,1.0,6.447,0.0,1.0,0.0,4.95,0.64,-5.25,0.0,1.0,1.0,0.0,0.482,1.0,1.0,1.0,0.0,0.0,0.0,0.0,0.0,-0.4899584,0.0,1.0,1.0,1.413,0.0,0.0,1.0,1.0,0.0,0.0,1.0,3.0,1.0,1.972,0.0,1.0,1.0,1.0,5.958607314841775,1.0093538704045897
CC(C)COC(=O)NC[C@@H]1CC[C@H]2[C@H](COc3ccc(NC(=O)c4ccc(C(F)(F)F)cc4)cc3C(=O)N2C)O1,24.265469,0.0,1.0,0.0,34.076,0.0,0.0,1.0,0.0,0.0,0.0,1.0,1.0,14.210588,0.0,-2.4196663,0.0,0.0,0.0,0.0,0.0,1.0,0.0,0.0,13.171246,1.0,0.0,0.671,1.0,0.0,1.0,0.0,0.0,0.0,0.0,1.0,1.0,1.0,0.0,0.0,0.0,1.0,0.0,0.0,1.0,1.0,1.0,4.819,1.0,1.0,0.0,0.0,1.0,4.531,1.0,1.0,0.0,0.0,1.0,0.0,1.0,0.0,0.0,1.0,1.0,0.0,0.0,0.0,1.0,0.0,1.0,0.0,0.0,0.0,0.0,1.0,1.0,4.698,0.0,0.0,1.0,-2.544741,0.0,1.0,0.0,2.925,0.267,1.0,0.0,1.0,1.0,1.0,0.0,0.0,1.0,0.0,0.0,1.0,-0.162,-0.4899584,0.0,1.0,0.0,0.0,0.0,0.0,1.0,0.0,0.0,1.0,0.05,1.0,0.0,1.0,0.689,0.0,0.0,1.0,-16.931,0.0,1.0,0.0,1.0,1.0,1.0,1.0,1.0,1.0,0.0,1.0,1.0,-0.121,1.0,1.0,3.731,0.0,0.0,1.0,0.0,1.0,1.0,2.0,1.0,4.253,1.0,1.0,0.0,0.0,1.0,1.0,1.0,1.0,1.0,-0.18,1.0,0.0,0.0,1.0,0.0,0.0,1.0,1.0,1.0,3.363,1.0,0.0,0.0,2.747,0.0,1.0,-0.174,0.0,1.0,0.0,0.0,0.061,1.0,0.0,0.0,1.0,1.0,0.0,0.0,0.0,1.0,1.0,0.0,0.0,1.0,1.0,0.0,1.0,1.0,1.0,0.0,0.4642857,0.0,1.0,0.0,1.0,0.0,0.494,1.0,20.925,0.0,1.0,1.0,1.0,1.0,3.22,9.954883,0.0,0.395,0.0,0.0,0.0,1.0,1.0,0.0,1.0,0.862,0.0,1.0,0.0,-0.109,1.0,0.878,1.0,6.444,0.0,1.0,0.0,0.907,0.581,-2.79,0.0,1.0,1.0,0.0,0.593,1.0,1.0,1.0,0.0,0.0,0.0,0.0,1.0,-0.4888943,0.0,0.0,0.0,1.413,0.0,0.0,0.0,1.0,0.0,0.0,1.0,2.0,1.0,1.803,0.0,0.0,1.0,1.0,7.096910013008056,1.0093538704045897
O=C(O)c1ccc(COc2cccc(-c3c(C(=O)c4ccccc4)cnc4c(C(F)(F)F)cccc34)c2)cc1,11.629819,0.0,0.0,0.0,54.352,0.0,0.0,1.0,0.0,0.0,0.0,1.0,1.0,9.84339,0.0,-2.163103,0.0,0.0,0.0,0.0,0.0,1.0,0.0,0.0,13.171246,1.0,0.0,0.548,1.0,0.0,1.0,0.0,0.0,0.0,0.0,1.0,1.0,1.0,0.0,0.0,0.0,0.0,0.0,0.0,1.0,0.0,1.0,7.586,1.0,0.0,0.0,0.0,0.0,7.968,1.0,1.0,0.0,1.0,0.0,0.0,0.0,0.0,1.0,1.0,1.0,0.0,0.0,0.0,1.0,0.0,1.0,0.0,1.0,0.0,0.0,0.0,0.0,9.033,0.0,0.0,1.0,-2.09291,0.0,0.0,1.0,5.15,0.323,0.0,0.0,0.0,1.0,1.0,0.0,0.0,0.0,0.0,0.0,0.0,-0.126,-0.4888943,0.0,1.0,0.0,0.0,1.0,1.0,0.0,1.0,0.0,1.0,0.342,1.0,1.0,0.0,0.567,0.0,0.0,1.0,-30.8,0.0,1.0,0.0,1.0,1.0,0.0,0.0,1.0,1.0,1.0,0.0,1.0,-0.015,0.0,1.0,9.453,0.0,0.0,1.0,0.0,1.0,1.0,1.0,1.0,8.85,1.0,1.0,0.0,0.0,0.0,0.0,1.0,0.0,1.0,-0.154,0.0,1.0,0.0,0.0,0.0,0.0,0.0,0.0,1.0,5.462,1.0,0.0,1.0,7.087,0.0,0.0,-0.145,0.0,1.0,0.0,1.0,0.355,1.0,1.0,1.0,0.0,1.0,0.0,1.0,0.0,1.0,1.0,0.0,0.0,1.0,1.0,0.0,1.0,0.0,1.0,1.0,0.06451613,0.0,0.0,0.0,1.0,0.0,0.495,0.0,11.358974,0.0,0.0,1.0,0.0,1.0,4.315,9.907999,0.0,0.871,0.0,5.783245,1.0,0.0,1.0,0.0,1.0,0.897,0.0,1.0,1.0,-0.107,0.0,0.955,1.0,6.704,0.0,1.0,1.0,5.195,0.472,-8.412,0.0,1.0,0.0,0.0,0.661,1.0,1.0,0.0,0.0,0.0,0.0,0.0,0.0,-0.4888943,1.0,0.0,1.0,1.922,0.0,0.0,0.0,1.0,0.0,0.0,0.0,0.0,1.0,2.125,1.0,0.0,0.0,1.0,6.730487055782083,1.0093538704045897
COC(=O)c1ccc(COc2cccc(-c3c(C(=O)c4ccccc4)cnc4c(C(F)(F)F)cccc34)c2)cc1,11.629819,0.0,0.0,0.0,58.591,0.0,0.0,1.0,0.0,0.0,0.0,1.0,1.0,9.473726,0.0,-2.1631808,0.0,0.0,0.0,0.0,0.0,1.0,0.0,0.0,13.171246,1.0,0.0,0.55,1.0,0.0,1.0,0.0,0.0,0.0,0.0,1.0,1.0,1.0,0.0,0.0,0.0,0.0,0.0,0.0,1.0,0.0,1.0,7.257,1.0,0.0,0.0,0.0,0.0,7.643,1.0,1.0,0.0,0.0,0.0,0.0,0.0,0.0,1.0,1.0,1.0,0.0,0.0,0.0,1.0,0.0,1.0,0.0,1.0,0.0,0.0,0.0,0.0,9.243,0.0,0.0,1.0,-2.0929387,0.0,0.0,1.0,5.267,0.326,0.0,0.0,1.0,1.0,1.0,0.0,0.0,0.0,0.0,0.0,0.0,-0.136,-0.4888943,0.0,1.0,0.0,0.0,1.0,1.0,0.0,1.0,0.0,1.0,0.303,1.0,1.0,0.0,0.569,0.0,0.0,1.0,-40.163,0.0,1.0,0.0,1.0,1.0,0.0,0.0,1.0,1.0,1.0,0.0,1.0,-0.039,0.0,1.0,9.674,0.0,0.0,1.0,0.0,1.0,1.0,1.0,1.0,8.68,1.0,1.0,0.0,0.0,0.0,0.0,1.0,0.0,1.0,-0.164,0.0,1.0,0.0,0.0,0.0,0.0,1.0,0.0,1.0,5.264,1.0,0.0,1.0,7.351,0.0,0.0,-0.155,0.0,1.0,0.0,0.0,0.302,1.0,1.0,0.0,0.0,1.0,0.0,1.0,0.0,1.0,1.0,0.0,0.0,1.0,1.0,1.0,1.0,0.0,1.0,1.0,0.09375,0.0,0.0,0.0,1.0,0.0,0.536,0.0,11.3,0.0,0.0,1.0,1.0,1.0,4.258,9.907999,0.0,0.984,0.0,5.783245,1.0,0.0,1.0,0.0,1.0,0.883,0.0,1.0,1.0,-0.108,0.0,0.916,1.0,6.715,0.0,1.0,1.0,3.322,0.474,-9.487,0.0,1.0,0.0,0.0,0.642,1.0,1.0,0.0,0.0,0.0,0.0,0.0,0.0,-0.4888943,1.0,0.0,1.0,1.839,0.0,0.0,0.0,1.0,0.0,0.0,1.0,0.0,1.0,2.088,0.0,0.0,0.0,1.0,6.528708288941061,1.0093538704045897
O=C(O)c1cccc(COc2cccc(-c3c(C(=O)c4ccccc4)cnc4c(C(F)(F)F)cccc34)c2)c1,6.066367,0.0,0.0,0.0,49.831,0.0,0.0,1.0,0.0,0.0,0.0,1.0,1.0,4.736863,0.0,-2.16325,0.0,0.0,0.0,0.0,0.0,1.0,0.0,0.0,13.171246,1.0,0.0,0.548,1.0,0.0,1.0,0.0,0.0,0.0,0.0,1.0,1.0,1.0,0.0,0.0,0.0,0.0,0.0,0.0,1.0,0.0,1.0,7.562,1.0,0.0,0.0,0.0,0.0,8.376,1.0,1.0,0.0,1.0,0.0,0.0,0.0,0.0,1.0,1.0,1.0,0.0,0.0,0.0,1.0,0.0,1.0,0.0,1.0,0.0,0.0,0.0,0.0,10.075,0.0,0.0,1.0,-2.0929694,0.0,0.0,1.0,6.532,0.323,0.0,0.0,0.0,1.0,1.0,0.0,0.0,0.0,0.0,0.0,0.0,-0.126,-0.4888939,0.0,1.0,0.0,0.0,1.0,1.0,0.0,1.0,0.0,1.0,0.51,1.0,1.0,1.0,0.567,0.0,0.0,1.0,-35.624,0.0,1.0,0.0,1.0,1.0,0.0,0.0,1.0,1.0,1.0,0.0,1.0,-0.015,0.0,1.0,10.837,0.0,0.0,1.0,0.0,1.0,1.0,1.0,1.0,8.574,1.0,1.0,0.0,0.0,0.0,0.0,1.0,1.0,1.0,-0.154,0.0,1.0,0.0,0.0,0.0,0.0,0.0,0.0,1.0,5.696,1.0,1.0,1.0,9.061,0.0,0.0,-0.145,0.0,1.0,0.0,1.0,0.519,1.0,1.0,1.0,0.0,1.0,0.0,1.0,0.0,1.0,1.0,1.0,0.0,1.0,1.0,0.0,1.0,0.0,1.0,1.0,0.06451613,0.0,0.0,0.0,1.0,0.0,0.646,0.0,11.358974,0.0,0.0,1.0,0.0,1.0,4.203,9.907994,0.0,1.078,0.0,5.783245,1.0,0.0,1.0,0.0,1.0,0.922,0.0,1.0,1.0,0.022,0.0,0.857,1.0,6.705,0.0,1.0,1.0,5.786,0.472,-7.211,0.0,1.0,0.0,0.0,0.661,1.0,1.0,0.0,0.0,0.0,0.0,0.0,0.0,-0.4888939,1.0,0.0,1.0,1.807,0.0,0.0,0.0,0.0,0.0,0.0,0.0,0.0,0.0,2.143,1.0,0.0,0.0,1.0,5.823908740944319,1.0093538704045897
O=C(O)c1ccc(COc2ccc(-c3c(C(=O)c4ccccc4)cnc4c(C(F)(F)F)cccc34)cc2)cc1,11.629819,0.0,0.0,0.0,58.769,0.0,0.0,1.0,0.0,0.0,0.0,1.0,1.0,9.84339,0.0,-2.159663,0.0,0.0,0.0,0.0,0.0,1.0,0.0,0.0,13.171246,1.0,0.0,0.548,1.0,0.0,1.0,0.0,0.0,0.0,0.0,1.0,1.0,1.0,0.0,0.0,0.0,0.0,0.0,0.0,1.0,0.0,1.0,7.092,1.0,0.0,0.0,0.0,0.0,8.049,1.0,1.0,0.0,1.0,0.0,0.0,0.0,0.0,1.0,1.0,1.0,0.0,0.0,0.0,1.0,0.0,1.0,0.0,1.0,0.0,0.0,0.0,0.0,7.991,0.0,0.0,1.0,-2.0923312,0.0,0.0,1.0,4.392,0.323,0.0,0.0,0.0,1.0,1.0,0.0,0.0,0.0,0.0,0.0,0.0,-0.126,-0.48891667,0.0,1.0,0.0,0.0,0.0,1.0,0.0,1.0,0.0,1.0,0.449,1.0,1.0,1.0,0.567,0.0,0.0,1.0,-34.597,0.0,0.0,0.0,1.0,1.0,0.0,0.0,1.0,1.0,1.0,0.0,1.0,-0.015,0.0,1.0,9.313,0.0,0.0,0.0,0.0,1.0,1.0,1.0,1.0,6.225,1.0,0.0,0.0,0.0,0.0,0.0,1.0,0.0,1.0,-0.154,0.0,0.0,0.0,0.0,0.0,0.0,0.0,0.0,1.0,5.551,1.0,0.0,1.0,7.48,0.0,0.0,-0.145,0.0,1.0,0.0,1.0,0.463,1.0,1.0,1.0,0.0,1.0,0.0,0.0,0.0,1.0,1.0,0.0,0.0,1.0,1.0,0.0,1.0,0.0,0.0,1.0,0.06451613,0.0,0.0,0.0,1.0,0.0,0.579,0.0,11.358974,0.0,0.0,1.0,0.0,1.0,4.271,9.908725,0.0,1.206,0.0,5.783245,1.0,0.0,1.0,0.0,1.0,0.908,0.0,1.0,1.0,-0.095,0.0,0.795,1.0,6.634,0.0,1.0,1.0,6.902,0.472,-7.919,0.0,1.0,0.0,0.0,0.661,0.0,1.0,0.0,0.0,0.0,0.0,0.0,0.0,-0.48891667,1.0,0.0,1.0,1.71,0.0,0.0,0.0,1.0,0.0,0.0,1.0,0.0,1.0,2.107,1.0,0.0,0.0,1.0,5.823908740944319,1.0093538704045897
CN(Cc1ccc(CC(=O)O)cc1)c1cccc(-c2c(Cc3ccccc3)cnc3c(C(F)(F)F)cccc23)c1,45.13446,0.0,0.0,0.0,59.189,0.0,0.0,1.0,0.0,1.0,0.0,1.0,1.0,5.1065273,0.0,-2.2158687,0.0,0.0,0.0,1.0,0.0,1.0,0.0,0.0,13.171246,1.0,0.0,0.463,1.0,0.0,1.0,0.0,0.0,0.0,0.0,1.0,1.0,1.0,1.0,1.0,0.0,1.0,1.0,0.0,1.0,1.0,1.0,6.069,0.0,0.0,0.0,0.0,0.0,5.823,1.0,1.0,1.0,1.0,0.0,0.0,0.0,0.0,1.0,1.0,1.0,0.0,0.0,0.0,0.0,1.0,1.0,0.0,1.0,1.0,1.0,0.0,1.0,7.447,0.0,0.0,1.0,-2.160217,0.0,0.0,1.0,4.542,0.423,1.0,0.0,1.0,1.0,1.0,0.0,0.0,0.0,0.0,0.0,0.0,-0.046,-0.48098618,0.0,1.0,0.0,1.0,1.0,1.0,1.0,1.0,0.0,1.0,0.111,1.0,1.0,0.0,0.507,0.0,0.0,1.0,-30.871,0.0,0.0,1.0,1.0,1.0,0.0,0.0,1.0,0.0,1.0,1.0,0.0,-0.017,0.0,1.0,6.502,0.0,0.0,0.0,0.0,1.0,1.0,1.0,1.0,7.349,1.0,1.0,0.0,0.0,1.0,0.0,1.0,1.0,1.0,-0.081,0.0,1.0,0.0,1.0,0.0,0.0,0.0,1.0,1.0,4.663,1.0,0.0,1.0,4.726,0.0,0.0,-0.067,0.0,1.0,1.0,1.0,0.11,1.0,0.0,1.0,0.0,0.0,0.0,1.0,1.0,0.0,0.0,0.0,0.0,1.0,1.0,0.0,1.0,0.0,1.0,1.0,0.15151516,0.0,0.0,0.0,1.0,0.0,0.491,1.0,11.5,1.0,0.0,1.0,0.0,1.0,3.423,9.912787,1.0,0.475,0.0,0.0,1.0,1.0,1.0,0.0,0.0,0.984,0.0,1.0,1.0,-0.046,0.0,0.959,1.0,6.533,0.0,0.0,0.0,1.812,0.393,-4.411,0.0,1.0,0.0,1.0,0.604,1.0,1.0,0.0,1.0,0.0,0.0,0.0,0.0,-0.48098618,1.0,0.0,1.0,1.605,0.0,0.0,0.0,1.0,0.0,1.0,1.0,0.0,1.0,1.862,1.0,0.0,0.0,1.0,6.427128397799519,1.0093538704045897
O=C(O)Cc1ccc(COc2cccc(-c3c(C(=O)c4ccccc4)cnc4c(C(F)(F)F)cccc34)c2)cc1,11.629819,0.0,0.0,0.0,57.958,0.0,0.0,1.0,0.0,1.0,0.0,1.0,1.0,9.84339,0.0,-2.1632314,0.0,0.0,0.0,0.0,0.0,1.0,0.0,0.0,13.171246,1.0,0.0,0.55,1.0,0.0,1.0,0.0,0.0,0.0,0.0,1.0,1.0,1.0,1.0,1.0,0.0,0.0,1.0,0.0,1.0,0.0,1.0,7.066,1.0,0.0,0.0,0.0,0.0,7.671,1.0,1.0,1.0,1.0,0.0,0.0,0.0,0.0,1.0,1.0,1.0,0.0,0.0,0.0,1.0,1.0,1.0,0.0,1.0,0.0,1.0,0.0,0.0,8.877,0.0,0.0,1.0,-2.0929122,0.0,0.0,1.0,5.174,0.326,1.0,0.0,0.0,1.0,1.0,0.0,0.0,0.0,0.0,0.0,0.0,-0.1,-0.4888943,0.0,1.0,0.0,0.0,1.0,1.0,0.0,1.0,0.0,1.0,0.177,1.0,1.0,0.0,0.569,0.0,0.0,1.0,-31.456,0.0,1.0,0.0,1.0,1.0,0.0,0.0,1.0,1.0,1.0,0.0,1.0,-0.015,0.0,1.0,9.475,0.0,0.0,1.0,0.0,1.0,1.0,1.0,1.0,7.924,1.0,1.0,0.0,0.0,0.0,0.0,1.0,1.0,1.0,-0.125,0.0,1.0,0.0,1.0,0.0,0.0,0.0,0.0,1.0,5.506,1.0,0.0,1.0,7.191,0.0,0.0,-0.116,0.0,1.0,1.0,1.0,0.189,1.0,1.0,1.0,0.0,1.0,0.0,1.0,0.0,1.0,1.0,0.0,0.0,1.0,1.0,0.0,1.0,0.0,1.0,1.0,0.09375,0.0,0.0,0.0,1.0,0.0,0.527,1.0,11.375,1.0,0.0,1.0,0.0,1.0,4.102,9.907996,0.0,0.857,0.0,5.783245,1.0,0.0,1.0,0.0,1.0,0.876,0.0,1.0,1.0,-0.108,0.0,1.042,1.0,6.685,0.0,1.0,1.0,3.627,0.474,-7.294,0.0,1.0,0.0,0.0,0.629,1.0,1.0,0.0,1.0,0.0,0.0,0.0,0.0,-0.4888943,1.0,0.0,1.0,2.067,0.0,0.0,0.0,1.0,0.0,1.0,1.0,0.0,1.0,1.995,1.0,0.0,0.0,1.0,6.844663962534938,1.0093538704045897
O=C(c1ccccc1)c1cnc2c(C(F)(F)F)cccc2c1-c1ccccc1,6.066367,0.0,0.0,0.0,40.629,0.0,0.0,1.0,0.0,0.0,0.0,1.0,1.0,0.0,0.0,-2.1536493,0.0,0.0,0.0,0.0,0.0,1.0,0.0,0.0,13.171246,1.0,0.0,0.476,1.0,0.0,0.0,0.0,0.0,0.0,0.0,1.0,1.0,0.0,0.0,0.0,0.0,0.0,0.0,0.0,1.0,0.0,1.0,11.266,0.0,0.0,0.0,0.0,0.0,13.226,1.0,1.0,0.0,0.0,0.0,0.0,0.0,0.0,1.0,1.0,1.0,0.0,0.0,0.0,1.0,0.0,1.0,0.0,1.0,0.0,0.0,0.0,0.0,12.344,0.0,0.0,1.0,-2.091709,0.0,0.0,0.0,10.447,0.416,0.0,0.0,0.0,1.0,1.0,0.0,0.0,0.0,0.0,0.0,0.0,-0.096,-0.28852892,0.0,1.0,0.0,0.0,0.0,1.0,0.0,1.0,0.0,0.0,0.278,1.0,1.0,0.0,0.504,0.0,0.0,1.0,-29.961,0.0,0.0,0.0,1.0,0.0,0.0,0.0,1.0,0.0,1.0,0.0,0.0,0.004,0.0,0.0,14.091,0.0,0.0,0.0,0.0,1.0,1.0,1.0,1.0,9.176,1.0,0.0,0.0,0.0,0.0,0.0,1.0,0.0,1.0,-0.129,0.0,0.0,0.0,0.0,0.0,0.0,0.0,0.0,1.0,9.296,1.0,0.0,1.0,16.593,0.0,0.0,-0.118,0.0,1.0,0.0,0.0,0.291,1.0,1.0,0.0,0.0,0.0,0.0,0.0,0.0,0.0,1.0,0.0,0.0,0.0,1.0,0.0,1.0,0.0,0.0,1.0,0.04347826,0.0,0.0,0.0,1.0,0.0,1.004,0.0,11.535714,0.0,0.0,1.0,0.0,1.0,6.794,9.909839,0.0,1.578,0.0,5.783245,0.0,0.0,0.0,0.0,1.0,0.837,0.0,1.0,1.0,-0.104,0.0,0.392,1.0,6.452,0.0,0.0,0.0,4.326,0.406,-7.52,0.0,1.0,0.0,0.0,1.052,0.0,1.0,0.0,0.0,0.0,0.0,0.0,0.0,-0.28852892,1.0,0.0,1.0,0.936,0.0,0.0,0.0,0.0,0.0,0.0,0.0,0.0,0.0,3.382,0.0,0.0,0.0,1.0,5.853871964321762,1.0093538704045897
CC(=O)N[C@H](C(=O)N[C@H](C(=O)N[C@@H](Cc1ccccc1)C(=O)N[C@H](C(=O)N[C@@H](CO)C(=O)N[C@@H](Cc1c[nH]c2ccccc12)C(=O)N[C@@H](CCC(=O)O)C(=O)N[C@@H](CCC(=O)O)C(=O)N[C@@H](Cc1ccc(O)cc1)C(=O)N[C@@H](CC(C)C)C(=O)N[C@@H](CC(=O)O)C(=O)N[C@@H](Cc1c[nH]c2ccccc12)C(=O)N[C@H](C(N)=O)C(C)C)[C@@H](C)O)C(C)C)[C@@H](C)O,13.847474,0.0,0.0,0.0,34.076,0.0,1.0,1.0,0.0,1.0,0.0,0.0,1.0,5.7336674,0.0,-2.2934604,0.0,1.0,0.0,1.0,0.0,1.0,0.0,0.0,0.0,0.0,0.0,0.799,1.0,0.0,1.0,0.0,0.0,0.0,0.0,1.0,1.0,1.0,0.0,0.0,1.0,0.0,1.0,0.0,1.0,1.0,1.0,4.819,1.0,1.0,0.0,0.0,1.0,4.531,1.0,0.0,0.0,0.0,0.0,0.0,0.0,1.0,1.0,1.0,1.0,0.0,0.0,0.0,1.0,0.0,1.0,1.0,1.0,1.0,0.0,0.0,0.0,4.698,0.0,0.0,1.0,-2.629816,0.0,0.0,0.0,2.925,0.059,1.0,0.0,1.0,1.0,1.0,1.0,0.0,0.0,0.0,0.0,0.0,0.019,-0.50796664,0.0,1.0,1.0,0.0,1.0,1.0,0.0,0.0,0.0,1.0,0.05,1.0,1.0,1.0,0.866,0.0,0.0,1.0,-16.931,0.0,1.0,1.0,1.0,1.0,0.0,0.0,1.0,1.0,0.0,0.0,1.0,-0.077,0.0,1.0,3.731,1.0,1.0,1.0,0.0,1.0,1.0,2.0,1.0,4.253,1.0,1.0,0.0,0.0,1.0,0.0,0.0,1.0,1.0,0.139,1.0,1.0,0.0,0.0,0.0,0.0,1.0,0.0,0.0,3.363,1.0,1.0,1.0,2.747,1.0,0.0,0.087,1.0,1.0,1.0,1.0,0.061,0.0,0.0,1.0,0.0,0.0,0.0,1.0,1.0,1.0,1.0,0.0,0.0,1.0,1.0,1.0,1.0,1.0,1.0,1.0,0.45783132,0.0,1.0,1.0,1.0,1.0,0.494,1.0,14.98374,3.0,0.0,1.0,1.0,1.0,3.22,9.991944,1.0,0.395,0.0,0.0,1.0,0.0,1.0,0.0,1.0,0.862,0.0,0.0,0.0,0.022,0.0,0.878,1.0,7.736,0.0,1.0,0.0,0.907,0.736,-2.79,1.0,1.0,1.0,0.0,0.593,1.0,1.0,0.0,1.0,0.0,1.0,0.0,1.0,-0.4888943,0.0,0.0,0.0,1.413,0.0,0.0,1.0,1.0,1.0,0.0,1.0,0.0,1.0,1.803,3.0,1.0,0.0,1.0,5.221848749616356,1.0093538704045897
CC(=O)N[C@@H](Cc1cnc[nH]1)C(=O)N[C@H](C(=O)N[C@@H](Cc1ccccc1)C(=O)N[C@@H](CCCCN)C(=O)N[C@@H](CO)C(=O)N[C@@H](Cc1c[nH]c2ccccc12)C(=O)N[C@H]1CCCCNC(=O)C[C@@H](C(=O)N[C@@H](Cc2c[nH]c3ccccc23)C(=O)N[C@H](C(=O)N[C@@H](CCCCN)C(=O)N[C@@H](CCCCN)C(=O)N[C@@H](CCCCN)C(=O)N[C@@H](CCCCN)C(=O)N[C@@H](CCCCN)C(=O)N[C@@H](CCCCN)C(N)=O)C(C)C)NC(=O)[C@H](CC(C)C)NC(=O)[C@H](Cc2ccc(O)cc2)NC(=O)[C@H](CCC(=O)O)NC1=O)C(C)C,0.0,0.0,0.0,0.0,34.076,0.0,0.0,1.0,0.0,1.0,0.0,0.0,1.0,45.86934,0.0,-2.2965746,0.0,1.0,0.0,1.0,0.0,1.0,0.0,0.0,0.0,1.0,0.0,0.828,1.0,0.0,1.0,0.0,0.0,0.0,0.0,1.0,1.0,1.0,0.0,0.0,1.0,0.0,1.0,0.0,1.0,1.0,1.0,4.819,1.0,1.0,0.0,0.0,1.0,4.531,1.0,0.0,0.0,0.0,0.0,0.0,0.0,1.0,1.0,1.0,1.0,0.0,0.0,0.0,1.0,0.0,1.0,1.0,1.0,1.0,0.0,1.0,0.0,4.698,1.0,1.0,1.0,-2.6197078,1.0,1.0,0.0,2.925,0.06,1.0,0.0,1.0,1.0,1.0,1.0,0.0,1.0,0.0,1.0,0.0,0.031,-0.50796664,0.0,1.0,1.0,0.0,1.0,1.0,0.0,1.0,1.0,1.0,0.05,1.0,1.0,1.0,0.889,0.0,0.0,1.0,-16.931,0.0,1.0,1.0,1.0,1.0,0.0,0.0,1.0,1.0,0.0,1.0,1.0,-0.093,1.0,1.0,3.731,1.0,1.0,1.0,0.0,1.0,1.0,4.0,1.0,4.253,1.0,1.0,0.0,0.0,1.0,1.0,1.0,1.0,1.0,0.138,1.0,1.0,0.0,0.0,0.0,0.0,1.0,0.0,0.0,3.363,1.0,0.0,1.0,2.747,1.0,1.0,0.097,1.0,1.0,1.0,0.0,0.061,0.0,0.0,1.0,0.0,0.0,0.0,1.0,1.0,1.0,0.0,0.0,0.0,1.0,1.0,1.0,1.0,1.0,1.0,1.0,0.57258064,0.0,1.0,1.0,1.0,1.0,0.494,1.0,17.13812,1.0,0.0,1.0,1.0,1.0,3.22,9.985752,1.0,0.395,0.0,0.0,1.0,0.0,1.0,0.0,1.0,0.862,0.0,0.0,0.0,-0.015,1.0,0.878,1.0,8.039,0.0,1.0,0.0,0.907,0.766,-2.79,1.0,1.0,1.0,0.0,0.593,1.0,1.0,1.0,1.0,0.0,1.0,0.0,1.0,-0.4888943,0.0,0.0,0.0,1.413,0.0,0.0,1.0,1.0,1.0,0.0,1.0,1.0,1.0,1.803,1.0,1.0,0.0,1.0,6.756961951313706,1.0093538704045897
CSCC[C@H](NC(=O)[C@H](CC(C)C)NC(=O)CNC(=O)[C@H](Cc1ccccc1)NC(=O)[C@H](Cc1ccccc1)NC(=O)[C@H](CCC(N)=O)NC(=O)[C@H](CCC(N)=O)NC(=O)[C@@H]1CCCN1C(=O)[C@H](CCCCN)NC(=O)[C@@H]1CCCN1C(=O)[C@@H](N)CCCN=C(N)N)C(N)=O,0.0,0.0,0.0,0.0,84.774,11.761885,0.0,1.0,0.0,0.0,1.0,0.0,0.0,40.135674,0.0,-2.316968,0.0,1.0,0.0,1.0,1.0,0.0,1.0,0.0,11.761885,0.0,0.0,0.726,1.0,0.0,0.0,0.0,1.0,0.0,0.0,0.0,1.0,0.0,0.0,0.0,1.0,1.0,0.0,1.0,1.0,0.0,1.0,1.917,1.0,0.0,0.0,0.0,1.0,3.008,1.0,0.0,0.0,0.0,1.0,0.0,1.0,1.0,1.0,1.0,1.0,0.0,0.0,0.0,0.0,0.0,1.0,1.0,1.0,1.0,0.0,2.0,0.0,4.698,0.0,0.0,1.0,-2.6013684,0.0,1.0,0.0,0.769,0.108,1.0,0.0,1.0,1.0,1.0,1.0,0.0,1.0,0.0,0.0,1.0,0.047,-0.37015316,0.0,1.0,0.0,0.0,1.0,0.0,1.0,0.0,1.0,1.0,-0.629,1.0,1.0,1.0,0.809,0.0,1.0,0.0,-30.95,1.0,1.0,1.0,1.0,0.0,1.0,0.0,1.0,1.0,0.0,1.0,1.0,-0.108,0.0,1.0,5.895,1.0,1.0,1.0,0.0,1.0,1.0,2.0,1.0,3.005,1.0,1.0,0.0,0.0,1.0,0.0,0.0,1.0,1.0,0.184,1.0,1.0,0.0,1.0,0.0,0.0,1.0,0.0,0.0,1.97,0.0,0.0,0.0,1.118,1.0,2.0,0.13,1.0,0.0,1.0,0.0,-0.665,0.0,0.0,0.0,1.0,0.0,0.0,1.0,1.0,1.0,0.0,0.0,0.0,1.0,0.0,1.0,1.0,1.0,1.0,0.0,0.5873016,1.0,1.0,1.0,1.0,1.0,0.352,1.0,16.821053,0.0,1.0,1.0,1.0,1.0,0.883,10.010104,1.0,0.309,0.0,5.9595547,1.0,0.0,1.0,0.0,1.0,0.741,0.0,0.0,0.0,0.064,0.0,1.416,1.0,7.204,0.0,0.0,0.0,-4.092,0.526,2.013,1.0,1.0,1.0,1.0,0.176,1.0,1.0,0.0,1.0,0.0,1.0,0.0,1.0,-0.37015316,0.0,0.0,1.0,2.368,0.0,0.0,1.0,1.0,0.0,0.0,1.0,2.0,0.0,0.523,0.0,1.0,0.0,1.0,6.167491087293763,1.0093538704045897
CC(=O)N[C@H](C(=O)N[C@H](C(=O)N[C@@H](Cc1ccccc1)C(=O)N[C@H](C(=O)N[C@@H](CO)C(=O)N[C@@H](Cc1c[nH]c2ccccc12)C(=O)N[C@H]1CCCCNC(=O)C[C@@H](C(=O)N[C@@H](Cc2c[nH]c3ccccc23)C(=O)N[C@H](C(N)=O)C(C)C)NC(=O)[C@H](CC(C)C)NC(=O)[C@H](Cc2ccc(O)cc2)NC(=O)[C@H](CCC(=O)O)NC1=O)[C@@H](C)O)C(C)C)[C@@H](C)O,13.847474,0.0,0.0,0.0,34.076,0.0,1.0,1.0,1.0,1.0,0.0,0.0,1.0,5.7336674,0.0,-2.2942877,0.0,1.0,0.0,1.0,0.0,1.0,0.0,0.0,0.0,0.0,0.0,0.812,1.0,0.0,1.0,0.0,0.0,0.0,0.0,1.0,1.0,1.0,0.0,0.0,1.0,0.0,1.0,0.0,1.0,1.0,1.0,4.819,1.0,1.0,0.0,0.0,1.0,4.531,1.0,0.0,0.0,0.0,0.0,0.0,1.0,1.0,1.0,1.0,1.0,0.0,0.0,0.0,1.0,0.0,1.0,1.0,1.0,1.0,0.0,1.0,0.0,4.698,1.0,0.0,1.0,-2.6298342,0.0,1.0,0.0,2.925,0.049,1.0,0.0,1.0,1.0,1.0,1.0,0.0,1.0,0.0,0.0,0.0,0.031,-0.50796664,0.0,1.0,1.0,0.0,1.0,1.0,0.0,0.0,0.0,1.0,0.05,1.0,1.0,1.0,0.877,0.0,0.0,1.0,-16.931,0.0,1.0,1.0,1.0,1.0,0.0,0.0,1.0,1.0,0.0,0.0,1.0,-0.081,0.0,1.0,3.731,1.0,1.0,1.0,0.0,1.0,1.0,3.0,1.0,4.253,1.0,1.0,0.0,0.0,1.0,1.0,0.0,1.0,1.0,0.153,1.0,1.0,0.0,0.0,0.0,0.0,1.0,0.0,0.0,3.363,1.0,1.0,1.0,2.747,1.0,1.0,0.102,1.0,1.0,1.0,1.0,0.061,0.0,0.0,1.0,0.0,0.0,0.0,1.0,1.0,1.0,1.0,0.0,0.0,1.0,1.0,1.0,1.0,1.0,1.0,1.0,0.47619048,0.0,1.0,1.0,1.0,1.0,0.494,1.0,18.942623,1.0,1.0,1.0,1.0,1.0,3.22,9.990358,1.0,0.395,0.0,0.0,1.0,0.0,1.0,0.0,1.0,0.862,0.0,0.0,0.0,-0.017,1.0,0.878,1.0,7.771,0.0,1.0,0.0,0.907,0.75,-2.79,1.0,1.0,1.0,0.0,0.593,1.0,1.0,0.0,1.0,0.0,1.0,0.0,1.0,-0.4888943,0.0,0.0,0.0,1.413,0.0,0.0,1.0,1.0,1.0,0.0,1.0,1.0,1.0,1.803,1.0,1.0,0.0,1.0,5.150514997831991,0.2516903676328282
CC[C@H](C)[C@H](NC(=O)[C@H](CCC(N)=O)NC(=O)[C@H](CC(C)C)NC(=O)[C@H](CC(N)=O)NC(=O)[C@H](Cc1c[nH]c2ccccc12)NC(=O)[C@@H]1CCCN1C(=O)[C@H](CC(C)C)NC(=O)[C@H](CCCNC(=N)N)NC(=O)[C@H](CS)NC(=O)CNC(=O)[C@H](CO)NC(=O)CNC(=O)[C@@H](NC(=O)[C@H](Cc1c[nH]c2ccccc12)NC(=O)[C@H](CC(=O)O)NC(=O)[C@H](CC(C)C)NC(=O)[C@H](Cc1ccc(O)cc1)NC(=O)[C@H](CCC(=O)O)NC(=O)[C@H](CCC(=O)O)NC(=O)[C@H](Cc1c[nH]c2ccccc12)NC(=O)[C@H](CO)NC(=O)[C@@H](NC(=O)[C@H](Cc1ccccc1)NC(=O)[C@@H](NC(=O)[C@@H](N)[C@@H](C)O)C(C)C)[C@@H](C)O)C(C)C)C(=O)NCC(=O)N[C@@H](CC(C)C)C(=O)N1CCC[C@H]1C(=O)N[C@@H](CS)C(=O)O,11.823647,0.0,0.0,1.0,34.076,25.257578,0.0,1.0,0.0,1.0,0.0,0.0,1.0,28.343954,0.0,-2.315031,0.0,1.0,0.0,1.0,1.0,1.0,1.0,0.0,25.257578,1.0,0.0,0.756,1.0,0.0,1.0,0.0,1.0,0.0,0.0,1.0,1.0,1.0,0.0,0.0,1.0,1.0,1.0,0.0,1.0,1.0,1.0,4.819,1.0,1.0,0.0,0.0,1.0,4.531,1.0,0.0,0.0,0.0,1.0,0.0,0.0,1.0,1.0,1.0,1.0,0.0,0.0,0.0,1.0,0.0,1.0,1.0,1.0,1.0,0.0,2.0,0.0,4.698,1.0,0.0,1.0,-2.6283603,1.0,1.0,0.0,2.925,0.065,1.0,0.0,1.0,1.0,1.0,1.0,0.0,1.0,0.0,1.0,1.0,0.029,-0.50796664,0.0,1.0,1.0,0.0,1.0,1.0,1.0,0.0,1.0,1.0,0.05,1.0,1.0,1.0,0.851,0.0,0.0,1.0,-16.931,0.0,1.0,1.0,1.0,1.0,0.0,0.0,1.0,1.0,0.0,1.0,1.0,-0.099,0.0,1.0,3.731,1.0,1.0,1.0,0.0,1.0,1.0,5.0,1.0,4.253,1.0,1.0,0.0,0.0,1.0,1.0,1.0,1.0,1.0,0.153,1.0,1.0,0.0,1.0,0.0,0.0,1.0,0.0,0.0,3.363,1.0,0.0,1.0,2.747,1.0,2.0,0.092,1.0,1.0,1.0,0.0,0.061,0.0,0.0,1.0,1.0,1.0,0.0,1.0,1.0,1.0,1.0,0.0,0.0,1.0,1.0,1.0,1.0,1.0,1.0,1.0,0.5448718,1.0,1.0,1.0,1.0,1.0,0.494,1.0,16.054623,4.0,0.0,1.0,1.0,1.0,3.22,9.96833,1.0,0.395,0.0,5.9595547,1.0,0.0,1.0,0.0,1.0,0.862,0.0,0.0,0.0,0.044,1.0,0.878,1.0,8.297,0.0,1.0,0.0,0.907,0.55,-2.79,1.0,1.0,1.0,0.0,0.593,1.0,1.0,1.0,1.0,0.0,1.0,0.0,1.0,-0.4888943,0.0,0.0,0.0,1.413,0.0,0.0,1.0,1.0,1.0,0.0,1.0,2.0,1.0,1.803,4.0,1.0,0.0,1.0,6.6020599913279625,1.0093538704045897
CC1=CCC(C(=O)N=C2CC=C(S(=O)(=O)O)c3cc(S(=O)(=O)O)cc(S(=O)(=O)O)c32)=CC1=NC(=O)C1=CC=C/C(=N\C(=O)/N=C2\C=CC=C(C(=O)N=C3CC(C(=O)N=C4CC=C(S(=O)(=O)O)c5cc(S(=O)(=O)O)cc(S(=O)(=O)O)c54)=CC=C3C)C2)C1,12.1520405,0.0,0.0,0.0,34.076,0.0,0.0,1.0,1.0,0.0,1.0,1.0,1.0,0.0,0.0,-2.2102768,1.0,0.0,0.0,0.0,0.0,1.0,0.0,0.0,60.491592,0.0,0.0,0.465,1.0,0.0,1.0,0.0,1.0,1.0,0.0,0.0,1.0,0.0,0.0,0.0,0.0,0.0,0.0,0.0,1.0,1.0,0.0,4.819,1.0,0.0,0.0,0.0,1.0,4.531,1.0,0.0,0.0,1.0,1.0,0.0,1.0,1.0,0.0,1.0,1.0,0.0,1.0,0.0,1.0,1.0,1.0,1.0,0.0,1.0,1.0,0.0,1.0,4.698,0.0,1.0,1.0,-2.211437,1.0,0.0,0.0,2.925,0.301,1.0,0.0,1.0,0.0,0.0,1.0,0.0,1.0,1.0,0.0,1.0,-0.184,-0.28179106,1.0,1.0,0.0,1.0,1.0,1.0,1.0,0.0,1.0,1.0,0.05,1.0,1.0,1.0,0.492,0.0,0.0,1.0,-16.931,0.0,1.0,1.0,0.0,0.0,0.0,0.0,1.0,1.0,1.0,1.0,1.0,0.152,1.0,1.0,3.731,1.0,1.0,1.0,1.0,1.0,0.0,0.0,1.0,4.253,0.0,1.0,0.0,1.0,0.0,1.0,0.0,1.0,1.0,-0.119,1.0,1.0,0.0,1.0,0.0,1.0,1.0,1.0,1.0,3.363,1.0,1.0,1.0,2.747,1.0,0.0,-0.054,1.0,1.0,1.0,1.0,0.061,0.0,0.0,1.0,0.0,0.0,0.0,1.0,0.0,1.0,0.0,1.0,0.0,1.0,0.0,1.0,1.0,1.0,1.0,1.0,0.15686275,1.0,0.0,1.0,1.0,1.0,0.494,1.0,20.511627,0.0,0.0,1.0,1.0,0.0,3.22,9.9354725,1.0,0.395,1.0,0.0,0.0,1.0,1.0,0.0,1.0,0.862,0.0,0.0,1.0,0.074,1.0,0.878,0.0,7.71,0.0,0.0,1.0,0.907,0.695,-2.79,0.0,1.0,1.0,0.0,0.593,1.0,1.0,1.0,0.0,0.0,1.0,0.0,1.0,-0.4888943,1.0,0.0,1.0,1.413,0.0,0.0,1.0,1.0,0.0,1.0,1.0,0.0,0.0,1.803,0.0,0.0,0.0,1.0,4.823908740944319,1.0093538704045897
O=C(Nc1ccc(C(=O)Nc2cccc(C(=O)Nc3cc(S(=O)(=O)O)cc4cc(S(=O)(=O)O)cc(S(=O)(=O)O)c34)c2)cc1)Nc1ccc(C(=O)Nc2cccc(C(=O)Nc3cc(S(=O)(=O)O)cc4cc(S(=O)(=O)O)cc(S(=O)(=O)O)c34)c2)cc1,12.132734,0.0,0.0,0.0,34.076,0.0,0.0,1.0,0.0,0.0,0.0,1.0,1.0,0.0,0.0,-2.1479506,0.0,0.0,0.0,0.0,0.0,1.0,0.0,0.0,50.506783,1.0,0.0,0.469,1.0,0.0,0.0,0.0,0.0,0.0,0.0,1.0,1.0,0.0,0.0,0.0,0.0,0.0,0.0,0.0,1.0,1.0,0.0,4.819,1.0,0.0,0.0,0.0,0.0,4.531,1.0,1.0,0.0,0.0,0.0,0.0,0.0,1.0,0.0,1.0,1.0,0.0,0.0,0.0,1.0,0.0,1.0,0.0,0.0,0.0,0.0,0.0,1.0,4.698,0.0,0.0,1.0,-2.1959026,0.0,0.0,0.0,2.925,0.299,0.0,0.0,0.0,1.0,0.0,0.0,0.0,0.0,0.0,0.0,0.0,-0.196,-0.32197335,1.0,1.0,0.0,0.0,1.0,1.0,1.0,0.0,1.0,0.0,0.05,0.0,0.0,0.0,0.498,0.0,1.0,1.0,-16.931,0.0,1.0,1.0,0.0,0.0,0.0,0.0,0.0,0.0,0.0,1.0,0.0,0.152,0.0,1.0,3.731,0.0,1.0,0.0,1.0,0.0,0.0,0.0,1.0,4.253,1.0,1.0,0.0,0.0,0.0,0.0,1.0,0.0,0.0,-0.132,1.0,0.0,0.0,0.0,0.0,0.0,1.0,1.0,1.0,3.363,1.0,1.0,0.0,2.747,1.0,0.0,-0.067,1.0,0.0,0.0,1.0,0.061,0.0,0.0,1.0,0.0,0.0,0.0,1.0,0.0,0.0,0.0,0.0,0.0,1.0,0.0,0.0,1.0,0.0,1.0,0.0,0.0,1.0,1.0,0.0,1.0,1.0,0.494,1.0,12.261905,0.0,0.0,0.0,1.0,1.0,3.22,10.078046,1.0,0.395,0.0,0.0,0.0,1.0,0.0,0.0,0.0,0.862,0.0,1.0,0.0,0.078,0.0,0.878,1.0,7.642,0.0,0.0,1.0,0.907,0.703,-2.79,0.0,1.0,0.0,0.0,0.593,1.0,1.0,0.0,0.0,0.0,1.0,0.0,1.0,-0.4888943,0.0,0.0,0.0,1.413,0.0,1.0,0.0,1.0,0.0,1.0,1.0,0.0,0.0,1.803,0.0,0.0,1.0,0.0,4.769551078621726,1.0093538704045897
O=C(Nc1ccc(C(=O)Nc2ccc(C(=O)Nc3cc(S(=O)(=O)O)cc4cc(S(=O)(=O)O)cc(S(=O)(=O)O)c34)cc2)cc1)Nc1ccc(C(=O)Nc2ccc(C(=O)Nc3cc(S(=O)(=O)O)cc4cc(S(=O)(=O)O)cc(S(=O)(=O)O)c34)cc2)cc1,0.0,0.0,0.0,0.0,34.076,0.0,0.0,1.0,0.0,0.0,0.0,1.0,1.0,0.0,0.0,-2.1460757,0.0,0.0,0.0,0.0,0.0,1.0,0.0,0.0,50.506783,1.0,0.0,0.469,1.0,0.0,0.0,0.0,0.0,0.0,0.0,1.0,1.0,0.0,0.0,0.0,0.0,0.0,0.0,0.0,1.0,1.0,0.0,4.819,1.0,0.0,0.0,0.0,0.0,4.531,1.0,1.0,0.0,0.0,0.0,0.0,0.0,1.0,0.0,1.0,1.0,0.0,0.0,0.0,1.0,0.0,1.0,0.0,0.0,0.0,0.0,0.0,1.0,4.698,0.0,0.0,1.0,-2.195285,0.0,0.0,0.0,2.925,0.299,0.0,0.0,0.0,1.0,0.0,0.0,0.0,0.0,0.0,0.0,0.0,-0.196,-0.32199797,1.0,1.0,0.0,0.0,0.0,1.0,1.0,0.0,1.0,0.0,0.05,0.0,0.0,0.0,0.498,0.0,1.0,1.0,-16.931,0.0,1.0,0.0,0.0,0.0,0.0,0.0,0.0,0.0,0.0,1.0,0.0,0.152,0.0,0.0,3.731,0.0,1.0,0.0,1.0,0.0,0.0,0.0,1.0,4.253,1.0,1.0,0.0,0.0,0.0,0.0,1.0,0.0,0.0,-0.132,1.0,0.0,0.0,0.0,0.0,0.0,1.0,1.0,1.0,3.363,1.0,1.0,0.0,2.747,1.0,0.0,-0.067,1.0,0.0,0.0,1.0,0.061,0.0,0.0,1.0,0.0,0.0,0.0,1.0,0.0,0.0,0.0,0.0,0.0,1.0,0.0,0.0,0.0,0.0,1.0,0.0,0.0,1.0,1.0,0.0,0.0,1.0,0.494,0.0,12.261905,0.0,0.0,0.0,1.0,1.0,3.22,10.078941,1.0,0.395,0.0,0.0,0.0,1.0,0.0,0.0,0.0,0.862,0.0,1.0,0.0,0.125,0.0,0.878,1.0,7.534,0.0,0.0,1.0,0.907,0.703,-2.79,0.0,1.0,0.0,0.0,0.593,1.0,1.0,0.0,0.0,0.0,1.0,0.0,0.0,-0.4888943,0.0,0.0,0.0,1.413,0.0,1.0,0.0,1.0,0.0,1.0,1.0,0.0,0.0,1.803,0.0,0.0,1.0,0.0,4.721246399047171,1.0093538704045897
O=C(Nc1ccc(C(=O)Nc2ccc(C(=O)Nc3ccc(S(=O)(=O)O)c4cc(S(=O)(=O)O)cc(S(=O)(=O)O)c34)cc2)cc1)Nc1ccc(C(=O)Nc2ccc(C(=O)Nc3ccc(S(=O)(=O)O)c4cc(S(=O)(=O)O)cc(S(=O)(=O)O)c34)cc2)cc1,12.132734,0.0,0.0,0.0,34.076,0.0,0.0,1.0,0.0,0.0,0.0,1.0,1.0,0.0,0.0,-2.1503987,0.0,0.0,0.0,0.0,0.0,1.0,0.0,0.0,50.506783,1.0,0.0,0.469,1.0,0.0,0.0,0.0,0.0,0.0,0.0,1.0,1.0,0.0,0.0,0.0,0.0,0.0,0.0,0.0,1.0,1.0,0.0,4.819,1.0,0.0,0.0,0.0,0.0,4.531,1.0,1.0,0.0,0.0,0.0,0.0,0.0,1.0,0.0,1.0,1.0,0.0,0.0,0.0,1.0,0.0,1.0,0.0,0.0,0.0,0.0,0.0,1.0,4.698,0.0,0.0,1.0,-2.195265,0.0,0.0,0.0,2.925,0.299,0.0,0.0,0.0,1.0,0.0,0.0,0.0,0.0,0.0,0.0,0.0,-0.191,-0.32199797,1.0,1.0,0.0,0.0,1.0,1.0,1.0,0.0,1.0,0.0,0.05,0.0,0.0,0.0,0.498,0.0,0.0,1.0,-16.931,0.0,1.0,1.0,0.0,0.0,0.0,0.0,0.0,0.0,0.0,1.0,0.0,0.152,0.0,0.0,3.731,0.0,1.0,0.0,1.0,0.0,0.0,0.0,1.0,4.253,1.0,1.0,0.0,0.0,0.0,0.0,1.0,0.0,0.0,-0.117,1.0,0.0,0.0,0.0,0.0,0.0,1.0,1.0,1.0,3.363,1.0,1.0,0.0,2.747,1.0,0.0,-0.053,1.0,0.0,0.0,1.0,0.061,0.0,0.0,1.0,0.0,0.0,0.0,1.0,0.0,0.0,0.0,0.0,0.0,1.0,0.0,0.0,0.0,0.0,1.0,0.0,0.0,1.0,1.0,0.0,0.0,1.0,0.494,0.0,12.261905,0.0,0.0,0.0,1.0,1.0,3.22,10.077906,1.0,0.395,0.0,0.0,0.0,1.0,0.0,0.0,0.0,0.862,0.0,1.0,0.0,0.175,0.0,0.878,1.0,7.754,0.0,0.0,1.0,0.907,0.703,-2.79,0.0,1.0,0.0,0.0,0.593,1.0,1.0,0.0,0.0,0.0,1.0,0.0,0.0,-0.4888943,0.0,0.0,0.0,1.413,0.0,1.0,0.0,1.0,0.0,1.0,1.0,0.0,0.0,1.803,0.0,0.0,1.0,0.0,4.769551078621726,1.0093538704045897
