true,L1_Ridge,L1_Lasso,L1_ElasticNet,L1_Huber,L1_BayesianRidge,L1_RF_Meta,L1_ET_Meta,L1_GBR_Meta,L1_XGB_Meta,L1_LGBM_Meta,L1_CAT_Meta,L1_NN_Meta,L2_Ridge,L2_Lasso,L2_ElasticNet,L2_Huber,L2_BayesianRidge,L2_RF_Meta,L2_ET_Meta,L2_GBR_Meta,L2_XGB_Meta,L2_LGBM_Meta,L2_CAT_Meta,L2_NN_Meta,linear_BayR,linear_ENet,linear_Huber,linear_Lasso,linear_Ridge,linear_SGD,nn_MLP_Deep,nn_MLP_Large,nn_MLP_Medium,nn_MLP_Small,nn_MLP_Tanh,nn_MLP_Wide,pls_PLS,tree_Adaboost,tree_CAT,tree_ET,tree_GBR,tree_LGBM,tree_RF,tree_XGB,Simple_Average,Optimized_Weighted
5.886056647693163,6.795938014984131,6.887325763702393,6.842767715454102,6.6611832996148435,6.843407154083252,6.675713782946527,6.732769243652653,6.002602629033329,6.0255961418151855,6.428785918050744,6.186159394051538,6.608793258666992,6.561985015869141,6.64685583114624,6.635596752166748,5.988048807754394,6.649956703186035,6.4650821815928134,6.600460772111095,6.588429169826089,6.540603160858154,6.58261092840257,6.520999878086233,4.9610395431518555,5.93026,6.0029507,-30.262058,5.9283204,5.322231,-9.630283,9.776412,5.33824,6.213553,3.804423,-4.3184905,8.597912,6.284324,6.6207047,6.0201306,6.745522,7.1716075,6.459076,6.6878085,6.9415264,3.2817085,5.886047304931381
5.698970004336019,6.423291206359863,6.555568218231201,6.526777267456055,6.833519092727162,6.4448957443237305,6.211847295446671,6.361356776548192,5.969564399059925,6.156505584716797,6.452452467862582,6.0901354464308675,5.374079704284668,6.370258331298828,6.397190570831299,6.370089530944824,6.196107506439411,6.402875900268555,6.462633247127176,6.60137886946495,6.627772184910624,6.529590129852295,6.492408993451511,6.60732019416502,6.44096040725708,6.0233874,6.234319,2.069166,6.3477097,6.0442123,1.2662643,5.935471,7.5455995,5.027886,5.3284297,-4.9849987,5.593325,6.4673405,6.0673,6.156913,6.176252,5.849965,6.0885634,6.213407,5.683877,5.05672,6.142878201403528
5.886056647693163,7.271236896514893,7.396701335906982,7.299991130828857,7.13209620244614,7.405066013336182,7.749393925605489,8.015539678454914,8.231450628988268,6.81815242767334,8.098615478059164,8.143267478101258,8.14912223815918,7.713763236999512,7.752618789672852,7.729243755340576,6.955426531386577,7.598571300506592,7.631089712970033,7.369907014643218,7.501908842399215,7.437626361846924,7.742646756009625,7.395923061943864,2.256493091583252,6.1452575,6.194348,-32.325512,6.1556263,5.8024254,-9.714409,10.159127,5.455173,6.626713,3.2903934,-5.526482,9.405887,6.3416433,6.6207047,5.8877215,6.7584023,7.0935354,6.280111,6.586823,6.8499856,3.2043736,6.032686985545777
5.698970004336019,6.006515979766846,6.077253341674805,6.010903358459473,6.096583067756287,6.02763557434082,5.777601501336323,5.80274063010231,5.720092166173709,5.785904407501221,5.805642705658621,5.659222071709471,5.22939920425415,6.030474662780762,6.055355072021484,6.026546478271484,5.606720578191583,6.027077674865723,6.4662106109999735,6.001538843939334,6.577902715322389,6.2623090744018555,6.1553818509749965,6.003976567158202,4.826916217803955,5.5994506,5.7604103,-18.510145,5.7762413,5.6210394,-2.542999,5.9844956,5.929447,6.194171,5.702216,5.388755,4.945701,5.476407,5.890051,5.92828,5.874965,5.681642,5.459207,5.9302855,5.794157,4.0941887,5.616724590285236
6.154901959985743,6.405035972595215,6.1558709144592285,6.282589912414551,6.0847559427454625,6.349879264831543,6.1128432302278455,5.897136426670186,5.882736625854276,5.815124034881592,5.974440080126255,6.128280327883744,5.205588340759277,5.899713039398193,5.9401092529296875,5.946544647216797,5.823650298104031,5.98874044418335,6.084465104450041,6.520658295172332,5.96972200532611,6.038453102111816,6.113756331038915,6.21654698653904,1.3963124752044678,6.0499835,5.9558,-1.7663186,5.9899216,5.382239,-0.370322,7.6947055,5.3575087,6.8513746,5.120652,-2.638873,6.450654,5.987094,5.9057937,5.911053,5.922539,5.8538837,5.6534896,5.9986997,5.9219065,4.861589,5.866335577766583
6.154901959985743,7.157260894775391,7.408134937286377,7.312159061431885,7.62010099694961,7.259627342224121,7.266622271373876,7.340785531566781,6.664878700909303,7.223531246185303,7.48081309990932,6.316280553518569,6.926291465759277,7.262113094329834,7.3419318199157715,7.259853363037109,6.440115470807397,7.263483047485352,7.507551065829441,7.090046040598326,7.342154589865355,7.4876322746276855,7.54623826713969,7.118344709559985,7.296999931335449,6.120635,6.2817187,-30.667484,6.2589893,5.7516375,-8.931335,9.942335,5.284923,6.547789,3.341558,-6.2290463,7.836388,6.1802645,6.403138,5.9279704,6.7011013,6.755443,6.7466974,6.444849,6.681572,3.1689575,6.083480556811465
6.0,6.285458087921143,6.570305347442627,6.4034037590026855,6.293974222839945,6.342489719390869,6.023542578455469,6.014690010030104,5.968003814650365,6.061511993408203,6.038151715931469,6.2430464743876835,5.944945335388184,6.486695289611816,6.439449310302734,6.448801517486572,6.359563011485307,6.442927837371826,6.691320857967487,6.744062688835153,7.237303182435171,7.20154333114624,6.723130217548952,6.639629848603399,6.532693862915039,6.2043924,6.1123843,2.9617553,6.1631365,7.109233,2.498335,7.009259,6.5750203,5.963454,6.9807982,4.0510416,7.055846,6.1879787,5.9685516,6.1195087,6.050257,5.948225,6.0262218,6.2039576,6.128356,5.8658857,6.095127701831404
5.769551078621726,5.847439289093018,5.657634258270264,5.719699859619141,5.57753498327921,5.8227033615112305,5.731940452393202,5.6304235910605245,5.651004211976064,5.703973293304443,5.577446475217992,5.435148666399391,5.501163005828857,5.666841983795166,5.734781742095947,5.709251403808594,5.420562991370524,5.713200092315674,5.575043116189002,5.58304394741257,5.589896982436387,5.57007360458374,5.528186775204723,5.560159555007851,6.261261940002441,5.775672,5.7647905,-17.977837,5.7455425,5.651695,0.18163602,6.146491,5.716631,5.7747135,6.06691,5.687568,5.4958606,5.5395083,5.9005466,5.728089,5.6497135,5.6813316,5.4217587,6.2193503,6.163869,4.316693,5.713318826418222
5.42021640338319,6.0593414306640625,5.986216068267822,5.9854936599731445,5.965424423231731,6.066128730773926,5.660172834599974,5.738307773418405,5.738040421798486,5.65083646774292,5.674116157978717,5.707360043198482,6.467030048370361,6.037632465362549,6.01470947265625,6.008306503295898,5.675481447391731,6.003719806671143,5.769201484614542,5.907548839042825,6.047154325788918,5.850119113922119,5.858885586488248,5.8918354778449356,3.73555588722229,5.645652,5.8362837,-22.34041,5.8490605,5.5770807,-3.2028391,6.036733,5.6373496,6.258439,5.913775,4.849445,4.7095604,5.58181,5.974345,5.7673025,5.7523165,5.5890927,5.263162,6.129849,6.027247,3.8427627,5.706299309418023
5.119186407719209,5.880565643310547,5.871591091156006,5.894829750061035,5.907454735332248,5.881021976470947,5.730337964556311,5.596795405134038,5.859949359909087,5.772757053375244,5.624759232143363,5.469655070807386,5.383342742919922,5.555498123168945,5.6100544929504395,5.6214189529418945,5.302872999295344,5.638908863067627,5.67299309659722,5.754024038896217,5.747778999988575,5.745688438415527,5.741340085188514,5.682544614229679,5.581843852996826,5.817536,5.851243,-19.117569,5.859889,6.0064645,-1.4262818,5.6034455,5.538073,5.5984397,5.6141477,4.9016356,4.4259353,5.5835915,5.9763947,5.8590307,5.719303,5.8372355,5.7240977,6.1265025,6.225357,4.0862236,5.786417949815365
5.698970004336019,5.914962291717529,5.703364372253418,5.793146133422852,5.608954447783387,5.874454021453857,5.81124271265385,5.699670873738454,5.688588310395919,5.775185585021973,5.859751110807408,5.684743626385131,5.589003086090088,5.680929660797119,5.708520412445068,5.7110772132873535,5.537133386960385,5.739415168762207,5.683952559175763,5.64644692725111,5.693220346572651,5.690879821777344,5.69995961662362,5.639948562827501,5.996315002441406,5.869581,5.8788447,-15.319974,5.9365997,5.9325027,1.0145961,5.9872837,5.281325,5.6207466,5.7729645,5.629626,5.260098,5.5606947,5.9034376,5.832013,5.6868286,5.6171803,5.4225583,6.1557035,5.75517,4.439889,5.789592440311048
6.221848749616356,5.1306047439575195,4.658880233764648,4.79647159576416,4.49311655596688,4.778595924377441,6.022016920653255,6.04451773274448,5.5651451679081685,5.621999263763428,5.566872748739957,5.8115966706850095,5.363905906677246,4.879708290100098,5.220322608947754,5.19927453994751,5.609865250768977,5.0734639167785645,5.755717180532459,5.635007441180935,6.019435951106502,5.937731742858887,5.878059790260771,5.710776255215932,3.170598030090332,6.0976987,5.6480174,-0.713091,5.684671,5.510994,0.04388808,6.006984,5.88677,6.093936,5.449852,2.4404407,6.6593137,5.920408,7.590228,6.4628086,5.9277234,7.172562,7.025184,6.988287,7.431545,5.466411,5.947790736473889
5.920818753952375,5.3945136070251465,5.270083904266357,5.378340721130371,5.029250902410986,5.392529010772705,5.627661305336915,5.423450292885766,5.685576968389597,5.608266353607178,5.26846991433585,5.348060542609274,5.061745643615723,5.2282609939575195,5.353702068328857,5.341770648956299,5.104608497180221,5.284645080566406,5.243621278740298,5.271444389946984,5.293531895759908,5.314743995666504,5.458654193877921,5.365809068592271,5.002961158752441,5.2390966,5.248336,3.5332725,5.2844963,5.28466,3.2634485,5.201275,4.9985094,5.3127065,6.116361,6.196318,5.2080593,5.2787504,5.8141584,5.655889,5.704762,5.6955924,5.586579,5.836704,5.842173,5.3150573,5.358078958323554
5.6020599913279625,5.999934196472168,5.9271087646484375,5.9331488609313965,5.640449579350235,5.957467079162598,5.753000116740951,5.9866523813203125,5.965941614795642,5.915159702301025,5.87816585074398,5.686940465208988,5.88029146194458,6.042444229125977,6.055431842803955,6.0092620849609375,6.010002505451228,5.98254919052124,5.945089443663893,5.918347622455278,6.249929980243059,6.114152431488037,6.056702462752755,6.025862353949982,5.391500473022461,5.8296447,6.124115,-19.262589,6.1290255,5.7593303,-0.5711954,4.9911923,5.665515,5.1995625,5.4922814,5.1232677,5.163573,5.4217067,5.9755077,6.214525,5.79004,5.7320504,5.6801124,6.1222243,5.793624,4.1186757,5.902477498930637
5.3979400086720375,5.683842658996582,5.6551384925842285,5.732326507568359,5.379958419662711,5.619374752044678,5.850525305854558,5.649630562033303,5.798469499360295,5.403818607330322,5.636210159342058,5.6655070839668085,6.867630481719971,5.745415687561035,5.731937885284424,5.732381820678711,5.1738156188018785,5.787125110626221,5.835963651166137,5.536413505776552,6.425877483447149,6.154067039489746,5.977012191131867,5.784071130283902,5.0178303718566895,5.740862,5.9036064,-22.60892,5.9100375,5.569901,-1.3684381,5.672378,5.1775136,5.538743,5.4845886,5.4978456,5.0674086,5.4902105,6.0126863,6.2058897,5.664967,6.740853,6.6589746,6.289643,6.6561527,4.065245,5.908760696170393
5.698970004336019,6.456532001495361,6.3766093254089355,6.4144606590271,6.304652000226408,6.456514358520508,6.350635403345965,6.4900636344919045,6.736918176724136,6.727961540222168,6.588414921594894,6.430003525053217,5.884636878967285,6.507203102111816,6.467928886413574,6.466839790344238,6.638822370616261,6.4624409675598145,6.297257961016623,6.380086725145709,6.354026668155909,6.368502140045166,6.442062912333853,6.374849579215038,6.607008934020996,6.202429,6.3087883,1.3214719,6.373909,5.954588,3.569026,6.2510514,6.188042,5.839127,6.0661793,3.059615,6.523141,7.078158,6.3016014,6.2638025,6.5950055,6.570264,6.390796,6.74516,6.7216563,5.8161907,6.437996365385687
5.154901959985743,5.465022563934326,5.34023904800415,5.412143230438232,5.305041721728014,5.461034774780273,5.948335707020294,5.909276260504131,5.819420555301592,5.901116847991943,5.701217729583248,5.734455888565474,5.402203559875488,5.639043807983398,5.748685836791992,5.726785659790039,5.625373269405228,5.644652843475342,5.634240146897268,5.571646109350262,5.700596027277682,5.705050468444824,5.766967803302465,5.636540350474668,5.430656909942627,5.936846,5.636054,4.0729165,5.6179166,6.091754,3.2541862,5.749442,6.956942,5.3703837,5.1136365,3.5865865,5.6190414,6.0173535,5.898011,5.760588,5.7285686,5.7690535,5.8726544,5.921016,5.550216,5.4761586,5.594476613795314
8.221848749616356,7.286381721496582,7.875665187835693,7.539997100830078,7.33133558217207,7.429503440856934,7.529357492759462,7.274988420508846,7.889565534320029,7.9513630867004395,7.658135260691556,7.100909408025376,7.160755157470703,7.702239036560059,7.704372406005859,7.677584171295166,7.3784011733369965,7.705265522003174,7.65288028699921,7.435297651223639,7.556826651607852,7.486084938049316,7.6651613909247605,7.370463473443076,12.096822738647461,6.9859138,7.089259,-27.0092,7.2456713,7.3410196,-18.483187,8.585929,9.498446,6.861445,7.0270214,-4.856312,10.196871,8.491989,6.4707737,6.4759774,6.6576934,6.086717,6.8213325,6.447021,6.72798,3.733118,6.792959301279242
9.769551078621726,6.079289436340332,6.225735187530518,6.173732280731201,6.053596225208494,6.082304000854492,5.757329193994137,6.077637751116511,5.961090082558742,5.559300899505615,5.673857565587286,5.965183382320909,7.046569347381592,5.862435340881348,5.911781311035156,5.904998302459717,5.935099346205721,5.908346176147461,5.994376084663442,6.173986852540671,5.9793732021185475,5.935809135437012,5.984239978285465,6.0752892263607245,5.4422926902771,5.6739945,6.062421,-36.986298,6.228405,6.1352177,-10.149234,5.6063414,5.4004645,4.3603578,4.451697,3.408933,6.147842,6.4213843,5.714977,5.394765,6.124326,5.489909,5.4258027,5.778201,5.727332,2.6208422,5.862904954484666
9.97469413473523,6.430854797363281,6.575374603271484,6.532478332519531,6.535097871781211,6.435446739196777,5.721281569816951,6.192641597795159,5.794085386879088,6.088301658630371,6.244923937065819,5.919907874702927,6.786144256591797,6.052712440490723,6.050118446350098,6.068292140960693,6.1047988994111,6.09559440612793,6.3180708484009385,6.368823301851761,6.362785290743917,6.388218879699707,6.373980377894017,6.333064819031097,5.7270731925964355,5.546111,6.315664,-41.459827,6.4629035,5.8084607,-11.984497,6.2937207,5.509616,4.588506,3.5562866,-0.08658442,4.478443,6.4635243,5.82121,5.6156883,6.3064795,5.595126,5.6952844,5.7073936,5.8381944,2.103585,6.027360531240556
9.154901959985745,6.337945938110352,6.348628520965576,6.335050582885742,6.24262224001224,6.3497843742370605,6.247077311101427,6.225090589499915,6.396631867387497,6.2150139808654785,7.1372710229636995,6.095146078741334,6.367025375366211,6.1937127113342285,6.255778789520264,6.264044761657715,5.991694613877549,6.32540225982666,6.288502585544713,6.379349030411036,6.36829006310529,6.283796310424805,6.414398520469104,6.322609510692634,5.503837585449219,6.0148478,6.2973266,-33.399914,6.2766137,5.501578,-10.536763,10.179689,5.1916504,6.5786657,3.4802456,-6.79653,8.485137,6.1741242,6.20537,5.9625764,6.6398783,6.57898,6.4061,6.3390064,6.6432037,2.9110894,6.057712826350402
8.886056647693163,6.319583415985107,6.509359836578369,6.391327381134033,6.160224162941482,6.339778900146484,6.360250525110289,5.991119498937837,6.45840243073214,6.193802356719971,6.322875571281906,5.896489572160249,6.060126304626465,6.1855621337890625,6.138560771942139,6.179642200469971,5.988143448552329,6.301780700683594,6.218268025168077,6.419533815389138,5.970040369822685,5.981962203979492,6.056038878005426,6.280925201020503,5.972160339355469,6.1612635,6.2748075,-34.00444,6.2320848,5.860321,-10.326072,10.229759,5.443226,6.681346,3.3487947,-5.4434476,9.432754,6.340404,6.588405,5.9217257,6.764768,7.0775495,6.2585664,6.581362,6.893312,3.1158245,6.085201371787225
6.428291168191312,6.429724216461182,6.360008239746094,6.346084117889404,5.891439117681661,6.346668243408203,6.403239433212836,6.379262511646294,6.460813726629242,6.171207427978516,7.475912544317186,6.210744200594556,4.969125270843506,6.415055751800537,6.222096920013428,6.195981979370117,6.261401401503211,6.294793605804443,6.331416416667328,6.4150749061596555,6.45115405505663,6.125194072723389,6.216341627271946,6.302433646925275,1.7560675144195557,6.270189,6.063807,-4.242582,5.939004,6.264077,1.4692525,7.81338,7.6054373,5.0478373,4.052141,0.58567333,5.704682,6.563757,6.5357895,6.35117,6.7614036,6.2229943,6.203022,6.318464,6.6834664,5.210648,6.047078158607723
6.714442690992226,5.956321716308594,5.2299323081970215,5.570918083190918,4.924149827327163,5.691445827484131,6.550799468664691,6.387440412208419,6.28404409177311,6.320135116577148,6.393822487541993,6.832705855466381,8.004886627197266,5.826012134552002,5.8573455810546875,5.8708176612854,6.439232994145407,5.72430944442749,5.902264904542079,5.800206714502538,5.830482748949536,5.831985950469971,5.885377191959742,6.028754310600297,8.369264602661133,6.6290097,6.2673373,-2.4844265,6.270372,6.57637,-0.75778097,5.360153,7.5624013,7.200992,0.27874213,3.4993887,9.477359,6.940431,6.6378,6.4533043,6.6560874,6.765837,6.675654,7.214055,6.9809403,5.5102015,6.333701486033909
6.508638306165727,5.681299686431885,5.496898174285889,5.671006202697754,5.5831686203485456,5.6784844398498535,5.835721362046327,6.159866566970746,5.656395446702457,5.4902262687683105,5.489780111492886,5.9449056632032224,5.32688045501709,5.525112152099609,5.716419696807861,5.6820244789123535,6.003601713268775,5.54775857925415,5.565273823316026,5.613650885703395,5.807689816214362,5.7284111976623535,5.765852674765003,5.6927526493972005,5.0350446701049805,6.6548223,5.896146,-16.871153,5.8481793,6.547177,1.0656284,3.8959763,6.292941,6.3653,7.7354074,-3.6360579,5.9462543,6.6412263,6.031779,5.7132416,6.4945683,5.550472,6.127314,6.1669025,5.6850605,4.207559,5.792166894522212
6.769551078621726,6.282162189483643,6.034689903259277,6.145175933837891,5.899946039727263,6.21958589553833,6.917324515509177,6.532450632607364,6.880343885360152,6.911974906921387,6.556783621656628,5.830715054945323,5.666932106018066,5.797496795654297,6.02552604675293,6.026994705200195,5.603838237237447,6.077065944671631,6.275873554010472,6.415254976592767,6.034326520660186,6.190005779266357,6.087935843250906,6.430990962029156,5.98630428314209,5.8341303,6.499834,-20.743195,6.6993814,5.5088463,-4.938796,5.6657567,9.028987,8.014396,3.608761,-6.119843,4.750216,5.5128055,5.963877,5.5922914,6.112953,5.859989,6.0247846,6.0615115,6.0508666,3.549378,6.297465700977174
7.045757490560675,7.102742671966553,7.165225028991699,7.131254196166992,6.974890468230217,7.182332992553711,6.683279097799699,6.893389982073304,6.7380444187013495,7.005464553833008,7.1008899796408125,6.7625087475066525,6.526320934295654,7.031670570373535,6.948746204376221,6.9557976722717285,7.035256433045138,6.9977216720581055,6.556625863887745,6.511517692491263,6.407112491895656,6.391995429992676,6.404303303710203,6.671542748962325,1.5569355487823486,6.4303417,6.592679,-9.961839,6.6588287,6.426143,3.6564982,5.405814,5.0356226,5.956825,3.890265,4.560599,6.436568,6.8681846,6.1151385,6.1620154,6.340466,6.24757,6.330426,6.3300905,6.014138,5.0748186,6.497550212825225
7.045757490560675,6.537281036376953,6.794356822967529,6.670787334442139,6.8770501002122675,6.587422847747803,7.207774273497116,6.959101001140819,6.798724309859104,6.650822162628174,6.870204971785649,6.7004556233124655,6.598116874694824,6.804293632507324,6.8849592208862305,6.878329277038574,6.553263737943399,6.847095966339111,6.544081829274961,6.535002570367648,6.143693238537184,6.182264804840088,6.377375651683684,6.585238013179748,1.268036961555481,6.4221387,6.9938684,1.5305859,6.959167,6.4688416,3.1056762,5.384771,7.077668,6.4004827,7.471781,4.463793,5.160157,6.0424232,6.44631,6.685668,6.7678676,7.117214,7.751286,6.6057954,6.882693,6.0869093,6.829482691190568
5.486782399932061,5.480100154876709,5.3146514892578125,5.395026206970215,5.000031894305362,5.400019645690918,5.2955949910654745,5.357938156381208,5.512848414366141,5.309692859649658,5.186004150762658,5.377907696782077,5.795119285583496,5.460301876068115,5.464255332946777,5.456766605377197,5.456461259830478,5.456302165985107,5.296337433018427,5.444650758597043,5.481981236852959,5.448538303375244,5.525809352503828,5.495711619969767,5.111023902893066,6.4448333,6.444704,-52.42741,6.466883,5.711537,-37.602016,6.7752633,8.470772,5.7915645,7.521033,-7.728685,6.3648577,5.8189173,5.7227945,5.5847015,5.8852005,5.5374694,5.4069843,5.944651,5.433746,0.37839,5.478974076322279
6.004364805402449,3.705122232437134,4.106634140014648,3.890397548675537,6.022019735904193,3.734005928039551,5.644341951790076,5.276673377329384,5.439707670408704,5.645944118499756,5.48813339954342,5.197779999984338,17.65082550048828,4.1911725997924805,4.381098747253418,4.378726482391357,4.2727875955944885,4.444814682006836,5.383692505428113,5.39553423927653,5.2831990911964555,5.4498138427734375,5.4628661780320655,5.61725309229321,20.535619735717773,6.6100016,6.431069,-53.371597,6.447966,6.155698,-37.742954,6.5136647,7.5957637,5.271646,6.454176,-7.949609,6.1943126,5.9709225,5.9489846,5.8086452,6.000627,6.0004864,5.9432106,6.1798186,5.6025863,0.30327097,5.510659048391942
5.435333935747911,5.499675273895264,5.5304999351501465,5.513847351074219,5.354542021678952,5.49660587310791,5.320443907764016,5.249570540871582,5.3124694603256035,5.282322883605957,5.213218003012656,5.24967909101429,4.694848537445068,5.293562889099121,5.3292927742004395,5.3345723152160645,5.083580215694218,5.324040412902832,5.276344842030592,5.212986451930092,5.426329670371626,5.386402130126953,5.5457717983394135,5.416186673825006,5.663293361663818,6.546047,6.4074183,-56.47,6.459044,6.333257,-40.284653,7.271351,7.537726,5.7087326,7.161919,-7.914274,5.6930213,5.648579,5.932658,5.936355,5.9909782,5.4780173,5.684678,6.046699,5.515043,0.03412981,5.4355916066115695
5.381951903287908,5.590150833129883,5.705972194671631,5.620145797729492,5.493874447636279,5.5868821144104,5.368251818780743,5.215130476327498,5.330995506363195,5.264793872833252,5.231690643421295,5.555601046439119,4.860186576843262,5.497183799743652,5.524199485778809,5.519104480743408,5.405762404332912,5.499443531036377,5.285641965666276,5.251762737054685,5.426329670371626,5.386402130126953,5.5457717983394135,5.481716162459301,6.307969570159912,6.435884,6.5427723,-57.078728,6.578225,6.048014,-41.227436,7.674341,8.101578,5.6493855,7.0987263,-7.9478703,6.1031146,5.7806926,6.042887,5.781249,6.078864,5.485836,5.498797,6.246185,5.616137,0.025432874,5.530901252141316
5.539102157243452,5.515202045440674,5.458089828491211,5.497574329376221,5.341172550535186,5.438889980316162,5.341465249498708,5.252145277922534,5.374047670551188,5.295130252838135,5.117298292954372,5.3498519428809885,5.087068557739258,5.38399076461792,5.429349422454834,5.437529563903809,5.184446858642228,5.457107067108154,5.271287878335739,5.411231797897722,5.487386346406806,5.511948108673096,5.506089498723221,5.476322158686095,2.5598502159118652,6.552497,6.4872265,-54.63615,6.45555,6.2916007,-39.077858,7.3078833,7.793449,6.1487985,6.770127,-7.9140124,5.5840077,5.761681,5.954965,5.8667603,5.9720106,5.408181,5.6709113,6.043787,5.517219,0.19793157,5.460962350714753
5.242603971206975,5.681231498718262,5.58773136138916,5.614731311798096,5.208115086355558,5.598730087280273,5.826980567272997,5.4881928064563805,5.572568597916846,5.648603916168213,5.322688848034994,5.822918837222327,5.770559310913086,5.686052322387695,5.7413330078125,5.7430009841918945,5.550457738286868,5.7027740478515625,5.53076249703179,5.6007223788248215,5.606148983572949,5.610908031463623,5.551068606441069,5.586389917634714,5.019532203674316,6.5703554,6.543139,-55.558533,6.6966615,6.326727,-39.74846,6.8760786,7.6453357,5.1162596,7.3115225,-7.9213495,6.47027,5.5316734,5.962344,5.8300776,5.9786816,5.6436877,5.3872786,6.1257553,5.6997457,0.12436273,5.639095948004552
5.043351420794797,5.740403175354004,5.584606170654297,5.653863906860352,5.28389133838165,5.6871232986450195,5.532526037869612,5.494387441770102,5.496718767822692,5.465264320373535,5.4421088489709515,5.423409829878157,5.8253397941589355,5.595778942108154,5.634301662445068,5.618730545043945,5.3863243645606325,5.638424873352051,5.457374836480872,5.561761184240268,5.589896982436387,5.57007360458374,5.520465736224903,5.535704102857434,5.97758674621582,6.6547313,6.569101,-56.283596,6.6722465,6.1593122,-40.36046,6.5987673,7.3031454,5.2057533,6.6209316,-7.8588552,5.5624332,5.8984766,5.972545,5.752782,5.9336805,5.542386,5.6063166,6.072139,5.820301,-0.027892876,5.660233045914803
5.008773924307505,5.666007995605469,5.470381736755371,5.584105491638184,5.216514908367939,5.618274211883545,5.365191289581419,5.374147565541452,5.286115047791448,5.223297595977783,5.315621418398232,5.359509827400492,5.9610772132873535,5.4592108726501465,5.494968414306641,5.489424705505371,5.1778309650608065,5.523727893829346,5.379808189264296,5.5211216685257725,5.479335274191879,5.522147178649902,5.455625700180802,5.485896999094046,5.615673065185547,6.4347067,6.332755,-57.19059,6.386189,5.788293,-41.074623,7.1208606,7.4192204,5.6632447,6.059639,-7.7613926,4.865764,5.965235,6.029371,5.5243673,6.0839987,5.3797975,5.606304,6.181644,5.71875,-0.17332324,5.427796216968673
4.950007143079858,5.425320148468018,5.304387092590332,5.377696990966797,5.202202437241192,5.335068702697754,5.238197339484358,5.25139173044212,5.343386130327714,5.226454257965088,4.968084470188262,5.2541756651437845,5.094703674316406,5.309647560119629,5.324850559234619,5.3340253829956055,5.230637072868234,5.35446310043335,5.271822451533736,5.411231797897722,5.487386346406806,5.511948108673096,5.51825900265887,5.458466001424319,2.6557540893554688,6.574469,6.3961306,-56.414482,6.4062247,6.19519,-40.165623,7.2254157,7.4614315,6.109753,6.961942,-7.8345857,5.178283,5.6953235,5.906967,5.6987524,5.9697795,5.3290715,5.6716647,6.041511,5.5393615,-0.0026710988,5.407045621150935
4.991399828238082,5.616274356842041,5.411530017852783,5.4871110916137695,5.396990536053163,5.575738906860352,5.450951215792088,5.343323701667658,5.4353290364936635,5.5096964836120605,5.358235327901294,5.5855009480478115,4.210904121398926,5.4207844734191895,5.399633407592773,5.425175666809082,5.139700010736243,5.46601676940918,5.350174023635002,5.4534583850449705,5.435865914461687,5.4569621086120605,5.431334487041555,5.48213002258216,5.134741306304932,6.590121,6.4334474,-54.05924,6.38471,6.169832,-38.62118,7.2528734,7.6642675,6.5836883,6.4818425,-7.7291327,5.423159,5.8583927,5.9155035,5.499782,5.97037,5.3786383,5.683209,6.050775,5.589009,0.22600344,5.437558154712334
5.128427064454121,5.612791061401367,5.434666633605957,5.530575752258301,5.254475936090835,5.552249908447266,5.326801667082869,5.320781331587193,5.481049342094042,5.399674892425537,5.47283343729353,5.378587037060397,5.714057445526123,5.486857891082764,5.465811729431152,5.4810590744018555,5.297322803382169,5.53165340423584,5.350469530207842,5.47736259057087,5.479335274191879,5.487293243408203,5.463346739160622,5.443275207897959,6.703004837036133,6.44779,6.454667,-57.532036,6.469061,5.823017,-41.625977,7.511877,7.9208703,5.9366674,6.2814827,-7.9192085,5.587881,5.8760595,6.042169,5.6526837,6.081597,5.3181915,5.6079307,6.3112206,5.597678,-0.1078191,5.449686123116078
4.810790510417694,5.454343318939209,5.365810871124268,5.43274450302124,5.118579314263862,5.370520114898682,5.55325176478464,5.448505245755154,5.564248281752068,5.760198593139648,5.3543145761952395,5.314421738362677,5.237627983093262,5.478697776794434,5.49076509475708,5.4883623123168945,5.691435991850532,5.5179443359375,5.506448187857802,5.567257561720272,5.606148983572949,5.610908031463623,5.525809352503828,5.517168336174916,5.334321022033691,6.4662285,6.247216,-52.297825,6.2580366,5.893322,-37.08071,6.596792,7.179911,5.367169,5.647438,-7.9426,4.733656,5.8344846,5.780984,5.8738456,5.8989716,5.5637727,5.5825195,5.881364,5.602429,0.15434997,5.372110316914388
4.962573502059376,5.61279296875,5.468782901763916,5.5384721755981445,5.580558532880848,5.552026271820068,5.677668155005223,5.6677299492340305,5.506815594400439,5.603862285614014,5.485133699934654,5.568691562445231,4.443938255310059,5.475504398345947,5.544528484344482,5.5270676612854,5.362250597680882,5.54941463470459,5.668455553193481,5.609497999159507,5.7625332494691,5.7047953605651855,5.507153755362565,5.580463015707075,4.852787017822266,5.9480033,5.609913,3.2339857,5.557159,6.145249,4.2347665,5.5714464,5.5634775,5.7002544,5.2020035,-0.5324129,4.471909,4.903195,5.897558,6.02457,5.9061007,5.9083962,5.923062,5.903988,5.968519,5.1570573,5.573579593430181
5.769551078621726,6.195802211761475,6.138228416442871,6.143832683563232,6.128276203145681,6.101403713226318,6.247848980936348,6.2798543690718125,6.115614332647269,6.1148681640625,6.708816040126624,5.9978723773728,6.533905029296875,6.266160488128662,6.245182514190674,6.244243621826172,5.897750748320387,6.2313551902771,6.389595850869583,6.514701176735743,6.407112491895656,6.391995429992676,6.521101027350298,6.4142962194639965,1.0029566287994385,6.506433,6.574482,-18.518303,6.6684184,6.889203,-12.098688,6.8551073,7.442229,7.2559114,3.849403,-7.930783,2.0065882,6.8991127,5.886944,6.0569243,5.68454,6.2210994,6.204605,6.238096,6.0554256,3.2373376,6.248165008037735
6.455931955649724,6.482496738433838,6.593994140625,6.56018590927124,6.398946320593904,6.505914688110352,6.3767197477270186,6.397450187751901,6.4419800772116735,6.40113639831543,6.924419948918393,6.5252052935360245,7.943781852722168,6.806516170501709,6.715688228607178,6.716638565063477,6.1636725753782,6.682724952697754,6.84474029081169,6.547289915633522,6.7830422910036745,6.78040885925293,7.152270322229172,6.68367463073889,1.2495203018188477,6.4841003,6.609133,-17.389902,6.6711745,6.8816795,-11.173679,5.9971523,6.448485,6.357583,3.9021432,-7.9109178,1.982959,8.042694,5.886944,6.074888,5.700579,6.206296,6.4253135,6.205054,5.95701,3.2679343,6.324268789697887
6.42021640338319,6.379295825958252,6.28888463973999,6.362850666046143,6.264220177145903,6.355152130126953,6.462810200763041,6.325153364544344,6.918522710454338,6.892444610595703,6.628358074549018,6.462903643397087,6.240902900695801,6.294507026672363,6.281544208526611,6.312594413757324,6.20368947629578,6.387324333190918,6.321149391806893,6.44534828847547,6.29988561526226,6.285768032073975,6.26472788281922,6.408514500247601,3.9283313751220703,6.553402,6.678754,-17.664629,6.7086415,6.7736626,-12.357693,7.1610165,7.4109564,8.343399,4.8174543,-7.7893085,2.5065973,7.4632597,5.8706656,6.1055994,5.835226,6.2564063,6.513204,6.4593434,6.1075773,3.4876766,6.322796747361792
5.832682665251824,6.482932090759277,6.437154293060303,6.436570167541504,6.358286877150981,6.477304935455322,6.34331678667204,6.460817383248129,6.126354604623346,6.249882698059082,6.367039564057119,6.670170166341883,6.309154033660889,6.574036121368408,6.524301528930664,6.515497207641602,6.810203548185436,6.454833030700684,6.398528716925601,6.501912157095338,6.4875709999869775,6.448556900024414,6.369813752463247,6.476643909990095,6.288450241088867,6.458531,6.350491,-17.3997,6.470176,6.622697,-11.313311,6.6611547,7.1262407,6.6548514,3.2123642,-7.834019,2.0600731,7.2148542,6.0988855,5.9596553,6.1556373,5.922767,5.961005,6.127265,6.1761956,3.2342906,6.1591460900997195
8.022276394711152,6.277832984924316,6.097537040710449,6.147336006164551,6.220813097259272,6.159399509429932,7.297693272191544,7.145727812520873,7.625587936063244,7.237082481384277,7.197815897948481,7.335853894107515,6.717369079589844,6.385880470275879,6.5928239822387695,6.571272850036621,6.544730990655697,6.4975738525390625,7.027396203181863,6.868836564191699,6.935331427882367,6.8385725021362305,6.8026831182216005,6.716244440377486,1.5308172702789307,7.6864576,7.46207,-10.040291,7.0250516,7.914917,-6.1510396,5.8931136,7.5244923,6.578341,7.9728875,1.6002941,9.091361,7.385268,6.735403,6.83777,6.7238727,6.911813,7.083912,7.073513,6.8037167,5.405647,6.78646140768036
7.721246399047171,8.535293579101562,8.414989471435547,8.548686981201172,8.153574155031729,8.54265308380127,7.949854255080458,7.903400109856205,7.928260004969356,8.240815162658691,7.959538511413795,7.999754962513229,9.065633773803711,7.977799415588379,7.8660359382629395,7.939155578613281,7.859250562997859,8.106620788574219,7.7875498761353,7.928319250654378,7.604534992083284,7.5771484375,7.641508003952389,7.682430905519116,9.834939002990723,7.932241,7.9904766,-29.751766,8.031548,7.8980646,3.096435,6.631066,5.622798,5.5592184,4.2047877,-7.763656,5.3244996,9.048056,7.7129617,7.885518,7.9962626,8.030256,8.142606,7.822773,7.954132,4.4684143,8.001655152395799
7.657577319177793,7.613668441772461,7.608839988708496,7.540251731872559,7.629514729111722,7.610145568847656,7.643500602845283,7.7726061150356465,7.761184922231302,7.76866340637207,7.761175989444583,7.603679355813853,7.264865875244141,7.6344146728515625,7.608954429626465,7.592912673950195,7.928178241360193,7.533771514892578,7.779071987850431,7.96418100249124,7.80034663469264,7.788243293762207,7.614146540205101,7.501873588174573,8.169053077697754,7.5879693,7.7652082,-13.973599,7.8902802,8.102139,0.44979113,6.1214075,8.660955,5.827099,8.414445,-3.1368759,4.9871144,7.615625,7.680994,7.306543,7.417949,7.7691736,7.691015,7.523835,7.8649945,5.478303,7.740418770830407
6.823908740944319,7.899281978607178,8.030988693237305,7.936181545257568,8.211291769709614,7.9670515060424805,7.722188280504994,7.863832017379458,7.353025112313453,7.243961811065674,7.070328843025535,7.148247298923046,7.905279636383057,7.817152976989746,7.7602949142456055,7.728722095489502,7.677197429771965,7.762068748474121,7.774776633699907,7.680557636737886,7.705839662387696,7.6487226486206055,7.467802572322586,7.57833393390541,6.694744110107422,7.6254077,7.7142243,2.566142,7.7084007,8.00522,4.4909844,6.301187,7.193686,7.8089476,7.8952427,5.5653677,7.67273,6.9413815,7.5568414,7.6004972,7.98208,7.237067,7.084967,7.4602704,7.11935,6.9765,7.486953133174134
8.1249387366083,8.27866268157959,8.398249626159668,8.377837181091309,8.109583974447336,8.319646835327148,7.857613485460312,7.911958978461408,7.896212383675995,7.868534564971924,7.951568747056191,8.018630846833709,7.690435886383057,7.994601249694824,7.928020477294922,7.966005325317383,8.060029233530365,8.055778503417969,7.775975167742719,7.902211543211364,7.725725228078022,7.7153143882751465,7.725432906694402,7.634058028088721,9.667034149169922,7.5905466,7.760955,-33.871353,7.762943,7.5820246,2.613326,6.502651,6.1301365,5.425645,4.948699,-5.323791,7.5230684,8.576997,7.6954618,7.647624,7.901378,7.865689,7.930832,7.6769896,7.791467,4.3865643,7.736751147056463
8.031517051446064,7.493879795074463,7.3983588218688965,7.451170444488525,7.637955424401665,7.4691572189331055,7.7840493835067655,7.878036297946556,7.39940896335114,7.717236042022705,7.688900158766038,7.6443217429615045,7.732538223266602,7.606448173522949,7.668860912322998,7.6236090660095215,7.816307612543615,7.519683361053467,7.794120394148288,7.7847137593861095,7.784500859067048,7.745829105377197,7.709715257747505,7.554943447867821,7.471903324127197,7.6791472,7.6816998,6.5041366,7.691478,7.6627927,9.745448,7.487012,6.92873,7.6151443,7.418944,8.163274,7.7424335,7.535375,7.656227,7.526674,7.7262154,7.803701,7.9443846,7.661932,7.610323,7.6892533,7.7035002241986845
8.207608310501746,7.8384575843811035,7.884305953979492,7.850865840911865,7.739426831974899,7.837109565734863,7.753518789139954,7.7728984405550285,7.900858439203169,7.837222576141357,7.6989305848062,7.625500623908846,7.191988945007324,7.778777599334717,7.7064409255981445,7.702427864074707,7.8796657296323325,7.736169338226318,7.802588127088778,7.854319685362483,7.717942256129275,7.735384941101074,7.641634745968835,7.634824654718741,7.616261005401611,7.8884745,7.55573,-13.946821,7.641219,7.857798,5.9501367,7.041823,6.271722,6.18321,4.6340275,6.5053554,6.9045844,7.9521956,7.858425,7.842034,7.8686423,8.023957,7.9402,7.7863927,7.801811,6.1780457,7.666573697336735
7.522878745280337,7.966516971588135,7.941398620605469,7.955787181854248,7.913513815210734,8.013123512268066,7.93451865132327,7.955610296663621,7.920313257280943,7.986369609832764,7.980313014797525,7.711314636094987,8.134377479553223,7.834833145141602,7.837193965911865,7.8269734382629395,8.019579826607995,7.819721221923828,7.8078633055428535,7.95560715949634,7.753549054725118,7.755674839019775,7.709715257747505,7.780896108485461,8.190485954284668,7.691272,7.6589985,-14.459605,7.6254005,7.7032213,6.1714506,6.8300285,6.5021663,6.440335,7.301006,7.34489,6.1251655,8.387683,7.6991606,7.771884,7.845161,7.9141316,8.159407,7.708535,7.943483,6.3181887,7.716319598694093
8.040958607678906,8.356684684753418,8.467717170715332,8.410868644714355,8.72052950394766,8.437750816345215,7.996009394167987,7.9738121146990135,7.849153444569452,7.9219207763671875,7.939656863668928,7.874935149984077,8.388803482055664,8.15899658203125,8.097065925598145,8.133667945861816,7.750760130217701,8.186735153198242,7.770384809510375,7.863540301910768,7.584060524665021,7.5771484375,7.632352264433667,7.636125663269432,9.940239906311035,7.9052505,7.986993,-6.147188,8.014202,7.914285,8.34671,7.363081,6.9018707,6.795929,6.201163,7.87863,7.5176415,8.437454,7.825467,7.531579,7.7477,7.816014,8.036707,7.6812325,7.7176113,6.973616,7.992069235959427
8.148741651280925,7.616725444793701,7.41065788269043,7.542726039886475,7.533161433258401,7.5262017250061035,7.795999437218645,7.917224339240023,7.292641632770713,7.671830654144287,7.713430078412629,7.841653207823501,8.588166236877441,7.748630046844482,7.746579170227051,7.708035469055176,7.685339989683596,7.62158203125,7.71989427161493,7.759495050500022,7.728273044680234,7.636569023132324,7.7011041136068545,7.570280837457916,7.377206802368164,8.004645,8.022694,6.4185987,7.986414,7.8603015,8.820674,8.321206,7.5795674,7.7579327,9.402109,7.351095,8.255344,7.9254045,7.8676987,8.055891,8.040748,8.0939665,8.023414,8.056168,8.067911,7.9955893,8.012136408652703
7.958607314841775,7.931817054748535,7.825441837310791,7.861180305480957,7.699235972794614,7.929773330688477,7.838850455376426,7.825347931317207,7.770835369260712,7.734274864196777,7.892699045423947,7.853487713073783,8.388534545898438,7.850564956665039,7.748122692108154,7.751715660095215,7.899624309720371,7.811357021331787,7.811767286643223,7.8750514718539115,7.717942256129275,7.735384941101074,7.641634745968835,7.695306805003504,7.9583611488342285,8.131458,7.9481196,5.3447146,7.948347,8.076898,9.175485,7.57686,7.8884535,8.203014,7.7350945,8.221227,8.193139,8.188323,7.720482,8.004403,7.999865,7.9695687,7.9886394,7.8763947,7.8167124,7.900359,7.960396213591666
8.346787486224656,8.031926155090332,7.882145404815674,7.966039657592773,8.027531690258519,8.03355598449707,7.851793908908969,7.89596144893167,7.90672414245487,7.864837646484375,7.945850384664372,7.903258312581462,8.010578155517578,7.878416061401367,7.81305456161499,7.8132123947143555,7.992833538271774,7.860375881195068,7.8097058383716,7.8385865881425385,7.717942256129275,7.634244918823242,7.641634745968835,7.6492478734957245,8.258292198181152,8.241287,7.92336,-12.454727,7.9081707,8.213626,6.8239713,6.8511295,7.651233,7.6463056,7.549809,4.447481,8.044657,8.503122,7.706633,7.8374686,7.9636374,7.892504,8.085375,7.709409,7.9704976,6.6257477,7.942418041573617
8.229147988357855,8.001811027526855,7.997951507568359,8.025362014770508,7.950095525456774,8.042030334472656,7.928886884340327,7.961095901045937,7.920313257280943,7.965176105499268,7.994116091911167,7.888089946528995,8.437602043151855,7.920228004455566,7.9014692306518555,7.900662422180176,8.025848143263353,7.895521640777588,7.8078633055428535,7.95560715949634,7.753549054725118,7.755674839019775,7.709715257747505,7.781261469271222,8.091560363769531,7.912863,7.770479,-18.10868,7.757678,7.8997154,5.2888417,6.9015555,7.118613,6.8669934,8.035813,7.566088,7.34392,8.422724,7.749082,7.93961,8.041963,8.003248,8.151652,7.8394456,7.7695312,6.313557,7.766266754615474
7.823908740944319,7.670541763305664,7.577720642089844,7.651283264160156,7.705253307115019,7.625176906585693,7.829365592562537,7.931252027189889,7.292641632770713,7.7076497077941895,7.713430078412629,7.628060881174612,8.5958833694458,7.777422904968262,7.772376537322998,7.725447177886963,7.595675610172993,7.674443244934082,7.71989427161493,7.813842177747102,7.728273044680234,7.636569023132324,7.7011041136068545,7.650698754820277,7.137406826019287,7.9327617,8.096895,6.3537526,8.092654,7.8974986,8.169728,8.312078,8.069091,7.761546,10.183943,7.3445625,8.099487,7.9072146,7.8998237,7.925005,7.872413,7.900599,7.8999505,7.966875,7.8860474,7.9785967,8.040970670807743
8.036212172654444,8.525260925292969,8.494898796081543,8.556468963623047,8.193206775164246,8.515668869018555,8.020980029924718,8.025795387883285,7.828232350231786,8.246965408325195,7.965189726994738,7.753329457399826,8.355237007141113,8.023406028747559,7.9844651222229,8.004605293273926,7.8592182193665145,8.122058868408203,7.7875498761353,7.899265183824931,7.604534992083284,7.5771484375,7.641508003952389,7.674805401003165,9.800003051757812,7.859276,8.001789,-36.12662,8.049636,7.8086042,2.3577013,6.802541,5.6619034,5.1850653,3.6716328,-6.0460763,7.192267,8.589995,7.9438677,8.006984,8.01979,8.181604,7.9264073,7.8774333,7.778584,4.237119,7.937072311285404
8.0,8.192034721374512,8.161362648010254,8.151012420654297,8.161530597771637,8.192903518676758,7.822885494693767,7.8795233562127525,7.770835369260712,7.742053985595703,7.867927752409121,7.840939580257636,8.651338577270508,7.865396499633789,7.77865743637085,7.7860894203186035,7.898958085653671,7.868039131164551,7.808583516561993,7.8750514718539115,7.717942256129275,7.735384941101074,7.641634745968835,7.666849925009508,8.001383781433105,8.041105,8.062699,2.914119,8.076972,8.037718,9.708304,7.960615,7.206867,7.4415345,7.565418,8.179466,7.922215,8.193025,7.8801785,8.047815,7.9378977,8.018353,8.15722,7.9703403,7.894068,7.760797,8.078592718406327
7.657577319177793,7.887335777282715,7.769646167755127,7.827645301818848,7.9383308927976515,7.858548164367676,8.095262700051594,8.04148151586195,7.809642711269242,7.894254684448242,7.798665293990979,7.985344666801422,7.924646854400635,7.745820999145508,7.756346702575684,7.7432146072387695,8.176831445158502,7.683804988861084,7.8426605995574175,7.977008087045767,7.734491501807692,7.72681188583374,7.636413770455,7.759273873497151,8.283106803894043,8.026236,7.8889456,3.1840096,7.9080267,7.991823,9.707208,8.034648,7.2699614,7.315586,7.5961423,8.181137,7.938952,8.019865,7.823909,8.024037,8.010248,8.003331,7.9316745,7.921118,7.8153057,7.7296076,7.928433028813007
7.698970004336019,8.33751106262207,8.485414505004883,8.436038970947266,8.231337411710244,8.397734642028809,8.094115634557562,8.075994469461056,8.031660166650813,8.05176830291748,7.947014283037665,7.89256911387281,7.643279552459717,8.033348083496094,8.051752090454102,8.032308578491211,8.221351597041686,8.074898719787598,7.820622916152751,7.921318779041124,7.700810892585384,7.663196086883545,7.786734372466567,7.7077477607228335,8.399078369140625,7.412859,7.7922497,-13.204737,7.8374496,7.414849,5.4181943,7.155532,6.0973725,6.332338,5.425915,4.5907063,7.4454494,8.393108,7.740743,7.952034,7.9674993,7.939452,7.981809,7.8091116,7.798406,6.165017,7.827356404696111
7.886056647693163,8.321059226989746,8.348634719848633,8.355096817016602,8.11150267879617,8.359464645385742,7.971458521642746,8.055170648166799,7.934840581735269,8.004171371459961,7.86835780007664,7.863077252290745,8.175765037536621,8.055481910705566,8.006060600280762,8.007702827453613,8.132437935214355,8.049683570861816,7.8078633055428535,7.945268069510659,7.753549054725118,7.755674839019775,7.7011041136068545,7.798932626874095,8.05026626586914,7.618081,7.899003,-34.77218,7.955944,7.5759096,2.17858,6.748902,6.009926,5.3667746,4.4627676,-6.694507,6.7584434,8.7372675,7.6954618,7.5995116,7.8439703,7.886344,7.9577947,7.769641,7.778351,4.218799,7.876576321238563
8.443697499232712,7.679542541503906,7.538082122802734,7.544521331787109,7.321687970771028,7.653512001037598,7.787574936237901,7.838009834779292,7.851090343800613,7.425089359283447,7.722409182774264,7.666022246556042,7.424461364746094,7.45021915435791,7.533132553100586,7.509687423706055,7.749913022632309,7.419419765472412,7.713857941021388,7.672916448167298,7.254782980710343,7.240279197692871,7.636413770455,7.669312588636614,8.272708892822266,7.708734,7.899076,-12.394328,7.9776907,8.261047,0.75097483,6.7883563,8.394738,5.757893,6.8799505,2.4065225,7.3162284,7.544319,7.584885,7.2235384,7.614515,7.8079963,7.4120355,7.6805716,7.572064,5.909341,7.745657422608909
8.013228265733755,8.007588386535645,7.992025852203369,7.996090888977051,8.030578119973653,8.008626937866211,7.865033715343229,7.918264997182407,7.853715744943452,7.797605037689209,7.905481566791067,8.012193433169948,7.995078086853027,8.006901741027832,7.9281721115112305,7.920738220214844,8.214950715961862,7.959029674530029,7.8097058383716,7.8385865881425385,7.717942256129275,7.634244918823242,7.641634745968835,7.634385164485979,8.048935890197754,7.950914,7.8488407,-4.366642,7.9359217,7.917254,7.894367,7.4555917,7.7548075,7.245105,7.4785485,8.164283,7.5633883,7.9906425,7.6954618,7.814053,7.8761487,7.783864,8.151652,7.739715,7.8415923,7.186776,7.923592106037445
8.075720713938118,8.660704612731934,8.74356460571289,8.721294403076172,8.339938714152693,8.727264404296875,7.843283231204952,7.902802274095166,7.911531813024163,8.07270622253418,8.17217107921638,7.804062866254379,8.453032493591309,8.191221237182617,8.180212020874023,8.1973237991333,7.5338329880842085,8.297102928161621,7.814629910348509,7.801073399338032,7.7069917682194315,7.721107006072998,7.769574408036145,7.66222670083617,3.320838451385498,7.5478187,7.923827,-31.781128,7.983143,7.5175633,2.7040815,6.5040274,5.4359336,5.071914,3.884805,-2.6967287,7.7487297,8.4227,7.680625,7.695604,7.9637504,7.8361297,7.8462973,7.7611403,7.9034657,4.5476847,7.906631075898497
7.657577319177793,7.619711875915527,7.400516033172607,7.481415748596191,7.6307605755566295,7.601840972900391,7.893935170989838,7.892152652672518,7.721974680397377,7.429163932800293,7.603517226009218,7.286006672568374,7.346253871917725,7.193420886993408,7.327671051025391,7.306729316711426,7.289408159519705,7.2792534828186035,7.706277061582456,7.570355285514303,7.254782980710343,7.240279197692871,7.636413770455,7.650277899770507,8.496515274047852,7.5450096,7.60234,3.9498627,7.6224866,7.3751745,7.14507,7.0853586,7.577365,7.5527806,6.52242,7.2085547,7.244244,7.3315744,7.7905145,7.4094834,7.8761363,7.695605,7.9683294,7.776671,8.025927,7.315245,7.67503336805691
7.823908740944319,6.5677595138549805,6.885364055633545,6.717403888702393,6.71765805140227,6.668709754943848,7.20922484653934,7.447648191608198,6.800010694522484,7.059143543243408,7.508945611768659,7.398817203356407,7.7369160652160645,7.225445747375488,7.271573543548584,7.256936550140381,6.899615520481046,7.131867408752441,7.553891001355601,6.980761639379435,7.493908451342176,7.437626361846924,7.4558385659201205,7.237815974917819,1.5786317586898804,6.273922,6.6978993,-20.328863,6.741432,6.96105,-5.86388,5.053182,5.190851,6.998046,6.224462,-5.676199,2.3511338,5.7995377,6.2888193,6.4775558,6.4382744,6.409902,6.5572796,6.404496,6.5497665,3.577433,6.430384451338181
7.346787486224656,6.1567230224609375,6.385589122772217,6.266814708709717,6.292967936348508,6.194528102874756,7.095552733369301,7.194170376226294,6.661938800152799,7.071801662445068,7.214963108641758,7.382998615965318,6.907751083374023,6.724398136138916,6.866219997406006,6.847923278808594,6.733160828878892,6.7234697341918945,7.386580890223451,6.881501787230511,7.340895944924793,7.246384620666504,7.4558385659201205,7.038258753934463,1.2015912532806396,6.364099,6.4102683,-24.223808,6.4567723,6.870042,-7.1731653,5.174452,5.149554,6.8597727,6.342867,-6.0150347,2.860441,5.45855,6.2626786,6.569242,6.5305643,6.2966995,6.588303,6.33139,6.396156,3.2754922,6.153004347624105
5.801617869991706,6.949918746948242,7.147880554199219,7.03751277923584,7.30782522780627,7.023425102233887,7.046295770258351,6.743531167938714,7.066353711840964,6.937411785125732,7.303681141612593,6.791933839165602,6.752997875213623,7.0295281410217285,6.996912479400635,7.031859397888184,6.512119080555912,7.076325416564941,7.000317318760685,6.829066965183156,7.075257860095603,7.161505222320557,7.278861772832339,6.983579083098084,6.970050811767578,6.366462,6.6600046,6.2573504,6.634904,6.401962,7.062947,6.9877853,6.159969,6.533294,7.532082,7.286108,6.987224,6.8951454,6.7159967,6.4464846,6.6000805,6.56094,6.732705,6.5776353,6.9942327,6.7196665,6.727457690240608
6.434152181326482,6.175637722015381,6.2114386558532715,6.185936450958252,6.251937036647794,6.152472972869873,6.331559739987499,6.378648855789784,6.577332635942804,6.581016540527344,6.541708364198186,6.426352874398235,6.8725972175598145,6.434584617614746,6.400705337524414,6.405707359313965,6.455217728140554,6.410520076751709,6.579042793120195,6.42287640165452,6.5648798952205505,6.714258193969727,6.787966028659966,6.4722754921336065,6.289872169494629,6.2653303,6.153552,6.082269,6.2619424,6.2976165,5.643786,5.8363924,6.465438,6.717122,5.802646,6.493308,6.468709,6.3059483,6.558619,6.30815,6.460407,6.6297584,6.8405495,6.5729856,6.7475266,6.345603,6.351989951798414
6.272458742971444,6.1933417320251465,6.045958518981934,6.1028852462768555,5.87803407770072,6.161971569061279,6.0707513705387415,6.020599013612513,5.95576040482644,5.933804035186768,5.78704013075782,6.137347378211202,5.7483954429626465,6.0299296379089355,6.061831474304199,6.068302154541016,6.038738635724662,6.056806564331055,5.981874353628991,6.298439748781105,5.933014215411619,5.84784460067749,6.011405934933204,6.246395357030331,4.652318000793457,6.308183,6.1628714,3.097413,6.165041,6.2173223,1.35398,5.273717,5.450815,5.911785,6.0247736,5.159771,5.3712497,6.5388136,6.310375,6.219615,6.0643325,6.2606554,6.178137,6.278531,6.429262,5.6388326,6.1582242673392535
6.468521082957745,6.430481433868408,6.400021076202393,6.413127422332764,6.311976140523462,6.416261196136475,6.279595386326339,6.398410899525268,6.17283725455227,6.283362865447998,6.673589782175677,6.497803084422411,6.456711292266846,6.542600631713867,6.457250118255615,6.459801197052002,6.656746631336759,6.443200588226318,6.437661776612287,6.523230694855914,6.4875709999869775,6.448556900024414,6.369813752463247,6.479990720689042,6.268024444580078,6.417722,6.3741827,4.5624943,6.3752546,6.3673377,1.8631047,5.6676335,5.562122,6.246693,5.4809847,5.6997833,5.7977796,6.9130993,6.3467636,6.3298163,6.226132,6.3002944,6.3850355,6.381209,6.263239,5.8780336,6.313646767041776
7.638272163982407,6.766080856323242,6.747665882110596,6.723535060882568,6.631531217652274,6.786562919616699,6.664252886803978,6.538929138765246,6.723933182561869,6.62794303894043,6.6863174847620925,6.441948682829646,6.792420864105225,6.554837703704834,6.54362154006958,6.570062160491943,6.4839900708407,6.606685161590576,6.5627680742389,6.4948429219465,7.109456670922385,6.81468391418457,6.741639534273895,6.506256069276459,6.5762457847595215,6.5740685,6.888193,-0.00057722675,6.911683,6.7059703,2.634483,6.4202313,5.84136,6.6401167,5.501435,6.4073215,5.619827,6.5736346,6.296854,6.0700645,6.2341413,6.3129964,6.155331,6.247187,6.128979,5.808165,6.662591856638945
6.349692476868063,7.148576736450195,7.217733383178711,7.156749725341797,7.260585948535304,7.226912498474121,7.05057092054835,6.579797617579844,7.233971455636115,7.413435459136963,7.206954712567614,6.896144961406156,6.7072625160217285,7.056984901428223,7.0449347496032715,7.035599231719971,6.615683220804999,7.102477550506592,6.861823887408431,6.817984620872241,6.231252335856853,6.230123519897461,6.41397401409791,6.828881348643553,1.8077131509780884,6.798331,6.992904,0.9609831,7.0332313,6.9995017,4.058105,6.3773813,6.2615123,7.0581603,6.0681767,6.2014337,6.246066,6.8943753,6.5514536,6.526323,6.5618234,6.5484905,6.585952,6.5280323,6.490103,6.187117,6.8673869799476925
6.220403508742176,7.025655269622803,6.924170017242432,6.980743885040283,6.9879661291390915,7.026471138000488,6.590731557622096,6.701508100522006,6.703995148655876,6.764156341552734,7.155569022293401,6.68549848722704,6.572903633117676,6.724584102630615,6.660705089569092,6.691425323486328,6.709765812814276,6.734928131103516,6.605269283956291,6.57712456828521,6.570952777643333,6.57214879989624,6.530744733253428,6.618141281553966,6.54516077041626,6.7889485,7.067529,2.19657,7.1408834,6.823455,5.564015,6.279072,6.586738,6.7570305,6.2225194,6.2779946,5.773347,7.0297337,6.551993,6.8222895,6.9718747,6.516555,6.6215754,6.611078,6.574643,6.358892,6.995173153368869
6.465973893943865,6.683143615722656,6.626001834869385,6.618214130401611,6.611522131035522,6.67076301574707,6.5898026803860486,6.50342623134191,6.771665724235214,6.676326751708984,6.56971867948114,6.559807889370284,5.907155990600586,6.603971481323242,6.575565814971924,6.583950042724609,6.417819153385494,6.6061811447143555,6.351401052531718,6.439235658098271,6.31821034399462,6.291245937347412,6.344533989062568,6.375095466781949,4.157340049743652,6.6989183,6.7578425,0.90104026,6.7689934,6.6138325,4.9651346,6.130374,6.69903,6.804281,7.1245975,6.032904,6.3405633,6.74334,6.535562,6.621564,6.640682,6.465534,6.5369153,6.7084537,6.751868,6.2420716,6.731164721262654
6.995678626217357,6.38578987121582,6.40995454788208,6.395968914031982,6.493571470827492,6.384224891662598,6.761791642707482,6.314793002422778,6.668301691511946,6.475194931030273,6.458272808468483,6.511639269019709,6.205389022827148,6.450101375579834,6.482635498046875,6.48076057434082,6.176429027635409,6.477541446685791,6.364118780481482,6.4006022143417045,6.4088305497476785,6.433004856109619,6.502763386365565,6.470894980429863,6.47403621673584,6.46293,6.4516172,5.482664,6.413313,6.590737,6.209794,6.8620596,6.899338,6.6526303,7.224239,6.284727,7.5412607,6.594105,6.472403,6.4452386,6.5836167,6.516536,6.627316,6.6344514,6.5992203,6.5774093,6.458937515132391
5.972242795309446,6.342218399047852,6.310880661010742,6.325393199920654,6.357401259807803,6.323888301849365,6.433408894527725,6.513334629125561,6.48008987362037,6.405404567718506,6.378158585259681,6.322057094438811,6.2052435874938965,6.4160075187683105,6.416568756103516,6.409676551818848,6.592889794307367,6.391513347625732,6.4512197047095565,6.519308261073365,6.4875709999869775,6.448556900024414,6.369813752463247,6.513217256935068,6.5183820724487305,6.345713,6.3497434,4.370938,6.318854,6.214798,6.5691643,6.1988063,6.1759253,6.4429793,6.7814975,7.3025837,6.2552743,6.49988,6.4562755,6.384905,6.5326123,6.385555,6.3564672,6.5196047,6.4129405,6.343726,6.352900126897007
6.357535479757878,6.431836128234863,6.472505569458008,6.406948566436768,6.668995462612007,6.4477858543396,6.478934548280109,6.441491125060783,6.5126945969859085,6.463968753814697,6.441452632722846,6.134731973836854,6.483252048492432,6.5800933837890625,6.583498954772949,6.555802345275879,6.2513920655595365,6.530452251434326,6.410448111259395,6.505285964566321,6.449525725978762,6.4158935546875,6.476384830649346,6.436224256701342,5.003003120422363,6.4158726,6.5457897,-4.1014285,6.586563,6.4667306,1.4206538,4.442494,6.16807,7.6806803,6.811669,0.5295625,7.0120873,5.704213,6.2484646,6.101568,6.258751,5.9955435,6.0503283,6.188935,6.0619564,5.229425,6.3379474728984455
6.156144577376839,6.438971042633057,6.439864158630371,6.406992435455322,6.455676727873074,6.421822547912598,6.493014128547616,6.420359150912325,6.626816332034555,6.427205562591553,6.432873960530424,6.197611880951103,6.52622127532959,6.526414394378662,6.495785713195801,6.491296768188477,6.423696375004417,6.489528656005859,6.3444138069623275,6.498104276603996,6.407112491895656,6.391995429992676,6.403307908818267,6.5002767945226045,1.0416690111160278,6.418218,6.4296064,5.0494113,6.4528065,6.349329,3.6583667,6.2254934,6.9330363,7.313709,6.5543714,6.6279426,6.728105,6.7069926,6.3206663,6.4410396,6.5125,6.502407,6.3874373,6.6004972,6.5830894,6.3397512,6.446085100900529
6.603800652904264,6.373078346252441,6.497513294219971,6.413101673126221,6.5083083698761355,6.391736030578613,6.59442279135405,6.616514904802891,6.643599915780579,6.563022136688232,6.656725628347368,6.498738096651526,6.63494873046875,6.662326812744141,6.659742832183838,6.652632713317871,6.535875673323448,6.614874362945557,6.3222598033862525,6.535763775847768,6.400139283248805,6.391995429992676,6.4139441027565995,6.532262977440049,1.090087652206421,6.3430877,6.406747,5.8095765,6.455444,6.6334815,6.080695,5.7966833,6.65903,7.463875,6.094758,6.1931124,6.6519847,6.3809195,6.498824,6.3934536,6.4513025,6.6153884,6.729991,6.5514927,6.684195,6.444701,6.490278664656671
6.542118103266008,6.419717311859131,6.340803146362305,6.357556343078613,6.374747644312675,6.389023780822754,6.352348588438073,6.449736382194696,6.588002945297385,6.330907344818115,6.431646453308768,6.185295550760287,6.206404209136963,6.4131083488464355,6.43772554397583,6.4094367027282715,6.356796623854324,6.390862941741943,6.31238180697797,6.4324495178684895,6.29988561526226,6.285768032073975,6.26472788281922,6.389823889298139,4.900847434997559,6.5335736,6.483073,3.8911777,6.448781,6.5412273,6.2639146,5.962755,6.048236,6.9860578,6.3379908,7.254709,6.370775,6.5743146,6.550795,6.494249,6.551743,6.6514487,6.4521008,6.715568,6.637469,6.387498,6.489228342102699
6.567030709125595,6.633803844451904,6.687806606292725,6.627095699310303,6.720309759601712,6.662953853607178,7.032294725983298,6.850424284292165,7.096429292989955,6.938953876495361,6.949557934462771,6.704083775809901,7.219480514526367,6.808926105499268,6.852160453796387,6.857077598571777,6.490084822804924,6.819958686828613,6.736591108615064,6.658790461515145,6.617906436595171,6.692733287811279,6.823394660976075,6.684395546779909,6.743391036987305,6.5038466,6.727254,-2.9830928,6.751143,6.8776054,1.9807266,4.1971545,5.9669743,7.595901,5.823612,4.050414,6.18561,5.9733377,6.3678074,6.3623013,6.481683,6.321288,6.318134,6.4017825,6.3889422,5.514621,6.547575626631001
6.441291429466834,6.844676971435547,6.842601776123047,6.859029769897461,6.748883389501779,6.857960224151611,6.743364044587233,6.595935325894028,6.903615995408657,6.766184329986572,6.601812185913924,6.77080090612379,7.125140190124512,6.874485492706299,6.835716247558594,6.836319923400879,6.797017389204857,6.833983421325684,6.930950392005696,6.515921552418971,6.988125216823891,7.063889503479004,7.003594415651421,6.7214773763639775,1.3101682662963867,6.7360697,6.7352176,6.640112,6.781526,6.729548,7.3848953,6.390462,6.46393,6.34424,6.180099,6.1524515,6.619261,6.4233546,6.614011,6.311519,6.72402,6.3627615,6.406918,6.369016,6.2324815,6.530095,6.661216517558981
6.372634143407268,6.597147464752197,6.430515289306641,6.5053558349609375,6.344068719886907,6.525228023529053,6.512534168826882,6.581863203217545,6.510878663101473,6.400053024291992,5.90518631704513,6.6211230273864485,7.455199718475342,6.646631717681885,6.589463233947754,6.588419437408447,6.862538281586812,6.520498752593994,6.9187818933054395,6.511762513598152,6.988125216823891,7.063889503479004,7.036012258951462,6.628579725903314,1.262344479560852,6.676589,6.658065,5.5633807,6.7089577,6.6507196,7.022441,6.0467052,6.406484,6.5615363,5.8223214,6.0424905,6.4088225,6.405029,6.514403,6.4985356,6.5180316,6.4012675,6.2122455,6.491984,6.3381476,6.3974075,6.619294526837383
6.7121982700697735,6.236523628234863,6.082469940185547,6.15696907043457,6.090747867302205,6.176619529724121,6.248607105440402,6.242221853022308,6.323918741776462,6.401302337646484,6.298725195216669,6.181016539720743,5.991876602172852,6.105999946594238,6.154201984405518,6.148551940917969,6.26536196702745,6.124187469482422,6.240499625591049,6.306669441005744,6.332940403640764,6.3237714767456055,6.334338041647153,6.231804512806465,6.656910419464111,6.56855,6.3560524,3.3531513,6.331354,6.3881297,3.8177035,6.493485,6.7338347,6.8139043,6.484979,6.7574043,5.826524,6.6688595,6.3127627,6.376787,6.486502,6.308747,6.260295,6.3532925,6.2240405,6.1458178,6.2902141061441235
5.858236769724212,6.435748100280762,6.395791530609131,6.3669562339782715,6.730826208413106,6.45515251159668,6.258332657853582,6.270524278121729,6.176724243399982,6.138027667999268,6.357398729829806,6.222647148889363,5.56670618057251,6.296055316925049,6.2952446937561035,6.304988384246826,6.147255561898307,6.321124076843262,6.275730434729813,6.383142263892228,6.354707541865619,6.345465660095215,6.385316210786953,6.37407127123148,5.818882465362549,6.1965737,6.249861,-3.303951,6.250011,6.3424816,1.918916,3.596023,5.3783813,7.0028963,5.067567,0.8595288,5.277335,5.74406,6.3080554,6.1040974,5.988368,6.15604,6.140006,6.1189365,5.8719287,4.9633555,6.072253033742564
5.880414225038216,5.963230609893799,5.907753944396973,5.93764066696167,5.822798553043258,5.914647579193115,5.985550571221043,6.039443993585317,6.0023027786695,5.992812156677246,5.926193253408855,6.092411331112874,6.3211565017700195,6.094671249389648,6.0652971267700195,6.071033477783203,6.151953923042596,6.057839393615723,6.024855755343342,6.033038208927661,5.906030510987662,5.925501346588135,6.021791837788568,6.064097336355953,5.0877685546875,6.0450993,5.981145,4.6398134,5.989599,5.8224087,6.1195607,5.358707,5.571998,5.969044,6.297546,6.2108493,6.004042,6.4043694,6.4067693,6.224997,6.0229864,6.3470798,6.018414,6.2695184,6.206197,5.9955072,6.059692873369427
6.048662481204082,6.0212178230285645,5.966969013214111,6.009898662567139,5.974608105854139,5.995189189910889,5.888629241174118,5.875327020271921,5.931378099568445,5.9507012367248535,5.949319605407695,5.869487740308967,6.188676834106445,6.057610988616943,6.012292861938477,6.020939826965332,5.920923191090056,6.037025451660156,5.86567614934684,5.951193782246129,5.575252486930555,5.6924147605896,5.615740606346729,6.018655875549843,1.365953803062439,5.9957094,5.9524355,4.988416,5.974105,5.73236,6.221187,5.261815,5.461596,6.020266,6.1747093,5.632581,5.8953724,6.1722727,6.3004866,5.9545016,5.955536,6.032194,5.97616,6.038204,5.932212,5.8836055,5.983340631724084
6.068033885271827,5.7650675773620605,5.797661781311035,5.786741256713867,5.996340089385207,5.746014595031738,6.046620587972492,5.983780887526522,5.933861348462478,5.976356029510498,5.8876185515558035,6.038896281904849,6.532621383666992,6.075884819030762,6.051595687866211,6.069897174835205,5.915447421477954,6.0425705909729,5.925432098391799,5.8600291072097965,5.979625398994709,5.8916707038879395,6.2597499668918335,5.8589522970560335,4.574495315551758,6.084664,5.853386,5.456842,5.8844786,6.060577,6.10669,4.915516,6.3113,6.921687,6.3332047,5.3811007,6.4031124,6.4135165,6.431121,6.111332,5.907853,6.3020697,6.4168453,6.1747394,6.119985,6.079501,5.972870287839223
5.542118103266008,6.010387420654297,5.933196544647217,5.938004016876221,6.0377168751486625,5.9816083908081055,6.069202622794296,6.009063164697633,6.013640112192438,6.030515670776367,5.855090948010447,6.0095697690190475,5.6129631996154785,5.961237907409668,5.9852094650268555,5.991837978363037,5.974472223824572,5.9572296142578125,6.0831834959485676,5.9915964193772355,5.963344092465789,5.8883442878723145,6.0182197738491165,5.98358721454892,6.169633865356445,6.138811,5.955082,2.4662647,5.865891,6.050216,5.389244,5.11751,4.956852,5.9442353,5.72787,4.5353484,6.4199224,6.3107734,6.4067693,6.10996,6.078644,6.3475704,6.0827546,6.2742467,6.001197,5.708958,5.914687443277718
6.209714835966759,6.394103527069092,6.5059099197387695,6.422893047332764,6.527587927170636,6.4063920974731445,6.1230691898532505,6.136846702716026,6.076056627031138,6.104585647583008,6.339619520467322,6.206187327061097,6.398210048675537,6.4886298179626465,6.429625034332275,6.443350315093994,6.195445878137971,6.455121994018555,6.4822700082994995,6.606469065508498,6.663376880928048,6.540603160858154,6.660027780440529,6.596670053457583,6.209515571594238,6.114214,6.351278,-1.9831929,6.3843603,6.4397206,2.1793325,4.010387,5.486964,7.2794065,4.9213934,1.6535928,6.1482596,5.870301,6.3502812,6.2079268,5.9754066,6.277307,6.1890755,6.15973,6.2715263,5.214363,6.256889990273555
5.795066477645856,5.926246166229248,5.768597602844238,5.85345458984375,5.716367113671923,5.9235405921936035,6.015836209604637,5.996935118204125,6.047049752462369,6.083958625793457,6.230874075021537,6.197389830236292,6.174291133880615,6.061485290527344,6.056090831756592,6.057362079620361,6.015596910232484,6.040611267089844,6.0650489750759435,5.974864628294674,6.3568821154016515,6.1406145095825195,6.033335863707654,6.042405810085486,6.078413009643555,6.1404843,5.971507,5.587049,5.9424367,5.837966,3.8787718,5.945748,5.717105,6.592468,5.2877984,5.9878917,5.55715,6.3180914,6.2721987,6.10464,6.004291,5.9741316,5.7815733,6.035374,5.8989515,5.841781,5.9222642060610715
5.9503943874050265,5.8676605224609375,5.8471245765686035,5.861313343048096,5.8293529868009255,5.865340232849121,5.971460065406062,5.965256648484062,6.0148207545486745,6.037878513336182,5.848744782174289,5.923716220562495,6.035299777984619,6.007628440856934,6.021690368652344,6.0138750076293945,5.9494850513263815,6.006137847900391,5.936793927284658,5.900019338771663,5.960166816829379,5.9641852378845215,6.028343421661296,5.874126798453021,6.395970821380615,6.030912,5.896202,6.10436,5.8920135,5.9482164,6.617671,5.527035,5.3751535,6.2136564,6.15574,6.7372336,6.0467896,6.087527,6.3365846,5.959107,5.989635,6.04811,5.9213023,6.088632,5.9108605,6.044337,5.920800452029626
6.099086932262331,6.3548150062561035,6.32847261428833,6.340178489685059,6.482067696634454,6.354698181152344,6.307399616607854,6.214754466666308,6.10239834743683,6.113214492797852,6.417606939909152,6.207926052548042,6.697178363800049,6.243143558502197,6.217008590698242,6.236469745635986,6.010253810077359,6.278446674346924,6.292766687859261,6.372849374462761,6.3376789507394635,6.350647449493408,6.311453774725455,6.46102253408575,5.867072582244873,6.320771,6.366849,5.2056174,6.363592,6.4271903,4.6971273,6.628112,6.289299,6.611217,6.2304454,5.845799,5.472425,6.664249,6.3601017,6.3814144,6.103547,6.194835,6.1748724,6.1826534,6.2673597,6.139374,6.335007690603472
5.99012436628784,6.252267360687256,6.401762008666992,6.339757919311523,6.560884328096943,6.2733283042907715,6.2185850836911865,6.227645207383208,6.176577663447422,6.0351243019104,6.290168728094142,6.140938413384487,6.003523349761963,6.393216133117676,6.382303237915039,6.3808112144470215,6.181581765635137,6.405224323272705,6.532297884142882,6.691026049855033,6.837799093558963,6.859405994415283,6.761842204038126,6.7191135928181005,6.2547101974487305,6.178435,5.9985113,3.956224,5.968425,6.2921395,5.773835,5.921109,5.147485,6.027691,6.091543,2.7214122,6.807161,6.4394717,6.455164,6.3833847,6.148879,6.488586,6.691597,6.373628,6.4318986,5.914829,6.09091662286055
7.055517327849831,6.476988315582275,6.429966926574707,6.453778266906738,6.549800098237767,6.475760459899902,6.837075255883216,6.3492606734713135,6.671651837811157,6.500428199768066,6.547911740458202,6.421645493247005,6.402545928955078,6.410312652587891,6.432376384735107,6.441850185394287,6.031241736879167,6.4648566246032715,6.290916023817703,6.367627556385151,6.368875438949567,6.390736103057861,6.415645781904073,6.368140927680943,6.506836414337158,6.5564804,6.532041,5.6436067,6.5674443,6.6824756,6.107435,6.592089,6.4972453,6.215588,6.586248,5.5649805,6.8455725,6.421621,6.5428295,6.5753365,6.6862392,6.4976006,6.6025505,6.568769,6.577108,6.4431634,6.55243192480739
7.00436480540245,6.250641822814941,6.038829326629639,6.119272232055664,6.244586877915965,6.197171688079834,6.098135068872457,6.25819128551146,6.171791592608244,6.097840785980225,6.2380109502426935,6.074712630358356,5.67001485824585,6.040647506713867,6.11977481842041,6.101263999938965,6.016659335988763,6.0609211921691895,6.222196685646481,6.290644759961564,6.2857418423496965,6.270496845245361,6.330376649758678,6.195237105262039,6.722313404083252,6.3243117,6.2828264,2.2746687,6.3022494,5.834152,4.910947,5.0771203,6.159796,6.819988,7.053705,5.882544,6.1814623,6.414426,6.558612,6.3193736,6.3752017,6.466173,6.564289,6.42821,6.420214,6.0325136,6.311282900262666
5.692503962086787,5.785476207733154,5.794480323791504,5.78572940826416,5.966227405514927,5.793529033660889,5.511025019924018,5.818242036591632,5.376063824429993,5.405012130737305,5.8584166105622835,5.418126041991133,4.370151519775391,5.834773063659668,5.8516716957092285,5.808381080627441,5.660354190104525,5.785996437072754,5.613371161689146,5.637822341276359,5.638136950280222,5.622027397155762,5.696943775939992,5.6782671001097045,5.167535305023193,5.806002,5.574309,-33.911537,5.5195107,5.8502436,-3.5062718,5.8468614,5.8100696,6.6006184,4.253866,-0.35768086,5.544362,5.6492815,6.0225887,5.6917872,5.9778748,6.223084,5.876508,6.137603,6.223787,3.0416434,5.512367721414114
4.451544993495972,5.734708786010742,5.691091537475586,5.745761871337891,5.6688825031389865,5.734402179718018,5.807469121081398,5.808817060174658,5.801720134202213,5.814249515533447,6.005286068894706,6.037298726025767,6.150153636932373,5.8614726066589355,5.897022247314453,5.8958916664123535,5.858581677919977,5.857166290283203,5.713851029148254,5.71871758655573,5.91535865966977,5.929326057434082,5.814782631539613,5.825988042128234,5.888259410858154,5.803334,5.5426745,-34.565193,5.4819555,5.847161,-3.610455,5.463416,5.746293,6.5413346,3.8592725,-0.1370836,5.606813,5.570383,6.03226,5.77649,6.0004935,6.1557264,5.8749576,6.151444,6.374338,2.975781,5.506640700273611
6.638272163982407,5.749166488647461,5.785672187805176,5.787583827972412,5.556747659893189,5.7226762771606445,5.453841813292114,5.475779065858968,5.658136520502645,5.6315155029296875,5.2431856759403015,5.715751426363887,4.87971830368042,5.695090293884277,5.625274658203125,5.655184745788574,5.696771544176693,5.6928510665893555,5.497734598856636,5.540101190013686,5.6127368371938475,5.620977401733398,5.593348822488344,5.553563091552128,5.459438800811768,5.8959546,5.6110215,-33.783203,5.536767,5.931034,-3.3088222,5.705314,5.82316,6.6121106,4.142096,-0.19816259,5.4733562,5.709922,6.0225887,5.6520863,5.9980927,6.2583923,5.8406253,6.1658974,6.22348,3.0655856,5.531578665757913
6.221848749616356,6.838281631469727,6.828226089477539,6.813344478607178,6.766450114640241,6.860126972198486,6.638925555174811,6.480327750904078,6.718061276535566,6.908120155334473,7.0201858333266625,6.43009292755881,6.183304309844971,6.574535369873047,6.528572082519531,6.563841819763184,6.445762819815286,6.676320552825928,6.4100992112908175,6.4673130108448245,6.354707541865619,6.345465660095215,6.420061438675369,6.411799176731696,6.162167072296143,6.42706,6.607442,-30.350525,6.6731706,6.3911915,-11.197963,4.5839295,6.5215306,7.543682,5.5159416,-6.207959,3.704658,6.1040983,6.2997036,6.121834,6.6304116,6.227368,6.1633754,6.242172,6.0985456,2.8049834,6.222527389689323
6.301029995663981,6.596055507659912,6.656739234924316,6.595744609832764,6.56486717560151,6.625158309936523,6.929629164006936,6.891530033885819,7.021741359207767,7.015799522399902,6.484158639390072,6.596247909108964,7.56154727935791,6.807621479034424,6.843170166015625,6.837900638580322,6.711769182319204,6.783718109130859,6.752844128398358,6.694055182506873,6.617906436595171,6.692733287811279,6.823394660976075,6.667512210979729,6.086362838745117,6.443088,6.6438084,-24.624058,6.720166,6.589022,-8.257273,4.26004,6.107959,7.4018693,5.142026,-5.6727285,3.3172348,6.055073,6.2484646,6.145255,6.608775,6.0849304,5.9316177,6.206071,6.0434284,3.1697383,6.289550183813837
6.301029995663981,6.3862080574035645,6.396625995635986,6.388862609863281,6.339615475527732,6.413845062255859,6.45115390783425,6.320350040000972,6.646400076432713,6.4959564208984375,6.35583824214439,6.363251992558333,6.10626220703125,6.461559772491455,6.419730186462402,6.415279865264893,6.518324870681981,6.433019638061523,6.312241804187641,6.50545541486174,6.360942713643178,6.326202869415283,6.3589107743513535,6.473390688627531,0.9900804162025452,6.4349174,6.611395,-28.773027,6.6767006,6.484468,-10.423239,4.490508,7.1413794,8.029496,6.0696163,-5.9439,3.955481,6.1000166,6.264753,6.1229396,6.593173,6.2217627,6.1508484,6.299064,6.125681,3.0316017,6.242749822417414
5.958607314841775,6.8438897132873535,6.944888114929199,6.883511543273926,6.920153748185812,6.8869781494140625,6.8818390165410515,7.0458282446629905,6.743764737100821,6.914156436920166,6.6450639781594765,6.873118738339339,6.753927230834961,6.982868671417236,6.998765468597412,6.973437309265137,7.255423040216612,6.885727882385254,7.0270737693288945,6.846125988722981,6.879171366612918,6.6729888916015625,6.937875413954865,7.079105594536531,6.842736721038818,6.349456,6.466765,-27.496693,6.5432596,6.4859624,-9.803418,4.5023403,6.6062393,7.6395254,5.7876225,-5.483316,3.3344965,6.299275,6.317685,6.243607,6.6754875,6.315773,6.332561,6.342923,6.349975,3.0904765,6.214233785391888
7.244125144327507,7.031681060791016,7.338249206542969,7.183627128601074,7.295780303236139,7.1405768394470215,7.321627879587926,7.542967081431547,7.056805880850744,7.232696056365967,7.226230614684259,7.684466621386804,7.805364608764648,7.64536190032959,7.624546527862549,7.602375030517578,7.775278222990403,7.47193717956543,7.757326580385677,7.540122111273133,7.766260215977038,7.684952735900879,7.5495003634684075,7.38191546900174,7.712046146392822,6.3377547,6.750083,-28.614733,6.822662,6.7624984,-10.376024,5.1638656,5.315224,6.2631273,7.72409,-6.392535,4.1928515,6.0780163,6.367513,6.3312044,6.6617126,6.4618917,6.4238234,6.444263,6.1601205,3.0438704,6.356680539554309
7.136677139879544,6.517400741577148,6.748871803283691,6.62996768951416,6.605514383898162,6.556488037109375,6.912436589397129,7.252221530927726,6.729552684870603,6.847500324249268,6.931948279174637,6.894722503110492,7.313971042633057,7.16472053527832,7.128332614898682,7.09935998916626,7.512835072812563,6.97162389755249,6.905488510677095,6.868067498398856,6.893966469143224,7.027961730957031,6.984073450089519,6.9861202957205295,6.757353782653809,6.163152,6.3623247,-24.203402,6.385896,6.366412,-9.302209,4.738744,4.8228436,5.5434604,6.503578,-5.808798,4.5442424,6.060843,6.3516383,6.5733166,6.6399703,6.402361,6.156427,6.4404244,6.14071,3.1440966,6.052714755847025
7.221848749616356,6.58036470413208,6.857138156890869,6.714400291442871,6.742528149397577,6.715177536010742,6.742286093456603,6.956379441573774,6.675460342932014,6.460801601409912,6.364640081368661,6.7260942672507085,6.715289115905762,6.961233139038086,6.942121505737305,6.937784194946289,6.977004702445191,6.870266914367676,6.503225573635974,6.591071787759399,6.457733750127113,6.479260444641113,6.377375651683684,6.571343484447092,1.2916934490203857,6.4628916,6.4934025,-23.092335,6.556261,6.6056848,-8.121942,5.5634785,5.6458607,7.285987,8.337417,-5.211033,6.4362035,6.0134225,6.367513,6.3232327,6.7309084,6.2236214,6.3667045,6.386018,6.482916,3.6928105,6.258492303354198
7.494850021680094,6.402990341186523,6.648194313049316,6.52777624130249,6.811674692479267,6.4434099197387695,6.916666193659278,7.005471417525359,6.88146059003853,6.920663833618164,6.7364012316759,6.924575193317572,6.8548994064331055,6.948631763458252,6.941399097442627,6.9388837814331055,6.971682247966367,6.854884147644043,6.8740224777018595,6.7744532196689535,7.026842140573532,7.090766906738281,6.892409442205933,7.023828710883412,6.613996505737305,6.3788376,6.572332,-32.05397,6.622428,6.610995,-11.182405,5.841038,6.3413115,6.984358,8.173729,-6.6078463,4.3778377,6.0043797,6.265338,6.564602,6.369814,6.398912,6.5795374,6.335445,6.519517,2.9548094,6.263393989000664
7.657577319177793,6.9655961990356445,7.225142955780029,7.084651947021484,7.354733887547413,7.074155807495117,7.33136843089243,7.346493433227412,7.194942498849739,7.21479606628418,7.356266445974045,7.250363548803909,7.6289262771606445,7.480278968811035,7.424962997436523,7.421337127685547,7.361152307230709,7.357674598693848,7.515525948075037,7.22596079406206,7.364449386517403,7.381341457366943,7.480675248864418,7.1508829192451655,7.13555908203125,6.3526545,6.7822576,-23.413353,6.8032126,6.794816,-7.9978876,5.0046387,5.136301,6.5488462,5.586269,-5.8595757,3.3586638,6.0153246,6.338465,6.3747926,6.6197944,6.295051,6.476003,6.3752513,6.3961515,3.2993839,6.42334473698423
7.920818753952375,6.249612331390381,6.68075704574585,6.471909999847412,6.599140481872428,6.348996639251709,7.057472011689534,7.080424937809271,6.650109643467131,6.9543046951293945,6.642564523659713,7.100967760091721,7.4773173332214355,6.995303630828857,7.076225280761719,7.059641361236572,6.753998601337999,6.929165840148926,7.486637961192541,6.739949806561596,7.302117158916898,7.33022928237915,7.395390570877236,7.026516406922448,1.5264571905136108,6.261985,6.55107,-26.181795,6.578373,6.9110656,-8.92014,5.287897,5.4094405,6.387647,6.7935047,-6.150526,2.417678,5.918743,6.3502812,6.582832,6.499197,6.4794097,6.8234677,6.4589753,6.4446197,3.1451862,6.252883037918262
7.602059991327962,6.476510524749756,6.540100574493408,6.5215840339660645,6.385557966694864,6.477119445800781,6.704251406336802,7.006918738724443,6.5980068262218365,6.824927806854248,6.878022220086587,6.717410872185203,7.169147491455078,6.83586311340332,6.821618556976318,6.778175354003906,7.014050906345857,6.7166361808776855,6.681531366716383,6.531453732495126,6.515386975580292,6.560680866241455,6.637074300015497,6.735788724068946,4.422816276550293,6.2374916,6.4094706,-20.604635,6.395934,6.5465264,-7.482318,4.2890105,4.9333286,5.8739014,5.2069526,-4.6967287,3.5384517,6.0014906,6.304781,6.5112185,6.6519194,6.142659,6.250782,6.368476,6.068878,3.3473792,6.074259970921975
7.537602002101044,6.730912208557129,6.799737930297852,6.751904487609863,6.92347463481871,6.7674407958984375,7.1468876029929245,7.165074959934066,6.938380357652782,7.194141864776611,7.290545398145857,7.286888037969815,6.180526256561279,7.019625663757324,6.98280668258667,6.986320495605469,7.114070218851257,6.952120304107666,7.417864536240947,7.344507798297395,7.119282683850041,7.057469844818115,7.037201499545771,7.052454491964559,5.588562488555908,6.4026475,6.6118584,-18.335033,6.6604667,6.4744754,-5.986624,5.05685,5.568469,6.823561,6.519567,-4.1695127,5.261792,5.9340906,6.3502812,6.239152,6.571551,6.330274,6.3868046,6.41085,6.5593867,3.8835454,6.37869583032868
8.096910013008056,6.944952964782715,7.153508186340332,7.030771255493164,7.259950327024375,7.049346923828125,7.255691243744338,7.213919780063544,7.15673793211542,7.191727638244629,7.388542567262241,7.251803232423074,7.594551086425781,7.404949188232422,7.338017463684082,7.342223644256592,7.250885723772223,7.283929824829102,7.515525948075037,7.21569438680894,7.405565930403279,7.395249366760254,7.480675248864418,7.121898277527084,7.156542778015137,6.318936,6.728313,-17.510798,6.756736,6.744047,-4.725459,4.563934,5.1633253,6.827356,5.374984,-5.2047443,3.0594366,6.0176444,6.2626786,6.258795,6.594727,6.2042165,6.3810067,6.285074,6.2904925,3.719535,6.424144693394436
6.142667503568731,5.914827823638916,5.718692302703857,5.803371429443359,5.680635885342897,5.870824337005615,6.164192198470048,6.179584302144173,5.8687330261122765,5.803576946258545,6.00783967342989,6.285901231907439,5.464763164520264,5.975255966186523,6.0821614265441895,6.053684711456299,6.162227951981169,5.927964687347412,6.064427547440905,5.929944005166661,6.1078367700199525,6.076838493347168,6.090618016608043,5.869056026968326,5.8056960105896,6.2574215,5.908791,-13.09874,5.909093,6.2731256,1.0078644,6.2893815,6.125728,6.0077047,6.5104837,5.4915385,6.0223684,5.6544456,5.864636,5.8697495,5.9101343,5.701539,5.4316063,5.977734,5.7215915,4.74181,5.769614454326383
6.494850021680094,6.234720706939697,5.986303329467773,6.091081619262695,6.099015822638806,6.157105922698975,6.009498672437337,6.091648739065425,5.757862930854881,5.8471221923828125,5.905072237475745,6.261260103329769,4.167905330657959,5.784763336181641,5.854149341583252,5.839639663696289,5.808682334080466,5.8573408126831055,6.160545967991765,6.271745893966967,6.373719476868159,6.374704360961914,6.299019530851476,6.1818173470257065,5.905406951904297,6.221164,6.3958235,-12.315151,6.4226613,6.41436,3.46084,6.9758077,6.4292717,5.0648293,5.253008,-4.873804,6.504596,5.265469,6.033593,5.9361906,5.746745,5.979587,6.147421,6.169745,6.0315638,4.4631863,6.22114883274519
5.958607314841775,6.114793300628662,5.965595245361328,5.989103317260742,6.098925671555813,6.079903602600098,5.951062132981616,5.877244576721477,5.778408554433613,5.814094066619873,5.71922694263606,6.036497347016298,5.481832981109619,5.903584003448486,5.968306541442871,5.970128536224365,5.882806027919415,5.944798469543457,6.06922070846199,6.016127085016542,5.9121804141161265,5.928075790405273,5.983604211671312,5.940379657241325,1.4535409212112427,6.03761,6.0236645,-4.6365347,5.980984,6.0655437,5.931642,6.8167076,6.630663,5.97069,6.013945,6.357269,5.366464,5.2648277,5.974345,5.771027,5.90806,5.8832455,5.514021,6.016178,6.1280856,5.4509215,5.955709338187467
7.096910013008056,5.915664196014404,5.9951395988464355,5.937114238739014,5.614861814033436,5.887946128845215,5.942779996683346,6.058109686034888,5.983786224288622,5.946017742156982,6.064022382266911,6.062369568940465,6.371370315551758,6.282228946685791,6.225374698638916,6.214337348937988,6.386337554279933,6.160950660705566,5.872666712527744,5.916239630570517,6.0563942022320525,6.048428535461426,6.2457235525084895,6.129935410280691,6.344683647155762,6.215502,5.979411,-10.76419,5.8729916,6.2253313,1.5945574,5.0405893,6.0103807,5.1724653,6.8033752,5.981627,5.7321076,7.4311247,6.0700345,6.1728463,5.879408,5.9996734,5.4540615,6.0819397,5.7131248,4.933318,5.867899717474509
6.730487055782083,6.436662197113037,6.545336723327637,6.452664375305176,6.439224611914554,6.474165439605713,6.038815928031891,6.500091922035319,5.952578547514072,5.971203327178955,6.368164965552372,6.205787468106406,6.435375213623047,6.6843953132629395,6.640323162078857,6.59635066986084,6.6068590373719625,6.511719703674316,6.389181067612228,6.55084105998142,6.449525725978762,6.4158935546875,6.453909876455043,6.458902376106873,3.85756516456604,5.9506407,6.2945457,-8.188759,6.330385,5.9540386,2.5635438,5.4763565,5.760524,6.2690816,5.9870152,4.3256307,6.102923,5.778836,5.8141584,5.947108,5.85381,5.6855106,5.703952,5.856028,5.773967,4.9619646,6.119822997005321
6.528708288941061,6.4680891036987305,6.520327091217041,6.494155406951904,6.412164940052239,6.535910129547119,5.842557880174888,6.050646243728038,6.1314334674222915,6.0195698738098145,5.943583465257272,5.92001031335718,5.673218727111816,6.168586254119873,6.133087158203125,6.144073963165283,6.081986364204115,6.230870723724365,6.533427099406775,6.6584614057921625,6.405364788344491,6.410367488861084,6.440253849313675,6.584458080468998,5.8485331535339355,5.8418903,6.294821,-12.372931,6.315806,5.8652954,2.5259526,4.938096,5.684121,5.3287826,6.34404,5.3258505,4.655817,5.742332,5.854403,5.801001,5.8179584,5.632487,5.741289,5.750689,5.746673,4.641719,6.101642315437522
5.823908740944319,6.5440473556518555,6.7046709060668945,6.586399078369141,6.645135998890054,6.608557224273682,5.995178271245978,6.613822631324308,6.3736001507026945,6.249287128448486,6.626983198011968,6.050945790088603,6.747204303741455,6.860410213470459,6.7906999588012695,6.726657390594482,6.604436789682153,6.667922019958496,6.695956646321159,6.715972810766286,6.960980890972002,6.945980072021484,6.830959493658223,6.762087526307973,4.610013008117676,5.872075,6.280822,-13.606583,6.3499594,5.869883,1.6361898,5.6297984,5.7162814,5.9020796,5.510014,5.071506,5.8301525,5.705903,5.8102283,5.7448564,5.7466254,5.6713643,5.718372,5.7698207,5.753949,4.599165,6.109995219044173
5.823908740944319,5.791836738586426,5.773736000061035,5.824429035186768,5.676259166281545,5.720299243927002,6.1934185305014475,6.3488753567605976,6.0067827277225225,6.001779079437256,6.154795209001147,6.237534719723695,6.056044578552246,6.143491268157959,6.169078826904297,6.145130634307861,6.484253872150899,6.06362771987915,5.912148770452271,5.835298319484814,5.9658926882862975,5.9312744140625,6.008969067698898,5.946939318586832,5.834531784057617,6.393284,5.931337,4.8729873,5.837302,6.5216894,4.711438,5.609491,5.9382586,6.269502,6.7005167,6.5087953,6.0182934,6.3499565,6.042169,6.624292,6.499816,6.507719,6.410504,6.322282,5.9624076,6.101602,5.881779239045807
6.427128397799519,6.302846908569336,6.660943031311035,6.462893962860107,7.0643006820072625,6.396087169647217,7.408851069781845,7.015172619108806,6.917960121327919,6.9853973388671875,7.033629307731495,6.792865085789957,7.280198097229004,6.846858024597168,6.985559940338135,6.9719672203063965,6.22406788957054,6.912948131561279,7.209669824415347,6.555830262666774,6.75271361588688,6.865102291107178,7.112021336656737,6.939537608053015,1.4985592365264893,6.689004,6.954323,1.4948666,6.873456,6.8958583,2.967249,4.5087314,7.809633,7.0553007,8.838261,3.7947435,6.9656253,6.4035907,6.458988,6.6374917,6.813814,7.0905805,7.81141,6.674542,7.0265436,6.288201,6.816656450910252
6.844663962534938,6.449855327606201,6.352607250213623,6.433335304260254,6.396956499442469,6.451411724090576,6.14359531028453,6.501089383406204,6.493798942142567,6.706002235412598,6.558701687674436,6.535426625877085,6.381185054779053,6.528321266174316,6.496434688568115,6.48811674118042,6.874151325900841,6.470093727111816,6.327328522452677,6.373225113791448,6.368875438949567,6.390736103057861,6.442062912333853,6.421907320267804,6.6609015464782715,6.2963314,6.6169925,-10.667503,6.666394,6.3006954,2.9392645,4.6493597,5.1240377,5.6777225,5.283791,2.409778,5.7881913,6.6073337,5.9032135,5.8479786,6.054331,5.5515947,6.1485524,6.0230803,5.863353,4.754225,6.4436352319238726
5.853871964321762,6.258664131164551,6.3490447998046875,6.277129650115967,6.458065162702291,6.261928558349609,6.13919767884566,6.180030069203703,5.879210093494291,6.005838871002197,5.939670666968072,6.044115089860595,5.689091682434082,6.161925315856934,6.172750473022461,6.168842315673828,6.124301733192208,6.167823791503906,6.315683307813659,6.37930613632065,6.362785290743917,6.370682239532471,6.404504078014395,6.418676830564758,6.082575798034668,6.076813,5.958217,0.6580337,6.0023227,6.5541224,0.6551482,6.1523128,6.593086,5.3794494,4.4817233,0.15470418,6.1877,6.5402966,6.1355042,5.9478545,6.238606,6.3509135,6.3577266,6.186776,6.3443985,5.2477856,6.0156973348989675
5.221848749616356,5.989569187164307,5.976761341094971,6.018689155578613,5.809051446706119,6.05845308303833,5.55811194470844,5.8579009370293065,5.702498560576236,5.6681342124938965,5.865840483454729,5.676512111923418,6.927248954772949,6.119030475616455,5.983755111694336,6.002745151519775,5.839357384491124,6.018378734588623,6.527028039910724,5.881498836549801,6.272505260088396,6.5200018882751465,6.240978933658123,6.256195582725499,1.7310236692428589,5.3790007,5.5621104,-5.784048,5.6326494,5.5545673,-0.49101287,4.9365582,5.0209565,4.68999,4.8858304,4.145456,4.5539074,5.162798,5.606158,5.195332,5.3772163,5.302924,5.1691594,5.479172,5.1777296,4.3278227,5.40870247613812
6.756961951313706,5.566148281097412,5.617412567138672,5.585651397705078,5.537767310999632,5.569008827209473,5.235191594029936,5.3654211277005075,5.355893316451671,5.954288005828857,5.721215763947989,5.613765176302431,4.790706634521484,5.696393966674805,5.6500701904296875,5.646447658538818,5.9097723640980035,5.613013744354248,5.427393708271259,5.364200199200602,5.45400209403155,5.436290264129639,5.623835474855834,5.567383782343704,6.0342631340026855,5.330957,5.170288,-13.495831,5.0841994,5.4899054,-3.9001858,7.4326644,6.148573,7.4358287,5.3294835,-0.34846622,6.093675,5.210978,5.6245155,5.1564565,5.239964,5.2970552,5.2035666,5.3925977,5.1687613,3.9032493,4.9587782828253655
6.167491087293763,6.3108930587768555,5.384291648864746,5.679586410522461,5.361486281278923,6.1743927001953125,6.557332990052338,6.8417004398667185,6.517369932755707,6.431303024291992,6.664186469465581,6.507944442184671,10.877850532531738,6.5910210609436035,6.551384925842285,6.527710437774658,6.212355502511823,6.4575347900390625,6.409232746338911,6.38374931340738,6.47679045176529,6.45569372177124,6.678088829104969,6.44701343454655,7.401655673980713,7.2540555,6.6443048,-0.943581,6.400799,6.203477,8.205372,9.581089,8.401693,12.05372,17.005875,-1.5860682,15.792262,6.723369,6.4118004,6.248709,6.7416005,6.4374228,6.3667994,6.791257,6.5752444,7.3654604,6.484396680322711
5.150514997831991,5.347506523132324,5.182887554168701,5.261425018310547,5.524499990478637,5.290054798126221,5.7458965689327535,5.777114781153778,5.710643261587362,5.468006610870361,5.844170141734337,5.834594239544187,5.9564642906188965,5.603270530700684,5.689423084259033,5.672737121582031,5.479040303729768,5.605625152587891,5.427492487923201,5.5589714036740006,5.526640783487895,5.562107086181641,5.4863029592237735,5.522316484822195,4.914447784423828,5.845694,5.403326,1.5461274,5.386534,5.8812647,-1.7862335,7.0248466,5.077238,6.755968,5.7065983,6.628043,5.990182,5.5444417,5.891417,6.1493945,5.58358,6.0511675,6.0942917,6.0788083,6.141673,5.3497186,5.425883929356922
6.6020599913279625,6.130776405334473,6.644285678863525,6.418756008148193,6.244056076572694,6.268517017364502,5.74069855617947,6.279764044808155,6.19299926787642,6.013426780700684,5.940790095069162,6.42030225512253,7.862367153167725,7.025195598602295,6.832334995269775,6.827753067016602,7.014142523586265,6.772456169128418,7.328968566999284,6.897085651088686,7.898110915109454,7.545069694519043,7.040750892426928,7.246805872532794,10.973189353942871,5.4617853,5.806041,-36.541958,5.783971,5.830847,-11.021093,9.557466,8.680624,9.802748,4.1671476,-1.9861832,8.49392,5.186741,5.6568837,5.355744,5.534381,5.4113097,5.4709377,5.3761015,5.189672,2.8608544,5.347964861778424
4.823908740944319,5.7776360511779785,5.5343756675720215,5.783166885375977,5.0025790109214885,5.657153129577637,6.9931854585799,6.9320542242048315,7.419065415730193,5.69610071182251,6.496538029937042,6.85295570855035,7.524990558624268,6.455479621887207,6.691734313964844,6.565711975097656,6.837020213233489,6.414771556854248,6.805762662304362,6.449913975332433,6.799254817512433,6.606814384460449,6.787558578210071,6.5360325554731284,4.330272674560547,5.616877,6.009956,-44.494625,6.0218997,5.1693726,-12.080975,5.6474977,10.007965,6.4023514,6.467355,-4.591088,-0.0107461065,4.564271,5.2616854,5.462571,6.13602,5.271984,5.316961,5.5505624,5.510139,1.6620018,5.519024574027644
4.769551078621726,5.408624649047852,5.599349498748779,5.549070358276367,5.138093937092792,5.497575759887695,5.480203241219041,4.963818790227181,5.367398399068644,5.475971698760986,5.530234769745609,5.411297161871304,6.316898345947266,5.701529502868652,5.637059211730957,5.674375534057617,4.880796283268501,5.752182960510254,5.542180280845066,5.530701934847246,5.766187128046759,5.881685256958008,5.90427508928216,6.089072477087202,7.966085433959961,4.706776,4.8707204,1.6932596,4.866285,4.6805325,2.2941709,5.022747,5.280058,5.474529,5.922566,4.737666,5.54299,5.0696173,5.140943,4.8360925,4.8174376,4.9592495,4.7597237,4.8979654,4.970954,4.7272143,4.854716225138811
4.721246399047171,5.239953517913818,5.078223705291748,5.259934425354004,4.898922664647747,5.245319366455078,5.187307757564022,4.9436961840913085,5.443599500083675,5.329972267150879,5.55885765904933,5.001570941542747,5.508339881896973,5.090620994567871,5.070741176605225,5.089139938354492,4.47251541661237,5.2175612449646,5.299092453737874,5.381288970918362,5.4606196485998835,5.468624114990234,5.605712633242554,5.475005097667021,2.669325351715088,4.8912425,5.044654,-3.856505,4.868476,4.3822274,0.69936776,5.033687,4.752755,5.125433,6.877461,-0.94896317,6.338478,4.9506435,5.198124,4.8339214,4.8913984,5.188934,5.1049643,5.324506,5.56333,4.2132072,4.9366502458101476
4.769551078621726,5.261826992034912,5.280618190765381,5.273094177246094,5.182236716292656,5.266016960144043,4.993402398995147,4.944911490667405,5.172137063688324,5.128108978271484,5.403115389311491,5.315876295961103,4.3911614418029785,5.2152276039123535,5.20770263671875,5.223564624786377,5.076623833937711,5.205147743225098,5.273311771168947,5.2040037909300585,5.300861670494648,5.334192752838135,5.535850674841829,5.410732062102094,5.842857360839844,5.066861,4.892163,-6.7154016,4.72428,4.8555574,-0.20954157,6.30774,5.1213245,5.982536,7.581947,-4.4443536,7.3997545,5.23119,5.174293,4.906565,4.876117,5.0606723,5.080001,5.176495,5.3105407,4.0689373,4.788306724618433
5.950781977329818,5.800135612487793,5.642094135284424,5.746018409729004,5.623934479527409,5.749267578125,5.74621499031768,5.539464641074702,5.780836521955884,5.800521373748779,5.5601000836630305,5.516464222813671,5.724144458770752,5.589121341705322,5.6310272216796875,5.656051158905029,5.317942477324014,5.711207866668701,5.564643718725201,5.586275069869186,5.577768249181981,5.538030624389648,5.528186775204723,5.5925101651529365,6.372589588165283,5.6445913,5.68676,5.281912,5.687328,5.441568,7.4594374,5.1327605,5.2585382,5.725504,4.701841,5.595084,4.793829,5.3234825,5.921186,5.782516,5.8610835,6.0645947,5.7201877,5.85618,5.7801294,5.635926,5.71114377036194
5.539102157243452,5.680830001831055,5.562871932983398,5.5945820808410645,5.754520784260567,5.647834777832031,5.772609810669586,5.682825372070092,5.855808392176841,5.7918267250061035,5.551429389346638,5.841795426484734,5.198884010314941,5.662984371185303,5.697999000549316,5.696635723114014,5.689429828409883,5.694079399108887,5.5348057715877035,5.592023564070455,5.593366063599736,5.548547744750977,5.635530597187756,5.556373549467344,1.964508295059204,6.060876,5.9614625,-30.358267,5.915363,5.782838,-7.8785133,5.4167037,5.79542,4.866188,5.4889774,6.647422,5.6046147,5.277485,5.9100947,5.837365,5.8583875,5.998938,5.8870068,5.9285493,5.887932,3.294442,5.6366985809722525
5.503070351926786,6.061267375946045,6.018060684204102,6.023151397705078,5.842127533022958,6.060116291046143,5.930685908294467,5.766525020823168,5.87696574804727,7.108353614807129,5.964876547119796,5.939908212379158,7.0250678062438965,6.054344654083252,6.12338399887085,6.117751121520996,5.95495913150067,6.098715782165527,6.344189590965013,6.186768966036758,6.129149119679271,6.223690986633301,6.284529585766669,6.565351025091996,1.914284586906433,6.2375097,5.911573,-39.348164,5.999951,6.6385293,-10.526035,7.1333303,5.5575027,4.6342177,3.3575122,-4.892979,5.4805045,5.4882517,5.9960723,5.762436,5.8698387,5.9837427,5.9476185,6.003127,6.246221,2.174038,5.734606581709942
5.910094888560602,6.008746147155762,5.947291851043701,5.986523628234863,6.072891855222443,5.989284515380859,6.101947629578976,5.9812066841043565,5.985708051498395,5.882956504821777,5.576043586598191,6.102188635195405,5.454509258270264,5.935646057128906,5.998286247253418,6.019378185272217,5.646050911216033,6.0063395500183105,6.214382384935594,6.066745889034936,6.527323098780819,6.250410079956055,6.3544247816523995,6.041238021707821,4.24709939956665,5.9780097,5.944,3.4491994,5.9348407,5.7897153,9.315023,5.032434,5.3882203,7.206414,5.860037,5.313516,6.151944,5.673335,5.9355597,6.007467,6.023223,6.241096,6.1138935,5.9885073,5.834889,5.9590664,5.957903851737132
6.065501548756432,6.233043193817139,6.3542561531066895,6.298760890960693,6.25594068125366,6.2900848388671875,5.965451039555476,5.926603376181751,5.902317833069144,5.973735332489014,5.685133093064544,5.9670319926588125,6.264399528503418,6.210432052612305,6.241570472717285,6.252185344696045,5.878920519918578,6.246519565582275,6.440238265337117,6.7177752071358565,6.340451132343802,6.288380146026611,6.241304218717238,6.450405024061355,1.3146979808807373,5.7962766,5.937373,3.7891414,6.034796,6.1294913,6.342158,5.4286594,6.0845327,6.2511325,5.3349886,5.5145454,5.432915,5.9044952,5.932658,5.8339524,5.84186,5.9731402,5.854883,5.880583,6.062606,5.768009,6.034618953218374
5.707743928643524,5.689629554748535,5.730465888977051,5.712606430053711,5.702065592132925,5.686640739440918,5.91122359581112,5.8075923004597225,5.819267797705891,5.750343322753906,5.74794628906605,5.747135422494109,5.658052921295166,5.8641743659973145,5.871030807495117,5.871002197265625,5.762720375654327,5.86553430557251,5.657171132245295,5.665402737571639,5.702748469286615,5.650074005126953,5.799196107496342,5.7461906970265755,6.587543964385986,5.812123,5.8561916,3.6723413,5.7909145,5.8491263,6.4453807,5.4801874,6.3926682,6.1884375,6.0558662,5.9807215,5.642328,5.590139,5.932658,6.0015707,5.8060293,5.9823613,6.1578526,6.0279145,5.7900367,5.8227425,5.7928634075886105
6.3979400086720375,6.278575897216797,6.404329299926758,6.350383758544922,6.313652036299145,6.328171253204346,5.924278147490894,6.0719775502890725,6.031242238082141,5.876159191131592,5.889018096651367,5.9410332421968,5.694273948669434,6.2137370109558105,6.2351555824279785,6.227941036224365,5.981061427639373,6.265772342681885,6.657038623834179,6.746759150543793,6.41747259990319,6.591592788696289,6.609157217537285,6.70971057287558,5.953385353088379,6.1718893,6.027746,-30.348953,6.0481353,6.3423023,-7.4110823,7.060358,5.4074583,5.520405,4.5845394,1.5498518,5.484382,5.681439,5.951127,5.9199414,6.066252,6.1907926,6.0658197,5.9963927,6.0863366,3.2197566,5.8055740665528655
5.427128397799519,5.987314224243164,5.930590629577637,5.946440696716309,6.051081578752035,5.99290132522583,6.037193805392811,5.8856201724178,6.092020920185009,6.070659160614014,5.642322222695844,6.053371659337583,4.507346153259277,5.88634729385376,5.924574375152588,5.943875789642334,5.3895396252867975,5.971022605895996,6.157242794064582,6.053648515629258,6.318068220864378,5.817919731140137,6.049820859286183,5.985665351783658,4.197286128997803,6.168471,5.880941,-31.466673,5.8864536,6.293885,-7.8223963,6.5599236,5.617634,5.828128,4.672246,2.8937566,4.8275,5.4726863,6.020353,6.1087046,6.0454125,6.166618,6.20806,6.0389338,6.2212253,3.1810932,5.695653898005609
6.468521082957745,6.357879638671875,6.385195255279541,6.353725433349609,6.494051310113149,6.394685745239258,6.096427670733825,6.182618842653109,6.108551773811532,6.111629009246826,6.051111933367492,6.604338046678785,4.957542896270752,6.377496242523193,6.294496059417725,6.333306789398193,6.277293993774064,6.346427917480469,6.3843647480418575,6.481186726475474,6.338821724887291,6.296957969665527,6.4117559337014445,6.357024669726106,3.692138195037842,6.1723948,6.059456,-22.612665,6.048439,6.2751904,-4.185193,6.805981,5.202258,5.5758576,4.191403,4.249764,5.4773493,5.674342,6.0758696,6.103747,6.1288805,6.297365,6.336295,6.0939493,6.349377,3.9160035,5.91186300470382
6.481486060122112,6.505262851715088,6.531159400939941,6.495869159698486,6.554368043933521,6.507029056549072,6.320389872480729,6.381341996796728,6.500464112763198,6.600362777709961,6.727952226262467,6.657499483501876,7.112317085266113,6.686568260192871,6.6002020835876465,6.607022285461426,6.636384177026544,6.639238357543945,6.446144962925611,6.4213774473554555,6.443795872234332,6.532482147216797,6.617862337714921,6.439211024700146,6.525763988494873,6.24647,6.5384192,-0.50252223,6.599787,6.4755163,9.191674,6.159071,7.1889324,6.5833797,4.5309086,5.348845,6.980824,6.133772,5.944132,6.1088357,6.119519,6.028703,5.92816,6.025803,6.050886,5.984056,6.502474469223576
6.443697499232712,5.95274019241333,5.874101638793945,5.8915228843688965,5.838614674690155,5.909515380859375,5.761616997715837,6.129103791041065,5.8368456279760474,5.992007255554199,6.014834353807025,6.192992109575672,6.142820835113525,6.145943641662598,6.087532997131348,6.089600563049316,6.330163951271882,6.032473087310791,5.971115938818418,5.881883444472657,5.94804021405254,5.945723056793213,5.848612666046025,5.959750159492015,1.3282221555709839,6.263619,6.07558,-36.956078,6.100215,6.342347,-10.236136,6.850415,5.583121,5.253058,4.2090726,-3.0789173,5.03249,5.203183,5.9756646,6.1033764,6.0346417,6.0981684,6.1122384,6.0229764,6.2575545,2.4623294,5.797037412247373
5.853871964321762,6.175282001495361,6.293733596801758,6.2559380531311035,6.48156001277018,6.176734447479248,6.234618303163111,6.291400440131353,6.064907711573195,6.114152431488037,6.181986946625957,6.529814265921267,5.108950614929199,6.246336936950684,6.326557636260986,6.307175159454346,6.347345778808505,6.210596084594727,6.32645378633367,6.37582987605632,6.300653007136957,6.270562171936035,6.306928579911702,6.263458562973046,6.222024440765381,6.3643785,6.166754,-17.204344,6.12511,6.7249203,0.5428254,4.9948697,5.5841746,6.7009015,7.949324,3.4882343,6.273645,6.8924417,6.053888,6.1981263,6.2707443,5.9554977,6.1969047,6.333931,5.9722495,4.6792293,6.053539653233176
5.742321425130816,5.735619068145752,5.698639869689941,5.706306457519531,5.531294492836502,5.717822551727295,5.624679019877398,5.598065845399593,5.7877021521855125,5.690680980682373,5.73847226267014,5.6854563938060405,5.043140888214111,5.736596584320068,5.740869998931885,5.740513324737549,5.63612010279944,5.762260913848877,5.63920623411754,5.632706649074783,5.693220346572651,5.6288557052612305,5.7252188705608615,5.613364778754722,5.257347106933594,6.1126566,5.9911466,-26.782167,5.901703,6.3109655,-6.8955317,5.340837,5.798469,4.831269,5.8402123,6.2832127,5.6618204,5.377007,5.891665,5.8237634,5.801289,5.942307,5.840593,5.951488,5.8767366,3.544972,5.64723521671982
5.72584215073632,5.624780654907227,5.377755165100098,5.5028462409973145,5.104687678890055,5.547706127166748,5.591525856336641,5.674741861141928,5.755572151969357,5.76864767074585,5.853793229215535,5.863750403659603,5.7241997718811035,5.610041618347168,5.630496501922607,5.639644622802734,5.64914249623509,5.608813285827637,5.451848120022879,5.549640777764762,5.5365844187414,5.532789707183838,5.496373944878896,5.5321447409807565,5.514625072479248,6.205178,5.8482847,-42.13801,5.8674636,5.968157,-12.180473,6.5522075,5.6762056,5.0389338,5.0959077,3.5266602,5.496561,5.2476344,5.963877,5.8507433,5.8437147,6.0608096,5.927206,5.980007,6.290472,2.4060771,5.603898442129978
5.779891911959945,5.707444667816162,5.460175037384033,5.594924449920654,5.185058874439621,5.609860420227051,5.3658513034917865,5.626483652955951,5.511329502291291,5.596059322357178,5.9059240064307446,5.686583669019928,6.11680793762207,5.721700668334961,5.613589763641357,5.618534564971924,5.6820425220874915,5.622183322906494,5.437536521560414,5.519759761386115,5.593778974802178,5.522974491119385,5.42340666138306,5.54482374023214,1.9625829458236694,6.1310253,5.715171,-39.126865,5.717241,6.101715,-10.713665,7.046383,5.7256236,5.1084356,3.6692424,-3.1028032,5.064388,5.4681835,5.9100947,5.907306,5.9264817,5.909771,5.7115135,5.9762025,6.0473123,2.209638,5.486828931035147
5.542118103266008,5.831910133361816,5.792301177978516,5.821028709411621,5.684443442369243,5.830699920654297,5.783197821716828,5.743106893194663,6.024616952935889,5.933353900909424,5.827517106884165,5.583720595053179,6.533519744873047,5.712795734405518,5.704169273376465,5.716727256774902,5.450005325037186,5.758665561676025,5.731003191684735,5.824333150672194,5.7826685865357215,5.795588970184326,5.729130311404258,5.746620610083076,5.188088417053223,6.124771,5.761427,-32.05233,5.7390018,6.2907825,-8.376938,7.2511015,5.637163,4.7323394,2.5205407,-4.073087,4.971633,5.4939623,5.875168,5.9049935,5.944378,5.9916873,5.879008,5.988465,6.0221896,2.581313,5.540616802059377
5.632644078973981,5.812560081481934,5.795644283294678,5.8097920417785645,5.639974484548594,5.811251163482666,5.7363372884906845,5.884662360554728,5.603131731405596,5.7317728996276855,5.782676524751635,5.408442837159038,5.805124759674072,5.7248311042785645,5.686524868011475,5.7055253982543945,5.553836304239317,5.744507312774658,5.707598042773714,5.780075550046887,5.762627770782233,5.767922401428223,5.738397523849302,5.6887903728206295,5.468990325927734,6.089637,5.8028765,-38.984695,5.8205476,5.954688,-11.314203,6.721944,5.4339786,4.3972044,2.8830216,-5.041832,4.788055,6.0555344,5.8852725,5.6721334,5.851136,6.0182276,5.754673,5.860811,5.870806,1.9759909,5.556754354152167
5.154901959985743,6.5620574951171875,6.438437461853027,6.482175827026367,5.978719539244412,6.524335861206055,7.434390176464769,6.331023283469918,6.960815986247564,6.864861488342285,7.164159608220981,6.208101169172951,6.2762770652771,6.307900905609131,6.326966285705566,6.34508752822876,6.019798283001643,6.536380767822266,6.4688920103307375,6.503834138220991,6.4145544969716575,6.392953395843506,6.365121877647095,6.501617378646297,5.944008827209473,6.843327,6.4244413,-42.73795,6.3208046,7.1400604,-11.849791,4.6196623,5.2341805,5.9790263,4.477492,-2.265431,6.4722667,6.1942325,6.132364,6.608642,6.890529,6.666061,6.593586,6.817319,6.1382723,2.434955,5.976344540027214
5.0,5.910434722900391,5.567909240722656,5.77105188369751,5.583305492083915,5.769186019897461,6.5913039579539925,6.590477751753336,6.5568948610186,6.723587512969971,6.906274910971332,6.751462474443858,6.362255573272705,6.083516597747803,6.118744850158691,6.129904747009277,6.527853386592575,6.0305352210998535,6.051909930792237,5.879511907057149,5.958081906859239,5.845911502838135,5.96638332863357,6.104222577415054,7.118330955505371,6.9980416,6.4668694,-37.555565,6.375165,7.349991,-9.374905,5.9153247,5.1153717,6.7055936,5.9319735,-2.9811785,6.126392,6.1940484,6.305879,6.6412606,6.143109,6.888587,6.7692556,6.9069715,6.6658697,2.9794028,6.157816934616586
5.505845405981557,6.005863666534424,6.08769416809082,6.063930034637451,5.904225201675629,6.000946998596191,6.355924534582799,5.882876013071846,5.686261180754111,5.7127532958984375,5.861855863076235,5.913582011562452,6.176605701446533,5.838508605957031,5.916898727416992,5.922611236572266,5.401246238273995,5.911958694458008,5.960824824171686,6.005386317039374,5.85739105420331,5.854979515075684,5.925346906923066,5.975085190070344,5.422842025756836,6.7847786,6.24103,-36.214592,6.1214952,6.579812,-8.730375,5.5938444,5.491597,6.8178086,8.448271,-0.8867899,7.270144,6.0131907,6.2420373,7.1270723,7.1159115,6.7243133,6.6140437,6.932822,6.1129956,3.3199706,5.8690672968968896
5.175874166083451,6.672652721405029,6.609447002410889,6.608016490936279,6.235199613030283,6.671850681304932,6.924591548899527,6.158252009800881,6.529369663737786,6.4297895431518555,6.6223880604509135,6.177094900592006,6.783385753631592,6.306403636932373,6.247310161590576,6.31247091293335,5.824410738694181,6.468106746673584,6.685725163142733,6.485985130674495,7.118423841920891,6.432405471801758,6.678088829104969,6.554524512832883,5.6754841804504395,6.891345,6.4230924,-35.878265,6.3189826,7.0984025,-8.953705,4.0722594,5.829267,6.1505594,4.970387,-1.8495293,8.614636,6.3060856,6.18176,6.3733687,6.974581,6.5331807,6.4857817,6.7427654,6.1813846,3.0733168,6.03779607092556
6.0,5.745284557342529,5.292836666107178,5.585623741149902,5.009771029101431,5.528933525085449,5.945465581284559,6.248468870222552,5.862425043717789,5.751466274261475,5.934921371255359,6.132937462961106,5.690730094909668,5.587697505950928,5.648738384246826,5.617700099945068,6.222329754719145,5.551757335662842,5.720229975218516,5.68056405097336,5.917060408441746,5.8901448249816895,5.8818378389847785,5.813466752183319,7.389570236206055,6.780248,6.422858,-38.824326,6.3198743,7.013189,-9.82426,5.229189,4.872808,5.874788,4.6616898,-3.8132586,5.8129945,6.3052826,6.1217413,6.7384157,6.0065713,6.796768,6.6411543,6.837643,6.177886,2.607563,6.024888664558983
5.175874166083451,6.50320291519165,6.474379539489746,6.47935152053833,6.042020211114325,6.4782819747924805,7.323760299051701,6.142920328844544,6.914335747203703,6.93494987487793,6.83728549585568,5.977106004494898,5.758857250213623,6.243645668029785,6.198413848876953,6.227297782897949,6.123763322417652,6.477368354797363,6.526874394200554,6.568437912929619,6.465211743450529,6.392953395843506,6.369771629899271,6.453777561290367,5.679044246673584,6.8095036,6.422269,-42.91151,6.3184633,7.0221815,-12.056218,4.973127,5.58271,6.310719,5.365295,-1.0418001,7.359745,6.312302,6.2420373,6.648813,6.9694915,6.715069,6.6177077,6.925164,6.2758403,2.6430452,6.004923978996732
