average,sample_weight,SMILES,PC_1,PC_2,PC_3,PC_4,PC_5,PC_6,PC_7,PC_8,PC_9,PC_10,PC_11,PC_12,PC_13,PC_14,PC_15,PC_16,PC_17,PC_18,PC_19,PC_20,PC_21,PC_22,PC_23,PC_24,PC_25,PC_26,PC_27,PC_28,PC_29,PC_30,PC_31,PC_32,PC_33,PC_34,PC_35,PC_36,PC_37,PC_38,PC_39,PC_40,PC_41,PC_42,PC_43,PC_44,PC_45,PC_46,PC_47,PC_48,PC_49,PC_50
5.886056647693163,1.0104377584601565,Cc1ccc(NC(=O)CCC2CCCCC2)cc1-c1nc2ccccc2[nH]1,-28.541012153069207,0.1284476418022224,20.74303257966402,-8.221912120937853,27.375729984064872,8.67356561407754,-5.774161854614889,-9.0975792342978,-7.894458628991334,10.444077806282248,8.675852051281044,-0.7945766234476234,-6.863952614997126,18.071395790572137,14.975223940916086,10.991072024783206,3.723474952398737,-0.09939863749871192,0.10000902305296173,3.915018777506971,-0.8930157053368423,-1.0492902517785192,-0.1537717256658612,-2.3814739330304646,-0.19939694236861893,0.7334469486284942,-1.3400286162147539,-0.4353419877171803,-1.0668444902554897,-0.8016545317151127,-3.2611493938010425,-0.6039950499214971,2.1447713112993463,0.007323166584909821,-2.448289475983948,1.347029247863465,0.05125792706997051,1.2684657394379046,-0.8750945395079506,0.9235570295503016,1.2140372553611705,-0.9774914119000707,-3.0184075969371658,-2.484771341178086,0.306653513142488,-0.2210464846409395,-0.021911108972175512,0.13501533658443546,1.0647569936134968,-1.3840410603454714
5.698970004336019,1.0104377584601565,Cc1ccc(C(=O)NCCC2CCCCC2)cc1NC(=O)c1ccc(O)cc1,-21.48223263041367,2.0302750091284705,15.842176805530082,-9.826631009349146,29.220845467036686,10.792611702345392,-2.5279739268810175,-0.2530484391250635,0.11582562478525069,-9.244175505086357,-3.10402659722821,1.4077855826912111,-0.5325637628978376,-3.7876992924100272,-8.883357890363948,-4.104375419620635,-1.5399041219227068,0.9348186830689591,-3.408042628517116,3.360819962714202,-3.1035785209272073,-1.8018691868402268,-0.0771810976970797,1.8797607102006773,8.857004235138236,3.827209833666329,-5.589891599640267,-0.23184419735103154,0.5270861872079583,0.40702045087858896,0.6444219041401161,0.3321718378125635,7.195175137517978,-3.841444391758171,1.1916846433005175,-1.0500709387230482,1.5149055392778479,-5.618686464958193,4.993253025430278,0.33551843655404595,-4.166328087320114,16.276642160792818,16.97534033219767,8.316305121099173,1.1272001904935702,-6.249716241957416,4.969468401942699,0.9572728811945537,-4.39314133702288,4.417167522506999
5.886056647693163,1.0104377584601565,Cc1ccc2nc(-c3cc(NC(=O)CCC4CCCCC4)ccc3C)[nH]c2c1,-26.6349602743507,-0.7090900422725502,20.359962366391844,-9.830330154036961,27.450816966505634,9.413260675406512,-6.362887496314719,-8.544491230018918,-7.1728773999671755,13.443011363400876,9.757723370254828,-2.318801908039748,-7.614812214662506,18.022829351170095,17.570134750447373,10.389026932128607,4.056297086522728,0.6068889650977001,1.2174970286542564,4.554347946914705,1.8758755347956642,-0.37099497674116233,-0.8640802429406745,-1.868653167501409,0.38384829167548673,1.5501610248444402,-1.5828581741088095,2.786557622172993,1.0035349336226194,0.8946713147033446,-4.292832261258637,0.9296877013407219,0.3677848608230607,2.084232978384411,-1.382981334013177,2.3144589536030558,-1.2017864680136945,0.8090470118659243,-0.5376139367723908,-0.26488329579144326,2.103082027533167,-2.4655756521751244,-2.6301459998271524,0.02023967433499662,-0.641652603021167,0.8162677017917116,-0.9324639546848191,-0.0997036432155553,0.7857640497144865,-1.687134434427286
5.698970004336019,1.0104377584601565,Cc1ccc(NC(=O)CCC2CCCCC2)cc1NC(=O)c1ccccc1,-26.885865790819913,-0.08254889675206971,20.939763264624364,-12.103653095675488,39.13913908615405,10.508313733189528,-4.179758528146237,-6.887853140055902,-0.2790856140120357,-8.79523484633365,-1.8383271188207564,0.336737600997507,5.91516724150958,-6.620519262447571,-6.51974656232098,-4.429872962275261,-4.468010117918324,1.3209957425531944,0.7811593963020301,-0.048986720604450036,-2.1387799287283356,-2.6726638504695446,2.4258433040162632,-5.271226161845099,1.7170310416849417,-0.17692882188846445,-1.9422098080336778,-0.027762196721691255,-1.0094150818315417,-1.2916691995120173,-1.977585213636542,1.3625125892123877,0.9199549215526757,0.06642388378087097,-2.5763698647620243,1.6285122065998638,-1.7876517020285005,2.05687815808792,-2.309214602051637,0.9156082277802879,2.1850605970735923,-3.425552463528815,-4.656459381993277,-2.9350418311980935,-1.0422798779340285,0.19067071672012217,-0.854411204702836,-0.46446658127895907,1.6911858949928582,-2.376808144255314
6.154901959985743,1.0104377584601565,Cc1ccc(NC(=O)CCC2CCCCC2)cc1/C=C(\C#N)c1ccc2c(c1)OCO2,-17.33981091583789,-0.03195905193837105,12.184462832683014,-12.14448310996506,23.907382462765675,8.404488277965402,-0.6600556222695981,-1.279965629586585,-5.244804666275864,-2.514575709669769,0.787203228385414,4.253945117305122,-2.5989414520104135,2.2777537928053215,-4.681945251888493,-1.9872430693920458,6.172251520111874,2.045317771486207,0.20090828045831444,-9.429673554693256,4.682922897784877,23.986084943315433,-1.1518396156929513,21.506088669576467,-17.737132362615455,-5.936643688864805,12.20712814019588,-0.676822625515248,-1.481238975823314,9.425138315324507,4.07206036633486,3.3413574469690457,-8.292355083013375,-3.514020873246689,8.359282831511962,-4.349989855397962,3.038595970480195,-2.8320748959028683,-2.8380547604266253,0.25310471725387734,0.8954127816909132,4.124698138680679,-0.9770349180225985,-0.06736570768513173,1.7522202229203623,2.1822168720496222,0.5232564264814142,0.7886460343096124,0.6723032501603091,-0.3897082497312971
6.154901959985743,1.0104377584601565,Cc1ccc(NC(=O)CCC2CCCCC2)cc1-c1nc2ccc(O)cc2[nH]1,-25.194225053065427,0.8080577472498794,18.907134629203068,-7.944388667529062,22.507650422584067,9.655578457778672,-5.275064020671672,-8.39352914035682,-7.609178345230711,7.628620471508376,9.252091528746215,-0.593154040712027,-9.699241755060457,20.67219411593708,14.849135364452373,11.055627851217361,4.064598638608822,-0.003332706012323909,-2.3783628114620843,6.391698129343536,0.9150019747057108,-0.9225225035072989,-2.782221381445902,0.6466363946379293,3.03327166957902,2.6831065645822982,-1.6796337041506826,0.36334238724833107,0.8638955017562365,2.8967616961945946,-0.17973232984662327,-1.020181682750421,0.578670274628235,-0.12450265080176225,1.0855923226185697,-2.890488259278494,3.4828694638690796,-2.0300768847757187,2.058343746886515,-0.5427875156945291,-1.5426473993130247,4.2276720831103995,4.68400892148878,2.40784337173543,-0.9552309028676421,-2.7328604716881655,1.0385162347352719,-0.7819041545178116,-0.7486499543298657,1.2832447667854265
6.0,1.0104377584601565,Cc1ccc(NC(=O)CCC2CCCCC2)cc1/C=C(\C#N)c1cccnc1,-23.60751861646946,-0.15630551334123763,15.273074109731775,-7.082433837064913,26.019625223161746,8.346897515071085,-1.983905350514651,-8.10930258275833,-7.85967329913568,1.8741490787374486,3.9886527294119345,6.102414300459326,-3.481297545241907,2.5537259036676336,-9.271734283716075,-3.387372252926525,3.974107961967954,1.0413129495612357,0.5151596689288119,-4.219184430166491,7.675258732123744,27.119303326148525,8.337567105968976,17.794714185064308,-15.823571014306573,-3.7238889152169983,15.492965979918068,-4.342516015414609,-8.036472126978277,-0.11157718958036782,-4.781219334497333,-2.9858772167638112,6.7826444974922415,-5.091611819998041,-2.3036973368187317,6.024545420106791,-1.0772420543483812,1.1499020712123156,-1.534418973088724,5.145478346275973,2.134343707465584,-4.861889631682045,4.046874946803785,5.691664353787735,-8.07446686214462,1.5684661823691688,-3.1559657870011395,-0.37518831168120753,-1.2775967121095313,0.15843950445799307
5.769551078621726,1.0104377584601565,Cc1ccc(NC(=O)CCC2CCCCC2)cc1NC(=O)c1ccc(O)cc1,-23.436005066145604,-0.8469729931255331,20.246071341725507,-14.16234154426899,36.514051116067606,12.166439476191346,-2.352519215689241,-5.674734422455462,1.1836197920628702,-10.764112670836942,-2.0455865128740713,-0.10870549911252897,5.697426731560132,-6.651639383541038,-5.616779055585359,-6.186842160188136,-3.126212074675792,1.3528010954994214,-1.1393285268332973,-1.2425289257448688,-1.1521486436561736,-5.031671548195727,-1.2130139924260674,-3.5120310168004285,3.0461303448358437,2.236119103739768,-4.508115669435442,1.6704795573182412,2.5362869777611174,2.699209920991015,1.4059425412136282,2.2658076332221437,-3.000670235486475,0.3225966554474345,1.6240613159960209,-1.7057760639379551,1.4928182734856827,-0.636273061366673,-1.31955596313974,0.5287601808897053,0.54673206631849,1.0141410485343123,1.7075683214748298,1.14340226979422,-3.6143653309542074,-0.06195123916396668,-1.3579714103542901,0.45574919241307604,0.027277680889025886,-0.6288349853529104
5.42021640338319,1.0104377584601565,Cc1ccc(NC(=O)CCC2CCCCC2)cc1NC(=O)c1ccc(N)cc1,-23.583143467575216,-0.5169756806361457,20.550336598521124,-13.71195285869962,38.393966976864505,9.571193886416674,-4.111450781458364,-6.4941333864587225,-0.26569272381474085,-9.178301180236899,-1.478818287521372,0.8685223610150609,6.365555190514835,-7.53121136473085,-6.320347439649158,-6.0466054191958944,-4.879270935926499,1.5204293140267031,-0.8686035362250258,-1.12504826051339,-1.2676803285200413,-5.1261856913530055,2.307632021985808,-4.458885855302996,3.4086141311908738,-0.3882287647160367,-2.6549780197358896,1.7261843835056054,1.226317278598728,-0.264486391344609,-1.155086799556135,1.6755926321393837,-2.4850947108489887,-0.35268860891591763,0.3673090831435146,0.8890158705105732,-0.08253946020305816,4.333224495956273,-0.9137891633960182,0.5266376222682297,3.582761114839554,-2.678037467557588,-6.585582680910591,-1.710947444706876,-0.4899538501325361,-0.25448230779286146,-2.3784901552880067,-0.32667017054899805,3.2279287029002908,-1.978976187394108
5.119186407719209,1.0104377584601565,Cc1ccc(NC(=O)CCC2CCCCC2)cc1NC(=O)c1ccc(CO)cc1,-21.01312744986717,-0.29968449754622956,19.707006187902287,-14.89246530011315,37.3945662640512,11.85118180353242,-2.8209158127893743,-5.231863692603427,-0.5454642528489391,-9.358292607210771,-2.5587121314941546,-0.7639325263843754,5.018866626609867,-6.180707790644711,-5.700815467904411,-5.216545377807645,-3.7358419820889446,2.032305835280845,-0.6300981949945578,-1.371894771098541,-1.6622976630965378,-5.102861815401157,2.0910091195722798,-4.3881077927518035,2.6744444452566465,0.9579337515311621,-0.622532861808976,3.407107156455262,0.5465704565399397,0.7411627886369269,-0.825781761942801,3.467314847101514,-1.954287866866588,0.7045627281446311,1.9770773594125806,1.2835372610198938,-1.6611641375135462,1.3767794936960598,-0.9437171117632307,0.15977660477393302,1.322869654887225,-1.0241819134572803,-2.8173500707021213,0.005595090922542906,-0.019430359586880365,0.3940990605712906,-1.8595615290092542,1.2413645023123632,-0.5004995838293387,-2.6238958216377615
5.698970004336019,1.0104377584601565,Cc1ccc(NC(=O)CCC2CCCCC2)cc1NC(=O)c1cccc(O)c1,-23.85632402940233,-0.32677211275846346,20.11769707131072,-12.512431961719958,35.69267183323137,12.19417323294476,-3.032477151267132,-5.905308110044096,-0.2803253579867913,-10.197963611483896,-1.3688047132665444,-0.5806809100838346,4.744040986419816,-5.489083662803069,-5.2466346655827385,-4.721866271547979,-3.5611590288634374,1.8116904280960662,-1.3905357026146918,0.10685344160675106,-1.3743770771205779,-3.077372323255775,-1.8188670517731846,-2.4442882618852413,2.789814532777917,1.9452395118463257,-4.516127387380014,0.8488468414518189,1.5901263316176395,1.807105944964718,2.223228010947585,2.269073827249909,-3.3465609441153075,1.2173575582451042,0.055885605817443534,-0.7453217520016691,-0.20496438638003078,-0.6832908771765497,1.0637610032199716,-0.9651654647894871,-0.23812856226523793,1.0575802775829275,3.6151280510080954,0.7811711291389759,-2.3236557163274325,-0.9223822610638378,0.7413122833115889,-0.15997079823720328,0.7335849483098891,0.7763998316932279
6.221848749616356,1.0104377584601565,Cc1ccc(NC(=O)CCC2CCCCC2)cc1NCc1ccc2c(c1)OCO2,-21.02131266174504,-0.04724619705629627,17.916765587446815,-16.389746675699193,28.224129888822237,11.085518072158427,-1.9422993313482908,-1.875058570633326,-5.385208361672795,-5.619549987357757,0.8431932985898506,-0.7439556098597024,2.3420303668587907,-1.868450228261105,-1.8369446767407562,-0.011025878260840748,-0.09709254502823123,-0.5133844996351795,-1.3113362415599992,-4.79146879496354,0.9205572950274588,-0.44358104329614045,-2.3198456034563555,9.516279737251761,-4.250421174516158,-4.387779394250989,2.6937157478880898,2.167160601402928,3.7379995358591653,4.940548842793366,8.899887535750512,0.15952971023706952,-14.378300527470541,0.43986134011155653,7.3597165483455855,-10.747994759894036,3.4000262055657955,0.21818084338839344,-0.5222927509846038,-7.226257475576052,-3.6681622604354542,2.8257270939625014,-8.547556313249975,-10.61163476972286,18.264748956635255,-4.014479024192553,9.05916229647904,-1.6558923136189005,4.226540267515433,2.8483281678137162
5.920818753952375,1.0104377584601565,Cc1ccc(NC(=O)CCC2CCCCC2)cc1NC(=O)c1cccnc1,-27.189400406692343,-1.9579856791279044,20.04907925442124,-10.977606919491807,34.93066570478065,10.376555535948347,-1.448303680561907,-8.270369921727973,-1.041294540451193,-6.506709304956763,0.4763716811585027,1.5868356032651985,5.599704044788207,-4.22845048239917,-6.9711096397569134,-6.451958085713306,-5.191254472443645,-0.03908570948478815,0.1420659046223084,-1.361578407439667,2.1720280704654713,2.313025770041565,4.109615252049355,-5.846214378762142,1.541871374567144,-2.8364470422601755,2.970774919915322,-3.382097647320263,-5.041584303934617,-5.872361211696797,-1.9151850236223624,-4.82595441409009,3.640431446602074,0.6463006726247184,-7.815499386862501,3.7854516489308985,-3.227915368046869,4.956705523136579,-1.344556772039271,0.27018293283203043,-2.4976118112507386,-8.180427230164138,-5.865945751519472,-1.3770583931593312,1.53679549253126,2.067789518177779,-1.0912512381212058,-1.3104451588966948,0.7062041814320393,1.9354646588399387
5.6020599913279625,1.0104377584601565,CC(=O)Oc1ccc(C(=O)Nc2cc(NC(=O)CCC3CCCCC3)ccc2C)cc1,-17.209229878268626,-2.8530245069389304,14.830580405474668,-15.558229403529706,33.0813542840297,12.136157576525493,1.1516806537831168,-3.8007878966672175,0.9354705121333463,-7.73994756607381,-2.3865049056119005,-1.5329421617824148,4.985571833565132,-8.454258885999725,-5.348609343641521,-6.445021346433163,-2.276850797448094,0.0813576102900836,-0.326036165046781,-4.265222051129929,-1.1512366200593735,-2.554382891946243,-2.766320111081567,-3.02950560547488,0.6056089576793444,0.5627981088358982,-3.3496759698170706,1.324548119210567,4.32135249042147,3.6984842641990867,0.30774586880703525,1.7741098114094684,-4.61105872369402,0.7472810011026233,-0.3599054402636885,-2.90134792759999,1.0840500471918346,1.251023995289686,-3.7915527650322507,-0.7966256744370555,-0.19857422771728614,-2.1764193931676976,-4.139236053089153,0.17163190606259215,-4.5458533893806585,4.354704358684765,-2.492367536142206,0.09425887643414013,0.9231471591634859,-3.3552261883668164
5.3979400086720375,1.0104377584601565,Cc1ccc(NC(=O)CCCC2CCCCC2)cc1NC(=O)c1ccc(O)cc1,-21.01155774999608,-1.003229255695661,20.03690663267679,-14.649745111050468,35.81393926468852,12.044980801119332,-2.4168566933077376,-4.918006302144592,0.16762664032545033,-9.87476933701336,-1.5176620102550216,-1.1269006010580498,5.41142447956261,-8.115671356429395,-5.591330394943598,-6.100740452072485,-3.78649145206551,1.3743775879059639,-0.8333199236837011,-1.1497601097173327,-1.646160232423917,-5.924912401383827,-2.0831112873895656,-2.6548332477092167,2.5642671621706192,2.789584075942862,-3.2787664108854426,2.001616530219438,2.238096216869488,0.7389806416914615,2.4531023607410916,1.6202219064633006,-1.631050685000103,1.1383413859681082,2.8392641160778718,-0.9375553505185492,0.6046782571182967,-0.8328808708881046,0.6736298724518653,1.0341633199404812,1.1318769402668636,0.6904604469678102,3.277185567313309,0.6912926080416846,-2.9938517920820975,-0.5623570872954173,-1.136260718459624,0.03937704232787503,-0.8833603829323662,-1.7728622108391638
5.698970004336019,1.0104377584601565,Cc1ccc(C(=O)CCCC2CCCCC2)cc1NC(=O)c1cccnc1,-27.82819518349198,-1.9651477895035674,17.62466318619295,-8.559467317764804,27.58791391554061,9.897468444779708,-3.012820297214815,-5.4301325767798305,-3.022149605559418,-4.814350985505645,-0.18742810093270487,2.9882317906492553,2.2675788729317397,-0.4782113766194042,-7.279463422912668,-3.745168537872197,-4.669817199087396,-1.2977220811082006,-0.4631226202592464,0.10876248559861787,0.05436419934713658,1.3720546506624236,3.111966646413975,-4.045065926847459,2.6703911129387974,-4.439124825097878,6.336327104523701,-5.803465546077433,-12.008817627543435,-14.908951372388245,1.8274671007504646,-12.79601082303919,16.691109062512172,0.24244984031223385,-11.737674680382765,6.093684955924583,-5.475728669174225,3.71534818957663,2.7609807498266923,0.761786085759196,-11.37082676975415,-2.0330804190185243,-0.34019171848788665,0.4718244601928279,11.386227873175184,2.737384775228131,2.11927023747631,-3.123446683087627,-3.8986832137343166,8.526669139903374
5.154901959985743,1.0104377584601565,Cc1ccc(NC(=O)CCC2CCCCC2)cc1C(=O)Nc1ccc(O)cc1,-21.139080517347683,2.569254222820898,17.757374567853635,-12.111157512898513,32.97450521423658,12.354341034462399,-2.0448715596200784,-2.4816762628272238,0.756806976129783,-4.755365206688713,-0.4285826602721752,-1.5400806049726177,0.439718454844202,-2.4085723205462166,-4.146146493410702,-2.964571632579401,2.505892799925814,1.3726032212399726,-1.086551199678929,0.941130759239836,2.383389643679837,2.348466696813155,0.7180881244779678,1.6689081117045192,-0.21989185894011418,5.313529702122334,-5.394250670166658,2.1713096518698762,3.315032061161512,2.661375234403333,-1.1415723676295175,3.2217776791956507,-1.0122619636593244,0.9113848743454607,3.240064668841064,-1.3174940671431061,2.8062635803359166,-4.773591235934093,2.7681462120138325,-0.15012552915677266,2.7344605700083395,4.441357874962058,10.559500905216993,5.274856817249591,-7.728467547362218,-1.5570595096358695,-0.7766180034395409,0.31125215926583416,-4.58608936704444,-0.6166741532515888
8.221848749616356,1.0104377584601565,Cn1cncc1-c1ncc(-c2ncc(-c3ncc(-c4ccccc4)n3C)n2C)n1C,-18.127989530479812,14.911502965197641,7.419275596678524,10.464636223480989,7.88473998368902,-1.663056052446581,-1.7975599214463636,-6.450165538219291,2.392914571611393,32.30514306871269,6.972131720897192,-10.744747914072258,-11.92031171164787,-22.696849634239364,2.3863425708853625,7.457713105237092,-22.05875494121782,-38.169279280894024,41.696022786622585,-1.8616939283477918,-4.7428045373632495,7.2952439392498984,8.095393134053632,0.6795749108872446,4.5995054927359424,-1.3820654738323026,-3.3432043670696863,2.989733668855141,-2.411216521128504,6.097878453983418,8.86337813295339,-0.6050930590718715,-0.8339834931989076,-0.003973190872833533,-1.7470159180477545,-1.7383655192915306,1.9063717194061323,-1.7785482224456066,1.9914197180038897,0.8142093755159346,-3.012588474883782,2.1137452708145217,0.34129621055219345,-0.8439152969310422,-2.044860771508768,1.9063435737429473,0.3676860491237353,0.8978248050064934,-0.660455121312574,0.2310488068606697
9.769551078621726,1.0104377584601565,CCNC(=O)[C@@H]1CSCC(=O)N[C@@H](Cc2ccccc2)C(=O)N[C@@H](C(C)C)C(=O)N2CCC[C@H]2C(=O)N[C@@H]([C@@H](C)O)C(=O)N[C@@H]([C@@H](C)O)C(=O)N[C@@H](Cc2ccc(-c3ccccc3)cc2)C(=O)N(C)[C@@H](C)C(=O)N[C@@H](Cc2ccc(-c3ccccc3)cc2)C(=O)N(C)[C@@H](C)C(=O)N[C@@H](CCC(=O)O)C(=O)N[C@@H](C)C(=O)N2CCC[C@H]2C(=O)N1,48.46765634228532,-13.791285400405334,36.859672156902626,24.26505398432614,-2.8468394623559097,5.691169775617584,0.47508992967162894,0.8410605392183997,-4.613629326774726,4.029259852584531,-15.18261267749488,-4.540950527111102,-1.2682026277428906,-7.846725679702306,-10.496085179619335,31.00346245180514,-10.364398382564053,28.348143476217228,9.352870696923244,-4.444812762461274,-0.3249315920088967,1.3396438850738412,0.4040236814399111,-2.2706812105559737,0.0894441744729401,5.447902101362028,0.33804070843187695,-4.941055316972944,1.8573496291526663,1.9245700913187824,2.2613815757034392,0.12588324806364581,0.2878453495340253,-0.1290421375176076,-0.9524799424824315,2.232222684263185,-0.8640750109009465,-2.2853527895715113,0.13791304761454612,-1.4072031355144268,2.516498689323695,2.7335959955649214,-7.903818059155187,7.79883068519951,-5.965205611806641,0.5898509548292312,11.144944811278418,0.8715777275908739,0.9501022276218413,-4.896746203774926
9.97469413473523,1.0104377584601565,CC(C)[C@@H]1NC(=O)[C@H](Cc2ccccc2)NC(=O)CSC[C@@H](C(=O)NCC(N)=O)NC(=O)[C@@H]2CCCN2C(=O)[C@H](CCCNC(=N)N)NC(=O)[C@H](CC(=O)O)NC(=O)[C@H](C)N(C)C(=O)[C@H](Cc2ccc(-c3ccccc3)cc2)NC(=O)[C@H](C)N(C)C(=O)[C@H](Cc2ccc(-c3ccccc3)cc2)NC(=O)[C@H]([C@@H](C)O)NC(=O)[C@H]([C@@H](C)O)NC(=O)[C@H](CO)NC1=O,52.42077479798692,-15.368320801219419,41.101201303429896,27.074246022406435,-3.489239232970052,3.95215904859144,-0.17926149212577916,1.0974547034492557,-6.555436777867659,5.213340366837292,-16.119770078600904,-2.5862872247309676,-0.07364437544924651,-7.9583231793013836,-10.26032433748649,32.16266288112553,-10.433823457155782,28.431366752909607,9.628321007853442,-3.867329729172133,4.997581029286545,1.9695937145651568,-0.6510125346058718,-0.2587760909974293,0.870829814155181,-1.091325406466444,-1.0961143769122927,-0.7657544487616432,-1.361300348517481,0.7983345840875342,0.6796063823806741,-2.065091264567064,0.06546317918309603,-1.7312000657961242,0.2735667271518068,1.1178434561706139,4.132028007454373,11.013309382254521,-1.7860029993997117,-7.008628398518136,-0.2190257503593473,0.48544128068417997,6.760553768164315,-6.451924621058928,1.900038927471132,1.5429316629748782,-6.93343390297636,-0.8310899494945657,-2.556952706367267,5.959095607079083
9.154901959985745,1.0104377584601565,Cc1ccc(NC(=O)CCC2CCCCC2)cc1-c1nc2cc(O)ccc2[nH]1,-25.517877504166478,-0.646135910314987,20.182802730883044,-10.023655815717687,26.18349849233646,10.885795434509467,-4.1182289421823075,-8.592961018592563,-7.345497004566947,8.696235484826186,9.536366333142153,-1.168847708729791,-6.633990337919756,18.90107304933998,17.837938860397138,9.790610472819516,4.691867527283376,0.18131746830861536,0.019721359434665037,3.1895217862743754,2.6266255923416444,-3.2209111827165566,-5.2564515610057505,-2.7296984591116886,0.19026456653631454,1.9435499879087281,-2.974785823551475,1.120019867658499,2.011137472331295,2.7762412085831727,0.35050467220875314,0.038082392463969064,-2.7491557668911497,3.3408978058386993,-0.2130354947980792,0.5185187393330053,2.098427651558382,-0.5700242689958473,1.1118922506531521,-0.9898415944148474,-0.9905797559404715,-0.2110777598542346,1.8476977074541512,0.9056727083175123,0.08076555856950296,0.3719530692286853,0.3306688678910611,0.683053384062783,-1.5850999285621548,3.3098000181925795
8.886056647693163,1.0104377584601565,Cc1ccc2[nH]c(-c3cc(NC(=O)CCC4CCCCC4)ccc3C)nc2c1,-26.836045360870795,-1.3153573023389753,20.435624947091274,-9.89240222449469,27.816639502397624,9.59447707633233,-6.440407734036237,-9.148118165868999,-7.7975851238772025,12.58846464874222,9.75058545358434,-1.7748701285451773,-6.96934428698472,18.8900040743254,18.342809075576962,11.403086863266267,3.929684688359849,0.09849726436389966,0.5138027606521243,4.5035261598389,1.0440503715846015,-1.5842845044865852,-1.5930288331267024,-2.0912240444349806,0.7628403547855279,0.3257271567547184,-1.021833608191371,2.1954430626995722,0.6956594180245581,0.3913974070953421,-3.223643009069288,0.5140729473903686,0.6806782443916937,2.1812412840354503,-2.2610935868212167,2.5670459799201373,-1.0405583304058692,0.6700364648808933,-0.9453994253708842,-0.4994133249167047,1.1972526528817846,-2.844349365036196,-3.2853575040478153,-0.04161608111493296,0.1192173635673554,1.1665436973725947,-1.0022001565526204,0.28922425252714656,0.7128672040813553,-0.672684867795858
6.428291168191312,1.0104377584601565,CC(C)c1onc(-c2c(Cl)cccc2Cl)c1COc1ccc(/C=C/c2cccc(C(=O)O)c2)c(Cl)c1,-4.639194862585765,13.475350086757599,-2.1665340604698815,1.4006340121253253,-3.5452017736309744,-8.320053324520323,9.095344476300076,-5.176045462672146,-1.4560422580814631,1.836292391489394,-0.9544881326579318,2.5260946569347316,-35.446980449760474,-7.899929097372994,-11.234895042471376,0.7555779283055566,-17.611535983575752,-5.901243121903172,-22.698384033579096,3.027711853415075,-7.205720202388304,-0.7296166389954976,-15.847279798335462,5.711128583942891,-1.8250714638840226,6.973099950403981,-4.7315012470122575,3.101151454476492,-3.2530627007072015,13.859672156810843,-5.301831937907091,-9.24785415024983,-2.403224867225795,-4.178143085489203,5.9484261405232655,26.207235273898352,3.9053305424543834,1.2608367325175243,6.87430915624421,3.4827552384164364,-4.256772735964099,-1.6992489967573814,-2.8692986166179106,-2.835418545214561,3.576047994172193,-0.7123588365274941,2.749436361748317,-1.0845673210827136,3.292490431166931,-4.735977876968379
6.714442690992226,1.0104377584601565,Cn1cc(C(=O)O)c2ccc(N3CCC(OCc4c(-c5c(Cl)cccc5Cl)noc4C4CC4)CC3)cc21,-0.5746671467646327,1.7870726942792676,2.291320059248085,-5.975471772252003,-6.4292931683680505,-6.3576828996575,6.947619457905743,5.815317292776895,-5.284691117944588,2.384941537770587,2.3419206009317204,2.970392464110598,-45.653818488395494,0.6290099241113353,-18.289564605622104,6.438106343713783,-21.142977113432647,-12.159171715839642,-25.418212698392722,2.922260173004384,13.53130238860322,-0.6492131121789393,7.703959863028192,-15.531670168909221,-4.546956618590018,-4.106588675258858,6.932831475074537,3.4271674552237164,1.9597134287008253,-9.23121417749702,0.6880501462969371,8.716604322836057,-4.606024729869441,4.211402450469876,-7.547609958638736,-14.751047875936573,-4.608658030101032,-2.4472648784232174,-10.414443197813355,-3.0876715156005474,7.732429312788372,3.0996019000106467,0.0866393258737913,2.8235058025154616,-1.1497059737675408,2.9787075295836947,-1.241909752069307,0.6300387747077266,-0.4002964636280514,3.2412856693568406
6.508638306165727,1.0104377584601565,O=C(O)Cc1cccc(OCCCN(Cc2cccc(C(F)(F)F)c2Cl)CC(c2ccccc2)c2ccccc2)c1,4.086484227851633,12.934388030714649,-3.6759521969891416,-8.048976800649186,-3.9731063829411184,-5.824942294368138,12.514614999045175,-2.8388262872246877,-12.076909254242969,-9.907616436256957,-2.89960569790815,3.9508769044969814,4.337411907384615,-4.532290362311806,-6.351016494306898,10.305930350383651,1.091622992932588,-7.200995023292948,-0.36081305409813713,6.881980500970331,-15.630983132741799,-22.25781668284643,-4.500071575057383,16.806251716135876,-16.402966020733352,-6.595107072041453,-3.6275835341687572,-4.740957992504223,-6.721203814454671,24.125521713687508,-1.4140867423571626,-1.9972051106785975,16.796119445503788,19.245771416323414,-8.341055724534957,-10.79493721669498,-6.096497793968948,3.8342415317605987,-4.046523806441057,2.283456949396203,7.9114998597937864,-1.9883045542998146,2.4546860363474536,1.4565481485005431,1.3821468795817302,-3.1043046531898906,-0.8897571802054519,-0.11910993360326289,-0.9938018094449963,-1.5302142819036708
6.769551078621726,1.0104377584601565,O=S(=O)(c1ccccc1)N(CC(F)(F)F)c1ccc(C(O)(C(F)(F)F)C(F)(F)F)cc1,-9.304583365792606,33.99090973360451,-2.040060976421982,13.411316942085874,-5.616280118697428,10.922190332004298,-6.72569670556883,-0.8824417752084038,13.237432750244386,6.028689670376976,-9.432327839701417,3.1936148513880056,18.00853452863024,14.771817452340423,-33.70438383288374,6.181447753640797,6.059867061767531,-9.001739420246853,10.935710932563518,47.62085630034111,7.104843735326003,-0.0962988966823465,-11.038627783450908,-7.427980273180473,-14.032350709446733,-2.236062893707552,6.0121919917092566,7.415689139552217,7.54897967135799,-1.8429743280050335,-2.702858226743516,3.8283346748476412,-2.1980416962786062,-3.0316147487095297,3.1488147555643895,3.7642172611558475,0.2582333098884035,-2.2161399706703713,4.210723318881916,-3.95393554401762,-3.23111966729615,-1.1356405293389402,-2.4998907580400505,0.538236281840636,0.34355862502577034,0.8888682323794314,-0.32645901928172316,1.633645313031988,-0.27464868939358256,0.7951575913840415
7.045757490560675,1.0104377584601565,O=C(O)Cc1ccc(COc2cccc(-c3c(Cc4ccccc4)cnc4c(C(F)(F)F)cccc34)c2)cc1,-0.002356458589635966,22.388354270409856,-8.665349994310771,3.8851653120094425,-1.3062243389785178,-10.403729680538081,34.298495523399275,-10.993811549327258,-15.236056841383236,-6.206435930131246,1.3970733181400468,5.7186510576945055,-0.12252559761350615,2.321637311639173,2.424684782328184,-0.17306848743225572,1.3863410755896668,1.9247831178103754,3.1515536543365883,-0.42491088064016924,0.867072655029795,-7.737932713704471,8.462242641589153,5.598621746541623,-3.611665748060408,-0.051579550555965574,-0.5618480832455348,2.733274380336787,5.845520243326742,-2.0680697714884713,2.188024891836562,-2.614567971946887,-2.270195807312492,-3.327667130021124,0.1049228865692669,2.6242364374698854,-1.8284881734154825,-0.08583580289312472,2.7628731852830155,0.1182221419289133,-1.541704551788625,0.20096513269617977,0.45762980833652955,0.7733776681688558,-1.5610375562482097,1.580832969105238,-1.0683468287776012,0.4630150930270209,-1.3912157351355983,0.7721075338333967
7.045757490560675,1.0104377584601565,O=C(O)Cc1ccc(CNc2cccc(-c3c(Cc4ccccc4)cnc4c(C(F)(F)F)cccc34)c2)cc1,0.5355819340211859,22.616765565678914,-6.564666587894773,3.129237428625615,1.6731720469955842,-9.629719611607058,27.529938603844894,-9.126918228781799,-14.115623870820757,-4.39498532365526,1.0378848727920928,5.633345204302114,1.1529120533784567,2.3109068107201094,1.6918616396214452,0.7019497636373562,-0.5695531598604222,1.77592670586502,0.26232218307125404,1.802997494260243,3.733801989700964,-16.145949672301104,22.87494177306666,13.117598355955673,-2.9617603798653698,-0.42237471149838657,0.2228018880021712,5.519916293188929,11.871614079835322,-7.047797828672268,3.2802959661475284,-8.583653674134286,-4.677538596293921,-6.085410063427901,-1.1572600169913951,2.898403952201003,1.2520792477970568,0.9207076043965764,3.3200629264606283,-0.5705922391691052,-1.9177326246291226,0.12460787342820817,-2.106173419356879,-4.95950682532032,2.888571673470644,-3.2178712969309333,4.991620068508275,0.6072845673315631,4.359555560256704,1.0729592842640494
5.486782399932061,1.0104377584601565,FC(F)(F)c1cccc2c(-c3ccccc3)n(Cc3ccccc3)nc12,-31.219792041843395,32.325962044171334,2.840009850101764,29.92192963885405,-4.631786516444846,-7.886071984221354,-12.817686066183173,5.556061130912982,-12.081711326643266,-1.8577450981149715,1.952489919456461,-5.134062739543309,1.0690830249079406,-0.5124235830908811,-1.0992107323761113,1.3790426566945306,-0.33098757297004383,0.023823778744161035,2.7024171179783427,0.40931375942809767,-1.6526405033384144,2.9824221507089805,2.960433241138018,-1.0220775088927918,-2.4065432666155853,1.0682759561981492,-0.9918215960840011,-3.1950927827000344,-0.0808887529848481,-6.035988067843959,-6.101845377278928,2.0389879135001516,8.543954863748796,-4.965063343055513,-1.0745662898104944,-0.9467527176284957,0.37538119970771533,-2.0240110539906278,-4.051821393127542,4.947920412052998,6.449569612024879,5.035586988818568,0.22027695667240543,-5.640585398102711,6.874555412725848,-8.140700258815114,1.409273292280185,-3.4222686462509757,5.109676075927885,-3.840839242833905
6.004364805402449,1.0104377584601565,Cc1ccc(Cn2nc3c(C(F)(F)F)cccc3c2-c2ccc(F)cc2)c(C)c1,-25.274896267078375,28.03259886033959,2.6046339378108736,25.404926688041158,-6.069597820230173,-5.273130248344382,-14.194700843231832,6.915132491048108,-10.288973376340204,-1.7446215153757427,4.114727418801322,-4.293960817701791,1.3478796684302068,0.10291665672276107,3.602304006709366,-0.5069686544583291,-1.752058052817141,0.5702050063150012,-1.0426572651596342,-4.888083973657903,-1.71744409893535,-1.7414578020712306,2.391767176400842,1.2616695157107107,1.5438538905641015,-0.8279091799872297,1.4689626213288263,2.9458410740602576,-0.1978458285839018,-2.587145550492729,2.0108833024879043,3.4803486158647363,-0.5083516698693614,-0.6134779572342891,1.2399226076513539,0.7139527663815556,-2.2928739713240986,-3.209662650653182,-3.509135284352313,-1.2050280047682778,-0.09259654390864906,0.761607497997789,1.5449222409297336,8.524724576629419,1.0440760072931354,0.7649641629715688,-1.3334733780871009,-1.0544964393081777,0.6754044717328,-0.7627811330990643
5.435333935747911,1.0104377584601565,Fc1ccc(-c2c3cccc(C(F)(F)F)c3nn2Cc2ccc(F)cc2Cl)cc1,-25.292227717406487,34.10283865837628,2.84968890154455,28.14621960537488,-10.368200195686956,-7.714547903530317,-16.768885803077282,9.654978491735204,-8.838413673561353,-5.358058280146365,3.241200008868742,-5.0268817163975505,1.686563214333991,-0.5001297028958371,1.4728019004182566,-2.453993616290527,-0.13725461746018167,1.3241989937764886,-2.442241671902816,-1.3252785914984293,1.376745471236116,-1.1932108266351364,-1.85263538815173,0.8145058438048356,0.48187693882715393,0.3332843123049947,0.9719175946104734,1.5361023538875047,-0.18188170695010233,2.1563677375064096,3.443626513433267,0.1729220494081933,-2.4291148203072104,1.2866346158538124,0.2617595859880044,0.21888414814518875,-0.8482123081138999,1.5268584469979787,1.8759988501649556,-1.5066123900866777,-3.725372349934336,-1.716762802498436,0.295829625925136,4.181379197164969,-1.603701898050216,2.8571179968436473,-0.1860479017192653,0.29051364089297654,-3.05642569163251,1.8548443135897994
5.381951903287908,1.0104377584601565,Fc1ccc(-c2c3cccc(C(F)(F)F)c3nn2Cc2ccccc2F)cc1,-27.6619342877833,32.71644828509794,1.6732322694022654,30.943688824251325,-7.603723394045579,-6.892145645906244,-15.47582548389553,9.32970342848018,-11.27928201547054,-4.805713614664954,3.5200951438295323,-5.098570332529863,2.6857878465164053,-0.15565300111854097,1.6900218582334017,-1.9464556051146666,-0.8536044841983612,0.7631321799302686,0.5165953073309031,-2.8894302477078657,1.4941138772547888,0.10773210694766176,-0.02300987417308044,-1.1984170950348398,-1.5699127421908183,0.8552926259162228,-0.7094847238454535,0.348029371143387,0.19946952746408456,-1.2257685748886176,1.8438531746465199,0.13312383314087373,0.3899806322144039,-2.1809980074252264,1.4503698997727819,0.16082062858777857,-1.9284545096595738,-0.7122110837218091,0.06173946897763592,-0.4289132948510078,0.8873153994529989,1.4746121497106386,2.276954431794289,-0.38535942522638383,0.6696573623834418,-0.28428219870499427,0.9847841658454679,-2.2498579589771732,1.6118961978445165,0.8084754090797135
5.539102157243452,1.0104377584601565,Fc1ccc(-c2c3cccc(C(F)(F)F)c3nn2Cc2ccccc2Cl)cc1,-28.056730081322954,32.60426775209229,3.558500258369409,29.096312512093036,-9.311070247133939,-9.053695544879902,-17.126595311601072,8.987812735391769,-10.678644699730027,-5.2244157610327395,2.9705283067837893,-5.790769784771473,-0.20950520698960867,-2.4847917863655917,1.4275282914218128,-2.1086061627699046,0.3637808874987747,1.4610877033986067,-0.3530069764199791,-2.6915288537436504,0.3666915883072496,-1.0989599136525683,-0.603249731027223,-0.42483120715326456,-0.4194262298638576,0.9740455241603525,-0.6252234740155405,-0.7702120355829244,-0.9210378352747016,-0.05553031433175688,-0.8269052746768465,-0.7336299203965121,-1.1558451570005284,0.9169768874773561,0.24930955194406199,0.7213522846774453,-1.0763805517951524,0.5935214596078441,1.6072889835612039,-0.38413048363449187,-1.3569630159856172,-1.2958806646994647,-0.5194226580134059,-0.009965325437715193,-1.797585082927498,1.8858673936713393,-0.08431922319215254,0.7562532018358582,-1.5946561286658636,0.25025269926931054
5.242603971206975,1.0104377584601565,Fc1ccc(Cn2nc3c(C(F)(F)F)cccc3c2-c2ccc(F)cc2)cc1,-26.74603988193483,33.45205531246294,2.2003822237725794,28.44190996728053,-7.524097472085606,-7.169107604825384,-13.761054181286728,8.410789216396433,-9.012942189328717,-3.715545354472267,3.244127692921099,-3.9747007446187133,4.469825428249128,1.0986154992412254,1.644146300876309,-0.43561289194866865,-1.8329822116693033,0.34637465582090166,-0.6018649769092035,-1.9668504820495574,0.6807120992324361,0.21757764412935587,-0.04450023548916195,-1.1499738112005562,-0.781973979289673,0.19167075259537109,2.2687858688300313,1.7187890469387388,0.6989218322908575,-0.10077831911169904,4.997116327682599,2.687319650716949,2.107256605930301,-3.9902368066296265,0.880151748910145,-1.4201327034301363,0.07027138962930186,-1.4590219778296623,-2.524716183731902,0.5183918464424034,1.0816872490603515,3.5938542917894445,1.6851318036910274,2.4392544507190297,3.109511705174584,-2.0103013344841774,-0.8203321820799326,-4.914313321603283,2.5840820591875593,-1.754899519152464
5.043351420794797,1.0104377584601565,Fc1ccc(-c2c3cccc(C(F)(F)F)c3nn2Cc2ccc(Cl)cc2)cc1,-27.305164847311552,32.56550974304277,4.028900055632584,26.73443833764248,-9.224237658474525,-9.769704569474237,-15.548249022397805,8.256927318676864,-8.31186949896948,-3.6466281965170784,3.1068835141416473,-4.424640985721389,1.5065416281612707,-0.9776178992846378,0.729927998119125,-0.4606757774519911,-0.7177437460467924,1.2745755539896242,-2.1820699820133322,-1.2398080440517592,-1.5877332893023202,0.1345511919599074,0.11166251051767664,-0.46317983370322174,-0.36817117218298523,-0.7398504692848277,1.6309341882621704,0.8785974298745132,1.0363779911479252,-0.11084777221115023,1.4365511002061637,1.1027186696363485,1.6825624727646444,-1.7958033103646311,0.1875051103520031,-1.2745359622360304,1.6594260212980652,-0.8553035374766395,-1.1422069999686109,0.3699390075530396,1.1212205460971991,2.183495061176825,0.5121146111602712,0.569963990896683,1.1563909270091033,-1.4533638413731886,-1.3239086366293036,-1.9659702570634119,1.0965943725786862,-1.6160873406508216
5.008773924307505,1.0104377584601565,Fc1cc(Cl)ccc1Cn1nc2c(C(F)(F)F)cccc2c1-c1ccc(Cl)cc1,-25.54721196107407,32.918166002841794,3.9471255706699533,27.07050422887216,-10.992054705729382,-10.435845321433261,-16.97084904972627,9.45951205115647,-9.32765799328202,-4.174456716349441,3.1886127023103916,-5.362101430854289,-1.115021719352994,-1.718253225740874,0.6361230311447512,-2.4672906887702966,0.15620556958092427,2.303794956726423,-4.273908643267274,-1.4431451968000413,-2.2393805570759837,0.017426318254275222,-1.0416647365111573,0.5930471395630474,0.14225624272757162,-1.191132075565224,-0.6395321210427519,0.5521821984083412,1.0775506524244896,1.1217270287135142,0.038752806675720466,-1.27912009399769,-1.8923890769706067,1.9104613879691226,0.1479430446528862,-0.3783975229188814,0.7056956299059541,1.2677489138753277,1.9036323161299549,-1.6235407544296887,-1.7697729694062285,-1.938440428894242,0.1186839221412485,-0.7130080906472323,-1.7698822144915671,1.252750787723098,0.005713352252994926,2.194518716257746,-1.4634122140144807,2.195657130644383
4.950007143079858,1.0104377584601565,Fc1ccc(Cn2nc3c(C(F)(F)F)cccc3c2-c2ccc(Cl)cc2)c(Cl)c1,-25.52252362643902,33.66440500054365,4.022824835350082,27.30414989310612,-11.247312304573441,-9.745442576143128,-17.268172736027765,9.710818294383786,-9.085202518637374,-5.401091987833587,3.2504891071181516,-5.219571730620371,-0.9775687554253287,-1.9924530640792102,1.2188710997661034,-2.2857494905243296,0.9630483665597943,2.004745602669914,-3.3897217144654244,-1.0677409965659104,-0.29917158209253925,-1.315011506582773,-1.6965466867447578,1.421230839275243,1.0865005017942868,-0.47223348889608147,-0.00964640216663135,0.5342171251216086,0.11486223686103313,2.625633005158564,1.2122404840978955,-0.9258607610980746,-3.1749831476310475,3.1492681399795237,0.11047479227992565,0.9720534020243459,-0.40131930151406153,2.1660131697092493,2.3866319616332077,-1.3673059588925844,-4.0638700305582445,-2.671998581278747,-1.1956483693422089,2.5670492472080326,-2.4681498502035963,3.1881456658757257,-0.8502799450617495,2.6895295143979574,-3.9893039402910824,2.2247621169455902
4.991399828238082,1.0104377584601565,FC(F)(F)c1cccc2c(-c3ccc(Cl)cc3)n(Cc3ccccc3Cl)nc12,-28.372318031553235,32.49962683668035,4.813689235734358,27.741122194470297,-9.209803148037768,-11.259753925235355,-17.297210699690638,8.401198763129097,-11.165796708899185,-4.497080579093089,2.3788828307872047,-6.861323032245506,-3.149095225114423,-3.7048229864304365,0.8125944842073854,-1.780566137226444,1.6766843185129057,2.3009748604215052,-1.3884005037538278,-1.8661554839985506,-1.6683547434691162,-1.031634874509349,-0.12163021879083273,0.4343472999182058,0.0025238494790894585,0.30057611061043726,-2.59944752268991,-2.579936019633066,-0.6002578239311075,-0.46564819423236914,-4.906242268973527,-1.6907031708312839,-1.415579290003522,2.4806415818542185,0.1998704258267607,1.1292076733989012,-0.6779054365818843,1.7939016315705423,2.36490371236541,0.22342606450263705,-1.3453215788558852,-2.102954310700097,-2.9512122184931955,-3.144368098586616,-2.4971715116952673,1.7814974197557762,-0.6544355363750067,3.452233517671119,-2.7770811649825755,0.49025525526569
5.128427064454121,1.0104377584601565,Fc1ccccc1Cn1nc2c(C(F)(F)F)cccc2c1-c1ccc(Cl)cc1,-27.922936499149852,32.554107038995845,2.842134276510728,29.829297298681002,-8.909915824693135,-9.209296848633077,-16.449444149978607,9.589325251417954,-11.206373576932176,-4.525811524522488,2.8965731983947443,-5.365641037542359,-0.5114406951922232,-1.8401538520687741,1.1260864947283742,-2.432722234933779,0.0385818350633563,1.8089109573834583,-1.344905095728569,-2.8634625360223196,-0.20022480126283157,0.1472308887265984,0.10734810803201844,-0.6347020065317786,-1.1327222757691577,0.2696161709427641,-1.7472719112462034,-0.9839560364389758,0.3055451183253198,-0.08815327795945825,-1.0955559038050824,-1.0102178546899265,-0.5480195696776073,0.0551061437476893,1.0863532447066575,0.3372920587526039,-1.0425593916287519,0.579504090700556,1.2964896945856137,-0.5627115752086931,-0.08708286195684395,-0.4045425419420737,0.6626467147983222,-2.4690970352860035,-1.122878332663284,0.0991251348851142,0.43964998425490887,0.5485091534701162,-0.020566736380491273,0.9900438529181271
4.810790510417694,1.0104377584601565,FC(F)(F)c1ccccc1Cn1nc2c(C(F)(F)F)cccc2c1-c1ccc(Cl)cc1,-21.024756560619647,36.02675864393965,2.0509073394963138,26.815414691579186,-10.327466438462865,-7.775148826832123,-14.005954339071671,9.162788585964941,-11.776966989648225,-4.142402848559517,1.3915473943024128,-5.893620080647741,5.586160677368933,2.059832915106406,-1.155028386377937,-0.6090137390727536,-0.11703000161204473,-0.794022752007655,0.023954062345722695,0.8375664010768512,-0.8680952581272688,-2.132716803583068,0.09940873089739526,-1.2580601017933313,-2.2506123037297945,-2.8343960885873765,-1.673660795033691,-2.488245924188806,0.5158169150204249,0.9368002047151716,-0.130639768486579,0.17442075923328193,-3.0067176666694793,1.8145991121890497,0.902641196815863,-0.4299494078449044,0.053871358126828,0.18484929191489807,-1.7302288032873352,0.3104876526306427,-1.1003556397317955,-0.9348676023103436,-3.795655634427146,-3.046673294383245,-3.200191909864292,3.570128480342211,-1.3778319706245727,3.20389004717505,0.6633183418443604,1.4916356277595777
4.962573502059376,1.0104377584601565,CS(=O)(=O)c1cc(Cl)cc(Oc2cccc(-c3c(C(N)=O)cnc4c(C(F)(F)F)cccc34)c2)c1,-7.41696449541844,24.153925966725243,-4.1794372179170365,13.478033127465416,-2.124585198354889,-10.857311846927722,15.299764592394803,-5.98947779948578,4.078556231921205,6.027918688057215,-1.5083556244068963,2.94286812228693,2.403418127967737,-1.1627716106564896,-5.507296839080853,-4.777843158167268,5.677019348914356,3.3322680943946854,-4.968097405216755,1.0997050720214478,-0.8967273579699879,11.821115904501506,-0.9899177575615339,-0.7787248137059816,9.457838054572655,-4.639648014900799,2.616170266688095,-3.427766069562778,3.1998068423749766,-0.47016995688094304,-8.560445559503421,-5.134398231590792,-9.787517545205953,17.25491987769667,-16.862925713083754,-8.516235543990875,27.206807753242288,-0.627903660343372,7.677528750685452,-4.7489301449831025,-1.7830476355488662,-6.132570726330188,4.757551860909372,0.3170461364432182,2.2443416642440206,1.290741659472391,4.941121248697946,-3.3823313435942732,-3.8593787872071457,-6.492886217752867
5.769551078621726,1.0104377584601565,Cc1nc2c(C(F)(F)F)cccc2nc1-c1ccc(-c2cccc(S(C)(=O)=O)c2)cc1,-15.680555860309028,24.848165892787872,0.4980678842577755,10.408789859676618,5.884516461608807,-4.254839719997771,11.275159401948649,-5.735910710859841,16.98460832280467,40.14924264652174,1.4262905444055445,-3.513916220541185,12.37849264314567,-4.544368920773704,-2.2298727216765077,-2.4066837079852594,5.027652962739664,5.356943368013339,-12.71630127108688,-3.5772947270861577,-4.197330947973333,-2.3137981829671386,2.0417691987875295,-1.8368844249326093,-0.40149414480208534,-1.3968699677902585,0.1328994316182406,-1.7719363767126677,-0.48054025262759964,0.7325555938420886,2.0344311586607255,0.5526263517991984,0.7279503326394791,-1.3643188307648209,1.2253897427743492,-1.4118533880750277,-2.191742088296876,0.3354554789393387,-1.9275224892973708,1.4920065507468017,0.9682788381617966,1.7845028213539718,0.6077319338928437,-0.5942637818516782,0.04303711123518237,0.11850068133451053,-0.026973720158597968,-0.9168683426177208,-0.33313735194610444,0.6533472774659005
6.455931955649724,1.0104377584601565,CCc1nc2c(C(F)(F)F)cccc2nc1-c1ccc(-c2cccc(S(C)(=O)=O)c2)cc1,-13.64723581098471,22.547899453143767,-0.7694993821113613,10.100236328007696,4.715453949426955,-4.865887235583339,9.80553625167464,-5.655438977112158,14.219046594290177,35.558333237492754,1.6269822482477818,-2.1417895415770727,10.281970324536829,-4.047193759994807,-2.3619690956578796,-3.3225453233752966,5.934240468931853,6.602684341700314,-11.97178647552414,-3.9638000315153086,-3.249060831704536,-2.945058373527362,2.853312894207043,-1.8658964250336465,-1.6267699928782335,-1.9517733689058614,0.2626883373577821,-1.7589911226361878,0.4471327330396009,0.16105234630516815,0.2621503884451181,1.0192077626594205,-0.9218119334950103,0.3114111358189541,1.8978713812167114,-0.05563751429749171,-2.7969827113975745,1.575896473837589,-1.6968274060244943,1.506204811679604,2.488967849380088,2.082034963237155,-0.22889493906957664,-0.9609314355534524,-0.9576630700230597,0.02835312127819204,-1.6922583226128707,-1.8416674671720752,-0.8184091273672364,-0.10217826065208752
6.42021640338319,1.0104377584601565,Cc1nc2c(Cl)cccc2nc1-c1ccc(-c2cccc(S(C)(=O)=O)c2)cc1,-23.245061473147306,18.110353964585887,6.6675259660887765,7.180438614622023,7.681361603656904,-7.625187751917013,6.104172851125366,-9.558253224489693,20.867041878580913,40.82192179055336,0.7369900678310718,-3.2556950125030184,1.6517644990487343,-11.999983025425676,-2.224912690145615,-1.0575102327083552,1.883473347198301,2.856700068023227,-11.229010942069444,-2.1628615028959155,-7.7945012047477285,-1.1352467758910874,3.5061201144464533,-1.0249181424191707,0.34540258029052406,-0.8770321668524168,1.7889478517456043,-1.81758433076787,-2.6381076970295583,2.82743556430911,0.3308460632792617,-3.7932429986231586,0.17422575928584697,-0.407379665665175,-0.45275752495718996,-1.4975528280146575,0.734876801171336,-2.0480450642428227,3.7651767101435283,-3.9550847843964094,-4.396717857658511,1.352253638436146,-1.0259762726110453,-1.8707073500777436,0.21766920053979702,0.6233826477942085,-0.6844021110168071,3.152606556386195,-2.4294471558146316,0.08426916137730522
5.832682665251824,1.0104377584601565,CNS(=O)(=O)c1cccc(-c2ccc(-c3nc4cccc(C(F)(F)F)c4nc3C)cc2)c1,-12.501303483985405,24.741670629917202,-0.5356663764378256,9.289347054678922,5.961341881356783,-3.843244810176432,10.33288194751395,-4.3545409552945324,17.416183981187345,38.539127441675284,1.111955453373498,-3.8103269003946454,11.870489102674247,-3.168355011376391,-3.349877927237946,-1.427813343692611,5.3973240980064725,5.238451787944048,-12.238730924450175,-2.579130887285449,-3.48275989804712,-2.4678813089004197,1.2032558046077715,-2.3310417260628222,-1.8238837752885513,-2.285305226290884,-0.2686321281811559,-1.4837870136910831,-1.5599120032540104,1.1022241964539876,3.519467722321206,2.688635869926793,1.5610391910458405,-4.1450904561857875,3.007915721966294,-0.23342924341735674,-6.921435737485116,0.734807098408795,-4.81157799694089,2.3176371900896555,0.598090342880352,1.5412107120595326,1.0254998858254452,3.4370821700139658,0.3898759902983831,-0.925106541925803,1.6843064863404706,-0.382722138769178,3.082647840928508,3.292259951906253
8.022276394711152,1.0104377584601565,Cc1cc(SCc2sc(-c3ccc(C(F)(F)F)cc3)nc2C)ccc1OCC(=O)O,-15.590997677396905,16.64757549856934,6.652484626184767,-0.16761272807506333,-2.168403025955953,2.817163960434017,7.010931800884067,1.0015293045910338,5.565864705566864,13.476545743856537,-1.7090737897374961,3.754547654055491,-3.4018740954588655,-2.622766826926917,-5.394228013942244,-0.8743079878629563,-3.4198977726590787,-0.9355820906077074,6.5261371554001375,-4.808224996304974,12.197294734384187,-17.77651787345907,-30.211753535083343,32.312076478274626,13.697698459728512,15.331718944383674,10.261136305519234,6.52699424352921,-6.581701515859877,-23.578098443056565,-2.1676329693854024,1.6415801416641054,-0.09964392778802753,2.0342926125050522,-0.6799556766665705,-7.227838841732501,-1.0843808948687277,-0.7580666571518859,-0.5392188599178505,2.4467096163139628,2.439976877999128,-1.5648666713607728,-1.8371683493942244,-1.2675193339586754,-3.8481369716238962,-0.058146443078678195,-1.3371263850833444,0.6998867732264011,0.1422982441917591,-1.86126077488701
7.721246399047171,1.0104377584601565,O=C(O)Cc1ccc(Cl)c(OCCC2CCN(c3nc4ccc(Cl)cc4s3)CC2)c1,-18.124006496296488,2.602382810213265,18.232441870012426,-25.84019240874176,-16.6079844318032,-6.372743032072054,-1.7959207864139188,-0.2584838817820774,6.1845850607639745,0.826185889636459,-2.349470987704577,-1.7940591158338624,-13.26661164055741,-9.788181397238253,2.02507476529189,-2.737428512804025,9.99466248793414,5.42439271352887,5.479451803293682,3.921838192302328,10.83698345428475,-5.265524546569619,0.35743067065806505,-5.146013471665548,-3.7277900542937252,1.1015645810621955,2.1588215854847124,-2.9191944123855276,-1.7174658864237276,0.8813875936903952,0.9708857920124457,-0.11216892657835606,2.0589261102149705,-1.6465837694825678,2.5938324803055206,-5.249109430269171,-0.928019770211476,0.7740733801774806,1.958167823870128,-3.114439398065396,3.5242744658163727,-1.3821136999814712,4.547995707491344,-3.062323775056474,6.649894784972296,0.3916398555399833,-2.8826462639629087,-9.784664665838722,-0.7464407054428166,2.2440908553439805
7.657577319177793,1.0104377584601565,O=C(O)Cc1ccc(Cl)c(OCCC2(N3CCCC3)CCN(c3nc4ccc(C(F)(F)F)nc4s3)CC2)c1,-3.0383868138045096,4.240889609023782,12.668103640674953,-25.877959533604002,-22.167180647218743,-4.90589185156595,2.30489109600005,3.1444943479669063,0.1788499325014269,3.2218590797725892,0.9859705296567102,0.18574811324629065,10.141906623538445,9.674329327680915,-2.941747869007584,-3.3369109429739625,-5.502679909572592,-3.4255850133070966,1.7617695947537684,-7.063828600520965,22.94521485967955,-9.518252860181363,2.9921225080496505,-4.992114494365313,-4.090520351095174,4.987961909537981,-3.762086281262019,-13.207052010713136,-14.789727029917014,7.37609391186193,-2.171243696458639,-3.2368096370820343,-5.555963206177256,-2.0684520510657567,-1.7439045870299887,0.08236109020162606,1.1520102530235425,-1.533915880549718,-0.1622430229014317,-2.9100141349077076,-5.030233381666772,0.8646719524366272,-2.0557574949194954,3.742609827342021,0.9222128513482156,-3.6107969401975044,-4.247563876871289,13.126203896304842,0.25357162310895076,-6.962464840187326
6.823908740944319,1.0104377584601565,O=C(O)Cc1cc(Cl)cc(OCCC2(N3CCCC3=O)CCN(c3nc4ccc(C(F)(F)F)cc4s3)CC2)c1,0.5402802012954985,4.966247809326898,11.51550449546181,-27.74732577626494,-22.068883456912964,-5.771690476922059,2.962817146192307,4.6639734244405835,3.2015887332863704,-1.2215388578344382,-0.0949395827496022,0.9679940892945228,14.613640789133953,8.892272078683547,-1.3938570995088166,-0.40157459530027584,-6.107379266675833,-3.537498174675615,1.0371262600671307,-7.012443912640259,4.07001346027515,-0.6633736059316738,-0.7315443655514337,-2.348363762290106,-2.287007519188664,1.954337867681991,-1.7438456287789692,0.17734899115156397,1.4609614426168718,2.426289197254506,-4.632331909186668,5.230125117315126,-4.600578312426165,3.4952851961553337,-4.374146017604018,6.952356991939274,3.9589812106295867,0.8813839795562504,-5.5417171482395355,10.742191472189464,3.714500679283172,5.306513069635409,-0.513543552349081,-3.8828300637375674,-3.251398822580907,9.073579774089536,5.23281068488294,-9.734644647917055,-1.8780065599869622,7.581117099951435
8.1249387366083,1.0104377584601565,CC(C)C1(CCOc2cc(CC(=O)O)ccc2Cl)CCN(c2nc3ccc(Cl)cc3s2)CC1,-14.157269453284021,0.5892769361949702,15.261507275991645,-26.268079905358967,-21.309896834745537,-8.620899282310527,-2.2283277643449817,-2.73133960320314,3.3434292938515044,-1.4939589290951367,-2.2735223579994717,-2.7197139933180856,-14.52135587197881,-13.48194626347839,3.9884016385083045,-5.407359903073856,14.212555750832381,5.971127915364228,8.345242197083415,4.740457969604219,3.9431162740509276,-5.108648054974154,-1.4183573113981003,-1.899709593250311,-0.8591969194526925,0.31014387813556465,0.3363762049866757,-0.5636416255579058,-3.7378064818969605,1.6278206426680597,-2.4567667252431553,0.37165985390458633,-2.1583972749795612,-0.5805402003877163,-1.6240376396738905,5.352873240531644,1.7201305368037068,1.3296605635647007,-3.364874171757775,3.277299643083966,-0.7283591526724795,1.1611077768639562,-1.2306833145391576,1.0776118099315235,0.9568240850176486,1.470863848287148,2.2631520092798034,0.140140480396497,1.6868969294288918,1.472064217323825
8.031517051446064,1.0104377584601565,O=C(O)Cc1cc(Cl)cc(OCCC2(N3CCCC3)CCN(c3nc4ccc(C(F)(F)F)cc4s3)CC2)c1,-3.395106422464625,4.677120119860308,13.310235078272285,-30.290782016715383,-25.379656229999124,-7.767079452767904,1.0207267494614836,4.080199481879339,2.45586901417154,-1.533012008810669,-1.411715578089059,0.7069431577422787,16.138582023925846,12.032800806363037,-1.2282296589651058,2.606630946769884,-11.171239145219845,-5.498543695240864,-1.2306576437486232,-5.642219656055587,2.838449710479485,0.5385904394332267,-0.6130784763036695,0.04686197800757699,-0.3230027689994782,3.6919464711243117,-1.1179849917498021,-0.7592484099736071,-0.41584494154016705,1.2258272909832593,-3.083728549590257,1.6714023779029419,-1.290288473605155,-0.5287052278140004,-1.8130178259564595,2.708010026732411,1.073445620836911,-0.5551496116394755,-1.4445711563281978,4.229816214273959,3.310701632074477,3.348545185949026,1.2395421636579267,-2.2387030412951923,0.9379227606157164,2.754875241685194,3.033277039554102,-5.50776746248871,-1.4808460574649103,2.9391848962172498
8.207608310501746,1.0104377584601565,Cc1ccc(CC(=O)O)cc1OCCC1(N2CCCC2)CCN(c2nc3ccc(Cl)cc3s2)CC1,-11.34738352014662,-1.7833001176966237,16.035980922627967,-30.192620793366697,-21.844252825359938,-8.585601983305128,-1.0110223561927374,-0.9340768760841097,0.2628423758259036,-2.011438970274014,-0.594420509588518,-0.7407838123296046,-0.05167323781226998,1.0751418310128191,0.8157333149986489,1.672854437585178,-2.711102099457672,-1.1923182078264178,-0.01061445334341321,-0.11537144892725734,1.5174917066442466,-1.3261721991970246,3.332422813856288,0.9839220631430169,1.004744398470492,0.13980820301160377,0.43967497373355763,-3.2982929402084955,-5.823637359280535,-0.9380937283057645,0.5037190804673605,-1.293645531572306,1.2851034062042008,-4.67002356329418,6.241879878941758,-4.266703222667111,-3.931367497325581,-7.350277057069846,6.553856477973012,-11.818619719509913,-0.6130119029794183,-4.2765576139864985,-0.6030186085774807,3.19791605233685,3.6741282562960174,-3.5269354119062535,-2.129591679103686,-5.807912185698421,-1.7385585485273165,-2.39080364902025
7.522878745280337,1.0104377584601565,CN(C)C1(CCOc2cc(Cl)cc(CC(=O)O)c2)CCN(c2nc3ccc(Cl)cc3s2)CC1,-12.971518891469403,0.1032210167571623,15.452828924502395,-29.034568573799593,-22.176508565033252,-10.584372309666946,-1.884081075044931,-1.580043252373125,5.829350001160781,-0.19767402463920625,-1.6997954410586256,-3.048761065530158,0.21964926589793082,-2.354366833598522,0.558492693484692,-0.2855187790299207,-1.8314853816751921,1.0728543549298382,0.7958571280113355,-0.09944744572698737,-5.64751996810922,4.06981141801947,0.055506801725779105,2.734372380343278,0.6174664693000078,0.8689042257156894,-3.4776908205629256,3.242798237929637,6.742608042705723,-0.8718392624957653,-2.906051516846626,0.038561917740041037,1.134131315837153,1.928228487167098,0.25352569110796763,4.170508871839579,2.101198548554763,0.5740775497169799,-2.144268068325413,-2.43252648787898,3.740170287488275,-6.710194583129578,0.9567956497062564,1.991965000199223,1.8227439017062022,-3.95922041234163,-2.537416326006368,-2.844164793662915,1.568755919989954,4.651587300325233
8.040958607678906,1.0104377584601565,Cc1cc(CC(=O)O)cc(OCCC2(N3CCCC3)CCN(c3nc4ccc(Cl)cc4s3)CC2)c1,-10.916142433966623,-3.0018994338616243,16.03794555589465,-32.627832444773055,-21.731692195538763,-8.985567996004804,-1.3580147801551747,-1.186011369709455,2.758962452590095,0.6648023588573452,-0.2006481842923922,-3.396517594276751,4.875634263097681,1.760019538422462,0.15627766969257872,1.9089834026095969,-6.321114696177856,-1.7323793163731753,-0.8894751380182643,-3.224634780038671,-2.7926767190122628,3.2347107131649357,2.311025117832206,1.175173819604298,0.07660718005212083,2.180694613352602,-2.374443646438234,3.163084168201154,0.7603776231294556,-2.9534712382650405,-1.6543683316657847,-0.38248419247834586,2.093054086660545,0.0742592377916689,6.8193365751430015,-0.4931973320199337,-3.9919422546381793,-4.686564015082821,4.404849926695345,-8.435221313713038,2.8145913226940413,-8.013328651199691,1.235522615699359,2.9792240968589954,1.7092438518296476,-1.880482283711523,-2.437212417093523,-3.5979802228266893,0.8782829781139819,-2.3062876432050694
8.148741651280925,1.0104377584601565,O=C(O)Cc1cc(Cl)cc(OCCC2(C3CCCC3)CCN(c3nc4ccc(Cl)cc4s3)CC2)c1,-12.125419853286667,-1.6526199483957655,18.135222569630628,-32.52749825599791,-23.741315983905007,-11.231779411708825,-2.529313122534519,-2.3059244239638867,0.4048039231928235,-5.601661854256885,-1.6321354030952695,1.6218665241889727,-1.7248540130538381,0.5179347455570982,1.9821034049741917,3.4138681684339494,1.5366355335680426,1.6224106438129788,-3.1504450837610434,6.027858546528173,-10.903045844438966,4.970219465785783,-0.5123586445122709,0.8065310856237002,4.257560479874473,-4.585814181297199,3.706089773147839,2.634905845172706,2.5934559947183566,-3.348232646285505,5.138068768954742,1.250640021994293,2.2428290807557953,-2.890012219198072,-2.36822407731828,-3.5505838198766027,0.4485031316550026,5.684441305368699,-2.633505500595156,6.548583476182416,-5.862836305182166,8.970798143293418,-3.0295433591462246,-1.4421694825731572,-0.5628199386018184,0.8288499302543192,-0.09025537601443571,5.860609993073539,-1.1247886313176882,-5.3612761203600305
7.958607314841775,1.0104377584601565,O=C(O)Cc1cc(Cl)cc(OCCC2(C3CCCCC3)CCN(c3nc4ccc(Cl)cc4s3)CC2)c1,-10.840315679087004,-1.839923378805998,18.852383743052847,-33.32446183432417,-22.90399324132492,-11.056190801463169,-1.9448094519470884,-2.818615154329136,0.07365754296803799,-6.118556058418129,-1.4899600083369218,2.5364871966473337,-0.5586607479031237,1.5158690860869446,2.3530956342632767,3.9066105599612224,1.930216498651205,1.7598062997416437,-3.724949304771999,5.966688559531899,-12.206762858050741,4.721540144216893,-0.4771089856148434,0.7716199280068631,4.563723015281631,-5.195924558834183,4.52411129156078,2.3298614819495826,1.6182401184259276,-3.441787153415856,7.465091440093316,0.8962710653531616,2.572716388792292,-3.5676058443235874,-2.5033975459586677,-4.483667227519549,-0.6108108158755283,5.827833519851624,-2.1510565172839042,6.581087981448213,-6.862047322527733,8.635875315967734,-4.138690756852087,-1.814124420045896,-1.1422170190390584,1.7566324240272884,-0.2061235595376888,6.478549999462842,-1.075429113866383,-5.910316496155468
8.346787486224656,1.0104377584601565,CCC(C)C1(CCOc2cc(Cl)cc(CC(=O)O)c2)CCN(c2nc3ccc(Cl)cc3s2)CC1,-12.371775596894478,-1.8394679003117747,16.156820280816316,-30.900155747695354,-22.11537890462279,-8.565527293503056,-2.3480461824379346,-2.971139112945399,4.543152660902662,-0.011946258185733907,-3.353277453686155,-1.3360493537533065,-5.041390386960684,-8.133698594676202,3.839426404330351,-2.873491357437257,5.956342711621905,3.109392274656711,2.9290103450681917,1.2247024276895804,-8.198380265053576,3.6889550471726658,-2.3897552609734274,1.487944893365388,0.795881020929628,-2.850328694339869,1.0160426583580715,7.704247270859981,8.338579250773277,-3.9013547080086717,-0.5763677857705153,3.322199333632142,-2.7404563361480654,4.413172505225303,-3.1939530384148913,5.106135151328408,0.31463651819619926,5.7220597865300995,-8.204957435691249,7.3425622128237285,-2.1483004335018316,0.6175367742124326,0.31730272690450867,0.5228183248729937,-2.1587779817358066,2.5520278852023335,1.9527577785512802,7.6997652691103715,4.82513242207888,0.7837884320615238
8.229147988357855,1.0104377584601565,CC(C)CC1(CCOc2cc(Cl)cc(CC(=O)O)c2)CCN(c2nc3ccc(Cl)cc3s2)CC1,-12.34534401035068,-1.0395322645071203,16.14798274676625,-29.68684936956594,-22.94995375138962,-10.313557390654164,-2.9330579634199787,-3.2693925235495302,3.7910945763358175,-1.5082046303076817,-3.2318277084562452,0.04257261666354848,-1.0189087934796641,-3.4743861933831144,2.9707768200663165,0.17076452153865737,2.6724896210083844,2.0322741707858216,-0.23942332191702534,2.585879453688314,-9.104142201608987,5.7755042950238895,-3.8093500879319286,3.123200468806925,2.272672709554481,-1.66671655304135,1.795013664159077,3.974337119678757,6.943178928519308,-2.627515654999424,1.4854299799587984,0.38231708188090135,2.3058389485111896,2.177588873431497,-3.0919278177430165,3.1255078809285566,1.0787639186522269,0.888020754244784,-2.1762584324608882,1.6787058576052236,2.395090560457623,-1.606936575856998,2.559221541120039,0.6686289675382581,-0.5061460010550346,-1.413531025848931,-0.4465758595259618,3.667730621258671,2.5262339513356715,2.578003961908593
7.823908740944319,1.0104377584601565,O=C(O)Cc1cc(Cl)cc(OCCC2(N3CCCCC3)CCN(c3nc4ccc(Cl)cc4s3)CC2)c1,-9.427343666989527,-2.359416620440869,17.754678481481168,-34.615257333446955,-23.953152573718885,-12.085341810926291,-1.1253432510959682,-1.2553252823337329,2.5143428987133296,-0.7214798207226256,-0.6220136142112562,-2.004723623845068,7.147019074106224,3.151771512980188,-0.34820236789002007,1.9474529170850028,-6.493988448115318,-1.7736505315757012,-2.9862398034548425,-2.0468555224016556,-4.436186646905346,6.408511624601214,1.7865067815204767,0.47392448235803203,0.33255622545014274,0.9471517619376918,-2.4716020286744955,1.8613889710262714,4.333620872409359,-1.6898257932638754,0.5965965153634757,-0.5274213538240143,0.8583150602121116,0.7705989200213766,3.4971547368420346,-1.8470505415842466,-2.5817886222936894,-1.6827703833528986,3.7378737113392297,-3.2094208609720725,2.1466601376949637,-5.289755223130506,0.03919952794611422,-1.6341206069239194,-1.3483338659668305,-0.08508795507020456,-1.448323396919808,0.6104207093774204,-0.7906985376014526,-1.3597636768258279
8.036212172654444,1.0104377584601565,CCCC1(CCOc2cc(CC(=O)O)ccc2Cl)CCN(c2nc3ccc(Cl)cc3s2)CC1,-14.475470279878332,0.9178939916932793,16.360387864111363,-27.56007967153076,-22.068035760987495,-7.944035046288989,-1.6654544562799982,-3.023554326389442,5.260010000127348,-0.4286182532272574,-1.2634388688387155,-1.2931480295883997,-11.706112073749853,-10.585055832715476,2.1471653357013327,-5.804888692692914,13.344825377188045,5.286302138396191,5.778164075591325,3.7201952478692077,7.51297386029109,-4.210235416065363,1.7550172899868453,-2.5924239475915227,-2.147372676147787,0.7038698542763638,-1.1239677010727829,-2.7154016798524165,-4.148130006501107,2.354191998989866,-0.2630844097457175,-0.9080726943876509,0.0037425324776907297,-2.548503416672067,-0.26325019154378887,0.5005544746302754,1.851330516404735,-2.5036750094291516,0.6990589889331957,-1.4700224372240198,1.8289588427913268,-0.6798404895712266,0.9316747043907239,0.9361864763756822,-2.140901618891002,-0.323613891995143,1.498743253309093,-2.5995993282180305,0.41162157255277776,2.7884071682183476
8.0,1.0104377584601565,O=C(O)Cc1cc(Cl)cc(OCCC2(N3CCCC3)CCN(c3nc4ccc(Cl)cc4s3)CC2)c1,-11.17416462741568,-1.1802543183507803,17.65162527907594,-33.440019146803394,-24.374045293721093,-12.17230935058848,-0.5807142835578155,-1.4533146284576839,3.517572380166514,-1.460603262336343,-1.2970467783023085,-2.0772038766949796,7.506375721624422,3.246284276845951,0.15999443447516123,2.3076901974871062,-6.895198265189057,-1.7807991970516113,-3.0948652536582215,-2.679120526662208,-4.245715608065162,5.683554828688851,1.1079232138383457,0.9626116142538642,-0.021185899586292925,0.669774624294452,-2.698339087237792,1.572823734268222,3.8324962737264943,-1.5443693580027815,0.6918812667867352,-0.18622584532540315,0.5520228069006199,1.072681493519993,2.9828147190269156,-1.154324285440673,-1.9731517341038325,-2.1764694366780613,3.276787863039999,-4.664735449817558,2.3162961790377445,-5.516187195618823,0.06846624364410299,-0.877820065907063,-1.1484365910553918,-0.8608441399317028,-2.096832723613419,0.41674567994070927,0.4647374672927817,-0.6824497680035873
7.657577319177793,1.0104377584601565,O=C(O)Cc1cc(Cl)cc(OCCC2(N3CCCCCC3)CCN(c3nc4ccc(Cl)cc4s3)CC2)c1,-7.6942326221833515,-2.7810307654893114,17.479272089805264,-34.90044488534612,-25.088846444156854,-11.801103009718418,-2.4391576857188064,-0.8981688577647662,0.04803867267629636,-1.419417090034788,-0.6720908725523638,-0.46355499611694195,6.41569214178735,3.3453981013421354,0.20088547034182724,2.614427080682143,-7.209382056235489,-2.6168353715664807,-3.6437006427092995,0.01475482532780887,-6.373935716892001,5.487377460532965,1.898495900109059,0.3205567095936843,2.532885491641388,0.45319369802456516,-0.43906944292661626,1.4688247189018908,3.7180144684837257,-2.01165386180433,1.2640601598508856,-1.9036813166898887,2.3269989377182125,-1.037400172804806,4.486860727853445,-2.601213526442781,-2.391388840478039,0.028365261539092385,4.149606361013849,-2.924400430461544,0.8232885321441052,-4.225046597332052,0.20914657370138862,-0.6465171832477989,-0.3633059777504773,-1.2524055677995118,-0.5583017542109695,-0.72803905183347,-1.6176976145309783,-2.0162995708049123
7.698970004336019,1.0104377584601565,O=C(O)Cc1ccc(Cl)c(OCCC2(C3CCCCC3)CCN(c3nc4ccc(Cl)cc4s3)CC2)c1,-9.75951353983431,-0.6436437398080281,18.727336325216164,-33.090875944116746,-19.472808276651023,-9.15373301511398,-0.894125773611708,-1.518465563488884,-1.0669831827855416,-2.2072717350254085,-0.6497661743406209,0.514119403016272,-7.161635464709728,-6.582274472549229,2.34735983993441,-3.37129314529364,12.33650122312754,5.649092934941993,1.8346728942570631,5.958534030843529,4.902513238417025,-2.8604506642256853,2.0261496449787204,-3.119349839019964,-1.8433788144013334,-1.8244380193481053,0.7003838595106266,-3.6460990461946117,-5.197777090770799,2.150634874198986,7.392711828875501,-0.8298769814832656,-0.23748219904786325,-3.435083325656489,-1.0593198958709398,-5.770340230416794,-1.5475156169731832,1.617594840217867,0.8650049641240706,1.7226753945654318,-4.935350182059634,3.88429213888108,-5.757638317746907,-3.8077630155200843,-2.596767531500037,2.895273865000888,0.029477055178774816,4.422274409058547,-2.5200774357681115,-3.5058638149323587
7.886056647693163,1.0104377584601565,CCC1(CCOc2cc(CC(=O)O)ccc2Cl)CCN(c2nc3ccc(Cl)cc3s2)CC1,-16.427680609201683,1.3711403379932852,16.895370880926084,-26.414679959359034,-19.40359401089873,-7.926861984874487,-3.1727805840897947,-2.3373212030879036,6.1346636222722575,0.21303913603988373,-2.4220031321149067,-3.569435538737772,-10.681773631942546,-13.00843060916927,3.6950087625613546,-6.81581186292185,14.485614964828075,6.166808859488591,10.174771331391664,1.7861616656394257,8.521616634526616,-4.147699845261942,-0.6574065248236703,-4.214568559309008,-2.7411591966993654,0.6943174788168495,-0.9849950250784535,-1.5089762822035295,-2.65247070819619,1.784599462205795,-4.059295431342849,0.11203399752704492,-1.9005060745290467,1.780596386834059,0.2835066653937423,3.8657433961435377,-0.032103991163243695,-1.311836133812579,-0.25102257324734273,-0.28855306223270394,2.8068698246725474,-1.7903486001654694,1.938715622806947,0.4989223044248312,1.3192127896532813,1.7056284272280542,2.119025913391807,-2.6683176247730604,0.3888771826135902,1.3047891462941943
8.443697499232712,1.0104377584601565,O=C(O)Cc1cc(Cl)cc(OCCC2(N3CCCC3)CCN(c3nc4ccc(C(F)(F)F)nc4s3)CC2)c1,-1.9484966500972805,4.525392135865648,11.871234858211276,-27.380139402594445,-24.44083239312745,-7.056461594693462,3.2206445659761904,2.926465163071792,-0.21898456006488753,3.3927439647359376,0.9454754577269581,1.9144414580562819,16.419438968013775,15.586773227362526,-4.853471485687518,-0.456314702813235,-12.675369119597002,-5.530211862639717,-2.3852757681134094,-7.239006624261258,13.88717769473566,-1.4983936476173005,2.7983937778201007,-1.313393978033735,-0.6254150769020239,5.898729284899442,-3.7374618933989017,-7.315774082487686,-6.60310698533226,5.13671477555974,-2.9367176791042087,-2.7566901686302687,-2.2715377910154757,-1.182001149793947,-3.7572434252576024,0.6458460658213357,4.1318820442830875,0.4142662449065366,-2.2017370738805075,1.2648438993326832,-4.000700251204772,2.48376828589422,0.026291884634081674,2.35288908048645,-0.3801710348479013,-4.543275994787404,-1.8101035656208544,11.182544077993489,1.2638408312926221,-3.8952079385644027
8.013228265733755,1.0104377584601565,CC1CCCN1C1(CCOc2cc(Cl)cc(CC(=O)O)c2)CCN(c2nc3ccc(Cl)cc3s2)CC1,-8.621050124996563,-3.131706484996295,17.073331381788165,-31.482403485126028,-25.989227834498294,-11.509695848200504,-3.43407656869944,0.14576324635783566,1.8002872996621833,-2.2993292683107565,-1.582133729447711,0.5363897995168612,4.325298343394598,2.3061904605035197,0.6815254254237366,4.994252805823292,-6.156785550701585,-1.5741147067086143,-4.689714920547142,0.3882105610016101,-11.389650224576833,8.456637190494265,-0.9268796311808123,3.5136106843206636,4.416099826262603,-3.7660132802302146,0.20803195691191467,3.010428995697013,4.5413766388298304,-5.0491038487886355,1.039058616186093,-0.8761311040045372,3.558510057921219,3.3114248672496833,1.9816269229672512,-1.368572450345325,-1.7032106755006682,-1.422352690718295,2.5960812950268806,-5.67144119374345,-0.30041745828248323,-3.957529049870872,2.554766884115765,3.679980525732362,-0.9521792027707566,-2.4104695431311725,-2.0958798067076563,0.6344168644095306,3.823139433978361,2.1446587498736926
8.075720713938118,1.0104377584601565,CCCCC1(CCOc2cc(CC(=O)O)ccc2Cl)CCN(c2nc3ccc(Cl)cc3s2)CC1,-11.80713858577503,0.5481497912784706,15.923160722464976,-28.685917818629676,-22.57060428736487,-9.240222440270943,-2.0352212578080713,-2.9257661737654814,2.7634486477678277,-1.605434832578302,-0.4235406149160032,-1.2606214883496312,-11.950010861886309,-10.698151846462476,2.8305399570738463,-4.166010181297782,13.492356592721451,4.279892357015347,4.779907200322453,4.767521114959251,4.499953671547867,-4.909001778682944,1.7494399260658187,-2.650225596859015,-0.5324871167536711,-0.5508366510311848,0.49638239957998553,-2.9740667581552733,-4.631442261907317,1.6761373321305442,-0.1341446137860945,-1.7391253818852324,0.3899096795940484,-2.564363405917254,0.8983364107089866,-0.4186402657073956,1.4035731822556894,-2.0061651876584845,1.2949867081134467,0.8816434471895371,0.6917951106411939,1.6423743206917112,1.2188733986265412,2.2088101557630573,-1.0776218899985646,-2.2764004600633228,1.823174139672684,-3.6813089585589585,-1.9507577264009934,-0.06853846068269981
7.657577319177793,1.0104377584601565,O=C(O)Cc1cc(Cl)cc(OCCC2(N3CCOCC3)CCN(c3nc4ccc(C(F)(F)F)cc4s3)CC2)c1,-0.45088819166673905,5.145225544199317,10.154719660520401,-29.14690830592986,-24.627905979724105,-8.259702636236666,3.065011682152001,5.582315651297351,1.4811965443389823,-1.2407928096916663,-0.6418028257862114,-0.7059602274694075,14.118288940594987,11.601195177107806,-1.6139023692273335,1.5876503753064124,-10.042291628062953,-5.47426152602715,0.6627594094361892,-5.693728756735148,3.7833743925328447,-1.006800046390566,-0.9669540020752545,-0.430449447400641,2.2733956692875656,3.4173307234991417,2.5712785284114217,1.0045646126474446,-0.6773644727656756,4.770579213620464,-5.2104391101316105,3.1591876613383585,-2.5249393244418767,0.6851414151598394,-4.4012031460224375,4.859701483309205,1.5393294798552284,1.0581497474975115,-2.6806094231086366,6.244605136834337,0.9715964065068767,9.509292908652897,-0.20115196492344126,-3.5096172854021144,2.8944432711514843,1.244392391420309,3.928169691989564,-9.101028552214974,-2.858917787895316,7.861656916383736
7.823908740944319,1.0104377584601565,CC(C)OC(=O)C1=CN(C(=O)c2ccc(F)c(F)c2)CC(C)(C)c2c1[nH]c1ccccc21,-18.438762761725,-13.28637583087556,-14.451267548500395,19.25845734279904,-4.056166480093917,-3.371902038688146,-4.34125092441493,1.2188347914019406,10.450238098230614,-0.9351360882924592,-5.860655489725186,9.899259517036297,-0.353234878676829,3.2387396179431605,0.8713162062919767,-1.6736950426100659,1.467925857615386,1.6030989207102193,-1.4420729339316845,5.951584080364497,5.206372449562124,4.833451396774566,5.381904148587658,4.302474615581729,7.318874935850381,8.334585285701825,-6.199057029014387,4.319703274043007,-1.8378648426050328,5.2421397094938955,13.203030627521033,-0.48968356994637446,0.7838358686270691,-0.3330764939260286,-4.4992789758708955,0.9449857268901024,-0.3392344851916215,2.4682321366893336,-3.3915318755118404,0.28062066685474346,2.766953449302245,-3.273599087328218,1.1238074906602185,1.0690427770701687,3.1353999577981244,3.117151152811158,1.8355377098393018,-0.36608058255392534,0.6861676919577813,-2.5433597944788
7.346787486224656,1.0104377584601565,CC(C)OC(=O)C1=CN(C(=O)c2ccc(F)c(F)c2)CC(C)(C)c2c1[nH]c1ccc(F)cc21,-15.348183510524786,-12.229914066582033,-13.629806125458353,18.062338957091693,-4.123684187008853,-2.4445496222533696,-3.9661928935906747,1.7361699199443723,10.318007708082755,-2.20690857087046,-3.845478566930086,10.451353031037598,1.5770683421235623,4.552025686054997,1.8593679992610939,-1.8834326798224676,1.6414668895672193,1.9466091852006757,-3.289040030178708,5.6741594896281775,7.335250056586884,5.216362723017776,3.8233956422594217,4.577278626161844,9.184108839380366,7.776237893156991,-3.80815611273105,6.652221889916389,-1.0424901951910617,7.02317861957196,16.632565965790135,0.015122784083358093,0.0081810249867214,0.14506144785215247,-6.119994680513911,2.6248721640065424,-1.826507211523225,2.518520431866335,-3.1210903385280253,-0.9032481363293361,2.3525734708704626,-5.676014597389522,0.8901955343141082,4.0237971457142345,2.2462657491724864,3.917563029087314,0.7198428310008793,-0.35244932643368265,0.5682481064020405,-2.075776609060117
5.801617869991706,1.0104377584601565,CC(C)OC(=O)C1=CN(C(=O)c2cccc(CN3CCOCC3)c2)CC(C)(C)c2c1[nH]c1ccccc21,-8.059371666544468,-26.313822902160084,-17.989133115841042,5.613983923184856,-0.7364820971799552,-5.445691629971047,0.6070897526553826,-0.7087682125585781,-3.4164598825795673,0.8464288345338806,1.40021955764785,-2.5138949946238505,-0.5293774611216233,1.9507483497417246,-3.2999442909214096,0.047606325451685694,-0.8175482330860926,1.175108161457736,-0.7526284261642463,5.029486598396494,-0.743160508407588,-1.8407867153291675,9.29801008703235,3.060096140695439,6.357098112511806,2.091471287980945,2.159615427093367,-0.8766154378824716,-8.31281559258281,1.3499006002036318,-1.3672888994964545,6.760444877550454,1.868238370705499,6.851626713320626,9.87780608392986,1.0196484334878229,2.8439339046742034,-2.010810961844214,-0.5072619760595352,0.7792513910738478,-0.46027061434240235,-0.21799105272922356,-2.720437500953159,-4.778736921632009,-0.8849674844947477,0.4837590264736368,2.0005206147374817,-0.5732308579015967,0.6594218072609884,4.244210536436391
6.434152181326482,1.0104377584601565,CC(C)OC(=O)C1=CN(C(=O)c2cccc(CN3CCN(C)CC3)c2)CC(C)(C)c2c1[nH]c1ccccc21,-6.44457066612594,-26.90396440477177,-18.166422338644274,6.165242751648915,-2.7104563949998655,-5.966986782982262,-3.065526029923971,-1.6172046260767488,-5.69134345690464,-0.8371786251065432,1.7548612095023806,-0.8219423411370953,-0.6217760936813365,2.428929850974952,-4.791928478331028,2.894253933943317,0.48339360599931985,0.3827338952980227,-0.6541036259520173,6.579376498205396,-5.949772284533276,-1.941245549701885,9.346686300367086,3.89640042630229,6.393883759586947,-1.3342617766219464,1.0898599630049792,-6.055755851260167,-10.61782765308803,-5.113860337260845,-1.969726808403465,7.082763999149006,-0.018614455571571438,6.551024230715283,9.218318092488099,1.9763674184219309,5.452701453970166,-0.06783484745946841,-4.473315641302471,0.5683555998766049,-4.17859560104338,-0.38490397206514826,1.5550261718447076,6.578001779140255,5.408842436343497,-0.7667840115564465,2.8707706445230468,1.95260831896501,8.667532241868185,2.50949349175754
6.272458742971444,1.0104377584601565,CC(C)OC(=O)C1=CN(C(=O)c2cccc(CN3CCCCC3)c2)CC(C)(C)c2c1[nH]c1ccccc21,-9.586971506308393,-28.348538640680278,-15.287953389348228,3.460438128317569,0.6897417497776254,-5.084276509016611,-1.2010122395918263,-2.7315649053387294,-4.774166707128625,-0.5746344020711937,1.8891678947140682,-1.3253268667080453,1.4088543937365696,1.889036412957944,-2.725793903427061,1.03755663223556,-0.5966352527575328,1.1818991757998527,-2.0547376886755657,5.435339076172558,-4.421331009781509,-2.246355882716909,8.007405745167594,1.3573450921944734,4.327255556311722,-0.04120370166326276,-0.7153336309384232,-4.5768336399600775,-10.767117784053925,-3.946808873913367,-0.1449395895292115,6.109755342708084,1.7899440906159767,5.278329199308925,12.049089592881971,-0.3970548012739357,2.8395209522069784,-3.147788570447829,0.5276071316709118,1.9688730308157798,0.4273856988526312,-2.7069968015880868,-1.9575737038824461,-4.531860898408217,-2.4915633111528477,6.500288428726538,3.0647153656169817,1.3558435698149311,0.5495413454719047,-0.08361415183779253
6.468521082957745,1.0104377584601565,CC(C)OC(=O)C1=CN(C(=O)c2cccc(CN3CCCC3)c2)CC(C)(C)c2c1[nH]c1ccccc21,-11.033929581451329,-27.440171357839386,-16.552856022805457,6.320554968554414,0.016699151139809375,-4.925665992336767,-1.8442523256015186,-1.8241927634664417,-2.748553380315486,0.9664964210074914,1.0304860659381923,-1.4404296764872404,0.36231301898131185,0.13025038330708485,-3.4502020268707465,-0.09911510153117797,0.4134654561722611,0.8136460639837951,0.8313407643027504,4.936093615389692,-2.790884929717038,-0.5151956129013562,8.674530554928213,1.5932221826011361,4.358864125337569,1.5746813920352505,-2.1741497720347986,-3.744203493023442,-9.033542453959702,-3.200614639861532,-3.769202413750229,7.5590182102588095,-0.48385828816593796,7.338358952118027,12.26925430353745,1.3365237208643979,3.38105803352501,-2.588969417534066,-0.5751436773016739,2.4330344296422277,1.2370958783256552,-2.3859557971901837,-0.9621851289397638,-3.0584538952106324,-1.7535542701525477,6.307968728466603,2.574565883959565,1.8339704047666117,-0.2154510485429675,0.16843457576434612
7.638272163982407,1.0104377584601565,CC(C)OC(=O)C1=CN(C(=O)c2ccc(CN3CCOCC3)cc2)CC(C)(C)c2c1[nH]c1ccccc21,-8.30492481096331,-26.135664058931297,-17.775864487587057,6.088464615473292,0.3397605739737994,-4.952260644298332,-1.658093575431189,-0.2762397256062839,-2.364862880074618,0.8079332189017845,1.1088450029297146,-2.033700607637887,1.531203764558437,0.7045612128418984,-0.6836091833302547,0.44791712411475965,-0.684408921845996,1.5717338095117723,1.6055739514887608,1.6685250826276046,-1.0222049458584905,-2.7171960933451142,5.188508630585583,0.0597440175231481,5.719166081766823,0.15481815202744537,9.914529766684977,3.5134603658057806,-3.3118651917743156,2.004855916200694,-5.125743686334683,4.629444172964474,3.7500501831195487,5.272110556419878,5.661740533286757,2.0997743840489664,0.44611734357190125,-0.8831950513419579,-0.71311249205128,-0.10209895250212843,-1.4820605883992155,3.471931777982923,-1.7268239398254184,-1.0512731220387919,2.845130290750267,-1.1042119609420866,-1.0789878361313012,1.578572577282712,-3.0617191252822944,1.593623931697655
6.349692476868063,1.0104377584601565,CC(C)OC(=O)C1=CN(C(=O)c2ccc(CN3CCOCC3)cc2)CC(C)(C)c2c1[nH]c1cc(F)ccc21,-5.1795266272319305,-23.051142256856547,-16.741873299506437,4.92043727408511,-0.20980213980398302,-4.2710045331560345,-1.7512573970947294,1.8215342180695713,-0.058615656423286346,0.880496901381557,2.8376597779088133,-2.929471059108399,2.794890330431962,-0.6974307644652538,0.7038907614690809,-1.8588836732038927,-0.579235715981113,2.527072874525904,1.2673605734117548,-1.446726019543227,4.360638329531843,-1.937207430792793,5.061662684349366,-1.9776830944915755,8.522248738705617,-0.4886945173074424,16.4268104339375,9.01638613194291,-0.43890966673735615,7.280569001930355,-2.3752659360223993,4.1422105800489115,3.1355587354587984,9.68466777190441,3.5403553684357316,3.887356759171819,-1.2718899805036759,-0.1739980741859816,0.5612529337480927,-2.0864558463766216,-1.5200833858036098,-1.592664333438754,-1.7502392234127815,1.6603614677297134,0.030643394395040987,-1.1995136637645631,-1.9982509485480626,1.6718298459835643,-2.3487329200716744,1.7034129833792513
6.220403508742176,1.0104377584601565,CC(C)OC(=O)C1=CN(C(=O)c2ccc(CCN3CCOCC3)cc2)CC(C)(C)c2c1[nH]c1ccccc21,-5.189035679581348,-26.920562371339074,-19.247940359498497,3.842571029182119,1.1892621989679166,-4.36857822225228,0.2823645333562158,0.4965452713012822,-2.3017614588990645,2.4158457764333003,1.9828458291038618,-5.594317142069945,-0.327742551291214,-0.934425075399092,-0.7964302540680337,-2.0136510511253842,-0.6561841970012928,2.439961474360106,1.3278829091276774,0.2309753947137991,2.8815417201924807,-0.945552580829221,5.0307082097189015,-2.390019028506929,3.6909776622986357,0.5471551202112023,9.880610492348893,5.4213718432598705,0.8826685860798739,3.515885518071582,-4.09582239525658,1.5833758114170213,0.7764413089479667,1.0709623850397507,0.11796862868085996,3.1838271585702613,-3.053063995084034,0.7564517331586627,3.00633824831743,-0.8334471389773027,1.3536619542664967,2.714032614350316,-0.10816842845280235,-5.589488679068639,-1.6668419511575834,-8.995410680107556,-0.4760862186998913,0.605822901120454,-3.0669025583933096,-1.0314965801234102
6.465973893943865,1.0104377584601565,CC(C)OC(=O)C1=CN(C(=O)c2ccc(CCN3CCOCC3)cc2)CC(C)(C)c2c1[nH]c1cc(F)ccc21,-3.5611238089935733,-24.442228577053022,-18.050774088103108,5.0469028122841095,-0.7985479401234683,-4.7516531434514055,-1.6266887994365051,1.316416957226419,-1.4656492707960156,-0.8061355123678347,2.9145266692312997,-3.0842805402312954,2.2370893349216088,-0.5585336541669138,0.8415385159474019,-2.1541827298697585,1.004175553410429,3.184929185284801,1.0323738534747229,-2.6306697249507414,4.588376980270811,-0.747266635096707,2.019993231866322,-3.909451087768502,8.700283988134524,-3.3650135358471682,18.891951072472946,8.105517344679338,1.178552081898589,6.8712180271237315,-1.4623240144211493,2.2956011942874186,-0.32285085146721254,5.990114223865521,-4.18340707075983,4.213343340810862,-6.293153450719758,1.512439490552793,4.187435475830724,-2.9170883150725797,-1.0069067667935148,1.4978604824878847,-0.40778249707906805,-0.6807508999113449,-2.5194612702268544,-7.470620959645432,-1.6898037302231268,1.182872571571462,-2.0825118328319228,-1.651929863880904
6.995678626217357,1.0104377584601565,CC(C)OC(=O)C1=CN(C(=O)c2ccc(OCCCN3CCOCC3)cc2)CC(C)(C)c2c1[nH]c1ccccc21,-1.6379671739830528,-27.471466998933444,-20.473729600055055,0.3916375632251864,1.1075910449322148,-3.960179650472268,1.5893305967151374,1.789638107299545,-4.919251847790883,2.524229651774222,2.8533908260892096,-8.808562207787215,1.9330756597913614,-0.272461759309801,-0.5169086446296791,-1.0854479329761562,-0.3832192083597577,-0.06143474358385558,0.08991066053726204,-2.7741861595131576,3.3814276413811646,-2.263062918600554,-3.591148485588701,-1.9727597290180905,-2.0523504606971716,1.9086396329163047,2.274102398367284,3.95550832680157,4.995557012331193,4.3133135016892155,-1.901048912747819,-4.9936645385205995,5.441297476616426,-3.579676241499255,0.2542467252980618,-4.439696240016476,3.1889493201558263,-1.43398017860651,-0.7767062228174776,-0.02472849389923129,-1.2410500537271005,-0.4316087697986895,-1.2359966597776653,-0.7863560869554914,0.3855935682587077,5.316682241229238,1.8558312867836437,-0.09363184680432698,-0.7620210572485536,3.4447983451523254
5.972242795309446,1.0104377584601565,CC(C)OC(=O)C1=CN(C(=O)c2ccc(OCCN3CCCCC3)cc2)CC(C)(C)c2c1[nH]c1ccccc21,-4.951138180617387,-29.263845308160196,-18.393909130987723,0.29007320376840434,1.372132468199824,-4.439929076503791,-0.9941524871111591,0.35840407169732147,-5.1828806835756485,0.9494705956751011,2.4946829829670416,-8.84605169408565,2.435917747539421,-1.4656371764203584,-0.30060022635752187,-0.3911897513028173,0.30325177250686164,-0.16826379229755076,1.3724777421775372,-1.6215324557060915,-0.11280587838908136,-1.167871926124718,-4.2199085728216215,-2.9647983238462694,-2.04188811946007,-0.9625959001019322,0.3090194482931337,0.2575531189249524,3.293057830668204,-0.8504774381868921,-4.321389443312802,-3.9316513300444105,1.9995182874237047,-4.645453844162631,-0.10179430015640492,-3.5913043127419484,0.3473342132681064,-0.01383162252196259,0.9598189527137105,1.7928664731586839,-0.912644904397308,1.6607429020899032,0.5128936792057869,-0.6572215068943145,-1.8350329365638594,3.451410596290582,0.545073237724082,1.013836832732144,1.6953182734916847,-4.2059239151364425
6.357535479757878,1.0104377584601565,CC(C)OC(=O)C1=CN(C(=O)c2ccc(OCCN(C)C)cc2)CC(C)(C)c2c1[nH]c1ccccc21,-10.201224526371591,-25.058351103489347,-18.17097980142366,7.6211889701096345,-0.2817044359896277,-3.498680520035974,0.18522231659492389,-1.1584400444337088,-0.21063659225134715,-0.046983829207062726,-0.2580878206358482,-3.391568691572748,1.3544922709034208,-2.3172403274904667,-0.002530772526896583,-0.34190272077010897,0.48023657498099154,-0.32702653183422703,2.34019249433688,0.6047221419567521,-1.965172191599162,-0.12085307470394915,-4.811824369071539,2.3801926541275025,-1.8468586464784467,0.08198332901879031,-4.549815949522694,-1.2393826451057472,4.083755834007389,-1.1375619445910825,-2.58407117659754,0.2031922368737978,-1.9174678682154958,-3.1089037842754803,-2.43676794916261,2.5632901762438585,3.906963842766905,0.15276874677756402,-7.957095796905904,-0.5325459919739913,0.3276633492221969,2.0068685965987174,-4.706531844674082,4.817680800432965,5.559167196270171,-5.260333957189433,-9.652312948624719,0.8296198101180059,-4.452315957335808,1.6976626071917678
6.156144577376839,1.0104377584601565,CC(C)OC(=O)C1=CN(C(=O)c2ccc(OCCN3CCCC3)cc2)CC(C)(C)c2c1[nH]c1ccccc21,-5.658679529645605,-27.074966924559597,-19.583291441285997,2.1572805147933005,0.1891568095922058,-4.531234298817793,1.1302488144807363,0.6810454283009502,-4.750262065769361,0.4605332879881665,2.087792931315309,-8.28910880326423,-0.3896482844497998,0.2944946398823052,-2.2697312786191035,-1.17011967539063,-0.8717140289745083,0.7890263767569041,-0.5479265019031874,0.24044777294842734,1.0768971315684404,-0.3517887435562335,-1.4235105150200054,-1.0080547152758477,-1.5199698119879788,1.5076869071974413,-2.582096690924519,0.524135173923948,2.87246213480679,1.9264121276481656,-2.815446778996281,-5.217339671017447,2.8948308276439976,-7.186308378452219,-0.1684108941797437,-4.411708067689798,2.70273275606107,-0.597042667262923,0.24827685156088,0.8502416271639508,0.17226155033798274,1.9107584101979667,-0.6026281109984909,-2.5878936178160274,-1.9501735540377756,-0.23146564746016163,-0.3358537719879447,-1.1200729784873238,1.8714447144171844,-2.9297204443706044
6.603800652904264,1.0104377584601565,CC(C)OC(=O)C1=CN(C(=O)c2ccc(OCCN3CCOCC3)cc2)CC(C)(C)c2c1[nH]c1ccccc21,-3.276819994122348,-26.144747377558378,-20.663018121853607,2.2256702368873285,-0.28854761810650364,-4.200180597070853,0.41965876191536644,1.8900922491816388,-4.109561148615776,3.164345762920816,2.3015952396992674,-8.916951399164658,0.032142231395400137,-1.8483610635276662,-1.2350215994881233,-2.499000598634654,-0.5091342141892341,0.5502746241601865,2.4526222613792195,-0.2530317671259687,2.5335851089716335,-0.5022770161729007,-1.1614291115679052,-1.041206702098784,0.5326252826892073,1.587314935433549,2.378868057865808,4.255665638242425,5.768443294549603,4.621350043735226,-5.258696304442398,-3.838154538113355,2.206625221887124,-3.7320627574668825,-1.0690154394739815,-1.895933789758082,2.203034963716671,1.072028881858417,-0.27851380154038424,0.6559187343141859,-2.0943927479149607,3.9512562690572923,-0.17646779206774066,-1.160610573943035,-0.03225871878333036,-2.4080733655285105,0.09473639300973559,-1.5663669315997473,2.624519931069118,-0.45722011550135866
6.542118103266008,1.0104377584601565,CC(C)OC(=O)C1=CN(C(=O)c2ccc(OCCN3CCN(C)CC3)cc2)CC(C)(C)c2c1[nH]c1ccccc21,-1.6803081770957045,-29.282162900412086,-19.474703705642067,0.23803864506557787,0.6009186150210138,-3.746452780156641,-1.0252060660508815,1.3172851847446585,-4.523876760034513,3.517130201420251,2.754955285708829,-9.197017459947158,2.232057813099829,-3.1262605554464327,-0.3217876543749394,0.2821409355873189,0.8230992453699754,-0.537526058281961,2.6178870888827817,-2.9044331150645317,0.4642933751826443,-2.33655643458662,-3.9003589791568816,-2.3631529143298913,-2.723009066929935,-1.9240657661232077,1.304001814311427,-0.21465124701172944,4.538746541911583,-1.1695529684686679,-4.355224908094929,-1.4258564188923735,-1.7780648586230716,-1.0153002422826045,-0.024809772197694587,0.22436900636695145,2.5178236141473733,2.8217565653893883,-4.272170058664905,-0.461152564671975,-3.424217662476373,0.08792163752186755,3.002456270352068,8.383400380895017,5.614731388504148,-3.3330016406176264,-1.1480586217563127,2.051045453143986,10.162533458963914,-1.3887596245417744
6.567030709125595,1.0104377584601565,CC(C)OC(=O)C1=CN(C(=O)c2ccc(OCCCN(C)C)cc2)CC(C)(C)c2c1[nH]c1ccccc21,-6.900443796909807,-24.92522708725779,-19.337758583013493,5.210539585981391,0.20549333651074558,-3.2668991414256334,1.3775080433819107,-0.9977790750499548,-1.4439953585659853,1.3070585011308422,0.5921673453443924,-3.7899154416677594,-0.016994863190368387,-1.5564063585978871,-0.886744976383417,-1.106368475777854,-0.7156689849239356,-0.3328862265525361,-0.5740971635308341,1.6110680382492302,-1.9065669062773738,-1.2156632446394893,-2.6284939708301325,2.802219722606096,-2.370420801589081,2.1812998830784562,-5.5951490407150155,-0.583130392608352,3.5513299946311347,0.703349575088458,-0.6201677923988488,-2.5939837080523818,3.162276932518176,-6.2880805385728715,0.7647124573864045,-0.9972875551655119,6.507636148025739,-1.750338696273808,-8.403135428390879,-0.4184503644597302,2.1367658156564198,-2.862800601291552,-4.339036206457911,3.096375561070904,3.5697054371074723,-0.6992902383740803,-5.510986342434039,-0.00029473305165039624,-6.436755425016455,4.945148209420434
6.441291429466834,1.0104377584601565,CC(C)OC(=O)C1=CN(C(=O)c2ccc(OCCCN3CCCC3)cc2)CC(C)(C)c2c1[nH]c1ccccc21,-5.33313018776241,-29.14486548284875,-17.660797861107227,-0.5285355164014977,1.8031449659440801,-3.1055998228792743,-0.49824032811140556,-0.29264117333016376,-5.230685127022262,1.1563187129205392,2.682666270376701,-7.396157662455341,3.746142484475435,-0.1932813225721935,-0.6885748897133507,-0.15012728893831284,-0.4668557148033652,-0.5389809334114235,-0.7409474596334629,-2.0620484658881644,-0.4500231608237537,-2.513180936627101,-5.093951361016407,-2.763875846842174,-3.2702012826905675,0.27557571808734077,-1.0616817478142173,0.3699818559868559,2.808482485850297,-0.633549776661803,-1.4373706360869323,-5.963518822635875,5.357107825300755,-5.707647876866083,2.403777828594989,-5.29952388523647,3.284595372961894,-2.3122391396246105,-0.9837689983287878,1.1181374707986704,0.09611038915056276,-2.997072081135701,-0.2090820849496323,0.7030462597432686,-0.9350025645334159,9.320044906205677,1.8090954452424803,1.724936681502342,-1.2899344749110147,-0.607264454485218
6.372634143407268,1.0104377584601565,CC(C)OC(=O)C1=CN(C(=O)c2ccc(OCCCN3CCCCC3)cc2)CC(C)(C)c2c1[nH]c1ccccc21,-2.329150222168999,-27.976223891491752,-18.928042048674126,-1.3613639347643316,0.5895832840182773,-5.0287032883755876,-0.7502305914388653,-0.28752363619301136,-7.955034612225041,-0.08135487995958894,3.2909212372108407,-5.9465871471169525,1.21809989459535,1.4969064264688283,-2.1159173254091748,0.9634645802921623,-0.9924075526936791,-0.8144790376726898,-3.746824330504527,0.6765332555227385,-1.8223128421207728,-2.292577709129265,-2.886581065481611,-1.3318058786244822,-1.2917972915015778,0.6672654391808304,-0.8375086260340401,-0.3891630240339653,1.2460941902496023,-0.28048547882366276,-0.5598217726947019,-7.9377620247692535,8.278534222061198,-8.397090625605648,3.0453999396294837,-8.725823732740915,4.626654793501645,-3.047502047239268,0.6700077430381922,0.6590182783040175,-1.402325285704373,-2.4103967015172727,-0.2510052661570821,-0.6060905578370777,-1.3951809968704958,8.027832498754501,3.57455838090848,0.6385028820969917,-0.4570648508681699,-0.5438587068414138
6.7121982700697735,1.0104377584601565,CC(C)OC(=O)C1=CN(C(=O)c2ccc(OCCCN3CCN(C)CC3)cc2)CC(C)(C)c2c1[nH]c1ccccc21,0.05480321190664659,-29.172567956158925,-19.680747553886146,-0.6722096423040321,1.7034683071243968,-3.9148406709704284,0.04695469800551093,2.2606265242415673,-4.476451166299665,3.5368704836631433,3.325575281234108,-9.093105960079317,1.823798819893552,-2.0202779399475794,-1.2940373871503785,0.0062134514507152065,1.235290671240496,-0.5783644715836346,2.147459557092853,-4.104976897189818,1.739206904771988,-2.0468650814016045,-4.778116735674806,-3.5838836546769652,-4.296303219682496,0.6345117610244102,-1.1933019532823057,0.5259666081828239,4.467749997954344,-1.4926807757639788,-3.028045224742815,-2.3859285814518105,0.6738275874534619,-1.5455595960698494,1.9731576690116992,-1.4709409945772092,3.806084934263652,1.4248868610210195,-5.001590539804217,0.8633506757606465,-1.5502355730272859,-4.489395427578959,3.089621083542473,8.662645765074801,4.383757391549347,4.934164382954912,1.7758809798178694,2.8851254814595015,7.3716177492815556,0.41431797828001693
5.858236769724212,1.0104377584601565,CC(C)OC(=O)C1=CN(C(=O)c2cccc(OCCN(C)C)c2)CC(C)(C)c2c1[nH]c1ccccc21,-10.323988612334686,-24.512834204041024,-17.31276579467091,6.755737287410726,-0.9537891674951678,-2.373704924121066,1.7652268590940496,-1.3536287916514211,-3.758308161985661,0.017463118631259687,0.5170597239068273,-2.944814126895154,0.8328153327584997,-0.10247148296066962,-0.8471910980216952,1.259766491198288,1.7237511823818343,-0.31446052186150986,-0.3729911550610932,3.3513861570994736,-3.983703913669067,1.9120995578422793,-2.797688542724794,4.767507549986025,-1.5172873464876888,-1.4245012705041866,-7.551147988072687,-5.157825174232954,-2.6943411955875547,-5.064932285977604,5.806604155352408,3.7232134619289954,-6.195769204880731,-0.1129955891775196,-6.245014592713638,4.710642900000184,-0.5686772681282751,-0.6963935949171969,-2.5115705898493674,-2.831574663140923,1.9898144877880728,0.28216830109235763,-3.8859815408761995,0.7011372965726906,1.7029483662728955,-6.902121398585024,-8.096476122958297,-0.9078598574015175,-7.098917863194708,2.4012777290040725
5.880414225038216,1.0104377584601565,CC(C)OC(=O)C1=CN(C(=O)c2cccc(OCCN3CCCC3)c2)CC(C)(C)c2c1[nH]c1ccccc21,-5.715456295077493,-27.846848526999562,-18.48496144878001,2.2474490190919765,-0.9199674764277445,-3.9878088424527696,2.141502677264251,-0.428865814572748,-7.547891335107177,-0.9370384799868465,2.8576094913945664,-7.753434462078123,0.5961491085174381,0.49458327113013834,-1.6555818121137282,0.11358751591477141,0.16835836158406683,1.0196387499795523,-2.533333398820707,3.0408805243314743,-0.9995569778187111,2.4990987166588376,-1.8860321661276487,1.2685609763118488,-1.422490736514501,-1.3841049898247715,-3.5543510928118978,-3.168402234738687,-3.276335242234731,-3.0877191983197023,3.9165943513062205,1.8969323466728927,-4.829473070505722,-0.32644436653303494,-4.776280551020261,1.5673504476863727,-5.136342151860485,0.24855099323761556,5.448679498662503,0.015057943608167972,2.277824582355888,2.7824144489808194,0.8140039925865725,-5.9559124644624974,-4.27151991527293,-3.5801387163542584,0.01797572828412632,-1.5083376477131263,-1.577308256296474,-3.6056957590334293
6.048662481204082,1.0104377584601565,CC(C)OC(=O)C1=CN(C(=O)c2cccc(OCCN3CCCCC3)c2)CC(C)(C)c2c1[nH]c1ccccc21,-3.806348841230403,-28.346980440338122,-18.4009091381194,0.32019344009499257,-0.08138983461483941,-4.09570072695249,1.5142409557212655,-0.09114544531227556,-8.135509619688404,0.49288758060950555,3.6982618250326156,-8.794108841350196,1.1169092379185923,0.21899517099315463,-1.7497855721703282,-0.06600405557557745,1.2319128659663474,0.7794439027870086,-1.614188042289912,2.9026518219828947,-1.1050909188656615,3.146544690464861,-1.521464928138707,0.37154257766771964,-1.6200994936451096,-1.5939486290246478,-3.351426744931593,-3.1798893373829573,-3.0720751685259367,-4.306801368872971,3.5373520550099062,1.1284655413398579,-3.7058243658880547,-0.3421285653857843,-4.005567806140125,0.14089601240389965,-5.384742900591492,0.28631497475509754,6.293952628211176,0.9321149605401935,1.9614414922755274,2.7261377862601743,1.7203396164528668,-5.77353824351578,-4.7524271516524,-1.1917025445676555,1.5505029056246258,-1.337896605073312,-2.1812049883024747,-4.5532091814033775
6.068033885271827,1.0104377584601565,CC(C)OC(=O)C1=CN(C(=O)c2cccc(OCCN3CCOCC3)c2)CC(C)(C)c2c1[nH]c1ccccc21,-3.1192110854544364,-27.399853488483455,-19.820507784036685,1.8524220111103178,-0.32708479301846144,-4.765070225862503,2.2911754092601657,0.6675047621757115,-6.040480628111206,0.8728059902159715,2.9839143569047333,-8.99348750437711,1.4780442965253635,-1.1877808495026532,-0.6990742888664876,-1.043020058730856,0.8044678250219256,1.0128971515075837,0.9229371532256231,1.1353367253291298,0.27050353825932416,2.380620466736406,-2.15350560064286,0.42422824275598053,-1.0412343184020265,-2.2873189569081855,1.4039484926611887,-0.3053817740939563,-1.1201574302771906,-1.3011674522060734,1.6351657547766059,3.295368612624205,-6.14696956407932,3.1307294948173596,-5.6936590034501355,3.0669708560668485,-6.5253434519918985,1.0489233721428515,4.977497204395195,-0.8580888526834575,1.0673187782987898,4.863490708397648,1.0058129812518226,-5.192600698697271,-2.5763719440565658,-5.835649597644389,-0.12004642228606927,-1.5627984937309247,-1.0027390552280446,-1.0329092870925394
5.542118103266008,1.0104377584601565,CC(C)OC(=O)C1=CN(C(=O)c2cccc(OCCN3CCN(C)CC3)c2)CC(C)(C)c2c1[nH]c1ccccc21,-1.1137315222570086,-27.883505748209682,-19.305050247343292,0.5035637861267502,-0.15533229957233086,-3.6529366340891865,1.6719230738378081,1.2099375852360905,-6.124596008842993,2.2279616626818286,3.312123942808405,-8.937253558573152,1.5732590642595845,-1.494209497039845,-1.6495838285370605,-0.03478758965140169,1.003057454041025,0.838955724211955,0.6548961069066034,0.7429915572172693,-0.8614957741700836,1.6210308845075168,-2.461488191998011,0.17538955758771957,-3.3020540177045983,-3.4309568065427074,-2.91245334601234,-4.093195802667987,-1.7226813954956521,-4.483773942678358,2.4615122986217495,4.7418556157146385,-8.806290800124485,3.4615435749543026,-4.255225925227958,4.566767018462254,-4.680187244202515,3.783531376645716,1.0788982446825173,-0.9886854626310096,-0.13410930290589174,0.2948436169729228,3.431425505660839,2.9443760882358143,1.2632589405246297,-7.014949341484691,-0.3547317225470572,0.48506630589678695,7.480763546678939,-1.6451723974106571
6.209714835966759,1.0104377584601565,CC(C)OC(=O)C1=CN(C(=O)c2cccc(OCCCN(C)C)c2)CC(C)(C)c2c1[nH]c1ccccc21,-7.218790478435236,-24.500083002498062,-18.98062920526858,5.216747996378425,-0.8420967657040382,-2.9287455792367543,1.8667707832961884,-0.8310674600092688,-3.801563990938572,1.8102976790674008,2.062179505610838,-4.655045474771122,-0.2859338815793046,-1.3705352973477856,-1.4738899388564783,-1.390144381971191,1.9835790420160422,-0.4361133604916063,1.1770306202674896,2.246166794937499,-2.811422720437194,2.238133715521727,-2.290654140300308,4.172499510044198,-4.12969106414808,0.4180027003801162,-10.308857614934965,-4.610447011491303,-0.7073651362327447,-3.9511104309365956,2.6498046629751024,2.169674377204425,-5.609851490584674,0.7772032367845881,-3.9898933507012653,4.739195022547898,1.073365849740338,-0.08701044891844,-4.317643945349097,8.724379130597473e-05,2.9535840524599646,-1.7960731016854679,-1.650637295189208,1.960053362967443,3.2371993450275083,-2.1053438002758544,-4.288484860185691,-0.38642391593342396,-7.469970915777724,4.380071795287744
5.795066477645856,1.0104377584601565,CC(C)OC(=O)C1=CN(C(=O)c2cccc(OCCCN3CCCC3)c2)CC(C)(C)c2c1[nH]c1ccccc21,-4.409769273055054,-28.180867565661853,-18.722116416492764,-0.09384103843673135,0.45882690629191986,-4.482379858049463,1.4342912224751494,-0.0485150141636626,-6.981509086065273,1.6571421687978822,3.4736435123881186,-8.736706699902971,2.1661799936296973,0.5033167084884387,-1.806966167313129,0.5728826334564646,0.3457263115896551,-0.6020671200369985,-1.999490016053519,1.515183099719326,-2.2339105857535886,1.8223632165087327,-3.8675001761191266,-0.12182949777839991,-4.445734519706914,-0.7896822337153628,-5.155504960691781,-3.084317124587058,-1.9439806150861014,-5.079555628062808,3.158476946760716,-0.9929547328659429,-2.0365452433221796,-1.6594466570555972,-2.6645692158382146,-0.7701656229872826,-2.953621946523349,-1.355218757684205,4.7990910877620125,0.6076077570827316,2.305674060597559,-0.5646648757790862,3.2951244417409207,-2.5176109028865867,-2.321565494400213,4.337361984040283,3.7110179434444106,-1.6624183590367847,-1.0907651245811734,-1.9882209696512319
5.9503943874050265,1.0104377584601565,CC(C)OC(=O)C1=CN(C(=O)c2cccc(OCCCN3CCCCC3)c2)CC(C)(C)c2c1[nH]c1ccccc21,-2.343672291608921,-28.146568755188515,-19.220489553598096,-0.955704313291479,0.40186403364312284,-5.200394678139449,1.2764179940351439,0.04392540280298128,-8.984059721666389,0.5005241368535177,4.090402968759688,-8.115417954448596,1.2400977225273448,1.770841629743404,-2.624307055630838,1.01935511493783,0.8609510501875705,-0.6615020464326024,-2.768827581257631,2.7808274025462594,-2.931666137046571,2.030380339903276,-2.464737464376342,1.0257751942502662,-3.0401712420992095,-0.579815677448665,-5.301293564874999,-3.6325441119907005,-2.6994116165153423,-5.052981218832328,3.761289443412645,-2.6398622185273384,0.28507347641303665,-2.595225468851154,-2.195934558287476,-3.103907783244197,-2.5561527416910685,-0.9073451152540245,5.762931856746576,1.296424143001274,0.27761197886816164,-0.36245403904114754,2.884898333412169,-2.6626405579556702,-3.2960586553209983,5.624431231508753,4.641911271878775,-2.2062109960632355,-1.7830844014231213,-1.8048428950826596
6.099086932262331,1.0104377584601565,CC(C)OC(=O)C1=CN(C(=O)c2cccc(OCCCN3CCOCC3)c2)CC(C)(C)c2c1[nH]c1ccccc21,-0.920435083256685,-27.260457327536905,-20.84112536205191,-0.43171390434803764,0.9598388303264318,-3.5953599957503126,3.5102852766053076,1.4167061962212382,-7.323899104179689,3.3475336776734155,3.880118809528972,-9.057904084258382,1.591630078937753,0.6042978961692466,-1.3740118571662745,-1.9604588954023887,0.08567572158837257,0.7310679576406512,-0.06753311591378393,0.6435747608542859,1.154575138894713,1.2590739126799528,-2.7444335858635545,0.23800497900667517,-3.5697640035404827,0.47466034694723297,-3.0446250606039342,-0.02509378040850524,-0.12717871348595094,0.29726788054501185,3.771742420662417,0.663921405789434,-3.108070220812734,-0.15645865455490202,-4.392574795112954,1.6910206779049137,-4.458883234326812,0.5506941570796654,4.13903824778573,0.2623722027204711,0.7112503431752407,1.5107836110906963,0.8179230415255568,-4.4329792065520275,-1.7925536574163004,0.3992639600588968,2.2147760167630524,-3.1955806400365936,-1.7935649490309384,2.4408497762367913
5.99012436628784,1.0104377584601565,CC(C)OC(=O)C1=CN(C(=O)c2cccc(OCCCN3CCN(C)CC3)c2)CC(C)(C)c2c1[nH]c1ccccc21,0.9772646174659863,-28.485174818270444,-20.576795359437295,-0.547561481949868,0.6904467172237281,-3.941360954500822,1.6479835076871792,1.5232445133337253,-7.4301284598998265,4.213127242263382,4.473227887803568,-9.401182919192829,1.273504284855123,-1.3751820524834817,-2.3126205444737535,-0.7288292954295711,1.9863269166281816,0.23110604553090816,1.298884399223161,-1.2234007530230306,-0.2601429361294811,1.579332489585167,-3.3327773558882883,-0.24558846025872966,-5.817795043965045,-0.8648065090972242,-5.7277823255605735,-3.830262462495772,-0.4733505418378956,-5.095961485778443,1.681028634537372,2.0171334276590533,-6.513767213145606,3.2082999139184385,-3.3857339378732028,2.4754997224766617,-1.6862633382713508,2.5484119943721484,-0.17085792062048083,-0.0035912222710511752,-0.40091530363770844,-2.470441087427463,5.75584074858579,6.443481588404662,3.491801007538249,0.5149177892910769,2.155535193196421,0.244495016175015,7.1561664671838745,0.16882091066146188
7.055517327849831,1.0104377584601565,CC(C)OC(=O)C1=CN(C(=O)c2ccc(OCCCN3CCOCC3)cc2)CC(C)(C)c2c1[nH]c1cc(F)ccc21,0.6130797339065527,-25.12788147782831,-19.19345504726088,0.5991139767546179,-0.2039876144178677,-4.069242190498097,-0.6454343039044771,3.15571168305615,-3.02574524787248,0.4440305452482962,3.8359332128851995,-6.997867422365301,4.650244286535717,-0.7854886065887479,1.0775177603422181,-1.951237409053507,0.24957916972535987,0.3129878017481868,0.3515909968637354,-5.106844973960464,5.326708745377025,-1.5219799712159912,-6.011085143123034,-4.344559081163981,2.7005110499399807,-1.0623239301628555,11.020487982000542,7.943771590340316,6.3001349107025675,7.421066334917291,0.6196577761938648,-4.400595438863904,4.251555379375141,1.2751471406481725,-2.1281810939917967,-1.7464722372696375,-1.276947215702273,-0.2970499114432352,0.8497804080618833,-1.573106994744151,-2.26416721754073,-1.6064127328775795,-0.3646193114392419,3.7169554116321883,-0.244778071866017,4.954911138181173,0.5962978656030116,0.3815171229487306,-1.7163529241185778,1.9188209467412303
7.00436480540245,1.0104377584601565,CC(C)OC(=O)C1=CN(C(=O)c2ccc(OCCN3CCOCC3)cc2)CC(C)(C)c2c1[nH]c1cc(F)ccc21,-0.59720894779991,-22.99979286795573,-19.480555917218688,2.248801183667449,-1.7365002523758926,-4.177642170775499,2.0473830639839607,2.9122367690950366,-2.4009470314217936,0.04948278479606259,3.2031937722665034,-6.449460477387837,1.3084006386968328,-0.1029849505361888,-0.3199995252540035,-2.881427299482876,-0.7184791053179087,1.74990339364718,-1.9517171732649792,-2.358183895004449,6.907777790520612,-1.0309531867032502,-3.0013497064650503,-1.8116983469773922,3.3061587417905356,0.355582764002648,8.098402068020055,7.35132054912199,5.821504874229332,10.40220096169994,2.3762176795196055,-4.493736082465893,2.0883748444202603,-2.5154133983259674,-4.494583814460413,-1.8477963527289878,-0.7600899923629256,1.1071080516617424,1.045848616700488,-2.1701700293416626,-1.8433534727874015,0.4007327298685348,-1.9119474613043752,-0.11805967159573758,-2.488092150329436,-3.5965961750480626,-1.3816748198477569,-2.77298821442421,3.325708438423169,1.2192797748106436
5.692503962086787,1.0104377584601565,CN1C(=O)c2cc(NC(=O)c3ccc(C(F)(F)F)cc3)ccc2OC[C@@H]2O[C@@H](CC(=O)NC3Cc4ccccc4C3)CC[C@@H]21,18.142397115909013,5.102054773383392,-1.1817805539877366,-10.514515394861549,14.347794974913949,9.473015560942315,14.744491531882035,44.66109575905171,4.349651814745848,1.6866388608704166,-5.66697650181971,-0.25310762877670406,-0.9186668667125971,-0.48223934693413,5.4480138409186,-0.9558806136292712,2.925977585936973,0.3928060953237049,1.7186984267635461,-1.0216199154425698,-7.439767474781554,2.420727659931022,3.2952168472612717,-4.949365131288832,-11.521127678350592,12.228185897677681,0.6978731502621693,10.397354281840224,-6.982183224472833,-3.9265136071767923,0.07825462429985287,1.4604210909168194,0.4867731474279423,2.2655754192561726,-0.7515329641167745,-1.2091057926357174,3.798753441136823,2.016914789675699,0.8016167316585939,-0.5230792480726849,-3.0026724698826452,-0.5896773014177862,-0.19401729591220382,0.3046632233821924,-0.32709512112098676,-2.309600753907208,-0.3819998673187309,0.3002771590885068,-0.8464778464835578,-1.0776781962302313
4.451544993495972,0.2519606436888056,CN1C(=O)c2cc(NC(=O)c3ccc(C(F)(F)F)cc3)ccc2OC[C@H]2O[C@@H](CC(=O)NC3Cc4ccccc4C3)CC[C@@H]21,18.65373174867167,4.699481570438691,-0.7133845840608681,-12.144509575405403,14.788240686057526,8.587386009465948,14.865634746098044,44.04481179712107,2.963627719080501,0.20694936268339306,-5.146072469547558,-0.33732077320750586,-1.9903691285240996,0.4842467892985802,6.587945213347581,0.7215020475030303,1.794659758325888,-0.31166173268933245,0.5202787923419848,-0.16726499995805588,-9.613791679804551,0.3640882475453888,2.974913139122108,-5.097210331531825,-11.197712839023898,11.214697095869282,0.7811926813669852,9.599786643099078,-8.537075376893021,-4.582368426037972,1.2681727126107463,-0.011175087159358566,1.2067419891115396,0.13106329929745247,-1.052462884923263,-1.3414272049754754,4.567994936616172,1.6336592822301614,0.7407646007562433,-0.5084970446719984,-3.695124209561682,-0.3400468176777902,-1.2853232875140326,-0.5788376441666498,-0.13451815411776066,-2.700873474423117,-0.10116445831031182,-0.34334248047460164,-0.4786605592866985,-0.29882257366616766
6.638272163982407,1.0104377584601565,CN1C(=O)c2cc(NC(=O)c3ccc(C(F)(F)F)cc3)ccc2OC[C@@H]2O[C@H](CC(=O)NC3Cc4ccccc4C3)CC[C@@H]21,17.55827432351184,4.096553544818944,-0.07033594638603079,-11.564418078967524,15.385028914810178,9.789430233492311,15.36931325808876,43.970685122660605,3.8490050075901534,1.5579925894783553,-5.34408944246667,-0.30387744340047945,-0.9736769871330193,0.25202744073246275,5.285391141917693,-0.672281069143532,2.601740724740271,0.5308636004772861,1.011819714669199,-1.252021304824015,-8.636345854080444,1.334533593138091,3.444112297207811,-4.930398182216827,-11.785349807702573,11.619095509913263,0.1442815013537466,9.90020698977675,-7.585063501017918,-4.148345581363556,1.1581367576528014,0.6239724387874241,1.190845505070944,1.794923349452076,-0.5538072968207466,-0.6587895572700158,4.237872862925405,1.9887359296635487,0.3962983749814767,-0.19988511250164087,-2.449036081037182,-1.1303609494622044,-0.8768313625075922,-0.42252064286575497,-0.41204602515854294,-2.590412191495179,-0.9812482691162057,-0.24620141234716184,-1.2384742938673785,-1.2061919056394454
6.221848749616356,1.0104377584601565,CCOC(=O)C1=CN(C(=O)c2ccc(F)cc2)CCc2c1[nH]c1ccccc21,-28.406889548154258,-10.660677076028284,-5.581315959156814,17.351971194746746,0.19700504168812497,-2.8493912580822665,-4.98129962421296,-2.167062431700625,16.580305532506642,-5.566565956139411,-8.454375182438767,16.769371892476176,1.9119433143647586,0.7730938055632879,7.73878115779775,4.069734169757248,-3.0198640250123514,-3.0545207494833355,2.730206141218952,-5.096270891637115,-3.261568680762611,-7.502340024120752,-3.861491866225417,-5.7226441511500425,-5.9761068958283925,-6.804611505441276,7.192597967752008,-1.9343116253242925,-1.797922014475971,-3.419833642655757,2.9469596035983083,-2.2628052526330964,-3.232667940753642,-1.3611014884459094,0.9990566007215763,2.7811790961073077,3.1368856580627686,-2.552676134600842,-0.2280971974740124,-0.2664337681467773,4.015116368618423,-0.553533018777899,2.442733671609459,-1.467882550797055,-1.5525424598172104,-0.4835913475429402,1.7158560879432925,0.07479270606119512,0.41280676483026135,-0.45420112932682893
6.301029995663981,1.0104377584601565,CC(C)OC(=O)C1=CN(C(=O)c2ccc(F)cc2)CCc2c1[nH]c1ccccc21,-25.848610504339348,-12.921453379485174,-7.826889866854402,16.907020762713003,0.34795110503182225,-3.4130632251186865,-5.56190727008891,-1.6017167069469043,13.56344246819301,-5.048063311209453,-6.685643354673838,12.32245655470604,2.296364885679983,-0.132521317182677,6.543462713946943,3.085743909629601,-2.1983071160006107,-1.7497001770225264,2.649321290779764,-2.4397666564045006,-5.40338102218657,-6.718258423921687,-3.491752855672098,-4.983230630037539,-2.826239188977097,-6.208543181149897,8.369352899148804,-0.37343773019652265,-2.4650224402978003,-2.5892636340608455,4.452355332657395,-2.8345452180115243,-3.950355494566091,-1.1211359961768914,-0.24813368306428676,4.329368766127962,4.203327341370689,-3.4413622629519964,-2.570114322214819,-1.170317528415283,5.198526367676122,-1.6218386478825404,2.6000359742893098,0.8751292204220297,-0.14915644413123766,0.8373511999510791,0.6900304703136971,1.7630505951245412,-0.4036697417837606,-2.01182060226419
6.301029995663981,1.0104377584601565,CCCOC(=O)C1=CN(C(=O)c2ccc(F)cc2)CCc2c1[nH]c1ccccc21,-26.835948883450065,-12.238849943711038,-4.713342843715946,14.72784593959278,0.05403785748649211,-2.2252282787324362,-4.155816771969378,-2.3421874617730203,15.09428539017727,-7.0513620186169,-7.959332142115133,17.211901081160594,2.655280769931004,1.0195847144582961,8.972420029407367,5.105633551379626,-3.773542170442596,-3.685604889408888,1.9420265485728427,-5.468031138983195,-5.674591464846049,-10.440307634806144,-5.541656298627642,-6.968672040450043,-7.128773180927522,-10.28128715561879,9.870497380370695,-2.934791123292523,-3.2835358681742095,-4.070160843461525,5.730428602567376,-2.975207264138871,-4.355837744545818,-1.4220160919993252,0.7378461914589847,4.645798984683655,4.421562580216214,-4.139672641611221,-0.1751730852030229,-0.845630867300156,4.683888556009525,-0.40363174098791643,2.689557728017168,-0.9529829431609856,-2.6500416264383917,-0.756099888848411,1.0489067200587125,0.24430801543800887,0.23779527530199776,-0.8278337061073681
5.958607314841775,1.0104377584601565,CCCCOC(=O)C1=CN(C(=O)c2ccc(F)cc2)CCc2c1[nH]c1ccccc21,-23.499369427873958,-13.282817812046844,-5.644703290620596,11.730359530984572,-0.3810608640846507,-2.6967847343618963,-3.1001519930382666,-1.8921235458655281,12.177649963625116,-8.268239971828002,-6.707285038840084,16.786986777727606,2.0824187638750202,2.0622406687800208,7.9011814346504625,5.307194867136815,-3.7495209899749478,-3.624594731789576,-0.7106861574776724,-4.620325998398481,-6.02465169161246,-9.294846789841433,-4.982534160822176,-5.865684715265488,-6.825934317923052,-10.456573644440866,9.566521266481104,-4.219188763450041,-4.270407168503043,-3.182483913299745,8.28896888858852,-4.524382559920919,-2.56344238414455,-4.076454873978825,1.1710488698684598,3.678992940071044,5.917067999644516,-5.364351321160457,0.7182787158959394,0.9719699522805655,4.800001744064919,-0.3465244954412362,2.7239934536472874,-0.12605766590393153,-3.8460265396645754,-1.7229008533735661,0.12193177584326285,-0.30175081736365933,-0.6960336332935733,-0.6038512368542702
7.244125144327507,1.0104377584601565,CCOC(=O)C1=CN(C(=O)c2ccc(F)cc2)CC(C)c2c1[nH]c1ccccc21,-24.14346125119559,-11.359950336687492,-9.60808567766409,18.575163689760934,-0.6026322471713587,-3.049040877246343,-4.318264842708175,0.04334710196599995,17.600969821244295,-2.8162168038684547,-9.426204272408247,18.15679756234196,-2.9619685702615572,1.0270532173897924,3.3400438560377643,0.6568376455276868,-1.5168122836009288,-1.079510644708689,2.082132027967856,-4.126724170358055,2.9076013013085866,2.1669204671513493,2.2620969193886395,0.6063408797871559,-5.353188053909252,2.3643102818796855,-3.443627711277985,-0.45521294420900316,3.7191276141218474,0.7565453504142582,-8.943274353927935,-1.0369702191421701,-0.3425152511984221,2.060295737354988,1.285987734731754,-3.79470805125337,-6.419054738346615,2.2408919247793104,3.6946581508091905,0.5058789585889563,-3.702472016680444,1.8110492994009733,0.8535610347934821,-0.061418036841065844,-1.3469047085769308,-0.6486011711376576,1.4623316412993386,-1.3016662599227284,2.689811683583758,0.27291218181920757
7.136677139879544,1.0104377584601565,CCOC(=O)C1=CN(C(=O)c2ccc(Cl)cc2)CC(C)c2c1[nH]c1ccccc21,-24.82173496624306,-11.50681310607677,-8.069782373007849,16.228907182120988,-1.33923297090267,-5.422561772045793,-5.5203045682776795,-0.9942926418176822,16.349617682960588,-1.6951331466486317,-9.461800277209194,15.705682875881747,-7.1581235819704805,-0.4211048941109689,2.1563835886044496,0.31100345121281625,-1.1928171645798225,-0.1075575090762837,0.10022649251487996,-3.083088818532013,0.2959710089997617,3.329323807069585,2.8534254395005885,0.9288368993084027,-4.8138629195272955,2.1926817877254363,-5.93064757603222,-1.8031731912783595,4.621626063520197,-0.16256341222196846,-15.436399205258716,-1.6973397512491946,0.6398464913909309,2.7899676132803832,2.9826421039653765,-5.251922265153641,-4.843484574870748,2.8650561964446,5.8733818609303725,0.4948505179466074,-4.60990616985664,1.0688493391051561,-1.5878188683569727,-3.418068545864263,-3.1140554194501675,-1.3388241778552759,0.4721247469054516,0.34724097892716316,0.6405223538336438,1.5044881003705715
7.221848749616356,1.0104377584601565,CCOC(=O)C1=CN(C(=O)c2ccc(OC)cc2)CC(C)c2c1[nH]c1ccccc21,-23.037078881515075,-16.63160868858136,-9.714470458588847,15.035647211630813,1.4419654401110433,-1.5513938735634545,-2.634504854317955,-3.2105835765261745,13.60287323795026,-2.9509448333689146,-8.26824438123281,13.880327040830364,-3.8911057278980015,-2.7160234334761997,4.613571655544382,2.8544793714204246,-0.7593016596476504,-2.9743460205096173,3.6621134467585303,-7.383077623496213,-1.8544043776447554,0.6262103729610696,-3.552530390359599,0.7060810843956514,-6.944164636015884,-3.0946376814315064,-5.460625869376581,-4.69469928499675,6.152193688092255,-4.494389721195685,-15.2353767643683,3.59977809140662,-1.459221692826451,2.404577518190534,1.6671885992651045,-5.17231712991555,-5.974915128336759,2.3244826662544162,3.5416495784149773,-1.1422449636032526,-9.647063951830136,5.076970002022963,-2.9460721813842174,2.044250525385829,0.30264935231782136,0.18560663622859622,-1.3628762141982498,-0.14310229196100893,-0.7457718331758356,2.170755370564404
7.494850021680094,1.0104377584601565,CCOC(=O)C1=CN(C(=O)c2ccc(F)c(F)c2)CC(C)c2c1[nH]c1ccccc21,-22.8280166805641,-10.257136933353246,-8.532135798488403,20.01223733786665,-2.272534227192007,-2.027441099164405,-5.316960001042992,0.8325322589142857,17.696118698959342,-3.6038414844494144,-11.010585824587965,20.424845509408726,0.4124471593979638,2.496279156210171,5.1255131282263795,1.5806448813279659,1.042104732884724,-1.472079261962957,2.069453734881548,-2.9598531505167434,4.816771722083054,2.851313465669049,-0.2853848983648022,1.728409824349597,-2.69235649321505,3.073491380138782,-4.818524944672686,0.7604009863312267,1.1185575451263678,1.1762457152464945,1.0588257601619608,1.2956830918785645,-4.117309968841541,7.823425373548812,-4.420993792170515,-2.5725391532031963,-14.171853190177279,5.7839785813249796,4.893666751868718,-2.1643335756702844,-7.465061807647141,-0.45010214423332323,2.351062067330268,3.2506983235984177,2.682982555620139,6.184536199527378,4.7957166874506605,-0.37178324216886993,5.834995608134672,0.42298374762641794
7.657577319177793,1.0104377584601565,CCOC(=O)C1=CN(C(=O)c2ccc(F)cc2)CC(C)(C)c2c1[nH]c1ccccc21,-22.927203201088663,-13.863966660198448,-13.544857545642266,19.035673191328332,-2.467127056669877,-4.0408847999738935,-3.942487256515792,-0.43497901527344623,12.64911319680701,-2.7632044500409543,-6.646351620492751,12.86657327818151,-1.9993878498023365,2.0028126023200135,0.7476881980299799,-0.25146001569202536,-0.48347663311433037,-0.1533319475329864,-0.5192007271086522,0.6728141639083339,3.9123404896418696,2.237290937561519,4.94106367782975,2.145922656443919,2.7046954893224697,4.794257315751696,-3.0622474567090316,1.3875073020462292,1.6379968969052283,2.7632771076220504,1.2032341577813677,-0.9996338644091803,4.209100772372911,-4.273296887239275,1.5144791199047238,-1.3799062104346713,2.5471266833949096,0.178801412826033,-2.091078283748134,1.9419513989149848,2.8360367741689685,0.714222886149292,-0.8639064058333266,-1.4945541086154144,-0.7113215813812844,-3.250625337108945,-1.166155481769001,-0.8334756295785963,-1.8257718408766443,-0.26517365440383206
7.920818753952375,1.0104377584601565,CCOC(=O)C1=CN(C(=O)c2ccc(F)c(F)c2)CC(C)(C)c2c1[nH]c1ccccc21,-20.014385603392775,-11.854263877933342,-13.299998444118003,19.03030140770687,-4.441888796315749,-2.3152725270159293,-4.097923586289268,1.080650229730025,12.906679938891564,-1.297603551017999,-7.874599224868173,15.255529997863269,-1.1248589075310846,4.948960427155574,0.40331690190568537,-0.9957353790151139,1.4837484613715484,0.44369440116594006,-1.7138039228412347,4.276052240940794,7.616146467262241,4.911623891132455,5.870225761642436,4.492072664446053,4.783839660274478,8.737050034143609,-7.929271018867262,3.2279482520109397,-0.4996397660552992,4.524034724130142,10.7735983534829,0.2667971511066015,1.9846999783592894,-0.5010511529903565,-3.435007119755729,-1.0548925099522348,-1.9727462816681496,3.430399474597895,-1.2664251038489747,0.9492439580790881,0.9578547395237514,-1.5024799349103357,1.3113433923994937,0.05339727724147104,2.3261256861016606,2.482658007529671,3.210912498618702,-1.3922068687357767,1.2641860903478006,-0.6421481261272455
7.602059991327962,1.0104377584601565,CCOC(=O)C1=CN(C(=O)c2ccc(Cl)cc2)CC(C)(C)c2c1[nH]c1ccccc21,-23.623780457049836,-14.757565039861912,-11.561119937872862,15.906108800388948,-2.5176432400522293,-6.119599952000409,-4.988210304980228,-2.063436679361124,11.481817957913032,-1.8538865886679432,-6.726826577561571,10.554176672228786,-4.922910460667783,0.444612529505633,0.15162792967652583,-0.6379416454848633,0.27743831556652176,1.1416281986465244,-2.5017438600350266,0.9979586690912063,0.5127779132029605,2.8203004575562196,4.830568464923395,2.0179043624516972,2.0187766568690955,3.539953398982078,-5.795058376884448,-0.6106599427113024,2.74658096044064,1.5263001114852495,-5.170034217713541,-1.5349046110991162,4.0040815483891015,-3.0525722761215834,2.7695394860197178,-2.462451838246472,3.9168019616797483,0.2521670565601895,-0.02823424661953666,1.262172729870981,1.8589393129622709,-0.11349596122717785,-4.087751043501096,-4.820829239356773,-2.686602175936006,-2.5315723394214684,-3.2574732628082375,1.618285170186458,-4.2670419207436465,1.1352104196154853
7.537602002101044,1.0104377584601565,CCOC(=O)C1=CN(C(=O)c2ccc(OC)cc2)CC(C)(C)c2c1[nH]c1ccccc21,-21.338597450293154,-18.59358606494967,-13.66893591917468,15.354288829914454,-0.43131728484530263,-2.1816431529930482,-2.8377904182646003,-3.0165717981283056,9.937313430721161,-1.8714394141082826,-5.612323230977136,7.7810372884110794,-3.103232807999957,-1.8526477058901647,1.8204193125300503,0.8982343547161032,0.44426531428127125,-1.483820951153219,2.3219362133565267,-2.5021409416427076,-0.7423817078130015,1.9134651022323674,-1.6691995297297073,1.7119444514558708,0.034659694499024285,-0.05742847380403208,-5.575893773091254,-1.981175582930876,5.276378408372862,-1.9444645196764034,-6.741297084867532,3.89276560067676,1.969522641359998,-3.291349071466487,2.0952488432954293,-2.1768045093677553,2.803263746442749,1.1911043665681342,-1.9867220636739455,0.5423225998261466,-3.060630773164861,4.073984988580487,-4.049075944859975,0.564781309869014,1.0557417965215043,-2.238650790976781,-4.1846331601095725,-0.2144044176164445,-4.523423766938847,0.8261038976120945
8.096910013008056,1.0104377584601565,CC(C)OC(=O)C1=CN(C(=O)c2ccc(F)cc2)CC(C)(C)c2c1[nH]c1ccccc21,-21.09621804086416,-15.688236186577173,-14.740354185026636,18.8649777967845,-2.5968118078814197,-4.567596469592994,-4.704135203536961,0.06178953938975791,9.186534109625645,-2.2110786465302246,-4.761512827782439,8.705343611914934,-0.7649914153102525,1.202079708527884,0.18832346411730116,-0.6952624553151606,-0.36845236048360447,0.6828739815533945,-0.9759121522126302,3.863972360529003,1.2740109271028395,1.8723606212392891,4.4991003177638484,2.254273523796886,5.532800841620415,4.957586309457764,-1.3922305387182992,2.611471180360467,0.0425932402928699,3.691057660284212,4.487732492186935,-2.1562671630731445,3.741845028219996,-4.7288003078519205,-0.3738369025187435,0.0959320900548405,4.553933821250976,-0.9221022044470539,-4.717270669899711,0.9997647242321978,3.972812928400027,-1.0262362379324868,-1.1141123842817982,0.14758929441930993,0.3290655404855473,-2.1349038568026972,-2.2159349025325255,0.24277794159429414,-2.1466418233776863,-2.0023953173225664
6.142667503568731,1.0104377584601565,CN1C(=O)c2cc(NC(=O)c3ccc(C(F)(F)F)cc3)ccc2OC[C@@H]2O[C@H](CNC(=O)CC(C)(C)C)CC[C@@H]21,9.891524049224474,4.350480485965683,1.5029846256692232,-10.596205372381894,13.407667704657856,14.373142324655852,11.011526608582908,38.20889577260037,2.7117996236523108,3.563822464093589,-6.593415695318636,2.1339121150196303,-0.208135153487643,-1.193026302970714,3.1201835537223017,-1.5712308333171456,4.100467681834469,-0.8255797862039346,3.276566142391988,4.11066825457473,0.9431950692911983,1.405355414629308,-0.9298102665799485,5.660799610741381,10.092545258865043,-7.5040437512453995,-2.0776613587435016,-6.458490733476594,5.769440117816893,3.787251881854965,-5.12407597790957,-1.3467842206204548,-0.23291915625140158,-1.9023059580111932,-1.9931820793014965,5.9397552630708,-5.140047876279983,-7.832588241611215,1.080890414122665,-4.0341011210380024,4.672334075861703,2.6887055786759224,-2.3364534672957022,0.643793036311534,-0.31484274334405254,6.178548563464054,-0.0723224701556586,3.3506849180091822,3.7604012271454934,2.5682773744342144
6.494850021680094,1.0104377584601565,CN1C(=O)c2cc(NC(=O)c3ccc(C(F)(F)F)cc3)ccc2OC[C@@H]2O[C@H](CNc3nnc(C4CCC4)o3)CC[C@@H]21,14.426017381377081,4.023594498457383,0.7600650767540946,-11.54612240217494,10.465711996946945,12.03890876846907,9.184163269587051,39.845140670998425,-0.829876154966877,7.240873869790241,-2.04594298029782,1.1454256107639342,-3.997445704287905,4.059933881331419,0.9020707045828915,1.186316172551494,-3.9174193993410236,-6.073368945307727,0.5720726487918695,6.225342495561669,9.59003313575929,-3.244223058303798,-1.3434312499380687,0.9604854500790282,11.276494970978126,-16.66467863698255,0.9755805342497795,-13.382320357836534,8.799097395646239,1.0266666126839674,1.8590822478482123,-4.211644563714015,-4.197583295749791,-1.897313664298249,14.833603301018039,-3.581536732553215,-2.1872151932756916,19.89076909987352,-5.807060058169936,12.21283325339708,-4.7006123816273995,-12.34290833344072,8.112622948932705,0.4046389785476278,-2.7199369785509817,-7.452358667397536,2.522908792868159,-7.145658079110888,-7.642260892084985,-5.429689622897714
5.958607314841775,1.0104377584601565,CN1C(=O)c2cc(NC(=O)c3ccc(C(F)(F)F)cc3)ccc2OC[C@@H]2O[C@H](CNC(=O)[C@@H]3CCCO3)CC[C@@H]21,10.35746462548514,3.432147340760961,1.99260954858769,-10.098971412489432,14.973534590425997,12.100851668191252,11.97948919900429,40.82729458390563,1.1446512942873923,0.45272076859116694,-6.719402836178677,1.5316984497978752,-0.10127904824142951,1.4266226258647892,1.1540563948591338,-0.5226431394122901,2.0399656233829004,-0.8873257936178601,-1.3249563607659536,2.176162279226093,2.2615977387103534,0.309225816634896,-0.05832935663147047,3.069606468002072,8.965898020967568,-8.350602707060862,0.688316946354862,-6.164204188531373,1.5882487760794968,3.643068697084999,-2.5585883516124666,-2.9800955489469785,1.4453296748728905,-2.0644483191537133,-1.739605832905804,1.3788226624863773,-2.762448668037822,-8.743936723677137,1.6062524929391944,-4.0045138824564965,4.552309432364603,2.862213483164782,-3.531325704983822,-2.390031908604449,1.5338474412394876,4.844620637126236,1.3214551995653792,0.7727944202187161,3.8771712626873116,0.9687047632033436
7.096910013008056,1.0104377584601565,CC(C)COC(=O)NC[C@@H]1CC[C@H]2[C@H](COc3ccc(NC(=O)c4ccc(C(F)(F)F)cc4)cc3C(=O)N2C)O1,4.285981390904955,2.0168723905511565,1.384280099571848,-5.207454164181428,11.242966368675852,11.033470328135712,9.604553486084956,35.010115613086654,2.542326096655658,-0.0741075966411475,-7.819865930480799,2.7119611375957953,-4.189989362520995,-0.27954194550144457,2.4116035176507764,0.30354549474449244,2.8889288603027263,-0.7889657867707335,-0.0178836972997596,4.658122349283587,-2.2634088179397485,4.342345216725037,-0.6600813078337847,6.91830078115313,15.040015316095145,-11.707738775793564,-2.0492636394058668,-10.151547781632758,3.4390951035158897,1.9586790018012465,-3.542437350654537,-2.4647769785703866,0.9502729205458771,-1.7155221432407501,-5.914989126323979,3.732566030954491,-3.609365383720633,-9.843138009915728,-0.3617909759333014,-4.225038669707306,5.595991797802165,4.155661873401682,-1.8580596457032827,0.7537902098803482,1.0892721339816305,3.0191904766996926,-3.4355777578098197,5.133536104571889,3.2288970527718615,1.718898165153572
6.730487055782083,1.0104377584601565,O=C(O)c1ccc(COc2cccc(-c3c(C(=O)c4ccccc4)cnc4c(C(F)(F)F)cccc34)c2)cc1,-0.6777462666960083,25.341747113080675,-10.603677275854565,9.17775692649585,-0.10392785511996402,-12.191912515288498,36.873557388445356,-10.833476794684191,-10.662194909764283,-9.46758964908121,0.45054631928600286,5.965222498635523,-0.8582770694342536,2.608078087402035,2.7094240214266945,0.12303312833819041,0.5849155272438866,0.9383261098408506,1.9280176335117307,0.1678180765522685,-1.0914022741301919,5.686554890193184,-9.127698761769281,-6.900866675792963,4.424213700810738,0.6842377620608487,0.21633727746045434,-0.23663106935418374,-4.319675095437047,2.7197921193549,3.1379889043973184,1.5941077693747407,1.2707556702410217,-2.0578475290663913,4.308302268013137,-1.1694624348689462,-2.6800305952862447,0.028591279353165855,-0.16829253295307015,-1.6865682501037285,-1.961183657650659,0.27010362627458856,0.2242796163592232,1.1557133664813413,0.3961794074973678,1.0106589383460374,-1.080100234497343,-0.7577133750620483,-0.9604619008862347,1.9009579712209161
6.528708288941061,1.0104377584601565,COC(=O)c1ccc(COc2cccc(-c3c(C(=O)c4ccccc4)cnc4c(C(F)(F)F)cccc34)c2)cc1,1.8979107088216465,23.28578872230959,-13.436434144437674,9.425697908719647,1.2773157393107515,-11.589302516978703,34.650034755709854,-9.358059326429103,-10.398309630192527,-6.199137280856845,-0.8355340489077105,6.264899668520077,1.445120001313778,-0.05590156743889526,4.546496224864025,0.5387348683216654,3.089351329506022,-0.3282901420188102,3.752491679101466,-3.843148513181762,-0.6613077908607768,8.264100126105152,-8.74512431904155,-7.053271867030411,3.7341111184201083,-0.7639712295270625,-1.3440091831929641,0.04852227879722533,-2.582356876123482,0.5698976854433049,1.616530510087295,3.39906859453985,-1.1687945068739336,0.0007311671113501146,3.4758904234731434,-2.3601915966582254,-4.024745094347164,0.052390750866287715,-0.9078171351638107,-3.366873803890296,-2.4300503157306133,-1.116818090266662,-1.0006148409720368,2.6004010387515715,0.23529275747133943,0.92734014955506,-2.8604532649991303,2.1707771067621784,-5.271537399974198,4.443797671109461
5.823908740944319,1.0104377584601565,O=C(O)c1cccc(COc2cccc(-c3c(C(=O)c4ccccc4)cnc4c(C(F)(F)F)cccc34)c2)c1,-0.9494961473867386,24.431084137865813,-11.791461466329645,10.356494186814682,-0.06418721186479585,-12.537470973701486,35.91817237057481,-10.574020163031546,-9.537260394679462,-9.199032120705217,-0.9090017576522069,6.392151479457852,-1.632187776978819,1.8594771828300187,0.35437398630529704,-0.8669860121256422,1.009926069014796,0.9209754093287427,1.5662857151053604,0.3829599651763129,-1.0907022575287875,7.350371942285461,-8.705349229322751,-5.404112985999584,4.298122246871074,0.6190916143091991,-2.8720588403057756,-1.5460943655270392,-5.228375719273401,2.9278337571279867,0.6569014146838337,3.3025731996556433,0.41426837042112197,1.3151560629247003,5.494063443528777,-1.7898006063497096,-0.149882211715548,-0.3932018473282654,-1.8809771093281127,0.22249072078566715,0.6495219189596227,-1.0048931339549576,-0.007878913375727615,-0.20231909034115622,-1.7180539048783716,1.001419284561357,1.031965576019759,-1.1333761705869854,2.709848620649001,3.229396414667059
5.823908740944319,1.0104377584601565,O=C(O)c1ccc(COc2ccc(-c3c(C(=O)c4ccccc4)cnc4c(C(F)(F)F)cccc34)cc2)cc1,-0.5969696076192552,24.943909817619712,-8.85417982637052,7.9972131636636234,2.162566790622555,-9.691998842179883,34.06137379952096,-9.527720984828056,-6.988333331186313,-6.127205866023672,0.039173200835359016,3.826509577686431,1.034093082737741,-1.0698021531883803,3.2962629076434484,-0.9299019063783539,-0.20789353257657275,0.3073511676053432,4.6712727928051745,-3.6689190777879603,0.09757197091418734,6.627865884003856,-11.575859897946208,-11.434880069144764,0.8492079236628532,0.8003808314740033,1.2465253144965536,1.2293429329546133,-1.4876729388523127,2.0640127028545314,0.49864417340592015,3.332967082655714,2.4475878452263373,-1.2594322002034517,5.754535326284448,1.8224263722158631,-3.1985420584529685,0.9722888241430987,-1.9146582914868848,0.7847002062832847,0.14087643020671317,-0.46758404576575585,1.264364016697254,0.7836392737866313,1.4031490172780807,0.3313248821087298,0.3183390704077096,1.961557393052907,0.539998993928734,-0.48448898174880095
6.427128397799519,1.0104377584601565,CN(Cc1ccc(CC(=O)O)cc1)c1cccc(-c2c(Cc3ccccc3)cnc3c(C(F)(F)F)cccc23)c1,1.047785724567275,18.317413029304337,-7.925515680682854,4.077293686588379,-0.8284894589037792,-8.92677746833006,27.56672433278784,-7.880103612342932,-11.29571384429586,-1.8933678287857105,1.7638649449588624,2.0941463211188123,-0.3726284458911498,-0.17942856400637655,0.28478898905946465,1.50978032817873,-1.1191567114380385,1.6387175086325594,4.295058499743268,2.0014518416920493,2.6434804086763037,-13.632075624541994,26.215605671077498,8.854320076941296,-6.0030337480789004,-2.1586924892191197,-0.3343942521088958,5.567460812107604,12.129932516611147,-8.9797516439836,-4.840318052408958,-2.5582304709774872,-3.360695541047715,0.41046339138892957,-0.7538294228673595,6.70300686667979,0.7562174344784501,-1.4598010377913888,1.248913848632353,0.9847431605685832,1.8569833108322948,1.1846556985399388,2.8619471379652968,6.499018913745586,-1.539286777815573,5.4559608849363554,-2.883836749526543,0.08214629521522145,-3.386376668218479,-4.33410384300987
6.844663962534938,1.0104377584601565,O=C(O)Cc1ccc(COc2cccc(-c3c(C(=O)c4ccccc4)cnc4c(C(F)(F)F)cccc34)c2)cc1,1.6625454071730756,22.742248604315343,-10.194612120945417,5.585511761923437,-1.2079405805075487,-11.368262742857603,35.96531742042626,-11.4881731386941,-13.065984144342305,-9.201434336557027,0.3259476217437738,5.738750457409998,1.1201932194232187,1.9883033440008966,4.280494451963825,-0.6220210247576141,1.3288384752820344,2.3098541985004064,3.232206462863226,-0.8472612001594905,0.7688949494385032,0.7514435030570585,-2.0061201700398192,-3.3092153575164045,1.5900418886915177,-0.16319702707900663,1.1818732845428697,0.06820464979409155,-0.1189508130779844,-0.4171511690160098,2.336956389053267,0.1821655329945813,-0.7453090490993705,-1.8274401817949308,1.289071982917725,-0.39188342913387747,-3.124889830629763,0.0760809739624088,0.7615731192194096,-0.8023196813418673,-2.1860485488773573,0.7276127259743702,-1.0109792069728318,1.1393616756454659,-1.4616829929741446,0.8886853031472839,-1.765891622234706,0.6832503500083779,-0.5969999495325506,1.8081081291942176
5.853871964321762,1.0104377584601565,O=C(c1ccccc1)c1cnc2c(C(F)(F)F)cccc2c1-c1ccccc1,-25.720207492475758,29.192684388416673,-1.9507276041929433,25.43852544709169,2.460167945453734,-9.724107947571369,17.29747788264437,-9.13517651668307,-5.035816142518988,-2.031406006786419,-2.846115468602683,4.708117334433386,3.244115734328871,-1.2420329230602078,-1.219026653557288,-1.5647103335792862,2.6827260228366634,1.1380790032440509,9.622691047115662,2.5193249381690586,3.3436501677463406,14.759835920925031,0.10423642907137386,-9.165766941250627,6.1649871240888015,2.9911412918716285,-1.2058363482867358,-3.226814494041513,-0.9105226553611572,-4.237058238512788,-8.757841453234555,-0.7646690877111595,8.552433288266016,-0.46398150949645023,-4.331062382208698,-3.53736900691641,1.9694100285754672,-1.2771692506930628,-3.7996783716587865,4.362378262342598,10.26558830224433,-1.7373906606585978,-0.5390289531179474,-6.852180981963673,2.383220662133085,-9.036147463783376,5.122072248892716,1.44164566496101,7.780804225356379,-7.511896319334153
5.221848749616356,1.0104377584601565,CC(=O)N[C@H](C(=O)N[C@H](C(=O)N[C@@H](Cc1ccccc1)C(=O)N[C@H](C(=O)N[C@@H](CO)C(=O)N[C@@H](Cc1c[nH]c2ccccc12)C(=O)N[C@@H](CCC(=O)O)C(=O)N[C@@H](CCC(=O)O)C(=O)N[C@@H](Cc1ccc(O)cc1)C(=O)N[C@@H](CC(C)C)C(=O)N[C@@H](CC(=O)O)C(=O)N[C@@H](Cc1c[nH]c2ccccc12)C(=O)N[C@H](C(N)=O)C(C)C)[C@@H](C)O)C(C)C)[C@@H](C)O,48.95834955357725,-13.286466158413784,37.92709468027812,29.28760788069159,-1.891439012587652,2.0132278407969806,2.755913097175386,-9.919593100651664,-0.8287190289112816,-0.8306091930648247,-22.715748185533887,-11.900855920688171,-4.521320783834823,6.531536520530173,3.179997195125422,-7.556076436890204,1.3556993191268267,-3.8881968310376793,-0.5049782160487251,0.7223204967620056,-5.3669952199970785,-2.245465947617443,0.46245691966766317,0.02674942718421783,-2.126199638528514,11.30261307622144,7.785178512622637,-10.083090283210414,8.744169563726881,2.2364851940594375,2.398408720474637,2.6959867286216825,-1.5216090134224671,2.631766576038445,-2.2831333883976823,1.320095137224019,-3.2503742258872985,-13.119326986047374,-6.857116967580011,5.191564459659414,-11.34570082315711,-6.3096741688861755,9.536354711330606,-10.295542072367889,3.5267056040561022,0.45423558164090266,-6.846956949619282,1.2872531773932019,-0.34240920487948345,-1.1357027133846722
6.756961951313706,1.0104377584601565,CC(=O)N[C@@H](Cc1cnc[nH]1)C(=O)N[C@H](C(=O)N[C@@H](Cc1ccccc1)C(=O)N[C@@H](CCCCN)C(=O)N[C@@H](CO)C(=O)N[C@@H](Cc1c[nH]c2ccccc12)C(=O)N[C@H]1CCCCNC(=O)C[C@@H](C(=O)N[C@@H](Cc2c[nH]c3ccccc23)C(=O)N[C@H](C(=O)N[C@@H](CCCCN)C(=O)N[C@@H](CCCCN)C(=O)N[C@@H](CCCCN)C(=O)N[C@@H](CCCCN)C(=O)N[C@@H](CCCCN)C(=O)N[C@@H](CCCCN)C(N)=O)C(C)C)NC(=O)[C@H](CC(C)C)NC(=O)[C@H](Cc2ccc(O)cc2)NC(=O)[C@H](CCC(=O)O)NC1=O)C(C)C,58.53060777351931,-18.748771067638344,46.322228043404614,33.959906542524,-4.776892723708407,1.989770379201223,2.288405472723151,-10.540981408378553,-4.729214173737165,2.0694238240254927,-24.453248053436926,-12.814965265661614,-1.3505498911946305,7.960338776535583,7.154073083559709,-19.273171369844082,4.040248109156427,-17.484361469752706,-3.0661778783912688,1.2880040139761901,-4.279673011674105,-0.7493141465888769,0.2176429102641361,-0.039109328840284834,-0.4635923948915299,6.417471709456079,6.394218198758678,-9.200537992378038,1.5410773263360482,-1.7728151110734436,1.3483490593078458,0.10928475970706868,2.3253635092356673,-1.8324680872216266,3.5075931799833344,-0.35417848070734337,4.386186830370073,19.432682868668348,11.45027288465336,-6.274111939565791,15.840008466182773,6.9906419700969336,-11.540217836854708,11.81672471848084,-1.7078488014776227,-0.34476860464085934,4.663174804866532,0.1861526959671001,0.0442059917788938,3.811456273609849
6.167491087293763,1.0104377584601565,CSCC[C@H](NC(=O)[C@H](CC(C)C)NC(=O)CNC(=O)[C@H](Cc1ccccc1)NC(=O)[C@H](Cc1ccccc1)NC(=O)[C@H](CCC(N)=O)NC(=O)[C@H](CCC(N)=O)NC(=O)[C@@H]1CCCN1C(=O)[C@H](CCCCN)NC(=O)[C@@H]1CCCN1C(=O)[C@@H](N)CCCN=C(N)N)C(N)=O,103.21121588781298,-11.95695942607032,-1.8853857985556028,-23.593343356956012,12.519139531129252,-18.920419162521345,-28.523313953635945,-0.9520522962084242,-56.79425748758967,21.390737105133585,-7.9897667611090055,47.43382104587641,18.722529005382672,-31.665242868646576,13.730893190668183,5.579516808571802,5.035244791411352,-13.304612428993368,-13.466410287909163,7.926663389920771,7.774424048477146,2.744147684920148,-2.8998748436682544,-3.462756253939234,-0.08962973398262446,6.105759445252938,1.4047434769582643,0.25391772157369175,2.5417168689264398,-1.9210101203665786,-2.5864471272240306,2.4666805948698403,-0.34337797009015364,-0.024075045944628552,0.11065159220298318,2.2640405133753165,0.5405844803185971,-2.7354517598754096,-0.6608625796097274,-0.5016558502168521,-0.6740732465764692,0.3470633159601096,0.8498000960236122,-0.27792953362316886,1.1304021692286048,-0.2729024455766359,0.5519064456990131,-1.2670544227583274,-1.167068911853332,-1.6243509802571077
5.150514997831991,0.2519606436888056,CC(=O)N[C@H](C(=O)N[C@H](C(=O)N[C@@H](Cc1ccccc1)C(=O)N[C@H](C(=O)N[C@@H](CO)C(=O)N[C@@H](Cc1c[nH]c2ccccc12)C(=O)N[C@H]1CCCCNC(=O)C[C@@H](C(=O)N[C@@H](Cc2c[nH]c3ccccc23)C(=O)N[C@H](C(N)=O)C(C)C)NC(=O)[C@H](CC(C)C)NC(=O)[C@H](Cc2ccc(O)cc2)NC(=O)[C@H](CCC(=O)O)NC1=O)[C@@H](C)O)C(C)C)[C@@H](C)O,50.796876287934616,-16.21699604984461,41.276443424252676,29.501679560313775,-1.5808283236838405,3.6998808533424623,3.922297923012918,-5.868152978683488,-2.1005722885476454,-0.5246957295950473,-23.14791967958356,-12.491023811358895,-5.706467438611137,7.19514690005827,3.168303469990298,-8.660546626629865,0.5854498936862764,-4.309987872075156,-0.6549091818821888,1.583806503540515,-7.037233673011578,-0.7027476694497719,2.3792974369640754,-1.733511048482875,-1.2092627110504854,15.803222475375549,11.925149997549918,-17.34670916106206,10.730518685395609,1.013670435059354,4.685214484670484,2.520241221285625,-0.6133089332862967,2.136084285608261,-1.1301596765183541,-1.8480823629061365,-2.7066501357328487,-5.628949472951809,0.04507910112712871,4.552362783897113,-3.4732057602935935,-2.710849020324421,2.3031160412743445,-2.2649061357602487,2.005501505376502,1.5648897675452744,-2.621466268295579,-0.4986420161379343,0.9617772368329759,-0.3321482294108404
6.6020599913279625,1.0104377584601565,CC[C@H](C)[C@H](NC(=O)[C@H](CCC(N)=O)NC(=O)[C@H](CC(C)C)NC(=O)[C@H](CC(N)=O)NC(=O)[C@H](Cc1c[nH]c2ccccc12)NC(=O)[C@@H]1CCCN1C(=O)[C@H](CC(C)C)NC(=O)[C@H](CCCNC(=N)N)NC(=O)[C@H](CS)NC(=O)CNC(=O)[C@H](CO)NC(=O)CNC(=O)[C@@H](NC(=O)[C@H](Cc1c[nH]c2ccccc12)NC(=O)[C@H](CC(=O)O)NC(=O)[C@H](CC(C)C)NC(=O)[C@H](Cc1ccc(O)cc1)NC(=O)[C@H](CCC(=O)O)NC(=O)[C@H](CCC(=O)O)NC(=O)[C@H](Cc1c[nH]c2ccccc12)NC(=O)[C@H](CO)NC(=O)[C@@H](NC(=O)[C@H](Cc1ccccc1)NC(=O)[C@@H](NC(=O)[C@@H](N)[C@@H](C)O)C(C)C)[C@@H](C)O)C(C)C)C(=O)NCC(=O)N[C@@H](CC(C)C)C(=O)N1CCC[C@H]1C(=O)N[C@@H](CS)C(=O)O,68.61979404539966,-20.756777480691127,51.49875616416367,39.22456658488567,-8.154630240003337,2.2747076062698857,0.016404942631016307,-12.782339175022752,-8.342904485108168,4.831024444509533,-45.14813625955571,-15.578328188367138,0.9175611711667564,9.982526225403461,5.252173064044475,-11.396583381805238,2.845491994119919,-6.157204103441699,-4.489390183893934,-2.7651019205627057,8.410396401583844,0.06089107247463855,-0.6018280629079921,3.857326237418439,1.1602151322149543,-25.445420495660414,-14.77011153034983,26.489208597550768,-15.201008175964537,-1.278400402815045,-5.198876387039991,-2.179942151390993,0.5794613373789552,-1.3442276513803533,0.42746004583225183,-0.8547687056381791,-0.39839272397877135,-4.460381760728096,-4.674587020721808,0.3487645683911071,-3.583050241928997,-0.5390887154233328,2.6835639662504303,-1.7651732361065602,-1.2125929219752651,-1.3573648216958496,1.143236625772709,-0.7596878293940935,-0.09582238940939364,-2.164988054879507
4.823908740944319,1.0104377584601565,CC1=CCC(C(=O)N=C2CC=C(S(=O)(=O)O)c3cc(S(=O)(=O)O)cc(S(=O)(=O)O)c32)=CC1=NC(=O)C1=CC=C/C(=N\C(=O)/N=C2\C=CC=C(C(=O)N=C3CC(C(=O)N=C4CC=C(S(=O)(=O)O)c5cc(S(=O)(=O)O)cc(S(=O)(=O)O)c54)=CC=C3C)C2)C1,89.19834057230686,11.38352110915346,-17.977808538835898,-24.08827380542,17.68461988916081,-41.937530576771245,-25.59087409067325,2.741163616817462,-14.47910153256059,24.046008087592796,7.426899900380554,30.5594023874048,-18.06587498565087,30.332558610368903,-18.542699393593686,-31.272990505963023,-9.52620372654183,21.98842500248689,22.405401941886126,-7.007940410029206,-14.347071100513025,-5.538911146022609,-2.599596046908253,-2.89488392699614,-0.1543891175846917,-5.019341984056737,-3.313144219988143,0.46677690625200136,1.4382960978912498,1.9577701561494614,3.323618007745751,0.8804759671754285,0.7700141851706839,-0.8479533345157235,-0.837174303757915,-1.8872872077540128,-0.09479078920604403,-0.1971498774990535,1.2527443902335014,-1.3899226079571845,1.2114525267691683,-0.22518685770695923,0.15228306971719285,-0.2811631296167199,-0.014844375061211803,-0.3220100328685045,-0.7219829023327823,-0.052078779460335886,0.36770612638281086,0.6000105340180085
4.769551078621726,1.0104377584601565,O=C(Nc1ccc(C(=O)Nc2cccc(C(=O)Nc3cc(S(=O)(=O)O)cc4cc(S(=O)(=O)O)cc(S(=O)(=O)O)c34)c2)cc1)Nc1ccc(C(=O)Nc2cccc(C(=O)Nc3cc(S(=O)(=O)O)cc4cc(S(=O)(=O)O)cc(S(=O)(=O)O)c34)c2)cc1,83.30097337751927,32.047560314074474,-25.105740372011404,-15.884318164815765,39.04463209966673,-54.23265679884502,-11.598839292124374,-5.165290556069177,19.21927401458424,-12.826273231473253,-0.6119532899095187,-9.311731361959874,0.3075995328186073,-1.397747782555754,3.246161985218965,7.959198483293062,3.9775753397421383,-4.36725408685184,-4.400415763914607,3.549583668263639,3.3627302284212965,0.6378161023875951,2.2545300995955273,4.202865841858969,0.9739883751393827,0.5723458641970286,-2.0001259878800255,-4.1743267549258265,-1.9935202450029654,-0.28774709481427074,2.3408203772377063,-2.623879934044834,-1.2804302023008136,-2.211645926903089,-4.085611761727225,-3.9152696768249604,3.5861226706750005,-1.940747099973517,-3.040304444110383,-1.390131246508749,-4.480924006169046,-3.544593987693806,-4.005404550137847,-1.4993522523427247,-14.361945044186683,-7.76625877672188,-0.10632200469443315,-0.47242453584793626,9.021870497213136,13.681148872634695
4.721246399047171,1.0104377584601565,O=C(Nc1ccc(C(=O)Nc2ccc(C(=O)Nc3cc(S(=O)(=O)O)cc4cc(S(=O)(=O)O)cc(S(=O)(=O)O)c34)cc2)cc1)Nc1ccc(C(=O)Nc2ccc(C(=O)Nc3cc(S(=O)(=O)O)cc4cc(S(=O)(=O)O)cc(S(=O)(=O)O)c34)cc2)cc1,82.84224780638522,33.373368941677974,-25.958771495841987,-16.622536731779707,41.523151568104055,-56.01324074201282,-11.986075592955062,-5.2308592512088525,24.82466722060078,-13.646431567402786,-0.34533411498880656,-15.671538915895463,1.8593966406248672,-1.8430848009698606,4.545382091021678,10.122550488497456,2.886043571207852,-5.466733783287421,-2.20043029876778,0.5195644998049672,4.9264970544402855,0.4264308870621037,0.8487848704467145,2.3520118752769283,1.144212055023371,-0.4300090317045346,1.0743240968815724,-0.8717969469989597,-1.0387240712205392,-1.3024895621475987,1.5366752368056558,-1.0647063622035304,0.7826388502454402,-1.3812664940109929,0.4392511008773736,1.262335478983582,-0.4576863130646244,0.7831090478126355,-0.24161455556136666,0.9405188508375817,-0.8382599489555432,-1.0866295502805392,-1.5565383806992432,-0.857200223850171,-0.3887494146371876,0.37639123865807,0.4996972334016824,0.38512747337006187,-0.047488553023703146,0.5919981391988716
4.769551078621726,1.0104377584601565,O=C(Nc1ccc(C(=O)Nc2ccc(C(=O)Nc3ccc(S(=O)(=O)O)c4cc(S(=O)(=O)O)cc(S(=O)(=O)O)c34)cc2)cc1)Nc1ccc(C(=O)Nc2ccc(C(=O)Nc3ccc(S(=O)(=O)O)c4cc(S(=O)(=O)O)cc(S(=O)(=O)O)c34)cc2)cc1,83.06136761638415,32.633385800383735,-26.882972251044183,-16.5943663072492,42.27220656897687,-55.64295681494347,-12.148443061921004,-4.454942909288874,26.991793409173575,-11.984649953534287,0.24492810353528852,-14.812316358682795,-2.0557880653468334,2.5986029707836757,2.284217094691105,7.86659754696896,2.3124025576135714,-2.248353291000677,0.4528123285986081,-3.689042762330101,3.1818838212967937,2.2214813866933434,-0.48811625495871847,-0.011814397107691025,0.21547336561736627,-0.3509648019960762,1.396132311624206,1.5523121046797264,-0.4948455584257053,-2.6115379971646306,-4.078448164153532,2.6159933722138966,1.0099006386734772,2.103439903055479,3.4236225846721755,3.575860831579906,-3.8014542254853154,1.3261586362450528,2.7215950399148254,1.985876485018804,5.702811499320156,4.704612100312955,4.128670800706228,2.542657292587536,14.203182171218263,6.516343500672096,-0.7130608758548678,0.6637572099856301,-8.301433751834146,-13.06703503841872
5.950781977329818,1.0104377584601565,CCCc1cc(C(O)(C(F)(F)F)C(F)(F)F)cc(CCC)c1OCCCCN1C(=O)NC(C)(c2ccc(OC(C)C)cc2)C1=O,23.80502983227812,9.961487847719782,-15.714003939397797,-10.565447090300573,-9.141701565777105,30.89225377642189,-8.746409330936702,-4.833200521494932,-4.2062510344087976,-2.060257002575009,-1.0798579819253398,1.5477142495311578,-3.1762229362967496,5.173627049639903,-14.86373389191524,9.382896608921103,19.05150678258368,-9.705086645949295,0.657007768736127,-12.957241618820378,-2.1859127082989303,-0.801623684785884,2.141038849626453,-5.288398125885693,3.8756937885498943,2.2412282820844904,-2.8209813217226762,-0.17226276326290899,0.21303483781045057,-2.0834354368614876,3.748457006792503,-7.572878759878409,0.2630678642844678,2.302877892673157,2.8831442859978873,-0.17250919546956742,-0.17145097448589028,-0.04881201417983519,0.031519350522495077,1.6058567976480136,2.5102017200020015,-0.836854709952429,0.6647607953854816,-2.4332647750565446,-0.0434687581142306,0.029060083756114574,0.504080772504407,1.4153327109787628,0.2611486936559622,0.7660272369950901
5.539102157243452,1.0104377584601565,CCCc1cc(C(O)(C(F)(F)F)C(F)(F)F)ccc1Oc1cccc(CCN2C(=O)NC(C)(c3ccc(OC(C)C)cc3)C2=O)c1,26.96617373369816,16.886974385618927,-21.241793487727822,-5.406657862008415,-10.823852876823416,28.73477173658589,-3.5860600173410937,-7.5066728726566785,0.6320075104478602,-2.642922825827078,-0.27970400030038445,0.6012410205494032,-0.06898603570181842,0.867668113864162,0.2293396173654433,2.9841280351681343,0.43703259739387873,-1.4410655920283677,-0.3960173024793975,-1.334039434921941,-8.33278199936083,-2.3963004560713044,2.774050734119893,1.8343200427726172,5.834597963296017,-0.7309904204574478,3.9710286699379242,-1.1718309821178556,-5.729632690129405,4.85590045905305,-5.466464068984945,6.081113266560573,-4.22987680136747,-9.687099134103061,-5.756449308884469,-2.2684746411000734,1.4563166254102893,2.895001948074304,3.2577444010752337,-2.1842189415889623,-3.9173762822400238,-3.508259904628641,0.962802697409039,0.5856758172729113,-2.6135412671985914,1.0329345616153252,-3.548907859943371,-8.328417316757612,3.25136540981853,-3.4345852928181504
5.503070351926786,1.0104377584601565,CCCc1cc(C(O)(C(F)(F)F)C(F)(F)F)ccc1Oc1ccc(CCN2C(=O)NC(C)(c3ccc(OC(C)C)cc3)C2=O)c(C)c1,28.60487055515077,17.34512231954812,-21.80054727933358,-7.193789680188287,-8.753960404488966,32.972047095465456,-6.235445372868842,-6.374503491397971,4.598386733593409,-0.8775696961574576,1.3040408200333735,-2.510156587985088,0.3890609965381677,-2.398840155745445,7.19415894489089,-2.392398418167012,-7.142730873595091,3.503416589571723,0.10022853859064594,0.5928531566526889,-1.5494350101445866,-0.4806056644781966,0.029549046325413195,0.9557015951025548,-1.2766585267510586,-0.12672813268357283,2.9050015113060716,2.0672917428614417,-1.136571405900447,-0.3508518369617622,-3.707916406338761,5.645283750316467,-0.050592565103016296,-5.9615393360269096,-1.8348538390974607,-1.7088063399012285,-1.5369521664492978,0.693725342370299,0.49403812767361655,0.44098635062961744,3.0212769384635605,-4.91414491164195,2.896032136591846,1.5863683001125448,3.5645435595274213,-1.9375658070237118,5.4462938019191345,3.870018794988553,-0.4471787415037028,1.0172805061725938
5.910094888560602,1.0104377584601565,CCCc1cc(C(O)(C(F)(F)F)C(F)(F)F)cc(CCC)c1OC/C=C/CN1C(=O)NC(C)(c2ccc(OC(C)C)cc2)C1=O,22.2683806491452,12.234686615723453,-17.80314612172232,-5.589297656577809,-11.283364535229257,30.490188901248782,-9.751889883474021,-6.395286497824555,-2.660136272020467,-2.086876381297981,-1.9309253800723105,3.6780562335330496,-2.026281320242054,7.395298338092541,-17.385363878193992,10.751443295053436,17.70109598393063,-10.39037371124339,-0.4930304096632895,-10.10455610398118,-7.417342453570833,-0.5751982168151099,1.744115044297127,-3.6924467300676795,6.334628086335058,4.659155364698398,1.5112879201286324,2.074450536931944,-0.7922524729992206,-1.624925497872244,-0.023494317851383086,-12.487500245851582,-3.5064146312698905,0.9526098079144494,2.9853972817317525,0.7580688049216756,-4.317300655137603,0.6175135572650855,-2.7312919938856823,-1.35146707950775,0.23664118759357697,2.4437736477981833,0.43637832802253185,1.961014194946131,2.4421877685260753,-3.1523667070352643,4.3833526292120935,1.1351818182610143,-0.6250075148398794,2.9713405146953247
6.065501548756432,1.0104377584601565,CCCc1cc(C(O)(C(F)(F)F)C(F)(F)F)cc(CCC)c1OCC#CCN1C(=O)NC(C)(c2ccc(OC(C)C)cc2)C1=O,24.475593261005223,11.90800516035116,-16.7699069764139,-8.379656923746712,-9.410886172750173,30.08498651853869,-8.545027081747056,-4.486650664275931,-3.7532932277845314,0.6236682195463854,-1.2684429563051733,0.7248451005185247,-3.912182954479232,4.511531181202321,-16.487977591732754,6.013013361292342,20.907644823273706,-9.555127531338197,3.2897110488991133,-14.779519918486471,-2.2003292837260404,3.6388381424762772,1.5865363634311886,-5.042798734870718,2.7454241721507375,6.017306280521336,-1.9376539652946791,4.949723317800398,2.14569281797887,-2.003855763951965,-1.0420525713646536,-12.92897544226623,-6.4327221371058325,7.040070918033076,4.525952851621874,1.9928677342041705,-6.407499436687074,-1.5386455667309022,-4.601123074799138,0.7439654924428971,7.21949082111272,-0.6828090492089236,-0.41781682825712985,-4.198258473378204,-2.4985034620611133,-1.0842414776965534,-3.4764536486629436,2.4936999538590636,-2.8564330523676307,-0.7953016182902977
5.707743928643524,1.0104377584601565,CCCc1cc(C(O)(C(F)(F)F)C(F)(F)F)ccc1Oc1cccc(CN2C(=O)NC(C)(c3ccc(OC(C)C)cc3)C2=O)c1,22.415426295509203,14.873958343380789,-22.247968373802806,-1.464856819128993,-12.825042304135227,26.837946392018992,-4.339995933832614,-8.5425511557455,-1.295534905477414,-7.321766076367709,-1.2387687043766968,4.4414880228295575,-3.0712436889872285,4.13748137979665,-5.47520303205327,7.320994096457465,7.7786474006963,-4.051695304847304,-1.3161655762542221,1.144862005126989,-11.15172870210547,-2.0653368992366343,4.110922818476068,2.8064122925133304,8.121188394412139,-1.0317462785535478,1.7913690186105997,-2.552303573881417,-7.67341411101037,1.4070489003592233,-2.985777909253865,3.388043770347392,-5.085166454059674,-4.11654841721319,-3.88728482491385,-2.5776434096499283,3.4522168489433835,2.4226656727270446,-1.3105036872614373,0.0025179895810560665,-6.460556998703464,6.430367671029774,-1.0708882129103283,5.469281233852383,-0.684973618962051,4.353290504438717,-6.412369522793578,-6.323597303396365,1.5587047855457243,-3.4641925975895296
6.3979400086720375,1.0104377584601565,CCCc1cc(C(O)(C(F)(F)F)C(F)(F)F)ccc1Oc1ccc(C(=O)CN2C(=O)NC(C)(c3ccc(OC(C)C)cc3)C2=O)c(C)c1,29.802887749602945,16.967990250558874,-22.026369090525307,-6.547773867189344,-7.927473046135116,33.40203615652552,-5.424368840572813,-6.816196463348935,4.850599216406815,0.2110101489944807,0.9667514060400504,-2.843599719220497,0.2669597007578476,-3.5979145634274885,8.393083521037019,-5.30008410244137,-7.63861056751283,6.322996772098235,0.6880192047896402,2.9761849400666427,2.8482248132392294,3.227469198895339,-0.6986585085944756,0.5394355315945548,-2.653205464283172,-0.9587260456174611,-0.0306554812708528,0.18214325960010036,1.2408271289098978,-2.244728387656197,-0.3866968146217648,-2.403287060260528,1.9460519122918438,5.881206907810803,1.8278263171914215,-0.06736635236899628,-2.0340538140761963,-1.4277363237852552,-1.561452286400669,-0.21210050835544675,2.1901514557514123,3.7279723520781793,-1.347793669096426,1.3574849690134767,1.9704064217540038,2.901025676135783,-2.3405011147901,-1.4881195921561112,-0.10555491228623548,-3.6154293397498387
5.427128397799519,1.0104377584601565,CCCc1cc(C(O)(C(F)(F)F)C(F)(F)F)ccc1Oc1ccc(C(=O)CN2C(=O)NC(C)(c3ccc(OC(C)C)cc3)C2=O)c(OC)c1,32.50883544187716,17.246592609934957,-24.323288081363348,-6.0301546909093116,-7.415179788812487,31.903970074832277,-1.4949892962566713,-5.949124195088988,3.8601794934845364,-2.0244096316276026,1.073985692564244,-1.7001170396857659,0.013040672017117637,-4.377287962823095,8.21337001835213,-4.6771062205732,-6.304523688799158,5.818221662715301,-0.7740915831829668,2.5177108710620923,3.4813852111139485,4.2521739087785235,-0.9794411948790418,1.3373787260417587,-3.3516958353533752,-3.7537407410745813,-3.9158761380180778,-2.9322343385266545,2.8499830017217014,-2.1387710207853723,3.697975634626165,-2.2063918844605217,1.1362418647631014,7.281548398871601,0.49024318778085874,-0.05059126129571637,2.37091051631941,-2.2155399108032903,-1.3524119718700063,-1.9592587767475607,-0.16807125786165356,3.5660723214259074,-6.91676875729433,-2.7191054649326194,2.1178578884600534,1.0272310791341168,-1.8772168908409452,0.9448281528278104,-5.14535288085225,1.6956533165513012
6.468521082957745,1.0104377584601565,CCCc1cc(C(O)(C(F)(F)F)C(F)(F)F)ccc1Oc1ccc(C(=O)CN2C(=O)NC(C)(c3ccc(OC(C)C)cc3)C2=O)c(O)c1,32.281266649263365,18.576512704503873,-23.12581528968505,-6.540850320670414,-7.71996738165666,32.24369523157936,-4.744422781267842,-6.89471005299476,6.110144415112324,-2.163201180389268,1.5300023233283335,-3.807072721353907,0.42827654178232805,-3.0156798028163516,9.620045724782326,-5.423433422537942,-9.184315884379536,6.114439692566884,-0.29544673888618667,4.996292423537724,4.119421438052693,4.069642080765103,-1.5983486124234358,-0.922024237411067,-3.1603276543087424,-1.069768869649154,-0.9584168756671129,-1.287320991384829,1.8767250273141618,-3.415496943550281,4.59651796272946,-6.391081624727656,4.124257043208824,8.939057799386926,4.077793466648669,0.2827712815366756,0.6018441315948216,-1.9187775906833355,-0.7227559840119332,0.9504339602762548,0.9364724331223855,6.39742068922138,0.301205208162331,0.09158326937377773,-0.37378726879956237,0.4248795386436082,-1.1201111544021447,-2.5802718429466065,1.7998846847091632,-2.0424762272935064
6.481486060122112,1.0104377584601565,CCCc1cc(C(O)(C(F)(F)F)C(F)(F)F)ccc1Oc1ccc(C(=O)CN2C(=O)NC(C)(c3ccc(OC(C)C)cn3)C2=O)c(O)c1,31.215707900808567,16.083863687339804,-21.328666550796864,-6.294785718075416,-10.589197427774968,30.562367622204807,-2.211491216828285,-6.762209340213405,3.1190053527391526,0.9579380785931289,3.688617617202834,-2.340817790538944,-0.6055125333179959,0.6584396555076409,7.396081174280505,-7.684235866054811,-11.600248641960935,5.468877041864989,-1.7719106442089168,6.844134031026427,8.926991660859226,3.8702711150267763,-1.133255057725026,-0.9886925327367503,-3.526520951379688,-1.6441658649703548,-2.249346595550852,-3.880549751161741,1.6063118469666513,-5.551935538571763,9.303357126453273,-15.017902175731187,5.4579137349912985,14.505335455318265,8.686672231672818,1.7882829378765115,4.913181461516914,-1.0985632388982043,-2.1415623141237683,-0.3653578817747215,-5.550787638915873,7.927478784953438,-2.1936202473384494,1.1890368894731367,-6.384761345341815,-4.513728961265162,-3.9774437004605727,-5.405817482313764,6.536789206261388,-0.7739766534968553
6.443697499232712,1.0104377584601565,CCCc1cc(C(O)(C(F)(F)F)C(F)(F)F)ccc1Oc1ccc(C(=O)CN2C(=O)NC(C)(c3ccc(OC(C)C)cc3)C2=O)cc1,27.966431567091984,17.940134261186074,-22.265862450564,-5.372626800076255,-6.793109419699164,33.23247348962681,-3.6333681716970254,-6.5411760636611795,6.495499492032623,-0.5601587907321063,0.3388531618116788,-3.2937573548983785,2.1500607244453787,-4.326773186801964,9.044641164559103,-5.3299871426846535,-6.742185638311231,5.485489132981349,1.937125460033029,2.0460838499824856,3.208727491638425,1.8526833525576092,-1.477288030631731,-0.5910907769996276,-4.00665176484145,-0.012529874443300098,-0.9071932210649608,0.39829823849583074,0.6376126666454528,-1.659797361344043,-0.7017376278206764,0.8789113796439932,1.916097428940048,2.6113975727807164,0.6738966520363322,1.4744915888208787,-3.0447696187943567,-0.6590395778251057,-0.12898004373966987,-0.12535565563791795,1.9899927521955678,0.5881974154731576,-1.8284901353437595,-0.5493294681588127,1.4268022516321734,4.2953330914119325,-3.2415860309116775,0.16018568873893252,-0.5313403928928091,-1.6734982086321326
5.853871964321762,1.0104377584601565,CCCc1c(OCCCCN2C(=O)NC(C)(c3ccc(OC)cc3)C2=O)ccc2c(C(F)(F)F)cc(=O)oc12,7.9974836861670795,7.940718195617028,-6.766615977414415,-6.869653613298275,-4.224647762429869,20.362425692903926,2.1646445618701926,4.343676614262219,1.0096595770882384,2.5778041717870486,-0.5421343329324431,1.7579727071818583,-6.441952574194478,3.593268279448781,-11.142507427679048,6.722515741139531,13.71365796519795,-8.289008135544163,-2.8781958648268042,-21.946500209498307,13.989470365452357,-5.019375037999956,-3.381258224755425,-0.7235673109884699,-4.862811236636338,-9.64597643696704,-7.1373657291624895,-2.209772918146753,12.928749934383097,-3.3338134184576527,13.039903120374118,24.668186442466375,22.04616828404548,2.669771836275312,-1.4388683351813152,8.929007281660803,10.786414456586035,-1.0413673347896197,10.822426660279174,-0.25572212394880206,-6.03897567194765,-2.9709648856255693,-3.805144824120854,-2.868017671606552,-0.9918830019418446,-1.7571281150166966,-0.5425860735983715,0.38145959540055313,2.8721546657491657,-2.4944964766156805
5.742321425130816,1.0104377584601565,CCCc1cc(C(O)(C(F)(F)F)C(F)(F)F)ccc1Oc1ccc(CN2C(=O)NC(C)(c3ccc(OC(C)C)cc3)C2=O)cc1,25.14251895866674,17.83034920256641,-21.05616621285236,-5.100298135939379,-9.102586148268603,29.72891836216077,-2.56760600659463,-6.29072327243347,3.4487675320700655,-0.792737147342122,-0.6009321115879361,0.46740153810758134,1.4430504992167072,0.4629320320762314,1.2667361446410532,1.4897401030495607,0.7750048928333401,-0.63668209655697,0.740095309488825,-0.739735745651584,-4.503798606991176,-2.6935959944121035,2.723985327728222,-0.19646780040130005,3.943822372623021,0.45822050062676706,2.3228180074168825,0.30918555023013056,-4.537459120252692,4.615604497370209,-3.7384318915891077,7.305501190552697,-4.233286824413772,-8.651439542067994,-2.592819818981933,-0.6690207742663578,1.2354336938672574,2.2457949039044,0.5570460272838055,-1.6355844131454467,-3.7951505497351885,-0.8246523288022618,-1.877982618222715,1.5986653176541477,-2.6102087802851304,5.220264795701142,-8.820209080636138,-11.818296493350445,6.051581157522504,-4.409291095818309
5.72584215073632,1.0104377584601565,CCCc1cc(C(O)(C(F)(F)F)C(F)(F)F)ccc1Oc1ccc(CCN2C(=O)NC(C)(c3ccc(OC(C)C)cc3)C2=O)cc1,26.442286548653065,17.043264097597717,-22.615365011675486,-5.61336746799557,-11.870176563314017,31.65831405789376,-4.568192369200205,-8.186161245779084,-0.03273050007293649,-5.499937046076867,0.7732822676459025,0.46631291699565797,-3.3150625673430905,0.5208327056584561,3.101268578413401,0.8923386297065128,-4.803256495140749,1.8064516412994716,-3.681961116514951,2.8199791797913574,-4.8480958513123795,-2.681837269629998,2.933403105644369,2.5384835089145437,3.3770456549840007,-0.746303318219646,3.0705078355590794,-1.070712758995517,-5.074919492716759,2.0783487237985283,-2.408822613043088,3.8426033373067447,1.8533484151005852,-10.47156080826903,-3.841463672008409,-4.304340538359549,0.9239162412926667,0.583131335497693,1.9636999544154359,-0.8523876008156207,-0.7011236920871345,-3.3191851968142063,1.59987102548321,-1.558197729113546,-0.4782547219267212,-3.7268415509941084,3.158420917618067,3.3990896813374305,0.5157890313201492,2.2741200338365974
5.779891911959945,1.0104377584601565,CCCc1cc(C(O)(C(F)(F)F)C(F)(F)F)ccc1Oc1ccc(CCN2C(=O)NC(C)(c3ccc(OC(C)C)cc3)C2=O)c(OC)c1,30.8633640789831,16.641512143397513,-23.241649169627884,-7.0159428319421435,-9.829581476280413,32.435276097294604,-4.379196363220419,-6.205762019272733,2.860806560837539,-1.3934865662297846,1.113595387734949,-0.9639142645366763,-0.9843900348148323,-3.1434476848667345,5.380941997704928,-1.243952583542795,-3.698951968178884,1.817337559609453,-0.027696772788507254,0.3695523470073361,-1.707923497624305,0.112642074482342,0.7634321843821001,1.6183688397434448,0.19138787546020453,-3.41863443138705,0.1322403098531111,-1.4509357311607105,0.6576257516996902,0.06478628137991709,-2.95126107640896,6.36466982287869,-2.1710953997691926,-5.127132769490533,-2.6083939647210843,0.3874088757299313,1.9820804065087638,0.5294408778497687,2.0040573679537523,-0.45775880757863535,0.19594150117574385,-3.936545732816854,0.690858188487921,-1.255376206132434,4.521229731795626,-1.5151672537214904,8.128334875263263,9.900519210751641,-9.962919448387092,5.7265250880460234
5.542118103266008,1.0104377584601565,CCCc1cc(C(O)(C(F)(F)F)C(F)(F)F)ccc1Oc1ccc(CCN2C(=O)NC(C)(c3ccc(OC(C)C)cc3)C2=O)c(O)c1,29.899048662910936,17.33739956288704,-22.650376291443738,-6.992331925186074,-8.383773333136068,33.69622595650603,-4.7212003953962585,-6.3769412464115085,4.81080122236818,-0.8852343000936007,1.5465979386779798,-4.015359874248514,-1.3606741117424836,-3.2986198233499344,5.746888417233949,-3.825343092322095,-5.0970980014409255,2.373810572161225,0.6087937577709727,0.8321929206239921,1.4704701416164763,0.7470736713170643,1.4343206381170777,-0.7570586525013345,-2.3767777522403515,1.476145021229029,-0.5055446956060963,1.370093935262506,0.8872415334716528,0.5969253088445369,-2.243240213141527,3.873567468664455,-1.5184903772655507,-2.204417679082335,0.5310641867714705,-0.09075601786622871,0.07467940150963973,1.8385605187313472,1.0239512209001762,2.692919503635813,2.3715070555795164,-5.754039200752361,7.1652502148680135,0.5079036834733373,-1.983426684367987,-3.5638727079290757,8.756989631744943,8.456645917254988,-3.3188508638580694,5.961396313240191
5.632644078973981,1.0104377584601565,CCCc1cc(C(O)(C(F)(F)F)C(F)(F)F)ccc1Oc1ccc(C(O)CN2C(=O)NC(C)(c3ccc(OC(C)C)cc3)C2=O)cc1,29.02609445922726,18.033472369283228,-20.41667093357741,-6.281804708180401,-7.579492277462044,31.678238120359566,-3.771252992725632,-5.905788303146222,3.8841674609844032,-0.3523151731512161,0.41728009392895876,-3.0107017099651543,-0.7680005015522686,-2.252236606621048,5.405313823023735,-3.0638381121257328,-5.839403959895293,3.9521515814260506,-1.2115957415079275,2.192419935880417,0.053190624997482824,-1.4225604156596985,-0.789237542897644,1.7646088471280876,-2.967899966895578,2.7392549322127135,-0.22917982511560533,1.7814464021965393,-0.005723806051666396,3.4962732602630493,-2.3523151614076623,4.522352203750424,1.3384557933098282,-5.078356173481844,-4.225101957512532,-2.8600129353970853,-4.6029777304251125,0.2653774557679655,0.511177093442318,1.8272487908645172,5.1601586610415975,-6.216718501290229,1.994272996794309,-4.470410438564559,1.067316503608675,0.6270194871172676,1.3737813323998322,3.067094370151038,3.711593005479612,-0.4853202312445838
5.154901959985743,1.0104377584601565,CCC[C@@H]1NC(=O)CCSCc2cccc(c2)CSC[C@@H](C(N)=O)NC(=O)[C@]2(C)CCCN2C(=O)[C@H](Cc2ccc(O)cc2)NC(=O)[C@H](Cc2cnc[nH]2)NC(=O)[C@H](CC(=O)O)NC(=O)[C@H](Cc2c[nH]c3ccc(F)cc23)NC(=O)[C@H](Cc2c[nH]c3ccc(F)cc23)NC(=O)CNC1=O,47.606579742460056,-16.683233491748055,38.70475687045727,28.297152287056534,-9.037300400463035,3.402015540440483,4.883437026856495,1.7442997590312037,12.287506618647706,-6.256110191714332,32.19071383272644,6.348235252694539,1.881643685818699,-1.3902048898591435,-1.0263423241861294,-3.6485215340610053,2.5188951345486204,-3.0956802141031465,-0.6878763076140053,0.16371260369225232,-0.28390109797149904,-0.8768960321667211,-0.6304681234630983,1.087314842932832,-0.19741510630382753,-1.389455418623565,-1.3020666192672983,2.793566333010164,-1.4630712294128672,0.08440103040347496,-1.9687338962893084,0.09956986670011497,0.6518420522111733,-0.7239720498541726,0.048380920217118616,1.992905434059686,1.4212002493108293,0.7422393994590238,-1.3164353880577255,-3.8109301436891476,0.5236081482697832,2.210922248263562,6.2322777316683124,-5.958904311770982,-0.29809935783005126,2.0747790720363035,-1.7012934335911578,2.6457724807042324,5.0077370035955555,1.7874981410699995
5.0,1.0104377584601565,COc1ccc(C[C@@H]2NC(=O)[C@H](Cc3cnc[nH]3)NC(=O)[C@H](CC(=O)O)NC(=O)[C@H](Cc3c[nH]c4ccc(F)cc34)NC(=O)[C@H](Cc3c[nH]c4ccc(F)cc34)NC(=O)[C@@H](C)NC(=O)[C@H](CCCCN(C)C)NC(=O)CCSCc3cccc(c3)CSCCNC(=O)[C@]3(C)CCCN3C2=O)cc1,47.82853085381476,-18.11578996287693,37.85131299112082,26.239454288329238,-9.482806359847702,3.59138870980234,5.325668309838089,1.6141222894942997,10.655550049021295,-5.596075749537381,30.82733785238704,4.267275603905778,1.463563371631671,-1.9283834967001854,-1.3258902151902479,-3.1168881697512085,3.165672788262593,-3.528259504619603,0.08528414390659687,-0.09864083088403328,-1.8793709888039067,0.6510204756365517,-1.7364498573740383,2.2630006835401515,-1.4808121473419604,-1.5483125362686339,-3.0422047757156356,-2.1216010610433105,2.718029140425611,-1.5705938895703202,-2.4437345369079195,2.2325638682783593,3.152060948265726,-1.4434543004436484,-1.7021686161828853,1.6866209236085743,-2.4810364365645805,-2.65898296487304,-10.693640082850603,-8.081933533035262,-5.574566020724998,-2.491611862316518,-6.94832589029872,2.845550292128471,-1.5329574651515103,-3.5165160702553995,7.597343194668036,-5.223878902013598,-8.371857557833708,-5.253850857973827
5.505845405981557,1.0104377584601565,C[C@H]1NC(=O)[C@H](CCCCN)NC(=O)CCSCc2cccc(c2)CSC[C@@H](C(N)=O)NC(=O)[C@]2(C)CCCN2C(=O)[C@H](Cc2ccc(O)cc2)NC(=O)[C@H]([C@@H](C)O)NC(=O)[C@@H]2C[C@H](F)CN2C(=O)[C@H](Cc2c[nH]c3ccc(F)cc23)NC(=O)[C@H](Cc2c[nH]c3ccc(F)cc23)NC1=O,48.35775166473347,-17.90331904374187,38.47280356805765,27.790539982649967,-7.6963643130063,5.897254847656685,2.688992393748936,3.3327284580234684,7.160269268650634,-3.7487476107637914,20.305411702679706,5.474168303783626,1.3047239866844214,-4.147285020388512,-3.2129088589790613,5.459807715868549,-0.29236804286512197,5.954563222245,-0.7426721125993873,0.6390534374851053,1.034567157679371,1.301851401860178,0.31629426257801735,-3.5485675018400404,1.8786135029091058,-4.002266156538558,-1.9970793979507884,5.599336621939151,-1.4582778503325313,1.8056549069162153,2.183997458165854,-2.3202078237298274,-6.640207583946836,1.7356928320529899,-0.4057193847167282,-8.011415324217742,-2.4274845410403683,-14.264632743470964,15.95596225960421,28.05656437710452,1.3997130350610885,-6.220179314178453,-11.073832677496352,11.505444675254754,5.622181606718356,-5.895435956063539,-3.446270673969876,-2.158061944765604,0.1540936950638857,3.702031424880036
5.175874166083451,1.0104377584601565,NCCCC[C@@H]1NC(=O)CCSCc2cccc(c2)CSC[C@@H](C(N)=O)NC(=O)[C@@H]2CCCN2C(=O)[C@H](Cc2ccc(O)cc2)NC(=O)[C@H](Cc2cnc[nH]2)NC(=O)[C@H](CC(=O)O)NC(=O)[C@H](Cc2c[nH]c3ccc(F)cc23)NC(=O)[C@H](Cc2c[nH]c3ccc(F)cc23)NC(=O)CNC1=O,47.07303774666599,-17.216342366324646,39.55490223870439,27.107480317562345,-6.791627462796839,2.826938301523381,4.682886490030477,3.356833215110552,8.173121270529705,-4.878266049263564,27.332958993523985,7.1365559626254695,2.485880769823798,-3.4714159445391357,-0.8500251609835487,1.4741520447446839,0.5116741800409812,-1.9439400990999702,-2.3446680749436797,2.31510691439291,2.210244178807158,-0.28391143733109964,0.4096782381462991,-0.060856913809919456,0.11730872259374903,-0.8868716200881839,-0.38996454198327746,1.4139198549232956,-1.964945055356862,-0.8664039898988055,0.5518284369337848,-1.6186764144099706,0.8645808884845635,-0.6330085110400147,2.082121454399589,-1.315021413715118,3.1635755428694523,10.058840408902444,6.4732628758602875,-0.6439535318831477,5.403108543803435,3.331066899246182,7.334774429272054,-5.896316226697485,2.772219188470242,5.372241729302669,-11.210987409125892,5.7022971364064725,3.8944005326509035,2.796482744341867
6.0,1.0104377584601565,C[C@H]1NC(=O)[C@H](CCC(=O)O)NC(=O)CCSCc2cccc(c2)CSCCNC(=O)[C@]2(C)CCCN2C(=O)[C@H](Cc2ccc(O)cc2)NC(=O)[C@H](Cc2cnc[nH]2)NC(=O)[C@H](CC(=O)O)NC(=O)[C@H](Cc2c[nH]c3ccc(F)cc23)NC(=O)[C@H](Cc2c[nH]c3ccc(F)cc23)NC1=O,47.03667198323911,-15.405211006934698,37.28410905943787,27.638184545946388,-8.738644896570449,3.0869497855769787,4.745464729253955,-0.3053843042095747,12.40526562799342,-6.498970283483694,28.223527137256752,3.4235330369684207,0.8890667697298782,0.10572924590926178,-0.6385151660997054,-4.609650628436469,2.4106737506519518,-3.2418638589309885,0.5735670029597338,0.3728177262896044,-3.113518734631861,-1.089392859700472,-0.3673815273301889,1.8734198858355549,-1.0569238967294432,2.103535637375898,0.4460117363958907,-1.1590105240351793,1.6551764495000358,-0.13257945999654425,-2.232679808468085,0.8759965290226981,1.4908761837643667,0.8812713447372014,-1.0588748976585813,3.8588821241900026,-4.208741498830361,-4.711361828754821,-11.572888660242167,-8.684210154420049,-5.270507882148317,-0.03512845753099151,-2.2910324658920267,2.049500939964659,-6.015155019666891,-2.320907993998878,12.988950319033865,-4.310089096406026,-2.8815402669914794,-5.984518530071753
5.175874166083451,1.0104377584601565,C[C@@]12CCCN1C(=O)[C@H](Cc1ccc(O)cc1)NC(=O)[C@H](Cc1cnc[nH]1)NC(=O)[C@H](CC(=O)O)NC(=O)[C@H](Cc1c[nH]c3ccc(F)cc13)NC(=O)[C@H](Cc1c[nH]c3ccc(F)cc13)NC(=O)CNC(=O)[C@H](CCCCN)NC(=O)CCSCc1cccc(c1)CSC[C@@H](C(N)=O)NC2=O,48.749301512337446,-17.75030850977488,40.77387540316689,28.066943304025887,-8.534264136132782,3.09191360595926,4.580482783548616,2.8035439809853004,10.614131567829771,-5.832143674323583,32.98361501895454,7.839288409697347,2.6673561337912317,-2.776117103657892,-0.6649283722671113,-3.8354322008606316,2.623848300618451,-4.761600065420934,-1.8388055593102675,1.901684698980218,0.6102613096909093,-0.02912778887980191,-0.19118167813127893,0.7274157720751945,0.6961637613524067,-1.5258889040524029,-1.3404943281660038,2.2903608831679696,-1.5766803826828844,-0.18712294121487738,-1.236714896474704,-0.6587004378427055,-0.19685656078571867,-1.5377377414576021,1.4575928133958458,-0.5489343169502976,1.6213126187646627,4.665111569822078,2.2957872065214056,-0.8530546485412321,3.039152374496927,1.9043489426188358,4.824593744293279,-4.838295854527936,1.8485331283081312,2.2657393204059106,-4.535294852699029,2.958989290527919,3.153967141282048,1.9743146638267008
