SMILES,MORSE_192,GETAWAY_133,RDF_191,RDF_183,RDF_187,GETAWAY_263,RDF_193,RDF_197,RDF_185,RDF_184,MORSE_193,RDF_189,RDKit2D_VSA_EState1,MORSE_194,RDF_181,RDKit2D_EState_VSA4,MORSE_198,RDKit2D_PEOE_VSA4,FP_RDKit512_436,RDKit2D_EState_VSA9,MORSE_200,AC2D_169,RDKit2D_SlogP_VSA12,GETAWAY_261,FP_RDKit512_416,FP_AtomPair1024_242,FP_RDKit512_243,FP_MACCS_123,FP_TopoTorsion1024_520,FP_RDKit512_38,FP_TopoTorsion1024_988,FP_RDKit512_497,MORSE_40,FP_RDKit512_240,FP_Morgan1024_r2_713,RDKit2D_SlogP_VSA10,AC2D_121,FP_RDKit512_7,RDKit2D_BCUT2D_CHGLO,FP_RDKit512_319,AC3D_48,AC2D_153,MORSE_201,FP_AtomPair1024_970,FP_RDKit512_177,MORSE_38,FP_MorganFeat1024_r2_365,FP_MorganFeat1024_r2_131,FP_TopoTorsion1024_694,AC2D_46,FP_RDKit512_134,AC2D_117,GETAWAY_262,FP_RDKit512_488,FP_RDKit512_288,FP_Morgan1024_r2_389,FP_AtomPair1024_104,Pharm2D_Gobbi_172,FP_RDKit512_400,MORSE_203,FP_AtomPair1024_105,FP_TopoTorsion1024_552,FP_RDKit512_234,MORSE_104,MORSE_134,FP_MACCS_109,FP_RDKit512_453,Pharm2D_Gobbi_20,FP_MACCS_138,GETAWAY_132,GETAWAY_141,MORSE_218,FP_TopoTorsion1024_432,GETAWAY_131,AC3D_49,FP_RDKit512_58,AC3D_28,AC2D_112,AC3D_66,MORSE_8,FP_RDKit512_500,Phys_Max_Bond_Polarity,RDKit2D_PEOE_VSA11,RDKit2D_BCUT2D_MWLOW,AC2D_145,MORSE_187,MORSE_72,FP_RDKit512_457,MORSE_156,FP_AtomPair1024_870,FP_RDKit512_117,MORSE_219,FP_RDKit512_186,FP_AtomPair1024_348,AC3D_67,GETAWAY_259,MORSE_59,AC3D_79,RDKit2D_PEOE_VSA13,GETAWAY_207,AC2D_133,MORSE_44,FP_RDKit512_88,FP_RDKit512_344,AC2D_43,FP_MorganFeat1024_r2_806,RDKit2D_MaxAbsEStateIndex,FP_RDKit512_378,FP_AtomPair1024_464,MORSE_209,MORSE_58,GETAWAY_98,MORSE_43,RDKit2D_VSA_EState10,FP_TopoTorsion1024_761,AC2D_44,GETAWAY_129,FP_AtomPair1024_499,FP_MACCS_85,AC2D_184,FP_RDKit512_124,FP_RDKit512_456,FP_AtomPair1024_940,MORSE_140,RDF_35,FP_RDKit512_426,AC2D_47,FP_TopoTorsion1024_48,FP_RDKit512_217,AC3D_64,MORSE_107,MORSE_60,Pharm2D_Gobbi_59,FP_AtomPair1024_93,FP_Morgan1024_r2_926,FP_AtomPair1024_509,GETAWAY_270,GETAWAY_179,AC3D_68,FP_AtomPair1024_400,Pharm2D_Gobbi_94,FP_RDKit512_52,AC3D_63,RDKit2D_NumSaturatedHeterocycles,Pharm2D_Gobbi_96,FP_TopoTorsion1024_382,FP_RDKit512_354,RDKit2D_FpDensityMorgan1,QM_Charge_Min_Neg,FP_AtomPair1024_592,FP_RDKit512_423,Pharm2D_Gobbi_218,FP_RDKit512_273,FP_RDKit512_226,FP_AtomPair1024_973,MORSE_75,AC3D_47,FP_RDKit512_417,GETAWAY_142,FP_MorganFeat1024_r2_24,AC2D_186,Pharm2D_Gobbi_13,FP_RDKit512_179,FP_AtomPair1024_713,MORSE_28,FP_RDKit512_258,FP_RDKit512_493,FP_AtomPair1024_921,FP_AtomPair1024_740,EState_Mean,USR_ctd_Skew,FP_Morgan1024_r2_695,FP_AtomPair1024_896,FP_MorganFeat1024_r2_349,FP_AtomPair1024_967,FP_RDKit512_508,GETAWAY_220,FP_RDKit512_57,FP_AtomPair1024_645,RDKit2D_NumSaturatedRings,FP_RDKit512_155,AC2D_177,AC2D_41,MORSE_12,MORSE_91,FP_AtomPair1024_869,average,sample_weight
Cc1ccc(NC(=O)CCC2CCCCC2)cc1-c1nc2ccccc2[nH]1,2301.159,120.327,49.585,163.195,51.288,97.235,19.855,10.322,33.971,62.765,150.199,42.777,0.0,-34.419,66.577,46.010822,29.665,0.0,1.0,4.9839787,-19.277,0.819,0.0,3.197,0.0,1.0,1.0,0.0,1.0,0.0,1.0,0.0,-2.294,0.0,0.0,5.6873865,0.167,1.0,-2.20573,0.0,0.516,0.883,7.776,1.0,0.0,3.612,0.0,1.0,0.0,5.521,0.0,-0.207,1.73,0.0,1.0,0.0,1.0,0.0,1.0,11.349,1.0,0.0,0.0,-2.287,2.849,0.0,0.0,0.0,0.0,0.216,2.669,-2.579,0.0,0.869,0.512,0.0,0.534,-0.066,5.096,-2.1,1.0,0.5499532,0.0,9.85912,0.731,-0.206,-1.869,1.0,0.215,0.0,1.0,-0.602,0.0,1.0,3.741,3.086,-0.196,0.568,0.0,0.393,-0.173,-1.681,0.0,1.0,5.57,0.0,12.394171,0.0,1.0,-7.446,-0.063,0.156,0.788,0.0,0.0,5.519,1.131,0.0,0.0,0.683,1.0,0.0,1.0,-1.564,3.272,0.0,5.061,1.0,0.0,3.9,0.785,0.255,1.0,0.0,1.0,0.0,0.327,0.028,2.998,0.0,1.0,0.0,3.22,0.0,1.0,0.0,1.0,1.1481482,-0.3379412,0.0,1.0,1.0,1.0,0.0,0.0,0.566,0.526,1.0,1.629,0.0,0.814,0.0,1.0,0.0,0.242,0.0,1.0,1.0,0.0,2.0185184,-0.32347962,0.0,0.0,0.0,0.0,0.0,1.371,0.0,1.0,1.0,1.0,1.012,5.713,-1.649,-0.166,0.0,5.886056647693163,1.0104377584601565
Cc1ccc(C(=O)NCCC2CCCCC2)cc1NC(=O)c1ccc(O)cc1,2641.504,130.226,82.461,145.667,50.98,103.878,28.308,8.023,40.686,63.191,130.474,28.209,0.0,-39.408,65.843,17.90218,26.193,0.0,0.0,0.0,-17.897,0.679,0.0,3.551,1.0,1.0,0.0,0.0,0.0,0.0,0.0,0.0,-1.505,0.0,0.0,5.6873865,0.142,0.0,-2.2099786,1.0,0.464,0.707,11.822,1.0,0.0,3.79,0.0,0.0,0.0,5.6,0.0,0.155,2.718,0.0,0.0,0.0,0.0,0.0,0.0,12.934,0.0,0.0,1.0,-1.5,2.741,0.0,0.0,0.0,0.0,0.552,2.471,-3.237,0.0,1.21,0.41,1.0,0.514,-0.032,4.799,-1.321,0.0,0.8010583,0.0,9.868937,0.663,0.182,-1.131,0.0,0.206,0.0,0.0,3.818,1.0,0.0,4.692,3.766,0.193,0.476,11.81436,0.492,0.079,-1.386,1.0,1.0,5.733,0.0,12.491527,0.0,0.0,-6.136,-0.088,0.221,0.911,0.0,0.0,5.619,1.052,0.0,0.0,0.741,1.0,0.0,0.0,-1.348,2.455,0.0,5.393,0.0,0.0,3.863,0.907,0.29,1.0,1.0,1.0,0.0,0.585,0.048,4.026,0.0,1.0,0.0,3.501,0.0,1.0,1.0,0.0,0.96428573,-0.5079662,0.0,1.0,1.0,1.0,0.0,0.0,0.516,0.517,0.0,2.415,0.0,0.747,0.0,1.0,0.0,0.256,0.0,0.0,0.0,1.0,2.3035715,0.20730554,0.0,0.0,0.0,1.0,0.0,1.242,0.0,0.0,1.0,0.0,0.831,5.721,-1.386,0.097,0.0,5.698970004336019,1.0104377584601565
Cc1ccc2nc(-c3cc(NC(=O)CCC4CCCCC4)ccc3C)[nH]c2c1,2215.289,109.889,26.105,162.518,49.394,89.334,32.916,11.643,38.611,54.701,142.909,24.343,0.0,-23.296,61.709,46.010822,27.607,0.0,1.0,4.9839787,-14.818,0.807,0.0,2.719,0.0,0.0,1.0,0.0,1.0,0.0,1.0,1.0,-1.997,0.0,0.0,5.6873865,0.173,1.0,-2.2057302,0.0,0.567,0.869,6.868,0.0,0.0,3.706,0.0,1.0,0.0,5.481,0.0,-0.201,1.257,0.0,1.0,0.0,1.0,0.0,1.0,10.296,1.0,0.0,0.0,-1.992,2.904,0.0,0.0,0.0,0.0,0.0,2.261,-1.621,0.0,0.939,0.553,0.0,0.592,-0.064,4.938,-1.85,1.0,0.5499532,0.0,9.85912,0.72,-0.156,-1.668,1.0,0.243,0.0,1.0,0.345,0.0,1.0,3.401,3.169,-0.138,0.613,0.0,0.359,-0.168,-1.865,0.0,1.0,5.553,0.0,12.431648,0.0,1.0,-6.843,-0.022,0.171,0.666,0.0,1.0,5.522,3.71,0.0,0.0,0.747,1.0,0.0,1.0,-1.731,3.735,0.0,4.965,0.0,0.0,3.605,0.663,0.285,1.0,0.0,1.0,0.0,0.367,0.033,3.493,0.0,1.0,0.0,2.939,0.0,1.0,0.0,1.0,1.1071428,-0.33793312,0.0,1.0,1.0,1.0,0.0,0.0,0.433,0.59,1.0,1.126,0.0,0.859,0.0,1.0,0.0,0.271,0.0,1.0,1.0,0.0,2.0059524,-0.14836793,0.0,0.0,0.0,0.0,0.0,1.395,0.0,1.0,1.0,1.0,0.996,5.696,-1.828,-0.115,0.0,5.886056647693163,1.0104377584601565
Cc1ccc(NC(=O)CCC2CCCCC2)cc1NC(=O)c1ccccc1,2735.815,142.861,35.987,164.027,26.995,112.249,55.128,52.921,29.997,85.257,154.117,24.322,0.0,-35.035,71.22,17.67166,29.771,0.0,0.0,0.0,-17.374,0.682,0.0,2.812,1.0,1.0,1.0,0.0,0.0,0.0,0.0,0.0,-1.769,0.0,0.0,11.374773,0.22,0.0,-2.206156,1.0,0.552,0.742,8.679,1.0,0.0,2.986,0.0,0.0,0.0,5.456,0.0,0.15,2.217,0.0,0.0,1.0,1.0,0.0,0.0,15.701,1.0,0.0,1.0,-1.765,2.326,0.0,0.0,0.0,0.0,0.0,2.687,-4.061,0.0,0.534,0.526,1.0,0.584,-0.036,5.023,-1.601,0.0,0.5768395,0.0,9.859157,0.632,0.228,-1.421,1.0,0.247,0.0,0.0,3.833,0.0,0.0,5.432,3.753,0.23,0.583,5.90718,0.358,0.209,-1.599,1.0,1.0,5.822,0.0,12.37889,0.0,0.0,-6.929,-0.173,0.096,0.821,0.0,0.0,5.64,5.662,0.0,0.0,0.681,1.0,0.0,0.0,-1.581,1.51,0.0,5.426,1.0,0.0,4.208,0.817,0.299,1.0,1.0,1.0,0.0,0.372,0.036,4.44,0.0,1.0,0.0,4.075,0.0,1.0,0.0,0.0,0.962963,-0.32601976,0.0,1.0,1.0,1.0,0.0,0.0,0.475,0.584,0.0,1.932,0.0,0.878,0.0,1.0,1.0,0.278,0.0,0.0,0.0,0.0,2.1790123,-0.21576214,0.0,0.0,0.0,1.0,0.0,1.273,0.0,0.0,1.0,0.0,0.947,5.806,-1.605,0.154,0.0,5.698970004336019,1.0104377584601565
Cc1ccc(NC(=O)CCC2CCCCC2)cc1/C=C(\C#N)c1ccc2c(c1)OCO2,3042.903,148.272,44.525,183.215,46.743,109.721,38.6,50.632,74.361,61.637,124.538,65.331,10.781452,-14.359,70.278,28.798563,32.14,5.2618914,0.0,9.473726,-15.621,0.685,0.0,3.833,1.0,1.0,1.0,1.0,0.0,0.0,0.0,0.0,-2.354,0.0,0.0,5.6873865,0.2,0.0,-2.205704,0.0,0.565,0.691,9.394,1.0,0.0,4.915,0.0,0.0,0.0,5.721,1.0,-0.102,1.947,0.0,0.0,0.0,1.0,0.0,0.0,12.798,1.0,0.0,0.0,-2.35,3.643,1.0,1.0,0.0,0.0,0.0,3.178,-2.95,0.0,0.55,0.506,0.0,0.611,-0.083,4.721,-2.155,0.0,0.68439573,11.499023,9.859107,0.683,0.144,-1.949,1.0,0.212,0.0,1.0,2.624,1.0,0.0,3.919,4.907,0.13,0.569,0.0,0.466,-0.124,-2.149,0.0,1.0,5.797,0.0,12.454952,0.0,1.0,-6.561,-0.12,0.192,0.969,0.0,0.0,5.727,7.494,1.0,0.0,0.756,1.0,0.0,0.0,-1.921,7.38,0.0,5.355,0.0,0.0,3.436,0.966,0.264,1.0,0.0,1.0,0.0,0.705,0.061,4.74,1.0,1.0,1.0,3.028,0.0,1.0,0.0,0.0,1.1290323,-0.45359507,0.0,1.0,1.0,1.0,0.0,0.0,0.647,0.551,0.0,1.654,0.0,0.847,0.0,0.0,0.0,0.248,0.0,0.0,0.0,0.0,2.1827958,-0.10715877,0.0,0.0,0.0,0.0,1.0,1.186,0.0,0.0,1.0,1.0,0.726,5.787,-2.059,0.059,1.0,6.154901959985743,1.0104377584601565
Cc1ccc(NC(=O)CCC2CCCCC2)cc1-c1nc2ccc(O)cc2[nH]1,2215.289,106.867,45.086,157.911,53.979,88.599,20.063,14.436,34.881,62.487,136.414,35.125,0.0,-35.577,59.717,40.09292,28.075,0.0,1.0,0.0,-17.756,0.816,0.0,3.092,0.0,0.0,1.0,0.0,1.0,0.0,1.0,0.0,-2.379,0.0,0.0,5.6873865,0.066,1.0,-2.2057297,0.0,0.467,0.872,7.837,0.0,0.0,3.789,0.0,1.0,0.0,5.481,0.0,-0.177,1.64,0.0,1.0,0.0,1.0,0.0,1.0,11.138,1.0,0.0,0.0,-2.373,2.786,0.0,0.0,0.0,0.0,0.186,2.165,-2.659,0.0,1.04,0.449,0.0,0.497,-0.054,4.447,-2.174,1.0,0.8009774,0.0,9.85912,0.747,-0.332,-1.929,1.0,0.215,0.0,1.0,-1.14,0.0,1.0,3.074,3.458,-0.319,0.507,0.0,0.461,-0.176,-1.726,0.0,1.0,5.553,0.0,12.40387,0.0,1.0,-6.94,-0.118,0.226,1.036,0.0,0.0,5.522,1.075,0.0,0.0,0.747,1.0,0.0,1.0,-1.656,3.755,0.0,4.965,0.0,0.0,3.577,1.032,0.257,1.0,0.0,1.0,0.0,0.413,0.04,2.813,0.0,1.0,0.0,2.893,0.0,1.0,0.0,1.0,1.1785715,-0.50788337,0.0,1.0,1.0,1.0,0.0,0.0,0.669,0.497,1.0,1.403,0.0,0.859,0.0,1.0,0.0,0.244,0.0,1.0,1.0,1.0,2.1488094,-0.1327225,0.0,0.0,0.0,0.0,0.0,1.313,0.0,1.0,1.0,1.0,1.002,5.696,-1.712,-0.271,0.0,6.154901959985743,1.0104377584601565
Cc1ccc(NC(=O)CCC2CCCCC2)cc1/C=C(\C#N)c1cccnc1,2709.314,145.404,54.595,152.365,37.549,115.784,46.227,30.44,58.899,63.629,118.374,46.109,0.0,-31.455,64.304,28.798563,30.969,5.2618914,0.0,0.0,-11.087,0.654,0.0,3.817,1.0,1.0,1.0,0.0,0.0,0.0,0.0,0.0,-1.317,0.0,0.0,5.6873865,0.141,0.0,-2.2056913,0.0,0.459,0.682,6.76,1.0,0.0,4.16,0.0,1.0,0.0,5.609,1.0,-0.261,2.481,0.0,0.0,0.0,1.0,0.0,0.0,13.492,1.0,0.0,0.0,-1.316,3.59,0.0,1.0,0.0,0.0,1.342,2.881,-2.475,0.0,4.033,0.435,0.0,0.483,-0.044,4.953,-1.264,0.0,0.54995555,0.0,9.859108,0.624,-0.126,-1.216,1.0,0.123,0.0,1.0,0.745,1.0,1.0,3.872,5.269,-0.122,0.472,0.0,0.474,-0.277,-1.849,0.0,1.0,5.739,0.0,12.3640585,0.0,0.0,-3.953,-0.032,0.246,0.829,0.0,0.0,5.711,2.441,0.0,0.0,0.649,1.0,0.0,0.0,-1.828,5.467,0.0,5.249,1.0,1.0,4.1,0.826,0.148,1.0,0.0,1.0,0.0,0.638,0.059,4.065,1.0,1.0,1.0,3.456,0.0,1.0,0.0,1.0,1.2857143,-0.326076,0.0,1.0,1.0,1.0,0.0,0.0,0.63,0.483,0.0,2.122,0.0,0.839,0.0,0.0,1.0,0.137,0.0,0.0,0.0,0.0,2.172619,0.074389555,0.0,0.0,0.0,0.0,1.0,1.151,0.0,0.0,1.0,0.0,0.755,5.693,-1.843,-0.159,1.0,6.0,1.0104377584601565
Cc1ccc(NC(=O)CCC2CCCCC2)cc1NC(=O)c1ccc(O)cc1,2641.504,119.12,26.464,155.877,25.707,91.901,47.602,44.937,29.215,84.832,139.369,40.178,0.0,-34.951,65.056,11.984273,28.249,0.0,0.0,0.0,-16.931,0.728,0.0,2.569,1.0,1.0,1.0,0.0,0.0,0.0,0.0,0.0,-1.805,0.0,0.0,11.374773,0.119,0.0,-2.2061641,1.0,0.534,0.773,8.189,1.0,0.0,3.403,0.0,0.0,0.0,5.405,0.0,0.392,1.924,0.0,0.0,0.0,1.0,0.0,0.0,14.973,1.0,0.0,1.0,-1.801,2.455,0.0,0.0,0.0,0.0,0.078,2.219,-3.592,0.0,0.584,0.498,1.0,0.583,-0.032,4.414,-1.601,0.0,0.8010583,0.0,9.859157,0.692,0.192,-1.392,1.0,0.185,0.0,0.0,3.373,0.0,0.0,4.791,3.221,0.192,0.578,5.90718,0.37,0.4,-1.621,1.0,1.0,5.816,0.0,12.408558,0.0,0.0,-6.003,-0.218,0.108,0.907,0.0,0.0,5.542,3.979,0.0,0.0,0.719,1.0,0.0,0.0,-1.555,1.711,0.0,5.382,0.0,0.0,3.556,0.902,0.265,1.0,1.0,1.0,0.0,0.321,0.037,3.729,0.0,1.0,0.0,3.755,0.0,1.0,1.0,0.0,1.0,-0.5079662,0.0,1.0,1.0,1.0,0.0,0.0,0.493,0.552,0.0,1.491,0.0,0.888,0.0,1.0,1.0,0.233,0.0,0.0,0.0,1.0,2.3035715,-0.12448945,0.0,0.0,0.0,1.0,0.0,1.266,0.0,0.0,1.0,0.0,0.946,5.774,-1.608,0.137,0.0,5.769551078621726,1.0104377584601565
Cc1ccc(NC(=O)CCC2CCCCC2)cc1NC(=O)c1ccc(N)cc1,2641.504,123.304,35.264,157.871,27.053,96.753,56.353,40.81,31.121,85.606,141.58,23.371,0.0,-31.951,66.13,11.984273,28.643,0.0,0.0,5.7336674,-16.759,0.713,0.0,2.709,1.0,1.0,1.0,0.0,0.0,0.0,0.0,0.0,-1.873,0.0,0.0,17.062159,0.158,0.0,-2.2061687,1.0,0.559,0.77,8.34,1.0,0.0,3.365,0.0,0.0,0.0,5.405,0.0,0.293,1.892,0.0,0.0,0.0,1.0,0.0,0.0,15.443,1.0,0.0,1.0,-1.869,2.529,0.0,0.0,0.0,0.0,0.0,2.615,-3.377,0.0,0.542,0.517,1.0,0.599,-0.037,4.444,-1.694,0.0,0.57684207,0.0,9.859157,0.657,0.31,-1.494,1.0,0.181,0.0,0.0,3.987,0.0,0.0,4.828,3.112,0.313,0.593,5.90718,0.368,0.442,-1.682,1.0,1.0,5.816,0.0,12.449374,0.0,0.0,-5.693,-0.164,0.089,0.987,0.0,0.0,5.542,4.01,0.0,0.0,0.719,1.0,0.0,0.0,-1.639,1.601,0.0,5.382,0.0,0.0,3.564,0.982,0.219,1.0,1.0,1.0,0.0,0.392,0.039,3.772,0.0,1.0,0.0,3.759,0.0,1.0,1.0,0.0,1.0,-0.39872822,0.0,1.0,1.0,1.0,0.0,0.0,0.581,0.57,0.0,1.586,0.0,0.888,0.0,1.0,1.0,0.202,0.0,0.0,0.0,0.0,2.232143,-0.08438945,0.0,0.0,0.0,1.0,0.0,1.303,0.0,0.0,1.0,0.0,0.931,5.774,-1.682,0.219,0.0,5.42021640338319,1.0104377584601565
Cc1ccc(NC(=O)CCC2CCCCC2)cc1NC(=O)c1ccc(CO)cc1,2716.173,122.046,44.781,163.98,29.214,93.917,55.313,41.225,31.493,86.926,140.815,23.914,0.0,-30.496,68.063,17.547724,27.862,0.0,0.0,5.1065273,-16.336,0.627,0.0,2.661,1.0,1.0,1.0,0.0,0.0,0.0,0.0,0.0,-1.848,0.0,0.0,11.374773,0.156,0.0,-2.2061758,1.0,0.568,0.684,7.977,1.0,0.0,3.265,0.0,0.0,0.0,5.458,0.0,0.02,1.855,0.0,0.0,0.0,1.0,0.0,0.0,14.88,1.0,0.0,1.0,-1.843,2.449,1.0,0.0,0.0,0.0,0.0,2.316,-3.432,0.0,1.1,0.531,1.0,0.608,-0.031,4.349,-1.666,0.0,0.6022087,0.0,9.859157,0.579,0.222,-1.474,1.0,0.252,0.0,0.0,3.439,0.0,0.0,4.531,3.05,0.225,0.618,5.90718,0.375,0.092,-1.748,1.0,1.0,5.839,0.0,12.51602,0.0,0.0,-6.015,-0.193,0.106,0.809,0.0,0.0,5.549,4.01,0.0,0.0,0.702,1.0,0.0,0.0,-1.663,2.056,0.0,5.39,0.0,0.0,3.339,0.805,0.31,1.0,1.0,1.0,0.0,0.349,0.034,3.642,0.0,1.0,0.0,3.588,0.0,1.0,1.0,0.0,1.0,-0.39168045,0.0,1.0,1.0,1.0,0.0,0.0,0.435,0.557,0.0,1.45,0.0,0.915,0.0,1.0,1.0,0.286,0.0,0.0,0.0,1.0,2.275862,-0.081192434,0.0,0.0,0.0,1.0,0.0,1.294,0.0,0.0,1.0,0.0,0.89,5.779,-1.728,0.15,0.0,5.119186407719209,1.0104377584601565
Cc1ccc(NC(=O)CCC2CCCCC2)cc1NC(=O)c1cccc(O)c1,2641.504,119.104,37.24,159.356,26.483,88.268,54.292,54.071,28.346,83.903,140.764,24.563,0.0,-35.927,64.891,11.984273,28.591,0.0,0.0,0.0,-16.178,0.728,0.0,2.374,1.0,1.0,1.0,0.0,0.0,0.0,0.0,0.0,-1.886,0.0,0.0,11.374773,0.119,0.0,-2.2061682,1.0,0.532,0.773,9.477,1.0,0.0,3.223,0.0,0.0,0.0,5.413,0.0,0.068,1.935,0.0,0.0,0.0,1.0,0.0,0.0,15.145,1.0,0.0,1.0,-1.881,2.448,0.0,0.0,0.0,0.0,0.0,2.02,-3.554,0.0,0.549,0.502,1.0,0.576,-0.032,4.447,-1.69,0.0,0.80103344,0.0,9.859157,0.692,0.143,-1.484,1.0,0.268,0.0,0.0,3.131,0.0,0.0,4.713,3.458,0.14,0.567,5.90718,0.373,0.153,-1.654,1.0,1.0,5.754,0.0,12.420001,0.0,0.0,-6.227,-0.197,0.106,1.005,0.0,0.0,5.669,5.518,0.0,0.0,0.719,1.0,0.0,0.0,-1.568,1.669,0.0,5.361,1.0,0.0,4.017,1.001,0.294,1.0,1.0,1.0,0.0,0.381,0.037,4.253,0.0,1.0,0.0,3.521,0.0,1.0,0.0,0.0,1.0357143,-0.50794077,0.0,1.0,1.0,1.0,0.0,0.0,0.568,0.574,0.0,1.789,0.0,0.876,0.0,1.0,1.0,0.284,0.0,0.0,0.0,1.0,2.3035715,-0.2414123,0.0,0.0,0.0,0.0,0.0,1.223,0.0,0.0,1.0,0.0,0.946,5.79,-1.631,0.099,0.0,5.698970004336019,1.0104377584601565
Cc1ccc(NC(=O)CCC2CCCCC2)cc1NCc1ccc2c(c1)OCO2,2441.747,119.558,44.752,160.738,39.266,88.054,44.007,56.192,37.823,53.227,146.141,20.358,10.810553,-21.06,66.912,46.339428,34.542,0.0,0.0,9.473726,-11.242,0.786,0.0,2.291,1.0,1.0,1.0,1.0,1.0,0.0,0.0,0.0,-1.88,0.0,0.0,11.374773,0.151,0.0,-2.2064204,0.0,0.577,0.827,9.567,1.0,0.0,4.474,0.0,0.0,0.0,5.374,0.0,0.092,1.781,0.0,0.0,0.0,1.0,0.0,0.0,10.828,1.0,0.0,1.0,-1.876,3.147,1.0,0.0,0.0,1.0,0.001,1.791,-1.563,0.0,0.518,0.507,0.0,0.629,-0.109,4.005,-1.71,0.0,0.68439585,11.499023,9.859157,0.746,0.038,-1.527,1.0,0.211,0.0,1.0,0.974,0.0,0.0,3.945,2.527,0.035,0.591,0.0,0.367,0.147,-2.142,0.0,1.0,5.521,0.0,12.381797,0.0,0.0,-6.825,0.02,0.125,0.736,0.0,0.0,5.334,3.767,0.0,0.0,0.836,1.0,0.0,0.0,-1.712,4.398,0.0,5.209,0.0,0.0,2.72,0.733,0.264,1.0,1.0,1.0,0.0,0.334,0.029,4.498,0.0,1.0,0.0,2.641,0.0,1.0,0.0,0.0,1.0344827,-0.4535955,0.0,1.0,1.0,1.0,0.0,0.0,0.393,0.574,0.0,1.758,0.0,0.946,0.0,1.0,0.0,0.245,0.0,0.0,0.0,0.0,2.0517242,-0.062410697,0.0,0.0,0.0,0.0,0.0,1.279,0.0,0.0,1.0,1.0,0.954,5.712,-1.986,-0.015,0.0,6.221848749616356,1.0104377584601565
Cc1ccc(NC(=O)CCC2CCCCC2)cc1NC(=O)c1cccnc1,2663.813,134.713,33.259,143.772,26.908,103.7,51.46,45.908,24.887,83.844,150.819,22.37,0.0,-34.279,61.547,11.984273,30.042,0.0,0.0,0.0,-17.713,0.728,0.0,2.691,1.0,1.0,1.0,0.0,0.0,0.0,0.0,0.0,-1.854,0.0,0.0,11.374773,0.152,0.0,-2.2061372,1.0,0.541,0.787,7.959,1.0,0.0,3.158,0.0,1.0,0.0,5.427,0.0,0.086,2.099,0.0,0.0,0.0,1.0,0.0,1.0,15.469,1.0,0.0,1.0,-1.849,2.406,0.0,1.0,0.0,0.0,0.0,2.564,-3.384,0.0,0.538,0.508,1.0,0.577,-0.064,4.869,-1.662,0.0,0.5783572,0.0,9.859157,0.671,0.056,-1.437,1.0,0.23,0.0,0.0,1.388,0.0,1.0,5.202,3.653,0.061,0.579,5.90718,0.373,0.071,-1.492,1.0,1.0,5.786,0.0,12.33889,0.0,0.0,-4.095,-0.15,0.091,0.853,0.0,0.0,5.634,5.535,0.0,0.0,0.702,1.0,0.0,0.0,-1.42,1.253,0.0,5.386,1.0,1.0,4.172,0.848,0.293,1.0,1.0,1.0,0.0,0.398,0.039,4.387,0.0,1.0,0.0,3.919,0.0,1.0,0.0,1.0,1.1111112,-0.32601976,0.0,1.0,1.0,1.0,0.0,0.0,0.451,0.568,0.0,1.889,0.0,0.881,0.0,1.0,1.0,0.266,0.0,0.0,0.0,0.0,2.2160494,-0.20058729,0.0,0.0,0.0,0.0,0.0,1.235,0.0,0.0,1.0,0.0,0.951,5.789,-1.483,0.019,0.0,5.920818753952375,1.0104377584601565
CC(=O)Oc1ccc(C(=O)Nc2cc(NC(=O)CCC3CCCCC3)ccc2C)cc1,3592.005,151.014,71.819,174.281,30.729,107.99,55.978,51.35,38.01,121.856,155.604,40.287,4.986637,-27.958,70.508,11.984273,32.249,0.0,0.0,4.736863,-17.091,0.767,0.0,2.64,1.0,1.0,1.0,1.0,0.0,0.0,0.0,0.0,-1.874,1.0,0.0,11.374773,0.177,0.0,-2.2061753,1.0,0.502,0.804,11.547,1.0,0.0,3.952,0.0,0.0,0.0,5.561,0.0,0.288,2.523,0.0,0.0,0.0,1.0,0.0,0.0,19.123,1.0,0.0,1.0,-1.87,2.728,0.0,0.0,0.0,0.0,1.826,2.02,-4.184,0.0,1.261,0.53,1.0,0.546,-0.068,4.145,-1.668,0.0,0.7342571,0.0,9.859157,0.739,0.25,-1.452,1.0,0.252,0.0,0.0,3.53,0.0,0.0,5.67,4.408,0.256,0.61,5.90718,0.375,0.345,-1.679,1.0,1.0,6.033,0.0,12.60464,0.0,0.0,-3.856,-0.237,0.155,1.154,0.0,0.0,5.787,6.088,0.0,0.0,0.74,1.0,0.0,0.0,-1.624,2.395,0.0,5.8,1.0,0.0,3.604,1.149,0.342,1.0,1.0,1.0,0.0,0.298,0.036,3.797,0.0,1.0,0.0,3.703,0.0,1.0,1.0,0.0,0.9677419,-0.42673314,1.0,1.0,1.0,1.0,0.0,0.0,0.64,0.494,1.0,1.586,0.0,0.806,0.0,1.0,1.0,0.305,0.0,0.0,0.0,1.0,2.344086,0.14526913,1.0,0.0,0.0,1.0,0.0,1.214,1.0,0.0,1.0,0.0,0.956,5.939,-1.671,0.164,0.0,5.6020599913279625,1.0104377584601565
Cc1ccc(NC(=O)CCCC2CCCCC2)cc1NC(=O)c1ccc(O)cc1,2716.173,119.973,27.72,157.484,25.994,93.458,47.419,48.056,28.772,84.52,142.923,29.38,0.0,-33.261,66.055,24.323,29.293,0.0,0.0,0.0,-16.415,0.731,0.0,2.552,1.0,1.0,1.0,0.0,0.0,0.0,0.0,0.0,-1.686,0.0,0.0,11.374773,0.123,0.0,-2.2062776,1.0,0.548,0.776,7.679,1.0,0.0,3.671,0.0,0.0,0.0,5.441,0.0,0.402,1.837,0.0,0.0,0.0,1.0,0.0,0.0,16.07,1.0,0.0,1.0,-1.682,2.644,0.0,0.0,0.0,0.0,0.101,2.323,-3.598,0.0,0.849,0.537,1.0,0.591,-0.031,4.309,-1.497,0.0,0.8010583,0.0,9.856108,0.695,0.078,-1.305,1.0,0.271,0.0,0.0,3.225,0.0,0.0,4.632,2.987,0.079,0.612,5.90718,0.352,0.41,-1.651,1.0,1.0,5.785,0.0,12.422649,0.0,0.0,-5.274,-0.188,0.094,1.059,0.0,0.0,5.544,4.101,0.0,0.0,0.702,1.0,0.0,0.0,-1.622,1.687,0.0,5.414,0.0,0.0,3.335,1.054,0.365,1.0,1.0,1.0,0.0,0.35,0.034,3.716,0.0,0.0,0.0,3.39,0.0,0.0,1.0,0.0,1.0,-0.5079662,0.0,1.0,1.0,1.0,0.0,0.0,0.594,0.527,0.0,1.389,0.0,0.877,0.0,1.0,1.0,0.327,0.0,0.0,0.0,1.0,2.275862,-0.14865123,0.0,0.0,0.0,1.0,0.0,1.296,0.0,0.0,1.0,0.0,0.95,5.777,-1.652,0.021,0.0,5.3979400086720375,1.0104377584601565
Cc1ccc(C(=O)CCCC2CCCCC2)cc1NC(=O)c1cccnc1,2383.805,129.61,44.278,126.708,23.516,98.898,38.594,10.316,29.816,52.805,135.232,21.003,0.0,-35.533,59.099,24.323,21.615,0.0,0.0,0.0,-15.248,0.74,0.0,3.025,1.0,0.0,0.0,0.0,0.0,1.0,0.0,0.0,-1.56,0.0,0.0,5.6873865,0.075,0.0,-2.2060263,1.0,0.508,0.772,4.926,1.0,0.0,2.607,0.0,1.0,0.0,5.483,0.0,-0.17,2.42,0.0,0.0,0.0,0.0,0.0,1.0,10.959,0.0,1.0,1.0,-1.557,2.126,0.0,1.0,0.0,0.0,0.0,2.478,-2.552,0.0,0.074,0.449,1.0,0.538,-0.036,4.94,-1.436,0.0,0.5784105,5.783245,9.851666,0.711,-0.088,-1.294,0.0,0.204,0.0,0.0,0.957,1.0,1.0,4.651,3.144,-0.075,0.497,5.90718,0.422,-0.134,-1.269,1.0,1.0,5.592,0.0,12.582939,0.0,0.0,-4.546,-0.05,0.12,0.445,0.0,0.0,5.582,2.952,0.0,0.0,0.606,1.0,0.0,0.0,-1.32,1.472,0.0,5.258,1.0,1.0,4.07,0.442,0.271,1.0,1.0,1.0,0.0,0.426,0.028,3.612,1.0,1.0,0.0,3.289,0.0,1.0,0.0,1.0,1.1111112,-0.32167804,0.0,1.0,1.0,0.0,0.0,0.0,0.16,0.573,0.0,2.487,0.0,0.785,0.0,1.0,1.0,0.245,0.0,0.0,0.0,0.0,2.1790123,-0.2801637,0.0,0.0,0.0,0.0,1.0,1.28,0.0,0.0,1.0,0.0,0.873,5.604,-1.295,-0.105,0.0,5.698970004336019,1.0104377584601565
Cc1ccc(NC(=O)CCC2CCCCC2)cc1C(=O)Nc1ccc(O)cc1,2641.504,132.005,42.08,149.963,45.211,102.694,57.435,13.823,34.825,96.514,143.458,24.054,0.0,-32.547,64.527,11.984273,33.531,0.0,0.0,0.0,-15.657,0.728,0.0,4.023,1.0,1.0,1.0,0.0,0.0,0.0,0.0,0.0,-1.741,0.0,0.0,11.374773,0.119,0.0,-2.2059116,1.0,0.525,0.773,13.342,1.0,0.0,4.302,0.0,0.0,0.0,5.695,0.0,-0.177,1.671,0.0,0.0,0.0,1.0,0.0,0.0,15.719,1.0,0.0,1.0,-1.738,3.087,0.0,0.0,0.0,0.0,0.602,3.558,-2.934,0.0,1.488,0.497,1.0,0.571,-0.032,5.797,-1.585,0.0,0.8010564,0.0,9.859118,0.692,0.007,-1.417,1.0,0.188,0.0,0.0,1.628,1.0,0.0,3.781,5.755,0.006,0.587,5.90718,0.502,-0.178,-1.727,1.0,1.0,5.748,0.0,12.603752,0.0,0.0,-5.002,-0.18,0.212,1.438,0.0,0.0,5.823,7.107,0.0,0.0,0.719,1.0,0.0,0.0,-1.615,3.496,0.0,5.107,0.0,0.0,4.597,1.433,0.252,1.0,1.0,1.0,0.0,0.903,0.047,3.878,0.0,1.0,1.0,3.413,0.0,1.0,1.0,0.0,0.96428573,-0.5079643,0.0,1.0,1.0,1.0,0.0,0.0,0.962,0.53,0.0,1.503,0.0,0.902,0.0,0.0,1.0,0.228,0.0,1.0,0.0,1.0,2.3035715,0.031975463,0.0,0.0,0.0,1.0,0.0,1.155,0.0,0.0,1.0,0.0,0.946,5.797,-1.691,-0.044,0.0,5.154901959985743,1.0104377584601565
Cn1cncc1-c1ncc(-c2ncc(-c3ncc(-c4ccccc4)n3C)n2C)n1C,2871.313,151.131,19.812,115.083,93.45,128.543,23.032,20.089,45.669,32.373,175.232,30.108,8.14632,-14.625,62.482,45.812378,39.701,0.0,1.0,0.0,-26.105,0.89,0.0,3.19,0.0,0.0,0.0,0.0,0.0,1.0,0.0,0.0,-4.251,0.0,0.0,0.0,0.064,1.0,-2.0919333,0.0,0.427,0.89,7.688,1.0,1.0,6.64,0.0,1.0,0.0,5.541,0.0,0.236,2.2,0.0,1.0,1.0,0.0,0.0,1.0,10.112,0.0,0.0,0.0,-4.229,4.775,0.0,1.0,0.0,0.0,2.873,2.79,-3.743,1.0,6.752,0.482,0.0,0.457,-0.439,4.512,-3.701,1.0,0.4838781,17.473213,10.155661,0.89,-0.404,-2.954,0.0,0.486,0.0,1.0,-1.969,0.0,1.0,4.148,4.415,-0.349,0.596,0.0,0.455,0.236,-2.147,0.0,0.0,5.787,0.0,6.9712734,0.0,1.0,-13.759,-0.432,0.339,1.645,0.0,0.0,5.558,3.763,1.0,1.0,0.568,1.0,0.0,0.0,-1.741,9.195,1.0,5.314,1.0,1.0,3.286,1.64,0.632,1.0,0.0,0.0,0.0,0.345,0.025,3.469,1.0,0.0,0.0,3.326,0.0,0.0,0.0,1.0,0.56666666,-0.3312195,1.0,1.0,0.0,0.0,1.0,0.0,1.293,0.591,1.0,2.205,0.0,0.942,0.0,1.0,1.0,0.59,1.0,1.0,1.0,0.0,2.0444446,0.10449002,0.0,0.0,0.0,0.0,0.0,1.216,1.0,0.0,0.0,0.0,0.89,5.702,-2.021,-0.173,0.0,8.221848749616356,1.0104377584601565
CCNC(=O)[C@@H]1CSCC(=O)N[C@@H](Cc2ccccc2)C(=O)N[C@@H](C(C)C)C(=O)N2CCC[C@H]2C(=O)N[C@@H]([C@@H](C)O)C(=O)N[C@@H]([C@@H](C)O)C(=O)N[C@@H](Cc2ccc(-c3ccccc3)cc2)C(=O)N(C)[C@@H](C)C(=O)N[C@@H](Cc2ccc(-c3ccccc3)cc2)C(=O)N(C)[C@@H](C)C(=O)N[C@@H](CCC(=O)O)C(=O)N[C@@H](C)C(=O)N2CCC[C@H]2C(=O)N1,4543.032,200.93451,85.693,173.954,88.929,145.695,57.6895,60.145,78.0855,51.29,174.6595,60.4905,0.0,-36.913002,83.9495,43.81551,34.991,0.0,1.0,0.0,-17.684,0.744,11.761885,4.8170004,1.0,1.0,1.0,1.0,0.0,0.0,0.0,1.0,-2.451,1.0,1.0,0.0,0.103,0.0,-2.3318183,1.0,0.444,0.824,8.2645,1.0,1.0,5.4545,1.0,0.0,0.0,7.537,0.0,0.032,3.672,0.0,0.0,1.0,1.0,1.0,1.0,12.5875,1.0,0.0,0.0,-2.48,3.9645,0.0,0.0,0.0,1.0,1.3594999,2.7145,-3.0349998,1.0,2.359,0.40350002,1.0,0.484,-0.094,4.6495,-2.2085,1.0,0.78830415,0.0,9.986051,0.729,0.033,-1.926,1.0,0.1865,1.0,1.0,1.136,1.0,1.0,4.3995,4.697,0.0485,0.4725,0.0,0.6555,0.258,-2.001,0.0,0.0,7.346,1.0,15.252485,0.0,1.0,-8.0385,-0.2105,0.195,1.3510001,0.9383806,0.0,7.828,5.1425,1.0,1.0,0.731,1.0,0.0,1.0,-1.73,8.5105,1.0,7.864,1.0,0.0,3.3579998,1.381,0.2255,0.0,1.0,1.0,1.0,0.4725,0.0365,4.3389997,0.0,1.0,0.0,3.4035,3.0,1.0,1.0,1.0,0.44915253,-0.48995844,1.0,1.0,1.0,1.0,0.0,1.0,1.0195,0.504,1.0,2.361,1.0,1.05,1.0,0.0,1.0,0.2165,0.0,1.0,0.0,1.0,2.566384,0.035634488,0.0,1.0,1.0,1.0,1.0,1.2195001,0.0,1.0,3.0,0.0,1.057,7.274,-1.948,0.016999999,1.0,9.769551078621726,1.0104377584601565
CC(C)[C@@H]1NC(=O)[C@H](Cc2ccccc2)NC(=O)CSC[C@@H](C(=O)NCC(N)=O)NC(=O)[C@@H]2CCCN2C(=O)[C@H](CCCNC(=N)N)NC(=O)[C@H](CC(=O)O)NC(=O)[C@H](C)N(C)C(=O)[C@H](Cc2ccc(-c3ccccc3)cc2)NC(=O)[C@H](C)N(C)C(=O)[C@H](Cc2ccc(-c3ccccc3)cc2)NC(=O)[C@H]([C@@H](C)O)NC(=O)[C@H]([C@@H](C)O)NC(=O)[C@H](CO)NC1=O,4543.032,200.93451,85.693,173.954,88.929,145.695,57.6895,60.145,78.0855,51.29,174.6595,60.4905,0.0,-36.913002,83.9495,62.562893,34.991,0.0,1.0,16.87662,-17.684,0.733,11.761885,4.8170004,1.0,1.0,1.0,1.0,0.0,1.0,0.0,1.0,-2.451,1.0,1.0,0.0,0.113,0.0,-2.3292868,1.0,0.444,0.795,8.2645,1.0,1.0,5.4545,1.0,0.0,0.0,7.587,0.0,0.0,3.672,0.0,0.0,1.0,1.0,1.0,1.0,12.5875,1.0,0.0,0.0,-2.48,3.9645,1.0,0.0,1.0,1.0,1.3594999,2.7145,-3.0349998,1.0,2.359,0.40350002,1.0,0.484,-0.097,4.6495,-2.2085,1.0,0.78830415,5.9595547,9.986136,0.742,0.033,-1.926,1.0,0.1865,1.0,1.0,1.136,1.0,1.0,4.3995,4.697,0.0485,0.4725,0.0,0.6555,0.208,-2.001,0.0,0.0,7.394,1.0,15.249601,0.0,1.0,-8.0385,-0.2105,0.195,1.3510001,0.7725328,0.0,7.91,5.1425,1.0,1.0,0.76,1.0,0.0,1.0,-1.73,8.5105,1.0,7.973,1.0,1.0,3.3579998,1.381,0.2255,0.0,1.0,1.0,1.0,0.4725,0.0365,4.3389997,0.0,1.0,0.0,3.4035,2.0,1.0,1.0,1.0,0.4919355,-0.48995844,1.0,1.0,1.0,1.0,0.0,1.0,1.0195,0.504,1.0,2.361,1.0,0.994,1.0,0.0,1.0,0.2165,0.0,1.0,0.0,1.0,2.670699,0.035634488,0.0,1.0,1.0,1.0,1.0,1.2195001,0.0,1.0,2.0,0.0,0.969,7.32,-1.948,0.016999999,1.0,9.97469413473523,1.0104377584601565
Cc1ccc(NC(=O)CCC2CCCCC2)cc1-c1nc2cc(O)ccc2[nH]1,2215.289,96.719,52.914,156.982,54.11,76.509,23.689,11.12,34.37,62.657,139.4,34.96,0.0,-33.417,59.647,40.09292,28.327,0.0,1.0,0.0,-17.245,0.816,0.0,2.494,0.0,0.0,1.0,0.0,1.0,0.0,1.0,0.0,-2.253,0.0,0.0,5.6873865,0.066,1.0,-2.2057297,0.0,0.505,0.872,8.343,0.0,0.0,4.034,0.0,1.0,0.0,5.481,0.0,-0.177,1.397,0.0,1.0,0.0,1.0,0.0,1.0,10.375,1.0,0.0,0.0,-2.246,3.061,0.0,0.0,0.0,0.0,0.154,1.935,-2.514,0.0,0.755,0.497,0.0,0.535,-0.054,4.536,-2.053,1.0,0.80097604,0.0,9.85912,0.747,-0.277,-1.813,1.0,0.253,0.0,1.0,-0.819,0.0,1.0,3.147,2.754,-0.272,0.56,0.0,0.369,-0.176,-1.753,0.0,1.0,5.527,0.0,12.40387,0.0,1.0,-6.857,-0.151,0.11,0.914,0.0,0.0,5.53,1.22,0.0,0.0,0.747,1.0,0.0,1.0,-1.636,3.522,0.0,4.965,0.0,0.0,3.651,0.91,0.324,1.0,0.0,1.0,0.0,0.304,0.025,2.955,0.0,1.0,0.0,2.877,0.0,1.0,0.0,1.0,1.1785715,-0.507882,0.0,1.0,1.0,1.0,0.0,0.0,0.606,0.523,1.0,1.431,0.0,0.817,0.0,1.0,0.0,0.299,0.0,1.0,1.0,1.0,2.1488094,-0.112716414,0.0,0.0,0.0,0.0,0.0,1.323,0.0,1.0,1.0,1.0,1.002,5.696,-1.72,-0.24,0.0,9.154901959985745,1.0104377584601565
Cc1ccc2[nH]c(-c3cc(NC(=O)CCC4CCCCC4)ccc3C)nc2c1,2215.289,102.066,30.809,160.836,50.549,78.748,31.764,10.657,38.437,54.42,142.003,27.898,0.0,-23.782,61.731,46.010822,27.334,0.0,1.0,4.9839787,-15.084,0.807,0.0,2.448,0.0,0.0,1.0,0.0,1.0,0.0,1.0,1.0,-2.037,0.0,0.0,5.6873865,0.173,1.0,-2.20573,0.0,0.555,0.869,6.944,0.0,0.0,3.797,0.0,1.0,0.0,5.481,0.0,-0.201,1.233,0.0,1.0,0.0,1.0,0.0,1.0,9.991,1.0,0.0,0.0,-2.032,3.023,0.0,0.0,0.0,0.0,0.0,1.761,-1.709,0.0,0.457,0.539,0.0,0.579,-0.064,4.906,-1.89,1.0,0.5499532,0.0,9.85912,0.72,-0.272,-1.706,1.0,0.278,0.0,1.0,0.043,0.0,1.0,3.39,3.02,-0.254,0.597,0.0,0.345,-0.168,-1.803,0.0,1.0,5.527,0.0,12.431648,0.0,1.0,-6.529,-0.037,0.139,0.584,0.0,1.0,5.53,3.065,0.0,0.0,0.747,1.0,0.0,1.0,-1.686,3.72,0.0,4.965,0.0,0.0,3.62,0.58,0.325,1.0,0.0,1.0,0.0,0.349,0.03,3.463,0.0,1.0,0.0,2.861,0.0,1.0,0.0,1.0,1.1071428,-0.3379409,0.0,1.0,1.0,1.0,0.0,0.0,0.351,0.583,1.0,1.095,0.0,0.817,0.0,1.0,0.0,0.31,0.0,1.0,1.0,0.0,2.0059524,-0.3141799,0.0,0.0,0.0,0.0,0.0,1.372,0.0,1.0,1.0,1.0,0.996,5.696,-1.773,-0.217,0.0,8.886056647693163,1.0104377584601565
CC(C)c1onc(-c2c(Cl)cccc2Cl)c1COc1ccc(/C=C/c2cccc(C(=O)O)c2)c(Cl)c1,5155.994,221.875,101.449,205.205,159.802,166.998,57.944,54.835,36.237,52.451,73.94,78.924,11.694653,-13.268,90.953,16.690355,31.53,0.0,0.0,49.169304,-16.348,0.711,34.80282,4.373,0.0,1.0,0.0,1.0,0.0,0.0,0.0,1.0,-2.29,0.0,0.0,0.0,0.083,1.0,-2.112168,0.0,0.394,0.744,6.892,1.0,0.0,4.026,0.0,1.0,1.0,5.846,1.0,0.04,5.087,1.0,0.0,1.0,1.0,0.0,1.0,10.26,1.0,0.0,0.0,-2.428,3.914,1.0,0.0,1.0,0.0,0.834,2.436,-2.79,0.0,1.756,0.325,1.0,0.418,0.023,3.618,-2.173,0.0,0.81283927,0.0,10.011474,0.729,0.147,-1.907,1.0,0.094,0.0,0.0,1.723,1.0,0.0,4.503,5.51,0.135,0.371,0.0,0.725,-0.011,-1.26,0.0,0.0,6.088,0.0,11.176852,0.0,1.0,-11.248,-0.2,0.256,1.173,18.16788,0.0,5.965,6.143,1.0,0.0,0.832,1.0,1.0,1.0,-1.607,9.966,1.0,6.01,1.0,1.0,3.224,1.524,0.101,1.0,0.0,0.0,0.0,0.321,0.072,4.274,1.0,0.0,0.0,3.094,0.0,0.0,1.0,0.0,1.0,-0.4886396,0.0,1.0,0.0,1.0,0.0,0.0,1.275,0.465,1.0,2.912,1.0,0.808,1.0,0.0,1.0,0.166,0.0,1.0,1.0,1.0,2.3935184,0.22575393,1.0,0.0,1.0,1.0,1.0,1.411,0.0,0.0,0.0,0.0,0.911,6.038,-1.671,0.285,1.0,6.428291168191312,1.0104377584601565
Cn1cc(C(=O)O)c2ccc(N3CCC(OCc4c(-c5c(Cl)cccc5Cl)noc4C4CC4)CC3)cc21,3779.414,159.56,58.064,123.903,132.95,121.878,62.214,31.297,52.569,31.704,98.45,78.301,14.047204,-11.249,80.077,66.686806,28.458,0.0,0.0,32.461838,-16.08,0.811,23.20188,2.513,0.0,0.0,0.0,1.0,0.0,0.0,1.0,1.0,-2.932,0.0,0.0,5.6873865,0.005,1.0,-2.3332586,1.0,0.31,0.878,6.697,0.0,0.0,5.331,0.0,1.0,1.0,5.279,1.0,0.026,1.743,1.0,0.0,1.0,1.0,0.0,1.0,8.036,1.0,1.0,1.0,-3.204,3.964,1.0,1.0,1.0,1.0,0.47,1.593,-2.318,0.0,0.679,0.304,1.0,0.341,-0.034,1.958,-2.827,0.0,0.81495893,0.0,10.034127,0.69,0.189,-2.387,1.0,0.038,0.0,1.0,0.442,1.0,1.0,1.602,4.759,0.205,0.361,0.0,0.719,-0.084,-2.373,0.0,1.0,5.931,1.0,11.533726,1.0,1.0,-7.629,-0.254,0.273,1.022,12.966948,1.0,5.747,5.446,0.0,1.0,0.623,1.0,1.0,0.0,-1.8,13.343,1.0,5.014,1.0,1.0,2.434,1.315,-0.11,0.0,0.0,1.0,0.0,0.178,0.053,1.719,0.0,1.0,0.0,2.452,1.0,1.0,0.0,1.0,1.1351352,-0.47758284,1.0,1.0,0.0,1.0,1.0,0.0,0.936,0.37,1.0,1.124,1.0,0.889,1.0,0.0,1.0,0.029,0.0,1.0,1.0,0.0,2.2357357,0.3104842,1.0,0.0,1.0,0.0,1.0,1.369,1.0,0.0,2.0,0.0,1.075,5.738,-2.044,0.207,0.0,6.714442690992226,1.0104377584601565
O=C(O)Cc1cccc(OCCCN(Cc2cccc(C(F)(F)F)c2Cl)CC(c2ccccc2)c2ccccc2)c1,8447.551,346.439,161.002,231.193,121.671,249.84,122.027,114.868,114.337,87.494,275.616,124.023,46.635437,-83.332,120.852,17.19327,56.77,13.171246,0.0,21.44433,-34.262,0.535,11.60094,3.976,1.0,1.0,0.0,1.0,0.0,1.0,0.0,0.0,-3.021,1.0,1.0,13.171246,0.393,1.0,-2.2894733,1.0,0.565,0.558,15.925,1.0,1.0,6.15,1.0,0.0,0.0,6.031,1.0,0.261,5.181,1.0,1.0,1.0,0.0,0.0,1.0,12.549,0.0,0.0,1.0,-2.883,4.492,1.0,0.0,1.0,1.0,2.779,2.408,-8.059,1.0,1.51,0.605,0.0,0.612,-0.033,3.314,-2.333,0.0,0.78830326,0.0,9.902938,0.671,0.166,-1.942,0.0,0.22,0.0,1.0,4.675,1.0,0.0,4.869,5.849,0.217,0.699,0.0,0.5,0.319,-2.52,1.0,0.0,6.365,1.0,13.579739,0.0,0.0,-18.063,-0.756,0.138,1.362,6.287073,1.0,6.175,6.786,0.0,1.0,0.709,1.0,0.0,1.0,-2.166,8.499,1.0,6.331,1.0,0.0,3.011,1.288,0.11,1.0,1.0,0.0,1.0,0.418,0.026,6.025,1.0,0.0,0.0,2.945,0.0,0.0,1.0,0.0,0.8780488,-0.4935396,1.0,0.0,0.0,0.0,0.0,0.0,1.06,0.501,1.0,2.642,1.0,0.85,1.0,0.0,0.0,0.22,1.0,0.0,0.0,0.0,2.5738482,0.059059463,1.0,1.0,1.0,1.0,1.0,1.22,0.0,1.0,0.0,0.0,0.493,6.452,-2.407,0.122,0.0,6.508638306165727,1.0104377584601565
O=S(=O)(c1ccccc1)N(CC(F)(F)F)c1ccc(C(O)(C(F)(F)F)C(F)(F)F)cc1,8953.556,513.748,254.405,325.997,150.87,413.97,97.827,95.673,146.622,190.447,262.308,132.224,141.68198,-147.45,78.936,12.132734,62.072,39.513737,0.0,0.0,-42.936,0.602,0.0,7.106,1.0,1.0,0.0,0.0,0.0,0.0,0.0,0.0,-3.249,0.0,0.0,45.201122,0.37,0.0,-2.328005,1.0,0.267,0.597,26.821,1.0,1.0,5.906,0.0,0.0,0.0,6.155,0.0,-0.286,5.125,0.0,1.0,1.0,1.0,0.0,0.0,0.679,1.0,0.0,0.0,-2.941,2.837,0.0,1.0,0.0,0.0,1.522,6.083,-8.918,0.0,1.929,0.202,0.0,0.466,-0.002,6.831,-2.029,1.0,0.65146464,0.0,9.919293,1.051,0.111,-1.414,0.0,0.143,0.0,0.0,6.699,1.0,0.0,5.407,23.721998,0.146,0.465,15.624342,0.542,-0.296,-1.332,0.0,1.0,7.23,0.0,12.974865,0.0,1.0,-25.695,-0.565,0.214,1.362,0.0,0.0,7.138,22.943,0.0,0.0,1.038,1.0,1.0,1.0,-1.074,18.504,0.0,5.81,1.0,1.0,11.2665,1.427,0.075,0.0,1.0,0.0,1.0,0.922,0.038,16.551,1.0,0.0,0.0,11.663,0.0,0.0,1.0,1.0,0.7419355,-0.3694918,1.0,1.0,0.0,1.0,0.0,0.0,1.109,0.321,0.0,5.147,0.0,1.371,0.0,0.0,1.0,0.068,0.0,0.0,1.0,1.0,4.013441,-0.32865173,0.0,1.0,0.0,1.0,1.0,0.87,0.0,0.0,0.0,1.0,0.514,6.857,-1.273,0.008,0.0,6.769551078621726,1.0104377584601565
O=C(O)Cc1ccc(COc2cccc(-c3c(Cc4ccccc4)cnc4c(C(F)(F)F)cccc34)c2)cc1,8046.537,351.643,179.956,238.287,165.868,254.217,138.821,143.087,163.346,62.767,237.819,141.16,47.480827,-63.463,112.567,28.320173,67.517,13.171246,0.0,9.84339,-34.316,0.513,0.0,7.999,0.0,1.0,0.0,1.0,0.0,1.0,0.0,0.0,-3.248,1.0,1.0,13.171246,0.382,1.0,-2.169053,0.0,0.456,0.534,18.215,1.0,0.0,7.577,0.0,1.0,1.0,6.543,1.0,-0.08,7.502,1.0,1.0,1.0,1.0,0.0,1.0,16.513,1.0,0.0,1.0,-3.135,5.671,1.0,0.0,1.0,0.0,0.304,4.942,-6.185,1.0,1.572,0.431,0.0,0.515,-0.017,6.507,-2.649,0.0,0.78830093,0.0,9.915119,0.444,0.161,-2.295,1.0,0.457,1.0,0.0,3.455,0.0,0.0,6.303,9.414,0.168,0.514,0.0,0.713,-0.076,-2.466,1.0,0.0,6.471,0.0,13.823132,0.0,1.0,-21.014,-0.636,0.172,2.198,0.0,1.0,6.577,13.171,1.0,0.0,0.775,1.0,0.0,1.0,-2.23,12.324,0.0,6.417,1.0,1.0,4.918,2.189,0.401,1.0,0.0,0.0,1.0,0.513,0.022,8.067,1.0,0.0,0.0,3.656,0.0,0.0,1.0,1.0,0.82051283,-0.4888943,0.0,1.0,0.0,0.0,1.0,0.0,1.815,0.466,1.0,5.893,1.0,0.869,1.0,0.0,1.0,0.448,1.0,0.0,1.0,0.0,2.6047008,0.47061065,1.0,1.0,1.0,1.0,1.0,1.22,0.0,1.0,0.0,0.0,0.451,6.447,-2.397,0.125,1.0,7.045757490560675,1.0104377584601565
O=C(O)Cc1ccc(CNc2cccc(-c3c(Cc4ccccc4)cnc4c(C(F)(F)F)cccc34)c2)cc1,8234.917,347.242,226.257,255.176,157.503,252.561,110.226,103.418,129.519,77.884,228.498,110.662,41.499397,-50.859,117.772,45.13446,61.237,13.171246,0.0,5.1065273,-32.119,0.469,0.0,7.54,1.0,1.0,0.0,1.0,1.0,1.0,0.0,0.0,-3.062,1.0,1.0,18.858631,0.422,1.0,-2.1707716,0.0,0.47,0.513,17.127,1.0,0.0,6.746,0.0,1.0,1.0,6.568,1.0,-0.052,7.161,1.0,1.0,1.0,1.0,0.0,1.0,15.436,1.0,0.0,1.0,-2.949,5.15,0.0,0.0,1.0,0.0,0.325,4.173,-5.34,1.0,1.981,0.44,0.0,0.526,-0.006,6.674,-2.47,0.0,0.78830093,0.0,9.913589,0.398,-0.044,-2.118,0.0,0.383,1.0,0.0,1.377,0.0,0.0,6.559,9.537,-0.047,0.524,0.0,0.697,-0.088,-2.512,1.0,1.0,6.502,0.0,13.833132,0.0,0.0,-17.204,-0.436,0.192,2.097,0.0,0.0,6.588,13.267,1.0,0.0,0.814,1.0,0.0,1.0,-2.286,9.976,0.0,6.468,1.0,1.0,4.984,2.088,0.324,1.0,1.0,0.0,1.0,0.435,0.02,8.644,1.0,0.0,0.0,3.786,0.0,0.0,1.0,1.0,0.82051283,-0.48098618,0.0,1.0,0.0,0.0,1.0,0.0,1.767,0.481,1.0,4.803,1.0,0.874,1.0,0.0,1.0,0.366,1.0,0.0,1.0,0.0,2.5790598,0.32881567,0.0,1.0,1.0,1.0,1.0,1.263,0.0,0.0,0.0,0.0,0.476,6.47,-2.451,-0.016,1.0,7.045757490560675,1.0104377584601565
FC(F)(F)c1cccc2c(-c3ccccc3)n(Cc3ccccc3)nc12,4131.85,280.692,119.711,167.042,170.601,248.045,125.544,104.899,131.045,30.24,230.915,91.834,41.97394,-67.096,92.775,17.19327,59.191,18.269926,0.0,0.0,-29.366,0.545,0.0,11.152,1.0,1.0,1.0,0.0,0.0,0.0,0.0,0.0,-2.839,0.0,0.0,13.171246,0.404,0.0,-2.0815215,1.0,0.23,0.627,11.235,1.0,0.0,6.474,0.0,0.0,1.0,6.349,0.0,-0.04,12.751,0.0,0.0,1.0,1.0,0.0,1.0,8.827,1.0,0.0,1.0,-2.73,4.359,0.0,0.0,0.0,0.0,3.044,10.094,-7.456,0.0,3.653,0.045,1.0,0.309,0.011,12.005,-2.319,0.0,0.58411324,0.0,10.045749,0.407,0.39,-1.997,1.0,0.443,1.0,0.0,7.886,1.0,0.0,14.708,8.628,0.408,0.079,0.0,0.763,-0.034,-1.885,1.0,1.0,6.103,0.0,13.438876,0.0,0.0,-14.448,-0.673,0.261,1.276,0.0,0.0,6.106,5.609,1.0,0.0,0.766,1.0,0.0,0.0,-1.728,13.382,0.0,6.447,1.0,1.0,7.145,1.284,0.309,1.0,0.0,0.0,1.0,0.827,0.054,9.819,1.0,0.0,0.0,5.878,0.0,0.0,1.0,1.0,0.7692308,-0.28842223,0.0,1.0,0.0,0.0,1.0,1.0,1.141,0.484,1.0,14.716,0.0,0.864,0.0,1.0,0.0,0.385,0.0,1.0,1.0,0.0,2.6057692,-0.1610897,0.0,1.0,0.0,0.0,0.0,1.176,0.0,0.0,0.0,1.0,0.534,6.228,-1.875,0.276,1.0,5.486782399932061,1.0104377584601565
Cc1ccc(Cn2nc3c(C(F)(F)F)cccc3c2-c2ccc(F)cc2)c(C)c1,4403.034,262.957,144.041,163.39,144.069,209.466,112.054,69.645,134.128,35.587,198.471,96.379,55.65601,-61.08,81.471,22.756721,58.161,18.269926,0.0,0.0,-27.918,0.584,0.0,8.934,1.0,1.0,1.0,0.0,0.0,0.0,0.0,0.0,-2.898,0.0,0.0,17.56166,0.289,0.0,-2.1101573,1.0,0.319,0.647,16.385,1.0,0.0,7.046,0.0,0.0,1.0,6.394,0.0,0.002,9.38,0.0,0.0,0.0,1.0,0.0,1.0,8.754,1.0,1.0,1.0,-2.773,4.482,0.0,0.0,0.0,0.0,2.757,6.312,-6.182,0.0,3.428,0.166,1.0,0.43,0.008,10.136,-2.313,0.0,0.58411324,0.0,10.034185,0.479,0.227,-1.961,1.0,0.482,1.0,0.0,5.197,1.0,0.0,11.129,6.827,0.249,0.251,0.0,0.794,0.024,-2.019,1.0,1.0,6.114,0.0,13.550746,0.0,0.0,-14.076,-0.62,0.27,1.379,0.0,0.0,6.093,5.076,1.0,0.0,0.744,1.0,0.0,0.0,-1.806,14.128,0.0,6.378,1.0,1.0,5.663,1.383,0.427,1.0,0.0,0.0,1.0,0.652,0.042,8.091,1.0,0.0,1.0,4.75,0.0,0.0,1.0,1.0,0.9310345,-0.28842223,1.0,1.0,0.0,0.0,1.0,1.0,1.174,0.544,1.0,8.796,0.0,0.669,0.0,1.0,0.0,0.477,0.0,1.0,1.0,1.0,2.7155173,0.05541903,0.0,1.0,1.0,0.0,0.0,1.192,0.0,0.0,0.0,1.0,0.575,6.276,-1.978,0.144,1.0,6.004364805402449,1.0104377584601565
Fc1ccc(-c2c3cccc(C(F)(F)F)c3nn2Cc2ccc(F)cc2Cl)cc1,5387.914,339.935,125.345,157.831,149.537,271.277,154.599,113.031,135.792,35.31,210.056,89.957,68.560326,-61.379,77.769,12.132734,65.695,18.269926,0.0,11.60094,-29.811,0.615,11.60094,10.74,1.0,1.0,1.0,0.0,0.0,0.0,0.0,0.0,-2.631,0.0,0.0,21.952076,0.208,0.0,-2.0978599,1.0,0.27,0.673,17.978,1.0,0.0,6.826,0.0,0.0,1.0,6.513,0.0,0.028,11.467,0.0,0.0,0.0,1.0,0.0,1.0,13.767,1.0,1.0,1.0,-2.794,4.205,0.0,0.0,0.0,0.0,3.884,7.608,-7.264,0.0,4.879,0.092,1.0,0.404,0.008,11.219,-2.328,0.0,0.58411324,0.0,10.0439825,0.644,0.05,-1.923,1.0,0.487,1.0,0.0,4.531,1.0,0.0,12.556,7.392,0.01,0.224,0.0,0.85,0.091,-1.639,1.0,1.0,6.243,0.0,13.487968,0.0,0.0,-14.195,-0.683,0.231,1.745,6.090436,0.0,6.14,5.769,1.0,0.0,0.837,1.0,0.0,0.0,-1.486,13.722,0.0,6.519,1.0,1.0,5.939,1.761,0.517,1.0,0.0,0.0,1.0,0.648,0.052,11.521,1.0,0.0,0.0,5.466,0.0,0.0,1.0,1.0,0.8965517,-0.28842223,0.0,1.0,0.0,0.0,1.0,1.0,1.341,0.521,1.0,10.571,0.0,0.734,0.0,1.0,0.0,0.494,0.0,1.0,1.0,1.0,2.9952106,-0.11296555,0.0,1.0,1.0,0.0,0.0,1.12,0.0,0.0,0.0,1.0,0.645,6.406,-1.696,-0.003,1.0,5.435333935747911,1.0104377584601565
Fc1ccc(-c2c3cccc(C(F)(F)F)c3nn2Cc2ccccc2F)cc1,5202.219,333.112,150.543,160.658,139.467,282.405,106.447,117.697,142.43,32.667,197.957,103.882,69.12177,-48.991,83.898,6.066367,60.627,18.269926,0.0,0.0,-31.579,0.647,0.0,13.057,1.0,1.0,1.0,0.0,0.0,1.0,0.0,0.0,-3.231,0.0,0.0,21.952076,0.198,0.0,-2.0906363,1.0,0.233,0.703,15.291,1.0,0.0,7.052,0.0,0.0,1.0,6.553,0.0,-0.043,14.979,0.0,0.0,0.0,1.0,0.0,1.0,12.647,1.0,1.0,1.0,-3.105,4.493,0.0,0.0,0.0,0.0,6.84,9.803,-6.657,0.0,7.197,0.06,1.0,0.355,0.007,12.22,-2.623,0.0,0.58411324,0.0,10.043849,0.554,0.121,-2.238,1.0,0.399,1.0,0.0,4.434,1.0,0.0,14.296,7.906,0.136,0.151,0.0,0.92,-0.02,-1.956,1.0,1.0,6.202,0.0,14.115695,0.0,0.0,-17.819,-0.696,0.206,1.702,0.0,0.0,6.172,6.409,1.0,0.0,0.806,1.0,0.0,0.0,-1.7,14.516,0.0,6.602,1.0,1.0,6.538,1.68,0.23,1.0,0.0,0.0,1.0,1.179,0.045,13.127,1.0,0.0,0.0,5.541,0.0,0.0,1.0,1.0,0.8214286,-0.28842223,0.0,1.0,0.0,0.0,1.0,1.0,1.331,0.459,1.0,14.849,0.0,0.789,0.0,1.0,0.0,0.324,0.0,1.0,1.0,1.0,2.9672618,-0.11603727,0.0,1.0,1.0,1.0,0.0,1.112,0.0,0.0,0.0,1.0,0.639,6.357,-1.904,0.073,1.0,5.381951903287908,1.0104377584601565
Fc1ccc(-c2c3cccc(C(F)(F)F)c3nn2Cc2ccccc2Cl)cc1,4826.596,308.347,123.251,156.42,154.499,258.26,120.29,86.263,127.358,35.272,195.671,102.922,55.31044,-58.956,83.16,6.066367,58.889,18.269926,0.0,11.60094,-28.12,0.574,11.60094,11.492,1.0,1.0,1.0,0.0,0.0,0.0,0.0,0.0,-2.45,0.0,0.0,17.56166,0.284,0.0,-2.095176,1.0,0.265,0.641,13.078,1.0,0.0,6.274,0.0,0.0,1.0,6.474,0.0,-0.021,13.119,0.0,0.0,0.0,1.0,0.0,1.0,10.339,1.0,1.0,1.0,-2.618,4.086,0.0,0.0,0.0,0.0,5.589,8.844,-6.849,0.0,5.887,0.064,1.0,0.381,0.008,11.56,-2.209,0.0,0.58411324,0.0,10.044081,0.627,0.069,-1.843,1.0,0.478,1.0,0.0,4.381,1.0,0.0,13.261,7.488,0.047,0.157,0.0,0.892,0.025,-1.569,1.0,1.0,6.154,0.0,13.485213,0.0,0.0,-14.362,-0.633,0.242,1.512,6.225158,0.0,6.133,5.647,1.0,0.0,0.807,1.0,0.0,0.0,-1.522,13.218,0.0,6.506,1.0,1.0,6.323,1.495,0.423,1.0,0.0,0.0,1.0,0.672,0.051,11.009,1.0,0.0,0.0,5.315,0.0,0.0,1.0,1.0,0.89285713,-0.28842223,0.0,1.0,0.0,0.0,1.0,1.0,1.247,0.542,1.0,13.404,0.0,0.742,0.0,1.0,0.0,0.459,0.0,1.0,1.0,1.0,2.828373,-0.1336911,0.0,1.0,1.0,1.0,0.0,1.183,0.0,0.0,0.0,1.0,0.6,6.318,-1.673,0.023,1.0,5.539102157243452,1.0104377584601565
Fc1ccc(Cn2nc3c(C(F)(F)F)cccc3c2-c2ccc(F)cc2)cc1,5202.219,335.924,111.204,166.064,159.644,271.907,135.066,113.991,151.955,30.959,246.394,125.953,68.28306,-62.79,82.3,6.066367,72.679,18.269926,0.0,0.0,-32.27,0.647,0.0,10.701,1.0,1.0,1.0,0.0,0.0,0.0,0.0,0.0,-3.16,0.0,0.0,21.952076,0.198,0.0,-2.0855758,1.0,0.25,0.703,21.815,1.0,0.0,7.816,0.0,0.0,1.0,6.489,0.0,0.053,10.829,0.0,0.0,0.0,1.0,0.0,1.0,13.372,1.0,0.0,1.0,-3.026,4.634,0.0,0.0,0.0,0.0,2.524,8.275,-7.205,0.0,4.145,0.095,1.0,0.372,0.007,11.945,-2.533,0.0,0.58411324,0.0,10.044098,0.554,0.242,-2.154,1.0,0.43,1.0,0.0,6.266,1.0,0.0,13.545,7.947,0.257,0.229,0.0,0.782,0.098,-2.0,1.0,1.0,6.148,0.0,13.444964,0.0,0.0,-14.147,-0.694,0.217,1.784,0.0,0.0,6.124,6.046,1.0,0.0,0.839,1.0,0.0,0.0,-1.672,14.659,0.0,6.502,1.0,1.0,6.274,1.756,0.302,1.0,0.0,0.0,1.0,0.684,0.05,10.247,1.0,0.0,0.0,5.274,0.0,0.0,1.0,1.0,0.78571427,-0.28842223,0.0,1.0,0.0,0.0,1.0,1.0,1.372,0.452,1.0,10.596,0.0,0.691,0.0,1.0,0.0,0.379,0.0,1.0,1.0,1.0,2.9672618,-0.105717845,0.0,1.0,1.0,0.0,0.0,1.096,0.0,0.0,0.0,1.0,0.639,6.393,-1.91,0.15,1.0,5.242603971206975,1.0104377584601565
Fc1ccc(-c2c3cccc(C(F)(F)F)c3nn2Cc2ccc(Cl)cc2)cc1,4826.596,299.316,114.732,158.665,165.166,245.193,113.967,74.774,139.396,31.053,217.311,124.812,55.29035,-62.014,81.782,11.629819,58.319,18.269926,0.0,11.60094,-27.314,0.574,11.60094,10.319,1.0,1.0,1.0,0.0,0.0,0.0,0.0,0.0,-2.579,0.0,0.0,17.56166,0.284,0.0,-2.0865414,1.0,0.329,0.641,13.29,1.0,0.0,6.276,0.0,0.0,1.0,6.461,0.0,0.031,10.48,0.0,0.0,0.0,1.0,0.0,1.0,7.925,1.0,0.0,1.0,-2.711,4.168,0.0,0.0,0.0,0.0,2.501,7.896,-6.02,0.0,3.978,0.203,1.0,0.412,0.008,11.624,-2.31,0.0,0.58411324,0.0,10.044159,0.627,0.234,-1.957,1.0,0.398,1.0,0.0,6.083,1.0,0.0,13.182,7.722,0.228,0.301,0.0,0.769,0.041,-1.675,1.0,1.0,6.134,0.0,13.471971,0.0,0.0,-14.881,-0.62,0.234,1.312,5.908888,0.0,6.115,5.927,1.0,0.0,0.845,1.0,0.0,0.0,-1.595,14.088,0.0,6.473,1.0,1.0,6.219,1.428,0.174,1.0,0.0,0.0,1.0,0.679,0.062,9.236,1.0,0.0,0.0,5.21,0.0,0.0,1.0,1.0,0.89285713,-0.28842223,0.0,1.0,0.0,0.0,1.0,1.0,1.208,0.509,1.0,10.214,0.0,0.719,0.0,1.0,0.0,0.34,0.0,1.0,1.0,1.0,2.828373,-0.05759259,0.0,1.0,1.0,0.0,0.0,1.21,0.0,0.0,0.0,1.0,0.6,6.339,-1.777,0.155,1.0,5.043351420794797,1.0104377584601565
Fc1cc(Cl)ccc1Cn1nc2c(C(F)(F)F)cccc2c1-c1ccc(Cl)cc1,5005.376,299.643,151.411,147.363,160.135,246.475,102.932,119.322,139.914,32.72,174.684,86.04,56.2194,-52.015,77.228,12.132734,41.101,18.269926,0.0,23.20188,-26.592,0.552,23.20188,11.248,1.0,1.0,1.0,0.0,0.0,1.0,0.0,0.0,-2.85,0.0,0.0,17.56166,0.286,0.0,-2.0954788,1.0,0.39,0.618,6.824,1.0,0.0,4.631,0.0,0.0,1.0,6.509,0.0,-0.035,12.379,0.0,0.0,0.0,1.0,0.0,1.0,5.876,1.0,1.0,1.0,-2.896,3.657,0.0,0.0,0.0,0.0,4.528,7.597,-8.253,0.0,5.396,0.248,1.0,0.453,0.008,10.893,-2.477,0.0,0.58411324,0.0,10.044853,0.663,0.263,-2.11,1.0,0.389,1.0,0.0,5.769,1.0,0.0,12.649,7.495,0.346,0.349,0.0,0.848,-0.059,-1.992,1.0,1.0,6.263,0.0,14.3242235,0.0,0.0,-15.339,-0.765,0.222,1.013,11.745422,0.0,6.157,6.278,1.0,0.0,0.845,1.0,0.0,0.0,-1.726,14.782,0.0,6.546,1.0,1.0,6.005,1.276,0.126,1.0,0.0,0.0,1.0,1.137,0.055,11.762,1.0,0.0,0.0,5.559,0.0,0.0,1.0,1.0,0.8965517,-0.28842223,0.0,1.0,0.0,0.0,1.0,1.0,1.091,0.551,1.0,10.878,0.0,0.859,0.0,1.0,0.0,0.318,0.0,1.0,1.0,0.0,2.8611112,-0.007959305,0.0,1.0,1.0,0.0,0.0,1.273,0.0,0.0,0.0,1.0,0.608,6.337,-1.953,0.154,1.0,5.008773924307505,1.0104377584601565
Fc1ccc(Cn2nc3c(C(F)(F)F)cccc3c2-c2ccc(Cl)cc2)c(Cl)c1,5005.376,311.683,100.924,150.301,159.685,249.903,136.172,129.674,123.399,35.274,194.981,79.828,55.382515,-64.489,77.255,12.132734,52.842,18.269926,0.0,23.20188,-25.646,0.552,23.20188,10.08,1.0,1.0,1.0,0.0,0.0,0.0,0.0,0.0,-2.298,0.0,0.0,17.56166,0.286,0.0,-2.0988853,1.0,0.347,0.618,11.067,1.0,0.0,5.216,0.0,0.0,1.0,6.455,0.0,0.019,10.891,0.0,0.0,0.0,1.0,0.0,1.0,8.74,1.0,1.0,1.0,-2.617,3.732,0.0,0.0,0.0,0.0,3.419,7.07,-6.946,0.0,4.177,0.164,1.0,0.442,0.008,10.588,-2.22,0.0,0.58411324,0.0,10.045027,0.663,0.116,-1.84,1.0,0.508,1.0,0.0,4.32,1.0,0.0,12.028,7.299,0.074,0.294,0.0,0.833,0.059,-1.497,1.0,1.0,6.231,0.0,13.520107,0.0,0.0,-13.422,-0.68,0.234,1.063,12.079949,0.0,6.126,5.639,1.0,0.0,0.845,1.0,0.0,0.0,-1.452,13.126,0.0,6.476,1.0,1.0,5.857,1.398,0.558,1.0,0.0,0.0,1.0,0.6,0.052,10.719,1.0,0.0,0.0,5.407,0.0,0.0,1.0,1.0,0.9310345,-0.28842223,0.0,1.0,0.0,0.0,1.0,1.0,1.122,0.577,1.0,9.898,0.0,0.772,0.0,1.0,0.0,0.516,0.0,1.0,1.0,1.0,2.8611112,-0.07317807,0.0,1.0,1.0,0.0,0.0,1.219,0.0,0.0,0.0,1.0,0.608,6.353,-1.619,0.049,1.0,4.950007143079858,1.0104377584601565
FC(F)(F)c1cccc2c(-c3ccc(Cl)cc3)n(Cc3ccccc3Cl)nc12,4466.097,280.6,98.18,148.873,165.117,237.507,108.142,100.183,114.943,35.233,184.097,95.472,42.11194,-61.301,82.642,17.19327,47.401,18.269926,0.0,23.20188,-24.745,0.505,23.20188,10.839,1.0,1.0,1.0,0.0,0.0,0.0,0.0,0.0,-2.164,0.0,0.0,13.171246,0.393,0.0,-2.096275,1.0,0.348,0.582,5.71,1.0,0.0,4.701,0.0,0.0,1.0,6.414,0.0,-0.041,12.543,0.0,0.0,0.0,1.0,0.0,1.0,5.548,1.0,1.0,1.0,-2.479,3.611,0.0,0.0,0.0,0.0,5.165,8.303,-6.996,0.0,5.199,0.14,1.0,0.423,0.009,10.882,-2.12,0.0,0.58411324,0.0,10.045127,0.652,0.171,-1.769,1.0,0.498,1.0,0.0,4.775,1.0,0.0,12.693,7.397,0.159,0.232,0.0,0.875,-0.03,-1.457,1.0,1.0,6.14,0.0,13.517353,0.0,0.0,-14.582,-0.65,0.245,0.889,12.235369,0.0,6.119,5.536,1.0,0.0,0.817,1.0,0.0,0.0,-1.494,12.623,0.0,6.463,1.0,1.0,6.235,1.153,0.477,1.0,0.0,0.0,1.0,0.665,0.051,10.151,1.0,0.0,0.0,5.252,0.0,0.0,1.0,1.0,0.85714287,-0.28842223,0.0,1.0,0.0,0.0,1.0,1.0,1.029,0.602,1.0,12.71,0.0,0.794,0.0,1.0,0.0,0.485,0.0,1.0,1.0,0.0,2.6894841,-0.09185094,0.0,1.0,1.0,1.0,0.0,1.285,0.0,0.0,0.0,1.0,0.552,6.26,-1.614,0.095,1.0,4.991399828238082,1.0104377584601565
Fc1ccccc1Cn1nc2c(C(F)(F)F)cccc2c1-c1ccc(Cl)cc1,4826.596,305.32,144.895,153.131,149.78,260.619,90.197,128.27,131.482,32.568,190.009,94.402,55.98755,-51.719,83.39,6.066367,48.475,18.269926,0.0,11.60094,-29.209,0.574,11.60094,12.417,1.0,1.0,1.0,0.0,0.0,1.0,0.0,0.0,-2.964,0.0,0.0,17.56166,0.284,0.0,-2.0918324,1.0,0.316,0.641,9.164,1.0,0.0,5.531,0.0,0.0,1.0,6.497,0.0,-0.061,14.419,0.0,0.0,0.0,1.0,0.0,1.0,7.466,1.0,1.0,1.0,-2.977,4.022,0.0,0.0,0.0,0.0,6.505,9.257,-7.342,0.0,6.554,0.124,1.0,0.396,0.008,11.536,-2.538,0.0,0.58411324,0.0,10.044891,0.627,0.192,-2.164,1.0,0.386,1.0,0.0,4.528,1.0,0.0,13.724,7.804,0.209,0.221,0.0,0.904,-0.067,-1.859,1.0,1.0,6.189,0.0,14.147835,0.0,0.0,-16.745,-0.668,0.208,1.219,5.945931,0.0,6.158,6.321,1.0,0.0,0.807,1.0,0.0,0.0,-1.688,14.011,0.0,6.562,1.0,1.0,6.449,1.338,0.196,1.0,0.0,0.0,1.0,1.192,0.045,12.272,1.0,0.0,0.0,5.477,0.0,0.0,1.0,1.0,0.89285713,-0.28842223,0.0,1.0,0.0,0.0,1.0,1.0,1.144,0.518,1.0,14.155,0.0,0.833,0.0,1.0,0.0,0.323,0.0,1.0,1.0,0.0,2.828373,-0.07168486,0.0,1.0,1.0,1.0,0.0,1.216,0.0,0.0,0.0,1.0,0.6,6.301,-1.896,0.115,1.0,5.128427064454121,1.0104377584601565
FC(F)(F)c1ccccc1Cn1nc2c(C(F)(F)F)cccc2c1-c1ccc(Cl)cc1,6647.619,387.457,187.395,170.332,219.893,318.766,161.109,98.312,226.621,59.593,189.013,171.929,82.164604,-123.338,89.472,12.132734,76.452,31.441172,0.0,11.60094,-37.034,0.475,11.60094,9.577,1.0,1.0,1.0,0.0,0.0,0.0,0.0,0.0,-3.49,0.0,0.0,26.342491,0.424,0.0,-2.1414514,1.0,0.352,0.531,16.478,1.0,0.0,7.741,0.0,0.0,1.0,6.538,0.0,0.055,16.021,0.0,0.0,0.0,1.0,0.0,1.0,-0.465,1.0,1.0,1.0,-3.401,4.377,0.0,0.0,0.0,0.0,7.711,6.007,-6.343,0.0,2.984,0.141,1.0,0.492,0.008,9.952,-2.702,0.0,0.58411324,0.0,10.037835,0.591,0.326,-2.173,1.0,0.4,1.0,0.0,7.733,1.0,0.0,13.849,9.667,0.365,0.31,0.0,0.836,0.103,-1.781,1.0,1.0,6.497,0.0,13.545964,0.0,0.0,-15.618,-0.719,0.178,0.931,5.920697,0.0,6.372,5.931,1.0,0.0,0.863,1.0,0.0,0.0,-1.642,20.23,0.0,6.824,1.0,1.0,6.442,1.083,0.308,1.0,0.0,0.0,1.0,0.528,0.03,13.095,1.0,0.0,1.0,6.145,0.0,0.0,1.0,1.0,0.7419355,-0.28842223,0.0,1.0,0.0,0.0,1.0,1.0,0.968,0.528,1.0,12.622,0.0,0.783,0.0,1.0,0.0,0.377,0.0,1.0,1.0,0.0,3.1111112,-0.059290625,0.0,1.0,1.0,1.0,0.0,1.114,0.0,0.0,0.0,1.0,0.495,6.605,-1.848,0.203,1.0,4.810790510417694,1.0104377584601565
CS(=O)(=O)c1cc(Cl)cc(Oc2cccc(-c3c(C(N)=O)cnc4c(C(F)(F)F)cccc34)c2)c1,7161.976,344.018,135.27,241.464,136.214,258.727,132.276,209.812,191.393,96.915,136.344,170.026,70.28846,-68.661,83.135,18.51898,46.42,13.171246,0.0,22.07147,-15.032,0.575,11.60094,8.802,1.0,1.0,1.0,0.0,0.0,0.0,0.0,0.0,-2.042,0.0,0.0,13.171246,0.252,0.0,-2.153958,0.0,0.409,0.603,9.618,1.0,0.0,4.804,0.0,1.0,1.0,6.5,0.0,-0.19,8.489,0.0,1.0,0.0,1.0,0.0,1.0,13.581,1.0,0.0,1.0,-2.028,3.483,0.0,1.0,0.0,0.0,2.92,6.568,-2.719,1.0,2.773,0.461,1.0,0.448,0.01,7.72,-1.742,0.0,0.6159511,9.837254,9.941579,0.671,0.235,-1.494,0.0,0.442,0.0,0.0,2.786,1.0,0.0,8.336,13.751,0.472,0.521,5.90718,0.743,-0.15,-2.242,1.0,1.0,6.517,0.0,13.5613575,0.0,1.0,-12.805,-0.601,0.284,2.214,6.027366,0.0,6.703,11.18,1.0,0.0,0.901,1.0,0.0,1.0,-1.729,12.736,0.0,6.452,1.0,1.0,6.978,2.185,0.523,1.0,0.0,0.0,1.0,0.692,0.078,6.627,1.0,0.0,0.0,4.83,0.0,0.0,0.0,1.0,1.0285715,-0.45725995,0.0,1.0,0.0,0.0,1.0,0.0,1.639,0.415,1.0,8.321,0.0,0.747,0.0,0.0,1.0,0.448,0.0,0.0,1.0,0.0,2.9746032,0.18030255,1.0,1.0,1.0,1.0,0.0,1.159,1.0,1.0,0.0,1.0,0.501,6.525,-2.073,0.232,1.0,4.962573502059376,1.0104377584601565
Cc1nc2c(C(F)(F)F)cccc2nc1-c1ccc(-c2cccc(S(C)(=O)=O)c2)cc1,5485.998,304.77,165.339,222.185,75.92,220.75,96.959,24.06,94.772,128.177,219.129,17.466,63.426846,-83.439,86.43,23.44904,43.902,13.171246,0.0,0.0,-26.427,0.558,0.0,3.277,1.0,1.0,1.0,0.0,1.0,0.0,1.0,1.0,-2.43,0.0,0.0,13.171246,0.278,1.0,-2.1216974,0.0,0.438,0.627,21.067,1.0,0.0,5.278,0.0,1.0,1.0,5.775,0.0,-0.163,3.377,0.0,1.0,0.0,1.0,0.0,1.0,16.968,1.0,0.0,0.0,-2.174,3.884,0.0,0.0,0.0,0.0,3.354,2.417,-4.414,0.0,3.925,0.477,1.0,0.483,0.033,5.198,-1.78,0.0,0.5841038,9.837254,10.016417,0.606,0.178,-1.487,0.0,0.395,1.0,1.0,2.185,1.0,1.0,6.259,9.863,0.232,0.554,0.0,0.278,-0.117,-2.006,0.0,1.0,6.352,0.0,13.275311,0.0,1.0,-12.867,-0.547,0.316,2.373,0.0,0.0,6.268,6.921,1.0,0.0,0.844,1.0,0.0,1.0,-1.568,7.623,1.0,5.883,1.0,1.0,6.037,2.344,0.491,1.0,0.0,0.0,1.0,0.564,0.059,6.729,1.0,0.0,0.0,5.399,0.0,0.0,1.0,1.0,0.8064516,-0.28842223,1.0,1.0,0.0,0.0,0.0,0.0,1.852,0.418,1.0,2.319,0.0,0.636,0.0,1.0,1.0,0.416,1.0,1.0,1.0,0.0,2.811828,-0.14879088,0.0,1.0,0.0,1.0,0.0,1.083,1.0,0.0,0.0,1.0,0.535,6.395,-1.813,0.16,1.0,5.769551078621726,1.0104377584601565
CCc1nc2c(C(F)(F)F)cccc2nc1-c1ccc(-c2cccc(S(C)(=O)=O)c2)cc1,5593.168,299.881,160.876,223.422,82.296,214.121,104.607,17.553,95.174,124.684,213.264,20.68,63.804825,-82.943,87.273,29.012491,44.208,13.171246,0.0,0.0,-25.976,0.563,0.0,4.019,1.0,1.0,1.0,0.0,1.0,0.0,1.0,1.0,-2.255,0.0,0.0,13.171246,0.284,1.0,-2.131812,0.0,0.44,0.632,21.177,1.0,0.0,5.398,0.0,1.0,1.0,5.863,0.0,-0.118,3.308,0.0,1.0,0.0,1.0,0.0,1.0,16.107,1.0,0.0,0.0,-2.036,4.022,0.0,0.0,0.0,0.0,3.228,3.189,-4.073,0.0,5.707,0.482,1.0,0.482,0.033,5.231,-1.65,0.0,0.5841038,9.837254,10.009147,0.611,0.245,-1.359,0.0,0.372,1.0,1.0,2.263,1.0,1.0,5.887,9.484,0.292,0.554,0.0,0.42,-0.082,-2.215,0.0,1.0,6.363,0.0,13.379266,0.0,1.0,-11.822,-0.508,0.28,2.182,0.0,0.0,6.289,6.873,1.0,0.0,0.814,1.0,0.0,1.0,-1.72,8.522,1.0,5.888,1.0,1.0,5.76,2.161,0.452,1.0,0.0,0.0,1.0,0.571,0.053,6.424,1.0,0.0,0.0,5.116,0.0,0.0,1.0,1.0,0.84375,-0.28842223,1.0,1.0,0.0,0.0,0.0,0.0,1.705,0.405,1.0,2.233,0.0,0.617,0.0,1.0,1.0,0.392,1.0,1.0,1.0,0.0,2.7708333,-0.107336216,0.0,1.0,0.0,1.0,0.0,1.055,1.0,0.0,0.0,1.0,0.539,6.398,-1.983,0.22,1.0,6.455931955649724,1.0104377584601565
Cc1nc2c(Cl)cccc2nc1-c1ccc(-c2cccc(S(C)(=O)=O)c2)cc1,3532.291,209.269,149.263,204.428,87.778,157.981,93.297,27.346,30.84,82.653,148.437,4.903,23.598919,-36.652,79.573,33.59491,30.604,0.0,0.0,16.584919,-13.242,0.726,11.60094,3.956,1.0,1.0,1.0,0.0,1.0,0.0,1.0,0.0,-1.556,1.0,0.0,0.0,0.091,1.0,-2.0918074,0.0,0.499,0.857,8.794,1.0,0.0,3.828,0.0,1.0,1.0,5.721,0.0,-0.1,1.774,0.0,1.0,0.0,0.0,0.0,1.0,16.217,0.0,0.0,0.0,-1.44,3.509,0.0,0.0,0.0,0.0,0.666,3.325,-4.749,0.0,4.536,0.57,1.0,0.503,0.099,6.119,-1.393,0.0,0.3990307,9.837254,10.018601,0.665,0.202,-1.31,0.0,0.345,0.0,1.0,1.133,1.0,1.0,4.292,6.181,0.272,0.634,0.0,0.324,-0.038,-1.661,0.0,1.0,5.968,0.0,11.799459,0.0,1.0,-9.336,-0.401,0.398,1.833,6.215453,0.0,5.79,5.365,1.0,0.0,0.857,1.0,0.0,0.0,-1.344,4.231,1.0,5.246,1.0,0.0,4.727,1.846,0.379,1.0,0.0,0.0,0.0,0.596,0.038,3.758,1.0,0.0,0.0,4.708,0.0,0.0,1.0,1.0,0.8214286,-0.28842223,1.0,1.0,0.0,0.0,0.0,0.0,1.59,0.488,1.0,1.466,0.0,0.604,0.0,1.0,1.0,0.362,1.0,1.0,1.0,0.0,2.358135,-0.07402085,0.0,0.0,1.0,1.0,0.0,1.225,1.0,0.0,0.0,1.0,1.09,5.948,-1.56,0.182,0.0,6.42021640338319,1.0104377584601565
CNS(=O)(=O)c1cccc(-c2ccc(-c3nc4cccc(C(F)(F)F)c4nc3C)cc2)c1,6021.848,324.409,171.897,282.872,83.722,233.545,79.594,23.322,104.621,136.898,234.483,19.138,66.28467,-93.889,90.355,11.629819,48.525,13.171246,0.0,0.0,-24.404,0.552,0.0,3.693,1.0,1.0,0.0,0.0,1.0,0.0,1.0,1.0,-2.514,0.0,0.0,13.171246,0.366,1.0,-2.122285,0.0,0.42,0.571,20.011,1.0,1.0,5.447,0.0,1.0,1.0,5.892,0.0,-0.169,3.432,0.0,1.0,0.0,1.0,0.0,1.0,16.395,1.0,0.0,0.0,-2.276,4.028,0.0,1.0,0.0,0.0,3.616,2.626,-3.229,0.0,4.031,0.454,1.0,0.465,0.032,5.478,-1.875,0.0,0.5841038,0.0,10.016424,0.839,0.164,-1.573,0.0,0.479,1.0,1.0,1.194,1.0,1.0,6.101,10.029,0.261,0.536,0.0,0.308,-0.131,-2.003,0.0,1.0,6.404,0.0,13.29412,0.0,1.0,-15.778,-0.496,0.292,2.048,0.0,0.0,6.32,7.085,1.0,0.0,0.933,1.0,0.0,1.0,-1.532,7.834,1.0,5.923,1.0,1.0,5.966,2.142,0.648,1.0,1.0,0.0,1.0,0.536,0.054,6.466,1.0,0.0,0.0,5.343,0.0,0.0,1.0,1.0,0.84375,-0.28842223,1.0,1.0,0.0,1.0,0.0,0.0,1.65,0.416,1.0,2.311,0.0,0.719,0.0,1.0,1.0,0.51,1.0,1.0,1.0,0.0,2.8020833,-0.1835646,0.0,1.0,0.0,1.0,0.0,1.089,0.0,0.0,0.0,1.0,0.525,6.496,-1.851,0.169,1.0,5.832682665251824,1.0104377584601565
Cc1cc(SCc2sc(-c3ccc(C(F)(F)F)cc3)nc2C)ccc1OCC(=O)O,3881.527,238.006,84.64,134.054,80.558,162.921,45.966,17.144,16.898,12.064,181.76,20.349,43.43122,-54.033,59.864,33.162743,29.955,13.171246,0.0,9.84339,-20.591,0.719,23.098671,3.075,1.0,0.0,0.0,1.0,1.0,0.0,0.0,1.0,-1.261,1.0,1.0,13.171246,0.26,1.0,-2.0846689,0.0,0.403,0.664,9.559,0.0,1.0,2.847,0.0,1.0,0.0,5.44,0.0,-0.153,2.505,0.0,0.0,1.0,1.0,0.0,1.0,1.628,0.0,0.0,1.0,-1.626,1.685,1.0,0.0,1.0,1.0,1.134,2.2,-3.933,1.0,1.696,0.404,0.0,0.452,-0.052,3.721,-1.291,1.0,0.8199456,6.606882,10.131026,1.152,-0.021,-0.992,0.0,0.244,0.0,0.0,2.807,1.0,0.0,4.019,3.51,-0.238,0.468,0.0,0.485,-0.051,-0.601,1.0,1.0,5.853,0.0,12.733858,1.0,0.0,-13.076,-0.377,0.31,1.176,3.059793,0.0,5.37,3.208,1.0,0.0,0.728,1.0,1.0,1.0,-0.76,2.775,1.0,5.388,0.0,1.0,2.589,1.097,0.223,1.0,0.0,0.0,0.0,0.406,0.053,4.01,1.0,0.0,0.0,3.596,0.0,0.0,1.0,1.0,1.1666666,-0.4816386,1.0,0.0,0.0,0.0,1.0,0.0,0.822,0.419,1.0,2.135,1.0,0.497,1.0,1.0,0.0,0.149,0.0,1.0,0.0,1.0,2.8138888,0.39975634,1.0,1.0,1.0,0.0,0.0,1.236,1.0,0.0,0.0,0.0,0.521,6.138,-0.897,-0.061,0.0,8.022276394711152,1.0104377584601565
O=C(O)Cc1ccc(Cl)c(OCCC2CCN(c3nc4ccc(Cl)cc4s3)CC2)c1,2535.728,140.926,47.805,118.34,68.673,101.01,20.687,24.15,58.25,18.923,121.074,38.321,6.9834676,-18.212,53.733,52.72279,18.729,0.0,1.0,38.029247,-7.853,0.993,34.538666,2.08,0.0,0.0,0.0,1.0,1.0,1.0,1.0,1.0,-1.066,1.0,1.0,5.1315584,-0.041,1.0,-2.3126109,0.0,0.411,0.92,2.614,0.0,1.0,2.586,1.0,1.0,0.0,4.922,1.0,0.487,1.054,1.0,1.0,1.0,0.0,1.0,1.0,6.469,0.0,0.0,0.0,-1.625,2.174,1.0,1.0,1.0,1.0,0.333,1.948,-1.81,1.0,0.92,0.437,0.0,0.429,-0.101,2.301,-1.437,1.0,0.7883033,5.1315584,9.94069,0.89,-0.167,-1.153,0.0,0.109,0.0,1.0,0.237,0.0,1.0,2.005,2.787,-0.162,0.509,0.0,0.443,0.448,-1.182,0.0,0.0,5.309,1.0,10.892842,1.0,1.0,-6.383,-0.026,0.295,0.552,13.967077,1.0,5.088,2.803,0.0,1.0,0.705,0.0,1.0,1.0,-1.264,4.688,1.0,4.643,0.0,0.0,2.011,0.892,0.188,0.0,0.0,1.0,0.0,0.797,0.063,2.114,0.0,1.0,1.0,1.994,1.0,1.0,0.0,1.0,1.2,-0.49201104,1.0,0.0,1.0,1.0,0.0,0.0,0.589,0.476,1.0,0.898,1.0,0.563,1.0,0.0,0.0,0.137,1.0,1.0,0.0,0.0,2.2907407,0.26089317,1.0,0.0,1.0,0.0,1.0,1.448,1.0,1.0,1.0,0.0,1.038,5.577,-1.512,-0.136,0.0,7.721246399047171,1.0104377584601565
O=C(O)Cc1ccc(Cl)c(OCCC2(N3CCCC3)CCN(c3nc4ccc(C(F)(F)F)nc4s3)CC2)c1,4621.046,221.937,78.751,140.035,73.477,133.755,35.724,27.591,48.864,50.557,192.734,24.057,45.295223,-51.145,62.682,64.3495,30.683,13.171246,1.0,21.44433,-20.479,0.866,22.937725,1.995,0.0,1.0,0.0,1.0,1.0,1.0,1.0,1.0,-2.397,1.0,1.0,18.302803,0.086,1.0,-2.4736915,0.0,0.486,0.868,9.115,0.0,1.0,4.388,1.0,1.0,0.0,5.405,1.0,0.128,1.575,1.0,1.0,1.0,0.0,1.0,1.0,1.596,0.0,0.0,0.0,-2.636,3.045,1.0,1.0,1.0,1.0,0.798,1.284,-1.784,1.0,0.966,0.457,1.0,0.535,-0.097,2.237,-2.144,1.0,0.7883033,5.1315584,9.827626,0.843,0.029,-1.681,1.0,0.052,0.0,1.0,3.512,0.0,1.0,2.356,2.958,-0.047,0.546,0.0,0.478,0.156,-1.548,0.0,0.0,5.848,1.0,13.078138,1.0,1.0,-10.433,0.34,0.179,0.635,7.5060115,1.0,5.507,4.828,0.0,1.0,0.614,1.0,1.0,1.0,-1.51,7.458,1.0,5.351,0.0,0.0,1.838,1.03,0.015,0.0,0.0,1.0,0.0,0.652,0.063,2.511,0.0,1.0,1.0,2.121,2.0,1.0,0.0,1.0,1.1052631,-0.4919477,1.0,0.0,1.0,1.0,0.0,0.0,0.602,0.51,1.0,0.822,1.0,0.444,1.0,0.0,0.0,0.011,1.0,1.0,0.0,0.0,2.5994153,0.41220886,1.0,0.0,1.0,0.0,1.0,1.121,1.0,1.0,2.0,1.0,0.721,6.169,-1.836,-0.081,0.0,7.657577319177793,1.0104377584601565
O=C(O)Cc1cc(Cl)cc(OCCC2(N3CCCC3=O)CCN(c3nc4ccc(C(F)(F)F)cc4s3)CC2)c1,5481.508,249.973,60.208,156.909,80.26,151.282,30.823,45.988,85.749,59.048,205.408,32.549,45.909435,-64.744,65.116,18.553556,34.941,13.171246,1.0,21.44433,-21.283,0.751,22.937725,1.496,1.0,0.0,1.0,1.0,1.0,1.0,1.0,1.0,-2.088,1.0,1.0,18.302803,0.18,1.0,-2.4723988,0.0,0.531,0.742,18.356,0.0,1.0,5.333,1.0,1.0,0.0,5.354,1.0,0.282,2.558,1.0,1.0,1.0,0.0,1.0,1.0,8.821,0.0,0.0,0.0,-2.509,3.563,1.0,1.0,1.0,1.0,1.774,0.593,-2.771,1.0,1.534,0.509,0.0,0.58,-0.077,2.025,-2.093,1.0,0.78830415,5.1315584,9.826717,0.858,0.223,-1.686,1.0,-0.052,0.0,1.0,4.766,0.0,1.0,3.194,3.035,0.219,0.623,0.0,0.401,0.233,-1.745,0.0,0.0,5.976,1.0,13.143151,1.0,1.0,-10.665,-0.278,0.254,1.626,7.397861,1.0,5.567,6.631,0.0,1.0,0.665,1.0,1.0,1.0,-1.508,11.5,1.0,5.73,0.0,0.0,1.857,1.599,-0.245,0.0,0.0,1.0,0.0,0.115,0.112,3.085,0.0,1.0,1.0,2.292,2.0,1.0,0.0,1.0,1.1538461,-0.493441,1.0,0.0,1.0,1.0,0.0,0.0,1.076,0.505,1.0,1.48,1.0,0.576,1.0,0.0,0.0,-0.045,1.0,1.0,0.0,0.0,2.6908832,0.47707894,1.0,1.0,1.0,0.0,1.0,1.226,1.0,1.0,2.0,0.0,0.636,6.289,-1.947,0.107,0.0,6.823908740944319,1.0104377584601565
CC(C)C1(CCOc2cc(CC(=O)O)ccc2Cl)CCN(c2nc3ccc(Cl)cc3s2)CC1,2776.124,136.721,66.915,120.282,50.118,93.049,19.738,26.637,19.727,26.176,116.37,21.937,7.1573544,-17.109,55.338,52.72279,14.393,0.0,1.0,38.029247,-7.185,0.966,34.538666,2.407,0.0,0.0,0.0,1.0,1.0,1.0,1.0,1.0,-1.156,1.0,1.0,5.1315584,-0.037,1.0,-2.4446025,0.0,0.497,0.891,-0.12,0.0,1.0,2.085,1.0,1.0,0.0,5.164,1.0,0.441,1.816,1.0,1.0,1.0,0.0,1.0,1.0,6.027,0.0,0.0,0.0,-1.524,1.803,1.0,1.0,1.0,1.0,0.735,1.651,-1.367,1.0,2.275,0.475,0.0,0.509,-0.092,2.251,-1.324,1.0,0.7883033,5.1315584,9.678703,0.856,-0.101,-1.049,0.0,-0.074,0.0,1.0,0.745,0.0,1.0,2.152,2.395,-0.097,0.543,0.0,0.636,0.4,-1.404,0.0,0.0,5.378,1.0,11.009952,1.0,1.0,-5.57,-0.002,0.306,0.507,14.124729,1.0,5.146,3.857,0.0,1.0,0.661,0.0,1.0,1.0,-1.448,4.418,1.0,5.014,0.0,0.0,1.719,0.727,-0.096,0.0,0.0,1.0,0.0,0.486,0.046,2.078,0.0,1.0,1.0,1.744,1.0,1.0,0.0,1.0,1.2121212,-0.49199975,1.0,0.0,1.0,1.0,0.0,0.0,0.43,0.571,1.0,1.593,1.0,0.507,1.0,0.0,1.0,-0.039,1.0,1.0,0.0,0.0,2.2415824,0.48222017,1.0,0.0,1.0,0.0,1.0,1.48,1.0,1.0,1.0,0.0,0.992,5.604,-1.671,-0.052,0.0,8.1249387366083,1.0104377584601565
O=C(O)Cc1cc(Cl)cc(OCCC2(N3CCCC3)CCN(c3nc4ccc(C(F)(F)F)cc4s3)CC2)c1,4716.326,239.955,66.018,153.973,95.162,142.826,37.95,21.101,31.966,21.545,185.992,37.128,46.028538,-59.682,65.772,56.639416,33.193,13.171246,1.0,21.44433,-23.687,0.772,22.937725,1.156,0.0,0.0,0.0,1.0,1.0,1.0,1.0,1.0,-2.514,1.0,1.0,18.302803,0.175,1.0,-2.4737446,0.0,0.566,0.762,10.483,0.0,1.0,4.689,1.0,1.0,0.0,5.191,1.0,0.243,1.67,1.0,1.0,1.0,0.0,1.0,1.0,2.867,0.0,0.0,0.0,-2.793,3.211,1.0,1.0,1.0,1.0,1.696,0.472,-2.091,1.0,0.854,0.529,0.0,0.606,-0.079,1.918,-2.273,1.0,0.78830415,5.1315584,9.827628,0.859,-0.138,-1.818,0.0,0.013,0.0,1.0,2.362,0.0,1.0,2.509,2.901,-0.125,0.624,0.0,0.358,0.213,-1.647,0.0,0.0,5.916,1.0,13.139036,1.0,1.0,-9.327,0.011,0.221,1.012,7.489793,1.0,5.468,5.184,0.0,1.0,0.656,1.0,1.0,1.0,-1.759,4.667,1.0,5.365,0.0,0.0,1.83,1.151,-0.192,0.0,0.0,1.0,0.0,0.082,0.133,2.634,0.0,1.0,1.0,2.318,2.0,1.0,0.0,1.0,1.1052631,-0.493461,1.0,0.0,1.0,1.0,0.0,0.0,0.786,0.54,1.0,1.033,1.0,0.45,1.0,0.0,0.0,-0.038,1.0,1.0,0.0,0.0,2.5730994,0.31218097,1.0,0.0,1.0,0.0,1.0,1.245,1.0,1.0,2.0,0.0,0.634,6.245,-1.939,-0.169,0.0,8.031517051446064,1.0104377584601565
Cc1ccc(CC(=O)O)cc1OCCC1(N2CCCC2)CCN(c2nc3ccc(Cl)cc3s2)CC1,2699.099,130.392,34.022,124.792,55.763,89.112,36.711,54.856,16.837,23.348,122.707,29.167,7.3897967,-19.842,61.902,82.68872,19.458,0.0,1.0,26.428308,-8.748,1.041,22.937725,1.388,0.0,0.0,0.0,1.0,1.0,1.0,1.0,1.0,-1.935,1.0,1.0,5.1315584,-0.07,1.0,-2.4739082,0.0,0.577,1.017,1.319,0.0,1.0,3.645,1.0,1.0,0.0,4.971,1.0,0.434,1.406,1.0,1.0,1.0,1.0,1.0,1.0,4.694,0.0,0.0,0.0,-2.163,2.856,1.0,1.0,1.0,1.0,0.226,0.804,-0.794,1.0,0.296,0.539,0.0,0.596,-0.121,1.715,-1.989,1.0,0.78830326,5.1315584,9.827541,0.898,0.029,-1.765,0.0,0.082,0.0,1.0,-0.238,0.0,1.0,2.095,2.542,0.091,0.616,0.0,0.512,0.296,-1.338,0.0,1.0,5.367,1.0,11.109462,1.0,1.0,-7.265,0.079,0.268,0.492,7.901673,1.0,5.145,2.272,0.0,1.0,0.605,1.0,1.0,1.0,-1.373,3.94,1.0,5.069,0.0,0.0,1.514,0.78,0.138,0.0,0.0,1.0,0.0,0.161,0.037,2.126,0.0,1.0,1.0,1.527,2.0,1.0,0.0,1.0,1.1428572,-0.49323738,1.0,0.0,1.0,1.0,0.0,0.0,0.502,0.598,1.0,0.962,1.0,0.617,1.0,0.0,0.0,0.112,1.0,1.0,0.0,0.0,2.129365,0.39612848,1.0,0.0,1.0,0.0,1.0,1.43,1.0,1.0,2.0,0.0,1.16,5.56,-1.525,0.023,0.0,8.207608310501746,1.0104377584601565
CN(C)C1(CCOc2cc(Cl)cc(CC(=O)O)c2)CCN(c2nc3ccc(Cl)cc3s2)CC1,2776.124,136.133,37.777,128.42,64.414,92.035,35.711,33.667,59.272,14.953,119.819,33.89,7.1194673,-28.988,54.78,52.72279,19.752,0.0,1.0,38.029247,-6.091,0.981,34.538666,1.274,0.0,0.0,0.0,1.0,1.0,1.0,1.0,1.0,-1.131,1.0,1.0,5.1315584,-0.05,1.0,-2.458863,0.0,0.576,0.929,1.971,0.0,1.0,2.393,1.0,1.0,0.0,4.872,1.0,0.661,1.401,1.0,1.0,1.0,0.0,1.0,1.0,6.192,0.0,0.0,0.0,-1.575,2.189,1.0,1.0,1.0,1.0,0.249,0.824,-2.172,1.0,0.437,0.479,0.0,0.585,-0.141,1.806,-1.457,1.0,0.78830415,5.1315584,9.833115,0.862,-0.1,-1.241,0.0,0.201,0.0,1.0,1.139,0.0,1.0,2.284,2.053,-0.047,0.574,0.0,0.43,0.431,-1.66,0.0,0.0,5.476,1.0,11.020717,1.0,1.0,-5.587,-0.023,0.284,0.682,13.97091,1.0,5.077,2.145,0.0,1.0,0.73,0.0,1.0,1.0,-1.533,5.534,1.0,4.983,0.0,0.0,1.659,0.964,0.234,0.0,0.0,1.0,0.0,0.083,0.134,2.389,0.0,1.0,1.0,1.969,1.0,1.0,0.0,1.0,1.1818181,-0.493461,1.0,0.0,1.0,1.0,0.0,0.0,0.686,0.566,1.0,1.196,1.0,0.63,1.0,0.0,1.0,0.269,1.0,1.0,0.0,0.0,2.2617846,0.3607783,1.0,0.0,1.0,0.0,1.0,1.463,1.0,1.0,1.0,0.0,1.054,5.704,-1.839,-0.065,0.0,7.522878745280337,1.0104377584601565
Cc1cc(CC(=O)O)cc(OCCC2(N3CCCC3)CCN(c3nc4ccc(Cl)cc4s3)CC2)c1,2699.099,125.655,28.539,136.745,30.564,84.724,36.119,22.927,20.159,21.33,123.632,21.989,7.339772,-27.951,59.611,82.68872,18.599,0.0,1.0,26.428308,-5.88,1.041,22.937725,1.068,0.0,0.0,0.0,1.0,1.0,1.0,1.0,1.0,-0.55,1.0,1.0,5.1315584,-0.07,1.0,-2.4737635,0.0,0.624,1.017,0.86,0.0,1.0,3.878,1.0,1.0,0.0,4.893,1.0,0.361,1.324,1.0,1.0,1.0,0.0,1.0,1.0,6.57,0.0,0.0,0.0,-1.151,2.993,1.0,1.0,1.0,1.0,1.013,0.513,-1.191,1.0,1.007,0.607,0.0,0.643,-0.121,1.642,-1.026,1.0,0.78830343,5.1315584,9.827602,0.898,0.014,-0.783,0.0,0.02,0.0,1.0,0.795,0.0,1.0,2.189,1.902,0.071,0.695,0.0,0.389,0.251,-2.082,0.0,0.0,5.387,1.0,11.135834,1.0,1.0,-6.5,-0.21,0.274,0.417,7.900283,1.0,5.063,3.362,0.0,1.0,0.672,0.0,1.0,1.0,-1.738,5.871,1.0,5.069,0.0,0.0,1.444,0.743,0.006,0.0,0.0,1.0,0.0,0.059,0.05,2.181,0.0,1.0,1.0,1.577,2.0,1.0,0.0,1.0,1.1428572,-0.4935062,1.0,0.0,1.0,1.0,0.0,0.0,0.524,0.601,1.0,0.854,1.0,0.587,1.0,0.0,0.0,0.067,1.0,1.0,0.0,0.0,2.129365,0.30878916,1.0,0.0,1.0,0.0,1.0,1.411,1.0,1.0,2.0,0.0,1.16,5.639,-2.053,0.036,0.0,8.040958607678906,1.0104377584601565
O=C(O)Cc1cc(Cl)cc(OCCC2(C3CCCC3)CCN(c3nc4ccc(Cl)cc4s3)CC2)c1,2929.406,136.001,33.267,128.304,62.049,88.076,34.609,40.958,42.615,19.537,123.372,39.027,7.28164,-34.928,56.442,58.640697,18.656,0.0,1.0,38.029247,-9.345,0.952,34.538666,1.238,0.0,0.0,0.0,1.0,1.0,1.0,1.0,1.0,-1.383,1.0,1.0,5.1315584,-0.035,1.0,-2.4562435,0.0,0.638,0.875,2.252,0.0,1.0,2.813,1.0,1.0,0.0,4.922,1.0,0.565,1.532,1.0,1.0,1.0,0.0,1.0,1.0,5.746,0.0,0.0,0.0,-1.837,2.22,1.0,1.0,1.0,1.0,0.621,0.664,-0.974,1.0,0.974,0.604,0.0,0.639,-0.078,1.637,-1.609,1.0,0.78830415,5.1315584,9.6575575,0.837,-0.106,-1.321,0.0,-0.2,0.0,1.0,0.245,0.0,1.0,2.259,1.948,-0.081,0.678,0.0,0.438,0.39,-1.387,0.0,0.0,5.501,1.0,11.098259,1.0,1.0,-5.674,0.034,0.321,0.227,14.113115,1.0,5.114,3.963,0.0,1.0,0.684,0.0,1.0,1.0,-1.449,4.825,1.0,5.145,0.0,0.0,1.499,0.637,-0.144,0.0,0.0,1.0,0.0,0.119,0.091,2.235,0.0,1.0,1.0,1.785,1.0,1.0,0.0,1.0,1.1142857,-0.49351305,1.0,0.0,1.0,1.0,0.0,0.0,0.303,0.63,1.0,1.039,1.0,0.616,1.0,0.0,0.0,-0.106,1.0,1.0,0.0,0.0,2.170635,0.20615336,1.0,0.0,1.0,0.0,1.0,1.491,1.0,1.0,2.0,0.0,0.966,5.724,-1.684,-0.066,0.0,8.148741651280925,1.0104377584601565
O=C(O)Cc1cc(Cl)cc(OCCC2(C3CCCCC3)CCN(c3nc4ccc(Cl)cc4s3)CC2)c1,3007.547,144.089,46.973,129.662,49.805,95.574,47.439,29.518,14.19,18.915,123.265,29.026,7.3142676,-26.526,56.029,58.640697,14.281,0.0,1.0,38.029247,-4.338,0.962,34.538666,1.162,0.0,0.0,0.0,1.0,1.0,1.0,1.0,1.0,-0.067,1.0,1.0,5.1315584,-0.035,1.0,-2.4789743,0.0,0.679,0.884,0.439,0.0,1.0,2.999,1.0,1.0,0.0,4.961,1.0,0.559,1.392,1.0,1.0,1.0,0.0,1.0,1.0,4.314,0.0,0.0,0.0,-1.085,2.769,1.0,1.0,1.0,1.0,0.21,0.587,-0.454,1.0,0.49,0.639,0.0,0.676,-0.077,1.657,-1.016,1.0,0.78830415,5.1315584,9.62083,0.843,-0.099,-0.766,0.0,0.081,0.0,1.0,0.595,0.0,1.0,2.301,2.041,-0.004,0.709,0.0,0.404,0.389,-1.464,0.0,0.0,5.506,1.0,11.126321,1.0,1.0,-4.88,0.004,0.238,0.125,14.147903,1.0,5.132,2.654,0.0,1.0,0.673,0.0,1.0,1.0,-1.546,4.062,1.0,5.164,0.0,0.0,1.482,0.551,0.068,0.0,0.0,1.0,0.0,0.076,0.096,2.356,1.0,1.0,1.0,1.712,1.0,1.0,0.0,1.0,1.0833334,-0.49351305,1.0,0.0,1.0,1.0,0.0,0.0,0.31,0.644,1.0,0.92,1.0,0.593,1.0,0.0,0.0,0.158,1.0,1.0,0.0,0.0,2.1520061,0.09588536,1.0,0.0,1.0,0.0,1.0,1.454,1.0,1.0,2.0,0.0,0.972,5.728,-1.73,-0.101,0.0,7.958607314841775,1.0104377584601565
CCC(C)C1(CCOc2cc(Cl)cc(CC(=O)O)c2)CCN(c2nc3ccc(Cl)cc3s2)CC1,2852.265,134.898,40.444,125.114,72.377,87.218,29.359,31.688,55.484,13.68,109.266,48.595,7.2038913,-29.661,53.901,59.143612,20.676,0.0,1.0,38.029247,-6.091,0.977,34.538666,1.276,0.0,0.0,0.0,1.0,1.0,1.0,1.0,1.0,-0.716,1.0,1.0,5.1315584,-0.037,1.0,-2.4537268,0.0,0.623,0.899,1.469,0.0,1.0,3.15,1.0,1.0,0.0,4.897,1.0,0.617,1.491,1.0,1.0,1.0,0.0,1.0,1.0,6.324,0.0,0.0,0.0,-1.205,2.627,1.0,1.0,1.0,1.0,0.324,0.742,-0.529,1.0,1.04,0.576,0.0,0.63,-0.09,1.714,-1.084,1.0,0.78830415,5.1315584,9.662755,0.862,0.009,-0.88,0.0,-0.084,0.0,1.0,1.361,0.0,1.0,2.275,1.909,0.195,0.663,0.0,0.436,0.444,-1.135,0.0,0.0,5.489,1.0,11.059284,1.0,1.0,-5.227,0.271,0.306,0.458,14.042422,1.0,5.096,4.057,0.0,1.0,0.716,0.0,1.0,1.0,-1.313,6.333,1.0,5.067,0.0,0.0,1.572,0.669,0.024,0.0,0.0,1.0,0.0,0.079,0.095,2.346,0.0,1.0,1.0,1.872,1.0,1.0,0.0,1.0,1.2058823,-0.49351305,1.0,0.0,1.0,1.0,0.0,0.0,0.319,0.606,1.0,1.094,1.0,0.611,1.0,0.0,0.0,-0.013,1.0,1.0,0.0,0.0,2.2197711,0.52335364,1.0,0.0,1.0,0.0,1.0,1.38,1.0,1.0,1.0,0.0,0.997,5.711,-1.499,0.015,0.0,8.346787486224656,1.0104377584601565
CC(C)CC1(CCOc2cc(Cl)cc(CC(=O)O)c2)CCN(c2nc3ccc(Cl)cc3s2)CC1,2852.265,135.995,25.882,124.645,63.867,91.903,32.898,35.965,23.343,11.904,112.075,48.97,7.1910353,-27.046,54.809,59.143612,18.817,0.0,1.0,38.029247,-7.961,0.977,34.538666,1.08,0.0,0.0,0.0,1.0,1.0,1.0,1.0,1.0,-1.516,1.0,1.0,5.1315584,-0.037,1.0,-2.4271219,0.0,0.612,0.899,0.555,0.0,1.0,3.13,1.0,1.0,0.0,4.872,1.0,0.564,1.354,1.0,1.0,1.0,0.0,1.0,1.0,2.937,0.0,0.0,0.0,-1.64,2.372,1.0,1.0,1.0,1.0,0.941,0.544,-0.649,1.0,0.431,0.608,0.0,0.618,-0.09,1.698,-1.429,1.0,0.78830415,5.1315584,9.704601,0.862,-0.09,-1.187,0.0,-0.064,0.0,1.0,0.497,0.0,1.0,2.227,1.967,0.075,0.697,0.0,0.341,0.387,-1.296,0.0,0.0,5.479,1.0,11.053927,1.0,1.0,-3.456,0.086,0.283,0.078,14.0357275,1.0,5.094,3.064,0.0,1.0,0.719,0.0,1.0,1.0,-1.363,4.148,1.0,5.04,0.0,0.0,1.578,0.358,-0.082,0.0,0.0,1.0,0.0,0.111,0.145,2.35,0.0,1.0,1.0,1.864,1.0,1.0,0.0,1.0,1.1764706,-0.49351326,1.0,0.0,1.0,1.0,0.0,0.0,0.203,0.627,1.0,0.955,1.0,0.647,1.0,0.0,0.0,-0.001,1.0,1.0,0.0,0.0,2.2197711,0.28097355,1.0,0.0,1.0,0.0,1.0,1.416,1.0,1.0,1.0,0.0,0.997,5.701,-1.538,-0.049,1.0,8.229147988357855,1.0104377584601565
O=C(O)Cc1cc(Cl)cc(OCCC2(N3CCCCC3)CCN(c3nc4ccc(Cl)cc4s3)CC2)c1,3007.547,141.647,35.117,134.277,70.255,90.144,21.104,26.161,50.182,16.442,121.435,54.874,7.277184,-33.278,58.684,65.8123,19.773,0.0,1.0,38.029247,-7.098,1.023,34.538666,1.014,0.0,0.0,0.0,1.0,1.0,1.0,1.0,1.0,-1.367,1.0,1.0,5.1315584,-0.058,1.0,-2.5008588,0.0,0.661,1.002,1.685,0.0,1.0,2.944,1.0,1.0,0.0,4.961,1.0,0.547,1.341,1.0,1.0,1.0,0.0,1.0,1.0,6.668,0.0,0.0,0.0,-1.785,2.347,1.0,1.0,1.0,1.0,0.551,0.467,-0.749,1.0,0.558,0.647,0.0,0.667,-0.118,1.665,-1.604,1.0,0.78830415,5.1315584,9.813319,0.851,-0.174,-1.352,0.0,0.034,0.0,1.0,0.633,0.0,1.0,2.288,1.923,-0.057,0.738,0.0,0.361,0.331,-1.576,0.0,0.0,5.506,1.0,11.120811,1.0,1.0,-5.099,0.182,0.253,0.661,14.120558,1.0,5.132,3.362,0.0,1.0,0.673,0.0,1.0,1.0,-1.557,6.378,1.0,5.164,0.0,0.0,1.46,0.908,0.08,0.0,0.0,1.0,0.0,0.057,0.133,2.409,1.0,1.0,1.0,1.702,2.0,1.0,0.0,1.0,1.0277778,-0.493461,1.0,0.0,1.0,1.0,0.0,0.0,0.614,0.606,1.0,0.846,1.0,0.593,1.0,0.0,0.0,0.1,1.0,1.0,0.0,0.0,2.1705246,0.46100143,1.0,0.0,1.0,0.0,1.0,1.357,1.0,1.0,2.0,0.0,1.176,5.728,-1.922,-0.135,0.0,7.823908740944319,1.0104377584601565
CCCC1(CCOc2cc(CC(=O)O)ccc2Cl)CCN(c2nc3ccc(Cl)cc3s2)CC1,2701.983,134.881,44.242,118.231,41.749,95.92,23.429,25.303,19.307,25.216,110.686,18.582,7.1578727,-17.422,53.274,65.56443,10.79,0.0,1.0,38.029247,-5.538,0.985,34.538666,1.895,0.0,0.0,0.0,1.0,1.0,1.0,1.0,1.0,-0.013,1.0,1.0,5.1315584,-0.038,1.0,-2.4168785,0.0,0.495,0.908,-0.644,0.0,1.0,0.644,1.0,1.0,0.0,5.04,1.0,0.384,1.475,1.0,1.0,1.0,0.0,1.0,1.0,5.552,0.0,0.0,0.0,-0.811,1.327,1.0,1.0,1.0,1.0,0.432,1.33,-0.046,1.0,0.436,0.473,0.0,0.505,-0.092,1.935,-0.691,1.0,0.7883033,5.1315584,9.725157,0.872,-0.222,-0.416,0.0,0.151,0.0,1.0,-0.687,0.0,1.0,1.848,2.804,-0.236,0.544,0.0,0.511,0.339,-1.297,0.0,0.0,5.352,1.0,11.00691,1.0,1.0,-7.191,0.206,0.286,0.339,14.128229,1.0,5.112,1.336,0.0,1.0,0.63,0.0,1.0,1.0,-1.261,4.717,1.0,4.905,0.0,0.0,1.653,0.823,0.196,0.0,0.0,1.0,0.0,0.573,0.058,1.889,0.0,1.0,1.0,1.691,1.0,1.0,0.0,1.0,1.1818181,-0.49199992,1.0,0.0,1.0,1.0,0.0,0.0,0.495,0.535,1.0,1.014,1.0,0.502,1.0,0.0,0.0,0.192,1.0,1.0,0.0,0.0,2.2314816,0.36712825,1.0,0.0,1.0,0.0,1.0,1.311,1.0,1.0,1.0,0.0,1.011,5.588,-1.467,-0.153,0.0,8.036212172654444,1.0104377584601565
O=C(O)Cc1cc(Cl)cc(OCCC2(N3CCCC3)CCN(c3nc4ccc(Cl)cc4s3)CC2)c1,2929.406,138.476,36.874,130.179,59.244,90.376,23.788,32.341,55.149,15.023,119.08,54.73,7.244557,-29.122,57.211,65.8123,19.796,0.0,1.0,38.029247,-7.727,1.013,34.538666,1.04,0.0,0.0,0.0,1.0,1.0,1.0,1.0,1.0,-1.491,1.0,1.0,5.1315584,-0.059,1.0,-2.4737432,0.0,0.65,0.994,3.253,0.0,1.0,3.174,1.0,1.0,0.0,4.922,1.0,0.55,1.422,1.0,1.0,1.0,0.0,1.0,1.0,6.394,0.0,0.0,0.0,-1.854,2.728,1.0,1.0,1.0,1.0,0.624,0.511,-1.871,1.0,0.449,0.625,0.0,0.661,-0.121,1.711,-1.649,1.0,0.78830415,5.1315584,9.827629,0.845,-0.101,-1.357,0.0,0.114,0.0,1.0,0.769,0.0,1.0,2.375,1.882,-0.11,0.721,0.0,0.362,0.326,-1.578,0.0,0.0,5.501,1.0,11.09275,1.0,1.0,-5.889,-0.01,0.258,0.621,14.08577,1.0,5.114,2.438,0.0,1.0,0.684,0.0,1.0,1.0,-1.426,6.304,1.0,5.145,0.0,0.0,1.527,0.869,0.134,0.0,0.0,1.0,0.0,0.06,0.136,2.388,0.0,1.0,1.0,1.794,2.0,1.0,0.0,1.0,1.0571429,-0.493461,1.0,0.0,1.0,1.0,0.0,0.0,0.595,0.624,1.0,0.972,1.0,0.616,1.0,0.0,0.0,0.191,1.0,1.0,0.0,0.0,2.1896825,0.38888568,1.0,0.0,1.0,0.0,1.0,1.415,1.0,1.0,2.0,0.0,1.17,5.724,-1.751,-0.109,0.0,8.0,1.0104377584601565
O=C(O)Cc1cc(Cl)cc(OCCC2(N3CCCCCC3)CCN(c3nc4ccc(Cl)cc4s3)CC2)c1,3086.688,138.577,40.958,134.147,63.467,91.786,17.439,45.276,33.487,17.636,109.375,42.53,7.3098116,-31.051,59.36,65.8123,20.149,0.0,1.0,38.029247,-3.852,1.033,34.538666,1.095,0.0,0.0,0.0,1.0,1.0,1.0,1.0,1.0,-0.687,1.0,1.0,5.1315584,-0.058,1.0,-2.487,0.0,0.658,1.011,2.514,0.0,1.0,2.863,1.0,1.0,0.0,4.999,1.0,0.543,1.282,1.0,1.0,1.0,0.0,1.0,1.0,3.705,0.0,0.0,0.0,-1.175,2.156,1.0,1.0,1.0,1.0,0.746,0.483,0.38,1.0,1.099,0.644,0.0,0.659,-0.115,1.577,-1.063,1.0,0.78830415,5.1315584,9.822153,0.857,-0.216,-0.851,0.0,-0.042,0.0,1.0,-0.071,0.0,1.0,2.091,1.913,-0.183,0.727,0.0,0.388,0.334,-1.707,0.0,0.0,5.511,1.0,11.148872,1.0,1.0,-3.596,0.28,0.246,0.25,14.155346,1.0,5.15,3.201,0.0,1.0,0.663,0.0,1.0,1.0,-1.641,5.222,1.0,5.183,0.0,0.0,1.397,0.538,-0.013,0.0,0.0,1.0,0.0,0.078,0.111,2.337,1.0,1.0,1.0,1.616,2.0,1.0,0.0,1.0,1.0,-0.493461,1.0,0.0,1.0,1.0,0.0,0.0,0.367,0.58,1.0,0.675,1.0,0.563,1.0,0.0,0.0,0.02,1.0,1.0,0.0,0.0,2.1524024,0.45324057,1.0,0.0,1.0,0.0,1.0,1.387,1.0,1.0,2.0,0.0,1.181,5.731,-1.912,-0.167,0.0,7.657577319177793,1.0104377584601565
O=C(O)Cc1ccc(Cl)c(OCCC2(C3CCCCC3)CCN(c3nc4ccc(Cl)cc4s3)CC2)c1,3007.547,144.107,59.312,124.536,46.132,90.413,28.291,19.888,17.654,26.615,133.933,32.628,7.315071,-20.42,59.219,58.640697,14.421,0.0,1.0,38.029247,-7.581,0.962,34.538666,1.99,0.0,0.0,0.0,1.0,1.0,1.0,1.0,1.0,-0.896,1.0,1.0,5.1315584,-0.035,1.0,-2.479031,0.0,0.637,0.884,-0.519,0.0,1.0,2.138,1.0,1.0,0.0,5.231,1.0,0.337,1.344,1.0,1.0,1.0,0.0,1.0,1.0,4.879,0.0,0.0,0.0,-1.419,2.1,1.0,1.0,1.0,1.0,0.25,1.583,-0.985,1.0,0.586,0.624,0.0,0.64,-0.077,2.131,-1.199,1.0,0.7883033,5.1315584,9.620829,0.843,-0.154,-0.899,0.0,0.07,0.0,1.0,0.63,0.0,1.0,2.267,2.327,-0.148,0.689,0.0,0.476,0.287,-1.146,0.0,0.0,5.411,1.0,11.110046,1.0,1.0,-6.624,0.312,0.187,0.215,14.289232,1.0,5.198,3.064,0.0,1.0,0.609,0.0,1.0,1.0,-1.474,4.718,1.0,5.164,0.0,0.0,1.545,0.517,0.099,0.0,0.0,1.0,0.0,0.751,0.075,2.409,1.0,1.0,1.0,1.53,1.0,1.0,0.0,1.0,1.1111112,-0.49199975,1.0,0.0,1.0,1.0,0.0,0.0,0.216,0.639,1.0,0.813,1.0,0.479,1.0,0.0,0.0,0.129,1.0,1.0,0.0,0.0,2.1520061,0.45710096,1.0,0.0,1.0,0.0,1.0,1.346,1.0,1.0,2.0,0.0,0.972,5.63,-1.612,-0.112,0.0,7.698970004336019,1.0104377584601565
CCC1(CCOc2cc(CC(=O)O)ccc2Cl)CCN(c2nc3ccc(Cl)cc3s2)CC1,2627.842,136.417,41.929,118.531,47.95,90.653,9.64,22.123,17.571,25.192,110.993,29.247,7.110532,-17.257,52.653,59.143612,14.835,0.0,1.0,38.029247,-8.36,0.974,34.538666,2.248,0.0,0.0,0.0,1.0,1.0,1.0,1.0,1.0,-0.975,1.0,1.0,5.1315584,-0.038,1.0,-2.4109087,0.0,0.481,0.9,-0.09,0.0,1.0,1.839,1.0,1.0,0.0,5.019,1.0,0.442,1.453,1.0,1.0,1.0,0.0,1.0,1.0,5.072,0.0,0.0,0.0,-1.576,1.859,1.0,1.0,1.0,1.0,1.37,2.034,-0.642,1.0,3.671,0.48,0.0,0.496,-0.095,2.111,-1.349,1.0,0.7883033,5.1315584,9.737086,0.866,-0.148,-1.018,0.0,0.102,0.0,1.0,0.849,0.0,1.0,1.974,2.693,-0.107,0.564,0.0,0.565,0.402,-1.387,0.0,0.0,5.338,1.0,10.973852,1.0,1.0,-5.998,0.314,0.245,0.256,14.0792265,1.0,5.094,2.37,0.0,1.0,0.643,0.0,1.0,1.0,-1.309,3.273,1.0,4.824,0.0,0.0,1.751,0.614,0.169,0.0,0.0,1.0,0.0,0.786,0.049,1.978,0.0,1.0,1.0,1.783,1.0,1.0,0.0,1.0,1.21875,-0.49199992,1.0,0.0,1.0,1.0,0.0,0.0,0.342,0.544,1.0,1.495,1.0,0.508,1.0,0.0,1.0,0.126,1.0,1.0,0.0,0.0,2.2543402,0.42785883,1.0,0.0,1.0,0.0,1.0,1.333,1.0,1.0,1.0,0.0,1.006,5.585,-1.524,-0.123,0.0,7.886056647693163,1.0104377584601565
O=C(O)Cc1cc(Cl)cc(OCCC2(N3CCCC3)CCN(c3nc4ccc(C(F)(F)F)nc4s3)CC2)c1,4621.046,244.088,58.457,148.502,84.288,146.322,19.397,46.778,76.379,70.137,197.633,37.483,45.287964,-65.114,59.801,64.3495,29.115,13.171246,1.0,21.44433,-20.458,0.866,22.937725,1.68,0.0,0.0,0.0,1.0,1.0,1.0,1.0,1.0,-1.573,1.0,1.0,18.302803,0.086,1.0,-2.4736297,0.0,0.492,0.868,13.256,0.0,1.0,3.75,1.0,1.0,0.0,5.184,1.0,0.216,1.939,1.0,1.0,1.0,0.0,1.0,1.0,2.052,0.0,0.0,0.0,-1.985,2.581,1.0,1.0,1.0,1.0,0.58,0.898,-1.145,1.0,0.616,0.453,1.0,0.532,-0.097,1.762,-1.587,1.0,0.78830415,5.1315584,9.82763,0.843,-0.262,-1.181,1.0,0.044,0.0,1.0,0.447,0.0,1.0,2.295,3.038,-0.252,0.546,0.0,0.461,0.166,-1.623,0.0,0.0,5.911,1.0,13.076536,1.0,1.0,-6.365,-0.075,0.23,0.366,7.3742375,1.0,5.46,3.598,0.0,1.0,0.644,1.0,1.0,1.0,-1.383,7.948,1.0,5.351,0.0,0.0,1.761,0.815,0.064,0.0,0.0,1.0,0.0,0.204,0.107,2.312,0.0,1.0,1.0,2.263,2.0,1.0,0.0,1.0,1.1052631,-0.493461,1.0,0.0,1.0,1.0,0.0,0.0,0.543,0.483,1.0,1.284,1.0,0.499,1.0,0.0,0.0,0.105,1.0,1.0,0.0,0.0,2.5994153,0.41796076,1.0,0.0,1.0,0.0,1.0,1.198,1.0,1.0,2.0,1.0,0.721,6.228,-1.799,-0.215,0.0,8.443697499232712,1.0104377584601565
CC1CCCN1C1(CCOc2cc(Cl)cc(CC(=O)O)c2)CCN(c2nc3ccc(Cl)cc3s2)CC1,3085.688,149.566,41.933,133.26,46.996,96.439,29.464,45.751,43.628,13.904,119.283,37.189,7.278523,-30.984,62.581,59.267548,20.687,0.0,1.0,38.029247,-6.134,1.03,34.538666,1.214,0.0,0.0,0.0,1.0,1.0,1.0,1.0,1.0,-0.769,1.0,1.0,5.1315584,-0.063,1.0,-2.4909897,0.0,0.66,1.026,0.589,0.0,1.0,3.664,1.0,1.0,0.0,5.033,1.0,0.502,1.622,1.0,1.0,1.0,1.0,1.0,1.0,6.318,0.0,0.0,0.0,-1.39,2.863,1.0,1.0,1.0,1.0,1.001,0.586,-0.753,1.0,0.816,0.659,0.0,0.67,-0.118,1.783,-1.319,1.0,0.78830415,5.1315584,9.820472,0.837,0.035,-1.117,0.0,-0.065,0.0,1.0,0.907,0.0,1.0,2.458,1.999,0.007,0.749,0.0,0.379,0.281,-1.702,0.0,0.0,5.525,1.0,11.123493,1.0,1.0,-4.645,0.006,0.289,0.372,14.11908,1.0,5.164,3.662,0.0,1.0,0.692,0.0,1.0,1.0,-1.697,7.384,1.0,5.252,0.0,0.0,1.526,0.768,-0.101,0.0,0.0,1.0,0.0,0.096,0.147,2.558,0.0,1.0,1.0,1.775,2.0,1.0,0.0,1.0,1.1666666,-0.493461,1.0,0.0,1.0,1.0,0.0,0.0,0.498,0.635,1.0,1.049,1.0,0.613,1.0,0.0,0.0,-0.026,1.0,1.0,0.0,0.0,2.179784,0.2702508,1.0,0.0,1.0,0.0,1.0,1.455,1.0,1.0,2.0,0.0,1.227,5.744,-1.881,0.031,0.0,8.013228265733755,1.0104377584601565
CCCCC1(CCOc2cc(CC(=O)O)ccc2Cl)CCN(c2nc3ccc(Cl)cc3s2)CC1,2777.124,137.631,67.19,119.406,65.113,94.985,20.526,39.126,50.65,24.076,121.363,50.849,7.1937594,-16.547,53.961,52.72279,19.032,0.0,1.0,38.029247,-6.856,0.995,34.538666,1.842,0.0,0.0,0.0,1.0,1.0,1.0,1.0,1.0,-0.178,1.0,1.0,5.1315584,-0.038,1.0,-2.4186473,0.0,0.538,0.917,0.974,0.0,1.0,2.433,1.0,1.0,0.0,5.075,1.0,0.383,1.408,1.0,1.0,1.0,0.0,1.0,1.0,7.207,0.0,0.0,0.0,-1.059,2.333,1.0,1.0,1.0,1.0,0.976,1.077,-0.798,1.0,2.25,0.536,0.0,0.543,-0.09,1.905,-0.898,1.0,0.7883033,5.1315584,9.721324,0.878,-0.116,-0.587,0.0,0.021,0.0,1.0,0.705,0.0,1.0,1.822,2.484,-0.073,0.606,0.0,0.536,0.337,-1.416,0.0,0.0,5.358,1.0,11.035378,1.0,1.0,-7.129,0.32,0.304,0.33,14.168912,1.0,5.13,3.655,0.0,1.0,0.619,0.0,1.0,1.0,-1.438,4.432,1.0,4.929,0.0,0.0,1.582,0.531,-0.008,0.0,0.0,1.0,0.0,0.463,0.048,1.959,0.0,1.0,1.0,1.598,1.0,1.0,0.0,1.0,1.1764706,-0.49199992,1.0,0.0,1.0,1.0,0.0,0.0,0.183,0.541,1.0,0.883,1.0,0.497,1.0,0.0,0.0,0.056,1.0,1.0,0.0,0.0,2.2099674,0.29688045,1.0,0.0,1.0,0.0,1.0,1.436,1.0,1.0,1.0,0.0,1.016,5.592,-1.712,-0.137,0.0,8.075720713938118,1.0104377584601565
O=C(O)Cc1cc(Cl)cc(OCCC2(N3CCOCC3)CCN(c3nc4ccc(C(F)(F)F)cc4s3)CC2)c1,5063.806,241.846,90.271,160.418,105.092,149.472,25.051,35.447,25.911,25.517,197.718,34.583,51.664005,-70.663,68.459,56.639416,28.998,13.171246,1.0,26.181192,-18.632,0.79,22.937725,1.452,0.0,0.0,0.0,1.0,1.0,1.0,1.0,1.0,-1.88,1.0,1.0,18.302803,0.146,1.0,-2.4986124,0.0,0.527,0.786,13.578,0.0,1.0,3.765,1.0,1.0,0.0,5.292,1.0,0.166,1.741,1.0,1.0,1.0,1.0,1.0,1.0,-1.471,0.0,0.0,0.0,-2.17,2.598,1.0,1.0,1.0,1.0,0.937,0.599,-3.894,1.0,1.023,0.486,0.0,0.573,-0.107,1.92,-1.784,1.0,0.78830415,5.1315584,9.82207,0.875,0.009,-1.443,0.0,0.086,0.0,1.0,3.875,0.0,1.0,2.404,2.923,0.087,0.587,0.0,0.431,0.18,-1.714,0.0,0.0,5.928,1.0,13.159036,1.0,1.0,-12.05,-0.369,0.243,0.253,7.4773703,1.0,5.511,6.476,0.0,1.0,0.689,1.0,1.0,1.0,-1.503,3.955,1.0,5.418,0.0,0.0,1.79,0.717,0.042,0.0,0.0,1.0,0.0,0.156,0.08,2.864,0.0,1.0,1.0,2.21,2.0,1.0,0.0,1.0,1.1282052,-0.493461,1.0,0.0,1.0,1.0,0.0,0.0,0.44,0.498,1.0,0.974,1.0,0.442,1.0,0.0,0.0,0.092,1.0,1.0,0.0,0.0,2.5968661,0.40208215,1.0,0.0,1.0,0.0,1.0,1.23,1.0,1.0,2.0,0.0,0.657,6.256,-1.824,-0.032,0.0,7.657577319177793,1.0104377584601565
CC(C)OC(=O)C1=CN(C(=O)c2ccc(F)c(F)c2)CC(C)(C)c2c1[nH]c1ccccc21,4528.528,236.094,112.505,172.865,51.427,184.117,63.876,38.186,97.97,36.896,174.132,60.462,32.63769,-38.613,74.86,28.59911,31.715,0.0,1.0,4.736863,-16.398,0.766,0.0,5.76,0.0,1.0,0.0,1.0,1.0,1.0,1.0,1.0,-2.137,1.0,0.0,8.78083,0.017,1.0,-2.2936802,1.0,0.409,0.803,8.966,1.0,1.0,4.973,0.0,1.0,0.0,6.115,1.0,0.135,4.887,1.0,1.0,0.0,0.0,1.0,1.0,15.744,0.0,0.0,1.0,-2.123,3.602,0.0,1.0,0.0,0.0,0.177,3.745,-4.006,0.0,0.602,0.255,1.0,0.473,-0.06,6.235,-1.94,0.0,0.80080676,11.634441,9.814764,0.716,-0.184,-1.72,0.0,0.151,0.0,1.0,-2.692,1.0,1.0,5.972,6.423,-0.188,0.313,5.90718,0.723,0.091,-2.163,1.0,0.0,6.115,0.0,13.787087,1.0,1.0,-7.658,-0.35,0.226,1.603,0.0,0.0,6.068,6.88,0.0,1.0,0.68,0.0,1.0,1.0,-1.778,9.112,1.0,5.94,1.0,1.0,4.616,1.576,0.258,1.0,0.0,1.0,0.0,0.549,0.06,6.828,1.0,1.0,1.0,3.832,0.0,1.0,0.0,1.0,1.09375,-0.45927954,1.0,0.0,1.0,1.0,1.0,0.0,1.131,0.559,1.0,4.147,0.0,0.623,0.0,0.0,0.0,0.217,1.0,1.0,1.0,0.0,2.5859375,-0.14863376,1.0,1.0,1.0,1.0,1.0,1.218,0.0,1.0,0.0,0.0,0.803,5.993,-2.026,-0.064,1.0,7.823908740944319,1.0104377584601565
CC(C)OC(=O)C1=CN(C(=O)c2ccc(F)c(F)c2)CC(C)(C)c2c1[nH]c1ccc(F)cc21,5071.275,258.131,86.711,161.702,56.246,188.36,62.318,62.619,106.868,34.337,168.946,83.909,46.702824,-43.431,69.124,12.132734,34.006,0.0,1.0,4.736863,-17.655,0.78,0.0,5.392,0.0,1.0,0.0,1.0,1.0,1.0,1.0,1.0,-2.368,1.0,0.0,13.171246,-0.013,1.0,-2.2937887,1.0,0.405,0.813,11.903,0.0,1.0,5.238,0.0,1.0,0.0,6.185,1.0,0.023,5.391,1.0,1.0,0.0,0.0,1.0,1.0,16.621,0.0,0.0,1.0,-2.345,3.896,0.0,1.0,0.0,0.0,0.33,3.158,-2.323,0.0,0.234,0.289,1.0,0.484,-0.054,6.369,-2.109,0.0,0.80080676,11.634441,9.81438,0.731,-0.082,-1.84,0.0,0.135,0.0,1.0,-0.188,1.0,1.0,6.791,6.465,-0.068,0.378,5.90718,0.726,-0.015,-1.879,1.0,0.0,6.133,0.0,14.111193,1.0,1.0,-5.628,-0.254,0.185,1.822,0.0,0.0,6.183,7.202,0.0,1.0,0.716,0.0,1.0,1.0,-1.62,10.048,1.0,6.115,0.0,1.0,4.889,1.782,0.361,1.0,0.0,1.0,1.0,0.408,0.057,7.474,1.0,1.0,1.0,3.727,0.0,1.0,0.0,1.0,1.060606,-0.45927954,1.0,0.0,1.0,1.0,1.0,0.0,1.187,0.528,1.0,4.297,0.0,0.597,0.0,0.0,0.0,0.263,1.0,1.0,1.0,0.0,2.739899,-0.08862878,1.0,1.0,1.0,1.0,1.0,1.145,0.0,1.0,0.0,0.0,0.798,6.113,-1.801,-0.015,1.0,7.346787486224656,1.0104377584601565
CC(C)OC(=O)C1=CN(C(=O)c2cccc(CN3CCOCC3)c2)CC(C)(C)c2c1[nH]c1ccccc21,4271.778,167.557,67.893,182.877,91.767,127.186,58.574,50.533,75.261,39.43,149.455,40.242,11.083658,-22.793,91.457,54.87786,30.672,0.0,1.0,9.473726,-15.832,0.802,0.0,5.124,0.0,0.0,0.0,1.0,1.0,1.0,1.0,1.0,-2.512,1.0,0.0,0.0,0.059,1.0,-2.2973123,1.0,0.477,0.853,3.7,1.0,1.0,5.02,1.0,1.0,0.0,6.127,1.0,0.153,4.249,1.0,1.0,0.0,0.0,1.0,1.0,12.626,0.0,0.0,1.0,-2.507,3.845,1.0,1.0,0.0,1.0,1.537,3.21,-1.752,1.0,0.848,0.476,1.0,0.511,-0.131,4.733,-2.291,0.0,0.80080676,0.0,9.814704,0.744,0.029,-2.045,0.0,0.073,0.0,1.0,-0.083,1.0,1.0,4.394,4.897,0.05,0.514,5.90718,0.748,0.167,-2.167,1.0,0.0,6.082,1.0,13.897028,1.0,1.0,-8.457,-0.007,0.196,1.289,0.0,1.0,6.043,4.803,0.0,1.0,0.642,0.0,1.0,1.0,-1.801,8.835,1.0,5.934,1.0,1.0,3.353,1.286,0.17,1.0,0.0,1.0,0.0,0.475,0.023,4.131,1.0,1.0,1.0,2.797,1.0,0.0,0.0,1.0,1.081081,-0.45927954,1.0,0.0,1.0,1.0,1.0,0.0,0.995,0.549,1.0,3.371,0.0,0.732,0.0,0.0,0.0,0.133,1.0,1.0,1.0,0.0,2.1644144,0.11518078,1.0,1.0,0.0,1.0,1.0,1.265,0.0,1.0,1.0,0.0,0.993,5.872,-2.05,0.013,1.0,5.801617869991706,1.0104377584601565
CC(C)OC(=O)C1=CN(C(=O)c2cccc(CN3CCN(C)CC3)c2)CC(C)(C)c2c1[nH]c1ccccc21,4228.401,169.787,91.153,176.338,64.961,128.843,87.102,84.456,83.231,42.237,181.483,84.991,5.637149,-35.706,92.391,60.447536,34.588,0.0,1.0,4.736863,-11.788,0.799,0.0,4.933,0.0,1.0,0.0,1.0,1.0,1.0,1.0,1.0,-1.926,1.0,0.0,0.0,0.083,1.0,-2.32166,1.0,0.456,0.849,-0.422,1.0,1.0,6.054,0.0,1.0,0.0,6.126,1.0,0.224,3.763,1.0,1.0,0.0,1.0,1.0,1.0,12.415,0.0,0.0,1.0,-1.923,4.676,0.0,1.0,0.0,1.0,1.023,3.002,-1.524,1.0,2.348,0.405,1.0,0.489,-0.139,4.698,-1.818,0.0,0.80080676,0.0,9.814704,0.737,-0.144,-1.666,0.0,0.223,1.0,1.0,-1.073,1.0,1.0,4.399,4.644,-0.145,0.444,5.90718,0.716,0.145,-2.339,1.0,0.0,6.083,0.0,13.95335,1.0,1.0,-7.084,0.141,0.232,1.135,0.0,1.0,6.039,4.748,0.0,1.0,0.593,0.0,1.0,1.0,-2.074,8.757,1.0,5.926,1.0,1.0,3.204,1.132,0.31,1.0,1.0,1.0,0.0,0.517,0.033,4.009,1.0,1.0,1.0,2.644,1.0,1.0,0.0,1.0,1.0263158,-0.45927954,1.0,0.0,1.0,1.0,1.0,0.0,0.825,0.537,1.0,2.814,0.0,0.713,0.0,0.0,0.0,0.277,1.0,1.0,1.0,0.0,2.120614,-0.15065396,1.0,1.0,0.0,1.0,1.0,1.349,0.0,1.0,1.0,0.0,0.961,5.869,-2.275,-0.15,1.0,6.434152181326482,1.0104377584601565
CC(C)OC(=O)C1=CN(C(=O)c2cccc(CN3CCCCC3)c2)CC(C)(C)c2c1[nH]c1ccccc21,4044.895,157.952,78.286,174.092,85.419,116.295,54.004,65.292,71.886,58.882,157.668,66.828,5.633033,-37.185,88.93,47.358025,32.968,0.0,1.0,4.736863,-13.483,0.791,0.0,4.43,0.0,0.0,0.0,1.0,1.0,1.0,1.0,1.0,-2.19,1.0,0.0,0.0,0.113,1.0,-2.297326,1.0,0.502,0.847,0.721,1.0,1.0,5.643,1.0,1.0,0.0,6.096,1.0,0.258,3.571,1.0,1.0,0.0,0.0,1.0,1.0,12.168,0.0,0.0,1.0,-2.185,4.434,0.0,1.0,0.0,1.0,0.902,2.705,-1.856,1.0,1.025,0.496,1.0,0.538,-0.102,4.837,-2.026,0.0,0.80080676,0.0,9.814703,0.726,-0.176,-1.815,0.0,0.049,0.0,1.0,-1.133,1.0,1.0,4.52,4.052,-0.171,0.524,5.90718,0.655,0.221,-1.916,1.0,0.0,6.076,0.0,13.917027,1.0,1.0,-6.486,0.073,0.181,1.344,0.0,1.0,6.033,4.091,0.0,1.0,0.58,0.0,1.0,1.0,-1.803,7.693,1.0,5.896,1.0,1.0,3.363,1.34,0.134,1.0,0.0,1.0,0.0,0.41,0.029,4.15,1.0,1.0,1.0,2.787,1.0,0.0,0.0,1.0,1.027027,-0.45927954,1.0,0.0,1.0,1.0,1.0,0.0,0.981,0.574,1.0,2.794,0.0,0.719,0.0,0.0,0.0,0.1,1.0,1.0,1.0,0.0,2.1103604,-0.18735231,1.0,1.0,0.0,1.0,1.0,1.263,0.0,1.0,1.0,0.0,0.991,5.858,-1.907,-0.178,1.0,6.272458742971444,1.0104377584601565
CC(C)OC(=O)C1=CN(C(=O)c2cccc(CN3CCCC3)c2)CC(C)(C)c2c1[nH]c1ccccc21,3954.142,153.152,87.242,171.797,90.228,124.977,68.515,33.067,94.737,43.149,142.444,50.117,5.622829,-21.421,87.684,47.358025,32.038,0.0,1.0,4.736863,-17.445,0.786,0.0,5.112,0.0,0.0,0.0,1.0,1.0,1.0,1.0,1.0,-2.861,1.0,0.0,0.0,0.11,1.0,-2.2950714,1.0,0.498,0.842,1.931,1.0,1.0,4.976,1.0,1.0,0.0,6.083,1.0,0.251,4.235,1.0,1.0,0.0,0.0,1.0,1.0,13.268,0.0,0.0,1.0,-2.855,3.782,0.0,1.0,0.0,1.0,2.134,3.096,-1.949,1.0,2.418,0.481,1.0,0.527,-0.104,4.776,-2.628,0.0,0.80080676,0.0,9.814706,0.722,-0.148,-2.355,0.0,0.133,0.0,1.0,-1.976,1.0,1.0,4.423,4.977,-0.164,0.51,5.90718,0.714,0.215,-2.303,1.0,0.0,6.074,0.0,13.862028,1.0,1.0,-7.148,0.129,0.235,1.323,0.0,1.0,6.029,4.107,0.0,1.0,0.591,0.0,1.0,1.0,-2.017,10.074,1.0,5.88,1.0,1.0,3.489,1.319,0.163,1.0,0.0,1.0,0.0,0.578,0.031,3.96,1.0,1.0,1.0,2.898,1.0,0.0,0.0,1.0,1.0555556,-0.45927954,1.0,0.0,1.0,1.0,1.0,0.0,0.992,0.579,1.0,3.295,0.0,0.746,0.0,0.0,0.0,0.152,1.0,1.0,1.0,0.0,2.1273148,0.1793902,1.0,1.0,0.0,1.0,1.0,1.297,0.0,1.0,1.0,0.0,0.985,5.855,-2.219,-0.145,1.0,6.468521082957745,1.0104377584601565
CC(C)OC(=O)C1=CN(C(=O)c2ccc(CN3CCOCC3)cc2)CC(C)(C)c2c1[nH]c1ccccc21,4271.778,170.152,65.034,179.171,103.902,128.302,62.716,67.408,69.54,42.412,164.222,82.185,11.046631,-31.366,91.488,54.87786,32.386,0.0,1.0,9.473726,-15.908,0.802,0.0,5.133,0.0,0.0,0.0,1.0,1.0,1.0,1.0,1.0,-2.497,1.0,0.0,0.0,0.059,1.0,-2.2956254,1.0,0.465,0.853,0.008,1.0,1.0,5.318,1.0,1.0,0.0,6.138,1.0,0.055,3.723,1.0,1.0,0.0,0.0,0.0,1.0,12.172,0.0,0.0,1.0,-2.492,3.989,1.0,1.0,0.0,1.0,2.065,3.211,-1.254,1.0,4.473,0.386,1.0,0.495,-0.131,5.048,-2.324,0.0,0.80080676,0.0,9.8147335,0.744,0.066,-2.128,0.0,-0.015,0.0,1.0,-0.023,1.0,1.0,4.822,4.082,0.071,0.44,5.90718,0.634,-0.05,-1.996,1.0,0.0,6.122,1.0,13.760555,1.0,1.0,-8.015,0.079,0.199,1.469,0.0,1.0,5.994,4.575,0.0,1.0,0.642,0.0,1.0,1.0,-1.803,8.324,1.0,5.942,1.0,1.0,3.242,1.465,0.095,1.0,0.0,1.0,0.0,0.509,0.036,3.68,1.0,1.0,1.0,2.913,1.0,1.0,1.0,1.0,1.054054,-0.45927954,1.0,0.0,1.0,1.0,1.0,0.0,1.077,0.497,1.0,2.803,0.0,0.74,0.0,0.0,0.0,0.052,1.0,1.0,1.0,0.0,2.1644144,-0.11464323,1.0,1.0,0.0,1.0,1.0,1.233,0.0,1.0,1.0,0.0,0.993,5.857,-1.95,0.033,1.0,7.638272163982407,1.0104377584601565
CC(C)OC(=O)C1=CN(C(=O)c2ccc(CN3CCOCC3)cc2)CC(C)(C)c2c1[nH]c1cc(F)ccc21,4796.578,191.94,60.995,172.38,108.968,134.442,74.872,41.404,66.744,32.397,168.578,67.123,25.014616,-37.349,86.411,49.36116,36.096,0.0,1.0,9.473726,-14.343,0.8,0.0,5.233,0.0,0.0,0.0,1.0,1.0,1.0,1.0,1.0,-2.558,1.0,0.0,4.390415,0.014,1.0,-2.2957065,1.0,0.448,0.846,3.163,1.0,1.0,5.852,1.0,1.0,0.0,6.221,1.0,-0.015,4.854,1.0,1.0,0.0,0.0,1.0,1.0,18.476,0.0,0.0,1.0,-2.534,4.127,1.0,1.0,0.0,1.0,2.813,3.248,-0.592,1.0,5.078,0.403,1.0,0.484,-0.112,5.233,-2.292,0.0,0.80080676,0.0,9.814532,0.737,0.144,-2.032,1.0,0.214,0.0,1.0,1.333,1.0,1.0,5.565,4.175,0.157,0.478,5.90718,0.689,-0.085,-2.312,1.0,0.0,6.217,1.0,14.029768,1.0,1.0,-8.276,0.082,0.195,1.781,0.0,1.0,6.043,5.575,0.0,1.0,0.678,0.0,1.0,1.0,-2.022,9.186,1.0,6.157,0.0,1.0,3.218,1.75,0.363,1.0,0.0,1.0,0.0,0.437,0.033,3.507,1.0,1.0,1.0,3.095,1.0,1.0,1.0,1.0,1.1052631,-0.45927954,1.0,0.0,1.0,1.0,1.0,0.0,1.131,0.466,1.0,3.883,0.0,0.705,0.0,0.0,0.0,0.304,1.0,1.0,1.0,0.0,2.3092105,-0.032049287,1.0,1.0,1.0,1.0,1.0,1.189,0.0,1.0,1.0,0.0,0.882,5.992,-2.23,0.061,1.0,6.349692476868063,1.0104377584601565
CC(C)OC(=O)C1=CN(C(=O)c2ccc(CCN3CCOCC3)cc2)CC(C)(C)c2c1[nH]c1ccccc21,4366.031,165.697,100.68,183.146,96.698,124.049,52.356,29.668,73.042,33.706,152.628,56.19,11.048779,-23.629,92.626,61.42916,34.425,0.0,1.0,9.473726,-15.709,0.806,0.0,5.367,0.0,0.0,0.0,1.0,1.0,1.0,1.0,1.0,-2.184,1.0,0.0,0.0,0.061,1.0,-2.2946324,1.0,0.438,0.857,4.198,1.0,1.0,5.69,1.0,1.0,0.0,6.153,1.0,0.084,4.241,1.0,1.0,0.0,0.0,0.0,1.0,13.128,0.0,0.0,1.0,-2.179,4.294,1.0,1.0,0.0,1.0,3.576,3.25,-1.886,0.0,4.588,0.4,1.0,0.465,-0.128,4.649,-1.989,0.0,0.80080676,0.0,9.814726,0.748,-0.071,-1.773,0.0,-0.041,0.0,1.0,-1.247,1.0,1.0,4.425,4.489,-0.057,0.451,5.90718,0.704,-0.026,-2.231,1.0,0.0,6.108,1.0,13.780583,1.0,1.0,-7.861,-0.127,0.203,1.306,0.0,1.0,5.993,5.077,0.0,1.0,0.63,0.0,1.0,0.0,-1.846,8.875,1.0,5.995,1.0,1.0,3.043,1.302,0.08,1.0,1.0,1.0,0.0,0.624,0.029,3.392,1.0,1.0,1.0,2.739,1.0,1.0,1.0,1.0,1.0526316,-0.45927954,1.0,0.0,1.0,1.0,1.0,0.0,0.948,0.481,1.0,2.968,0.0,0.757,0.0,0.0,0.0,0.035,1.0,1.0,1.0,0.0,2.1469297,0.22003654,1.0,1.0,0.0,1.0,1.0,1.262,0.0,1.0,1.0,0.0,0.998,5.858,-2.106,-0.077,1.0,6.220403508742176,1.0104377584601565
CC(C)OC(=O)C1=CN(C(=O)c2ccc(CCN3CCOCC3)cc2)CC(C)(C)c2c1[nH]c1cc(F)ccc21,4896.498,198.437,59.517,179.141,92.955,135.582,48.251,76.151,79.052,51.419,179.442,74.496,25.0304,-41.596,87.38,50.21853,34.015,0.0,1.0,9.473726,-15.654,0.804,0.0,5.237,0.0,0.0,0.0,1.0,1.0,1.0,1.0,1.0,-2.502,1.0,0.0,4.390415,0.016,1.0,-2.2947187,1.0,0.437,0.849,1.593,1.0,1.0,5.876,1.0,1.0,0.0,6.235,1.0,0.011,5.059,1.0,1.0,0.0,0.0,1.0,1.0,14.979,0.0,0.0,1.0,-2.481,4.235,1.0,1.0,0.0,1.0,5.589,3.393,-2.466,0.0,5.68,0.391,1.0,0.474,-0.11,5.128,-2.234,0.0,0.80080676,0.0,9.814525,0.741,0.05,-1.96,1.0,0.118,0.0,1.0,-0.14,1.0,1.0,5.566,3.932,0.059,0.469,5.90718,0.723,-0.066,-2.19,1.0,0.0,6.205,1.0,14.042295,1.0,1.0,-7.006,-0.052,0.174,1.514,0.0,1.0,6.041,4.998,0.0,1.0,0.667,0.0,1.0,1.0,-1.895,8.568,1.0,6.2,0.0,1.0,3.091,1.485,0.256,1.0,0.0,1.0,0.0,0.406,0.033,3.425,1.0,1.0,1.0,2.885,1.0,1.0,1.0,1.0,1.1025641,-0.45927954,1.0,0.0,1.0,1.0,1.0,0.0,0.952,0.477,1.0,3.883,0.0,0.719,0.0,0.0,0.0,0.201,1.0,1.0,1.0,0.0,2.2884614,-0.009908784,1.0,1.0,1.0,1.0,1.0,1.173,0.0,1.0,1.0,0.0,0.887,5.993,-2.1,0.057,1.0,6.465973893943865,1.0104377584601565
CC(C)OC(=O)C1=CN(C(=O)c2ccc(OCCCN3CCOCC3)cc2)CC(C)(C)c2c1[nH]c1ccccc21,4798.169,172.263,78.945,182.28,96.754,118.789,40.817,44.215,87.036,51.871,162.058,50.222,16.936646,-20.404,94.517,61.48474,33.234,0.0,1.0,14.210588,-16.333,0.887,0.0,4.566,0.0,0.0,0.0,1.0,1.0,1.0,1.0,1.0,-2.493,1.0,0.0,0.0,0.003,1.0,-2.2940404,1.0,0.408,0.929,3.172,1.0,1.0,5.874,1.0,1.0,0.0,6.18,1.0,0.167,3.653,1.0,1.0,0.0,0.0,1.0,1.0,12.938,0.0,0.0,1.0,-2.487,4.055,1.0,1.0,0.0,1.0,1.074,2.481,-2.303,0.0,4.241,0.343,1.0,0.443,-0.151,4.284,-2.256,0.0,0.80080676,0.0,9.814771,0.841,-0.045,-2.006,0.0,0.017,0.0,1.0,-0.577,1.0,1.0,4.091,3.785,-0.041,0.387,5.90718,0.641,0.052,-2.445,1.0,0.0,6.116,1.0,13.776382,1.0,1.0,-6.938,-0.129,0.182,1.659,0.0,1.0,5.985,5.25,0.0,1.0,0.652,0.0,1.0,1.0,-2.043,9.149,1.0,6.011,1.0,1.0,2.716,1.655,0.166,1.0,0.0,1.0,0.0,0.429,0.026,3.534,1.0,1.0,1.0,2.448,1.0,1.0,1.0,1.0,1.05,-0.49354964,1.0,0.0,1.0,1.0,1.0,1.0,1.191,0.479,1.0,2.5,0.0,0.725,0.0,0.0,0.0,0.111,1.0,1.0,1.0,0.0,2.1645834,0.12423372,1.0,1.0,0.0,1.0,1.0,1.19,0.0,1.0,1.0,0.0,1.049,5.925,-2.322,-0.026,1.0,6.995678626217357,1.0104377584601565
CC(C)OC(=O)C1=CN(C(=O)c2ccc(OCCN3CCCCC3)cc2)CC(C)(C)c2c1[nH]c1ccccc21,4461.284,165.429,62.432,181.242,90.049,118.764,34.083,76.718,70.387,51.006,177.991,74.053,11.568353,-34.294,91.184,41.85016,32.598,0.0,1.0,9.473726,-16.453,0.878,0.0,4.642,0.0,0.0,0.0,1.0,1.0,1.0,1.0,1.0,-2.365,1.0,0.0,0.0,0.042,1.0,-2.2942407,1.0,0.433,0.922,2.367,1.0,1.0,5.462,1.0,1.0,0.0,6.154,1.0,0.256,3.648,1.0,1.0,0.0,0.0,1.0,1.0,10.63,0.0,0.0,1.0,-2.361,3.97,1.0,1.0,0.0,1.0,3.985,2.724,-1.768,0.0,5.148,0.371,1.0,0.466,-0.125,4.65,-2.155,0.0,0.80080676,0.0,9.814771,0.829,-0.035,-1.921,0.0,-0.024,0.0,1.0,0.367,1.0,1.0,4.533,3.651,-0.031,0.429,5.90718,0.648,0.096,-2.31,1.0,0.0,6.11,1.0,13.770567,1.0,1.0,-8.607,0.124,0.167,1.138,0.0,1.0,5.994,4.029,0.0,1.0,0.604,0.0,1.0,1.0,-2.085,7.723,1.0,5.98,1.0,1.0,2.938,1.135,0.069,1.0,1.0,1.0,0.0,0.434,0.028,3.577,1.0,1.0,1.0,2.595,1.0,1.0,1.0,1.0,1.0,-0.492264,1.0,0.0,1.0,1.0,1.0,0.0,0.826,0.505,1.0,2.747,0.0,0.707,0.0,0.0,0.0,0.037,1.0,1.0,1.0,0.0,2.1303418,-0.06601743,1.0,1.0,0.0,1.0,1.0,1.25,0.0,1.0,1.0,0.0,1.041,5.909,-2.257,-0.059,1.0,5.972242795309446,1.0104377584601565
CC(C)OC(=O)C1=CN(C(=O)c2ccc(OCCN(C)C)cc2)CC(C)(C)c2c1[nH]c1ccccc21,4178.525,168.561,57.048,178.409,106.549,123.953,41.52,89.857,59.052,30.92,174.709,52.723,11.349435,-33.076,87.267,23.011133,34.88,0.0,1.0,9.473726,-15.666,0.829,0.0,4.772,0.0,1.0,0.0,1.0,1.0,1.0,1.0,1.0,-2.269,1.0,0.0,0.0,0.059,1.0,-2.2939568,1.0,0.447,0.851,2.092,1.0,1.0,5.644,0.0,1.0,0.0,6.116,1.0,0.254,3.869,1.0,1.0,0.0,1.0,1.0,1.0,10.441,1.0,0.0,1.0,-2.264,4.22,1.0,1.0,0.0,1.0,1.183,3.068,-2.513,0.0,1.569,0.383,1.0,0.485,-0.144,5.241,-2.065,0.0,0.80080676,0.0,9.814771,0.805,0.095,-1.834,0.0,0.063,1.0,1.0,0.182,1.0,1.0,4.98,3.972,0.089,0.45,5.90718,0.659,0.092,-2.031,1.0,0.0,6.103,1.0,13.65337,1.0,1.0,-7.087,-0.167,0.168,1.213,0.0,0.0,5.974,4.273,0.0,1.0,0.658,0.0,1.0,1.0,-1.756,6.601,1.0,5.918,1.0,1.0,3.381,1.211,0.107,1.0,1.0,1.0,0.0,0.386,0.039,3.995,1.0,1.0,1.0,3.03,0.0,1.0,1.0,1.0,1.0833334,-0.49226445,1.0,0.0,1.0,1.0,1.0,0.0,1.006,0.514,1.0,3.367,0.0,0.75,0.0,0.0,0.0,0.091,1.0,1.0,1.0,0.0,2.210648,0.119682856,1.0,1.0,0.0,1.0,1.0,1.18,0.0,1.0,0.0,0.0,0.912,5.89,-1.949,0.07,1.0,6.357535479757878,1.0104377584601565
CC(C)OC(=O)C1=CN(C(=O)c2ccc(OCCN3CCCC3)cc2)CC(C)(C)c2c1[nH]c1ccccc21,4366.031,171.422,94.866,181.312,74.063,127.227,70.981,45.604,81.04,51.161,166.079,74.473,11.520616,-23.202,89.765,41.85016,36.16,0.0,1.0,9.473726,-17.494,0.874,0.0,5.122,0.0,0.0,0.0,1.0,1.0,1.0,1.0,1.0,-2.726,1.0,0.0,0.0,0.039,1.0,-2.2939825,1.0,0.404,0.917,5.195,1.0,1.0,6.354,1.0,1.0,0.0,6.151,1.0,0.269,4.013,1.0,1.0,0.0,0.0,1.0,1.0,12.389,0.0,0.0,1.0,-2.72,4.915,1.0,1.0,0.0,1.0,0.351,3.188,-3.167,0.0,2.881,0.352,1.0,0.436,-0.128,4.59,-2.492,0.0,0.80080676,0.0,9.814771,0.825,0.138,-2.212,0.0,0.131,0.0,1.0,0.041,1.0,1.0,4.298,4.494,0.133,0.406,5.90718,0.707,0.105,-2.605,1.0,0.0,6.108,1.0,13.738023,1.0,1.0,-7.686,-0.043,0.195,1.259,0.0,1.0,5.992,4.911,0.0,1.0,0.615,0.0,1.0,1.0,-2.064,9.591,1.0,5.96,1.0,1.0,3.019,1.255,0.206,1.0,1.0,1.0,0.0,0.503,0.03,3.458,1.0,1.0,1.0,2.686,1.0,1.0,1.0,1.0,1.0263158,-0.492264,1.0,0.0,1.0,1.0,1.0,0.0,0.89,0.494,1.0,3.307,0.0,0.733,0.0,0.0,0.0,0.179,1.0,1.0,1.0,0.0,2.1469297,0.23148143,1.0,1.0,0.0,1.0,1.0,1.312,0.0,1.0,1.0,0.0,1.036,5.907,-2.427,0.089,1.0,6.156144577376839,1.0104377584601565
CC(C)OC(=O)C1=CN(C(=O)c2ccc(OCCN3CCOCC3)cc2)CC(C)(C)c2c1[nH]c1ccccc21,4699.416,181.016,96.523,182.898,76.729,135.187,79.521,74.863,91.493,52.518,157.388,66.799,16.910345,-23.232,93.705,49.31441,36.004,0.0,1.0,14.210588,-17.899,0.884,0.0,5.186,0.0,0.0,0.0,1.0,1.0,1.0,1.0,1.0,-2.547,1.0,0.0,0.0,-0.0,1.0,-2.294243,1.0,0.395,0.926,2.353,1.0,1.0,5.909,1.0,1.0,0.0,6.163,1.0,0.307,4.354,1.0,1.0,0.0,0.0,1.0,1.0,15.558,0.0,0.0,1.0,-2.541,4.248,1.0,1.0,0.0,1.0,2.178,2.925,-1.186,0.0,3.981,0.34,1.0,0.432,-0.155,4.442,-2.293,0.0,0.80080676,0.0,9.814771,0.838,-0.091,-2.02,0.0,0.22,0.0,1.0,-1.529,1.0,1.0,4.4,4.659,-0.087,0.398,5.90718,0.707,0.132,-2.381,1.0,0.0,6.115,1.0,13.758733,1.0,1.0,-7.204,0.04,0.216,1.797,0.0,1.0,6.0,5.228,0.0,1.0,0.665,0.0,1.0,1.0,-1.961,9.221,1.0,6.03,1.0,1.0,2.91,1.792,0.363,1.0,1.0,1.0,0.0,0.466,0.031,3.66,1.0,1.0,1.0,2.581,1.0,1.0,1.0,1.0,1.051282,-0.49226397,1.0,0.0,1.0,1.0,1.0,0.0,1.282,0.481,1.0,3.035,0.0,0.719,0.0,0.0,0.0,0.306,1.0,1.0,1.0,0.0,2.181624,0.2916388,1.0,1.0,0.0,1.0,1.0,1.295,0.0,1.0,1.0,0.0,1.045,5.923,-2.256,-0.125,1.0,6.603800652904264,1.0104377584601565
CC(C)OC(=O)C1=CN(C(=O)c2ccc(OCCN3CCN(C)CC3)cc2)CC(C)(C)c2c1[nH]c1ccccc21,4653.79,156.438,64.579,187.308,105.721,114.335,72.516,90.529,63.477,35.496,177.799,67.36,11.584485,-32.282,94.1,54.93967,34.23,0.0,1.0,9.473726,-16.497,0.883,0.0,4.466,0.0,0.0,0.0,1.0,1.0,1.0,1.0,1.0,-2.39,1.0,0.0,0.0,0.019,1.0,-2.3165262,1.0,0.409,0.921,1.513,1.0,1.0,5.764,0.0,1.0,0.0,6.165,1.0,0.307,3.557,1.0,1.0,0.0,0.0,1.0,1.0,11.995,0.0,0.0,1.0,-2.385,4.28,1.0,1.0,0.0,1.0,3.601,2.372,-1.396,0.0,4.25,0.356,1.0,0.441,-0.161,4.385,-2.208,0.0,0.80080676,0.0,9.814771,0.836,-0.132,-1.993,0.0,0.198,0.0,1.0,-0.934,1.0,1.0,4.315,3.638,-0.136,0.411,5.90718,0.63,0.143,-2.472,1.0,0.0,6.116,1.0,13.7931185,1.0,1.0,-8.974,0.02,0.185,1.254,0.0,1.0,5.999,4.4,0.0,1.0,0.617,0.0,1.0,1.0,-2.021,7.585,1.0,6.004,1.0,1.0,2.764,1.252,0.319,1.0,1.0,1.0,0.0,0.427,0.025,3.475,1.0,1.0,1.0,2.463,1.0,1.0,1.0,1.0,1.0,-0.49226397,1.0,0.0,1.0,1.0,1.0,0.0,1.006,0.467,1.0,2.434,0.0,0.701,0.0,0.0,0.0,0.272,1.0,1.0,1.0,0.0,2.1395833,-0.06758698,1.0,1.0,0.0,1.0,1.0,1.23,0.0,1.0,1.0,0.0,1.011,5.92,-2.333,-0.116,1.0,6.542118103266008,1.0104377584601565
CC(C)OC(=O)C1=CN(C(=O)c2ccc(OCCCN(C)C)cc2)CC(C)(C)c2c1[nH]c1ccccc21,4271.778,161.502,96.029,181.935,57.803,122.423,66.405,12.886,77.119,45.341,161.386,50.583,11.411622,-27.02,88.268,35.181465,32.393,0.0,1.0,9.473726,-16.693,0.833,0.0,5.029,0.0,1.0,0.0,1.0,1.0,1.0,1.0,1.0,-2.452,1.0,0.0,0.0,0.062,1.0,-2.2939324,1.0,0.412,0.855,9.256,1.0,1.0,5.215,1.0,1.0,0.0,6.147,1.0,0.262,3.852,1.0,1.0,0.0,1.0,1.0,1.0,14.6,1.0,0.0,1.0,-2.446,3.906,1.0,1.0,0.0,1.0,1.441,3.248,-2.24,0.0,2.143,0.372,1.0,0.446,-0.14,4.819,-2.23,0.0,0.80080676,0.0,9.814771,0.809,0.016,-1.963,0.0,-0.068,1.0,1.0,-2.111,1.0,1.0,4.41,4.426,0.014,0.414,5.90718,0.674,0.096,-2.19,1.0,0.0,6.104,1.0,13.686492,1.0,1.0,-6.4,-0.23,0.205,1.352,0.0,0.0,5.972,4.559,0.0,1.0,0.643,0.0,1.0,1.0,-1.88,8.656,1.0,5.956,1.0,1.0,3.123,1.348,0.043,1.0,0.0,1.0,0.0,0.473,0.032,3.491,1.0,1.0,1.0,2.872,0.0,1.0,1.0,1.0,1.081081,-0.49354964,1.0,0.0,1.0,1.0,1.0,0.0,0.911,0.502,1.0,2.9,0.0,0.755,0.0,0.0,0.0,0.001,1.0,1.0,1.0,0.0,2.1914415,0.2140006,1.0,1.0,0.0,1.0,1.0,1.235,0.0,1.0,0.0,0.0,0.917,5.893,-2.099,0.045,1.0,6.567030709125595,1.0104377584601565
CC(C)OC(=O)C1=CN(C(=O)c2ccc(OCCCN3CCCC3)cc2)CC(C)(C)c2c1[nH]c1ccccc21,4461.284,150.873,69.593,170.201,74.726,108.05,66.778,63.604,75.775,42.212,179.573,68.333,11.538779,-35.11,90.904,35.181465,35.097,0.0,1.0,9.473726,-14.494,0.878,0.0,4.024,0.0,0.0,0.0,1.0,1.0,1.0,1.0,1.0,-2.378,1.0,0.0,0.0,0.042,1.0,-2.2939436,1.0,0.443,0.922,2.53,1.0,1.0,6.08,1.0,1.0,0.0,6.154,1.0,0.236,3.25,1.0,1.0,0.0,0.0,1.0,1.0,13.343,0.0,0.0,1.0,-2.373,4.619,1.0,1.0,0.0,1.0,2.876,2.136,-2.861,0.0,3.028,0.374,1.0,0.476,-0.125,4.634,-2.211,0.0,0.80080676,0.0,9.814771,0.829,-0.145,-1.997,0.0,0.118,0.0,1.0,-1.068,1.0,1.0,4.575,3.327,-0.154,0.416,5.90718,0.564,0.079,-2.136,1.0,0.0,6.108,1.0,13.758525,1.0,1.0,-7.67,-0.068,0.196,1.51,0.0,1.0,5.977,3.342,0.0,1.0,0.604,0.0,1.0,1.0,-1.945,7.913,1.0,5.996,1.0,1.0,2.886,1.505,0.206,1.0,0.0,1.0,0.0,0.408,0.028,3.546,1.0,1.0,1.0,2.59,1.0,1.0,1.0,1.0,1.0256411,-0.49354964,1.0,0.0,1.0,1.0,1.0,0.0,1.069,0.512,1.0,2.262,0.0,0.739,0.0,0.0,0.0,0.174,1.0,1.0,1.0,0.0,2.1303418,-0.11186904,1.0,1.0,0.0,1.0,1.0,1.215,0.0,1.0,1.0,0.0,1.041,5.909,-2.093,-0.16,1.0,6.441291429466834,1.0104377584601565
CC(C)OC(=O)C1=CN(C(=O)c2ccc(OCCCN3CCCCC3)cc2)CC(C)(C)c2c1[nH]c1ccccc21,4557.537,168.667,69.976,177.298,97.433,117.931,48.677,72.017,79.538,48.581,166.371,59.03,11.576202,-35.998,92.25,35.181465,33.833,0.0,1.0,9.473726,-14.427,0.882,0.0,4.406,0.0,0.0,0.0,1.0,1.0,1.0,1.0,1.0,-2.26,1.0,0.0,0.0,0.045,1.0,-2.2940414,1.0,0.424,0.926,3.188,1.0,1.0,5.754,1.0,1.0,0.0,6.162,1.0,0.244,3.38,1.0,1.0,0.0,0.0,1.0,1.0,12.494,0.0,0.0,1.0,-2.256,4.338,1.0,1.0,0.0,1.0,1.363,2.53,-1.513,0.0,2.072,0.361,1.0,0.456,-0.122,4.395,-2.108,0.0,0.80080676,0.0,9.814771,0.833,-0.186,-1.922,0.0,0.051,0.0,1.0,-1.989,1.0,1.0,4.305,3.679,-0.185,0.399,5.90718,0.622,0.086,-2.237,1.0,0.0,6.11,1.0,13.786586,1.0,1.0,-6.072,0.191,0.184,1.294,0.0,1.0,5.979,3.784,0.0,1.0,0.594,0.0,1.0,1.0,-1.974,8.909,1.0,6.0,1.0,1.0,2.733,1.289,0.177,1.0,0.0,1.0,0.0,0.503,0.026,3.395,1.0,1.0,1.0,2.46,1.0,1.0,1.0,1.0,1.0,-0.49354964,1.0,0.0,1.0,1.0,1.0,0.0,0.855,0.481,1.0,2.318,0.0,0.714,0.0,0.0,0.0,0.129,1.0,1.0,1.0,1.0,2.1145833,-0.3030411,1.0,1.0,0.0,1.0,1.0,1.265,0.0,1.0,1.0,0.0,1.046,5.912,-2.17,-0.173,1.0,6.372634143407268,1.0104377584601565
CC(C)OC(=O)C1=CN(C(=O)c2ccc(OCCCN3CCN(C)CC3)cc2)CC(C)(C)c2c1[nH]c1ccccc21,4752.043,155.832,98.128,182.285,103.365,110.651,75.089,41.083,68.247,50.007,162.539,76.094,11.5895195,-18.876,95.652,61.360493,34.304,0.0,1.0,9.473726,-16.748,0.886,0.0,4.523,0.0,0.0,0.0,1.0,1.0,1.0,1.0,1.0,-2.531,1.0,0.0,0.0,0.022,1.0,-2.3174212,1.0,0.413,0.924,6.011,1.0,1.0,5.532,1.0,1.0,0.0,6.171,1.0,0.223,3.731,1.0,1.0,0.0,0.0,1.0,1.0,12.216,0.0,0.0,1.0,-2.524,4.098,1.0,1.0,0.0,1.0,4.408,2.293,-2.788,0.0,4.688,0.375,1.0,0.445,-0.157,4.032,-2.265,0.0,0.80080676,0.0,9.814771,0.84,0.055,-1.959,0.0,0.016,0.0,1.0,-0.475,1.0,1.0,3.863,3.815,0.053,0.416,5.90718,0.661,0.044,-2.416,1.0,0.0,6.117,1.0,13.806257,1.0,1.0,-7.501,-0.148,0.178,1.289,0.0,1.0,5.984,5.016,0.0,1.0,0.607,0.0,1.0,1.0,-2.084,8.411,1.0,6.013,1.0,1.0,2.582,1.285,0.196,1.0,0.0,1.0,0.0,0.592,0.025,3.316,1.0,1.0,1.0,2.361,1.0,1.0,1.0,1.0,1.0,-0.49354964,1.0,0.0,1.0,1.0,1.0,0.0,0.887,0.462,1.0,2.397,0.0,0.708,0.0,0.0,0.0,0.127,1.0,1.0,1.0,0.0,2.1239836,0.116620995,1.0,1.0,0.0,1.0,1.0,1.282,0.0,1.0,1.0,0.0,1.015,5.923,-2.319,0.034,1.0,6.7121982700697735,1.0104377584601565
CC(C)OC(=O)C1=CN(C(=O)c2cccc(OCCN(C)C)c2)CC(C)(C)c2c1[nH]c1ccccc21,4178.525,168.945,70.18,173.347,72.17,122.52,63.418,85.26,72.65,42.171,170.129,63.804,11.436834,-36.386,86.827,23.011133,35.719,0.0,1.0,9.473726,-14.755,0.829,0.0,4.474,0.0,1.0,0.0,1.0,1.0,1.0,1.0,1.0,-2.509,1.0,0.0,0.0,0.059,1.0,-2.2943096,1.0,0.481,0.851,0.867,1.0,1.0,5.851,0.0,1.0,0.0,6.093,1.0,0.043,3.781,1.0,1.0,0.0,1.0,0.0,1.0,13.174,1.0,0.0,1.0,-2.503,4.397,1.0,1.0,0.0,1.0,0.775,2.835,-1.886,0.0,0.619,0.426,1.0,0.527,-0.144,5.146,-2.251,0.0,0.80080676,0.0,9.814763,0.805,-0.029,-1.97,0.0,0.179,0.0,1.0,-0.907,1.0,1.0,5.004,4.041,-0.041,0.475,5.90718,0.648,-0.068,-1.748,1.0,0.0,6.091,1.0,13.756664,1.0,1.0,-6.254,-0.026,0.148,1.387,0.0,0.0,6.063,3.881,0.0,1.0,0.658,0.0,1.0,0.0,-1.642,7.428,1.0,5.937,1.0,1.0,3.68,1.384,0.237,1.0,1.0,1.0,0.0,0.401,0.03,5.068,1.0,1.0,1.0,2.997,0.0,0.0,0.0,1.0,1.1111112,-0.49223903,1.0,0.0,1.0,1.0,1.0,0.0,1.029,0.569,1.0,2.96,0.0,0.775,0.0,0.0,1.0,0.217,1.0,1.0,1.0,0.0,2.210648,0.02117278,1.0,1.0,0.0,1.0,1.0,1.198,0.0,1.0,0.0,0.0,0.912,5.905,-1.74,-0.045,1.0,5.858236769724212,1.0104377584601565
CC(C)OC(=O)C1=CN(C(=O)c2cccc(OCCN3CCCC3)c2)CC(C)(C)c2c1[nH]c1ccccc21,4366.031,180.58,56.418,175.912,94.194,128.027,50.131,45.899,67.7,28.337,176.572,85.904,11.610826,-37.076,89.525,36.100647,36.507,0.0,1.0,9.473726,-15.604,0.874,0.0,4.925,0.0,0.0,0.0,1.0,1.0,1.0,1.0,1.0,-2.674,1.0,0.0,0.0,0.039,1.0,-2.2943614,1.0,0.483,0.917,2.382,1.0,1.0,6.496,1.0,1.0,0.0,6.129,1.0,0.055,4.237,1.0,1.0,0.0,1.0,0.0,1.0,12.448,0.0,0.0,1.0,-2.668,4.816,1.0,1.0,0.0,1.0,1.042,3.168,-2.545,0.0,1.307,0.41,1.0,0.523,-0.128,4.745,-2.475,0.0,0.80080676,0.0,9.814763,0.825,0.033,-2.233,0.0,-0.034,0.0,1.0,-0.041,1.0,1.0,4.593,4.802,0.019,0.473,5.90718,0.709,-0.058,-2.322,1.0,0.0,6.095,1.0,13.8575735,1.0,1.0,-7.041,-0.006,0.162,1.385,0.0,1.0,6.079,5.181,0.0,1.0,0.615,0.0,1.0,0.0,-2.004,8.494,1.0,5.966,1.0,1.0,3.35,1.383,0.027,1.0,1.0,1.0,0.0,0.404,0.038,4.624,1.0,1.0,1.0,2.693,1.0,0.0,0.0,1.0,1.0526316,-0.49223858,1.0,0.0,1.0,1.0,1.0,0.0,1.132,0.556,1.0,3.62,0.0,0.757,0.0,0.0,1.0,0.005,1.0,1.0,1.0,0.0,2.1469297,0.043453787,1.0,1.0,0.0,1.0,1.0,1.256,0.0,1.0,1.0,0.0,1.036,5.921,-2.224,0.002,1.0,5.880414225038216,1.0104377584601565
CC(C)OC(=O)C1=CN(C(=O)c2cccc(OCCN3CCCCC3)c2)CC(C)(C)c2c1[nH]c1ccccc21,4461.284,171.958,81.432,181.288,65.963,124.618,58.325,83.714,76.842,40.745,175.469,71.959,11.659454,-37.439,90.976,36.100647,35.183,0.0,1.0,9.473726,-13.306,0.878,0.0,4.814,0.0,0.0,0.0,1.0,1.0,1.0,1.0,1.0,-2.391,1.0,0.0,0.0,0.042,1.0,-2.294814,1.0,0.49,0.922,1.918,1.0,1.0,5.91,1.0,1.0,0.0,6.132,1.0,0.041,3.808,1.0,1.0,0.0,1.0,0.0,1.0,12.786,0.0,0.0,1.0,-2.387,4.423,1.0,1.0,0.0,1.0,1.576,3.191,-1.31,0.0,2.849,0.425,1.0,0.529,-0.125,4.539,-2.216,0.0,0.80080676,0.0,9.814763,0.829,-0.157,-2.007,0.0,0.146,0.0,1.0,-1.386,1.0,1.0,4.502,4.44,-0.168,0.487,5.90718,0.67,-0.068,-2.197,1.0,0.0,6.098,1.0,13.895768,1.0,1.0,-7.759,0.175,0.191,1.282,0.0,1.0,6.082,4.754,0.0,1.0,0.604,0.0,1.0,0.0,-1.964,8.471,1.0,5.987,1.0,1.0,3.186,1.278,0.216,1.0,1.0,1.0,0.0,0.57,0.031,4.492,1.0,1.0,1.0,2.553,1.0,0.0,0.0,1.0,1.0256411,-0.49223858,1.0,0.0,1.0,1.0,1.0,0.0,0.842,0.55,1.0,3.09,0.0,0.73,0.0,0.0,1.0,0.189,1.0,1.0,1.0,0.0,2.1303418,0.00022822473,1.0,1.0,0.0,1.0,1.0,1.233,0.0,1.0,1.0,0.0,1.041,5.924,-2.142,-0.146,1.0,6.048662481204082,1.0104377584601565
CC(C)OC(=O)C1=CN(C(=O)c2cccc(OCCN3CCOCC3)c2)CC(C)(C)c2c1[nH]c1ccccc21,4699.416,178.005,66.952,188.283,92.811,128.878,38.39,71.798,68.023,46.617,177.395,104.263,17.015673,-35.784,93.472,49.31441,34.895,0.0,1.0,14.210588,-17.224,0.884,0.0,4.82,0.0,0.0,0.0,1.0,1.0,1.0,1.0,1.0,-2.893,1.0,0.0,0.0,-0.0,1.0,-2.2948112,1.0,0.477,0.926,3.097,1.0,1.0,5.844,1.0,1.0,0.0,6.141,1.0,0.123,4.07,1.0,1.0,0.0,1.0,0.0,1.0,13.163,0.0,0.0,1.0,-2.886,4.074,1.0,1.0,0.0,1.0,2.549,3.095,-1.306,0.0,3.316,0.412,1.0,0.522,-0.155,4.559,-2.606,0.0,0.80080676,0.0,9.814763,0.838,0.093,-2.298,0.0,0.013,0.0,1.0,-0.123,1.0,1.0,4.684,4.385,0.098,0.486,5.90718,0.665,-0.021,-2.316,1.0,0.0,6.103,1.0,13.88188,1.0,1.0,-8.119,0.092,0.183,1.533,0.0,1.0,6.087,4.67,0.0,1.0,0.665,0.0,1.0,0.0,-1.942,8.129,1.0,6.036,1.0,1.0,3.194,1.529,0.126,1.0,1.0,1.0,0.0,0.525,0.035,4.653,1.0,1.0,1.0,2.566,1.0,0.0,0.0,1.0,1.0769231,-0.49223855,1.0,0.0,1.0,1.0,1.0,0.0,1.098,0.536,1.0,3.266,0.0,0.742,0.0,0.0,1.0,0.084,1.0,1.0,1.0,0.0,2.181624,0.022180114,1.0,1.0,0.0,1.0,1.0,1.148,0.0,1.0,1.0,0.0,1.045,5.937,-2.207,0.067,1.0,6.068033885271827,1.0104377584601565
CC(C)OC(=O)C1=CN(C(=O)c2cccc(OCCN3CCN(C)CC3)c2)CC(C)(C)c2c1[nH]c1ccccc21,4653.79,172.485,54.084,192.564,98.956,122.532,77.107,96.85,58.559,48.341,177.637,90.333,11.675925,-36.907,94.2,49.19016,36.775,0.0,1.0,9.473726,-16.814,0.883,0.0,4.567,0.0,1.0,0.0,1.0,1.0,1.0,1.0,1.0,-2.891,1.0,0.0,0.0,0.019,1.0,-2.3168895,1.0,0.475,0.921,0.658,1.0,1.0,6.283,0.0,1.0,0.0,6.143,1.0,0.095,4.03,1.0,1.0,0.0,1.0,1.0,1.0,10.492,1.0,0.0,1.0,-2.883,4.548,1.0,1.0,0.0,1.0,1.328,2.801,-2.469,0.0,1.451,0.416,1.0,0.515,-0.161,4.326,-2.619,0.0,0.80080676,0.0,9.814763,0.836,0.162,-2.308,0.0,0.036,1.0,1.0,0.653,1.0,1.0,4.327,4.525,0.155,0.484,5.90718,0.666,0.001,-2.436,1.0,0.0,6.104,1.0,13.921882,1.0,1.0,-6.924,-0.02,0.175,0.966,0.0,1.0,6.086,5.265,0.0,1.0,0.617,0.0,1.0,0.0,-1.979,6.955,1.0,6.011,1.0,1.0,3.026,0.964,0.151,1.0,1.0,1.0,0.0,0.389,0.038,4.396,1.0,1.0,1.0,2.438,1.0,1.0,0.0,1.0,1.025,-0.49223855,1.0,0.0,1.0,1.0,1.0,0.0,0.761,0.522,1.0,3.368,0.0,0.723,0.0,0.0,1.0,0.111,1.0,1.0,1.0,0.0,2.1395833,-0.083405145,1.0,1.0,0.0,1.0,1.0,1.193,0.0,1.0,1.0,0.0,1.011,5.935,-2.299,0.119,1.0,5.542118103266008,1.0104377584601565
CC(C)OC(=O)C1=CN(C(=O)c2cccc(OCCCN(C)C)c2)CC(C)(C)c2c1[nH]c1ccccc21,4271.778,165.68,108.467,175.886,68.89,126.039,41.888,47.987,93.043,44.782,154.084,48.933,11.500057,-23.005,87.354,29.431955,30.194,0.0,1.0,9.473726,-17.237,0.833,0.0,5.036,0.0,1.0,0.0,1.0,1.0,1.0,1.0,1.0,-2.648,1.0,0.0,0.0,0.062,1.0,-2.294282,1.0,0.477,0.855,6.244,1.0,1.0,5.296,1.0,1.0,0.0,6.116,1.0,0.047,4.389,1.0,1.0,0.0,1.0,0.0,1.0,14.286,1.0,0.0,1.0,-2.641,3.847,1.0,1.0,0.0,1.0,1.603,2.967,-2.05,0.0,3.494,0.383,1.0,0.508,-0.14,4.682,-2.353,0.0,0.80080676,0.0,9.814763,0.809,-0.042,-2.029,0.0,0.089,1.0,1.0,-1.409,1.0,1.0,4.461,4.735,-0.054,0.447,5.90718,0.726,-0.067,-2.53,1.0,0.0,6.092,1.0,13.795483,1.0,1.0,-7.856,-0.071,0.199,1.585,0.0,0.0,6.061,4.584,0.0,1.0,0.643,0.0,1.0,1.0,-2.191,8.729,1.0,5.943,1.0,1.0,3.404,1.581,0.133,1.0,1.0,1.0,0.0,0.525,0.026,4.443,1.0,1.0,1.0,2.797,0.0,0.0,0.0,1.0,1.1081082,-0.49352422,1.0,0.0,1.0,1.0,1.0,0.0,1.174,0.547,1.0,3.287,0.0,0.779,0.0,0.0,1.0,0.116,1.0,1.0,1.0,0.0,2.1914415,0.3079247,1.0,1.0,0.0,1.0,1.0,1.216,0.0,1.0,0.0,0.0,0.917,5.908,-2.436,-0.005,1.0,6.209714835966759,1.0104377584601565
CC(C)OC(=O)C1=CN(C(=O)c2cccc(OCCCN3CCCC3)c2)CC(C)(C)c2c1[nH]c1ccccc21,4461.284,163.861,74.774,178.915,105.385,117.842,39.052,72.14,70.068,35.605,169.266,75.062,11.629537,-36.919,90.853,29.431955,34.244,0.0,1.0,9.473726,-15.836,0.878,0.0,4.341,0.0,0.0,0.0,1.0,1.0,1.0,1.0,1.0,-2.726,1.0,0.0,0.0,0.042,1.0,-2.2942996,1.0,0.484,0.922,2.186,1.0,1.0,5.9,1.0,1.0,0.0,6.124,1.0,0.019,3.556,1.0,1.0,0.0,1.0,0.0,1.0,13.248,0.0,0.0,1.0,-2.72,4.257,1.0,1.0,0.0,1.0,3.628,2.352,-1.148,0.0,3.533,0.413,1.0,0.515,-0.125,4.431,-2.505,0.0,0.80080676,0.0,9.814763,0.829,0.073,-2.251,0.0,0.14,0.0,1.0,0.165,1.0,1.0,4.373,4.07,0.065,0.473,5.90718,0.61,-0.087,-2.167,1.0,0.0,6.096,1.0,13.880136,1.0,1.0,-7.167,0.164,0.208,1.397,0.0,1.0,6.066,4.007,0.0,1.0,0.604,0.0,1.0,1.0,-2.027,8.359,1.0,5.984,1.0,1.0,3.111,1.393,0.212,1.0,1.0,1.0,0.0,0.461,0.033,4.449,1.0,1.0,1.0,2.546,1.0,1.0,0.0,1.0,1.051282,-0.49352422,1.0,0.0,1.0,1.0,1.0,0.0,0.969,0.524,1.0,2.325,0.0,0.763,0.0,0.0,1.0,0.185,1.0,1.0,1.0,0.0,2.1303418,-0.12759148,1.0,1.0,0.0,1.0,1.0,1.244,0.0,1.0,1.0,0.0,1.041,5.924,-2.138,0.025,1.0,5.795066477645856,1.0104377584601565
CC(C)OC(=O)C1=CN(C(=O)c2cccc(OCCCN3CCCCC3)c2)CC(C)(C)c2c1[nH]c1ccccc21,4557.537,178.272,87.828,179.338,61.938,127.259,53.564,87.511,74.456,46.755,175.079,63.88,11.667707,-37.156,91.78,29.431955,34.154,0.0,1.0,9.473726,-13.275,0.882,0.0,4.802,0.0,0.0,0.0,1.0,1.0,1.0,1.0,1.0,-2.395,1.0,0.0,0.0,0.045,1.0,-2.2944856,1.0,0.5,0.926,2.868,1.0,1.0,5.636,1.0,1.0,0.0,6.131,1.0,0.025,3.813,1.0,1.0,0.0,1.0,0.0,1.0,13.441,0.0,0.0,1.0,-2.39,4.236,1.0,1.0,0.0,1.0,1.369,3.051,-1.797,0.0,2.706,0.425,1.0,0.529,-0.122,4.303,-2.199,0.0,0.80080676,0.0,9.814763,0.833,-0.25,-1.963,0.0,0.1,0.0,1.0,-1.384,1.0,1.0,4.273,4.399,-0.248,0.483,5.90718,0.66,-0.081,-2.181,1.0,0.0,6.098,1.0,13.91268,1.0,1.0,-6.892,0.092,0.203,1.476,0.0,1.0,6.068,5.091,0.0,1.0,0.594,0.0,1.0,1.0,-1.955,8.03,1.0,5.988,1.0,1.0,2.989,1.471,0.227,1.0,1.0,1.0,0.0,0.557,0.03,4.357,1.0,1.0,1.0,2.427,1.0,1.0,0.0,1.0,1.025,-0.49352422,1.0,0.0,1.0,1.0,1.0,0.0,1.013,0.527,1.0,2.948,0.0,0.737,0.0,0.0,1.0,0.179,1.0,1.0,1.0,0.0,2.1145833,-0.0088403495,1.0,1.0,0.0,1.0,1.0,1.254,0.0,1.0,1.0,0.0,1.046,5.927,-2.128,-0.241,1.0,5.9503943874050265,1.0104377584601565
CC(C)OC(=O)C1=CN(C(=O)c2cccc(OCCCN3CCOCC3)c2)CC(C)(C)c2c1[nH]c1ccccc21,4798.169,174.842,86.041,185.323,65.965,125.101,100.51,34.119,102.0,56.148,169.996,44.594,17.039846,-26.965,94.414,55.73523,37.105,0.0,1.0,14.210588,-20.334,0.887,0.0,4.747,0.0,0.0,0.0,1.0,1.0,1.0,1.0,1.0,-3.092,1.0,0.0,0.0,0.003,1.0,-2.2944877,1.0,0.475,0.929,1.18,1.0,1.0,6.244,1.0,1.0,0.0,6.15,1.0,-0.017,4.19,1.0,1.0,0.0,1.0,0.0,1.0,18.023,0.0,0.0,1.0,-3.085,4.552,1.0,1.0,0.0,1.0,2.022,2.549,-2.715,0.0,3.974,0.405,1.0,0.508,-0.151,4.173,-2.746,0.0,0.80080676,0.0,9.814763,0.841,0.033,-2.418,0.0,0.106,0.0,1.0,0.384,1.0,1.0,4.094,4.198,0.036,0.472,5.90718,0.689,-0.102,-2.678,1.0,0.0,6.104,1.0,13.900846,1.0,1.0,-6.93,-0.211,0.173,1.833,0.0,1.0,6.074,4.947,0.0,1.0,0.652,0.0,1.0,1.0,-2.148,8.804,1.0,5.999,1.0,1.0,2.95,1.828,0.211,1.0,1.0,1.0,0.0,0.47,0.026,4.321,1.0,1.0,1.0,2.407,1.0,1.0,0.0,1.0,1.075,-0.49352422,1.0,0.0,1.0,1.0,1.0,0.0,1.267,0.518,1.0,2.916,0.0,0.747,0.0,0.0,1.0,0.171,1.0,1.0,1.0,0.0,2.1645834,0.21910535,1.0,1.0,0.0,1.0,1.0,1.211,0.0,1.0,1.0,0.0,1.049,5.94,-2.507,-0.009,1.0,6.099086932262331,1.0104377584601565
CC(C)OC(=O)C1=CN(C(=O)c2cccc(OCCCN3CCN(C)CC3)c2)CC(C)(C)c2c1[nH]c1ccccc21,4752.043,166.622,100.686,186.807,87.809,118.757,70.469,59.064,79.691,59.836,157.631,56.855,11.681313,-24.554,95.094,55.61098,35.318,0.0,1.0,9.473726,-15.666,0.886,0.0,4.559,0.0,1.0,0.0,1.0,1.0,1.0,1.0,1.0,-2.634,1.0,0.0,0.0,0.022,1.0,-2.3175454,1.0,0.455,0.924,4.051,1.0,1.0,5.628,1.0,1.0,0.0,6.141,1.0,0.009,4.074,1.0,1.0,0.0,1.0,0.0,1.0,12.652,0.0,0.0,1.0,-2.627,4.188,1.0,1.0,0.0,1.0,2.473,2.505,-3.639,0.0,4.382,0.396,1.0,0.482,-0.157,3.888,-2.396,0.0,0.80080676,0.0,9.814763,0.84,0.084,-2.122,0.0,0.065,0.0,1.0,0.21,1.0,1.0,3.832,4.126,0.082,0.453,5.90718,0.66,-0.098,-2.808,1.0,0.0,6.105,1.0,13.935231,1.0,1.0,-7.778,-0.174,0.18,1.662,0.0,1.0,6.073,5.104,1.0,1.0,0.607,0.0,1.0,1.0,-2.134,8.239,1.0,6.001,1.0,1.0,2.794,1.658,0.149,1.0,1.0,1.0,0.0,0.548,0.029,3.882,1.0,1.0,1.0,2.293,1.0,1.0,0.0,1.0,1.0243902,-0.49352422,1.0,0.0,1.0,1.0,1.0,0.0,1.294,0.489,1.0,2.848,0.0,0.73,0.0,0.0,1.0,0.118,1.0,1.0,1.0,0.0,2.1239836,0.18452446,1.0,1.0,0.0,1.0,1.0,1.236,0.0,1.0,1.0,0.0,1.015,5.937,-2.584,0.025,1.0,5.99012436628784,1.0104377584601565
CC(C)OC(=O)C1=CN(C(=O)c2ccc(OCCCN3CCOCC3)cc2)CC(C)(C)c2c1[nH]c1cc(F)ccc21,5354.138,195.352,60.439,177.493,82.309,128.06,61.626,69.834,83.362,48.66,180.302,65.152,30.915167,-40.889,89.35,50.21853,39.656,0.0,1.0,14.210588,-16.663,0.877,0.0,4.625,0.0,0.0,0.0,1.0,1.0,1.0,1.0,1.0,-2.983,1.0,0.0,4.390415,-0.032,1.0,-2.294129,1.0,0.424,0.917,4.543,1.0,1.0,6.862,1.0,1.0,0.0,6.26,1.0,0.071,4.54,1.0,1.0,0.0,0.0,1.0,1.0,18.509,0.0,0.0,1.0,-2.963,4.79,1.0,1.0,0.0,1.0,5.715,2.652,-1.88,0.0,5.304,0.367,1.0,0.467,-0.133,4.728,-2.656,0.0,0.80080676,0.0,9.814569,0.812,-0.079,-2.343,1.0,0.229,0.0,1.0,-1.182,1.0,1.0,5.079,3.659,-0.085,0.44,5.90718,0.663,-0.031,-2.414,1.0,0.0,6.212,1.0,14.05571,1.0,1.0,-5.932,0.031,0.182,1.965,0.0,1.0,6.034,4.544,0.0,1.0,0.684,0.0,1.0,1.0,-1.894,8.232,1.0,6.213,0.0,1.0,2.761,1.935,0.29,1.0,0.0,1.0,0.0,0.431,0.033,3.595,1.0,1.0,1.0,2.617,1.0,1.0,1.0,1.0,1.097561,-0.49354964,1.0,0.0,1.0,1.0,1.0,1.0,1.164,0.478,1.0,3.217,0.0,0.696,0.0,0.0,0.0,0.267,1.0,1.0,1.0,0.0,2.2987804,0.005807862,1.0,1.0,1.0,1.0,1.0,1.141,0.0,1.0,1.0,0.0,0.932,6.053,-2.241,-0.049,1.0,7.055517327849831,1.0104377584601565
CC(C)OC(=O)C1=CN(C(=O)c2ccc(OCCN3CCOCC3)cc2)CC(C)(C)c2c1[nH]c1cc(F)ccc21,5249.718,188.676,77.434,180.051,58.813,132.447,45.051,39.538,93.438,39.225,169.753,73.242,30.877314,-30.524,88.961,43.79771,35.438,0.0,1.0,14.210588,-16.901,0.875,0.0,4.707,0.0,0.0,0.0,1.0,1.0,1.0,1.0,1.0,-2.913,1.0,0.0,4.390415,-0.034,1.0,-2.2943301,1.0,0.379,0.914,11.237,1.0,1.0,5.993,1.0,1.0,0.0,6.244,1.0,0.182,4.709,1.0,1.0,0.0,0.0,1.0,1.0,16.305,0.0,0.0,1.0,-2.901,4.208,1.0,1.0,0.0,1.0,1.237,2.767,-4.376,0.0,1.292,0.341,1.0,0.42,-0.136,4.57,-2.612,0.0,0.80080676,0.0,9.814569,0.809,0.14,-2.284,1.0,0.1,0.0,1.0,1.001,1.0,1.0,4.988,4.249,0.161,0.414,5.90718,0.727,0.022,-2.845,1.0,0.0,6.211,1.0,14.044986,1.0,1.0,-9.338,-0.266,0.17,1.624,0.0,1.0,6.048,4.818,0.0,1.0,0.695,0.0,1.0,1.0,-2.122,9.397,1.0,6.229,0.0,1.0,2.884,1.595,0.289,1.0,1.0,1.0,0.0,0.398,0.024,3.438,1.0,1.0,1.0,2.746,1.0,1.0,1.0,1.0,1.1,-0.49226397,1.0,0.0,1.0,1.0,1.0,0.0,1.026,0.448,1.0,3.468,0.0,0.691,0.0,0.0,0.0,0.216,1.0,1.0,1.0,0.0,2.31875,0.039439052,1.0,1.0,1.0,1.0,1.0,1.194,0.0,1.0,1.0,0.0,0.928,6.05,-2.594,0.073,1.0,7.00436480540245,1.0104377584601565
CN1C(=O)c2cc(NC(=O)c3ccc(C(F)(F)F)cc3)ccc2OC[C@@H]2O[C@@H](CC(=O)NC3Cc4ccccc4C3)CC[C@@H]21,9606.298,377.888,142.364,240.909,128.779,229.211,42.84,125.113,81.906,78.174,283.64,47.226,50.91371,-60.957,126.717,37.107113,57.494,13.171246,0.0,9.473726,-34.152,0.68,0.0,8.346,1.0,1.0,1.0,0.0,1.0,0.0,0.0,1.0,-3.106,0.0,0.0,18.858631,0.225,0.0,-2.4194148,1.0,0.421,0.711,27.503,1.0,0.0,8.304,0.0,0.0,0.0,6.594,0.0,-0.178,3.272,0.0,0.0,0.0,1.0,1.0,0.0,10.258,0.0,1.0,1.0,-3.021,5.474,1.0,1.0,0.0,0.0,2.28,6.117,-5.641,0.0,9.556,0.456,1.0,0.488,-0.067,5.597,-2.565,0.0,0.6218168,0.0,9.941843,0.561,0.38,-2.208,1.0,0.13,1.0,1.0,5.685,1.0,1.0,3.692,6.569,0.384,0.552,11.81436,0.63,-0.13,-2.411,1.0,1.0,6.612,1.0,13.536767,0.0,1.0,-14.192,-0.449,0.201,1.574,0.0,0.0,6.308,12.883,1.0,1.0,0.77,1.0,1.0,0.0,-2.195,8.75,1.0,6.033,1.0,0.0,3.032,1.579,0.18,1.0,1.0,1.0,0.0,1.081,0.03,6.286,0.0,1.0,1.0,3.439,1.0,1.0,1.0,0.0,0.97727275,-0.48995844,1.0,1.0,1.0,1.0,0.0,0.0,1.063,0.387,0.0,2.138,0.0,0.689,0.0,0.0,1.0,0.19,0.0,0.0,0.0,1.0,2.6193182,0.33085,0.0,1.0,0.0,1.0,1.0,1.195,0.0,0.0,1.0,0.0,0.584,6.565,-2.413,0.246,1.0,5.692503962086787,1.0104377584601565
CN1C(=O)c2cc(NC(=O)c3ccc(C(F)(F)F)cc3)ccc2OC[C@H]2O[C@@H](CC(=O)NC3Cc4ccccc4C3)CC[C@@H]21,9606.298,349.541,158.675,240.592,121.579,210.647,43.69,129.488,65.675,81.157,286.743,65.661,50.91371,-65.406,127.995,37.107113,58.474,13.171246,0.0,9.473726,-35.027,0.68,0.0,6.487,1.0,1.0,1.0,0.0,1.0,0.0,0.0,1.0,-3.37,0.0,0.0,18.858631,0.225,0.0,-2.4194148,1.0,0.414,0.711,28.927,1.0,0.0,8.266,0.0,0.0,0.0,6.594,0.0,-0.178,2.853,0.0,0.0,0.0,1.0,1.0,0.0,8.449,0.0,1.0,1.0,-3.277,5.371,1.0,1.0,0.0,0.0,3.067,3.355,-6.485,0.0,11.052,0.449,1.0,0.479,-0.067,5.521,-2.814,0.0,0.6218168,0.0,9.941843,0.561,0.364,-2.453,1.0,0.17,1.0,1.0,6.153,1.0,1.0,3.62,5.312,0.384,0.542,11.81436,0.558,-0.13,-2.256,1.0,1.0,6.612,1.0,13.536767,0.0,1.0,-13.723,-0.412,0.209,1.393,0.0,0.0,6.308,9.381,1.0,1.0,0.77,1.0,1.0,0.0,-2.128,6.512,1.0,6.033,1.0,0.0,2.997,1.408,0.224,1.0,1.0,1.0,0.0,0.851,0.018,6.157,0.0,1.0,1.0,3.394,1.0,1.0,1.0,0.0,0.97727275,-0.48995844,1.0,1.0,1.0,1.0,0.0,0.0,0.999,0.382,0.0,1.527,0.0,0.689,0.0,0.0,1.0,0.234,0.0,0.0,0.0,1.0,2.6193182,0.37270826,0.0,1.0,0.0,1.0,1.0,1.332,0.0,0.0,1.0,0.0,0.584,6.565,-2.289,0.252,1.0,4.451544993495972,0.2519606436888056
CN1C(=O)c2cc(NC(=O)c3ccc(C(F)(F)F)cc3)ccc2OC[C@@H]2O[C@H](CC(=O)NC3Cc4ccccc4C3)CC[C@@H]21,9606.298,366.794,148.259,236.86,74.55,223.329,96.214,64.806,87.234,96.977,252.455,54.183,50.91371,-72.187,127.906,37.107113,48.073,13.171246,0.0,9.473726,-31.03,0.68,0.0,6.781,1.0,1.0,1.0,0.0,1.0,0.0,0.0,1.0,-2.908,0.0,0.0,18.858631,0.225,0.0,-2.4194148,1.0,0.416,0.711,29.813,1.0,0.0,7.129,0.0,0.0,0.0,6.594,0.0,-0.178,2.969,0.0,0.0,0.0,1.0,1.0,0.0,19.499,0.0,1.0,1.0,-2.801,4.903,1.0,1.0,0.0,0.0,2.399,4.007,-7.058,0.0,10.935,0.452,1.0,0.482,-0.067,5.457,-2.338,0.0,0.6218168,0.0,9.941843,0.561,0.328,-1.971,1.0,0.191,1.0,1.0,3.898,1.0,1.0,3.599,6.12,0.328,0.547,11.81436,0.557,-0.13,-2.335,1.0,1.0,6.612,1.0,13.536767,0.0,1.0,-12.472,-0.554,0.2,2.215,0.0,0.0,6.308,8.02,1.0,1.0,0.77,1.0,1.0,0.0,-2.181,9.26,1.0,6.033,1.0,0.0,3.028,2.214,0.159,1.0,1.0,1.0,0.0,0.665,0.031,6.215,0.0,1.0,1.0,3.415,1.0,1.0,1.0,0.0,0.97727275,-0.48995844,1.0,1.0,1.0,1.0,0.0,0.0,1.443,0.384,0.0,1.642,0.0,0.689,0.0,0.0,1.0,0.204,0.0,0.0,0.0,1.0,2.6193182,0.23197684,0.0,1.0,0.0,1.0,1.0,1.27,0.0,0.0,1.0,0.0,0.584,6.565,-2.352,0.217,1.0,6.638272163982407,1.0104377584601565
CCOC(=O)C1=CN(C(=O)c2ccc(F)cc2)CCc2c1[nH]c1ccccc21,3640.258,203.077,66.759,169.328,67.848,169.155,18.681,53.851,58.048,36.505,181.799,46.451,18.418201,-31.278,71.001,16.466377,35.181,0.0,1.0,4.736863,-18.723,0.738,0.0,5.51,0.0,0.0,0.0,1.0,1.0,1.0,1.0,1.0,-2.417,1.0,0.0,4.390415,0.065,1.0,-2.1752703,1.0,0.457,0.789,1.841,1.0,1.0,4.755,0.0,1.0,1.0,5.994,1.0,0.365,4.49,1.0,1.0,0.0,0.0,1.0,1.0,11.823,0.0,1.0,1.0,-2.401,3.455,1.0,1.0,0.0,1.0,1.055,4.472,-4.038,0.0,0.471,0.304,1.0,0.503,-0.075,7.829,-2.223,0.0,0.8035559,0.0,10.044113,0.691,0.124,-2.031,0.0,0.141,0.0,1.0,1.378,1.0,1.0,7.238,3.707,0.13,0.358,5.90718,0.581,0.298,-1.837,1.0,0.0,5.923,1.0,13.19369,0.0,1.0,-8.82,-0.255,0.188,1.288,0.0,0.0,5.753,2.798,0.0,1.0,0.731,0.0,1.0,0.0,-1.534,4.514,1.0,5.775,1.0,1.0,4.528,1.272,0.159,1.0,0.0,1.0,0.0,0.494,0.034,5.709,0.0,1.0,1.0,4.21,0.0,1.0,1.0,1.0,1.1428572,-0.4622954,1.0,0.0,0.0,1.0,1.0,0.0,1.012,0.528,1.0,4.941,0.0,0.754,0.0,0.0,0.0,0.156,1.0,1.0,0.0,0.0,2.482143,-0.060857557,1.0,1.0,1.0,1.0,1.0,1.135,0.0,1.0,0.0,0.0,0.86,5.923,-1.727,0.098,0.0,6.221848749616356,1.0104377584601565
CC(C)OC(=O)C1=CN(C(=O)c2ccc(F)cc2)CCc2c1[nH]c1ccccc21,3815.264,206.573,66.284,168.893,81.055,162.075,36.186,53.775,61.105,39.025,186.717,53.457,18.663197,-34.544,76.349,16.466377,36.18,0.0,1.0,4.736863,-18.876,0.795,0.0,5.577,0.0,0.0,0.0,1.0,1.0,1.0,1.0,1.0,-2.406,1.0,0.0,4.390415,0.045,1.0,-2.1792376,1.0,0.514,0.84,0.601,1.0,1.0,4.962,0.0,1.0,1.0,6.051,1.0,0.343,4.837,1.0,1.0,0.0,0.0,1.0,1.0,11.543,0.0,1.0,1.0,-2.39,3.602,0.0,1.0,0.0,0.0,1.224,4.306,-4.504,0.0,2.333,0.334,1.0,0.558,-0.073,7.687,-2.217,0.0,0.8008064,0.0,10.043508,0.737,0.169,-2.028,0.0,0.152,0.0,1.0,2.229,1.0,1.0,7.373,3.53,0.178,0.384,5.90718,0.625,0.257,-1.868,1.0,0.0,5.961,0.0,13.230351,0.0,1.0,-8.078,-0.265,0.171,1.275,0.0,0.0,5.797,2.688,0.0,1.0,0.717,0.0,1.0,0.0,-1.585,4.907,1.0,5.871,1.0,1.0,4.399,1.258,0.204,1.0,0.0,1.0,0.0,0.565,0.039,5.851,0.0,1.0,1.0,4.054,0.0,1.0,1.0,1.0,1.1034483,-0.45927954,1.0,0.0,0.0,1.0,1.0,0.0,0.993,0.56,1.0,5.06,0.0,0.728,0.0,0.0,0.0,0.191,1.0,1.0,0.0,0.0,2.4597702,-0.14879324,1.0,1.0,1.0,1.0,1.0,1.14,0.0,1.0,0.0,0.0,0.873,5.939,-1.763,0.13,0.0,6.301029995663981,1.0104377584601565
CCCOC(=O)C1=CN(C(=O)c2ccc(F)cc2)CCc2c1[nH]c1ccccc21,3727.761,198.792,66.478,171.533,67.964,161.006,24.72,51.481,57.176,36.694,180.98,45.988,18.601078,-30.756,71.966,16.466377,35.041,0.0,1.0,4.736863,-19.157,0.742,0.0,4.913,0.0,0.0,0.0,1.0,1.0,1.0,1.0,1.0,-2.47,1.0,0.0,4.390415,0.069,1.0,-2.175909,1.0,0.507,0.793,1.959,1.0,1.0,4.751,0.0,1.0,1.0,6.015,1.0,0.372,4.108,1.0,1.0,0.0,0.0,1.0,1.0,11.866,0.0,1.0,1.0,-2.453,3.495,1.0,1.0,0.0,1.0,0.89,3.434,-4.017,0.0,0.576,0.389,1.0,0.555,-0.073,7.455,-2.251,0.0,0.8032826,0.0,10.043968,0.696,0.114,-2.036,0.0,0.109,0.0,1.0,1.494,1.0,1.0,6.889,3.457,0.121,0.438,5.90718,0.54,0.304,-1.893,1.0,0.0,5.927,1.0,13.227262,0.0,1.0,-9.059,-0.21,0.177,1.256,0.0,0.0,5.78,3.407,0.0,1.0,0.704,0.0,1.0,0.0,-1.605,4.468,1.0,5.796,1.0,1.0,4.329,1.239,0.102,1.0,0.0,1.0,0.0,0.425,0.03,5.676,0.0,1.0,1.0,3.94,0.0,1.0,1.0,1.0,1.137931,-0.46201226,1.0,0.0,0.0,1.0,1.0,0.0,0.975,0.601,1.0,3.987,0.0,0.751,0.0,0.0,0.0,0.109,1.0,1.0,0.0,0.0,2.4482758,-0.030651724,1.0,1.0,1.0,1.0,1.0,1.151,0.0,1.0,0.0,0.0,0.865,5.925,-1.789,0.086,0.0,6.301029995663981,1.0104377584601565
CCCCOC(=O)C1=CN(C(=O)c2ccc(F)cc2)CCc2c1[nH]c1ccccc21,3816.264,207.479,72.869,164.101,79.812,153.502,21.806,78.012,63.88,44.725,179.065,46.352,18.721546,-32.303,72.744,29.30802,34.076,0.0,1.0,4.736863,-17.504,0.745,0.0,5.122,0.0,0.0,0.0,1.0,1.0,1.0,1.0,1.0,-2.286,1.0,0.0,4.390415,0.072,1.0,-2.1762228,1.0,0.563,0.797,2.969,1.0,1.0,4.775,0.0,1.0,1.0,6.029,1.0,0.351,3.956,1.0,1.0,0.0,0.0,1.0,1.0,12.355,0.0,1.0,1.0,-2.271,3.532,1.0,1.0,0.0,1.0,0.992,3.656,-4.208,0.0,1.21,0.425,1.0,0.607,-0.071,7.026,-2.109,0.0,0.80327195,0.0,10.043868,0.7,0.054,-1.933,0.0,0.139,0.0,1.0,1.024,1.0,1.0,6.575,3.753,0.06,0.477,5.90718,0.545,0.293,-1.978,1.0,0.0,5.937,1.0,13.256479,0.0,1.0,-7.571,-0.193,0.133,1.35,0.0,0.0,5.785,3.039,0.0,1.0,0.681,0.0,1.0,0.0,-1.659,4.939,1.0,5.822,1.0,1.0,4.052,1.335,0.223,1.0,0.0,1.0,0.0,0.593,0.046,5.4,0.0,1.0,1.0,3.71,0.0,1.0,1.0,1.0,1.1333333,-0.46200138,1.0,0.0,1.0,1.0,1.0,0.0,1.059,0.588,1.0,3.549,0.0,0.735,0.0,0.0,0.0,0.194,1.0,1.0,0.0,0.0,2.4166667,-0.1284642,1.0,1.0,1.0,1.0,1.0,1.118,0.0,1.0,0.0,0.0,0.87,5.928,-1.865,0.049,0.0,5.958607314841775,1.0104377584601565
CCOC(=O)C1=CN(C(=O)c2ccc(F)cc2)CC(C)c2c1[nH]c1ccccc21,3815.264,216.447,76.352,173.816,58.414,176.982,29.17,62.968,86.792,34.649,168.691,62.86,18.515501,-24.0,75.312,16.466377,36.767,0.0,1.0,4.736863,-18.275,0.726,0.0,6.088,0.0,0.0,0.0,1.0,1.0,1.0,1.0,1.0,-2.376,1.0,0.0,4.390415,0.073,1.0,-2.2089787,1.0,0.404,0.776,5.154,1.0,1.0,4.763,0.0,1.0,0.0,6.022,1.0,0.312,4.983,1.0,1.0,0.0,0.0,1.0,1.0,15.21,0.0,0.0,1.0,-2.367,3.516,1.0,1.0,0.0,1.0,0.164,4.454,-5.03,0.0,0.92,0.268,1.0,0.448,-0.073,6.908,-2.19,0.0,0.8035561,0.0,9.955581,0.681,0.057,-1.988,0.0,0.156,0.0,1.0,-0.092,1.0,1.0,6.37,5.361,0.061,0.309,5.90718,0.692,0.267,-1.905,1.0,0.0,6.016,1.0,13.255748,1.0,1.0,-8.311,-0.283,0.245,1.479,0.0,0.0,5.874,2.241,0.0,1.0,0.732,0.0,1.0,0.0,-1.571,6.738,1.0,5.807,1.0,1.0,4.676,1.461,0.179,1.0,0.0,1.0,0.0,0.544,0.077,5.3,0.0,1.0,1.0,4.236,0.0,1.0,1.0,1.0,1.1724138,-0.4622954,1.0,0.0,0.0,1.0,1.0,0.0,1.141,0.503,1.0,4.824,0.0,0.688,0.0,0.0,0.0,0.171,1.0,1.0,0.0,0.0,2.4597702,0.034108635,1.0,1.0,1.0,1.0,1.0,1.122,0.0,1.0,0.0,0.0,0.846,5.944,-1.784,0.086,1.0,7.244125144327507,1.0104377584601565
CCOC(=O)C1=CN(C(=O)c2ccc(Cl)cc2)CC(C)c2c1[nH]c1ccccc21,3498.298,187.279,72.825,165.722,67.384,158.723,44.198,32.742,67.053,35.457,139.652,38.924,5.291893,-20.591,74.688,16.466377,29.833,0.0,1.0,16.337803,-14.453,0.658,11.60094,6.199,0.0,0.0,0.0,1.0,1.0,1.0,1.0,1.0,-2.26,1.0,0.0,0.0,0.168,1.0,-2.2093573,1.0,0.49,0.727,2.144,1.0,1.0,4.043,0.0,1.0,0.0,5.974,1.0,0.306,5.034,1.0,1.0,0.0,0.0,0.0,1.0,11.537,0.0,0.0,1.0,-2.307,3.204,1.0,1.0,0.0,1.0,1.295,4.751,-1.743,0.0,1.984,0.339,1.0,0.494,-0.088,6.605,-2.181,0.0,0.8035561,0.0,9.955592,0.659,0.124,-2.005,0.0,0.118,0.0,1.0,-0.359,1.0,1.0,5.985,5.379,0.172,0.376,5.90718,0.699,0.17,-1.705,1.0,0.0,6.0,1.0,13.14786,1.0,1.0,-6.107,-0.023,0.264,0.985,5.9504614,0.0,5.856,2.246,0.0,1.0,0.762,0.0,1.0,0.0,-1.49,6.417,1.0,5.763,1.0,1.0,4.613,1.158,0.016,1.0,0.0,1.0,0.0,0.73,0.127,4.848,0.0,1.0,1.0,4.259,0.0,1.0,1.0,1.0,1.1724138,-0.4622954,1.0,0.0,0.0,1.0,1.0,0.0,0.882,0.536,1.0,4.583,0.0,0.785,0.0,0.0,0.0,0.134,1.0,1.0,0.0,0.0,2.3256705,0.07803903,1.0,1.0,1.0,1.0,1.0,1.262,0.0,1.0,0.0,0.0,0.961,5.859,-1.685,0.137,1.0,7.136677139879544,1.0104377584601565
CCOC(=O)C1=CN(C(=O)c2ccc(OC)cc2)CC(C)c2c1[nH]c1ccccc21,3533.503,165.456,51.762,177.564,91.696,140.673,53.637,62.209,48.191,29.025,163.942,49.15,10.484848,-27.443,77.767,16.466377,33.926,0.0,1.0,9.473726,-17.379,0.729,0.0,5.282,0.0,0.0,0.0,1.0,1.0,1.0,1.0,1.0,-2.368,1.0,0.0,0.0,0.096,1.0,-2.210165,1.0,0.456,0.783,1.319,1.0,1.0,4.716,0.0,1.0,0.0,5.989,1.0,0.325,4.044,1.0,1.0,0.0,0.0,1.0,1.0,12.72,0.0,0.0,1.0,-2.364,3.467,1.0,1.0,0.0,1.0,0.692,4.122,-2.354,0.0,2.07,0.362,1.0,0.497,-0.123,6.737,-2.189,0.0,0.8035561,0.0,9.955567,0.673,0.032,-1.994,0.0,0.23,0.0,1.0,0.77,1.0,1.0,6.289,3.876,0.033,0.411,5.90718,0.644,0.217,-1.747,1.0,0.0,6.017,1.0,13.238457,1.0,1.0,-9.331,-0.246,0.237,1.551,0.0,0.0,5.858,2.863,0.0,1.0,0.761,0.0,1.0,0.0,-1.585,5.673,1.0,5.772,1.0,1.0,4.339,1.548,0.281,1.0,0.0,1.0,0.0,0.505,0.051,4.661,0.0,1.0,1.0,4.038,0.0,1.0,1.0,1.0,1.1333333,-0.49676776,1.0,0.0,0.0,1.0,1.0,0.0,1.284,0.535,1.0,3.983,0.0,0.818,0.0,0.0,0.0,0.263,1.0,1.0,0.0,0.0,2.2944446,0.07900397,1.0,1.0,0.0,1.0,1.0,1.092,0.0,1.0,0.0,0.0,0.958,5.85,-1.705,0.005,1.0,7.221848749616356,1.0104377584601565
CCOC(=O)C1=CN(C(=O)c2ccc(F)c(F)c2)CC(C)c2c1[nH]c1ccccc21,4313.145,240.623,74.709,163.932,65.347,184.687,26.528,61.226,72.527,45.918,158.212,109.865,32.18032,-36.075,71.629,28.59911,36.489,0.0,1.0,4.736863,-16.365,0.751,0.0,5.472,0.0,1.0,0.0,1.0,1.0,1.0,1.0,1.0,-2.54,1.0,0.0,8.78083,0.023,1.0,-2.2097588,1.0,0.424,0.793,2.96,1.0,1.0,5.386,0.0,1.0,0.0,6.059,1.0,0.175,4.353,1.0,1.0,0.0,0.0,1.0,1.0,11.542,0.0,0.0,1.0,-2.522,3.735,1.0,1.0,0.0,1.0,0.838,4.137,-3.149,0.0,1.867,0.29,1.0,0.496,-0.063,7.231,-2.335,0.0,0.8035561,11.634441,9.955551,0.712,0.125,-2.131,0.0,0.198,0.0,1.0,0.527,1.0,1.0,6.591,5.499,0.13,0.366,5.90718,0.626,0.126,-1.699,1.0,0.0,6.073,1.0,13.668668,1.0,1.0,-8.062,-0.318,0.177,1.486,0.0,0.0,6.031,2.953,0.0,1.0,0.729,0.0,1.0,1.0,-1.517,6.988,1.0,5.831,1.0,1.0,5.188,1.464,0.266,1.0,1.0,1.0,0.0,0.585,0.043,7.807,1.0,1.0,1.0,4.259,0.0,1.0,0.0,1.0,1.1666666,-0.4622954,1.0,0.0,0.0,1.0,1.0,0.0,1.13,0.518,1.0,4.504,0.0,0.656,0.0,0.0,0.0,0.238,1.0,1.0,0.0,0.0,2.6333334,0.019487811,1.0,1.0,1.0,1.0,1.0,0.99,0.0,1.0,0.0,0.0,0.824,5.979,-1.654,0.138,1.0,7.494850021680094,1.0104377584601565
CCOC(=O)C1=CN(C(=O)c2ccc(F)cc2)CC(C)(C)c2c1[nH]c1ccccc21,3838.389,215.297,83.093,167.755,44.963,175.018,60.615,15.72,91.711,38.278,161.852,76.209,18.609457,-28.638,72.809,16.466377,31.986,0.0,1.0,4.736863,-17.997,0.7,0.0,6.469,0.0,0.0,0.0,1.0,1.0,1.0,1.0,1.0,-2.248,1.0,0.0,4.390415,0.082,1.0,-2.2935324,1.0,0.381,0.748,7.038,1.0,1.0,4.413,0.0,1.0,0.0,6.039,1.0,0.268,4.998,1.0,1.0,0.0,0.0,1.0,1.0,17.213,0.0,0.0,1.0,-2.235,3.469,1.0,1.0,0.0,1.0,0.528,5.055,-3.727,0.0,0.99,0.256,1.0,0.429,-0.071,6.534,-2.045,0.0,0.80355626,0.0,9.814814,0.657,-0.101,-1.822,0.0,0.129,0.0,1.0,-0.57,1.0,1.0,5.703,5.523,-0.08,0.294,5.90718,0.727,0.242,-1.769,1.0,0.0,6.026,1.0,13.316777,1.0,1.0,-6.062,-0.3,0.257,1.575,0.0,0.0,5.879,2.556,0.0,1.0,0.687,0.0,1.0,0.0,-1.551,8.842,1.0,5.797,1.0,1.0,4.369,1.553,0.257,1.0,0.0,1.0,0.0,0.657,0.06,5.011,1.0,1.0,1.0,4.065,0.0,1.0,1.0,1.0,1.1333333,-0.4622954,1.0,0.0,1.0,1.0,1.0,0.0,1.101,0.497,1.0,4.331,0.0,0.669,0.0,0.0,0.0,0.208,1.0,1.0,1.0,0.0,2.4416666,0.03716034,1.0,1.0,1.0,1.0,1.0,1.192,0.0,1.0,0.0,0.0,0.817,5.943,-1.698,-0.038,1.0,7.657577319177793,1.0104377584601565
CCOC(=O)C1=CN(C(=O)c2ccc(F)c(F)c2)CC(C)(C)c2c1[nH]c1ccccc21,4337.688,247.832,167.219,168.004,35.904,191.281,46.782,0.569,103.817,38.136,174.635,46.251,32.349655,-37.267,69.581,28.59911,31.615,0.0,1.0,4.736863,-9.793,0.724,0.0,5.877,0.0,1.0,0.0,1.0,1.0,1.0,1.0,1.0,-1.713,1.0,0.0,8.78083,0.035,1.0,-2.2936776,1.0,0.364,0.764,11.374,1.0,1.0,4.951,0.0,1.0,0.0,6.056,1.0,0.145,4.65,1.0,1.0,0.0,0.0,1.0,1.0,19.285,0.0,0.0,1.0,-1.722,3.594,1.0,1.0,0.0,1.0,0.161,4.116,-5.332,0.0,0.636,0.241,1.0,0.427,-0.061,6.194,-1.644,0.0,0.80355626,11.634441,9.814802,0.687,-0.215,-1.496,0.0,0.118,0.0,1.0,-2.534,1.0,1.0,5.674,6.992,-0.215,0.298,5.90718,0.715,0.114,-1.74,1.0,0.0,6.083,1.0,13.744043,1.0,1.0,-6.047,-0.347,0.234,1.721,0.0,0.0,6.035,2.676,0.0,1.0,0.69,0.0,1.0,1.0,-1.636,9.003,1.0,5.844,1.0,1.0,4.827,1.679,0.177,1.0,0.0,1.0,0.0,0.596,0.053,6.378,1.0,1.0,1.0,3.947,0.0,1.0,0.0,1.0,1.1290323,-0.4622954,1.0,0.0,1.0,1.0,1.0,0.0,1.124,0.495,1.0,4.022,0.0,0.638,0.0,0.0,0.0,0.156,1.0,1.0,1.0,0.0,2.610215,-0.019634705,1.0,1.0,1.0,1.0,1.0,1.152,0.0,1.0,0.0,0.0,0.796,5.978,-1.727,-0.086,1.0,7.920818753952375,1.0104377584601565
CCOC(=O)C1=CN(C(=O)c2ccc(Cl)cc2)CC(C)(C)c2c1[nH]c1ccccc21,3520.452,175.161,87.836,153.659,62.589,145.068,51.222,19.248,81.169,35.518,146.194,48.687,5.32482,-20.799,72.394,16.466377,27.157,0.0,1.0,16.337803,-14.054,0.637,11.60094,5.407,0.0,0.0,0.0,1.0,1.0,1.0,1.0,1.0,-1.886,1.0,0.0,0.0,0.17,1.0,-2.2936487,1.0,0.483,0.703,2.83,1.0,1.0,4.009,0.0,1.0,0.0,5.992,1.0,0.257,4.528,1.0,1.0,0.0,0.0,0.0,1.0,11.003,0.0,0.0,1.0,-2.054,3.328,1.0,1.0,0.0,1.0,0.473,3.73,-1.218,0.0,0.165,0.306,1.0,0.484,-0.086,6.243,-1.918,0.0,0.80355626,0.0,9.814818,0.639,0.103,-1.706,0.0,0.077,0.0,1.0,1.375,1.0,1.0,5.508,4.875,0.15,0.341,5.90718,0.692,0.142,-1.604,1.0,0.0,6.01,1.0,13.290082,1.0,1.0,-7.699,0.043,0.239,1.042,5.972601,0.0,5.86,2.571,0.0,1.0,0.707,0.0,1.0,0.0,-1.5,8.22,1.0,5.762,1.0,1.0,4.284,1.157,0.135,1.0,0.0,1.0,0.0,0.469,0.12,4.536,1.0,1.0,1.0,3.99,0.0,1.0,1.0,1.0,1.1333333,-0.4622954,1.0,0.0,1.0,1.0,1.0,0.0,0.88,0.538,1.0,3.949,0.0,0.762,0.0,0.0,0.0,0.154,1.0,1.0,1.0,0.0,2.312037,0.043591723,1.0,1.0,1.0,1.0,1.0,1.266,0.0,1.0,0.0,0.0,0.926,5.858,-1.604,0.084,1.0,7.602059991327962,1.0104377584601565
CCOC(=O)C1=CN(C(=O)c2ccc(OC)cc2)CC(C)(C)c2c1[nH]c1ccccc21,3555.754,176.267,51.962,170.278,106.821,141.744,30.262,87.652,58.718,26.643,161.17,48.555,10.533804,-29.771,75.251,16.466377,33.321,0.0,1.0,9.473726,-15.044,0.703,0.0,5.48,0.0,0.0,0.0,1.0,1.0,1.0,1.0,1.0,-2.129,1.0,0.0,0.0,0.105,1.0,-2.2937922,1.0,0.433,0.755,1.313,1.0,1.0,4.895,0.0,1.0,0.0,6.007,1.0,0.276,4.148,1.0,1.0,0.0,0.0,1.0,1.0,11.244,0.0,0.0,1.0,-2.125,3.665,1.0,1.0,0.0,1.0,0.388,4.237,-2.984,0.0,1.544,0.355,1.0,0.474,-0.119,6.356,-1.952,0.0,0.80355626,0.0,9.81481,0.65,0.039,-1.759,0.0,0.244,0.0,1.0,-0.043,1.0,1.0,5.861,4.331,0.039,0.401,5.90718,0.713,0.187,-1.826,1.0,0.0,6.027,1.0,13.380678,1.0,1.0,-7.54,-0.327,0.266,1.304,0.0,0.0,5.862,3.339,0.0,1.0,0.711,0.0,1.0,0.0,-1.587,6.554,1.0,5.772,1.0,1.0,4.082,1.302,0.317,1.0,0.0,1.0,0.0,0.472,0.049,4.388,1.0,1.0,1.0,3.807,0.0,1.0,1.0,1.0,1.0967742,-0.49676776,1.0,0.0,1.0,1.0,1.0,0.0,1.062,0.532,1.0,4.157,0.0,0.797,0.0,0.0,0.0,0.29,1.0,1.0,1.0,0.0,2.282258,0.13851273,1.0,1.0,0.0,1.0,1.0,1.158,0.0,1.0,0.0,0.0,0.925,5.849,-1.751,0.051,1.0,7.537602002101044,1.0104377584601565
CC(C)OC(=O)C1=CN(C(=O)c2ccc(F)cc2)CC(C)(C)c2c1[nH]c1ccccc21,4017.895,211.488,85.345,170.427,47.061,170.224,63.273,3.833,92.846,38.508,173.352,88.108,18.854452,-30.643,78.213,16.466377,32.464,0.0,1.0,4.736863,-18.4,0.756,0.0,6.18,0.0,0.0,0.0,1.0,1.0,1.0,1.0,1.0,-2.191,1.0,0.0,4.390415,0.063,1.0,-2.293535,1.0,0.424,0.798,7.142,1.0,1.0,4.68,0.0,1.0,0.0,6.099,1.0,0.253,5.181,1.0,1.0,0.0,0.0,1.0,1.0,15.953,0.0,0.0,1.0,-2.177,3.677,0.0,1.0,0.0,0.0,0.511,4.357,-3.529,0.0,0.958,0.275,1.0,0.469,-0.069,6.513,-1.983,0.0,0.80080676,0.0,9.814775,0.703,-0.058,-1.751,0.0,0.077,0.0,1.0,-0.36,1.0,1.0,5.901,5.206,-0.041,0.311,5.90718,0.741,0.21,-1.741,1.0,0.0,6.06,0.0,13.353437,1.0,1.0,-6.18,-0.277,0.235,1.4,0.0,0.0,5.918,2.77,0.0,1.0,0.676,0.0,1.0,0.0,-1.567,9.059,1.0,5.897,1.0,1.0,4.238,1.379,0.204,1.0,0.0,1.0,0.0,0.557,0.058,5.087,1.0,1.0,1.0,3.922,0.0,1.0,1.0,1.0,1.0967742,-0.45927954,1.0,0.0,1.0,1.0,1.0,0.0,0.948,0.556,1.0,4.321,0.0,0.649,0.0,0.0,0.0,0.156,1.0,1.0,1.0,0.0,2.422043,-0.12755512,1.0,1.0,1.0,1.0,1.0,1.228,0.0,1.0,0.0,0.0,0.832,5.959,-1.687,-0.014,1.0,8.096910013008056,1.0104377584601565
CN1C(=O)c2cc(NC(=O)c3ccc(C(F)(F)F)cc3)ccc2OC[C@@H]2O[C@H](CNC(=O)CC(C)(C)C)CC[C@@H]21,7256.413,302.706,93.219,204.196,113.587,187.331,53.549,99.427,66.486,84.295,208.93,55.609,50.668514,-78.116,97.857,24.265469,42.54,13.171246,0.0,9.473726,-28.615,0.699,0.0,5.473,1.0,1.0,1.0,0.0,0.0,0.0,0.0,1.0,-2.386,0.0,0.0,18.858631,0.216,0.0,-2.420516,1.0,0.395,0.724,18.026,1.0,0.0,6.253,0.0,0.0,0.0,6.434,0.0,-0.083,3.353,0.0,0.0,0.0,1.0,1.0,0.0,7.316,1.0,0.0,1.0,-2.296,3.939,1.0,1.0,0.0,1.0,2.536,2.37,-5.648,0.0,10.031,0.389,1.0,0.462,-0.09,5.492,-1.85,0.0,0.6218168,0.0,9.915819,0.582,0.259,-1.505,1.0,0.215,1.0,1.0,5.036,1.0,0.0,3.962,5.253,0.269,0.503,11.81436,0.588,-0.014,-1.889,1.0,1.0,6.509,1.0,13.427154,0.0,1.0,-12.699,-0.304,0.215,0.983,0.0,0.0,6.167,6.689,1.0,1.0,0.765,1.0,0.0,1.0,-1.8,7.361,1.0,5.971,0.0,0.0,3.133,1.001,0.124,1.0,1.0,1.0,0.0,0.86,0.033,5.713,1.0,1.0,0.0,3.698,1.0,1.0,1.0,0.0,1.05,-0.4899584,1.0,1.0,1.0,1.0,0.0,1.0,0.637,0.373,0.0,2.039,0.0,0.637,0.0,0.0,1.0,0.198,0.0,0.0,0.0,0.0,2.7083333,0.5082656,0.0,1.0,0.0,1.0,0.0,1.178,0.0,0.0,1.0,0.0,0.587,6.454,-1.924,0.149,1.0,6.142667503568731,1.0104377584601565
CN1C(=O)c2cc(NC(=O)c3ccc(C(F)(F)F)cc3)ccc2OC[C@@H]2O[C@H](CNc3nnc(C4CCC4)o3)CC[C@@H]21,7752.5,303.977,121.834,204.532,85.237,183.81,43.262,180.404,133.408,120.888,255.371,60.133,56.61515,-46.762,102.566,37.107113,46.212,13.171246,0.0,13.890877,-33.599,0.715,0.0,5.711,1.0,1.0,1.0,0.0,0.0,1.0,0.0,1.0,-3.882,0.0,0.0,24.873291,0.238,0.0,-2.419549,1.0,0.39,0.729,26.629,1.0,1.0,7.276,0.0,0.0,0.0,6.444,0.0,-0.094,3.077,1.0,1.0,0.0,1.0,1.0,0.0,12.16,1.0,0.0,1.0,-3.775,4.108,1.0,1.0,0.0,1.0,4.846,3.072,-5.206,0.0,9.128,0.416,1.0,0.462,-0.104,5.234,-3.041,0.0,0.72290087,0.0,9.854639,0.606,-0.02,-2.414,1.0,0.292,1.0,0.0,3.258,1.0,0.0,3.782,5.236,-0.014,0.53,11.81436,0.557,-0.042,-2.092,1.0,1.0,6.495,1.0,13.493906,0.0,1.0,-13.21,-0.504,0.205,1.314,0.0,0.0,6.195,8.887,0.0,1.0,0.776,1.0,1.0,1.0,-1.702,12.965,1.0,5.996,0.0,1.0,2.919,1.309,0.371,1.0,1.0,1.0,0.0,0.849,0.023,5.449,1.0,1.0,0.0,3.333,1.0,1.0,1.0,0.0,1.0714285,-0.4899584,1.0,1.0,1.0,1.0,1.0,0.0,0.64,0.364,0.0,1.753,0.0,0.643,0.0,0.0,1.0,0.373,1.0,0.0,0.0,0.0,2.609127,0.3174534,0.0,1.0,0.0,1.0,0.0,1.123,0.0,1.0,2.0,1.0,0.599,6.501,-2.013,-0.013,1.0,6.494850021680094,1.0104377584601565
CN1C(=O)c2cc(NC(=O)c3ccc(C(F)(F)F)cc3)ccc2OC[C@@H]2O[C@H](CNC(=O)[C@@H]3CCCO3)CC[C@@H]21,7654.068,305.511,165.19,213.374,111.226,191.144,30.674,129.654,92.78,90.8,235.588,55.197,56.074738,-50.951,105.768,30.68629,46.912,13.171246,0.0,14.210588,-29.009,0.769,0.0,6.251,1.0,1.0,1.0,0.0,0.0,0.0,0.0,1.0,-3.017,1.0,0.0,18.858631,0.149,0.0,-2.4204528,1.0,0.393,0.793,27.992,1.0,0.0,6.649,0.0,0.0,0.0,6.447,0.0,-0.041,2.709,1.0,0.0,0.0,1.0,1.0,0.0,10.131,1.0,0.0,1.0,-2.932,3.849,1.0,1.0,0.0,1.0,1.669,3.85,-5.25,0.0,4.075,0.4,1.0,0.465,-0.11,5.771,-2.461,0.0,0.6218168,0.0,9.954081,0.64,0.283,-2.087,1.0,0.213,1.0,1.0,4.95,1.0,1.0,4.148,4.965,0.302,0.521,11.81436,0.611,-0.007,-2.283,1.0,1.0,6.499,1.0,13.427431,0.0,1.0,-12.769,-0.447,0.173,1.538,0.0,0.0,6.187,8.178,0.0,1.0,0.793,1.0,0.0,0.0,-1.925,9.813,1.0,6.002,0.0,0.0,3.197,1.541,0.255,1.0,1.0,1.0,0.0,1.019,0.03,5.921,1.0,1.0,1.0,3.699,2.0,1.0,1.0,0.0,1.075,-0.4899584,1.0,1.0,1.0,1.0,0.0,0.0,0.941,0.378,0.0,1.406,0.0,0.678,0.0,0.0,1.0,0.27,0.0,0.0,0.0,0.0,2.7229166,0.29293215,0.0,1.0,0.0,1.0,0.0,1.111,0.0,0.0,2.0,0.0,0.622,6.491,-2.21,0.13,1.0,5.958607314841775,1.0104377584601565
CC(C)COC(=O)NC[C@@H]1CC[C@H]2[C@H](COc3ccc(NC(=O)c4ccc(C(F)(F)F)cc4)cc3C(=O)N2C)O1,4543.032,200.93451,85.693,173.954,88.929,145.695,57.6895,60.145,78.0855,51.29,174.6595,60.4905,55.698982,-36.913002,83.9495,24.265469,34.991,13.171246,0.0,14.210588,-17.684,0.671,0.0,4.8170004,1.0,1.0,0.0,1.0,0.0,1.0,0.0,1.0,-2.451,0.0,0.0,23.653168,0.267,0.0,-2.4196663,1.0,0.444,0.689,8.2645,1.0,0.0,5.4545,0.0,0.0,0.0,6.444,0.0,-0.109,3.672,0.0,0.0,0.0,1.0,1.0,0.0,12.5875,1.0,0.0,1.0,-2.48,3.9645,1.0,1.0,0.0,1.0,1.3594999,2.7145,-3.0349998,0.0,2.359,0.40350002,1.0,0.484,-0.121,4.6495,-2.2085,0.0,0.78830415,0.0,9.954883,0.581,0.033,-1.926,1.0,0.1865,1.0,0.0,1.136,1.0,0.0,4.3995,4.697,0.0485,0.4725,11.81436,0.6555,-0.031,-2.001,1.0,1.0,6.504,1.0,13.404682,0.0,1.0,-8.0385,-0.2105,0.195,1.3510001,0.0,0.0,6.235,5.1425,0.0,1.0,0.819,1.0,0.0,0.0,-1.73,8.5105,1.0,6.018,0.0,0.0,3.3579998,1.381,0.2255,1.0,1.0,1.0,0.0,0.4725,0.0365,4.3389997,1.0,1.0,0.0,3.4035,1.0,1.0,1.0,0.0,1.125,-0.48995844,1.0,1.0,1.0,1.0,0.0,0.0,1.0195,0.504,1.0,2.361,0.0,0.692,0.0,0.0,1.0,0.2165,0.0,0.0,0.0,0.0,2.7479167,0.035634488,1.0,1.0,0.0,1.0,1.0,1.2195001,1.0,0.0,1.0,0.0,0.58,6.506,-1.948,0.016999999,1.0,7.096910013008056,1.0104377584601565
O=C(O)c1ccc(COc2cccc(-c3c(C(=O)c4ccccc4)cnc4c(C(F)(F)F)cccc34)c2)cc1,8904.495,384.578,216.002,250.634,127.908,276.914,144.891,166.274,134.311,90.933,225.643,118.683,47.335907,-67.24,114.215,11.629819,54.352,13.171246,0.0,9.84339,-30.8,0.548,0.0,9.033,0.0,1.0,0.0,1.0,0.0,0.0,0.0,0.0,-3.15,0.0,0.0,13.171246,0.323,0.0,-2.163103,0.0,0.46,0.567,21.645,1.0,0.0,7.026,0.0,1.0,1.0,6.704,1.0,-0.107,9.453,1.0,0.0,1.0,1.0,0.0,1.0,21.259,1.0,0.0,1.0,-3.053,5.55,1.0,1.0,1.0,0.0,0.191,5.15,-8.412,1.0,2.012,0.427,1.0,0.529,-0.015,7.586,-2.59,0.0,0.8128179,5.783245,9.907999,0.472,0.342,-2.269,1.0,0.562,1.0,0.0,5.195,0.0,0.0,7.968,9.899,0.355,0.526,0.0,0.753,-0.09,-2.371,1.0,0.0,6.615,0.0,13.811429,0.0,1.0,-14.29,-0.9,0.159,2.622,0.0,1.0,6.681,14.285,1.0,0.0,0.831,1.0,0.0,1.0,-2.314,10.957,0.0,6.654,1.0,1.0,5.462,2.61,0.634,1.0,0.0,0.0,1.0,0.495,0.032,8.85,1.0,0.0,0.0,4.315,0.0,0.0,1.0,1.0,0.82051283,-0.4888943,0.0,1.0,0.0,0.0,1.0,0.0,2.056,0.477,1.0,7.087,1.0,0.858,1.0,0.0,1.0,0.626,1.0,0.0,1.0,1.0,2.75,0.26219523,1.0,1.0,0.0,1.0,1.0,1.214,0.0,1.0,0.0,0.0,0.465,6.509,-2.371,0.354,1.0,6.730487055782083,1.0104377584601565
COC(=O)c1ccc(COc2cccc(-c3c(C(=O)c4ccccc4)cnc4c(C(F)(F)F)cccc34)c2)cc1,9379.634,399.717,173.738,250.874,141.088,285.013,123.079,221.065,138.615,105.432,228.701,149.437,52.18572,-67.08,116.862,11.629819,58.591,13.171246,0.0,9.473726,-40.163,0.55,0.0,9.243,0.0,1.0,0.0,1.0,0.0,0.0,0.0,0.0,-3.682,0.0,0.0,13.171246,0.326,0.0,-2.1631808,1.0,0.445,0.569,18.715,1.0,0.0,7.764,0.0,1.0,1.0,6.715,1.0,-0.108,9.674,1.0,0.0,1.0,1.0,0.0,1.0,18.862,1.0,0.0,1.0,-3.565,5.982,1.0,1.0,0.0,0.0,8.868,5.267,-9.487,1.0,5.141,0.435,1.0,0.51,-0.039,7.257,-2.987,0.0,0.80275935,5.783245,9.907999,0.474,0.303,-2.563,1.0,0.572,1.0,0.0,3.322,1.0,0.0,7.643,10.857,0.302,0.525,0.0,0.75,-0.09,-2.194,1.0,0.0,6.652,0.0,13.838598,0.0,1.0,-14.326,-1.044,0.175,2.517,0.0,1.0,6.696,14.034,1.0,0.0,0.861,1.0,0.0,1.0,-2.096,11.025,0.0,6.664,1.0,1.0,5.264,2.515,0.701,1.0,0.0,0.0,1.0,0.536,0.029,8.68,1.0,0.0,0.0,4.258,0.0,0.0,1.0,1.0,0.825,-0.4888943,1.0,1.0,0.0,0.0,1.0,0.0,2.008,0.452,1.0,7.351,0.0,0.892,0.0,0.0,1.0,0.664,1.0,0.0,1.0,0.0,2.66875,0.4599543,1.0,1.0,0.0,1.0,1.0,1.178,0.0,1.0,0.0,0.0,0.467,6.543,-2.191,0.325,1.0,6.528708288941061,1.0104377584601565
O=C(O)c1cccc(COc2cccc(-c3c(C(=O)c4ccccc4)cnc4c(C(F)(F)F)cccc34)c2)c1,8904.495,391.691,159.625,253.52,107.661,292.312,119.147,207.5,149.128,91.556,214.369,155.649,47.33969,-69.449,113.854,6.066367,49.831,13.171246,0.0,4.736863,-35.624,0.548,0.0,10.075,0.0,1.0,0.0,1.0,0.0,0.0,0.0,0.0,-3.489,0.0,0.0,13.171246,0.323,0.0,-2.16325,0.0,0.445,0.567,18.322,1.0,0.0,6.832,0.0,1.0,1.0,6.705,1.0,0.022,10.837,1.0,0.0,1.0,1.0,0.0,1.0,17.54,1.0,0.0,1.0,-3.377,5.391,1.0,1.0,1.0,0.0,0.755,6.532,-7.211,1.0,2.774,0.411,1.0,0.513,-0.015,7.562,-2.882,0.0,0.81282985,5.783245,9.907994,0.472,0.51,-2.53,1.0,0.349,1.0,0.0,5.786,0.0,0.0,8.376,11.57,0.519,0.505,0.0,0.828,-0.045,-2.266,1.0,0.0,6.589,0.0,13.816395,0.0,1.0,-16.649,-0.852,0.185,2.258,0.0,1.0,6.724,13.694,1.0,0.0,0.831,1.0,0.0,1.0,-2.188,12.134,0.0,6.713,1.0,1.0,5.696,2.257,0.334,1.0,0.0,0.0,1.0,0.646,0.041,8.574,1.0,0.0,0.0,4.203,0.0,0.0,1.0,1.0,0.82051283,-0.4888939,0.0,1.0,0.0,0.0,1.0,0.0,1.935,0.476,1.0,9.061,1.0,0.852,1.0,0.0,1.0,0.362,1.0,0.0,1.0,1.0,2.75,0.31267992,1.0,1.0,0.0,1.0,1.0,1.231,0.0,1.0,0.0,0.0,0.465,6.517,-2.272,0.479,1.0,5.823908740944319,1.0104377584601565
O=C(O)c1ccc(COc2ccc(-c3c(C(=O)c4ccccc4)cnc4c(C(F)(F)F)cccc34)cc2)cc1,8904.495,382.57,189.535,248.161,138.118,271.845,79.614,137.639,128.376,90.722,221.887,96.628,47.094276,-72.305,114.504,11.629819,58.769,13.171246,0.0,9.84339,-34.597,0.548,0.0,7.991,0.0,1.0,0.0,1.0,0.0,0.0,0.0,0.0,-3.147,0.0,0.0,13.171246,0.323,0.0,-2.159663,0.0,0.39,0.567,20.94,1.0,0.0,7.563,0.0,1.0,1.0,6.634,1.0,-0.095,9.313,1.0,0.0,1.0,1.0,0.0,1.0,18.08,1.0,0.0,1.0,-3.037,5.821,1.0,1.0,1.0,0.0,8.743,4.392,-7.919,1.0,7.493,0.391,1.0,0.454,-0.015,7.092,-2.559,0.0,0.8128179,5.783245,9.908725,0.472,0.449,-2.224,1.0,0.478,1.0,0.0,6.902,0.0,0.0,8.049,10.97,0.463,0.487,0.0,0.618,-0.09,-2.157,1.0,0.0,6.605,0.0,13.762724,0.0,0.0,-14.51,-0.842,0.186,2.451,0.0,1.0,6.697,14.262,1.0,0.0,0.831,1.0,0.0,1.0,-2.119,10.358,0.0,6.651,1.0,1.0,5.551,2.444,0.507,1.0,0.0,0.0,1.0,0.579,0.033,6.225,1.0,0.0,0.0,4.271,0.0,0.0,1.0,1.0,0.7948718,-0.48891667,0.0,1.0,0.0,0.0,1.0,0.0,1.986,0.412,1.0,7.48,1.0,0.842,1.0,0.0,1.0,0.514,1.0,0.0,1.0,1.0,2.75,0.34873635,1.0,1.0,0.0,1.0,1.0,1.201,0.0,0.0,0.0,0.0,0.465,6.501,-2.168,0.425,1.0,5.823908740944319,1.0104377584601565
CN(Cc1ccc(CC(=O)O)cc1)c1cccc(-c2c(Cc3ccccc3)cnc3c(C(F)(F)F)cccc23)c1,7985.743,315.563,169.468,241.309,151.389,234.512,158.759,91.614,152.441,72.034,234.889,97.533,41.663155,-58.665,115.477,45.13446,59.189,13.171246,0.0,5.1065273,-30.871,0.463,0.0,7.447,1.0,1.0,0.0,1.0,0.0,1.0,0.0,0.0,-3.321,1.0,1.0,18.858631,0.423,1.0,-2.2158687,0.0,0.488,0.507,17.194,1.0,0.0,6.257,0.0,1.0,1.0,6.533,1.0,-0.046,6.502,1.0,1.0,1.0,1.0,0.0,1.0,23.556,1.0,0.0,1.0,-3.215,4.529,0.0,0.0,1.0,0.0,2.63,4.542,-4.411,1.0,4.028,0.438,0.0,0.547,-0.017,6.069,-2.742,0.0,0.78830093,0.0,9.912787,0.393,0.111,-2.374,0.0,0.455,1.0,0.0,1.812,0.0,1.0,5.823,9.67,0.11,0.534,0.0,0.76,-0.08,-2.703,1.0,1.0,6.461,0.0,13.887719,0.0,0.0,-17.793,-0.333,0.256,2.852,0.0,0.0,6.586,12.599,1.0,1.0,0.721,1.0,0.0,1.0,-2.499,12.715,0.0,6.384,1.0,1.0,4.663,2.829,0.451,1.0,0.0,0.0,1.0,0.491,0.022,7.349,1.0,0.0,0.0,3.423,0.0,0.0,1.0,1.0,0.85,-0.48098618,1.0,1.0,0.0,0.0,1.0,0.0,2.336,0.495,1.0,4.726,1.0,0.866,1.0,0.0,1.0,0.47,1.0,0.0,1.0,0.0,2.5520833,0.56890714,0.0,1.0,1.0,1.0,1.0,1.276,0.0,1.0,0.0,0.0,0.471,6.428,-2.665,0.103,1.0,6.427128397799519,1.0104377584601565
O=C(O)Cc1ccc(COc2cccc(-c3c(C(=O)c4ccccc4)cnc4c(C(F)(F)F)cccc34)c2)cc1,9040.249,371.447,159.1,247.918,158.807,266.833,122.349,197.968,180.656,98.967,208.748,104.554,47.45196,-57.4,114.563,11.629819,57.958,13.171246,0.0,9.84339,-31.456,0.55,0.0,8.877,0.0,1.0,0.0,1.0,0.0,1.0,0.0,0.0,-3.158,1.0,1.0,13.171246,0.326,1.0,-2.1632314,0.0,0.452,0.569,18.308,1.0,0.0,7.498,0.0,1.0,1.0,6.685,1.0,-0.108,9.475,1.0,1.0,1.0,1.0,0.0,1.0,17.924,1.0,0.0,1.0,-3.058,5.608,1.0,1.0,1.0,0.0,0.915,5.174,-7.294,1.0,2.37,0.435,1.0,0.511,-0.015,7.066,-2.559,0.0,0.78830093,5.783245,9.907996,0.474,0.177,-2.202,1.0,0.556,1.0,0.0,3.627,0.0,0.0,7.671,10.423,0.189,0.528,0.0,0.749,-0.09,-2.684,1.0,0.0,6.631,0.0,13.832873,0.0,1.0,-16.276,-0.768,0.158,2.541,0.0,1.0,6.745,17.187,1.0,0.0,0.804,1.0,0.0,1.0,-2.399,13.559,0.0,6.67,1.0,1.0,5.506,2.53,0.644,1.0,0.0,0.0,1.0,0.527,0.032,7.924,1.0,0.0,0.0,4.102,0.0,0.0,1.0,1.0,0.825,-0.4888943,0.0,1.0,0.0,0.0,1.0,0.0,1.961,0.46,1.0,7.191,1.0,0.867,1.0,0.0,1.0,0.629,1.0,0.0,1.0,0.0,2.71875,0.4322702,1.0,1.0,1.0,1.0,1.0,1.204,0.0,1.0,0.0,0.0,0.467,6.497,-2.59,0.202,1.0,6.844663962534938,1.0104377584601565
O=C(c1ccccc1)c1cnc2c(C(F)(F)F)cccc2c1-c1ccccc1,5220.219,336.179,96.836,186.093,102.976,288.167,61.844,109.842,124.412,83.183,158.089,103.694,40.407345,-63.344,91.264,6.066367,40.629,13.171246,0.0,0.0,-29.961,0.476,0.0,12.344,0.0,1.0,0.0,0.0,0.0,0.0,0.0,0.0,-2.549,0.0,0.0,13.171246,0.416,0.0,-2.1536493,0.0,0.266,0.504,12.852,1.0,0.0,4.844,0.0,1.0,1.0,6.452,1.0,-0.104,14.091,1.0,0.0,1.0,1.0,0.0,1.0,14.8,1.0,0.0,1.0,-2.443,3.927,0.0,1.0,0.0,0.0,6.801,10.447,-7.52,1.0,3.455,0.113,1.0,0.336,0.004,11.266,-2.066,0.0,0.5840465,5.783245,9.909839,0.406,0.278,-1.804,0.0,0.396,1.0,0.0,4.326,0.0,0.0,13.226,14.196,0.291,0.179,0.0,0.84,-0.095,-1.726,1.0,0.0,6.406,0.0,13.469114,0.0,0.0,-12.322,-0.701,0.236,1.886,0.0,0.0,6.549,10.525,1.0,0.0,0.838,1.0,0.0,1.0,-1.67,9.714,0.0,6.492,1.0,1.0,9.296,1.879,0.374,1.0,0.0,0.0,1.0,1.004,0.061,9.176,1.0,0.0,0.0,6.794,0.0,0.0,1.0,1.0,0.78571427,-0.28852892,0.0,1.0,0.0,0.0,1.0,0.0,1.564,0.44,1.0,15.368,0.0,0.925,0.0,0.0,1.0,0.402,1.0,0.0,1.0,0.0,2.735119,-0.035391264,0.0,1.0,0.0,1.0,0.0,1.129,0.0,0.0,0.0,0.0,0.431,6.307,-1.73,0.264,1.0,5.853871964321762,1.0104377584601565
CC(=O)N[C@H](C(=O)N[C@H](C(=O)N[C@@H](Cc1ccccc1)C(=O)N[C@H](C(=O)N[C@@H](CO)C(=O)N[C@@H](Cc1c[nH]c2ccccc12)C(=O)N[C@@H](CCC(=O)O)C(=O)N[C@@H](CCC(=O)O)C(=O)N[C@@H](Cc1ccc(O)cc1)C(=O)N[C@@H](CC(C)C)C(=O)N[C@@H](CC(=O)O)C(=O)N[C@@H](Cc1c[nH]c2ccccc12)C(=O)N[C@H](C(N)=O)C(C)C)[C@@H](C)O)C(C)C)[C@@H](C)O,4543.032,200.93451,85.693,173.954,88.929,145.695,57.6895,60.145,78.0855,51.29,174.6595,60.4905,0.0,-36.913002,83.9495,13.847474,34.991,0.0,0.0,5.7336674,-17.684,0.799,0.0,4.8170004,0.0,1.0,1.0,1.0,0.0,0.0,0.0,1.0,-2.451,1.0,1.0,0.0,0.059,0.0,-2.2934604,1.0,0.444,0.866,8.2645,1.0,0.0,5.4545,0.0,0.0,1.0,7.736,0.0,0.022,3.672,0.0,0.0,1.0,1.0,0.0,0.0,12.5875,1.0,1.0,0.0,-2.48,3.9645,1.0,0.0,0.0,0.0,1.3594999,2.7145,-3.0349998,1.0,2.359,0.40350002,1.0,0.484,-0.077,4.6495,-2.2085,1.0,0.78830415,0.0,9.991944,0.736,0.033,-1.926,1.0,0.1865,1.0,1.0,1.136,1.0,1.0,4.3995,4.697,0.0485,0.4725,0.0,0.6555,0.198,-2.001,1.0,0.0,7.347,0.0,14.977833,0.0,1.0,-8.0385,-0.2105,0.195,1.3510001,0.0,0.0,7.94,5.1425,1.0,0.0,0.78,1.0,0.0,1.0,-1.73,8.5105,0.0,8.073,1.0,1.0,3.3579998,1.381,0.2255,0.0,1.0,0.0,1.0,0.4725,0.0365,4.3389997,1.0,0.0,0.0,3.4035,0.0,0.0,1.0,1.0,0.35772356,-0.48995844,1.0,0.0,0.0,1.0,1.0,1.0,1.0195,0.504,1.0,2.361,1.0,0.918,1.0,0.0,1.0,0.2165,0.0,0.0,1.0,1.0,2.7831979,0.035634488,0.0,1.0,1.0,1.0,1.0,1.2195001,0.0,1.0,0.0,0.0,1.083,7.346,-1.948,0.016999999,1.0,5.221848749616356,1.0104377584601565
CC(=O)N[C@@H](Cc1cnc[nH]1)C(=O)N[C@H](C(=O)N[C@@H](Cc1ccccc1)C(=O)N[C@@H](CCCCN)C(=O)N[C@@H](CO)C(=O)N[C@@H](Cc1c[nH]c2ccccc12)C(=O)N[C@H]1CCCCNC(=O)C[C@@H](C(=O)N[C@@H](Cc2c[nH]c3ccccc23)C(=O)N[C@H](C(=O)N[C@@H](CCCCN)C(=O)N[C@@H](CCCCN)C(=O)N[C@@H](CCCCN)C(=O)N[C@@H](CCCCN)C(=O)N[C@@H](CCCCN)C(=O)N[C@@H](CCCCN)C(N)=O)C(C)C)NC(=O)[C@H](CC(C)C)NC(=O)[C@H](Cc2ccc(O)cc2)NC(=O)[C@H](CCC(=O)O)NC1=O)C(C)C,4543.032,200.93451,85.693,173.954,88.929,145.695,57.6895,60.145,78.0855,51.29,174.6595,60.4905,0.0,-36.913002,83.9495,0.0,34.991,0.0,0.0,45.86934,-17.684,0.828,0.0,4.8170004,0.0,1.0,1.0,1.0,0.0,0.0,0.0,1.0,-2.451,1.0,1.0,0.0,0.06,0.0,-2.2965746,1.0,0.444,0.889,8.2645,1.0,0.0,5.4545,0.0,1.0,1.0,8.039,0.0,-0.015,3.672,0.0,0.0,1.0,1.0,0.0,0.0,12.5875,1.0,1.0,0.0,-2.48,3.9645,1.0,0.0,0.0,1.0,1.3594999,2.7145,-3.0349998,1.0,2.359,0.40350002,1.0,0.484,-0.093,4.6495,-2.2085,1.0,0.78830415,0.0,9.985752,0.766,0.033,-1.926,1.0,0.1865,1.0,1.0,1.136,1.0,1.0,4.3995,4.697,0.0485,0.4725,0.0,0.6555,0.18,-2.001,1.0,0.0,7.651,0.0,15.857661,0.0,1.0,-8.0385,-0.2105,0.195,1.3510001,0.0,0.0,8.285,5.1425,1.0,0.0,0.722,1.0,0.0,1.0,-1.73,8.5105,0.0,8.429,1.0,1.0,3.3579998,1.381,0.2255,1.0,1.0,1.0,1.0,0.4725,0.0365,4.3389997,1.0,1.0,0.0,3.4035,1.0,1.0,1.0,1.0,0.37016574,-0.48995844,1.0,0.0,1.0,1.0,1.0,1.0,1.0195,0.504,1.0,2.361,1.0,0.904,0.0,0.0,1.0,0.2165,0.0,0.0,1.0,1.0,2.5755064,0.035634488,0.0,1.0,1.0,1.0,1.0,1.2195001,1.0,1.0,1.0,0.0,1.057,7.661,-1.948,0.016999999,1.0,6.756961951313706,1.0104377584601565
CSCC[C@H](NC(=O)[C@H](CC(C)C)NC(=O)CNC(=O)[C@H](Cc1ccccc1)NC(=O)[C@H](Cc1ccccc1)NC(=O)[C@H](CCC(N)=O)NC(=O)[C@H](CCC(N)=O)NC(=O)[C@@H]1CCCN1C(=O)[C@H](CCCCN)NC(=O)[C@@H]1CCCN1C(=O)[C@@H](N)CCCN=C(N)N)C(N)=O,20285.258,461.254,415.678,439.75604,387.1,230.572,386.70502,205.638,239.98,144.16,241.929,333.64148,0.0,-84.713,217.57349,0.0,84.774,11.761885,0.0,40.135674,-30.95,0.726,11.761885,4.698,1.0,1.0,1.0,0.0,0.0,1.0,0.0,0.0,-3.208,0.0,0.0,0.0,0.108,0.0,-2.316968,1.0,0.276,0.809,3.742,1.0,1.0,12.231,0.0,0.0,0.0,7.204,0.0,0.064,5.895,1.0,0.0,1.0,1.0,1.0,0.0,22.947,1.0,0.0,0.0,-3.279,7.862,0.0,1.0,0.0,1.0,9.682,0.769,2.013,1.0,9.268,0.292,0.0,0.311,-0.108,1.917,-2.7,1.0,0.60742074,5.9595547,10.010104,0.526,-0.629,-2.018,1.0,-0.247,1.0,1.0,-4.092,1.0,1.0,3.008,7.956,-0.665,0.372,0.0,0.793,0.257,-2.589,0.0,0.0,6.871,1.0,14.67592,0.0,1.0,-8.612,0.84,0.067,1.171,1.453002,0.0,7.531,17.729,1.0,1.0,0.673,1.0,0.0,1.0,-2.968,30.134,1.0,7.549,1.0,1.0,1.97,1.098,-0.11,0.0,1.0,1.0,1.0,0.352,0.019,3.005,1.0,0.0,0.0,0.883,2.0,0.0,1.0,0.0,0.5368421,-0.37015316,1.0,0.0,1.0,1.0,0.0,1.0,-0.268,0.244,0.0,1.118,0.0,0.985,0.0,0.0,1.0,-0.148,0.0,0.0,1.0,1.0,2.62807,0.20371951,0.0,1.0,1.0,1.0,1.0,1.09,0.0,1.0,2.0,0.0,0.969,6.882,-2.955,-0.551,1.0,6.167491087293763,1.0104377584601565
CC(=O)N[C@H](C(=O)N[C@H](C(=O)N[C@@H](Cc1ccccc1)C(=O)N[C@H](C(=O)N[C@@H](CO)C(=O)N[C@@H](Cc1c[nH]c2ccccc12)C(=O)N[C@H]1CCCCNC(=O)C[C@@H](C(=O)N[C@@H](Cc2c[nH]c3ccccc23)C(=O)N[C@H](C(N)=O)C(C)C)NC(=O)[C@H](CC(C)C)NC(=O)[C@H](Cc2ccc(O)cc2)NC(=O)[C@H](CCC(=O)O)NC1=O)[C@@H](C)O)C(C)C)[C@@H](C)O,4543.032,200.93451,85.693,173.954,88.929,145.695,57.6895,60.145,78.0855,51.29,174.6595,60.4905,0.0,-36.913002,83.9495,13.847474,34.991,0.0,0.0,5.7336674,-17.684,0.812,0.0,4.8170004,0.0,1.0,1.0,1.0,0.0,0.0,0.0,1.0,-2.451,1.0,1.0,0.0,0.049,0.0,-2.2942877,1.0,0.444,0.877,8.2645,1.0,0.0,5.4545,0.0,0.0,1.0,7.771,0.0,-0.017,3.672,0.0,0.0,1.0,1.0,1.0,0.0,12.5875,1.0,1.0,0.0,-2.48,3.9645,1.0,0.0,0.0,1.0,1.3594999,2.7145,-3.0349998,1.0,2.359,0.40350002,1.0,0.484,-0.081,4.6495,-2.2085,1.0,0.78830415,0.0,9.990358,0.75,0.033,-1.926,1.0,0.1865,1.0,1.0,1.136,1.0,1.0,4.3995,4.697,0.0485,0.4725,0.0,0.6555,0.169,-2.001,1.0,0.0,7.362,0.0,15.310054,0.0,1.0,-8.0385,-0.2105,0.195,1.3510001,0.0,0.0,7.95,5.1425,1.0,0.0,0.792,1.0,0.0,1.0,-1.73,8.5105,0.0,8.125,1.0,1.0,3.3579998,1.381,0.2255,0.0,1.0,1.0,1.0,0.4725,0.0365,4.3389997,1.0,1.0,0.0,3.4035,1.0,1.0,1.0,1.0,0.4918033,-0.48995844,1.0,0.0,1.0,1.0,1.0,1.0,1.0195,0.504,1.0,2.361,1.0,0.936,1.0,0.0,1.0,0.2165,0.0,0.0,1.0,1.0,2.681694,0.035634488,0.0,1.0,1.0,1.0,1.0,1.2195001,0.0,1.0,1.0,0.0,1.084,7.361,-1.948,0.016999999,1.0,5.150514997831991,0.2519606436888056
CC[C@H](C)[C@H](NC(=O)[C@H](CCC(N)=O)NC(=O)[C@H](CC(C)C)NC(=O)[C@H](CC(N)=O)NC(=O)[C@H](Cc1c[nH]c2ccccc12)NC(=O)[C@@H]1CCCN1C(=O)[C@H](CC(C)C)NC(=O)[C@H](CCCNC(=N)N)NC(=O)[C@H](CS)NC(=O)CNC(=O)[C@H](CO)NC(=O)CNC(=O)[C@@H](NC(=O)[C@H](Cc1c[nH]c2ccccc12)NC(=O)[C@H](CC(=O)O)NC(=O)[C@H](CC(C)C)NC(=O)[C@H](Cc1ccc(O)cc1)NC(=O)[C@H](CCC(=O)O)NC(=O)[C@H](CCC(=O)O)NC(=O)[C@H](Cc1c[nH]c2ccccc12)NC(=O)[C@H](CO)NC(=O)[C@@H](NC(=O)[C@H](Cc1ccccc1)NC(=O)[C@@H](NC(=O)[C@@H](N)[C@@H](C)O)C(C)C)[C@@H](C)O)C(C)C)C(=O)NCC(=O)N[C@@H](CC(C)C)C(=O)N1CCC[C@H]1C(=O)N[C@@H](CS)C(=O)O,4543.032,200.93451,85.693,173.954,88.929,145.695,57.6895,60.145,78.0855,51.29,174.6595,60.4905,0.0,-36.913002,83.9495,11.823647,34.991,25.257578,0.0,28.343954,-17.684,0.756,25.257578,4.8170004,1.0,1.0,1.0,1.0,0.0,1.0,0.0,1.0,-2.451,1.0,1.0,0.0,0.065,0.0,-2.315031,1.0,0.444,0.851,8.2645,1.0,1.0,5.4545,0.0,0.0,1.0,8.297,0.0,0.044,3.672,0.0,0.0,1.0,1.0,0.0,0.0,12.5875,1.0,1.0,0.0,-2.48,3.9645,1.0,0.0,0.0,1.0,1.3594999,2.7145,-3.0349998,1.0,2.359,0.40350002,1.0,0.484,-0.099,4.6495,-2.2085,1.0,0.78830415,5.9595547,9.96833,0.55,0.033,-1.926,1.0,0.1865,1.0,1.0,1.136,1.0,1.0,4.3995,4.697,0.0485,0.4725,0.0,0.6555,0.246,-2.001,1.0,0.0,7.966,0.0,15.404332,0.0,1.0,-8.0385,-0.2105,0.195,1.3510001,8.305266,0.0,8.572,5.1425,1.0,1.0,0.767,1.0,0.0,1.0,-1.73,8.5105,1.0,8.696,1.0,1.0,3.3579998,1.381,0.2255,1.0,1.0,1.0,1.0,0.4725,0.0365,4.3389997,1.0,1.0,1.0,3.4035,2.0,1.0,1.0,1.0,0.28991598,-0.48995844,1.0,0.0,1.0,1.0,1.0,1.0,1.0195,0.504,1.0,2.361,1.0,0.919,0.0,0.0,1.0,0.2165,0.0,0.0,1.0,1.0,2.7497666,0.035634488,1.0,1.0,1.0,1.0,1.0,1.2195001,0.0,1.0,2.0,0.0,1.065,7.949,-1.948,0.016999999,1.0,6.6020599913279625,1.0104377584601565
CC1=CCC(C(=O)N=C2CC=C(S(=O)(=O)O)c3cc(S(=O)(=O)O)cc(S(=O)(=O)O)c32)=CC1=NC(=O)C1=CC=C/C(=N\C(=O)/N=C2\C=CC=C(C(=O)N=C3CC(C(=O)N=C4CC=C(S(=O)(=O)O)c5cc(S(=O)(=O)O)cc(S(=O)(=O)O)c54)=CC=C3C)C2)C1,20285.258,627.993,535.8295,439.75604,350.649,290.039,386.70502,233.555,243.61,327.181,300.943,269.918,206.19894,-112.906,207.586,12.1520405,70.773,60.491592,1.0,0.0,-28.507,0.465,0.0,14.612,1.0,1.0,1.0,0.0,1.0,1.0,1.0,0.0,-5.937,0.0,0.0,4.794537,0.301,0.0,-2.2102768,1.0,0.238,0.492,18.137,1.0,1.0,9.532,0.0,0.0,1.0,7.71,1.0,0.074,5.107,1.0,1.0,0.0,1.0,1.0,1.0,31.369,1.0,1.0,0.0,-4.062,5.295,0.0,0.0,1.0,0.0,8.462,4.818,1.662,0.0,20.398,0.248,1.0,0.264,0.152,4.05,-3.654,1.0,0.6106819,0.0,9.9354725,0.695,0.195,-3.299,1.0,-0.148,0.0,0.0,0.544,1.0,1.0,2.291,8.889,0.663,0.313,35.44308,1.25,-0.166,-5.137,0.0,1.0,7.118,0.0,13.664264,0.0,1.0,-7.692,0.088,0.12,1.462,0.0,0.0,7.285,15.797,1.0,0.0,0.817,1.0,1.0,1.0,-3.096,20.698,1.0,7.042,1.0,1.0,2.035,2.714,0.749,0.0,0.0,1.0,0.0,0.753,0.043,2.859,1.0,1.0,1.0,1.443,0.0,1.0,0.0,0.0,0.40697673,-0.28842223,1.0,0.0,0.0,1.0,1.0,1.0,1.679,0.225,1.0,1.369,1.0,0.681,1.0,1.0,1.0,-0.199,1.0,1.0,1.0,1.0,3.122093,0.03211849,0.0,1.0,0.0,1.0,1.0,1.264,1.0,1.0,0.0,1.0,0.634,7.068,-3.769,0.13,1.0,4.823908740944319,1.0104377584601565
O=C(Nc1ccc(C(=O)Nc2cccc(C(=O)Nc3cc(S(=O)(=O)O)cc4cc(S(=O)(=O)O)cc(S(=O)(=O)O)c34)c2)cc1)Nc1ccc(C(=O)Nc2cccc(C(=O)Nc3cc(S(=O)(=O)O)cc4cc(S(=O)(=O)O)cc(S(=O)(=O)O)c34)c2)cc1,20285.258,736.884,413.03,439.75604,254.377,327.661,386.70502,325.736,235.31,335.6715,344.838,252.898,204.27832,-205.745,217.57349,12.132734,102.621,50.506783,0.0,0.0,-52.462,0.469,0.0,11.542,1.0,1.0,1.0,0.0,0.0,0.0,0.0,0.0,-5.69,0.0,0.0,38.918854,0.299,0.0,-2.1479506,1.0,0.225,0.498,34.676,1.0,0.0,13.399,0.0,0.0,1.0,7.642,0.0,0.078,13.031,0.0,1.0,0.0,1.0,0.0,0.0,43.447502,1.0,0.0,1.0,-4.969,7.45,0.0,0.0,0.0,0.0,13.6845,3.412,-8.206,0.0,20.267,0.224,1.0,0.252,0.152,4.092,-4.62,1.0,0.6308995,0.0,10.078046,0.703,0.833,-4.174,1.0,0.782,1.0,0.0,3.275,1.0,0.0,5.824,11.618,1.273,0.291,35.44308,1.07,0.091,-5.4919987,1.0,1.0,7.387,0.0,13.526357,0.0,1.0,-21.234,-0.794,0.11,2.299,0.0,0.0,7.662,23.698498,1.0,0.0,1.052,1.0,1.0,0.0,-3.781,18.375,0.0,7.84,1.0,1.0,3.219,3.608,1.2145001,1.0,1.0,0.0,0.0,0.742,0.071,3.662,1.0,0.0,0.0,2.012,0.0,0.0,1.0,0.0,0.2857143,-0.32197335,0.0,1.0,0.0,0.0,1.0,1.0,2.57,0.244,0.0,5.907,1.0,0.705,1.0,0.0,1.0,0.82,0.0,0.0,1.0,1.0,3.1567461,-0.16205952,0.0,1.0,0.0,1.0,0.0,1.246,0.0,1.0,0.0,1.0,0.643,7.38,-4.616,0.721,1.0,4.769551078621726,1.0104377584601565
O=C(Nc1ccc(C(=O)Nc2ccc(C(=O)Nc3cc(S(=O)(=O)O)cc4cc(S(=O)(=O)O)cc(S(=O)(=O)O)c34)cc2)cc1)Nc1ccc(C(=O)Nc2ccc(C(=O)Nc3cc(S(=O)(=O)O)cc4cc(S(=O)(=O)O)cc(S(=O)(=O)O)c34)cc2)cc1,20285.258,741.564,535.8295,439.75604,265.664,317.404,386.70502,271.497,191.095,335.6715,423.072,161.339,203.46967,-181.46,217.57349,0.0,114.742,50.506783,0.0,0.0,-35.276,0.469,0.0,9.767,1.0,1.0,1.0,0.0,0.0,0.0,0.0,0.0,-4.95,0.0,0.0,38.918854,0.299,0.0,-2.1460757,1.0,0.207,0.498,36.561,1.0,0.0,13.447,0.0,0.0,1.0,7.534,0.0,0.125,13.019,0.0,1.0,0.0,0.0,0.0,0.0,43.447502,0.0,0.0,1.0,-4.127,8.036,0.0,0.0,0.0,0.0,13.6845,2.8,-16.287,0.0,20.398,0.21,1.0,0.234,0.152,3.743,-4.187,1.0,0.6308995,0.0,10.078941,0.703,0.416,-4.032,1.0,1.018,1.0,0.0,0.461,1.0,0.0,5.82,11.834,0.872,0.274,35.44308,0.954,0.215,-5.4919987,1.0,1.0,7.396,0.0,13.352066,0.0,1.0,-19.237,-1.317,0.119,3.376,0.0,0.0,7.602,23.698498,1.0,0.0,1.052,1.0,1.0,0.0,-3.77,11.764,0.0,7.837,0.0,1.0,3.018,4.028,1.2145001,1.0,1.0,0.0,1.0,0.628,0.07,3.535,1.0,0.0,0.0,2.034,0.0,0.0,1.0,0.0,0.27380952,-0.32199797,0.0,1.0,0.0,0.0,1.0,1.0,2.714,0.232,0.0,6.146,1.0,0.682,1.0,0.0,1.0,1.2055001,0.0,0.0,1.0,1.0,3.1567461,-0.26853573,0.0,1.0,0.0,1.0,0.0,1.282,0.0,0.0,0.0,1.0,0.643,7.374,-4.329,0.47,1.0,4.721246399047171,1.0104377584601565
O=C(Nc1ccc(C(=O)Nc2ccc(C(=O)Nc3ccc(S(=O)(=O)O)c4cc(S(=O)(=O)O)cc(S(=O)(=O)O)c34)cc2)cc1)Nc1ccc(C(=O)Nc2ccc(C(=O)Nc3ccc(S(=O)(=O)O)c4cc(S(=O)(=O)O)cc(S(=O)(=O)O)c34)cc2)cc1,20285.258,722.2,535.8295,439.75604,313.973,312.766,318.221,373.471,272.564,332.819,366.461,262.219,204.20515,-103.183,217.57349,12.132734,135.655,50.506783,0.0,0.0,-34.081,0.469,0.0,14.083,1.0,1.0,1.0,0.0,0.0,0.0,0.0,0.0,-6.501,0.0,0.0,38.918854,0.299,0.0,-2.1503987,1.0,0.216,0.498,31.837,1.0,0.0,13.321,0.0,0.0,1.0,7.754,0.0,0.175,5.946,0.0,1.0,0.0,0.0,0.0,0.0,43.447502,0.0,0.0,1.0,-4.389,8.061,0.0,0.0,0.0,0.0,13.6845,4.96,-15.059,0.0,20.398,0.222,1.0,0.241,0.152,4.672,-4.337,1.0,0.6308995,0.0,10.077906,0.703,1.118,-4.292,1.0,0.894,1.0,0.0,7.664,1.0,0.0,3.566,10.279,1.4350001,0.291,35.44308,1.138,0.08,-5.4919987,1.0,1.0,7.486,0.0,13.316762,0.0,1.0,-34.977,-1.767,0.131,3.845,0.0,0.0,7.474,23.698498,1.0,0.0,1.026,1.0,1.0,0.0,-3.962,18.539,0.0,7.391,0.0,1.0,2.59,4.323,1.2145001,1.0,1.0,0.0,1.0,0.639,0.052,3.622,1.0,0.0,0.0,2.195,0.0,0.0,1.0,0.0,0.27380952,-0.32199797,0.0,1.0,0.0,0.0,1.0,1.0,3.034,0.209,0.0,1.369,1.0,0.705,1.0,0.0,1.0,1.123,0.0,0.0,1.0,1.0,3.1567461,-0.16483864,0.0,1.0,0.0,1.0,0.0,1.249,0.0,1.0,0.0,1.0,0.643,7.352,-4.667,0.848,1.0,4.769551078621726,1.0104377584601565
CCCc1cc(C(O)(C(F)(F)F)C(F)(F)F)cc(CCC)c1OCCCCN1C(=O)NC(C)(c2ccc(OC(C)C)cc2)C1=O,8684.09,308.411,127.857,279.645,148.033,197.444,102.629,134.344,169.232,179.275,225.289,53.563,93.341965,-64.122,84.001,4.8999095,59.175,26.342491,0.0,9.473726,-33.241,0.646,0.0,3.967,1.0,0.0,1.0,0.0,0.0,0.0,0.0,0.0,-3.459,0.0,0.0,31.137028,0.303,1.0,-2.33422,1.0,0.278,0.66,19.353,0.0,0.0,8.086,0.0,0.0,1.0,6.141,0.0,-0.262,2.819,0.0,0.0,0.0,0.0,0.0,0.0,9.881,0.0,0.0,1.0,-3.272,4.761,1.0,0.0,0.0,1.0,1.824,1.793,-1.512,0.0,2.93,0.303,1.0,0.326,-0.069,3.099,-2.368,0.0,0.65148616,0.0,9.869021,0.545,-0.23,-1.67,1.0,0.295,1.0,1.0,1.671,1.0,0.0,2.266,4.205,-0.211,0.394,11.50823,0.787,-0.245,-2.534,0.0,1.0,7.184,1.0,13.631211,1.0,0.0,-18.739,-0.043,0.17,2.056,0.0,0.0,6.092,5.479,0.0,1.0,0.708,1.0,0.0,1.0,-2.024,23.692,1.0,5.746,1.0,1.0,2.268,2.018,0.331,0.0,1.0,0.0,1.0,0.214,0.027,2.017,1.0,0.0,0.0,5.18,1.0,1.0,1.0,0.0,0.9111111,-0.49301925,1.0,1.0,0.0,0.0,1.0,0.0,1.134,0.276,0.0,1.712,0.0,1.177,0.0,0.0,1.0,0.342,1.0,0.0,0.0,0.0,2.9592593,0.059751473,1.0,1.0,0.0,0.0,1.0,1.016,0.0,1.0,1.0,1.0,0.511,6.644,-2.373,-0.247,1.0,5.950781977329818,1.0104377584601565
CCCc1cc(C(O)(C(F)(F)F)C(F)(F)F)ccc1Oc1cccc(CCN2C(=O)NC(C)(c3ccc(OC(C)C)cc3)C2=O)c1,11023.073,377.829,125.356,337.812,312.172,246.761,162.623,132.348,158.662,154.11,214.636,98.075,92.23547,-84.327,103.367,10.966277,66.147,26.342491,0.0,9.473726,-36.184,0.647,0.0,5.325,1.0,1.0,1.0,0.0,0.0,0.0,0.0,0.0,-3.5,0.0,0.0,31.137028,0.295,1.0,-2.327239,1.0,0.321,0.66,24.383,1.0,0.0,8.529,0.0,0.0,0.0,6.336,0.0,-0.135,4.495,0.0,0.0,0.0,1.0,1.0,0.0,12.357,1.0,1.0,1.0,-3.346,5.243,0.0,0.0,0.0,0.0,2.285,2.478,-6.199,0.0,4.58,0.323,1.0,0.38,-0.059,3.512,-2.546,0.0,0.6514764,0.0,9.896814,0.541,0.001,-1.923,1.0,0.306,1.0,1.0,3.13,1.0,1.0,3.509,6.152,-0.003,0.418,11.50823,0.749,-0.124,-3.263,0.0,0.0,7.247,0.0,13.4540615,1.0,1.0,-21.037,-0.601,0.168,2.262,0.0,0.0,6.531,10.678,1.0,1.0,0.773,1.0,0.0,1.0,-2.611,19.517,1.0,6.253,1.0,1.0,3.326,2.216,0.31,1.0,1.0,0.0,1.0,0.587,0.032,5.231,1.0,1.0,0.0,5.301,1.0,1.0,1.0,0.0,0.8913044,-0.49102196,1.0,1.0,0.0,0.0,1.0,0.0,1.399,0.32,0.0,2.41,0.0,1.296,0.0,0.0,1.0,0.331,1.0,0.0,1.0,1.0,2.9746377,0.29414418,1.0,1.0,0.0,1.0,1.0,1.055,0.0,1.0,1.0,1.0,0.5,6.772,-3.035,-0.054,1.0,5.539102157243452,1.0104377584601565
CCCc1cc(C(O)(C(F)(F)F)C(F)(F)F)ccc1Oc1ccc(CCN2C(=O)NC(C)(c3ccc(OC(C)C)cc3)C2=O)c(C)c1,10828.785,399.479,181.45,334.751,211.559,255.651,69.988,103.247,168.905,137.221,274.529,44.165,92.238754,-94.938,101.489,22.09318,80.38,26.342491,0.0,9.473726,-36.728,0.64,0.0,5.029,1.0,1.0,1.0,0.0,0.0,0.0,0.0,0.0,-3.747,0.0,0.0,31.137028,0.3,1.0,-2.3272731,1.0,0.337,0.652,22.627,0.0,0.0,9.897,0.0,0.0,0.0,6.381,0.0,-0.143,2.892,0.0,0.0,0.0,1.0,0.0,0.0,19.921,1.0,1.0,1.0,-3.587,5.762,0.0,0.0,0.0,0.0,2.732,2.198,-6.17,0.0,6.651,0.327,1.0,0.393,-0.058,3.75,-2.825,0.0,0.6514764,0.0,9.896765,0.535,-0.045,-2.198,1.0,0.137,1.0,1.0,3.278,1.0,1.0,2.803,7.002,-0.045,0.418,11.50823,0.686,-0.128,-2.674,0.0,0.0,7.242,0.0,13.4519005,1.0,0.0,-21.0,-0.571,0.182,2.69,0.0,0.0,6.52,12.216,1.0,1.0,0.755,1.0,1.0,0.0,-2.455,19.635,1.0,5.964,1.0,1.0,3.247,2.648,-0.004,1.0,1.0,0.0,1.0,0.374,0.031,5.365,1.0,0.0,1.0,5.06,1.0,0.0,1.0,0.0,0.87234044,-0.49102196,1.0,1.0,0.0,0.0,1.0,1.0,1.599,0.344,0.0,1.562,0.0,1.25,0.0,0.0,1.0,0.078,1.0,0.0,1.0,1.0,2.9468086,-0.34769547,1.0,1.0,0.0,1.0,1.0,1.08,0.0,1.0,1.0,1.0,0.494,6.755,-2.667,-0.019,1.0,5.503070351926786,1.0104377584601565
CCCc1cc(C(O)(C(F)(F)F)C(F)(F)F)cc(CCC)c1OC/C=C/CN1C(=O)NC(C)(c2ccc(OC(C)C)cc2)C1=O,9493.106,359.718,184.892,298.918,239.541,254.002,80.304,78.287,170.426,111.047,116.519,145.332,93.19123,-124.772,90.744,4.8999095,78.983,26.342491,1.0,9.473726,-25.17,0.646,0.0,4.489,1.0,1.0,1.0,0.0,0.0,0.0,0.0,0.0,-3.156,0.0,0.0,31.137028,0.303,1.0,-2.3338675,1.0,0.277,0.66,20.578,1.0,0.0,9.813,0.0,0.0,1.0,6.279,0.0,-0.262,3.67,0.0,0.0,0.0,0.0,0.0,0.0,6.309,0.0,0.0,1.0,-3.028,5.942,1.0,0.0,0.0,1.0,4.266,1.894,-0.483,0.0,4.614,0.295,1.0,0.325,-0.069,3.528,-2.316,0.0,0.65148616,0.0,9.869102,0.545,-0.267,-1.735,1.0,0.156,1.0,1.0,2.319,1.0,0.0,2.682,6.52,-0.256,0.386,11.50823,0.722,-0.245,-2.002,0.0,1.0,7.247,1.0,13.62208,1.0,0.0,-13.317,0.181,0.177,1.53,0.0,0.0,6.312,9.738,0.0,1.0,0.757,1.0,0.0,1.0,-1.94,20.753,1.0,5.892,1.0,1.0,2.821,1.502,0.137,0.0,1.0,0.0,1.0,0.368,0.025,3.511,1.0,0.0,0.0,5.529,1.0,1.0,1.0,0.0,0.93333334,-0.49102196,1.0,1.0,0.0,0.0,1.0,0.0,0.8,0.281,0.0,2.304,0.0,1.218,0.0,0.0,1.0,0.151,1.0,0.0,0.0,1.0,2.9814816,-0.32516083,1.0,1.0,0.0,1.0,1.0,1.012,1.0,1.0,1.0,1.0,0.511,6.673,-2.042,-0.265,1.0,5.910094888560602,1.0104377584601565
CCCc1cc(C(O)(C(F)(F)F)C(F)(F)F)cc(CCC)c1OCC#CCN1C(=O)NC(C)(c2ccc(OC(C)C)cc2)C1=O,9086.348,331.526,134.858,285.198,201.332,217.366,85.963,43.92,174.369,110.657,186.718,104.041,93.0405,-94.564,85.275,4.8999095,72.808,26.342491,0.0,9.473726,-27.517,0.646,0.0,3.986,1.0,0.0,1.0,0.0,0.0,0.0,0.0,0.0,-2.735,0.0,0.0,31.137028,0.303,1.0,-2.333599,1.0,0.3,0.66,15.214,0.0,0.0,9.906,0.0,0.0,1.0,6.213,0.0,-0.262,3.59,0.0,0.0,0.0,0.0,0.0,0.0,7.169,0.0,0.0,1.0,-2.591,5.883,1.0,0.0,0.0,1.0,4.696,1.822,-3.086,0.0,4.073,0.321,1.0,0.35,-0.069,3.441,-1.871,0.0,0.65148616,0.0,9.86912,0.545,-0.186,-1.306,1.0,0.123,1.0,1.0,0.882,1.0,0.0,2.524,5.222,-0.182,0.421,11.50823,0.758,-0.245,-2.339,0.0,1.0,7.216,1.0,13.612947,1.0,0.0,-17.8,-0.249,0.172,1.241,0.0,0.0,6.208,8.616,0.0,1.0,0.736,1.0,0.0,1.0,-1.956,21.407,1.0,5.822,1.0,1.0,2.566,1.218,0.034,0.0,1.0,0.0,1.0,0.191,0.031,2.915,1.0,0.0,0.0,5.352,1.0,1.0,1.0,0.0,0.93333334,-0.49102196,1.0,1.0,0.0,0.0,1.0,0.0,0.528,0.298,0.0,2.24,0.0,1.205,0.0,0.0,1.0,0.087,1.0,0.0,0.0,0.0,3.0037036,0.54176414,1.0,1.0,0.0,0.0,1.0,0.98,0.0,1.0,1.0,1.0,0.511,6.659,-2.229,-0.103,1.0,6.065501548756432,1.0104377584601565
CCCc1cc(C(O)(C(F)(F)F)C(F)(F)F)ccc1Oc1cccc(CN2C(=O)NC(C)(c3ccc(OC(C)C)cc3)C2=O)c1,10873.07,378.353,243.38,338.39,291.745,272.426,222.897,134.554,225.844,156.73,247.997,165.016,92.22654,-96.538,103.183,10.966277,71.947,26.342491,0.0,9.473726,-32.409,0.647,0.0,5.986,1.0,1.0,1.0,0.0,0.0,0.0,0.0,0.0,-3.259,0.0,0.0,31.137028,0.29,1.0,-2.3272538,1.0,0.329,0.66,14.908,1.0,0.0,8.708,0.0,0.0,0.0,6.452,0.0,-0.165,3.957,0.0,0.0,0.0,1.0,0.0,0.0,17.383,0.0,1.0,1.0,-3.082,5.707,0.0,0.0,0.0,0.0,1.592,2.689,-5.536,0.0,4.78,0.3,1.0,0.392,-0.06,4.265,-2.296,0.0,0.6514764,0.0,9.896823,0.54,-0.354,-1.705,1.0,0.332,1.0,1.0,0.534,1.0,0.0,3.462,9.415,-0.346,0.406,11.50823,0.793,-0.14,-3.037,0.0,0.0,7.265,0.0,13.456481,1.0,0.0,-20.072,-0.512,0.186,2.479,0.0,0.0,6.69,14.357,1.0,1.0,0.788,1.0,0.0,1.0,-2.318,20.981,1.0,6.11,1.0,1.0,4.038,2.438,0.353,1.0,1.0,0.0,1.0,0.368,0.025,5.842,1.0,0.0,0.0,5.653,1.0,1.0,1.0,0.0,0.9111111,-0.49102196,1.0,1.0,0.0,0.0,1.0,0.0,1.558,0.334,0.0,2.441,0.0,1.298,0.0,0.0,1.0,0.368,1.0,1.0,1.0,1.0,3.0074074,0.39150858,1.0,1.0,0.0,1.0,1.0,1.124,0.0,1.0,1.0,1.0,0.499,6.772,-2.78,-0.242,1.0,5.707743928643524,1.0104377584601565
CCCc1cc(C(O)(C(F)(F)F)C(F)(F)F)ccc1Oc1ccc(C(=O)CN2C(=O)NC(C)(c3ccc(OC(C)C)cc3)C2=O)c(C)c1,11980.307,411.204,191.673,342.789,232.78,260.228,189.487,72.603,217.129,145.198,251.984,91.063,92.1568,-83.999,103.065,10.966277,86.797,26.342491,0.0,9.473726,-38.38,0.661,0.0,5.255,1.0,1.0,1.0,0.0,0.0,0.0,0.0,0.0,-3.738,0.0,0.0,31.137028,0.266,1.0,-2.3272607,1.0,0.345,0.673,19.089,0.0,1.0,10.26,0.0,0.0,0.0,6.503,0.0,-0.128,3.313,0.0,0.0,0.0,1.0,0.0,0.0,15.882,1.0,1.0,1.0,-3.557,6.272,0.0,0.0,0.0,0.0,3.361,2.335,-2.983,0.0,6.881,0.338,1.0,0.408,-0.057,4.044,-2.705,0.0,0.6514764,5.783245,9.896752,0.553,-0.084,-2.051,1.0,0.261,1.0,1.0,1.738,1.0,1.0,3.44,9.608,-0.105,0.437,11.50823,0.712,-0.126,-2.566,0.0,0.0,7.312,0.0,13.456017,1.0,0.0,-17.0,-0.361,0.18,2.522,0.0,0.0,6.729,14.745,1.0,1.0,0.772,1.0,1.0,0.0,-2.311,20.511,1.0,6.199,1.0,1.0,3.654,2.479,0.312,1.0,1.0,0.0,1.0,0.366,0.033,5.847,1.0,0.0,1.0,5.206,1.0,0.0,1.0,0.0,0.9375,-0.49102196,1.0,1.0,0.0,0.0,1.0,1.0,1.491,0.346,0.0,1.722,0.0,1.234,0.0,0.0,1.0,0.306,1.0,0.0,1.0,1.0,3.0347223,-0.05494668,1.0,1.0,0.0,1.0,1.0,1.011,0.0,1.0,1.0,1.0,0.504,6.782,-2.528,-0.017,1.0,6.3979400086720375,1.0104377584601565
CCCc1cc(C(O)(C(F)(F)F)C(F)(F)F)ccc1Oc1ccc(C(=O)CN2C(=O)NC(C)(c3ccc(OC(C)C)cc3)C2=O)c(OC)c1,12530.986,410.566,130.934,340.846,223.326,249.572,101.399,129.675,202.677,130.273,243.357,85.26,97.61628,-74.884,104.734,10.966277,75.636,26.342491,0.0,14.210588,-34.957,0.691,0.0,5.585,1.0,1.0,1.0,0.0,0.0,0.0,0.0,0.0,-3.768,0.0,0.0,31.137028,0.233,1.0,-2.32725,1.0,0.336,0.702,19.492,1.0,1.0,9.857,0.0,0.0,0.0,6.619,0.0,-0.178,3.86,0.0,0.0,0.0,1.0,0.0,0.0,14.076,1.0,1.0,1.0,-3.591,5.733,0.0,0.0,0.0,0.0,2.443,2.615,-4.599,0.0,4.287,0.322,1.0,0.403,-0.08,4.329,-2.787,0.0,0.6514764,5.783245,9.896815,0.577,0.025,-2.149,1.0,0.13,1.0,1.0,1.273,1.0,1.0,3.547,8.966,0.036,0.428,11.50823,0.727,-0.16,-2.777,0.0,1.0,7.342,0.0,13.481103,1.0,1.0,-19.542,-0.534,0.161,2.14,0.0,0.0,6.758,14.14,1.0,1.0,0.788,1.0,0.0,0.0,-2.205,19.472,1.0,6.282,1.0,1.0,3.58,2.119,0.112,1.0,1.0,0.0,1.0,0.341,0.029,5.687,1.0,0.0,0.0,5.17,1.0,0.0,1.0,0.0,0.9183673,-0.49585533,1.0,1.0,0.0,0.0,1.0,1.0,1.255,0.347,0.0,2.237,0.0,1.239,0.0,0.0,1.0,0.135,1.0,0.0,1.0,1.0,3.0442176,0.06724049,1.0,1.0,0.0,1.0,1.0,1.018,0.0,1.0,1.0,1.0,0.521,6.8,-2.593,0.024,1.0,5.427128397799519,1.0104377584601565
CCCc1cc(C(O)(C(F)(F)F)C(F)(F)F)ccc1Oc1ccc(C(=O)CN2C(=O)NC(C)(c3ccc(OC(C)C)cc3)C2=O)c(O)c1,11980.307,408.044,177.524,341.544,224.139,264.114,96.271,90.129,189.374,144.114,243.911,60.519,91.806465,-76.077,101.844,18.1991,84.512,26.342491,0.0,9.473726,-35.239,0.691,0.0,5.309,1.0,1.0,1.0,0.0,0.0,0.0,0.0,0.0,-3.412,0.0,0.0,31.137028,0.229,1.0,-2.3272164,1.0,0.327,0.703,17.122,0.0,1.0,10.081,0.0,0.0,0.0,6.503,0.0,-0.182,3.325,0.0,0.0,0.0,1.0,0.0,0.0,18.436,1.0,1.0,1.0,-3.247,5.485,0.0,0.0,0.0,0.0,2.196,2.308,-4.0,0.0,6.431,0.312,1.0,0.397,-0.058,4.079,-2.543,0.0,0.80018497,5.783245,9.896817,0.577,-0.055,-1.985,1.0,0.209,1.0,1.0,1.821,1.0,1.0,3.431,9.505,-0.039,0.427,11.50823,0.743,-0.156,-2.835,0.0,0.0,7.312,0.0,13.428239,1.0,0.0,-20.275,-0.32,0.172,2.885,0.0,0.0,6.729,14.244,1.0,1.0,0.772,1.0,0.0,0.0,-2.245,19.746,1.0,6.199,1.0,1.0,3.659,2.858,0.323,1.0,1.0,0.0,1.0,0.351,0.035,5.816,1.0,0.0,0.0,5.205,1.0,0.0,1.0,0.0,0.9375,-0.50705266,1.0,1.0,0.0,0.0,1.0,1.0,1.758,0.332,0.0,1.637,0.0,1.234,0.0,0.0,1.0,0.281,1.0,0.0,1.0,1.0,3.1180556,-0.18074848,1.0,1.0,0.0,1.0,1.0,1.025,0.0,1.0,1.0,1.0,0.52,6.782,-2.633,-0.084,1.0,6.468521082957745,1.0104377584601565
CCCc1cc(C(O)(C(F)(F)F)C(F)(F)F)ccc1Oc1ccc(C(=O)CN2C(=O)NC(C)(c3ccc(OC(C)C)cn3)C2=O)c(O)c1,11826.97,402.607,184.563,325.694,251.369,247.652,122.059,148.298,215.442,142.951,247.79,127.947,91.7204,-78.226,94.298,18.1991,80.521,26.342491,0.0,9.473726,-28.995,0.725,0.0,5.294,1.0,1.0,1.0,0.0,0.0,0.0,0.0,0.0,-3.006,0.0,0.0,31.137028,0.197,0.0,-2.3272161,1.0,0.301,0.747,18.625,0.0,1.0,10.486,0.0,1.0,0.0,6.49,0.0,-0.188,3.147,0.0,0.0,0.0,1.0,0.0,0.0,20.119,1.0,1.0,0.0,-2.855,6.121,0.0,0.0,0.0,0.0,1.356,2.448,-3.352,0.0,3.1,0.286,1.0,0.37,-0.071,3.891,-2.198,0.0,0.80018497,11.32217,9.89682,0.593,-0.198,-1.685,1.0,0.282,1.0,1.0,3.281,1.0,1.0,3.191,6.944,-0.146,0.396,11.50823,0.725,-0.159,-2.594,0.0,0.0,7.303,0.0,13.425468,1.0,0.0,-14.334,-0.415,0.16,3.098,0.0,0.0,6.717,8.404,1.0,1.0,0.769,1.0,0.0,0.0,-1.965,20.8,1.0,6.187,1.0,1.0,3.556,3.065,0.374,1.0,1.0,0.0,1.0,0.361,0.026,5.422,1.0,0.0,0.0,5.138,1.0,0.0,0.0,1.0,1.0,-0.50705266,1.0,1.0,0.0,0.0,1.0,1.0,1.824,0.314,0.0,1.842,0.0,1.232,0.0,0.0,1.0,0.359,1.0,0.0,1.0,1.0,3.1388888,-0.33301497,1.0,1.0,0.0,1.0,1.0,1.084,1.0,1.0,1.0,0.0,0.559,6.774,-2.376,-0.163,1.0,6.481486060122112,1.0104377584601565
CCCc1cc(C(O)(C(F)(F)F)C(F)(F)F)ccc1Oc1ccc(C(=O)CN2C(=O)NC(C)(c3ccc(OC(C)C)cc3)C2=O)cc1,12184.815,396.595,244.793,349.088,211.095,252.535,77.569,96.034,190.258,141.39,265.318,91.469,91.79825,-92.644,105.891,10.966277,89.743,26.342491,0.0,9.473726,-35.549,0.67,0.0,5.236,1.0,1.0,1.0,0.0,0.0,0.0,0.0,0.0,-3.568,0.0,0.0,31.137028,0.26,1.0,-2.3271873,1.0,0.331,0.682,21.758,0.0,1.0,10.533,0.0,1.0,0.0,6.478,0.0,-0.153,3.71,0.0,0.0,0.0,1.0,0.0,0.0,23.281,1.0,1.0,1.0,-3.405,6.198,0.0,0.0,0.0,0.0,3.069,2.35,-6.245,0.0,5.018,0.31,1.0,0.396,-0.058,4.183,-2.698,0.0,0.6514764,5.783245,9.896834,0.559,-0.127,-2.124,1.0,0.175,1.0,1.0,3.327,1.0,1.0,3.758,8.355,-0.119,0.41,11.50823,0.665,-0.148,-2.356,0.0,0.0,7.307,0.0,13.411595,1.0,0.0,-21.521,-0.678,0.155,2.945,0.0,0.0,6.749,14.205,1.0,1.0,0.792,1.0,0.0,0.0,-2.22,18.078,1.0,6.236,1.0,1.0,3.913,2.899,0.114,1.0,1.0,0.0,1.0,0.323,0.034,6.244,1.0,0.0,0.0,5.419,1.0,0.0,1.0,0.0,0.9148936,-0.49102196,1.0,1.0,0.0,0.0,1.0,1.0,1.785,0.338,0.0,2.314,0.0,1.257,0.0,0.0,1.0,0.155,1.0,0.0,1.0,1.0,3.06383,-0.20096059,1.0,1.0,0.0,1.0,1.0,1.008,0.0,1.0,1.0,1.0,0.51,6.795,-2.36,-0.125,1.0,6.443697499232712,1.0104377584601565
CCCc1c(OCCCCN2C(=O)NC(C)(c3ccc(OC)cc3)C2=O)ccc2c(C(F)(F)F)cc(=O)oc12,6762.953,292.694,93.703,166.37,147.383,191.372,27.887,86.189,139.608,101.618,166.136,64.571,56.64745,-87.673,80.699,4.8999095,57.145,13.171246,1.0,13.890877,-25.804,0.628,0.0,2.936,1.0,1.0,1.0,1.0,0.0,0.0,0.0,0.0,-2.624,1.0,0.0,17.965782,0.284,1.0,-2.2214622,1.0,0.296,0.643,21.696,0.0,1.0,7.414,0.0,1.0,1.0,5.754,0.0,-0.202,1.73,1.0,0.0,0.0,1.0,0.0,0.0,7.366,0.0,1.0,1.0,-2.527,3.965,1.0,0.0,0.0,1.0,0.612,1.794,-2.45,0.0,1.1,0.329,1.0,0.341,-0.105,2.836,-1.953,0.0,0.7585778,0.0,9.917541,0.548,-0.06,-1.455,1.0,0.284,0.0,1.0,1.119,1.0,0.0,2.084,10.648,-0.047,0.425,5.90718,0.515,-0.171,-1.92,1.0,1.0,6.375,1.0,13.488631,1.0,1.0,-3.383,-0.339,0.194,2.115,0.0,0.0,6.565,8.766,0.0,1.0,0.738,1.0,1.0,1.0,-1.589,18.772,1.0,5.315,0.0,1.0,4.957,2.125,0.487,0.0,1.0,0.0,1.0,0.512,0.034,2.557,1.0,0.0,0.0,3.334,1.0,1.0,1.0,0.0,1.051282,-0.49676818,1.0,0.0,0.0,1.0,1.0,0.0,1.45,0.27,0.0,1.466,0.0,0.872,0.0,1.0,1.0,0.421,1.0,0.0,0.0,0.0,2.7735043,-0.07850765,1.0,1.0,0.0,0.0,1.0,1.052,0.0,1.0,1.0,1.0,0.534,6.439,-1.839,-0.093,1.0,5.853871964321762,1.0104377584601565
CCCc1cc(C(O)(C(F)(F)F)C(F)(F)F)ccc1Oc1ccc(CN2C(=O)NC(C)(c3ccc(OC(C)C)cc3)C2=O)cc1,10873.07,390.87,156.87,333.15,243.766,254.074,133.612,117.462,273.701,161.346,288.07,73.066,91.86595,-96.572,103.208,10.966277,89.444,26.342491,0.0,9.473726,-34.786,0.647,0.0,3.671,1.0,1.0,1.0,0.0,0.0,0.0,0.0,0.0,-3.581,0.0,0.0,31.137028,0.29,1.0,-2.327201,1.0,0.294,0.66,24.96,1.0,0.0,9.963,0.0,0.0,0.0,6.219,0.0,-0.145,3.637,0.0,0.0,0.0,1.0,1.0,0.0,21.339,1.0,1.0,1.0,-3.408,5.756,0.0,0.0,0.0,0.0,2.81,1.627,-6.57,0.0,4.052,0.288,1.0,0.354,-0.06,3.37,-2.627,0.0,0.6514764,0.0,9.896843,0.54,-0.091,-2.012,1.0,0.235,1.0,1.0,3.276,1.0,1.0,3.436,8.816,-0.076,0.385,11.50823,0.585,-0.126,-3.014,0.0,0.0,7.261,0.0,13.408483,1.0,1.0,-21.316,-0.586,0.158,3.033,0.0,0.0,6.699,15.095,1.0,1.0,0.788,1.0,0.0,1.0,-2.481,23.554,1.0,6.166,1.0,1.0,4.033,2.977,0.16,1.0,1.0,0.0,1.0,0.371,0.022,5.053,1.0,1.0,0.0,5.614,1.0,1.0,1.0,0.0,0.8888889,-0.49102196,1.0,1.0,0.0,0.0,1.0,0.0,1.912,0.307,0.0,2.196,0.0,1.292,0.0,0.0,1.0,0.214,1.0,1.0,1.0,1.0,3.0074074,0.009816937,1.0,1.0,0.0,1.0,1.0,1.056,0.0,1.0,1.0,1.0,0.499,6.766,-2.864,-0.117,1.0,5.742321425130816,1.0104377584601565
CCCc1cc(C(O)(C(F)(F)F)C(F)(F)F)ccc1Oc1ccc(CCN2C(=O)NC(C)(c3ccc(OC(C)C)cc3)C2=O)cc1,11023.073,361.039,188.423,340.541,256.238,242.176,111.981,184.865,189.492,141.832,141.36,123.388,91.8802,-84.899,103.712,16.529728,78.636,26.342491,0.0,9.473726,-36.371,0.647,0.0,5.2,1.0,1.0,1.0,0.0,0.0,0.0,0.0,0.0,-3.928,0.0,0.0,31.137028,0.295,1.0,-2.3271945,1.0,0.271,0.66,20.679,0.0,0.0,9.426,0.0,0.0,0.0,6.352,0.0,-0.169,3.674,0.0,0.0,0.0,1.0,0.0,0.0,21.044,1.0,1.0,1.0,-3.784,5.806,0.0,0.0,0.0,0.0,0.982,1.958,-5.352,0.0,2.462,0.242,1.0,0.327,-0.059,3.445,-3.107,0.0,0.6514764,0.0,9.896839,0.541,-0.223,-2.524,1.0,0.238,1.0,1.0,2.307,1.0,1.0,2.721,5.403,-0.217,0.323,11.50823,0.718,-0.15,-2.903,0.0,0.0,7.242,0.0,13.407479,1.0,0.0,-20.378,-0.408,0.163,2.563,0.0,0.0,6.545,7.727,1.0,1.0,0.773,1.0,0.0,0.0,-2.182,21.15,1.0,6.011,1.0,1.0,3.386,2.504,0.058,1.0,1.0,0.0,1.0,0.361,0.024,5.048,1.0,0.0,0.0,5.265,1.0,0.0,1.0,0.0,0.8695652,-0.49102196,1.0,1.0,0.0,0.0,1.0,1.0,1.448,0.294,0.0,1.93,0.0,1.29,0.0,0.0,1.0,0.154,1.0,0.0,1.0,1.0,2.9746377,-0.19563785,1.0,1.0,0.0,1.0,1.0,1.151,0.0,1.0,1.0,1.0,0.5,6.766,-2.659,-0.142,1.0,5.72584215073632,1.0104377584601565
CCCc1cc(C(O)(C(F)(F)F)C(F)(F)F)ccc1Oc1ccc(CCN2C(=O)NC(C)(c3ccc(OC(C)C)cc3)C2=O)c(OC)c1,11352.63,367.756,168.603,342.331,267.572,238.86,157.332,95.718,173.588,142.093,233.489,112.547,97.848656,-90.075,102.301,10.966277,67.119,26.342491,0.0,14.210588,-35.531,0.67,0.0,5.865,1.0,1.0,1.0,0.0,0.0,0.0,0.0,0.0,-3.725,0.0,0.0,31.137028,0.264,1.0,-2.3272629,1.0,0.303,0.682,18.378,0.0,1.0,8.713,0.0,0.0,0.0,6.511,0.0,-0.193,3.281,0.0,0.0,0.0,1.0,0.0,0.0,15.677,1.0,1.0,1.0,-3.549,5.492,0.0,0.0,0.0,0.0,2.817,2.17,-2.461,0.0,8.493,0.291,1.0,0.361,-0.08,3.687,-2.678,0.0,0.6514764,0.0,9.896821,0.56,-0.279,-1.984,1.0,0.315,1.0,1.0,2.417,1.0,1.0,2.754,6.236,-0.283,0.385,11.50823,0.774,-0.162,-2.557,0.0,1.0,7.262,0.0,13.476987,1.0,1.0,-21.261,-0.387,0.174,2.57,0.0,0.0,6.546,11.852,1.0,1.0,0.772,1.0,0.0,0.0,-2.365,20.074,1.0,6.068,1.0,1.0,3.129,2.525,0.299,1.0,1.0,0.0,1.0,0.431,0.024,5.023,1.0,0.0,0.0,4.952,1.0,0.0,1.0,0.0,0.8541667,-0.49633268,1.0,1.0,0.0,0.0,1.0,1.0,1.594,0.317,0.0,1.581,0.0,1.258,0.0,0.0,1.0,0.327,1.0,0.0,1.0,1.0,2.9583333,0.39904594,1.0,1.0,0.0,1.0,1.0,1.049,0.0,1.0,1.0,1.0,0.511,6.773,-2.541,-0.246,1.0,5.779891911959945,1.0104377584601565
CCCc1cc(C(O)(C(F)(F)F)C(F)(F)F)ccc1Oc1ccc(CCN2C(=O)NC(C)(c3ccc(OC(C)C)cc3)C2=O)c(O)c1,10828.785,367.349,134.315,324.884,261.207,241.928,187.236,100.42,182.232,183.469,236.286,122.945,91.88842,-109.909,99.592,10.966277,81.421,26.342491,0.0,9.473726,-39.017,0.67,0.0,5.214,1.0,1.0,1.0,0.0,0.0,0.0,0.0,0.0,-3.899,0.0,0.0,31.137028,0.26,1.0,-2.3272264,1.0,0.295,0.682,18.638,0.0,1.0,10.11,0.0,0.0,0.0,6.381,0.0,-0.197,2.961,0.0,0.0,0.0,1.0,0.0,0.0,16.101,1.0,1.0,1.0,-3.713,6.061,0.0,0.0,0.0,0.0,3.356,2.075,-4.239,0.0,7.478,0.282,1.0,0.356,-0.058,3.453,-2.797,0.0,0.8006418,0.0,9.896823,0.559,-0.289,-2.099,1.0,0.291,1.0,1.0,1.756,1.0,1.0,2.667,7.108,-0.277,0.382,11.50823,0.797,-0.158,-2.99,0.0,0.0,7.242,0.0,13.424123,1.0,0.0,-16.419,-0.309,0.172,2.735,0.0,0.0,6.52,11.415,1.0,1.0,0.755,1.0,0.0,0.0,-2.477,21.128,1.0,5.964,1.0,1.0,3.189,2.7,0.287,1.0,1.0,0.0,1.0,0.355,0.03,5.094,1.0,0.0,0.0,5.055,1.0,0.0,1.0,0.0,0.87234044,-0.50753057,1.0,1.0,0.0,0.0,1.0,1.0,1.667,0.302,0.0,1.819,0.0,1.25,0.0,0.0,1.0,0.316,1.0,0.0,1.0,1.0,3.031915,0.30796352,1.0,1.0,0.0,1.0,1.0,1.046,0.0,1.0,1.0,1.0,0.51,6.755,-2.84,-0.188,1.0,5.542118103266008,1.0104377584601565
CCCc1cc(C(O)(C(F)(F)F)C(F)(F)F)ccc1Oc1ccc(C(O)CN2C(=O)NC(C)(c3ccc(OC(C)C)cc3)C2=O)cc1,11325.079,375.576,172.537,343.443,284.481,237.001,125.073,18.778,181.843,137.965,268.536,90.271,91.88196,-101.645,108.016,10.966277,86.125,26.342491,0.0,9.473726,-40.116,0.67,0.0,4.974,1.0,1.0,1.0,0.0,0.0,0.0,0.0,0.0,-3.725,0.0,0.0,31.137028,0.26,1.0,-2.327223,1.0,0.316,0.682,18.918,0.0,0.0,9.501,0.0,0.0,0.0,6.392,0.0,-0.153,3.087,0.0,0.0,0.0,1.0,0.0,0.0,13.603,1.0,1.0,1.0,-3.554,5.706,0.0,0.0,0.0,0.0,1.551,2.478,-6.772,0.0,3.457,0.296,1.0,0.38,-0.058,3.774,-2.761,0.0,0.6514764,0.0,9.896829,0.559,0.226,-2.116,1.0,0.261,1.0,1.0,5.306,1.0,1.0,3.08,7.002,0.253,0.392,11.50823,0.656,-0.148,-3.044,0.0,0.0,7.265,0.0,13.41867,1.0,1.0,-20.347,-0.676,0.169,2.073,0.0,0.0,6.585,8.325,1.0,1.0,0.773,1.0,0.0,0.0,-2.557,18.415,1.0,6.069,1.0,1.0,3.442,2.036,0.326,1.0,1.0,0.0,1.0,0.375,0.026,5.54,1.0,0.0,0.0,5.186,1.0,0.0,1.0,0.0,0.89361703,-0.49102196,1.0,1.0,0.0,0.0,1.0,1.0,1.176,0.325,0.0,1.868,0.0,1.274,0.0,0.0,1.0,0.32,1.0,0.0,1.0,1.0,3.035461,-0.168884,1.0,1.0,0.0,1.0,1.0,1.069,0.0,1.0,1.0,1.0,0.51,6.781,-2.923,0.089,1.0,5.632644078973981,1.0104377584601565
CCC[C@@H]1NC(=O)CCSCc2cccc(c2)CSC[C@@H](C(N)=O)NC(=O)[C@]2(C)CCCN2C(=O)[C@H](Cc2ccc(O)cc2)NC(=O)[C@H](Cc2cnc[nH]2)NC(=O)[C@H](CC(=O)O)NC(=O)[C@H](Cc2c[nH]c3ccc(F)cc23)NC(=O)[C@H](Cc2c[nH]c3ccc(F)cc23)NC(=O)CNC1=O,4543.032,200.93451,85.693,173.954,88.929,145.695,57.6895,60.145,78.0855,51.29,174.6595,60.4905,29.76439,-36.913002,83.9495,11.126903,34.991,23.52377,0.0,5.7336674,-17.684,0.72,23.52377,4.8170004,1.0,1.0,1.0,1.0,0.0,0.0,0.0,1.0,-2.451,1.0,1.0,8.78083,0.076,0.0,-2.370638,1.0,0.444,0.801,8.2645,1.0,1.0,5.4545,0.0,1.0,1.0,7.565,0.0,-0.018,3.672,0.0,0.0,1.0,1.0,1.0,0.0,12.5875,1.0,1.0,0.0,-2.48,3.9645,0.0,0.0,1.0,1.0,1.3594999,2.7145,-3.0349998,1.0,2.359,0.40350002,0.0,0.484,-0.079,4.6495,-2.2085,1.0,0.78830415,0.0,9.949338,0.737,0.033,-1.926,1.0,0.1865,1.0,1.0,1.136,1.0,1.0,4.3995,4.697,0.0485,0.4725,0.0,0.6555,0.113,-2.001,1.0,0.0,7.077,1.0,15.195247,0.0,1.0,-8.0385,-0.2105,0.195,1.3510001,2.798601,0.0,7.682,5.1425,1.0,1.0,0.771,1.0,0.0,1.0,-1.73,8.5105,1.0,7.899,1.0,1.0,3.3579998,1.381,0.2255,0.0,1.0,1.0,1.0,0.4725,0.0365,4.3389997,1.0,1.0,0.0,3.4035,1.0,1.0,1.0,1.0,0.65656567,-0.48995844,1.0,0.0,0.0,1.0,1.0,1.0,1.0195,0.504,1.0,2.361,1.0,0.934,1.0,1.0,1.0,0.2165,0.0,1.0,1.0,1.0,2.6237373,0.035634488,0.0,1.0,1.0,1.0,1.0,1.2195001,1.0,1.0,1.0,0.0,0.948,7.154,-1.948,0.016999999,1.0,5.154901959985743,1.0104377584601565
COc1ccc(C[C@@H]2NC(=O)[C@H](Cc3cnc[nH]3)NC(=O)[C@H](CC(=O)O)NC(=O)[C@H](Cc3c[nH]c4ccc(F)cc34)NC(=O)[C@H](Cc3c[nH]c4ccc(F)cc34)NC(=O)[C@@H](C)NC(=O)[C@H](CCCCN(C)C)NC(=O)CCSCc3cccc(c3)CSCCNC(=O)[C@]3(C)CCCN3C2=O)cc1,4543.032,200.93451,85.693,173.954,88.929,145.695,57.6895,60.145,78.0855,51.29,174.6595,60.4905,35.35506,-36.913002,83.9495,11.126903,34.991,23.52377,0.0,4.736863,-17.684,0.724,23.52377,4.8170004,1.0,1.0,1.0,1.0,0.0,0.0,0.0,1.0,-2.451,1.0,1.0,8.78083,0.076,0.0,-2.364233,1.0,0.444,0.805,8.2645,1.0,1.0,5.4545,1.0,1.0,1.0,7.551,0.0,-0.015,3.672,0.0,0.0,1.0,1.0,1.0,0.0,12.5875,1.0,1.0,0.0,-2.48,3.9645,0.0,0.0,1.0,1.0,1.3594999,2.7145,-3.0349998,1.0,2.359,0.40350002,0.0,0.484,-0.104,4.6495,-2.2085,1.0,0.78830415,0.0,9.953702,0.738,0.033,-1.926,1.0,0.1865,1.0,1.0,1.136,1.0,1.0,4.3995,4.697,0.0485,0.4725,0.0,0.6555,0.116,-2.001,1.0,0.0,7.068,1.0,15.212401,0.0,1.0,-8.0385,-0.2105,0.195,1.3510001,3.1438787,0.0,7.657,5.1425,1.0,1.0,0.762,1.0,0.0,1.0,-1.73,8.5105,1.0,7.891,1.0,1.0,3.3579998,1.381,0.2255,0.0,1.0,1.0,1.0,0.4725,0.0365,4.3389997,1.0,1.0,0.0,3.4035,1.0,1.0,1.0,1.0,0.65686274,-0.48995844,1.0,0.0,1.0,1.0,1.0,1.0,1.0195,0.504,1.0,2.361,1.0,0.95,1.0,1.0,1.0,0.2165,0.0,0.0,1.0,1.0,2.505719,0.035634488,1.0,1.0,1.0,1.0,1.0,1.2195001,1.0,1.0,1.0,0.0,0.946,7.163,-1.948,0.016999999,1.0,5.0,1.0104377584601565
C[C@H]1NC(=O)[C@H](CCCCN)NC(=O)CCSCc2cccc(c2)CSC[C@@H](C(N)=O)NC(=O)[C@]2(C)CCCN2C(=O)[C@H](Cc2ccc(O)cc2)NC(=O)[C@H]([C@@H](C)O)NC(=O)[C@@H]2C[C@H](F)CN2C(=O)[C@H](Cc2c[nH]c3ccc(F)cc23)NC(=O)[C@H](Cc2c[nH]c3ccc(F)cc23)NC1=O,4543.032,200.93451,85.693,173.954,88.929,145.695,57.6895,60.145,78.0855,51.29,174.6595,60.4905,45.992424,-36.913002,83.9495,22.95055,34.991,23.52377,0.0,11.467335,-17.684,0.75,23.52377,4.8170004,1.0,1.0,1.0,0.0,0.0,0.0,0.0,1.0,-2.451,1.0,1.0,13.171246,0.036,0.0,-2.3719714,1.0,0.444,0.834,8.2645,1.0,1.0,5.4545,0.0,0.0,1.0,7.532,0.0,-0.05,3.672,0.0,1.0,0.0,1.0,1.0,0.0,12.5875,1.0,1.0,0.0,-2.48,3.9645,0.0,0.0,0.0,1.0,1.3594999,2.7145,-3.0349998,1.0,2.359,0.40350002,1.0,0.484,-0.068,4.6495,-2.2085,1.0,0.78830415,0.0,9.949336,0.739,0.033,-1.926,1.0,0.1865,1.0,1.0,1.136,1.0,1.0,4.3995,4.697,0.0485,0.4725,0.0,0.6555,0.111,-2.001,1.0,0.0,7.042,1.0,16.10943,0.0,1.0,-8.0385,-0.2105,0.195,1.3510001,2.7910118,0.0,7.627,5.1425,1.0,1.0,0.713,1.0,0.0,1.0,-1.73,8.5105,1.0,7.866,1.0,1.0,3.3579998,1.381,0.2255,0.0,1.0,1.0,1.0,0.4725,0.0365,4.3389997,1.0,1.0,0.0,3.4035,2.0,1.0,1.0,1.0,0.6969697,-0.48995844,1.0,0.0,1.0,1.0,1.0,1.0,1.0195,0.504,1.0,2.361,0.0,0.953,0.0,1.0,1.0,0.2165,0.0,1.0,1.0,1.0,2.61532,0.035634488,0.0,1.0,1.0,1.0,1.0,1.2195001,0.0,1.0,2.0,0.0,0.957,7.102,-1.948,0.016999999,1.0,5.505845405981557,1.0104377584601565
NCCCC[C@@H]1NC(=O)CCSCc2cccc(c2)CSC[C@@H](C(N)=O)NC(=O)[C@@H]2CCCN2C(=O)[C@H](Cc2ccc(O)cc2)NC(=O)[C@H](Cc2cnc[nH]2)NC(=O)[C@H](CC(=O)O)NC(=O)[C@H](Cc2c[nH]c3ccc(F)cc23)NC(=O)[C@H](Cc2c[nH]c3ccc(F)cc23)NC(=O)CNC1=O,4543.032,200.93451,85.693,173.954,88.929,145.695,57.6895,60.145,78.0855,51.29,174.6595,60.4905,29.801142,-36.913002,83.9495,17.19327,34.991,23.52377,0.0,11.467335,-17.684,0.725,23.52377,4.8170004,1.0,1.0,1.0,1.0,0.0,0.0,0.0,1.0,-2.451,1.0,1.0,8.78083,0.076,0.0,-2.3061416,1.0,0.444,0.801,8.2645,1.0,1.0,5.4545,0.0,1.0,1.0,7.574,0.0,-0.019,3.672,0.0,0.0,1.0,1.0,1.0,0.0,12.5875,1.0,1.0,0.0,-2.48,3.9645,0.0,0.0,1.0,1.0,1.3594999,2.7145,-3.0349998,1.0,2.359,0.40350002,0.0,0.484,-0.079,4.6495,-2.2085,1.0,0.78830415,0.0,10.004757,0.749,0.033,-1.926,1.0,0.1865,1.0,1.0,1.136,1.0,1.0,4.3995,4.697,0.0485,0.4725,0.0,0.6555,0.114,-2.001,1.0,0.0,7.076,1.0,15.038098,0.0,1.0,-8.0385,-0.2105,0.195,1.3510001,2.7877219,0.0,7.687,5.1425,1.0,1.0,0.768,1.0,0.0,1.0,-1.73,8.5105,1.0,7.901,1.0,1.0,3.3579998,1.381,0.2255,0.0,1.0,1.0,1.0,0.4725,0.0365,4.3389997,1.0,1.0,0.0,3.4035,1.0,1.0,1.0,1.0,0.62,-0.48995844,1.0,0.0,1.0,1.0,1.0,1.0,1.0195,0.504,1.0,2.361,1.0,0.912,1.0,1.0,1.0,0.2165,0.0,1.0,1.0,1.0,2.6283333,0.035634488,0.0,1.0,1.0,1.0,1.0,1.2195001,1.0,1.0,1.0,0.0,0.941,7.162,-1.948,0.016999999,1.0,5.175874166083451,1.0104377584601565
C[C@H]1NC(=O)[C@H](CCC(=O)O)NC(=O)CCSCc2cccc(c2)CSCCNC(=O)[C@]2(C)CCCN2C(=O)[C@H](Cc2ccc(O)cc2)NC(=O)[C@H](Cc2cnc[nH]2)NC(=O)[C@H](CC(=O)O)NC(=O)[C@H](Cc2c[nH]c3ccc(F)cc23)NC(=O)[C@H](Cc2c[nH]c3ccc(F)cc23)NC1=O,4543.032,200.93451,85.693,173.954,88.929,145.695,57.6895,60.145,78.0855,51.29,174.6595,60.4905,29.829857,-36.913002,83.9495,17.19327,34.991,23.52377,0.0,0.0,-17.684,0.714,23.52377,4.8170004,1.0,1.0,1.0,1.0,0.0,0.0,0.0,1.0,-2.451,1.0,1.0,8.78083,0.081,0.0,-2.3641877,1.0,0.444,0.798,8.2645,1.0,1.0,5.4545,0.0,1.0,1.0,7.557,0.0,0.024,3.672,0.0,0.0,1.0,1.0,1.0,0.0,12.5875,1.0,1.0,0.0,-2.48,3.9645,0.0,0.0,1.0,1.0,1.3594999,2.7145,-3.0349998,1.0,2.359,0.40350002,0.0,0.484,-0.077,4.6495,-2.2085,1.0,0.78830415,0.0,9.953733,0.734,0.033,-1.926,1.0,0.1865,1.0,1.0,1.136,1.0,1.0,4.3995,4.697,0.0485,0.4725,0.0,0.6555,0.128,-2.001,1.0,0.0,7.07,1.0,15.095237,0.0,1.0,-8.0385,-0.2105,0.195,1.3510001,2.9961665,0.0,7.678,5.1425,1.0,1.0,0.771,1.0,0.0,1.0,-1.73,8.5105,1.0,7.874,1.0,1.0,3.3579998,1.381,0.2255,0.0,1.0,1.0,1.0,0.4725,0.0365,4.3389997,1.0,1.0,0.0,3.4035,1.0,1.0,1.0,1.0,0.61616164,-0.48995844,1.0,0.0,0.0,1.0,1.0,1.0,1.0195,0.504,1.0,2.361,1.0,0.961,1.0,1.0,1.0,0.2165,0.0,0.0,1.0,1.0,2.6439395,0.035634488,0.0,1.0,1.0,1.0,1.0,1.2195001,1.0,1.0,1.0,0.0,0.955,7.154,-1.948,0.016999999,1.0,6.0,1.0104377584601565
C[C@@]12CCCN1C(=O)[C@H](Cc1ccc(O)cc1)NC(=O)[C@H](Cc1cnc[nH]1)NC(=O)[C@H](CC(=O)O)NC(=O)[C@H](Cc1c[nH]c3ccc(F)cc13)NC(=O)[C@H](Cc1c[nH]c3ccc(F)cc13)NC(=O)CNC(=O)[C@H](CCCCN)NC(=O)CCSCc1cccc(c1)CSC[C@@H](C(N)=O)NC2=O,4543.032,200.93451,85.693,173.954,88.929,145.695,57.6895,60.145,78.0855,51.29,174.6595,60.4905,29.827887,-36.913002,83.9495,17.19327,34.991,23.52377,0.0,11.467335,-17.684,0.723,23.52377,4.8170004,1.0,1.0,1.0,1.0,0.0,0.0,0.0,1.0,-2.451,1.0,1.0,8.78083,0.074,0.0,-2.370638,1.0,0.444,0.802,8.2645,1.0,1.0,5.4545,0.0,1.0,1.0,7.577,0.0,-0.023,3.672,0.0,0.0,1.0,1.0,1.0,0.0,12.5875,1.0,1.0,0.0,-2.48,3.9645,0.0,0.0,1.0,1.0,1.3594999,2.7145,-3.0349998,1.0,2.359,0.40350002,0.0,0.484,-0.078,4.6495,-2.2085,1.0,0.78830415,0.0,9.949338,0.741,0.033,-1.926,1.0,0.1865,1.0,1.0,1.136,1.0,1.0,4.3995,4.697,0.0485,0.4725,0.0,0.6555,0.111,-2.001,1.0,0.0,7.08,1.0,15.210541,0.0,1.0,-8.0385,-0.2105,0.195,1.3510001,2.786228,0.0,7.686,5.1425,1.0,1.0,0.758,1.0,0.0,1.0,-1.73,8.5105,1.0,7.903,1.0,1.0,3.3579998,1.381,0.2255,0.0,1.0,1.0,1.0,0.4725,0.0365,4.3389997,1.0,1.0,0.0,3.4035,1.0,1.0,1.0,1.0,0.65346533,-0.48995844,1.0,0.0,1.0,1.0,1.0,1.0,1.0195,0.504,1.0,2.361,1.0,0.923,1.0,1.0,1.0,0.2165,0.0,1.0,1.0,1.0,2.621287,0.035634488,0.0,1.0,1.0,1.0,1.0,1.2195001,1.0,1.0,1.0,0.0,0.943,7.156,-1.948,0.016999999,1.0,5.175874166083451,1.0104377584601565
