average,sample_weight,SMILES,Feat_0,Feat_1,Feat_2,Feat_3,Feat_4,Feat_5,Feat_6,Feat_7,Feat_8,Feat_9,Feat_10,Feat_11,Feat_12,Feat_13,Feat_14,Feat_15,Feat_16,Feat_17,Feat_18,Feat_19,Feat_20,Feat_21,Feat_22,Feat_23,Feat_24,Feat_25,Feat_26,Feat_27,Feat_28,Feat_29,Feat_30,Feat_31,Feat_32,Feat_33,Feat_34,Feat_35,Feat_36,Feat_37,Feat_38,Feat_39,Feat_40,Feat_41,Feat_42,Feat_43,Feat_44,Feat_45,Feat_46,Feat_47,Feat_48,Feat_49,Feat_50,Feat_51,Feat_52,Feat_53,Feat_54,Feat_55,Feat_56,Feat_57,Feat_58,Feat_59,Feat_60,Feat_61,Feat_62,Feat_63,Feat_64,Feat_65,Feat_66,Feat_67,Feat_68,Feat_69,Feat_70,Feat_71,Feat_72,Feat_73,Feat_74,Feat_75,Feat_76,Feat_77,Feat_78,Feat_79,Feat_80,Feat_81,Feat_82,Feat_83,Feat_84,Feat_85,Feat_86,Feat_87,Feat_88,Feat_89,Feat_90,Feat_91,Feat_92,Feat_93,Feat_94,Feat_95,Feat_96,Feat_97,Feat_98,Feat_99,Feat_100,Feat_101,Feat_102,Feat_103,Feat_104,Feat_105,Feat_106,Feat_107,Feat_108,Feat_109,Feat_110,Feat_111,Feat_112,Feat_113,Feat_114,Feat_115,Feat_116,Feat_117,Feat_118,Feat_119,Feat_120,Feat_121,Feat_122,Feat_123,Feat_124,Feat_125,Feat_126,Feat_127,Feat_128,Feat_129,Feat_130,Feat_131,Feat_132,Feat_133,Feat_134,Feat_135,Feat_136,Feat_137,Feat_138,Feat_139,Feat_140,Feat_141,Feat_142,Feat_143,Feat_144,Feat_145,Feat_146,Feat_147,Feat_148,Feat_149,Feat_150,Feat_151,Feat_152,Feat_153,Feat_154,Feat_155,Feat_156,Feat_157,Feat_158,Feat_159,Feat_160,Feat_161,Feat_162,Feat_163,Feat_164,Feat_165,Feat_166,Feat_167,Feat_168,Feat_169,Feat_170,Feat_171,Feat_172,Feat_173,Feat_174,Feat_175,Feat_176,Feat_177,Feat_178,Feat_179,Feat_180,Feat_181,Feat_182,Feat_183,Feat_184,Feat_185
5.849485002168009,0.2973629040733618,N#CCCN,0.0564238239062091,0.0,0.0,0.0,0.0,0.0,0.0,0.0,0.0,0.0,0.0,0.0,0.0,0.0,0.0,0.0,0.0,0.0,0.0,-1.6654811635096367,0.0,0.0,0.0,0.0,0.0,0.0,0.0,0.0,0.0,0.0,0.0,0.0,0.0,0.0,0.0,-0.6931471805599453,0.0,0.0,-0.6931471805599453,-0.5376983728162604,-0.5370004781028717,0.0,0.0,-0.48373020300112074,0.0,0.0,0.0,0.0,0.0,0.0,-1.3292333324872063,0.0,0.0,0.0,0.0,0.0,0.0,-0.6931471805599453,0.0,0.0,0.0,0.0,-0.6931471805599453,-0.6931471805599453,0.0,0.0,0.0,0.0,-0.6931471805599453,0.0,0.0,0.0,0.0,-0.6931471805599453,0.0,0.0,0.0,-0.6931471805599453,0.0,0.0,-0.6931471805599453,-0.6931471805599453,-0.6931471805599453,0.0,0.0,0.0,0.0,0.0,-0.6931471805599453,-0.6931471805599453,0.0,0.0,0.0,0.0,0.0,0.0,0.0,0.0,0.0,-0.6931471805599453,0.0,0.0,0.0,0.0,0.0,0.0,0.0,0.0,0.0,0.0,0.0,0.0,0.0,-0.6931471805599453,0.0,0.0,0.0,-0.6931471805599453,0.0,0.0,0.0,0.0,0.0,0.0,0.0,0.0,0.0,0.0,0.0,0.0,0.0,0.0,0.0,0.0,0.0,0.0,0.0,0.0,0.0,0.0,0.0,0.0,0.0,-0.6931471805599453,0.0,0.0,0.0,0.0,-0.6931471805599453,-0.6931471805599453,0.0,0.0,0.0,-0.6931471805599453,0.0,0.0,0.0,-0.6931471805599453,0.0,0.0,0.0,0.0,0.0,0.0,0.0,0.0,0.0,0.0,0.0,0.0,0.0,-1.620139960329746,0.0,0.0,0.0,0.0,0.0,-1.6327797714843466,-0.6931471805599453,0.0,0.0,0.0,-0.6931471805599453,0.0,0.0,0.0
6.372363747448347,0.2973629040733618,NC/C=C(\F)Cn1cc(-c2ccc(F)cc2)c2ccccc21,0.6812318738309034,0.0,0.0,0.0,0.0,0.6931471805599453,0.0,0.6931471805599453,0.0,0.0,0.0,0.0,0.0,0.0,0.0,0.0,0.0,0.6931471805599453,0.0,0.04310361744086199,0.0,0.0,0.0,0.0,0.0,0.6931471805599453,0.0,0.0,0.0,0.0,0.0,0.6931471805599453,0.0,0.0,0.0,0.0,0.0,0.0,-0.6931471805599453,-0.5376983728162604,-0.5370004781028717,0.0,0.0,-0.48373020300112074,0.0,0.0,0.0,0.0,0.0,0.0,0.6139319450064415,0.0,0.0,0.0,0.6931471805599453,0.6931471805599453,0.0,-0.6931471805599453,0.0,0.0,0.0,0.0,-0.6931471805599453,-0.6931471805599453,0.0,0.0,0.6931471805599453,0.0,-0.6931471805599453,0.0,0.0,0.0,0.0,-0.6931471805599453,0.0,0.0,0.0,-0.6931471805599453,0.0,0.0,-0.6931471805599453,-0.6931471805599453,0.0,0.0,0.0,0.0,0.0,0.0,0.0,-0.6931471805599453,0.0,0.0,0.0,0.0,0.0,0.0,0.0,0.0,0.0,-0.6931471805599453,0.0,0.0,0.0,0.0,0.0,0.0,0.0,0.6931471805599453,0.0,0.0,0.0,0.0,0.0,-0.6931471805599453,0.0,0.0,0.0,-0.6931471805599453,0.0,0.6931471805599453,-0.6931471805599453,0.0,0.6931471805599453,0.0,0.0,0.0,0.0,0.0,0.0,0.0,0.0,0.0,0.0,0.0,0.0,0.0,0.0,0.0,0.0,0.0,0.0,0.0,0.0,-0.6931471805599453,0.0,0.0,0.0,0.0,0.0,-0.6931471805599453,0.0,0.0,0.0,-0.6931471805599453,0.0,0.0,0.0,-0.6931471805599453,0.0,0.0,0.0,0.0,0.0,0.0,0.0,0.6931471805599453,0.0,0.0,0.0,0.0,0.0,1.5717420476690658,0.0,0.0,0.0,0.0,0.0,-0.25299651446389093,-0.6931471805599453,0.0,0.0,0.0,-0.6931471805599453,0.0,0.0,0.0
6.372363747448347,0.2973629040733618,Cc1c(-c2cccc(S(=O)(=O)N(C)C)c2)c2ccccc2n1C/C(F)=C/CN,0.6812318738309034,0.0,0.0,0.0,0.0,0.6931471805599453,0.0,0.6931471805599453,0.0,0.0,0.0,0.0,0.0,0.0,0.0,0.0,0.0,0.6931471805599453,0.0,0.04310361744086199,0.0,0.0,0.0,0.0,0.0,0.6931471805599453,0.0,0.0,0.0,0.0,0.0,0.6931471805599453,0.0,0.0,0.0,0.0,0.0,0.0,-0.6931471805599453,-0.5376983728162604,-0.5370004781028717,0.0,0.0,-0.48373020300112074,0.0,0.0,0.0,0.0,0.0,0.0,0.9716815800749394,0.0,0.0,0.0,0.6931471805599453,0.6931471805599453,0.0,-0.6931471805599453,0.6931471805599453,0.0,0.0,0.0,-0.6931471805599453,-0.6931471805599453,0.0,0.0,0.6931471805599453,0.0,-0.6931471805599453,0.0,0.0,0.0,0.0,-0.6931471805599453,0.0,0.0,0.0,-0.6931471805599453,0.0,0.0,-0.6931471805599453,0.0,0.0,0.0,0.0,0.0,0.0,0.0,0.0,-0.6931471805599453,0.0,0.0,0.0,0.0,0.0,0.0,0.0,0.0,0.0,-0.6931471805599453,0.0,0.0,0.0,0.0,0.0,0.0,0.0,0.6931471805599453,0.0,0.0,0.0,0.0,0.0,-0.6931471805599453,0.0,0.0,0.0,-0.6931471805599453,0.0,0.6931471805599453,-0.6931471805599453,0.0,0.6931471805599453,0.0,0.0,0.0,0.0,0.0,0.0,0.0,0.0,0.0,0.0,0.0,0.0,0.0,0.0,0.0,0.0,0.0,0.0,0.0,0.0,-0.6931471805599453,0.0,0.0,0.0,0.0,-0.6931471805599453,-0.6931471805599453,0.0,0.0,0.0,-0.6931471805599453,0.0,0.0,0.0,-0.6931471805599453,0.0,0.0,0.0,0.0,0.0,0.0,0.0,0.6931471805599453,0.0,0.0,0.0,0.0,0.0,1.140127684348704,0.0,0.6931471805599453,0.0,0.0,0.0,-0.6306268235786112,-0.6931471805599453,0.0,0.0,0.0,-0.6931471805599453,0.0,0.0,0.0
6.372363747448347,0.2973629040733618,Cc1c(-c2ccc(S(=O)(=O)N(C)C)cc2)c2ccccc2n1C/C(F)=C/CN,0.6812318738309034,0.0,0.0,0.0,0.0,0.6931471805599453,0.0,0.6931471805599453,0.0,0.0,0.0,0.0,0.0,0.0,0.0,0.0,0.0,0.6931471805599453,0.0,0.04310361744086199,0.0,0.0,0.0,0.0,0.0,0.6931471805599453,0.0,0.0,0.0,0.0,0.0,0.6931471805599453,0.0,0.0,0.0,0.0,0.0,0.0,-0.6931471805599453,-0.5376983728162604,-0.5370004781028717,0.0,0.0,-0.48373020300112074,0.0,0.0,0.0,0.0,0.0,0.0,0.21649900859554144,0.0,0.0,0.0,0.6931471805599453,0.6931471805599453,0.0,-0.6931471805599453,0.6931471805599453,0.0,0.0,0.0,-0.6931471805599453,-0.6931471805599453,0.0,0.0,0.6931471805599453,0.0,-0.6931471805599453,0.0,0.0,0.0,0.0,-0.6931471805599453,0.0,0.0,0.0,-0.6931471805599453,0.0,0.0,-0.6931471805599453,0.0,0.0,0.0,0.0,0.0,0.0,0.0,0.0,-0.6931471805599453,0.0,0.0,0.0,0.0,0.0,0.0,0.0,0.0,0.0,-0.6931471805599453,0.0,0.0,0.0,0.0,0.0,0.0,0.0,0.6931471805599453,0.0,0.0,0.0,0.0,0.0,-0.6931471805599453,0.0,0.0,0.0,-0.6931471805599453,0.0,0.6931471805599453,-0.6931471805599453,0.0,0.6931471805599453,0.0,0.0,0.0,0.0,0.0,0.0,0.0,0.0,0.0,0.0,0.0,0.0,0.0,0.0,0.0,0.0,0.0,0.0,0.0,0.0,-0.6931471805599453,0.0,0.0,0.0,0.0,-0.6931471805599453,-0.6931471805599453,0.0,0.0,0.0,-0.6931471805599453,0.0,0.0,0.0,-0.6931471805599453,0.0,0.0,0.0,0.0,0.0,0.0,0.0,0.6931471805599453,0.0,0.0,0.0,0.0,0.0,1.071266834777582,0.0,0.6931471805599453,0.0,0.0,0.0,-0.6306268235786112,-0.6931471805599453,0.0,0.0,0.0,-0.6931471805599453,0.0,0.0,0.0
6.372363747448347,0.2973629040733618,Cc1c(-c2cccc(S(=O)(=O)N(C)C)c2)c2cccnc2n1C/C(F)=C/CN,0.6812318738309034,0.0,0.0,0.0,0.0,0.6931471805599453,0.0,0.6931471805599453,0.0,0.0,0.0,0.0,0.0,0.0,0.0,0.0,0.0,0.6931471805599453,0.0,0.06738304801147778,0.0,0.0,0.0,0.0,0.0,0.6931471805599453,0.0,0.0,0.0,0.0,0.0,0.6931471805599453,0.0,0.0,0.0,0.0,0.0,0.0,-0.6931471805599453,-0.5376983728162604,-0.5370004781028717,0.0,0.0,-0.48373020300112074,0.0,0.0,0.0,0.0,0.0,0.0,0.9903040921729415,0.0,0.0,0.0,0.6931471805599453,0.6931471805599453,0.0,-0.6931471805599453,0.6931471805599453,0.0,0.0,0.0,0.0,-0.6931471805599453,0.0,0.0,0.6931471805599453,0.0,-0.6931471805599453,0.0,0.0,0.0,0.0,-0.6931471805599453,0.0,0.0,0.0,-0.6931471805599453,0.0,0.0,-0.6931471805599453,0.0,0.0,0.0,0.0,0.0,0.0,0.0,0.0,-0.6931471805599453,0.0,0.0,0.0,0.0,0.0,0.0,0.0,0.0,0.0,-0.6931471805599453,0.0,0.0,0.0,0.0,0.0,0.0,0.0,0.6931471805599453,0.0,0.0,0.0,0.0,0.0,-0.6931471805599453,0.0,0.0,0.0,-0.6931471805599453,0.0,0.6931471805599453,-0.6931471805599453,0.0,0.6931471805599453,0.0,0.0,0.0,0.0,0.0,0.0,0.0,0.0,0.0,0.0,0.0,0.0,0.0,0.0,0.0,0.0,0.0,0.0,0.0,0.0,-0.6931471805599453,0.0,0.0,0.0,0.0,-0.6931471805599453,-0.6931471805599453,0.0,0.0,0.0,-0.6931471805599453,0.0,0.0,0.0,-0.6931471805599453,0.0,0.0,0.0,0.0,0.0,0.0,0.0,0.6931471805599453,0.0,0.0,0.0,0.0,0.0,1.0752194090934057,0.0,0.6931471805599453,0.0,0.0,0.0,-0.6545323444321657,-0.6931471805599453,0.0,0.0,0.0,-0.6931471805599453,0.0,0.0,0.0
6.372363747448347,0.2973629040733618,COC(=O)c1ccc2c(c1)c(-c1cccc(S(=O)(=O)N(C)C)c1)c(C)n2C/C(F)=C/CN,0.6812318738309034,0.0,0.0,0.0,0.0,0.6931471805599453,0.0,0.6931471805599453,0.0,0.0,0.0,0.0,0.0,0.0,0.0,0.0,0.0,0.6931471805599453,0.0,0.04310361744086199,0.0,0.0,0.0,0.0,0.0,0.6931471805599453,0.0,0.0,0.0,0.0,0.0,0.6931471805599453,0.0,0.0,0.0,0.0,0.0,0.0,-0.6931471805599453,-0.5376983728162604,-0.5370004781028717,0.0,0.0,-0.48373020300112074,0.0,0.0,0.0,0.0,0.0,0.0,0.7680826248336999,0.0,0.0,0.0,0.6931471805599453,0.6931471805599453,0.0,-0.6931471805599453,0.6931471805599453,0.0,0.0,0.0,-0.6931471805599453,-0.6931471805599453,0.0,0.0,0.6931471805599453,0.0,-0.6931471805599453,0.0,0.0,0.0,0.0,-0.6931471805599453,0.0,0.0,0.0,0.0,0.0,0.0,-0.6931471805599453,0.0,0.0,0.0,0.0,0.0,0.0,0.0,0.0,-0.6931471805599453,0.0,0.0,0.0,0.0,0.0,0.0,0.0,0.0,0.0,-0.6931471805599453,0.0,0.0,0.0,0.0,0.0,0.0,0.0,0.6931471805599453,0.0,0.0,0.0,0.0,0.0,-0.6931471805599453,0.0,0.0,0.0,-0.6931471805599453,0.0,0.6931471805599453,0.0,0.0,0.6931471805599453,0.0,0.0,0.0,0.0,0.0,0.0,0.0,0.0,0.0,0.0,0.0,0.0,0.0,0.0,0.0,0.0,0.0,0.0,0.0,0.0,-0.6931471805599453,0.0,0.0,0.0,0.0,-0.6931471805599453,0.0,0.0,0.0,0.0,-0.6931471805599453,0.0,0.0,0.0,-0.6931471805599453,0.0,0.0,0.0,0.0,0.0,0.0,0.0,0.6931471805599453,0.0,0.0,0.0,0.0,0.0,1.0593145012537413,0.0,0.6931471805599453,0.0,0.0,0.0,0.0,-0.6931471805599453,0.0,0.0,0.0,-0.6931471805599453,0.0,0.0,0.0
6.372363747448347,0.2973629040733618,Cc1c(-c2cccc(S(=O)(=O)N(C)C)c2)c2cc(C(=O)N(C)C)ccc2n1C/C(F)=C/CN,0.6812318738309034,0.0,0.0,0.0,0.0,0.6931471805599453,0.0,0.6931471805599453,0.0,0.0,0.0,0.0,0.0,0.0,0.0,0.0,0.0,0.6931471805599453,0.0,0.04310361744086199,0.0,0.0,0.0,0.0,0.0,0.6931471805599453,0.0,0.0,0.0,0.0,0.0,0.6931471805599453,0.0,0.0,0.0,0.0,0.0,0.0,-0.6931471805599453,-0.5376983728162604,-0.5370004781028717,0.0,0.0,-0.48373020300112074,0.0,0.0,0.0,0.0,0.0,0.0,0.746342638197294,0.0,0.0,0.0,0.6931471805599453,0.6931471805599453,0.0,-0.6931471805599453,0.6931471805599453,0.0,0.0,0.0,-0.6931471805599453,-0.6931471805599453,0.0,0.0,0.6931471805599453,0.0,-0.6931471805599453,0.0,0.0,0.0,0.0,-0.6931471805599453,0.0,0.0,0.0,-0.6931471805599453,0.0,0.0,-0.6931471805599453,0.0,0.0,0.0,0.0,0.0,0.0,0.0,0.0,-0.6931471805599453,0.0,0.0,0.0,0.0,0.0,0.0,0.0,0.0,0.0,-0.6931471805599453,0.0,0.0,0.0,0.0,0.0,0.0,0.0,0.6931471805599453,0.0,0.0,0.0,0.0,0.0,-0.6931471805599453,0.0,0.0,0.0,-0.6931471805599453,0.0,0.6931471805599453,-0.6931471805599453,0.0,0.6931471805599453,0.0,0.0,0.0,0.0,0.0,0.0,0.0,0.0,0.0,0.0,0.0,0.0,0.0,0.0,0.0,0.0,0.0,0.0,0.0,0.0,-0.6931471805599453,0.0,0.0,0.0,0.0,-0.6931471805599453,-0.6931471805599453,0.0,0.0,0.0,-0.6931471805599453,0.0,0.0,0.0,-0.6931471805599453,0.0,0.0,0.0,0.0,0.0,0.0,0.0,0.6931471805599453,0.0,0.0,0.0,0.0,0.0,0.7466057590847143,0.0,0.6931471805599453,0.0,0.0,0.0,-0.5016931402027182,-0.6931471805599453,0.0,0.0,0.0,-0.6931471805599453,0.0,0.0,0.0
6.372363747448347,0.2973629040733618,COC(=O)c1ccc2c(-c3cccc(S(=O)(=O)N(C)C)c3)c(C)n(C/C(F)=C/CN)c2c1,0.6812318738309034,0.0,0.0,0.0,0.0,0.6931471805599453,0.0,0.6931471805599453,0.0,0.0,0.0,0.0,0.0,0.0,0.0,0.0,0.0,0.6931471805599453,0.0,0.04310361744086199,0.0,0.0,0.0,0.0,0.0,0.6931471805599453,0.0,0.0,0.0,0.0,0.0,0.6931471805599453,0.0,0.0,0.0,0.0,0.0,0.0,-0.6931471805599453,-0.5376983728162604,-0.5370004781028717,0.0,0.0,-0.48362924326573636,0.0,0.0,0.0,0.0,0.0,0.0,0.8291589382428005,0.0,0.0,0.0,0.6931471805599453,0.6931471805599453,0.0,-0.6931471805599453,0.6931471805599453,0.0,0.0,0.0,-0.6931471805599453,-0.6931471805599453,0.0,0.0,0.6931471805599453,0.0,-0.6931471805599453,0.0,0.0,0.0,0.0,-0.6931471805599453,0.0,0.0,0.0,0.0,0.0,0.0,-0.6931471805599453,0.0,0.0,0.0,0.0,0.0,0.0,0.0,0.0,-0.6931471805599453,0.0,0.0,0.0,0.0,0.0,0.0,0.0,0.0,0.0,-0.6931471805599453,0.0,0.0,0.0,0.0,0.0,0.0,0.0,0.6931471805599453,0.0,0.0,0.0,0.0,0.0,-0.6931471805599453,0.0,0.0,0.0,-0.6931471805599453,0.0,0.6931471805599453,0.0,0.0,0.6931471805599453,0.0,0.0,0.0,0.0,0.0,0.0,0.0,0.0,0.0,0.0,0.0,0.0,0.0,0.0,0.0,0.0,0.0,0.0,0.0,0.0,-0.6931471805599453,0.0,0.0,0.0,0.0,-0.6931471805599453,0.0,0.0,0.0,0.0,0.0,0.0,0.0,0.0,-0.6931471805599453,0.0,0.0,0.0,0.0,0.0,0.0,0.0,0.6931471805599453,0.0,0.0,0.0,0.0,0.0,1.0869842506729919,0.0,0.6931471805599453,0.0,0.0,0.0,0.0,-0.6931471805599453,0.0,0.0,0.0,-0.6931471805599453,0.0,0.0,0.0
6.372363747448347,0.2973629040733618,Cc1c(-c2cccc(S(=O)(=O)N(C)C)c2)c2cc(C(=O)O)ccc2n1C/C(F)=C/CN,0.6812318738309034,0.0,0.0,0.0,0.0,0.6931471805599453,0.0,0.6931471805599453,0.0,0.0,0.0,0.0,0.0,0.0,0.0,0.0,0.0,0.6931471805599453,0.0,0.04310361744086199,0.0,0.0,0.0,0.0,0.0,0.6931471805599453,0.0,0.0,0.0,0.0,0.0,0.6931471805599453,0.0,0.0,0.0,0.0,0.0,0.0,-0.6931471805599453,-0.5366697017387289,-0.5370004781028717,0.0,0.0,-0.48373020300112074,0.0,0.0,0.0,0.0,0.0,0.0,0.7878551321015647,0.0,0.0,0.0,0.6931471805599453,0.6931471805599453,0.0,-0.6931471805599453,0.6931471805599453,0.0,0.0,0.0,-0.6931471805599453,-0.6931471805599453,0.0,0.0,0.6931471805599453,0.0,-0.6931471805599453,0.0,0.0,0.0,0.0,-0.6931471805599453,0.0,0.0,0.0,-0.6931471805599453,0.0,0.0,-0.6931471805599453,0.0,0.0,0.0,0.0,0.0,0.0,0.0,0.0,-0.6931471805599453,0.0,0.0,0.0,0.0,0.0,0.0,0.0,0.0,0.0,-0.6931471805599453,0.0,0.0,0.0,0.0,0.0,0.0,0.0,0.6931471805599453,0.0,0.0,0.0,0.0,0.0,-0.6931471805599453,0.0,0.0,0.0,-0.6931471805599453,0.0,0.6931471805599453,-0.6931471805599453,0.0,0.6931471805599453,0.0,0.0,0.0,0.0,0.0,0.0,0.0,0.0,0.0,0.0,0.0,0.0,0.0,0.0,0.0,0.0,0.0,0.0,0.0,0.0,-0.6931471805599453,0.0,0.0,0.0,0.0,-0.6931471805599453,-0.6931471805599453,0.0,0.0,0.0,-0.6931471805599453,0.0,0.0,0.0,-0.6931471805599453,0.0,0.0,0.0,0.0,0.0,0.0,0.0,0.6931471805599453,0.0,0.0,0.0,0.0,0.0,1.1799880336419133,0.0,0.6931471805599453,0.0,0.0,0.0,-0.3953127366441464,-0.6931471805599453,0.0,0.0,0.0,-0.6931471805599453,0.0,0.0,0.0
6.372363747448347,0.2973629040733618,Cc1c(-c2cccc(S(=O)(=O)N(C)C)c2)c2ccc(C(=O)O)cc2n1C/C(F)=C/CN,0.6812318738309034,0.0,0.0,0.0,0.0,0.6931471805599453,0.0,0.6931471805599453,0.0,0.0,0.0,0.0,0.0,0.0,0.0,0.0,0.0,0.6931471805599453,0.0,0.04310361744086199,0.0,0.0,0.0,0.0,0.0,0.6931471805599453,0.0,0.0,0.0,0.0,0.0,0.6931471805599453,0.0,0.0,0.0,0.0,0.0,0.0,-0.6931471805599453,-0.5376983728162604,-0.5370004781028717,0.0,0.0,-0.48373020300112074,0.0,0.0,0.0,0.0,0.0,0.0,0.8463513387831733,0.0,0.0,0.0,0.6931471805599453,0.6931471805599453,0.0,-0.6931471805599453,0.6931471805599453,0.0,0.0,0.0,-0.6931471805599453,-0.6931471805599453,0.0,0.0,0.6931471805599453,0.0,-0.6931471805599453,0.0,0.0,0.0,0.0,-0.6931471805599453,0.0,0.0,0.0,-0.6931471805599453,0.0,0.0,-0.6931471805599453,0.0,0.0,0.0,0.0,0.0,0.0,0.0,0.0,-0.6931471805599453,0.0,0.0,0.0,0.0,0.0,0.0,0.0,0.0,0.0,-0.6931471805599453,0.0,0.0,0.0,0.0,0.0,0.0,0.0,0.6931471805599453,0.0,0.0,0.0,0.0,0.0,-0.6931471805599453,0.0,0.0,0.0,-0.6931471805599453,0.0,0.6931471805599453,-0.6931471805599453,0.0,0.6931471805599453,0.0,0.0,0.0,0.0,0.0,0.0,0.0,0.0,0.0,0.0,0.0,0.0,0.0,0.0,0.0,0.0,0.0,0.0,0.0,0.0,-0.6931471805599453,0.0,0.0,0.0,0.0,-0.6931471805599453,-0.6931471805599453,0.0,0.0,0.0,0.0,0.0,0.0,0.0,-0.6931471805599453,0.0,0.0,0.0,0.0,0.0,0.0,0.0,0.6931471805599453,0.0,0.0,0.0,0.0,0.0,1.2552371965617213,0.0,0.6931471805599453,0.0,0.0,0.0,-0.3953127366441464,-0.6931471805599453,0.0,0.0,0.0,-0.6931471805599453,0.0,0.0,0.0
6.372363747448347,0.2973629040733618,Cc1c(-c2cccc(S(=O)(=O)N(C)C)c2)c2ccc(C(=O)N(C)C)cc2n1C/C(F)=C/CN,0.6812318738309034,0.0,0.0,0.0,0.0,0.6931471805599453,0.0,0.6931471805599453,0.0,0.0,0.0,0.0,0.0,0.0,0.0,0.0,0.0,0.6931471805599453,0.0,0.04310361744086199,0.0,0.0,0.0,0.0,0.0,0.6931471805599453,0.0,0.0,0.0,0.0,0.0,0.6931471805599453,0.0,0.0,0.0,0.0,0.0,0.0,-0.6931471805599453,-0.5368568115673363,-0.5370004781028717,0.0,0.0,-0.4197396400581814,0.0,0.0,0.0,0.0,0.0,0.0,0.802803093537438,0.0,0.0,0.0,0.6931471805599453,0.6931471805599453,0.0,-0.6931471805599453,0.6931471805599453,0.0,0.0,0.0,-0.6931471805599453,-0.6931471805599453,0.0,0.0,0.6931471805599453,0.0,-0.6931471805599453,0.0,0.0,0.0,0.0,-0.6931471805599453,0.0,0.0,0.0,-0.6931471805599453,0.0,0.0,-0.6931471805599453,0.0,0.0,0.0,0.0,0.0,0.0,0.0,0.0,-0.6931471805599453,0.0,0.0,0.0,0.0,0.0,0.0,0.0,0.0,0.0,-0.6931471805599453,0.0,0.0,0.0,0.0,0.0,0.0,0.0,0.6931471805599453,0.0,0.0,0.0,0.0,0.0,-0.6931471805599453,0.0,0.0,0.0,-0.6931471805599453,0.0,0.6931471805599453,-0.6931471805599453,0.0,0.6931471805599453,0.0,0.0,0.0,0.0,0.0,0.0,0.0,0.0,0.0,0.0,0.0,0.0,0.0,0.0,0.0,0.0,0.0,0.0,0.0,0.0,-0.6931471805599453,0.0,0.0,0.0,0.0,-0.6931471805599453,-0.6931471805599453,0.0,0.0,0.0,0.0,0.0,0.0,0.0,-0.6931471805599453,0.0,0.0,0.0,0.0,0.0,0.0,0.0,0.6931471805599453,0.0,0.0,0.0,0.0,0.0,0.9220544365909066,0.0,0.6931471805599453,0.0,0.0,0.0,-0.5016931402027182,-0.6931471805599453,0.0,0.0,0.0,-0.6931471805599453,0.0,0.0,0.0
6.372363747448347,0.2973629040733618,Cc1c(-c2cccc(S(=O)(=O)N(C)C)c2)c2ccc(C(N)=O)cc2n1C/C(F)=C/CN,0.6812318738309034,0.0,0.0,0.0,0.0,0.6931471805599453,0.0,0.6931471805599453,0.0,0.0,0.0,0.0,0.0,0.0,0.0,0.0,0.0,0.6931471805599453,0.0,0.04310361744086199,0.0,0.0,0.0,0.0,0.0,0.6931471805599453,0.0,0.0,0.0,0.0,0.0,0.6931471805599453,0.0,0.0,0.0,0.0,0.0,0.0,-0.6931471805599453,-0.5359209121267737,-0.5370004781028717,0.0,0.0,-0.48373020300112074,0.0,0.0,0.0,0.0,0.0,0.0,0.8349226429595505,0.0,0.0,0.0,0.6931471805599453,0.6931471805599453,0.0,-0.6931471805599453,0.6931471805599453,0.0,0.0,0.0,-0.6931471805599453,-0.6931471805599453,0.0,0.0,0.6931471805599453,0.0,-0.6931471805599453,0.0,0.0,0.0,0.0,-0.6931471805599453,0.0,0.0,0.0,-0.6931471805599453,0.0,0.0,-0.6931471805599453,0.0,0.0,0.0,0.0,0.0,0.0,0.0,0.0,-0.6931471805599453,0.0,0.0,0.0,0.0,0.0,0.0,0.0,0.0,0.0,-0.6931471805599453,0.0,0.0,0.0,0.0,0.0,0.0,0.0,0.6931471805599453,0.0,0.0,0.0,0.0,0.0,-0.6931471805599453,0.0,0.0,0.0,-0.6931471805599453,0.0,0.6931471805599453,-0.6931471805599453,0.0,0.6931471805599453,0.0,0.0,0.0,0.0,0.0,0.0,0.0,0.0,0.0,0.0,0.0,0.0,0.0,0.0,0.0,0.0,0.0,0.0,0.0,0.0,-0.6931471805599453,0.0,0.0,0.0,0.0,-0.6931471805599453,-0.6931471805599453,0.0,0.0,0.0,0.0,0.0,0.0,0.0,-0.6931471805599453,0.0,0.0,0.0,0.0,0.0,0.0,0.0,0.6931471805599453,0.0,0.0,0.0,0.0,0.0,1.265073341438434,0.0,0.6931471805599453,0.0,0.0,0.0,-0.3953127366441464,-0.6931471805599453,0.0,0.0,0.0,-0.6931471805599453,0.0,0.0,0.0
6.372363747448347,0.2973629040733618,CCOC(=O)c1ccc2c(c1)c(-c1cccc(S(=O)(=O)N(C)C)c1)c(C)n2C/C(F)=C/CN,0.6812318738309034,0.0,0.0,0.0,0.0,0.6931471805599453,0.0,0.6931471805599453,0.0,0.0,0.0,0.0,0.0,0.0,0.0,0.0,0.0,0.6931471805599453,0.0,0.04310361744086199,0.0,0.0,0.0,0.0,0.0,0.6931471805599453,0.0,0.0,0.0,0.0,0.0,0.6931471805599453,0.0,0.0,0.0,0.0,0.0,0.0,-0.6931471805599453,-0.5376983728162604,-0.5370004781028717,0.0,0.0,-0.48373020300112074,0.0,0.0,0.0,0.0,0.0,0.0,0.7494774370026654,0.0,0.0,0.0,0.6931471805599453,0.6931471805599453,0.0,-0.6931471805599453,0.6931471805599453,0.0,0.0,0.0,-0.6931471805599453,-0.6931471805599453,0.0,0.0,0.6931471805599453,0.0,-0.6931471805599453,0.0,0.0,0.0,0.0,0.0,0.0,0.0,0.0,0.0,0.0,0.0,-0.6931471805599453,0.0,0.0,0.0,0.0,0.0,0.0,0.0,0.0,-0.6931471805599453,0.0,0.0,0.0,0.0,0.0,0.0,0.0,0.0,0.0,-0.6931471805599453,0.0,0.0,0.0,0.0,0.0,0.0,0.0,0.6931471805599453,0.0,0.0,0.0,0.0,0.0,-0.6931471805599453,0.0,0.0,0.0,-0.6931471805599453,0.0,0.6931471805599453,0.0,0.0,0.6931471805599453,0.0,0.0,0.0,0.0,0.0,0.0,0.0,0.0,0.0,0.0,0.0,0.0,0.0,0.0,0.0,0.0,0.0,0.0,0.0,0.0,-0.6931471805599453,0.0,0.0,0.0,0.0,-0.6931471805599453,0.0,0.0,0.0,0.0,-0.6931471805599453,0.0,0.0,0.0,-0.6931471805599453,0.0,0.0,0.0,0.0,0.0,0.0,0.0,0.6931471805599453,0.0,0.0,0.0,0.0,0.0,0.9844354595884567,0.0,0.6931471805599453,0.0,0.0,0.0,-0.2291858657701724,0.0,0.0,0.0,0.0,-0.6931471805599453,0.0,0.0,0.0
6.372363747448347,0.2973629040733618,Cc1c(-c2c(C)n(C/C(F)=C/CN)c3ccc(C(=O)O)cc23)cccc1S(=O)(=O)N(C)C,0.6812318738309034,0.0,0.0,0.0,0.0,0.6931471805599453,0.0,0.6931471805599453,0.0,0.0,0.0,0.0,0.0,0.0,0.0,0.0,0.0,0.6931471805599453,0.0,0.04310361744086199,0.0,0.0,0.0,0.0,0.0,0.6931471805599453,0.0,0.0,0.0,0.0,0.0,0.0,0.0,0.0,0.0,0.0,0.0,0.0,-0.6931471805599453,-0.4962877861005866,-0.536159742306441,0.0,0.0,-0.4833263028879634,0.0,0.0,0.0,0.0,0.0,0.0,0.7337042393255712,0.0,0.0,0.0,0.6931471805599453,0.6931471805599453,0.0,-0.6931471805599453,0.6931471805599453,0.0,0.0,0.0,-0.6931471805599453,-0.6931471805599453,0.0,0.0,0.6931471805599453,0.0,-0.6931471805599453,0.0,0.0,0.0,0.0,-0.6931471805599453,0.0,0.0,0.0,-0.6931471805599453,0.0,0.0,-0.6931471805599453,0.0,0.0,0.0,0.0,0.0,0.0,0.0,0.0,-0.6931471805599453,0.0,0.0,0.0,0.0,0.0,0.0,0.0,0.0,0.0,-0.6931471805599453,0.0,0.0,0.0,0.0,0.0,0.0,0.0,0.0,0.0,0.0,0.0,0.0,0.0,-0.6931471805599453,0.0,0.0,0.0,-0.6931471805599453,0.0,0.6931471805599453,-0.6931471805599453,0.0,0.6931471805599453,0.0,0.0,0.0,0.0,0.0,0.0,0.0,0.0,0.0,0.0,0.0,0.0,0.0,0.0,0.0,0.0,0.0,0.0,0.0,0.0,0.0,0.0,0.0,0.0,0.0,-0.6931471805599453,-0.6931471805599453,0.0,0.0,0.0,-0.6931471805599453,0.0,0.0,0.0,-0.6931471805599453,0.0,0.0,0.0,0.0,0.0,0.0,0.0,0.6931471805599453,0.0,0.0,0.0,0.0,0.0,1.005803793994155,0.0,0.6931471805599453,0.0,0.0,0.0,-0.80077784475231,-0.6931471805599453,0.0,0.0,0.0,-0.6931471805599453,0.0,0.0,0.0
6.372363747448347,0.2973629040733618,Cc1c(-c2cccc(S(C)(=O)=O)c2)c2cc(C(=O)O)ccc2n1C/C(F)=C/CN,0.6812318738309034,0.0,0.0,0.0,0.0,0.6931471805599453,0.0,0.6931471805599453,0.0,0.0,0.0,0.0,0.0,0.0,0.0,0.0,0.0,0.6931471805599453,0.0,0.04310361744086199,0.0,0.0,0.0,0.0,0.0,0.6931471805599453,0.0,0.0,0.0,0.0,0.0,0.6931471805599453,0.0,0.0,0.0,0.0,0.0,0.0,-0.6931471805599453,-0.5376983728162604,-0.5370004781028717,0.0,0.0,-0.48373020300112074,0.0,0.0,0.0,0.0,0.0,0.0,0.813135288774643,0.0,0.0,0.0,0.6931471805599453,0.6931471805599453,0.0,-0.6931471805599453,0.6931471805599453,0.0,0.0,0.0,-0.6931471805599453,-0.6931471805599453,0.0,0.0,0.6931471805599453,0.0,-0.6931471805599453,0.0,0.0,0.0,0.0,-0.6931471805599453,0.0,0.0,0.0,-0.6931471805599453,0.0,0.0,-0.6931471805599453,0.0,0.0,0.0,0.0,0.0,0.0,0.0,0.0,-0.6931471805599453,0.0,0.0,0.0,0.0,0.0,0.0,0.0,0.0,0.0,-0.6931471805599453,0.0,0.0,0.0,0.0,0.0,0.0,0.0,0.6931471805599453,0.0,0.0,0.0,0.0,0.0,-0.6931471805599453,0.0,0.0,0.0,-0.6931471805599453,0.0,0.6931471805599453,-0.6931471805599453,0.0,0.6931471805599453,0.0,0.0,0.0,0.0,0.0,0.0,0.0,0.0,0.0,0.0,0.0,0.0,0.0,0.0,0.0,0.0,0.0,0.0,0.0,0.0,-0.6931471805599453,0.0,0.0,0.0,0.0,-0.6931471805599453,-0.6931471805599453,0.0,0.0,0.0,-0.6931471805599453,0.0,0.0,0.0,-0.6931471805599453,0.0,0.0,0.0,0.0,0.0,0.0,0.0,0.6931471805599453,0.0,0.0,0.0,0.0,0.0,1.2552371965617213,0.0,0.6931471805599453,0.0,0.0,0.0,-0.29898162770571435,-0.6931471805599453,0.0,0.0,0.0,-0.6931471805599453,0.0,0.0,0.0
6.372363747448347,0.2973629040733618,CCOC(=O)c1ccc2c(c1)c(-c1cccc(C(=O)N(C)C)c1)c(C)n2C/C(F)=C/CN,0.6812318738309034,0.0,0.0,0.0,0.0,0.6931471805599453,0.0,0.6931471805599453,0.0,0.0,0.0,0.0,0.0,0.0,0.0,0.0,0.0,0.6931471805599453,0.0,0.04310361744086199,0.0,0.0,0.0,0.0,0.0,0.6931471805599453,0.0,0.0,0.0,0.0,0.0,0.6931471805599453,0.0,0.0,0.0,0.0,0.0,0.0,-0.6931471805599453,-0.4113369995599992,-0.5370004781028717,0.0,0.0,-0.48373020300112074,0.0,0.0,0.0,0.0,0.0,0.0,0.18121719445090165,0.0,0.0,0.0,0.6931471805599453,0.6931471805599453,0.0,-0.6931471805599453,0.6931471805599453,0.0,0.0,0.0,-0.6931471805599453,-0.6931471805599453,0.0,0.0,0.6931471805599453,0.0,-0.6931471805599453,0.0,0.0,0.0,0.0,0.0,0.0,0.0,0.0,0.0,0.0,0.0,-0.6931471805599453,0.0,0.0,0.0,0.0,0.0,0.0,0.0,0.0,-0.6931471805599453,0.0,0.0,0.0,0.0,0.0,0.0,0.0,0.0,0.0,-0.6931471805599453,0.0,0.0,0.0,0.0,0.0,0.0,0.0,0.6931471805599453,0.0,0.0,0.0,0.0,0.0,-0.6931471805599453,0.0,0.0,0.0,-0.6931471805599453,0.0,0.6931471805599453,0.0,0.0,0.6931471805599453,0.0,0.0,0.0,0.0,0.0,0.0,0.0,0.0,0.0,0.0,0.0,0.0,0.0,0.0,0.0,0.0,0.0,0.0,0.0,0.0,-0.6931471805599453,0.0,0.0,0.0,0.0,-0.6931471805599453,0.0,0.0,0.0,0.0,-0.6931471805599453,0.0,0.0,0.0,-0.6931471805599453,0.0,0.0,0.0,0.0,0.0,0.0,0.0,0.6931471805599453,0.0,0.0,0.0,0.0,0.0,0.9930376631711199,0.0,0.6931471805599453,0.0,0.0,0.0,-0.7731898882334809,0.0,0.0,0.0,0.0,-0.6931471805599453,0.0,0.0,0.0
6.372363747448347,0.2973629040733618,Cc1c(-c2cccc(C(=O)N(C)C)c2)c2cc(C(=O)O)ccc2n1C/C(F)=C/CN,0.6812318738309034,0.0,0.0,0.0,0.0,0.6931471805599453,0.0,0.6931471805599453,0.0,0.0,0.0,0.0,0.0,0.0,0.0,0.0,0.0,0.6931471805599453,0.0,0.04310361744086199,0.0,0.0,0.0,0.0,0.0,0.6931471805599453,0.0,0.0,0.0,0.0,0.0,0.6931471805599453,0.0,0.0,0.0,0.0,0.0,0.0,-0.6931471805599453,-0.5376983728162604,-0.5370004781028717,0.0,0.0,-0.3492961398397757,0.0,0.0,0.0,0.0,0.0,0.0,0.24541035208996156,0.0,0.0,0.0,0.6931471805599453,0.6931471805599453,0.0,-0.6931471805599453,0.6931471805599453,0.0,0.0,0.0,-0.6931471805599453,-0.6931471805599453,0.0,0.0,0.6931471805599453,0.0,-0.6931471805599453,0.0,0.0,0.0,0.0,-0.6931471805599453,0.0,0.0,0.0,-0.6931471805599453,0.0,0.0,-0.6931471805599453,0.0,0.0,0.0,0.0,0.0,0.0,0.0,0.0,-0.6931471805599453,0.0,0.0,0.0,0.0,0.0,0.0,0.0,0.0,0.0,-0.6931471805599453,0.0,0.0,0.0,0.0,0.0,0.0,0.0,0.6931471805599453,0.0,0.0,0.0,0.0,0.0,-0.6931471805599453,0.0,0.0,0.0,-0.6931471805599453,0.0,0.6931471805599453,-0.6931471805599453,0.0,0.6931471805599453,0.0,0.0,0.0,0.0,0.0,0.0,0.0,0.0,0.0,0.0,0.0,0.0,0.0,0.0,0.0,0.0,0.0,0.0,0.0,0.0,-0.6931471805599453,0.0,0.0,0.0,0.0,-0.6931471805599453,-0.6931471805599453,0.0,0.0,0.0,-0.6931471805599453,0.0,0.0,0.0,-0.6931471805599453,0.0,0.0,0.0,0.0,0.0,0.0,0.0,0.6931471805599453,0.0,0.0,0.0,0.0,0.0,1.1905888396285536,0.0,0.6931471805599453,0.0,0.0,0.0,-0.904095458780336,-0.6931471805599453,0.0,0.0,0.0,-0.6931471805599453,0.0,0.0,0.0
6.372363747448347,0.2973629040733618,CCOC(=O)c1ccc2c(c1)c(-c1cccc(S(C)(=O)=O)c1)c(C)n2C/C(F)=C/CN,0.6812318738309034,0.0,0.0,0.0,0.0,0.6931471805599453,0.0,0.6931471805599453,0.0,0.0,0.0,0.0,0.0,0.0,0.0,0.0,0.0,0.6931471805599453,0.0,0.04310361744086199,0.0,0.0,0.0,0.0,0.0,0.6931471805599453,0.0,0.0,0.0,0.0,0.0,0.6931471805599453,0.0,0.0,0.0,0.0,0.0,0.0,-0.6931471805599453,-0.5376983728162604,-0.5370004781028717,0.0,0.0,-0.48362924326573636,0.0,0.0,0.0,0.0,0.0,0.0,0.7711501119015617,0.0,0.0,0.0,0.6931471805599453,0.6931471805599453,0.0,-0.6931471805599453,0.6931471805599453,0.0,0.0,0.0,-0.6931471805599453,-0.6931471805599453,0.0,0.0,0.6931471805599453,0.0,-0.6931471805599453,0.0,0.0,0.0,0.0,0.0,0.0,0.0,0.0,0.0,0.0,0.0,-0.6931471805599453,0.0,0.0,0.0,0.0,0.0,0.0,0.0,0.0,-0.6931471805599453,0.0,0.0,0.0,0.0,0.0,0.0,0.0,0.0,0.0,-0.6931471805599453,0.0,0.0,0.0,0.0,0.0,0.0,0.0,0.6931471805599453,0.0,0.0,0.0,0.0,0.0,-0.6931471805599453,0.0,0.0,0.0,-0.6931471805599453,0.0,0.6931471805599453,0.0,0.0,0.6931471805599453,0.0,0.0,0.0,0.0,0.0,0.0,0.0,0.0,0.0,0.0,0.0,0.0,0.0,0.0,0.0,0.0,0.0,0.0,0.0,0.0,-0.6931471805599453,0.0,0.0,0.0,0.0,-0.6931471805599453,0.0,0.0,0.0,0.0,-0.6931471805599453,0.0,0.0,0.0,-0.6931471805599453,0.0,0.0,0.0,0.0,0.0,0.0,0.0,0.6931471805599453,0.0,0.0,0.0,0.0,0.0,1.051266168070913,0.0,0.6931471805599453,0.0,0.0,0.0,-0.1278333715098849,0.0,0.0,0.0,0.0,-0.6931471805599453,0.0,0.0,0.0
6.372363747448347,0.2973629040733618,CNS(=O)(=O)c1cccc(-c2c(C)n(C/C(F)=C/CN)c3ccc(C(=O)O)cc23)c1,0.6812318738309034,0.0,0.0,0.0,0.0,0.6931471805599453,0.0,0.6931471805599453,0.0,0.0,0.0,0.0,0.0,0.0,0.0,0.0,0.0,0.6931471805599453,0.0,0.04310361744086199,0.0,0.0,0.0,0.0,0.0,0.6931471805599453,0.0,0.0,0.0,0.0,0.0,0.6931471805599453,0.0,0.0,0.0,0.0,0.0,0.0,-0.6931471805599453,-0.5376983728162604,-0.5370004781028717,0.0,0.0,-0.48342729321121675,0.0,0.0,0.0,0.0,0.0,0.0,0.8087202705655264,0.0,0.0,0.0,0.6931471805599453,0.6931471805599453,0.0,-0.6931471805599453,0.6931471805599453,0.0,0.0,0.0,-0.6931471805599453,-0.6931471805599453,0.0,0.0,0.6931471805599453,0.0,-0.6931471805599453,0.0,0.0,0.0,0.0,-0.6931471805599453,0.0,0.0,0.0,-0.6931471805599453,0.0,0.0,-0.6931471805599453,0.0,0.0,0.0,0.0,0.0,0.0,0.0,0.0,-0.6931471805599453,0.0,0.0,0.0,0.0,0.0,0.0,0.0,0.0,0.0,-0.6931471805599453,0.0,0.0,0.0,0.0,0.0,0.0,0.0,0.6931471805599453,0.0,0.0,0.0,0.0,0.0,-0.6931471805599453,0.0,0.0,0.0,-0.6931471805599453,0.0,0.6931471805599453,-0.6931471805599453,0.0,0.6931471805599453,0.0,0.0,0.0,0.0,0.0,0.0,0.0,0.0,0.0,0.0,0.0,0.0,0.0,0.0,0.0,0.0,0.0,0.0,0.0,0.0,-0.6931471805599453,0.0,0.0,0.0,0.0,-0.6931471805599453,-0.6931471805599453,0.0,0.0,0.0,-0.6931471805599453,0.0,0.0,0.0,-0.6931471805599453,0.0,0.0,0.0,0.0,0.0,0.0,0.0,0.6931471805599453,0.0,0.0,0.0,0.0,0.0,1.2585266732121196,0.0,0.6931471805599453,0.0,0.0,0.0,0.7230001437096257,-0.6931471805599453,0.0,0.0,0.0,-0.6931471805599453,0.0,0.0,0.0
6.372363747448347,0.2973629040733618,CCOC(=O)c1ccc2c(c1)c(-c1cc(S(=O)(=O)N(C)C)ccc1C)c(C)n2C/C(F)=C/CN,0.6812318738309034,0.0,0.0,0.0,0.0,0.6931471805599453,0.0,0.6931471805599453,0.0,0.0,0.0,0.0,0.0,0.0,0.0,0.0,0.0,0.6931471805599453,0.0,0.04310361744086199,0.0,0.0,0.0,0.0,0.0,0.6931471805599453,0.0,0.0,0.0,0.0,0.0,0.0,0.0,0.0,0.0,0.0,0.0,0.0,-0.6931471805599453,-0.5376983728162604,-0.5370004781028717,0.0,0.0,-0.48373020300112074,0.0,0.0,0.0,0.0,0.0,0.0,0.6387119740049285,0.0,0.0,0.0,0.6931471805599453,0.6931471805599453,0.0,-0.6931471805599453,0.6931471805599453,0.0,0.0,0.0,0.0,-0.6931471805599453,0.0,0.0,0.6931471805599453,0.0,-0.6931471805599453,0.0,0.0,0.0,0.0,0.0,0.0,0.0,0.0,0.0,0.0,0.0,-0.6931471805599453,0.0,0.0,0.0,0.0,0.0,0.0,0.0,0.0,-0.6931471805599453,0.0,0.0,0.0,0.0,0.0,0.0,0.0,0.0,0.0,-0.6931471805599453,0.0,0.0,0.0,0.0,0.0,0.0,0.0,0.0,0.0,0.0,0.0,0.0,0.0,-0.6931471805599453,0.0,0.0,0.0,-0.6931471805599453,0.0,0.6931471805599453,0.0,0.0,0.6931471805599453,0.0,0.0,0.0,0.0,0.0,0.0,0.0,0.0,0.0,0.0,0.0,0.0,0.0,0.0,0.0,0.0,0.0,0.0,0.0,0.0,0.0,0.0,0.0,0.0,0.0,-0.6931471805599453,0.0,0.0,0.0,0.0,-0.6931471805599453,0.0,0.0,0.0,-0.6931471805599453,0.0,0.0,0.0,0.0,0.0,0.0,0.0,0.6931471805599453,0.0,0.0,0.0,0.0,0.0,0.567020182109634,0.0,0.6931471805599453,0.0,0.0,0.0,-0.34294475112683037,0.0,0.0,0.0,0.0,-0.6931471805599453,0.0,0.0,0.0
6.372363747448347,0.2973629040733618,Cc1ccc(S(=O)(=O)N(C)C)cc1-c1c(C)n(C/C(F)=C/CN)c2ccc(C(=O)O)cc12,0.6812318738309034,0.0,0.0,0.0,0.0,0.6931471805599453,0.0,0.6931471805599453,0.0,0.0,0.0,0.0,0.0,0.0,0.0,0.0,0.0,0.6931471805599453,0.0,0.04310361744086199,0.0,0.0,0.0,0.0,0.0,0.6931471805599453,0.0,0.0,0.0,0.0,0.0,0.0,0.0,0.0,0.0,0.0,0.0,0.0,-0.6931471805599453,-0.5376983728162604,-0.5370004781028717,0.0,0.0,-0.48373020300112074,0.0,0.0,0.0,0.0,0.0,0.0,0.6679991662767172,0.0,0.0,0.0,0.6931471805599453,0.6931471805599453,0.0,-0.6931471805599453,0.6931471805599453,0.0,0.0,0.0,0.0,-0.6931471805599453,0.0,0.0,0.6931471805599453,0.0,-0.6931471805599453,0.0,0.0,0.0,0.0,-0.6931471805599453,0.0,0.0,0.0,-0.6931471805599453,0.0,0.0,-0.6931471805599453,0.0,0.0,0.0,0.0,0.0,0.0,0.0,0.0,-0.6931471805599453,0.0,0.0,0.0,0.0,0.0,0.0,0.0,0.0,0.0,-0.6931471805599453,0.0,0.0,0.0,0.0,0.0,0.0,0.0,0.0,0.0,0.0,0.0,0.0,0.0,-0.6931471805599453,0.0,0.0,0.0,-0.6931471805599453,0.0,0.6931471805599453,-0.6931471805599453,0.0,0.6931471805599453,0.0,0.0,0.0,0.0,0.0,0.0,0.0,0.0,0.0,0.0,0.0,0.0,0.0,0.0,0.0,0.0,0.0,0.0,0.0,0.0,0.0,0.0,0.0,0.0,0.0,-0.6931471805599453,-0.6931471805599453,0.0,0.0,0.0,-0.6931471805599453,0.0,0.0,0.0,-0.6931471805599453,0.0,0.0,0.0,0.0,0.0,0.0,0.0,0.6931471805599453,0.0,0.0,0.0,0.0,0.0,0.7895077806289238,0.0,0.6931471805599453,0.0,0.0,0.0,-0.5016931402027182,-0.6931471805599453,0.0,0.0,0.0,-0.6931471805599453,0.0,0.0,0.0
6.372363747448347,0.2973629040733618,Cc1c(-c2cccc(S(=O)(=O)N(C)C)c2)c2cc(C(=O)O)c(F)cc2n1C/C(F)=C/CN,0.6812318738309034,0.0,0.0,0.0,0.0,0.6931471805599453,0.0,0.6931471805599453,0.0,0.0,0.0,0.0,0.0,0.0,0.0,0.0,0.0,0.6931471805599453,0.0,0.04310361744086199,0.0,0.0,0.0,0.0,0.0,0.6931471805599453,0.0,0.0,0.0,0.0,0.0,0.6931471805599453,0.0,0.0,0.0,0.0,0.0,0.0,-0.6931471805599453,-0.5376983728162604,-0.5370004781028717,0.0,0.0,-0.48373020300112074,0.0,0.0,0.0,0.0,0.0,0.0,0.7726803340823295,0.0,0.0,0.0,0.6931471805599453,0.6931471805599453,0.0,-0.6931471805599453,0.6931471805599453,0.0,0.0,0.0,-0.6931471805599453,-0.6931471805599453,0.0,0.0,0.6931471805599453,0.0,-0.6931471805599453,0.0,0.0,0.0,0.0,-0.6931471805599453,0.0,0.0,0.0,-0.6931471805599453,0.0,0.0,-0.6931471805599453,0.0,0.0,0.0,0.0,0.0,0.0,0.0,0.0,-0.6931471805599453,0.0,0.0,0.0,0.0,0.0,0.0,0.0,0.0,0.0,-0.6931471805599453,0.0,0.0,0.0,0.0,0.0,0.0,0.0,0.6931471805599453,0.0,0.0,0.0,0.0,0.0,-0.6931471805599453,0.0,0.0,0.0,-0.6931471805599453,0.0,0.6931471805599453,-0.6931471805599453,0.0,0.6931471805599453,0.0,0.0,0.0,0.0,0.0,0.0,0.0,0.0,0.0,0.0,0.0,0.0,0.0,0.0,0.0,0.0,0.0,0.0,0.0,0.0,-0.6931471805599453,0.0,0.0,0.0,0.0,0.0,-0.6931471805599453,0.0,0.0,0.0,-0.6931471805599453,0.0,0.0,0.0,-0.6931471805599453,0.0,0.0,0.0,0.0,0.0,0.0,0.0,0.6931471805599453,0.0,0.0,0.0,0.0,0.0,0.9757586155627677,0.0,0.6931471805599453,0.0,0.0,0.0,-0.4254657748148339,-0.6931471805599453,0.0,0.0,0.0,-0.6931471805599453,0.0,0.0,0.0
6.372363747448347,0.2973629040733618,CCOC(=O)c1cc2c(-c3cccc(S(=O)(=O)N(C)C)c3)c(C)n(C/C(F)=C/CN)c2cc1F,0.6812318738309034,0.0,0.0,0.0,0.0,0.6931471805599453,0.0,0.6931471805599453,0.0,0.0,0.0,0.0,0.0,0.0,0.0,0.0,0.0,0.6931471805599453,0.0,0.04310361744086199,0.0,0.0,0.0,0.0,0.0,0.6931471805599453,0.0,0.0,0.0,0.0,0.0,0.6931471805599453,0.0,0.0,0.0,0.0,0.0,0.0,-0.6931471805599453,-0.5376983728162604,-0.5370004781028717,0.0,0.0,-0.48373020300112074,0.0,0.0,0.0,0.0,0.0,0.0,0.746342638197294,0.0,0.0,0.0,0.6931471805599453,0.6931471805599453,0.0,-0.6931471805599453,0.6931471805599453,0.0,0.0,0.0,-0.6931471805599453,-0.6931471805599453,0.0,0.0,0.6931471805599453,0.0,-0.6931471805599453,0.0,0.0,0.0,0.0,0.0,0.0,0.0,0.0,0.0,0.0,0.0,-0.6931471805599453,0.0,0.0,0.0,0.0,0.0,0.0,0.0,0.0,-0.6931471805599453,0.0,0.0,0.0,0.0,0.0,0.0,0.0,0.0,0.0,-0.6931471805599453,0.0,0.0,0.0,0.0,0.0,0.0,0.0,0.6931471805599453,0.0,0.0,0.0,0.0,0.0,-0.6931471805599453,0.0,0.0,0.0,-0.6931471805599453,0.0,0.6931471805599453,0.0,0.0,0.6931471805599453,0.0,0.0,0.0,0.0,0.0,0.0,0.0,0.0,0.0,0.0,0.0,0.0,0.0,0.0,0.0,0.0,0.0,0.0,0.0,0.0,-0.6931471805599453,0.0,0.0,0.0,0.0,0.0,0.0,0.0,0.0,0.0,-0.6931471805599453,0.0,0.0,0.0,-0.6931471805599453,0.0,0.0,0.0,0.0,0.0,0.0,0.0,0.6931471805599453,0.0,0.0,0.0,0.0,0.0,0.7466057590847143,0.0,0.6931471805599453,0.0,0.0,0.0,-0.29898162770571435,0.0,0.0,0.0,0.0,-0.6931471805599453,0.0,0.0,0.0
6.372363747448347,0.2973629040733618,Cc1c(-c2ccc(F)cc2)c2cc(C(=O)O)ccc2n1C/C(F)=C/CN,0.6812318738309034,0.0,0.0,0.0,0.0,0.6931471805599453,0.0,0.6931471805599453,0.0,0.0,0.0,0.0,0.0,0.0,0.0,0.0,0.0,0.6931471805599453,0.0,0.04310361744086199,0.0,0.0,0.0,0.0,0.0,0.6931471805599453,0.0,0.0,0.0,0.0,0.0,0.6931471805599453,0.0,0.0,0.0,0.0,0.0,0.0,-0.6931471805599453,-0.5376983728162604,-0.5370004781028717,0.0,0.0,-0.48373020300112074,0.0,0.0,0.0,0.0,0.0,0.0,0.2909878605862805,0.0,0.0,0.0,0.6931471805599453,0.6931471805599453,0.0,-0.6931471805599453,0.6931471805599453,0.0,0.0,0.0,-0.6931471805599453,-0.6931471805599453,0.0,0.0,0.6931471805599453,0.0,-0.6931471805599453,0.0,0.0,0.0,0.0,-0.6931471805599453,0.0,0.0,0.0,-0.6931471805599453,0.0,0.0,-0.6931471805599453,0.0,0.0,0.0,0.0,0.0,0.0,0.0,0.0,-0.6931471805599453,0.0,0.0,0.0,0.0,0.0,0.0,0.0,0.0,0.0,-0.6931471805599453,0.0,0.0,0.0,0.0,0.0,0.0,0.0,0.6931471805599453,0.0,0.0,0.0,0.0,0.0,-0.6931471805599453,0.0,0.0,0.0,-0.6931471805599453,0.0,0.6931471805599453,-0.6931471805599453,0.0,0.6931471805599453,0.0,0.0,0.0,0.0,0.0,0.0,0.0,0.0,0.0,0.0,0.0,0.0,0.0,0.0,0.0,0.0,0.0,0.0,0.0,0.0,-0.6931471805599453,0.0,0.0,0.0,0.0,0.0,-0.6931471805599453,0.0,0.0,0.0,-0.6931471805599453,0.0,0.0,0.0,-0.6931471805599453,0.0,0.0,0.0,0.0,0.0,0.0,0.0,0.6931471805599453,0.0,0.0,0.0,0.0,0.0,1.6393973129107184,0.0,0.6931471805599453,0.0,0.0,0.0,-0.7303261838016986,-0.6931471805599453,0.0,0.0,0.0,-0.6931471805599453,0.0,0.0,0.0
6.372363747448347,0.2973629040733618,CCOC(=O)c1ccc2c(c1)c(-c1ccc(F)cc1)c(C)n2C/C(F)=C/CN,0.6812318738309034,0.0,0.0,0.0,0.0,0.6931471805599453,0.0,0.6931471805599453,0.0,0.0,0.0,0.0,0.0,0.0,0.0,0.0,0.0,0.6931471805599453,0.0,0.04310361744086199,0.0,0.0,0.0,0.0,0.0,0.6931471805599453,0.0,0.0,0.0,0.0,0.0,0.6931471805599453,0.0,0.0,0.0,0.0,0.0,0.0,-0.6931471805599453,-0.5376983728162604,-0.5370004781028717,0.0,0.0,-0.48373020300112074,0.0,0.0,0.0,0.0,0.0,0.0,0.20307598826340076,0.0,0.0,0.0,0.6931471805599453,0.6931471805599453,0.0,-0.6931471805599453,0.6931471805599453,0.0,0.0,0.0,-0.6931471805599453,-0.6931471805599453,0.0,0.0,0.6931471805599453,0.0,-0.6931471805599453,0.0,0.0,0.0,0.0,0.0,0.0,0.0,0.0,0.0,0.0,0.0,-0.6931471805599453,0.0,0.0,0.0,0.0,0.0,0.0,0.0,0.0,-0.6931471805599453,0.0,0.0,0.0,0.0,0.0,0.0,0.0,0.0,0.0,-0.6931471805599453,0.0,0.0,0.0,0.0,0.0,0.0,0.0,0.6931471805599453,0.0,0.0,0.0,0.0,0.0,-0.6931471805599453,0.0,0.0,0.0,-0.6931471805599453,0.0,0.6931471805599453,0.0,0.0,0.6931471805599453,0.0,0.0,0.0,0.0,0.0,0.0,0.0,0.0,0.0,0.0,0.0,0.0,0.0,0.0,0.0,0.0,0.0,0.0,0.0,0.0,-0.6931471805599453,0.0,0.0,0.0,0.0,0.0,0.0,0.0,0.0,0.0,-0.6931471805599453,0.0,0.0,0.0,-0.6931471805599453,0.0,0.0,0.0,0.0,0.0,0.0,0.0,0.6931471805599453,0.0,0.0,0.0,0.0,0.0,1.4969874540896448,0.0,0.6931471805599453,0.0,0.0,0.0,-0.5978370007556204,0.0,0.0,0.0,0.0,-0.6931471805599453,0.0,0.0,0.0
6.372363747448347,0.2973629040733618,Cc1c(-c2cccc(S(=O)(=O)N(C)C)c2)c2ncccc2n1C/C(F)=C/CN,0.6812318738309034,0.0,0.0,0.0,0.0,0.6931471805599453,0.0,0.6931471805599453,0.0,0.0,0.0,0.0,0.0,0.0,0.0,0.0,0.0,0.6931471805599453,0.0,0.06738304801147778,0.0,0.0,0.0,0.0,0.0,0.6931471805599453,0.0,0.0,0.0,0.0,0.0,0.6931471805599453,0.0,0.0,0.0,0.0,0.0,0.0,-0.6931471805599453,-0.5376983728162604,-0.5370004781028717,0.0,0.0,-0.48373020300112074,0.0,0.0,0.0,0.0,0.0,0.0,0.8880820112396463,0.0,0.0,0.0,0.0,0.6931471805599453,0.0,-0.6931471805599453,0.6931471805599453,0.0,0.0,0.0,-0.6931471805599453,-0.6931471805599453,0.0,0.0,0.6931471805599453,0.0,-0.6931471805599453,0.0,0.0,0.0,0.0,-0.6931471805599453,0.0,0.0,0.0,-0.6931471805599453,0.0,0.0,-0.6931471805599453,0.0,0.0,0.0,0.0,0.0,0.0,0.0,0.0,-0.6931471805599453,0.0,0.0,0.0,0.0,0.0,0.0,0.0,0.0,0.0,-0.6931471805599453,0.0,0.0,0.0,0.0,0.0,0.0,0.0,0.0,0.0,0.0,0.0,0.0,0.0,0.0,0.0,0.0,0.6931471805599453,-0.6931471805599453,0.0,0.6931471805599453,-0.6931471805599453,0.0,0.6931471805599453,0.0,0.0,0.0,0.0,0.0,0.0,0.0,0.0,0.0,0.0,0.0,0.0,0.0,0.0,0.0,0.0,0.0,0.0,0.0,0.0,-0.6931471805599453,0.0,0.0,0.0,0.0,-0.6931471805599453,-0.6931471805599453,0.0,0.0,0.0,-0.6931471805599453,0.0,0.0,0.0,-0.6931471805599453,0.0,0.0,0.0,0.0,0.0,0.0,0.0,0.0,0.0,0.0,0.0,0.0,0.0,0.31476854663735315,0.0,0.0,0.0,0.0,0.0,-0.6545323444321657,0.0,0.0,0.0,0.0,-0.6931471805599453,0.0,0.0,0.0
6.372363747448347,0.2973629040733618,Cc1c(-c2cccc(S(=O)(=O)N(C)C)c2)c2cnccc2n1C/C(F)=C/CN,0.6812318738309034,0.0,0.0,0.0,0.0,0.6931471805599453,0.0,0.6931471805599453,0.0,0.0,0.0,0.0,0.0,0.0,0.0,0.0,0.0,0.6931471805599453,0.0,0.04310361744086199,0.0,0.0,0.0,0.0,0.0,0.6931471805599453,0.0,0.0,0.0,0.0,0.0,0.6931471805599453,0.0,0.0,0.0,0.0,0.0,0.0,-0.6931471805599453,-0.5376983728162604,-0.5370004781028717,0.0,0.0,-0.48373020300112074,0.0,0.0,0.0,0.0,0.0,0.0,0.9903040921729415,0.0,0.0,0.0,0.6931471805599453,0.6931471805599453,0.0,-0.6931471805599453,0.6931471805599453,0.0,0.0,0.0,-0.6931471805599453,-0.6931471805599453,0.0,0.0,0.6931471805599453,0.0,-0.6931471805599453,0.0,0.0,0.0,0.0,-0.6931471805599453,0.0,0.0,0.0,-0.6931471805599453,0.0,0.0,-0.6931471805599453,0.0,0.0,0.0,0.0,0.0,0.0,0.0,0.0,-0.6931471805599453,0.0,0.0,0.0,0.0,0.0,0.0,0.0,0.0,0.0,-0.6931471805599453,0.0,0.0,0.0,0.0,0.0,0.0,0.0,0.6931471805599453,0.0,0.0,0.0,0.0,0.0,-0.6931471805599453,0.0,0.0,0.0,-0.6931471805599453,0.0,0.6931471805599453,-0.6931471805599453,0.0,0.6931471805599453,0.0,0.0,0.0,0.0,0.0,0.0,0.0,0.0,0.0,0.0,0.0,0.0,0.0,0.0,0.0,0.0,0.0,0.0,0.0,0.0,-0.6931471805599453,0.0,0.0,0.0,0.0,-0.6931471805599453,-0.6931471805599453,0.0,0.0,0.0,-0.6931471805599453,0.0,0.0,0.0,-0.6931471805599453,0.0,0.0,0.0,0.0,0.0,0.0,0.0,0.6931471805599453,0.0,0.0,0.0,0.0,0.0,0.8154159654875881,0.0,0.6931471805599453,0.0,0.0,0.0,-0.4924764850977941,-0.6931471805599453,0.0,0.0,0.0,-0.6931471805599453,0.0,0.0,0.0
6.372363747448347,0.2973629040733618,CCOC(=O)c1ccc2c(c1)c(-c1cccc(Cl)c1)c(C)n2C/C(F)=C/CN,0.6812318738309034,0.0,0.0,0.0,0.0,0.6931471805599453,0.0,0.6931471805599453,0.0,0.0,0.0,0.0,0.0,0.0,0.0,0.0,0.0,0.6931471805599453,0.0,0.04310361744086199,0.0,0.0,0.0,0.0,0.0,0.6931471805599453,0.0,0.0,0.0,0.0,0.0,0.6931471805599453,0.0,0.0,0.0,0.0,0.0,0.0,-0.6931471805599453,-0.5376983728162604,-0.5370004781028717,0.0,0.0,-0.48373020300112074,0.0,0.0,0.0,0.0,0.0,0.0,0.818991820887356,0.0,0.0,0.0,0.6931471805599453,0.6931471805599453,0.0,-0.6931471805599453,0.6931471805599453,0.0,0.0,0.0,-0.6931471805599453,-0.6931471805599453,0.0,0.0,0.6931471805599453,0.0,-0.6931471805599453,0.0,0.0,0.0,0.0,0.0,0.0,0.0,0.0,0.0,0.0,0.0,-0.6931471805599453,0.0,0.0,0.0,0.0,0.0,0.0,0.0,0.0,-0.6931471805599453,0.0,0.0,0.0,0.0,0.0,0.0,0.0,0.0,0.0,-0.6931471805599453,0.0,0.0,0.0,0.0,0.0,0.0,0.0,0.6931471805599453,0.0,0.0,0.0,0.0,0.0,-0.6931471805599453,0.0,0.0,0.0,-0.6931471805599453,0.0,0.6931471805599453,0.0,0.0,0.6931471805599453,0.0,0.0,0.0,0.0,0.0,0.0,0.0,0.0,0.0,0.0,0.0,0.0,0.0,0.0,0.0,0.0,0.0,0.0,0.0,0.0,-0.6931471805599453,0.0,0.0,0.0,0.0,-0.6931471805599453,0.0,0.0,0.0,0.0,-0.6931471805599453,0.0,0.0,0.0,-0.6931471805599453,0.0,0.0,0.0,0.0,0.0,0.0,0.0,0.6931471805599453,0.0,0.0,0.0,0.0,0.0,1.5375506829207863,0.0,0.6931471805599453,0.0,0.0,0.0,-0.3850562364769573,0.0,0.0,0.0,0.0,-0.6931471805599453,0.0,0.0,0.0
6.372363747448347,0.2973629040733618,Cc1c(-c2cccc(Cl)c2)c2cc(C(=O)O)ccc2n1C/C(F)=C/CN,0.6812318738309034,0.0,0.0,0.0,0.0,0.6931471805599453,0.0,0.6931471805599453,0.0,0.0,0.0,0.0,0.0,0.0,0.0,0.0,0.0,0.6931471805599453,0.0,0.04310361744086199,0.0,0.0,0.0,0.0,0.0,0.6931471805599453,0.0,0.0,0.0,0.0,0.0,0.6931471805599453,0.0,0.0,0.0,0.0,0.0,0.0,-0.6931471805599453,-0.5376983728162604,-0.5370004781028717,0.0,0.0,-0.48373020300112074,0.0,0.0,0.0,0.0,0.0,0.0,0.8632531495857763,0.0,0.0,0.0,0.6931471805599453,0.6931471805599453,0.0,-0.6931471805599453,0.6931471805599453,0.0,0.0,0.0,-0.6931471805599453,-0.6931471805599453,0.0,0.0,0.6931471805599453,0.0,-0.6931471805599453,0.0,0.0,0.0,0.0,-0.6931471805599453,0.0,0.0,0.0,-0.6931471805599453,0.0,0.0,-0.6931471805599453,0.0,0.0,0.0,0.0,0.0,0.0,0.0,0.0,-0.6931471805599453,0.0,0.0,0.0,0.0,0.0,0.0,0.0,0.0,0.0,-0.6931471805599453,0.0,0.0,0.0,0.0,0.0,0.0,0.0,0.6931471805599453,0.0,0.0,0.0,0.0,0.0,-0.6931471805599453,0.0,0.0,0.0,-0.6931471805599453,0.0,0.6931471805599453,-0.6931471805599453,0.0,0.6931471805599453,0.0,0.0,0.0,0.0,0.0,0.0,0.0,0.0,0.0,0.0,0.0,0.0,0.0,0.0,0.0,0.0,0.0,0.0,0.0,0.0,-0.6931471805599453,0.0,0.0,0.0,0.0,-0.6931471805599453,-0.6931471805599453,0.0,0.0,0.0,-0.6931471805599453,0.0,0.0,0.0,-0.6931471805599453,0.0,0.0,0.0,0.0,0.0,0.0,0.0,0.6931471805599453,0.0,0.0,0.0,0.0,0.0,1.6393973129107184,0.0,0.6931471805599453,0.0,0.0,0.0,-0.5894687510851038,-0.6931471805599453,0.0,0.0,0.0,-0.6931471805599453,0.0,0.0,0.0
6.372363747448347,0.2973629040733618,Cc1c(-c2cccc(S(=O)(=O)N(C)C)c2)c2cc(-c3nn[nH]n3)ccc2n1C/C(F)=C/CN,1.3972027476884208,0.0,0.0,0.0,0.0,0.6931471805599453,0.0,0.6931471805599453,0.0,0.0,0.0,0.0,0.0,0.0,0.0,0.0,0.0,0.6931471805599453,0.0,1.1889155518423267,0.0,0.0,0.0,0.0,0.0,0.6931471805599453,0.0,0.0,0.0,0.0,0.0,0.6931471805599453,0.0,0.0,0.0,0.0,0.0,0.0,-0.6931471805599453,-0.5376983728162604,-0.5370004781028717,0.0,0.0,-0.48373020300112074,0.0,0.0,0.0,0.0,0.0,0.0,0.7742082182603826,0.0,0.0,0.0,0.6931471805599453,0.6931471805599453,0.0,-0.6931471805599453,0.6931471805599453,0.0,0.0,0.0,-0.6931471805599453,-0.6931471805599453,0.0,0.0,0.6931471805599453,0.0,-0.6931471805599453,0.0,0.0,0.0,0.0,-0.6931471805599453,0.0,0.0,0.0,-0.6931471805599453,0.0,0.0,-0.6931471805599453,0.0,0.0,0.0,0.0,0.0,0.0,0.0,0.0,-0.6931471805599453,0.0,0.0,0.0,0.0,0.0,0.0,0.0,0.0,0.0,-0.6931471805599453,0.0,0.0,0.0,0.0,0.0,0.0,0.0,0.6931471805599453,0.0,0.0,0.0,0.0,0.0,-0.6931471805599453,0.0,0.0,0.0,-0.6931471805599453,0.0,0.6931471805599453,-0.6931471805599453,0.0,0.6931471805599453,0.0,0.0,0.0,0.0,0.0,0.0,0.0,0.0,0.0,0.0,0.0,0.0,0.0,0.0,0.0,0.0,0.0,0.0,0.0,0.0,-0.6931471805599453,0.0,0.0,0.0,0.0,-0.6931471805599453,-0.6931471805599453,0.0,0.0,0.0,-0.6931471805599453,0.0,0.0,0.0,0.0,0.0,0.0,0.0,0.0,0.0,0.0,0.0,0.6931471805599453,0.0,0.0,0.0,0.0,0.0,0.5131350936146545,0.0,0.6931471805599453,0.0,0.0,0.0,-0.2291858657701724,0.0,0.0,0.0,0.0,-0.6931471805599453,0.0,0.0,0.0
6.372363747448347,0.2973629040733618,CCOC(=O)c1ccc2c(c1)c(-c1cccc(C(C)(C)C)c1)c(C)n2C/C(F)=C/CN,0.6812318738309034,0.0,0.0,0.0,0.0,0.6931471805599453,0.0,0.6931471805599453,0.0,0.0,0.0,0.0,0.0,0.0,0.0,0.0,0.0,0.6931471805599453,0.0,0.04310361744086199,0.0,0.0,0.0,0.0,0.0,0.6931471805599453,0.0,0.0,0.0,0.0,0.0,0.6931471805599453,0.0,0.0,0.0,0.0,0.0,0.0,-0.6931471805599453,-0.5376983728162604,-0.5370004781028717,0.0,0.0,-0.48373020300112074,0.0,0.0,0.0,0.0,0.0,0.0,0.16450371347716106,0.0,0.0,0.0,0.6931471805599453,0.6931471805599453,0.0,-0.6931471805599453,0.6931471805599453,0.0,0.0,0.0,-0.6931471805599453,-0.6931471805599453,0.0,0.0,0.6931471805599453,0.0,-0.6931471805599453,0.0,0.0,0.0,0.0,0.0,0.0,0.0,0.0,0.0,0.0,0.0,-0.6931471805599453,0.0,0.0,0.0,0.0,0.0,0.0,0.0,0.0,-0.6931471805599453,0.0,0.0,0.0,0.0,0.0,0.0,0.0,0.0,0.0,-0.6931471805599453,0.0,0.0,0.0,0.0,0.0,0.0,0.0,0.6931471805599453,0.0,0.0,0.0,0.0,0.0,-0.6931471805599453,0.0,0.0,0.0,-0.6931471805599453,0.0,0.6931471805599453,0.0,0.0,0.6931471805599453,0.0,0.0,0.0,0.0,0.0,0.0,0.0,0.0,0.0,0.0,0.0,0.0,0.0,0.0,0.0,0.0,0.0,0.0,0.0,0.0,-0.6931471805599453,0.0,0.0,0.0,0.0,-0.6931471805599453,0.0,0.0,0.0,0.0,-0.6931471805599453,0.0,0.0,0.0,0.0,0.0,0.0,0.0,0.0,0.0,0.0,0.0,0.6931471805599453,0.0,0.0,0.0,0.0,0.0,0.7947433946828683,0.0,0.6931471805599453,0.0,0.0,0.0,-0.9694005571881028,0.0,0.0,0.0,0.0,-0.6931471805599453,0.0,0.0,0.0
6.372363747448347,0.2973629040733618,Cc1c(-c2cccc(C(C)(C)C)c2)c2cc(C(=O)O)ccc2n1C/C(F)=C/CN,0.6812318738309034,0.0,0.0,0.0,0.0,0.6931471805599453,0.0,0.6931471805599453,0.0,0.0,0.0,0.0,0.0,0.0,0.0,0.0,0.0,0.6931471805599453,0.0,0.04310361744086199,0.0,0.0,0.0,0.0,0.0,0.6931471805599453,0.0,0.0,0.0,0.0,0.0,0.6931471805599453,0.0,0.0,0.0,0.0,0.0,0.0,-0.6931471805599453,-0.5376983728162604,-0.5370004781028717,0.0,0.0,-0.4592027355495721,0.0,0.0,0.0,0.0,0.0,0.0,0.2218181700731414,0.0,0.0,0.0,0.6931471805599453,0.6931471805599453,0.0,-0.6931471805599453,0.6931471805599453,0.0,0.0,0.0,-0.6931471805599453,-0.6931471805599453,0.0,0.0,0.6931471805599453,0.0,-0.6931471805599453,0.0,0.0,0.0,0.0,-0.6931471805599453,0.0,0.0,0.0,-0.6931471805599453,0.0,0.0,-0.6931471805599453,0.0,0.0,0.0,0.0,0.0,0.0,0.0,0.0,-0.6931471805599453,0.0,0.0,0.0,0.0,0.0,0.0,0.0,0.0,0.0,-0.6931471805599453,0.0,0.0,0.0,0.0,0.0,0.0,0.0,0.6931471805599453,0.0,0.0,0.0,0.0,0.0,-0.6931471805599453,0.0,0.0,0.0,-0.6931471805599453,0.0,0.6931471805599453,-0.6931471805599453,0.0,0.6931471805599453,0.0,0.0,0.0,0.0,0.0,0.0,0.0,0.0,0.0,0.0,0.0,0.0,0.0,0.0,0.0,0.0,0.0,0.0,0.0,0.0,-0.6931471805599453,0.0,0.0,0.0,0.0,-0.6931471805599453,-0.6931471805599453,0.0,0.0,0.0,-0.6931471805599453,0.0,0.0,0.0,0.0,0.0,0.0,0.0,0.0,0.0,0.0,0.0,0.6931471805599453,0.0,0.0,0.0,0.0,0.0,0.9713917963964268,0.0,0.6931471805599453,0.0,0.0,0.0,-1.1086626245216105,-0.6931471805599453,0.0,0.0,0.0,-0.6931471805599453,0.0,0.0,0.0
6.372363747448347,0.2973629040733618,Cc1c(-c2cccc(S(=O)(=O)N(C)C)c2)c2ccncc2n1C/C(F)=C/CN,0.6812318738309034,0.0,0.0,0.0,0.0,0.6931471805599453,0.0,0.6931471805599453,0.0,0.0,0.0,0.0,0.0,0.0,0.0,0.0,0.0,0.6931471805599453,0.0,0.04310361744086199,0.0,0.0,0.0,0.0,0.0,0.6931471805599453,0.0,0.0,0.0,0.0,0.0,0.6931471805599453,0.0,0.0,0.0,0.0,0.0,0.0,-0.6931471805599453,-0.5376983728162604,-0.5370004781028717,0.0,0.0,-0.48373020300112074,0.0,0.0,0.0,0.0,0.0,0.0,0.9679150972794628,0.0,0.0,0.0,0.6931471805599453,0.6931471805599453,0.0,-0.6931471805599453,0.6931471805599453,0.0,0.0,0.0,-0.6931471805599453,-0.6931471805599453,0.0,0.0,0.6931471805599453,0.0,-0.6931471805599453,0.0,0.0,0.0,0.0,-0.6931471805599453,0.0,0.0,0.0,-0.6931471805599453,0.0,0.0,-0.6931471805599453,0.0,0.0,0.0,0.0,0.0,0.0,0.0,0.0,-0.6931471805599453,0.0,0.0,0.0,0.0,0.0,0.0,0.0,0.0,0.0,-0.6931471805599453,0.0,0.0,0.0,0.0,0.0,0.0,0.0,0.6931471805599453,0.0,0.0,0.0,0.0,0.0,0.0,0.0,0.0,0.0,-0.6931471805599453,0.0,0.6931471805599453,-0.6931471805599453,0.0,0.6931471805599453,0.0,0.0,0.0,0.0,0.0,0.0,0.0,0.0,0.0,0.0,0.0,0.0,0.0,0.0,0.0,0.0,0.0,0.0,0.0,0.0,-0.6931471805599453,0.0,0.0,0.0,0.0,-0.6931471805599453,-0.6931471805599453,0.0,0.0,0.0,-0.6931471805599453,0.0,0.0,0.0,-0.6931471805599453,0.0,0.0,0.0,0.0,0.0,0.0,0.0,0.6931471805599453,0.0,0.0,0.0,0.0,0.0,1.3003334043949146,0.0,0.6931471805599453,0.0,0.0,0.0,-0.4924764850977941,-0.6931471805599453,0.0,0.0,0.0,-0.6931471805599453,0.0,0.0,0.0
6.372363747448347,0.2973629040733618,CCOC(=O)c1cccc(-c2c(C)n(C/C(F)=C/CN)c3ccc(S(=O)(=O)N(C)C)cc23)c1,0.6812318738309034,0.0,0.0,0.0,0.0,0.6931471805599453,0.0,0.6931471805599453,0.0,0.0,0.0,0.0,0.0,0.0,0.0,0.0,0.0,0.6931471805599453,0.0,0.04310361744086199,0.0,0.0,0.0,0.0,0.0,0.6931471805599453,0.0,0.0,0.0,0.0,0.0,0.6931471805599453,0.0,0.0,0.0,0.0,0.0,0.0,-0.6931471805599453,-0.5357336270838043,-0.5370004781028717,0.0,0.0,-0.4825180129260462,0.0,0.0,0.0,0.0,0.0,0.0,0.7938611561617765,0.0,0.0,0.0,0.6931471805599453,0.6931471805599453,0.0,-0.6931471805599453,0.6931471805599453,0.0,0.0,0.0,-0.6931471805599453,-0.6931471805599453,0.0,0.0,0.6931471805599453,0.0,-0.6931471805599453,0.0,0.0,0.0,0.0,0.0,0.0,0.0,0.0,0.0,0.0,0.0,-0.6931471805599453,0.0,0.0,0.0,0.0,0.0,0.0,0.0,0.0,-0.6931471805599453,0.0,0.0,0.0,0.0,0.0,0.0,0.0,0.0,0.0,-0.6931471805599453,0.0,0.0,0.0,0.0,0.0,0.0,0.0,0.6931471805599453,0.0,0.0,0.0,0.0,0.0,-0.6931471805599453,0.0,0.0,0.0,-0.6931471805599453,0.0,0.6931471805599453,0.0,0.0,0.6931471805599453,0.0,0.0,0.0,0.0,0.0,0.0,0.0,0.0,0.0,0.0,0.0,0.0,0.0,0.0,0.0,0.0,0.0,0.0,0.0,0.0,-0.6931471805599453,0.0,0.0,0.0,0.0,-0.6931471805599453,0.0,0.0,0.0,0.0,-0.6931471805599453,0.0,0.0,0.0,-0.6931471805599453,0.0,0.0,0.0,0.0,0.0,0.0,0.0,0.6931471805599453,0.0,0.0,0.0,0.0,0.0,1.0015664995186404,0.0,0.6931471805599453,0.0,0.0,0.0,-0.2291858657701724,0.0,0.0,0.0,0.0,-0.6931471805599453,0.0,0.0,0.0
6.372363747448347,0.2973629040733618,Cc1c(-c2cccc(C(=O)O)c2)c2cc(S(=O)(=O)N(C)C)ccc2n1C/C(F)=C/CN,0.6812318738309034,0.0,0.0,0.0,0.0,0.6931471805599453,0.0,0.6931471805599453,0.0,0.0,0.0,0.0,0.0,0.0,0.0,0.0,0.0,0.6931471805599453,0.0,0.04310361744086199,0.0,0.0,0.0,0.0,0.0,0.6931471805599453,0.0,0.0,0.0,0.0,0.0,0.6931471805599453,0.0,0.0,0.0,0.0,0.0,0.0,-0.6931471805599453,-0.5376983728162604,-0.5370004781028717,0.0,0.0,-0.48373020300112074,0.0,0.0,0.0,0.0,0.0,0.0,0.8291589382428005,0.0,0.0,0.0,0.6931471805599453,0.6931471805599453,0.0,-0.6931471805599453,0.6931471805599453,0.0,0.0,0.0,-0.6931471805599453,-0.6931471805599453,0.0,0.0,0.6931471805599453,0.0,-0.6931471805599453,0.0,0.0,0.0,0.0,-0.6931471805599453,0.0,0.0,0.0,-0.6931471805599453,0.0,0.0,-0.6931471805599453,0.0,0.0,0.0,0.0,0.0,0.0,0.0,0.0,-0.6931471805599453,0.0,0.0,0.0,0.0,0.0,0.0,0.0,0.0,0.0,-0.6931471805599453,0.0,0.0,0.0,0.0,0.0,0.0,0.0,0.6931471805599453,0.0,0.0,0.0,0.0,0.0,-0.6931471805599453,0.0,0.0,0.0,-0.6931471805599453,0.0,0.6931471805599453,-0.6931471805599453,0.0,0.6931471805599453,0.0,0.0,0.0,0.0,0.0,0.0,0.0,0.0,0.0,0.0,0.0,0.0,0.0,0.0,0.0,0.0,0.0,0.0,0.0,0.0,-0.6931471805599453,0.0,0.0,0.0,0.0,-0.6931471805599453,-0.6931471805599453,0.0,0.0,0.0,-0.6931471805599453,0.0,0.0,0.0,-0.6931471805599453,0.0,0.0,0.0,0.0,0.0,0.0,0.0,0.6931471805599453,0.0,0.0,0.0,0.0,0.0,1.1438177254361583,0.0,0.6931471805599453,0.0,0.0,0.0,-0.3953127366441464,-0.6931471805599453,0.0,0.0,0.0,-0.6931471805599453,0.0,0.0,0.0
6.372363747448347,0.2973629040733618,Cc1c(-c2cccc(S(=O)(=O)N(C)C)c2)c2cc(C(=O)NC(C)C)ccc2n1C/C(F)=C/CN,0.6812318738309034,0.0,0.0,0.0,0.0,0.6931471805599453,0.0,0.6931471805599453,0.0,0.0,0.0,0.0,0.0,0.0,0.0,0.0,0.0,0.6931471805599453,0.0,0.04310361744086199,0.0,0.0,0.0,0.0,0.0,0.6931471805599453,0.0,0.0,0.0,0.0,0.0,0.6931471805599453,0.0,0.0,0.0,0.0,0.0,0.0,-0.6931471805599453,-0.5376983728162604,-0.5370004781028717,0.0,0.0,-0.4721546350167918,0.0,0.0,0.0,0.0,0.0,0.0,0.7289233537252293,0.0,0.0,0.0,0.6931471805599453,0.6931471805599453,0.0,-0.6931471805599453,0.6931471805599453,0.0,0.0,0.0,-0.6931471805599453,-0.6931471805599453,0.0,0.0,0.6931471805599453,0.0,0.0,0.0,0.0,0.0,0.0,-0.6931471805599453,0.0,0.0,0.0,-0.6931471805599453,0.0,0.0,-0.6931471805599453,0.0,0.0,0.0,0.0,0.0,0.0,0.0,0.0,-0.6931471805599453,0.0,0.0,0.0,0.0,0.0,0.0,0.0,0.0,0.0,-0.6931471805599453,0.0,0.0,0.0,0.0,0.0,0.0,0.0,0.6931471805599453,0.0,0.0,0.0,0.0,0.0,-0.6931471805599453,0.0,0.0,0.0,-0.6931471805599453,0.0,0.6931471805599453,-0.6931471805599453,0.0,0.6931471805599453,0.0,0.0,0.0,0.0,0.0,0.0,0.0,0.0,0.0,0.0,0.0,0.0,0.0,0.0,0.0,0.0,0.0,0.0,0.0,0.0,-0.6931471805599453,0.0,0.0,0.0,0.0,-0.6931471805599453,-0.6931471805599453,0.0,0.0,0.0,0.0,0.0,0.0,0.0,-0.6931471805599453,0.0,0.0,0.0,0.0,0.0,0.0,0.0,0.6931471805599453,0.0,0.0,0.0,0.0,0.0,0.6960331854490812,0.0,0.6931471805599453,0.0,0.0,0.0,0.0,-0.6931471805599453,0.0,0.0,0.0,-0.6931471805599453,0.0,0.0,0.0
6.372363747448347,0.2973629040733618,Cc1c(-c2cccc(S(=O)(=O)N(C)C)c2)c2cc(C(=O)N(C)C(C)C)ccc2n1C/C(F)=C/CN,0.6812318738309034,0.0,0.0,0.0,0.0,0.6931471805599453,0.0,0.6931471805599453,0.0,0.0,0.0,0.0,0.0,0.0,0.0,0.0,0.0,0.6931471805599453,0.0,0.04310361744086199,0.0,0.0,0.0,0.0,0.0,0.6931471805599453,0.0,0.0,0.0,0.0,0.0,0.6931471805599453,0.0,0.0,0.0,0.0,0.0,0.0,-0.6931471805599453,-0.48028101726133293,-0.5370004781028717,0.0,0.0,-0.4779591681372149,0.0,0.0,0.0,0.0,0.0,0.0,0.7128199461586505,0.0,0.0,0.0,0.6931471805599453,0.6931471805599453,0.0,-0.6931471805599453,0.6931471805599453,0.0,0.0,0.0,-0.6931471805599453,-0.6931471805599453,0.0,0.0,0.6931471805599453,0.0,-0.6931471805599453,0.0,0.0,0.0,0.0,-0.6931471805599453,0.0,0.0,0.0,-0.6931471805599453,0.0,0.0,-0.6931471805599453,0.0,0.0,0.0,0.0,0.0,0.0,0.0,0.0,-0.6931471805599453,0.0,0.0,0.0,0.0,0.0,0.0,0.0,0.0,0.0,-0.6931471805599453,0.0,0.0,0.0,0.0,0.0,0.0,0.0,0.6931471805599453,0.0,0.0,0.0,0.0,0.0,-0.6931471805599453,0.0,0.0,0.0,-0.6931471805599453,0.0,0.6931471805599453,-0.6931471805599453,0.0,0.6931471805599453,0.0,0.0,0.0,0.0,0.0,0.0,0.0,0.0,0.0,0.0,0.0,0.0,0.0,0.0,0.0,0.0,0.0,0.0,0.0,0.0,-0.6931471805599453,0.0,0.0,0.0,0.0,-0.6931471805599453,-0.6931471805599453,0.0,0.0,0.0,-0.6931471805599453,0.0,0.0,0.0,-0.6931471805599453,0.0,0.0,0.0,0.0,0.0,0.0,0.0,0.6931471805599453,0.0,0.0,0.0,0.0,0.0,0.5735561530894188,0.0,0.6931471805599453,0.0,0.0,0.0,-0.5978370007556204,-0.6931471805599453,0.0,0.0,0.0,-0.6931471805599453,0.0,0.0,0.0
6.372363747448347,0.2973629040733618,Cc1c(-c2cccc(S(=O)(=O)N(C)C)c2)c2cc(O)ccc2n1C/C(F)=C/CN,1.1053175093838539,0.0,0.0,0.0,0.0,0.6931471805599453,0.0,0.6931471805599453,0.0,0.0,0.0,0.0,0.0,0.0,0.0,0.0,0.0,0.6931471805599453,0.0,0.04310361744086199,0.0,0.0,0.0,0.0,0.0,0.6931471805599453,0.0,0.0,0.0,0.0,0.0,0.6931471805599453,0.0,0.0,0.0,0.0,0.0,0.0,-0.6931471805599453,-0.5376983728162604,-0.5370004781028717,0.0,0.0,-0.46497985519424795,0.0,0.0,0.0,0.0,0.0,0.0,0.9123093065749704,0.0,0.0,0.0,0.6931471805599453,0.6931471805599453,0.0,-0.6931471805599453,0.6931471805599453,0.0,0.0,0.0,-0.6931471805599453,-0.6931471805599453,0.0,0.0,0.6931471805599453,0.0,-0.6931471805599453,0.0,0.0,0.0,0.0,-0.6931471805599453,0.0,0.0,0.0,-0.6931471805599453,0.0,0.0,-0.6931471805599453,0.0,0.0,0.0,0.0,0.0,0.0,0.0,0.0,-0.6931471805599453,0.0,0.0,0.0,0.0,0.0,0.0,0.0,0.0,0.0,-0.6931471805599453,0.0,0.0,0.0,0.0,0.0,0.0,0.0,0.6931471805599453,0.0,0.0,0.0,0.0,0.0,-0.6931471805599453,0.0,0.0,0.0,-0.6931471805599453,0.0,0.6931471805599453,-0.6931471805599453,0.0,0.6931471805599453,0.0,0.0,0.0,0.0,0.0,0.0,0.0,0.0,0.0,0.0,0.0,0.0,0.0,0.0,0.0,0.0,0.0,0.0,0.0,0.0,-0.6931471805599453,0.0,0.0,0.0,0.0,-0.6931471805599453,-0.6931471805599453,0.0,0.0,0.0,-0.6931471805599453,0.0,0.0,0.0,-0.6931471805599453,0.0,0.0,0.0,0.0,0.0,0.0,0.0,0.6931471805599453,0.0,0.0,0.0,0.0,0.0,1.1214704267441618,0.0,0.6931471805599453,0.0,0.0,0.0,-0.36422214957411525,-0.6931471805599453,0.0,0.0,0.0,-0.6931471805599453,0.0,0.0,0.0
6.372363747448347,0.2973629040733618,Cc1c(-c2cccc(N(C)S(C)(=O)=O)c2)c2cc(C(=O)O)ccc2n1C/C(F)=C/CN,0.6812318738309034,0.0,0.0,0.0,0.0,0.6931471805599453,0.0,0.6931471805599453,0.0,0.0,0.0,0.0,0.0,0.0,0.0,0.0,0.0,0.6931471805599453,0.0,0.04310361744086199,0.0,0.0,0.0,0.0,0.0,0.6931471805599453,0.0,0.0,0.0,0.0,0.0,0.6931471805599453,0.0,0.0,0.0,0.0,0.0,0.0,-0.6931471805599453,-0.5196848115606142,-0.5370004781028717,0.0,0.0,-0.3344042456140659,0.0,0.0,0.0,0.0,0.0,0.0,-0.3154389564504449,0.0,0.0,0.0,0.6931471805599453,0.6931471805599453,0.0,-0.6931471805599453,0.6931471805599453,0.0,0.0,0.0,-0.6931471805599453,-0.6931471805599453,0.0,0.0,0.6931471805599453,0.6931471805599453,-0.6931471805599453,0.0,0.0,0.0,0.0,-0.6931471805599453,0.0,0.0,0.0,0.0,0.0,0.0,-0.6931471805599453,0.0,0.0,0.0,0.0,0.0,0.0,0.0,0.0,-0.6931471805599453,0.0,0.0,0.0,0.0,0.0,0.0,0.0,0.0,0.0,-0.6931471805599453,0.0,0.0,0.0,0.0,0.0,0.0,0.0,0.6931471805599453,0.0,0.0,0.0,0.0,0.0,-0.6931471805599453,0.0,0.0,0.0,-0.6931471805599453,0.0,0.6931471805599453,-0.6931471805599453,0.0,0.6931471805599453,0.0,0.0,0.0,0.0,0.0,0.0,0.0,0.0,0.0,0.0,0.0,0.0,0.0,0.0,0.0,0.0,0.0,0.0,0.0,0.0,-0.6931471805599453,0.0,0.0,0.0,0.0,-0.6931471805599453,-0.6931471805599453,0.0,0.0,0.0,-0.6931471805599453,0.0,0.0,0.0,-0.6931471805599453,0.0,0.0,0.0,0.0,0.0,0.0,0.0,0.6931471805599453,0.0,0.0,0.0,0.0,0.0,0.8356698223920859,0.0,0.6931471805599453,0.0,0.0,0.0,-0.4450742462032102,-0.6931471805599453,0.0,0.0,0.0,-0.6931471805599453,0.0,0.0,0.0
6.372363747448347,0.2973629040733618,Cc1c(-c2cccc(N(C)S(C)(=O)=O)c2)c2cc(C(=O)N(C)C)ccc2n1C/C(F)=C/CN,0.6812318738309034,0.0,0.0,0.0,0.0,0.6931471805599453,0.0,0.6931471805599453,0.0,0.0,0.0,0.0,0.0,0.0,0.0,0.0,0.0,0.6931471805599453,0.0,0.04310361744086199,0.0,0.0,0.0,0.0,0.0,0.6931471805599453,0.0,0.0,0.0,0.0,0.0,0.6931471805599453,0.0,0.0,0.0,0.0,0.0,0.0,-0.6931471805599453,-0.5376983728162604,-0.5370004781028717,0.0,0.0,-0.48373020300112074,0.0,0.0,0.0,0.0,0.0,0.0,-0.3717918930015767,0.0,0.0,0.0,0.6931471805599453,0.6931471805599453,0.0,-0.6931471805599453,0.6931471805599453,0.0,0.0,0.0,-0.6931471805599453,-0.6931471805599453,0.0,0.0,0.6931471805599453,0.6931471805599453,-0.6931471805599453,0.0,0.0,0.0,0.0,-0.6931471805599453,0.0,0.0,0.0,0.0,0.0,0.0,-0.6931471805599453,0.0,0.0,0.0,0.0,0.0,0.0,0.0,0.0,0.0,0.0,0.0,0.0,0.0,0.0,0.0,0.0,0.0,0.0,-0.6931471805599453,0.0,0.0,0.0,0.0,0.0,0.0,0.0,0.6931471805599453,0.0,0.0,0.0,0.0,0.0,-0.6931471805599453,0.0,0.0,0.0,-0.6931471805599453,0.0,0.6931471805599453,-0.6931471805599453,0.0,0.6931471805599453,0.0,0.0,0.0,0.0,0.0,0.0,0.0,0.0,0.0,0.0,0.0,0.0,0.0,0.0,0.0,0.0,0.0,0.0,0.0,0.0,-0.6931471805599453,0.0,0.0,0.0,0.0,-0.6931471805599453,-0.6931471805599453,0.0,0.0,0.0,-0.6931471805599453,0.0,0.0,0.0,-0.6931471805599453,0.0,0.0,0.0,0.0,0.0,0.0,0.0,0.6931471805599453,0.0,0.0,0.0,0.0,0.0,-0.022858138076050267,0.0,0.6931471805599453,0.0,0.0,0.0,-0.5377330766859151,-0.6931471805599453,0.0,0.0,0.0,-0.6931471805599453,0.0,0.0,0.0
6.372363747448347,0.2973629040733618,Cc1c(-c2cncc(S(=O)(=O)N(C)C)c2)c2cc(C(=O)O)ccc2n1C/C(F)=C/CN,0.6812318738309034,0.0,0.0,0.0,0.0,0.6931471805599453,0.0,0.6931471805599453,0.0,0.0,0.0,0.0,0.0,0.0,0.0,0.0,0.0,0.6931471805599453,0.0,0.04310361744086199,0.0,0.0,0.0,0.0,0.0,0.6931471805599453,0.0,0.0,0.0,0.0,0.0,0.6931471805599453,0.0,0.0,0.0,0.0,0.0,0.0,-0.6931471805599453,-0.5375114204005086,-0.5370004781028717,0.0,0.0,-0.4833263028879634,0.0,0.0,0.0,0.0,0.0,0.0,0.8087202705655264,0.0,0.0,0.0,0.6931471805599453,0.6931471805599453,0.0,-0.6931471805599453,0.6931471805599453,0.0,0.0,0.0,-0.6931471805599453,-0.6931471805599453,0.0,0.0,0.6931471805599453,0.0,-0.6931471805599453,0.0,0.0,0.0,0.0,-0.6931471805599453,0.0,0.0,0.0,-0.6931471805599453,0.0,0.0,-0.6931471805599453,0.0,0.0,0.0,0.0,0.0,0.0,0.0,0.0,-0.6931471805599453,0.0,0.0,0.0,0.0,0.0,0.0,0.0,0.0,0.0,-0.6931471805599453,0.0,0.0,0.0,0.0,0.0,0.0,0.0,0.6931471805599453,0.0,0.0,0.0,0.0,0.0,-0.6931471805599453,0.0,0.0,0.0,-0.6931471805599453,0.0,0.6931471805599453,-0.6931471805599453,0.0,0.6931471805599453,0.0,0.0,0.0,0.0,0.0,0.0,0.0,0.0,0.0,0.0,0.0,0.0,0.0,0.0,0.0,0.0,0.0,0.0,0.0,0.0,-0.6931471805599453,0.0,0.0,0.0,0.0,-0.6931471805599453,-0.6931471805599453,0.0,0.0,0.0,-0.6931471805599453,0.0,0.0,0.0,-0.6931471805599453,0.0,0.0,0.0,0.0,0.0,0.0,0.0,0.6931471805599453,0.0,0.0,0.0,0.0,0.0,1.3128531297398425,0.0,0.6931471805599453,0.0,0.0,0.0,-0.2291858657701724,-0.6931471805599453,0.0,0.0,0.0,-0.6931471805599453,0.0,0.0,0.0
6.372363747448347,0.2973629040733618,Cc1c(-c2cncc(S(=O)(=O)N(C)C)c2)c2cc(C(=O)N(C)C)ccc2n1C/C(F)=C/CN,0.6812318738309034,0.0,0.0,0.0,0.0,0.6931471805599453,0.0,0.6931471805599453,0.0,0.0,0.0,0.0,0.0,0.0,0.0,0.0,0.0,0.6931471805599453,0.0,0.04310361744086199,0.0,0.0,0.0,0.0,0.0,0.6931471805599453,0.0,0.0,0.0,0.0,0.0,0.6931471805599453,0.0,0.0,0.0,0.0,0.0,0.0,-0.6931471805599453,-0.5376049009772852,-0.5370004781028717,0.0,0.0,-0.33123446202886214,0.0,0.0,0.0,0.0,0.0,0.0,0.7650056993292207,0.0,0.0,0.0,0.6931471805599453,0.6931471805599453,0.0,-0.6931471805599453,0.6931471805599453,0.0,0.0,0.0,-0.6931471805599453,-0.6931471805599453,0.0,0.0,0.6931471805599453,0.0,-0.6931471805599453,0.0,0.0,0.0,0.0,-0.6931471805599453,0.0,0.0,0.0,-0.6931471805599453,0.0,0.0,-0.6931471805599453,0.0,0.0,0.0,0.0,0.0,0.0,0.0,0.0,-0.6931471805599453,0.0,0.0,0.0,0.0,0.0,0.0,0.0,0.0,0.0,-0.6931471805599453,0.0,0.0,0.0,0.0,0.0,0.0,0.0,0.6931471805599453,0.0,0.0,0.0,0.0,0.0,-0.6931471805599453,0.0,0.0,0.0,-0.6931471805599453,0.0,0.6931471805599453,-0.6931471805599453,0.0,0.6931471805599453,0.0,0.0,0.0,0.0,0.0,0.0,0.0,0.0,0.0,0.0,0.0,0.0,0.0,0.0,0.0,0.0,0.0,0.0,0.0,0.0,-0.6931471805599453,0.0,0.0,0.0,0.0,-0.6931471805599453,-0.6931471805599453,0.0,0.0,0.0,-0.6931471805599453,0.0,0.0,0.0,-0.6931471805599453,0.0,0.0,0.0,0.0,0.0,0.0,0.0,0.6931471805599453,0.0,0.0,0.0,0.0,0.0,0.9174461335047128,0.0,0.6931471805599453,0.0,0.0,0.0,-0.35364004024357837,-0.6931471805599453,0.0,0.0,0.0,-0.6931471805599453,0.0,0.0,0.0
6.372363747448347,0.2973629040733618,CCOC(=O)c1ccc2c(n1)c(-c1cccc(S(=O)(=O)N(C)C)c1)c(C)n2C/C(F)=C/CN,0.6812318738309034,0.0,0.0,0.0,0.0,0.6931471805599453,0.0,0.6931471805599453,0.0,0.0,0.0,0.0,0.0,0.0,0.0,0.0,0.0,0.6931471805599453,0.0,0.06738304801147778,0.0,0.0,0.0,0.0,0.0,0.6931471805599453,0.0,0.0,0.0,0.0,0.0,0.6931471805599453,0.0,0.0,0.0,0.0,0.0,0.0,-0.6931471805599453,-0.5376983728162604,-0.5370004781028717,0.0,0.0,-0.48373020300112074,0.0,0.0,0.0,0.0,0.0,0.0,0.6611848298569875,0.0,0.0,0.0,0.0,0.6931471805599453,0.0,-0.6931471805599453,0.6931471805599453,0.0,0.0,0.0,-0.6931471805599453,-0.6931471805599453,0.0,0.0,0.6931471805599453,0.0,-0.6931471805599453,0.0,0.0,0.0,0.0,0.0,0.0,0.0,0.0,0.0,0.0,0.0,-0.6931471805599453,0.0,0.0,0.0,0.0,0.0,0.0,0.0,0.0,-0.6931471805599453,0.0,0.0,0.0,0.0,0.0,0.0,0.0,0.0,0.0,-0.6931471805599453,0.0,0.0,0.0,0.0,0.0,0.0,0.0,0.0,0.0,0.0,0.0,0.0,0.0,0.0,0.0,0.0,0.6931471805599453,-0.6931471805599453,0.0,0.6931471805599453,0.0,0.0,0.6931471805599453,0.0,0.0,0.0,0.0,0.0,0.0,0.0,0.0,0.0,0.0,0.0,0.0,0.0,0.0,0.0,0.0,0.0,0.0,0.0,0.0,-0.6931471805599453,0.0,0.0,0.0,0.0,-0.6931471805599453,0.0,0.0,0.0,0.0,-0.6931471805599453,0.0,0.0,0.0,-0.6931471805599453,0.0,0.0,0.0,0.0,0.0,0.0,0.0,0.6931471805599453,0.0,0.0,0.0,0.0,0.0,0.5061906212618427,0.0,0.6931471805599453,0.0,0.0,0.0,-0.4155154439616658,0.0,0.0,0.0,0.0,-0.6931471805599453,0.0,0.0,0.0
6.372363747448347,0.2973629040733618,Cc1c(-c2cccc(S(=O)(=O)N(C)C)c2)c2nc(C(=O)O)ccc2n1C/C(F)=C/CN,0.6812318738309034,0.0,0.0,0.0,0.0,0.6931471805599453,0.0,0.6931471805599453,0.0,0.0,0.0,0.0,0.0,0.0,0.0,0.0,0.0,0.6931471805599453,0.0,0.06738304801147778,0.0,0.0,0.0,0.0,0.0,0.6931471805599453,0.0,0.0,0.0,0.0,0.0,0.6931471805599453,0.0,0.0,0.0,0.0,0.0,0.0,-0.6931471805599453,-0.5376983728162604,-0.5370004781028717,0.0,0.0,-0.48373020300112074,0.0,0.0,0.0,0.0,0.0,0.0,0.7030319397924877,0.0,0.0,0.0,0.0,0.6931471805599453,0.0,-0.6931471805599453,0.6931471805599453,0.0,0.0,0.0,-0.6931471805599453,-0.6931471805599453,0.0,0.0,0.6931471805599453,0.0,-0.6931471805599453,0.0,0.0,0.0,0.0,-0.6931471805599453,0.0,0.0,0.0,-0.6931471805599453,0.0,0.0,-0.6931471805599453,0.0,0.0,0.0,0.0,0.0,0.0,0.0,0.0,-0.6931471805599453,0.0,0.0,0.0,0.0,0.0,0.0,0.0,0.0,0.0,-0.6931471805599453,0.0,0.0,0.0,0.0,0.0,0.0,0.0,0.0,0.0,0.0,0.0,0.0,0.0,0.0,0.0,0.0,0.6931471805599453,-0.6931471805599453,0.0,0.6931471805599453,-0.6931471805599453,0.0,0.6931471805599453,0.0,0.0,0.0,0.0,0.0,0.0,0.0,0.0,0.0,0.0,0.0,0.0,0.0,0.0,0.0,0.0,0.0,0.0,0.0,0.0,-0.6931471805599453,0.0,0.0,0.0,0.0,-0.6931471805599453,-0.6931471805599453,0.0,0.0,0.0,-0.6931471805599453,0.0,0.0,0.0,-0.6931471805599453,0.0,0.0,0.0,0.0,0.0,0.0,0.0,0.6931471805599453,0.0,0.0,0.0,0.0,0.0,0.799951739790007,0.0,0.6931471805599453,0.0,0.0,0.0,-0.5639354490799391,0.0,0.0,0.0,0.0,-0.6931471805599453,0.0,0.0,0.0
6.372363747448347,0.2973629040733618,Cc1c(-c2cccc(S(=O)(=O)N(C)C)c2)c2nc(C(=O)N(C)C)ccc2n1C/C(F)=C/CN,0.6812318738309034,0.0,0.0,0.0,0.0,0.6931471805599453,0.0,0.6931471805599453,0.0,0.0,0.0,0.0,0.0,0.0,0.0,0.0,0.0,0.6931471805599453,0.0,0.06738304801147778,0.0,0.0,0.0,0.0,0.0,0.6931471805599453,0.0,0.0,0.0,0.0,0.0,0.6931471805599453,0.0,0.0,0.0,0.0,0.0,0.0,-0.6931471805599453,-0.5376983728162604,-0.5370004781028717,0.0,0.0,-0.48373020300112074,0.0,0.0,0.0,0.0,0.0,0.0,0.6543237394770421,0.0,0.0,0.0,0.6931471805599453,0.6931471805599453,0.0,-0.6931471805599453,0.6931471805599453,0.0,0.0,0.0,-0.6931471805599453,-0.6931471805599453,0.0,0.0,0.6931471805599453,0.0,-0.6931471805599453,0.0,0.0,0.0,0.0,-0.6931471805599453,0.0,0.0,0.0,-0.6931471805599453,0.0,0.0,-0.6931471805599453,0.0,0.0,0.0,0.0,0.0,0.0,0.0,0.0,-0.6931471805599453,0.0,0.0,0.0,0.0,0.0,0.0,0.0,0.0,0.0,-0.6931471805599453,0.0,0.0,0.0,0.0,0.0,0.0,0.0,0.0,0.0,0.0,0.0,0.0,0.0,0.0,0.0,0.0,0.6931471805599453,-0.6931471805599453,0.0,0.6931471805599453,-0.6931471805599453,0.0,0.6931471805599453,0.0,0.0,0.0,0.0,0.0,0.0,0.0,0.0,0.0,0.0,0.0,0.0,0.0,0.0,0.0,0.0,0.0,0.0,0.0,0.0,-0.6931471805599453,0.0,0.0,0.0,0.0,-0.6931471805599453,-0.6931471805599453,0.0,0.0,0.0,-0.6931471805599453,0.0,0.0,0.0,-0.6931471805599453,0.0,0.0,0.0,0.0,0.0,0.0,0.0,0.6931471805599453,0.0,0.0,0.0,0.0,0.0,-0.04520543676804694,0.0,0.6931471805599453,0.0,0.0,0.0,-0.6466271649250523,0.0,0.0,0.0,0.0,-0.6931471805599453,0.0,0.0,0.0
6.372363747448347,0.2973629040733618,Cc1c(-c2cccc(S(=O)(=O)N(C)C)c2)c2nc(C(=O)NC(C)C)ccc2n1C/C(F)=C/CN,0.6812318738309034,0.0,0.0,0.0,0.0,0.6931471805599453,0.0,0.6931471805599453,0.0,0.0,0.0,0.0,0.0,0.0,0.0,0.0,0.0,0.6931471805599453,0.0,0.06738304801147778,0.0,0.0,0.0,0.0,0.0,0.6931471805599453,0.0,0.0,0.0,0.0,0.0,0.6931471805599453,0.0,0.0,0.0,0.0,0.0,0.0,-0.6931471805599453,-0.5376983728162604,-0.5370004781028717,0.0,0.0,-0.3813427388720389,0.0,0.0,0.0,0.0,0.0,0.0,0.6352093434537265,0.0,0.0,0.0,0.6931471805599453,0.6931471805599453,0.0,-0.6931471805599453,0.6931471805599453,0.0,0.0,0.0,-0.6931471805599453,-0.6931471805599453,0.0,0.0,0.6931471805599453,0.0,0.0,0.0,0.0,0.0,0.0,-0.6931471805599453,0.0,0.0,0.0,-0.6931471805599453,0.0,0.0,-0.6931471805599453,0.0,0.0,0.0,0.0,0.0,0.0,0.0,0.0,-0.6931471805599453,0.0,0.0,0.0,0.0,0.0,0.0,0.0,0.0,0.0,-0.6931471805599453,0.0,0.0,0.0,0.0,0.0,0.0,0.0,0.0,0.0,0.0,0.0,0.0,0.0,0.0,0.0,0.0,0.6931471805599453,-0.6931471805599453,0.0,0.6931471805599453,-0.6931471805599453,0.0,0.6931471805599453,0.0,0.0,0.0,0.0,0.0,0.0,0.0,0.0,0.0,0.0,0.0,0.0,0.0,0.0,0.0,0.0,0.0,0.0,0.0,0.0,-0.6931471805599453,0.0,0.0,0.0,0.0,-0.6931471805599453,-0.6931471805599453,0.0,0.0,0.0,0.0,0.0,0.0,0.0,-0.6931471805599453,0.0,0.0,0.0,0.0,0.0,0.0,0.0,0.6931471805599453,0.0,0.0,0.0,0.0,0.0,-0.15991438454400775,0.0,0.6931471805599453,0.0,0.0,0.0,-0.2291858657701724,0.0,0.0,0.0,0.0,-0.6931471805599453,0.0,0.0,0.0
6.372363747448347,0.2973629040733618,CNC(=O)c1ccc2c(n1)c(-c1cccc(S(=O)(=O)N(C)C)c1)c(C)n2C/C(F)=C/CN,0.6812318738309034,0.0,0.0,0.0,0.0,0.6931471805599453,0.0,0.6931471805599453,0.0,0.0,0.0,0.0,0.0,0.0,0.0,0.0,0.0,0.6931471805599453,0.0,0.06738304801147778,0.0,0.0,0.0,0.0,0.0,0.6931471805599453,0.0,0.0,0.0,0.0,0.0,0.6931471805599453,0.0,0.0,0.0,0.0,0.0,0.0,-0.6931471805599453,-0.5376983728162604,-0.5370004781028717,0.0,0.0,-0.48373020300112074,0.0,0.0,0.0,0.0,0.0,0.0,0.674767381622856,0.0,0.0,0.0,0.6931471805599453,0.6931471805599453,0.0,-0.6931471805599453,0.6931471805599453,0.0,0.0,0.0,-0.6931471805599453,-0.6931471805599453,0.0,0.0,0.6931471805599453,0.0,0.0,0.0,0.0,0.0,0.0,-0.6931471805599453,0.0,0.0,0.0,-0.6931471805599453,0.0,0.0,-0.6931471805599453,0.0,0.0,0.0,0.0,0.0,0.0,0.0,0.0,-0.6931471805599453,0.0,0.0,0.0,0.0,0.0,0.0,0.0,0.0,0.0,-0.6931471805599453,0.0,0.0,0.0,0.0,0.0,0.0,0.0,0.0,0.0,0.0,0.0,0.0,0.0,0.0,0.0,0.0,0.6931471805599453,-0.6931471805599453,0.0,0.6931471805599453,-0.6931471805599453,0.0,0.6931471805599453,0.0,0.0,0.0,0.0,0.0,0.0,0.0,0.0,0.0,0.0,0.0,0.0,0.0,0.0,0.0,0.0,0.0,0.0,0.0,0.0,-0.6931471805599453,0.0,0.0,0.0,0.0,-0.6931471805599453,-0.6931471805599453,0.0,0.0,0.0,0.0,0.0,0.0,0.0,-0.6931471805599453,0.0,0.0,0.0,0.0,0.0,0.0,0.0,0.6931471805599453,0.0,0.0,0.0,0.0,0.0,0.1890426574670326,0.0,0.6931471805599453,0.0,0.0,0.0,0.25299651446389093,0.0,0.0,0.0,0.0,-0.6931471805599453,0.0,0.0,0.0
6.372363747448347,0.2973629040733618,Cc1c(-c2cccc(S(=O)(=O)N(C)C)c2)c2cccc(C(=O)N(C)C)c2n1C/C(F)=C/CN,0.6812318738309034,0.0,0.0,0.0,0.0,0.6931471805599453,0.0,0.6931471805599453,0.0,0.0,0.0,0.0,0.0,0.0,0.0,0.0,0.0,0.6931471805599453,0.0,0.04310361744086199,0.0,0.0,0.0,0.0,0.0,0.6931471805599453,0.0,0.0,0.0,0.0,0.0,0.6931471805599453,0.0,0.0,0.0,0.0,0.0,0.0,0.0,-0.5218712469666384,-0.5370004781028717,0.0,0.0,-0.3758475656550536,0.0,0.0,0.0,0.0,0.0,0.0,0.6798136496904804,0.0,0.0,0.0,0.6931471805599453,0.6931471805599453,0.0,-0.6931471805599453,0.6931471805599453,0.0,0.0,0.0,-0.6931471805599453,-0.6931471805599453,0.0,0.0,0.6931471805599453,0.0,-0.6931471805599453,0.0,0.0,0.0,0.0,-0.6931471805599453,0.0,0.0,0.0,-0.6931471805599453,0.0,0.0,-0.6931471805599453,0.0,0.0,0.0,0.0,0.0,0.0,0.0,0.0,-0.6931471805599453,0.0,0.0,0.0,0.0,0.0,0.0,0.0,0.0,0.0,-0.6931471805599453,0.0,0.0,0.0,0.0,0.0,0.0,0.0,0.6931471805599453,0.0,0.0,0.0,0.0,0.0,-0.6931471805599453,0.0,0.0,0.0,-0.6931471805599453,0.0,0.6931471805599453,-0.6931471805599453,0.0,0.6931471805599453,0.0,0.0,0.0,0.0,0.0,0.0,0.0,0.0,0.0,0.0,0.0,0.0,0.0,0.0,0.0,0.0,0.0,0.0,0.0,0.0,-0.6931471805599453,0.0,0.0,0.0,0.0,-0.6931471805599453,-0.6931471805599453,0.0,0.0,0.0,-0.6931471805599453,0.0,0.0,0.0,-0.6931471805599453,0.0,0.0,0.0,0.0,0.0,0.0,0.0,0.6931471805599453,0.0,0.0,0.0,0.0,0.0,0.4488272263819223,0.0,0.6931471805599453,0.0,0.0,0.0,-0.7939518796819102,-0.6931471805599453,0.0,0.0,0.0,-0.6931471805599453,0.0,0.0,0.0
6.372363747448347,0.2973629040733618,Cc1c(-c2cccc(S(=O)(=O)N(C)C)c2)c2cccc(C(=O)O)c2n1C/C(F)=C/CN,0.6812318738309034,0.0,0.0,0.0,0.0,0.6931471805599453,0.0,0.6931471805599453,0.0,0.0,0.0,0.0,0.0,0.0,0.0,0.0,0.0,0.6931471805599453,0.0,0.04310361744086199,0.0,0.0,0.0,0.0,0.0,0.6931471805599453,0.0,0.0,0.0,0.0,0.0,0.6931471805599453,0.0,0.0,0.0,0.0,0.0,0.0,0.0,-0.5376983728162604,-0.5370004781028717,0.0,0.0,-0.48373020300112074,0.0,0.0,0.0,0.0,0.0,0.0,0.8576508940371066,0.0,0.0,0.0,0.6931471805599453,0.6931471805599453,0.0,-0.6931471805599453,0.6931471805599453,0.0,0.0,0.0,-0.6931471805599453,-0.6931471805599453,0.0,0.0,0.6931471805599453,0.0,-0.6931471805599453,0.0,0.0,0.0,0.0,-0.6931471805599453,0.0,0.0,0.0,-0.6931471805599453,0.0,0.0,-0.6931471805599453,0.0,0.0,0.0,0.0,0.0,0.0,0.0,0.0,-0.6931471805599453,0.0,0.0,0.0,0.0,0.0,0.0,0.0,0.0,0.0,-0.6931471805599453,0.0,0.0,0.0,0.0,0.0,0.0,0.0,0.6931471805599453,0.0,0.0,0.0,0.0,0.0,-0.6931471805599453,0.0,0.0,0.0,-0.6931471805599453,0.0,0.6931471805599453,-0.6931471805599453,0.0,0.6931471805599453,0.0,0.0,0.0,0.0,0.0,0.0,0.0,0.0,0.0,0.0,0.0,0.0,0.0,0.0,0.0,0.0,0.0,0.0,0.0,0.0,-0.6931471805599453,0.0,0.0,0.0,0.0,-0.6931471805599453,-0.6931471805599453,0.0,0.0,0.0,-0.6931471805599453,0.0,0.0,0.0,-0.6931471805599453,0.0,0.0,0.0,0.0,0.0,0.0,0.0,0.6931471805599453,0.0,0.0,0.0,0.0,0.0,0.7411112397670729,0.0,0.6931471805599453,0.0,0.0,0.0,-0.7156200364120031,-0.6931471805599453,0.0,0.0,0.0,-0.6931471805599453,0.0,0.0,0.0
6.372363747448347,0.2973629040733618,COc1ccc2c(c1)c(-c1cccc(S(=O)(=O)N(C)C)c1)c(C)n2C/C(F)=C/CN,1.1053175093838539,0.0,0.0,0.0,0.0,0.6931471805599453,0.0,0.6931471805599453,0.0,0.0,0.0,0.0,0.0,0.0,0.0,0.0,0.0,0.6931471805599453,0.0,0.04310361744086199,0.0,0.0,0.0,0.0,0.0,0.6931471805599453,0.0,0.0,0.0,0.0,0.0,0.6931471805599453,0.0,0.0,0.0,0.0,0.0,0.0,-0.6931471805599453,-0.5375114204005086,-0.5367203113674655,0.0,0.0,-0.31594969345227175,0.0,0.0,0.0,0.0,0.0,0.0,0.854837952660492,0.0,0.0,0.0,0.6931471805599453,0.6931471805599453,0.0,-0.6931471805599453,0.6931471805599453,0.0,0.0,0.0,-0.6931471805599453,-0.6931471805599453,0.0,0.0,0.6931471805599453,0.0,-0.6931471805599453,0.0,0.0,0.0,0.0,-0.6931471805599453,0.0,0.0,0.0,-0.6931471805599453,0.0,0.0,-0.6931471805599453,0.0,0.0,0.0,0.0,0.0,0.0,0.0,0.0,-0.6931471805599453,0.0,0.0,0.0,0.0,0.0,0.0,0.0,0.0,0.0,-0.6931471805599453,0.0,0.0,0.0,0.0,0.0,0.0,0.0,0.6931471805599453,0.0,0.0,0.0,0.0,0.0,-0.6931471805599453,0.0,0.0,0.0,-0.6931471805599453,0.0,0.6931471805599453,-0.6931471805599453,0.0,0.6931471805599453,0.0,0.0,0.0,0.0,0.0,0.0,0.0,0.0,0.0,0.0,0.0,0.0,0.0,0.0,0.0,0.0,0.0,0.0,0.0,0.0,-0.6931471805599453,0.0,0.0,0.0,0.0,-0.6931471805599453,-0.6931471805599453,0.0,0.0,0.0,-0.6931471805599453,0.0,0.0,0.0,-0.6931471805599453,0.0,0.0,0.0,0.0,0.0,0.0,0.0,0.6931471805599453,0.0,0.0,0.0,0.0,0.0,0.75750504954275,0.0,0.6931471805599453,0.0,0.0,0.0,0.08701137698962977,-0.6931471805599453,0.0,0.0,0.0,-0.6931471805599453,0.0,0.0,0.0
6.372363747448347,0.2973629040733618,Cc1c(-c2cccc(S(C)(=O)=O)c2)c2cc(C(=O)N(C)C)ccc2n1C/C(F)=C/CN,0.6812318738309034,0.0,0.0,0.0,0.0,0.6931471805599453,0.0,0.6931471805599453,0.0,0.0,0.0,0.0,0.0,0.0,0.0,0.0,0.0,0.6931471805599453,0.0,0.04310361744086199,0.0,0.0,0.0,0.0,0.0,0.6931471805599453,0.0,0.0,0.0,0.0,0.0,0.6931471805599453,0.0,0.0,0.0,0.0,0.0,0.0,-0.6931471805599453,-0.5376983728162604,-0.5370004781028717,0.0,0.0,-0.42703155443590324,0.0,0.0,0.0,0.0,0.0,0.0,0.7680826248336999,0.0,0.0,0.0,0.6931471805599453,0.6931471805599453,0.0,-0.6931471805599453,0.6931471805599453,0.0,0.0,0.0,-0.6931471805599453,-0.6931471805599453,0.0,0.0,0.6931471805599453,0.0,-0.6931471805599453,0.0,0.0,0.0,0.0,-0.6931471805599453,0.0,0.0,0.0,-0.6931471805599453,0.0,0.0,-0.6931471805599453,0.0,0.0,0.0,0.0,0.0,0.0,0.0,0.0,-0.6931471805599453,0.0,0.0,0.0,0.0,0.0,0.0,0.0,0.0,0.0,-0.6931471805599453,0.0,0.0,0.0,0.0,0.0,0.0,0.0,0.6931471805599453,0.0,0.0,0.0,0.0,0.0,-0.6931471805599453,0.0,0.0,0.0,-0.6931471805599453,0.0,0.6931471805599453,-0.6931471805599453,0.0,0.6931471805599453,0.0,0.0,0.0,0.0,0.0,0.0,0.0,0.0,0.0,0.0,0.0,0.0,0.0,0.0,0.0,0.0,0.0,0.0,0.0,0.0,-0.6931471805599453,0.0,0.0,0.0,0.0,-0.6931471805599453,-0.6931471805599453,0.0,0.0,0.0,-0.6931471805599453,0.0,0.0,0.0,-0.6931471805599453,0.0,0.0,0.0,0.0,0.0,0.0,0.0,0.6931471805599453,0.0,0.0,0.0,0.0,0.0,0.8205180173714841,0.0,0.6931471805599453,0.0,0.0,0.0,-0.4450742462032102,-0.6931471805599453,0.0,0.0,0.0,-0.6931471805599453,0.0,0.0,0.0
6.372363747448347,0.2973629040733618,Cc1c(-c2cccc(S(=O)(=O)N(C)C)c2)c2cc(C#N)ccc2n1C/C(F)=C/CN,1.124354530153406,0.0,0.0,0.0,0.0,0.6931471805599453,0.0,0.6931471805599453,0.0,0.0,0.0,0.0,0.0,0.0,0.0,0.0,0.0,0.6931471805599453,0.0,0.04310361744086199,0.0,0.0,0.0,0.0,0.0,0.6931471805599453,0.0,0.0,0.0,0.0,0.0,0.6931471805599453,0.0,0.0,0.0,0.0,0.0,0.0,-0.6931471805599453,-0.5376983728162604,-0.5370004781028717,0.0,0.0,-0.48373020300112074,0.0,0.0,0.0,0.0,0.0,0.0,0.82190727484748,0.0,0.0,0.0,0.6931471805599453,0.6931471805599453,0.0,-0.6931471805599453,0.6931471805599453,0.0,0.0,0.0,0.0,-0.6931471805599453,0.0,0.0,0.6931471805599453,0.0,-0.6931471805599453,0.0,0.0,0.0,0.0,-0.6931471805599453,0.0,0.0,0.0,0.0,0.0,0.0,-0.6931471805599453,0.0,0.0,0.0,0.0,0.0,0.0,0.0,0.0,-0.6931471805599453,0.0,0.0,0.0,0.0,0.0,0.0,0.0,0.0,0.0,-0.6931471805599453,0.0,0.0,0.0,0.0,0.0,0.0,0.0,0.6931471805599453,0.0,0.0,0.0,0.0,0.0,-0.6931471805599453,0.0,0.0,0.0,-0.6931471805599453,0.0,0.6931471805599453,0.0,0.0,0.6931471805599453,0.0,0.0,0.0,0.0,0.0,0.0,0.0,0.0,0.0,0.0,0.0,0.0,0.0,0.0,0.0,0.0,0.0,0.0,0.0,0.0,-0.6931471805599453,0.0,0.0,0.0,0.0,-0.6931471805599453,0.0,0.0,0.0,0.0,-0.6931471805599453,0.0,0.0,0.0,-0.6931471805599453,0.0,0.0,0.0,0.0,0.0,0.0,0.0,0.6931471805599453,0.0,0.0,0.0,0.0,0.0,0.805133098532004,0.0,0.6931471805599453,0.0,0.0,0.0,-0.2876820724517809,-0.6931471805599453,0.0,0.0,0.0,-0.6931471805599453,0.0,0.0,0.0
6.372363747448347,0.2973629040733618,Cc1c(-c2cccc(S(N)(=O)=O)c2)c2cc(C(=O)N(C)C)ccc2n1C/C(F)=C/CN,0.6812318738309034,0.0,0.0,0.0,0.0,0.6931471805599453,0.0,0.6931471805599453,0.0,0.0,0.0,0.0,0.0,0.0,0.0,0.0,0.0,0.6931471805599453,0.0,0.04310361744086199,0.0,0.0,0.0,0.0,0.0,0.6931471805599453,0.0,0.0,0.0,0.0,0.0,0.6931471805599453,0.0,0.0,0.0,0.0,0.0,0.0,-0.6931471805599453,-0.5376983728162604,-0.5370004781028717,0.0,0.0,-0.48373020300112074,0.0,0.0,0.0,0.0,0.0,0.0,0.783326822476817,0.0,0.0,0.0,0.6931471805599453,0.6931471805599453,0.0,-0.6931471805599453,0.6931471805599453,0.0,0.0,0.0,-0.6931471805599453,-0.6931471805599453,0.0,0.0,0.6931471805599453,0.0,-0.6931471805599453,0.0,0.0,0.0,0.0,-0.6931471805599453,0.0,0.0,0.0,-0.6931471805599453,0.0,0.0,-0.6931471805599453,0.0,0.0,0.0,0.0,0.0,0.0,0.0,0.0,-0.6931471805599453,0.0,0.0,0.0,0.0,0.0,0.0,0.0,0.0,0.0,-0.6931471805599453,0.0,0.0,0.0,0.0,0.0,0.0,0.0,0.6931471805599453,0.0,0.0,0.0,0.0,0.0,-0.6931471805599453,0.0,0.0,0.0,-0.6931471805599453,0.0,0.6931471805599453,-0.6931471805599453,0.0,0.6931471805599453,0.0,0.0,0.0,0.0,0.0,0.0,0.0,0.0,0.0,0.0,0.0,0.0,0.0,0.0,0.0,0.0,0.0,0.0,0.0,0.0,0.0,0.0,0.0,0.0,0.0,-0.6931471805599453,-0.6931471805599453,0.0,0.0,0.0,-0.6931471805599453,0.0,0.0,0.0,-0.6931471805599453,0.0,0.0,0.0,0.0,0.0,0.0,0.0,0.6931471805599453,0.0,0.0,0.0,0.0,0.0,0.9174461335047128,0.0,0.6931471805599453,0.0,0.0,0.0,-0.4450742462032102,-0.6931471805599453,0.0,0.0,0.0,-0.6931471805599453,0.0,0.0,0.0
6.372363747448347,0.2973629040733618,Cc1c(-c2cccc(S(=O)(=O)N(C)C)c2)c2cc(-c3ncon3)ccc2n1C/C(F)=C/CN,1.3972027476884208,0.0,0.0,0.0,0.0,0.6931471805599453,0.0,0.6931471805599453,0.0,0.0,0.0,0.0,0.0,0.0,0.0,0.0,0.0,0.6931471805599453,0.0,1.1889155518423267,0.0,0.0,0.0,0.0,0.0,0.6931471805599453,0.0,0.0,0.0,0.0,0.0,0.6931471805599453,0.0,0.0,0.0,0.0,0.0,0.0,-0.6931471805599453,-0.5376983728162604,-0.5370004781028717,0.0,0.0,-0.48373020300112074,0.0,0.0,0.0,0.0,0.0,0.0,0.7572717087294843,0.0,0.0,0.0,0.6931471805599453,0.6931471805599453,0.0,-0.6931471805599453,0.6931471805599453,0.0,0.0,0.0,-0.6931471805599453,-0.6931471805599453,0.0,0.0,0.6931471805599453,0.0,-0.6931471805599453,0.0,0.0,0.0,0.0,-0.6931471805599453,0.0,0.0,0.0,-0.6931471805599453,0.0,0.0,-0.6931471805599453,0.0,0.0,0.0,0.0,0.0,0.0,0.0,0.0,-0.6931471805599453,0.0,0.0,0.0,0.0,0.0,0.0,0.0,0.0,0.0,-0.6931471805599453,0.0,0.0,0.0,0.0,0.0,0.0,0.0,0.6931471805599453,0.0,0.0,0.0,0.0,0.0,0.0,0.0,0.0,0.0,-0.6931471805599453,0.0,0.6931471805599453,-0.6931471805599453,0.0,0.6931471805599453,0.0,0.0,0.0,0.0,0.0,0.0,0.0,0.0,0.0,0.0,0.0,0.0,0.0,0.0,0.0,0.0,0.0,0.0,0.0,0.0,-0.6931471805599453,0.0,0.0,0.0,0.0,0.0,-0.6931471805599453,0.0,0.0,0.0,-0.6931471805599453,0.0,0.0,0.0,-0.6931471805599453,0.0,0.0,0.0,0.0,0.0,0.0,0.0,0.6931471805599453,0.0,0.0,0.0,0.0,0.0,0.24487110701997458,0.0,0.6931471805599453,0.0,0.0,0.0,-0.29898162770571435,0.0,0.0,0.0,0.0,-0.6931471805599453,0.0,0.0,0.0
6.372363747448347,0.2973629040733618,Cc1c(-c2cccc(C(F)(F)F)c2)c2cc(C(=O)N(C)C)ccc2n1C/C(F)=C/CN,0.6812318738309034,0.0,0.0,0.0,0.0,0.6931471805599453,0.0,0.6931471805599453,0.0,0.0,0.0,0.0,0.0,0.0,0.0,0.0,0.0,0.6931471805599453,0.0,0.04310361744086199,0.0,0.0,0.0,0.0,0.0,0.6931471805599453,0.0,0.0,0.0,0.0,0.0,0.6931471805599453,0.0,0.0,0.0,0.0,0.0,0.0,-0.6931471805599453,-0.5376983728162604,-0.5370004781028717,0.0,0.0,-0.48373020300112074,0.0,0.0,0.0,0.0,0.0,0.0,-0.02614528010432233,0.0,0.0,0.0,0.6931471805599453,0.6931471805599453,0.0,-0.6931471805599453,0.6931471805599453,0.0,0.0,0.0,-0.6931471805599453,-0.6931471805599453,0.0,0.0,0.6931471805599453,0.0,-0.6931471805599453,0.0,0.0,0.0,0.0,-0.6931471805599453,0.0,0.0,0.0,-0.6931471805599453,0.0,0.0,-0.6931471805599453,0.0,0.0,0.0,0.0,0.0,0.0,0.0,0.0,-0.6931471805599453,0.0,0.0,0.0,0.0,0.0,0.0,0.0,0.0,0.0,-0.6931471805599453,0.0,0.0,0.0,0.0,0.0,0.0,0.0,0.6931471805599453,0.0,0.0,0.0,0.0,0.0,-0.6931471805599453,0.0,0.0,0.0,-0.6931471805599453,0.0,0.6931471805599453,-0.6931471805599453,0.0,0.6931471805599453,0.0,0.0,0.0,0.0,0.0,0.0,0.0,0.0,0.0,0.0,0.0,0.0,0.0,0.0,0.0,0.0,0.0,0.0,0.0,0.0,-0.6931471805599453,0.0,0.0,0.0,0.0,-0.6931471805599453,-0.6931471805599453,0.0,0.0,0.0,-0.6931471805599453,0.0,0.0,0.0,-0.6931471805599453,0.0,0.0,0.0,0.0,0.0,0.0,0.0,0.6931471805599453,0.0,0.0,0.0,0.0,0.0,0.9626005309852561,0.0,0.6931471805599453,0.0,0.0,0.0,-0.37469344944141064,-0.6931471805599453,0.0,0.0,0.0,-0.6931471805599453,0.0,0.0,0.0
6.372363747448347,0.2973629040733618,Cc1c(-c2cccc(S(=O)(=O)C(F)(F)F)c2)c2cc(C(=O)N(C)C)ccc2n1C/C(F)=C/CN,0.6812318738309034,0.0,0.0,0.0,0.0,0.6931471805599453,0.0,0.6931471805599453,0.0,0.0,0.0,0.0,0.0,0.0,0.0,0.0,0.0,0.6931471805599453,0.0,0.04310361744086199,0.0,0.0,0.0,0.0,0.0,0.6931471805599453,0.0,0.0,0.0,0.0,0.0,0.6931471805599453,0.0,0.0,0.0,0.0,0.0,0.0,-0.6931471805599453,-0.4103820324843996,-0.5370004781028717,0.0,0.0,-0.28773596512508504,0.0,0.0,0.0,0.0,0.0,0.0,0.6981017736846288,0.0,0.0,0.0,0.6931471805599453,0.6931471805599453,0.0,-0.6931471805599453,0.6931471805599453,0.0,0.0,0.0,-0.6931471805599453,-0.6931471805599453,0.0,0.0,0.6931471805599453,0.0,-0.6931471805599453,0.0,0.0,0.0,0.0,-0.6931471805599453,0.0,0.0,0.0,-0.6931471805599453,0.0,0.0,-0.6931471805599453,0.0,0.0,0.0,0.0,0.0,0.0,0.0,0.0,-0.6931471805599453,0.0,0.0,0.0,0.0,0.0,0.0,0.0,0.0,0.0,-0.6931471805599453,0.0,0.0,0.0,0.0,0.0,0.0,0.0,0.6931471805599453,0.0,0.0,0.0,0.0,0.0,-0.6931471805599453,0.0,0.0,0.0,-0.6931471805599453,0.0,0.6931471805599453,-0.6931471805599453,0.0,0.6931471805599453,0.0,0.0,0.0,0.0,0.0,0.0,0.0,0.0,0.0,0.0,0.0,0.0,0.0,0.0,0.0,0.0,0.0,0.0,0.0,0.0,0.0,0.0,0.0,0.0,0.0,0.0,-0.6931471805599453,0.0,0.0,0.0,0.0,0.0,0.0,0.0,-0.6931471805599453,0.0,0.0,0.0,0.0,0.0,0.0,0.0,0.6931471805599453,0.0,0.0,0.0,0.0,0.0,-0.6118995082870664,0.0,0.6931471805599453,0.0,0.0,0.0,0.29898162770571435,-0.6931471805599453,0.0,0.0,0.0,-0.6931471805599453,0.0,0.0,0.0
6.372363747448347,0.2973629040733618,Cc1c(-c2cccc(S(=O)(=O)N(C)C)c2)c2cc(S(=O)(=O)N(C)C)ccc2n1C/C(F)=C/CN,0.6812318738309034,0.0,0.0,0.0,0.0,0.6931471805599453,0.0,0.6931471805599453,0.0,0.0,0.0,0.0,0.0,0.0,0.0,0.0,0.0,0.6931471805599453,0.0,0.04310361744086199,0.0,0.0,0.0,0.0,0.0,0.6931471805599453,0.0,0.0,0.0,0.0,0.0,0.6931471805599453,0.0,0.0,0.0,0.0,0.0,0.0,-0.6931471805599453,-0.5376983728162604,-0.5370004781028717,0.0,0.0,-0.48373020300112074,0.0,0.0,0.0,0.0,0.0,0.0,0.8618555253191383,0.0,0.0,0.0,0.6931471805599453,0.6931471805599453,0.0,-0.6931471805599453,0.6931471805599453,0.0,0.0,0.0,-0.6931471805599453,-0.6931471805599453,0.0,0.0,0.6931471805599453,0.0,-0.6931471805599453,0.0,0.0,0.0,0.0,-0.6931471805599453,0.0,0.0,0.0,-0.6931471805599453,0.0,0.0,-0.6931471805599453,0.0,0.0,0.0,0.0,0.0,0.0,0.0,0.0,-0.6931471805599453,0.0,0.0,0.0,0.0,0.0,0.0,0.0,0.0,0.0,-0.6931471805599453,0.0,0.0,0.0,0.0,0.0,0.0,0.0,0.6931471805599453,0.0,0.0,0.0,0.0,0.0,-0.6931471805599453,0.0,0.0,0.0,-0.6931471805599453,0.0,0.6931471805599453,-0.6931471805599453,0.0,0.6931471805599453,0.0,0.0,0.0,0.0,0.0,0.0,0.0,0.0,0.0,0.0,0.0,0.0,0.0,0.0,0.0,0.0,0.0,0.0,0.0,0.0,-0.6931471805599453,0.0,0.0,0.0,0.0,-0.6931471805599453,-0.6931471805599453,0.0,0.0,0.0,-0.6931471805599453,0.0,0.0,0.0,-0.6931471805599453,0.0,0.0,0.0,0.0,0.0,0.0,0.0,0.6931471805599453,0.0,0.0,0.0,0.0,0.0,0.9757586155627677,0.0,0.6931471805599453,0.0,0.0,0.0,0.11441035117774422,-0.6931471805599453,0.0,0.0,0.0,-0.6931471805599453,0.0,0.0,0.0
6.372363747448347,0.2973629040733618,Cc1c(-c2cccc(S(=O)(=O)N(C)C)c2)c2cc(C(F)F)ccc2n1C/C(F)=C/CN,0.6812318738309034,0.0,0.0,0.0,0.0,0.6931471805599453,0.0,0.6931471805599453,0.0,0.0,0.0,0.0,0.0,0.0,0.0,0.0,0.0,0.6931471805599453,0.0,0.04310361744086199,0.0,0.0,0.0,0.0,0.0,0.6931471805599453,0.0,0.0,0.0,0.0,0.0,0.6931471805599453,0.0,0.0,0.0,0.0,0.0,0.0,-0.6931471805599453,-0.5367632610292937,-0.5370004781028717,0.0,0.0,-0.48362924326573636,0.0,0.0,0.0,0.0,0.0,0.0,0.7757337715692199,0.0,0.0,0.0,0.6931471805599453,0.6931471805599453,0.0,-0.6931471805599453,0.6931471805599453,0.0,0.0,0.0,-0.6931471805599453,-0.6931471805599453,0.0,0.0,0.6931471805599453,0.0,-0.6931471805599453,0.0,0.0,0.0,0.0,-0.6931471805599453,0.0,0.0,0.0,-0.6931471805599453,0.0,0.0,-0.6931471805599453,0.0,0.0,0.0,0.0,0.0,0.0,0.0,0.0,0.0,0.0,0.0,0.0,0.0,0.0,0.0,0.0,0.0,0.0,-0.6931471805599453,0.0,0.0,0.0,0.0,0.0,0.0,0.0,0.6931471805599453,0.0,0.0,0.0,0.0,0.0,-0.6931471805599453,0.0,0.0,0.0,-0.6931471805599453,0.0,0.6931471805599453,-0.6931471805599453,0.0,0.6931471805599453,0.0,0.0,0.0,0.0,0.0,0.0,0.0,0.0,0.0,0.0,0.0,0.0,0.0,0.0,0.0,0.0,0.0,0.0,0.0,0.0,-0.6931471805599453,0.0,0.0,0.0,0.0,-0.6931471805599453,-0.6931471805599453,0.0,0.0,0.0,-0.6931471805599453,0.0,0.0,0.0,-0.6931471805599453,0.0,0.0,0.0,0.0,0.0,0.0,0.0,0.6931471805599453,0.0,0.0,0.0,0.0,0.0,1.3252180477107922,0.0,0.6931471805599453,0.0,0.0,0.0,-0.5016931402027182,-0.6931471805599453,0.0,0.0,0.0,-0.6931471805599453,0.0,0.0,0.0
6.372363747448347,0.2973629040733618,Cc1c(-c2cccc(S(=O)(=O)N(C)C)c2)c2nc(O)ccc2n1C/C(F)=C/CN,1.113130478767675,0.0,0.0,0.0,0.0,0.6931471805599453,0.0,0.6931471805599453,0.0,0.0,0.0,0.0,0.0,0.0,0.0,0.0,0.0,0.6931471805599453,0.0,0.06738304801147778,0.0,0.0,0.0,0.0,0.0,0.6931471805599453,0.0,0.0,0.0,0.0,0.0,0.6931471805599453,0.0,0.0,0.0,0.0,0.0,0.0,-0.6931471805599453,-0.5376983728162604,-0.5370004781028717,0.0,0.0,-0.48373020300112074,0.0,0.0,0.0,0.0,0.0,0.0,0.8306029818150339,0.0,0.0,0.0,0.0,0.6931471805599453,0.0,-0.6931471805599453,0.6931471805599453,0.0,0.0,0.0,-0.6931471805599453,-0.6931471805599453,0.0,0.0,0.6931471805599453,0.0,-0.6931471805599453,0.0,0.0,0.0,0.0,-0.6931471805599453,0.0,0.0,0.0,-0.6931471805599453,0.0,0.0,-0.6931471805599453,0.0,0.0,0.0,0.0,0.0,0.0,0.0,0.0,-0.6931471805599453,0.0,0.0,0.0,0.0,0.0,0.0,0.0,0.0,0.0,-0.6931471805599453,0.0,0.0,0.0,0.0,0.0,0.0,0.0,0.0,0.0,0.0,0.0,0.0,0.0,0.0,0.0,0.0,0.6931471805599453,-0.6931471805599453,0.0,0.6931471805599453,-0.6931471805599453,0.0,0.6931471805599453,0.0,0.0,0.0,0.0,0.0,0.0,0.0,0.0,0.0,0.0,0.0,0.0,0.0,0.0,0.0,0.0,0.0,0.0,0.0,0.0,-0.6931471805599453,0.0,0.0,0.0,0.0,-0.6931471805599453,-0.6931471805599453,0.0,0.0,0.0,-0.6931471805599453,0.0,0.0,0.0,-0.6931471805599453,0.0,0.0,0.0,0.0,0.0,0.0,0.0,0.0,0.0,0.0,0.0,0.0,0.0,0.5336837618420414,0.0,0.0,0.0,0.0,0.0,-0.5552773863368246,0.0,0.0,0.0,0.0,-0.6931471805599453,0.0,0.0,0.0
6.372363747448347,0.2973629040733618,COc1ccc2c(n1)c(-c1cccc(S(=O)(=O)N(C)C)c1)c(C)n2C/C(F)=C/CN,1.113130478767675,0.0,0.0,0.0,0.0,0.6931471805599453,0.0,0.6931471805599453,0.0,0.0,0.0,0.0,0.0,0.0,0.0,0.0,0.0,0.6931471805599453,0.0,0.06738304801147778,0.0,0.0,0.0,0.0,0.0,0.6931471805599453,0.0,0.0,0.0,0.0,0.0,0.6931471805599453,0.0,0.0,0.0,0.0,0.0,0.0,-0.6931471805599453,-0.5376983728162604,-0.5370004781028717,0.0,0.0,-0.48373020300112074,0.0,0.0,0.0,0.0,0.0,0.0,0.7711501119015617,0.0,0.0,0.0,0.0,0.6931471805599453,0.0,-0.6931471805599453,0.6931471805599453,0.0,0.0,0.0,-0.6931471805599453,-0.6931471805599453,0.0,0.0,0.6931471805599453,0.0,-0.6931471805599453,0.0,0.0,0.0,0.0,-0.6931471805599453,0.0,0.0,0.0,-0.6931471805599453,0.0,0.0,-0.6931471805599453,0.0,0.0,0.0,0.0,0.0,0.0,0.0,0.0,-0.6931471805599453,0.0,0.0,0.0,0.0,0.0,0.0,0.0,0.0,0.0,-0.6931471805599453,0.0,0.0,0.0,0.0,0.0,0.0,0.0,0.0,0.0,0.0,0.0,0.0,0.0,0.0,0.0,0.0,0.6931471805599453,-0.6931471805599453,0.0,0.6931471805599453,-0.6931471805599453,0.0,0.6931471805599453,0.0,0.0,0.0,0.0,0.0,0.0,0.0,0.0,0.0,0.0,0.0,0.0,0.0,0.0,0.0,0.0,0.0,0.0,0.0,0.0,-0.6931471805599453,0.0,0.0,0.0,0.0,-0.6931471805599453,-0.6931471805599453,0.0,0.0,0.0,-0.6931471805599453,0.0,0.0,0.0,-0.6931471805599453,0.0,0.0,0.0,0.0,0.0,0.0,0.0,0.0,0.0,0.0,0.0,0.0,0.0,-0.15991438454400775,0.0,0.0,0.0,0.0,0.0,-0.17979311044059593,0.0,0.0,0.0,0.0,-0.6931471805599453,0.0,0.0,0.0
6.372363747448347,0.2973629040733618,Cc1c(-c2cccc(S(=O)(=O)N(C)C)c2)c2cc(Cl)ccc2n1C/C(F)=C/CN,0.6812318738309034,0.0,0.0,0.0,0.0,0.6931471805599453,0.0,0.6931471805599453,0.0,0.0,0.0,0.0,0.0,0.0,0.0,0.0,0.0,0.6931471805599453,0.0,0.04310361744086199,0.0,0.0,0.0,0.0,0.0,0.6931471805599453,0.0,0.0,0.0,0.0,0.0,0.6931471805599453,0.0,0.0,0.0,0.0,0.0,0.0,-0.6931471805599453,-0.5376983728162604,-0.5370004781028717,0.0,0.0,-0.48373020300112074,0.0,0.0,0.0,0.0,0.0,0.0,1.012202777480579,0.0,0.0,0.0,0.6931471805599453,0.6931471805599453,0.0,-0.6931471805599453,0.6931471805599453,0.0,0.0,0.0,-0.6931471805599453,-0.6931471805599453,0.0,0.0,0.6931471805599453,0.0,-0.6931471805599453,0.0,0.0,0.0,0.0,-0.6931471805599453,0.0,0.0,0.0,-0.6931471805599453,0.0,0.0,-0.6931471805599453,0.0,0.0,0.0,0.0,0.0,0.0,0.0,0.0,-0.6931471805599453,0.0,0.0,0.0,0.0,0.0,0.0,0.0,0.0,0.0,-0.6931471805599453,0.0,0.0,0.0,0.0,0.0,0.0,0.0,0.6931471805599453,0.0,0.0,0.0,0.0,0.0,-0.6931471805599453,0.0,0.0,0.0,-0.6931471805599453,0.0,0.6931471805599453,-0.6931471805599453,0.0,0.6931471805599453,0.0,0.0,0.0,0.0,0.0,0.0,0.0,0.0,0.0,0.0,0.0,0.0,0.0,0.0,0.0,0.0,0.0,0.0,0.0,0.0,-0.6931471805599453,0.0,0.0,0.0,0.0,-0.6931471805599453,-0.6931471805599453,0.0,0.0,0.0,-0.6931471805599453,0.0,0.0,0.0,-0.6931471805599453,0.0,0.0,0.0,0.0,0.0,0.0,0.0,0.6931471805599453,0.0,0.0,0.0,0.0,0.0,1.1214704267441618,0.0,0.6931471805599453,0.0,0.0,0.0,0.04445176257083384,-0.6931471805599453,0.0,0.0,0.0,-0.6931471805599453,0.0,0.0,0.0
6.372363747448347,0.2973629040733618,Cc1c(-c2cncc(S(=O)(=O)N(C)C)c2)c2ccccc2n1C/C(F)=C/CN,0.6812318738309034,0.0,0.0,0.0,0.0,0.6931471805599453,0.0,0.6931471805599453,0.0,0.0,0.0,0.0,0.0,0.0,0.0,0.0,0.0,0.6931471805599453,0.0,0.04310361744086199,0.0,0.0,0.0,0.0,0.0,0.6931471805599453,0.0,0.0,0.0,0.0,0.0,0.6931471805599453,0.0,0.0,0.0,0.0,0.0,0.0,-0.6931471805599453,-0.5152019573610027,-0.5370004781028717,0.0,0.0,-0.48373020300112074,0.0,0.0,0.0,0.0,0.0,0.0,0.9903040921729415,0.0,0.0,0.0,0.6931471805599453,0.6931471805599453,0.0,-0.6931471805599453,0.6931471805599453,0.0,0.0,0.0,-0.6931471805599453,-0.6931471805599453,0.0,0.0,0.6931471805599453,0.0,-0.6931471805599453,0.0,0.0,0.0,0.0,-0.6931471805599453,0.0,0.0,0.0,-0.6931471805599453,0.0,0.0,-0.6931471805599453,0.0,0.0,0.0,0.0,0.0,0.0,0.0,0.0,-0.6931471805599453,0.0,0.0,0.0,0.0,0.0,0.0,0.0,0.0,0.0,-0.6931471805599453,0.0,0.0,0.0,0.0,0.0,0.0,0.0,0.6931471805599453,0.0,0.0,0.0,0.0,0.0,-0.6931471805599453,0.0,0.0,0.0,-0.6931471805599453,0.0,0.6931471805599453,-0.6931471805599453,0.0,0.6931471805599453,0.0,0.0,0.0,0.0,0.0,0.0,0.0,0.0,0.0,0.0,0.0,0.0,0.0,0.0,0.0,0.0,0.0,0.0,0.0,0.0,-0.6931471805599453,0.0,0.0,0.0,0.0,-0.6931471805599453,-0.6931471805599453,0.0,0.0,0.0,-0.6931471805599453,0.0,0.0,0.0,-0.6931471805599453,0.0,0.0,0.0,0.0,0.0,0.0,0.0,0.6931471805599453,0.0,0.0,0.0,0.0,0.0,1.2285244229083212,0.0,0.6931471805599453,0.0,0.0,0.0,-0.4924764850977941,-0.6931471805599453,0.0,0.0,0.0,-0.6931471805599453,0.0,0.0,0.0
6.372363747448347,0.2973629040733618,Cc1c(-c2cncc(S(=O)(=O)N(C)C)c2)c2cc(Cl)ccc2n1C/C(F)=C/CN,0.6812318738309034,0.0,0.0,0.0,0.0,0.6931471805599453,0.0,0.6931471805599453,0.0,0.0,0.0,0.0,0.0,0.0,0.0,0.0,0.0,0.6931471805599453,0.0,0.04310361744086199,0.0,0.0,0.0,0.0,0.0,0.6931471805599453,0.0,0.0,0.0,0.0,0.0,0.6931471805599453,0.0,0.0,0.0,0.0,0.0,0.0,-0.6931471805599453,-0.5376983728162604,-0.5370004781028717,0.0,0.0,-0.48373020300112074,0.0,0.0,0.0,0.0,0.0,0.0,1.0253529968674575,0.0,0.0,0.0,0.6931471805599453,0.6931471805599453,0.0,-0.6931471805599453,0.6931471805599453,0.0,0.0,0.0,-0.6931471805599453,-0.6931471805599453,0.0,0.0,0.6931471805599453,0.0,-0.6931471805599453,0.0,0.0,0.0,0.0,-0.6931471805599453,0.0,0.0,0.0,-0.6931471805599453,0.0,0.0,-0.6931471805599453,0.0,0.0,0.0,0.0,0.0,0.0,0.0,0.0,-0.6931471805599453,0.0,0.0,0.0,0.0,0.0,0.0,0.0,0.0,0.0,-0.6931471805599453,0.0,0.0,0.0,0.0,0.0,0.0,0.0,0.6931471805599453,0.0,0.0,0.0,0.0,0.0,-0.6931471805599453,0.0,0.0,0.0,-0.6931471805599453,0.0,0.6931471805599453,-0.6931471805599453,0.0,0.6931471805599453,0.0,0.0,0.0,0.0,0.0,0.0,0.0,0.0,0.0,0.0,0.0,0.0,0.0,0.0,0.0,0.0,0.0,0.0,0.0,0.0,-0.6931471805599453,0.0,0.0,0.0,0.0,-0.6931471805599453,-0.6931471805599453,0.0,0.0,0.0,-0.6931471805599453,0.0,0.0,0.0,-0.6931471805599453,0.0,0.0,0.0,0.0,0.0,0.0,0.0,0.6931471805599453,0.0,0.0,0.0,0.0,0.0,1.0593145012537413,0.0,0.6931471805599453,0.0,0.0,0.0,0.2646925542270822,-0.6931471805599453,0.0,0.0,0.0,-0.6931471805599453,0.0,0.0,0.0
6.372363747448347,0.2973629040733618,Cc1c(-c2cncc(S(C)(=O)=O)c2)c2cc(Cl)ccc2n1C/C(F)=C/CN,0.6812318738309034,0.0,0.0,0.0,0.0,0.6931471805599453,0.0,0.6931471805599453,0.0,0.0,0.0,0.0,0.0,0.0,0.0,0.0,0.0,0.6931471805599453,0.0,0.04310361744086199,0.0,0.0,0.0,0.0,0.0,0.6931471805599453,0.0,0.0,0.0,0.0,0.0,0.6931471805599453,0.0,0.0,0.0,0.0,0.0,0.0,-0.6931471805599453,-0.5376983728162604,-0.5370004781028717,0.0,0.0,-0.48373020300112074,0.0,0.0,0.0,0.0,0.0,0.0,1.0637968689827453,0.0,0.0,0.0,0.6931471805599453,0.6931471805599453,0.0,-0.6931471805599453,0.6931471805599453,0.0,0.0,0.0,-0.6931471805599453,-0.6931471805599453,0.0,0.0,0.6931471805599453,0.0,-0.6931471805599453,0.0,0.0,0.0,0.0,-0.6931471805599453,0.0,0.0,0.0,-0.6931471805599453,0.0,0.0,-0.6931471805599453,0.0,0.0,0.0,0.0,0.0,0.0,0.0,0.0,-0.6931471805599453,0.0,0.0,0.0,0.0,0.0,0.0,0.0,0.0,0.0,-0.6931471805599453,0.0,0.0,0.0,0.0,0.0,0.0,0.0,0.6931471805599453,0.0,0.0,0.0,0.0,0.0,-0.6931471805599453,0.0,0.0,0.0,-0.6931471805599453,0.0,0.6931471805599453,-0.6931471805599453,0.0,0.6931471805599453,0.0,0.0,0.0,0.0,0.0,0.0,0.0,0.0,0.0,0.0,0.0,0.0,0.0,0.0,0.0,0.0,0.0,0.0,0.0,0.0,-0.6931471805599453,0.0,0.0,0.0,0.0,-0.6931471805599453,-0.6931471805599453,0.0,0.0,0.0,-0.6931471805599453,0.0,0.0,0.0,-0.6931471805599453,0.0,0.0,0.0,0.0,0.0,0.0,0.0,0.6931471805599453,0.0,0.0,0.0,0.0,0.0,1.1835341366486634,0.0,0.6931471805599453,0.0,0.0,0.0,0.3953127366441464,-0.6931471805599453,0.0,0.0,0.0,-0.6931471805599453,0.0,0.0,0.0
6.372363747448347,0.2973629040733618,CN(C)S(=O)(=O)c1cncc(-c2cn(C/C(F)=C/CN)c3ccc(Cl)cc23)c1,0.6812318738309034,0.0,0.0,0.0,0.0,0.6931471805599453,0.0,0.6931471805599453,0.0,0.0,0.0,0.0,0.0,0.0,0.0,0.0,0.0,0.6931471805599453,0.0,0.04310361744086199,0.0,0.0,0.0,0.0,0.0,0.6931471805599453,0.0,0.0,0.0,0.0,0.0,0.6931471805599453,0.0,0.0,0.0,0.0,0.0,0.0,-0.6931471805599453,-0.5376983728162604,-0.5370004781028717,0.0,0.0,-0.48373020300112074,0.0,0.0,0.0,0.0,0.0,0.0,0.6526010861655958,0.0,0.0,0.0,0.6931471805599453,0.6931471805599453,0.0,-0.6931471805599453,0.0,0.0,0.0,0.0,-0.6931471805599453,-0.6931471805599453,0.0,0.0,0.6931471805599453,0.0,-0.6931471805599453,0.0,0.0,0.0,0.0,-0.6931471805599453,0.0,0.0,0.0,-0.6931471805599453,0.0,0.0,-0.6931471805599453,-0.6931471805599453,0.0,0.0,0.0,0.0,0.0,0.0,0.0,-0.6931471805599453,0.0,0.0,0.0,0.0,0.0,0.0,0.0,0.0,0.0,-0.6931471805599453,0.0,0.0,0.0,0.0,0.0,0.0,0.0,0.0,0.0,0.0,0.0,0.0,0.0,-0.6931471805599453,0.0,0.0,0.0,-0.6931471805599453,0.0,0.6931471805599453,-0.6931471805599453,0.0,0.6931471805599453,0.0,0.0,0.0,0.0,0.0,0.0,0.0,0.0,0.0,0.0,0.0,0.0,0.0,0.0,0.0,0.0,0.0,0.0,0.0,0.0,-0.6931471805599453,0.0,0.0,0.0,0.0,-0.6931471805599453,-0.6931471805599453,0.0,0.0,0.0,-0.6931471805599453,0.0,0.0,0.0,-0.6931471805599453,0.0,0.0,0.0,0.0,0.0,0.0,0.0,0.6931471805599453,0.0,0.0,0.0,0.0,0.0,0.4634795031687927,0.0,0.6931471805599453,0.0,0.0,0.0,0.8142915639190328,0.0,0.0,0.0,0.0,-0.6931471805599453,0.0,0.0,0.0
6.372363747448347,0.2973629040733618,Cc1c(-c2cncc(S(=O)(=O)N(C)C)c2)c2ccc(Cl)cc2n1C/C(F)=C/CN,0.6812318738309034,0.0,0.0,0.0,0.0,0.6931471805599453,0.0,0.6931471805599453,0.0,0.0,0.0,0.0,0.0,0.0,0.0,0.0,0.0,0.6931471805599453,0.0,0.04310361744086199,0.0,0.0,0.0,0.0,0.0,0.6931471805599453,0.0,0.0,0.0,0.0,0.0,0.6931471805599453,0.0,0.0,0.0,0.0,0.0,0.0,-0.6931471805599453,-0.5376983728162604,-0.5370004781028717,0.0,0.0,-0.48373020300112074,0.0,0.0,0.0,0.0,0.0,0.0,0.8101941101838268,0.0,0.0,0.0,0.6931471805599453,0.6931471805599453,0.0,-0.6931471805599453,0.6931471805599453,0.0,0.0,0.0,-0.6931471805599453,-0.6931471805599453,0.0,0.0,0.6931471805599453,0.0,-0.6931471805599453,0.0,0.0,0.0,0.0,-0.6931471805599453,0.0,0.0,0.0,-0.6931471805599453,0.0,0.0,-0.6931471805599453,0.0,0.0,0.0,0.0,0.0,0.0,0.0,0.0,-0.6931471805599453,0.0,0.0,0.0,0.0,0.0,0.0,0.0,0.0,0.0,-0.6931471805599453,0.0,0.0,0.0,0.0,0.0,0.0,0.0,0.6931471805599453,0.0,0.0,0.0,0.0,0.0,-0.6931471805599453,0.0,0.0,0.0,-0.6931471805599453,0.0,0.6931471805599453,-0.6931471805599453,0.0,0.6931471805599453,0.0,0.0,0.0,0.0,0.0,0.0,0.0,0.0,0.0,0.0,0.0,0.0,0.0,0.0,0.0,0.0,0.0,0.0,0.0,0.0,-0.6931471805599453,0.0,0.0,0.0,0.0,-0.6931471805599453,-0.6931471805599453,0.0,0.0,0.0,-0.6931471805599453,0.0,0.0,0.0,0.0,0.0,0.0,0.0,0.0,0.0,0.0,0.0,0.6931471805599453,0.0,0.0,0.0,0.0,0.0,1.208010883075218,0.0,0.6931471805599453,0.0,0.0,0.0,0.2646925542270822,-0.6931471805599453,0.0,0.0,0.0,-0.6931471805599453,0.0,0.0,0.0
6.372363747448347,0.2973629040733618,COc1ccc2c(n1)c(-c1cccc(SC)c1)c(C)n2C/C(F)=C/CN,1.113130478767675,0.0,0.0,0.0,0.0,0.6931471805599453,0.0,0.6931471805599453,0.0,0.0,0.0,0.0,0.0,0.0,0.0,0.0,0.0,0.6931471805599453,0.0,0.06738304801147778,0.0,0.0,0.0,0.0,0.0,0.6931471805599453,0.0,0.0,0.0,0.0,0.0,0.6931471805599453,0.0,0.0,0.0,0.0,0.0,0.0,-0.6931471805599453,-0.5376983728162604,-0.5370004781028717,0.0,0.0,-0.48373020300112074,0.0,0.0,0.0,0.0,0.0,0.0,0.818991820887356,0.0,0.0,0.0,0.6931471805599453,0.6931471805599453,0.0,-0.6931471805599453,0.6931471805599453,0.0,0.0,0.0,-0.6931471805599453,-0.6931471805599453,0.0,0.0,0.6931471805599453,0.0,-0.6931471805599453,0.0,0.0,0.0,0.0,-0.6931471805599453,0.0,0.0,0.0,-0.6931471805599453,0.0,0.0,-0.6931471805599453,0.0,0.0,0.0,0.0,0.0,0.0,0.0,0.0,-0.6931471805599453,0.0,0.0,0.0,0.0,0.0,0.0,0.0,0.0,0.0,-0.6931471805599453,0.0,0.0,0.0,0.0,0.0,0.0,0.0,0.0,0.0,0.0,0.0,0.0,0.0,0.0,0.0,0.0,0.6931471805599453,-0.6931471805599453,0.0,0.6931471805599453,-0.6931471805599453,0.0,0.6931471805599453,0.0,0.0,0.0,0.0,0.0,0.0,0.6931471805599453,0.0,0.0,0.0,0.0,0.0,0.0,0.0,0.0,0.0,0.0,0.0,0.0,0.0,-0.6931471805599453,0.0,0.0,0.0,0.0,-0.6931471805599453,-0.6931471805599453,0.0,0.0,0.0,-0.6931471805599453,0.0,0.0,0.0,-0.6931471805599453,0.0,0.0,0.0,0.0,0.0,0.0,0.0,0.0,0.0,0.0,0.0,0.0,0.0,1.063314506587087,0.0,0.0,0.0,0.0,0.0,-0.6778797084291569,0.0,0.0,0.0,0.0,-0.6931471805599453,0.0,0.0,0.0
6.372363747448347,0.2973629040733618,COc1ccc2c(n1)c(-c1cccc(S(C)(=O)=O)c1)c(C)n2C/C(F)=C/CN,1.113130478767675,0.0,0.0,0.0,0.0,0.6931471805599453,0.0,0.6931471805599453,0.0,0.0,0.0,0.0,0.0,0.0,0.0,0.0,0.0,0.6931471805599453,0.0,0.06738304801147778,0.0,0.0,0.0,0.0,0.0,0.6931471805599453,0.0,0.0,0.0,0.0,0.0,0.6931471805599453,0.0,0.0,0.0,0.0,0.0,0.0,-0.6931471805599453,-0.5376983728162604,-0.5370004781028717,0.0,0.0,-0.48373020300112074,0.0,0.0,0.0,0.0,0.0,0.0,0.802803093537438,0.0,0.0,0.0,0.6931471805599453,0.6931471805599453,0.0,-0.6931471805599453,0.6931471805599453,0.0,0.0,0.0,-0.6931471805599453,-0.6931471805599453,0.0,0.0,0.6931471805599453,0.0,-0.6931471805599453,0.0,0.0,0.0,0.0,-0.6931471805599453,0.0,0.0,0.0,-0.6931471805599453,0.0,0.0,-0.6931471805599453,0.0,0.0,0.0,0.0,0.0,0.0,0.0,0.0,-0.6931471805599453,0.0,0.0,0.0,0.0,0.0,0.0,0.0,0.0,0.0,-0.6931471805599453,0.0,0.0,0.0,0.0,0.0,0.0,0.0,0.0,0.0,0.0,0.0,0.0,0.0,0.0,0.0,0.0,0.6931471805599453,-0.6931471805599453,0.0,0.6931471805599453,-0.6931471805599453,0.0,0.6931471805599453,0.0,0.0,0.0,0.0,0.0,0.0,0.0,0.0,0.0,0.0,0.0,0.0,0.0,0.0,0.0,0.0,0.0,0.0,0.0,0.0,-0.6931471805599453,0.0,0.0,0.0,0.0,-0.6931471805599453,-0.6931471805599453,0.0,0.0,0.0,-0.6931471805599453,0.0,0.0,0.0,-0.6931471805599453,0.0,0.0,0.0,0.0,0.0,0.0,0.0,0.0,0.0,0.0,0.0,0.0,0.0,0.36416130196692964,0.0,0.0,0.0,0.0,0.0,-0.08701137698962977,0.0,0.0,0.0,0.0,-0.6931471805599453,0.0,0.0,0.0
6.372363747448347,0.2973629040733618,CNS(=O)(=O)c1cncc(-c2c(C)n(C/C(F)=C/CN)c3ccc(Cl)cc23)c1,0.6812318738309034,0.0,0.0,0.0,0.0,0.6931471805599453,0.0,0.6931471805599453,0.0,0.0,0.0,0.0,0.0,0.0,0.0,0.0,0.0,0.6931471805599453,0.0,0.04310361744086199,0.0,0.0,0.0,0.0,0.0,0.6931471805599453,0.0,0.0,0.0,0.0,0.0,0.6931471805599453,0.0,0.0,0.0,0.0,0.0,0.0,-0.6931471805599453,-0.5376983728162604,-0.5370004781028717,0.0,0.0,-0.48373020300112074,0.0,0.0,0.0,0.0,0.0,0.0,1.0499876737085587,0.0,0.0,0.0,0.6931471805599453,0.6931471805599453,0.0,-0.6931471805599453,0.6931471805599453,0.0,0.0,0.0,-0.6931471805599453,-0.6931471805599453,0.0,0.0,0.6931471805599453,0.0,-0.6931471805599453,0.0,0.0,0.0,0.0,-0.6931471805599453,0.0,0.0,0.0,-0.6931471805599453,0.0,0.0,-0.6931471805599453,0.0,0.0,0.0,0.0,0.0,0.0,0.0,0.0,-0.6931471805599453,0.0,0.0,0.0,0.0,0.0,0.0,0.0,0.0,0.0,-0.6931471805599453,0.0,0.0,0.0,0.0,0.0,0.0,0.0,0.6931471805599453,0.0,0.0,0.0,0.0,0.0,-0.6931471805599453,0.0,0.0,0.0,-0.6931471805599453,0.0,0.6931471805599453,-0.6931471805599453,0.0,0.6931471805599453,0.0,0.0,0.0,0.0,0.0,0.0,0.0,0.0,0.0,0.0,0.0,0.0,0.0,0.0,0.0,0.0,0.0,0.0,0.0,0.0,-0.6931471805599453,0.0,0.0,0.0,0.0,-0.6931471805599453,-0.6931471805599453,0.0,0.0,0.0,-0.6931471805599453,0.0,0.0,0.0,-0.6931471805599453,0.0,0.0,0.0,0.0,0.0,0.0,0.0,0.6931471805599453,0.0,0.0,0.0,0.0,0.0,1.1799880336419133,0.0,0.6931471805599453,0.0,0.0,0.0,1.133355237111982,-0.6931471805599453,0.0,0.0,0.0,-0.6931471805599453,0.0,0.0,0.0
6.372363747448347,0.2973629040733618,Cc1c(-c2cncc(S(=O)(=O)N(C)C)c2)c2cc(F)ccc2n1C/C(F)=C/CN,0.6812318738309034,0.0,0.0,0.0,0.0,0.6931471805599453,0.0,0.6931471805599453,0.0,0.0,0.0,0.0,0.0,0.0,0.0,0.0,0.0,0.6931471805599453,0.0,0.04310361744086199,0.0,0.0,0.0,0.0,0.0,0.6931471805599453,0.0,0.0,0.0,0.0,0.0,0.6931471805599453,0.0,0.0,0.0,0.0,0.0,0.0,-0.6931471805599453,-0.5376983728162604,-0.5370004781028717,0.0,0.0,-0.48373020300112074,0.0,0.0,0.0,0.0,0.0,0.0,0.9628709503927847,0.0,0.0,0.0,0.6931471805599453,0.6931471805599453,0.0,-0.6931471805599453,0.6931471805599453,0.0,0.0,0.0,-0.6931471805599453,-0.6931471805599453,0.0,0.0,0.6931471805599453,0.0,-0.6931471805599453,0.0,0.0,0.0,0.0,-0.6931471805599453,0.0,0.0,0.0,-0.6931471805599453,0.0,0.0,-0.6931471805599453,0.0,0.0,0.0,0.0,0.0,0.0,0.0,0.0,-0.6931471805599453,0.0,0.0,0.0,0.0,0.0,0.0,0.0,0.0,0.0,-0.6931471805599453,0.0,0.0,0.0,0.0,0.0,0.0,0.0,0.6931471805599453,0.0,0.0,0.0,0.0,0.0,-0.6931471805599453,0.0,0.0,0.0,-0.6931471805599453,0.0,0.6931471805599453,-0.6931471805599453,0.0,0.6931471805599453,0.0,0.0,0.0,0.0,0.0,0.0,0.0,0.0,0.0,0.0,0.0,0.0,0.0,0.0,0.0,0.0,0.0,0.0,0.0,0.0,-0.6931471805599453,0.0,0.0,0.0,0.0,0.0,-0.6931471805599453,0.0,0.0,0.0,-0.6931471805599453,0.0,0.0,0.0,-0.6931471805599453,0.0,0.0,0.0,0.0,0.0,0.0,0.0,0.6931471805599453,0.0,0.0,0.0,0.0,0.0,0.8940805845485004,0.0,0.6931471805599453,0.0,0.0,0.0,-0.10080469912196559,-0.6931471805599453,0.0,0.0,0.0,-0.6931471805599453,0.0,0.0,0.0
6.372363747448347,0.2973629040733618,Cc1c(-c2cncc(S(=O)(=O)N(C)C)c2)c2ncc(Cl)cc2n1C/C(F)=C/CN,0.6812318738309034,0.0,0.0,0.0,0.0,0.6931471805599453,0.0,0.6931471805599453,0.0,0.0,0.0,0.0,0.0,0.0,0.0,0.0,0.0,0.6931471805599453,0.0,0.06738304801147778,0.0,0.0,0.0,0.0,0.0,0.6931471805599453,0.0,0.0,0.0,0.0,0.0,0.6931471805599453,0.0,0.0,0.0,0.0,0.0,0.0,-0.6931471805599453,-0.5374179310842966,-0.5370004781028717,0.0,0.0,-0.34825627104199897,0.0,0.0,0.0,0.0,0.0,0.0,0.7711501119015617,0.0,0.0,0.0,0.0,0.6931471805599453,0.0,-0.6931471805599453,0.6931471805599453,0.0,0.0,0.0,-0.6931471805599453,-0.6931471805599453,0.0,0.0,0.6931471805599453,0.0,-0.6931471805599453,0.0,0.0,0.0,0.0,-0.6931471805599453,0.0,0.0,0.0,-0.6931471805599453,0.0,0.0,-0.6931471805599453,0.0,0.0,0.0,0.0,0.0,0.0,0.0,0.0,-0.6931471805599453,0.0,0.0,0.0,0.0,0.0,0.0,0.0,0.0,0.0,-0.6931471805599453,0.0,0.0,0.0,0.0,0.0,0.0,0.0,0.0,0.0,0.0,0.0,0.0,0.0,0.0,0.0,0.0,0.6931471805599453,-0.6931471805599453,0.0,0.6931471805599453,-0.6931471805599453,0.0,0.6931471805599453,0.0,0.0,0.0,0.0,0.0,0.0,0.0,0.0,0.0,0.0,0.0,0.0,0.0,0.0,0.0,0.0,0.0,0.0,0.0,0.0,-0.6931471805599453,0.0,0.0,0.0,0.0,-0.6931471805599453,-0.6931471805599453,0.0,0.0,0.0,-0.6931471805599453,0.0,0.0,0.0,0.0,0.0,0.0,0.0,0.0,0.0,0.0,0.0,0.0,0.0,0.0,0.0,0.0,0.0,0.6727085128826723,0.0,0.6931471805599453,0.0,0.0,0.0,0.2646925542270822,0.0,0.0,0.0,0.0,-0.6931471805599453,0.0,0.0,0.0
6.372363747448347,0.2973629040733618,Cc1c(-c2cncc(S(=O)(=O)N(C)C)c2)c2cc(Cl)cnc2n1C/C(F)=C/CN,0.6812318738309034,0.0,0.0,0.0,0.0,0.6931471805599453,0.0,0.6931471805599453,0.0,0.0,0.0,0.0,0.0,0.0,0.0,0.0,0.0,0.6931471805599453,0.0,0.06738304801147778,0.0,0.0,0.0,0.0,0.0,0.6931471805599453,0.0,0.0,0.0,0.0,0.0,0.6931471805599453,0.0,0.0,0.0,0.0,0.0,0.0,-0.6931471805599453,-0.5376983728162604,-0.5370004781028717,0.0,0.0,-0.48373020300112074,0.0,0.0,0.0,0.0,0.0,0.0,1.0371595094544466,0.0,0.0,0.0,0.6931471805599453,0.6931471805599453,0.0,-0.6931471805599453,0.6931471805599453,0.0,0.0,0.0,0.0,-0.6931471805599453,0.0,0.0,0.6931471805599453,0.0,-0.6931471805599453,0.0,0.0,0.0,0.0,-0.6931471805599453,0.0,0.0,0.0,-0.6931471805599453,0.0,0.0,-0.6931471805599453,0.0,0.0,0.0,0.0,0.0,0.0,0.0,0.0,-0.6931471805599453,0.0,0.0,0.0,0.0,0.0,0.0,0.0,0.0,0.0,-0.6931471805599453,0.0,0.0,0.0,0.0,0.0,0.0,0.0,0.6931471805599453,0.0,0.0,0.0,0.0,0.0,-0.6931471805599453,0.0,0.0,0.0,-0.6931471805599453,0.0,0.6931471805599453,-0.6931471805599453,0.0,0.6931471805599453,0.0,0.0,0.0,0.0,0.0,0.0,0.0,0.0,0.0,0.0,0.0,0.0,0.0,0.0,0.0,0.0,0.0,0.0,0.0,0.0,-0.6931471805599453,0.0,0.0,0.0,0.0,-0.6931471805599453,-0.6931471805599453,0.0,0.0,0.0,-0.6931471805599453,0.0,0.0,0.0,-0.6931471805599453,0.0,0.0,0.0,0.0,0.0,0.0,0.0,0.6931471805599453,0.0,0.0,0.0,0.0,0.0,1.0472175795449123,0.0,0.6931471805599453,0.0,0.0,0.0,0.2646925542270822,-0.6931471805599453,0.0,0.0,0.0,-0.6931471805599453,0.0,0.0,0.0
6.372363747448347,0.2973629040733618,Cc1c(-c2cncc(S(=O)(=O)N(C)C)c2)c2cccc(Cl)c2n1C/C(F)=C/CN,0.6812318738309034,0.0,0.0,0.0,0.0,0.6931471805599453,0.0,0.6931471805599453,0.0,0.0,0.0,0.0,0.0,0.0,0.0,0.0,0.0,0.6931471805599453,0.0,0.04310361744086199,0.0,0.0,0.0,0.0,0.0,0.6931471805599453,0.0,0.0,0.0,0.0,0.0,0.6931471805599453,0.0,0.0,0.0,0.0,0.0,0.0,-0.6931471805599453,-0.5376983728162604,-0.5370004781028717,0.0,0.0,-0.48373020300112074,0.0,0.0,0.0,0.0,0.0,0.0,0.9042985828288914,0.0,0.0,0.0,0.6931471805599453,0.6931471805599453,0.0,-0.6931471805599453,0.6931471805599453,0.0,0.0,0.0,-0.6931471805599453,-0.6931471805599453,0.0,0.0,0.6931471805599453,0.0,-0.6931471805599453,0.0,0.0,0.0,0.0,-0.6931471805599453,0.0,0.0,0.0,-0.6931471805599453,0.0,0.0,-0.6931471805599453,0.0,0.0,0.0,0.0,0.0,0.0,0.0,0.0,-0.6931471805599453,0.0,0.0,0.0,0.0,0.0,0.0,0.0,0.0,0.0,-0.6931471805599453,0.0,0.0,0.0,0.0,0.0,0.0,0.0,0.6931471805599453,0.0,0.0,0.0,0.0,0.0,-0.6931471805599453,0.0,0.0,0.6931471805599453,-0.6931471805599453,0.0,0.6931471805599453,0.0,0.0,0.6931471805599453,0.0,0.0,0.0,0.0,0.0,0.0,0.0,0.0,0.0,0.0,0.0,0.0,0.0,0.0,0.0,0.0,0.0,0.0,0.0,0.0,-0.6931471805599453,0.0,0.0,0.0,0.0,-0.6931471805599453,-0.6931471805599453,0.0,0.0,0.0,-0.6931471805599453,0.0,0.0,0.0,-0.6931471805599453,0.0,0.0,0.0,0.0,0.0,0.0,0.0,0.6931471805599453,0.0,0.0,0.0,0.0,0.0,1.0593145012537413,0.0,0.6931471805599453,0.0,0.0,0.0,-0.3212047644904245,-0.6931471805599453,0.0,0.0,0.0,-0.6931471805599453,0.0,0.0,0.0
6.372363747448347,0.2973629040733618,Cc1c(-c2cncc(S(=O)(=O)N(C)C)c2)c2c(Cl)cccc2n1C/C(F)=C/CN,0.6812318738309034,0.0,0.0,0.0,0.0,0.6931471805599453,0.0,0.6931471805599453,0.0,0.0,0.0,0.0,0.0,0.0,0.0,0.0,0.0,0.6931471805599453,0.0,0.04310361744086199,0.0,0.0,0.0,0.0,0.0,0.6931471805599453,0.0,0.0,0.0,0.0,0.0,0.6931471805599453,0.0,0.0,0.0,0.0,0.0,0.0,-0.6931471805599453,-0.5376983728162604,-0.5370004781028717,0.0,0.0,-0.48373020300112074,0.0,0.0,0.0,0.0,0.0,0.0,0.7619192771260312,0.0,0.0,0.0,0.6931471805599453,0.6931471805599453,0.0,-0.6931471805599453,0.6931471805599453,0.0,0.0,0.0,-0.6931471805599453,-0.6931471805599453,0.0,0.0,0.6931471805599453,0.0,-0.6931471805599453,0.0,0.0,0.0,0.0,-0.6931471805599453,0.0,0.0,0.0,-0.6931471805599453,0.0,0.0,-0.6931471805599453,0.0,0.0,0.0,0.0,0.0,0.0,0.0,0.0,-0.6931471805599453,0.0,0.0,0.0,0.0,0.0,0.0,0.0,0.0,0.0,-0.6931471805599453,0.0,0.0,0.0,0.0,0.0,0.0,0.0,0.0,0.0,0.0,0.0,0.0,0.0,-0.6931471805599453,0.0,0.0,0.0,-0.6931471805599453,0.0,0.6931471805599453,-0.6931471805599453,0.0,0.6931471805599453,0.0,0.0,0.0,0.0,0.0,0.0,0.0,0.0,0.0,0.0,0.0,0.0,0.0,0.0,0.0,0.0,0.0,0.0,0.0,0.0,-0.6931471805599453,0.0,0.0,0.0,0.0,-0.6931471805599453,-0.6931471805599453,0.0,0.0,0.0,-0.6931471805599453,0.0,0.0,0.0,-0.6931471805599453,0.0,0.0,0.0,0.0,0.0,0.0,0.0,0.6931471805599453,0.0,0.0,0.0,0.0,0.0,1.1139089540435851,0.0,0.6931471805599453,0.0,0.0,0.0,-0.3212047644904245,-0.6931471805599453,0.0,0.0,0.0,-0.6931471805599453,0.0,0.0,0.0
6.372363747448347,0.2973629040733618,Cc1c(-c2ccncc2)c2cc(Cl)ccc2n1C/C(F)=C/CN,0.6812318738309034,0.0,0.0,0.0,0.0,0.6931471805599453,0.0,0.6931471805599453,0.0,0.0,0.0,0.0,0.0,0.0,0.0,0.0,0.0,0.6931471805599453,0.0,0.04310361744086199,0.0,0.0,0.0,0.0,0.0,0.6931471805599453,0.0,0.0,0.0,0.0,0.0,0.6931471805599453,0.0,0.0,0.0,0.0,0.0,0.0,-0.6931471805599453,-0.5376983728162604,-0.5370004781028717,0.0,0.0,-0.48373020300112074,0.0,0.0,0.0,0.0,0.0,0.0,1.1781454421904938,0.0,0.0,0.0,0.6931471805599453,0.6931471805599453,0.0,-0.6931471805599453,0.6931471805599453,0.0,0.0,0.0,-0.6931471805599453,-0.6931471805599453,0.0,0.0,0.6931471805599453,0.0,-0.6931471805599453,0.0,0.0,0.0,0.0,-0.6931471805599453,0.0,0.0,0.0,-0.6931471805599453,0.0,0.0,-0.6931471805599453,0.0,0.0,0.0,0.0,0.0,0.0,0.0,0.0,-0.6931471805599453,0.0,0.0,0.0,0.0,0.0,0.0,0.0,0.0,0.0,-0.6931471805599453,0.0,0.0,0.0,0.0,0.0,0.0,0.0,0.6931471805599453,0.0,0.0,0.0,0.0,0.0,-0.6931471805599453,0.0,0.0,0.0,-0.6931471805599453,0.0,0.6931471805599453,-0.6931471805599453,0.0,0.6931471805599453,0.0,0.0,0.0,0.0,0.0,0.0,0.0,0.0,0.0,0.0,0.0,0.0,0.0,0.0,0.0,0.0,0.0,0.0,0.0,0.0,-0.6931471805599453,0.0,0.0,0.0,0.0,-0.6931471805599453,-0.6931471805599453,0.0,0.0,0.0,-0.6931471805599453,0.0,0.0,0.0,-0.6931471805599453,0.0,0.0,0.0,0.0,0.0,0.0,0.0,0.6931471805599453,0.0,0.0,0.0,0.0,0.0,1.6393973129107184,0.0,0.6931471805599453,0.0,0.0,0.0,-0.7303261838016986,-0.6931471805599453,0.0,0.0,0.0,-0.6931471805599453,0.0,0.0,0.0
6.372363747448347,0.2973629040733618,Cc1c(-c2cccnc2)c2cc(Cl)ccc2n1C/C(F)=C/CN,0.6812318738309034,0.0,0.0,0.0,0.0,0.6931471805599453,0.0,0.6931471805599453,0.0,0.0,0.0,0.0,0.0,0.0,0.0,0.0,0.0,0.6931471805599453,0.0,0.04310361744086199,0.0,0.0,0.0,0.0,0.0,0.6931471805599453,0.0,0.0,0.0,0.0,0.0,0.6931471805599453,0.0,0.0,0.0,0.0,0.0,0.0,-0.6931471805599453,-0.5376983728162604,-0.5370004781028717,0.0,0.0,-0.48373020300112074,0.0,0.0,0.0,0.0,0.0,0.0,1.181198879677384,0.0,0.0,0.0,0.6931471805599453,0.6931471805599453,0.0,-0.6931471805599453,0.6931471805599453,0.0,0.0,0.0,-0.6931471805599453,-0.6931471805599453,0.0,0.0,0.6931471805599453,0.0,-0.6931471805599453,0.0,0.0,0.0,0.0,-0.6931471805599453,0.0,0.0,0.0,-0.6931471805599453,0.0,0.0,-0.6931471805599453,0.0,0.0,0.0,0.0,0.0,0.0,0.0,0.0,-0.6931471805599453,0.0,0.0,0.0,0.0,0.0,0.0,0.0,0.0,0.0,-0.6931471805599453,0.0,0.0,0.0,0.0,0.0,0.0,0.0,0.6931471805599453,0.0,0.0,0.0,0.0,0.0,-0.6931471805599453,0.0,0.0,0.0,-0.6931471805599453,0.0,0.6931471805599453,-0.6931471805599453,0.0,0.6931471805599453,0.0,0.0,0.0,0.0,0.0,0.0,0.0,0.0,0.0,0.0,0.0,0.0,0.0,0.0,0.0,0.0,0.0,0.0,0.0,0.0,-0.6931471805599453,0.0,0.0,0.0,0.0,-0.6931471805599453,-0.6931471805599453,0.0,0.0,0.0,-0.6931471805599453,0.0,0.0,0.0,-0.6931471805599453,0.0,0.0,0.0,0.0,0.0,0.0,0.0,0.6931471805599453,0.0,0.0,0.0,0.0,0.0,1.6393973129107184,0.0,0.6931471805599453,0.0,0.0,0.0,-0.7303261838016986,-0.6931471805599453,0.0,0.0,0.0,-0.6931471805599453,0.0,0.0,0.0
6.372363747448347,0.2973629040733618,Cc1c(-c2cccc(S(=O)(=O)N(C)C)n2)c2cc(Cl)ccc2n1C/C(F)=C/CN,0.6931471805599453,0.0,0.0,0.0,0.0,0.6931471805599453,0.0,0.6931471805599453,0.0,0.0,0.0,0.0,0.0,0.0,0.0,0.0,0.0,0.6931471805599453,0.0,0.06738304801147778,0.0,0.0,0.0,0.0,0.0,0.6931471805599453,0.0,0.0,0.0,0.0,0.0,0.0,0.0,0.0,0.0,0.0,0.0,0.0,-0.6931471805599453,-0.5376983728162604,-0.5370004781028717,0.0,0.0,-0.48373020300112074,0.0,0.0,0.0,0.0,0.0,0.0,0.9866072302916152,0.0,0.0,0.0,0.6931471805599453,0.6931471805599453,0.0,-0.6931471805599453,0.6931471805599453,0.0,0.0,0.0,0.0,-0.6931471805599453,0.0,0.0,0.6931471805599453,0.0,-0.6931471805599453,0.0,0.0,0.0,0.0,-0.6931471805599453,0.0,0.0,0.0,-0.6931471805599453,0.0,0.0,-0.6931471805599453,0.0,0.0,0.0,0.0,0.0,0.0,0.0,0.0,-0.6931471805599453,0.0,0.0,0.0,0.0,0.0,0.0,0.0,0.0,0.0,-0.6931471805599453,0.0,0.0,0.0,0.0,0.0,0.0,0.0,0.0,0.0,0.0,0.0,0.0,0.0,-0.6931471805599453,0.0,0.0,0.6931471805599453,-0.6931471805599453,0.0,0.6931471805599453,-0.6931471805599453,0.0,0.6931471805599453,0.0,0.0,0.0,0.0,0.0,0.0,0.0,0.0,0.0,0.0,0.0,0.0,0.0,0.0,0.0,0.0,0.0,0.0,0.0,0.0,-0.6931471805599453,0.0,0.0,0.0,0.0,-0.6931471805599453,-0.6931471805599453,0.0,0.0,0.0,-0.6931471805599453,0.0,0.0,0.0,-0.6931471805599453,0.0,0.0,0.0,0.0,0.0,0.0,0.0,0.6931471805599453,0.0,0.0,0.0,0.0,0.0,0.7629104681096573,0.0,0.6931471805599453,0.0,0.0,0.0,-0.24116205681688804,0.0,0.0,0.0,0.0,-0.6931471805599453,0.0,0.0,0.0
6.372363747448347,0.2973629040733618,Cc1c(-c2cncc(S(=O)(=O)N(C)C)c2)c2cc(C3CC3)ccc2n1C/C(F)=C/CN,0.6812318738309034,0.0,0.0,0.0,0.0,0.6931471805599453,0.0,0.6931471805599453,0.0,0.0,0.0,0.0,0.0,0.0,0.0,0.0,0.0,0.6931471805599453,0.0,0.04310361744086199,0.0,0.0,0.0,0.0,0.0,0.6931471805599453,0.0,0.0,0.0,0.0,0.0,0.6931471805599453,0.0,0.0,0.0,0.0,0.0,0.0,-0.6931471805599453,-0.5376983728162604,-0.5370004781028717,0.0,0.0,-0.48373020300112074,0.0,0.0,0.0,0.0,0.0,0.0,0.7772570011097412,0.0,0.0,0.0,0.6931471805599453,0.6931471805599453,0.0,-0.6931471805599453,0.6931471805599453,0.0,0.0,0.0,-0.6931471805599453,-0.6931471805599453,0.0,0.0,0.6931471805599453,0.0,-0.6931471805599453,0.0,0.0,0.0,0.0,-0.6931471805599453,0.0,0.0,0.0,-0.6931471805599453,0.0,0.0,-0.6931471805599453,0.0,0.0,0.0,0.0,0.0,0.0,0.0,0.0,0.0,0.0,0.0,0.0,0.0,0.0,0.0,0.0,0.0,0.0,-0.6931471805599453,0.0,0.0,0.0,0.0,0.0,0.0,0.0,0.6931471805599453,0.0,0.0,0.0,0.0,0.0,-0.6931471805599453,0.0,0.0,0.0,-0.6931471805599453,0.0,0.6931471805599453,-0.6931471805599453,0.0,0.6931471805599453,0.0,0.0,0.0,0.0,0.0,0.0,0.0,0.0,0.0,0.0,0.0,0.0,0.0,0.0,0.0,0.0,0.0,0.0,0.0,0.0,-0.6931471805599453,0.0,0.0,0.0,0.0,-0.6931471805599453,-0.6931471805599453,0.0,0.0,0.0,-0.6931471805599453,0.0,0.0,0.0,-0.6931471805599453,0.0,0.0,0.0,0.0,0.0,0.0,0.0,0.6931471805599453,0.0,0.0,0.0,0.0,0.0,0.20800057121164678,0.0,0.6931471805599453,0.0,0.0,0.0,-0.4924764850977941,-0.6931471805599453,0.0,0.0,0.0,-0.6931471805599453,0.0,0.0,0.0
6.372363747448347,0.2973629040733618,Cc1c(-c2cncnc2)c2cc(Cl)ccc2n1C/C(F)=C/CN,0.6812318738309034,0.0,0.0,0.0,0.0,0.6931471805599453,0.0,0.6931471805599453,0.0,0.0,0.0,0.0,0.0,0.0,0.0,0.0,0.0,0.6931471805599453,0.0,0.04310361744086199,0.0,0.0,0.0,0.0,0.0,0.6931471805599453,0.0,0.0,0.0,0.0,0.0,0.6931471805599453,0.0,0.0,0.0,0.0,0.0,0.0,-0.6931471805599453,-0.5376983728162604,-0.5370004781028717,0.0,0.0,-0.48373020300112074,0.0,0.0,0.0,0.0,0.0,0.0,1.1953262589365947,0.0,0.0,0.0,0.6931471805599453,0.6931471805599453,0.0,-0.6931471805599453,0.6931471805599453,0.0,0.0,0.0,-0.6931471805599453,-0.6931471805599453,0.0,0.0,0.6931471805599453,0.0,-0.6931471805599453,0.0,0.0,0.0,0.0,-0.6931471805599453,0.0,0.0,0.0,-0.6931471805599453,0.0,0.0,-0.6931471805599453,0.0,0.0,0.0,0.0,0.0,0.0,0.0,0.0,-0.6931471805599453,0.0,0.0,0.0,0.0,0.0,0.0,0.0,0.0,0.0,-0.6931471805599453,0.0,0.0,0.0,0.0,0.0,0.0,0.0,0.6931471805599453,0.0,0.0,0.0,0.0,0.0,-0.6931471805599453,0.0,0.0,0.0,-0.6931471805599453,0.0,0.6931471805599453,-0.6931471805599453,0.0,0.6931471805599453,0.0,0.0,0.0,0.0,0.0,0.0,0.0,0.0,0.0,0.0,0.0,0.0,0.0,0.0,0.0,0.0,0.0,0.0,0.0,0.0,-0.6931471805599453,0.0,0.0,0.0,0.0,-0.6931471805599453,-0.6931471805599453,0.0,0.0,0.0,-0.6931471805599453,0.0,0.0,0.0,-0.6931471805599453,0.0,0.0,0.0,0.0,0.0,0.0,0.0,0.6931471805599453,0.0,0.0,0.0,0.0,0.0,1.6277660314384026,0.0,0.6931471805599453,0.0,0.0,0.0,-0.4831740924354806,-0.6931471805599453,0.0,0.0,0.0,-0.6931471805599453,0.0,0.0,0.0
6.372363747448347,0.2973629040733618,Cc1c(-c2ccncc2)c2cc(S(=O)(=O)N(C)C)ccc2n1C/C(F)=C/CN,0.6812318738309034,0.0,0.0,0.0,0.0,0.6931471805599453,0.0,0.6931471805599453,0.0,0.0,0.0,0.0,0.0,0.0,0.0,0.0,0.0,0.6931471805599453,0.0,0.04310361744086199,0.0,0.0,0.0,0.0,0.0,0.6931471805599453,0.0,0.0,0.0,0.0,0.0,0.6931471805599453,0.0,0.0,0.0,0.0,0.0,0.0,-0.6931471805599453,-0.5376983728162604,-0.5370004781028717,0.0,0.0,-0.48373020300112074,0.0,0.0,0.0,0.0,0.0,0.0,0.9462995068035224,0.0,0.0,0.0,0.6931471805599453,0.6931471805599453,0.0,-0.6931471805599453,0.6931471805599453,0.0,0.0,0.0,-0.6931471805599453,-0.6931471805599453,0.0,0.0,0.6931471805599453,0.0,-0.6931471805599453,0.0,0.0,0.0,0.0,-0.6931471805599453,0.0,0.0,0.0,-0.6931471805599453,0.0,0.0,-0.6931471805599453,0.0,0.0,0.0,0.0,0.0,0.0,0.0,0.0,-0.6931471805599453,0.0,0.0,0.0,0.0,0.0,0.0,0.0,0.0,0.0,-0.6931471805599453,0.0,0.0,0.0,0.0,0.0,0.0,0.0,0.6931471805599453,0.0,0.0,0.0,0.0,0.0,-0.6931471805599453,0.0,0.0,0.0,-0.6931471805599453,0.0,0.6931471805599453,-0.6931471805599453,0.0,0.6931471805599453,0.0,0.0,0.0,0.0,0.0,0.0,0.0,0.0,0.0,0.0,0.0,0.0,0.0,0.0,0.0,0.0,0.0,0.0,0.0,0.0,-0.6931471805599453,0.0,0.0,0.0,0.0,-0.6931471805599453,-0.6931471805599453,0.0,0.0,0.0,-0.6931471805599453,0.0,0.0,0.0,-0.6931471805599453,0.0,0.0,0.0,0.0,0.0,0.0,0.0,0.6931471805599453,0.0,0.0,0.0,0.0,0.0,1.6277660314384026,0.0,0.6931471805599453,0.0,0.0,0.0,-0.4924764850977941,-0.6931471805599453,0.0,0.0,0.0,-0.6931471805599453,0.0,0.0,0.0
6.372363747448347,0.2973629040733618,Cc1ccc(S(=O)(=O)N(C)C)cc1-c1c(C)n(C/C(F)=C/CN)c2c(F)cc(Cl)cc12,0.6812318738309034,0.0,0.0,0.0,0.0,0.6931471805599453,0.0,0.6931471805599453,0.0,0.0,0.0,0.0,0.0,0.0,0.0,0.0,0.0,0.6931471805599453,0.0,0.04310361744086199,0.0,0.0,0.0,0.0,0.0,0.6931471805599453,0.0,0.0,0.0,0.0,0.0,0.0,0.0,0.0,0.0,0.0,0.0,0.0,-0.6931471805599453,-0.5376983728162604,-0.5370004781028717,0.0,0.0,-0.48373020300112074,0.0,0.0,0.0,0.0,0.0,0.0,0.8116657807952832,0.0,0.0,0.0,0.6931471805599453,0.6931471805599453,0.0,-0.6931471805599453,0.6931471805599453,0.0,0.0,0.0,0.0,-0.6931471805599453,0.0,0.0,0.6931471805599453,0.0,-0.6931471805599453,0.0,0.0,0.0,0.0,-0.6931471805599453,0.0,0.0,0.0,0.0,0.0,0.0,-0.6931471805599453,0.0,0.0,0.0,0.0,0.0,0.0,0.0,0.0,-0.6931471805599453,0.0,0.0,0.0,0.0,0.0,0.0,0.0,0.0,0.0,-0.6931471805599453,0.0,0.0,0.0,0.0,0.0,0.0,0.0,0.0,0.0,0.0,0.0,0.0,0.0,-0.6931471805599453,0.0,0.0,0.0,-0.6931471805599453,0.0,0.6931471805599453,-0.6931471805599453,0.0,0.6931471805599453,0.0,0.0,0.0,0.0,0.0,0.0,0.0,0.0,0.0,0.0,0.0,0.0,0.0,0.0,0.0,0.0,0.0,0.0,0.0,0.0,0.0,0.0,0.0,0.0,0.0,0.0,-0.6931471805599453,0.0,0.0,0.0,-0.6931471805599453,0.0,0.0,0.0,-0.6931471805599453,0.0,0.0,0.0,0.0,0.0,0.0,0.0,0.6931471805599453,0.0,0.0,0.0,0.0,0.0,1.125229829668067,0.0,0.6931471805599453,0.0,0.0,0.0,-0.31015492830383956,-0.6931471805599453,0.0,0.0,0.0,-0.6931471805599453,0.0,0.0,0.0
6.372363747448347,0.2973629040733618,Cc1c(-c2cncc(S(N)(=O)=O)c2)c2cc(Cl)ccc2n1C/C(F)=C/CN,0.6812318738309034,0.0,0.0,0.0,0.0,0.6931471805599453,0.0,0.6931471805599453,0.0,0.0,0.0,0.0,0.0,0.0,0.0,0.0,0.0,0.6931471805599453,0.0,0.04310361744086199,0.0,0.0,0.0,0.0,0.0,0.6931471805599453,0.0,0.0,0.0,0.0,0.0,0.6931471805599453,0.0,0.0,0.0,0.0,0.0,0.0,-0.6931471805599453,-0.5376983728162604,-0.5370004781028717,0.0,0.0,-0.48373020300112074,0.0,0.0,0.0,0.0,0.0,0.0,1.0774179649347102,0.0,0.0,0.0,0.6931471805599453,0.6931471805599453,0.0,-0.6931471805599453,0.6931471805599453,0.0,0.0,0.0,-0.6931471805599453,-0.6931471805599453,0.0,0.0,0.6931471805599453,0.0,-0.6931471805599453,0.0,0.0,0.0,0.0,-0.6931471805599453,0.0,0.0,0.0,-0.6931471805599453,0.0,0.0,-0.6931471805599453,0.0,0.0,0.0,0.0,0.0,0.0,0.0,0.0,-0.6931471805599453,0.0,0.0,0.0,0.0,0.0,0.0,0.0,0.0,0.0,-0.6931471805599453,0.0,0.0,0.0,0.0,0.0,0.0,0.0,0.6931471805599453,0.0,0.0,0.0,0.0,0.0,-0.6931471805599453,0.0,0.0,0.0,-0.6931471805599453,0.0,0.6931471805599453,-0.6931471805599453,0.0,0.6931471805599453,0.0,0.0,0.0,0.0,0.0,0.0,0.0,0.0,0.0,0.0,0.0,0.0,0.0,0.0,0.0,0.0,0.0,0.0,0.0,0.0,0.0,0.0,0.0,0.0,0.0,-0.6931471805599453,-0.6931471805599453,0.0,0.0,0.0,-0.6931471805599453,0.0,0.0,0.0,-0.6931471805599453,0.0,0.0,0.0,0.0,0.0,0.0,0.0,0.6931471805599453,0.0,0.0,0.0,0.0,0.0,1.297178827646399,0.0,0.6931471805599453,0.0,0.0,0.0,0.3953127366441464,-0.6931471805599453,0.0,0.0,0.0,-0.6931471805599453,0.0,0.0,0.0
6.372363747448347,0.2973629040733618,Cc1c(-c2ccncc2)c2cc(S(N)(=O)=O)ccc2n1C/C(F)=C/CN,0.6812318738309034,0.0,0.0,0.0,0.0,0.6931471805599453,0.0,0.6931471805599453,0.0,0.0,0.0,0.0,0.0,0.0,0.0,0.0,0.0,0.6931471805599453,0.0,0.04310361744086199,0.0,0.0,0.0,0.0,0.0,0.6931471805599453,0.0,0.0,0.0,0.0,0.0,0.6931471805599453,0.0,0.0,0.0,0.0,0.0,0.0,-0.6931471805599453,-0.5376983728162604,-0.5370004781028717,0.0,0.0,-0.48373020300112074,0.0,0.0,0.0,0.0,0.0,0.0,0.9964353192278778,0.0,0.0,0.0,0.6931471805599453,0.6931471805599453,0.0,-0.6931471805599453,0.6931471805599453,0.0,0.0,0.0,-0.6931471805599453,-0.6931471805599453,0.0,0.0,0.6931471805599453,0.0,-0.6931471805599453,0.0,0.0,0.0,0.0,-0.6931471805599453,0.0,0.0,0.0,-0.6931471805599453,0.0,0.0,-0.6931471805599453,0.0,0.0,0.0,0.0,0.0,0.0,0.0,0.0,-0.6931471805599453,0.0,0.0,0.0,0.0,0.0,0.0,0.0,0.0,0.0,-0.6931471805599453,0.0,0.0,0.0,0.0,0.0,0.0,0.0,0.6931471805599453,0.0,0.0,0.0,0.0,0.0,-0.6931471805599453,0.0,0.0,0.0,-0.6931471805599453,0.0,0.6931471805599453,-0.6931471805599453,0.0,0.6931471805599453,0.0,0.0,0.0,0.0,0.0,0.0,0.0,0.0,0.0,0.0,0.0,0.0,0.0,0.0,0.0,0.0,0.0,0.0,0.0,0.0,-0.6931471805599453,0.0,0.0,0.0,0.0,-0.6931471805599453,-0.6931471805599453,0.0,0.0,0.0,-0.6931471805599453,0.0,0.0,0.0,-0.6931471805599453,0.0,0.0,0.0,0.0,0.0,0.0,0.0,0.6931471805599453,0.0,0.0,0.0,0.0,0.0,1.6393973129107184,0.0,0.6931471805599453,0.0,0.0,0.0,-0.3850562364769573,-0.6931471805599453,0.0,0.0,0.0,-0.6931471805599453,0.0,0.0,0.0
6.372363747448347,0.2973629040733618,Cc1c(-c2cncc(S(=O)(=O)N(C)C)c2)c2cc(OC(F)(F)F)ccc2n1C/C(F)=C/CN,1.1053175093838539,0.0,0.0,0.0,0.0,0.6931471805599453,0.0,0.6931471805599453,0.0,0.0,0.0,0.0,0.0,0.0,0.0,0.0,0.0,0.6931471805599453,0.0,0.04310361744086199,0.0,0.0,0.0,0.0,0.0,0.6931471805599453,0.0,0.0,0.0,0.0,0.0,0.6931471805599453,0.0,0.0,0.0,0.0,0.0,0.0,-0.6931471805599453,-0.5376983728162604,-0.5370004781028717,0.0,0.0,-0.48373020300112074,0.0,0.0,0.0,0.0,0.0,0.0,0.8072442555374056,0.0,0.0,0.0,0.6931471805599453,0.6931471805599453,0.0,-0.6931471805599453,0.6931471805599453,0.0,0.0,0.0,-0.6931471805599453,-0.6931471805599453,0.0,0.0,0.6931471805599453,0.0,-0.6931471805599453,0.0,0.0,0.0,0.0,-0.6931471805599453,0.0,0.0,0.0,-0.6931471805599453,0.0,0.0,-0.6931471805599453,0.0,0.0,0.0,0.0,0.0,0.0,0.0,0.0,-0.6931471805599453,0.0,0.0,0.0,0.0,0.0,0.0,0.0,0.0,0.0,-0.6931471805599453,0.0,0.0,0.0,0.0,0.0,0.0,0.0,0.6931471805599453,0.0,0.0,0.0,0.0,0.0,-0.6931471805599453,0.0,0.0,0.0,-0.6931471805599453,0.0,0.6931471805599453,-0.6931471805599453,0.0,0.6931471805599453,0.0,0.0,0.0,0.0,0.0,0.0,0.0,0.0,0.0,0.0,0.0,0.0,0.0,0.0,0.0,0.0,0.0,0.0,0.0,0.0,0.0,0.0,0.0,0.0,0.0,-0.6931471805599453,-0.6931471805599453,0.0,0.0,0.0,-0.6931471805599453,0.0,0.0,0.0,-0.6931471805599453,0.0,0.0,0.0,0.0,0.0,0.0,0.0,0.6931471805599453,0.0,0.0,0.0,0.0,0.0,-0.21734643362988343,0.0,0.6931471805599453,0.0,0.0,0.0,0.5639354490799391,-0.6931471805599453,0.0,0.0,0.0,-0.6931471805599453,0.0,0.0,0.0
6.372363747448347,0.2973629040733618,Cc1c(-c2ccccc2)c2cc(S(=O)(=O)N(C)C)ccc2n1C/C(F)=C/CN,0.6812318738309034,0.0,0.0,0.0,0.0,0.6931471805599453,0.0,0.6931471805599453,0.0,0.0,0.0,0.0,0.0,0.0,0.0,0.0,0.0,0.6931471805599453,0.0,0.04310361744086199,0.0,0.0,0.0,0.0,0.0,0.6931471805599453,0.0,0.0,0.0,0.0,0.0,0.6931471805599453,0.0,0.0,0.0,0.0,0.0,0.0,-0.6931471805599453,-0.5376983728162604,-0.5370004781028717,0.0,0.0,-0.48373020300112074,0.0,0.0,0.0,0.0,0.0,0.0,0.9307551523657219,0.0,0.0,0.0,0.6931471805599453,0.6931471805599453,0.0,-0.6931471805599453,0.6931471805599453,0.0,0.0,0.0,-0.6931471805599453,-0.6931471805599453,0.0,0.0,0.6931471805599453,0.0,-0.6931471805599453,0.0,0.0,0.0,0.0,-0.6931471805599453,0.0,0.0,0.0,-0.6931471805599453,0.0,0.0,-0.6931471805599453,0.0,0.0,0.0,0.0,0.0,0.0,0.0,0.0,-0.6931471805599453,0.0,0.0,0.0,0.0,0.0,0.0,0.0,0.0,0.0,-0.6931471805599453,0.0,0.0,0.0,0.0,0.0,0.0,0.0,0.6931471805599453,0.0,0.0,0.0,0.0,0.0,-0.6931471805599453,0.0,0.0,0.0,-0.6931471805599453,0.0,0.6931471805599453,-0.6931471805599453,0.0,0.6931471805599453,0.0,0.0,0.0,0.0,0.0,0.0,0.0,0.0,0.0,0.0,0.0,0.0,0.0,0.0,0.0,0.0,0.0,0.0,0.0,0.0,-0.6931471805599453,0.0,0.0,0.0,0.0,-0.6931471805599453,-0.6931471805599453,0.0,0.0,0.0,-0.6931471805599453,0.0,0.0,0.0,-0.6931471805599453,0.0,0.0,0.0,0.0,0.0,0.0,0.0,0.6931471805599453,0.0,0.0,0.0,0.0,0.0,1.527563084292438,0.0,0.6931471805599453,0.0,0.0,0.0,-0.6306268235786112,-0.6931471805599453,0.0,0.0,0.0,-0.6931471805599453,0.0,0.0,0.0
6.372363747448347,0.2973629040733618,Cc1c(-c2ccccc2)c2cc(S(C)(=O)=O)ccc2n1C/C(F)=C/CN,0.6812318738309034,0.0,0.0,0.0,0.0,0.6931471805599453,0.0,0.6931471805599453,0.0,0.0,0.0,0.0,0.0,0.0,0.0,0.0,0.0,0.6931471805599453,0.0,0.04310361744086199,0.0,0.0,0.0,0.0,0.0,0.6931471805599453,0.0,0.0,0.0,0.0,0.0,0.6931471805599453,0.0,0.0,0.0,0.0,0.0,0.0,-0.6931471805599453,-0.5376983728162604,-0.5370004781028717,0.0,0.0,-0.48373020300112074,0.0,0.0,0.0,0.0,0.0,0.0,0.9679150972794628,0.0,0.0,0.0,0.6931471805599453,0.6931471805599453,0.0,-0.6931471805599453,0.6931471805599453,0.0,0.0,0.0,-0.6931471805599453,-0.6931471805599453,0.0,0.0,0.6931471805599453,0.0,-0.6931471805599453,0.0,0.0,0.0,0.0,-0.6931471805599453,0.0,0.0,0.0,-0.6931471805599453,0.0,0.0,-0.6931471805599453,0.0,0.0,0.0,0.0,0.0,0.0,0.0,0.0,-0.6931471805599453,0.0,0.0,0.0,0.0,0.0,0.0,0.0,0.0,0.0,-0.6931471805599453,0.0,0.0,0.0,0.0,0.0,0.0,0.0,0.6931471805599453,0.0,0.0,0.0,0.0,0.0,-0.6931471805599453,0.0,0.0,0.0,-0.6931471805599453,0.0,0.6931471805599453,-0.6931471805599453,0.0,0.6931471805599453,0.0,0.0,0.0,0.0,0.0,0.0,0.0,0.0,0.0,0.0,0.0,0.0,0.0,0.0,0.0,0.0,0.0,0.0,0.0,0.0,-0.6931471805599453,0.0,0.0,0.0,0.0,-0.6931471805599453,-0.6931471805599453,0.0,0.0,0.0,-0.6931471805599453,0.0,0.0,0.0,-0.6931471805599453,0.0,0.0,0.0,0.0,0.0,0.0,0.0,0.6931471805599453,0.0,0.0,0.0,0.0,0.0,1.6117473822827648,0.0,0.6931471805599453,0.0,0.0,0.0,-0.5377330766859151,-0.6931471805599453,0.0,0.0,0.0,-0.6931471805599453,0.0,0.0,0.0
6.372363747448347,0.2973629040733618,Cc1c(-c2ccncc2)c2cc(S(C)(=O)=O)ccc2n1C/C(F)=C/CN,0.6812318738309034,0.0,0.0,0.0,0.0,0.6931471805599453,0.0,0.6931471805599453,0.0,0.0,0.0,0.0,0.0,0.0,0.0,0.0,0.0,0.6931471805599453,0.0,0.04310361744086199,0.0,0.0,0.0,0.0,0.0,0.6931471805599453,0.0,0.0,0.0,0.0,0.0,0.6931471805599453,0.0,0.0,0.0,0.0,0.0,0.0,-0.6931471805599453,-0.5376983728162604,-0.5370004781028717,0.0,0.0,-0.48373020300112074,0.0,0.0,0.0,0.0,0.0,0.0,0.9841350411462261,0.0,0.0,0.0,0.6931471805599453,0.6931471805599453,0.0,-0.6931471805599453,0.6931471805599453,0.0,0.0,0.0,-0.6931471805599453,-0.6931471805599453,0.0,0.0,0.6931471805599453,0.0,-0.6931471805599453,0.0,0.0,0.0,0.0,-0.6931471805599453,0.0,0.0,0.0,-0.6931471805599453,0.0,0.0,-0.6931471805599453,0.0,0.0,0.0,0.0,0.0,0.0,0.0,0.0,-0.6931471805599453,0.0,0.0,0.0,0.0,0.0,0.0,0.0,0.0,0.0,-0.6931471805599453,0.0,0.0,0.0,0.0,0.0,0.0,0.0,0.6931471805599453,0.0,0.0,0.0,0.0,0.0,-0.6931471805599453,0.0,0.0,0.0,-0.6931471805599453,0.0,0.6931471805599453,-0.6931471805599453,0.0,0.6931471805599453,0.0,0.0,0.0,0.0,0.0,0.0,0.0,0.0,0.0,0.0,0.0,0.0,0.0,0.0,0.0,0.0,0.0,0.0,0.0,0.0,-0.6931471805599453,0.0,0.0,0.0,0.0,-0.6931471805599453,-0.6931471805599453,0.0,0.0,0.0,-0.6931471805599453,0.0,0.0,0.0,-0.6931471805599453,0.0,0.0,0.0,0.0,0.0,0.0,0.0,0.6931471805599453,0.0,0.0,0.0,0.0,0.0,1.6393973129107184,0.0,0.6931471805599453,0.0,0.0,0.0,-0.3850562364769573,-0.6931471805599453,0.0,0.0,0.0,-0.6931471805599453,0.0,0.0,0.0
6.372363747448347,0.2973629040733618,Cc1cc(-c2c(C)n(C/C(F)=C/CN)c3ccc(S(C)(=O)=O)cc23)cc(C)n1,0.6812318738309034,0.0,0.0,0.0,0.0,0.6931471805599453,0.0,0.6931471805599453,0.0,0.0,0.0,0.0,0.0,0.0,0.0,0.0,0.0,0.6931471805599453,0.0,0.04310361744086199,0.0,0.0,0.0,0.0,0.0,0.6931471805599453,0.0,0.0,0.0,0.0,0.0,0.6931471805599453,0.0,0.0,0.0,0.0,0.0,0.0,-0.6931471805599453,-0.5376983728162604,-0.5370004781028717,0.0,0.0,-0.48373020300112074,0.0,0.0,0.0,0.0,0.0,0.0,0.79086265316552,0.0,0.0,0.0,0.6931471805599453,0.6931471805599453,0.0,-0.6931471805599453,0.6931471805599453,0.0,0.0,0.0,-0.6931471805599453,-0.6931471805599453,0.0,0.0,0.6931471805599453,0.0,-0.6931471805599453,0.0,0.0,0.0,0.0,-0.6931471805599453,0.0,0.0,0.0,-0.6931471805599453,0.0,0.0,-0.6931471805599453,0.0,0.0,0.0,0.0,0.0,0.0,0.0,0.0,-0.6931471805599453,0.0,0.0,0.0,0.0,0.0,0.0,0.0,0.0,0.0,-0.6931471805599453,0.0,0.0,0.0,0.0,0.0,0.0,0.0,0.6931471805599453,0.0,0.0,0.0,0.0,0.0,-0.6931471805599453,0.0,0.0,0.0,-0.6931471805599453,0.0,0.6931471805599453,-0.6931471805599453,0.0,0.6931471805599453,0.0,0.0,0.0,0.0,0.0,0.0,0.0,0.0,0.0,0.0,0.0,0.0,0.0,0.0,0.0,0.0,0.0,0.0,0.0,0.0,-0.6931471805599453,0.0,0.0,0.0,0.0,-0.6931471805599453,-0.6931471805599453,0.0,0.0,0.0,-0.6931471805599453,0.0,0.0,0.0,-0.6931471805599453,0.0,0.0,0.0,0.0,0.0,0.0,0.0,0.6931471805599453,0.0,0.0,0.0,0.0,0.0,1.3584537351469506,0.0,0.6931471805599453,0.0,0.0,0.0,-0.1410785982599055,-0.6931471805599453,0.0,0.0,0.0,-0.6931471805599453,0.0,0.0,0.0
6.372363747448347,0.2973629040733618,Cc1cc(-c2c(C)n(C/C(F)=C/CN)c3ccc(C(=O)N(C)C)cc23)cc(C)n1,0.6812318738309034,0.0,0.0,0.0,0.0,0.6931471805599453,0.0,0.6931471805599453,0.0,0.0,0.0,0.0,0.0,0.0,0.0,0.0,0.0,0.6931471805599453,0.0,0.04310361744086199,0.0,0.0,0.0,0.0,0.0,0.6931471805599453,0.0,0.0,0.0,0.0,0.0,0.6931471805599453,0.0,0.0,0.0,0.0,0.0,0.0,-0.6931471805599453,-0.5376983728162604,-0.5370004781028717,0.0,0.0,-0.48373020300112074,0.0,0.0,0.0,0.0,0.0,0.0,0.21916212601502516,0.0,0.0,0.0,0.6931471805599453,0.6931471805599453,0.0,-0.6931471805599453,0.6931471805599453,0.0,0.0,0.0,-0.6931471805599453,-0.6931471805599453,0.0,0.0,0.6931471805599453,0.0,-0.6931471805599453,0.0,0.0,0.0,0.0,-0.6931471805599453,0.0,0.0,0.0,-0.6931471805599453,0.0,0.0,-0.6931471805599453,0.0,0.0,0.0,0.0,0.0,0.0,0.0,0.0,-0.6931471805599453,0.0,0.0,0.0,0.0,0.0,0.0,0.0,0.0,0.0,-0.6931471805599453,0.0,0.0,0.0,0.0,0.0,0.0,0.0,0.6931471805599453,0.0,0.0,0.0,0.0,0.0,-0.6931471805599453,0.0,0.0,0.0,-0.6931471805599453,0.0,0.6931471805599453,-0.6931471805599453,0.0,0.6931471805599453,0.0,0.0,0.0,0.0,0.0,0.0,0.0,0.0,0.0,0.0,0.0,0.0,0.0,0.0,0.0,0.0,0.0,0.0,0.0,0.0,-0.6931471805599453,0.0,0.0,0.0,0.0,-0.6931471805599453,-0.6931471805599453,0.0,0.0,0.0,-0.6931471805599453,0.0,0.0,0.0,-0.6931471805599453,0.0,0.0,0.0,0.0,0.0,0.0,0.0,0.6931471805599453,0.0,0.0,0.0,0.0,0.0,1.1438177254361583,0.0,0.6931471805599453,0.0,0.0,0.0,-0.7230001437096257,-0.6931471805599453,0.0,0.0,0.0,-0.6931471805599453,0.0,0.0,0.0
6.372363747448347,0.2973629040733618,Cc1c(-c2ccncc2)c2cc(C(=O)NC(C)(C)C)ccc2n1C/C(F)=C/CN,0.6812318738309034,0.0,0.0,0.0,0.0,0.6931471805599453,0.0,0.6931471805599453,0.0,0.0,0.0,0.0,0.0,0.0,0.0,0.0,0.0,0.6931471805599453,0.0,0.04310361744086199,0.0,0.0,0.0,0.0,0.0,0.6931471805599453,0.0,0.0,0.0,0.0,0.0,0.6931471805599453,0.0,0.0,0.0,0.0,0.0,0.0,-0.6931471805599453,-0.5376983728162604,-0.5370004781028717,0.0,0.0,-0.48373020300112074,0.0,0.0,0.0,0.0,0.0,0.0,0.3298276939025445,0.0,0.0,0.0,0.6931471805599453,0.6931471805599453,0.0,-0.6931471805599453,0.6931471805599453,0.0,0.0,0.0,-0.6931471805599453,-0.6931471805599453,0.0,0.0,0.6931471805599453,0.0,0.0,0.0,0.0,0.0,0.0,-0.6931471805599453,0.0,0.0,0.0,-0.6931471805599453,0.0,0.0,-0.6931471805599453,0.0,0.0,0.0,0.0,0.0,0.0,0.0,0.0,-0.6931471805599453,0.0,0.0,0.0,0.0,0.0,0.0,0.0,0.0,0.0,-0.6931471805599453,0.0,0.0,0.0,0.0,0.0,0.0,0.0,0.6931471805599453,0.0,0.0,0.0,0.0,0.0,-0.6931471805599453,0.0,0.0,0.0,-0.6931471805599453,0.0,0.6931471805599453,-0.6931471805599453,0.0,0.6931471805599453,0.0,0.0,0.0,0.0,0.0,0.0,0.0,0.0,0.0,0.0,0.0,0.0,0.0,0.0,0.0,0.0,0.0,0.0,0.0,0.0,-0.6931471805599453,0.0,0.0,0.0,0.0,-0.6931471805599453,-0.6931471805599453,0.0,0.0,0.0,0.0,0.0,0.0,0.0,0.0,0.0,0.0,0.0,0.0,0.0,0.0,0.0,0.6931471805599453,0.0,0.0,0.0,0.0,0.0,1.3790426977245724,0.0,0.6931471805599453,0.0,0.0,0.0,-0.7591051483517419,-0.6931471805599453,0.0,0.0,0.0,-0.6931471805599453,0.0,0.0,0.0
6.372363747448347,0.2973629040733618,Cc1c(-c2ccc3c(c2)OCO3)c2cc(S(C)(=O)=O)ccc2n1C/C(F)=C/CN,1.4021814177018195,0.0,0.0,0.0,0.0,0.6931471805599453,0.0,0.6931471805599453,0.0,0.0,0.0,0.0,0.0,0.0,0.0,0.0,0.0,0.6931471805599453,0.0,0.04310361744086199,0.0,0.0,0.0,0.0,0.0,0.6931471805599453,0.0,0.0,0.0,0.0,0.0,0.6931471805599453,0.0,0.0,0.0,0.0,0.0,0.0,-0.6931471805599453,-0.5376983728162604,-0.5370004781028717,0.0,0.0,-0.48373020300112074,0.0,0.0,0.0,0.0,0.0,0.0,0.8702121199100799,0.0,0.0,0.0,0.6931471805599453,0.6931471805599453,0.0,-0.6931471805599453,0.6931471805599453,0.0,0.0,0.0,-0.6931471805599453,-0.6931471805599453,0.0,0.0,0.6931471805599453,0.0,-0.6931471805599453,0.0,0.0,0.0,0.0,-0.6931471805599453,0.0,0.0,0.0,-0.6931471805599453,0.0,0.0,-0.6931471805599453,0.0,0.0,0.0,0.0,0.0,0.0,0.0,0.0,-0.6931471805599453,0.0,0.0,0.0,0.0,0.0,0.0,0.0,0.0,0.0,-0.6931471805599453,0.0,0.0,0.0,0.0,0.0,0.0,0.0,0.6931471805599453,0.0,0.0,0.0,0.0,0.0,-0.6931471805599453,0.0,0.0,0.0,-0.6931471805599453,0.0,0.6931471805599453,0.0,0.0,0.6931471805599453,0.0,0.0,0.0,0.0,0.0,0.0,0.0,0.0,0.0,0.0,0.0,0.0,0.0,0.0,0.0,0.0,0.0,0.0,0.0,0.0,-0.6931471805599453,0.0,0.0,0.0,0.0,0.0,0.0,0.0,0.0,0.0,-0.6931471805599453,0.0,0.0,0.0,-0.6931471805599453,0.0,0.0,0.0,0.0,0.0,0.0,0.0,0.6931471805599453,0.0,0.0,0.0,0.0,0.0,1.2010784462995734,0.0,0.6931471805599453,0.0,0.0,0.0,0.37469344944141064,-0.6931471805599453,0.0,0.0,0.0,-0.6931471805599453,0.0,0.0,0.0
6.372363747448347,0.2973629040733618,Cc1c(-c2ccc(F)cc2)c2cc(S(C)(=O)=O)ccc2n1C/C(F)=C/CN,0.6812318738309034,0.0,0.0,0.0,0.0,0.6931471805599453,0.0,0.6931471805599453,0.0,0.0,0.0,0.0,0.0,0.0,0.0,0.0,0.0,0.6931471805599453,0.0,0.04310361744086199,0.0,0.0,0.0,0.0,0.0,0.6931471805599453,0.0,0.0,0.0,0.0,0.0,0.6931471805599453,0.0,0.0,0.0,0.0,0.0,0.0,-0.6931471805599453,-0.5376983728162604,-0.5370004781028717,0.0,0.0,-0.48373020300112074,0.0,0.0,0.0,0.0,0.0,0.0,0.9294488164516667,0.0,0.0,0.0,0.6931471805599453,0.6931471805599453,0.0,-0.6931471805599453,0.6931471805599453,0.0,0.0,0.0,-0.6931471805599453,-0.6931471805599453,0.0,0.0,0.6931471805599453,0.0,-0.6931471805599453,0.0,0.0,0.0,0.0,-0.6931471805599453,0.0,0.0,0.0,-0.6931471805599453,0.0,0.0,-0.6931471805599453,0.0,0.0,0.0,0.0,0.0,0.0,0.0,0.0,-0.6931471805599453,0.0,0.0,0.0,0.0,0.0,0.0,0.0,0.0,0.0,-0.6931471805599453,0.0,0.0,0.0,0.0,0.0,0.0,0.0,0.6931471805599453,0.0,0.0,0.0,0.0,0.0,-0.6931471805599453,0.0,0.0,0.0,-0.6931471805599453,0.0,0.6931471805599453,-0.6931471805599453,0.0,0.6931471805599453,0.0,0.0,0.0,0.0,0.0,0.0,0.0,0.0,0.0,0.0,0.0,0.0,0.0,0.0,0.0,0.0,0.0,0.0,0.0,0.0,-0.6931471805599453,0.0,0.0,0.0,0.0,0.0,-0.6931471805599453,0.0,0.0,0.0,-0.6931471805599453,0.0,0.0,0.0,-0.6931471805599453,0.0,0.0,0.0,0.0,0.0,0.0,0.0,0.6931471805599453,0.0,0.0,0.0,0.0,0.0,1.504719451372971,0.0,0.6931471805599453,0.0,0.0,0.0,-0.10080469912196559,-0.6931471805599453,0.0,0.0,0.0,-0.6931471805599453,0.0,0.0,0.0
6.372363747448347,0.2973629040733618,Cc1cc(-c2c(C)n(C/C(F)=C/CN)c3ccc(S(C)(=O)=O)cc23)ccn1,0.6812318738309034,0.0,0.0,0.0,0.0,0.6931471805599453,0.0,0.6931471805599453,0.0,0.0,0.0,0.0,0.0,0.0,0.0,0.0,0.0,0.6931471805599453,0.0,0.04310361744086199,0.0,0.0,0.0,0.0,0.0,0.6931471805599453,0.0,0.0,0.0,0.0,0.0,0.6931471805599453,0.0,0.0,0.0,0.0,0.0,0.0,-0.6931471805599453,-0.5376983728162604,-0.5370004781028717,0.0,0.0,-0.48373020300112074,0.0,0.0,0.0,0.0,0.0,0.0,0.8826175167675674,0.0,0.0,0.0,0.6931471805599453,0.6931471805599453,0.0,-0.6931471805599453,0.6931471805599453,0.0,0.0,0.0,-0.6931471805599453,-0.6931471805599453,0.0,0.0,0.6931471805599453,0.0,-0.6931471805599453,0.0,0.0,0.0,0.0,-0.6931471805599453,0.0,0.0,0.0,-0.6931471805599453,0.0,0.0,-0.6931471805599453,0.0,0.0,0.0,0.0,0.0,0.0,0.0,0.0,-0.6931471805599453,0.0,0.0,0.0,0.0,0.0,0.0,0.0,0.0,0.0,-0.6931471805599453,0.0,0.0,0.0,0.0,0.0,0.0,0.0,0.6931471805599453,0.0,0.0,0.0,0.0,0.0,-0.6931471805599453,0.0,0.0,0.0,-0.6931471805599453,0.0,0.6931471805599453,-0.6931471805599453,0.0,0.6931471805599453,0.0,0.0,0.0,0.0,0.0,0.0,0.0,0.0,0.0,0.0,0.0,0.0,0.0,0.0,0.0,0.0,0.0,0.0,0.0,0.0,-0.6931471805599453,0.0,0.0,0.0,0.0,-0.6931471805599453,-0.6931471805599453,0.0,0.0,0.0,-0.6931471805599453,0.0,0.0,0.0,-0.6931471805599453,0.0,0.0,0.0,0.0,0.0,0.0,0.0,0.6931471805599453,0.0,0.0,0.0,0.0,0.0,1.5375506829207863,0.0,0.6931471805599453,0.0,0.0,0.0,-0.3212047644904245,-0.6931471805599453,0.0,0.0,0.0,-0.6931471805599453,0.0,0.0,0.0
6.372363747448347,0.2973629040733618,Cc1c(-c2ccc(F)cc2)c2cc(S(N)(=O)=O)ccc2n1C/C(F)=C/CN,0.6812318738309034,0.0,0.0,0.0,0.0,0.6931471805599453,0.0,0.6931471805599453,0.0,0.0,0.0,0.0,0.0,0.0,0.0,0.0,0.0,0.6931471805599453,0.0,0.04310361744086199,0.0,0.0,0.0,0.0,0.0,0.6931471805599453,0.0,0.0,0.0,0.0,0.0,0.6931471805599453,0.0,0.0,0.0,0.0,0.0,0.0,-0.6931471805599453,-0.5376983728162604,-0.5370004781028717,0.0,0.0,-0.48373020300112074,0.0,0.0,0.0,0.0,0.0,0.0,0.9437255028083494,0.0,0.0,0.0,0.6931471805599453,0.6931471805599453,0.0,-0.6931471805599453,0.6931471805599453,0.0,0.0,0.0,-0.6931471805599453,-0.6931471805599453,0.0,0.0,0.6931471805599453,0.0,-0.6931471805599453,0.0,0.0,0.0,0.0,-0.6931471805599453,0.0,0.0,0.0,-0.6931471805599453,0.0,0.0,-0.6931471805599453,0.0,0.0,0.0,0.0,0.0,0.0,0.0,0.0,-0.6931471805599453,0.0,0.0,0.0,0.0,0.0,0.0,0.0,0.0,0.0,-0.6931471805599453,0.0,0.0,0.0,0.0,0.0,0.0,0.0,0.6931471805599453,0.0,0.0,0.0,0.0,0.0,-0.6931471805599453,0.0,0.0,0.0,-0.6931471805599453,0.0,0.6931471805599453,-0.6931471805599453,0.0,0.6931471805599453,0.0,0.0,0.0,0.0,0.0,0.0,0.0,0.0,0.0,0.0,0.0,0.0,0.0,0.0,0.0,0.0,0.0,0.0,0.0,0.0,-0.6931471805599453,0.0,0.0,0.0,0.0,0.0,-0.6931471805599453,0.0,0.0,0.0,-0.6931471805599453,0.0,0.0,0.0,-0.6931471805599453,0.0,0.0,0.0,0.0,0.0,0.0,0.0,0.6931471805599453,0.0,0.0,0.0,0.0,0.0,1.6393973129107184,0.0,0.6931471805599453,0.0,0.0,0.0,-0.10080469912196559,-0.6931471805599453,0.0,0.0,0.0,-0.6931471805599453,0.0,0.0,0.0
6.372363747448347,0.2973629040733618,CN(C)S(=O)(=O)c1cncc(-c2c(Cl)n(C/C(F)=C/CN)c3ccccc23)c1,0.6812318738309034,0.0,0.0,0.0,0.0,0.6931471805599453,0.0,0.6931471805599453,0.0,0.0,0.0,0.0,0.0,0.0,0.0,0.0,0.0,0.6931471805599453,0.0,0.04310361744086199,0.0,0.0,0.0,0.0,0.0,0.6931471805599453,0.0,0.0,0.0,0.0,0.0,0.6931471805599453,0.0,0.0,0.0,0.0,0.0,0.0,-0.6931471805599453,-0.5376983728162604,-0.5370004781028717,0.0,0.0,-0.48373020300112074,0.0,0.0,0.0,0.0,0.0,0.0,0.23237235775183165,0.0,0.0,0.0,0.6931471805599453,0.6931471805599453,0.0,-0.6931471805599453,0.0,0.0,0.0,0.0,-0.6931471805599453,-0.6931471805599453,0.0,0.0,0.6931471805599453,0.0,-0.6931471805599453,0.0,0.0,0.0,0.0,-0.6931471805599453,0.0,0.0,0.0,-0.6931471805599453,0.0,0.0,-0.6931471805599453,0.0,0.0,0.0,0.0,0.0,0.0,0.0,0.0,-0.6931471805599453,0.0,0.0,0.0,0.0,0.0,0.0,0.0,0.0,0.0,-0.6931471805599453,0.0,0.0,0.0,0.0,0.0,0.0,0.0,0.6931471805599453,0.0,0.0,0.0,0.0,0.0,-0.6931471805599453,0.0,0.0,0.0,-0.6931471805599453,0.0,0.6931471805599453,-0.6931471805599453,0.0,0.6931471805599453,0.0,0.0,0.0,0.0,0.0,0.0,0.0,0.0,0.0,0.0,0.0,0.0,0.0,0.0,0.0,0.0,0.0,0.0,0.0,0.0,-0.6931471805599453,0.0,0.0,0.0,0.0,-0.6931471805599453,-0.6931471805599453,0.0,0.0,0.0,-0.6931471805599453,0.0,0.0,0.0,-0.6931471805599453,0.0,0.0,0.0,0.0,0.0,0.0,0.0,0.6931471805599453,0.0,0.0,0.0,0.0,0.0,-0.6181495286322384,0.0,0.0,0.0,0.0,0.0,-0.04445176257083384,-0.6931471805599453,0.0,0.0,0.0,-0.6931471805599453,0.0,0.0,0.0
6.372363747448347,0.2973629040733618,Cc1c(-c2cccc(S(=O)(=O)N(C)C)c2)c2cc(S(C)(=O)=O)ccc2n1C/C(F)=C/CN,0.6812318738309034,0.0,0.0,0.0,0.0,0.6931471805599453,0.0,0.6931471805599453,0.0,0.0,0.0,0.0,0.0,0.0,0.0,0.0,0.0,0.6931471805599453,0.0,0.04310361744086199,0.0,0.0,0.0,0.0,0.0,0.6931471805599453,0.0,0.0,0.0,0.0,0.0,0.6931471805599453,0.0,0.0,0.0,0.0,0.0,0.0,-0.6931471805599453,-0.5343278701059896,-0.5370004781028717,0.0,0.0,-0.37494752002109133,0.0,0.0,0.0,0.0,0.0,0.0,0.8853534965864422,0.0,0.0,0.0,0.6931471805599453,0.6931471805599453,0.0,-0.6931471805599453,0.6931471805599453,0.0,0.0,0.0,-0.6931471805599453,-0.6931471805599453,0.0,0.0,0.6931471805599453,0.0,-0.6931471805599453,0.0,0.0,0.0,0.0,-0.6931471805599453,0.0,0.0,0.0,-0.6931471805599453,0.0,0.0,-0.6931471805599453,0.0,0.0,0.0,0.0,0.0,0.0,0.0,0.0,-0.6931471805599453,0.0,0.0,0.0,0.0,0.0,0.0,0.0,0.0,0.0,-0.6931471805599453,0.0,0.0,0.0,0.0,0.0,0.0,0.0,0.6931471805599453,0.0,0.0,0.0,0.0,0.0,-0.6931471805599453,0.0,0.0,0.0,-0.6931471805599453,0.0,0.6931471805599453,-0.6931471805599453,0.0,0.6931471805599453,0.0,0.0,0.0,0.0,0.0,0.0,0.0,0.0,0.0,0.0,0.0,0.0,0.0,0.0,0.0,0.0,0.0,0.0,0.0,0.0,-0.6931471805599453,0.0,0.0,0.0,0.0,-0.6931471805599453,-0.6931471805599453,0.0,0.0,0.0,-0.6931471805599453,0.0,0.0,0.0,-0.6931471805599453,0.0,0.0,0.0,0.0,0.0,0.0,0.0,0.6931471805599453,0.0,0.0,0.0,0.0,0.0,0.9973111739485014,0.0,0.6931471805599453,0.0,0.0,0.0,0.2291858657701724,-0.6931471805599453,0.0,0.0,0.0,-0.6931471805599453,0.0,0.0,0.0
6.372363747448347,0.2973629040733618,COc1cc(-c2c(C)n(C/C(F)=C/CN)c3ccc(S(C)(=O)=O)cc23)ccn1,1.113130478767675,0.0,0.0,0.0,0.0,0.6931471805599453,0.0,0.6931471805599453,0.0,0.0,0.0,0.0,0.0,0.0,0.0,0.0,0.0,0.6931471805599453,0.0,0.04310361744086199,0.0,0.0,0.0,0.0,0.0,0.6931471805599453,0.0,0.0,0.0,0.0,0.0,0.6931471805599453,0.0,0.0,0.0,0.0,0.0,0.0,-0.6931471805599453,-0.5376983728162604,-0.5370004781028717,0.0,0.0,-0.48373020300112074,0.0,0.0,0.0,0.0,0.0,0.0,0.8921608748144674,0.0,0.0,0.0,0.6931471805599453,0.6931471805599453,0.0,-0.6931471805599453,0.6931471805599453,0.0,0.0,0.0,-0.6931471805599453,-0.6931471805599453,0.0,0.0,0.6931471805599453,0.0,-0.6931471805599453,0.0,0.0,0.0,0.0,-0.6931471805599453,0.0,0.0,0.0,-0.6931471805599453,0.0,0.0,-0.6931471805599453,0.0,0.0,0.0,0.0,0.0,0.0,0.0,0.0,-0.6931471805599453,0.0,0.0,0.0,0.0,0.0,0.0,0.0,0.0,0.0,-0.6931471805599453,0.0,0.0,0.0,0.0,0.0,0.0,0.0,0.6931471805599453,0.0,0.0,0.0,0.0,0.0,0.0,0.0,0.0,0.0,-0.6931471805599453,0.0,0.6931471805599453,0.0,0.0,0.6931471805599453,0.0,0.0,0.0,0.0,0.0,0.0,0.0,0.0,0.0,0.0,0.0,0.0,0.0,0.0,0.0,0.0,0.0,0.0,0.0,0.0,-0.6931471805599453,0.0,0.0,0.0,0.0,-0.6931471805599453,-0.6931471805599453,0.0,0.0,0.0,-0.6931471805599453,0.0,0.0,0.0,-0.6931471805599453,0.0,0.0,0.0,0.0,0.0,0.0,0.0,0.6931471805599453,0.0,0.0,0.0,0.0,0.0,1.4217842461018433,0.0,0.6931471805599453,0.0,0.0,0.0,0.19237189264745608,-0.6931471805599453,0.0,0.0,0.0,-0.6931471805599453,0.0,0.0,0.0
6.372363747448347,0.2973629040733618,CN(C)S(=O)(=O)c1cccc(-c2c(Cl)n(C/C(F)=C/CN)c3cccnc23)c1,0.6812318738309034,0.0,0.0,0.0,0.0,0.6931471805599453,0.0,0.6931471805599453,0.0,0.0,0.0,0.0,0.0,0.0,0.0,0.0,0.0,0.6931471805599453,0.0,0.06738304801147778,0.0,0.0,0.0,0.0,0.0,0.6931471805599453,0.0,0.0,0.0,0.0,0.0,0.6931471805599453,0.0,0.0,0.0,0.0,0.0,0.0,-0.6931471805599453,-0.5376983728162604,-0.5370004781028717,0.0,0.0,-0.37359593084093906,0.0,0.0,0.0,0.0,0.0,0.0,0.12730342979107045,0.0,0.0,0.0,0.0,0.6931471805599453,0.0,-0.6931471805599453,0.0,0.0,0.0,0.0,-0.6931471805599453,-0.6931471805599453,0.0,0.0,0.6931471805599453,0.0,-0.6931471805599453,0.0,0.0,0.0,0.0,-0.6931471805599453,0.0,0.0,0.0,-0.6931471805599453,0.0,0.0,-0.6931471805599453,0.0,0.0,0.0,0.0,0.0,0.0,0.0,0.0,-0.6931471805599453,0.0,0.0,0.0,0.0,0.0,0.0,0.0,0.0,0.0,-0.6931471805599453,0.0,0.0,0.0,0.0,0.0,0.0,0.0,0.0,0.0,0.0,0.0,0.0,0.0,0.0,0.0,0.0,0.6931471805599453,-0.6931471805599453,0.0,0.6931471805599453,-0.6931471805599453,0.0,0.6931471805599453,0.0,0.0,0.0,0.0,0.0,0.0,0.0,0.0,0.0,0.0,0.0,0.0,0.0,0.0,0.0,0.0,0.0,0.0,0.0,0.0,-0.6931471805599453,0.0,0.0,0.0,0.0,-0.6931471805599453,-0.6931471805599453,0.0,0.0,0.0,-0.6931471805599453,0.0,0.0,0.0,-0.6931471805599453,0.0,0.0,0.0,0.0,0.0,0.0,0.0,0.0,0.0,0.0,0.0,0.0,0.0,-1.3221411222063129,0.0,0.0,0.0,0.0,0.0,-0.29898162770571435,0.0,0.0,0.0,0.0,-0.6931471805599453,0.0,0.0,0.0
6.372363747448347,0.2973629040733618,CN(C)S(=O)(=O)c1cccc(-c2c(Cl)n(C/C(F)=C/CN)c3ccc(S(C)(=O)=O)cc23)c1,0.6812318738309034,0.0,0.0,0.0,0.0,0.6931471805599453,0.0,0.6931471805599453,0.0,0.0,0.0,0.0,0.0,0.0,0.0,0.0,0.0,0.6931471805599453,0.0,0.04310361744086199,0.0,0.0,0.0,0.0,0.0,0.6931471805599453,0.0,0.0,0.0,0.0,0.0,0.6931471805599453,0.0,0.0,0.0,0.0,0.0,0.0,-0.6931471805599453,-0.4688317372032918,-0.5370004781028717,0.0,0.0,-0.48373020300112074,0.0,0.0,0.0,0.0,0.0,0.0,0.16169077210054636,0.0,0.0,0.0,0.6931471805599453,0.6931471805599453,0.0,-0.6931471805599453,0.0,0.0,0.0,0.0,-0.6931471805599453,-0.6931471805599453,0.0,0.0,0.6931471805599453,0.0,-0.6931471805599453,0.0,0.0,0.0,0.0,-0.6931471805599453,0.0,0.0,0.0,-0.6931471805599453,0.0,0.0,-0.6931471805599453,0.0,0.0,0.0,0.0,0.0,0.0,0.0,0.0,-0.6931471805599453,0.0,0.0,0.0,0.0,0.0,0.0,0.0,0.0,0.0,-0.6931471805599453,0.0,0.0,0.0,0.0,0.0,0.0,0.0,0.0,0.0,0.0,0.0,0.0,0.0,-0.6931471805599453,0.0,0.0,0.0,-0.6931471805599453,0.0,0.6931471805599453,-0.6931471805599453,0.0,0.6931471805599453,0.0,0.0,0.0,0.0,0.0,0.0,0.0,0.0,0.0,0.0,0.0,0.0,0.0,0.0,0.0,0.0,0.0,0.0,0.0,0.0,-0.6931471805599453,0.0,0.0,0.0,0.0,-0.6931471805599453,-0.6931471805599453,0.0,0.0,0.0,-0.6931471805599453,0.0,0.0,0.0,-0.6931471805599453,0.0,0.0,0.0,0.0,0.0,0.0,0.0,0.6931471805599453,0.0,0.0,0.0,0.0,0.0,-0.773634431472633,0.0,0.0,0.0,0.0,0.0,0.5465437063680699,-0.6931471805599453,0.0,0.0,0.0,-0.6931471805599453,0.0,0.0,0.0
6.372363747448347,0.2973629040733618,Cc1cc(-c2c(C)n(C/C(F)=C/CN)c3ccc([N+](=O)[O-])cc23)cc(C)n1,0.6812318738309034,0.0,0.0,0.0,0.0,0.6931471805599453,0.0,0.6931471805599453,0.0,0.0,0.0,0.0,0.0,0.0,0.0,0.0,0.0,0.6931471805599453,0.0,0.04310361744086199,0.0,0.0,0.0,0.0,0.0,0.6931471805599453,0.0,0.0,0.0,0.0,0.0,0.6931471805599453,0.0,0.0,0.0,0.0,0.0,0.0,-0.6931471805599453,-0.5376983728162604,-0.5370004781028717,0.0,0.0,-0.48373020300112074,0.0,0.0,0.0,0.0,0.0,0.0,0.3876472647913708,0.0,0.0,0.0,0.6931471805599453,0.6931471805599453,0.0,-0.6931471805599453,0.6931471805599453,0.0,0.0,0.0,-0.6931471805599453,-0.6931471805599453,0.0,0.0,0.6931471805599453,0.0,-0.6931471805599453,0.0,0.0,0.0,0.0,-0.6931471805599453,0.0,0.0,0.0,-0.6931471805599453,0.0,0.0,-0.6931471805599453,0.0,0.0,0.0,0.0,0.0,0.0,0.0,0.0,-0.6931471805599453,0.0,0.0,0.0,0.0,0.0,0.0,0.0,0.0,0.0,-0.6931471805599453,0.0,0.0,0.0,0.0,0.0,0.0,0.0,0.6931471805599453,0.0,0.0,0.0,0.0,0.0,-0.6931471805599453,0.0,0.0,0.0,-0.6931471805599453,0.0,0.6931471805599453,0.0,0.0,0.6931471805599453,0.0,0.0,0.0,0.0,0.0,0.0,0.0,0.0,0.0,0.0,0.0,0.0,0.0,0.0,0.0,0.0,0.0,0.0,0.0,0.0,0.0,0.0,0.0,0.0,0.0,-0.6931471805599453,-0.6931471805599453,0.0,0.0,0.0,-0.6931471805599453,0.0,0.0,0.0,0.0,0.0,0.0,0.0,0.0,0.0,0.0,0.0,0.6931471805599453,0.0,0.0,0.0,0.0,0.0,1.6393973129107184,0.0,0.6931471805599453,0.0,0.0,0.0,-0.7939518796819102,-0.6931471805599453,0.0,0.0,0.0,-0.6931471805599453,0.0,0.0,0.0
6.372363747448347,0.2973629040733618,Cc1cc(-c2c(C)n(C/C(F)=C/CN)c3ccc(NS(C)(=O)=O)cc23)cc(C)n1,0.6812318738309034,0.0,0.0,0.0,0.0,0.6931471805599453,0.0,0.6931471805599453,0.0,0.0,0.0,0.0,0.0,0.0,0.0,0.0,0.0,0.6931471805599453,0.0,0.04310361744086199,0.0,0.0,0.0,0.0,0.0,0.6931471805599453,0.0,0.0,0.0,0.0,0.0,0.6931471805599453,0.0,0.0,0.0,0.0,0.0,0.0,-0.6931471805599453,-0.5376983728162604,-0.5370004781028717,0.0,0.0,-0.48373020300112074,0.0,0.0,0.0,0.0,0.0,0.0,0.2582805426104965,0.0,0.0,0.0,0.6931471805599453,0.6931471805599453,0.0,-0.6931471805599453,0.6931471805599453,0.0,0.0,0.0,-0.6931471805599453,-0.6931471805599453,0.0,0.0,0.6931471805599453,0.0,-0.6931471805599453,0.0,0.0,0.0,0.0,-0.6931471805599453,0.0,0.0,0.0,0.0,0.0,0.0,-0.6931471805599453,0.0,0.0,0.0,0.0,0.0,0.0,0.0,0.0,-0.6931471805599453,0.0,0.0,0.0,0.0,0.0,0.0,0.0,0.0,0.0,-0.6931471805599453,0.0,0.0,0.0,0.0,0.0,0.0,0.0,0.6931471805599453,0.0,0.0,0.0,0.0,0.0,-0.6931471805599453,0.0,0.0,0.0,-0.6931471805599453,0.0,0.6931471805599453,-0.6931471805599453,0.0,0.6931471805599453,0.0,0.0,0.0,0.0,0.0,0.0,0.0,0.0,0.0,0.0,0.0,0.0,0.0,0.0,0.0,0.0,0.0,0.0,0.0,0.0,-0.6931471805599453,0.0,0.0,0.0,0.0,-0.6931471805599453,-0.6931471805599453,0.0,0.0,0.0,-0.6931471805599453,0.0,0.0,0.0,-0.6931471805599453,0.0,0.0,0.0,0.0,0.0,0.0,0.0,0.6931471805599453,0.0,0.0,0.0,0.0,0.0,0.21734643362988343,0.0,0.6931471805599453,0.0,0.0,0.0,0.6855425811747252,-0.6931471805599453,0.0,0.0,0.0,-0.6931471805599453,0.0,0.0,0.0
6.372363747448347,0.2973629040733618,COCc1ccc2c(n1)c(-c1cccc(S(=O)(=O)N(C)C)c1)c(C)n2C/C(F)=C/CN,0.6812318738309034,0.0,0.0,0.0,0.0,0.6931471805599453,0.0,0.6931471805599453,0.0,0.0,0.0,0.0,0.0,0.0,0.0,0.0,0.0,0.6931471805599453,0.0,0.06738304801147778,0.0,0.0,0.0,0.0,0.0,0.6931471805599453,0.0,0.0,0.0,0.0,0.0,0.6931471805599453,0.0,0.0,0.0,0.0,0.0,0.0,-0.6931471805599453,-0.5376983728162604,-0.5370004781028717,0.0,0.0,-0.48373020300112074,0.0,0.0,0.0,0.0,0.0,0.0,0.7144420065305184,0.0,0.0,0.0,0.0,0.6931471805599453,0.0,-0.6931471805599453,0.6931471805599453,0.0,0.0,0.0,-0.6931471805599453,-0.6931471805599453,0.0,0.0,0.6931471805599453,0.0,-0.6931471805599453,0.0,0.0,0.0,0.0,0.0,0.0,0.0,0.0,0.0,0.0,0.0,-0.6931471805599453,0.0,0.0,0.0,0.0,0.0,0.0,0.0,0.0,-0.6931471805599453,0.0,0.0,0.0,0.0,0.0,0.0,0.0,0.0,0.0,-0.6931471805599453,0.0,0.0,0.0,0.0,0.0,0.0,0.0,0.0,0.0,0.0,0.0,0.0,0.0,0.0,0.0,0.0,0.6931471805599453,-0.6931471805599453,0.0,0.6931471805599453,0.0,0.0,0.6931471805599453,0.0,0.0,0.0,0.0,0.0,0.0,0.0,0.0,0.0,0.0,0.0,0.0,0.0,0.0,0.0,0.0,0.0,0.0,0.0,0.0,-0.6931471805599453,0.0,0.0,0.0,0.0,-0.6931471805599453,0.0,0.0,0.0,0.0,-0.6931471805599453,0.0,0.0,0.0,-0.6931471805599453,0.0,0.0,0.0,0.0,0.0,0.0,0.0,0.0,0.0,0.0,0.0,0.0,0.0,0.26280880770664194,0.0,0.0,0.0,0.0,0.0,-0.21706450523782758,0.0,0.0,0.0,0.0,-0.6931471805599453,0.0,0.0,0.0
6.372363747448347,0.2973629040733618,Cc1c(-c2cccc(S(=O)(=O)N(C)C)c2)c2cc(NS(C)(=O)=O)ccc2n1C/C(F)=C/CN,0.6812318738309034,0.0,0.0,0.0,0.0,0.6931471805599453,0.0,0.6931471805599453,0.0,0.0,0.0,0.0,0.0,0.0,0.0,0.0,0.0,0.6931471805599453,0.0,0.04310361744086199,0.0,0.0,0.0,0.0,0.0,0.6931471805599453,0.0,0.0,0.0,0.0,0.0,0.6931471805599453,0.0,0.0,0.0,0.0,0.0,0.0,-0.6931471805599453,-0.5376983728162604,-0.5370004781028717,0.0,0.0,-0.48373020300112074,0.0,0.0,0.0,0.0,0.0,0.0,0.6730796175091364,0.0,0.0,0.0,0.6931471805599453,0.6931471805599453,0.0,-0.6931471805599453,0.6931471805599453,0.0,0.0,0.0,-0.6931471805599453,-0.6931471805599453,0.0,0.0,0.6931471805599453,0.0,-0.6931471805599453,0.0,0.0,0.0,0.0,-0.6931471805599453,0.0,0.0,0.0,0.0,0.0,0.0,-0.6931471805599453,0.0,0.0,0.0,0.0,0.0,0.0,0.0,0.0,-0.6931471805599453,0.0,0.0,0.0,0.0,0.0,0.0,0.0,0.0,0.0,-0.6931471805599453,0.0,0.0,0.0,0.0,0.0,0.0,0.0,0.6931471805599453,0.0,0.0,0.0,0.0,0.0,-0.6931471805599453,0.0,0.0,0.0,-0.6931471805599453,0.0,0.6931471805599453,-0.6931471805599453,0.0,0.6931471805599453,0.0,0.0,0.0,0.0,0.0,0.0,0.0,0.0,0.0,0.0,0.0,0.0,0.0,0.0,0.0,0.0,0.0,0.0,0.0,0.0,-0.6931471805599453,0.0,0.0,0.0,0.0,-0.6931471805599453,-0.6931471805599453,0.0,0.0,0.0,-0.6931471805599453,0.0,0.0,0.0,-0.6931471805599453,0.0,0.0,0.0,0.0,0.0,0.0,0.0,0.6931471805599453,0.0,0.0,0.0,0.0,0.0,0.09898183354885239,0.0,0.6931471805599453,0.0,0.0,0.0,0.787079000394148,0.0,0.0,0.0,0.0,-0.6931471805599453,0.0,0.0,0.0
6.372363747448347,0.2973629040733618,Cc1c(-c2cccc(S(=O)(=O)N(C)C)c2)c2nc(N(C)C)ccc2n1C/C(F)=C/CN,0.6812318738309034,0.0,0.0,0.0,0.0,0.6931471805599453,0.0,0.6931471805599453,0.0,0.0,0.0,0.0,0.0,0.0,0.0,0.0,0.0,0.6931471805599453,0.0,0.06738304801147778,0.0,0.0,0.0,0.0,0.0,0.6931471805599453,0.0,0.0,0.0,0.0,0.0,0.6931471805599453,0.0,0.0,0.0,0.0,0.0,0.0,-0.6931471805599453,-0.5376983728162604,-0.5370004781028717,0.0,0.0,-0.48373020300112074,0.0,0.0,0.0,0.0,0.0,0.0,0.6898304279339518,0.0,0.0,0.0,0.0,0.6931471805599453,0.0,-0.6931471805599453,0.6931471805599453,0.0,0.0,0.0,-0.6931471805599453,-0.6931471805599453,0.0,0.0,0.6931471805599453,0.0,-0.6931471805599453,0.0,0.0,0.0,0.0,0.0,0.0,0.0,0.0,-0.6931471805599453,0.0,0.0,-0.6931471805599453,0.0,0.0,0.0,0.0,0.0,0.0,0.0,0.0,0.0,0.0,0.0,0.0,0.0,0.0,0.0,0.0,0.0,0.0,-0.6931471805599453,0.0,0.0,0.0,0.0,0.0,0.0,0.0,0.0,0.0,0.0,0.0,0.0,0.0,0.0,0.0,0.0,0.6931471805599453,-0.6931471805599453,0.0,0.6931471805599453,-0.6931471805599453,0.0,0.6931471805599453,0.0,0.0,0.0,0.0,0.0,0.0,0.0,0.0,0.0,0.0,0.0,0.0,0.0,0.0,0.0,0.0,0.0,0.0,0.0,0.0,-0.6931471805599453,0.0,0.0,0.0,0.0,0.0,-0.6931471805599453,0.0,0.0,0.0,-0.6931471805599453,0.0,0.0,0.0,-0.6931471805599453,0.0,0.0,0.0,0.0,0.0,0.0,0.0,0.0,0.0,0.0,0.0,0.0,0.0,-0.805133098532004,0.0,0.0,0.0,0.0,0.0,-0.6306268235786112,0.0,0.0,0.0,0.0,-0.6931471805599453,0.0,0.0,0.0
6.372363747448347,0.2973629040733618,Cc1c(-c2cccc(S(=O)(=O)N(C)C)c2)c2cc(S(=O)(=O)C(C)C)ccc2n1C/C(F)=C/CN,0.6812318738309034,0.0,0.0,0.0,0.0,0.6931471805599453,0.0,0.6931471805599453,0.0,0.0,0.0,0.0,0.0,0.0,0.0,0.0,0.0,0.6931471805599453,0.0,0.04310361744086199,0.0,0.0,0.0,0.0,0.0,0.6931471805599453,0.0,0.0,0.0,0.0,0.0,0.6931471805599453,0.0,0.0,0.0,0.0,0.0,0.0,-0.6931471805599453,-0.5376983728162604,-0.5370004781028717,0.0,0.0,-0.48373020300112074,0.0,0.0,0.0,0.0,0.0,0.0,0.849188220118373,0.0,0.0,0.0,0.6931471805599453,0.6931471805599453,0.0,-0.6931471805599453,0.6931471805599453,0.0,0.0,0.0,-0.6931471805599453,-0.6931471805599453,0.0,0.0,0.6931471805599453,0.0,-0.6931471805599453,0.0,0.0,0.0,0.0,-0.6931471805599453,0.0,0.0,0.0,-0.6931471805599453,0.0,0.0,-0.6931471805599453,0.0,0.0,0.0,0.0,0.0,0.0,0.0,0.0,-0.6931471805599453,0.0,0.0,0.0,0.0,0.0,0.0,0.0,0.0,0.0,-0.6931471805599453,0.0,0.0,0.0,0.0,0.0,0.0,0.0,0.6931471805599453,0.0,0.0,0.0,0.0,0.0,-0.6931471805599453,0.0,0.0,0.0,-0.6931471805599453,0.0,0.6931471805599453,-0.6931471805599453,0.0,0.6931471805599453,0.0,0.0,0.0,0.0,0.0,0.0,0.0,0.0,0.0,0.0,0.0,0.0,0.0,0.0,0.0,0.0,0.0,0.0,0.0,0.0,-0.6931471805599453,0.0,0.0,0.0,0.0,-0.6931471805599453,-0.6931471805599453,0.0,0.0,0.0,-0.6931471805599453,0.0,0.0,0.0,-0.6931471805599453,0.0,0.0,0.0,0.0,0.0,0.0,0.0,0.6931471805599453,0.0,0.0,0.0,0.0,0.0,0.7520702535567924,0.0,0.6931471805599453,0.0,0.0,0.0,0.11441035117774422,-0.6931471805599453,0.0,0.0,0.0,-0.6931471805599453,0.0,0.0,0.0
6.372363747448347,0.2973629040733618,Cc1ccc2c(n1)c(-c1cccc(S(=O)(=O)N(C)C)c1)c(C)n2C/C(F)=C/CN,0.6812318738309034,0.0,0.0,0.0,0.0,0.6931471805599453,0.0,0.6931471805599453,0.0,0.0,0.0,0.0,0.0,0.0,0.0,0.0,0.0,0.6931471805599453,0.0,0.06738304801147778,0.0,0.0,0.0,0.0,0.0,0.6931471805599453,0.0,0.0,0.0,0.0,0.0,0.6931471805599453,0.0,0.0,0.0,0.0,0.0,0.0,-0.6931471805599453,-0.5376983728162604,-0.5370004781028717,0.0,0.0,-0.48373020300112074,0.0,0.0,0.0,0.0,0.0,0.0,0.7787779139504479,0.0,0.0,0.0,0.0,0.6931471805599453,0.0,-0.6931471805599453,0.6931471805599453,0.0,0.0,0.0,-0.6931471805599453,-0.6931471805599453,0.0,0.0,0.6931471805599453,0.0,-0.6931471805599453,0.0,0.0,0.0,0.0,-0.6931471805599453,0.0,0.0,0.0,-0.6931471805599453,0.0,0.0,-0.6931471805599453,0.0,0.0,0.0,0.0,0.0,0.0,0.0,0.0,-0.6931471805599453,0.0,0.0,0.0,0.0,0.0,0.0,0.0,0.0,0.0,-0.6931471805599453,0.0,0.0,0.0,0.0,0.0,0.0,0.0,0.0,0.0,0.0,0.0,0.0,0.0,0.0,0.0,0.0,0.6931471805599453,-0.6931471805599453,0.0,0.6931471805599453,-0.6931471805599453,0.0,0.6931471805599453,0.0,0.0,0.0,0.0,0.0,0.0,0.0,0.0,0.0,0.0,0.0,0.0,0.0,0.0,0.0,0.0,0.0,0.0,0.0,0.0,-0.6931471805599453,0.0,0.0,0.0,0.0,-0.6931471805599453,-0.6931471805599453,0.0,0.0,0.0,-0.6931471805599453,0.0,0.0,0.0,-0.6931471805599453,0.0,0.0,0.0,0.0,0.0,0.0,0.0,0.0,0.0,0.0,0.0,0.0,0.0,-0.21734643362988343,0.0,0.0,0.0,0.0,0.0,-0.5552773863368246,0.0,0.0,0.0,0.0,-0.6931471805599453,0.0,0.0,0.0
6.372363747448347,0.2973629040733618,Cc1c(-c2cccc(S(=O)(=O)N(C)C)c2)c2ncc(F)cc2n1C/C(F)=C/CN,0.6812318738309034,0.0,0.0,0.0,0.0,0.6931471805599453,0.0,0.6931471805599453,0.0,0.0,0.0,0.0,0.0,0.0,0.0,0.0,0.0,0.6931471805599453,0.0,0.06738304801147778,0.0,0.0,0.0,0.0,0.0,0.6931471805599453,0.0,0.0,0.0,0.0,0.0,0.6931471805599453,0.0,0.0,0.0,0.0,0.0,0.0,-0.6931471805599453,-0.5376983728162604,-0.5370004781028717,0.0,0.0,-0.3076771961829144,0.0,0.0,0.0,0.0,0.0,0.0,0.8632531495857763,0.0,0.0,0.0,0.0,0.6931471805599453,0.0,-0.6931471805599453,0.6931471805599453,0.0,0.0,0.0,-0.6931471805599453,-0.6931471805599453,0.0,0.0,0.6931471805599453,0.0,-0.6931471805599453,0.0,0.0,0.0,0.0,-0.6931471805599453,0.0,0.0,0.0,0.0,0.0,0.0,-0.6931471805599453,0.0,0.0,0.0,0.0,0.0,0.0,0.0,0.0,-0.6931471805599453,0.0,0.0,0.0,0.0,0.0,0.0,0.0,0.0,0.0,-0.6931471805599453,0.0,0.0,0.0,0.0,0.0,0.0,0.0,0.0,0.0,0.0,0.0,0.0,0.0,0.0,0.0,0.0,0.6931471805599453,-0.6931471805599453,0.0,0.6931471805599453,-0.6931471805599453,0.0,0.6931471805599453,0.0,0.0,0.0,0.0,0.0,0.0,0.0,0.0,0.0,0.0,0.0,0.0,0.0,0.0,0.0,0.0,0.0,0.0,0.0,0.0,-0.6931471805599453,0.0,0.0,0.0,0.0,0.0,-0.6931471805599453,0.0,0.0,0.0,-0.6931471805599453,0.0,0.0,0.0,-0.6931471805599453,0.0,0.0,0.0,0.0,0.0,0.0,0.0,0.0,0.0,0.0,0.0,0.0,0.0,0.4112288128249155,0.0,0.0,0.0,0.0,0.0,-0.29898162770571435,0.0,0.0,0.0,0.0,-0.6931471805599453,0.0,0.0,0.0
6.372363747448347,0.2973629040733618,Cc1c(-c2cccc(S(=O)(=O)N(C)C)c2)c2nc(F)ccc2n1C/C(F)=C/CN,0.6812318738309034,0.0,0.0,0.0,0.0,0.6931471805599453,0.0,0.6931471805599453,0.0,0.0,0.0,0.0,0.0,0.0,0.0,0.0,0.0,0.6931471805599453,0.0,0.06738304801147778,0.0,0.0,0.0,0.0,0.0,0.6931471805599453,0.0,0.0,0.0,0.0,0.0,0.6931471805599453,0.0,0.0,0.0,0.0,0.0,0.0,-0.6931471805599453,-0.5376983728162604,-0.5370004781028717,0.0,0.0,-0.4055403044915389,0.0,0.0,0.0,0.0,0.0,0.0,0.8702121199100799,0.0,0.0,0.0,0.0,0.6931471805599453,0.0,-0.6931471805599453,0.6931471805599453,0.0,0.0,0.0,-0.6931471805599453,-0.6931471805599453,0.0,0.0,0.6931471805599453,0.0,-0.6931471805599453,0.0,0.0,0.0,0.0,-0.6931471805599453,0.0,0.0,0.0,0.0,0.0,0.0,-0.6931471805599453,0.0,0.0,0.0,0.0,0.0,0.0,0.0,0.0,-0.6931471805599453,0.0,0.0,0.0,0.0,0.0,0.0,0.0,0.0,0.0,-0.6931471805599453,0.0,0.0,0.0,0.0,0.0,0.0,0.0,0.0,0.0,0.0,0.0,0.0,0.0,0.0,0.0,0.0,0.6931471805599453,-0.6931471805599453,0.0,0.6931471805599453,-0.6931471805599453,0.0,0.6931471805599453,0.0,0.0,0.0,0.0,0.0,0.0,0.0,0.0,0.0,0.0,0.0,0.0,0.0,0.0,0.0,0.0,0.0,0.0,0.0,0.0,-0.6931471805599453,0.0,0.0,0.0,0.0,0.0,-0.6931471805599453,0.0,0.0,0.0,-0.6931471805599453,0.0,0.0,0.0,-0.6931471805599453,0.0,0.0,0.0,0.0,0.0,0.0,0.0,0.0,0.0,0.0,0.0,0.0,0.0,0.5992810443278549,0.0,0.0,0.0,0.0,0.0,-0.46430560813109784,0.0,0.0,0.0,0.0,-0.6931471805599453,0.0,0.0,0.0
6.372363747448347,0.2973629040733618,Cc1c(-c2cccc(S(=O)(=O)N(C)C)c2)c2nc(C(F)(F)F)ccc2n1C/C(F)=C/CN,0.6812318738309034,0.0,0.0,0.0,0.0,0.6931471805599453,0.0,0.6931471805599453,0.0,0.0,0.0,0.0,0.0,0.0,0.0,0.0,0.0,0.6931471805599453,0.0,0.06738304801147778,0.0,0.0,0.0,0.0,0.0,0.6931471805599453,0.0,0.0,0.0,0.0,0.0,0.6931471805599453,0.0,0.0,0.0,0.0,0.0,0.0,-0.6931471805599453,-0.5376983728162604,-0.5370004781028717,0.0,0.0,-0.24968590501236007,0.0,0.0,0.0,0.0,0.0,0.0,0.6764523019877756,0.0,0.0,0.0,0.0,0.6931471805599453,0.0,-0.6931471805599453,0.6931471805599453,0.0,0.0,0.0,-0.6931471805599453,-0.6931471805599453,0.0,0.0,0.6931471805599453,0.0,-0.6931471805599453,0.0,0.0,0.0,0.0,-0.6931471805599453,0.0,0.0,0.0,-0.6931471805599453,0.0,0.0,-0.6931471805599453,0.0,0.0,0.0,0.0,0.0,0.0,0.0,0.0,-0.6931471805599453,0.0,0.0,0.0,0.0,0.0,0.0,0.0,0.0,0.0,-0.6931471805599453,0.0,0.0,0.0,0.0,0.0,0.0,0.0,0.0,0.0,0.0,0.0,0.0,0.0,0.0,0.0,0.0,0.6931471805599453,-0.6931471805599453,0.0,0.6931471805599453,-0.6931471805599453,0.0,0.6931471805599453,0.0,0.0,0.0,0.0,0.0,0.0,0.0,0.0,0.0,0.0,0.0,0.0,0.0,0.0,0.0,0.0,0.0,0.0,0.0,0.0,-0.6931471805599453,0.0,0.0,0.0,0.0,-0.6931471805599453,-0.6931471805599453,0.0,0.0,0.0,-0.6931471805599453,0.0,0.0,0.0,-0.6931471805599453,0.0,0.0,0.0,0.0,0.0,0.0,0.0,0.0,0.0,0.0,0.0,0.0,0.0,1.2386255188948248,0.0,0.0,0.0,0.0,0.0,0.05884050002293345,0.0,0.0,0.0,0.0,-0.6931471805599453,0.0,0.0,0.0
6.372363747448347,0.2973629040733618,Cc1c(-c2cccc(S(=O)(=O)N(C)C)c2)c2nc(C(C)(F)F)ccc2n1C/C(F)=C/CN,0.6812318738309034,0.0,0.0,0.0,0.0,0.6931471805599453,0.0,0.6931471805599453,0.0,0.0,0.0,0.0,0.0,0.0,0.0,0.0,0.0,0.6931471805599453,0.0,0.06738304801147778,0.0,0.0,0.0,0.0,0.0,0.6931471805599453,0.0,0.0,0.0,0.0,0.0,0.6931471805599453,0.0,0.0,0.0,0.0,0.0,0.0,-0.6931471805599453,-0.5376983728162604,-0.5370004781028717,0.0,0.0,-0.35091156727865586,0.0,0.0,0.0,0.0,0.0,0.0,0.6456806433210219,0.0,0.0,0.0,0.0,0.6931471805599453,0.0,-0.6931471805599453,0.6931471805599453,0.0,0.0,0.0,-0.6931471805599453,-0.6931471805599453,0.0,0.0,0.6931471805599453,0.0,-0.6931471805599453,0.0,0.0,0.0,0.0,-0.6931471805599453,0.0,0.0,0.0,-0.6931471805599453,0.0,0.0,-0.6931471805599453,0.0,0.0,0.0,0.0,0.0,0.0,0.0,0.0,-0.6931471805599453,0.0,0.0,0.0,0.0,0.0,0.0,0.0,0.0,0.0,-0.6931471805599453,0.0,0.0,0.0,0.0,0.0,0.0,0.0,0.0,0.0,0.0,0.0,0.0,0.0,0.0,0.0,0.0,0.6931471805599453,-0.6931471805599453,0.0,0.6931471805599453,-0.6931471805599453,0.0,0.6931471805599453,0.0,0.0,0.0,0.0,0.0,0.0,0.0,0.0,0.0,0.0,0.0,0.0,0.0,0.0,0.0,0.0,0.0,0.0,0.0,0.0,-0.6931471805599453,0.0,0.0,0.0,0.0,-0.6931471805599453,-0.6931471805599453,0.0,0.0,0.0,-0.6931471805599453,0.0,0.0,0.0,0.0,0.0,0.0,0.0,0.0,0.0,0.0,0.0,0.0,0.0,0.0,0.0,0.0,0.0,0.799951739790007,0.0,0.0,0.0,0.0,0.0,-0.3850562364769573,0.0,0.0,0.0,0.0,-0.6931471805599453,0.0,0.0,0.0
6.372363747448347,0.2973629040733618,Cc1ccc2c(n1)c(-c1cccc(S(C)(=O)=O)c1)c(C)n2C/C(F)=C/CN,0.6812318738309034,0.0,0.0,0.0,0.0,0.6931471805599453,0.0,0.6931471805599453,0.0,0.0,0.0,0.0,0.0,0.0,0.0,0.0,0.0,0.6931471805599453,0.0,0.06738304801147778,0.0,0.0,0.0,0.0,0.0,0.6931471805599453,0.0,0.0,0.0,0.0,0.0,0.6931471805599453,0.0,0.0,0.0,0.0,0.0,0.0,-0.6931471805599453,-0.5376983728162604,-0.5370004781028717,0.0,0.0,-0.48373020300112074,0.0,0.0,0.0,0.0,0.0,0.0,0.814602640468593,0.0,0.0,0.0,0.6931471805599453,0.6931471805599453,0.0,-0.6931471805599453,0.6931471805599453,0.0,0.0,0.0,-0.6931471805599453,-0.6931471805599453,0.0,0.0,0.6931471805599453,0.0,-0.6931471805599453,0.0,0.0,0.0,0.0,-0.6931471805599453,0.0,0.0,0.0,-0.6931471805599453,0.0,0.0,-0.6931471805599453,0.0,0.0,0.0,0.0,0.0,0.0,0.0,0.0,-0.6931471805599453,0.0,0.0,0.0,0.0,0.0,0.0,0.0,0.0,0.0,-0.6931471805599453,0.0,0.0,0.0,0.0,0.0,0.0,0.0,0.0,0.0,0.0,0.0,0.0,0.0,0.0,0.0,0.0,0.6931471805599453,-0.6931471805599453,0.0,0.6931471805599453,-0.6931471805599453,0.0,0.6931471805599453,0.0,0.0,0.0,0.0,0.0,0.0,0.0,0.0,0.0,0.0,0.0,0.0,0.0,0.0,0.0,0.0,0.0,0.0,0.0,0.0,-0.6931471805599453,0.0,0.0,0.0,0.0,-0.6931471805599453,-0.6931471805599453,0.0,0.0,0.0,-0.6931471805599453,0.0,0.0,0.0,-0.6931471805599453,0.0,0.0,0.0,0.0,0.0,0.0,0.0,0.0,0.0,0.0,0.0,0.0,0.0,0.4188624376799859,0.0,0.0,0.0,0.0,0.0,-0.5108256237659907,0.0,0.0,0.0,0.0,-0.6931471805599453,0.0,0.0,0.0
6.372363747448347,0.2973629040733618,CCS(=O)(=O)c1cccc(-c2c(C(C)C)n(C/C(F)=C/CN)c3ccc(C)nc23)c1,0.6812318738309034,0.0,0.0,0.0,0.0,0.6931471805599453,0.0,0.6931471805599453,0.0,0.0,0.0,0.0,0.0,0.0,0.0,0.0,0.0,0.6931471805599453,0.0,0.06738304801147778,0.0,0.0,0.0,0.0,0.0,0.6931471805599453,0.0,0.0,0.0,0.0,0.0,0.6931471805599453,0.0,0.0,0.0,0.0,0.0,0.0,0.0,-0.5376983728162604,-0.5370004781028717,0.0,0.0,-0.48373020300112074,0.0,0.0,0.0,0.0,0.0,0.0,0.5453230243784977,0.0,0.0,0.0,0.6931471805599453,0.6931471805599453,0.0,-0.6931471805599453,0.6931471805599453,0.0,0.0,0.0,-0.6931471805599453,-0.6931471805599453,0.0,0.0,0.6931471805599453,0.0,-0.6931471805599453,0.0,0.0,0.0,0.0,-0.6931471805599453,0.0,0.0,0.0,-0.6931471805599453,0.0,0.0,-0.6931471805599453,0.0,0.0,0.0,0.0,0.0,0.0,0.0,0.0,-0.6931471805599453,0.0,0.0,0.0,0.0,0.0,0.0,0.0,0.0,0.0,-0.6931471805599453,0.0,0.0,0.0,0.0,0.0,0.0,0.0,0.0,0.0,0.0,0.0,0.0,0.0,0.0,0.0,0.0,0.6931471805599453,-0.6931471805599453,0.0,0.6931471805599453,-0.6931471805599453,0.0,0.6931471805599453,0.0,0.0,0.0,0.0,0.0,0.0,0.0,0.0,0.0,0.0,0.0,0.0,0.0,0.0,0.0,0.0,0.0,0.0,0.0,0.0,-0.6931471805599453,0.0,0.0,0.0,0.0,-0.6931471805599453,-0.6931471805599453,0.0,0.0,0.0,-0.6931471805599453,0.0,0.0,0.0,-0.6931471805599453,0.0,0.0,0.0,0.0,0.0,0.0,0.0,0.0,0.0,0.0,0.0,0.0,0.0,-0.805133098532004,0.0,0.0,0.0,0.0,0.0,-0.7230001437096257,0.0,0.0,0.0,0.0,-0.6931471805599453,0.0,0.0,0.0
6.372363747448347,0.2973629040733618,CCS(=O)(=O)c1cccc(-c2c(C)n(C/C(F)=C/CN)c3ccc(C)nc23)c1,0.6812318738309034,0.0,0.0,0.0,0.0,0.6931471805599453,0.0,0.6931471805599453,0.0,0.0,0.0,0.0,0.0,0.0,0.0,0.0,0.0,0.6931471805599453,0.0,0.06738304801147778,0.0,0.0,0.0,0.0,0.0,0.6931471805599453,0.0,0.0,0.0,0.0,0.0,0.6931471805599453,0.0,0.0,0.0,0.0,0.0,0.0,-0.6931471805599453,-0.5376983728162604,-0.5370004781028717,0.0,0.0,-0.48373020300112074,0.0,0.0,0.0,0.0,0.0,0.0,0.7878551321015647,0.0,0.0,0.0,0.6931471805599453,0.6931471805599453,0.0,-0.6931471805599453,0.6931471805599453,0.0,0.0,0.0,-0.6931471805599453,-0.6931471805599453,0.0,0.0,0.6931471805599453,0.0,-0.6931471805599453,0.0,0.0,0.0,0.0,-0.6931471805599453,0.0,0.0,0.0,-0.6931471805599453,0.0,0.0,-0.6931471805599453,0.0,0.0,0.0,0.0,0.0,0.0,0.0,0.0,-0.6931471805599453,0.0,0.0,0.0,0.0,0.0,0.0,0.0,0.0,0.0,-0.6931471805599453,0.0,0.0,0.0,0.0,0.0,0.0,0.0,0.0,0.0,0.0,0.0,0.0,0.0,0.0,0.0,0.0,0.6931471805599453,-0.6931471805599453,0.0,0.6931471805599453,-0.6931471805599453,0.0,0.6931471805599453,0.0,0.0,0.0,0.0,0.0,0.0,0.0,0.0,0.0,0.0,0.0,0.0,0.0,0.0,0.0,0.0,0.0,0.0,0.0,0.0,-0.6931471805599453,0.0,0.0,0.0,0.0,-0.6931471805599453,-0.6931471805599453,0.0,0.0,0.0,-0.6931471805599453,0.0,0.0,0.0,-0.6931471805599453,0.0,0.0,0.0,0.0,0.0,0.0,0.0,0.0,0.0,0.0,0.0,0.0,0.0,0.19856653897828705,0.0,0.0,0.0,0.0,0.0,-0.6545323444321657,0.0,0.0,0.0,0.0,-0.6931471805599453,0.0,0.0,0.0
6.372363747448347,0.2973629040733618,Cc1c(-c2cccc(S(C)(=O)=O)c2)c2nc(CF)ccc2n1C/C(F)=C/CN,0.6812318738309034,0.0,0.0,0.0,0.0,0.6931471805599453,0.0,0.6931471805599453,0.0,0.0,0.0,0.0,0.0,0.0,0.0,0.0,0.0,0.6931471805599453,0.0,0.06738304801147778,0.0,0.0,0.0,0.0,0.0,0.6931471805599453,0.0,0.0,0.0,0.0,0.0,0.6931471805599453,0.0,0.0,0.0,0.0,0.0,0.0,-0.6931471805599453,-0.5376983728162604,-0.5370004781028717,0.0,0.0,-0.48373020300112074,0.0,0.0,0.0,0.0,0.0,0.0,0.7665453455148136,0.0,0.0,0.0,0.6931471805599453,0.6931471805599453,0.0,-0.6931471805599453,0.6931471805599453,0.0,0.0,0.0,-0.6931471805599453,-0.6931471805599453,0.0,0.0,0.6931471805599453,0.0,-0.6931471805599453,0.0,0.0,0.0,0.0,0.0,0.0,0.0,0.0,-0.6931471805599453,0.0,0.0,-0.6931471805599453,0.0,0.0,0.0,0.0,0.0,0.0,0.0,0.0,-0.6931471805599453,0.0,0.0,0.0,0.0,0.0,0.0,0.0,0.0,0.0,-0.6931471805599453,0.0,0.0,0.0,0.0,0.0,0.0,0.0,0.0,0.0,0.0,0.0,0.0,0.0,0.0,0.0,0.0,0.6931471805599453,-0.6931471805599453,0.0,0.6931471805599453,-0.6931471805599453,0.0,0.6931471805599453,0.0,0.0,0.0,0.0,0.0,0.0,0.0,0.0,0.0,0.0,0.0,0.0,0.0,0.0,0.0,0.0,0.0,0.0,0.0,0.0,-0.6931471805599453,0.0,0.0,0.0,0.0,-0.6931471805599453,-0.6931471805599453,0.0,0.0,0.0,-0.6931471805599453,0.0,0.0,0.0,-0.6931471805599453,0.0,0.0,0.0,0.0,0.0,0.0,0.0,0.0,0.0,0.0,0.0,0.0,0.0,1.063314506587087,0.0,0.0,0.0,0.0,0.0,-0.21706450523782758,0.0,0.0,0.0,0.0,-0.6931471805599453,0.0,0.0,0.0
6.372363747448347,0.2973629040733618,Cc1c(-c2cccc(S(C)(=O)=O)c2)c2nc(C(C)(C)O)ccc2n1C/C(F)=C/CN,0.6812318738309034,0.0,0.0,0.0,0.0,0.6931471805599453,0.0,0.6931471805599453,0.0,0.0,0.0,0.0,0.0,0.0,0.0,0.0,0.0,0.6931471805599453,0.0,0.06738304801147778,0.0,0.0,0.0,0.0,0.0,0.6931471805599453,0.0,0.0,0.0,0.0,0.0,0.6931471805599453,0.0,0.0,0.0,0.0,0.0,0.0,-0.6931471805599453,-0.5376983728162604,-0.5370004781028717,0.0,0.0,-0.48373020300112074,0.0,0.0,0.0,0.0,0.0,0.0,0.6508754601981261,0.0,0.0,0.0,0.6931471805599453,0.6931471805599453,0.0,-0.6931471805599453,0.6931471805599453,0.0,0.0,0.0,-0.6931471805599453,-0.6931471805599453,0.0,0.0,0.6931471805599453,0.0,-0.6931471805599453,0.0,0.0,0.0,0.0,-0.6931471805599453,0.0,0.0,0.0,-0.6931471805599453,0.0,0.0,-0.6931471805599453,0.0,0.0,0.0,0.0,0.0,0.0,0.0,0.0,-0.6931471805599453,0.0,0.0,0.0,0.0,0.0,0.0,0.0,0.0,0.0,-0.6931471805599453,0.0,0.0,0.0,0.0,0.0,0.0,0.0,0.0,0.0,0.0,0.0,0.0,0.0,0.0,0.0,0.0,0.6931471805599453,-0.6931471805599453,0.0,0.6931471805599453,-0.6931471805599453,0.0,0.6931471805599453,0.0,0.0,0.0,0.0,0.0,0.0,0.0,0.0,0.0,0.0,0.0,0.0,0.0,0.0,0.0,0.0,0.0,0.0,0.0,0.0,-0.6931471805599453,0.0,0.0,0.0,0.0,0.0,-0.6931471805599453,0.0,0.0,0.0,-0.6931471805599453,0.0,0.0,0.0,0.0,0.0,0.0,0.0,0.0,0.0,0.0,0.0,0.0,0.0,0.0,0.0,0.0,0.0,-0.2977468590679224,0.0,0.0,0.0,0.0,0.0,-0.8342257788198502,0.0,0.0,0.0,0.0,-0.6931471805599453,0.0,0.0,0.0
6.372363747448347,0.2973629040733618,Cc1c(-c2cccc(S(=O)(=O)C(C)C)c2)c2nc(C(C)(C)O)ccc2n1C/C(F)=C/CN,0.6812318738309034,0.0,0.0,0.0,0.0,0.6931471805599453,0.0,0.6931471805599453,0.0,0.0,0.0,0.0,0.0,0.0,0.0,0.0,0.0,0.6931471805599453,0.0,0.06738304801147778,0.0,0.0,0.0,0.0,0.0,0.6931471805599453,0.0,0.0,0.0,0.0,0.0,0.6931471805599453,0.0,0.0,0.0,0.0,0.0,0.0,-0.6931471805599453,-0.5376983728162604,-0.5370004781028717,0.0,0.0,-0.48373020300112074,0.0,0.0,0.0,0.0,0.0,0.0,0.6139319450064415,0.0,0.0,0.0,0.6931471805599453,0.6931471805599453,0.0,-0.6931471805599453,0.6931471805599453,0.0,0.0,0.0,-0.6931471805599453,-0.6931471805599453,0.0,0.0,0.6931471805599453,0.0,-0.6931471805599453,0.0,0.0,0.0,0.0,-0.6931471805599453,0.0,0.0,0.0,-0.6931471805599453,0.0,0.0,-0.6931471805599453,0.0,0.0,0.0,0.0,0.0,0.0,0.0,0.0,-0.6931471805599453,0.0,0.0,0.0,0.0,0.0,0.0,0.0,0.0,0.0,-0.6931471805599453,0.0,0.0,0.0,0.0,0.0,0.0,0.0,0.0,0.0,0.0,0.0,0.0,0.0,0.0,0.0,0.0,0.6931471805599453,-0.6931471805599453,0.0,0.6931471805599453,-0.6931471805599453,0.0,0.6931471805599453,0.0,0.0,0.0,0.0,0.0,0.0,0.0,0.0,0.0,0.0,0.0,0.0,0.0,0.0,0.0,0.0,0.0,0.0,0.0,0.0,-0.6931471805599453,0.0,0.0,0.0,0.0,0.0,-0.6931471805599453,0.0,0.0,0.0,-0.6931471805599453,0.0,0.0,0.0,0.0,0.0,0.0,0.0,0.0,0.0,0.0,0.0,0.0,0.0,0.0,0.0,0.0,0.0,-0.5268810145192896,0.0,0.0,0.0,0.0,0.0,-0.8342257788198502,0.0,0.0,0.0,0.0,-0.6931471805599453,0.0,0.0,0.0
3.3723637474483468,0.2973629040733618,Cc1c(Cc2ccc(S(=O)(=O)N(C)C)cc2)c2cc(C(=O)O)ccc2n1C/C(F)=C/CN,-0.7148462436713207,0.0,0.0,0.0,0.0,0.0,0.0,0.0,0.0,0.0,0.0,0.0,0.0,0.0,0.0,0.0,0.0,0.0,0.0,-1.1455304055890243,0.0,0.0,0.0,0.0,0.0,0.0,0.0,0.0,0.0,-0.6931471805599453,0.0,0.0,0.0,0.0,0.0,-0.6931471805599453,0.0,0.0,0.0,-0.4926767611297202,-0.5078190560844918,0.0,0.0,-0.43575460680095035,0.0,0.0,0.0,0.0,0.0,0.0,-0.7510411589788482,0.0,0.0,0.0,0.0,0.0,0.0,0.0,0.0,0.0,0.0,0.0,0.0,0.0,0.0,0.0,0.0,0.6931471805599453,0.0,0.0,0.0,0.0,0.0,0.0,0.0,0.0,0.0,0.0,0.0,0.0,0.0,0.0,-0.6931471805599453,0.0,0.0,0.0,0.0,0.0,-0.6931471805599453,0.0,0.0,0.0,0.0,0.0,0.0,0.0,0.0,0.0,0.0,0.0,0.0,0.0,0.0,0.0,0.0,0.0,0.0,0.0,0.0,0.0,0.0,0.0,0.0,-0.6931471805599453,0.0,0.0,0.0,0.0,0.0,0.0,0.0,0.0,0.6931471805599453,0.0,0.0,0.0,0.0,0.0,0.0,0.0,0.0,0.0,0.0,0.0,0.0,0.0,0.0,0.0,0.0,0.0,0.0,0.0,0.0,0.0,0.0,0.0,0.0,0.0,0.0,0.0,0.0,0.0,0.0,0.0,0.0,0.0,0.0,0.0,0.0,0.0,0.0,0.0,0.0,0.0,0.0,0.0,0.0,0.0,0.0,0.0,0.0,-0.8940805845485004,0.0,0.6931471805599453,0.0,0.0,0.0,-0.5108256237659907,-0.6931471805599453,0.0,0.0,0.0,0.0,0.0,0.0,0.0
3.3723637474483468,0.2973629040733618,COC(=O)c1ccc2c(c1)c(Cc1ccc(S(=O)(=O)N(C)C)cc1)c(C)n2C/C(F)=C/CN,-0.7148462436713207,0.0,0.0,0.0,0.0,0.0,0.0,0.0,0.0,0.0,0.0,0.0,0.0,0.0,0.0,0.0,0.0,0.0,0.0,-1.1455304055890243,0.0,0.0,0.0,0.0,0.0,0.0,0.0,0.0,0.0,-0.6931471805599453,0.0,0.0,0.0,0.0,0.0,-0.6931471805599453,0.0,0.0,0.0,-0.4470684437416507,-0.5366269050099705,0.0,0.0,-0.32675619468453126,0.0,0.0,0.0,0.0,0.0,0.0,-0.7619192771260312,0.0,0.0,0.0,0.0,0.0,0.0,0.0,0.0,0.0,0.0,0.0,0.0,0.0,0.0,0.0,0.0,0.6931471805599453,0.0,0.0,0.0,0.0,0.0,0.0,0.0,0.0,0.0,0.0,0.0,0.0,0.0,0.0,-0.6931471805599453,0.0,0.0,0.0,0.0,0.0,-0.6931471805599453,0.0,0.0,0.0,0.0,0.0,0.0,0.0,0.0,0.0,0.0,0.0,0.0,0.0,0.0,0.0,0.0,0.0,0.0,0.0,0.0,0.0,0.0,0.0,0.0,-0.6931471805599453,0.0,0.0,0.0,0.0,0.0,0.0,0.0,0.0,0.6931471805599453,0.0,0.0,0.0,0.0,0.0,0.0,0.0,0.0,0.0,0.0,0.0,0.0,0.0,0.0,0.0,0.0,0.0,0.0,0.0,0.0,0.0,0.0,0.0,0.0,0.0,0.0,0.0,0.0,0.0,0.0,0.0,0.0,0.0,0.0,0.0,0.0,0.0,0.0,0.0,0.0,0.0,0.0,0.0,0.0,0.0,0.0,0.0,0.0,-1.0267250591547954,0.0,0.6931471805599453,0.0,0.0,0.0,-0.19237189264745608,-0.6931471805599453,0.0,0.0,0.0,0.0,0.0,0.0,0.0
3.3723637474483468,0.2973629040733618,Cc1c(Cc2ccc(S(=O)(=O)N(C)C)cc2)c2cc(C(=O)N(C)C)ccc2n1C/C(F)=C/CN,-0.7148462436713207,0.0,0.0,0.0,0.0,0.0,0.0,0.0,0.0,0.0,0.0,0.0,0.0,0.0,0.0,0.0,0.0,0.0,0.0,-1.1455304055890243,0.0,0.0,0.0,0.0,0.0,0.0,0.0,0.0,0.0,-0.6931471805599453,0.0,0.0,0.0,0.0,0.0,-0.6931471805599453,0.0,0.0,0.0,-0.4318071264397533,-0.5362531923080575,0.0,0.0,-0.23800853446779474,0.0,0.0,0.0,0.0,0.0,0.0,-0.7938611561617763,0.0,0.0,0.0,0.6931471805599453,0.0,0.0,0.0,0.0,0.0,0.0,0.0,0.0,0.0,0.0,0.0,0.0,0.6931471805599453,0.0,0.0,0.0,0.0,0.0,0.0,0.0,0.0,0.0,0.0,0.0,0.0,0.0,0.0,-0.6931471805599453,0.0,0.0,0.0,0.0,0.0,-0.6931471805599453,0.0,0.0,0.0,0.0,0.0,0.0,0.0,0.0,0.0,0.0,0.0,0.0,0.0,0.0,0.0,0.0,0.0,0.0,0.0,0.0,0.0,0.0,0.0,0.0,-0.6931471805599453,0.0,0.0,0.0,0.0,0.0,0.0,0.0,0.0,0.6931471805599453,0.0,0.0,0.0,0.0,0.0,0.0,0.0,0.0,0.0,0.0,0.0,0.0,0.0,0.0,0.0,0.0,0.0,0.0,0.0,0.0,0.0,0.0,0.0,0.0,0.0,0.0,0.0,0.0,0.0,0.0,0.0,0.0,0.0,0.0,0.0,0.0,0.0,0.0,0.0,0.0,0.0,0.0,0.6931471805599453,0.0,0.0,0.0,0.0,0.0,-1.3313436411374746,0.0,0.6931471805599453,0.0,0.0,0.0,-0.5894687510851038,-0.6931471805599453,0.0,0.0,0.0,0.0,0.0,0.0,0.0
3.3723637474483468,0.2973629040733618,Cc1c(Cc2ccc(S(=O)(=O)N(C)C)cc2)c2cc(C(N)=O)ccc2n1C/C(F)=C/CN,-0.7148462436713207,0.0,0.0,0.0,0.0,0.0,0.0,0.0,0.0,0.0,0.0,0.0,0.0,0.0,0.0,0.0,0.0,0.0,0.0,-1.1455304055890243,0.0,0.0,0.0,0.0,0.0,0.0,0.0,0.0,0.0,-0.6931471805599453,0.0,0.0,0.0,0.0,0.0,-0.6931471805599453,0.0,0.0,0.0,-0.5121382615638953,-0.5370004781028717,0.0,0.0,-0.41065794557902985,0.0,0.0,0.0,0.0,0.0,0.0,-0.7726803340823294,0.0,0.0,0.0,0.6931471805599453,0.0,0.0,0.0,0.0,0.0,0.0,0.0,0.0,0.0,0.0,0.0,0.0,0.6931471805599453,0.0,0.0,0.0,0.0,0.0,0.0,0.0,0.0,0.0,0.0,0.0,0.0,0.0,0.0,-0.6931471805599453,0.0,0.0,0.0,0.0,0.0,-0.6931471805599453,0.0,0.0,0.0,0.0,0.0,0.0,0.0,0.0,0.0,0.0,0.0,0.0,0.0,0.0,0.0,0.0,0.0,0.0,0.0,0.0,0.0,0.0,0.0,0.0,-0.6931471805599453,0.0,0.0,0.0,0.0,0.0,0.0,0.0,0.0,0.6931471805599453,0.0,0.0,0.0,0.0,0.0,0.0,0.0,0.0,0.0,0.0,0.0,0.0,0.0,0.0,0.0,0.0,0.0,0.0,0.0,0.0,0.0,0.0,0.0,0.0,0.0,0.0,0.0,0.0,0.0,0.0,0.0,0.0,0.0,0.0,0.0,0.0,0.0,0.0,0.0,0.0,0.0,0.0,0.6931471805599453,0.0,0.0,0.0,0.0,0.0,-1.1870677092299746,0.0,0.6931471805599453,0.0,0.0,0.0,-0.5108256237659907,-0.6931471805599453,0.0,0.0,0.0,0.0,0.0,0.0,0.0
3.3723637474483468,0.2973629040733618,CN(C)C(=O)c1c(Cc2ccc(S(=O)(=O)N(C)C)cc2)c2ccccc2n1C/C(F)=C/CN,-0.7148462436713207,0.0,0.0,0.0,0.0,0.6931471805599453,0.0,0.0,0.0,0.0,0.0,0.0,0.0,0.0,0.0,0.0,0.0,0.0,0.0,-1.1455304055890243,0.0,0.0,0.0,0.0,0.0,0.0,0.0,0.0,0.0,-0.6931471805599453,0.0,0.0,0.0,0.0,0.0,-0.6931471805599453,0.0,0.0,0.0,-0.5376983728162604,-0.5370004781028717,0.0,0.0,-0.48373020300112074,0.0,0.0,0.0,0.0,0.0,0.0,-0.8131352887746429,0.0,0.0,0.0,0.6931471805599453,0.0,0.0,0.0,0.0,0.0,0.0,0.0,0.0,0.0,0.0,0.0,0.0,0.6931471805599453,0.0,0.0,0.0,0.0,0.0,0.0,0.0,0.0,0.0,0.0,0.0,0.0,0.0,0.0,-0.6931471805599453,0.0,0.0,0.0,0.0,0.0,0.0,0.0,0.0,0.0,0.0,0.0,0.0,0.0,0.0,0.0,0.0,0.0,0.0,0.0,0.0,0.0,0.0,0.0,0.0,0.6931471805599453,0.0,0.0,0.0,0.0,0.0,-0.6931471805599453,0.0,0.0,0.0,0.0,0.0,0.0,0.0,0.0,0.0,0.0,0.0,0.0,0.0,0.0,0.0,0.0,0.0,0.0,0.0,0.0,0.0,0.0,0.0,0.0,0.0,0.0,0.0,0.0,0.0,0.0,0.0,0.0,0.0,0.0,0.0,0.0,0.0,0.0,0.0,0.0,0.0,0.0,0.0,0.0,0.0,0.0,0.0,0.0,0.0,0.0,0.0,0.6931471805599453,0.0,0.0,0.0,0.0,0.0,-0.6427661562675945,0.0,0.6931471805599453,0.0,0.0,0.0,-0.787079000394148,-0.6931471805599453,0.0,0.0,0.0,0.0,0.0,0.0,0.0
3.3723637474483468,0.2973629040733618,Cc1c(Cc2ccc(S(=O)(=O)N(C)C)cc2)c2cc(S(=O)(=O)N(C)C)ccc2n1C/C(F)=C/CN,-0.7148462436713207,0.0,0.0,0.0,0.0,0.0,0.0,0.0,0.0,0.0,0.0,0.0,0.0,0.0,0.0,0.0,0.0,0.0,0.0,-1.1455304055890243,0.0,0.0,0.0,0.0,0.0,0.0,0.0,0.0,0.0,-0.6931471805599453,0.0,0.0,0.0,0.0,0.0,-0.6931471805599453,0.0,0.0,0.0,-0.5376983728162604,-0.5370004781028717,0.0,0.0,-0.47368541332106723,0.0,0.0,0.0,0.0,0.0,0.0,-0.2138287800396623,0.0,0.0,0.0,0.0,0.0,0.0,0.0,0.0,0.0,0.0,0.0,0.0,0.0,0.0,0.0,0.0,0.6931471805599453,0.0,0.0,0.0,0.0,0.0,0.0,0.0,0.0,0.0,0.0,0.0,0.0,0.0,0.0,-0.6931471805599453,0.0,0.0,0.0,0.0,0.0,-0.6931471805599453,0.0,0.0,0.0,0.0,0.0,0.0,0.0,0.0,0.0,0.0,0.0,0.0,0.0,0.0,0.0,0.0,0.0,0.0,0.0,0.0,0.0,0.0,0.0,0.0,-0.6931471805599453,0.0,0.0,0.0,0.0,0.0,0.0,0.0,0.0,0.0,0.0,0.0,0.0,0.0,0.0,0.0,0.0,0.0,0.0,0.0,0.0,0.0,0.0,0.0,0.0,0.0,0.0,0.0,0.0,0.0,0.0,0.0,0.0,0.0,0.0,0.0,0.0,0.0,0.0,0.0,0.0,0.0,0.0,0.0,0.0,0.0,0.0,0.0,0.0,0.0,0.0,0.0,0.0,0.0,0.0,0.0,0.0,0.0,-1.0349725285848124,0.0,0.6931471805599453,0.0,0.0,0.0,-0.05884050002293345,-0.6931471805599453,0.0,0.0,0.0,0.0,0.0,0.0,0.0
3.3723637474483468,0.2973629040733618,Cc1c(Cc2cccc(S(=O)(=O)N(C)C)c2)c2cc(S(=O)(=O)N(C)C)ccc2n1C/C(F)=C/CN,-0.7148462436713207,0.0,0.0,0.0,0.0,0.0,0.0,0.0,0.0,0.0,0.0,0.0,0.0,0.0,0.0,0.0,0.0,0.0,0.0,-1.1455304055890243,0.0,0.0,0.0,0.0,0.0,0.0,0.0,0.0,0.0,-0.6931471805599453,0.0,0.0,0.0,0.0,0.0,-0.6931471805599453,0.0,0.0,0.0,-0.5376983728162604,-0.5370004781028717,0.0,0.0,-0.4712350419946357,0.0,0.0,0.0,0.0,0.0,0.0,0.1302146399985289,0.0,0.0,0.0,0.0,0.0,0.0,0.0,0.0,0.0,0.0,0.0,0.0,0.0,0.0,0.0,0.0,0.6931471805599453,0.0,0.0,0.0,0.0,0.0,0.0,0.0,0.0,0.0,0.0,0.0,0.0,0.0,0.0,-0.6931471805599453,0.0,0.0,0.0,0.0,0.0,-0.6931471805599453,-0.6931471805599453,0.0,0.0,0.0,0.0,0.0,0.0,0.0,0.0,0.0,0.0,0.0,0.0,0.0,0.0,0.0,0.0,0.0,0.0,0.0,0.0,0.0,0.0,0.0,-0.6931471805599453,0.0,0.0,0.0,-0.6931471805599453,0.0,0.0,-0.6931471805599453,0.0,0.0,0.0,0.0,0.0,0.0,0.0,0.0,0.0,0.0,0.0,0.0,0.0,0.0,0.0,0.0,0.0,0.0,0.0,0.0,0.0,0.0,0.0,0.0,0.0,0.0,0.0,0.0,-0.6931471805599453,0.0,0.0,0.0,0.0,0.0,0.0,0.0,-0.6931471805599453,0.0,0.0,0.0,0.0,0.0,0.0,0.0,0.0,0.0,0.0,0.0,0.0,0.0,-0.7947433946828683,0.0,0.6931471805599453,0.0,0.0,0.0,-0.05884050002293345,0.0,0.0,0.0,0.0,0.0,0.0,0.0,0.0
3.3723637474483468,0.2973629040733618,Cc1c(Cc2ccc(S(=O)(=O)N(C)C)cc2)c2ncccc2n1C/C(F)=C/CN,-0.7148462436713207,0.0,0.0,0.0,0.0,0.0,0.0,0.0,0.0,0.0,0.0,0.0,0.0,0.0,0.0,0.0,0.0,0.0,0.0,-1.1373360145230549,0.0,0.0,0.0,0.0,0.0,0.0,0.0,0.0,0.0,-0.6931471805599453,0.0,0.0,0.0,0.0,0.0,-0.6931471805599453,0.0,0.0,0.0,-0.5359209121267737,-0.3981915803286906,0.0,0.0,-0.3094813956627263,0.0,0.0,0.0,0.0,0.0,0.0,-0.7337042393255712,0.0,0.0,0.0,0.0,0.0,0.0,0.0,0.0,0.0,0.0,0.0,0.0,0.0,0.0,0.0,0.0,0.6931471805599453,0.0,0.0,0.0,0.0,0.0,0.0,0.0,0.0,0.0,0.0,0.0,0.0,0.0,0.0,-0.6931471805599453,0.0,0.0,0.0,0.0,0.0,-0.6931471805599453,0.0,0.0,0.0,0.0,0.0,0.0,0.0,0.0,0.0,0.0,0.0,0.0,0.0,0.0,0.0,0.0,0.0,0.0,0.0,0.0,0.0,0.0,0.0,0.0,0.0,0.0,0.0,0.6931471805599453,0.0,0.0,0.0,0.0,0.0,0.0,0.0,0.0,0.0,0.0,0.0,0.0,0.6931471805599453,0.0,0.0,0.0,0.0,0.0,0.0,0.0,0.0,0.0,0.0,0.0,0.0,0.0,0.0,0.0,0.0,0.0,0.0,0.0,0.0,0.0,0.0,0.0,0.0,0.0,0.0,0.0,0.0,0.0,0.0,0.0,0.0,0.0,0.0,0.0,0.0,0.0,0.0,0.0,0.0,0.0,-1.2715774294076105,0.0,0.0,0.0,0.0,0.0,-0.7661723155748345,-0.6931471805599453,0.0,0.0,0.0,0.0,0.0,0.0,0.0
3.3723637474483468,0.2973629040733618,Cc1ccc2c(n1)c(Cc1ccc(S(=O)(=O)N(C)C)cc1)c(C)n2C/C(F)=C/CN,-0.7148462436713207,0.0,0.0,0.0,0.0,0.0,0.0,0.0,0.0,0.0,0.0,0.0,0.0,0.0,0.0,0.0,0.0,0.0,0.0,-1.1373360145230549,0.0,0.0,0.0,0.0,0.0,0.0,0.0,0.0,0.0,-0.6931471805599453,0.0,0.0,0.0,0.0,0.0,-0.6931471805599453,0.0,0.0,0.0,-0.48630132120212366,-0.5370004781028717,0.0,0.0,-0.12959488296325403,0.0,0.0,0.0,0.0,0.0,0.0,-0.7711501119015617,0.0,0.0,0.0,0.0,0.0,0.0,0.0,0.0,0.0,0.0,0.0,0.0,0.0,0.0,0.0,0.0,0.6931471805599453,0.0,0.0,0.0,0.0,0.0,0.0,0.0,0.0,0.0,0.0,0.0,0.0,0.0,0.0,-0.6931471805599453,0.0,0.0,0.0,0.0,0.0,-0.6931471805599453,0.0,0.0,0.0,0.0,0.0,0.0,0.0,0.0,0.0,0.0,0.0,0.0,0.0,0.0,0.0,0.0,0.0,0.0,0.0,0.0,0.0,0.0,0.0,0.0,0.0,0.0,0.0,0.6931471805599453,0.0,0.0,0.0,0.0,0.0,0.0,0.0,0.0,0.0,0.0,0.0,0.0,0.6931471805599453,0.0,0.0,0.0,0.0,0.0,0.0,0.0,0.0,0.0,0.0,0.0,0.0,0.0,0.0,0.0,0.0,0.0,0.0,0.0,0.0,0.0,0.0,0.0,0.0,0.0,0.0,0.0,0.0,0.0,0.0,0.0,0.0,0.0,0.0,0.0,0.0,0.0,0.0,0.0,0.0,0.0,-1.4356348830357422,0.0,0.0,0.0,0.0,0.0,-0.6545323444321657,-0.6931471805599453,0.0,0.0,0.0,0.0,0.0,0.0,0.0
3.3723637474483468,0.2973629040733618,Cc1c(Cc2ccc(S(C)(=O)=O)cc2)c2ncccc2n1C/C(F)=C/CN,-0.7148462436713207,0.0,0.0,0.0,0.0,0.0,0.0,0.0,0.0,0.0,0.0,0.0,0.0,0.0,0.0,0.0,0.0,0.0,0.0,-1.1373360145230549,0.0,0.0,0.0,0.0,0.0,0.0,0.0,0.0,0.0,-0.6931471805599453,0.0,0.0,0.0,0.0,0.0,-0.6931471805599453,0.0,0.0,0.0,-0.5150107511153642,-0.5370004781028717,0.0,0.0,-0.15333465492753764,0.0,0.0,0.0,0.0,0.0,0.0,-0.7494774370026654,0.0,0.0,0.0,0.0,0.0,0.0,0.0,0.0,0.0,0.0,0.0,0.0,0.0,0.0,0.0,0.0,0.6931471805599453,0.0,0.0,0.0,0.0,0.0,0.0,0.0,0.0,0.0,0.0,0.0,0.0,0.0,0.0,-0.6931471805599453,0.0,0.0,0.0,0.0,0.0,-0.6931471805599453,0.0,0.0,0.0,0.0,0.0,0.0,0.0,0.0,0.0,0.0,0.0,0.0,0.0,0.0,0.0,0.0,0.0,0.0,0.0,0.0,0.0,0.0,0.0,0.0,0.0,0.0,0.0,0.6931471805599453,0.0,0.0,0.0,0.0,0.0,0.0,0.0,0.0,0.0,0.0,0.0,0.0,0.6931471805599453,0.0,0.0,0.0,0.0,0.0,0.0,0.0,0.0,0.0,0.0,0.0,0.0,0.0,0.0,0.0,0.0,0.0,0.0,0.0,0.0,0.0,0.0,0.0,0.0,0.0,0.0,0.0,0.0,0.0,0.0,0.0,0.0,0.0,0.0,0.0,0.0,0.0,0.0,0.0,0.0,0.0,-1.2908396622026632,0.0,0.0,0.0,0.0,0.0,-0.7156200364120031,-0.6931471805599453,0.0,0.0,0.0,0.0,0.0,0.0,0.0
3.3723637474483468,0.2973629040733618,Cc1cnc2c(Cc3ccc(S(=O)(=O)N(C)C)cc3)c(C)n(C/C(F)=C/CN)c2c1,-0.7148462436713207,0.0,0.0,0.0,0.0,0.0,0.0,0.0,0.0,0.0,0.0,0.0,0.0,0.0,0.0,0.0,0.0,0.0,0.0,-1.1373360145230549,0.0,0.0,0.0,0.0,0.0,0.0,0.0,0.0,0.0,-0.6931471805599453,0.0,0.0,0.0,0.0,0.0,-0.6931471805599453,0.0,0.0,0.0,-0.49297003319501675,-0.3584704287947552,0.0,0.0,-0.32699239361730514,0.0,0.0,0.0,0.0,0.0,0.0,-0.7711501119015617,0.0,0.0,0.0,0.0,0.0,0.0,0.0,0.0,0.0,0.0,0.0,0.0,0.0,0.0,0.0,0.0,0.6931471805599453,0.0,0.0,0.0,0.0,0.0,0.0,0.0,0.0,0.0,0.0,0.0,0.0,0.0,0.0,-0.6931471805599453,0.0,0.0,0.0,0.0,0.0,-0.6931471805599453,0.0,0.0,0.0,0.0,0.0,0.0,0.0,0.0,0.0,0.0,0.0,0.0,0.0,0.0,0.0,0.0,0.0,0.0,0.0,0.0,0.0,0.0,0.0,0.0,0.0,0.0,0.0,0.6931471805599453,0.0,0.0,0.0,0.0,0.0,0.0,0.0,0.0,0.0,0.0,0.0,0.0,0.6931471805599453,0.0,0.0,0.0,0.0,0.0,0.0,0.0,0.0,0.0,0.0,0.0,0.0,0.0,0.0,0.0,0.0,0.0,0.0,0.0,0.0,0.0,0.0,0.0,0.0,0.0,0.0,0.0,0.0,0.0,0.0,0.0,0.0,0.0,0.0,0.0,0.0,0.0,0.0,0.0,0.0,0.0,-0.6056101793795031,0.0,0.0,0.0,0.0,0.0,-0.4924764850977941,-0.6931471805599453,0.0,0.0,0.0,0.0,0.0,0.0,0.0
3.3723637474483468,0.2973629040733618,Cc1ccc2c(n1)c(Cc1ccc(S(C)(=O)=O)cc1)c(C)n2C/C(F)=C/CN,-0.7148462436713207,0.0,0.0,0.0,0.0,0.0,0.0,0.0,0.0,0.0,0.0,0.0,0.0,0.0,0.0,0.0,0.0,0.0,0.0,-1.1373360145230549,0.0,0.0,0.0,0.0,0.0,0.0,0.0,0.0,0.0,-0.6931471805599453,0.0,0.0,0.0,0.0,0.0,-0.6931471805599453,0.0,0.0,0.0,-0.5127134199491286,-0.5370004781028717,0.0,0.0,-0.18893719790377803,0.0,0.0,0.0,0.0,0.0,0.0,-0.7863479728109932,0.0,0.0,0.0,0.0,0.0,0.0,0.0,0.0,0.0,0.0,0.0,0.0,0.0,0.0,0.0,0.0,0.6931471805599453,0.0,0.0,0.0,0.0,0.0,0.0,0.0,0.0,0.0,0.0,0.0,0.0,0.0,0.0,-0.6931471805599453,0.0,0.0,0.0,0.0,0.0,-0.6931471805599453,0.0,0.0,0.0,0.0,0.0,0.0,0.0,0.0,0.0,0.0,0.0,0.0,0.0,0.0,0.0,0.0,0.0,0.0,0.0,0.0,0.0,0.0,0.0,0.0,0.0,0.0,0.0,0.6931471805599453,0.0,0.0,0.0,0.0,0.0,0.0,0.0,0.0,0.0,0.0,0.0,0.0,0.6931471805599453,0.0,0.0,0.0,0.0,0.0,0.0,0.0,0.0,0.0,0.0,0.0,0.0,0.0,0.0,0.0,0.0,0.0,0.0,0.0,0.0,0.0,0.0,0.0,0.0,0.0,0.0,0.0,0.0,0.0,0.0,0.0,0.0,0.0,0.0,0.0,0.0,0.0,0.0,0.0,0.0,0.0,-1.457404450219982,0.0,0.0,0.0,0.0,0.0,-0.6306268235786112,-0.6931471805599453,0.0,0.0,0.0,0.0,0.0,0.0,0.0
3.3723637474483468,0.2973629040733618,Cc1ccc2c(n1)c(Cc1ccc(S(C)(=O)=O)nc1)c(C)n2C/C(F)=C/CN,-0.7148462436713207,0.0,0.0,0.0,0.0,0.0,0.0,0.0,0.0,0.0,0.0,0.0,0.0,0.0,0.0,0.0,0.0,0.0,0.0,-1.1373360145230549,0.0,0.0,0.0,0.0,0.0,0.0,0.0,0.0,0.0,-0.6931471805599453,0.0,0.0,0.0,0.0,0.0,-0.6931471805599453,0.0,0.0,0.0,-0.5376983728162604,-0.5370004781028717,0.0,0.0,-0.48373020300112074,0.0,0.0,0.0,0.0,0.0,0.0,-0.783326822476817,0.0,0.0,0.0,0.0,0.6931471805599453,0.0,0.0,0.0,0.0,0.0,0.0,0.0,0.0,0.0,0.0,0.0,0.6931471805599453,0.0,0.0,0.0,0.0,0.0,0.0,0.0,0.0,0.0,0.0,0.0,0.0,0.0,0.0,-0.6931471805599453,0.0,0.0,0.0,0.0,0.0,-0.6931471805599453,0.0,0.0,0.0,0.0,0.0,0.0,0.0,0.0,0.0,0.0,0.0,0.0,0.0,0.0,0.0,0.0,0.0,0.0,0.0,0.0,0.0,0.0,0.0,0.0,0.0,0.0,0.0,0.6931471805599453,0.0,0.0,0.0,0.0,0.0,0.0,0.0,0.0,0.0,0.0,0.0,0.0,0.6931471805599453,0.0,0.0,0.0,0.0,0.0,0.0,0.0,0.0,0.0,0.0,0.0,0.0,0.0,0.0,0.0,0.0,0.0,0.0,0.0,0.0,0.0,0.0,0.0,0.0,0.0,0.0,0.0,-0.6931471805599453,0.0,0.0,0.0,0.0,0.0,0.0,0.0,0.0,0.0,0.0,0.0,0.0,0.0,-1.265073341438434,0.0,0.0,0.0,0.0,0.0,-0.6386589952758756,-0.6931471805599453,0.0,0.0,0.0,0.0,0.0,0.0,0.0
3.3723637474483468,0.2973629040733618,Cc1ccc2c(n1)c(Cc1ccc(S(C)(=O)=O)cn1)c(C)n2C/C(F)=C/CN,-0.7148462436713207,0.0,0.0,0.0,0.0,0.0,0.0,0.0,0.0,0.0,0.0,0.0,0.0,0.0,0.0,0.0,0.0,0.0,0.0,-1.1373360145230549,0.0,0.0,0.0,0.0,0.0,0.0,0.0,0.0,0.0,-0.6931471805599453,0.0,0.0,0.0,0.0,0.0,-0.6931471805599453,0.0,0.0,0.0,-0.5376983728162604,-0.5370004781028717,0.0,0.0,-0.48373020300112074,0.0,0.0,0.0,0.0,0.0,0.0,-0.7680826248336999,0.0,0.0,0.0,0.0,0.0,0.0,0.0,0.0,0.0,0.0,0.0,0.0,0.0,0.0,0.0,0.0,0.6931471805599453,0.0,0.0,0.0,0.0,0.0,0.0,0.0,0.0,0.0,0.0,0.0,0.0,0.0,0.0,-0.6931471805599453,0.0,0.0,0.0,0.0,0.0,-0.6931471805599453,0.0,0.0,0.0,0.0,0.0,0.0,0.0,0.0,0.0,0.0,-0.6931471805599453,0.0,0.0,0.0,0.0,0.0,0.0,0.0,0.0,0.0,0.0,0.0,0.0,0.0,0.0,0.0,0.0,0.6931471805599453,-0.6931471805599453,0.0,0.0,0.0,0.0,0.0,0.0,0.0,0.0,0.0,0.0,0.0,0.6931471805599453,0.0,0.0,0.0,0.0,0.0,0.0,0.0,0.0,0.0,0.0,0.0,0.0,0.0,0.0,0.0,0.0,0.0,0.0,0.0,0.0,0.0,0.0,0.0,0.0,0.0,0.0,0.0,0.0,0.0,0.0,0.0,0.0,0.0,0.0,0.0,0.0,0.0,0.0,0.0,0.0,0.0,-1.265073341438434,0.0,0.0,0.0,0.0,0.0,-0.6386589952758756,-0.6931471805599453,0.0,0.0,0.0,-0.6931471805599453,0.0,0.0,0.0
3.3723637474483468,0.2973629040733618,Cc1ccc2c(n1)c(Cc1ccc(S(=O)(=O)N(C)C)cn1)c(C)n2C/C(F)=C/CN,-0.7148462436713207,0.0,0.0,0.0,0.0,0.0,0.0,0.0,0.0,0.0,0.0,0.0,0.0,0.0,0.0,0.0,0.0,0.0,0.0,-1.1373360145230549,0.0,0.0,0.0,0.0,0.0,0.0,0.0,0.0,0.0,-0.6931471805599453,0.0,0.0,0.0,0.0,0.0,-0.6931471805599453,0.0,0.0,0.0,-0.4998858184726443,-0.5279017543868479,0.0,0.0,-0.43977133920319855,0.0,0.0,0.0,0.0,0.0,0.0,-0.7526024395458006,0.0,0.0,0.0,0.0,0.0,0.0,0.0,0.0,0.0,0.0,0.0,0.0,0.0,0.0,0.0,0.0,0.6931471805599453,0.0,0.0,0.0,0.0,0.0,0.0,0.0,0.0,0.0,0.0,0.0,0.0,0.0,0.0,-0.6931471805599453,0.0,0.0,0.0,0.0,0.0,-0.6931471805599453,0.0,0.0,0.0,0.0,0.0,0.0,0.0,0.0,0.0,0.0,-0.6931471805599453,0.0,0.0,0.0,0.0,0.0,0.0,0.0,0.0,0.0,0.0,0.0,0.0,0.0,0.0,0.0,0.0,0.6931471805599453,-0.6931471805599453,0.0,0.0,0.0,0.0,0.0,0.0,0.0,0.0,0.0,0.0,0.0,0.6931471805599453,0.0,0.0,0.0,0.0,0.0,0.0,0.0,0.0,0.0,0.0,0.0,0.0,0.0,0.0,0.0,0.0,0.0,0.0,0.0,0.0,0.0,0.0,0.0,0.0,0.0,0.0,0.0,0.0,0.0,0.0,0.0,0.0,0.0,0.0,0.0,0.0,0.0,0.0,0.0,0.0,0.0,-1.2386255188948248,0.0,0.0,0.0,0.0,0.0,-0.6545323444321657,-0.6931471805599453,0.0,0.0,0.0,-0.6931471805599453,0.0,0.0,0.0
3.3723637474483468,0.2973629040733618,Cc1ccc2c(n1)c(Cc1ccc(S(=O)(=O)N(C)C)nc1)c(C)n2C/C(F)=C/CN,-0.7148462436713207,0.0,0.0,0.0,0.0,0.6931471805599453,0.0,0.0,0.0,0.0,0.0,0.0,0.0,0.0,0.0,0.0,0.0,0.0,0.0,-1.1373360145230549,0.0,0.0,0.0,0.0,0.0,0.0,0.0,0.0,0.0,-0.6931471805599453,0.0,0.0,0.0,0.0,0.0,0.0,0.0,0.0,0.0,-0.46853129884344186,-0.5266760224729378,0.0,0.0,-0.22567061757013301,0.0,0.0,0.0,0.0,0.0,0.0,-0.7680826248336999,0.0,0.0,0.0,0.6931471805599453,0.6931471805599453,0.0,0.0,0.0,0.0,0.0,0.0,0.0,0.0,0.0,0.0,0.0,0.6931471805599453,0.0,0.0,0.0,0.0,0.0,0.0,0.0,0.0,0.0,0.0,0.0,0.0,0.0,0.0,-0.6931471805599453,0.0,0.0,0.0,0.0,0.0,-0.6931471805599453,0.0,0.0,0.0,0.0,0.0,0.0,0.0,0.0,0.0,0.0,0.0,0.0,0.0,0.0,0.0,0.0,0.0,0.0,0.0,0.0,0.0,0.0,0.0,0.0,0.0,0.0,0.0,0.6931471805599453,0.0,0.0,0.0,0.0,0.0,0.0,0.0,0.0,0.0,0.0,0.0,0.0,0.6931471805599453,0.0,0.0,0.0,0.0,0.0,0.0,0.0,0.0,0.0,0.0,0.0,0.0,0.0,0.0,0.0,0.0,0.0,0.0,0.0,0.0,0.0,0.0,0.0,0.0,0.0,0.0,0.0,-0.6931471805599453,0.0,0.0,0.0,0.0,0.0,0.0,0.0,0.0,0.0,0.0,0.0,0.0,0.0,-1.2386255188948248,0.0,0.0,0.0,0.0,0.0,-0.6545323444321657,-0.6931471805599453,0.0,0.0,0.0,0.0,0.0,0.0,0.0
3.3723637474483468,0.2973629040733618,Cc1ccc2c(n1)c(Cc1cccc(S(C)(=O)=O)c1)c(C)n2C/C(F)=C/CN,-0.7148462436713207,0.0,0.0,0.0,0.0,0.0,0.0,0.0,0.0,0.0,0.0,0.0,0.0,0.0,0.0,0.0,0.0,0.0,0.0,-1.1373360145230549,0.0,0.0,0.0,0.0,0.0,0.0,0.0,0.0,0.0,-0.6931471805599453,0.0,0.0,0.0,0.0,0.0,-0.6931471805599453,0.0,0.0,0.0,-0.5376983728162604,-0.5370004781028717,0.0,0.0,-0.48373020300112074,0.0,0.0,0.0,0.0,0.0,0.0,-0.16169077210054608,0.0,0.0,0.0,0.0,0.0,0.0,0.0,0.0,0.0,0.0,0.0,-0.6931471805599453,0.0,0.0,0.0,0.0,0.6931471805599453,-0.6931471805599453,0.0,0.0,0.0,0.0,0.0,0.0,0.0,0.0,0.0,0.0,0.0,0.0,0.0,-0.6931471805599453,0.0,0.0,0.0,0.0,0.0,-0.6931471805599453,-0.6931471805599453,0.0,0.0,0.0,0.0,0.0,0.0,0.0,0.0,0.0,0.0,0.0,0.0,0.0,0.0,0.0,0.0,0.0,0.0,0.0,0.0,0.0,0.0,0.0,0.0,0.0,0.0,0.6931471805599453,-0.6931471805599453,0.0,0.0,-0.6931471805599453,0.0,0.0,0.0,0.0,0.0,0.0,0.0,0.0,0.6931471805599453,0.0,0.0,0.0,0.0,0.0,0.0,0.0,0.0,0.0,0.0,0.0,0.0,0.0,0.0,0.0,0.0,0.0,0.0,0.0,-0.6931471805599453,0.0,0.0,0.0,-0.6931471805599453,0.0,0.0,0.0,-0.6931471805599453,0.0,0.0,0.0,0.0,0.0,0.0,0.0,0.0,0.0,0.0,0.0,0.0,0.0,-1.1764293110249187,0.0,0.0,0.0,0.0,0.0,-0.6306268235786112,-0.6931471805599453,0.0,0.0,0.0,-0.6931471805599453,0.0,0.0,0.0
3.3723637474483468,0.2973629040733618,Cc1ccc2c(n1)c(Cc1cccc(S(=O)(=O)N(C)C)c1)c(C)n2C/C(F)=C/CN,-0.7148462436713207,0.0,0.0,0.0,0.0,0.0,0.0,0.0,0.0,0.0,0.0,0.0,0.0,0.0,0.0,0.0,0.0,0.0,0.0,-1.1373360145230549,0.0,0.0,0.0,0.0,0.0,0.0,0.0,0.0,0.0,-0.6931471805599453,0.0,0.0,0.0,0.0,0.0,-0.6931471805599453,0.0,0.0,0.0,-0.5376983728162604,-0.5370004781028717,0.0,0.0,-0.48373020300112074,0.0,0.0,0.0,0.0,0.0,0.0,-0.2218181700731411,0.0,0.0,0.0,0.0,0.0,0.0,0.0,0.0,0.0,0.0,0.0,-0.6931471805599453,0.0,0.0,0.0,0.0,0.6931471805599453,-0.6931471805599453,0.0,0.0,0.0,0.0,0.0,0.0,0.0,0.0,0.0,0.0,0.0,0.0,0.0,-0.6931471805599453,0.0,0.0,0.0,0.0,0.0,-0.6931471805599453,-0.6931471805599453,0.0,0.0,0.0,0.0,0.0,0.0,0.0,0.0,0.0,0.0,0.0,0.0,0.0,0.0,0.0,0.0,0.0,0.0,0.0,0.0,0.0,0.0,0.0,0.0,0.0,0.0,0.6931471805599453,-0.6931471805599453,0.0,0.0,-0.6931471805599453,0.0,0.0,0.0,0.0,0.0,0.0,0.0,0.0,0.6931471805599453,0.0,0.0,0.0,0.0,0.0,0.0,0.0,0.0,0.0,0.0,0.0,0.0,0.0,0.0,0.0,0.0,0.0,0.0,0.0,-0.6931471805599453,0.0,0.0,0.0,-0.6931471805599453,0.0,0.0,0.0,-0.6931471805599453,0.0,0.0,0.0,0.0,0.0,0.0,0.0,0.0,0.0,0.0,0.0,0.0,0.0,-1.051266168070913,0.0,0.0,0.0,0.0,0.0,-0.6545323444321657,-0.6931471805599453,0.0,0.0,0.0,-0.6931471805599453,0.0,0.0,0.0
3.3723637474483468,0.2973629040733618,Cc1cc2c(nc1O)c(Cc1ccc(S(=O)(=O)N(C)C)cc1)c(C)n2C/C(F)=C/CN,0.02341284188382947,0.0,0.0,0.0,0.0,0.0,0.0,0.6931471805599453,0.0,0.0,0.0,0.0,0.0,0.0,0.0,0.0,0.0,0.0,0.0,-1.1373360145230549,0.0,0.0,0.0,0.0,0.0,0.0,0.0,0.0,0.0,-0.6931471805599453,0.0,0.0,0.0,0.0,0.0,-0.6931471805599453,0.0,0.0,0.0,-0.5376983728162604,-0.5370004781028717,0.0,0.0,-0.48373020300112074,0.0,0.0,0.0,0.0,0.0,0.0,-0.7526024395458006,0.0,0.0,0.0,0.0,0.0,0.0,0.0,0.0,0.0,0.0,0.0,0.0,0.0,0.0,0.0,0.0,0.6931471805599453,0.0,0.0,0.0,0.0,0.0,0.0,0.0,0.0,0.0,0.0,0.0,0.0,0.0,0.0,-0.6931471805599453,0.0,0.0,0.0,0.0,0.0,0.0,0.0,0.0,0.0,0.0,0.0,0.0,0.0,0.0,0.0,0.0,0.0,0.0,0.0,0.0,0.0,0.0,0.0,0.0,0.0,0.0,0.0,0.0,0.0,0.0,0.0,0.0,0.0,0.6931471805599453,0.0,0.0,0.0,0.0,0.0,0.0,0.0,0.0,0.0,0.0,0.0,0.0,0.6931471805599453,0.0,0.0,0.0,0.0,0.0,0.0,0.0,0.0,0.0,0.0,0.0,0.0,0.0,0.0,0.0,0.0,0.0,0.0,0.0,0.0,0.0,0.0,0.0,0.0,0.0,0.0,0.0,0.0,0.0,0.0,0.0,0.0,0.0,0.0,0.0,0.0,0.0,0.0,0.0,0.0,0.0,0.0,0.0,0.0,0.0,0.0,0.0,-0.6855425811747252,-0.6931471805599453,0.0,0.0,0.0,0.0,0.0,0.0,0.0
3.3723637474483468,0.2973629040733618,Cc1c(Cc2ccc(S(C)(=O)=O)cc2Cl)c2ncccc2n1C/C(F)=C/CN,-0.7148462436713207,0.0,0.0,0.0,0.0,0.0,0.0,0.0,0.0,0.0,0.0,0.0,0.0,0.0,0.0,0.0,0.0,0.0,0.0,-1.1373360145230549,0.0,0.0,0.0,0.0,0.0,0.0,0.0,0.0,0.0,-0.6931471805599453,0.0,0.0,0.0,0.0,0.0,-0.6931471805599453,0.0,0.0,0.0,-0.48038000354878396,-0.5370004781028717,0.0,0.0,-0.32840841682307403,0.0,0.0,0.0,0.0,0.0,0.0,0.44017575107141005,0.0,0.0,0.0,0.0,0.0,0.0,0.0,0.0,0.0,0.0,0.0,0.0,0.0,0.0,0.0,0.0,0.6931471805599453,0.0,0.0,0.0,0.0,0.0,0.0,0.0,0.0,0.0,0.0,0.0,0.0,0.0,0.0,-0.6931471805599453,0.0,0.0,0.0,0.0,0.0,-0.6931471805599453,0.0,0.0,0.0,0.0,0.0,0.0,0.0,0.0,0.0,0.0,-0.6931471805599453,0.0,0.0,0.0,0.0,0.0,0.0,0.0,0.0,0.0,0.0,0.0,0.0,0.0,0.0,0.0,0.0,0.6931471805599453,-0.6931471805599453,0.0,0.0,0.0,0.0,0.0,0.0,0.0,0.0,0.0,0.0,0.0,0.6931471805599453,0.0,0.0,0.0,0.0,0.0,0.0,0.0,0.0,0.0,0.0,0.0,0.0,0.0,0.0,0.0,0.0,0.0,0.0,0.0,0.0,0.0,0.0,0.0,0.0,0.0,0.0,0.0,0.0,0.0,0.0,0.0,0.0,0.0,0.0,0.0,0.0,0.0,0.0,0.0,0.0,0.0,-1.0349725285848124,0.0,0.6931471805599453,0.0,0.0,0.0,-0.5810298824392391,-0.6931471805599453,0.0,0.0,0.0,-0.6931471805599453,0.0,0.0,0.0
3.3723637474483468,0.2973629040733618,C/C=C(\F)Cn1c(C)c(Oc2ccc(S(=O)(=O)N(C)C)cc2)c2ccccc21,0.7148462081390736,0.0,0.0,0.0,0.0,0.0,0.0,0.6931471805599453,0.0,0.0,0.0,0.0,0.0,0.0,0.0,0.0,0.0,0.0,0.0,-1.1455304055890243,0.0,0.0,0.0,0.0,0.0,0.0,0.0,0.0,0.0,0.0,0.0,0.0,0.0,0.0,0.0,-0.6931471805599453,0.0,0.0,-0.6931471805599453,-0.5376983728162604,-0.5370004781028717,0.0,0.0,-0.48373020300112074,0.0,0.0,0.0,0.0,0.0,0.0,-0.7983421195968126,0.0,0.0,0.0,0.0,0.0,0.0,-0.6931471805599453,0.0,0.0,0.0,0.0,-0.6931471805599453,-0.6931471805599453,0.0,0.0,0.0,0.0,-0.6931471805599453,0.0,0.0,0.0,0.0,-0.6931471805599453,0.0,0.0,0.0,-0.6931471805599453,0.0,0.0,-0.6931471805599453,0.0,-0.6931471805599453,0.0,0.0,0.0,0.0,0.0,-0.6931471805599453,0.0,0.0,0.0,0.0,0.0,0.0,0.0,0.0,0.0,0.0,-0.6931471805599453,0.0,0.0,0.0,0.0,0.0,0.0,0.0,0.6931471805599453,0.0,0.0,0.0,0.0,0.0,0.0,0.0,0.0,0.0,-0.6931471805599453,0.0,0.6931471805599453,-0.6931471805599453,0.0,0.6931471805599453,0.0,0.0,0.0,0.0,0.0,0.0,0.0,0.0,0.0,0.0,0.0,0.0,0.0,0.0,0.0,0.0,0.0,0.0,0.0,0.0,-0.6931471805599453,0.0,0.0,0.0,0.0,-0.6931471805599453,-0.6931471805599453,0.0,0.0,0.0,-0.6931471805599453,0.0,0.0,0.0,0.0,0.0,0.0,0.0,0.0,0.0,0.0,0.0,0.0,0.0,0.0,0.0,0.0,0.0,-0.5538186702510982,0.0,0.6931471805599453,0.0,0.0,0.0,-0.10080469912196559,-0.6931471805599453,0.0,0.0,0.0,-0.6931471805599453,0.0,0.0,0.0
3.3723637474483468,0.2973629040733618,Cc1c(Cc2ccc(S(=O)(=O)N(C)C)cc2)c2nc(F)ccc2n1C/C(F)=C/CN,-0.7148462436713207,0.0,0.0,0.0,0.0,0.0,0.0,0.0,0.0,0.0,0.0,0.0,0.0,0.0,0.0,0.0,0.0,0.0,0.0,-1.1373360145230549,0.0,0.0,0.0,0.0,0.0,0.0,0.0,0.0,0.0,-0.6931471805599453,0.0,0.0,0.0,0.0,0.0,-0.6931471805599453,0.0,0.0,0.0,-0.5376983728162604,-0.5370004781028717,0.0,0.0,-0.48373020300112074,0.0,0.0,0.0,0.0,0.0,0.0,-0.6299322863528828,0.0,0.0,0.0,0.0,0.0,0.0,0.0,0.0,0.0,0.0,0.0,0.0,0.0,0.0,0.0,0.0,0.6931471805599453,0.0,0.0,0.0,0.0,0.0,0.0,0.0,0.0,0.0,0.0,0.0,0.0,0.0,0.0,0.0,0.0,0.0,0.0,0.0,0.0,-0.6931471805599453,0.0,0.0,0.0,0.0,0.0,0.0,0.0,0.0,0.0,0.0,0.0,0.0,0.0,0.0,0.0,0.0,0.0,0.0,0.0,0.0,0.0,0.0,0.0,0.0,0.0,0.0,0.0,0.6931471805599453,0.0,0.0,0.0,0.0,0.0,0.0,0.0,0.0,0.0,0.0,0.0,0.0,0.6931471805599453,0.0,0.0,0.0,0.0,0.0,0.0,0.0,0.0,0.0,0.0,0.0,0.0,0.0,0.0,0.0,0.0,0.0,0.0,0.0,0.0,0.0,0.0,0.0,0.0,0.0,0.0,0.0,0.0,0.0,0.0,0.0,0.0,0.0,0.0,0.0,0.0,0.0,0.0,0.0,0.0,0.0,-0.33976984884276956,0.0,0.0,0.0,0.0,0.0,-0.5894687510851038,-0.6931471805599453,0.0,0.0,0.0,0.0,0.0,0.0,0.0
3.3723637474483468,0.2973629040733618,Cc1c(Cc2ccc(S(=O)(=O)N(C)C)cc2)c2ncc(F)cc2n1C/C(F)=C/CN,-0.7148462436713207,0.0,0.0,0.0,0.0,0.0,0.0,0.0,0.0,0.0,0.0,0.0,0.0,0.0,0.0,0.0,0.0,0.0,0.0,-1.1373360145230549,0.0,0.0,0.0,0.0,0.0,0.0,0.0,0.0,0.0,-0.6931471805599453,0.0,0.0,0.0,0.0,0.0,-0.6931471805599453,0.0,0.0,0.0,-0.4959954855692095,-0.36514571694943077,0.0,0.0,-0.31236136120242725,0.0,0.0,0.0,0.0,0.0,0.0,-0.6299322863528828,0.0,0.0,0.0,0.0,0.0,0.0,0.0,0.0,0.0,0.0,0.0,0.0,0.0,0.0,0.0,0.0,0.6931471805599453,0.0,0.0,0.0,0.0,0.0,0.0,0.0,0.0,0.0,0.0,0.0,0.0,0.0,0.0,-0.6931471805599453,0.0,0.0,0.0,0.0,0.0,-0.6931471805599453,0.0,0.0,0.0,0.0,0.0,0.0,0.0,0.0,0.0,0.0,0.0,0.0,0.0,0.0,0.0,0.0,0.0,0.0,0.0,0.0,0.0,0.0,0.0,0.0,0.0,0.0,0.0,0.6931471805599453,0.0,0.0,0.0,0.0,0.0,0.0,0.0,0.0,0.0,0.0,0.0,0.0,0.6931471805599453,0.0,0.0,0.0,0.0,0.0,0.0,0.0,0.0,0.0,0.0,0.0,0.0,0.0,0.0,0.0,0.0,0.0,0.0,0.0,0.0,0.0,0.0,0.0,0.0,0.0,0.0,0.0,0.0,0.0,0.0,0.0,0.0,0.0,0.0,0.0,0.0,0.0,0.0,0.0,0.0,0.0,-1.1511572079242036,0.0,0.0,0.0,0.0,0.0,-0.4450742462032102,-0.6931471805599453,0.0,0.0,0.0,0.0,0.0,0.0,0.0
3.3723637474483468,0.2973629040733618,CC(C)(O)c1c(Cc2ccc(S(C)(=O)=O)cc2)c2ncccc2n1C/C(F)=C/CN,-0.7148462436713207,0.0,0.0,0.0,0.0,0.0,0.0,0.6931471805599453,0.0,0.0,0.0,0.0,0.0,0.0,0.0,0.0,0.0,0.0,0.0,-1.1373360145230549,0.0,0.0,0.0,0.0,0.0,0.0,0.0,0.0,0.0,-0.6931471805599453,0.0,0.0,0.0,0.0,0.0,-0.6931471805599453,0.0,0.0,0.0,-0.4669274346954936,-0.5370004781028717,0.0,0.0,-0.31785821872775066,0.0,0.0,0.0,0.0,0.0,0.0,-0.7893600232809849,0.0,0.0,0.0,0.0,0.6931471805599453,0.0,0.0,0.0,0.0,0.0,0.0,0.0,0.0,0.0,0.0,0.0,0.6931471805599453,0.0,0.0,0.0,0.0,0.0,0.0,0.0,0.0,0.0,0.0,0.0,0.0,0.0,0.0,-0.6931471805599453,0.0,0.0,0.0,0.0,0.0,-0.6931471805599453,0.0,0.0,0.0,0.0,0.0,0.0,0.0,0.0,0.0,0.0,0.0,0.0,0.0,0.0,0.0,0.0,0.0,0.0,0.0,0.0,0.0,0.0,0.0,0.0,0.0,0.0,0.0,0.6931471805599453,0.0,0.0,0.0,0.0,0.0,0.0,0.0,0.0,0.0,0.0,0.0,0.0,0.6931471805599453,0.0,0.0,0.0,0.0,0.0,0.0,0.0,0.0,0.0,0.0,0.0,0.0,0.0,0.0,0.0,0.0,0.0,0.0,0.0,0.0,0.0,0.0,0.0,0.0,0.0,0.0,0.0,0.0,0.0,0.0,0.0,0.0,0.0,0.0,0.0,0.6931471805599453,0.0,0.0,0.0,0.0,0.0,-1.2876549461351434,0.0,0.0,0.0,0.0,0.0,-1.0033021088637843,-0.6931471805599453,0.0,0.0,0.0,0.0,0.0,0.0,0.0
3.3723637474483468,0.2973629040733618,Cc1c(Cc2ccc(S(=O)(=O)N(C)C)cc2)c2ccccc2n1C/C(F)=C/CN,-0.7148462436713207,0.0,0.0,0.0,0.0,0.0,0.0,0.0,0.0,0.0,0.0,0.0,0.0,0.0,0.0,0.0,0.0,0.0,0.0,-1.1455304055890243,0.0,0.0,0.0,0.0,0.0,0.0,0.0,0.0,0.0,-0.6931471805599453,0.0,0.0,0.0,0.0,0.0,-0.6931471805599453,0.0,0.0,0.0,-0.5376983728162604,-0.5370004781028717,0.0,0.0,-0.48261908490763633,0.0,0.0,0.0,0.0,0.0,0.0,-0.7209040645586093,0.0,0.0,0.0,0.0,0.0,0.0,0.0,0.0,0.0,0.0,0.0,0.0,0.0,0.0,0.0,0.0,0.6931471805599453,0.0,0.0,0.0,0.0,0.0,0.0,0.0,0.0,0.0,0.0,0.0,0.0,0.0,0.0,-0.6931471805599453,0.0,0.0,0.0,0.0,0.0,-0.6931471805599453,0.0,0.0,0.0,0.0,0.0,0.0,0.0,0.0,0.0,0.0,0.0,0.0,0.0,0.0,0.0,0.0,0.0,0.0,0.6931471805599453,0.0,0.0,0.0,0.0,0.0,-0.6931471805599453,0.0,0.0,0.0,0.0,0.0,0.0,0.0,0.0,0.0,0.0,0.0,0.0,0.0,0.0,0.0,0.0,0.0,0.0,0.0,0.0,0.0,0.0,0.0,0.0,0.0,0.0,0.0,0.0,0.0,0.0,0.0,0.0,0.0,0.0,0.0,0.0,0.0,0.0,0.0,0.0,0.0,0.0,0.0,0.0,0.0,0.0,0.0,0.0,0.0,0.0,0.0,0.0,0.0,0.0,0.0,0.0,0.0,-1.396359147736033,0.0,0.6931471805599453,0.0,0.0,0.0,-0.7448191911042654,-0.6931471805599453,0.0,0.0,0.0,0.0,0.0,0.0,0.0
3.3723637474483468,0.2973629040733618,Cc1c(Cc2ccc(S(C)(=O)=O)nc2)c2nc(C3CC3)ccc2n1C/C(F)=C/CN,-0.7148462436713207,0.0,0.0,0.0,0.0,0.0,0.0,0.0,0.0,0.0,0.0,0.0,0.0,0.0,0.0,0.0,0.0,0.0,0.0,-1.1373360145230549,0.0,0.0,0.0,0.0,0.0,0.6931471805599453,0.0,0.0,0.0,-0.6931471805599453,0.0,0.0,0.0,0.0,0.0,-0.6931471805599453,0.0,0.0,0.0,-0.4103820324843996,-0.3869717618367799,0.0,0.0,-0.3196441591106376,0.0,0.0,0.0,0.0,0.0,0.0,-0.8320449431319351,0.0,0.0,0.0,0.0,0.6931471805599453,0.0,0.0,0.0,0.0,0.0,0.0,0.0,0.0,0.0,0.0,0.0,0.6931471805599453,0.0,0.0,0.0,0.0,0.0,0.0,0.0,0.0,0.0,0.0,0.0,0.0,0.0,0.0,-0.6931471805599453,0.0,0.0,0.0,0.0,0.0,-0.6931471805599453,0.0,0.0,0.0,0.0,0.0,0.0,0.0,0.0,0.0,0.0,0.0,0.0,0.0,0.0,0.0,0.0,0.0,0.0,0.0,0.0,0.0,0.0,0.0,0.0,0.0,0.0,0.0,0.6931471805599453,0.0,0.0,0.0,0.0,0.0,0.0,0.0,0.0,0.0,0.0,0.0,0.0,0.6931471805599453,0.0,0.0,0.0,0.0,0.0,0.0,0.0,0.0,0.0,0.0,0.0,0.0,0.0,0.0,0.0,0.0,0.0,0.0,0.0,0.0,0.0,0.0,0.0,0.0,0.0,0.0,0.0,-0.6931471805599453,0.0,0.0,0.0,0.0,0.0,0.0,0.0,0.0,0.0,0.0,0.0,0.0,0.0,-1.5400320737721716,0.0,0.0,0.0,0.0,0.0,-0.8472978603872029,-0.6931471805599453,0.0,0.0,0.0,0.0,0.0,0.0,0.0
3.3723637474483468,0.2973629040733618,Cc1c(Cc2ccc(S(=O)(=O)N(C)C)cc2)c2nc(C(C)(C)O)ccc2n1C/C(F)=C/CN,-0.7148462436713207,0.0,0.0,0.0,0.0,0.0,0.0,0.6931471805599453,0.0,0.0,0.0,0.0,0.0,0.0,0.0,0.0,0.0,0.0,0.0,-1.1373360145230549,0.0,0.0,0.0,0.0,0.0,0.0,0.0,0.0,0.0,-0.6931471805599453,0.0,0.0,0.0,0.0,0.0,-0.6931471805599453,0.0,0.0,0.0,-0.5258515744939494,-0.46710284852269923,0.0,0.0,-0.302487043601984,0.0,0.0,0.0,0.0,0.0,0.0,-0.811665780795283,0.0,0.0,0.0,0.0,0.0,0.0,0.0,0.0,0.0,0.0,0.0,0.0,0.0,0.0,0.0,0.0,0.6931471805599453,0.0,0.0,0.0,0.0,0.0,0.0,0.0,0.0,0.0,0.0,0.0,0.0,0.0,0.0,-0.6931471805599453,0.0,0.0,0.0,0.0,0.0,-0.6931471805599453,0.0,0.0,0.0,0.0,0.0,0.0,0.0,0.0,0.0,0.0,0.0,0.0,0.0,0.0,0.0,0.0,0.0,0.0,0.0,0.0,0.0,0.0,0.0,0.0,0.0,0.0,0.0,0.6931471805599453,0.0,0.0,0.0,0.0,0.0,0.0,0.0,0.0,0.0,0.0,0.0,0.0,0.6931471805599453,0.0,0.0,0.0,0.0,0.0,0.0,0.0,0.0,0.0,0.0,0.0,0.0,0.0,0.0,0.0,0.0,0.0,0.0,0.0,0.0,0.0,0.0,0.0,0.0,0.0,0.0,0.0,0.0,0.0,0.0,0.0,0.0,0.0,0.0,0.0,0.0,0.0,0.0,0.0,0.0,0.0,-1.3819496765158814,0.0,0.0,0.0,0.0,0.0,-0.8855190732074006,-0.6931471805599453,0.0,0.0,0.0,0.0,0.0,0.0,0.0
3.3723637474483468,0.2973629040733618,CC(O)c1c(Cc2ccc(S(=O)(=O)N(C)C)cc2)c2ncccc2n1C/C(F)=C/CN,-0.7148462436713207,0.0,0.0,0.0,0.0,0.0,0.0,0.0,0.0,0.0,0.0,0.0,0.0,0.0,0.0,0.0,0.0,0.0,0.0,-1.1373360145230549,0.0,0.0,0.0,0.0,0.0,0.0,0.0,0.0,0.0,-0.6931471805599453,0.0,0.0,0.0,0.0,0.0,-0.6931471805599453,0.0,0.0,0.0,-0.5376983728162604,-0.5370004781028717,0.0,0.0,-0.48373020300112074,0.0,0.0,0.0,0.0,0.0,0.0,-0.7510411589788482,0.0,0.0,0.0,0.0,0.6931471805599453,0.0,0.0,0.0,0.0,0.0,0.0,0.0,0.0,0.0,0.0,0.0,0.6931471805599453,0.0,0.0,0.0,0.0,0.0,0.0,0.0,0.0,0.0,0.0,0.0,0.0,0.0,0.0,-0.6931471805599453,0.0,0.0,0.0,0.0,0.0,-0.6931471805599453,0.0,0.0,0.0,0.0,0.0,0.0,0.0,0.0,0.0,0.0,0.0,0.0,0.0,0.0,0.0,0.0,0.0,0.0,0.0,0.0,0.0,0.0,0.0,0.0,0.0,0.0,0.0,0.6931471805599453,0.0,0.0,0.0,0.0,0.0,0.0,0.0,0.0,0.0,0.0,0.0,0.0,0.6931471805599453,0.0,0.0,0.0,0.0,0.0,0.0,0.0,0.0,0.0,0.0,0.0,0.0,0.0,0.0,0.0,0.0,0.0,0.0,0.0,0.0,0.0,0.0,0.0,0.0,0.0,0.0,0.0,0.0,0.0,0.0,0.0,0.0,0.0,0.0,0.0,0.6931471805599453,0.0,0.0,0.0,0.0,0.0,-1.0791564220527456,0.0,0.0,0.0,0.0,0.0,-0.8342257788198502,-0.6931471805599453,0.0,0.0,0.0,0.0,0.0,0.0,0.0
3.3723637474483468,0.2973629040733618,Cc1c(Cc2ccc(S(C)(=O)=O)nc2)c2nc(C(C)(F)F)ccc2n1C/C(F)=C/CN,-0.7148462436713207,0.0,0.0,0.0,0.0,0.0,0.0,0.0,0.0,0.0,0.0,0.0,0.0,0.0,0.0,0.0,0.0,0.0,0.0,-1.1373360145230549,0.0,0.0,0.0,0.0,0.0,0.0,0.0,0.0,0.0,0.0,0.0,0.0,0.0,0.0,0.0,-0.6931471805599453,0.0,0.0,0.0,-0.3805352116897989,-0.5370004781028717,0.0,0.0,-0.35505358015736005,0.0,0.0,0.0,0.0,0.0,0.0,-0.686502637841277,0.0,0.0,0.0,0.0,0.6931471805599453,0.0,0.0,0.0,0.0,0.0,0.0,0.0,0.0,0.0,0.0,0.0,0.6931471805599453,0.0,0.0,0.0,0.0,0.0,0.0,0.0,0.0,0.0,0.0,0.0,0.0,0.0,0.0,-0.6931471805599453,0.0,0.0,0.0,0.0,0.0,-0.6931471805599453,0.0,0.0,0.0,0.0,0.0,0.0,0.0,0.0,0.0,0.0,0.0,0.0,0.0,0.0,0.0,0.0,0.0,0.0,0.0,0.0,0.0,0.0,0.0,0.0,0.0,0.0,0.0,0.6931471805599453,0.0,0.0,0.0,0.0,0.0,0.0,0.0,0.0,0.0,0.0,0.0,0.0,0.6931471805599453,0.0,0.0,0.0,0.0,0.0,0.0,0.0,0.0,0.0,0.0,0.0,0.0,0.0,0.0,0.0,0.0,0.0,0.0,0.0,0.0,0.0,0.0,0.0,0.0,0.0,0.0,0.0,0.0,0.0,0.0,0.0,0.0,0.0,0.0,0.0,0.0,0.0,0.0,0.0,0.0,0.0,-0.26280880770664194,0.0,0.0,0.0,0.0,0.0,-0.45473615711494714,-0.6931471805599453,0.0,0.0,0.0,0.0,0.0,0.0,0.0
3.3723637474483468,0.2973629040733618,Cc1c(Cc2ccc(S(C)(=O)=O)nc2)c2nc(C(F)(F)F)ccc2n1C/C(F)=C/CN,-0.7148462436713207,0.0,0.0,0.0,0.0,0.0,0.0,0.0,0.0,0.0,0.0,0.0,0.0,0.0,0.0,0.0,0.0,0.0,0.0,-1.1373360145230549,0.0,0.0,0.0,0.0,0.0,0.0,0.0,0.0,0.0,0.0,0.0,0.0,0.0,0.0,0.0,-0.6931471805599453,0.0,0.0,0.0,-0.5376983728162604,-0.5370004781028717,0.0,0.0,-0.48373020300112074,0.0,0.0,0.0,0.0,0.0,0.0,-0.5976714241346612,0.0,0.0,0.0,0.0,0.6931471805599453,0.0,0.0,0.0,0.0,0.0,0.0,0.0,0.0,0.0,0.0,0.0,0.6931471805599453,0.0,0.0,0.0,0.0,0.0,0.0,0.0,0.0,0.0,0.0,0.0,0.0,0.0,0.0,-0.6931471805599453,0.0,0.0,0.0,0.0,0.0,-0.6931471805599453,0.0,0.0,0.0,0.0,0.0,0.0,0.0,0.0,0.0,0.0,0.0,0.0,0.0,0.0,0.0,0.0,0.0,0.0,0.0,0.0,0.0,0.0,0.0,0.0,0.0,0.0,0.0,0.6931471805599453,0.0,0.0,0.0,0.0,0.0,0.0,0.0,0.0,0.0,0.0,0.0,0.0,0.6931471805599453,0.0,0.0,0.0,0.0,0.0,0.0,0.0,0.0,0.0,0.0,0.0,0.0,0.0,0.0,0.0,0.0,0.0,0.0,0.0,0.0,0.0,0.0,0.0,0.0,0.0,0.0,0.0,-0.6931471805599453,0.0,0.0,0.0,0.0,0.0,0.0,0.0,0.0,0.0,0.0,0.0,0.0,0.0,0.6902528225335823,0.0,0.0,0.0,0.0,0.0,-0.029852963149681156,-0.6931471805599453,0.0,0.0,0.0,0.0,0.0,0.0,0.0
3.3723637474483468,0.2973629040733618,Cc1c(Cc2ccc(S(=O)(=O)N(C)C)cc2)c2cnccc2n1C/C(F)=C/CN,-0.7148462436713207,0.0,0.0,0.0,0.0,0.0,0.0,0.0,0.0,0.0,0.0,0.0,0.0,0.0,0.0,0.0,0.0,0.0,0.0,-1.1455304055890243,0.0,0.0,0.0,0.0,0.0,0.0,0.0,0.0,0.0,-0.6931471805599453,0.0,0.0,0.0,0.0,0.0,-0.6931471805599453,0.0,0.0,0.0,-0.5376983728162604,-0.5370004781028717,0.0,0.0,-0.48373020300112074,0.0,0.0,0.0,0.0,0.0,0.0,-0.6997478645912976,0.0,0.0,0.0,0.0,0.0,0.0,0.0,0.0,0.0,0.0,0.0,0.0,0.0,0.0,0.0,0.0,0.6931471805599453,0.0,0.0,0.0,0.0,0.0,0.0,0.0,0.0,0.0,0.0,0.0,0.0,0.0,0.0,-0.6931471805599453,0.0,0.0,0.0,0.0,0.0,-0.6931471805599453,0.0,0.0,0.0,0.0,0.0,0.0,0.0,0.0,0.0,0.0,0.0,0.0,0.0,0.0,0.0,0.0,0.0,0.0,0.0,0.0,0.0,0.0,0.0,0.0,-0.6931471805599453,0.0,0.0,0.0,0.0,0.0,0.0,0.0,0.0,0.0,0.0,0.0,0.0,0.0,0.0,0.0,0.0,0.0,0.0,0.0,0.0,0.0,0.0,0.0,0.0,0.0,0.0,0.0,0.0,0.0,0.0,0.0,0.0,0.0,0.0,0.0,0.0,0.0,0.0,0.0,0.0,0.0,0.0,0.0,0.0,0.0,0.0,0.0,0.0,0.0,0.0,0.0,0.0,0.0,0.0,0.0,0.0,0.0,-1.5498965187430855,0.0,0.6931471805599453,0.0,0.0,0.0,-0.6225296133459919,-0.6931471805599453,0.0,0.0,0.0,0.0,0.0,0.0,0.0
3.3723637474483468,0.2973629040733618,CC(C)c1c(Cc2ccc(S(C)(=O)=O)cc2)c2ncccc2n1C/C(F)=C/CN,-0.7148462436713207,0.0,0.0,0.0,0.0,0.0,0.0,0.0,0.0,0.0,0.0,0.0,0.0,0.0,0.0,0.0,0.0,0.0,0.0,-1.1373360145230549,0.0,0.0,0.0,0.0,0.0,0.0,0.0,0.0,0.0,-0.6931471805599453,0.0,0.0,0.0,0.0,0.0,-0.6931471805599453,0.0,0.0,0.0,-0.44522473052447015,-0.4116183062452396,0.0,0.0,-0.482315838311066,0.0,0.0,0.0,0.0,0.0,0.0,-0.8057660586680947,0.0,0.0,0.0,0.0,0.0,0.0,0.0,0.0,0.0,0.0,0.0,0.0,0.0,0.0,0.0,0.0,0.6931471805599453,0.0,0.0,0.0,0.0,0.0,0.0,0.0,0.0,0.0,0.0,0.0,0.0,0.0,0.0,-0.6931471805599453,0.0,0.0,0.0,0.0,0.0,-0.6931471805599453,0.0,0.0,0.0,0.0,0.0,0.0,0.0,0.0,0.0,0.0,0.0,0.0,0.0,0.0,0.0,0.0,0.0,0.0,0.0,0.0,0.0,0.0,0.0,0.0,0.0,0.0,0.0,0.6931471805599453,0.0,0.0,0.0,0.0,0.0,0.0,0.0,0.0,0.0,0.0,0.0,0.0,0.6931471805599453,0.0,0.0,0.0,0.0,0.0,0.0,0.0,0.0,0.0,0.0,0.0,0.0,0.0,0.0,0.0,0.0,0.0,0.0,0.0,0.0,0.0,0.0,0.0,0.0,0.0,0.0,0.0,0.0,0.0,0.0,0.0,0.0,0.0,0.0,0.0,0.0,0.0,0.0,0.0,0.0,0.0,-1.5789191119694288,0.0,0.0,0.0,0.0,0.0,-0.8075575317376887,-0.6931471805599453,0.0,0.0,0.0,0.0,0.0,0.0,0.0
3.3723637474483468,0.2973629040733618,Cc1cc(S(C)(=O)=O)ccc1Cc1c(C)n(C/C(F)=C/CN)c2cccnc12,-0.7148462436713207,0.0,0.0,0.0,0.0,0.0,0.0,0.0,0.0,0.0,0.0,0.0,0.0,0.0,0.0,0.0,0.0,0.6931471805599453,0.0,-1.1373360145230549,0.0,0.0,0.0,0.0,0.0,0.0,0.0,0.0,0.0,-0.6931471805599453,0.0,0.0,0.0,0.0,0.0,-0.6931471805599453,0.0,0.0,0.0,-0.5376049009772852,-0.5299726533830285,0.0,0.0,-0.480393138097445,0.0,0.0,0.0,0.0,0.0,0.0,-0.7953570427533592,0.0,0.0,0.0,0.0,0.0,0.0,0.0,0.0,0.0,0.0,0.0,0.0,0.0,0.0,0.0,0.0,0.6931471805599453,0.0,0.0,0.0,0.0,0.0,0.0,0.0,0.0,0.0,0.0,0.0,0.0,0.0,0.0,-0.6931471805599453,0.0,0.0,0.0,0.0,0.0,-0.6931471805599453,0.0,0.0,0.0,0.0,0.0,0.0,0.0,0.0,0.0,0.0,-0.6931471805599453,0.0,0.0,0.0,0.0,0.0,0.0,0.0,0.0,0.0,0.0,0.0,0.0,0.0,0.0,0.0,0.0,0.6931471805599453,-0.6931471805599453,0.0,0.0,0.0,0.0,0.0,0.0,0.0,0.0,0.0,0.0,0.0,0.6931471805599453,0.0,0.0,0.0,0.0,0.0,0.0,0.0,0.0,0.0,0.0,0.0,0.0,0.0,0.0,0.0,0.0,0.0,0.0,0.0,0.0,0.0,0.0,0.0,0.0,0.0,0.0,0.0,0.0,0.0,0.0,0.0,0.0,0.0,0.0,0.0,0.0,0.0,0.0,0.0,0.0,0.0,-1.457404450219982,0.0,0.0,0.0,0.0,0.0,-0.8142915639190328,0.0,0.0,0.0,0.0,-0.6931471805599453,0.0,0.0,0.0
3.3723637474483468,0.2973629040733618,Cc1c(Cc2ccc(S(C)(=O)=O)c(Cl)c2)c2ncccc2n1C/C(F)=C/CN,-0.7148462436713207,0.0,0.0,0.0,0.0,0.0,0.0,0.0,0.0,0.0,0.0,0.0,0.0,0.0,0.0,0.0,0.0,0.0,0.0,-1.1373360145230549,0.0,0.0,0.0,0.0,0.0,0.0,0.0,0.0,0.0,-0.6931471805599453,0.0,0.0,0.0,0.0,0.0,-0.6931471805599453,0.0,0.0,0.0,-0.5376983728162604,-0.5370004781028717,0.0,0.0,-0.48373020300112074,0.0,0.0,0.0,0.0,0.0,0.0,-0.4098704015760808,0.0,0.0,0.0,0.6931471805599453,0.0,0.0,0.0,0.0,0.0,0.0,0.0,0.0,0.0,0.0,0.0,0.0,0.6931471805599453,0.0,0.0,0.0,0.0,0.0,0.0,0.0,0.0,0.0,0.0,0.0,0.0,0.0,0.0,-0.6931471805599453,0.0,0.0,0.0,0.0,0.0,-0.6931471805599453,0.0,0.0,0.0,0.0,0.0,0.0,0.0,0.0,0.0,0.0,0.0,0.0,0.0,0.0,0.0,0.0,0.0,0.0,0.0,0.0,0.0,0.0,0.0,0.0,0.0,0.0,0.0,0.6931471805599453,0.0,0.0,0.6931471805599453,0.0,0.0,0.0,0.0,0.0,0.0,0.0,0.0,0.0,0.6931471805599453,0.0,0.0,0.0,0.0,0.0,0.0,0.0,0.0,0.0,0.0,0.0,0.0,0.0,0.0,0.0,0.0,0.0,0.0,0.0,0.0,0.0,0.0,0.0,0.0,0.0,0.0,0.0,-0.6931471805599453,0.0,0.0,0.0,0.0,0.0,0.0,0.0,0.0,0.0,0.0,0.0,0.0,0.0,-1.294014268043436,0.0,0.6931471805599453,0.0,0.0,0.0,-0.5810298824392391,-0.6931471805599453,0.0,0.0,0.0,0.0,0.0,0.0,0.0
3.3723637474483468,0.2973629040733618,Cc1cc2c(cn1)c(Cc1ccc(S(C)(=O)=O)cc1)c(C)n2C/C(F)=C/CN,-0.7148462436713207,0.0,0.0,0.0,0.0,0.0,0.0,0.0,0.0,0.0,0.0,0.0,0.0,0.0,0.0,0.0,0.0,0.0,0.0,-1.1455304055890243,0.0,0.0,0.0,0.0,0.0,0.0,0.0,0.0,0.0,-0.6931471805599453,0.0,0.0,0.0,0.0,0.0,-0.6931471805599453,0.0,0.0,0.0,-0.53723092622703,-0.5355988588314853,0.0,0.0,-0.443772001992073,0.0,0.0,0.0,0.0,0.0,0.0,-0.7572717087294841,0.0,0.0,0.0,0.0,0.0,0.0,0.0,0.0,0.0,0.0,0.0,0.0,0.0,0.0,0.0,0.0,0.6931471805599453,0.0,0.0,0.0,0.0,0.0,0.0,0.0,0.0,0.0,0.0,0.0,0.0,0.0,0.0,-0.6931471805599453,0.0,0.0,0.0,0.0,0.0,-0.6931471805599453,0.0,0.0,0.0,0.0,0.0,0.0,0.0,0.0,0.0,0.0,0.0,0.0,0.0,0.0,0.0,0.0,0.0,0.0,0.0,0.0,0.0,0.0,0.0,0.0,-0.6931471805599453,0.0,0.0,0.0,0.0,0.0,0.0,0.0,0.0,0.0,0.0,0.0,0.0,0.0,0.0,0.0,0.0,0.0,0.0,0.0,0.0,0.0,0.0,0.0,0.0,0.0,0.0,0.0,0.0,0.0,0.0,0.0,0.0,0.0,0.0,0.0,0.0,0.0,0.0,0.0,0.0,0.0,0.0,0.0,0.0,0.0,0.0,0.0,0.0,0.0,0.0,0.0,0.0,0.0,0.0,0.0,0.0,0.0,-1.0947512800106518,0.0,0.6931471805599453,0.0,0.0,0.0,-0.46430560813109784,-0.6931471805599453,0.0,0.0,0.0,0.0,0.0,0.0,0.0
3.3723637474483468,0.2973629040733618,Cc1cc2c(nn1)c(Cc1ccc(S(=O)(=O)N(C)C)cc1)c(C)n2C/C(F)=C/CN,-0.7148462436713207,0.0,0.0,0.0,0.0,0.0,0.0,0.0,0.0,0.0,0.0,0.0,0.0,0.0,0.0,0.0,0.0,0.0,0.0,-1.1373360145230549,0.0,0.0,0.0,0.0,0.0,0.0,0.0,0.0,0.0,-0.6931471805599453,0.0,0.0,0.0,0.0,0.0,-0.6931471805599453,0.0,0.0,0.0,-0.4911111892012625,-0.5370004781028717,0.0,0.0,-0.07489960732613564,0.0,0.0,0.0,0.0,0.0,0.0,-0.7526024395458006,0.0,0.0,0.0,0.6931471805599453,0.0,0.0,0.0,0.0,0.0,0.0,0.0,0.0,0.0,0.0,0.0,0.0,0.6931471805599453,0.0,0.0,0.0,0.0,0.0,0.0,0.0,0.0,0.0,0.0,0.0,0.0,0.0,0.0,0.0,0.0,0.0,0.0,0.0,0.0,0.0,0.0,0.0,0.0,0.0,0.0,0.0,0.0,0.0,0.0,0.0,0.0,0.0,0.0,0.0,0.0,0.0,0.0,0.0,0.0,0.0,0.0,0.0,0.0,0.0,0.0,0.0,0.0,0.6931471805599453,0.0,0.0,0.0,0.0,0.0,0.0,0.0,0.0,0.0,0.0,0.0,0.0,0.6931471805599453,0.0,0.0,0.0,0.0,0.0,0.0,0.0,0.0,0.0,0.0,0.0,0.0,0.0,0.0,0.0,0.0,0.0,0.0,0.0,0.0,0.0,0.0,0.0,0.0,0.0,0.0,0.0,0.0,0.0,0.0,0.0,0.0,0.0,0.0,0.0,0.0,0.0,0.0,0.0,0.0,0.0,-0.903492418730847,0.0,0.0,0.0,0.0,0.0,-0.5639354490799391,-0.6931471805599453,0.0,0.0,0.0,0.0,0.0,0.0,0.0
3.3723637474483468,0.2973629040733618,Cc1ncc2c(n1)c(Cc1ccc(S(C)(=O)=O)cc1)c(C)n2C/C(F)=C/CN,-0.7148462436713207,0.0,0.0,0.0,0.0,0.0,0.0,0.0,0.0,0.0,0.0,0.0,0.0,0.0,0.0,0.0,0.0,0.0,0.0,-1.1373360145230549,0.0,0.0,0.0,0.0,0.0,0.0,0.0,0.0,0.0,-0.6931471805599453,0.0,0.0,0.0,0.0,0.0,-0.6931471805599453,0.0,0.0,0.0,-0.5122341442704239,-0.5370004781028717,0.0,0.0,-0.10291667797067311,0.0,0.0,0.0,0.0,0.0,0.0,-0.8028030935374376,0.0,0.0,0.0,0.0,0.0,0.0,0.0,0.0,0.0,0.0,0.0,0.0,0.0,0.0,0.0,0.0,0.6931471805599453,0.0,0.0,0.0,0.0,0.0,0.0,0.0,0.0,0.0,0.0,0.0,0.0,0.0,0.0,-0.6931471805599453,0.0,0.0,0.0,0.0,0.0,-0.6931471805599453,0.0,0.0,0.0,0.0,0.0,0.0,0.0,0.0,0.0,0.0,0.0,0.0,0.0,0.0,0.0,0.0,0.0,0.0,0.0,0.0,0.0,0.0,0.0,0.0,0.0,0.0,0.0,0.6931471805599453,0.0,0.0,0.0,0.0,0.0,0.0,0.0,0.0,0.0,0.0,0.0,0.0,0.6931471805599453,0.0,0.0,0.0,0.0,0.0,0.0,0.0,0.0,0.0,0.0,0.0,0.0,0.0,0.0,0.0,0.0,0.0,0.0,0.0,0.0,0.0,0.0,0.0,0.0,0.0,0.0,0.0,0.0,0.0,0.0,0.0,0.0,0.0,0.0,0.0,0.0,0.0,0.0,0.0,0.0,0.0,-1.265073341438434,0.0,0.0,0.0,0.0,0.0,-0.6386589952758756,-0.6931471805599453,0.0,0.0,0.0,0.0,0.0,0.0,0.0
3.3723637474483468,0.2973629040733618,Cc1ncc2c(n1)c(Cc1ccc(S(=O)(=O)N(C)C)cc1)c(C)n2C/C(F)=C/CN,-0.7148462436713207,0.0,0.0,0.0,0.0,0.0,0.0,0.0,0.0,0.0,0.0,0.0,0.0,0.0,0.0,0.0,0.0,0.0,0.0,-1.1373360145230549,0.0,0.0,0.0,0.0,0.0,0.0,0.0,0.0,0.0,-0.6931471805599453,0.0,0.0,0.0,0.0,0.0,-0.6931471805599453,0.0,0.0,0.0,-0.4991089617251633,-0.36058909505906667,0.0,0.0,-0.31761985217080174,0.0,0.0,0.0,0.0,0.0,0.0,-0.7878551321015644,0.0,0.0,0.0,0.0,0.0,0.0,0.0,0.0,0.0,0.0,0.0,0.0,0.0,0.0,0.0,0.0,0.6931471805599453,0.0,0.0,0.0,0.0,0.0,0.0,0.0,0.0,0.0,0.0,0.0,0.0,0.0,0.0,-0.6931471805599453,0.0,0.0,0.0,0.0,0.0,-0.6931471805599453,0.0,0.0,0.0,0.0,0.0,0.0,0.0,0.0,0.0,0.0,0.0,0.0,0.0,0.0,0.0,0.0,0.0,0.0,0.0,0.0,0.0,0.0,0.0,0.0,0.0,0.0,0.0,0.6931471805599453,0.0,0.0,0.0,0.0,0.0,0.0,0.0,0.0,0.0,0.0,0.0,0.0,0.6931471805599453,0.0,0.0,0.0,0.0,0.0,0.0,0.0,0.0,0.0,0.0,0.0,0.0,0.0,0.0,0.0,0.0,0.0,0.0,0.0,0.0,0.0,0.0,0.0,0.0,0.0,0.0,0.0,0.0,0.0,0.0,0.0,0.0,0.0,0.0,0.0,0.0,0.0,0.0,0.0,0.0,0.0,-1.2386255188948248,0.0,0.0,0.0,0.0,0.0,-0.6545323444321657,-0.6931471805599453,0.0,0.0,0.0,0.0,0.0,0.0,0.0
3.3723637474483468,0.2973629040733618,Cc1ccc2c(n1)c(CCc1ccc(S(C)(=O)=O)cc1)c(C)n2C/C(F)=C/CN,-0.7148462436713207,0.0,0.0,0.0,0.0,0.0,0.0,0.6931471805599453,0.0,0.0,0.0,0.0,0.0,0.0,0.0,0.0,0.0,0.6931471805599453,0.0,-1.1373360145230549,0.0,0.0,0.0,0.0,0.0,0.0,0.0,0.0,0.0,-0.6931471805599453,0.0,0.0,0.0,0.0,0.0,-0.6931471805599453,0.0,0.0,0.0,-0.31324330020698676,-0.43567198139215607,0.0,0.0,-0.37999977160829984,0.0,0.0,0.0,0.0,0.0,0.0,-0.7634636789774053,0.0,0.0,0.0,0.0,0.0,0.0,0.0,0.0,0.0,0.0,0.0,0.0,0.0,0.0,0.0,0.0,0.0,0.0,0.0,0.0,0.0,0.0,0.0,0.0,0.0,0.0,0.0,0.0,0.0,0.0,0.0,-0.6931471805599453,0.0,0.0,0.0,0.0,0.0,-0.6931471805599453,0.0,0.0,0.0,0.0,0.0,0.0,0.0,0.0,0.0,0.0,0.0,0.0,0.0,0.0,0.0,0.0,0.0,0.0,0.0,0.0,0.0,0.0,0.0,0.0,0.0,0.0,0.0,0.6931471805599453,0.0,0.0,0.0,-0.6931471805599453,0.0,0.0,0.0,0.0,0.0,0.0,0.0,0.0,0.6931471805599453,0.0,0.0,0.0,0.0,0.0,0.0,0.0,0.0,0.0,0.0,0.0,0.0,0.0,-0.6931471805599453,0.0,0.0,0.0,0.0,0.0,-0.6931471805599453,0.0,0.0,0.0,0.0,0.0,0.0,0.0,0.0,0.0,0.0,0.0,0.0,0.0,0.0,0.0,0.0,0.0,0.0,0.0,0.0,0.0,-1.4049062083144916,0.0,0.0,0.0,0.0,0.0,-0.7448191911042654,-0.6931471805599453,0.0,0.0,0.0,-0.6931471805599453,0.0,0.0,0.0
3.3723637474483468,0.2973629040733618,CC(C)c1c(Cc2ccc(S(=O)(=O)C(C)C)nc2)c2ncccc2n1C/C(F)=C/CN,-0.7148462436713207,0.0,0.0,0.0,0.0,0.0,0.0,0.0,0.0,0.0,0.0,0.0,0.0,0.0,0.0,0.0,0.0,0.0,0.0,-1.1373360145230549,0.0,0.0,0.0,0.0,0.0,0.0,0.0,0.0,0.0,-0.6931471805599453,0.0,0.0,0.0,0.0,0.0,-0.6931471805599453,0.0,0.0,0.0,-0.38064458008371516,-0.5221371833047618,0.0,0.0,-0.45453609993453636,0.0,0.0,0.0,0.0,0.0,0.0,-0.7893600232809849,0.0,0.0,0.0,0.0,0.6931471805599453,0.0,0.0,0.0,0.0,0.0,0.0,0.0,0.0,0.0,0.0,0.0,0.6931471805599453,0.0,0.0,0.0,0.0,0.0,0.0,0.0,0.0,0.0,0.0,0.0,0.0,0.0,0.0,-0.6931471805599453,0.0,0.0,0.0,0.0,0.0,-0.6931471805599453,0.0,0.0,0.0,0.0,0.0,0.0,0.0,0.0,0.0,0.0,0.0,0.0,0.0,0.0,0.0,0.0,0.0,0.0,0.0,0.0,0.0,0.0,0.0,0.0,0.0,0.0,0.0,0.6931471805599453,0.0,0.0,0.0,0.0,0.0,0.0,0.0,0.0,0.0,0.0,0.0,0.0,0.6931471805599453,0.0,0.0,0.0,0.0,0.0,0.0,0.0,0.0,0.0,0.0,0.0,0.0,0.0,0.0,0.0,0.0,0.0,0.0,0.0,0.0,0.0,0.0,0.0,0.0,0.0,0.0,0.0,-0.6931471805599453,0.0,0.0,0.0,0.0,0.0,0.0,0.0,0.0,0.0,0.0,0.0,0.0,0.0,-1.2876549461351434,0.0,0.0,0.0,0.0,0.0,-0.8407831793660092,-0.6931471805599453,0.0,0.0,0.0,0.0,0.0,0.0,0.0
3.3723637474483468,0.2973629040733618,CC(C)c1c(C(O)c2ccc(S(C)(=O)=O)nc2)c2ncccc2n1C/C(F)=C/CN,-0.7148462436713207,0.0,0.0,0.0,0.0,0.0,0.0,0.0,0.0,0.0,0.0,0.0,0.0,0.0,0.0,0.0,0.0,0.0,0.0,-1.1373360145230549,0.0,0.0,0.0,0.0,0.0,0.0,0.0,0.0,0.0,-0.6931471805599453,0.0,0.0,0.0,0.0,0.0,0.0,0.0,0.0,0.0,-0.39119686250086527,-0.5362531923080575,0.0,0.0,-0.2792257360657978,0.0,0.0,0.0,0.0,0.0,0.0,-0.5081731023168597,0.0,0.0,0.0,0.0,0.6931471805599453,0.0,-0.6931471805599453,0.0,0.0,0.0,0.0,0.0,-0.6931471805599453,0.0,0.0,0.0,0.6931471805599453,-0.6931471805599453,0.0,0.0,0.0,0.0,-0.6931471805599453,0.0,0.0,0.0,0.0,0.0,0.0,0.0,0.0,-0.6931471805599453,0.0,0.0,0.0,0.0,0.0,-0.6931471805599453,0.0,0.0,0.0,0.0,0.0,0.0,0.0,0.0,0.0,0.0,-0.6931471805599453,0.0,0.0,0.0,0.0,0.0,0.0,0.0,0.0,0.0,0.0,0.0,0.0,0.0,0.0,0.0,0.0,0.6931471805599453,-0.6931471805599453,0.0,0.0,0.0,0.0,0.0,0.0,0.0,0.0,0.0,0.0,0.0,0.0,0.0,0.0,0.0,0.0,0.0,0.0,0.0,0.0,0.0,0.0,0.0,0.0,0.0,0.0,0.0,0.0,0.0,0.0,0.0,0.0,0.0,0.0,0.0,-0.6931471805599453,0.0,0.0,0.0,-0.6931471805599453,0.0,0.0,0.0,0.0,0.0,0.0,0.0,0.6931471805599453,0.0,0.0,0.0,0.0,0.0,-1.3554775424739045,0.0,0.0,0.0,0.0,0.0,-0.8142915639190328,-0.6931471805599453,0.0,0.0,0.0,-0.6931471805599453,0.0,0.0,0.0
3.3723637474483468,0.2973629040733618,CCS(=O)(=O)c1ccc(Cc2c(C(C)C)n(C/C(F)=C/CN)c3cccnc23)cn1,-0.7148462436713207,0.0,0.0,0.0,0.0,0.0,0.0,0.0,0.0,0.0,0.0,0.0,0.0,0.0,0.0,0.0,0.0,0.0,0.0,-1.1373360145230549,0.0,0.0,0.0,0.0,0.0,0.0,0.0,0.0,0.0,-0.6931471805599453,0.0,0.0,0.0,0.0,0.0,-0.6931471805599453,0.0,0.0,0.0,-0.5376983728162604,-0.534195272265797,0.0,0.0,-0.39896885516751046,0.0,0.0,0.0,0.0,0.0,0.0,-0.7968506950101424,0.0,0.0,0.0,0.0,0.6931471805599453,0.0,0.0,0.0,0.0,0.0,0.0,0.0,0.0,0.0,0.0,0.0,0.6931471805599453,0.0,0.0,0.0,0.0,0.0,0.0,0.0,0.0,0.0,0.0,0.0,0.0,0.0,0.0,-0.6931471805599453,0.0,0.0,0.0,0.0,0.0,-0.6931471805599453,0.0,0.0,0.0,0.0,0.0,0.0,0.0,0.0,0.0,0.0,0.0,0.0,0.0,0.0,0.0,0.0,0.0,0.0,0.0,0.0,0.0,0.0,0.0,0.0,0.0,0.0,0.0,0.6931471805599453,0.0,0.0,0.0,0.0,0.0,0.0,0.0,0.0,0.0,0.0,0.0,0.0,0.6931471805599453,0.0,0.0,0.0,0.0,0.0,0.0,0.0,0.0,0.0,0.0,0.0,0.0,0.0,0.0,0.0,0.0,0.0,0.0,0.0,0.0,0.0,0.0,0.0,0.0,0.0,0.0,0.0,-0.6931471805599453,0.0,0.0,0.0,0.0,0.0,0.0,0.0,0.0,0.0,0.0,0.0,0.0,0.0,-1.2844600552386243,0.0,0.0,0.0,0.0,0.0,-0.9162907318741543,-0.6931471805599453,0.0,0.0,0.0,0.0,0.0,0.0,0.0
3.3723637474483468,0.2973629040733618,CC(C)c1c(Cc2ccc(S(=O)(=O)C3CC3)nc2)c2ncccc2n1C/C(F)=C/CN,-0.7148462436713207,0.0,0.0,0.0,0.0,0.0,0.0,0.0,0.0,0.0,0.0,0.0,0.0,0.0,0.0,0.0,0.0,0.0,0.0,-1.1373360145230549,0.0,0.0,0.0,0.0,0.0,0.0,0.0,0.0,0.0,-0.6931471805599453,0.0,0.0,0.0,0.0,0.0,-0.6931471805599453,0.0,0.0,0.0,-0.4539014333651355,-0.529314196049838,0.0,0.0,-0.48322530236463457,0.0,0.0,0.0,0.0,0.0,0.0,-0.7893600232809849,0.0,0.0,0.0,0.0,0.6931471805599453,0.0,0.0,0.0,0.0,0.0,0.0,0.0,0.0,0.0,0.0,0.0,0.6931471805599453,0.0,0.0,0.0,0.0,0.0,0.0,0.0,0.0,0.0,0.0,0.0,0.0,0.0,0.0,-0.6931471805599453,0.0,0.0,0.0,0.0,0.0,-0.6931471805599453,0.0,0.0,0.0,0.0,0.0,0.0,0.0,0.0,0.0,0.0,0.0,0.0,0.0,0.0,0.0,0.0,0.0,0.0,0.0,0.0,0.0,0.0,0.0,0.0,0.0,0.0,0.0,0.6931471805599453,0.0,0.0,0.0,0.0,0.0,0.0,0.0,0.0,0.0,0.0,0.0,0.0,0.6931471805599453,0.0,0.0,0.0,0.0,0.0,0.0,0.0,0.0,0.0,0.0,0.0,0.0,0.0,0.0,0.0,0.0,0.0,0.0,0.0,0.0,0.0,0.0,0.0,0.0,0.0,0.0,0.0,-0.6931471805599453,0.0,0.0,0.0,0.0,0.0,0.0,0.0,0.0,0.0,0.0,0.0,0.0,0.0,-1.2876549461351434,0.0,0.0,0.0,0.0,0.0,-0.9578397347870269,-0.6931471805599453,0.0,0.0,0.0,0.0,0.0,0.0,0.0
4.449771646944906,1.1925144413116917,C[C@@H]1NC(=O)[C@@H]2CCN2C(=O)[C@H](Cc2c[nH]c3ccc(F)cc23)NC(=O)[C@H](Cc2c[nH]c3ccc(F)cc23)NC(=O)[C@@H](C)NC(=O)[C@H](CCCCN)NC(=O)CCSCc2cccc(c2)CSCCNC(=O)[C@]2(C)CCCN2C(=O)[C@H](Cc2ccc(O)cc2)NC1=O,0.0,0.0,0.0,0.0,0.0,0.0,0.0,0.0,0.0,0.0,0.0,0.0,0.0,0.0,0.0,0.0,0.0,0.0,0.0,0.0,0.0,0.0,0.0,0.0,0.0,0.0,0.0,0.0,0.0,0.0,0.0,0.0,0.0,0.0,0.0,0.0,0.0,0.0,0.0,-0.103284415829272,-0.11409803753512811,0.0,0.0,0.0,0.0,0.0,0.0,0.0,0.0,0.0,-0.3345782966611423,0.0,0.0,0.0,0.6931471805599453,0.0,0.0,0.0,0.0,0.0,0.0,0.0,0.0,0.0,0.0,0.0,0.0,0.0,0.0,0.0,0.0,0.0,0.0,0.0,0.0,0.0,0.0,0.0,0.0,0.0,0.0,0.0,-0.6931471805599453,0.0,0.0,0.0,0.0,0.0,-0.6931471805599453,0.0,0.0,0.0,0.0,0.0,0.0,0.0,0.0,0.0,0.0,0.0,0.0,0.0,0.0,0.0,0.0,0.0,0.0,0.0,0.0,0.0,0.0,0.0,0.0,0.0,0.0,0.0,0.0,0.0,0.0,0.0,0.0,0.0,0.0,0.0,0.0,0.0,0.0,0.0,0.0,0.0,0.0,0.0,0.0,0.0,0.0,0.0,0.0,0.0,0.0,0.0,0.0,0.0,0.0,0.0,0.0,0.0,0.0,0.0,0.0,0.0,0.0,0.0,0.0,0.0,0.0,0.0,0.0,0.0,0.0,0.0,0.0,0.0,0.0,0.0,0.0,0.0,0.0,0.0,0.0,0.0,0.0,-0.05619455834364096,0.0,0.0,0.0,0.0,0.0,-0.31015492830383956,0.0,0.0,0.0,0.0,0.0,0.0,0.0,0.0
5.183758700008217,1.1925144413116917,COc1ccc(C[C@@H]2NC(=O)CCNC(=O)[C@@H]3CCCN3C(=O)[C@H](Cc3c[nH]c4ccc(F)cc34)NC(=O)[C@H](Cc3cc4cc(F)ccc4[nH]3)NC(=O)[C@@H](C)NC(=O)[C@H](CCCCN)NC(=O)CCSCc3cccc(c3)CSCCNC(=O)[C@]3(C)CCCN3C2=O)cc1,0.0,0.0,0.0,0.0,0.0,0.0,0.0,0.0,0.0,0.0,0.0,0.0,0.0,0.0,0.0,0.0,0.0,0.0,0.0,0.0,0.0,0.0,0.0,0.0,0.0,0.0,0.0,0.0,0.0,0.0,0.0,0.0,0.0,0.0,0.0,0.0,0.0,0.0,0.0,-0.103284415829272,-0.11409803753512811,0.0,0.0,0.0,0.0,0.0,0.0,0.0,0.0,0.0,-0.2983861680677255,0.0,0.0,0.0,0.0,0.0,0.0,0.0,0.0,0.0,0.0,0.0,0.0,0.0,0.0,0.0,0.0,0.0,0.0,0.0,0.0,0.0,0.0,0.0,0.0,0.0,0.0,0.0,0.0,0.0,0.0,-0.6931471805599453,-0.6931471805599453,0.0,0.0,0.0,0.0,0.0,-0.6931471805599453,0.0,0.0,0.0,0.0,0.0,0.0,0.0,0.0,0.0,0.0,0.0,0.0,0.0,0.0,0.0,0.0,0.0,0.0,0.0,0.0,0.0,0.0,0.0,0.0,0.0,0.0,0.0,0.0,0.0,0.0,0.0,0.0,0.0,0.0,0.0,0.0,0.0,0.0,0.0,0.0,0.0,0.0,0.0,0.0,0.0,0.0,0.0,0.0,0.0,0.0,0.0,0.0,0.0,0.0,0.0,0.0,0.0,0.0,0.0,0.0,0.0,0.0,0.0,0.0,0.0,0.0,0.0,0.0,0.0,0.0,0.0,0.0,0.0,0.0,0.0,0.0,0.0,0.0,0.0,0.0,0.0,0.0,-0.540440544304922,0.0,0.6931471805599453,0.0,0.0,0.0,0.0,0.0,0.0,0.0,0.0,0.0,0.0,0.0,0.0
7.301029995663981,1.1925144413116917,CC(C)C[C@@H]1NC(=O)[C@@H]2CCCN2C(=O)[C@H](Cc2c[nH]c3ccc(F)cc23)NC(=O)[C@H](Cc2c[nH]c3ccc(F)cc23)NC(=O)CNC(=O)[C@H](CCCCN)NC(=O)CCSCc2cccc(c2)CSC[C@@H](C(N)=O)NC(=O)[C@]2(C)CCCN2C(=O)[C@H](Cc2ccc(O)cc2)NC1=O,0.0,0.0,0.0,0.0,0.0,0.0,0.0,0.0,0.0,0.0,0.0,0.0,0.0,0.0,0.0,0.0,0.0,0.0,0.0,0.0,0.0,0.0,0.0,0.0,0.0,0.0,0.0,0.0,0.0,0.0,0.0,0.0,0.0,0.0,0.0,0.0,0.0,0.0,0.0,-0.103284415829272,-0.11409803753512811,0.0,0.0,0.0,0.0,0.0,0.0,0.0,0.0,0.0,-0.39436621504011576,0.0,0.0,0.0,0.0,0.0,0.0,0.0,0.0,0.0,0.0,0.0,0.0,0.0,0.0,0.0,0.0,0.0,0.0,0.0,0.0,0.0,0.0,0.0,0.0,0.0,0.0,0.0,0.0,0.0,0.0,0.0,-0.6931471805599453,0.0,0.0,0.0,0.0,0.0,-0.6931471805599453,0.0,0.0,0.0,0.0,0.0,0.0,0.0,0.0,0.0,0.0,0.0,0.0,0.0,0.0,0.0,0.0,0.0,0.0,0.0,0.0,0.0,0.0,0.0,0.0,0.0,0.0,0.0,0.0,0.0,0.0,0.0,0.0,0.0,0.0,0.0,0.0,0.0,0.0,0.0,0.0,0.6931471805599453,0.0,0.0,0.0,0.0,0.0,0.0,0.0,0.0,0.0,0.0,0.0,0.0,0.0,0.0,0.0,0.0,0.0,0.0,0.0,0.0,0.0,0.0,0.0,0.0,0.0,0.0,0.0,0.0,0.0,0.0,0.0,0.0,0.0,0.0,0.0,0.0,0.0,0.0,0.0,0.0,0.0,0.14001323022671278,0.0,0.0,0.0,0.0,0.0,-0.4450742462032102,0.0,0.0,0.0,0.0,0.0,0.0,0.0,0.0
7.301029995663981,1.1925144413116917,C[C@H]1NC(=O)[C@H](CCCCN)NC(=O)CCSCc2cccc(c2)CSC[C@@H](C(N)=O)NC(=O)[C@]2(C)CCCN2C(=O)[C@H](Cc2ccc(O)cc2)NC(=O)C(C)(C)NC(=O)[C@@H]2CCCN2C(=O)[C@H](Cc2c[nH]c3ccc(F)cc23)NC(=O)[C@H](Cc2c[nH]c3ccc(F)cc23)NC1=O,0.0,0.0,0.0,0.0,0.0,0.0,0.0,0.0,0.0,0.0,0.0,0.0,0.0,0.0,0.0,0.0,0.0,0.0,0.0,0.0,0.0,0.0,0.0,0.0,0.0,0.0,0.0,0.0,0.0,0.0,0.0,0.0,0.0,0.0,0.0,0.0,0.0,0.0,0.0,-0.103284415829272,-0.11409803753512811,0.0,0.0,0.0,0.0,0.0,0.0,0.0,0.0,0.0,-0.4120657921395165,0.0,0.0,0.0,0.0,0.0,0.0,0.0,0.0,0.0,0.0,0.0,0.0,0.0,0.0,0.0,0.0,0.0,0.0,0.0,0.0,0.0,0.0,0.0,0.0,0.0,0.0,0.0,0.0,0.0,0.0,0.0,-0.6931471805599453,0.0,0.0,0.0,0.0,0.0,-0.6931471805599453,0.0,0.0,0.0,0.0,0.0,0.0,0.0,0.0,0.0,0.0,0.0,0.0,0.0,0.0,0.0,0.0,0.0,0.0,0.0,0.0,0.0,0.0,0.0,0.0,0.0,0.0,0.0,0.0,0.0,0.0,0.0,0.0,0.0,0.0,0.0,0.0,0.0,0.0,0.0,0.0,0.6931471805599453,0.0,0.0,0.0,0.0,0.0,0.0,0.0,0.0,0.0,0.0,0.0,0.0,0.0,0.0,0.0,0.0,0.0,0.0,0.0,0.0,0.0,0.0,0.0,0.0,0.0,0.0,0.0,0.0,0.0,0.0,0.0,0.0,0.0,0.0,0.0,0.0,0.0,0.0,0.0,0.0,0.0,0.20800057121164678,0.0,0.0,0.0,0.0,0.0,-0.4831740924354806,0.0,0.0,0.0,0.0,0.0,0.0,0.0,0.0
6.150514997831991,0.2973629040733618,CC[C@H](C)[C@@H]1NC(=O)[C@@H]2CCCN2C(=O)[C@H](Cc2c[nH]c3ccc(F)cc23)NC(=O)[C@H](Cc2c[nH]c3ccc(F)cc23)NC(=O)CNC(=O)[C@H](CCCCN)NC(=O)CCSCc2cccc(c2)CSC[C@@H](C(N)=O)NC(=O)[C@]2(C)CCCN2C(=O)[C@H](Cc2ccc(O)cc2)NC1=O,0.0,0.0,0.0,0.0,0.0,0.0,0.0,0.0,0.0,0.0,0.0,0.0,0.0,0.0,0.0,0.0,0.0,0.0,0.0,0.0,0.0,0.0,0.0,0.0,0.0,0.0,0.0,0.0,0.0,0.0,0.0,0.0,0.0,0.0,0.0,0.0,0.0,0.0,0.0,-0.103284415829272,-0.11409803753512811,0.0,0.0,0.0,0.0,0.0,0.0,0.0,0.0,0.0,-0.40767018066647837,0.0,0.0,0.0,0.0,0.0,0.0,0.0,0.0,0.0,0.0,0.0,0.0,0.0,0.0,0.0,0.0,0.0,0.0,0.0,0.0,0.0,0.0,0.0,0.0,0.0,0.0,0.0,0.0,0.0,0.0,0.0,-0.6931471805599453,0.0,0.0,0.0,0.0,0.0,-0.6931471805599453,0.0,0.0,0.0,0.0,0.0,0.0,0.0,0.0,0.0,0.0,0.0,0.0,0.0,0.0,0.0,0.0,0.0,0.0,0.0,0.0,0.0,0.0,0.0,0.0,0.0,0.0,0.0,0.6931471805599453,0.0,0.0,0.0,0.0,0.0,0.0,0.0,0.0,0.0,0.0,0.0,0.0,0.6931471805599453,0.0,0.0,0.0,0.0,0.0,0.0,0.0,0.0,0.0,0.0,0.0,0.0,0.0,0.0,0.0,0.0,0.0,0.0,0.0,0.0,0.0,0.0,0.0,0.0,0.0,0.0,0.0,0.0,0.0,0.0,0.0,0.0,0.0,0.0,0.0,0.0,0.0,0.0,0.0,0.0,0.0,0.19856653897828705,0.0,0.0,0.0,0.0,0.0,-0.47378435208564157,0.0,0.0,0.0,0.0,0.0,0.0,0.0,0.0
7.301029995663981,1.1925144413116917,CC[C@H](C)[C@@H]1NC(=O)[C@@H]2CCCN2C(=O)[C@H](Cc2c[nH]c3ccc(F)cc23)NC(=O)[C@H](Cc2c[nH]c3ccc(F)cc23)NC(=O)[C@@H](C)NC(=O)[C@H](CCCCN)NC(=O)CCSCc2cccc(c2)CSC[C@@H](C(N)=O)NC(=O)[C@]2(C)CCCN2C(=O)[C@H](Cc2ccc(OC)cc2)NC1=O,0.0,0.0,0.0,0.0,0.0,0.0,0.0,0.0,0.0,0.0,0.0,0.0,0.0,0.0,0.0,0.0,0.0,0.0,0.0,0.0,0.0,0.0,0.0,0.0,0.0,0.0,0.0,0.0,0.0,0.0,0.0,0.0,0.0,0.0,0.0,0.0,0.0,0.0,0.0,-0.103284415829272,-0.11409803753512811,0.0,0.0,0.0,0.0,0.0,0.0,0.0,0.0,0.0,-0.4142563735193351,0.0,0.0,0.0,0.0,0.0,0.0,0.0,0.0,0.0,0.0,0.0,0.0,0.0,0.0,0.0,0.0,0.0,0.0,0.0,0.0,0.0,0.0,0.0,0.0,0.0,0.0,0.0,0.0,0.0,0.0,0.0,-0.6931471805599453,0.0,0.0,0.0,0.0,0.0,-0.6931471805599453,0.0,0.0,0.0,0.0,0.0,0.0,0.0,0.0,0.0,0.0,0.0,0.0,0.0,0.0,0.0,0.0,0.0,0.0,0.0,0.0,0.0,0.0,0.0,0.0,0.0,0.0,0.0,0.6931471805599453,0.0,0.0,0.0,0.0,0.0,0.0,0.0,0.0,0.0,0.0,0.0,0.0,0.6931471805599453,0.0,0.0,0.0,0.0,0.0,0.0,0.0,0.0,0.0,0.0,0.0,0.0,0.0,0.0,0.0,0.0,0.0,0.0,0.0,0.0,0.0,0.0,0.0,0.0,0.0,0.0,0.0,0.0,0.0,0.0,0.0,0.0,0.0,0.0,0.0,0.0,0.0,0.0,0.0,0.0,0.0,0.16971838464062974,0.0,0.0,0.0,0.0,0.0,-0.4450742462032102,0.0,0.0,0.0,0.0,0.0,0.0,0.0,0.0
6.150514997831991,0.2973629040733618,CC[C@H](C)[C@@H]1NC(=O)[C@@H]2CCCN2C(=O)[C@H](Cc2c[nH]c3ccc(F)cc23)NC(=O)[C@H](Cc2c[nH]c3ccc(F)cc23)NC(=O)[C@@H](C)NC(=O)[C@H](CCCCN)NC(=O)CCSCc2cc(F)cc(c2)CSC[C@@H](C(N)=O)NC(=O)[C@]2(C)CCCN2C(=O)[C@H](Cc2ccc(OC)cc2)NC1=O,0.0,0.0,0.0,0.0,0.0,0.0,0.0,0.0,0.0,0.0,0.0,0.0,0.0,0.0,0.0,0.0,0.0,0.0,0.0,0.0,0.0,0.0,0.0,0.0,0.0,0.0,0.0,0.0,0.0,0.0,0.0,0.0,0.0,0.0,0.0,0.0,0.0,0.0,0.0,-0.103284415829272,-0.11409803753512811,0.0,0.0,0.0,0.0,0.0,0.0,0.0,0.0,0.0,-0.4120657921395165,0.0,0.0,0.0,0.0,0.0,0.0,0.0,0.0,0.0,0.0,0.0,0.0,0.0,0.0,0.0,0.0,0.0,0.0,0.0,0.0,0.0,0.0,0.0,0.0,0.0,0.0,0.0,0.0,0.0,0.0,0.0,-0.6931471805599453,0.0,0.0,0.0,0.0,0.0,-0.6931471805599453,0.0,0.0,0.0,0.0,0.0,0.0,0.0,0.0,0.0,0.0,0.0,0.0,0.0,0.0,0.0,0.0,0.0,0.0,0.0,0.0,0.0,0.0,0.0,0.0,0.0,0.0,0.0,0.6931471805599453,0.0,0.0,0.0,0.0,0.0,0.0,0.0,0.0,0.0,0.0,0.0,0.0,0.6931471805599453,0.0,0.0,0.0,0.0,0.0,0.0,0.0,0.0,0.0,0.0,0.0,0.0,0.0,0.0,0.0,0.0,0.0,0.0,0.0,0.0,0.0,0.0,0.0,0.0,0.0,0.0,0.0,0.0,0.0,0.0,0.0,0.0,0.0,0.0,0.0,0.0,0.0,0.0,0.0,0.0,0.0,-0.31476854663735315,0.0,0.0,0.0,0.0,0.0,-0.34294475112683037,0.0,0.0,0.0,0.0,0.0,0.0,0.0,0.0
6.150514997831991,0.2973629040733618,COc1ccc(C[C@@H]2NC(=O)[C@H](C(C)C)NC(=O)[C@@H]3CCCN3C(=O)[C@H](Cc3c[nH]c4ccc(F)cc34)NC(=O)[C@H](Cc3c[nH]c4ccc(F)cc34)NC(=O)[C@@H](C)NC(=O)[C@H](CCCCN)NC(=O)CCSCc3cccc(c3)CSC[C@@H](C(N)=O)NC(=O)[C@]3(C)CCCN3C2=O)cc1,0.0,0.0,0.0,0.0,0.0,0.0,0.0,0.0,0.0,0.0,0.0,0.0,0.0,0.0,0.0,0.0,0.0,0.0,0.0,0.0,0.0,0.0,0.0,0.0,0.0,0.0,0.0,0.0,0.0,0.0,0.0,0.0,0.0,0.0,0.0,0.0,0.0,0.0,0.0,-0.103284415829272,-0.11409803753512811,0.0,0.0,0.0,0.0,0.0,0.0,0.0,0.0,0.0,-0.4142563735193351,0.0,0.0,0.0,0.0,0.0,0.0,0.0,0.0,0.0,0.0,0.0,0.0,0.0,0.0,0.0,0.0,0.0,0.0,0.0,0.0,0.0,0.0,0.0,0.0,0.0,0.0,0.0,0.0,0.0,0.0,0.0,-0.6931471805599453,0.0,0.0,0.0,0.0,0.0,-0.6931471805599453,0.0,0.0,0.0,0.0,0.0,0.0,0.0,0.0,0.0,0.0,0.0,0.0,0.0,0.0,0.0,0.0,0.0,0.0,0.0,0.0,0.0,0.0,0.0,0.0,0.0,0.0,0.0,0.0,0.0,0.0,0.0,0.0,0.0,0.0,0.0,0.0,0.0,0.0,0.0,0.0,0.6931471805599453,0.0,0.0,0.0,0.0,0.0,0.0,0.0,0.0,0.0,0.0,0.0,0.0,0.0,0.0,0.0,0.0,0.0,0.0,0.0,0.0,0.0,0.0,0.0,0.0,0.0,0.0,0.0,0.0,0.0,0.0,0.0,0.0,0.0,0.0,0.0,0.0,0.0,0.0,0.0,0.0,0.0,0.24487110701997458,0.0,0.0,0.0,0.0,0.0,-0.3953127366441464,0.0,0.0,0.0,0.0,0.0,0.0,0.0,0.0
7.301029995663981,1.1925144413116917,COc1ccc(C[C@@H]2NC(=O)[C@H](C(C)C)NC(=O)[C@@H]3CCCN3C(=O)[C@H](Cc3c[nH]c4ccc(F)cc34)NC(=O)[C@H](Cc3c[nH]c4ccc(F)cc34)NC(=O)[C@@H](C)NC(=O)[C@H](CCCCN)NC(=O)CCSCc3cc(F)cc(c3)CSC[C@@H](C(N)=O)NC(=O)[C@]3(C)CCCN3C2=O)cc1,0.0,0.0,0.0,0.0,0.0,0.0,0.0,0.0,0.0,0.0,0.0,0.0,0.0,0.0,0.0,0.0,0.0,0.0,0.0,0.0,0.0,0.0,0.0,0.0,0.0,0.0,0.0,0.0,0.0,0.0,0.0,0.0,0.0,0.0,0.0,0.0,0.0,0.0,0.0,-0.103284415829272,-0.11409803753512811,0.0,0.0,0.0,0.0,0.0,0.0,0.0,0.0,0.0,-0.4120657921395165,0.0,0.0,0.0,0.0,0.0,0.0,0.0,0.0,0.0,0.0,0.0,0.0,0.0,0.0,0.0,0.0,0.0,0.0,0.0,0.0,0.0,0.0,0.0,0.0,0.0,0.0,0.0,0.0,0.0,0.0,0.0,-0.6931471805599453,0.0,0.0,0.0,0.0,0.0,-0.6931471805599453,0.0,0.0,0.0,0.0,0.0,0.0,0.0,0.0,0.0,0.0,0.0,0.0,0.0,0.0,0.0,0.0,0.0,0.0,0.0,0.0,0.0,0.0,0.0,0.0,0.0,0.0,0.0,0.0,0.0,0.0,0.0,0.0,0.0,0.0,0.0,0.0,0.0,0.0,0.0,0.0,0.6931471805599453,0.0,0.0,0.0,0.0,0.0,0.0,0.0,0.0,0.0,0.0,0.0,0.0,0.0,0.0,0.0,0.0,0.0,0.0,0.0,0.0,0.0,0.0,0.0,0.0,0.0,0.0,0.0,0.0,0.0,0.0,0.0,0.0,0.0,0.0,0.0,0.0,0.0,0.0,0.0,0.0,0.0,-0.25388017696233955,0.0,0.0,0.0,0.0,0.0,-0.2762533766281582,0.0,0.0,0.0,0.0,0.0,0.0,0.0,0.0
6.150514997831991,0.2973629040733618,C[C@@H]1NC(=O)[C@H](CC(=O)O)NC(=O)[C@H](Cc2c[nH]c3ccc(F)cc23)NC(=O)[C@H](Cc2c[nH]c3ccc(F)cc23)NC(=O)CNC(=O)[C@H](CCCCN)NC(=O)CCSCc2cccc(c2)CSC[C@@H](C(N)=O)NC(=O)[C@@H]2CCCN2C(=O)[C@H](Cc2ccc(O)cc2)NC1=O,0.0,0.0,0.0,0.0,0.0,0.0,0.0,0.0,0.0,0.0,0.0,0.0,0.0,0.0,0.0,0.0,0.0,0.0,0.0,0.0,0.0,0.0,0.0,0.0,0.0,0.0,0.0,0.0,0.0,0.0,0.0,0.0,0.0,0.0,0.0,0.0,0.0,0.0,0.0,-0.103284415829272,-0.11409803753512811,0.0,0.0,0.0,0.0,0.0,0.0,0.0,0.0,0.0,-0.5510646669461726,0.0,0.0,0.0,0.0,0.0,0.0,0.0,0.0,0.0,0.0,0.0,0.0,0.0,0.0,0.0,0.0,0.0,0.0,0.0,0.0,0.0,0.0,0.0,0.0,0.0,0.0,0.0,0.0,0.0,0.0,0.0,-0.6931471805599453,0.0,0.0,0.0,0.0,0.0,0.0,0.0,0.0,0.0,0.0,0.0,0.0,0.0,0.0,0.0,0.0,0.0,0.0,0.0,0.0,0.0,0.0,0.0,0.0,0.0,0.0,0.0,0.0,0.0,0.0,0.0,0.0,0.0,0.0,0.0,0.0,0.0,0.0,0.0,0.0,0.0,0.0,0.0,0.0,0.0,0.0,0.6931471805599453,0.0,0.0,0.0,0.0,0.0,0.0,0.0,0.0,0.0,0.0,0.0,0.0,0.0,0.0,0.0,0.0,0.0,0.0,0.0,0.0,0.0,0.0,0.0,0.0,0.0,0.0,0.0,0.0,0.0,0.0,0.0,0.0,0.0,0.0,0.0,0.0,0.0,0.0,0.0,0.0,0.0,0.21734643362988343,0.0,0.0,0.0,0.0,0.0,0.16705408466316618,0.0,0.0,0.0,0.0,0.0,0.0,0.0,0.0
6.259637310505756,1.1925144413116917,C[C@@H](O)[C@@H]1NC(=O)[C@@H]2CCCN2C(=O)[C@H](Cc2c[nH]c3ccc(F)cc23)NC(=O)[C@H](Cc2c[nH]c3ccc(F)cc23)NC(=O)CNC(=O)[C@H](CCCCN)NC(=O)CCSCc2cccc(c2)CSC[C@@H](C(N)=O)NC(=O)[C@]2(C)CCCN2C(=O)[C@H](Cc2ccc(O)cc2)NC1=O,0.0,0.0,0.0,0.0,0.0,0.0,0.0,0.0,0.0,0.0,0.0,0.0,0.0,0.0,0.0,0.0,0.0,0.0,0.0,0.0,0.0,0.0,0.0,0.0,0.0,0.0,0.0,0.0,0.0,0.0,0.0,0.0,0.0,0.0,0.0,0.0,0.0,0.0,0.0,-0.103284415829272,-0.11409803753512811,0.0,0.0,0.0,0.0,0.0,0.0,0.0,0.0,0.0,-0.3898919346451946,0.0,0.0,0.0,0.0,0.0,0.0,0.0,0.0,0.0,0.0,0.0,0.0,0.0,0.0,0.0,0.0,0.0,0.0,0.0,0.0,0.0,0.0,0.0,0.0,0.0,0.0,0.0,0.0,0.0,0.0,0.0,0.0,0.0,0.0,0.0,0.0,0.0,-0.6931471805599453,0.0,0.0,0.0,0.0,0.0,0.0,0.0,0.0,0.0,0.0,0.0,0.0,0.0,0.0,0.0,0.0,0.0,0.0,0.0,0.0,0.0,0.0,0.0,0.0,0.0,0.0,0.0,0.0,0.0,0.0,0.0,0.0,0.0,0.0,0.0,0.0,0.0,0.0,0.0,0.0,0.6931471805599453,0.0,0.0,0.0,0.0,0.0,0.0,0.0,0.0,0.0,0.0,0.0,0.0,0.0,0.0,0.0,0.0,0.0,0.0,0.0,0.0,0.0,0.0,0.0,0.0,0.0,0.0,0.0,0.0,0.0,0.0,0.0,0.0,0.0,0.0,0.0,0.0,0.0,0.0,0.0,0.0,0.0,0.26280880770664194,0.0,0.0,0.0,0.0,0.0,-0.4155154439616658,0.0,0.0,0.0,0.0,0.0,0.0,0.0,0.0
5.183758700008217,1.1925144413116917,C[C@H]1C(=O)N(C)[C@@H](Cc2ccc(O)cc2)C(=O)N2CCC[C@H]2C(=O)N[C@H](C(N)=O)CSCc2cccc(c2)CSCCC(=O)N[C@@H](CCCCN)C(=O)N(C)CC(=O)N(C)[C@@H](Cc2c[nH]c3ccccc23)C(=O)N[C@@H](Cc2c[nH]c3ccccc23)C(=O)N[C@@H](CC(=O)O)C(=O)N1C,0.0,0.0,0.0,0.0,0.0,0.0,0.0,0.0,0.0,0.0,0.0,0.0,0.0,0.0,0.0,0.0,0.0,0.0,0.0,0.0,0.0,0.0,0.0,0.0,0.0,0.0,0.0,0.0,0.0,0.0,0.0,0.0,0.0,0.0,0.0,0.0,0.0,0.0,0.0,-0.103284415829272,-0.11409803753512811,0.0,0.0,0.0,0.0,0.0,0.0,0.0,0.0,0.0,-0.5866823025590661,0.0,0.0,0.0,0.0,0.0,0.0,0.0,0.0,0.0,0.0,0.0,0.0,0.0,0.0,0.0,0.0,0.0,0.0,0.0,0.0,0.0,0.0,0.0,0.0,0.0,0.0,0.0,0.0,0.0,0.0,0.0,-0.6931471805599453,0.0,0.0,0.0,0.0,0.0,0.0,0.0,0.0,0.0,0.0,0.0,0.0,0.0,0.0,0.0,0.0,0.0,0.0,0.0,0.0,0.0,0.0,0.0,0.0,0.6931471805599453,0.0,0.0,0.0,0.0,0.0,0.0,0.0,0.0,0.0,0.0,0.0,0.0,0.0,0.0,0.0,0.0,0.0,0.0,0.0,0.0,0.0,0.6931471805599453,0.0,0.0,0.0,0.0,0.0,0.0,0.0,0.0,0.0,0.0,0.0,0.0,0.0,0.0,0.0,0.0,0.0,0.0,0.0,0.0,0.0,0.0,0.0,0.0,0.0,0.0,0.0,0.0,0.0,0.0,0.0,0.0,0.0,0.0,0.0,0.0,0.0,0.0,0.0,0.0,0.0,1.125229829668067,0.0,0.0,0.0,0.0,0.0,-0.9694005571881028,0.0,0.0,0.0,0.0,0.0,0.0,0.0,0.0
6.150514997831991,0.2973629040733618,CO[C@@H](C)[C@@H]1NC(=O)[C@@H]2CCCN2C(=O)[C@H](Cc2c[nH]c3ccc(F)cc23)NC(=O)[C@H](Cc2c[nH]c3ccc(F)cc23)NC(=O)CNC(=O)[C@H](CCCCN)NC(=O)CCSCc2cccc(c2)CSC[C@@H](C(N)=O)NC(=O)[C@]2(C)CCCN2C(=O)[C@H](Cc2ccc(O)cc2)NC1=O,0.0,0.0,0.0,0.0,0.0,0.0,0.0,0.0,0.0,0.0,0.0,0.0,0.0,0.0,0.0,0.0,0.0,0.0,0.0,0.0,0.0,0.0,0.0,0.0,0.0,0.0,0.0,0.0,0.0,0.0,0.0,0.0,0.0,0.0,0.0,0.0,0.0,0.0,0.0,-0.103284415829272,-0.11409803753512811,0.0,0.0,0.0,0.0,0.0,0.0,0.0,0.0,0.0,-0.3921315772386994,0.0,0.0,0.0,0.0,0.0,0.0,0.0,0.0,0.0,0.0,0.0,0.0,0.0,0.0,0.0,0.0,0.0,0.0,0.0,0.0,0.0,0.0,0.0,0.0,0.0,0.0,0.0,0.0,0.0,0.0,0.0,0.0,0.0,0.0,0.0,0.0,0.0,-0.6931471805599453,0.0,0.0,0.0,0.0,0.0,0.0,0.0,0.0,0.0,0.0,0.0,0.0,0.0,0.0,0.0,0.0,0.0,0.0,0.0,0.0,0.0,0.0,0.0,0.0,0.0,0.0,0.0,0.0,0.0,0.0,0.0,0.0,0.0,0.0,0.0,0.0,0.0,0.0,0.0,0.0,0.6931471805599453,0.0,0.0,0.0,0.0,0.0,0.0,0.0,0.0,0.0,0.0,0.0,0.0,0.0,0.0,0.0,0.0,0.0,0.0,0.0,0.0,0.0,0.0,0.0,0.0,0.0,0.0,0.0,0.0,0.0,0.0,0.0,0.0,0.0,0.0,0.0,0.0,0.0,0.0,0.0,0.0,0.0,0.1890426574670326,0.0,0.0,0.0,0.0,0.0,-0.3321338350226148,0.0,0.0,0.0,0.0,0.0,0.0,0.0,0.0
6.150514997831991,0.2973629040733618,C[C@@]12CCCN1C(=O)[C@H](Cc1ccc(O)cc1)NC(=O)[C@H](C1(O)CC1)NC(=O)[C@@H]1CCCN1C(=O)[C@H](Cc1c[nH]c3ccc(F)cc13)NC(=O)[C@H](Cc1c[nH]c3ccc(F)cc13)NC(=O)CNC(=O)[C@H](CCCCN)NC(=O)CCSCc1cccc(c1)CSC[C@@H](C(N)=O)NC2=O,0.0,0.0,0.0,0.0,0.0,0.0,0.0,0.0,0.0,0.0,0.0,0.0,0.0,0.0,0.0,0.0,0.0,0.0,0.0,0.0,0.0,0.0,0.0,0.0,0.0,0.6931471805599453,0.0,0.0,0.0,0.0,0.0,0.0,0.0,0.0,0.0,0.0,0.0,0.0,0.0,-0.103284415829272,-0.11409803753512811,0.0,0.0,0.0,0.0,0.0,0.0,0.0,0.0,0.0,-0.4054651081081646,0.0,0.0,0.0,0.0,0.0,0.0,0.0,0.0,0.0,0.0,0.0,0.0,0.0,0.0,0.0,0.0,0.0,0.0,0.0,0.0,0.0,0.0,0.0,0.0,0.0,0.0,0.0,0.0,0.0,0.0,0.0,0.0,0.0,0.0,0.0,0.0,0.0,-0.6931471805599453,0.0,0.0,0.0,0.0,0.0,0.0,0.0,0.0,0.0,0.0,0.0,0.0,0.0,0.0,0.0,0.0,0.0,0.0,0.0,0.0,0.0,0.0,0.0,0.0,0.0,0.0,0.0,0.0,0.0,0.0,0.0,0.0,0.0,0.0,0.0,0.0,0.0,0.0,0.0,0.0,0.6931471805599453,0.0,0.0,0.0,0.0,0.0,0.0,0.0,0.0,0.0,0.0,0.0,0.0,0.0,0.0,0.0,0.0,0.0,0.0,0.0,0.0,0.0,0.0,0.0,0.0,0.0,0.0,0.0,0.0,0.0,0.0,0.0,0.0,0.0,0.0,0.0,0.0,0.0,0.0,0.0,0.0,0.0,0.23578013531872155,0.0,0.0,0.0,0.0,0.0,-0.5725191927713306,0.0,0.0,0.0,0.0,0.0,0.0,0.0,0.0
6.259637310505756,1.1925144413116917,COc1ccc(C[C@@H]2NC(=O)[C@H]([C@@H](C)O)NC(=O)[C@]3(C)CCCN3C(=O)[C@H](Cc3c[nH]c4ccc(F)cc34)NC(=O)[C@H](Cc3c[nH]c4ccc(F)cc34)NC(=O)[C@@H](C)NC(=O)[C@H](CCCCN)NC(=O)CCSCc3cccc(c3)CSCCNC(=O)[C@]3(C)CCCN3C2=O)cc1,0.0,0.0,0.0,0.0,0.0,0.0,0.0,0.0,0.0,0.0,0.0,0.0,0.0,0.0,0.0,0.0,0.0,0.0,0.0,0.0,0.0,0.0,0.0,0.0,0.0,0.0,0.0,0.0,0.0,0.0,0.0,0.0,0.0,0.0,0.0,0.0,0.0,0.0,0.0,-0.103284415829272,-0.11409803753512811,0.0,0.0,0.0,0.0,0.0,0.0,0.0,0.0,0.0,-0.37861785807197657,0.0,0.0,0.0,0.0,0.0,0.0,0.0,0.0,0.0,0.0,0.0,0.0,0.0,0.0,0.0,0.0,0.0,0.0,0.0,0.0,0.0,0.0,0.0,0.0,0.0,0.0,0.0,0.0,0.0,0.0,0.0,0.0,0.0,0.0,0.0,0.0,0.0,-0.6931471805599453,0.0,0.0,0.0,0.0,0.0,0.0,0.0,0.0,0.0,0.0,0.0,0.0,0.0,0.0,0.0,0.0,0.0,0.0,0.0,0.0,0.0,0.0,0.0,0.0,0.0,0.0,0.0,0.0,0.0,0.0,0.0,0.0,0.0,0.0,0.0,0.0,0.0,0.0,0.0,0.0,0.0,0.0,0.0,0.0,0.0,0.0,0.0,0.0,0.0,0.0,0.0,0.0,0.0,0.0,0.0,0.0,0.0,0.0,0.0,0.0,0.0,0.0,0.0,0.0,0.0,0.0,0.0,0.0,0.0,0.0,0.0,0.0,0.0,0.0,0.0,0.0,0.0,0.0,0.0,0.0,0.0,0.0,0.06706423058054609,0.0,0.0,0.0,0.0,0.0,-0.4254657748148339,0.0,0.0,0.0,0.0,0.0,0.0,0.0,0.0
6.259637310505756,1.1925144413116917,C[C@H]1NC(=O)[C@H](Cc2c[nH]c3ccc(F)cc23)NC(=O)[C@H](Cc2c[nH]c3ccc(F)cc23)NC(=O)CNC(=O)[C@H](CCCCN)NC(=O)CCSCc2cccc(c2)CSC[C@@H](C(N)=O)NC(=O)[C@]2(C)CCCN2C(=O)[C@H](Cc2ccc(O)cc2)NC(=O)[C@H](Cc2cnc[nH]2)NC1=O,0.0,0.0,0.0,0.0,0.0,0.0,0.0,0.0,0.0,0.0,0.0,0.0,0.0,0.0,0.0,0.0,0.0,0.0,0.0,0.0,0.0,0.0,0.0,0.0,0.0,0.0,0.0,0.0,0.0,0.0,0.0,0.0,0.0,0.0,0.0,0.0,0.0,0.0,0.0,-0.103284415829272,-0.11409803753512811,0.0,0.0,0.0,0.0,0.0,0.0,0.0,0.0,0.0,-0.3533581913127387,0.0,0.0,0.0,0.0,0.0,0.0,0.0,0.0,0.0,0.0,0.0,0.0,0.0,0.0,0.0,0.0,0.0,0.0,0.0,0.0,0.0,0.0,0.0,0.0,0.0,0.0,0.0,0.0,0.0,0.0,0.0,-0.6931471805599453,0.0,0.0,0.0,0.0,0.0,-0.6931471805599453,0.0,0.0,0.0,0.0,0.0,0.0,0.0,0.0,0.0,0.0,0.0,0.0,0.0,0.0,0.0,0.0,0.0,0.0,0.0,0.0,0.0,0.0,0.0,0.0,0.0,0.0,0.0,0.0,0.0,0.0,0.0,0.0,0.0,0.0,0.0,0.0,0.0,0.0,0.0,0.0,0.6931471805599453,0.0,0.0,0.0,0.0,0.0,0.0,0.0,0.0,0.0,0.0,0.0,0.0,0.0,0.0,0.0,0.0,0.0,0.0,0.0,0.0,0.0,0.0,0.0,0.0,0.0,0.0,0.0,0.0,0.0,0.0,0.0,0.0,0.0,0.0,0.0,0.0,0.0,0.0,0.0,0.0,0.0,0.2716584229836235,0.0,0.0,0.0,0.0,0.0,0.15415067982725827,0.0,0.0,0.0,0.0,0.0,0.0,0.0,0.0
5.183758700008217,1.1925144413116917,C[C@H]1NC(=O)[C@H](CC(=O)O)NC(=O)[C@H](Cc2c[nH]c3ccc(F)cc23)NC(=O)[C@H](Cc2c[nH]c3ccc(F)cc23)NC(=O)CNC(=O)[C@H](CCCCN)NC(=O)CCSCc2cccc(c2)CSC[C@@H](C(N)=O)NC(=O)[C@]2(C)CCCN2C(=O)[C@H](Cc2ccc(O)cc2)NC1=O,0.0,0.0,0.0,0.0,0.0,0.0,0.0,0.0,0.0,0.0,0.0,0.0,0.0,0.0,0.0,0.0,0.0,0.0,0.0,0.0,0.0,0.0,0.0,0.0,0.0,0.0,0.0,0.0,0.0,0.0,0.0,0.0,0.0,0.0,0.0,0.0,0.0,0.0,0.0,-0.103284415829272,-0.11409803753512811,0.0,0.0,0.0,0.0,0.0,0.0,0.0,0.0,0.0,-0.3486961782069273,0.0,0.0,0.0,0.0,0.0,0.0,0.0,0.0,0.0,0.0,0.0,0.0,0.0,0.0,0.0,0.0,0.0,0.0,0.0,0.0,0.0,0.0,0.0,0.0,0.0,0.0,0.0,0.0,0.0,0.0,0.0,-0.6931471805599453,0.0,0.0,0.0,0.0,0.0,0.0,0.0,0.0,0.0,0.0,0.0,0.0,0.0,0.0,0.0,0.0,0.0,0.0,0.0,0.0,0.0,0.0,0.0,0.0,0.0,0.0,0.0,0.0,0.0,0.0,0.0,0.0,0.0,0.0,0.0,0.0,0.0,0.0,0.0,0.0,0.0,0.0,0.0,0.0,0.0,0.0,0.6931471805599453,0.0,0.0,0.0,0.0,0.0,0.0,0.0,0.0,0.0,0.0,0.0,0.0,0.0,0.0,0.0,0.0,0.0,0.0,0.0,0.0,0.0,0.0,0.0,0.0,0.0,0.0,0.0,0.0,0.0,0.0,0.0,0.0,0.0,0.0,0.0,0.0,0.0,0.0,0.0,0.0,0.0,0.1890426574670326,0.0,0.0,0.0,0.0,0.0,0.029852963149681156,0.0,0.0,0.0,0.0,0.0,0.0,0.0,0.0
7.301029995663981,1.1925144413116917,COc1ccc(C[C@@H]2NC(=O)[C@H](Cc3ccc(OC)cc3)NC(=O)[C@@H](CC(C)C)NC(=O)[C@H]([C@@H](C)OC)NC(=O)CCSCc3cccc(c3)CSC[C@@H](C(N)=O)NC(=O)[C@@H]3CCCN3C(=O)[C@H](Cc3ccc(OC)cc3)NC(=O)[C@H](Cc3ccc(OC)cc3)NC(=O)[C@H](CC(C)C)NC2=O)cc1,1.4186689128076773,0.0,0.0,0.0,0.0,0.0,0.0,0.0,0.0,0.0,0.0,0.0,0.0,0.0,0.0,0.0,0.0,0.0,0.0,-1.6654811635096367,0.0,0.0,0.0,0.0,0.0,0.0,0.0,0.0,0.0,0.0,0.0,0.0,0.0,0.0,0.0,0.0,0.0,0.0,0.0,-0.103284415829272,-0.11409803753512811,0.0,0.0,0.0,0.0,0.0,0.0,0.0,0.0,0.0,-0.5278976076646383,0.0,0.0,0.0,0.0,0.0,0.0,0.0,0.0,0.0,0.0,0.0,0.0,-0.6931471805599453,0.0,0.0,0.0,0.0,0.0,0.0,0.0,0.0,0.0,0.0,0.0,0.0,0.0,0.0,0.0,0.0,-0.6931471805599453,-0.6931471805599453,0.0,0.0,0.0,0.0,0.0,0.0,-0.6931471805599453,0.0,0.0,0.0,0.0,0.0,0.0,0.0,0.0,0.0,0.0,0.0,0.0,0.0,0.0,0.0,0.0,0.0,0.0,0.0,0.0,0.0,0.0,0.0,0.0,-0.6931471805599453,0.0,0.0,0.0,0.0,0.0,0.0,0.0,0.0,0.0,0.0,0.0,0.0,0.0,0.0,0.0,0.6931471805599453,0.0,0.0,0.0,0.0,0.0,0.0,0.0,0.0,0.0,0.0,0.0,0.0,0.0,0.0,0.0,0.0,0.0,0.0,0.0,0.0,0.0,0.0,0.0,0.0,0.0,0.0,0.0,0.0,0.0,0.0,0.0,0.0,0.0,0.0,0.0,0.0,0.0,0.0,0.0,0.0,0.0,0.011494379425736414,0.0,0.0,0.0,0.0,0.0,0.5978370007556204,0.0,0.0,0.0,0.0,0.0,0.0,0.0,0.0
7.301029995663981,1.1925144413116917,COc1ccc(C[C@@H]2NC(=O)[C@@H](CC(C)C)NC(=O)[C@H]([C@@H](C)OC)NC(=O)CCSCc3cccc(c3)CSC[C@@H](C(N)=O)NC(=O)[C@]3(C)CCCN3C(=O)[C@H](Cc3ccc(OC)cc3)NC(=O)[C@H]([C@@H](C)OC)NC(=O)[C@H](CC(C)C)N(C)C(=O)[C@H](Cc3ccc(OC)cc3)NC2=O)cc1,1.1274409802387377,0.0,0.0,0.0,0.0,0.0,0.0,0.0,0.0,0.0,0.0,0.0,0.0,0.0,0.0,0.0,0.0,0.0,0.0,-1.6654811635096367,0.0,0.0,0.0,0.0,0.0,0.0,0.0,0.0,0.0,0.0,0.0,0.0,0.0,0.0,0.0,0.0,0.0,0.0,0.0,-0.103284415829272,-0.11409803753512811,0.0,0.0,0.0,0.0,0.0,0.0,0.0,0.0,0.0,-0.3556810727288783,0.0,0.0,0.0,0.0,0.0,0.0,0.0,0.0,0.0,0.0,0.0,0.0,-0.6931471805599453,0.0,0.0,0.0,0.0,0.0,0.0,0.0,0.0,0.0,0.0,0.0,0.0,0.0,0.0,0.0,0.0,0.0,-0.6931471805599453,0.0,0.0,0.0,0.0,0.0,0.0,-0.6931471805599453,0.0,0.0,0.0,0.0,0.0,0.0,0.0,0.0,0.0,0.0,0.0,0.0,0.0,0.0,0.0,0.0,0.0,0.0,0.0,0.0,0.0,0.0,0.0,0.0,-0.6931471805599453,0.0,0.0,0.0,0.0,0.0,0.0,0.0,0.0,0.0,0.0,0.0,0.0,0.0,0.0,0.0,0.6931471805599453,0.0,0.0,0.0,0.0,0.0,0.0,0.0,0.0,0.0,0.0,0.0,0.0,0.0,0.0,0.0,0.0,0.0,0.0,0.0,0.0,0.0,0.0,0.0,0.0,0.0,0.0,0.0,0.0,0.0,0.0,0.0,0.0,0.0,0.0,0.0,0.0,0.0,0.0,0.0,0.0,0.0,0.0,0.0,0.0,0.0,0.0,0.0,0.15415067982725827,0.0,0.0,0.0,0.0,0.0,0.0,0.0,0.0
7.301029995663981,1.1925144413116917,COc1ccc(C[C@@H]2NC(=O)CCSCc3cccc(c3)CSC[C@@H](C(N)=O)NC(=O)[C@]3(C)CCCN3C(=O)[C@H](Cc3ccc(OC)cc3)NC(=O)[C@H]([C@@H](C)OC)NC(=O)[C@H](CC(C)C)N(C)C(=O)[C@H](Cc3ccc(OC)cc3)NC(=O)[C@H](Cc3ccc(OC)cc3)N(C)C(=O)[C@@H](CC(C)C)NC2=O)cc1,1.4186689128076773,0.0,0.0,0.0,0.0,0.0,0.0,0.0,0.0,0.0,0.0,0.0,0.0,0.0,0.0,0.0,0.0,0.0,0.0,-1.6654811635096367,0.0,0.0,0.0,0.0,0.0,0.0,0.0,0.0,0.0,0.0,0.0,0.0,0.0,0.0,0.0,0.0,0.0,0.0,0.0,-0.103284415829272,-0.11409803753512811,0.0,0.0,0.0,0.0,0.0,0.0,0.0,0.0,0.0,-0.38088286470282867,0.0,0.0,0.0,0.0,0.0,0.0,0.0,0.0,0.0,0.0,0.0,0.0,-0.6931471805599453,0.0,0.0,0.0,0.0,0.0,0.0,0.0,0.0,0.0,0.0,0.0,0.0,0.0,0.0,0.0,0.0,0.0,-0.6931471805599453,0.0,0.0,0.0,0.0,0.0,0.0,-0.6931471805599453,0.0,0.0,0.0,0.0,0.0,0.0,0.0,0.0,0.0,0.0,0.0,0.0,0.0,0.0,0.0,0.0,0.0,0.0,0.0,0.0,0.0,0.0,0.0,0.0,-0.6931471805599453,0.0,0.0,0.0,0.0,0.0,0.0,0.0,0.0,0.0,0.0,0.0,0.0,0.0,0.0,0.0,0.6931471805599453,0.0,0.0,0.0,0.0,0.0,0.0,0.0,0.0,0.0,0.0,0.0,0.0,0.0,0.0,0.0,0.0,0.0,0.0,0.0,0.0,0.0,0.0,0.0,0.0,0.0,0.0,0.0,0.0,0.0,0.0,0.0,0.0,0.0,0.0,0.0,0.0,0.0,0.0,0.0,0.0,0.0,0.31476854663735315,0.0,0.0,0.0,0.0,0.0,-0.015037877364540516,0.0,0.0,0.0,0.0,0.0,0.0,0.0,0.0
6.259637310505756,1.1925144413116917,COc1ccc(C[C@@H]2NC(=O)[C@@H](CC(C)C)NC(=O)[C@H](CC(C)C)NC(=O)CCSCc3cccc(c3)CSC[C@@H](C(N)=O)NC(=O)[C@]3(C)CCCN3C(=O)[C@H](Cc3ccc(OC)cc3)NC(=O)[C@H]([C@@H](C)OC)NC(=O)[C@H](CC(C)C)N(C)C(=O)[C@H](Cc3ccc(OC)cc3)NC2=O)cc1,1.1274409802387377,0.0,0.0,0.0,0.0,0.0,0.0,0.0,0.0,0.0,0.0,0.0,0.0,0.0,0.0,0.0,0.0,0.0,0.0,-1.6654811635096367,0.0,0.0,0.0,0.0,0.0,0.0,0.0,0.0,0.0,0.0,0.0,0.0,0.0,0.0,0.0,0.0,0.0,0.0,0.0,-0.103284415829272,-0.11409803753512811,0.0,0.0,0.0,0.0,0.0,0.0,0.0,0.0,0.0,-0.36261751672553544,0.0,0.0,0.0,0.0,0.0,0.0,0.0,0.0,0.0,0.0,0.0,0.0,-0.6931471805599453,0.0,0.0,0.0,0.0,0.0,0.0,0.0,0.0,0.0,0.0,0.0,0.0,0.0,0.0,0.0,0.0,0.0,-0.6931471805599453,0.0,0.0,0.0,0.0,0.0,0.0,-0.6931471805599453,0.0,0.0,0.0,0.0,0.0,0.0,0.0,0.0,0.0,0.0,0.0,0.0,0.0,0.0,0.0,0.0,0.0,0.0,0.0,0.0,0.0,0.0,0.0,0.0,-0.6931471805599453,0.0,0.0,0.0,0.0,0.0,0.0,0.0,0.0,0.0,0.0,0.0,0.0,0.0,0.0,0.0,0.6931471805599453,0.0,0.0,0.0,0.0,0.0,0.0,0.0,0.0,0.0,0.0,0.0,0.0,0.0,0.0,0.0,0.0,0.0,0.0,0.0,0.0,0.0,0.0,0.0,0.0,0.0,0.0,0.0,0.0,0.0,0.0,0.0,0.0,0.0,0.0,0.0,0.0,0.0,0.0,0.0,0.0,0.0,0.2716584229836235,0.0,0.0,0.0,0.0,0.0,-0.015037877364540516,0.0,0.0,0.0,0.0,0.0,0.0,0.0,0.0
7.301029995663981,1.1925144413116917,CCC[C@@H]1NC(=O)CCSCc2cccc(c2)CSC[C@@H](C(N)=O)NC(=O)[C@@H]2CCCN2C(=O)[C@H](Cc2ccc(OC)cc2)NC(=O)[C@H]([C@@H](C)OC)NC(=O)[C@@H]2CCCN2C(=O)[C@H](Cc2cn(C)c3ccccc23)N(C)C(=O)[C@H](Cc2ccc3ccccc3c2)NC(=O)[C@@H](CC(C)C)N(C)C1=O,0.0,0.0,0.0,0.0,0.0,0.0,0.0,0.0,0.0,0.0,0.0,0.0,0.0,0.0,0.0,0.0,0.0,0.0,0.0,-0.025335216666710954,0.0,0.0,0.0,0.0,0.0,0.0,0.0,0.0,0.0,0.0,0.0,0.0,0.0,0.0,0.0,0.0,0.0,0.0,0.0,-0.103284415829272,-0.11409803753512811,0.0,0.0,0.0,0.0,0.0,0.0,0.0,0.0,0.0,-0.6049309841474655,0.0,0.0,0.0,0.0,0.0,0.0,0.0,0.0,0.0,0.0,0.0,0.0,0.0,0.0,0.0,0.0,0.0,0.0,0.0,0.0,0.0,0.0,0.0,0.0,0.0,0.0,0.0,0.0,0.0,0.0,0.0,0.0,0.0,0.0,0.0,0.0,0.0,-0.6931471805599453,0.0,0.0,0.0,0.0,0.0,0.0,0.0,0.0,0.0,0.0,0.0,0.0,0.0,0.0,0.0,0.0,0.0,0.0,0.6931471805599453,0.0,0.0,0.0,0.0,0.0,0.0,0.0,0.0,0.0,0.0,0.0,0.0,0.0,0.0,0.0,0.0,0.0,0.0,0.0,0.0,0.0,0.6931471805599453,0.0,0.0,0.0,0.0,0.0,0.0,0.0,0.0,0.0,0.0,0.0,0.0,0.0,0.0,0.0,0.0,0.0,0.0,0.0,0.0,0.0,0.0,0.0,0.0,0.0,0.0,0.0,0.0,0.0,0.0,0.0,0.0,0.0,0.0,0.0,0.0,0.0,0.0,0.0,0.0,0.0,1.1474942001654667,0.0,0.6931471805599453,0.0,0.0,0.0,-0.751987680582878,0.0,0.0,0.0,0.0,0.0,0.0,0.0,0.0
6.150514997831991,0.2973629040733618,CCC[C@@H]1NC(=O)CCSCc2cccc(c2)CSC[C@@H](C(N)=O)NC(=O)[C@@H]2CCCN2C(=O)[C@H](Cc2ccc(OC)cc2)NC(=O)[C@H]([C@@H](C)OC)N(C)C(=O)[C@@H]2CCCN2C(=O)[C@H](Cc2cn(C)c3ccccc23)N(C)C(=O)[C@H](Cc2ccc3ccccc3c2)NC(=O)[C@@H](CC(C)C)N(C)C1=O,0.0,0.0,0.0,0.0,0.0,0.0,0.0,0.0,0.0,0.0,0.0,0.0,0.0,0.0,0.0,0.0,0.0,0.0,0.0,-0.025335216666710954,0.0,0.0,0.0,0.0,0.0,0.0,0.0,0.0,0.0,0.0,0.0,0.0,0.0,0.0,0.0,0.0,0.0,0.0,0.0,-0.103284415829272,-0.11409803753512811,0.0,0.0,0.0,0.0,0.0,0.0,0.0,0.0,0.0,-0.6085410963715651,0.0,0.0,0.0,0.0,0.0,0.0,0.0,0.0,0.0,0.0,0.0,0.0,0.0,0.0,0.0,0.0,0.0,0.0,0.0,0.0,0.0,0.0,0.0,0.0,0.0,0.0,0.0,0.0,0.0,0.0,0.0,0.0,0.0,0.0,0.0,0.0,0.0,-0.6931471805599453,0.0,0.0,0.0,0.0,0.0,0.0,0.0,0.0,0.0,0.0,0.0,0.0,0.0,0.0,0.0,0.0,0.0,0.0,0.6931471805599453,0.0,0.0,0.0,0.0,0.0,0.0,0.0,0.0,0.0,0.0,0.0,0.0,0.0,0.0,0.0,0.0,0.0,0.0,0.0,0.0,0.0,0.6931471805599453,0.0,0.0,0.0,0.0,0.0,0.0,0.0,0.0,0.0,0.0,0.0,0.0,0.0,0.0,0.0,0.0,0.0,0.0,0.0,0.0,0.0,0.0,0.0,0.0,0.0,0.0,0.0,0.0,0.0,0.0,0.0,0.0,0.0,0.0,0.0,0.0,0.0,0.0,0.0,0.0,0.0,1.1835341366486634,0.0,0.6931471805599453,0.0,0.0,0.0,-0.8917496229580367,0.0,0.0,0.0,0.0,0.0,0.0,0.0,0.0
6.150514997831991,0.2973629040733618,COc1ccc(C[C@@H]2NC(=O)[C@H]([C@@H](C)O)NC(=O)[C@@H]3CCCN3C(=O)[C@H](Cc3c[nH]c4ccc(F)cc34)NC(=O)[C@H](Cc3c[nH]c4ccc(F)cc34)NC(=O)[C@@H](C)NC(=O)[C@H](CCCCN)NC(=O)CCSCc3cc(F)cc(c3)CSC[C@@H](C(N)=O)NC(=O)[C@]3(C)CCCN3C2=O)cc1,0.0,0.0,0.0,0.0,0.0,0.0,0.0,0.0,0.0,0.0,0.0,0.0,0.0,0.0,0.0,0.0,0.0,0.0,0.0,0.0,0.0,0.0,0.0,0.0,0.0,0.0,0.0,0.0,0.0,0.0,0.0,0.0,0.0,0.0,0.0,0.0,0.0,0.0,0.0,-0.103284415829272,-0.11409803753512811,0.0,0.0,0.0,0.0,0.0,0.0,0.0,0.0,0.0,-0.39659587036738486,0.0,0.0,0.0,0.0,0.0,0.0,0.0,0.0,0.0,0.0,0.0,0.0,0.0,0.0,0.0,0.0,0.0,0.0,0.0,0.0,0.0,0.0,0.0,0.0,0.0,0.0,0.0,0.0,0.0,0.0,0.0,0.0,0.0,0.0,0.0,0.0,0.0,-0.6931471805599453,0.0,0.0,0.0,0.0,0.0,0.0,0.0,0.0,0.0,0.0,0.0,0.0,0.0,0.0,0.0,0.0,0.0,0.0,0.0,0.0,0.0,0.0,0.0,0.0,0.0,0.0,0.0,0.0,0.0,0.0,0.0,0.0,0.0,0.0,0.0,0.0,0.0,0.0,0.0,0.0,0.6931471805599453,0.0,0.0,0.0,0.0,0.0,0.0,0.0,0.0,0.0,0.0,0.0,0.0,0.0,0.0,0.0,0.0,0.0,0.0,0.0,0.0,0.0,0.0,0.0,0.0,0.0,0.0,0.0,0.0,0.0,0.0,0.0,0.0,0.0,0.0,0.0,0.0,0.0,0.0,0.0,0.0,0.0,-0.23578013531872155,0.0,0.0,0.0,0.0,0.0,-0.2762533766281582,0.0,0.0,0.0,0.0,0.0,0.0,0.0,0.0
4.449771646944906,1.1925144413116917,C[C@H]1NC(=O)[C@H](CCCCN)NC(=O)CCSCc2cc(F)cc(c2)CSC[C@@H](C(N)=O)NC(=O)[C@]2(C)CCCN2C(=O)[C@H](Cc2ccc(O)cc2)NC(=O)[C@H]([C@@H](C)O)NC(=O)[C@@H]2CCCN2C(=O)[C@H](Cc2c[nH]c3ccc(F)cc23)NC(=O)[C@H](Cc2c[nH]c3ccc(F)cc23)NC1=O,0.0,0.0,0.0,0.0,0.0,0.0,0.0,0.0,0.0,0.0,0.0,0.0,0.0,0.0,0.0,0.0,0.0,0.0,0.0,0.0,0.0,0.0,0.0,0.0,0.0,0.0,0.0,0.0,0.0,0.0,0.0,0.0,0.0,0.0,0.0,0.0,0.0,0.0,0.0,-0.103284415829272,-0.11409803753512811,0.0,0.0,0.0,0.0,0.0,0.0,0.0,0.0,0.0,-0.40104032212780893,0.0,0.0,0.0,0.0,0.0,0.0,0.0,0.0,0.0,0.0,0.0,0.0,0.0,0.0,0.0,0.0,0.0,0.0,0.0,0.0,0.0,0.0,0.0,0.0,0.0,0.0,0.0,0.0,0.0,0.0,0.0,0.0,0.0,0.0,0.0,0.0,0.0,-0.6931471805599453,0.0,0.0,0.0,0.0,0.0,0.0,0.0,0.0,0.0,0.0,0.0,0.0,0.0,0.0,0.0,0.0,0.0,0.0,0.0,0.0,0.0,0.0,0.0,0.0,0.0,0.0,0.0,0.0,0.0,0.0,0.0,0.0,0.0,0.0,0.0,0.0,0.0,0.0,0.0,0.0,0.6931471805599453,0.0,0.0,0.0,0.0,0.0,0.0,0.0,0.0,0.0,0.0,0.0,0.0,0.0,0.0,0.0,0.0,0.0,0.0,0.0,0.0,0.0,0.0,0.0,0.0,0.0,0.0,0.0,0.0,0.0,0.0,0.0,0.0,0.0,0.0,0.0,0.0,0.0,0.0,0.0,0.0,0.0,-0.25388017696233955,0.0,0.0,0.0,0.0,0.0,-0.3850562364769573,0.0,0.0,0.0,0.0,0.0,0.0,0.0,0.0
6.259637310505756,1.1925144413116917,C[C@@H](O)[C@@H]1NC(=O)[C@@H]2CCCN2C(=O)[C@H](Cc2c[nH]c3ccc(F)cc23)NC(=O)[C@H](Cc2c[nH]c3ccc(F)cc23)NC(=O)CNC(=O)[C@H](CCCCN)NC(=O)CCSCc2cc(F)cc(c2)CSC[C@@H](C(N)=O)NC(=O)[C@]2(C)CCCN2C(=O)[C@H](Cc2ccc(O)cc2)NC1=O,0.0,0.0,0.0,0.0,0.0,0.0,0.0,0.0,0.0,0.0,0.0,0.0,0.0,0.0,0.0,0.0,0.0,0.0,0.0,0.0,0.0,0.0,0.0,0.0,0.0,0.0,0.0,0.0,0.0,0.0,0.0,0.0,0.0,0.0,0.0,0.0,0.0,0.0,0.0,-0.103284415829272,-0.11409803753512811,0.0,0.0,0.0,0.0,0.0,0.0,0.0,0.0,0.0,-0.3876472647913708,0.0,0.0,0.0,0.0,0.0,0.0,0.0,0.0,0.0,0.0,0.0,0.0,0.0,0.0,0.0,0.0,0.0,0.0,0.0,0.0,0.0,0.0,0.0,0.0,0.0,0.0,0.0,0.0,0.0,0.0,0.0,0.0,0.0,0.0,0.0,0.0,0.0,-0.6931471805599453,0.0,0.0,0.0,0.0,0.0,0.0,0.0,0.0,0.0,0.0,0.0,0.0,0.0,0.0,0.0,0.0,0.0,0.0,0.0,0.0,0.0,0.0,0.0,0.0,0.0,0.0,0.0,0.0,0.0,0.0,0.0,0.0,0.0,0.0,0.0,0.0,0.0,0.0,0.0,0.0,0.6931471805599453,0.0,0.0,0.0,0.0,0.0,0.0,0.0,0.0,0.0,0.0,0.0,0.0,0.0,0.0,0.0,0.0,0.0,0.0,0.0,0.0,0.0,0.0,0.0,0.0,0.0,0.0,0.0,0.0,0.0,0.0,0.0,0.0,0.0,0.0,0.0,0.0,0.0,0.0,0.0,0.0,0.0,-0.1890426574670326,0.0,0.0,0.0,0.0,0.0,-0.29898162770571435,0.0,0.0,0.0,0.0,0.0,0.0,0.0,0.0
6.259637310505756,1.1925144413116917,C[C@H]1NC(=O)[C@H](CCCCN)NC(=O)CCSCc2cccc(c2)CSC[C@@H](C(N)=O)NC(=O)[C@]2(C)CCCN2C(=O)[C@H](Cc2ccc(O)cc2)NC(=O)[C@H]([C@@H](C)O)NC(=O)[C@@H]2CCCN2C(=O)[C@H](Cc2c[nH]c3ccc(F)cc23)NC(=O)[C@H](Cc2c[nH]c3ccc(F)cc23)NC1=O,0.0,0.0,0.0,0.0,0.0,0.0,0.0,0.0,0.0,0.0,0.0,0.0,0.0,0.0,0.0,0.0,0.0,0.0,0.0,0.0,0.0,0.0,0.0,0.0,0.0,0.0,0.0,0.0,0.0,0.0,0.0,0.0,0.0,0.0,0.0,0.0,0.0,0.0,0.0,-0.103284415829272,-0.11409803753512811,0.0,0.0,0.0,0.0,0.0,0.0,0.0,0.0,0.0,-0.4032551624573618,0.0,0.0,0.0,0.0,0.0,0.0,0.0,0.0,0.0,0.0,0.0,0.0,0.0,0.0,0.0,0.0,0.0,0.0,0.0,0.0,0.0,0.0,0.0,0.0,0.0,0.0,0.0,0.0,0.0,0.0,0.0,0.0,0.0,0.0,0.0,0.0,0.0,-0.6931471805599453,0.0,0.0,0.0,0.0,0.0,0.0,0.0,0.0,0.0,0.0,0.0,0.0,0.0,0.0,0.0,0.0,0.0,0.0,0.0,0.0,0.0,0.0,0.0,0.0,0.0,0.0,0.0,0.0,0.0,0.0,0.0,0.0,0.0,0.0,0.0,0.0,0.0,0.0,0.0,0.0,0.6931471805599453,0.0,0.0,0.0,0.0,0.0,0.0,0.0,0.0,0.0,0.0,0.0,0.0,0.0,0.0,0.0,0.0,0.0,0.0,0.0,0.0,0.0,0.0,0.0,0.0,0.0,0.0,0.0,0.0,0.0,0.0,0.0,0.0,0.0,0.0,0.0,0.0,0.0,0.0,0.0,0.0,0.0,0.19856653897828705,0.0,0.0,0.0,0.0,0.0,-0.4924764850977941,0.0,0.0,0.0,0.0,0.0,0.0,0.0,0.0
5.183758700008217,1.1925144413116917,CC[C@@]12CCCN1C(=O)[C@H](Cc1ccc(O)cc1)NC(=O)[C@H]([C@@H](C)O)NC(=O)[C@@H]1CCCN1C(=O)[C@H](Cc1c[nH]c3ccc(F)cc13)NC(=O)[C@H](Cc1c[nH]c3ccc(F)cc13)NC(=O)CNC(=O)[C@H](CCCCN)NC(=O)CCSCc1cccc(c1)CSC[C@@H](C(N)=O)NC2=O,0.0,0.0,0.0,0.0,0.0,0.0,0.0,0.0,0.0,0.0,0.0,0.0,0.0,0.0,0.0,0.0,0.0,0.0,0.0,0.0,0.0,0.0,0.0,0.0,0.0,0.0,0.0,0.0,0.0,0.0,0.0,0.6931471805599453,0.0,0.0,0.0,0.0,0.0,0.0,0.0,-0.103284415829272,-0.11409803753512811,0.0,0.0,0.0,0.0,0.0,0.0,0.0,0.0,0.0,-0.4054651081081646,0.0,0.0,0.0,0.0,0.0,0.0,0.0,0.0,0.0,0.0,0.0,0.0,0.0,0.0,0.0,0.0,0.0,0.0,0.0,0.0,0.0,0.0,0.0,0.0,0.0,0.0,0.0,0.0,0.0,0.0,0.0,0.0,0.0,0.0,0.0,0.0,0.0,-0.6931471805599453,0.0,0.0,0.0,0.0,0.0,0.0,0.0,0.0,0.0,0.0,0.0,0.0,0.0,0.0,0.0,0.0,0.0,0.0,0.0,0.0,0.0,0.0,0.0,0.0,0.0,0.0,0.0,0.6931471805599453,0.0,0.0,0.0,0.0,0.0,0.0,0.0,0.0,0.0,0.0,0.0,0.0,0.6931471805599453,0.0,0.0,0.0,0.0,0.0,0.0,0.0,0.0,0.0,0.0,0.0,0.0,0.0,0.0,0.0,0.0,0.0,0.0,0.0,0.0,0.0,0.0,0.0,0.0,0.0,0.0,0.0,0.0,0.0,0.0,0.0,0.0,0.0,0.0,0.0,0.0,0.0,0.0,0.0,0.0,0.0,0.2804304090564615,0.0,0.0,0.0,0.0,0.0,-0.47378435208564157,0.0,0.0,0.0,0.0,0.0,0.0,0.0,0.0
7.301029995663981,1.1925144413116917,CCC[C@@H]1NC(=O)CCSCc2cccc(c2)CSC[C@@H](C(N)=O)NC(=O)[C@@H]2CCCN2C(=O)[C@H](Cc2ccc(OC)cc2)NC(=O)[C@H]([C@@H](C)OC)N(C)C(=O)[C@@H]2CCCN2C(=O)[C@H](Cc2cn(C)c3ccccc23)NC(=O)[C@H](Cc2ccc3ccccc3c2)NC(=O)[C@@H](CC(C)C)N(C)C1=O,0.0,0.0,0.0,0.0,0.0,0.0,0.0,0.0,0.0,0.0,0.0,0.0,0.0,0.0,0.0,0.0,0.0,0.0,0.0,-0.025335216666710954,0.0,0.0,0.0,0.0,0.0,0.0,0.0,0.0,0.0,0.0,0.0,0.0,0.0,0.0,0.0,0.0,0.0,0.0,0.0,-0.103284415829272,-0.11409803753512811,0.0,0.0,0.0,0.0,0.0,0.0,0.0,0.0,0.0,-0.577431542786915,0.0,0.0,0.0,0.0,0.0,0.0,0.0,0.0,0.0,0.0,0.0,0.0,0.0,0.0,0.0,0.0,0.0,0.0,0.0,0.0,0.0,0.0,0.0,0.0,0.0,0.0,0.0,0.0,0.0,0.0,0.0,0.0,0.0,0.0,0.0,0.0,0.0,-0.6931471805599453,0.0,0.0,0.0,0.0,0.0,0.0,0.0,0.0,0.0,0.0,0.0,0.0,0.0,0.0,0.0,0.0,0.0,0.0,0.6931471805599453,0.0,0.0,0.0,0.0,0.0,0.0,0.0,0.0,0.0,0.0,0.0,0.0,0.0,0.0,0.0,0.0,0.0,0.0,0.0,0.0,0.0,0.6931471805599453,0.0,0.0,0.0,0.0,0.0,0.0,0.0,0.0,0.0,0.0,0.0,0.0,0.0,0.0,0.0,0.0,0.0,0.0,0.0,0.0,0.0,0.0,0.0,0.0,0.0,0.0,0.0,0.0,0.0,0.0,0.0,0.0,0.0,0.0,0.0,0.0,0.0,0.0,0.0,0.0,0.0,1.2217332253303193,0.0,0.6931471805599453,0.0,0.0,0.0,-0.751987680582878,0.0,0.0,0.0,0.0,0.0,0.0,0.0,0.0
6.259637310505756,1.1925144413116917,COc1ccc(C[C@@H]2NC(=O)[C@H]([C@@H](C)O)NC(=O)[C@@H]3CCCN3C(=O)[C@H](Cc3c[nH]c4ccc(F)cc34)NC(=O)[C@H](Cc3c[nH]c4ccc(F)cc34)NC(=O)[C@@H](C)NC(=O)[C@H](C)NC(=O)CCCCc3cccc(c3)CCCCNC(=O)[C@@H]3CCCN3C2=O)cc1,0.0,0.0,0.0,0.0,0.0,0.0,0.0,0.0,0.0,0.0,0.0,0.0,0.0,0.0,0.0,0.0,0.0,0.0,0.0,0.0,0.0,0.0,0.0,0.0,0.0,0.0,0.0,0.0,0.0,-0.6931471805599453,0.0,0.0,0.0,0.0,0.0,0.0,0.0,0.0,0.0,-0.103284415829272,-0.11409803753512811,0.0,0.0,0.0,0.0,0.0,0.0,0.0,0.0,0.0,-0.006600684031352068,0.0,0.0,0.0,0.0,0.0,0.0,0.0,0.0,0.0,0.0,0.0,0.0,0.0,0.0,0.0,0.0,0.0,0.0,0.0,0.0,0.0,0.0,0.0,0.0,0.0,0.0,0.0,0.0,0.0,0.0,0.0,0.0,0.0,0.0,0.0,0.0,0.0,-0.6931471805599453,0.0,0.0,0.0,0.0,0.0,0.0,0.0,0.0,0.0,0.0,0.0,0.0,0.0,0.0,0.0,0.0,0.0,0.0,0.0,0.0,0.0,0.0,0.0,0.0,0.0,0.0,0.0,0.0,0.0,0.0,0.0,0.0,0.0,0.0,0.0,0.0,0.0,0.0,0.0,0.0,0.0,0.0,0.0,0.0,0.0,0.0,0.0,0.0,0.0,0.0,0.0,0.0,0.0,0.0,0.0,0.0,0.0,0.0,0.0,0.0,0.0,0.0,0.0,0.0,0.0,0.0,0.0,0.0,0.0,0.0,0.0,0.0,0.0,0.0,0.0,0.0,0.0,0.0,0.0,0.0,0.0,0.0,-0.06706423058054609,0.0,0.0,0.0,0.0,0.0,-0.04445176257083384,0.0,0.0,0.0,0.0,0.0,0.0,0.0,0.0
6.259637310505756,1.1925144413116917,CC(C)(O)[C@@H]1NC(=O)[C@@H]2CCCN2C(=O)[C@H](Cc2c[nH]c3ccc(F)cc23)NC(=O)[C@H](Cc2c[nH]c3ccc(F)cc23)NC(=O)CNC(=O)[C@H](CCCCN)NC(=O)CCSCc2cccc(c2)CSC[C@@H](C(N)=O)NC(=O)[C@]2(C)CCCN2C(=O)[C@H](Cc2ccc(O)cc2)NC1=O,0.0,0.0,0.0,0.0,0.0,0.0,0.0,0.0,0.0,0.0,0.0,0.0,0.0,0.0,0.0,0.0,0.0,0.0,0.0,0.0,0.0,0.0,0.0,0.0,0.0,0.0,0.0,0.0,0.0,0.0,0.0,0.0,0.0,0.0,0.0,0.0,0.0,0.0,0.0,-0.103284415829272,-0.11409803753512811,0.0,0.0,0.0,0.0,0.0,0.0,0.0,0.0,0.0,-0.4054651081081646,0.0,0.0,0.0,0.0,0.0,0.0,0.0,0.0,0.0,0.0,0.0,0.0,0.0,0.0,0.0,0.0,0.0,0.0,0.0,0.0,0.0,0.0,0.0,0.0,0.0,0.0,0.0,0.0,0.0,0.0,0.0,0.0,0.0,0.0,0.0,0.0,0.0,-0.6931471805599453,0.0,0.0,0.0,0.0,0.0,0.0,0.0,0.0,0.0,0.0,0.0,0.0,0.0,0.0,0.0,0.0,0.0,0.0,0.0,0.0,0.0,0.0,0.0,0.0,0.0,0.0,0.0,0.0,0.0,0.0,0.0,0.0,0.0,0.0,0.0,0.0,0.0,0.0,0.0,0.0,0.6931471805599453,0.0,0.0,0.0,0.0,0.0,0.0,0.0,0.0,0.0,0.0,0.0,0.0,0.0,0.0,0.0,0.0,0.0,0.0,0.0,0.0,0.0,0.0,0.0,0.0,0.0,0.0,0.0,0.0,0.0,0.0,0.0,0.0,0.0,0.0,0.0,0.0,0.0,0.0,0.0,0.0,0.0,0.23578013531872155,0.0,0.0,0.0,0.0,0.0,-0.5108256237659907,0.0,0.0,0.0,0.0,0.0,0.0,0.0,0.0
6.259637310505756,1.1925144413116917,CC(C)[C@@H](O)[C@@H]1NC(=O)[C@@H]2CCCN2C(=O)[C@H](Cc2c[nH]c3ccc(F)cc23)NC(=O)[C@H](Cc2c[nH]c3ccc(F)cc23)NC(=O)CNC(=O)[C@H](CCCCN)NC(=O)CCSCc2cccc(c2)CSC[C@@H](C(N)=O)NC(=O)[C@]2(C)CCCN2C(=O)[C@H](Cc2ccc(O)cc2)NC1=O,0.0,0.0,0.0,0.0,0.0,0.0,0.0,0.0,0.0,0.0,0.0,0.0,0.0,0.0,0.0,0.0,0.0,0.0,0.0,0.0,0.0,0.0,0.0,0.0,0.0,0.0,0.0,0.0,0.0,0.0,0.0,0.0,0.0,0.0,0.0,0.0,0.0,0.0,0.0,-0.103284415829272,-0.11409803753512811,0.0,0.0,0.0,0.0,0.0,0.0,0.0,0.0,0.0,-0.3921315772386994,0.0,0.0,0.0,0.0,0.0,0.0,0.0,0.6931471805599453,0.0,0.0,0.0,0.0,0.0,0.0,0.0,0.0,0.0,0.0,0.0,0.0,0.0,0.0,0.0,0.0,0.0,0.0,0.0,0.0,0.0,0.0,0.0,0.0,0.0,0.0,0.0,0.0,0.0,-0.6931471805599453,0.0,0.0,0.0,0.0,0.0,0.0,0.0,0.0,0.0,0.0,0.0,0.0,0.0,0.0,0.0,0.0,0.0,0.0,0.0,0.0,0.0,0.0,0.0,0.0,0.0,0.0,0.0,0.0,0.0,0.0,0.0,0.0,0.0,0.0,0.0,0.0,0.0,0.0,0.0,0.0,0.6931471805599453,0.0,0.0,0.0,0.0,0.0,0.0,0.0,0.0,0.0,0.0,0.0,0.0,0.0,0.0,0.0,0.0,0.0,0.0,0.0,0.0,0.0,0.0,0.0,0.0,0.0,0.0,0.0,0.0,0.0,0.0,0.0,0.0,0.0,0.0,0.0,0.0,0.0,0.0,0.0,0.0,0.0,0.10939859440710693,0.0,0.0,0.0,0.0,0.0,-0.46430560813109784,0.0,0.0,0.0,0.0,0.0,0.0,0.0,0.0
4.449771646944906,1.1925144413116917,C[C@H](O)[C@@H]1NC(=O)[C@@H]2CCCN2C(=O)[C@H](Cc2c[nH]c3ccc(F)cc23)NC(=O)[C@H](Cc2c[nH]c3ccc(F)cc23)NC(=O)CNC(=O)[C@H](CCCCN)NC(=O)CCSCc2cccc(c2)CSC[C@@H](C(N)=O)NC(=O)[C@]2(C)CCCN2C(=O)[C@H](Cc2ccc(O)cc2)NC1=O,0.0,0.0,0.0,0.0,0.0,0.0,0.0,0.0,0.0,0.0,0.0,0.0,0.0,0.0,0.0,0.0,0.0,0.0,0.0,0.0,0.0,0.0,0.0,0.0,0.0,0.0,0.0,0.0,0.0,0.0,0.0,0.0,0.0,0.0,0.0,0.0,0.0,0.0,0.0,-0.103284415829272,-0.11409803753512811,0.0,0.0,0.0,0.0,0.0,0.0,0.0,0.0,0.0,-0.3898919346451946,0.0,0.0,0.0,0.0,0.0,0.0,0.0,0.0,0.0,0.0,0.0,0.0,0.0,0.0,0.0,0.0,0.0,0.0,0.0,0.0,0.0,0.0,0.0,0.0,0.0,0.0,0.0,0.0,0.0,0.0,0.0,0.0,0.0,0.0,0.0,0.0,0.0,-0.6931471805599453,0.0,0.0,0.0,0.0,0.0,0.0,0.0,0.0,0.0,0.0,0.0,0.0,0.0,0.0,0.0,0.0,0.0,0.0,0.0,0.0,0.0,0.0,0.0,0.0,0.0,0.0,0.0,0.0,0.0,0.0,0.0,0.0,0.0,0.0,0.0,0.0,0.0,0.0,0.0,0.0,0.6931471805599453,0.0,0.0,0.0,0.0,0.0,0.0,0.0,0.0,0.0,0.0,0.0,0.0,0.0,0.0,0.0,0.0,0.0,0.0,0.0,0.0,0.0,0.0,0.0,0.0,0.0,0.0,0.0,0.0,0.0,0.0,0.0,0.0,0.0,0.0,0.0,0.0,0.0,0.0,0.0,0.0,0.0,0.26280880770664194,0.0,0.0,0.0,0.0,0.0,-0.4155154439616658,0.0,0.0,0.0,0.0,0.0,0.0,0.0,0.0
7.301029995663981,1.1925144413116917,C[C@@H](O)[C@H]1CC(=O)N[C@@H](Cc2ccc(O)cc2)C(=O)N2CCC[C@@]2(C)C(=O)N[C@H](C(N)=O)CSCc2cccc(c2)CSCCC(=O)N[C@@H](CCCCN)C(=O)NCC(=O)N[C@@H](Cc2c[nH]c3ccc(F)cc23)C(=O)N[C@@H](Cc2c[nH]c3ccc(F)cc23)C(=O)N2CCC[C@H]2C(=O)N1,0.0,0.0,0.0,0.0,0.0,0.0,0.0,0.0,0.0,0.0,0.0,0.0,0.0,0.0,0.0,0.0,0.0,0.0,0.0,0.0,0.0,0.0,0.0,0.0,0.0,0.0,0.0,0.0,0.0,0.0,0.0,0.0,0.0,0.0,0.0,0.0,0.0,0.0,0.0,-0.103284415829272,-0.11409803753512811,0.0,0.0,0.0,0.0,0.0,0.0,0.0,0.0,0.0,-0.3763477095374374,0.0,0.0,0.0,0.0,0.0,0.0,0.0,0.0,0.0,0.0,0.0,0.0,0.0,0.0,0.0,0.0,0.0,0.0,0.0,0.0,0.0,0.0,0.0,0.0,0.0,0.0,0.0,0.0,0.0,0.0,0.0,0.0,0.0,0.0,0.0,0.0,0.0,-0.6931471805599453,0.0,0.0,0.0,0.0,0.0,0.0,0.0,0.0,0.0,0.0,0.0,0.0,0.0,0.0,0.0,0.0,0.0,0.0,0.0,0.0,0.0,0.0,0.0,0.0,0.0,0.0,0.0,0.0,0.0,0.0,0.0,0.0,0.0,0.0,0.0,0.0,0.0,0.0,0.0,0.0,0.6931471805599453,0.0,0.0,0.0,0.0,0.0,0.0,0.0,0.0,0.0,0.0,0.0,0.0,0.0,0.0,0.0,0.0,0.0,0.0,0.0,0.0,0.0,0.0,0.0,0.0,0.0,0.0,0.0,0.0,0.0,0.0,0.0,0.0,0.0,0.0,0.0,0.0,0.0,0.0,0.0,0.0,0.0,-0.12991213424020998,0.0,0.0,0.0,0.0,0.0,-0.45473615711494714,0.0,0.0,0.0,0.0,0.0,0.0,0.0,0.0
5.183758700008217,1.1925144413116917,CC(C)[C@H]1NC(=O)[C@H](CCCCN)NC(=O)CCSCc2cccc(c2)CSC[C@@H](C(N)=O)NC(=O)[C@]2(C)CCCN2C(=O)[C@H](Cc2ccc(O)cc2)NC(=O)[C@H]([C@@H](C)O)NC(=O)[C@@H]2CCCN2C(=O)[C@H](Cc2c[nH]c3ccc(F)cc23)NC(=O)[C@H](Cc2c[nH]c3ccc(F)cc23)NC1=O,0.0,0.0,0.0,0.0,0.0,0.0,0.0,0.0,0.0,0.0,0.0,0.0,0.0,0.0,0.0,0.0,0.0,0.0,0.0,0.0,0.0,0.0,0.0,0.0,0.0,0.0,0.0,0.0,0.0,0.0,0.0,0.0,0.0,0.0,0.0,0.0,0.0,0.0,0.0,-0.103284415829272,-0.11409803753512811,0.0,0.0,0.0,0.0,0.0,0.0,0.0,0.0,0.0,-0.43161038821248676,0.0,0.0,0.0,0.0,0.0,0.0,0.0,0.0,0.0,0.0,0.0,0.0,0.0,0.0,0.0,0.0,0.0,0.0,0.0,0.0,0.0,0.0,0.0,0.0,0.0,0.0,0.0,0.0,0.0,0.0,0.0,0.0,0.0,0.0,0.0,0.0,0.0,-0.6931471805599453,0.0,0.0,0.0,0.0,0.0,0.0,0.0,0.0,0.0,0.0,0.0,0.0,0.0,0.0,0.0,0.0,0.0,0.0,0.0,0.0,0.0,0.0,0.0,0.0,0.0,0.0,0.0,0.0,0.0,0.0,0.0,0.0,0.0,0.0,0.0,0.0,0.0,0.0,0.0,0.0,0.6931471805599453,0.0,0.0,0.0,0.0,0.0,0.0,0.0,0.0,0.0,0.0,0.0,0.0,0.0,0.0,0.0,0.0,0.0,0.0,0.0,0.0,0.0,0.0,0.0,0.0,0.0,0.0,0.0,0.0,0.0,0.0,0.0,0.0,0.0,0.0,0.0,0.0,0.0,0.0,0.0,0.0,0.0,0.23578013531872155,0.0,0.0,0.0,0.0,0.0,-0.5377330766859151,0.0,0.0,0.0,0.0,0.0,0.0,0.0,0.0
5.183758700008217,1.1925144413116917,CO[C@@H](C)[C@@H]1NC(=O)[C@@H]2CCCN2C(=O)[C@H](Cc2c[nH]c3ccc(F)cc23)NC(=O)[C@H](Cc2c[nH]c3ccc(F)cc23)NC(=O)[C@@H](C)NC(=O)[C@H](CCCCN)NC(=O)CCSCc2cccc(c2)CSC[C@@H](C(N)=O)NC(=O)[C@]2(C)CCCN2C(=O)[C@H](Cc2ccc(O)cc2)NC1=O,0.0,0.0,0.0,0.0,0.0,0.0,0.0,0.0,0.0,0.0,0.0,0.0,0.0,0.0,0.0,0.0,0.0,0.0,0.0,0.0,0.0,0.0,0.0,0.0,0.0,0.0,0.0,0.0,0.0,0.0,0.0,0.0,0.0,0.0,0.0,0.0,0.0,0.0,0.0,-0.103284415829272,-0.11409803753512811,0.0,0.0,0.0,0.0,0.0,0.0,0.0,0.0,0.0,-0.4054651081081646,0.0,0.0,0.0,0.0,0.0,0.0,0.0,0.0,0.0,0.0,0.0,0.0,0.0,0.0,0.0,0.0,0.0,0.0,0.0,0.0,0.0,0.0,0.0,0.0,0.0,0.0,0.0,0.0,0.0,0.0,0.0,0.0,0.0,0.0,0.0,0.0,0.0,-0.6931471805599453,0.0,0.0,0.0,0.0,0.0,0.0,0.0,0.0,0.0,0.0,0.0,0.0,0.0,0.0,0.0,0.0,0.0,0.0,0.0,0.0,0.0,0.0,0.0,0.0,0.0,0.0,0.0,0.0,0.0,0.0,0.0,0.0,0.0,0.0,0.0,0.0,0.0,0.0,0.0,0.0,0.6931471805599453,0.0,0.0,0.0,0.0,0.0,0.0,0.0,0.0,0.0,0.0,0.0,0.0,0.0,0.0,0.0,0.0,0.0,0.0,0.0,0.0,0.0,0.0,0.0,0.0,0.0,0.0,0.0,0.0,0.0,0.0,0.0,0.0,0.0,0.0,0.0,0.0,0.0,0.0,0.0,0.0,0.0,0.11970796406596934,0.0,0.0,0.0,0.0,0.0,-0.4155154439616658,0.0,0.0,0.0,0.0,0.0,0.0,0.0,0.0
7.301029995663981,1.1925144413116917,COc1ccc(C[C@@H]2NC(=O)[C@H]([C@@H](C)O)NC(=O)[C@@H]3CCCN3C(=O)[C@H](Cc3c[nH]c4ccc(F)cc34)NC(=O)[C@H](Cc3c[nH]c4ccc(F)cc34)NC(=O)[C@@H](C)NC(=O)[C@H](CCCCN)NC(=O)CCSCc3cccc(c3)CSC[C@@H](C(N)=O)NC(=O)[C@]3(C)CCCN3C2=O)cc1,0.0,0.0,0.0,0.0,0.0,0.0,0.0,0.0,0.0,0.0,0.0,0.0,0.0,0.0,0.0,0.0,0.0,0.0,0.0,0.0,0.0,0.0,0.0,0.0,0.0,0.0,0.0,0.0,0.0,0.0,0.0,0.0,0.0,0.0,0.0,0.0,0.0,0.0,0.0,-0.103284415829272,-0.11409803753512811,0.0,0.0,0.0,0.0,0.0,0.0,0.0,0.0,0.0,-0.39882056538949606,0.0,0.0,0.0,0.0,0.0,0.0,0.0,0.0,0.0,0.0,0.0,0.0,0.0,0.0,0.0,0.0,0.0,0.0,0.0,0.0,0.0,0.0,0.0,0.0,0.0,0.0,0.0,0.0,0.0,0.0,0.0,0.0,0.0,0.0,0.0,0.0,0.0,-0.6931471805599453,0.0,0.0,0.0,0.0,0.0,0.0,0.0,0.0,0.0,0.0,0.0,0.0,0.0,0.0,0.0,0.0,0.0,0.0,0.0,0.0,0.0,0.0,0.0,0.0,0.0,0.0,0.0,0.0,0.0,0.0,0.0,0.0,0.0,0.0,0.0,0.0,0.0,0.0,0.0,0.0,0.6931471805599453,0.0,0.0,0.0,0.0,0.0,0.0,0.0,0.0,0.0,0.0,0.0,0.0,0.0,0.0,0.0,0.0,0.0,0.0,0.0,0.0,0.0,0.0,0.0,0.0,0.0,0.0,0.0,0.0,0.0,0.0,0.0,0.0,0.0,0.0,0.0,0.0,0.0,0.0,0.0,0.0,0.0,0.22660575904268127,0.0,0.0,0.0,0.0,0.0,-0.3953127366441464,0.0,0.0,0.0,0.0,0.0,0.0,0.0,0.0
5.183758700008217,1.1925144413116917,C[C@H]1NC(=O)[C@H](C(C)(C)C(=O)O)NC(=O)[C@H](Cc2c[nH]c3ccc(F)cc23)NC(=O)[C@H](Cc2c[nH]c3ccc(F)cc23)NC(=O)CNC(=O)[C@H](CCCCN)NC(=O)CCSCc2cccc(c2)CSC[C@@H](C(N)=O)NC(=O)[C@]2(C)CCCN2C(=O)[C@H](Cc2ccc(O)cc2)NC1=O,0.0,0.0,0.0,0.0,0.0,0.0,0.0,0.0,0.0,0.0,0.0,0.0,0.0,0.0,0.0,0.0,0.0,0.0,0.0,0.0,0.0,0.0,0.0,0.0,0.0,0.0,0.0,0.0,0.0,0.0,0.0,0.0,0.0,0.0,0.0,0.0,0.0,0.0,0.0,-0.103284415829272,-0.11409803753512811,0.0,0.0,0.0,0.0,0.0,0.0,0.0,0.0,0.0,-0.38314275267026626,0.0,0.0,0.0,0.0,0.0,0.0,0.0,0.6931471805599453,0.0,0.0,0.0,0.0,0.0,0.0,0.0,0.0,0.0,0.0,0.0,0.0,0.0,0.0,0.0,0.0,0.0,0.0,0.0,0.0,0.0,0.0,0.0,-0.6931471805599453,0.0,0.0,0.0,0.0,0.0,0.0,0.0,0.0,0.0,0.0,0.0,0.0,0.0,0.0,0.0,0.0,0.0,0.0,0.0,0.0,0.0,0.0,0.0,0.0,0.0,0.0,0.0,0.0,0.0,0.0,0.0,0.0,0.0,0.0,0.0,0.0,0.0,0.0,0.0,0.0,0.0,0.0,0.0,0.0,0.0,0.0,0.6931471805599453,0.0,0.0,0.0,0.0,0.0,0.0,0.0,0.0,0.0,0.0,0.0,0.0,0.0,0.0,0.0,0.0,0.0,0.0,0.0,0.0,0.0,0.0,0.0,0.0,0.0,0.0,0.0,0.0,0.0,0.0,0.0,0.0,0.0,0.0,0.0,0.0,0.0,0.0,0.0,0.0,0.0,0.2804304090564615,0.0,0.0,0.0,0.0,0.0,-0.1410785982599055,0.0,0.0,0.0,0.0,0.0,0.0,0.0,0.0
6.150514997831991,0.2973629040733618,COc1ccc(C[C@@H]2NC(=O)[C@H]([C@@H](C)O)NC(=O)[C@@H]3C[C@H](F)CN3C(=O)[C@H](Cc3c[nH]c4ccc(F)cc34)NC(=O)[C@H](Cc3c[nH]c4ccc(F)cc34)NC(=O)[C@@H](C)NC(=O)[C@H](NC(C)=O)CCC(=O)NCCOc3ccc(cc3)C[C@@H](C(N)=O)NC(=O)[C@]3(C)CCCN3C2=O)cc1,0.7148462081390736,0.0,0.0,0.0,0.0,0.0,0.0,0.0,0.0,0.0,0.0,0.0,0.0,0.0,0.0,0.0,0.0,0.0,0.0,0.0,0.0,0.0,0.0,0.0,0.0,0.0,0.0,0.0,0.0,-0.6931471805599453,0.0,0.0,0.0,0.0,0.0,0.0,0.0,0.0,0.0,-0.103284415829272,-0.11409803753512811,0.0,0.0,0.0,0.0,0.0,0.0,0.0,0.0,0.0,-0.048474756502411044,0.0,0.0,0.0,0.0,0.0,0.0,0.0,0.0,0.0,0.0,0.0,0.0,0.0,0.0,0.0,0.0,0.0,0.0,0.0,0.0,0.0,0.0,0.0,0.0,0.0,0.0,0.0,0.0,0.0,0.0,0.0,0.0,0.0,0.0,0.0,0.0,0.0,-0.6931471805599453,0.0,0.0,0.0,0.0,0.0,0.0,0.0,0.0,0.0,0.0,0.0,0.0,0.0,0.0,0.0,0.0,0.0,0.0,0.0,0.0,0.0,0.0,0.0,0.0,0.0,0.0,0.0,0.0,0.0,0.0,0.0,0.0,0.0,0.0,0.0,0.0,0.0,0.0,0.0,0.0,0.6931471805599453,0.0,0.0,0.0,0.0,0.0,0.0,0.0,0.0,0.0,0.0,0.0,0.0,0.0,0.0,0.0,0.0,0.0,0.0,0.0,0.0,0.0,0.0,0.0,0.0,0.0,0.0,0.0,0.0,0.0,0.0,0.0,0.0,0.0,0.0,0.0,0.0,0.0,0.0,0.0,0.0,0.0,-0.15991438454400775,0.0,0.0,0.0,0.0,0.0,0.3850562364769573,0.0,0.0,0.0,0.0,0.0,0.0,0.0,0.0
5.183758700008217,1.1925144413116917,COc1ccc(C[C@@H]2NC(=O)[C@H]([C@H](C)O)NC(=O)[C@@H]3C[C@H](F)CN3C(=O)[C@H](Cc3c[nH]c4cc(F)ccc34)NC(=O)[C@H](Cc3c[nH]c4ccc(F)cc34)NC(=O)[C@@H](C)NC(=O)CCCCCNC(=O)c3ccc(cc3)C[C@@H](C(N)=O)NC(=O)[C@]3(C)CCCN3C2=O)cc1,0.0,0.0,0.0,0.0,0.0,0.0,0.0,0.0,0.0,0.0,0.0,0.0,0.0,0.0,0.0,0.0,0.0,0.0,0.0,0.0,0.0,0.0,0.0,0.0,0.0,0.0,0.0,0.0,0.0,-0.6931471805599453,0.0,0.6931471805599453,0.0,0.0,0.0,0.0,0.0,0.0,0.0,-0.103284415829272,-0.11409803753512811,0.0,0.0,0.0,0.0,0.0,0.0,0.0,0.0,0.0,0.006600684031352068,0.0,0.0,0.0,0.6931471805599453,0.0,0.0,0.0,0.0,0.0,0.0,0.0,0.0,0.0,0.0,0.0,0.0,0.0,0.0,0.0,0.0,0.0,0.0,0.0,0.0,0.0,0.0,0.0,0.0,0.0,0.0,0.0,0.0,0.0,0.0,0.0,0.0,0.0,-0.6931471805599453,0.0,0.0,0.0,0.0,0.0,0.0,0.0,0.0,0.0,0.0,0.0,0.0,0.0,0.0,0.0,0.0,0.0,0.0,0.0,0.0,0.0,0.0,0.0,0.0,0.0,0.0,0.0,0.0,0.0,0.0,0.0,0.0,0.0,0.6931471805599453,0.0,0.0,0.0,0.0,0.0,0.0,0.6931471805599453,0.0,0.0,0.0,0.0,0.0,0.0,0.0,0.0,0.0,0.0,0.0,0.0,0.0,0.0,0.0,0.0,0.0,0.0,0.0,0.0,0.0,0.0,0.0,0.0,0.0,0.0,0.0,0.0,0.0,0.0,0.0,0.0,0.0,0.0,0.0,0.6931471805599453,0.0,0.0,0.0,0.0,0.0,-0.3721613446340051,0.0,0.6931471805599453,0.0,0.0,0.0,0.05884050002293345,0.0,0.0,0.0,0.0,0.0,0.0,0.0,0.0
7.301029995663981,1.1925144413116917,COc1ccc(C[C@@H]2NC(=O)[C@H]([C@@H](C)O)NC(=O)[C@@H]3CCCN3C(=O)[C@H](Cc3c[nH]c4ccc(F)cc34)NC(=O)[C@H](Cc3c[nH]c4ccc(F)cc34)NC(=O)[C@@H](C)NC(=O)[C@H](CCCCN)NC(=O)CCSCc3cncc(c3)CSC[C@@H](C(N)=O)NC(=O)[C@]3(C)CCCN3C2=O)cc1,0.0,0.0,0.0,0.0,0.0,0.0,0.0,0.0,0.0,0.0,0.0,0.0,0.0,0.0,0.0,0.0,0.0,0.0,0.0,0.0,0.0,0.0,0.0,0.0,0.0,0.0,0.0,0.0,0.0,0.0,0.0,0.0,0.0,0.0,0.0,0.0,0.0,0.0,0.0,-0.103284415829272,-0.11409803753512811,0.0,0.0,0.0,0.0,0.0,0.0,0.0,0.0,0.0,-0.3921315772386994,0.0,0.0,0.0,0.0,0.0,0.0,0.0,0.0,0.0,0.0,0.0,0.0,0.0,0.0,0.0,0.0,0.0,0.0,0.0,0.0,0.0,0.0,0.0,0.0,0.0,0.0,0.0,0.0,0.0,0.0,0.0,0.0,0.0,0.0,0.0,0.0,0.0,-0.6931471805599453,0.0,0.0,0.0,0.0,0.0,0.0,0.0,0.0,0.0,0.0,0.0,0.0,0.0,0.0,0.0,0.0,0.0,0.0,0.0,0.0,0.0,0.0,0.0,0.0,0.0,0.0,0.0,0.0,0.0,0.0,0.0,0.0,0.0,0.0,0.0,0.0,0.0,0.0,0.0,0.0,0.6931471805599453,0.0,0.0,0.0,0.0,0.0,0.0,0.0,0.0,0.0,0.0,0.0,0.0,0.0,0.0,0.0,0.0,0.0,0.0,0.0,0.0,0.0,0.0,0.0,0.0,0.0,0.0,0.0,0.0,0.0,0.0,0.0,0.0,0.0,0.0,0.0,0.0,0.0,0.0,0.0,0.0,0.0,0.24487110701997458,0.0,0.0,0.0,0.0,0.0,-0.34294475112683037,0.0,0.0,0.0,0.0,0.0,0.0,0.0,0.0
6.259637310505756,1.1925144413116917,CO[C@H](C)[C@@H]1NC(=O)[C@@H]2C[C@@H](F)CN2C(=O)[C@H](Cc2c[nH]c3ccc(F)cc23)NC(=O)[C@H](Cc2c[nH]c3ccc(F)cc23)NC(=O)CNC(=O)[C@H](CCCCN)NC(=O)CCSCc2cccc(c2)CSC[C@@H](C(N)=O)NC(=O)[C@]2(C)CCCN2C(=O)[C@H](Cc2ccc(O)cc2)NC1=O,0.0,0.0,0.0,0.0,0.0,0.0,0.0,0.0,0.0,0.0,0.0,0.0,0.0,0.0,0.0,0.0,0.0,0.0,0.0,0.0,0.0,0.0,0.0,0.0,0.0,0.0,0.0,0.0,0.0,0.0,0.0,0.0,0.0,0.0,0.0,0.0,0.0,0.0,0.0,-0.103284415829272,-0.11409803753512811,0.0,0.0,0.0,0.0,0.0,0.0,0.0,0.0,0.0,-0.38314275267026626,0.0,0.0,0.0,0.0,0.0,0.0,0.0,0.0,0.0,0.0,0.0,0.0,0.0,0.0,0.0,0.0,0.0,0.0,0.0,0.0,0.0,0.0,0.0,0.0,0.0,0.0,0.0,0.0,0.0,0.0,0.0,0.0,0.0,0.0,0.0,0.0,0.0,-0.6931471805599453,0.0,0.0,0.0,0.0,0.0,0.0,0.0,0.0,0.0,0.0,0.0,0.0,0.0,0.0,0.0,0.0,0.0,0.0,0.0,0.0,0.0,0.0,0.0,0.0,0.0,0.0,0.0,0.0,0.0,0.0,0.0,0.0,0.0,0.0,0.0,0.0,0.0,0.0,0.0,0.0,0.6931471805599453,0.0,0.0,0.0,0.0,0.0,0.0,0.0,0.0,0.0,0.0,0.0,0.0,0.0,0.0,0.0,0.0,0.0,0.0,0.0,0.0,0.0,0.0,0.0,0.0,0.0,0.0,0.0,0.0,0.0,0.0,0.0,0.0,0.0,0.0,0.0,0.0,0.0,0.0,0.0,0.0,0.0,0.16971838464062974,0.0,0.0,0.0,0.0,0.0,-0.29898162770571435,0.0,0.0,0.0,0.0,0.0,0.0,0.0,0.0
4.449771646944906,1.1925144413116917,COc1ccc(C[C@@H]2NC(=O)[C@H]([C@@H](C)O)NC(=O)[C@@H]3CCCN3C(=O)[C@H](Cc3c[nH]c4ccc(F)cc34)NC(=O)[C@H](Cc3c[nH]c4ccc(F)cc34)NC(=O)[C@@H](C)NC(=O)[C@H](CCCCN)NC(=O)CCSCc3cc(O)cc(c3)CSC[C@@H](C(N)=O)NC(=O)[C@]3(C)CCCN3C2=O)cc1,0.7148462081390736,0.0,0.0,0.0,0.0,0.0,0.0,0.0,0.0,0.0,0.0,0.0,0.0,0.0,0.0,0.0,0.0,0.0,0.0,0.0,0.0,0.0,0.0,0.0,0.0,0.0,0.0,0.0,0.0,0.0,0.0,0.0,0.0,0.0,0.0,0.0,0.0,0.0,0.0,0.0,0.0,0.0,0.0,0.10130827721874541,0.0,0.0,0.0,0.0,0.0,0.0,-0.3921315772386994,0.0,0.0,0.0,0.6931471805599453,0.0,0.0,0.0,0.0,0.0,0.0,0.0,0.0,0.0,0.0,0.0,0.0,0.0,0.0,0.0,0.0,0.0,0.0,0.0,0.0,0.0,0.0,0.0,0.0,0.0,0.0,0.0,0.0,0.0,0.0,0.0,0.0,0.0,-0.6931471805599453,0.0,0.0,0.0,0.0,0.0,0.0,0.0,0.0,0.0,0.0,0.0,0.0,0.0,0.0,0.0,0.0,0.0,0.0,0.0,0.0,0.0,0.0,0.0,0.0,0.0,0.0,0.0,0.0,0.0,0.0,0.0,0.0,0.0,0.0,0.0,0.0,0.0,0.0,0.0,0.0,0.6931471805599453,0.0,0.0,0.0,0.0,0.0,0.0,0.0,0.0,0.0,0.0,0.0,0.0,0.0,0.0,0.0,0.0,0.0,0.0,0.0,0.0,0.0,0.0,0.0,0.0,0.0,0.0,0.0,0.0,0.0,0.0,0.0,0.0,0.0,0.0,0.0,0.0,0.0,0.0,0.0,0.0,0.0,0.06706423058054609,0.0,0.0,0.0,0.0,0.0,-0.3212047644904245,0.0,0.0,0.0,0.0,0.0,0.0,0.0,0.0
4.449771646944906,1.1925144413116917,COc1ccc(C[C@@H]2NC(=O)[C@H]([C@@H](C)O)NC(=O)[C@@H]3CCCN3C(=O)[C@H](Cc3c[nH]c4ccc(F)cc34)NC(=O)[C@H](Cc3c[nH]c4ccc(F)cc34)NC(=O)[C@@H](C)NC(=O)[C@H](CCCCN)NC(=O)CCSCc3cc(Br)cc(c3)CSC[C@@H](C(N)=O)NC(=O)[C@]3(C)CCCN3C2=O)cc1,0.0,0.0,0.0,0.0,0.0,0.0,0.0,0.0,0.0,0.0,0.0,0.0,0.0,0.0,0.0,0.0,0.0,0.0,0.0,0.0,0.0,0.0,0.0,0.0,0.0,0.0,0.0,0.0,0.0,0.0,0.0,0.0,0.0,0.0,0.0,0.0,0.0,0.0,0.0,0.0,0.0,0.0,0.0,0.10130827721874541,0.0,0.0,0.0,0.0,0.0,0.0,-0.6997478645912976,0.0,0.0,0.0,0.0,0.0,0.0,0.0,0.0,0.0,0.0,0.0,0.0,0.0,0.0,0.0,0.0,0.0,0.0,0.0,0.0,0.0,0.0,0.0,0.0,0.0,0.0,0.0,0.0,0.0,0.0,0.0,0.0,0.0,0.0,0.0,0.0,0.0,-0.6931471805599453,0.0,0.0,0.0,0.0,0.0,0.0,0.0,0.0,0.0,0.0,0.0,0.0,0.0,0.0,0.0,0.0,0.0,0.0,0.0,0.0,0.0,0.0,0.0,0.0,0.0,0.0,0.0,0.0,0.0,0.0,0.0,0.0,0.0,0.6931471805599453,0.0,0.0,0.0,0.0,0.0,0.0,0.6931471805599453,0.0,0.0,0.0,0.0,0.0,0.0,0.0,0.0,0.0,0.0,0.0,0.0,0.0,0.0,0.0,0.0,0.0,0.0,0.0,0.0,0.0,0.0,0.0,0.0,0.0,0.0,0.0,0.0,0.0,0.0,0.0,0.0,0.0,0.0,0.0,0.0,0.0,0.0,0.0,0.0,0.0,0.25388017696233955,0.0,0.0,0.0,0.0,0.0,-0.24116205681688804,0.0,0.0,0.0,0.0,0.0,0.0,0.0,0.0
5.183758700008217,1.1925144413116917,COc1ccc(C[C@@H]2NC(=O)[C@H]([C@@H](C)O)NC(=O)[C@@H]3CCCN3C(=O)[C@H](Cc3c[nH]c4ccc(F)cc34)NC(=O)[C@H](Cc3c[nH]c4ccc(F)cc34)NC(=O)[C@@H](C)NC(=O)[C@H](CCCCN)NC(=O)CCSCc3cc(C)cc(c3)CSC[C@@H](C(N)=O)NC(=O)[C@]3(C)CCCN3C2=O)cc1,0.0,0.0,0.0,0.0,0.0,0.0,0.0,0.0,0.0,0.0,0.0,0.0,0.0,0.0,0.0,0.0,0.0,0.0,0.0,0.0,0.0,0.0,0.0,0.0,0.0,0.0,0.0,0.0,0.0,0.0,0.0,0.0,0.0,0.0,0.0,0.0,0.0,0.0,0.0,0.11105295721410488,0.11087663101705109,0.0,0.0,0.2038893586045199,0.0,0.0,0.0,0.0,0.0,0.0,-0.40104032212780893,0.0,0.0,0.0,0.0,0.0,0.0,0.0,0.0,0.0,0.0,0.0,0.0,0.0,0.0,0.0,0.0,0.0,0.0,0.0,0.0,0.0,0.0,0.0,0.0,0.0,0.0,0.0,0.0,0.0,0.0,0.0,0.0,0.0,0.0,0.0,0.0,0.0,-0.6931471805599453,0.0,0.0,0.0,0.0,0.0,0.0,0.0,0.0,0.0,0.0,0.0,0.0,0.0,0.0,0.0,0.0,0.0,0.0,0.0,0.0,0.0,0.0,0.0,0.0,0.0,0.0,0.0,0.0,0.0,0.0,0.0,0.0,0.0,0.0,0.0,0.0,0.0,0.0,0.0,0.0,0.6931471805599453,0.0,0.0,0.0,0.0,0.0,0.0,0.0,0.0,0.0,0.0,0.0,0.0,0.0,0.0,0.0,0.0,0.0,0.0,0.0,0.0,0.0,0.0,0.0,0.0,0.0,0.0,0.0,0.0,0.0,0.0,0.0,0.0,0.0,0.0,0.0,0.0,0.0,0.0,0.0,0.0,0.0,0.21734643362988343,0.0,0.0,0.0,0.0,0.0,-0.3212047644904245,0.0,0.0,0.0,0.0,0.0,0.0,0.0,0.0
5.183758700008217,1.1925144413116917,COc1ccc(C[C@@H]2NC(=O)[C@H]([C@@H](C)O)NC(=O)[C@@H]3CCCN3C(=O)[C@H](Cc3c[nH]c4ccc(F)cc34)NC(=O)[C@H](Cc3c[nH]c4ccc(F)cc34)NC(=O)[C@@H](C)NC(=O)[C@H](CCCCN)NC(=O)CCSCc3cc(cc(OC)c3)CSC[C@@H](C(N)=O)NC(=O)[C@]3(C)CCCN3C2=O)cc1,0.7148462081390736,0.0,0.0,0.0,0.0,0.0,0.0,0.0,0.0,0.0,0.0,0.0,0.0,0.0,0.0,0.0,0.0,0.0,0.0,0.0,0.0,0.0,0.0,0.0,0.0,0.0,0.0,0.0,0.0,0.0,0.0,0.0,0.0,0.0,0.0,0.0,0.0,0.0,0.0,0.11105295721410488,0.11087663101705109,0.0,0.0,0.2038893586045199,0.0,0.0,0.0,0.0,0.0,0.0,0.14464490482755774,0.0,0.0,0.0,0.6931471805599453,0.0,0.0,0.0,0.0,0.0,0.0,0.0,0.0,0.0,0.0,0.0,0.0,0.0,0.0,0.0,0.0,0.0,0.0,0.0,0.0,0.0,0.0,0.0,0.0,0.0,0.0,0.0,0.0,0.0,0.0,0.0,0.0,0.0,-0.6931471805599453,0.0,0.0,0.0,0.0,0.0,0.0,0.0,0.0,0.0,0.0,0.0,0.0,0.0,0.0,0.0,0.0,0.0,0.0,0.0,0.0,0.0,0.0,0.0,0.0,0.0,0.0,0.0,0.0,0.0,0.0,0.0,0.0,0.0,0.0,0.0,0.0,0.0,0.0,0.0,0.0,0.6931471805599453,0.0,0.0,0.0,0.0,0.0,0.0,0.0,0.0,0.0,0.0,0.0,0.0,0.0,0.0,0.0,0.0,0.0,0.0,0.0,0.0,0.0,0.0,0.0,0.0,0.0,0.0,0.0,0.0,0.0,0.0,0.0,0.0,0.0,0.0,0.0,0.0,0.0,0.0,0.0,0.0,0.0,0.04520543676804694,0.0,0.0,0.0,0.0,0.0,-0.2047944126460132,0.0,0.0,0.0,0.0,0.0,0.0,0.0,0.0
5.183758700008217,1.1925144413116917,COc1ccc(C[C@@H]2NC(=O)[C@H]([C@@H](C)O)NC(=O)[C@@H]3CCCN3C(=O)[C@H](Cc3c[nH]c4ccc(F)cc34)NC(=O)[C@H](Cc3c[nH]c4ccc(F)cc34)NC(=O)[C@@H](C)NC(=O)[C@H](CCCCN)NC(=O)CCSCc3cc(Cl)cc(c3)CSC[C@@H](C(N)=O)NC(=O)[C@]3(C)CCCN3C2=O)cc1,0.0,0.0,0.0,0.0,0.0,0.0,0.0,0.0,0.0,0.0,0.0,0.0,0.0,0.0,0.0,0.0,0.0,0.0,0.0,0.0,0.0,0.0,0.0,0.0,0.0,0.0,0.0,0.0,0.0,0.0,0.0,0.0,0.0,0.0,0.0,0.0,0.0,0.0,0.0,0.11105295721410488,0.11087663101705109,0.0,0.0,0.2038893586045199,0.0,0.0,0.0,0.0,0.0,0.0,-0.5061790837099953,0.0,0.0,0.0,0.0,0.0,0.0,0.0,0.0,0.0,0.0,0.0,0.0,0.0,0.0,0.0,0.0,0.0,0.0,0.0,0.0,0.0,0.0,0.0,0.0,0.0,0.0,0.0,0.0,0.0,0.0,0.0,0.0,0.0,0.0,0.0,0.0,0.0,-0.6931471805599453,0.0,0.0,0.0,0.0,0.0,0.0,0.0,0.0,0.0,0.0,0.0,0.0,0.0,0.0,0.0,0.0,0.0,0.0,0.0,0.0,0.0,0.0,0.0,0.0,0.0,0.0,0.0,0.6931471805599453,0.0,0.0,0.0,0.0,0.0,0.0,0.0,0.0,0.0,0.0,0.0,0.0,0.6931471805599453,0.0,0.0,0.0,0.0,0.0,0.0,0.0,0.0,0.0,0.0,0.0,0.0,0.0,0.0,0.0,0.0,0.0,0.0,0.0,0.0,0.0,0.0,0.0,0.0,0.0,0.0,0.0,0.0,0.0,0.0,0.0,0.0,0.0,0.0,0.0,0.0,0.0,0.0,0.0,0.0,0.0,0.16971838464062974,0.0,0.6931471805599453,0.0,0.0,0.0,-0.21706450523782758,0.0,0.0,0.0,0.0,0.0,0.0,0.0,0.0
7.301029995663981,1.1925144413116917,COc1ccc(C[C@@H]2NC(=O)[C@H]([C@@H](C)O)NC(=O)[C@@H]3CCCN3C(=O)[C@H](Cc3c[nH]c4ccc(F)cc34)NC(=O)[C@H](Cc3c[nH]c4ccc(F)cc34)NC(=O)[C@@H](C)NC(=O)[C@H](CCCCN)NC(=O)CCSCc3cccc(n3)CSC[C@@H](C(N)=O)NC(=O)[C@]3(C)CCCN3C2=O)cc1,0.0,0.0,0.0,0.0,0.0,0.6931471805599453,0.0,0.6931471805599453,0.0,0.0,0.0,0.0,0.0,0.0,0.0,0.0,0.0,0.0,0.0,0.0,0.0,0.0,0.0,0.0,0.0,0.0,0.0,0.0,0.0,0.0,0.0,0.0,0.0,0.0,0.0,0.0,0.0,0.0,0.0,0.3758744249050815,0.37534873392630286,0.0,0.0,0.4531966352095854,0.0,0.0,0.0,0.0,0.0,0.0,-0.39436621504011576,0.0,0.0,0.0,0.0,0.0,0.0,0.0,0.0,0.0,0.0,0.0,0.0,0.0,0.0,0.0,0.0,0.0,0.0,0.0,0.0,0.0,0.0,0.0,0.0,0.0,0.0,0.0,0.0,0.0,0.0,0.0,0.0,0.0,0.0,0.0,0.0,0.0,0.0,0.0,0.0,0.0,0.0,0.0,0.0,0.0,0.0,0.0,0.0,0.0,0.0,0.0,0.0,0.0,0.0,0.0,0.0,0.0,0.0,0.0,0.0,0.0,0.0,0.0,0.0,0.0,0.0,0.0,0.0,0.0,0.0,0.0,0.0,0.0,0.0,0.0,0.0,0.0,0.0,0.6931471805599453,0.0,0.0,0.0,0.0,0.0,0.0,0.0,0.0,0.0,0.0,0.0,0.0,0.0,0.0,0.0,0.0,0.0,0.0,0.0,0.0,0.0,0.0,0.0,0.0,0.0,0.0,0.0,0.0,0.0,0.0,0.0,0.0,0.0,0.0,0.0,0.0,0.0,0.0,0.0,0.0,0.0,-0.04520543676804694,0.0,0.0,0.0,0.0,0.0,-0.45473615711494714,0.0,0.0,0.0,0.0,0.0,0.0,0.0,0.0
7.301029995663981,1.1925144413116917,COc1ccc(C[C@@H]2NC(=O)[C@H]([C@@H](C)O)NC(=O)[C@@H]3C[C@H](F)CN3C(=O)[C@H](Cc3c[nH]c4ccc(F)cc34)NC(=O)[C@H](Cc3c[nH]c4ccc(F)cc34)NC(=O)[C@@H](C)NC(=O)[C@H](CCCCN)NC(=O)[C@@H](NC(C)=O)CC(=O)NCc3ccc(cc3)C[C@@H](C(N)=O)NC(=O)[C@]3(C)CCCN3C2=O)cc1,0.0,0.0,0.0,0.0,0.0,0.0,0.0,0.0,0.0,0.0,0.0,0.0,0.0,0.0,0.0,0.0,0.0,0.0,0.0,0.0,0.0,0.0,0.0,0.0,0.0,0.0,0.0,0.0,0.0,0.0,0.0,0.0,0.0,0.0,0.0,0.0,0.0,0.0,0.0,0.3758744249050815,0.37534873392630286,0.0,0.0,0.4531966352095854,0.0,0.0,0.0,0.0,0.0,0.0,0.03577617316528363,0.0,0.0,0.0,0.6931471805599453,0.0,0.0,0.0,0.0,0.0,0.0,0.0,0.0,0.0,0.0,0.0,0.0,0.0,0.0,0.0,0.0,0.0,0.0,0.0,0.0,0.0,0.0,0.0,0.0,0.0,0.0,0.0,0.0,0.0,0.0,0.0,0.0,0.0,-0.6931471805599453,0.0,0.0,0.0,0.0,0.0,0.0,0.0,0.0,0.0,0.0,0.0,0.0,0.0,0.0,0.0,0.0,0.0,0.0,0.0,0.0,0.0,0.0,0.0,0.0,0.0,0.0,0.0,0.0,0.0,0.0,0.0,0.0,0.0,0.0,0.0,0.0,0.0,0.0,0.0,0.0,0.6931471805599453,0.0,0.0,0.0,0.0,0.0,0.0,0.0,0.0,0.0,0.0,0.0,0.0,0.0,0.0,0.0,0.0,0.0,0.0,0.0,0.0,0.0,0.0,0.0,0.0,0.0,0.0,0.0,0.0,0.0,0.0,0.0,0.0,0.0,0.0,0.0,0.6931471805599453,0.0,0.0,0.0,0.0,0.0,0.0,0.0,0.0,0.0,0.0,0.0,0.21706450523782758,0.0,0.0,0.0,0.0,0.0,0.0,0.0,0.0
7.301029995663981,1.1925144413116917,COc1ccc(C[C@@H]2NC(=O)[C@H]([C@@H](C)O)NC(=O)[C@@H]3C[C@H](F)CN3C(=O)[C@H](Cc3c[nH]c4ccc(F)cc34)NC(=O)[C@H](Cc3c[nH]c4ccc(F)cc34)NC(=O)[C@@H](C)NC(=O)[C@H](CCCCN)NC(=O)[C@@H](NC(C)=O)CC(=O)NCCOc3ccc(cc3)C[C@@H](C(N)=O)NC(=O)[C@]3(C)CCCN3C2=O)cc1,0.7148462081390736,0.0,0.0,0.0,0.0,0.0,0.0,0.0,0.0,0.0,0.0,0.0,0.0,0.0,0.0,0.0,0.0,0.0,0.0,0.0,0.0,0.0,0.0,0.0,0.0,0.0,0.0,0.0,0.0,0.0,0.0,0.0,0.0,0.0,0.0,0.0,0.0,0.0,0.0,0.3758744249050815,0.37534873392630286,0.0,0.0,0.4531966352095854,0.0,0.0,0.0,0.0,0.0,0.0,0.038965968533383785,0.0,0.0,0.0,0.0,0.0,0.0,0.0,0.0,0.0,0.0,0.0,0.0,0.0,0.0,0.0,0.0,0.0,0.0,0.0,0.0,0.0,0.0,0.0,0.0,0.0,0.0,0.0,0.0,0.0,0.0,0.0,0.0,0.0,0.0,0.0,0.0,0.0,-0.6931471805599453,0.0,0.0,0.0,0.0,0.0,0.0,0.0,0.0,0.0,0.0,0.0,0.0,0.0,0.0,0.0,0.0,0.0,0.0,0.0,0.0,0.0,0.0,0.0,0.0,0.0,0.0,0.0,0.0,0.0,0.0,0.0,0.0,0.0,0.0,0.0,0.0,0.0,0.0,0.0,0.0,0.6931471805599453,0.0,0.0,0.0,0.0,0.0,0.0,0.0,0.0,0.0,0.0,0.0,0.0,0.0,0.0,0.0,0.0,0.0,0.0,0.0,0.0,0.0,0.0,0.0,0.0,0.0,0.0,0.0,0.0,0.0,0.0,0.0,0.0,0.0,0.0,0.0,0.0,0.0,0.0,0.0,0.0,0.0,0.05619455834364338,0.0,0.0,0.0,0.0,0.0,0.25299651446389093,0.0,0.0,0.0,0.0,0.0,0.0,0.0,0.0
7.301029995663981,1.1925144413116917,COc1ccc(C[C@@H]2NC(=O)[C@H]([C@H](C)O)NC(=O)[C@@H]3C[C@H](F)CN3C(=O)[C@H](Cc3c[nH]c4ccc(F)cc34)NC(=O)[C@H](Cc3c[nH]c4ccc(F)cc34)NC(=O)[C@@H](C)NC(=O)[C@H](CCCCN)NC(=O)[C@H](NC(C)=O)CCc3cn(nn3)-c3ccc(cc3)C[C@@H](C(N)=O)NC(=O)[C@]3(C)CCCN3C2=O)cc1,0.7093123221826213,0.0,0.0,0.0,0.0,0.0,0.0,0.6931471805599453,0.0,0.0,0.0,0.0,0.0,0.0,0.0,0.0,0.0,0.0,0.0,0.7506846340696651,0.0,0.0,0.0,0.0,0.0,0.0,0.0,0.0,0.0,-0.6931471805599453,0.0,0.0,0.0,0.0,0.0,0.0,0.0,0.0,0.0,0.3758744249050815,0.37534873392630286,0.0,0.0,0.4531966352095854,0.0,0.0,0.0,0.0,0.0,0.0,0.009884759232542,0.0,0.0,0.0,0.0,0.0,0.0,0.0,0.6931471805599453,0.0,0.0,0.0,0.0,0.0,0.0,0.0,0.0,0.6931471805599453,0.0,0.0,0.0,0.0,0.0,0.0,0.0,0.0,0.0,0.0,0.0,0.0,0.0,0.0,0.0,0.0,0.0,0.0,0.0,0.0,-0.6931471805599453,0.0,0.0,0.0,0.0,0.0,0.0,0.0,0.0,0.0,0.0,0.0,0.0,0.0,0.0,0.0,0.0,0.0,0.0,0.0,0.0,0.0,0.0,0.0,0.0,0.0,0.0,0.0,0.6931471805599453,0.0,0.0,0.6931471805599453,0.0,0.0,0.0,0.0,0.0,0.0,0.0,0.0,0.0,0.6931471805599453,0.0,0.0,0.0,0.0,0.0,0.0,0.0,0.0,0.0,0.0,0.0,0.0,0.0,0.0,0.0,0.0,0.0,0.0,0.0,0.0,0.0,0.0,0.0,0.0,0.0,0.0,0.0,0.0,0.0,0.0,0.0,0.0,0.0,0.0,0.0,0.0,0.0,0.0,0.0,0.0,0.0,-0.10939859440710693,0.0,0.0,0.0,0.0,0.0,-0.05884050002293345,0.0,0.0,0.0,0.0,0.0,0.0,0.0,0.0
6.150514997831991,0.2973629040733618,COc1ccc(C[C@@H]2NC(=O)[C@H]([C@@H](C)O)NC(=O)[C@@H]3CCCN3C(=O)[C@H](Cc3c[nH]c4ccc(F)cc34)NC(=O)[C@H](Cc3c[nH]c4ccc(F)cc34)NC(=O)[C@@H](C)NC(=O)[C@H](CCCCN)NC(=O)CCSCc3cc(ccc3F)CSC[C@@H](C(N)=O)NC(=O)[C@]3(C)CCCN3C2=O)cc1,0.0,0.0,0.0,0.0,0.0,0.0,0.0,0.0,0.0,0.0,0.0,0.0,0.0,0.0,0.0,0.0,0.0,0.0,0.0,0.0,0.0,0.0,0.0,0.0,0.0,0.0,0.0,0.0,0.0,0.0,0.0,0.0,0.0,0.0,0.0,0.0,0.0,0.0,0.0,0.22159893318814058,0.2590860088262802,0.0,0.0,0.0,0.0,0.0,0.0,0.0,0.0,0.0,-0.3298276939025445,0.0,0.0,0.0,0.0,0.0,0.0,0.0,0.0,0.0,0.0,0.0,0.0,0.0,0.0,0.0,0.0,0.0,0.0,0.0,0.0,0.0,0.0,0.0,0.0,0.0,0.0,0.0,0.0,0.0,0.0,0.0,0.0,0.0,0.0,0.0,0.0,0.0,-0.6931471805599453,0.0,0.0,0.0,0.0,0.0,0.0,0.0,0.0,0.0,0.0,0.0,0.0,0.0,0.0,0.0,0.0,0.0,0.0,0.0,0.0,0.0,0.0,0.0,0.0,0.0,0.0,0.0,0.0,0.0,0.0,0.0,0.0,0.0,0.0,0.0,0.0,0.0,0.0,0.0,0.0,0.6931471805599453,0.0,0.0,0.0,0.0,0.0,0.0,0.0,0.0,0.0,0.0,0.0,0.0,0.0,0.0,0.0,0.0,0.0,0.0,0.0,0.0,0.0,0.0,0.0,0.0,0.0,0.0,0.0,0.0,0.0,0.0,0.0,0.0,0.0,0.0,0.0,0.0,0.0,0.0,0.0,0.0,0.0,-0.23578013531872155,0.0,0.0,0.0,0.0,0.0,-0.3953127366441464,0.0,0.0,0.0,0.0,0.0,0.0,0.0,0.0
6.150514997831991,0.2973629040733618,CO[C@@H](C)[C@@H]1NC(=O)[C@@H]2CCCN2C(=O)[C@H](Cc2c[nH]c3ccc(F)cc23)NC(=O)[C@H](Cc2c[nH]c3ccc(F)cc23)NC(=O)CNC(=O)[C@H](CCCCN)NC(=O)CCSCc2cccc(c2)CSCCNC(=O)[C@]2(C)CCCN2C(=O)[C@H](Cc2ccc(O)cc2)NC1=O,0.0,0.0,0.0,0.0,0.0,0.0,0.0,0.0,0.0,0.0,0.0,0.0,0.0,0.0,0.0,0.0,0.0,0.0,0.0,0.0,0.0,0.0,0.0,0.0,0.0,0.0,0.0,0.0,0.0,0.0,0.0,0.0,0.0,0.0,0.0,0.0,0.0,0.0,0.0,0.22159893318814058,0.2590860088262802,0.0,0.0,0.0,0.0,0.0,0.0,0.0,0.0,0.0,-0.3556810727288783,0.0,0.0,0.0,0.0,0.0,0.0,0.0,0.0,0.0,0.0,0.0,0.0,0.0,0.0,0.0,0.0,0.0,0.0,0.0,0.0,0.0,0.0,0.0,0.0,0.0,0.0,0.0,0.0,0.0,0.0,0.0,0.0,0.0,0.0,0.0,0.0,0.0,-0.6931471805599453,0.0,0.0,0.0,0.0,0.0,0.0,0.0,0.0,0.0,0.0,0.0,0.0,0.0,0.0,0.0,0.0,0.0,0.0,0.0,0.0,0.0,0.0,0.0,0.0,0.0,0.0,0.0,0.0,0.0,0.0,0.0,0.0,0.0,0.0,0.0,0.0,0.0,0.0,0.0,0.0,0.0,0.0,0.0,0.0,0.0,0.0,0.0,0.0,0.0,0.0,0.0,0.0,0.0,0.0,0.0,0.0,0.0,0.0,0.0,0.0,0.0,0.0,0.0,0.0,0.0,0.0,0.0,0.0,0.0,0.0,0.0,0.0,0.0,0.0,0.0,0.0,0.0,0.0,0.0,0.0,0.0,0.0,0.022858138076050267,0.0,0.0,0.0,0.0,0.0,-0.25299651446389093,0.0,0.0,0.0,0.0,0.0,0.0,0.0,0.0
6.150514997831991,0.2973629040733618,CO[C@@H](C)[C@@H]1NC(=O)[C@@H]2CCCN2C(=O)[C@H](Cc2c[nH]c3ccc(F)cc23)NC(=O)[C@H](Cc2c[nH]c3ccc(F)cc23)NC(=O)[C@@H](C)NC(=O)[C@H](CCCCN)NC(=O)CCSCc2cccc(c2)CSCCNC(=O)[C@]2(C)CCCN2C(=O)[C@H](Cc2ccc(O)cc2)NC1=O,0.0,0.0,0.0,0.0,0.0,0.0,0.0,0.0,0.0,0.0,0.0,0.0,0.0,0.0,0.0,0.0,0.0,0.0,0.0,0.0,0.0,0.0,0.0,0.0,0.0,0.0,0.0,0.0,0.0,0.0,0.0,0.0,0.0,0.0,0.0,0.0,0.0,0.0,0.0,0.22159893318814058,0.2590860088262802,0.0,0.0,0.0,0.0,0.0,0.0,0.0,0.0,0.0,-0.3717918930015767,0.0,0.0,0.0,0.0,0.0,0.0,0.0,0.0,0.0,0.0,0.0,0.0,0.0,0.0,0.0,0.0,0.0,0.0,0.0,0.0,0.0,0.0,0.0,0.0,0.0,0.0,0.0,0.0,0.0,0.0,0.0,0.0,0.0,0.0,0.0,0.0,0.0,-0.6931471805599453,0.0,0.0,0.0,0.0,0.0,0.0,0.0,0.0,0.0,0.0,0.0,0.0,0.0,0.0,0.0,0.0,0.0,0.0,0.0,0.0,0.0,0.0,0.0,0.0,0.0,0.0,0.0,0.0,0.0,0.0,0.0,0.0,0.0,0.0,0.0,0.0,0.0,0.0,0.0,0.0,0.0,0.0,0.0,0.0,0.0,0.0,0.0,0.0,0.0,0.0,0.0,0.0,0.0,0.0,0.0,0.0,0.0,0.0,0.0,0.0,0.0,0.0,0.0,0.0,0.0,0.0,0.0,0.0,0.0,0.0,0.0,0.0,0.0,0.0,0.0,0.0,0.0,0.0,0.0,0.0,0.0,0.0,-0.04520543676804694,0.0,0.0,0.0,0.0,0.0,-0.34294475112683037,0.0,0.0,0.0,0.0,0.0,0.0,0.0,0.0
6.259637310505756,1.1925144413116917,COc1ccc(C[C@@H]2NC(=O)[C@H]([C@H](C)OC)NC(=O)[C@@H]3C[C@H](F)CN3C(=O)[C@H](Cc3c[nH]c4ccc(F)cc34)NC(=O)[C@H](Cc3c[nH]c4ccc(F)cc34)NC(=O)[C@@H](C)NC(=O)[C@H](CCCCN)NC(=O)CCSCc3cccc(c3)CSC[C@@H](C(N)=O)NC(=O)[C@]3(C)CCCN3C2=O)cc1,0.0,0.0,0.0,0.0,0.0,0.0,0.0,0.0,0.0,0.0,0.0,0.0,0.0,0.0,0.0,0.0,0.0,0.0,0.0,0.0,0.0,0.0,0.0,0.0,0.0,0.0,0.0,0.0,0.0,0.0,0.0,0.0,0.0,0.0,0.0,0.0,0.0,0.0,0.0,0.2543463885567357,0.25396960936753976,0.0,0.0,0.3386293396892764,0.0,0.0,0.0,0.0,0.0,0.0,-0.3898919346451946,0.0,0.0,0.0,0.0,0.0,0.0,0.0,0.0,0.0,0.0,0.0,0.0,0.0,0.0,0.0,0.0,0.0,0.0,0.0,0.0,0.0,0.0,0.0,0.0,0.0,0.0,0.0,0.0,0.0,0.0,0.0,0.0,0.0,0.0,0.0,0.0,0.0,-0.6931471805599453,0.0,0.0,0.0,0.0,0.0,0.0,0.0,0.0,0.0,0.0,0.0,0.0,0.0,0.0,0.0,0.0,0.0,0.0,0.0,0.0,0.0,0.0,0.0,0.0,0.0,0.0,0.0,0.0,0.0,0.0,0.0,0.0,0.0,0.0,0.0,0.0,0.0,0.0,0.0,0.0,0.6931471805599453,0.0,0.0,0.0,0.0,0.0,0.0,0.0,0.0,0.0,0.0,0.0,0.0,0.0,0.0,0.0,0.0,0.0,0.0,0.0,0.0,0.0,0.0,0.0,0.0,0.0,0.0,0.0,0.0,0.0,0.0,0.0,0.0,0.0,0.0,0.0,0.0,0.0,0.0,0.0,0.0,0.0,0.11970796406596934,0.0,0.0,0.0,0.0,0.0,-0.2762533766281582,0.0,0.0,0.0,0.0,0.0,0.0,0.0,0.0
6.150514997831991,0.2973629040733618,COc1ccc(C[C@@H]2NC(=O)[C@H]([C@@H](C)O)NC(=O)[C@@H]3CCCN3C(=O)[C@H](Cc3c[nH]c4ccc(F)cc34)NC(=O)[C@H](Cc3c[nH]c4ccc(F)cc34)NC(=O)[C@@H](C)NC(=O)[C@H](CCCCN)NC(=O)CCSCc3cc(cc(C(F)(F)F)c3)CSC[C@@H](C(N)=O)NC(=O)[C@]3(C)CCCN3C2=O)cc1,0.0,0.0,0.0,0.0,0.0,0.0,0.0,0.0,0.0,0.0,0.0,0.0,0.0,0.0,0.0,0.0,0.0,0.0,0.0,0.0,0.0,0.0,0.0,0.0,0.0,0.0,0.0,0.0,0.0,0.0,0.0,0.0,0.0,0.0,0.0,0.0,0.0,0.0,0.0,0.22159893318814058,0.2590860088262802,0.0,0.0,0.0,0.0,0.0,0.0,0.0,0.0,0.0,0.05476408540997501,0.0,0.0,0.0,0.0,0.0,0.0,0.0,0.0,0.0,0.0,0.0,0.0,0.0,0.0,0.0,0.0,0.0,0.0,0.0,0.0,0.0,0.0,0.0,0.0,0.0,0.0,0.0,0.0,0.0,0.0,0.0,0.0,0.0,0.0,0.0,0.0,0.0,-0.6931471805599453,0.0,0.0,0.0,0.0,0.0,0.0,0.0,0.0,0.0,0.0,0.0,0.0,0.0,0.0,0.0,0.0,0.0,0.0,0.0,0.0,0.0,0.0,0.0,0.0,0.0,0.0,0.0,0.0,0.0,0.0,0.0,0.0,0.0,0.0,0.0,0.0,0.0,0.0,0.0,0.0,0.6931471805599453,0.0,0.0,0.0,0.0,0.0,0.0,0.0,0.0,0.0,0.0,0.0,0.0,0.0,0.0,0.0,0.0,0.0,0.0,0.0,0.0,0.0,0.0,0.0,0.0,0.0,0.0,0.0,0.0,0.0,0.0,0.0,0.0,0.0,0.0,0.0,0.0,0.0,0.0,0.0,0.0,0.0,-0.7131764624355195,0.0,0.0,0.0,0.0,0.0,-0.1278333715098849,0.0,0.0,0.0,0.0,0.0,0.0,0.0,0.0
6.150514997831991,0.2973629040733618,C#CCCC[C@@H]1NC(=O)[C@H](Cc2c[nH]c3ccc(F)cc23)NC(=O)[C@H](CCCCN=[N+]=[N-])NC(=O)[C@@H](C)NC(=O)[C@H](CCCCN)NC(=O)CCSCc2cccc(c2)CSCCNC(=O)[C@]2(C)CCCN2C(=O)[C@H](Cc2ccc(OC)cc2)NC(=O)[C@H]([C@H](C)O)NC1=O,1.1759184166680314,0.0,0.0,0.0,0.0,0.0,0.0,0.0,0.0,0.0,0.0,0.0,0.0,0.0,0.0,0.0,0.0,0.0,0.0,-0.0866157283328626,0.0,0.0,0.0,0.0,0.0,0.0,0.0,0.0,0.0,0.0,0.0,0.0,0.0,0.0,0.0,0.0,0.0,0.0,0.0,0.22159893318814058,0.2590860088262802,0.0,0.0,0.0,0.0,0.0,0.0,0.0,0.0,0.0,-0.2909878605862805,0.0,0.0,0.0,0.0,0.0,0.0,0.0,0.0,0.0,0.0,0.0,0.0,0.0,0.0,0.0,0.0,0.0,0.0,0.0,0.0,0.0,0.0,0.0,0.0,0.0,0.0,0.0,0.0,0.0,0.0,-0.6931471805599453,0.0,0.0,0.0,0.0,0.0,0.0,-0.6931471805599453,0.0,0.0,0.0,0.0,0.0,0.0,0.0,0.0,0.0,0.0,0.0,0.0,0.0,0.0,0.0,0.0,0.0,0.0,0.0,0.0,0.0,0.0,0.0,0.0,0.0,0.0,0.0,0.0,0.0,0.0,0.0,0.0,0.0,0.6931471805599453,0.0,0.0,0.0,0.0,0.0,0.0,0.0,0.0,0.0,0.0,0.0,0.0,0.0,0.0,0.0,0.0,0.0,0.0,0.0,0.0,0.0,0.0,0.0,0.0,0.0,0.0,0.0,0.0,0.0,0.0,0.0,0.0,0.0,0.0,0.0,0.0,0.0,0.0,0.0,0.0,0.0,0.0,0.0,0.0,0.0,0.0,0.0,0.0,0.4779201873235871,0.0,0.6931471805599453,0.0,0.0,0.0,-0.37469344944141064,0.0,0.0,0.0,0.0,0.0,0.0,0.0,0.0
7.301029995663981,1.1925144413116917,COc1ccc(C[C@@H]2NC(=O)[C@H]([C@@H](C)O)NC(=O)[C@@H]3C[C@H](F)CN3C(=O)[C@H](Cc3c[nH]c4ccc(F)cc34)NC(=O)[C@H](Cc3c[nH]c4ccc(F)cc34)NC(=O)[C@@H](C)NC(=O)CNC(=O)CCCCNCc3ccc(cc3)C[C@@H](C(N)=O)NC(=O)[C@]3(C)CCCN3C2=O)cc1,0.0,0.0,0.0,0.0,0.0,0.0,0.0,0.0,0.0,0.0,0.0,0.0,0.0,0.0,0.0,0.0,0.0,0.0,0.0,0.0,0.0,0.0,0.0,0.0,0.0,0.0,0.0,0.0,0.0,-0.6931471805599453,0.0,0.0,0.0,0.0,0.0,0.0,0.0,0.0,0.0,0.3758744249050815,0.37534873392630286,0.0,0.0,0.4531966352095854,0.0,0.0,0.0,0.0,0.0,0.0,-0.06412452816953876,0.0,0.0,0.0,0.6931471805599453,0.0,0.0,0.0,0.0,0.0,0.0,0.0,0.0,0.0,0.0,0.0,0.0,0.0,0.0,0.0,0.0,0.0,0.0,0.0,0.0,0.0,0.0,0.0,0.0,0.0,0.0,0.0,0.0,0.0,0.0,0.0,0.0,0.0,-0.6931471805599453,0.0,0.0,0.0,0.0,0.0,0.0,0.0,0.0,0.0,0.0,0.0,0.0,0.0,0.0,0.0,0.0,0.0,0.0,0.0,0.0,0.0,0.0,0.0,0.0,0.0,0.0,0.0,0.0,0.0,0.0,0.0,0.0,0.0,0.0,0.0,0.0,0.0,0.0,0.0,0.0,0.6931471805599453,0.0,0.0,0.0,0.0,0.0,0.0,0.0,0.0,0.0,0.0,0.0,0.0,0.0,0.0,0.0,0.0,0.0,0.0,0.0,0.0,0.0,0.0,0.0,0.0,0.0,0.0,0.0,0.0,0.0,0.0,0.0,0.0,0.0,0.0,0.0,0.6931471805599453,0.0,0.0,0.0,0.0,0.0,0.04520543676804694,0.0,0.0,0.0,0.0,0.0,0.3321338350226148,0.0,0.0,0.0,0.0,0.0,0.0,0.0,0.0
6.259637310505756,1.1925144413116917,CCOP(=O)(OCC)C(F)(F)c1ccc(C[C@@H]2NC(=O)[C@H]([C@@H](C)O)NC(=O)[C@@H]3CCCN3C(=O)[C@H](Cc3c[nH]c4ccc(F)cc34)NC(=O)[C@H](Cc3c[nH]c4ccc(F)cc34)NC(=O)[C@@H](C)NC(=O)[C@H](CCCCN)NC(=O)CCSCc3cccc(c3)CSCCNC(=O)[C@]3(C)CCCN3C2=O)cc1,-0.7148462436713207,0.0,0.0,0.0,0.0,0.0,0.0,0.6931471805599453,0.0,0.0,0.0,0.0,0.0,0.0,0.0,0.0,0.0,0.0,0.0,0.0,0.0,0.0,0.0,0.0,0.0,0.0,0.0,0.0,0.0,0.0,0.0,0.0,0.0,0.0,0.0,0.0,0.0,0.0,0.0,0.2543463885567357,0.25396960936753976,0.0,0.0,0.3386293396892764,0.0,0.0,0.0,0.0,0.0,0.0,-0.577431542786915,0.0,0.0,0.0,0.0,0.0,0.0,0.0,0.6931471805599453,0.0,0.0,0.0,0.0,0.0,0.0,0.0,0.6931471805599453,0.6931471805599453,0.0,0.0,0.0,0.0,0.0,0.0,0.0,0.0,0.0,0.0,0.0,0.0,0.0,0.0,0.0,0.0,0.0,0.0,0.0,0.0,-0.6931471805599453,0.0,0.0,0.0,0.0,0.0,0.0,0.0,0.0,0.0,0.0,0.0,0.0,0.0,0.0,0.0,0.0,0.0,0.0,0.6931471805599453,0.0,0.0,0.0,0.0,0.0,0.0,0.0,0.0,0.6931471805599453,0.0,0.0,0.0,0.0,0.0,0.6931471805599453,0.0,0.0,0.0,0.0,0.0,0.0,0.0,0.0,0.0,0.0,0.0,0.0,0.0,0.0,0.0,0.0,0.0,0.0,0.0,0.0,0.0,0.0,0.0,0.0,0.0,0.0,0.0,0.0,0.0,0.0,0.0,0.0,0.0,0.0,0.0,0.0,0.0,0.0,0.0,0.0,0.0,0.0,0.6931471805599453,0.0,0.0,0.0,0.0,0.0,-1.022575675607984,0.0,0.0,0.0,0.0,0.0,-0.16705408466316618,0.0,0.0,0.0,0.0,0.0,0.0,0.0,0.0
4.449771646944906,1.1925144413116917,COc1ccc(C[C@@H]2NC(=O)[C@H]([C@@H](C)O)NC(=O)[C@@H]3C[C@H](F)CN3C(=O)[C@H](Cc3c[nH]c4ccc(F)cc34)NC(=O)[C@H](Cc3c[nH]c4ccc(F)cc34)NC(=O)[C@@H](C)NC(=O)[C@H](CCCCN)NC(=O)CCC/C=C\Cc3ccc(cc3)C[C@@H](C(N)=O)NC(=O)[C@]3(C)CCCN3C2=O)cc1,0.0,0.0,0.0,0.0,0.0,0.0,0.0,0.0,0.0,0.0,0.0,0.0,0.0,0.0,0.0,0.0,0.0,0.0,0.0,0.0,0.0,0.0,0.0,0.0,0.0,0.0,0.0,0.0,0.0,-0.6931471805599453,0.0,0.0,0.0,0.0,0.0,0.0,0.0,0.0,0.0,0.0,0.0,0.0,0.0,0.10130827721874541,0.0,0.0,0.0,0.0,0.0,0.0,0.03257617043461277,0.0,0.0,0.0,0.0,0.0,0.0,0.0,0.0,0.0,0.0,0.0,0.0,0.0,0.0,0.0,0.0,0.0,0.0,0.0,0.0,0.0,0.0,0.0,0.0,0.0,0.0,0.0,0.0,0.0,0.0,0.0,0.0,0.0,0.0,0.0,0.0,0.0,-0.6931471805599453,0.0,0.0,0.0,0.0,0.0,0.0,0.0,0.0,0.0,0.0,0.0,0.0,0.0,0.0,0.0,0.0,0.0,0.0,0.0,0.0,0.0,0.0,0.0,0.0,0.0,0.0,0.0,0.0,0.0,0.0,0.0,0.0,0.0,0.0,0.0,0.0,0.0,0.0,0.0,0.0,0.6931471805599453,0.0,0.0,0.0,0.0,0.0,0.0,0.0,0.0,0.0,0.0,0.0,0.0,0.0,0.0,0.0,0.0,0.0,0.0,0.0,0.0,0.0,0.0,0.0,0.0,0.0,0.0,0.0,0.0,0.0,0.0,0.0,0.0,0.0,0.0,0.0,0.0,0.0,0.0,0.0,0.0,0.0,0.05619455834364338,0.0,0.0,0.0,0.0,0.0,-0.16705408466316618,0.0,0.0,0.0,0.0,0.0,0.0,0.0,0.0
5.183758700008217,1.1925144413116917,CCCCCCCCCCCCCCCC(=O)N[C@@H](CCC(=O)NCCOCCOCC(=O)NCCOCCOCC(=O)NCCCC[C@H](NC(=O)CCOCCOCCOCCOCCOCCOCCOCCOCCNC(=O)CCOCCOCCOCCOCCOCCOCCOCCOCCOCCOCCOCCOCCNC(=O)[C@@H]1CSCc2cccc(c2)CSCCC(=O)N[C@@H](C)C(=O)N[C@H](C)C(=O)N[C@@H](Cc2c[nH]c3ccc(F)cc23)C(=O)N[C@@H](Cc2c[nH]c3ccc(F)cc23)C(=O)[C@@H]2C[C@H](F)CN2C(=O)N[C@@H]([C@@H](C)O)C(=O)N[C@@H](Cc2ccc(O)cc2)C(=O)N2CCC[C@@]2(C)C(=O)N1)C(N)=O)C(=O)O,0.0,0.0,0.0,0.0,0.0,0.6931471805599453,0.0,0.0,0.0,0.0,0.0,0.0,0.0,0.0,0.0,0.0,0.0,0.0,0.0,0.0,0.0,0.0,0.0,0.0,0.0,0.0,0.0,0.0,0.0,0.0,0.0,0.0,0.0,0.0,0.0,0.0,0.0,0.0,0.0,0.11105295721410488,0.11087663101705109,0.0,0.0,0.2038893586045199,0.0,0.0,0.0,0.0,0.0,0.0,0.13601175768285478,0.0,0.0,0.0,0.0,0.0,0.0,0.0,0.0,0.0,0.0,0.0,0.0,0.0,0.0,0.0,0.6931471805599453,0.6931471805599453,0.0,0.0,0.0,0.0,0.0,0.0,0.0,0.0,0.0,0.0,0.0,0.0,0.0,0.0,0.0,0.0,0.0,0.0,0.0,0.0,0.0,0.0,0.0,0.0,0.0,0.0,0.0,0.0,0.0,0.0,0.0,0.0,0.0,0.0,0.0,0.0,0.0,0.0,0.0,0.0,0.0,0.0,0.0,0.0,0.0,0.0,0.0,0.0,0.0,0.0,0.0,0.0,0.0,0.0,0.0,0.0,0.0,0.0,0.0,0.0,0.0,0.6931471805599453,0.0,0.0,0.0,0.0,0.0,0.0,0.0,0.0,0.0,0.0,0.0,0.0,0.0,0.0,0.0,0.0,0.0,0.0,0.0,0.0,0.0,0.0,0.0,0.0,0.0,0.0,0.0,0.0,0.0,0.0,0.0,0.0,0.0,0.0,0.0,0.0,0.0,0.0,0.0,0.0,0.0,-0.25388017696233955,0.0,0.0,0.0,0.0,0.0,0.35364004024357837,0.0,0.0,0.0,0.0,0.0,0.0,0.0,0.0
4.449771646944906,1.1925144413116917,CCC[C@H](NC(C)=O)C(=O)N[C@@H](Cc1c[nH]cn1)C(=O)N(C)[C@@H](Cc1ccc(F)cc1)C(=O)N[C@H]1CSCc2cccc(c2)CSC[C@@H](C(N)=O)NC(=O)[C@@H]2CCCN2C(=O)[C@H](Cc2ccc(O)cc2)NC(=O)[C@H](CC2C=NC=N2)NC(=O)[C@H](CC(=O)O)NC(=O)[C@H](Cc2c[nH]c3ccc(F)cc23)NC(=O)[C@H](Cc2c[nH]c3ccc(F)cc23)NC(=O)CNC(=O)[C@H](CCCCN)NC1=O,0.0,0.0,0.0,0.0,0.0,0.6931471805599453,0.0,0.0,0.0,0.0,0.0,0.0,0.0,0.0,0.0,0.0,0.0,0.6931471805599453,0.0,0.0,0.0,0.0,0.0,0.0,0.0,0.0,0.0,0.0,0.0,0.0,0.0,0.0,0.0,0.0,0.0,0.0,0.0,0.0,0.0,0.0,0.0,0.0,0.0,0.10130827721874541,0.0,0.0,0.0,0.0,0.0,0.0,-0.23760797180577636,0.0,0.0,0.0,0.0,0.0,0.0,0.0,0.0,0.0,0.0,0.0,0.0,0.0,0.0,0.0,0.0,0.0,0.0,0.0,0.0,0.0,0.0,0.0,0.0,0.0,0.0,0.0,0.0,0.0,0.0,0.0,-0.6931471805599453,0.0,0.0,0.0,0.0,0.0,0.0,0.0,0.0,0.0,0.0,0.0,0.0,0.0,0.0,0.0,0.0,0.0,0.0,0.0,0.0,0.0,0.0,0.0,0.0,0.0,0.0,0.0,0.0,0.0,0.0,0.0,0.0,0.0,0.0,0.0,0.0,0.0,0.0,0.0,0.0,0.0,0.0,0.0,0.0,0.0,0.0,0.6931471805599453,0.0,0.0,0.0,0.0,0.0,0.0,0.0,0.0,0.0,0.0,0.0,0.0,0.0,0.0,0.0,0.0,0.0,0.0,0.0,0.0,0.0,0.0,0.0,0.0,0.0,0.0,0.0,0.0,0.0,0.0,0.0,0.0,0.0,0.0,0.0,0.0,0.0,0.0,0.0,0.0,0.0,-0.15991438454400775,0.0,0.0,0.0,0.0,0.0,0.25299651446389093,0.0,0.0,0.0,0.0,0.0,0.0,0.0,0.0
5.183758700008217,1.1925144413116917,CCC[C@H](NC(C)=O)C(=O)N[C@H](Cc1c[nH]cn1)C(=O)N(C)[C@@H](Cc1ccc(F)cc1)C(=O)N[C@H]1CSCc2cccc(c2)CSC[C@@H](C(N)=O)NC(=O)[C@@H]2CCCN2C(=O)[C@H](Cc2ccc(O)cc2)NC(=O)[C@H](Cc2c[nH]cn2)NC(=O)[C@H](CC(=O)O)NC(=O)[C@H](Cc2c[nH]c3ccc(F)cc23)NC(=O)[C@H](Cc2c[nH]c3ccc(F)cc23)NC(=O)CNC(=O)[C@H](CCCCN)NC1=O,0.0,0.0,0.0,0.0,0.0,0.0,0.0,0.0,0.0,0.0,0.0,0.0,0.0,0.0,0.0,0.0,0.0,0.0,0.0,0.0,0.0,0.0,0.0,0.0,0.0,0.0,0.0,0.0,0.0,0.0,0.0,0.0,0.0,0.0,0.0,0.0,0.0,0.0,0.0,0.11105295721410488,0.11087663101705109,0.0,0.0,0.2038893586045199,0.0,0.0,0.0,0.0,0.0,0.0,-0.23760797180577636,0.0,0.0,0.0,0.0,0.0,0.0,0.0,0.0,0.0,0.0,0.0,0.0,0.0,0.0,0.0,0.0,0.0,0.0,0.0,0.0,0.0,0.0,0.0,0.0,0.0,0.0,0.0,0.0,0.0,0.0,0.0,-0.6931471805599453,0.0,0.0,0.0,0.0,0.0,0.0,0.0,0.0,0.0,0.0,0.0,0.0,0.0,0.0,0.0,0.0,0.0,0.0,0.0,0.0,0.0,0.0,0.0,0.0,0.0,0.0,0.0,0.0,0.0,0.0,0.0,0.0,0.0,0.0,0.0,0.0,0.0,0.0,0.0,0.0,0.0,0.0,0.0,0.0,0.0,0.0,0.6931471805599453,0.0,0.0,0.0,0.0,0.0,0.0,0.0,0.0,0.0,0.0,0.0,0.0,0.0,0.0,0.0,0.0,0.0,0.0,0.0,0.0,0.0,0.0,0.0,0.0,0.0,0.0,0.0,0.0,0.0,0.0,0.0,0.0,0.0,0.0,0.0,0.0,0.0,0.0,0.0,0.0,0.0,-0.15991438454400775,0.0,0.0,0.0,0.0,0.0,0.19237189264745608,0.0,0.0,0.0,0.0,0.0,0.0,0.0,0.0
5.183758700008217,1.1925144413116917,CCC[C@H](NC(C)=O)C(=O)N(C)[C@@H](CO)C(=O)N[C@@H](CCCCN)C(=O)N[C@H]1CSCc2cccc(c2)CSC[C@@H](C(N)=O)NC(=O)[C@@H]2CCCN2C(=O)[C@H](Cc2ccc(O)cc2)NC(=O)[C@H](Cc2c[nH]cn2)NC(=O)[C@H](CC(=O)O)NC(=O)[C@H](Cc2c[nH]c3ccc(F)cc23)NC(=O)[C@H](Cc2c[nH]c3ccc(F)cc23)NC(=O)CNC(=O)[C@H](CCCCN)NC1=O,0.0,0.0,0.0,0.0,0.0,0.0,0.0,0.0,0.0,0.0,0.0,0.0,0.0,0.0,0.0,0.0,0.0,0.0,0.0,0.0,0.0,0.0,0.0,0.0,0.0,0.0,0.0,0.0,0.0,0.0,0.0,0.0,0.0,0.0,0.0,0.0,0.0,0.0,0.0,0.11105295721410488,0.11087663101705109,0.0,0.0,0.2038893586045199,0.0,0.0,0.0,0.0,0.0,0.0,-0.17289537111340916,0.0,0.0,0.0,0.0,0.0,0.0,0.0,0.0,0.0,0.0,0.0,0.0,0.0,0.0,0.0,0.0,0.0,0.0,0.0,0.0,0.0,0.0,0.0,0.0,0.0,0.0,0.0,0.0,0.0,0.0,0.0,0.0,0.0,0.0,0.0,0.0,0.0,0.0,0.0,0.0,0.0,0.0,0.0,0.0,0.0,0.0,0.0,0.0,0.0,0.0,0.0,0.0,0.0,0.0,0.0,0.0,0.0,0.0,0.0,0.0,0.0,0.0,0.0,0.0,0.0,0.0,0.0,0.0,0.0,0.0,0.0,0.0,0.0,0.0,0.0,0.0,0.0,0.0,0.6931471805599453,0.0,0.0,0.0,0.0,0.0,0.0,0.0,0.0,0.0,0.0,0.0,0.0,0.0,0.0,0.0,0.0,0.0,0.0,0.0,0.0,0.0,0.0,0.0,0.0,0.0,0.0,0.0,0.0,0.0,0.0,0.0,0.0,0.0,0.0,0.0,0.0,0.0,0.0,0.0,0.0,0.0,0.2804304090564615,0.0,0.0,0.0,0.0,0.0,-0.17979311044059593,0.0,0.0,0.0,0.0,0.0,0.0,0.0,0.0
7.301029995663981,1.1925144413116917,CC(=O)N[C@@H](Cc1c[nH]cn1)C(=O)N(C)[C@@H](Cc1ccc(F)cc1)C(=O)N[C@H]1CSCc2cccc(c2)CSC[C@@H](C(N)=O)NC(=O)[C@@H]2CCCN2C(=O)[C@H](Cc2ccc(O)cc2)NC(=O)[C@H](Cc2c[nH]cn2)NC(=O)[C@H](CC(=O)O)NC(=O)[C@H](Cc2c[nH]c3ccc(F)cc23)NC(=O)[C@H](Cc2c[nH]c3ccc(F)cc23)NC(=O)CNC(=O)[C@H](CCCCN)NC1=O,0.0,0.0,0.0,0.0,0.0,0.0,0.0,0.0,0.0,0.0,0.0,0.0,0.0,0.0,0.0,0.0,0.0,0.0,0.0,0.0,0.0,0.0,0.0,0.0,0.0,0.0,0.0,0.0,0.0,0.0,0.0,0.0,0.0,0.0,0.0,0.0,0.0,0.0,0.0,0.3758744249050815,0.37534873392630286,0.0,0.0,0.4531966352095854,0.0,0.0,0.0,0.0,0.0,0.0,-0.2428163169129146,0.0,0.0,0.0,0.0,0.0,0.0,0.0,0.0,0.0,0.0,0.0,0.0,0.0,0.0,0.0,0.0,0.0,0.0,0.0,0.0,0.0,0.0,0.0,0.0,0.0,0.0,0.0,0.0,0.0,0.0,0.0,-0.6931471805599453,0.0,0.0,0.0,0.0,0.0,0.0,0.0,0.0,0.0,0.0,0.0,0.0,0.0,0.0,0.0,0.0,0.0,0.0,0.0,0.0,0.0,0.0,0.0,0.0,0.0,0.0,0.0,0.0,0.0,0.0,0.0,0.0,0.0,0.0,0.0,0.0,0.0,0.0,0.0,0.0,0.0,0.0,0.0,0.0,0.0,0.0,0.6931471805599453,0.0,0.0,0.0,0.0,0.0,0.0,0.0,0.0,0.0,0.0,0.0,0.0,0.0,0.0,0.0,0.0,0.0,0.0,0.0,0.0,0.0,0.0,0.0,0.0,0.0,0.0,0.0,0.0,0.0,0.0,0.0,0.0,0.0,0.0,0.0,0.0,0.0,0.0,0.0,0.0,0.0,-0.09898183354885005,0.0,0.0,0.0,0.0,0.0,0.25299651446389093,0.0,0.0,0.0,0.0,0.0,0.0,0.0,0.0
6.259637310505756,1.1925144413116917,CC(=O)N(C)[C@@H](Cc1ccc(F)cc1)C(=O)N[C@H]1CSCc2cccc(c2)CSC[C@@H](C(N)=O)NC(=O)[C@@H]2CCCN2C(=O)[C@H](Cc2ccc(O)cc2)NC(=O)[C@H](Cc2cnc[nH]2)NC(=O)[C@H](CC(=O)O)NC(=O)[C@H](Cc2c[nH]c3ccc(F)cc23)NC(=O)[C@H](Cc2c[nH]c3ccc(F)cc23)NC(=O)CNC(=O)[C@H](CCCCN)NC1=O,0.0,0.0,0.0,0.0,0.0,0.0,0.0,0.0,0.0,0.0,0.0,0.0,0.0,0.0,0.0,0.0,0.0,0.0,0.0,0.0,0.0,0.0,0.0,0.0,0.0,0.0,0.0,0.0,0.0,0.0,0.0,0.0,0.0,0.0,0.0,0.0,0.0,0.0,0.0,0.2543463885567357,0.25396960936753976,0.0,0.0,0.3386293396892764,0.0,0.0,0.0,0.0,0.0,0.0,-0.22710918770755673,0.0,0.0,0.0,0.0,0.0,0.0,0.0,0.0,0.0,0.0,0.0,0.0,0.0,0.0,0.0,0.0,0.0,0.0,0.0,0.0,0.0,0.0,0.0,0.0,0.0,0.0,0.0,0.0,0.0,0.0,0.0,-0.6931471805599453,0.0,0.0,0.0,0.0,0.0,0.0,0.0,0.0,0.0,0.0,0.0,0.0,0.0,0.0,0.0,0.0,0.0,0.0,0.0,0.0,0.0,0.0,0.0,0.0,0.0,0.0,0.0,0.0,0.0,0.0,0.0,0.0,0.0,0.0,0.0,0.0,0.0,0.0,0.0,0.0,0.0,0.0,0.0,0.0,0.0,0.0,0.6931471805599453,0.0,0.0,0.0,0.0,0.0,0.0,0.0,0.0,0.0,0.0,0.0,0.0,0.0,0.0,0.0,0.0,0.0,0.0,0.0,0.0,0.0,0.0,0.0,0.0,0.0,0.0,0.0,0.0,0.0,0.0,0.0,0.0,0.0,0.0,0.0,0.0,0.0,0.0,0.0,0.0,0.0,-0.15001331356129724,0.0,0.0,0.0,0.0,0.0,0.31015492830383956,0.0,0.0,0.0,0.0,0.0,0.0,0.0,0.0
6.259637310505756,1.1925144413116917,CC(=O)N[C@H]1CSCc2cccc(c2)CSC[C@@H](C(N)=O)NC(=O)[C@@H]2CCCN2C(=O)[C@H](Cc2ccc(O)cc2)NC(=O)[C@H](Cc2cnc[nH]2)NC(=O)[C@H](CC(=O)O)NC(=O)[C@H](Cc2c[nH]c3ccc(F)cc23)NC(=O)[C@H](Cc2c[nH]c3ccc(F)cc23)NC(=O)CNC(=O)[C@H](CCCCN)NC1=O,0.0,0.0,0.0,0.0,0.0,0.0,0.0,0.0,0.0,0.0,0.0,0.0,0.0,0.0,0.0,0.0,0.0,0.0,0.0,0.0,0.0,0.0,0.0,0.0,0.0,0.0,0.0,0.0,0.0,0.0,0.0,0.0,0.0,0.0,0.0,0.0,0.0,0.0,0.0,0.2543463885567357,0.25396960936753976,0.0,0.0,0.3386293396892764,0.0,0.0,0.0,0.0,0.0,0.0,-0.5755710771339952,0.0,0.0,0.0,0.0,0.0,0.0,0.0,0.0,0.0,0.0,0.0,0.0,0.0,0.0,0.0,0.0,0.0,0.0,0.0,0.0,0.0,0.0,0.0,0.0,0.0,0.0,0.0,0.0,0.0,0.0,0.0,-0.6931471805599453,0.0,0.0,0.0,0.0,0.0,0.0,0.0,0.0,0.0,0.0,0.0,0.0,0.0,0.0,0.0,0.0,0.0,0.0,0.0,0.0,0.0,0.0,0.0,0.0,0.0,0.0,0.0,0.0,0.0,0.0,0.0,0.0,0.0,0.0,0.0,0.0,0.0,0.0,0.0,0.0,0.0,0.0,0.0,0.0,0.0,0.0,0.6931471805599453,0.0,0.0,0.0,0.0,0.0,0.0,0.0,0.0,0.0,0.0,0.0,0.0,0.0,0.0,0.0,0.0,0.0,0.0,0.0,0.0,0.0,0.0,0.0,0.0,0.0,0.0,0.0,0.0,0.0,0.0,0.0,0.0,0.0,0.0,0.0,0.0,0.0,0.0,0.0,0.0,0.0,0.08845542056186372,0.0,0.0,0.0,0.0,0.0,0.3953127366441464,0.0,0.0,0.0,0.0,0.0,0.0,0.0,0.0
5.183758700008217,1.1925144413116917,NCCCC[C@@H]1NC(=O)CCSCc2cccc(c2)CSC[C@@H](C(N)=O)NC(=O)[C@@H]2CCCN2C(=O)[C@H](Cc2ccc(O)cc2)NC(=O)[C@H](Cc2c[nH]cn2)NC(=O)[C@H](CC(=O)O)NC(=O)[C@H](Cc2c[nH]c3ccc(F)cc23)NC(=O)[C@H](Cc2c[nH]c3ccc(F)cc23)NC(=O)CNC1=O,0.0,0.0,0.0,0.0,0.0,0.0,0.0,0.0,0.0,0.0,0.0,0.0,0.0,0.0,0.0,0.0,0.0,0.0,0.0,0.0,0.0,0.0,0.0,0.0,0.0,0.0,0.0,0.0,0.0,0.0,0.0,0.0,0.0,0.0,0.0,0.0,0.0,0.0,0.0,0.11105295721410488,0.11087663101705109,0.0,0.0,0.2038893586045199,0.0,0.0,0.0,0.0,0.0,0.0,-0.5643350038670695,0.0,0.0,0.0,0.0,0.0,0.0,0.0,0.0,0.0,0.0,0.0,0.0,0.0,0.0,0.0,0.0,0.0,0.0,0.0,0.0,0.0,0.0,0.0,0.0,0.0,0.0,0.0,0.0,0.0,0.0,0.0,-0.6931471805599453,0.0,0.0,0.0,0.0,0.0,0.0,0.0,0.0,0.0,0.0,0.0,0.0,0.0,0.0,0.0,0.0,0.0,0.0,0.0,0.0,0.0,0.0,0.0,0.0,0.0,0.0,0.0,0.0,0.0,0.0,0.0,0.0,0.0,0.0,0.0,0.0,0.0,0.0,0.0,0.0,0.0,0.0,0.0,0.0,0.0,0.0,0.6931471805599453,0.0,0.0,0.0,0.0,0.0,0.0,0.0,0.0,0.0,0.0,0.0,0.0,0.0,0.0,0.0,0.0,0.0,0.0,0.0,0.0,0.0,0.0,0.0,0.0,0.0,0.0,0.0,0.0,0.0,0.0,0.0,0.0,0.0,0.0,0.0,0.0,0.0,0.0,0.0,0.0,0.0,0.1890426574670326,0.0,0.0,0.0,0.0,0.0,0.08701137698962977,0.0,0.0,0.0,0.0,0.0,0.0,0.0,0.0
6.150514997831991,0.2973629040733618,CC(=O)N[C@H]1CSCc2cccc(c2)CSC[C@@H](C(N)=O)NC(=O)[C@@H]2CCCN2C(=O)[C@H](Cc2ccc(O)cc2)NC(=O)[C@H](Cc2c[nH]cn2)NC(=O)[C@H](CC(=O)O)NC(=O)[C@H](Cc2c[nH]c3ccccc23)NC(=O)[C@H](Cc2c[nH]c3ccccc23)NC(=O)CNC(=O)[C@H](CCCCN)NC1=O,0.0,0.0,0.0,0.0,0.0,0.0,0.0,0.0,0.0,0.0,0.0,0.0,0.0,0.0,0.0,0.0,0.0,0.0,0.0,0.0,0.0,0.0,0.0,0.0,0.0,0.0,0.0,0.0,0.0,0.0,0.0,0.0,0.0,0.0,0.0,0.0,0.0,0.0,0.0,0.22159893318814058,0.2590860088262802,0.0,0.0,0.0,0.0,0.0,0.0,0.0,0.0,0.0,-0.5548741953628404,0.0,0.0,0.0,0.0,0.0,0.0,0.0,0.0,0.0,0.0,0.0,0.0,0.0,0.0,0.0,0.0,0.0,0.0,0.0,0.0,0.0,0.0,0.0,0.0,0.0,0.0,0.0,0.0,0.0,0.0,0.0,-0.6931471805599453,0.0,0.0,0.0,0.0,0.0,0.0,0.0,0.0,0.0,0.0,0.0,0.0,0.0,0.0,0.0,0.0,0.0,0.0,0.0,0.0,0.0,0.0,0.0,0.0,0.6931471805599453,0.0,0.0,0.0,0.0,0.0,0.0,0.0,0.0,0.0,0.0,0.0,0.0,0.0,0.0,0.0,0.0,0.0,0.0,0.0,0.0,0.0,0.6931471805599453,0.0,0.0,0.0,0.0,0.0,0.0,0.0,0.0,0.0,0.0,0.0,0.0,0.0,0.0,0.0,0.0,0.0,0.0,0.0,0.0,0.0,0.0,0.0,0.0,0.0,0.0,0.0,0.0,0.0,0.0,0.0,0.0,0.0,0.0,0.0,0.0,0.0,0.0,0.0,0.0,0.0,0.9887458110895785,0.0,0.0,0.0,0.0,0.0,0.029852963149681156,0.0,0.0,0.0,0.0,0.0,0.0,0.0,0.0
7.301029995663981,1.1925144413116917,NCCCC[C@@H]1NC(=O)CCCn2cc(nn2)CCC[C@@H](C(N)=O)NC(=O)[C@@H]2CCCN2C(=O)[C@H](Cc2ccc(O)cc2)NC(=O)[C@H](Cc2c[nH]cn2)NC(=O)[C@H](CC(=O)O)NC(=O)[C@H](Cc2c[nH]c3ccc(F)cc23)NC(=O)[C@H](Cc2c[nH]c3ccc(F)cc23)NC(=O)CNC1=O,0.0,0.0,0.0,0.0,0.0,0.0,0.0,0.0,0.0,0.0,0.0,0.0,0.0,0.0,0.0,0.0,0.0,0.0,0.0,0.0,0.0,0.0,0.0,0.0,0.0,0.0,0.0,0.0,0.0,-0.6931471805599453,0.0,0.0,0.0,0.0,0.0,-0.6931471805599453,0.0,0.0,0.0,0.3758744249050815,0.37534873392630286,0.0,0.0,0.4531966352095854,0.0,0.0,0.0,0.0,0.0,0.0,0.05476408540997501,0.0,0.0,0.0,0.0,0.6931471805599453,0.0,0.0,0.0,0.0,0.0,0.0,0.0,0.0,0.0,0.0,0.0,0.0,0.0,0.0,0.0,0.0,0.0,0.0,0.0,0.0,0.0,0.0,0.0,0.0,0.0,0.0,0.0,0.0,0.0,0.0,0.0,0.0,0.0,0.0,0.0,0.0,0.0,0.0,0.0,0.0,0.0,0.0,0.0,0.0,0.0,0.0,0.0,0.0,0.0,0.0,0.0,0.0,0.0,0.0,0.0,0.0,0.0,0.0,0.0,0.0,0.6931471805599453,0.0,0.0,0.0,0.0,0.0,0.0,0.0,0.0,0.0,0.0,0.0,0.0,0.6931471805599453,0.0,0.0,0.0,0.0,0.0,0.0,0.0,0.0,0.0,0.0,0.0,0.0,0.0,0.0,0.0,0.0,0.0,0.0,0.0,0.0,0.0,0.0,0.0,0.0,0.0,0.0,0.0,0.0,0.0,0.0,0.0,0.0,0.0,0.0,0.0,0.0,0.0,0.0,0.0,0.0,0.0,-0.011494379425733876,0.0,0.0,0.0,0.0,0.0,-0.04445176257083384,0.0,0.0,0.0,0.0,0.0,0.0,0.0,0.0
5.183758700008217,1.1925144413116917,NCCCC[C@@H]1NC(=O)CCCCn2cc(nn2)CCC[C@@H](C(N)=O)NC(=O)[C@@H]2CCCN2C(=O)[C@H](Cc2ccc(O)cc2)NC(=O)[C@H](Cc2c[nH]cn2)NC(=O)[C@H](CC(=O)O)NC(=O)[C@H](Cc2c[nH]c3ccc(F)cc23)NC(=O)[C@H](Cc2c[nH]c3ccc(F)cc23)NC(=O)CNC1=O,0.0,0.0,0.0,0.0,0.0,0.0,0.0,0.0,0.0,0.0,0.0,0.0,0.0,0.0,0.0,0.0,0.0,0.0,0.0,0.0,0.0,0.0,0.0,0.0,0.0,0.0,0.0,0.0,0.0,-0.6931471805599453,0.0,0.0,0.0,0.0,0.0,-0.6931471805599453,0.0,0.0,0.0,0.11105295721410488,0.11087663101705109,0.0,0.0,0.2038893586045199,0.0,0.0,0.0,0.0,0.0,0.0,0.016420730212327542,0.0,0.0,0.0,0.0,0.6931471805599453,0.0,0.0,0.0,0.0,0.0,0.0,0.0,0.0,0.0,0.0,0.0,0.0,0.0,0.0,0.0,0.0,0.0,0.0,0.0,0.0,0.0,0.0,0.0,0.0,0.0,0.0,0.0,0.0,0.0,0.0,0.0,0.0,0.0,0.0,0.0,0.0,0.0,0.0,0.0,0.0,0.0,0.0,0.0,0.0,0.0,0.0,0.0,0.0,0.0,0.0,0.0,0.0,0.0,0.0,0.0,0.0,0.0,0.0,0.0,0.0,0.6931471805599453,0.0,0.0,0.0,0.0,0.0,0.0,0.0,0.0,0.0,0.0,0.0,0.0,0.6931471805599453,0.0,0.0,0.0,0.0,0.0,0.0,0.0,0.0,0.0,0.0,0.0,0.0,0.0,0.0,0.0,0.0,0.0,0.0,0.0,0.0,0.0,0.0,0.0,0.0,0.0,0.0,0.0,0.0,0.0,0.0,0.0,0.0,0.0,0.0,0.0,0.0,0.0,0.0,0.0,0.0,0.0,-0.03409421134297492,0.0,0.0,0.0,0.0,0.0,-0.1410785982599055,0.0,0.0,0.0,0.0,0.0,0.0,0.0,0.0
5.183758700008217,1.1925144413116917,NCCCC[C@@H]1NC(=O)CCCCCn2cc(nn2)CCC[C@@H](C(N)=O)NC(=O)[C@@H]2CCCN2C(=O)[C@H](Cc2ccc(O)cc2)NC(=O)[C@H](Cc2c[nH]cn2)NC(=O)[C@H](CC(=O)O)NC(=O)[C@H](Cc2c[nH]c3ccc(F)cc23)NC(=O)[C@H](Cc2c[nH]c3ccc(F)cc23)NC(=O)CNC1=O,0.0,0.0,0.0,0.0,0.0,0.0,0.0,0.0,0.0,0.0,0.0,0.0,0.0,0.0,0.0,0.0,0.0,0.0,0.0,0.0,0.0,0.0,0.0,0.0,0.0,0.0,0.0,0.0,0.0,-0.6931471805599453,0.0,0.0,0.0,0.0,0.0,-0.6931471805599453,0.0,0.0,0.0,0.11105295721410488,0.11087663101705109,0.0,0.0,0.2038893586045199,0.0,0.0,0.0,0.0,0.0,0.0,0.07647036399183811,0.0,0.0,0.0,0.0,0.6931471805599453,0.0,0.0,0.0,0.0,0.0,0.0,0.0,0.0,0.0,0.0,0.0,0.0,0.0,0.0,0.0,0.0,0.0,0.0,0.0,0.0,0.0,0.0,0.0,0.0,0.0,0.0,0.0,0.0,0.0,0.0,0.0,0.0,0.0,0.0,0.0,0.0,0.0,0.0,0.0,0.0,0.0,0.0,0.0,0.0,0.0,0.0,0.0,0.0,0.0,0.0,0.0,0.0,0.0,0.0,0.0,0.0,0.0,0.0,0.0,0.0,0.6931471805599453,0.0,0.0,0.0,0.0,0.0,0.0,0.0,0.0,0.0,0.0,0.0,0.0,0.6931471805599453,0.0,0.0,0.0,0.0,0.0,0.0,0.0,0.0,0.0,0.0,0.0,0.0,0.0,0.0,0.0,0.0,0.0,0.0,0.0,0.0,0.0,0.0,0.0,0.0,0.0,0.0,0.0,0.0,0.0,0.0,0.0,0.0,0.0,0.0,0.0,0.0,0.0,0.0,0.0,0.0,0.0,-0.15001331356129724,0.0,0.0,0.0,0.0,0.0,-0.21706450523782758,0.0,0.0,0.0,0.0,0.0,0.0,0.0,0.0
5.183758700008217,1.1925144413116917,C[C@@H]1NC(=O)[C@H](CCCCN)NC(=O)CCSCc2cccc(c2)CSC[C@@H](C(N)=O)NC(=O)[C@@H]2CCCN2C(=O)[C@H](Cc2ccc(O)cc2)NC(=O)[C@H](Cc2c[nH]cn2)NC(=O)[C@H](CC(=O)O)NC(=O)[C@H](Cc2c[nH]c3ccc(F)cc23)NC(=O)[C@H](Cc2c[nH]c3ccc(F)cc23)NC1=O,0.0,0.0,0.0,0.0,0.0,0.0,0.0,0.0,0.0,0.0,0.0,0.0,0.0,0.0,0.0,0.0,0.0,0.0,0.0,0.0,0.0,0.0,0.0,0.0,0.0,0.0,0.0,0.0,0.0,0.0,0.0,0.0,0.0,0.0,0.0,0.0,0.0,0.0,0.0,0.11105295721410488,0.11087663101705109,0.0,0.0,0.2038893586045199,0.0,0.0,0.0,0.0,0.0,0.0,-0.5737071436959326,0.0,0.0,0.0,0.0,0.0,0.0,0.0,0.0,0.0,0.0,0.0,0.0,0.0,0.0,0.0,0.0,0.0,0.0,0.0,0.0,0.0,0.0,0.0,0.0,0.0,0.0,0.0,0.0,0.0,0.0,0.0,-0.6931471805599453,0.0,0.0,0.0,0.0,0.0,0.0,0.0,0.0,0.0,0.0,0.0,0.0,0.0,0.0,0.0,0.0,0.0,0.0,0.0,0.0,0.0,0.0,0.0,0.0,0.0,0.0,0.0,0.0,0.0,0.0,0.0,0.0,0.0,0.0,0.0,0.0,0.0,0.0,0.0,0.0,0.0,0.0,0.0,0.0,0.0,0.0,0.6931471805599453,0.0,0.0,0.0,0.0,0.0,0.0,0.0,0.0,0.0,0.0,0.0,0.0,0.0,0.0,0.0,0.0,0.0,0.0,0.0,0.0,0.0,0.0,0.0,0.0,0.0,0.0,0.0,0.0,0.0,0.0,0.0,0.0,0.0,0.0,0.0,0.0,0.0,0.0,0.0,0.0,0.0,0.10939859440710693,0.0,0.0,0.0,0.0,0.0,-0.029852963149681156,0.0,0.0,0.0,0.0,0.0,0.0,0.0,0.0
4.449771646944906,1.1925144413116917,NCCCC[C@@H]1NC(=O)CCSCc2cccc(c2)CSC[C@@H](C(N)=O)NC(=O)[C@@H]2CCCN2C(=O)[C@H](Cc2ccc(O)cc2)NC(=O)[C@@H](Cc2c[nH]cn2)NC(=O)[C@H](CC(=O)O)NC(=O)[C@H](Cc2c[nH]c3ccc(F)cc23)NC(=O)[C@H](Cc2c[nH]c3ccc(F)cc23)NC(=O)CNC1=O,0.0,0.0,0.0,0.0,0.0,0.0,0.0,0.0,0.0,0.0,0.0,0.0,0.0,0.0,0.0,0.0,0.0,0.0,0.0,0.0,0.0,0.0,0.0,0.0,0.0,0.0,0.0,0.0,0.0,0.0,0.0,0.0,0.0,0.0,0.0,0.0,0.0,0.0,0.0,0.0,0.0,0.0,0.0,0.10130827721874541,0.0,0.0,0.0,0.0,0.0,0.0,-0.5643350038670695,0.0,0.0,0.0,0.0,0.0,0.0,0.0,0.0,0.0,0.0,0.0,0.0,0.0,0.0,0.0,0.0,0.0,0.0,0.0,0.0,0.0,0.0,0.0,0.0,0.0,0.0,0.0,0.0,0.0,0.0,0.0,-0.6931471805599453,0.0,0.0,0.0,0.0,0.0,0.0,0.0,0.0,0.0,0.0,0.0,0.0,0.0,0.0,0.0,0.0,0.0,0.0,0.0,0.0,0.0,0.0,0.0,0.0,0.0,0.0,0.0,0.0,0.0,0.0,0.0,0.0,0.0,0.0,0.0,0.0,0.0,0.0,0.0,0.0,0.0,0.0,0.0,0.0,0.0,0.0,0.6931471805599453,0.0,0.0,0.0,0.0,0.0,0.0,0.0,0.0,0.0,0.0,0.0,0.0,0.0,0.0,0.0,0.0,0.0,0.0,0.0,0.0,0.0,0.0,0.0,0.0,0.0,0.0,0.0,0.0,0.0,0.0,0.0,0.0,0.0,0.0,0.0,0.0,0.0,0.0,0.0,0.0,0.0,0.1890426574670326,0.0,0.0,0.0,0.0,0.0,0.08701137698962977,0.0,0.0,0.0,0.0,0.0,0.0,0.0,0.0
4.449771646944906,1.1925144413116917,NCCCC[C@@H]1NC(=O)CCSCc2cccc(c2)CSC[C@@H](C(N)=O)NC(=O)[C@@H]2CCCN2C(=O)[C@@H](Cc2ccc(O)cc2)NC(=O)[C@H](Cc2c[nH]cn2)NC(=O)[C@H](CC(=O)O)NC(=O)[C@H](Cc2c[nH]c3ccc(F)cc23)NC(=O)[C@H](Cc2c[nH]c3ccc(F)cc23)NC(=O)CNC1=O,0.0,0.0,0.0,0.0,0.0,0.0,0.0,0.0,0.0,0.0,0.0,0.0,0.0,0.0,0.0,0.0,0.0,0.0,0.0,0.0,0.0,0.0,0.0,0.0,0.0,0.0,0.0,0.0,0.0,0.0,0.0,0.0,0.0,0.0,0.0,0.0,0.0,0.0,0.0,0.0,0.0,0.0,0.0,0.10130827721874541,0.0,0.0,0.0,0.0,0.0,0.0,-0.5643350038670695,0.0,0.0,0.0,0.0,0.0,0.0,0.0,0.0,0.0,0.0,0.0,0.0,0.0,0.0,0.0,0.0,0.0,0.0,0.0,0.0,0.0,0.0,0.0,0.0,0.0,0.0,0.0,0.0,0.0,0.0,0.0,-0.6931471805599453,0.0,0.0,0.0,0.0,0.0,0.0,0.0,0.0,0.0,0.0,0.0,0.0,0.0,0.0,0.0,0.0,0.0,0.0,0.0,0.0,0.0,0.0,0.0,0.0,0.0,0.0,0.0,0.0,0.0,0.0,0.0,0.0,0.0,0.0,0.0,0.0,0.0,0.0,0.0,0.0,0.0,0.0,0.0,0.0,0.0,0.0,0.6931471805599453,0.0,0.0,0.0,0.0,0.0,0.0,0.0,0.0,0.0,0.0,0.0,0.0,0.0,0.0,0.0,0.0,0.0,0.0,0.0,0.0,0.0,0.0,0.0,0.0,0.0,0.0,0.0,0.0,0.0,0.0,0.0,0.0,0.0,0.0,0.0,0.0,0.0,0.0,0.0,0.0,0.0,0.1890426574670326,0.0,0.0,0.0,0.0,0.0,0.08701137698962977,0.0,0.0,0.0,0.0,0.0,0.0,0.0,0.0
7.301029995663981,1.1925144413116917,CN1C(=O)[C@H](Cc2c[nH]c3ccc(F)cc23)NC(=O)[C@H](Cc2c[nH]c3ccc(F)cc23)NC(=O)CNC(=O)[C@H](CCCCN)NC(=O)CCSCc2cccc(c2)CSC[C@@H](C(N)=O)NC(=O)[C@@H]2CCCN2C(=O)[C@H](Cc2ccc(O)cc2)NC(=O)[C@H](Cc2c[nH]cn2)NC(=O)[C@@H]1CC(=O)O,0.0,0.0,0.0,0.0,0.0,0.0,0.0,0.0,0.0,0.0,0.0,0.0,0.0,0.0,0.0,0.0,0.0,0.0,0.0,0.0,0.0,0.0,0.0,0.0,0.0,0.0,0.0,0.0,0.0,0.0,0.0,0.0,0.0,0.0,0.0,0.0,0.0,0.0,0.0,0.3758744249050815,0.37534873392630286,0.0,0.0,0.4531966352095854,0.0,0.0,0.0,0.0,0.0,0.0,-0.5811421221834507,0.0,0.0,0.0,0.0,0.0,0.0,0.0,0.0,0.0,0.0,0.0,0.0,0.0,0.0,0.0,0.0,0.0,0.0,0.0,0.0,0.0,0.0,0.0,0.0,0.0,0.0,0.0,0.0,0.0,0.0,0.0,-0.6931471805599453,0.0,0.0,0.0,0.0,0.0,0.0,0.0,0.0,0.0,0.0,0.0,0.0,0.0,0.0,0.0,0.0,0.0,0.0,0.0,0.0,0.0,0.0,0.0,0.0,0.0,0.0,0.0,0.0,0.0,0.0,0.0,0.0,0.0,0.0,0.0,0.0,0.0,0.0,0.0,0.0,0.0,0.0,0.0,0.0,0.0,0.0,0.6931471805599453,0.0,0.0,0.0,0.0,0.0,0.0,0.0,0.0,0.0,0.0,0.0,0.0,0.0,0.0,0.0,0.0,0.0,0.0,0.0,0.0,0.0,0.0,0.0,0.0,0.0,0.0,0.0,0.0,0.0,0.0,0.0,0.0,0.0,0.0,0.0,0.0,0.0,0.0,0.0,0.0,0.0,0.11970796406596934,0.0,0.0,0.0,0.0,0.0,-0.21706450523782758,0.0,0.0,0.0,0.0,0.0,0.0,0.0,0.0
4.449771646944906,1.1925144413116917,CC(=O)N[C@H]1CSCc2cccc(c2)CSC[C@@H](C(N)=O)NC(=O)[C@@H]2CCCN2C(=O)[C@H](Cc2ccc(O)cc2)NC(=O)[C@H](Cc2c[nH]cn2)NC(=O)[C@H](CC(=O)O)NC(=O)[C@H](Cc2c[nH]c3ccc(F)cc23)NC(=O)[C@H](Cc2c[nH]c3ccccc23)NC(=O)CNC(=O)[C@H](CCCCN)NC1=O,0.0,0.0,0.0,0.0,0.0,0.0,0.0,0.0,0.0,0.0,0.0,0.0,0.0,0.0,0.0,0.0,0.0,0.0,0.0,0.0,0.0,0.0,0.0,0.0,0.0,0.0,0.0,0.0,0.0,0.0,0.0,0.0,0.0,0.0,0.0,0.0,0.0,0.0,0.0,0.0,0.0,0.0,0.0,0.10130827721874541,0.0,0.0,0.0,0.0,0.0,0.0,-0.5662164719667749,0.0,0.0,0.0,0.0,0.0,0.0,0.0,0.0,0.0,0.0,0.0,0.0,0.0,0.0,0.0,0.0,0.0,0.0,0.0,0.0,0.0,0.0,0.0,0.0,0.0,0.0,0.0,0.0,0.0,0.0,0.0,-0.6931471805599453,0.0,0.0,0.0,0.0,0.0,0.0,0.0,0.0,0.0,0.0,0.0,0.0,0.0,0.0,0.0,0.0,0.0,0.0,0.0,0.0,0.0,0.0,0.0,0.0,0.6931471805599453,0.0,0.0,0.0,0.0,0.0,0.0,0.0,0.0,0.0,0.0,0.0,0.0,0.0,0.0,0.0,0.0,0.0,0.0,0.0,0.0,0.0,0.6931471805599453,0.0,0.0,0.0,0.0,0.0,0.0,0.0,0.0,0.0,0.0,0.0,0.0,0.0,0.0,0.0,0.0,0.0,0.0,0.0,0.0,0.0,0.0,0.0,0.0,0.0,0.0,0.0,0.0,0.0,0.0,0.0,0.0,0.0,0.0,0.0,0.0,0.0,0.0,0.0,0.0,0.0,0.5865013176814559,0.0,0.0,0.0,0.0,0.0,0.16705408466316618,0.0,0.0,0.0,0.0,0.0,0.0,0.0,0.0
4.449771646944906,1.1925144413116917,CC(=O)N[C@H]1CSCc2cccc(c2)CSC[C@@H](C(N)=O)NC(=O)[C@@H]2CCCN2C(=O)[C@H](Cc2ccc(O)cc2)NC(=O)[C@H](Cc2c[nH]cn2)NC(=O)[C@H](CC(=O)O)NC(=O)[C@H](Cc2c[nH]c3ccccc23)NC(=O)[C@H](Cc2c[nH]c3ccc(F)cc23)NC(=O)CNC(=O)[C@H](CCCCN)NC1=O,0.0,0.0,0.0,0.0,0.0,0.0,0.0,0.0,0.0,0.0,0.0,0.0,0.0,0.0,0.0,0.0,0.0,0.0,0.0,0.0,0.0,0.0,0.0,0.0,0.0,0.0,0.0,0.0,0.0,0.0,0.0,0.0,0.0,0.0,0.0,0.0,0.0,0.0,0.0,0.0,0.0,0.0,0.0,0.10130827721874541,0.0,0.0,0.0,0.0,0.0,0.0,-0.5662164719667749,0.0,0.0,0.0,0.0,0.0,0.0,0.0,0.0,0.0,0.0,0.0,0.0,0.0,0.0,0.0,0.0,0.0,0.0,0.0,0.0,0.0,0.0,0.0,0.0,0.0,0.0,0.0,0.0,0.0,0.0,0.0,-0.6931471805599453,0.0,0.0,0.0,0.0,0.0,0.0,0.0,0.0,0.0,0.0,0.0,0.0,0.0,0.0,0.0,0.0,0.0,0.0,0.0,0.0,0.0,0.0,0.0,0.0,0.6931471805599453,0.0,0.0,0.0,0.0,0.0,0.0,0.0,0.0,0.0,0.0,0.0,0.0,0.0,0.0,0.0,0.0,0.0,0.0,0.0,0.0,0.0,0.6931471805599453,0.0,0.0,0.0,0.0,0.0,0.0,0.0,0.0,0.0,0.0,0.0,0.0,0.0,0.0,0.0,0.0,0.0,0.0,0.0,0.0,0.0,0.0,0.0,0.0,0.0,0.0,0.0,0.0,0.0,0.0,0.0,0.0,0.0,0.0,0.0,0.0,0.0,0.0,0.0,0.0,0.0,0.5865013176814559,0.0,0.0,0.0,0.0,0.0,0.16705408466316618,0.0,0.0,0.0,0.0,0.0,0.0,0.0,0.0
5.183758700008217,1.1925144413116917,CC(=O)N[C@H]1CCC(=O)NCCC[C@@H](C(N)=O)NC(=O)[C@@H]2CCCN2C(=O)[C@H](Cc2ccc(O)cc2)NC(=O)[C@H](Cc2c[nH]cn2)NC(=O)[C@H](CC(=O)O)NC(=O)[C@H](Cc2c[nH]c3ccc(F)cc23)NC(=O)[C@H](Cc2c[nH]c3ccc(F)cc23)NC(=O)CNC(=O)[C@H](CCCCN)NC1=O,0.0,0.0,0.0,0.0,0.0,0.0,0.0,0.0,0.0,0.0,0.0,0.0,0.0,0.0,0.0,0.0,0.0,0.0,0.0,0.0,0.0,0.0,0.0,0.0,0.0,0.0,0.0,0.0,0.0,-0.6931471805599453,0.0,0.0,0.0,0.0,0.0,-0.6931471805599453,0.0,0.0,0.0,0.11105295721410488,0.11087663101705109,0.0,0.0,0.2038893586045199,0.0,0.0,0.0,0.0,0.0,0.0,-0.07339816495486795,0.0,0.0,0.0,0.0,0.0,0.0,0.0,0.0,0.0,0.0,0.0,0.0,0.0,0.0,0.0,0.0,0.0,0.0,0.0,0.0,0.0,0.0,0.0,0.0,0.0,0.0,0.0,0.0,0.0,0.0,0.0,-0.6931471805599453,0.0,0.0,0.0,0.0,0.0,0.0,0.0,0.0,0.0,0.0,0.0,0.0,0.0,0.0,0.0,0.0,0.0,0.0,0.0,0.0,0.0,0.0,0.0,0.0,0.0,0.0,0.0,0.0,0.0,0.0,0.0,0.0,0.0,0.0,0.0,0.0,0.0,0.0,0.0,0.0,0.0,0.0,0.0,0.0,0.0,0.0,0.6931471805599453,0.0,0.0,0.0,0.0,0.0,0.0,0.0,0.0,0.0,0.0,0.0,0.0,0.0,0.0,0.0,0.0,0.0,0.0,0.0,0.0,0.0,0.0,0.0,0.0,0.0,0.0,0.0,0.0,0.0,0.0,0.0,0.0,0.0,0.0,0.0,0.0,0.0,0.0,0.0,0.0,0.0,-0.22660575904268127,0.0,0.0,0.0,0.0,0.0,0.4054651081081644,0.0,0.0,0.0,0.0,0.0,0.0,0.0,0.0
7.301029995663981,1.1925144413116917,NCCCC[C@@H]1NC(=O)CCCn2cc(nn2)C[C@@H](C(N)=O)NC(=O)[C@@H]2CCCN2C(=O)[C@H](Cc2ccc(O)cc2)NC(=O)[C@H](Cc2c[nH]cn2)NC(=O)[C@H](CC(=O)O)NC(=O)[C@H](Cc2c[nH]c3ccc(F)cc23)NC(=O)[C@H](Cc2c[nH]c3ccc(F)cc23)NC(=O)CNC1=O,0.0,0.0,0.0,0.0,0.0,0.0,0.0,0.0,0.0,0.0,0.0,0.0,0.0,0.0,0.0,0.0,0.0,0.0,0.0,0.0,0.0,0.0,0.0,0.0,0.0,0.0,0.0,0.0,0.0,-0.6931471805599453,0.0,0.0,0.0,0.0,0.0,-0.6931471805599453,0.0,0.0,0.0,0.3758744249050815,0.37534873392630286,0.0,0.0,0.4531966352095854,0.0,0.0,0.0,0.0,0.0,0.0,0.0,0.0,0.0,0.0,0.0,0.6931471805599453,0.0,0.0,0.0,0.0,0.0,0.0,0.0,0.0,0.0,0.0,0.0,0.0,0.0,0.0,0.0,0.0,0.0,0.0,0.0,0.0,0.0,0.0,0.0,0.0,0.0,0.0,0.0,0.0,0.0,0.0,0.0,0.0,0.0,0.0,0.0,0.0,0.0,0.0,0.0,0.0,0.0,0.0,0.0,0.0,0.0,0.0,0.0,0.0,0.0,0.0,0.0,0.0,0.0,0.0,0.0,0.0,0.0,0.0,0.0,0.0,0.6931471805599453,0.0,0.0,0.0,0.0,0.0,0.0,0.0,0.0,0.0,0.0,0.0,0.0,0.6931471805599453,0.0,0.0,0.0,0.0,0.0,0.0,0.0,0.0,0.0,0.0,0.0,0.0,0.0,0.0,0.0,0.0,0.0,0.0,0.0,0.0,0.0,0.0,0.0,0.0,0.0,0.0,0.0,0.0,0.0,0.0,0.0,0.0,0.0,0.0,0.0,0.0,0.0,0.0,0.0,0.0,0.0,-0.07781702235680672,0.0,0.0,0.0,0.0,0.0,0.1410785982599055,0.0,0.0,0.0,0.0,0.0,0.0,0.0,0.0
7.301029995663981,1.1925144413116917,NCCCC[C@@H]1NC(=O)CCCCn2cc(nn2)CC[C@@H](C(N)=O)NC(=O)[C@@H]2CCCN2C(=O)[C@H](Cc2ccc(O)cc2)NC(=O)[C@H](Cc2c[nH]cn2)NC(=O)[C@H](CC(=O)O)NC(=O)[C@H](Cc2c[nH]c3ccc(F)cc23)NC(=O)[C@H](Cc2c[nH]c3ccc(F)cc23)NC(=O)CNC1=O,0.0,0.0,0.0,0.0,0.0,0.0,0.0,0.0,0.0,0.0,0.0,0.0,0.0,0.0,0.0,0.0,0.0,0.0,0.0,0.0,0.0,0.0,0.0,0.0,0.0,0.0,0.0,0.0,0.0,-0.6931471805599453,0.0,0.0,0.0,0.0,0.0,-0.6931471805599453,0.0,0.0,0.0,0.3758744249050815,0.37534873392630286,0.0,0.0,0.4531966352095854,0.0,0.0,0.0,0.0,0.0,0.0,-0.016420730212327542,0.0,0.0,0.0,0.0,0.6931471805599453,0.0,0.0,0.0,0.0,0.0,0.0,0.0,0.0,0.0,0.0,0.0,0.0,0.0,0.0,0.0,0.0,0.0,0.0,0.0,0.0,0.0,0.0,0.0,0.0,0.0,0.0,0.0,0.0,0.0,0.0,0.0,0.0,0.0,0.0,0.0,0.0,0.0,0.0,0.0,0.0,0.0,0.0,0.0,0.0,0.0,0.0,0.0,0.0,0.0,0.0,0.0,0.0,0.0,0.0,0.0,0.0,0.0,0.0,0.0,0.0,0.6931471805599453,0.0,0.0,0.0,0.0,0.0,0.0,0.0,0.0,0.0,0.0,0.0,0.0,0.6931471805599453,0.0,0.0,0.0,0.0,0.0,0.0,0.0,0.0,0.0,0.0,0.0,0.0,0.0,0.0,0.0,0.0,0.0,0.0,0.0,0.0,0.0,0.0,0.0,0.0,0.0,0.0,0.0,0.0,0.0,0.0,0.0,0.0,0.0,0.0,0.0,0.0,0.0,0.0,0.0,0.0,0.0,-0.11970796406596708,0.0,0.0,0.0,0.0,0.0,-0.04445176257083384,0.0,0.0,0.0,0.0,0.0,0.0,0.0,0.0
6.259637310505756,1.1925144413116917,NCCCC[C@@H]1NC(=O)CCCn2cc(nn2)CC[C@@H](C(N)=O)NC(=O)[C@@H]2CCCN2C(=O)[C@H](Cc2ccc(O)cc2)NC(=O)[C@H](Cc2c[nH]cn2)NC(=O)[C@H](CC(=O)O)NC(=O)[C@H](Cc2c[nH]c3ccc(F)cc23)NC(=O)[C@H](Cc2c[nH]c3ccc(F)cc23)NC(=O)CNC1=O,0.0,0.0,0.0,0.0,0.0,0.0,0.0,0.0,0.0,0.0,0.0,0.0,0.0,0.0,0.0,0.0,0.0,0.0,0.0,0.0,0.0,0.0,0.0,0.0,0.0,0.0,0.0,0.0,0.0,-0.6931471805599453,0.0,0.0,0.0,0.0,0.0,-0.6931471805599453,0.0,0.0,0.0,0.2543463885567357,0.25396960936753976,0.0,0.0,0.3386293396892764,0.0,0.0,0.0,0.0,0.0,0.0,0.02614528010432233,0.0,0.0,0.0,0.0,0.6931471805599453,0.0,0.0,0.0,0.0,0.0,0.0,0.0,0.0,0.0,0.0,0.0,0.0,0.0,0.0,0.0,0.0,0.0,0.0,0.0,0.0,0.0,0.0,0.0,0.0,0.0,0.0,0.0,0.0,0.0,0.0,0.0,0.0,0.0,0.0,0.0,0.0,0.0,0.0,0.0,0.0,0.0,0.0,0.0,0.0,0.0,0.0,0.0,0.0,0.0,0.0,0.0,0.0,0.0,0.0,0.0,0.0,0.0,0.0,0.0,0.0,0.6931471805599453,0.0,0.0,0.0,0.0,0.0,0.0,0.0,0.0,0.0,0.0,0.0,0.0,0.6931471805599453,0.0,0.0,0.0,0.0,0.0,0.0,0.0,0.0,0.0,0.0,0.0,0.0,0.0,0.0,0.0,0.0,0.0,0.0,0.0,0.0,0.0,0.0,0.0,0.0,0.0,0.0,0.0,0.0,0.0,0.0,0.0,0.0,0.0,0.0,0.0,0.0,0.0,0.0,0.0,0.0,0.0,-0.10939859440710693,0.0,0.0,0.0,0.0,0.0,0.04445176257083384,0.0,0.0,0.0,0.0,0.0,0.0,0.0,0.0
4.449771646944906,1.1925144413116917,CN1CC(=O)N[C@H](C(N)=O)CSCc2cccc(c2)CSCCC(=O)N[C@@H](CCCCN)C(=O)NCC(=O)N[C@@H](Cc2c[nH]c3ccc(F)cc23)C(=O)N[C@@H](Cc2c[nH]c3ccc(F)cc23)C(=O)N[C@@H](CC(=O)O)C(=O)N[C@@H](Cc2c[nH]cn2)C(=O)N[C@@H](Cc2ccc(O)cc2)C1=O,0.0,0.0,0.0,0.0,0.0,0.0,0.0,0.0,0.0,0.0,0.0,0.0,0.0,0.0,0.0,0.0,0.0,0.0,0.0,0.0,0.0,0.0,0.0,0.0,0.0,0.0,0.0,0.0,0.0,0.0,0.0,0.0,0.0,0.0,0.0,0.0,0.0,0.0,0.0,0.0,0.0,0.0,0.0,0.10130827721874541,0.0,0.0,0.0,0.0,0.0,0.0,-0.7192924606642679,0.0,0.0,0.0,0.0,0.0,0.0,0.0,0.0,0.0,0.0,0.0,0.0,0.0,0.0,0.0,0.0,0.0,0.0,0.0,0.0,0.0,0.0,0.0,0.0,0.0,0.0,0.0,0.0,0.0,0.0,0.0,-0.6931471805599453,0.0,0.0,0.0,0.0,0.0,0.0,0.0,0.0,0.0,0.0,0.0,0.0,0.0,0.0,0.0,0.0,0.0,0.0,0.0,0.0,0.0,0.0,0.0,0.0,0.0,0.0,0.0,0.0,0.0,0.0,0.0,0.0,0.0,0.0,0.0,0.0,0.0,0.0,0.0,0.0,0.0,0.0,0.0,0.0,0.0,0.0,0.6931471805599453,0.0,0.0,0.0,0.0,0.0,0.0,0.0,0.0,0.0,0.0,0.0,0.0,0.0,0.0,0.0,0.0,0.0,0.0,0.0,0.0,0.0,0.0,0.0,0.0,0.0,0.0,0.0,0.0,0.0,0.0,0.0,0.0,0.0,0.0,0.0,0.0,0.0,0.0,0.0,0.0,0.0,0.16971838464062974,0.0,0.0,0.0,0.0,0.0,0.29898162770571435,0.0,0.0,0.0,0.0,0.0,0.0,0.0,0.0
4.449771646944906,1.1925144413116917,NCCCC[C@@H]1NC(=O)CCSCc2cccc(c2)CSC[C@@H](C(N)=O)NC(=O)C2(CC2)NC(=O)[C@H](Cc2ccc(O)cc2)NC(=O)[C@H](Cc2c[nH]cn2)NC(=O)[C@H](CC(=O)O)NC(=O)[C@H](Cc2c[nH]c3ccc(F)cc23)NC(=O)[C@H](Cc2c[nH]c3ccc(F)cc23)NC(=O)CNC1=O,0.0,0.0,0.0,0.0,0.0,0.0,0.0,0.0,0.0,0.0,0.0,0.0,0.0,0.0,0.0,0.0,0.0,0.0,0.0,0.0,0.0,0.0,0.0,0.0,0.0,0.0,0.0,0.0,0.0,0.0,0.0,0.6931471805599453,0.0,0.0,0.0,0.0,0.0,0.0,0.0,0.0,0.0,0.0,0.0,0.10130827721874541,0.0,0.0,0.0,0.0,0.0,0.0,-0.32744390254726824,0.0,0.0,0.0,0.6931471805599453,0.0,0.0,0.0,0.0,0.0,0.0,0.0,0.0,0.0,0.0,0.0,0.0,0.0,0.0,0.0,0.0,0.0,0.0,0.0,0.0,0.0,0.0,0.0,0.0,0.0,0.0,0.0,-0.6931471805599453,0.0,0.0,0.0,0.0,0.0,0.0,0.0,0.0,0.0,0.0,0.0,0.0,0.0,0.0,0.0,0.0,0.0,0.0,0.0,0.0,0.0,0.0,0.0,0.0,0.0,0.0,0.0,0.0,0.0,0.0,0.0,0.0,0.0,0.0,0.0,0.0,0.0,0.0,0.0,0.0,0.0,0.0,0.0,0.0,0.0,0.0,0.6931471805599453,0.0,0.0,0.0,0.0,0.0,0.0,0.0,0.0,0.0,0.0,0.0,0.0,0.0,0.0,0.0,0.0,0.0,0.0,0.0,0.0,0.0,0.0,0.0,0.0,0.0,0.0,0.0,0.0,0.0,0.0,0.0,0.0,0.0,0.0,0.0,0.0,0.0,0.0,0.0,0.0,0.0,0.15001331356129724,0.0,0.0,0.0,0.0,0.0,0.37469344944141064,0.0,0.0,0.0,0.0,0.0,0.0,0.0,0.0
4.449771646944906,1.1925144413116917,COc1cc2cc(c1)CSC[C@@H](C(N)=O)NC(=O)[C@@H]1CCCN1C(=O)[C@H](Cc1ccc(O)cc1)NC(=O)[C@H](Cc1c[nH]cn1)NC(=O)[C@H](CC(=O)O)NC(=O)[C@H](Cc1c[nH]c3ccc(F)cc13)NC(=O)[C@H](Cc1c[nH]c3ccc(F)cc13)NC(=O)CNC(=O)[C@H](CCCCN)NC(=O)CCSC2,0.7148462081390736,0.0,0.0,0.0,0.0,0.0,0.0,0.0,0.0,0.0,0.0,0.0,0.0,0.0,0.0,0.0,0.0,0.0,0.0,0.0,0.0,0.0,0.0,0.0,0.0,0.0,0.0,0.0,0.0,0.0,0.0,0.0,0.0,0.0,0.0,0.0,0.0,0.0,0.0,0.0,0.0,0.0,0.0,0.10130827721874541,0.0,0.0,0.0,0.0,0.0,0.0,-0.09470795154161869,0.0,0.0,0.0,0.6931471805599453,0.0,0.0,0.0,0.0,0.0,0.0,0.0,0.0,0.0,0.0,0.0,0.0,0.0,0.0,0.0,0.0,0.0,0.0,0.0,0.0,0.0,0.0,0.0,0.0,0.0,0.0,0.0,-0.6931471805599453,0.0,0.0,0.0,0.0,0.0,0.0,0.0,0.0,0.0,0.0,0.0,0.0,0.0,0.0,0.0,0.0,0.0,0.0,0.0,0.0,0.0,0.0,0.0,0.0,0.0,0.0,0.0,0.0,0.0,0.0,0.0,0.0,0.0,0.0,0.0,0.0,0.0,0.0,0.0,0.0,0.0,0.0,0.0,0.0,0.0,0.0,0.6931471805599453,0.0,0.0,0.0,0.0,0.0,0.0,0.0,0.0,0.0,0.0,0.0,0.0,0.0,0.0,0.0,0.0,0.0,0.0,0.0,0.0,0.0,0.0,0.0,0.0,0.0,0.0,0.0,0.0,0.0,0.0,0.0,0.0,0.0,0.0,0.0,0.0,0.0,0.0,0.0,0.0,0.0,0.022858138076050267,0.0,0.0,0.0,0.0,0.0,0.2646925542270822,0.0,0.0,0.0,0.0,0.0,0.0,0.0,0.0
5.183758700008217,1.1925144413116917,CC1(C)[C@@H]2[C@H]3C(=O)N[C@H](C(N)=O)CSCc4cccc(c4)CSCCC(=O)N[C@@H](CCCCN)C(=O)NCC(=O)N[C@@H](Cc4c[nH]c5ccc(F)cc45)C(=O)N[C@@H](Cc4c[nH]c5ccc(F)cc45)C(=O)N[C@@H](CC(=O)O)C(=O)N[C@@H](Cc4c[nH]cn4)C(=O)N[C@@H](Cc4ccc(O)cc4)C(=O)N3C[C@@H]21,0.0,0.0,0.0,0.0,0.0,0.0,0.0,0.0,0.0,0.0,0.0,0.0,0.0,0.0,0.0,0.0,0.0,0.0,0.0,0.0,0.0,0.0,0.0,0.0,0.0,0.0,0.0,0.0,0.0,0.0,0.0,0.0,0.0,0.0,0.0,0.0,0.0,0.0,0.0,0.11105295721410488,0.11087663101705109,0.0,0.0,0.2038893586045199,0.0,0.0,0.0,0.0,0.0,0.0,-0.5755710771339952,0.0,0.0,0.0,0.0,0.0,0.0,0.0,0.0,0.0,0.0,0.0,0.0,0.0,0.0,0.0,0.0,0.0,0.0,0.0,0.0,0.0,0.0,0.0,0.0,0.0,0.0,0.0,0.0,0.0,0.0,0.0,0.0,0.0,0.0,0.0,0.0,0.0,0.0,0.0,0.0,0.0,0.0,0.0,0.0,0.0,0.0,0.0,0.0,0.0,0.0,0.0,0.0,0.0,0.0,0.0,0.0,0.0,0.0,0.0,0.0,0.0,0.0,0.0,0.0,0.0,0.6931471805599453,0.0,0.0,0.0,0.0,0.0,0.0,0.0,0.0,0.0,0.0,0.0,0.0,0.6931471805599453,0.0,0.0,0.0,0.0,0.0,0.0,0.0,0.0,0.0,0.0,0.0,0.0,0.0,0.0,0.0,0.0,0.0,0.0,0.0,0.0,0.0,0.0,0.0,0.0,0.0,0.0,0.0,0.0,0.0,0.0,0.0,0.0,0.0,0.0,0.0,0.0,0.0,0.0,0.0,0.0,0.0,0.022858138076050267,0.0,0.0,0.0,0.0,0.0,-0.10080469912196559,0.0,0.0,0.0,0.0,0.0,0.0,0.0,0.0
5.183758700008217,1.1925144413116917,NCCCC[C@@H]1NC(=O)CCSCc2ccc3cc(ccc3c2)CSC[C@@H](C(N)=O)NC(=O)[C@@H]2CCCN2C(=O)[C@H](Cc2ccc(O)cc2)NC(=O)[C@H](Cc2c[nH]cn2)NC(=O)[C@H](CC(=O)O)NC(=O)[C@H](Cc2c[nH]c3ccc(F)cc23)NC(=O)[C@H](Cc2c[nH]c3ccc(F)cc23)NC(=O)CNC1=O,0.0,0.0,0.0,0.0,0.0,0.0,0.0,0.0,0.0,0.0,0.0,0.0,0.0,0.0,0.0,0.0,0.0,0.0,0.0,1.137335919930649,0.0,0.0,0.0,0.0,0.0,0.0,0.0,0.0,0.0,0.0,0.0,0.0,0.0,0.0,0.0,0.0,0.0,0.0,0.0,0.11105295721410488,0.11087663101705109,0.0,0.0,0.2038893586045199,0.0,0.0,0.0,0.0,0.0,0.0,0.4591837151165864,0.0,0.0,0.0,0.0,0.0,0.0,0.0,0.0,0.0,0.0,0.0,0.0,0.0,0.0,0.0,0.0,0.0,0.0,0.0,0.0,0.0,0.0,0.0,0.0,0.0,0.0,0.0,0.0,0.0,0.0,0.0,-0.6931471805599453,0.0,0.0,0.0,0.0,0.0,0.0,0.0,0.0,0.0,0.0,0.0,0.0,0.0,0.0,0.0,0.0,0.0,0.0,0.0,0.0,0.0,0.0,0.0,0.0,0.0,0.0,0.0,0.0,0.0,0.0,0.0,0.0,0.0,0.0,0.0,0.0,0.0,0.0,0.0,0.0,0.0,0.0,0.0,0.0,0.0,0.0,0.6931471805599453,0.0,0.0,0.0,0.0,0.0,0.0,0.0,0.0,0.0,0.0,0.0,0.0,0.0,0.0,0.0,0.0,0.0,0.0,0.0,0.0,0.0,0.0,0.0,0.0,0.0,0.0,0.0,0.0,0.0,0.0,0.0,0.0,0.0,0.0,0.0,0.0,0.0,0.0,0.0,0.0,0.0,0.22660575904268127,0.0,0.6931471805599453,0.0,0.0,0.0,0.2047944126460132,0.0,0.0,0.0,0.0,0.0,0.0,0.0,0.0
4.449771646944906,1.1925144413116917,NCCCC[C@@H]1NC(=O)CCSCc2ccc3ccc(cc3c2)CSC[C@@H](C(N)=O)NC(=O)[C@@H]2CCCN2C(=O)[C@H](Cc2ccc(O)cc2)NC(=O)[C@H](Cc2c[nH]cn2)NC(=O)[C@H](CC(=O)O)NC(=O)[C@H](Cc2c[nH]c3ccc(F)cc23)NC(=O)[C@H](Cc2c[nH]c3ccc(F)cc23)NC(=O)CNC1=O,0.0,0.0,0.0,0.0,0.0,0.0,0.0,0.0,0.0,0.0,0.0,0.0,0.0,0.0,0.0,0.0,0.0,0.0,0.0,1.137335919930649,0.0,0.0,0.0,0.0,0.0,0.0,0.0,0.0,0.0,0.0,0.0,0.0,0.0,0.0,0.0,0.0,0.0,0.0,0.0,0.0,0.0,0.0,0.0,0.10130827721874541,0.0,0.0,0.0,0.0,0.0,0.0,0.4486683711170636,0.0,0.0,0.0,0.0,0.0,0.0,0.0,0.0,0.0,0.0,0.0,0.0,0.0,0.0,0.0,0.0,0.0,0.0,0.0,0.0,0.0,0.0,0.0,0.0,0.0,0.0,0.0,0.0,0.0,0.0,0.0,-0.6931471805599453,0.0,0.0,0.0,0.0,0.0,0.0,0.0,0.0,0.0,0.0,0.0,0.0,0.0,0.0,0.0,0.0,0.0,0.0,0.0,0.0,0.0,0.0,0.0,0.0,0.0,0.0,0.0,0.0,0.0,0.0,0.0,0.0,0.0,0.0,0.0,0.0,0.0,0.0,0.0,0.0,0.0,0.0,0.0,0.0,0.0,0.0,0.6931471805599453,0.0,0.0,0.0,0.0,0.0,0.0,0.0,0.0,0.0,0.0,0.0,0.0,0.0,0.0,0.0,0.0,0.0,0.0,0.0,0.0,0.0,0.0,0.0,0.0,0.0,0.0,0.0,0.0,0.0,0.0,0.0,0.0,0.0,0.0,0.0,0.0,0.0,0.0,0.0,0.0,0.0,0.19856653897828705,0.0,0.6931471805599453,0.0,0.0,0.0,0.2047944126460132,0.0,0.0,0.0,0.0,0.0,0.0,0.0,0.0
4.449771646944906,1.1925144413116917,NCCCC[C@@H]1NC(=O)CCSCc2cccc(c2)CSC[C@@H](C(N)=O)NC(=O)[C@@H]2CCN2C(=O)[C@H](Cc2ccc(O)cc2)NC(=O)[C@H](Cc2c[nH]cn2)NC(=O)[C@H](CC(=O)O)NC(=O)[C@H](Cc2c[nH]c3ccc(F)cc23)NC(=O)[C@H](Cc2c[nH]c3ccc(F)cc23)NC(=O)CNC1=O,0.0,0.0,0.0,0.0,0.0,0.0,0.0,0.0,0.0,0.0,0.0,0.0,0.0,0.0,0.0,0.0,0.0,0.0,0.0,0.0,0.0,0.0,0.0,0.0,0.0,0.0,0.0,0.0,0.0,0.0,0.0,0.0,0.0,0.0,0.0,0.0,0.0,0.0,0.0,0.0,0.0,0.0,0.0,0.10130827721874541,0.0,0.0,0.0,0.0,0.0,0.0,-0.5510646669461726,0.0,0.0,0.0,0.6931471805599453,0.0,0.0,0.0,0.0,0.0,0.0,0.0,0.0,0.0,0.0,0.0,0.0,0.0,0.0,0.0,0.0,0.0,0.0,0.0,0.0,0.0,0.0,0.0,0.0,0.0,0.0,0.0,-0.6931471805599453,0.0,0.0,0.0,0.0,0.0,0.0,0.0,0.0,0.0,0.0,0.0,0.0,0.0,0.0,0.0,0.0,0.0,0.0,0.0,0.0,0.0,0.0,0.0,0.0,0.0,0.0,0.0,0.0,0.0,0.0,0.0,0.0,0.0,0.0,0.0,0.0,0.0,0.0,0.0,0.0,0.0,0.0,0.0,0.0,0.0,0.0,0.6931471805599453,0.0,0.0,0.0,0.0,0.0,0.0,0.0,0.0,0.0,0.0,0.0,0.0,0.0,0.0,0.0,0.0,0.0,0.0,0.0,0.0,0.0,0.0,0.0,0.0,0.0,0.0,0.0,0.0,0.0,0.0,0.0,0.0,0.0,0.0,0.0,0.0,0.0,0.0,0.0,0.0,0.0,0.12991213424020998,0.0,0.0,0.0,0.0,0.0,0.19237189264745608,0.0,0.0,0.0,0.0,0.0,0.0,0.0,0.0
4.449771646944906,1.1925144413116917,NCCCC[C@@H]1NC(=O)CCSCc2cccc(c2)CSC[C@@H](C(N)=O)NC(=O)[C@@H]2CCCCN2C(=O)[C@H](Cc2ccc(O)cc2)NC(=O)[C@H](Cc2c[nH]cn2)NC(=O)[C@H](CC(=O)O)NC(=O)[C@H](Cc2c[nH]c3ccc(F)cc23)NC(=O)[C@H](Cc2c[nH]c3ccc(F)cc23)NC(=O)CNC1=O,0.0,0.0,0.0,0.0,0.0,0.0,0.0,0.0,0.0,0.0,0.0,0.0,0.0,0.0,0.0,0.0,0.0,0.0,0.0,0.0,0.0,0.0,0.0,0.0,0.0,0.0,0.0,0.0,0.0,0.0,0.0,0.0,0.0,0.0,0.0,0.0,0.0,0.0,0.0,0.0,0.0,0.0,0.0,0.10130827721874541,0.0,0.0,0.0,0.0,0.0,0.0,-0.5699688215853254,0.0,0.0,0.0,0.0,0.0,0.0,0.0,0.0,0.0,0.0,0.0,0.0,0.0,0.0,0.0,0.0,0.0,0.0,0.0,0.0,0.0,0.0,0.0,0.0,0.0,0.0,0.0,0.0,0.0,0.0,0.0,-0.6931471805599453,0.0,0.0,0.0,0.0,0.0,0.0,0.0,0.0,0.0,0.0,0.0,0.0,0.0,0.0,0.0,0.0,0.0,0.0,0.0,0.0,0.0,0.0,0.0,0.0,0.0,0.0,0.0,0.0,0.0,0.0,0.0,0.0,0.0,0.0,0.0,0.0,0.0,0.0,0.0,0.0,0.0,0.0,0.0,0.0,0.0,0.0,0.6931471805599453,0.0,0.0,0.0,0.0,0.0,0.0,0.0,0.0,0.0,0.0,0.0,0.0,0.0,0.0,0.0,0.0,0.0,0.0,0.0,0.0,0.0,0.0,0.0,0.0,0.0,0.0,0.0,0.0,0.0,0.0,0.0,0.0,0.0,0.0,0.0,0.0,0.0,0.0,0.0,0.0,0.0,0.06706423058054609,0.0,0.0,0.0,0.0,0.0,0.0,0.0,0.0,0.0,0.0,0.0,0.0,0.0,0.0
5.183758700008217,1.1925144413116917,NCCCC[C@@H]1NC(=O)CCSCc2cccc(c2)CSC[C@@H](C(N)=O)NC(=O)[C@@H]2CCCN2C(=O)[C@H](Cc2ccc(O)cc2)NC(=O)[C@H](Cc2c[nH]cn2)NC(=O)[C@H](CC(=O)O)NC(=O)[C@H](Cc2c[nH]c3ccc(F)cc23)NC(=O)[C@H](Cc2cccc3ccccc23)NC(=O)CNC1=O,0.0,0.0,0.0,0.0,0.0,0.0,0.0,0.0,0.0,0.0,0.0,0.0,0.0,0.0,0.0,0.0,0.0,0.0,0.0,-0.025335216666710954,0.0,0.0,0.0,0.0,0.0,0.0,0.0,0.0,0.0,0.0,0.0,0.0,0.0,0.0,0.0,0.0,0.0,0.0,0.0,0.11105295721410488,0.11087663101705109,0.0,0.0,0.2038893586045199,0.0,0.0,0.0,0.0,0.0,0.0,-0.5510646669461726,0.0,0.0,0.0,0.0,0.0,0.0,0.0,0.0,0.0,0.0,0.0,0.0,0.0,0.0,0.0,0.0,0.0,0.0,0.0,0.0,0.0,0.0,0.0,0.0,0.0,0.0,0.0,0.0,0.0,0.0,0.0,-0.6931471805599453,0.0,0.0,0.0,0.0,0.0,0.0,0.0,0.0,0.0,0.0,0.0,0.0,0.0,0.0,0.0,0.0,0.0,0.0,0.0,0.0,0.0,0.0,0.0,0.0,0.6931471805599453,0.0,0.0,0.0,0.0,0.0,0.0,0.0,0.0,0.0,0.0,0.0,0.0,0.0,0.0,0.0,0.0,0.0,0.0,0.0,0.0,0.0,0.6931471805599453,0.0,0.0,0.0,0.0,0.0,0.0,0.0,0.0,0.0,0.0,0.0,0.0,0.0,0.0,0.0,0.0,0.0,0.0,0.0,0.0,0.0,0.0,0.0,0.0,0.0,0.0,0.0,0.0,0.0,0.0,0.0,0.0,0.0,0.0,0.0,0.0,0.0,0.0,0.0,0.0,0.0,0.7789535929502336,0.0,0.6931471805599453,0.0,0.0,0.0,-0.10080469912196559,0.0,0.0,0.0,0.0,0.0,0.0,0.0,0.0
5.183758700008217,1.1925144413116917,NCCCC[C@@H]1NC(=O)CCSCc2cccc(c2)CSC[C@@H](C(N)=O)NC(=O)[C@@H]2CCCN2C(=O)[C@H](Cc2ccc(O)cc2)NC(=O)[C@H](Cc2c[nH]cn2)NC(=O)[C@H](CC(=O)O)NC(=O)[C@H](Cc2c[nH]c3ccc(F)cc23)NC(=O)[C@H](Cc2ccc(-c3ccccc3)cc2)NC(=O)CNC1=O,1.1053175093838539,0.0,0.0,0.0,0.0,0.6931471805599453,0.0,0.6931471805599453,0.0,0.0,0.0,0.0,0.0,0.0,0.0,0.0,0.0,0.0,0.0,0.04310361744086199,0.0,0.0,0.0,0.0,0.0,0.6931471805599453,0.0,0.0,0.0,0.0,0.0,0.6931471805599453,0.0,0.0,0.0,0.0,0.0,0.0,0.0,0.11105295721410488,0.11087663101705109,0.0,0.0,0.2038893586045199,0.0,0.0,0.0,0.0,0.0,0.0,-0.5376158571335597,0.0,0.0,0.0,0.0,0.0,0.0,0.0,0.0,0.0,0.0,0.0,0.0,0.0,0.0,0.0,0.0,0.0,0.0,0.0,0.0,0.0,0.0,0.0,0.0,0.0,0.0,0.0,0.0,0.0,0.0,-0.6931471805599453,0.0,0.0,0.0,0.0,0.0,0.0,0.0,0.0,0.0,0.0,0.0,0.0,0.0,0.0,0.0,0.0,0.0,0.0,0.0,0.0,0.0,0.0,0.0,0.0,0.0,0.6931471805599453,0.0,0.0,0.0,0.0,0.0,0.0,0.0,0.0,0.0,0.0,0.0,0.0,0.0,0.0,0.6931471805599453,0.0,0.0,0.0,0.0,0.0,0.0,0.6931471805599453,0.0,0.0,0.0,0.0,0.0,0.0,0.0,0.0,0.0,0.0,0.0,0.0,0.0,0.0,0.0,0.0,0.0,0.0,0.0,0.0,0.0,0.0,0.0,0.0,0.0,0.0,0.0,0.0,0.0,0.0,0.0,0.0,0.0,0.0,0.0,0.0,0.0,0.0,0.0,0.0,0.0,0.6727085128826723,0.0,0.0,0.0,0.0,0.0,0.04445176257083384,0.0,0.0,0.0,0.0,0.0,0.0,0.0,0.0
5.183758700008217,1.1925144413116917,NCCCC[C@@H]1NC(=O)CCSCc2cccc(c2)CSC[C@@H](C(N)=O)NC(=O)[C@@H]2CCCN2C(=O)[C@H](Cc2ccc(O)cc2)NC(=O)[C@H](Cc2c[nH]cn2)NC(=O)[C@H](CC(=O)O)NC(=O)[C@H](Cc2c[nH]c3ccc(F)cc23)NC(=O)[C@H](CCc2ccccc2)NC(=O)CNC1=O,0.0,0.0,0.0,0.0,0.0,0.0,0.0,0.0,0.0,0.0,0.0,0.0,0.0,0.0,0.0,0.0,0.0,0.0,0.0,-1.1455304055890243,0.0,0.0,0.0,0.0,0.0,0.0,0.0,0.0,0.0,0.0,0.0,0.0,0.0,0.0,0.0,0.0,0.0,0.0,0.0,0.11105295721410488,0.11087663101705109,0.0,0.0,0.2038893586045199,0.0,0.0,0.0,0.0,0.0,0.0,-0.5529712452167543,0.0,0.0,0.0,0.0,0.0,0.0,0.0,0.0,0.0,0.0,0.0,0.0,0.0,0.0,0.0,0.0,0.0,0.0,0.0,0.0,0.0,0.0,0.0,0.0,0.0,0.0,0.0,0.0,0.0,0.0,-0.6931471805599453,-0.6931471805599453,0.0,0.0,0.0,0.0,0.0,0.0,0.0,0.0,0.0,0.0,0.0,0.0,0.0,0.0,0.0,0.0,0.0,0.0,0.0,0.0,0.0,0.0,0.0,0.0,0.6931471805599453,0.0,0.0,0.0,0.0,0.0,0.0,0.0,0.0,0.0,0.0,0.0,0.0,0.0,0.0,0.0,0.0,0.0,0.0,0.0,0.0,0.0,0.6931471805599453,0.0,0.0,0.0,0.0,0.0,0.0,0.0,0.0,0.0,0.0,0.0,0.0,0.0,0.0,0.0,0.0,0.0,0.0,0.0,0.0,0.0,0.0,0.0,0.0,0.0,0.0,0.0,0.0,0.0,0.0,0.0,0.0,0.0,0.0,0.0,0.0,0.0,0.0,0.0,0.0,0.0,0.6902528225335823,0.0,0.0,0.0,0.0,0.0,-0.16705408466316618,0.0,0.0,0.0,0.0,0.0,0.0,0.0,0.0
6.259637310505756,1.1925144413116917,C[C@@]1(Cc2c[nH]c3ccccc23)NC(=O)CNC(=O)[C@H](CCCCN)NC(=O)CCSCc2cccc(c2)CSC[C@@H](C(N)=O)NC(=O)[C@@H]2CCCN2C(=O)[C@H](Cc2ccc(O)cc2)NC(=O)[C@H](Cc2c[nH]cn2)NC(=O)[C@H](CC(=O)O)NC(=O)[C@H](Cc2c[nH]c3ccc(F)cc23)NC1=O,0.0,0.0,0.0,0.0,0.0,0.0,0.0,0.0,0.0,0.0,0.0,0.0,0.0,0.0,0.0,0.0,0.0,0.0,0.0,0.0,0.0,0.0,0.0,0.0,0.0,0.0,0.0,0.0,0.0,0.0,0.0,0.0,0.0,0.0,0.0,0.0,0.0,0.0,0.0,0.2543463885567357,0.25396960936753976,0.0,0.0,0.3386293396892764,0.0,0.0,0.0,0.0,0.0,0.0,-0.5699688215853254,0.0,0.0,0.0,0.0,0.0,0.0,0.0,0.0,0.0,0.0,0.0,0.0,0.0,0.0,0.0,0.0,0.0,0.0,0.0,0.0,0.0,0.0,0.0,0.0,0.0,0.0,0.0,0.0,0.0,0.0,-0.6931471805599453,-0.6931471805599453,0.0,0.0,0.0,0.0,0.0,0.0,0.0,0.0,0.0,0.0,0.0,0.0,0.0,0.0,0.0,0.0,0.0,0.0,0.0,0.0,0.0,0.0,0.0,0.0,0.6931471805599453,0.0,0.0,0.0,0.0,0.0,0.0,0.0,0.0,0.0,0.0,0.0,0.0,0.0,0.0,0.0,0.0,0.0,0.0,0.0,0.0,0.0,0.6931471805599453,0.0,0.0,0.0,0.0,0.0,0.0,0.0,0.0,0.0,0.0,0.0,0.0,0.0,0.0,0.0,0.0,0.0,0.0,0.0,0.0,0.0,0.0,0.0,0.0,0.0,0.0,0.0,0.0,0.0,0.0,0.0,0.0,0.0,0.0,0.0,0.0,0.0,0.0,0.0,0.0,0.0,0.6305335878319601,0.0,0.0,0.0,0.0,0.0,-0.1410785982599055,0.0,0.0,0.0,0.0,0.0,0.0,0.0,0.0
5.183758700008217,1.1925144413116917,C[C@@]1(CCCCN)NC(=O)CCSCc2cccc(c2)CSC[C@@H](C(N)=O)NC(=O)[C@@H]2CCCN2C(=O)[C@H](Cc2ccc(O)cc2)NC(=O)[C@H](Cc2c[nH]cn2)NC(=O)[C@H](CC(=O)O)NC(=O)[C@H](Cc2c[nH]c3ccc(F)cc23)NC(=O)[C@H](Cc2c[nH]c3ccc(F)cc23)NC(=O)CNC1=O,0.0,0.0,0.0,0.0,0.0,0.0,0.0,0.0,0.0,0.0,0.0,0.0,0.0,0.0,0.0,0.0,0.0,0.0,0.0,0.0,0.0,0.0,0.0,0.0,0.0,0.0,0.0,0.0,0.0,0.0,0.0,0.0,0.0,0.0,0.0,0.0,0.0,0.0,0.0,0.11105295721410488,0.11087663101705109,0.0,0.0,0.2038893586045199,0.0,0.0,0.0,0.0,0.0,0.0,-0.36261751672553544,0.0,0.0,0.0,0.0,0.0,0.0,0.0,0.0,0.0,0.0,0.0,0.0,0.0,0.0,0.0,0.0,0.0,0.0,0.0,0.0,0.0,0.0,0.0,0.0,0.0,0.0,0.0,0.0,0.0,0.0,0.0,-0.6931471805599453,0.0,0.0,0.0,0.0,0.0,0.0,0.0,0.0,0.0,0.0,0.0,0.0,0.0,0.0,0.0,0.0,0.0,0.0,0.0,0.0,0.0,0.0,0.0,0.0,0.0,0.0,0.0,0.0,0.0,0.0,0.0,0.0,0.0,0.0,0.0,0.0,0.0,0.0,0.0,0.0,0.0,0.0,0.0,0.0,0.0,0.0,0.6931471805599453,0.0,0.0,0.0,0.0,0.0,0.0,0.0,0.0,0.0,0.0,0.0,0.0,0.0,0.0,0.0,0.0,0.0,0.0,0.0,0.0,0.0,0.0,0.0,0.0,0.0,0.0,0.0,0.0,0.0,0.0,0.0,0.0,0.0,0.0,0.0,0.0,0.0,0.0,0.0,0.0,0.0,0.15991438454400775,0.0,0.0,0.0,0.0,0.0,0.015037877364540516,0.0,0.0,0.0,0.0,0.0,0.0,0.0,0.0
6.150514997831991,0.2973629040733618,C[C@@]12CCCN1C(=O)[C@H](Cc1ccc(O)cc1)NC(=O)[C@H](Cc1c[nH+]c[nH]1)NC(=O)[C@H](CC(=O)O)NC(=O)[C@H](Cc1c[nH]c3ccc(F)cc13)NC(=O)[C@H](Cc1c[nH]c3ccc(F)cc13)NC(=O)CNC(=O)[C@H](Cc1ccc(O)cc1)NC(=O)CCSCc1cccc(c1)CSC[C@@H](C(N)=O)NC2=O,0.7148462081390736,0.0,0.0,0.0,0.0,0.0,0.0,0.0,0.0,0.0,0.0,0.0,0.0,0.0,0.0,0.0,0.0,0.0,0.0,0.0,0.0,0.0,0.0,0.0,0.0,0.0,0.0,0.0,0.0,0.0,0.0,0.0,0.0,0.0,0.0,0.0,0.0,0.0,0.0,0.22159893318814058,0.2590860088262802,0.0,0.0,0.0,0.0,0.0,0.0,0.0,0.0,0.0,-0.3695061777207207,0.0,0.0,0.0,0.0,0.0,0.0,0.0,0.0,0.0,0.0,0.0,0.0,0.0,0.0,0.0,0.0,0.0,0.0,0.0,0.0,0.0,0.0,0.0,0.0,0.0,0.0,0.0,0.0,0.0,0.0,0.0,-0.6931471805599453,0.0,0.0,0.0,0.0,0.0,0.0,0.0,0.0,0.0,0.0,0.0,0.0,0.0,0.0,0.0,0.0,0.0,0.0,0.0,0.0,0.0,0.0,0.0,0.0,0.0,0.0,0.0,0.0,0.0,0.0,0.0,0.0,0.0,0.0,0.0,0.0,0.0,0.0,0.0,0.0,0.0,0.0,0.0,0.0,0.0,0.0,0.6931471805599453,0.0,0.0,0.0,0.0,0.0,0.0,0.0,0.0,0.0,0.0,0.0,0.0,0.0,0.0,0.0,0.0,0.0,0.0,0.0,0.0,0.0,0.0,0.0,0.0,0.0,0.0,0.0,0.0,0.0,0.0,0.0,0.0,0.0,0.0,0.0,0.0,0.0,0.0,0.0,0.0,0.0,0.0778170223568091,0.0,0.0,0.0,0.0,0.0,0.35364004024357837,0.0,0.0,0.0,0.0,0.0,0.0,0.0,0.0
6.259637310505756,1.1925144413116917,CC1(C)NC(=O)[C@H](Cc2ccc(O)cc2)NC(=O)[C@H](Cc2cnc[nH]2)NC(=O)[C@H](CC(=O)O)NC(=O)[C@H](Cc2c[nH]c3ccc(F)cc23)NC(=O)[C@H](Cc2c[nH]c3ccc(F)cc23)NC(=O)CNC(=O)[C@H](CCCC[NH3+])NC(=O)CCSCc2cccc(c2)CSC[C@@H](C(N)=O)NC1=O,0.0,0.0,0.0,0.0,0.0,0.0,0.0,0.0,0.0,0.0,0.0,0.0,0.0,0.0,0.0,0.0,0.0,0.0,0.0,0.0,0.0,0.0,0.0,0.0,0.0,0.0,0.0,0.0,0.0,0.0,0.0,0.0,0.0,0.0,0.0,0.0,0.0,0.0,0.0,0.2543463885567357,0.25396960936753976,0.0,0.0,0.3386293396892764,0.0,0.0,0.0,0.0,0.0,0.0,-0.32744390254726824,0.0,0.0,0.0,0.0,0.0,0.0,0.0,0.0,0.0,0.0,0.0,0.0,0.0,0.0,0.0,0.0,0.0,0.0,0.0,0.0,0.0,0.0,0.0,0.0,0.0,0.0,0.0,0.0,0.0,0.0,0.0,-0.6931471805599453,0.0,0.0,0.0,0.0,0.0,0.0,0.0,0.0,0.0,0.0,0.0,0.0,0.0,0.0,0.0,0.0,0.0,0.0,0.0,0.0,0.0,0.0,0.0,0.0,0.0,0.0,0.0,0.0,0.0,0.0,0.0,0.0,0.0,0.0,0.0,0.0,0.0,0.0,0.0,0.0,0.0,0.0,0.0,0.0,0.0,0.0,0.6931471805599453,0.0,0.0,0.0,0.0,0.0,0.0,0.0,0.0,0.0,0.0,0.0,0.0,0.0,0.0,0.0,0.0,0.0,0.0,0.0,0.0,0.0,0.0,0.0,0.0,0.0,0.0,0.0,0.0,0.0,0.0,0.0,0.0,0.0,0.0,0.0,0.0,0.0,0.0,0.0,0.0,0.0,0.15001331356129724,0.0,0.0,0.0,0.0,0.0,0.5377330766859151,0.0,0.0,0.0,0.0,0.0,0.0,0.0,0.0
4.449771646944906,1.1925144413116917,CC(C)[C@H]1C(=O)N[C@H](C(N)=O)CSCc2cccc(c2)CSCCC(=O)N[C@@H](CCCCN)C(=O)NCC(=O)N[C@@H](Cc2c[nH]c3ccc(F)cc23)C(=O)N[C@@H](Cc2c[nH]c3ccc(F)cc23)C(=O)N[C@@H](CC(=O)O)C(=O)N[C@@H](Cc2cnc[nH]2)C(=O)N[C@@H](Cc2ccc(O)cc2)C(=O)N1C,0.0,0.0,0.0,0.0,0.0,0.0,0.0,0.0,0.0,0.0,0.0,0.0,0.0,0.0,0.0,0.0,0.0,0.0,0.0,0.0,0.0,0.0,0.0,0.0,0.0,0.0,0.0,0.0,0.0,0.0,0.0,0.0,0.0,0.0,0.0,0.0,0.0,0.0,0.0,0.0,0.0,0.0,0.0,0.10130827721874541,0.0,0.0,0.0,0.0,0.0,0.0,-0.5737071436959326,0.0,0.0,0.0,0.0,0.0,0.0,0.0,0.0,0.0,0.0,0.0,0.0,0.0,0.0,0.0,0.0,0.0,0.0,0.0,0.0,0.0,0.0,0.0,0.0,0.0,0.0,0.0,0.0,0.0,0.0,0.0,-0.6931471805599453,0.0,0.0,0.0,0.0,0.0,0.0,0.0,0.0,0.0,0.0,0.0,0.0,0.0,0.0,0.0,0.0,0.0,0.0,0.0,0.0,0.0,0.0,0.0,0.0,0.0,0.0,0.0,0.0,0.0,0.0,0.0,0.0,0.0,0.0,0.0,0.0,0.0,0.0,0.0,0.0,0.0,0.0,0.0,0.0,0.0,0.0,0.6931471805599453,0.0,0.0,0.0,0.0,0.0,0.0,0.0,0.0,0.0,0.0,0.0,0.0,0.0,0.0,0.0,0.0,0.0,0.0,0.0,0.0,0.0,0.0,0.0,0.0,0.0,0.0,0.0,0.0,0.0,0.0,0.0,0.0,0.0,0.0,0.0,0.0,0.0,0.0,0.0,0.0,0.0,0.15991438454400775,0.0,0.0,0.0,0.0,0.0,0.29898162770571435,0.0,0.0,0.0,0.0,0.0,0.0,0.0,0.0
4.449771646944906,1.1925144413116917,CN1CC(=O)N[C@@H](Cc2c[nH]c3ccccc23)C(=O)N[C@@H](Cc2c[nH]c3ccccc23)C(=O)N(C)[C@@H](CC(=O)O)C(=O)N[C@@H](Cc2cnc[nH]2)C(=O)N(C)[C@@H](Cc2ccc(O)cc2)C(=O)N2CCC[C@H]2C(=O)N[C@H](C(N)=O)CSCc2cccc(c2)CSCCC(=O)N[C@@H](CCCCN)C1=O,0.0,0.0,0.0,0.0,0.0,0.0,0.0,0.0,0.0,0.0,0.0,0.0,0.0,0.0,0.0,0.0,0.0,0.0,0.0,0.0,0.0,0.0,0.0,0.0,0.0,0.0,0.0,0.0,0.0,0.0,0.0,0.0,0.0,0.0,0.0,0.0,0.0,0.0,0.0,0.0,0.0,0.0,0.0,0.10130827721874541,0.0,0.0,0.0,0.0,0.0,0.0,-0.5976714241346612,0.0,0.0,0.0,0.0,0.0,0.0,0.0,0.0,0.0,0.0,0.0,0.0,0.0,0.0,0.0,0.0,0.0,0.0,0.0,0.0,0.0,0.0,0.0,0.0,0.0,0.0,0.0,0.0,0.0,0.0,0.0,-0.6931471805599453,0.0,0.0,0.0,0.0,0.0,0.0,0.0,0.0,0.0,0.0,0.0,0.0,0.0,0.0,0.0,0.0,0.0,0.0,0.0,0.0,0.0,0.0,0.0,0.0,0.6931471805599453,0.0,0.0,0.0,0.0,0.0,0.0,0.0,0.0,0.0,0.0,0.0,0.0,0.0,0.0,0.0,0.0,0.0,0.0,0.0,0.0,0.0,0.6931471805599453,0.0,0.0,0.0,0.0,0.0,0.0,0.0,0.0,0.0,0.0,0.0,0.0,0.0,0.0,0.0,0.0,0.0,0.0,0.0,0.0,0.0,0.0,0.0,0.0,0.0,0.0,0.0,0.0,0.0,0.0,0.0,0.0,0.0,0.0,0.0,0.0,0.0,0.0,0.0,0.0,0.0,1.063314506587087,0.0,0.0,0.0,0.0,0.0,-0.80077784475231,0.0,0.0,0.0,0.0,0.0,0.0,0.0,0.0
4.449771646944906,1.1925144413116917,CN1CC(=O)N[C@@H](Cc2c[nH]c3ccccc23)C(=O)N[C@@H](Cc2c[nH]c3ccccc23)C(=O)N(C)[C@@H](CC(=O)O)C(=O)N[C@@H](Cc2c[nH]cn2)C(=O)N[C@@H](Cc2ccc(O)cc2)C(=O)N2CCC[C@H]2C(=O)N[C@H](C(N)=O)CSCc2cccc(c2)CSCCC(=O)N[C@@H](CCCCN)C1=O,0.0,0.0,0.0,0.0,0.0,0.0,0.0,0.0,0.0,0.0,0.0,0.0,0.0,0.0,0.0,0.0,0.0,0.0,0.0,0.0,0.0,0.0,0.0,0.0,0.0,0.0,0.0,0.0,0.0,0.0,0.0,0.0,0.0,0.0,0.0,0.0,0.0,0.0,0.0,0.0,0.0,0.0,0.0,0.10130827721874541,0.0,0.0,0.0,0.0,0.0,0.0,-0.5699688215853254,0.0,0.0,0.0,0.0,0.0,0.0,0.0,0.0,0.0,0.0,0.0,0.0,0.0,0.0,0.0,0.0,0.0,0.0,0.0,0.0,0.0,0.0,0.0,0.0,0.0,0.0,0.0,0.0,0.0,0.0,0.0,-0.6931471805599453,0.0,0.0,0.0,0.0,0.0,0.0,0.0,0.0,0.0,0.0,0.0,0.0,0.0,0.0,0.0,0.0,0.0,0.0,0.0,0.0,0.0,0.0,0.0,0.0,0.6931471805599453,0.0,0.0,0.0,0.0,0.0,0.0,0.0,0.0,0.0,0.0,0.0,0.0,0.0,0.0,0.0,0.0,0.0,0.0,0.0,0.0,0.0,0.6931471805599453,0.0,0.0,0.0,0.0,0.0,0.0,0.0,0.0,0.0,0.0,0.0,0.0,0.0,0.0,0.0,0.0,0.0,0.0,0.0,0.0,0.0,0.0,0.0,0.0,0.0,0.0,0.0,0.0,0.0,0.0,0.0,0.0,0.0,0.0,0.0,0.0,0.0,0.0,0.0,0.0,0.0,1.063314506587087,0.0,0.0,0.0,0.0,0.0,-0.7230001437096257,0.0,0.0,0.0,0.0,0.0,0.0,0.0,0.0
7.301029995663981,1.1925144413116917,NCCCC[C@@H]1NC(=O)CCSCc2cccc(c2)CSC[C@@H](C(N)=O)NC(=O)[C@@H]2CCCN2C(=O)[C@H](Cc2ccc(O)cc2)NC(=O)[C@H](Cc2c[nH]cn2)NC(=O)[C@H](CC(=O)O)NC(=O)[C@H](Cc2c[nH]c3ccc(F)cc23)NC(=O)[C@H](CC2CCCCC2)NC(=O)CNC1=O,0.0,0.0,0.0,0.0,0.0,0.0,0.0,0.0,0.0,0.0,0.0,0.0,0.0,0.0,0.0,0.0,0.0,0.0,0.0,-1.1455304055890243,0.0,0.0,0.0,0.0,0.0,0.0,0.0,0.0,0.0,0.0,0.0,0.0,0.0,0.0,0.0,0.0,0.0,0.0,0.0,0.3758744249050815,0.37534873392630286,0.0,0.0,0.4531966352095854,0.0,0.0,0.0,0.0,0.0,0.0,-0.5567735311664929,0.0,0.0,0.0,0.0,0.0,0.0,0.0,0.0,0.0,0.0,0.0,0.0,0.0,0.0,0.0,0.0,0.0,0.0,0.0,0.0,0.0,0.0,0.0,0.0,0.0,0.0,0.0,0.0,0.0,0.0,-0.6931471805599453,-0.6931471805599453,0.0,0.0,0.0,0.0,0.0,0.0,0.0,0.0,0.0,0.0,0.0,0.0,0.0,0.0,0.0,0.0,0.0,0.0,0.0,0.0,0.0,0.0,0.0,0.0,0.0,0.0,0.0,0.0,0.0,0.0,0.0,0.0,0.0,0.6931471805599453,0.0,0.0,0.0,0.0,0.0,0.0,0.0,0.0,0.0,0.0,0.0,0.0,0.6931471805599453,0.0,0.0,0.0,0.0,0.0,0.0,0.0,0.0,0.0,0.0,0.0,0.0,0.0,0.0,0.0,0.0,0.0,0.0,0.0,0.0,0.0,0.0,0.0,0.0,0.0,0.0,0.0,0.0,0.0,0.0,0.0,0.0,0.0,0.0,0.0,0.0,0.0,0.0,0.0,0.0,0.0,0.5865013176814559,0.0,0.0,0.0,0.0,0.0,-0.46430560813109784,0.0,0.0,0.0,0.0,0.0,0.0,0.0,0.0
6.259637310505756,1.1925144413116917,C[C@@H](O)[C@@H]1NC(=O)[C@H](Cc2c[nH]c3ccc(F)cc23)NC(=O)[C@H](Cc2c[nH]c3ccc(F)cc23)NC(=O)CNC(=O)[C@H](CCCCN)NC(=O)CCSCc2cccc(c2)CSC[C@@H](C(N)=O)NC(=O)[C@@H]2CCCN2C(=O)[C@H](Cc2ccc(O)cc2)NC(=O)[C@H](Cc2c[nH]cn2)NC1=O,0.0,0.0,0.0,0.0,0.0,0.0,0.0,0.0,0.0,0.0,0.0,0.0,0.0,0.0,0.0,0.0,0.0,0.0,0.0,0.0,0.0,0.0,0.0,0.0,0.0,0.0,0.0,0.0,0.0,0.0,0.0,0.0,0.0,0.0,0.0,0.0,0.0,0.0,0.0,0.2543463885567357,0.25396960936753976,0.0,0.0,0.3386293396892764,0.0,0.0,0.0,0.0,0.0,0.0,-0.5624499891712982,0.0,0.0,0.0,0.0,0.0,0.0,0.0,0.0,0.0,0.0,0.0,0.0,0.0,0.0,0.0,0.0,0.0,0.0,0.0,0.0,0.0,0.0,0.0,0.0,0.0,0.0,0.0,0.0,0.0,0.0,0.0,0.0,0.0,0.0,0.0,0.0,0.0,-0.6931471805599453,0.0,0.0,0.0,0.0,0.0,0.0,0.0,0.0,0.0,0.0,0.0,0.0,0.0,0.0,0.0,0.0,0.0,0.0,0.0,0.0,0.0,0.0,0.0,0.0,0.0,0.0,0.0,0.0,0.0,0.0,0.0,0.0,0.0,0.0,0.0,0.0,0.0,0.0,0.0,0.0,0.6931471805599453,0.0,0.0,0.0,0.0,0.0,0.0,0.0,0.0,0.0,0.0,0.0,0.0,0.0,0.0,0.0,0.0,0.0,0.0,0.0,0.0,0.0,0.0,0.0,0.0,0.0,0.0,0.0,0.0,0.0,0.0,0.0,0.0,0.0,0.0,0.0,0.0,0.0,0.0,0.0,0.0,0.0,0.19856653897828705,0.0,0.0,0.0,0.0,0.0,0.07302513501488989,0.0,0.0,0.0,0.0,0.0,0.0,0.0,0.0
6.150514997831991,0.2973629040733618,NCCCC[C@@H]1NC(=O)CCSCc2cccc(c2)CSC[C@@H](C(N)=O)NC(=O)[C@@H]2CCCN2C(=O)[C@H](Cc2c[nH]c3ncccc23)NC(=O)[C@H](Cc2c[nH]cn2)NC(=O)[C@H](CC(=O)O)NC(=O)[C@H](Cc2c[nH]c3ccc(F)cc23)NC(=O)[C@H](Cc2c[nH]c3ccc(F)cc23)NC(=O)CNC1=O,-0.7148462436713207,0.0,0.0,0.0,0.0,0.0,0.0,0.0,0.0,0.0,0.0,0.0,0.0,0.0,0.0,0.0,0.0,0.0,0.0,1.1536582250288527,0.0,0.0,0.0,0.0,0.0,0.0,0.0,0.0,0.0,0.0,0.0,0.0,0.0,0.0,0.0,0.0,0.0,0.0,0.0,0.22159893318814058,0.2590860088262802,0.0,0.0,0.0,0.0,0.0,0.0,0.0,0.0,0.0,-0.5662164719667749,0.0,0.0,0.0,0.0,0.0,0.0,0.0,0.0,0.0,0.0,0.0,0.0,0.0,0.0,0.0,0.0,0.0,0.0,0.0,0.0,0.0,0.0,0.0,0.0,0.0,0.0,0.0,0.0,0.0,0.0,0.0,0.0,0.0,0.0,0.0,0.0,0.0,0.0,0.0,0.0,0.0,0.0,0.0,0.0,0.0,0.0,0.0,0.0,-0.6931471805599453,0.0,0.0,0.0,0.0,0.0,0.0,0.0,0.0,0.0,0.0,0.0,0.0,0.0,0.0,0.0,0.0,0.0,-0.6931471805599453,0.0,0.0,0.0,0.0,0.0,0.0,0.0,0.0,0.0,0.0,0.0,0.6931471805599453,0.0,0.0,0.0,0.0,0.0,0.0,0.0,0.0,0.0,0.0,0.0,0.0,0.0,0.0,0.0,0.0,0.0,0.0,0.0,0.0,0.0,0.0,0.0,0.0,0.0,0.0,0.0,0.0,0.0,0.0,0.0,0.0,0.0,0.0,0.0,0.0,0.0,0.0,0.0,0.0,0.0,0.4112288128249155,0.0,0.0,0.0,0.0,0.0,0.029852963149681156,0.0,0.0,0.0,0.0,0.0,0.0,0.0,0.0
5.183758700008217,1.1925144413116917,NCCCC[C@@H]1NC(=O)CCSCc2cccc(c2)CSC[C@@H](C(N)=O)NC(=O)[C@@H]2CCCN2C(=O)[C@H](Cc2ccc(-c3ccccc3)cc2)NC(=O)[C@H](Cc2c[nH]cn2)NC(=O)[C@H](CC(=O)O)NC(=O)[C@H](Cc2c[nH]c3ccc(F)cc23)NC(=O)[C@H](Cc2c[nH]c3ccc(F)cc23)NC(=O)CNC1=O,0.6812318738309034,0.0,0.0,0.0,0.0,0.6931471805599453,0.0,0.6931471805599453,0.0,0.0,0.0,0.0,0.0,0.0,0.0,0.0,0.0,0.0,0.0,1.159442451084863,0.0,0.0,0.0,0.0,0.0,0.6931471805599453,0.0,0.0,0.0,0.0,0.0,0.6931471805599453,0.0,0.0,0.0,0.0,0.0,0.0,0.0,0.11105295721410488,0.11087663101705109,0.0,0.0,0.2038893586045199,0.0,0.0,0.0,0.0,0.0,0.0,-0.5510646669461726,0.0,0.0,0.0,0.0,0.0,0.0,0.0,0.0,0.0,0.0,0.0,0.0,0.0,0.0,0.0,0.0,0.0,0.0,0.0,0.0,0.0,0.0,0.0,0.0,0.0,0.0,0.0,0.0,0.0,0.0,0.0,0.0,0.0,0.0,0.0,0.0,0.0,0.0,0.0,0.0,0.0,0.0,0.0,0.0,0.0,0.0,0.0,0.0,0.0,0.0,0.0,0.0,0.0,0.0,0.0,0.0,0.6931471805599453,0.0,0.0,0.0,0.0,0.0,0.0,0.0,0.0,0.0,0.0,0.0,0.0,0.0,0.0,0.6931471805599453,0.0,0.0,0.0,0.0,0.0,0.0,0.6931471805599453,0.0,0.0,0.0,0.0,0.0,0.0,0.0,0.0,0.0,0.0,0.0,0.0,0.0,0.0,0.0,0.0,0.0,0.0,0.0,0.0,0.0,0.0,0.0,0.0,0.0,0.0,0.0,0.0,0.0,0.0,0.0,0.0,0.0,0.0,0.0,0.0,0.0,0.0,0.0,0.0,0.0,0.5061906212618427,0.0,0.0,0.0,0.0,0.0,0.15415067982725827,0.0,0.0,0.0,0.0,0.0,0.0,0.0,0.0
6.259637310505756,1.1925144413116917,NCCCC[C@@H]1NC(=O)CCSCc2cccc(c2)CSC[C@@H](C(N)=O)NC(=O)[C@@H]2CCCN2C(=O)[C@H](Cc2ccc(O)cc2)NC(=O)[C@H](Cc2c[nH]cn2)NC(=O)[C@H](CC(=O)O)NC(=O)[C@H](CCc2ccccc2)NC(=O)[C@H](Cc2c[nH]c3ccc(F)cc23)NC(=O)CNC1=O,0.0,0.0,0.0,0.0,0.0,0.0,0.0,0.0,0.0,0.0,0.0,0.0,0.0,0.0,0.0,0.0,0.0,0.0,0.0,-1.1455304055890243,0.0,0.0,0.0,0.0,0.0,0.0,0.0,0.0,0.0,0.0,0.0,0.0,0.0,0.0,0.0,0.0,0.0,0.0,0.0,0.2543463885567357,0.25396960936753976,0.0,0.0,0.3386293396892764,0.0,0.0,0.0,0.0,0.0,0.0,-0.5529712452167543,0.0,0.0,0.0,0.0,0.0,0.0,0.0,0.0,0.0,0.0,0.0,0.0,0.0,0.0,0.0,0.0,0.0,0.0,0.0,0.0,0.0,0.0,0.0,0.0,0.0,0.0,0.0,0.0,0.0,0.0,-0.6931471805599453,-0.6931471805599453,0.0,0.0,0.0,0.0,0.0,0.0,0.0,0.0,0.0,0.0,0.0,0.0,0.0,0.0,0.0,0.0,0.0,0.0,0.0,0.0,0.0,0.0,0.0,0.0,0.6931471805599453,0.0,0.0,0.0,0.0,0.0,0.0,0.0,0.0,0.0,0.0,0.0,0.0,0.0,0.0,0.0,0.0,0.0,0.0,0.0,0.0,0.0,0.6931471805599453,0.0,0.0,0.0,0.0,0.0,0.0,0.0,0.0,0.0,0.0,0.0,0.0,0.0,0.0,0.0,0.0,0.0,0.0,0.0,0.0,0.0,0.0,0.0,0.0,0.0,0.0,0.0,0.0,0.0,0.0,0.0,0.0,0.0,0.0,0.0,0.0,0.0,0.0,0.0,0.0,0.0,0.7244441872818618,0.0,0.0,0.0,0.0,0.0,-0.16705408466316618,0.0,0.0,0.0,0.0,0.0,0.0,0.0,0.0
6.259637310505756,1.1925144413116917,C[C@H]1NC(=O)[C@H](CCCCN)NC(=O)CCSCc2cccc(c2)CSCCNC(=O)[C@]2(C)CCCN2C(=O)[C@H](Cc2ccc(O)c(Cl)c2)NC(=O)[C@H](Cc2cnc[nH]2)NC(=O)[C@H](CC(=O)O)NC(=O)[C@H](Cc2c[nH]c3ccc(F)cc23)NC(=O)[C@H](Cc2c[nH]c3ccc(F)cc23)NC1=O,0.0,0.0,0.0,0.0,0.0,0.0,0.0,0.0,0.0,0.0,0.0,0.0,0.0,0.0,0.0,0.0,0.0,0.0,0.0,0.0,0.0,0.0,0.0,0.0,0.0,0.0,0.0,0.0,0.0,0.0,0.0,0.0,0.0,0.0,0.0,0.0,0.0,0.0,0.0,0.2543463885567357,0.25396960936753976,0.0,0.0,0.3386293396892764,0.0,0.0,0.0,0.0,0.0,0.0,-0.4981630087217592,0.0,0.0,0.0,0.0,0.0,0.0,0.0,0.0,0.0,0.0,0.0,0.0,0.0,0.0,0.0,0.0,0.0,0.0,0.0,0.0,0.0,0.0,0.0,0.0,0.0,0.0,0.0,0.0,0.0,0.0,0.0,-0.6931471805599453,0.0,0.0,0.0,0.0,0.0,0.0,0.0,0.0,0.0,0.0,0.0,0.0,0.0,0.0,0.0,0.0,0.0,0.0,0.0,0.0,0.0,0.0,0.0,0.0,0.0,0.0,0.0,0.0,0.0,0.0,0.0,0.0,0.0,0.0,0.0,0.0,0.0,0.0,0.0,0.0,0.0,0.0,0.0,0.0,0.0,0.0,0.0,0.0,0.0,0.0,0.0,0.0,0.0,0.0,0.0,0.0,0.0,0.0,0.0,0.0,0.0,0.0,0.0,0.0,0.0,0.0,0.0,0.0,0.0,0.0,0.0,0.0,0.0,0.0,0.0,0.0,0.0,0.0,0.0,0.0,0.0,0.0,0.0,0.0,0.0,0.0,0.0,0.0,-0.26280880770664194,0.0,0.6931471805599453,0.0,0.0,0.0,0.11441035117774422,0.0,0.0,0.0,0.0,0.0,0.0,0.0,0.0
6.259637310505756,1.1925144413116917,C[C@H]1NC(=O)[C@H](CCCCN)NC(=O)CCSCc2cccc(c2)CSCCNC(=O)[C@]2(C)CCCN2C(=O)[C@H](Cc2c[nH]c3ncccc23)NC(=O)[C@H](Cc2cnc[nH]2)NC(=O)[C@H](CC(=O)O)NC(=O)[C@H](Cc2c[nH]c3ccc(F)cc23)NC(=O)[C@H](Cc2c[nH]c3ccc(F)cc23)NC1=O,-0.7148462436713207,0.0,0.0,0.0,0.0,0.0,0.0,0.0,0.0,0.0,0.0,0.0,0.0,0.0,0.0,0.0,0.0,0.0,0.0,1.1536582250288527,0.0,0.0,0.0,0.0,0.0,0.0,0.0,0.0,0.0,0.0,0.0,0.0,0.0,0.0,0.0,0.0,0.0,0.0,0.0,0.2543463885567357,0.25396960936753976,0.0,0.0,0.3386293396892764,0.0,0.0,0.0,0.0,0.0,0.0,-0.3556810727288783,0.0,0.0,0.0,0.0,0.0,0.0,0.0,0.0,0.0,0.0,0.0,0.0,0.0,0.0,0.0,0.0,0.0,0.0,0.0,0.0,0.0,0.0,0.0,0.0,0.0,0.0,0.0,0.0,0.0,0.0,0.0,0.0,0.0,0.0,0.0,0.0,0.0,0.0,0.0,0.0,0.0,0.0,0.0,0.0,0.0,0.0,0.0,0.0,-0.6931471805599453,0.0,0.0,0.0,0.0,0.0,0.0,0.0,0.0,0.0,0.0,0.0,0.0,0.0,0.0,0.0,0.0,0.0,-0.6931471805599453,0.0,0.0,0.0,0.0,0.0,0.0,0.0,0.0,0.0,0.0,0.0,0.0,0.0,0.0,0.0,0.0,0.0,0.0,0.0,0.0,0.0,0.0,0.0,0.0,0.0,0.0,0.0,0.0,0.0,0.0,0.0,0.0,0.0,0.0,0.0,0.0,0.0,0.0,0.0,0.0,0.0,0.0,0.0,0.0,0.0,0.0,0.0,0.0,0.0,0.0,0.0,0.0,0.0,0.19856653897828705,0.0,0.0,0.0,0.0,0.0,-0.015037877364540516,0.0,0.0,0.0,0.0,0.0,0.0,0.0,0.0
7.301029995663981,1.1925144413116917,C[C@@]12CCCN1C(=O)[C@H](Cc1ccc(O)cc1)NC(=O)[C@H](Cc1cnc[nH]1)NC(=O)[C@H](CC(=O)O)NC(=O)[C@H](Cc1c[nH]c3ccc(F)cc13)NC(=O)[C@H](Cc1c[nH]c3ccc(F)cc13)NC(=O)CNC(=O)[C@H](CCCN)NC(=O)CCSCc1cccc(c1)CSC[C@@H](C(N)=O)NC2=O,0.0,0.0,0.0,0.0,0.0,0.0,0.0,0.0,0.0,0.0,0.0,0.0,0.0,0.0,0.0,0.0,0.0,0.0,0.0,0.0,0.0,0.0,0.0,0.0,0.0,0.0,0.0,0.0,0.0,0.0,0.0,0.0,0.0,0.0,0.0,0.0,0.0,0.0,0.0,0.3758744249050815,0.37534873392630286,0.0,0.0,0.4531966352095854,0.0,0.0,0.0,0.0,0.0,0.0,-0.37861785807197657,0.0,0.0,0.0,0.0,0.0,0.0,0.0,0.0,0.0,0.0,0.0,0.0,0.0,0.0,0.0,0.0,0.0,0.0,0.0,0.0,0.0,0.0,0.0,0.0,0.0,0.0,0.0,0.0,0.0,0.0,0.0,-0.6931471805599453,0.0,0.0,0.0,0.0,0.0,0.0,0.0,0.0,0.0,0.0,0.0,0.0,0.0,0.0,0.0,0.0,0.0,0.0,0.0,0.0,0.0,0.0,0.0,0.0,0.0,0.0,0.0,0.0,0.0,0.0,0.0,0.0,0.0,0.0,0.0,0.0,0.0,0.0,0.0,0.0,0.0,0.0,0.0,0.0,0.0,0.0,0.6931471805599453,0.0,0.0,0.0,0.0,0.0,0.0,0.0,0.0,0.0,0.0,0.0,0.0,0.0,0.0,0.0,0.0,0.0,0.0,0.0,0.0,0.0,0.0,0.0,0.0,0.0,0.0,0.0,0.0,0.0,0.0,0.0,0.0,0.0,0.0,0.0,0.0,0.0,0.0,0.0,0.0,0.0,0.11970796406596934,0.0,0.0,0.0,0.0,0.0,0.16705408466316618,0.0,0.0,0.0,0.0,0.0,0.0,0.0,0.0
6.150514997831991,0.2973629040733618,CC(=O)N[C@H]1CCCC(=O)NCc2ccc(cc2)C[C@@H](C(N)=O)NC(=O)[C@]2(C)CCCN2C(=O)[C@H](Cc2ccc(O)cc2)NC(=O)[C@H](Cc2c[nH]cn2)NC(=O)[C@H](CC(=O)O)NC(=O)[C@H](Cc2c[nH]c3ccc(F)cc23)NC(=O)[C@H](Cc2c[nH]c3ccc(F)cc23)NC(=O)CNC(=O)[C@H](C)NC1=O,0.0,0.0,0.0,0.0,0.0,0.0,0.0,0.0,0.0,0.0,0.0,0.0,0.0,0.0,0.0,0.0,0.0,0.0,0.0,0.0,0.0,0.0,0.0,0.0,0.0,0.0,0.0,0.0,0.0,-0.6931471805599453,0.0,0.0,0.0,0.0,0.0,-0.6931471805599453,0.0,0.0,0.0,0.22159893318814058,0.2590860088262802,0.0,0.0,0.0,0.0,0.0,0.0,0.0,0.0,0.0,0.05476408540997501,0.0,0.0,0.0,0.6931471805599453,0.0,0.0,0.0,0.0,0.0,0.0,0.0,0.0,0.0,0.0,0.0,0.0,0.0,0.0,0.0,0.0,0.0,0.0,0.0,0.0,0.0,0.0,0.0,0.0,0.0,0.0,0.0,0.0,0.0,0.0,0.0,0.0,0.0,0.0,0.0,0.0,0.0,0.0,0.0,0.0,0.0,0.0,0.0,0.0,0.0,0.0,0.0,0.0,0.0,0.0,0.0,0.0,0.0,0.0,0.0,0.0,0.0,0.0,0.0,0.0,0.0,0.0,0.0,0.0,0.0,0.0,0.0,0.0,0.0,0.0,0.0,0.0,0.0,0.0,0.6931471805599453,0.0,0.0,0.0,0.0,0.0,0.0,0.0,0.0,0.0,0.0,0.0,0.0,0.0,0.0,0.0,0.0,0.0,0.0,0.0,0.0,0.0,0.0,0.0,0.0,0.0,0.0,0.0,0.0,0.0,0.0,0.0,0.0,0.0,0.0,0.0,0.6931471805599453,0.0,0.0,0.0,0.0,0.0,-0.31476854663735315,0.0,0.0,0.0,0.0,0.0,0.6225296133459919,0.0,0.0,0.0,0.0,0.0,0.0,0.0,0.0
6.259637310505756,1.1925144413116917,CC(=O)N[C@@H]1CCCCNC(=O)c2ccc(cc2)C[C@@H](C(N)=O)NC(=O)[C@]2(C)CCCN2C(=O)[C@H](Cc2ccc(O)cc2)NC(=O)[C@H](Cc2cnc[nH]2)NC(=O)[C@H](CC(=O)O)NC(=O)[C@H](Cc2c[nH]c3ccc(F)cc23)NC(=O)[C@H](Cc2c[nH]c3ccc(F)cc23)NC(=O)CNC1=O,0.0,0.0,0.0,0.0,0.0,0.0,0.0,0.0,0.0,0.0,0.0,0.0,0.0,0.0,0.0,0.0,0.0,0.0,0.0,0.0,0.0,0.0,0.0,0.0,0.0,0.0,0.0,0.0,0.0,-0.6931471805599453,0.0,0.6931471805599453,0.0,0.0,0.0,-0.6931471805599453,0.0,0.0,0.0,0.2543463885567357,0.25396960936753976,0.0,0.0,0.3386293396892764,0.0,0.0,0.0,0.0,0.0,0.0,0.02614528010432233,0.0,0.0,0.0,0.6931471805599453,0.0,0.0,0.0,0.0,0.0,0.0,0.0,0.0,0.0,0.0,0.0,0.0,0.0,0.0,0.0,0.0,0.0,0.0,0.0,0.0,0.0,0.0,0.0,0.0,0.0,0.0,0.0,-0.6931471805599453,0.0,0.0,0.0,0.0,0.0,0.0,0.0,0.0,0.0,0.0,0.0,0.0,0.0,0.0,0.0,0.0,0.0,0.0,0.0,0.0,0.0,0.0,0.0,0.0,0.0,0.0,0.0,0.0,0.0,0.0,0.0,0.0,0.0,0.0,0.0,0.0,0.0,0.0,0.0,0.6931471805599453,0.0,0.0,0.0,0.0,0.0,0.0,0.6931471805599453,0.0,0.0,0.0,0.0,0.0,0.0,0.0,0.0,0.0,0.0,0.0,0.0,0.0,0.0,0.0,0.0,0.0,0.0,0.0,0.0,0.0,0.0,0.0,0.0,0.0,0.0,0.0,0.0,0.0,0.0,0.0,0.0,0.0,0.0,0.0,0.6931471805599453,0.0,0.0,0.0,0.0,0.0,-0.3062939196463799,0.0,0.6931471805599453,0.0,0.0,0.0,0.6386589952758756,0.0,0.0,0.0,0.0,0.0,0.0,0.0,0.0
6.150514997831991,0.2973629040733618,COc1ccc(C[C@@H]2NC(=O)[C@H](Cc3c[nH]cn3)NC(=O)[C@H](CC(=O)O)NC(=O)[C@H](Cc3cn(C)c4ccccc34)NC(=O)[C@H](Cc3c[nH]c4ccccc34)N(C)C(=O)CN(C)C(=O)[C@H](C)NC(=O)CCSCc3cccc(c3)CSC[C@@H](C(N)=O)NC(=O)[C@@H]3CCCN3C2=O)cc1,0.0,0.0,0.0,0.0,0.0,0.0,0.0,0.0,0.0,0.0,0.0,0.0,0.0,0.0,0.0,0.0,0.0,0.0,0.0,0.0,0.0,0.0,0.0,0.0,0.0,0.0,0.0,0.0,0.0,0.0,0.0,0.0,0.0,0.0,0.0,0.0,0.0,0.0,0.0,0.22159893318814058,0.2590860088262802,0.0,0.0,0.0,0.0,0.0,0.0,0.0,0.0,0.0,-0.568094406790975,0.0,0.0,0.0,0.0,0.0,0.0,0.0,0.0,0.0,0.0,0.0,0.0,0.0,0.0,0.0,0.0,0.0,0.0,0.0,0.0,0.0,0.0,0.0,0.0,0.0,0.0,0.0,0.0,0.0,0.0,0.0,-0.6931471805599453,0.0,0.0,0.0,0.0,0.0,0.0,0.0,0.0,0.0,0.0,0.0,0.0,0.0,0.0,0.0,0.0,0.0,0.0,0.0,0.0,0.0,0.0,0.0,0.0,0.6931471805599453,0.0,0.0,0.0,0.0,0.0,0.0,0.0,0.0,0.0,0.0,0.0,0.0,0.0,0.0,0.0,0.0,0.0,0.0,0.0,0.0,0.0,0.6931471805599453,0.0,0.0,0.0,0.0,0.0,0.0,0.0,0.0,0.0,0.0,0.0,0.0,0.0,0.0,0.0,0.0,0.0,0.0,0.0,0.0,0.0,0.0,0.0,0.0,0.0,0.0,0.0,0.0,0.0,0.0,0.0,0.0,0.0,0.0,0.0,0.0,0.0,0.0,0.0,0.0,0.0,1.083077995705927,0.0,0.0,0.0,0.0,0.0,-0.4924764850977941,0.0,0.0,0.0,0.0,0.0,0.0,0.0,0.0
5.183758700008217,1.1925144413116917,C[C@@H]1NC(=O)CCSCc2cccc(c2)CSC[C@@H](C(N)=O)NC(=O)[C@@H]2CCCN2C(=O)[C@H](Cc2ccc(O)cc2)N(C)C(=O)[C@H](Cc2c[nH]cn2)NC(=O)[C@H](CC(=O)O)N(C)C(=O)[C@H](Cc2cn(C)c3ccccc23)N(C)C(=O)[C@H](Cc2c[nH]c3ccccc23)N(C)C(=O)CN(C)C1=O,0.0,0.0,0.0,0.0,0.0,0.0,0.0,0.0,0.0,0.0,0.0,0.0,0.0,0.0,0.0,0.0,0.0,0.0,0.0,0.0,0.0,0.0,0.0,0.0,0.0,0.0,0.0,0.0,0.0,0.0,0.0,0.0,0.0,0.0,0.0,0.0,0.0,0.0,0.0,0.11105295721410488,0.11087663101705109,0.0,0.0,0.2038893586045199,0.0,0.0,0.0,0.0,0.0,0.0,-0.6387119740049285,0.0,0.0,0.0,0.0,0.0,0.0,0.0,0.0,0.0,0.0,0.0,0.0,0.0,0.0,0.0,0.0,0.0,0.0,0.0,0.0,0.0,0.0,0.0,0.0,0.0,0.0,0.0,0.0,0.0,0.0,0.0,-0.6931471805599453,0.0,0.0,0.0,0.0,0.0,0.0,0.0,0.0,0.0,0.0,0.0,0.0,0.0,0.0,0.0,0.0,0.0,0.0,0.0,0.0,0.0,0.0,0.0,0.0,0.6931471805599453,0.0,0.0,0.0,0.0,0.0,0.0,0.0,0.0,0.0,0.0,0.0,0.0,0.0,0.0,0.0,0.0,0.0,0.0,0.0,0.0,0.0,0.6931471805599453,0.0,0.0,0.0,0.0,0.0,0.0,0.0,0.0,0.0,0.0,0.0,0.0,0.0,0.0,0.0,0.0,0.0,0.0,0.0,0.0,0.0,0.0,0.0,0.0,0.0,0.0,0.0,0.0,0.0,0.0,0.0,0.0,0.0,0.0,0.0,0.0,0.0,0.0,0.0,0.0,0.0,0.9844354595884567,0.0,0.0,0.0,0.0,0.0,-1.0467872208035232,0.0,0.0,0.0,0.0,0.0,0.0,0.0,0.0
6.259637310505756,1.1925144413116917,NCCCC[C@@H]1NC(=O)CCSCc2cccc(c2)CSC[C@@H](C(N)=O)NC(=O)[C@@H]2CCCN2C(=O)[C@H](Cc2ccc(OCCN)cc2)NC(=O)[C@H](CC2C=NC=N2)NC(=O)[C@H](CC(=O)O)NC(=O)[C@H](Cc2c[nH]c3ccc(F)cc23)NC(=O)[C@H](Cc2c[nH]c3ccc(F)cc23)NC(=O)CNC1=O,0.0,0.0,0.0,0.0,0.0,0.6931471805599453,0.0,0.0,0.0,0.0,0.0,0.0,0.0,0.0,0.0,0.0,0.0,0.6931471805599453,0.0,0.0,0.0,0.0,0.0,0.0,0.0,0.0,0.0,0.0,0.0,0.0,0.0,0.0,0.0,0.0,0.0,0.0,0.0,0.0,0.0,0.2543463885567357,0.25396960936753976,0.0,0.0,0.3386293396892764,0.0,0.0,0.0,0.0,0.0,0.0,-0.5529712452167543,0.0,0.0,0.0,0.0,0.0,0.0,0.0,0.0,0.0,0.0,0.0,0.0,0.0,0.0,0.0,0.0,0.0,0.0,0.0,0.0,0.0,0.0,0.0,0.0,0.0,0.0,0.0,0.0,0.0,0.0,0.0,-0.6931471805599453,0.0,0.0,0.0,0.0,0.0,0.0,0.0,0.0,0.0,0.0,0.0,0.0,0.0,0.0,0.0,0.0,0.0,0.0,0.0,0.0,0.0,0.0,0.0,0.0,0.0,0.0,0.0,0.0,0.0,0.0,0.0,0.0,0.0,0.0,0.0,0.0,0.0,0.0,0.0,0.0,0.0,0.0,0.0,0.0,0.0,0.0,0.6931471805599453,0.0,0.0,0.0,0.0,0.0,0.0,0.0,0.0,0.0,0.0,0.0,0.0,0.0,0.0,0.0,0.0,0.0,0.0,0.0,0.0,0.0,0.0,0.0,0.0,0.0,0.0,0.0,0.0,0.0,0.0,0.0,0.0,0.0,0.0,0.0,0.0,0.0,0.0,0.0,0.0,0.0,0.2716584229836235,0.0,0.0,0.0,0.0,0.0,0.1278333715098849,0.0,0.0,0.0,0.0,0.0,0.0,0.0,0.0
4.449771646944906,1.1925144413116917,NCCCC[C@@H]1NC(=O)CCSCc2cccc(c2)CSC[C@@H](C(N)=O)NC(=O)[C@@H]2CCCN2C(=O)[C@H](Cc2nc3ccccc3s2)NC(=O)[C@H](Cc2c[nH]cn2)NC(=O)[C@H](CC(=O)O)NC(=O)[C@H](Cc2c[nH]c3ccc(F)cc23)NC(=O)[C@H](Cc2c[nH]c3ccc(F)cc23)NC(=O)CNC1=O,-0.7148462436713207,0.0,0.0,0.0,0.0,0.0,0.0,0.6931471805599453,0.0,0.0,0.0,0.0,0.0,0.0,0.0,0.0,0.0,0.0,0.0,1.10165566555123,0.0,0.0,0.0,0.0,0.0,0.0,0.0,0.0,0.0,0.0,0.0,0.0,0.0,0.0,0.0,0.0,0.0,0.0,0.0,0.0,0.0,0.0,0.0,0.10130827721874541,0.0,0.0,0.0,0.0,0.0,0.0,-0.3345782966611423,0.0,0.0,0.0,0.0,0.0,0.0,0.0,0.0,0.0,0.0,0.0,0.0,0.0,0.0,0.0,0.6931471805599453,0.0,0.0,0.0,0.0,0.0,0.0,0.0,0.0,0.0,0.0,0.0,0.0,0.0,0.0,0.0,-0.6931471805599453,0.0,0.0,0.0,0.0,0.0,0.0,0.0,0.0,0.0,0.0,0.0,0.0,0.0,0.0,0.0,0.0,-0.6931471805599453,0.0,0.0,0.0,0.0,0.0,0.0,0.0,0.6931471805599453,0.0,0.0,0.0,0.0,0.0,0.0,0.0,0.0,0.6931471805599453,-0.6931471805599453,0.0,0.0,0.0,0.0,0.0,0.0,0.0,0.0,0.0,0.0,0.0,0.6931471805599453,0.0,0.0,0.0,0.0,0.0,0.0,0.0,0.0,0.0,0.0,0.0,0.0,0.0,0.0,0.0,0.0,0.0,0.0,0.0,0.0,0.0,0.0,0.0,0.0,0.0,0.0,0.0,0.0,0.0,0.0,0.0,0.0,0.0,0.0,0.0,0.0,0.0,0.0,0.0,0.0,0.0,0.5992810443278549,0.0,0.0,0.0,0.0,0.0,-0.08701137698962977,0.0,0.0,0.0,0.0,0.0,0.0,0.0,0.0
7.301029995663981,1.1925144413116917,COc1ccc(C[C@@H]2NC(=O)[C@H](CC3=NC=NC3)NC(=O)[C@H](CC(=O)O)NC(=O)[C@H](Cc3c[nH]c4ccc(F)cc34)NC(=O)[C@H](C(c3ccccc3)c3ccccc3)NC(=O)[C@@H](C)NC(=O)[C@H](CCCCN)NC(=O)CCSCc3cccc(c3)CSCCNC(=O)[C@]3(C)CCCN3C2=O)cc1,0.0,0.0,0.0,0.0,0.0,0.6931471805599453,0.0,0.0,0.0,0.0,0.0,0.0,0.0,0.0,0.0,0.0,0.0,0.0,0.0,-1.1455304055890243,0.0,0.0,0.0,0.0,0.0,0.0,0.0,0.0,0.0,0.0,0.0,0.0,0.0,0.0,0.0,0.0,0.0,0.0,0.0,0.3758744249050815,0.37534873392630286,0.0,0.0,0.4531966352095854,0.0,0.0,0.0,0.0,0.0,0.0,-0.4032551624573618,0.0,0.0,0.0,0.0,0.0,0.0,0.0,0.6931471805599453,0.0,0.0,0.0,0.0,0.0,0.0,0.0,0.0,0.6931471805599453,0.0,0.0,0.0,0.0,0.0,0.0,0.0,0.0,0.0,0.0,0.0,0.0,0.0,-0.6931471805599453,-0.6931471805599453,0.0,0.0,0.0,0.0,0.0,0.0,0.0,0.0,0.0,0.0,0.0,0.0,0.0,0.0,0.0,0.0,0.0,0.0,0.0,0.0,0.0,0.0,0.0,0.0,0.6931471805599453,0.0,0.0,0.0,0.0,0.0,0.0,0.0,0.0,0.0,0.0,0.0,0.6931471805599453,0.0,0.0,0.0,0.0,0.0,0.0,0.0,0.0,0.0,0.0,0.0,0.0,0.0,0.0,0.0,0.0,0.0,0.0,0.0,0.0,0.0,0.0,0.0,0.0,0.0,0.0,0.0,0.0,0.0,0.0,0.0,0.0,0.0,0.0,0.0,0.0,0.0,0.0,0.0,0.0,0.0,0.0,0.0,0.0,0.0,0.0,0.0,0.0,0.0,0.0,0.0,0.4561802006871819,0.0,0.0,0.0,0.0,0.0,-0.10080469912196559,0.0,0.0,0.0,0.0,0.0,0.0,0.0,0.0
7.301029995663981,1.1925144413116917,C[C@H]1NC(=O)[C@H](CCCCN)NC(=O)CCSCc2cccc(c2)CSCCNC(=O)[C@]2(C)CCCN2C(=O)[C@H](Cc2ccc(O)cc2)N(C)C(=O)[C@H](Cc2c[nH]cn2)NC(=O)[C@H](CC(=O)O)NC(=O)[C@H](Cc2c[nH]c3ccc(F)cc23)NC(=O)[C@H](Cc2c[nH]c3ccccc23)N(C)C1=O,0.0,0.0,0.0,0.0,0.0,0.0,0.0,0.0,0.0,0.0,0.0,0.0,0.0,0.0,0.0,0.0,0.0,0.0,0.0,0.0,0.0,0.0,0.0,0.0,0.0,0.0,0.0,0.0,0.0,0.0,0.0,0.0,0.0,0.0,0.0,0.0,0.0,0.0,0.0,0.3758744249050815,0.37534873392630286,0.0,0.0,0.4531966352095854,0.0,0.0,0.0,0.0,0.0,0.0,-0.4164421667393153,0.0,0.0,0.0,0.0,0.0,0.0,0.0,0.0,0.0,0.0,0.0,0.0,0.0,0.0,0.0,0.0,0.0,0.0,0.0,0.0,0.0,0.0,0.0,0.0,0.0,0.0,0.0,0.0,0.0,0.0,0.0,-0.6931471805599453,0.0,0.0,0.0,0.0,0.0,0.0,0.0,0.0,0.0,0.0,0.0,0.0,0.0,0.0,0.0,0.0,0.0,0.0,0.0,0.0,0.0,0.0,0.0,0.0,0.6931471805599453,0.0,0.0,0.0,0.0,0.0,0.0,0.0,0.0,0.0,0.0,0.0,0.0,0.0,0.0,0.0,0.0,0.0,0.0,0.0,0.0,0.0,0.0,0.0,0.0,0.0,0.0,0.0,0.0,0.0,0.0,0.0,0.0,0.0,0.0,0.0,0.0,0.0,0.0,0.0,0.0,0.0,0.0,0.0,0.0,0.0,0.0,0.0,0.0,0.0,0.0,0.0,0.0,0.0,0.0,0.0,0.0,0.0,0.0,0.0,0.0,0.0,0.0,0.0,0.5061906212618427,0.0,0.0,0.0,0.0,0.0,-0.6623755218931916,0.0,0.0,0.0,0.0,0.0,0.0,0.0,0.0
7.301029995663981,1.1925144413116917,C[C@H]1NC(=O)[C@H](CCCCN)NC(=O)CCSCc2cccc(c2)CSCCNC(=O)[C@]2(C)CCCN2C(=O)[C@H](Cc2ccc(O)cc2)N(C)C(=O)[C@H](Cc2c[nH]cn2)NC(=O)[C@H](CC(=O)O)NC(=O)[C@H](Cc2c[nH]c3ccc(F)cc23)NC(=O)[C@H](Cc2c[nH]c3ccc(F)cc23)NC1=O,0.0,0.0,0.0,0.0,0.0,0.0,0.0,0.0,0.0,0.0,0.0,0.0,0.0,0.0,0.0,0.0,0.0,0.0,0.0,0.0,0.0,0.0,0.0,0.0,0.0,0.0,0.0,0.0,0.0,0.0,0.0,0.0,0.0,0.0,0.0,0.0,0.0,0.0,0.0,0.3758744249050815,0.37534873392630286,0.0,0.0,0.4531966352095854,0.0,0.0,0.0,0.0,0.0,0.0,-0.40767018066647837,0.0,0.0,0.0,0.0,0.0,0.0,0.0,0.0,0.0,0.0,0.0,0.0,0.0,0.0,0.0,0.0,0.0,0.0,0.0,0.0,0.0,0.0,0.0,0.0,0.0,0.0,0.0,0.0,0.0,0.0,0.0,-0.6931471805599453,0.0,0.0,0.0,0.0,0.0,0.0,0.0,0.0,0.0,0.0,0.0,0.0,0.0,0.0,0.0,0.0,0.0,0.0,0.0,0.0,0.0,0.0,0.0,0.0,0.0,0.0,0.0,0.0,0.0,0.0,0.0,0.0,0.0,0.0,0.0,0.0,0.0,0.0,0.0,0.0,0.0,0.0,0.0,0.0,0.0,0.0,0.0,0.0,0.0,0.0,0.0,0.0,0.0,0.0,0.0,0.0,0.0,0.0,0.0,0.0,0.0,0.0,0.0,0.0,0.0,0.0,0.0,0.0,0.0,0.0,0.0,0.0,0.0,0.0,0.0,0.0,0.0,0.0,0.0,0.0,0.0,0.0,0.0,0.0,0.0,0.0,0.0,0.0,-0.10939859440710693,0.0,0.0,0.0,0.0,0.0,-0.35364004024357837,0.0,0.0,0.0,0.0,0.0,0.0,0.0,0.0
7.301029995663981,1.1925144413116917,C[C@@]12CCCN1C(=O)[C@H](Cc1ccc(O)cc1)NC(=O)[C@H](Cc1c[nH]cn1)NC(=O)[C@H](CC(=O)O)NC(=O)[C@H](Cc1c[nH]c3ccc(F)cc13)NC(=O)[C@H](Cc1c[nH]c3ccc(F)cc13)NC(=O)CNC(=O)C1(CC1)NC(=O)CCSCc1cccc(c1)CSC[C@@H](C(N)=O)NC2=O,0.0,0.0,0.0,0.0,0.0,0.0,0.0,0.0,0.0,0.0,0.0,0.0,0.0,0.0,0.0,0.0,0.0,0.0,0.0,0.0,0.0,0.0,0.0,0.0,0.0,0.0,0.0,0.0,0.0,0.0,0.0,0.0,0.0,0.0,0.0,0.0,0.0,0.0,0.0,0.3758744249050815,0.37534873392630286,0.0,0.0,0.4531966352095854,0.0,0.0,0.0,0.0,0.0,0.0,-0.11557309000558044,0.0,0.0,0.0,0.6931471805599453,0.0,0.0,0.0,0.0,0.0,0.0,0.0,0.0,0.0,0.0,0.0,0.0,0.0,0.0,0.0,0.0,0.0,0.0,0.0,0.0,0.0,0.0,0.0,0.0,0.0,0.0,0.0,-0.6931471805599453,0.0,0.0,0.0,0.0,0.0,0.0,0.0,0.0,0.0,0.0,0.0,0.0,0.0,0.0,0.0,0.0,0.0,0.0,0.0,0.0,0.0,0.0,0.0,0.0,0.0,0.0,0.0,0.0,0.0,0.0,0.0,0.0,0.0,0.0,0.0,0.0,0.0,0.0,0.0,0.0,0.0,0.0,0.0,0.0,0.0,0.0,0.6931471805599453,0.0,0.0,0.0,0.0,0.0,0.0,0.0,0.0,0.0,0.0,0.0,0.0,0.0,0.0,0.0,0.0,0.0,0.0,0.0,0.0,0.0,0.0,0.0,0.0,0.0,0.0,0.0,0.0,0.0,0.0,0.0,0.0,0.0,0.0,0.0,0.0,0.0,0.0,0.0,0.0,0.0,-0.022858138076050267,0.0,0.0,0.0,0.0,0.0,0.1410785982599055,0.0,0.0,0.0,0.0,0.0,0.0,0.0,0.0
4.449771646944906,1.1925144413116917,CCCCCCCCCCCCCCCC(=O)N[C@@H](CCC(=O)N[C@@H](CCC(=O)NCCCC[C@@H]1NC(=O)CCSCc2cccc(c2)CSC[C@@H](C(N)=O)NC(=O)[C@]2(C)CCCN2C(=O)[C@H](Cc2ccc(O)cc2)NC(=O)[C@H](Cc2cn(CC)cn2)NC(=O)[C@H](CC(=O)O)NC(=O)[C@H](Cc2c[nH]c3ccc(F)cc23)NC(=O)[C@H](Cc2c[nH]c3ccc(F)cc23)NC(=O)CNC1=O)C(=O)O)C(=O)O,0.0,0.0,0.0,0.0,0.0,0.6931471805599453,0.0,0.0,0.0,0.0,0.0,0.0,0.0,0.0,0.0,0.0,0.0,0.6931471805599453,0.0,0.0,0.0,0.0,0.0,0.0,0.0,0.0,0.0,0.0,0.0,0.0,0.0,0.6931471805599453,0.0,0.0,0.0,0.0,0.0,0.0,0.0,0.0,0.0,0.0,0.0,0.10130827721874541,0.0,0.0,0.0,0.0,0.0,0.0,-0.25315232624357675,0.0,0.0,0.0,0.0,0.0,0.0,0.0,0.0,0.0,0.0,0.0,0.0,0.0,0.0,0.0,0.6931471805599453,0.0,0.0,0.0,0.0,0.0,0.0,0.0,0.0,0.0,0.0,0.0,0.0,0.0,0.0,0.0,0.0,0.0,0.0,0.0,0.0,0.0,0.0,0.0,0.0,0.0,0.0,0.0,0.0,0.0,0.0,0.0,0.0,0.0,0.0,0.0,0.0,0.0,0.0,0.0,0.0,0.0,0.0,0.0,0.0,0.0,0.0,0.0,0.0,0.0,0.0,0.0,0.0,0.0,0.0,0.0,0.0,0.0,0.0,0.0,0.0,0.0,0.0,0.6931471805599453,0.0,0.0,0.0,0.0,0.0,0.0,0.0,0.0,0.0,0.0,0.0,0.0,0.0,0.0,0.0,0.0,0.0,0.0,0.0,0.0,0.0,0.0,0.0,0.0,0.0,0.0,0.0,0.0,0.0,0.0,0.0,0.0,0.0,0.0,0.0,0.0,0.0,0.0,0.0,0.0,0.0,-0.22660575904268127,0.0,0.0,0.0,0.0,0.0,-0.528844129268669,0.0,0.0,0.0,0.0,0.0,0.0,0.0,0.0
4.449771646944906,1.1925144413116917,CCCCCCCCCCCCCCCC(=O)N[C@@H](CCC(=O)N[C@@H](CCC(=O)NCC[C@H](NC(=O)[C@@H]1CSCc2cccc(c2)CSCCC(=O)N[C@@H](CCCCN)C(=O)NCC(=O)N[C@@H](Cc2c[nH]c3ccc(F)cc23)C(=O)N[C@@H](Cc2c[nH]c3ccc(F)cc23)C(=O)N[C@@H](CC(=O)O)C(=O)N[C@@H](Cc2c[nH]cn2)C(=O)N[C@@H](Cc2ccc(O)cc2)C(=O)N2CCC[C@@]2(C)C(=O)N1)C(N)=O)C(=O)O)C(=O)O,0.0,0.0,0.0,0.0,0.0,0.6931471805599453,0.0,0.0,0.0,0.0,0.0,0.0,0.0,0.0,0.0,0.0,0.0,0.0,0.0,0.0,0.0,0.0,0.0,0.0,0.0,0.0,0.0,0.0,0.0,0.0,0.0,0.0,0.0,0.0,0.0,0.0,0.0,0.0,0.0,0.0,0.0,0.0,0.0,0.10130827721874541,0.0,0.0,0.0,0.0,0.0,0.0,0.2709871938796113,0.0,0.0,0.0,0.0,0.0,0.0,0.0,0.0,0.0,0.0,0.0,0.0,0.0,0.0,0.0,0.6931471805599453,0.0,0.0,0.0,0.0,0.0,0.0,0.0,0.0,0.0,0.0,0.0,0.0,0.0,0.0,0.0,0.0,0.0,0.0,0.0,0.0,0.0,0.0,0.0,0.0,0.0,0.0,0.0,0.0,0.0,0.0,0.0,0.0,0.0,0.0,0.0,0.0,0.0,0.0,0.0,0.0,0.0,0.0,0.0,0.0,0.0,0.0,0.0,0.0,0.0,0.0,0.0,0.0,0.0,0.0,0.0,0.0,0.0,0.0,0.0,0.0,0.0,0.0,0.6931471805599453,0.0,0.0,0.0,0.0,0.0,0.0,0.0,0.0,0.0,0.0,0.0,0.0,0.0,0.0,0.0,0.0,0.0,0.0,0.0,0.0,0.0,0.0,0.0,0.0,0.0,0.0,0.0,0.0,0.0,0.0,0.0,0.0,0.0,0.0,0.0,0.0,0.0,0.0,0.0,0.0,0.0,-0.31476854663735315,0.0,0.0,0.0,0.0,0.0,-0.5465437063680699,0.0,0.0,0.0,0.0,0.0,0.0,0.0,0.0
6.150514997831991,0.2973629040733618,C[C@@]12CCCN1C(=O)[C@H](Cc1ccc(O)cc1)NC(=O)[C@H](Cc1c[nH]cn1)NC(=O)[C@H](CC(=O)O)NC(=O)[C@H](Cc1c[nH]c3ccc(F)cc13)NC(=O)[C@H](Cc1c[nH]c3ccc(F)cc13)NC(=O)CNC(=O)[C@H](CCCCNC(=O)COCCOCCNC(=O)COCCOCCNC(=O)CC[C@H](NC(=O)CCCCCCCCCCCCCCCCC(=O)O)C(=O)O)NC(=O)CCSCc1cccc(c1)CSC[C@@H](C(N)=O)NC2=O,0.0,0.0,0.0,0.0,0.0,0.6931471805599453,0.0,0.0,0.0,0.0,0.0,0.0,0.0,0.0,0.0,0.0,0.0,0.0,0.0,0.0,0.0,0.0,0.0,0.0,0.0,0.0,0.0,0.0,0.0,0.0,0.0,0.0,0.0,0.0,0.0,0.0,0.0,0.0,0.0,0.22159893318814058,0.2590860088262802,0.0,0.0,0.0,0.0,0.0,0.0,0.0,0.0,0.0,-0.20307598826340045,0.0,0.0,0.0,0.0,0.0,0.0,0.0,0.0,0.0,0.0,0.0,0.0,0.0,0.0,0.0,0.6931471805599453,0.6931471805599453,0.0,0.0,0.0,0.0,0.0,0.0,0.0,0.0,0.0,0.0,0.0,0.0,0.0,0.0,0.0,0.0,0.0,0.0,0.0,0.0,0.0,0.0,0.0,0.0,0.0,0.0,0.0,0.0,0.0,0.0,0.0,0.0,0.0,0.0,0.0,0.0,0.0,0.0,0.0,0.0,0.0,0.0,0.0,0.0,0.0,0.0,0.0,0.0,0.0,0.0,0.0,0.0,0.0,0.0,0.0,0.0,0.0,0.0,0.0,0.0,0.0,0.6931471805599453,0.0,0.0,0.0,0.0,0.0,0.0,0.0,0.0,0.0,0.0,0.0,0.0,0.0,0.0,0.0,0.0,0.0,0.0,0.0,0.0,0.0,0.0,0.0,0.0,0.0,0.0,0.0,0.0,0.0,0.0,0.0,0.0,0.0,0.0,0.0,0.0,0.0,0.0,0.0,0.0,0.0,-0.2716584229836235,0.0,0.0,0.0,0.0,0.0,-0.29898162770571435,0.0,0.0,0.0,0.0,0.0,0.0,0.0,0.0
4.449771646944906,1.1925144413116917,C[C@@]12CCCN1C(=O)[C@H](Cc1ccc(O)cc1)NC(=O)[C@H](Cc1cnc[nH]1)NC(=O)[C@H](CC(=O)O)NC(=O)[C@H](Cc1c[nH]c3ccc(F)cc13)NC(=O)[C@H](Cc1c[nH]c3ccc(F)cc13)NC(=O)CNC(=O)[C@H](CCCCN)NC(=O)CCSCc1cc(F)cc(c1)CSC[C@@H](C(N)=O)NC2=O,0.0,0.0,0.0,0.0,0.0,0.0,0.0,0.0,0.0,0.0,0.0,0.0,0.0,0.0,0.0,0.0,0.0,0.0,0.0,0.0,0.0,0.0,0.0,0.0,0.0,0.0,0.0,0.0,0.0,0.0,0.0,0.0,0.0,0.0,0.0,0.0,0.0,0.0,0.0,0.0,0.0,0.0,0.0,0.10130827721874541,0.0,0.0,0.0,0.0,0.0,0.0,-0.3695061777207207,0.0,0.0,0.0,0.0,0.0,0.0,0.0,0.0,0.0,0.0,0.0,0.0,0.0,0.0,0.0,0.0,0.0,0.0,0.0,0.0,0.0,0.0,0.0,0.0,0.0,0.0,0.0,0.0,0.0,0.0,0.0,-0.6931471805599453,0.0,0.0,0.0,0.0,0.0,0.0,0.0,0.0,0.0,0.0,0.0,0.0,0.0,0.0,0.0,0.0,0.0,0.0,0.0,0.0,0.0,0.0,0.0,0.0,0.0,0.0,0.0,0.0,0.0,0.0,0.0,0.0,0.0,0.0,0.0,0.0,0.0,0.0,0.0,0.0,0.0,0.0,0.0,0.0,0.0,0.0,0.6931471805599453,0.0,0.0,0.0,0.0,0.0,0.0,0.0,0.0,0.0,0.0,0.0,0.0,0.0,0.0,0.0,0.0,0.0,0.0,0.0,0.0,0.0,0.0,0.0,0.0,0.0,0.0,0.0,0.0,0.0,0.0,0.0,0.0,0.0,0.0,0.0,0.0,0.0,0.0,0.0,0.0,0.0,-0.24487110701997458,0.0,0.0,0.0,0.0,0.0,0.2047944126460132,0.0,0.0,0.0,0.0,0.0,0.0,0.0,0.0
4.449771646944906,1.1925144413116917,C[C@H]1NC(=O)[C@H](CCCCN)NC(=O)CCSCc2cc(F)cc(c2)CSCCNC(=O)[C@]2(C)CCCN2C(=O)[C@H](Cc2ccc(O)cc2)NC(=O)[C@H](Cc2cnc[nH]2)NC(=O)[C@H](CC(=O)O)NC(=O)[C@H](Cc2c[nH]c3ccc(F)cc23)NC(=O)[C@H](Cc2c[nH]c3ccc(F)cc23)NC1=O,0.0,0.0,0.0,0.0,0.0,0.0,0.0,0.0,0.0,0.0,0.0,0.0,0.0,0.0,0.0,0.0,0.0,0.0,0.0,0.0,0.0,0.0,0.0,0.0,0.0,0.0,0.0,0.0,0.0,0.0,0.0,0.0,0.0,0.0,0.0,0.0,0.0,0.0,0.0,0.0,0.0,0.0,0.0,0.10130827721874541,0.0,0.0,0.0,0.0,0.0,0.0,-0.3510299015531475,0.0,0.0,0.0,0.0,0.0,0.0,0.0,0.0,0.0,0.0,0.0,0.0,0.0,0.0,0.0,0.0,0.0,0.0,0.0,0.0,0.0,0.0,0.0,0.0,0.0,0.0,0.0,0.0,0.0,0.0,0.0,-0.6931471805599453,0.0,0.0,0.0,0.0,0.0,0.0,0.0,0.0,0.0,0.0,0.0,0.0,0.0,0.0,0.0,0.0,0.0,0.0,0.0,0.0,0.0,0.0,0.0,0.0,0.0,0.0,0.0,0.0,0.0,0.0,0.0,0.0,0.0,0.0,0.0,0.0,0.0,0.0,0.0,0.0,0.0,0.0,0.0,0.0,0.0,0.0,0.0,0.0,0.0,0.0,0.0,0.0,0.0,0.0,0.0,0.0,0.0,0.0,0.0,0.0,0.0,0.0,0.0,0.0,0.0,0.0,0.0,0.0,0.0,0.0,0.0,0.0,0.0,0.0,0.0,0.0,0.0,0.0,0.0,0.0,0.0,0.0,0.0,0.0,0.0,0.0,0.0,0.0,-0.4488272263819223,0.0,0.0,0.0,0.0,0.0,0.19237189264745608,0.0,0.0,0.0,0.0,0.0,0.0,0.0,0.0
7.301029995663981,1.1925144413116917,NCCCC[C@@H]1NC(=O)CCSCc2cccc(c2)CSC[C@@H](C(N)=O)NC(=O)[C@@H]2C[C@@H](c3ccccc3)CN2C(=O)[C@H](Cc2ccc(O)cc2)NC(=O)[C@H](Cc2c[nH]cn2)NC(=O)[C@H](CC(=O)O)NC(=O)[C@H](Cc2c[nH]c3ccc(F)cc23)NC(=O)[C@H](Cc2c[nH]c3ccc(F)cc23)NC(=O)CNC1=O,0.0,0.0,0.0,0.0,0.0,0.0,0.0,0.0,0.0,0.0,0.0,0.0,0.0,0.0,0.0,0.0,0.0,0.0,0.0,0.0,0.0,0.0,0.0,0.0,0.0,0.6931471805599453,0.0,0.0,0.0,0.0,0.0,0.0,0.0,0.0,0.0,0.0,0.0,0.0,0.0,0.3758744249050815,0.37534873392630286,0.0,0.0,0.4531966352095854,0.0,0.0,0.0,0.0,0.0,0.0,-0.5643350038670695,0.0,0.0,0.0,0.0,0.0,0.0,0.0,0.0,0.0,0.0,0.0,0.0,0.0,0.0,0.0,0.0,0.6931471805599453,0.0,0.0,0.0,0.0,0.0,0.0,0.0,0.0,0.0,0.0,0.0,0.0,0.0,0.0,-0.6931471805599453,0.0,0.0,0.0,0.0,0.0,0.0,0.0,0.0,0.0,0.0,0.0,0.0,0.0,0.0,0.0,0.0,0.0,0.0,0.0,0.0,0.0,0.0,0.0,0.0,0.6931471805599453,0.0,0.0,0.0,0.0,0.0,0.0,0.0,0.0,0.0,0.0,0.0,0.0,0.0,0.0,0.0,0.0,0.0,0.0,0.0,0.0,0.0,0.6931471805599453,0.0,0.0,0.0,0.0,0.0,0.0,0.0,0.0,0.0,0.0,0.0,0.0,0.0,0.0,0.0,0.0,0.0,0.0,0.0,0.0,0.0,0.0,0.0,0.0,0.0,0.0,0.0,0.0,0.0,0.0,0.0,0.0,0.0,0.0,0.0,0.0,0.0,0.0,0.0,0.0,0.0,0.347966616046949,0.0,0.0,0.0,0.0,0.0,0.16705408466316618,0.0,0.0,0.0,0.0,0.0,0.0,0.0,0.0
6.259637310505756,1.1925144413116917,NCCCC[C@@H]1NC(=O)CCSCc2cccc(c2)CSC[C@@H](C(N)=O)NC(=O)[C@@H]2C[C@@H](Cc3ccccc3)CN2C(=O)[C@H](Cc2ccc(O)cc2)NC(=O)[C@H](Cc2c[nH]cn2)NC(=O)[C@H](CC(=O)O)NC(=O)[C@H](Cc2c[nH]c3ccc(F)cc23)NC(=O)[C@H](Cc2c[nH]c3ccc(F)cc23)NC(=O)CNC1=O,0.0,0.0,0.0,0.0,0.0,0.0,0.0,0.0,0.0,0.0,0.0,0.0,0.0,0.0,0.0,0.0,0.0,0.0,0.0,0.0,0.0,0.0,0.0,0.0,0.0,0.0,0.0,0.0,0.0,0.0,0.0,0.0,0.0,0.0,0.0,0.0,0.0,0.0,0.0,0.2543463885567357,0.25396960936753976,0.0,0.0,0.3386293396892764,0.0,0.0,0.0,0.0,0.0,0.0,-0.5699688215853254,0.0,0.0,0.0,0.0,0.0,0.0,0.0,0.0,0.0,0.0,0.0,0.0,0.0,0.0,0.0,0.0,0.0,0.0,0.0,0.0,0.0,0.0,0.0,0.0,0.0,0.0,0.0,0.0,0.0,0.0,0.0,-0.6931471805599453,0.0,0.0,0.0,0.0,0.0,0.0,0.0,0.0,0.0,0.0,0.0,0.0,0.0,0.0,0.0,0.0,0.0,0.0,0.0,0.0,0.0,0.0,0.0,0.0,0.6931471805599453,0.0,0.0,0.0,0.0,0.0,0.0,0.0,0.0,0.0,0.0,0.0,0.0,0.0,0.0,0.0,0.0,0.0,0.0,0.0,0.0,0.0,0.6931471805599453,0.0,0.0,0.0,0.0,0.0,0.0,0.0,0.0,0.0,0.0,0.0,0.0,0.0,0.0,0.0,0.0,0.0,0.0,0.0,0.0,0.0,0.0,0.0,0.0,0.0,0.0,0.0,0.0,0.0,0.0,0.0,0.0,0.0,0.0,0.0,0.0,0.0,0.0,0.0,0.0,0.0,0.36416130196692964,0.0,0.0,0.0,0.0,0.0,0.08701137698962977,0.0,0.0,0.0,0.0,0.0,0.0,0.0,0.0
7.301029995663981,1.1925144413116917,NCCCC[C@@H]1NC(=O)CCSCc2cccc(c2)CSC[C@@H](C(N)=O)NC(=O)[C@@H]2C[C@H](C(F)(F)F)CN2C(=O)[C@H](Cc2ccc(O)cc2)NC(=O)[C@H](Cc2c[nH]cn2)NC(=O)[C@H](CC(=O)O)NC(=O)[C@H](Cc2c[nH]c3ccc(F)cc23)NC(=O)[C@H](Cc2c[nH]c3ccc(F)cc23)NC(=O)CNC1=O,0.0,0.0,0.0,0.0,0.0,0.0,0.0,0.0,0.0,0.0,0.0,0.0,0.0,0.0,0.0,0.0,0.0,0.0,0.0,0.0,0.0,0.0,0.0,0.0,0.0,0.0,0.0,0.0,0.0,0.0,0.0,0.0,0.0,0.0,0.0,0.0,0.0,0.0,0.0,0.3758744249050815,0.37534873392630286,0.0,0.0,0.4531966352095854,0.0,0.0,0.0,0.0,0.0,0.0,-0.5829922614716121,0.0,0.0,0.0,0.0,0.0,0.0,0.0,0.0,0.0,0.0,0.0,0.0,0.0,0.0,0.0,0.0,0.0,0.0,0.0,0.0,0.0,0.0,0.0,0.0,0.0,0.0,0.0,0.0,0.0,0.0,0.0,-0.6931471805599453,0.0,0.0,0.0,0.0,0.0,0.0,0.0,0.0,0.0,0.0,0.0,0.0,0.0,0.0,0.0,0.0,0.0,0.0,0.0,0.0,0.0,0.0,0.0,0.0,0.0,0.0,0.0,0.0,0.0,0.0,0.0,0.0,0.0,0.0,0.0,0.0,0.0,0.0,0.0,0.0,0.0,0.0,0.0,0.0,0.0,0.0,0.6931471805599453,0.0,0.0,0.0,0.0,0.0,0.0,0.0,0.0,0.0,0.0,0.0,0.0,0.0,0.0,0.0,0.0,0.0,0.0,0.0,0.0,0.0,0.0,0.0,0.0,0.0,0.0,0.0,0.0,0.0,0.0,0.0,0.0,0.0,0.0,0.0,0.6931471805599453,0.0,0.0,0.0,0.0,0.0,-0.6181495286322384,0.0,0.0,0.0,0.0,0.0,0.35364004024357837,0.0,0.0,0.0,0.0,0.0,0.0,0.0,0.0
6.259637310505756,1.1925144413116917,Cc1ccc(C[C@@H]2NC(=O)[C@H](Cc3c[nH]cn3)NC(=O)[C@H](CC(=O)O)NC(=O)[C@H](Cc3c[nH]c4ccc(F)cc34)NC(=O)[C@H](Cc3c[nH]c4ccc(F)cc34)NC(=O)[C@@H](C)NC(=O)[C@H](CCCCN)NC(=O)CCSCc3cccc(c3)CSCCNC(=O)[C@]3(C)CCCN3C2=O)cc1,-0.7148462436713207,0.0,0.0,0.0,0.0,0.0,0.0,0.0,0.0,0.0,0.0,0.0,0.0,0.0,0.0,0.0,0.0,0.0,0.0,0.0,0.0,0.0,0.0,0.0,0.0,0.0,0.0,0.0,0.0,0.0,0.0,0.0,0.0,0.0,0.0,0.0,0.0,0.0,0.0,0.2543463885567357,0.25396960936753976,0.0,0.0,0.3386293396892764,0.0,0.0,0.0,0.0,0.0,0.0,-0.3533581913127387,0.0,0.0,0.0,0.0,0.0,0.0,0.0,0.0,0.0,0.0,0.0,0.0,0.0,0.0,0.0,0.0,0.0,0.0,0.0,0.0,0.0,0.0,0.0,0.0,0.0,0.0,0.0,0.0,0.0,0.0,0.0,-0.6931471805599453,0.0,0.0,0.0,0.0,0.0,0.0,0.0,0.0,0.0,0.0,0.0,0.0,0.0,0.0,0.0,0.0,0.0,0.0,0.0,0.0,0.0,0.0,0.0,0.0,0.0,0.0,0.0,0.0,0.0,0.0,0.0,0.0,0.0,0.0,0.0,0.0,0.0,0.0,0.0,0.0,0.0,0.0,0.0,0.0,0.0,0.0,0.0,0.0,0.0,0.0,0.0,0.0,0.0,0.0,0.0,0.0,0.0,0.0,0.0,0.0,0.0,0.0,0.0,0.0,0.0,0.0,0.0,0.0,0.0,0.0,0.0,0.0,0.0,0.0,0.0,0.0,0.0,0.0,0.0,0.0,0.0,0.0,0.0,0.0,0.0,0.0,0.0,0.0,0.20800057121164678,0.0,0.0,0.0,0.0,0.0,-0.08701137698962977,0.0,0.0,0.0,0.0,0.0,0.0,0.0,0.0
6.259637310505756,1.1925144413116917,C[C@H]1NC(=O)[C@H](CCCCN)NC(=O)CCSCc2cccc(c2)CSCCNC(=O)[C@]2(C)CCCN2C(=O)[C@H](Cc2ccc(C#N)cc2)NC(=O)[C@H](Cc2c[nH]cn2)NC(=O)[C@H](CC(=O)O)NC(=O)[C@H](Cc2c[nH]c3ccc(F)cc23)NC(=O)[C@H](Cc2c[nH]c3ccc(F)cc23)NC1=O,0.0564238239062091,0.0,0.0,0.0,0.0,0.0,0.0,0.0,0.0,0.0,0.0,0.0,0.0,0.0,0.0,0.0,0.0,0.0,0.0,0.0,0.0,0.0,0.0,0.0,0.0,0.0,0.0,0.0,0.0,0.0,0.0,0.0,0.0,0.0,0.0,0.0,0.0,0.0,0.0,0.2543463885567357,0.25396960936753976,0.0,0.0,0.3386293396892764,0.0,0.0,0.0,0.0,0.0,0.0,-0.34401232889450095,0.0,0.0,0.0,0.0,0.0,0.0,0.0,0.0,0.0,0.0,0.0,0.0,0.0,0.0,0.0,0.0,0.0,0.0,0.0,0.0,0.0,0.0,0.0,0.0,0.0,0.0,0.0,0.0,0.0,0.0,0.0,-0.6931471805599453,0.0,0.0,0.0,0.0,0.0,0.0,0.0,0.0,0.0,0.0,0.0,0.0,0.0,0.0,0.0,0.0,0.0,0.0,0.0,0.0,0.0,0.0,0.0,0.0,0.0,0.0,0.0,0.0,0.0,0.0,0.0,0.0,0.0,0.0,0.0,0.0,0.0,0.0,0.0,0.6931471805599453,0.0,0.0,0.0,0.0,0.0,0.0,0.0,0.0,0.0,0.0,0.0,0.0,0.0,0.0,0.0,0.0,0.0,0.0,0.0,0.0,0.0,0.0,0.0,0.0,0.0,0.0,0.0,0.0,0.0,0.0,0.0,0.0,0.0,0.0,0.0,0.0,0.0,0.0,0.0,0.0,0.0,0.0,0.0,0.0,0.0,0.0,0.0,0.0,0.24487110701997458,0.0,0.0,0.0,0.0,0.0,-0.015037877364540516,0.0,0.0,0.0,0.0,0.0,0.0,0.0,0.0
4.449771646944906,1.1925144413116917,NCCCC[C@@H]1NC(=O)CCSCc2cccc(c2)CSC[C@@H](C(N)=O)NC(=O)[C@@H]2C[C@@H](C3CCCCC3)CN2C(=O)[C@H](Cc2ccc(O)cc2)NC(=O)[C@H](Cc2c[nH]cn2)NC(=O)[C@H](CC(=O)O)NC(=O)[C@H](Cc2c[nH]c3ccc(F)cc23)NC(=O)[C@H](Cc2c[nH]c3ccc(F)cc23)NC(=O)CNC1=O,0.0,0.0,0.0,0.0,0.0,0.0,0.0,0.0,0.0,0.0,0.0,0.0,0.0,0.0,0.0,0.0,0.0,0.0,0.0,0.0,0.0,0.0,0.0,0.0,0.0,0.6931471805599453,0.0,0.0,0.0,0.0,0.0,0.0,0.0,0.0,0.0,0.0,0.0,0.0,0.0,0.0,0.0,0.0,0.0,0.10130827721874541,0.0,0.0,0.0,0.0,0.0,0.0,-0.5643350038670695,0.0,0.0,0.0,0.0,0.0,0.0,0.0,0.0,0.0,0.0,0.0,0.0,0.0,0.0,0.0,0.0,0.0,0.0,0.0,0.0,0.0,0.0,0.0,0.0,0.0,0.0,0.0,0.0,0.0,0.0,0.0,-0.6931471805599453,0.0,0.0,0.0,0.0,0.0,0.0,0.0,0.0,0.0,0.0,0.0,0.0,0.0,0.0,0.0,0.0,0.0,0.0,0.0,0.0,0.0,0.0,0.0,0.0,0.0,0.0,0.0,0.0,0.0,0.0,0.0,0.0,0.0,0.6931471805599453,0.0,0.0,0.0,0.0,0.0,0.0,0.0,0.0,0.0,0.0,0.0,0.0,0.6931471805599453,0.0,0.0,0.0,0.0,0.0,0.0,0.0,0.0,0.0,0.0,0.0,0.0,0.0,0.0,0.0,0.0,0.0,0.0,0.0,0.0,0.0,0.0,0.0,0.0,0.0,0.0,0.0,0.0,0.0,0.0,0.0,0.0,0.0,0.0,0.0,0.0,0.0,0.0,0.0,0.0,0.0,0.347966616046949,0.0,0.0,0.0,0.0,0.0,-0.29898162770571435,0.0,0.0,0.0,0.0,0.0,0.0,0.0,0.0
5.183758700008217,1.1925144413116917,C[C@@H]1NC(=O)CCSCc2cccc(c2)CSC[C@@H](C(N)=O)NC(=O)[C@]2(C)CCCN2C(=O)[C@H](Cc2ccc(O)cc2)NC(=O)[C@H](Cc2cnc[nH]2)NC(=O)[C@H](CC(=O)O)NC(=O)[C@H](Cc2c[nH]c3ccc(F)cc23)NC(=O)[C@H](Cc2c[nH]c3ccc(F)cc23)NC(=O)CNC1=O,0.0,0.0,0.0,0.0,0.0,0.0,0.0,0.0,0.0,0.0,0.0,0.0,0.0,0.0,0.0,0.0,0.0,0.0,0.0,0.0,0.0,0.0,0.0,0.0,0.0,0.0,0.0,0.0,0.0,0.0,0.0,0.0,0.0,0.0,0.0,0.0,0.0,0.0,0.0,0.11105295721410488,0.11087663101705109,0.0,0.0,0.2038893586045199,0.0,0.0,0.0,0.0,0.0,0.0,-0.3717918930015767,0.0,0.0,0.0,0.0,0.0,0.0,0.0,0.0,0.0,0.0,0.0,0.0,0.0,0.0,0.0,0.0,0.0,0.0,0.0,0.0,0.0,0.0,0.0,0.0,0.0,0.0,0.0,0.0,0.0,0.0,0.0,-0.6931471805599453,0.0,0.0,0.0,0.0,0.0,0.0,0.0,0.0,0.0,0.0,0.0,0.0,0.0,0.0,0.0,0.0,0.0,0.0,0.0,0.0,0.0,0.0,0.0,0.0,0.0,0.0,0.0,0.0,0.0,0.0,0.0,0.0,0.0,0.0,0.0,0.0,0.0,0.0,0.0,0.0,0.0,0.0,0.0,0.0,0.0,0.0,0.6931471805599453,0.0,0.0,0.0,0.0,0.0,0.0,0.0,0.0,0.0,0.0,0.0,0.0,0.0,0.0,0.0,0.0,0.0,0.0,0.0,0.0,0.0,0.0,0.0,0.0,0.0,0.0,0.0,0.0,0.0,0.0,0.0,0.0,0.0,0.0,0.0,0.0,0.0,0.0,0.0,0.0,0.0,0.0,0.0,0.0,0.0,0.0,0.0,0.4155154439616658,0.0,0.0,0.0,0.0,0.0,0.0,0.0,0.0
5.183758700008217,1.1925144413116917,CC(=O)N[C@H]1CC(=O)NCCOc2ccc(cc2)C[C@@H](C(N)=O)NC(=O)[C@]2(C)CCCN2C(=O)[C@H](Cc2ccc(O)cc2)NC(=O)[C@H](Cc2c[nH]cn2)NC(=O)[C@H](CC(=O)O)NC(=O)[C@H](Cc2c[nH]c3ccc(F)cc23)NC(=O)[C@H](Cc2c[nH]c3ccc(F)cc23)NC(=O)CNC(=O)[C@H](C)NC1=O,0.7148462081390736,0.0,0.0,0.0,0.0,0.0,0.0,0.0,0.0,0.0,0.0,0.0,0.0,0.0,0.0,0.0,0.0,0.0,0.0,0.0,0.0,0.0,0.0,0.0,0.0,0.0,0.0,0.0,0.0,0.0,0.0,0.0,0.0,0.0,0.0,-0.6931471805599453,0.0,0.0,0.0,0.11105295721410488,0.11087663101705109,0.0,0.0,0.2038893586045199,0.0,0.0,0.0,0.0,0.0,0.0,0.057893978418902675,0.0,0.0,0.0,0.0,0.0,0.0,0.0,0.0,0.0,0.0,0.0,0.0,0.0,0.0,0.0,0.0,0.0,0.0,0.0,0.0,0.0,0.0,0.0,0.0,0.0,0.0,0.0,0.0,0.0,0.0,0.0,-0.6931471805599453,0.0,0.0,0.0,0.0,0.0,0.0,0.0,0.0,0.0,0.0,0.0,0.0,0.0,0.0,0.0,0.0,0.0,0.0,0.0,0.0,0.0,0.0,0.0,0.0,0.0,0.0,0.0,0.0,0.0,0.0,0.0,0.0,0.0,0.0,0.0,0.0,0.0,0.0,0.0,0.0,0.0,0.0,0.0,0.0,0.0,0.0,0.6931471805599453,0.0,0.0,0.0,0.0,0.0,0.0,0.0,0.0,0.0,0.0,0.0,0.0,0.0,0.0,0.0,0.0,0.0,0.0,0.0,0.0,0.0,0.0,0.0,0.0,0.0,0.0,0.0,0.0,0.0,0.0,0.0,0.0,0.0,0.0,0.0,0.0,0.0,0.0,0.0,0.0,0.0,0.0,0.0,0.0,0.0,0.0,0.0,0.7591051483517419,0.0,0.0,0.0,0.0,0.0,0.0,0.0,0.0
6.259637310505756,1.1925144413116917,CC(=O)N[C@H]1CCC(=O)NCCOc2ccc(cc2)C[C@@H](C(N)=O)NC(=O)[C@]2(C)CCCN2C(=O)[C@H](Cc2ccc(O)cc2)NC(=O)[C@H](Cc2c[nH]cn2)NC(=O)[C@H](CC(=O)O)NC(=O)[C@H](Cc2c[nH]c3ccc(F)cc23)NC(=O)[C@H](Cc2c[nH]c3ccc(F)cc23)NC(=O)CNC(=O)[C@H](C)NC1=O,0.7148462081390736,0.0,0.0,0.0,0.0,0.0,0.0,0.0,0.0,0.0,0.0,0.0,0.0,0.0,0.0,0.0,0.0,0.0,0.0,0.0,0.0,0.0,0.0,0.0,0.0,0.0,0.0,0.0,0.0,-0.6931471805599453,0.0,0.0,0.0,0.0,0.0,-0.6931471805599453,0.0,0.0,0.0,0.2543463885567357,0.25396960936753976,0.0,0.0,0.3386293396892764,0.0,0.0,0.0,0.0,0.0,0.0,0.009884759232542,0.0,0.0,0.0,0.0,0.0,0.0,0.0,0.0,0.0,0.0,0.0,0.0,0.0,0.0,0.0,0.0,0.0,0.0,0.0,0.0,0.0,0.0,0.0,0.0,0.0,0.0,0.0,0.0,0.0,0.0,0.0,-0.6931471805599453,0.0,0.0,0.0,0.0,0.0,0.0,0.0,0.0,0.0,0.0,0.0,0.0,0.0,0.0,0.0,0.0,0.0,0.0,0.0,0.0,0.0,0.0,0.0,0.0,0.0,0.0,0.0,0.0,0.0,0.0,0.0,0.0,0.0,0.0,0.0,0.0,0.0,0.0,0.0,0.0,0.0,0.0,0.0,0.0,0.0,0.0,0.6931471805599453,0.0,0.0,0.0,0.0,0.0,0.0,0.0,0.0,0.0,0.0,0.0,0.0,0.0,0.0,0.0,0.0,0.0,0.0,0.0,0.0,0.0,0.0,0.0,0.0,0.0,0.0,0.0,0.0,0.0,0.0,0.0,0.0,0.0,0.0,0.0,0.0,0.0,0.0,0.0,0.0,0.0,-0.14001323022671278,0.0,0.0,0.0,0.0,0.0,0.7006943861953273,0.0,0.0,0.0,0.0,0.0,0.0,0.0,0.0
6.259637310505756,1.1925144413116917,CC(=O)N[C@H]1CCCCNC(=O)c2ccc(cc2)C[C@@H](C(N)=O)NC(=O)[C@]2(C)CCCN2C(=O)[C@H](Cc2ccc(O)cc2)NC(=O)[C@H](Cc2cnc[nH]2)NC(=O)[C@H](CC(=O)O)NC(=O)[C@H](Cc2c[nH]c3cc(F)ccc23)NC(=O)[C@H](Cc2c[nH]c3ccc(F)cc23)NC(=O)CNC(=O)[C@H](C)NC1=O,0.0,0.0,0.0,0.0,0.0,0.0,0.0,0.0,0.0,0.0,0.0,0.0,0.0,0.0,0.0,0.0,0.0,0.0,0.0,0.0,0.0,0.0,0.0,0.0,0.0,0.0,0.0,0.0,0.0,-0.6931471805599453,0.0,0.6931471805599453,0.0,0.0,0.0,-0.6931471805599453,0.0,0.0,0.0,0.2543463885567357,0.25396960936753976,0.0,0.0,0.3386293396892764,0.0,0.0,0.0,0.0,0.0,0.0,0.02936589480436454,0.0,0.0,0.0,0.6931471805599453,0.0,0.0,0.0,0.0,0.0,0.0,0.0,0.0,0.0,0.0,0.0,0.0,0.0,0.0,0.0,0.0,0.0,0.0,0.0,0.0,0.0,0.0,0.0,0.0,0.0,0.0,0.0,-0.6931471805599453,0.0,0.0,0.0,0.0,0.0,0.0,0.0,0.0,0.0,0.0,0.0,0.0,0.0,0.0,0.0,0.0,0.0,0.0,0.0,0.0,0.0,0.0,0.0,0.0,0.0,0.0,0.0,0.0,0.0,0.0,0.0,0.0,0.0,0.0,0.0,0.0,0.0,0.0,0.0,0.6931471805599453,0.0,0.0,0.0,0.0,0.0,0.0,0.6931471805599453,0.0,0.0,0.0,0.0,0.0,0.0,0.0,0.0,0.0,0.0,0.0,0.0,0.0,0.0,0.0,0.0,0.0,0.0,0.0,0.0,0.0,0.0,0.0,0.0,0.0,0.0,0.0,0.0,0.0,0.0,0.0,0.0,0.0,0.0,0.0,0.6931471805599453,0.0,0.0,0.0,0.0,0.0,-0.32317195743373167,0.0,0.6931471805599453,0.0,0.0,0.0,0.6931471805599445,0.0,0.0,0.0,0.0,0.0,0.0,0.0,0.0
5.183758700008217,1.1925144413116917,C[C@@]12CCCN1C(=O)[C@H](Cc1ccc(O)cc1)NC(=O)[C@H](Cc1cnc[nH]1)NC(=O)[C@H](CC(=O)O)NC(=O)[C@H](Cc1c[nH]c3cc(F)ccc13)NC(=O)[C@H](Cc1c[nH]c3ccc(F)cc13)NC(=O)CNC(=O)CCCCCNC(=O)c1ccc(cc1)C[C@@H](C(N)=O)NC2=O,0.0,0.0,0.0,0.0,0.0,0.0,0.0,0.0,0.0,0.0,0.0,0.0,0.0,0.0,0.0,0.0,0.0,0.0,0.0,0.0,0.0,0.0,0.0,0.0,0.0,0.0,0.0,0.0,0.0,-0.6931471805599453,0.0,0.6931471805599453,0.0,0.0,0.0,-0.6931471805599453,0.0,0.0,0.0,0.11105295721410488,0.11087663101705109,0.0,0.0,0.2038893586045199,0.0,0.0,0.0,0.0,0.0,0.0,0.05476408540997501,0.0,0.0,0.0,0.6931471805599453,0.0,0.0,0.0,0.0,0.0,0.0,0.0,0.0,0.0,0.0,0.0,0.0,0.0,0.0,0.0,0.0,0.0,0.0,0.0,0.0,0.0,0.0,0.0,0.0,0.0,0.0,0.0,-0.6931471805599453,0.0,0.0,0.0,0.0,0.0,0.0,0.0,0.0,0.0,0.0,0.0,0.0,0.0,0.0,0.0,0.0,0.0,0.0,0.0,0.0,0.0,0.0,0.0,0.0,0.0,0.0,0.0,0.0,0.0,0.0,0.0,0.0,0.0,0.0,0.0,0.0,0.0,0.0,0.0,0.6931471805599453,0.0,0.0,0.0,0.0,0.0,0.0,0.6931471805599453,0.0,0.0,0.0,0.0,0.0,0.0,0.0,0.0,0.0,0.0,0.0,0.0,0.0,0.0,0.0,0.0,0.0,0.0,0.0,0.0,0.0,0.0,0.0,0.0,0.0,0.0,0.0,0.0,0.0,0.0,0.0,0.0,0.0,0.0,0.0,0.6931471805599453,0.0,0.0,0.0,0.0,0.0,-0.3957844903974419,0.0,0.6931471805599453,0.0,0.0,0.0,0.5108256237659907,0.0,0.0,0.0,0.0,0.0,0.0,0.0,0.0
6.259637310505756,1.1925144413116917,CC(=O)N[C@H]1CCCNC(=O)c2ccc(cc2)C[C@@H](C(N)=O)NC(=O)[C@]2(C)CCCN2C(=O)[C@H](Cc2ccc(O)cc2)NC(=O)[C@H](Cc2cnc[nH]2)NC(=O)[C@H](CC(=O)O)NC(=O)[C@H](Cc2c[nH]c3cc(F)ccc23)NC(=O)[C@H](Cc2c[nH]c3ccc(F)cc23)NC(=O)CNC(=O)[C@H](C)NC1=O,0.0,0.0,0.0,0.0,0.0,0.0,0.0,0.0,0.0,0.0,0.0,0.0,0.0,0.0,0.0,0.0,0.0,0.0,0.0,0.0,0.0,0.0,0.0,0.0,0.0,0.0,0.0,0.0,0.0,-0.6931471805599453,0.0,0.6931471805599453,0.0,0.0,0.0,-0.6931471805599453,0.0,0.0,0.0,0.2543463885567357,0.25396960936753976,0.0,0.0,0.3386293396892764,0.0,0.0,0.0,0.0,0.0,0.0,-0.006600684031352068,0.0,0.0,0.0,0.6931471805599453,0.0,0.0,0.0,0.0,0.0,0.0,0.0,0.0,0.0,0.0,0.0,0.0,0.0,0.0,0.0,0.0,0.0,0.0,0.0,0.0,0.0,0.0,0.0,0.0,0.0,0.0,0.0,-0.6931471805599453,0.0,0.0,0.0,0.0,0.0,0.0,0.0,0.0,0.0,0.0,0.0,0.0,0.0,0.0,0.0,0.0,0.0,0.0,0.0,0.0,0.0,0.0,0.0,0.0,0.0,0.0,0.0,0.0,0.0,0.0,0.0,0.0,0.0,0.0,0.0,0.0,0.0,0.0,0.0,0.6931471805599453,0.0,0.0,0.0,0.0,0.0,0.0,0.6931471805599453,0.0,0.0,0.0,0.0,0.0,0.0,0.0,0.0,0.0,0.0,0.0,0.0,0.0,0.0,0.0,0.0,0.0,0.0,0.0,0.0,0.0,0.0,0.0,0.0,0.0,0.0,0.0,0.0,0.0,0.0,0.0,0.0,0.0,0.0,0.0,0.6931471805599453,0.0,0.0,0.0,0.0,0.0,-0.28912611602401445,0.0,0.6931471805599453,0.0,0.0,0.0,0.751987680582878,0.0,0.0,0.0,0.0,0.0,0.0,0.0,0.0
4.449771646944906,1.1925144413116917,CC1(C)NC(=O)[C@H](Cc2c[nH]c3ccc(F)cc23)NC(=O)CNC(=O)[C@H](CCCCN)NC(=O)CCSCc2cccc(c2)CSC[C@@H](C(N)=O)NC(=O)[C@@H]2CCCN2C(=O)[C@H](Cc2ccc(O)cc2)NC(=O)[C@H](Cc2cnc[nH]2)NC(=O)[C@H](CC(=O)O)NC1=O,0.0,0.0,0.0,0.0,0.0,0.0,0.0,0.0,0.0,0.0,0.0,0.0,0.0,0.0,0.0,0.0,0.0,0.0,0.0,-1.1455304055890243,0.0,0.0,0.0,0.0,0.0,0.0,0.0,0.0,0.0,0.0,0.0,0.0,0.0,0.0,0.0,0.0,0.0,0.0,0.0,0.0,0.0,0.0,0.0,0.10130827721874541,0.0,0.0,0.0,0.0,0.0,0.0,-0.558669266331392,0.0,0.0,0.0,0.0,0.0,0.0,0.0,0.0,0.0,0.0,0.0,0.0,0.0,0.0,0.0,0.0,0.0,0.0,0.0,0.0,0.0,0.0,0.0,0.0,0.0,0.0,0.0,0.0,0.0,0.0,-0.6931471805599453,-0.6931471805599453,0.0,0.0,0.0,0.0,0.0,0.0,0.0,0.0,0.0,0.0,0.0,0.0,0.0,0.0,0.0,0.0,0.0,0.0,0.0,0.0,0.0,0.0,0.0,0.0,0.0,0.0,0.0,0.0,0.0,0.0,0.0,0.0,0.0,0.0,0.0,0.0,0.0,0.0,0.0,0.0,0.0,0.0,0.0,0.0,0.0,0.0,0.6931471805599453,0.0,0.0,0.0,0.0,0.0,0.0,0.0,0.0,0.0,0.0,0.0,0.0,0.0,0.0,0.0,0.0,0.0,0.0,0.0,0.0,0.0,0.0,0.0,0.0,0.0,0.0,0.0,0.0,0.0,0.0,0.0,0.0,0.0,0.0,0.0,0.0,0.0,0.0,0.0,0.0,0.0,0.6608389373272884,0.0,0.0,0.0,0.0,0.0,0.04445176257083384,0.0,0.0,0.0,0.0,0.0,0.0,0.0,0.0
7.301029995663981,1.1925144413116917,CC1(C)NC(=O)[C@H](Cc2cnc[nH]2)NC(=O)[C@H](CC(=O)O)NC(=O)[C@H](Cc2c[nH]c3ccc(F)cc23)NC(=O)[C@H](Cc2c[nH]c3ccc(F)cc23)NC(=O)CNC(=O)[C@H](CCCCN)NC(=O)CCSCc2cccc(c2)CSC[C@@H](C(N)=O)NC(=O)[C@@H]2CCCN2C1=O,-0.7148462436713207,0.0,0.0,0.0,0.0,0.0,0.0,0.0,0.0,0.0,0.0,0.0,0.0,0.0,0.0,0.0,0.0,0.0,0.0,0.0,0.0,0.0,0.0,0.0,0.0,0.0,0.0,0.0,0.0,0.0,0.0,0.0,0.0,0.0,0.0,0.0,0.0,0.0,0.0,0.3758744249050815,0.37534873392630286,0.0,0.0,0.4531966352095854,0.0,0.0,0.0,0.0,0.0,0.0,-0.5453230243784976,0.0,0.0,0.0,0.0,0.0,0.0,0.0,0.0,0.0,0.0,0.0,0.0,0.0,0.0,0.0,0.0,0.0,0.0,0.0,0.0,0.0,0.0,0.0,0.0,0.0,0.0,0.0,0.0,0.0,0.0,0.0,-0.6931471805599453,0.0,0.0,0.0,0.0,0.0,0.0,0.0,0.0,0.0,0.0,0.0,0.0,0.0,0.0,0.0,0.0,-0.6931471805599453,0.0,0.0,0.0,0.0,0.0,0.0,0.0,0.0,0.0,0.0,0.0,0.0,0.0,0.0,0.0,0.0,0.0,-0.6931471805599453,0.0,0.0,0.0,0.0,0.0,0.0,0.0,0.0,0.0,0.0,0.0,0.6931471805599453,0.0,0.0,0.0,0.0,0.0,0.0,0.0,0.0,0.0,0.0,0.0,0.0,0.0,0.0,0.0,0.0,0.0,0.0,0.0,0.0,0.0,0.0,0.0,0.0,0.0,0.0,0.0,0.0,0.0,0.0,0.0,0.0,0.0,0.0,0.0,0.0,0.0,0.0,0.0,0.0,0.0,0.4921553031454592,0.0,0.0,0.0,0.0,0.0,0.1278333715098849,0.0,0.0,0.0,0.0,0.0,0.0,0.0,0.0
6.259637310505756,1.1925144413116917,C[C@H]1NC(=O)[C@H](Cc2cnc[nH]2)NC(=O)[C@H](CC(=O)O)NC(=O)[C@H](Cc2c[nH]c3ccc(F)cc23)NC(=O)[C@H](Cc2c[nH]c3ccc(F)cc23)NC(=O)CNC(=O)[C@H](CCCCN)NC(=O)CCSCc2cccc(c2)CSC[C@@H](C(N)=O)NC(=O)[C@]2(C)CCCN2C1=O,-0.7148462436713207,0.0,0.0,0.0,0.0,0.0,0.0,0.0,0.0,0.0,0.0,0.0,0.0,0.0,0.0,0.0,0.0,0.0,0.0,0.0,0.0,0.0,0.0,0.0,0.0,0.0,0.0,0.0,0.0,0.0,0.0,0.0,0.0,0.0,0.0,0.0,0.0,0.0,0.0,0.2543463885567357,0.25396960936753976,0.0,0.0,0.3386293396892764,0.0,0.0,0.0,0.0,0.0,0.0,-0.3250544151498868,0.0,0.0,0.0,0.0,0.0,0.0,0.0,0.0,0.0,0.0,0.0,0.0,0.0,0.0,0.0,0.0,0.0,0.0,0.0,0.0,0.0,0.0,0.0,0.0,0.0,0.0,0.0,0.0,0.0,0.0,0.0,-0.6931471805599453,0.0,0.0,0.0,0.0,0.0,0.0,0.0,0.0,0.0,0.0,0.0,0.0,0.0,0.0,0.0,0.0,-0.6931471805599453,0.0,0.0,0.0,0.0,0.0,0.0,0.0,0.0,0.0,0.0,0.0,0.0,0.0,0.0,0.0,0.0,0.0,-0.6931471805599453,0.0,0.0,0.0,0.0,0.0,0.0,0.0,0.0,0.0,0.0,0.0,0.6931471805599453,0.0,0.0,0.0,0.0,0.0,0.0,0.0,0.0,0.0,0.0,0.0,0.0,0.0,0.0,0.0,0.0,0.0,0.0,0.0,0.0,0.0,0.0,0.0,0.0,0.0,0.0,0.0,0.0,0.0,0.0,0.0,0.0,0.0,0.0,0.0,0.0,0.0,0.0,0.0,0.0,0.0,0.540440544304922,0.0,0.0,0.0,0.0,0.0,0.07302513501488989,0.0,0.0,0.0,0.0,0.0,0.0,0.0,0.0
4.449771646944906,1.1925144413116917,C[C@H]1NC(=O)[C@H](Cc2ccc(O)cc2)NC(=O)[C@H](Cc2cnc[nH]2)NC(=O)[C@H](CC(=O)O)NC(=O)[C@H](Cc2c[nH]c3ccc(F)cc23)NC(=O)[C@H](Cc2c[nH]c3ccc(F)cc23)NC(=O)CNC(=O)[C@H](CCCCN)NC(=O)CCSCc2cccc(c2)CSC[C@@H](C(N)=O)NC1=O,0.0,0.0,0.0,0.0,0.0,0.0,0.0,0.0,0.0,0.0,0.0,0.0,0.0,0.0,0.0,0.0,0.0,0.0,0.0,0.0,0.0,0.0,0.0,0.0,0.0,0.0,0.0,0.0,0.0,0.0,0.0,0.0,0.0,0.0,0.0,0.0,0.0,0.0,0.0,0.0,0.0,0.0,0.0,0.10130827721874541,0.0,0.0,0.0,0.0,0.0,0.0,-0.5317962480802956,0.0,0.0,0.0,0.0,0.0,0.0,0.0,0.0,0.0,0.0,0.0,0.0,0.0,0.0,0.0,0.0,0.0,0.0,0.0,0.0,0.0,0.0,0.0,0.0,0.0,0.0,0.0,0.0,0.0,0.0,0.0,-0.6931471805599453,0.0,0.0,0.0,0.0,0.0,0.0,0.0,0.0,0.0,0.0,0.0,0.0,0.0,0.0,0.0,0.0,0.0,0.0,0.0,0.0,0.0,0.0,0.0,0.0,0.0,0.0,0.0,0.0,0.0,0.0,0.0,0.0,0.0,0.0,0.0,0.0,0.0,0.0,0.0,0.0,0.0,0.0,0.0,0.0,0.0,0.0,0.6931471805599453,0.0,0.0,0.0,0.0,0.0,0.0,0.0,0.0,0.0,0.0,0.0,0.0,0.0,0.0,0.0,0.0,0.0,0.0,0.0,0.0,0.0,0.0,0.0,0.0,0.0,0.0,0.0,0.0,0.0,0.0,0.0,0.0,0.0,0.0,0.0,0.0,0.0,0.0,0.0,0.0,0.0,0.1890426574670326,0.0,0.0,0.0,0.0,0.0,0.6061358035703155,0.0,0.0,0.0,0.0,0.0,0.0,0.0,0.0
6.259637310505756,1.1925144413116917,CC(=O)N[C@@H]1CC(=O)NCCOc2ccc(cc2)CC(C(N)=O)NC(=O)[C@]2(C)CCCN2C(=O)[C@H](Cc2ccc(O)cc2)NC(=O)[C@H](Cc2cnc[nH]2)NC(=O)[C@H](CC(=O)OCc2ccccc2)NC(=O)[C@H](Cc2c[nH]c3ccc(F)cc23)NC(=O)[C@H](Cc2c[nH]c3ccc(F)cc23)NC(=O)CNC1=O,0.7148462081390736,0.0,0.0,0.0,0.0,0.0,0.0,0.0,0.0,0.0,0.0,0.0,0.0,0.0,0.0,0.0,0.0,0.0,0.0,0.0,0.0,0.0,0.0,0.0,0.0,0.0,0.0,0.0,0.0,0.0,0.0,0.0,0.0,0.0,0.0,-0.6931471805599453,0.0,0.0,0.0,0.2543463885567357,0.25396960936753976,0.0,0.0,0.3386293396892764,0.0,0.0,0.0,0.0,0.0,0.0,0.15886989575890503,0.0,0.0,0.0,0.0,0.0,0.0,0.0,0.0,0.0,0.0,0.0,0.0,0.0,0.0,0.0,0.0,0.6931471805599453,0.0,0.0,0.0,0.0,0.0,0.0,0.0,0.0,0.0,0.0,0.0,0.0,0.0,0.0,-0.6931471805599453,0.0,0.0,0.0,0.0,0.0,0.0,0.0,0.0,0.0,0.0,0.0,0.0,0.0,0.0,0.0,0.0,0.0,0.0,0.0,0.0,0.0,0.0,0.0,0.0,0.6931471805599453,0.0,0.0,0.0,0.0,0.0,0.0,0.0,0.0,0.0,0.0,0.0,0.0,0.0,0.0,0.0,0.0,0.0,0.0,0.0,0.0,0.0,0.6931471805599453,0.0,0.0,0.0,0.0,0.0,0.0,0.0,0.0,0.0,0.0,0.0,0.0,0.0,0.0,0.0,0.0,0.0,0.0,0.0,0.0,0.0,0.0,0.0,0.0,0.0,0.0,0.0,0.0,0.0,0.0,0.0,0.0,0.0,0.0,0.0,0.0,0.0,0.0,0.0,0.0,0.0,0.15991438454400775,0.0,0.0,0.0,0.0,0.0,0.8472978603872029,0.0,0.0,0.0,0.0,0.0,0.0,0.0,0.0
6.150514997831991,0.2973629040733618,CC(=O)N[C@@H]1CCC(=O)NCCOc2ccc(cc2)C[C@@H](C(N)=O)NC(=O)[C@]2(C)CCCN2C(=O)[C@H](Cc2ccc(O)cc2)NC(=O)[C@H](Cc2cnc[nH]2)NC(=O)[C@H](CC(=O)O)NC(=O)[C@H](Cc2c[nH]c3ccc(F)cc23)NC(=O)[C@H](Cc2c[nH]c3ccc(F)cc23)NC(=O)CNC1=O,0.7148462081390736,0.0,0.0,0.0,0.0,0.0,0.0,0.0,0.0,0.0,0.0,0.0,0.0,0.0,0.0,0.0,0.0,0.0,0.0,0.0,0.0,0.0,0.0,0.0,0.0,0.0,0.0,0.0,0.0,-0.6931471805599453,0.0,0.0,0.0,0.0,0.0,-0.6931471805599453,0.0,0.0,0.0,0.22159893318814058,0.2590860088262802,0.0,0.0,0.0,0.0,0.0,0.0,0.0,0.0,0.0,0.006600684031352068,0.0,0.0,0.0,0.0,0.0,0.0,0.0,0.0,0.0,0.0,0.0,0.0,0.0,0.0,0.0,0.0,0.0,0.0,0.0,0.0,0.0,0.0,0.0,0.0,0.0,0.0,0.0,0.0,0.0,0.0,0.0,-0.6931471805599453,0.0,0.0,0.0,0.0,0.0,0.0,0.0,0.0,0.0,0.0,0.0,0.0,0.0,0.0,0.0,0.0,0.0,0.0,0.0,0.0,0.0,0.0,0.0,0.0,0.0,0.0,0.0,0.0,0.0,0.0,0.0,0.0,0.0,0.0,0.0,0.0,0.0,0.0,0.0,0.0,0.0,0.0,0.0,0.0,0.0,0.0,0.6931471805599453,0.0,0.0,0.0,0.0,0.0,0.0,0.0,0.0,0.0,0.0,0.0,0.0,0.0,0.0,0.0,0.0,0.0,0.0,0.0,0.0,0.0,0.0,0.0,0.0,0.0,0.0,0.0,0.0,0.0,0.0,0.0,0.0,0.0,0.0,0.0,0.0,0.0,0.0,0.0,0.0,0.0,-0.17942719876758959,0.0,0.0,0.0,0.0,0.0,0.7230001437096257,0.0,0.0,0.0,0.0,0.0,0.0,0.0,0.0
5.183758700008217,1.1925144413116917,NCCCC[C@@H]1NC(=O)CCSCc2cccc(c2)CSC[C@@H](C(N)=O)NC(=O)[C@@H]2CCCN2C(=O)[C@@H]2[C@@H](c3ccccc3)CCN2C(=O)[C@H](Cc2c[nH]cn2)NC(=O)[C@H](CC(=O)O)NC(=O)[C@H](Cc2c[nH]c3ccc(F)cc23)NC(=O)[C@H](Cc2c[nH]c3ccc(F)cc23)NC(=O)CNC1=O,-0.7148462436713207,0.0,0.0,0.0,0.0,0.0,0.0,0.0,0.0,0.0,0.0,0.0,0.0,0.0,0.0,0.0,0.0,0.0,0.0,0.0,0.0,0.0,0.0,0.0,0.0,0.6931471805599453,0.0,0.0,0.0,0.0,0.0,0.0,0.0,0.0,0.0,0.0,0.0,0.0,0.0,0.11105295721410488,0.11087663101705109,0.0,0.0,0.2038893586045199,0.0,0.0,0.0,0.0,0.0,0.0,-0.610341276875713,0.0,0.0,0.0,0.0,0.0,0.0,0.0,0.0,0.0,0.0,0.0,0.0,0.0,0.0,0.0,0.0,0.6931471805599453,0.0,0.0,0.0,0.0,0.0,0.0,0.0,0.0,0.0,0.0,0.0,0.0,0.0,0.0,-0.6931471805599453,0.0,0.0,0.0,0.0,0.0,0.0,0.0,0.0,0.0,0.0,0.0,0.0,0.0,0.0,0.0,0.0,-0.6931471805599453,0.0,0.0,0.0,0.0,0.0,0.0,0.0,0.6931471805599453,0.0,0.0,0.0,0.0,0.0,0.0,0.0,0.0,0.0,-0.6931471805599453,0.0,0.0,0.0,0.0,0.0,0.0,0.0,0.0,0.0,0.0,0.0,0.6931471805599453,0.0,0.0,0.0,0.0,0.0,0.0,0.0,0.0,0.0,0.0,0.0,0.0,0.0,0.0,0.0,0.0,0.0,0.0,0.0,0.0,0.0,0.0,0.0,0.0,0.0,0.0,0.0,0.0,0.0,0.0,0.0,0.0,0.0,0.0,0.0,0.0,0.0,0.0,0.0,0.0,0.0,0.5336837618420414,0.0,0.6931471805599453,0.0,0.0,0.0,-0.35364004024357837,0.0,0.0,0.0,0.0,0.0,0.0,0.0,0.0
7.301029995663981,1.1925144413116917,CC(=O)N[C@@H]1CCCNC(=O)c2ccc(cc2)CC(C(N)=O)NC(=O)[C@]2(C)CCCN2C(=O)[C@H](Cc2ccc(O)cc2)NC(=O)[C@H](Cc2cnc[nH]2)NC(=O)[C@H](CC(=O)O)NC(=O)[C@H](Cc2c[nH]c3ccc(F)cc23)NC(=O)[C@H](Cc2c[nH]c3ccc(F)cc23)NC(=O)CNC1=O,0.0,0.0,0.0,0.0,0.0,0.0,0.0,0.0,0.0,0.0,0.0,0.0,0.0,0.0,0.0,0.0,0.0,0.0,0.0,0.0,0.0,0.0,0.0,0.0,0.0,0.0,0.0,0.0,0.0,-0.6931471805599453,0.0,0.6931471805599453,0.0,0.0,0.0,-0.6931471805599453,0.0,0.0,0.0,0.3758744249050815,0.37534873392630286,0.0,0.0,0.4531966352095854,0.0,0.0,0.0,0.0,0.0,0.0,-0.009884759232542,0.0,0.0,0.0,0.6931471805599453,0.0,0.0,0.0,0.0,0.0,0.0,0.0,0.0,0.0,0.0,0.0,0.0,0.0,0.0,0.0,0.0,0.0,0.0,0.0,0.0,0.0,0.0,0.0,0.0,0.0,0.0,0.0,-0.6931471805599453,0.0,0.0,0.0,0.0,0.0,0.0,0.0,0.0,0.0,0.0,0.0,0.0,0.0,0.0,0.0,0.0,0.0,0.0,0.0,0.0,0.0,0.0,0.0,0.0,0.0,0.0,0.0,0.0,0.0,0.0,0.0,0.0,0.0,0.0,0.0,0.0,0.0,0.0,0.0,0.6931471805599453,0.0,0.0,0.0,0.0,0.0,0.0,0.6931471805599453,0.0,0.0,0.0,0.0,0.0,0.0,0.0,0.0,0.0,0.0,0.0,0.0,0.0,0.0,0.0,0.0,0.0,0.0,0.0,0.0,0.0,0.0,0.0,0.0,0.0,0.0,0.0,0.0,0.0,0.0,0.0,0.0,0.0,0.0,0.0,0.6931471805599453,0.0,0.0,0.0,0.0,0.0,-0.2804304090564615,0.0,0.6931471805599453,0.0,0.0,0.0,0.708185057924485,0.0,0.0,0.0,0.0,0.0,0.0,0.0,0.0
7.301029995663981,1.1925144413116917,NCCCC[C@@H]1NC(=O)CCSCc2ccc(cc2)CS[C@H]2C[C@@H](C(N)=O)N(C2)C(=O)[C@H](Cc2ccc(O)cc2)NC(=O)[C@H](Cc2cnc[nH]2)NC(=O)[C@H](CC(=O)O)NC(=O)[C@H](Cc2c[nH]c3ccc(F)cc23)NC(=O)[C@H](Cc2c[nH]c3ccc(F)cc23)NC(=O)CNC1=O,0.0,0.0,0.0,0.0,0.0,0.0,0.0,0.0,0.0,0.0,0.0,0.0,0.0,0.0,0.0,0.0,0.0,0.0,0.0,0.0,0.0,0.0,0.0,0.0,0.0,0.0,0.0,0.0,0.0,0.0,0.0,0.0,0.0,0.0,0.0,0.0,0.0,0.0,0.0,0.3758744249050815,0.37534873392630286,0.0,0.0,0.4531966352095854,0.0,0.0,0.0,0.0,0.0,0.0,-0.097715472605574,0.0,0.0,0.0,0.0,0.0,0.0,0.0,0.6931471805599453,0.0,0.0,0.0,0.0,0.0,0.0,0.0,0.0,0.0,0.0,0.0,0.0,0.0,0.0,0.0,0.0,0.0,0.0,0.0,0.0,0.0,0.0,0.0,-0.6931471805599453,0.0,0.0,0.0,0.0,0.0,0.0,0.0,0.0,0.0,0.0,0.0,0.0,0.0,0.0,0.0,0.0,0.0,0.0,0.0,0.0,0.0,0.0,0.0,0.0,0.0,0.0,0.0,0.0,0.0,0.0,0.0,0.0,0.0,0.0,0.0,0.0,0.0,0.0,0.0,0.0,0.0,0.0,0.0,0.0,0.0,0.0,0.6931471805599453,0.0,0.0,0.0,0.0,0.0,0.0,0.0,0.0,0.0,0.0,0.0,0.0,0.0,0.0,0.0,0.0,0.0,0.0,0.0,0.0,0.0,0.0,0.0,0.0,0.0,0.0,0.0,0.0,0.0,0.0,0.0,0.0,0.0,0.0,0.0,0.0,0.0,0.0,0.0,0.0,0.0,-0.22660575904268127,0.0,0.0,0.0,0.0,0.0,0.2047944126460132,0.0,0.0,0.0,0.0,0.0,0.0,0.0,0.0
6.259637310505756,1.1925144413116917,NCCCC[C@@H]1NC(=O)CCSCc2cccc(c2)CSC[C@@H](C(N)=O)NC(=O)[C@@H]2C[C@H](c3ccccc3)CN2C(=O)[C@H](Cc2ccc(O)cc2)NC(=O)[C@H](Cc2cnc[nH]2)NC(=O)[C@H](CC(=O)O)NC(=O)[C@H](Cc2c[nH]c3ccc(F)cc23)NC(=O)[C@H](Cc2c[nH]c3ccc(F)cc23)NC(=O)CNC1=O,0.0,0.0,0.0,0.0,0.0,0.0,0.0,0.0,0.0,0.0,0.0,0.0,0.0,0.0,0.0,0.0,0.0,0.0,0.0,0.0,0.0,0.0,0.0,0.0,0.0,0.6931471805599453,0.0,0.0,0.0,0.0,0.0,0.0,0.0,0.0,0.0,0.0,0.0,0.0,0.0,0.2543463885567357,0.25396960936753976,0.0,0.0,0.3386293396892764,0.0,0.0,0.0,0.0,0.0,0.0,-0.5643350038670695,0.0,0.0,0.0,0.0,0.0,0.0,0.0,0.0,0.0,0.0,0.0,0.0,0.0,0.0,0.0,0.0,0.6931471805599453,0.0,0.0,0.0,0.0,0.0,0.0,0.0,0.0,0.0,0.0,0.0,0.0,0.0,0.0,-0.6931471805599453,0.0,0.0,0.0,0.0,0.0,0.0,0.0,0.0,0.0,0.0,0.0,0.0,0.0,0.0,0.0,0.0,0.0,0.0,0.0,0.0,0.0,0.0,0.0,0.0,0.6931471805599453,0.0,0.0,0.0,0.0,0.0,0.0,0.0,0.0,0.0,0.0,0.0,0.0,0.0,0.0,0.0,0.0,0.0,0.0,0.0,0.0,0.0,0.6931471805599453,0.0,0.0,0.0,0.0,0.0,0.0,0.0,0.0,0.0,0.0,0.0,0.0,0.0,0.0,0.0,0.0,0.0,0.0,0.0,0.0,0.0,0.0,0.0,0.0,0.0,0.0,0.0,0.0,0.0,0.0,0.0,0.0,0.0,0.0,0.0,0.0,0.0,0.0,0.0,0.0,0.0,0.347966616046949,0.0,0.0,0.0,0.0,0.0,0.2876820724517809,0.0,0.0,0.0,0.0,0.0,0.0,0.0,0.0
6.259637310505756,1.1925144413116917,C[C@@H]1NC(=O)CCCCc2ccc(cc2)CCCCNC(=O)C[C@@H](C(=O)N[C@@H](Cc2cnc[nH]2)C(=O)N[C@@H](Cc2ccc(O)cc2)C(=O)N2CCC[C@H]2C(N)=O)NC(=O)[C@H](Cc2c[nH]c3ccc(F)cc23)NC(=O)[C@H](Cc2c[nH]c3ccc(F)cc23)NC(=O)CNC1=O,0.0,0.0,0.0,0.0,0.0,0.0,0.0,0.0,0.0,0.0,0.0,0.0,0.0,0.0,0.0,0.0,0.0,0.0,0.0,0.0,0.0,0.0,0.0,0.0,0.0,0.0,0.0,0.0,0.0,0.0,0.0,0.0,0.0,0.0,0.0,-0.6931471805599453,0.0,0.0,0.0,0.2543463885567357,0.25396960936753976,0.0,0.0,0.3386293396892764,0.0,0.0,0.0,0.0,0.0,0.0,0.07339816495486795,0.0,0.0,0.0,0.0,0.0,0.0,0.0,0.0,0.0,0.0,0.0,0.0,0.0,0.0,0.0,0.0,0.0,0.0,0.0,0.0,0.0,0.0,0.0,0.0,0.0,0.0,0.0,0.0,0.0,0.0,0.0,-0.6931471805599453,0.0,0.0,0.0,0.0,0.0,-0.6931471805599453,0.0,0.0,0.0,0.0,0.0,0.0,0.0,0.0,0.0,0.0,0.0,0.0,0.0,0.0,0.0,0.0,0.0,0.0,0.0,0.0,0.0,0.0,0.0,0.0,0.0,0.0,0.0,0.0,0.0,0.0,0.0,0.0,0.0,0.0,0.0,0.0,0.0,0.0,0.0,0.0,0.6931471805599453,0.0,0.0,0.0,0.0,0.0,0.0,0.0,0.0,0.0,0.0,0.0,0.0,0.0,0.0,0.0,0.0,0.0,0.0,0.0,0.0,0.0,0.0,0.0,0.0,0.0,0.0,0.0,0.0,0.0,0.0,0.0,0.0,0.0,0.0,0.0,0.0,0.0,0.0,0.0,0.0,0.0,0.04520543676804694,0.0,0.0,0.0,0.0,0.0,0.47378435208564157,-0.6931471805599453,0.0,0.0,0.0,0.0,0.0,0.0,0.0
6.150514997831991,0.2973629040733618,CC(=O)N[C@H]1CCc2cn(nn2)-c2ccc(cc2)C[C@@H](C(N)=O)NC(=O)[C@]2(C)CCCN2C(=O)[C@H](Cc2ccc(O)cc2)NC(=O)[C@H](Cc2cnc[nH]2)NC(=O)[C@H](CC(=O)O)NC(=O)[C@H](Cc2c[nH]c3ccc(F)cc23)NC(=O)[C@H](Cc2c[nH]c3ccc(F)cc23)NC(=O)CNC(=O)[C@H](C)NC1=O,0.7093123221826213,0.0,0.0,0.0,0.0,0.0,0.0,0.6931471805599453,0.0,0.0,0.0,0.0,0.0,0.0,0.0,0.0,0.0,0.0,0.0,0.7506846340696651,0.0,0.0,0.0,0.0,0.0,0.0,0.0,0.0,0.0,-0.6931471805599453,0.0,0.0,0.0,0.0,0.0,-0.6931471805599453,0.0,0.0,0.0,0.22159893318814058,0.2590860088262802,0.0,0.0,0.0,0.0,0.0,0.0,0.0,0.0,0.0,0.02291425952287586,0.0,0.0,0.0,0.0,0.0,0.0,0.0,0.6931471805599453,0.0,0.0,0.0,0.0,0.0,0.0,0.0,0.0,0.6931471805599453,0.0,0.0,0.0,0.0,0.0,0.0,0.0,0.0,0.0,0.0,0.0,0.0,0.0,0.0,0.0,0.0,0.0,0.0,0.0,0.0,0.0,0.0,0.0,0.0,0.0,0.0,0.0,0.0,0.0,0.0,0.0,0.0,0.0,0.0,0.0,0.0,0.0,0.0,0.0,0.0,0.0,0.0,0.0,0.0,0.0,0.0,0.0,0.0,0.6931471805599453,0.0,0.0,0.6931471805599453,0.0,0.0,0.0,0.0,0.0,0.0,0.0,0.0,0.0,0.6931471805599453,0.0,0.0,0.0,0.0,0.0,0.0,0.0,0.0,0.0,0.0,0.0,0.0,0.0,0.0,0.0,0.0,0.0,0.0,0.0,0.0,0.0,0.0,0.0,0.0,0.0,0.0,0.0,0.0,0.0,0.0,0.0,0.0,0.0,0.0,0.0,0.0,0.0,0.0,0.0,0.0,0.0,-0.22660575904268127,0.0,0.0,0.0,0.0,0.0,0.6545323444321648,0.0,0.0,0.0,0.0,0.0,0.0,0.0,0.0
7.301029995663981,1.1925144413116917,CC(=O)N[C@H]1CCCCn2cc(nn2)CC[C@@H](C(N)=O)NC(=O)[C@]2(C)CCCN2C(=O)[C@H](Cc2ccc(O)cc2)NC(=O)[C@H](Cc2cnc[nH]2)NC(=O)[C@H](CC(=O)O)NC(=O)[C@H](Cc2c[nH]c3ccc(F)cc23)NC(=O)[C@H](Cc2c[nH]c3ccc(F)cc23)NC(=O)CNC(=O)[C@H](C)NC1=O,0.0,0.0,0.0,0.0,0.0,0.0,0.0,0.0,0.0,0.0,0.0,0.0,0.0,0.0,0.0,0.0,0.0,0.0,0.0,0.0,0.0,0.0,0.0,0.0,0.0,0.0,0.0,0.0,0.0,-0.6931471805599453,0.0,0.0,0.0,0.0,0.0,-0.6931471805599453,0.0,0.0,0.0,0.3758744249050815,0.37534873392630286,0.0,0.0,0.4531966352095854,0.0,0.0,0.0,0.0,0.0,0.0,-0.03257617043461277,0.0,0.0,0.0,0.0,0.6931471805599453,0.0,0.0,0.0,0.0,0.0,0.0,0.0,0.0,0.0,0.0,0.0,0.0,0.0,0.0,0.0,0.0,0.0,0.0,0.0,0.0,0.0,0.0,0.0,0.0,0.0,0.0,0.0,0.0,0.0,0.0,0.0,0.0,0.0,0.0,0.0,0.0,0.0,0.0,0.0,0.0,0.0,0.0,0.0,0.0,0.0,0.0,0.0,0.0,0.0,0.0,0.0,0.0,0.0,0.0,0.0,0.0,0.0,0.0,0.0,0.0,0.6931471805599453,0.0,0.0,0.0,0.0,0.0,0.0,0.0,0.0,0.0,0.0,0.0,0.0,0.6931471805599453,0.0,0.0,0.0,0.0,0.0,0.0,0.0,0.0,0.0,0.0,0.0,0.0,0.0,0.0,0.0,0.0,0.0,0.0,0.0,0.0,0.0,0.0,0.0,0.0,0.0,0.0,0.0,0.0,0.0,0.0,0.0,0.0,0.0,0.0,0.0,0.0,0.0,0.0,0.0,0.0,0.0,-0.331505338992877,0.0,0.0,0.0,0.0,0.0,0.3953127366441464,0.0,0.0,0.0,0.0,0.0,0.0,0.0,0.0
5.183758700008217,1.1925144413116917,CC(=O)N[C@H]1CCCn2cc(nn2)CCC[C@@H](C(N)=O)NC(=O)[C@]2(C)CCCN2C(=O)[C@H](Cc2ccc(O)cc2)NC(=O)[C@H](Cc2cnc[nH]2)NC(=O)[C@H](CC(=O)O)NC(=O)[C@H](Cc2c[nH]c3ccc(F)cc23)NC(=O)[C@H](Cc2c[nH]c3ccc(F)cc23)NC(=O)CNC(=O)[C@H](C)NC1=O,0.0,0.0,0.0,0.0,0.0,0.0,0.0,0.0,0.0,0.0,0.0,0.0,0.0,0.0,0.0,0.0,0.0,0.0,0.0,0.0,0.0,0.0,0.0,0.0,0.0,0.0,0.0,0.0,0.0,-0.6931471805599453,0.0,0.0,0.0,0.0,0.0,-0.6931471805599453,0.0,0.0,0.0,0.11105295721410488,0.11087663101705109,0.0,0.0,0.2038893586045199,0.0,0.0,0.0,0.0,0.0,0.0,-0.05162436540530727,0.0,0.0,0.0,0.0,0.6931471805599453,0.0,0.0,0.0,0.0,0.0,0.0,0.0,0.0,0.0,0.0,0.0,0.0,0.0,0.0,0.0,0.0,0.0,0.0,0.0,0.0,0.0,0.0,0.0,0.0,0.0,0.0,0.0,0.0,0.0,0.0,0.0,0.0,0.0,0.0,0.0,0.0,0.0,0.0,0.0,0.0,0.0,0.0,0.0,0.0,0.0,0.0,0.0,0.0,0.0,0.0,0.0,0.0,0.0,0.0,0.0,0.0,0.0,0.0,0.0,0.0,0.6931471805599453,0.0,0.0,0.0,0.0,0.0,0.0,0.0,0.0,0.0,0.0,0.0,0.0,0.6931471805599453,0.0,0.0,0.0,0.0,0.0,0.0,0.0,0.0,0.0,0.0,0.0,0.0,0.0,0.0,0.0,0.0,0.0,0.0,0.0,0.0,0.0,0.0,0.0,0.0,0.0,0.0,0.0,0.0,0.0,0.0,0.0,0.0,0.0,0.0,0.0,0.0,0.0,0.0,0.0,0.0,0.0,-0.2716584229836235,0.0,0.0,0.0,0.0,0.0,0.3953127366441464,0.0,0.0,0.0,0.0,0.0,0.0,0.0,0.0
4.449771646944906,1.1925144413116917,CC(=O)N[C@H]1Cc2cn(nn2)-c2ccc(cc2)C[C@@H](C(N)=O)NC(=O)[C@]2(C)CCCN2C(=O)[C@H](Cc2ccc(O)cc2)NC(=O)[C@H](Cc2cnc[nH]2)NC(=O)[C@H](CC(=O)O)NC(=O)[C@H](Cc2c[nH]c3ccc(F)cc23)NC(=O)[C@H](Cc2c[nH]c3ccc(F)cc23)NC(=O)CNC(=O)[C@H](C)NC1=O,0.7093123221826213,0.0,0.0,0.0,0.0,0.0,0.0,0.6931471805599453,0.0,0.0,0.0,0.0,0.0,0.0,0.0,0.0,0.0,0.0,0.0,0.7506846340696651,0.0,0.0,0.0,0.0,0.0,0.0,0.0,0.0,0.0,-0.6931471805599453,0.0,0.0,0.0,0.0,0.0,-0.6931471805599453,0.0,0.0,0.0,0.0,0.0,0.0,0.0,0.10130827721874541,0.0,0.0,0.0,0.0,0.0,0.0,-0.006600684031352068,0.0,0.0,0.0,0.0,0.0,0.0,0.0,0.6931471805599453,0.0,0.0,0.0,0.0,0.0,0.0,0.0,0.0,0.6931471805599453,0.0,0.0,0.0,0.0,0.0,0.0,0.0,0.0,0.0,0.0,0.0,0.0,0.0,0.0,0.0,0.0,0.0,0.0,0.0,0.0,0.0,0.0,0.0,0.0,0.0,0.0,0.0,0.0,0.0,0.0,0.0,0.0,0.0,0.0,0.0,0.0,0.0,0.0,0.0,0.0,0.0,0.0,0.0,0.0,0.0,0.0,0.0,0.0,0.6931471805599453,0.0,0.0,0.6931471805599453,0.0,0.0,0.0,0.0,0.0,0.0,0.0,0.0,0.0,0.6931471805599453,0.0,0.0,0.0,0.0,0.0,0.0,0.0,0.0,0.0,0.0,0.0,0.0,0.0,0.0,0.0,0.0,0.0,0.0,0.0,0.0,0.0,0.0,0.0,0.0,0.0,0.0,0.0,0.0,0.0,0.0,0.0,0.0,0.0,0.0,0.0,0.0,0.0,0.0,0.0,0.0,0.0,-0.15001331356129724,0.0,0.0,0.0,0.0,0.0,0.7156200364120031,0.0,0.0,0.0,0.0,0.0,0.0,0.0,0.0
5.183758700008217,1.1925144413116917,CC(=O)N[C@@H]1Cc2cn(nn2)CCC[C@@H](C(N)=O)NC(=O)[C@]2(C)CCCN2C(=O)[C@H](Cc2ccc(O)cc2)NC(=O)[C@H](Cc2cnc[nH]2)NC(=O)[C@H](CC(=O)O)NC(=O)[C@H](Cc2c[nH]c3ccc(F)cc23)NC(=O)[C@H](Cc2c[nH]c3ccc(F)cc23)NC(=O)CNC1=O,0.0,0.0,0.0,0.0,0.0,0.0,0.0,0.0,0.0,0.0,0.0,0.0,0.0,0.0,0.0,0.0,0.0,0.0,0.0,0.0,0.0,0.0,0.0,0.0,0.0,0.0,0.0,0.0,0.0,-0.6931471805599453,0.0,0.0,0.0,0.0,0.0,-0.6931471805599453,0.0,0.0,0.0,0.11105295721410488,0.11087663101705109,0.0,0.0,0.2038893586045199,0.0,0.0,0.0,0.0,0.0,0.0,-0.11557309000558044,0.0,0.0,0.0,0.0,0.6931471805599453,0.0,0.0,0.0,0.0,0.0,0.0,0.0,0.0,0.0,0.0,0.0,0.0,0.0,0.0,0.0,0.0,0.0,0.0,0.0,0.0,0.0,0.0,0.0,0.0,0.0,0.0,0.0,0.0,0.0,0.0,0.0,0.0,0.0,0.0,0.0,0.0,0.0,0.0,0.0,0.0,0.0,0.0,0.0,0.0,0.0,0.0,0.0,0.0,0.0,0.0,0.0,0.0,0.0,0.0,0.0,0.0,0.0,0.0,0.0,0.0,0.6931471805599453,0.0,0.0,0.0,0.0,0.0,0.0,0.0,0.0,0.0,0.0,0.0,0.0,0.6931471805599453,0.0,0.0,0.0,0.0,0.0,0.0,0.0,0.0,0.0,0.0,0.0,0.0,0.0,0.0,0.0,0.0,0.0,0.0,0.0,0.0,0.0,0.0,0.0,0.0,0.0,0.0,0.0,0.0,0.0,0.0,0.0,0.0,0.0,0.0,0.0,0.0,0.0,0.0,0.0,0.0,0.0,-0.331505338992877,0.0,0.0,0.0,0.0,0.0,0.46430560813109784,0.0,0.0,0.0,0.0,0.0,0.0,0.0,0.0
7.301029995663981,1.1925144413116917,CC(=O)N[C@@H]1Cc2cn(nn2)CCCC[C@@H](C(N)=O)NC(=O)[C@]2(C)CCCN2C(=O)[C@H](Cc2ccc(O)cc2)NC(=O)[C@H](Cc2cnc[nH]2)NC(=O)[C@H](CC(=O)O)NC(=O)[C@H](Cc2c[nH]c3ccc(F)cc23)NC(=O)[C@H](Cc2c[nH]c3ccc(F)cc23)NC(=O)CNC1=O,0.0,0.0,0.0,0.0,0.0,0.0,0.0,0.0,0.0,0.0,0.0,0.0,0.0,0.0,0.0,0.0,0.0,0.0,0.0,0.0,0.0,0.0,0.0,0.0,0.0,0.0,0.0,0.0,0.0,-0.6931471805599453,0.0,0.0,0.0,0.0,0.0,-0.6931471805599453,0.0,0.0,0.0,0.3758744249050815,0.37534873392630286,0.0,0.0,0.4531966352095854,0.0,0.0,0.0,0.0,0.0,0.0,-0.067225305847787,0.0,0.0,0.0,0.0,0.6931471805599453,0.0,0.0,0.0,0.0,0.0,0.0,0.0,0.0,0.0,0.0,0.0,0.0,0.0,0.0,0.0,0.0,0.0,0.0,0.0,0.0,0.0,0.0,0.0,0.0,0.0,0.0,0.0,0.0,0.0,0.0,0.0,0.0,0.0,0.0,0.0,0.0,0.0,0.0,0.0,0.0,0.0,0.0,0.0,0.0,0.0,0.0,0.0,0.0,0.0,0.0,0.0,0.0,0.0,0.0,0.0,0.0,0.0,0.0,0.0,0.0,0.6931471805599453,0.0,0.0,0.0,0.0,0.0,0.0,0.0,0.0,0.0,0.0,0.0,0.0,0.6931471805599453,0.0,0.0,0.0,0.0,0.0,0.0,0.0,0.0,0.0,0.0,0.0,0.0,0.0,0.0,0.0,0.0,0.0,0.0,0.0,0.0,0.0,0.0,0.0,0.0,0.0,0.0,0.0,0.0,0.0,0.0,0.0,0.0,0.0,0.0,0.0,0.0,0.0,0.0,0.0,0.0,0.0,-0.2977468590679224,0.0,0.0,0.0,0.0,0.0,0.3850562364769573,0.0,0.0,0.0,0.0,0.0,0.0,0.0,0.0
6.150514997831991,0.2973629040733618,CC(=O)N[C@H]1CCCc2cn(nn2)-c2ccc(cc2)C[C@@H](C(N)=O)NC(=O)[C@]2(C)CCCN2C(=O)[C@H](Cc2ccc(O)cc2)NC(=O)[C@H](Cc2cnc[nH]2)NC(=O)[C@H](CC(=O)O)NC(=O)[C@H](Cc2c[nH]c3ccc(F)cc23)NC(=O)[C@H](Cc2c[nH]c3ccc(F)cc23)NC(=O)CNC(=O)[C@H](C)NC1=O,0.7093123221826213,0.0,0.0,0.0,0.0,0.0,0.0,0.6931471805599453,0.0,0.0,0.0,0.0,0.0,0.0,0.0,0.0,0.0,0.0,0.0,0.7506846340696651,0.0,0.0,0.0,0.0,0.0,0.0,0.0,0.0,0.0,-0.6931471805599453,0.0,0.0,0.0,0.0,0.0,-0.6931471805599453,0.0,0.0,0.0,0.22159893318814058,0.2590860088262802,0.0,0.0,0.0,0.0,0.0,0.0,0.0,0.0,0.0,0.05162436540530727,0.0,0.0,0.0,0.0,0.0,0.0,0.0,0.6931471805599453,0.0,0.0,0.0,0.0,0.0,0.0,0.0,0.0,0.6931471805599453,0.0,0.0,0.0,0.0,0.0,0.0,0.0,0.0,0.0,0.0,0.0,0.0,0.0,0.0,0.0,0.0,0.0,0.0,0.0,0.0,0.0,0.0,0.0,0.0,0.0,0.0,0.0,0.0,0.0,0.0,0.0,0.0,0.0,0.0,0.0,0.0,0.0,0.0,0.0,0.0,0.0,0.0,0.0,0.0,0.0,0.0,0.0,0.0,0.6931471805599453,0.0,0.0,0.6931471805599453,0.0,0.0,0.0,0.0,0.0,0.0,0.0,0.0,0.0,0.6931471805599453,0.0,0.0,0.0,0.0,0.0,0.0,0.0,0.0,0.0,0.0,0.0,0.0,0.0,0.0,0.0,0.0,0.0,0.0,0.0,0.0,0.0,0.0,0.0,0.0,0.0,0.0,0.0,0.0,0.0,0.0,0.0,0.0,0.0,0.0,0.0,0.0,0.0,0.0,0.0,0.0,0.0,-0.12991213424020998,0.0,0.0,0.0,0.0,0.0,0.5894687510851038,0.0,0.0,0.0,0.0,0.0,0.0,0.0,0.0
5.183758700008217,1.1925144413116917,COc1ccc(C[C@@H]2NC(=O)[C@H](Cc3cnc[nH]3)NC(=O)[C@H](CC(=O)O)NC(=O)[C@H](Cc3c[nH]c4ccc(F)cc34)NC(=O)[C@H](Cc3c[nH]c4ccc(F)cc34)NC(=O)[C@@H](C)NC(=O)[C@H](CCCCN)NC(=O)CCSCc3cc(F)cc(c3)CSC[C@@H](C(N)=O)NC(=O)[C@]3(C)CCCN3C2=O)cc1,0.0,0.0,0.0,0.0,0.0,0.0,0.0,0.0,0.0,0.0,0.0,0.0,0.0,0.0,0.0,0.0,0.0,0.0,0.0,0.0,0.0,0.0,0.0,0.0,0.0,0.0,0.0,0.0,0.0,0.0,0.0,0.0,0.0,0.0,0.0,0.0,0.0,0.0,0.0,0.11105295721410488,0.11087663101705109,0.0,0.0,0.2038893586045199,0.0,0.0,0.0,0.0,0.0,0.0,-0.37861785807197657,0.0,0.0,0.0,0.0,0.0,0.0,0.0,0.0,0.0,0.0,0.0,0.0,0.0,0.0,0.0,0.0,0.0,0.0,0.0,0.0,0.0,0.0,0.0,0.0,0.0,0.0,0.0,0.0,0.0,0.0,0.0,-0.6931471805599453,0.0,0.0,0.0,0.0,0.0,0.0,0.0,0.0,0.0,0.0,0.0,0.0,0.0,0.0,0.0,0.0,0.0,0.0,0.0,0.0,0.0,0.0,0.0,0.0,0.0,0.0,0.0,0.0,0.0,0.0,0.0,0.0,0.0,0.0,0.0,0.0,0.0,0.0,0.0,0.0,0.0,0.0,0.0,0.0,0.0,0.0,0.6931471805599453,0.0,0.0,0.0,0.0,0.0,0.0,0.0,0.0,0.0,0.0,0.0,0.0,0.0,0.0,0.0,0.0,0.0,0.0,0.0,0.0,0.0,0.0,0.0,0.0,0.0,0.0,0.0,0.0,0.0,0.0,0.0,0.0,0.0,0.0,0.0,0.0,0.0,0.0,0.0,0.0,0.0,-0.28912611602401445,0.0,0.0,0.0,0.0,0.0,0.2291858657701724,0.0,0.0,0.0,0.0,0.0,0.0,0.0,0.0
5.183758700008217,1.1925144413116917,CC(=O)N[C@H]1CCc2cn(nn2)CCCC[C@@H](C(N)=O)NC(=O)[C@]2(C)CCCN2C(=O)[C@H](Cc2ccc(O)cc2)NC(=O)[C@H](Cc2cnc[nH]2)NC(=O)[C@H](CC(=O)O)NC(=O)[C@H](Cc2c[nH]c3ccc(F)cc23)NC(=O)[C@H](Cc2c[nH]c3ccc(F)cc23)NC(=O)CNC(=O)[C@H](C)NC1=O,0.0,0.0,0.0,0.0,0.0,0.0,0.0,0.0,0.0,0.0,0.0,0.0,0.0,0.0,0.0,0.0,0.0,0.0,0.0,0.0,0.0,0.0,0.0,0.0,0.0,0.0,0.0,0.0,0.0,-0.6931471805599453,0.0,0.0,0.0,0.0,0.0,-0.6931471805599453,0.0,0.0,0.0,0.11105295721410488,0.11087663101705109,0.0,0.0,0.2038893586045199,0.0,0.0,0.0,0.0,0.0,0.0,-0.03257617043461277,0.0,0.0,0.0,0.0,0.6931471805599453,0.0,0.0,0.0,0.0,0.0,0.0,0.0,0.0,0.0,0.0,0.0,0.0,0.0,0.0,0.0,0.0,0.0,0.0,0.0,0.0,0.0,0.0,0.0,0.0,0.0,0.0,0.0,0.0,0.0,0.0,0.0,0.0,0.0,0.0,0.0,0.0,0.0,0.0,0.0,0.0,0.0,0.0,0.0,0.0,0.0,0.0,0.0,0.0,0.0,0.0,0.0,0.0,0.0,0.0,0.0,0.0,0.0,0.0,0.0,0.0,0.6931471805599453,0.0,0.0,0.0,0.0,0.0,0.0,0.0,0.0,0.0,0.0,0.0,0.0,0.6931471805599453,0.0,0.0,0.0,0.0,0.0,0.0,0.0,0.0,0.0,0.0,0.0,0.0,0.0,0.0,0.0,0.0,0.0,0.0,0.0,0.0,0.0,0.0,0.0,0.0,0.0,0.0,0.0,0.0,0.0,0.0,0.0,0.0,0.0,0.0,0.0,0.0,0.0,0.0,0.0,0.0,0.0,-0.347966616046949,0.0,0.0,0.0,0.0,0.0,0.3953127366441464,0.0,0.0,0.0,0.0,0.0,0.0,0.0,0.0
7.301029995663981,1.1925144413116917,NCCC[C@@H]1NC(=O)CCSCc2cccc(c2)CSC[C@@H](C(N)=O)NC(=O)[C@@H]2CCCC2C(=O)[C@H](Cc2ccc(OCC3CCCCC3)cc2)NC(=O)[C@H](Cc2cnc[nH]2)NC(=O)[C@H](CC(=O)O)NC(=O)[C@H](Cc2c[nH]c3ccc(F)cc23)NC(=O)[C@H](Cc2c[nH]c3ccc(F)cc23)NC(=O)CNC1=O,0.0,0.0,0.0,0.0,0.0,0.0,0.0,0.0,0.0,0.0,0.0,0.0,0.0,0.0,0.0,0.0,0.0,0.0,0.0,0.0,0.0,0.0,0.0,0.0,0.0,0.0,0.0,0.0,0.0,0.0,0.0,0.0,0.0,0.0,0.0,0.0,0.0,0.0,0.0,0.3758744249050815,0.37534873392630286,0.0,0.0,0.4531966352095854,0.0,0.0,0.0,0.0,0.0,0.0,-0.5278976076646383,0.0,0.0,0.0,0.0,0.0,0.0,0.0,0.6931471805599453,0.0,0.0,0.0,0.0,0.0,0.0,0.0,0.6931471805599453,0.0,0.0,0.0,0.0,0.0,0.0,0.0,0.0,0.0,0.0,0.0,0.0,0.0,0.0,0.0,-0.6931471805599453,0.0,0.0,0.0,0.0,0.0,0.0,0.0,0.0,0.0,0.0,0.0,0.0,0.0,0.0,0.0,0.0,0.0,0.0,0.0,0.0,0.0,0.0,0.0,0.0,0.0,0.0,0.0,0.0,0.0,0.0,0.0,0.0,0.0,0.6931471805599453,0.0,0.0,0.0,0.0,0.0,0.0,0.0,0.0,0.0,0.0,0.0,0.0,0.6931471805599453,0.0,0.0,0.0,0.0,0.0,0.0,0.0,0.0,0.0,0.0,0.0,0.0,0.0,0.0,0.0,0.0,0.0,0.0,0.0,0.0,0.0,0.0,0.0,0.0,0.0,0.0,0.0,0.0,0.0,0.0,0.0,0.0,0.0,0.0,0.0,0.0,0.0,0.0,0.0,0.0,0.0,0.04520543676804694,0.0,0.0,0.0,0.0,0.0,-0.05884050002293345,0.0,0.0,0.0,0.0,0.0,0.0,0.0,0.0
6.150514997831991,0.2973629040733618,COc1ccc(C[C@@H]2NC(=O)[C@H](Cc3cnc[nH]3)NC(=O)[C@H](CC(=O)O)NC(=O)[C@H](Cc3c[nH]c4ccc(F)cc34)NC(=O)[C@H](Cc3c[nH]c4ccc(F)cc34)NC(=O)[C@@H](C)NC(=O)[C@H](NC(C)=O)CCCCNC(=O)c3ccc(cc3)C[C@@H](C(N)=O)NC(=O)[C@]3(C)CCCN3C2=O)cc1,0.0,0.0,0.0,0.0,0.0,0.0,0.0,0.0,0.0,0.0,0.0,0.0,0.0,0.0,0.0,0.0,0.0,0.0,0.0,0.0,0.0,0.0,0.0,0.0,0.0,0.0,0.0,0.0,0.0,-0.6931471805599453,0.0,0.6931471805599453,0.0,0.0,0.0,-0.6931471805599453,0.0,0.0,0.0,0.22159893318814058,0.2590860088262802,0.0,0.0,0.0,0.0,0.0,0.0,0.0,0.0,0.0,0.038965968533383785,0.0,0.0,0.0,0.6931471805599453,0.0,0.0,0.0,0.0,0.0,0.0,0.0,0.0,0.0,0.0,0.0,0.0,0.0,0.0,0.0,0.0,0.0,0.0,0.0,0.0,0.0,0.0,0.0,0.0,0.0,0.0,0.0,-0.6931471805599453,0.0,0.0,0.0,0.0,0.0,0.0,0.0,0.0,0.0,0.0,0.0,0.0,0.0,0.0,0.0,0.0,0.0,0.0,0.0,0.0,0.0,0.0,0.0,0.0,0.0,0.0,0.0,0.0,0.0,0.0,0.0,0.0,0.0,0.0,0.0,0.0,0.0,0.0,0.0,0.6931471805599453,0.0,0.0,0.0,0.0,0.0,0.0,0.6931471805599453,0.0,0.0,0.0,0.0,0.0,0.0,0.0,0.0,0.0,0.0,0.0,0.0,0.0,0.0,0.0,0.0,0.0,0.0,0.0,0.0,0.0,0.0,0.0,0.0,0.0,0.0,0.0,0.0,0.0,0.0,0.0,0.0,0.0,0.0,0.0,0.6931471805599453,0.0,0.0,0.0,0.0,0.0,-0.347966616046949,0.0,0.6931471805599453,0.0,0.0,0.0,0.6545323444321648,0.0,0.0,0.0,0.0,0.0,0.0,0.0,0.0
5.183758700008217,1.1925144413116917,CC(=O)N[C@H]1CCCc2cn(nn2)CCC[C@@H](C(N)=O)NC(=O)[C@]2(C)CCCN2C(=O)[C@H](Cc2ccc(O)cc2)NC(=O)[C@H](Cc2cnc[nH]2)NC(=O)[C@H](CC(=O)O)NC(=O)[C@H](Cc2c[nH]c3ccc(F)cc23)NC(=O)[C@H](Cc2c[nH]c3ccc(F)cc23)NC(=O)CNC(=O)[C@H](C)NC1=O,0.0,0.0,0.0,0.0,0.0,0.0,0.0,0.0,0.0,0.0,0.0,0.0,0.0,0.0,0.0,0.0,0.0,0.0,0.0,0.0,0.0,0.0,0.0,0.0,0.0,0.0,0.0,0.0,0.0,-0.6931471805599453,0.0,0.0,0.0,0.0,0.0,-0.6931471805599453,0.0,0.0,0.0,0.11105295721410488,0.11087663101705109,0.0,0.0,0.2038893586045199,0.0,0.0,0.0,0.0,0.0,0.0,-0.05162436540530727,0.0,0.0,0.0,0.0,0.6931471805599453,0.0,0.0,0.0,0.0,0.0,0.0,0.0,0.0,0.0,0.0,0.0,0.0,0.0,0.0,0.0,0.0,0.0,0.0,0.0,0.0,0.0,0.0,0.0,0.0,0.0,0.0,0.0,0.0,0.0,0.0,0.0,0.0,0.0,0.0,0.0,0.0,0.0,0.0,0.0,0.0,0.0,0.0,0.0,0.0,0.0,0.0,0.0,0.0,0.0,0.0,0.0,0.0,0.0,0.0,0.0,0.0,0.0,0.0,0.0,0.0,0.6931471805599453,0.0,0.0,0.0,0.0,0.0,0.0,0.0,0.0,0.0,0.0,0.0,0.0,0.6931471805599453,0.0,0.0,0.0,0.0,0.0,0.0,0.0,0.0,0.0,0.0,0.0,0.0,0.0,0.0,0.0,0.0,0.0,0.0,0.0,0.0,0.0,0.0,0.0,0.0,0.0,0.0,0.0,0.0,0.0,0.0,0.0,0.0,0.0,0.0,0.0,0.0,0.0,0.0,0.0,0.0,0.0,-0.2977468590679224,0.0,0.0,0.0,0.0,0.0,0.3953127366441464,0.0,0.0,0.0,0.0,0.0,0.0,0.0,0.0
7.301029995663981,1.1925144413116917,COc1ccc(C[C@@H]2NC(=O)[C@H]([C@@H](C)OC)NC(=O)[C@H](CCC(=O)O)NC(=O)[C@H](Cc3c[nH]c4ccc(F)cc34)NC(=O)[C@H](Cc3cccc(CN)c3)NC(=O)[C@@H](C)NC(=O)[C@H](C)NC(=O)CCSCc3cccc(c3)CSCCNC(=O)[C@]3(C)CCCN3C2=O)cc1,0.0,0.0,0.0,0.0,0.0,0.0,0.0,0.0,0.0,0.0,0.0,0.0,0.0,0.0,0.0,0.0,0.0,0.0,0.0,-1.1455304055890243,0.0,0.0,0.0,0.0,0.0,0.0,0.0,0.0,0.0,0.0,0.0,0.0,0.0,0.0,0.0,0.0,0.0,0.0,0.0,0.3758744249050815,0.37534873392630286,0.0,0.0,0.4531966352095854,0.0,0.0,0.0,0.0,0.0,0.0,-0.3178515028558288,0.0,0.0,0.0,0.6931471805599453,0.0,0.0,0.0,0.0,0.0,0.0,0.0,0.0,0.0,0.0,0.0,0.6931471805599453,0.0,0.0,0.0,0.0,0.0,0.0,0.0,0.0,0.0,0.0,0.0,0.0,0.0,0.0,-0.6931471805599453,0.0,0.0,0.0,0.0,0.0,0.0,0.0,0.0,0.0,0.0,0.0,0.0,0.0,0.0,0.0,0.0,0.0,0.0,0.0,0.0,0.0,0.0,0.0,0.0,0.0,0.0,0.0,0.0,0.0,0.0,0.0,0.0,0.0,0.0,0.0,0.0,0.0,0.0,0.0,0.0,0.0,0.0,0.0,0.0,0.0,0.0,0.0,0.0,0.0,0.0,0.0,0.0,0.0,0.0,0.0,0.0,0.0,0.0,0.0,0.0,0.0,0.0,0.0,0.0,0.0,0.0,0.0,0.0,0.0,0.0,0.0,0.0,0.0,0.0,0.0,0.0,0.0,0.0,0.0,0.0,0.0,0.0,0.0,0.6931471805599453,0.0,0.0,0.0,0.0,0.0,-0.16971838464062974,0.0,0.0,0.0,0.0,0.0,0.2762533766281582,0.0,0.0,0.0,0.0,0.0,0.0,0.0,0.0
4.449771646944906,1.1925144413116917,COc1ccc(C[C@@H]2NC(=O)[C@H](Cc3c[nH]cn3)NC(=O)[C@H](CC(=O)O)NC(=O)[C@H](Cc3c[nH]c4ccc(F)cc34)NC(=O)[C@H](Cc3c[nH]c4ccc(F)cc34)NC(=O)[C@@H](C3CCCC3)NC(=O)[C@H](CCCCN)NC(=O)CCSCc3cccc(c3)CSCCNC(=O)[C@]3(C)CCCN3C2=O)cc1,0.0,0.0,0.0,0.0,0.0,0.0,0.0,0.0,0.0,0.0,0.0,0.0,0.0,0.0,0.0,0.0,0.0,0.0,0.0,0.0,0.0,0.0,0.0,0.0,0.0,0.6931471805599453,0.0,0.0,0.0,0.0,0.0,0.0,0.0,0.0,0.0,0.0,0.0,0.0,0.0,0.0,0.0,0.0,0.0,0.10130827721874541,0.0,0.0,0.0,0.0,0.0,0.0,-0.38088286470282867,0.0,0.0,0.0,0.0,0.0,0.0,0.0,0.0,0.0,0.0,0.0,0.0,0.0,0.0,0.0,0.0,0.0,0.0,0.0,0.0,0.0,0.0,0.0,0.0,0.0,0.0,0.0,0.0,0.0,0.0,0.0,-0.6931471805599453,0.0,0.0,0.0,0.0,0.0,0.0,0.0,0.0,0.0,0.0,0.0,0.0,0.0,0.0,0.0,0.0,0.0,0.0,0.0,0.0,0.0,0.0,0.0,0.0,0.0,0.0,0.0,0.0,0.0,0.0,0.0,0.0,0.0,0.6931471805599453,0.0,0.0,0.0,0.0,0.0,0.0,0.0,0.0,0.0,0.0,0.0,0.0,0.0,0.0,0.0,0.0,0.0,0.0,0.0,0.0,0.0,0.0,0.0,0.0,0.0,0.0,0.0,0.0,0.0,0.0,0.0,0.0,0.0,0.0,0.0,0.0,0.0,0.0,0.0,0.0,0.0,0.0,0.0,0.0,0.0,0.0,0.0,0.0,0.0,0.0,0.0,0.0,0.0,0.0,-0.1890426574670326,0.0,0.0,0.0,0.0,0.0,-0.2762533766281582,0.0,0.0,0.0,0.0,0.0,0.0,0.0,0.0
4.449771646944906,1.1925144413116917,COc1ccc(C[C@@H]2NC(=O)[C@H](CCCC(=O)O)NC(=O)[C@@H]3C[C@H](N)CN3C(=O)[C@H](Cc3c[nH]c4ccc(F)cc34)NC(=O)[C@H](Cc3c[nH]c4ccc(F)cc34)NC(=O)[C@@H](C)NC(=O)[C@H](C)NC(=O)CCSCc3ccc(cc3)CSCCNC(=O)[C@]3(C)CCCN3C2=O)cc1,0.0,0.0,0.0,0.0,0.0,0.0,0.0,0.0,0.0,0.0,0.0,0.0,0.0,0.0,0.0,0.0,0.0,0.0,0.0,0.0,0.0,0.0,0.0,0.0,0.0,0.0,0.0,0.0,0.0,0.0,0.0,0.0,0.0,0.0,0.0,0.0,0.0,0.0,0.0,0.0,0.0,0.0,0.0,0.10130827721874541,0.0,0.0,0.0,0.0,0.0,0.0,0.227109187707557,0.0,0.0,0.0,0.0,0.0,0.0,0.0,0.0,0.0,0.0,0.0,0.0,0.0,0.0,0.0,0.6931471805599453,0.0,0.0,0.0,0.0,0.0,0.0,0.0,0.0,0.0,0.0,0.0,0.0,0.0,0.0,0.0,-0.6931471805599453,0.0,0.0,0.0,0.0,0.0,0.0,0.0,0.0,0.0,0.0,0.0,0.0,0.0,0.0,0.0,0.0,0.0,0.0,0.0,0.0,0.0,0.0,0.0,0.0,0.0,0.0,0.0,0.0,0.0,0.0,0.0,0.0,0.0,0.0,0.0,0.0,0.0,0.0,0.0,0.0,0.0,0.0,0.0,0.0,0.0,0.0,0.0,0.0,0.0,0.0,0.0,0.0,0.0,0.0,0.0,0.0,0.0,0.0,0.0,0.0,0.0,0.0,0.0,0.0,0.0,0.0,0.0,0.0,0.0,0.0,0.0,0.0,0.0,0.0,0.0,0.0,0.0,0.0,0.0,0.0,0.0,0.0,0.0,0.0,0.0,0.0,0.0,0.0,-0.560441211011591,0.0,0.0,0.0,0.0,0.0,-0.1410785982599055,0.0,0.0,0.0,0.0,0.0,0.0,0.0,0.0
7.301029995663981,1.1925144413116917,COc1ccc(C[C@@H]2NC(=O)[C@@H]([C@@H](C)O)NC(=O)[C@H](CCCC(=O)O)NC(=O)[C@H](Cc3c[nH]c4ccc(F)cc34)NC(=O)[C@H](Cc3cccc(CN)c3)NC(=O)[C@@H](C)NC(=O)[C@H](C)NC(=O)CCSCc3cccc(c3)CSCCNC(=O)[C@]3(C)CCCN3C2=O)cc1,0.0,0.0,0.0,0.0,0.0,0.0,0.0,0.0,0.0,0.0,0.0,0.0,0.0,0.0,0.0,0.0,0.0,0.0,0.0,-1.1455304055890243,0.0,0.0,0.0,0.0,0.0,0.0,0.0,0.0,0.0,0.0,0.0,0.0,0.0,0.0,0.0,0.0,0.0,0.0,0.0,0.3758744249050815,0.37534873392630286,0.0,0.0,0.4531966352095854,0.0,0.0,0.0,0.0,0.0,0.0,-0.2959261422268631,0.0,0.0,0.0,0.6931471805599453,0.0,0.0,0.0,0.0,0.0,0.0,0.0,0.0,0.0,0.0,0.0,0.6931471805599453,0.0,0.0,0.0,0.0,0.0,0.0,0.0,0.0,0.0,0.0,0.0,0.0,0.0,0.0,-0.6931471805599453,0.0,0.0,0.0,0.0,0.0,0.0,0.0,0.0,0.0,0.0,0.0,0.0,0.0,0.0,0.0,0.0,0.0,0.0,0.0,0.0,0.0,0.0,0.0,0.0,0.0,0.0,0.0,0.0,0.0,0.0,0.0,0.0,0.0,0.0,0.0,0.0,0.0,0.0,0.0,0.0,0.0,0.0,0.0,0.0,0.0,0.0,0.0,0.0,0.0,0.0,0.0,0.0,0.0,0.0,0.0,0.0,0.0,0.0,0.0,0.0,0.0,0.0,0.0,0.0,0.0,0.0,0.0,0.0,0.0,0.0,0.0,0.0,0.0,0.0,0.0,0.0,0.0,0.0,0.0,0.0,0.0,0.0,0.0,0.6931471805599453,0.0,0.0,0.0,0.0,0.0,-0.23578013531872155,0.0,0.0,0.0,0.0,0.0,0.08701137698962977,0.0,0.0,0.0,0.0,0.0,0.0,0.0,0.0
6.150514997831991,0.2973629040733618,COc1ccc(C[C@@H]2NC(=O)[C@H](Cc3cnc[nH]3)NC(=O)[C@H](CC(=O)O)NC(=O)[C@H](Cc3c[nH]c4ccc(F)cc34)NC(=O)[C@H](Cc3c[nH]c4ccc(F)cc34)NC(=O)[C@@H](C)NC(=O)[C@H](CCCCN)NC(=O)[C@@H](NC(C)=O)CC(=O)NCc3ccc(cc3)C[C@@H](C(N)=O)NC(=O)[C@]3(C)CCCN3C2=O)cc1,0.0,0.0,0.0,0.0,0.0,0.0,0.0,0.0,0.0,0.0,0.0,0.0,0.0,0.0,0.0,0.0,0.0,0.0,0.0,0.0,0.0,0.0,0.0,0.0,0.0,0.0,0.0,0.0,0.0,0.0,0.0,0.0,0.0,0.0,0.0,-0.6931471805599453,0.0,0.0,0.0,0.22159893318814058,0.2590860088262802,0.0,0.0,0.0,0.0,0.0,0.0,0.0,0.0,0.0,0.10668414258833474,0.0,0.0,0.0,0.6931471805599453,0.0,0.0,0.0,0.0,0.0,0.0,0.0,0.0,0.0,0.0,0.0,0.0,0.0,0.0,0.0,0.0,0.0,0.0,0.0,0.0,0.0,0.0,0.0,0.0,0.0,0.0,0.0,0.0,0.0,0.0,0.0,0.0,0.0,0.0,0.0,0.0,0.0,0.0,0.0,0.0,0.0,0.0,0.0,0.0,0.0,0.0,0.0,0.0,0.0,0.0,0.0,0.0,0.0,0.0,0.0,0.0,0.0,0.0,0.0,0.0,0.0,0.0,0.0,0.0,0.0,0.0,0.0,0.0,0.0,0.0,0.0,0.0,0.0,0.0,0.6931471805599453,0.0,0.0,0.0,0.0,0.0,0.0,0.0,0.0,0.0,0.0,0.0,0.0,0.0,0.0,0.0,0.0,0.0,0.0,0.0,0.0,0.0,0.0,0.0,0.0,0.0,0.0,0.0,0.0,0.0,0.0,0.0,0.0,0.0,0.0,0.0,0.6931471805599453,0.0,0.0,0.0,0.0,0.0,-0.07781702235680672,0.0,0.0,0.0,0.0,0.0,0.5894687510851038,0.0,0.0,0.0,0.0,0.0,0.0,0.0,0.0
7.301029995663981,1.1925144413116917,COc1ccc(C[C@@H]2NC(=O)[C@H](Cc3cnc[nH]3)NC(=O)[C@H](CC(=O)O)NC(=O)[C@H](Cc3c[nH]c4ccc(F)cc34)NC(=O)[C@H](Cc3c[nH]c4ccc(F)cc34)NC(=O)[C@@H](C)NC(=O)[C@H](CCCCN)NC(=O)[C@@H](NC(C)=O)CC(=O)NCCOc3ccc(cc3)C[C@@H](C(N)=O)NC(=O)[C@]3(C)CCCN3C2=O)cc1,0.7148462081390736,0.0,0.0,0.0,0.0,0.0,0.0,0.0,0.0,0.0,0.0,0.0,0.0,0.0,0.0,0.0,0.0,0.0,0.0,0.0,0.0,0.0,0.0,0.0,0.0,0.0,0.0,0.0,0.0,0.0,0.0,0.0,0.0,0.0,0.0,-0.6931471805599453,0.0,0.0,0.0,0.3758744249050815,0.37534873392630286,0.0,0.0,0.4531966352095854,0.0,0.0,0.0,0.0,0.0,0.0,0.10370351445019693,0.0,0.0,0.0,0.0,0.0,0.0,0.0,0.0,0.0,0.0,0.0,0.0,0.0,0.0,0.0,0.0,0.0,0.0,0.0,0.0,0.0,0.0,0.0,0.0,0.0,0.0,0.0,0.0,0.0,0.0,0.0,-0.6931471805599453,0.0,0.0,0.0,0.0,0.0,0.0,0.0,0.0,0.0,0.0,0.0,0.0,0.0,0.0,0.0,0.0,0.0,0.0,0.0,0.0,0.0,0.0,0.0,0.0,0.0,0.0,0.0,0.0,0.0,0.0,0.0,0.0,0.0,0.0,0.0,0.0,0.0,0.0,0.0,0.0,0.0,0.0,0.0,0.0,0.0,0.0,0.6931471805599453,0.0,0.0,0.0,0.0,0.0,0.0,0.0,0.0,0.0,0.0,0.0,0.0,0.0,0.0,0.0,0.0,0.0,0.0,0.0,0.0,0.0,0.0,0.0,0.0,0.0,0.0,0.0,0.0,0.0,0.0,0.0,0.0,0.0,0.0,0.0,0.0,0.0,0.0,0.0,0.0,0.0,-0.011494379425733876,0.0,0.0,0.0,0.0,0.0,0.6061358035703155,0.0,0.0,0.0,0.0,0.0,0.0,0.0,0.0
6.150514997831991,0.2973629040733618,COc1ccc(C[C@@H]2NC(=O)[C@H](Cc3cnc[nH]3)NC(=O)[C@H](CC(=O)O)NC(=O)[C@H](Cc3c[nH]c4cc(F)ccc34)NC(=O)[C@H](Cc3c[nH]c4ccc(F)cc34)NC(=O)[C@@H](C)NC(=O)CCCCCNC(=O)c3ccc(cc3)C[C@@H](C(N)=O)NC(=O)[C@]3(C)CCCN3C2=O)cc1,0.0,0.0,0.0,0.0,0.0,0.0,0.0,0.0,0.0,0.0,0.0,0.0,0.0,0.0,0.0,0.0,0.0,0.0,0.0,0.0,0.0,0.0,0.0,0.0,0.0,0.0,0.0,0.0,0.0,-0.6931471805599453,0.0,0.6931471805599453,0.0,0.0,0.0,-0.6931471805599453,0.0,0.0,0.0,0.22159893318814058,0.2590860088262802,0.0,0.0,0.0,0.0,0.0,0.0,0.0,0.0,0.0,0.07953315352238387,0.0,0.0,0.0,0.6931471805599453,0.0,0.0,0.0,0.0,0.0,0.0,0.0,0.0,0.0,0.0,0.0,0.0,0.0,0.0,0.0,0.0,0.0,0.0,0.0,0.0,0.0,0.0,0.0,0.0,0.0,0.0,0.0,-0.6931471805599453,0.0,0.0,0.0,0.0,0.0,0.0,0.0,0.0,0.0,0.0,0.0,0.0,0.0,0.0,0.0,0.0,0.0,0.0,0.0,0.0,0.0,0.0,0.0,0.0,0.0,0.0,0.0,0.0,0.0,0.0,0.0,0.0,0.0,0.0,0.0,0.0,0.0,0.0,0.0,0.6931471805599453,0.0,0.0,0.0,0.0,0.0,0.0,0.6931471805599453,0.0,0.0,0.0,0.0,0.0,0.0,0.0,0.0,0.0,0.0,0.0,0.0,0.0,0.0,0.0,0.0,0.0,0.0,0.0,0.0,0.0,0.0,0.0,0.0,0.0,0.0,0.0,0.0,0.0,0.0,0.0,0.0,0.0,0.0,0.0,0.6931471805599453,0.0,0.0,0.0,0.0,0.0,-0.47072591168956074,0.0,0.6931471805599453,0.0,0.0,0.0,0.528844129268669,0.0,0.0,0.0,0.0,0.0,0.0,0.0,0.0
6.150514997831991,0.2973629040733618,CC(=O)N[C@H]1CNC(=O)COc2ccc(cc2)C[C@@H](C(N)=O)NC(=O)[C@]2(C)CCCN2C(=O)[C@H](Cc2ccc(O)cc2)NC(=O)[C@H](Cc2cnc[nH]2)NC(=O)[C@H](CC(=O)O)NC(=O)[C@H](Cc2c[nH]c3ccc(F)cc23)NC(=O)[C@H](Cc2c[nH]c3ccc(F)cc23)NC(=O)CNC(=O)[C@H](C)NC1=O,0.7148462081390736,0.0,0.0,0.0,0.0,0.0,0.0,0.0,0.0,0.0,0.0,0.0,0.0,0.0,0.0,0.0,0.0,0.0,0.0,0.0,0.0,0.0,0.0,0.0,0.0,0.0,0.0,0.0,0.0,0.0,0.0,0.0,0.0,0.0,0.0,0.0,0.0,0.0,0.0,0.22159893318814058,0.2590860088262802,0.0,0.0,0.0,0.0,0.0,0.0,0.0,0.0,0.0,0.07953315352238387,0.0,0.0,0.0,0.0,0.0,0.0,0.0,0.0,0.0,0.0,0.0,0.0,0.0,0.0,0.0,0.0,0.6931471805599453,0.0,0.0,0.0,0.0,0.0,0.0,0.0,0.0,0.0,0.0,0.0,0.0,0.0,0.0,-0.6931471805599453,0.0,0.0,0.0,0.0,0.0,0.0,0.0,0.0,0.0,0.0,0.0,0.0,0.0,0.0,0.0,0.0,0.0,0.0,0.0,0.0,0.0,0.0,0.0,0.0,0.0,0.0,0.0,0.0,0.0,0.0,0.0,0.0,0.0,0.0,0.0,0.0,0.0,0.0,0.0,0.0,0.0,0.0,0.0,0.0,0.0,0.0,0.6931471805599453,0.0,0.0,0.0,0.0,0.0,0.0,0.0,0.0,0.0,0.0,0.0,0.0,0.0,0.0,0.0,0.0,0.0,0.0,0.0,0.0,0.0,0.0,0.0,0.0,0.0,0.0,0.0,0.0,0.0,0.0,0.0,0.0,0.0,0.0,0.0,0.0,0.0,0.0,0.0,0.0,0.0,-0.4264382314884444,0.0,0.0,0.0,0.0,0.0,0.8792494601938052,0.0,0.0,0.0,0.0,0.0,0.0,0.0,0.0
6.150514997831991,0.2973629040733618,CC(=O)N[C@H]1CCNC(=O)COc2ccc(cc2)C[C@@H](C(N)=O)NC(=O)[C@]2(C)CCCN2C(=O)[C@H](Cc2ccc(O)cc2)NC(=O)[C@H](Cc2cnc[nH]2)NC(=O)[C@H](CC(=O)O)NC(=O)[C@H](Cc2c[nH]c3ccc(F)cc23)NC(=O)[C@H](Cc2c[nH]c3ccc(F)cc23)NC(=O)CNC(=O)[C@H](C)NC1=O,0.7148462081390736,0.0,0.0,0.0,0.0,0.0,0.0,0.0,0.0,0.0,0.0,0.0,0.0,0.0,0.0,0.0,0.0,0.0,0.0,0.0,0.0,0.0,0.0,0.0,0.0,0.0,0.0,0.0,0.0,-0.6931471805599453,0.0,0.0,0.0,0.0,0.0,0.0,0.0,0.0,0.0,0.22159893318814058,0.2590860088262802,0.0,0.0,0.0,0.0,0.0,0.0,0.0,0.0,0.0,0.067225305847787,0.0,0.0,0.0,0.0,0.0,0.0,0.0,0.0,0.0,0.0,0.0,0.0,0.0,0.0,0.0,0.0,0.6931471805599453,0.0,0.0,0.0,0.0,0.0,0.0,0.0,0.0,0.0,0.0,0.0,0.0,0.0,0.0,-0.6931471805599453,0.0,0.0,0.0,0.0,0.0,0.0,0.0,0.0,0.0,0.0,0.0,0.0,0.0,0.0,0.0,0.0,0.0,0.0,0.0,0.0,0.0,0.0,0.0,0.0,0.0,0.0,0.0,0.0,0.0,0.0,0.0,0.0,0.0,0.0,0.0,0.0,0.0,0.0,0.0,0.0,0.0,0.0,0.0,0.0,0.0,0.0,0.6931471805599453,0.0,0.0,0.0,0.0,0.0,0.0,0.0,0.0,0.0,0.0,0.0,0.0,0.0,0.0,0.0,0.0,0.0,0.0,0.0,0.0,0.0,0.0,0.0,0.0,0.0,0.0,0.0,0.0,0.0,0.0,0.0,0.0,0.0,0.0,0.0,0.0,0.0,0.0,0.0,0.0,0.0,-0.22660575904268127,0.0,0.0,0.0,0.0,0.0,0.8209805520698296,0.0,0.0,0.0,0.0,0.0,0.0,0.0,0.0
4.449771646944906,1.1925144413116917,COc1ccc(C[C@@H]2NC(=O)[C@H](Cc3cnc[nH]3)NC(=O)[C@H](CC(=O)O)NC(=O)[C@H](Cc3c[nH]c4ccc(F)cc34)NC(=O)[C@H](Cc3c[nH]c4ccc(F)cc34)NC(=O)[C@@H](C)NC(=O)[C@H](CCCCN)NC(=O)[C@@H](NC(C)=O)CCCc3cn(nn3)-c3ccc(cc3)C[C@@H](C(N)=O)NC(=O)[C@]3(C)CCCN3C2=O)cc1,0.7093123221826213,0.0,0.0,0.0,0.0,0.0,0.0,0.6931471805599453,0.0,0.0,0.0,0.0,0.0,0.0,0.0,0.0,0.0,0.0,0.0,0.7506846340696651,0.0,0.0,0.0,0.0,0.0,0.0,0.0,0.0,0.0,-0.6931471805599453,0.0,0.0,0.0,0.0,0.0,-0.6931471805599453,0.0,0.0,0.0,0.0,0.0,0.0,0.0,0.10130827721874541,0.0,0.0,0.0,0.0,0.0,0.0,0.10668414258833474,0.0,0.0,0.0,0.0,0.0,0.0,0.0,0.6931471805599453,0.0,0.0,0.0,0.0,0.0,0.0,0.0,0.0,0.6931471805599453,0.0,0.0,0.0,0.0,0.0,0.0,0.0,0.0,0.0,0.0,0.0,0.0,0.0,0.0,0.0,0.0,0.0,0.0,0.0,0.0,0.0,0.0,0.0,0.0,0.0,0.0,0.0,0.0,0.0,0.0,0.0,0.0,0.0,0.0,0.0,0.0,0.0,0.0,0.0,0.0,0.0,0.0,0.0,0.0,0.0,0.0,0.0,0.0,0.6931471805599453,0.0,0.0,0.6931471805599453,0.0,0.0,0.0,0.0,0.0,0.0,0.0,0.0,0.0,0.6931471805599453,0.0,0.0,0.0,0.0,0.0,0.0,0.0,0.0,0.0,0.0,0.0,0.0,0.0,0.0,0.0,0.0,0.0,0.0,0.0,0.0,0.0,0.0,0.0,0.0,0.0,0.0,0.0,0.0,0.0,0.0,0.0,0.0,0.0,0.0,0.0,0.0,0.0,0.0,0.0,0.0,0.0,-0.10939859440710693,0.0,0.0,0.0,0.0,0.0,0.3321338350226148,0.0,0.0,0.0,0.0,0.0,0.0,0.0,0.0
4.449771646944906,1.1925144413116917,C[C@@]12CCCN1C(=O)[C@H](Cc1ccc(O)cc1)NC(=O)[C@H](Cc1cnc[nH]1)NC(=O)[C@H](CC(=O)O)NC(=O)[C@H](Cc1c[nH]c3ccc(F)cc13)NC(=O)[C@H](Cc1c[nH]c3ccc(F)cc13)NC(=O)CNC(=O)[C@@H](CN)NC(=O)CCSCc1cccc(c1)CSC[C@@H](C(N)=O)NC2=O,0.0,0.0,0.0,0.0,0.0,0.0,0.0,0.0,0.0,0.0,0.0,0.0,0.0,0.0,0.0,0.0,0.0,0.0,0.0,0.0,0.0,0.0,0.0,0.0,0.0,0.0,0.0,0.0,0.0,0.0,0.0,0.0,0.0,0.0,0.0,0.0,0.0,0.0,0.0,0.0,0.0,0.0,0.0,0.10130827721874541,0.0,0.0,0.0,0.0,0.0,0.0,-0.3672152259741649,0.0,0.0,0.0,0.0,0.0,0.0,0.0,0.0,0.0,0.0,0.0,0.0,0.0,0.0,0.0,0.0,0.0,0.0,0.0,0.0,0.0,0.0,0.0,0.0,0.0,0.0,0.0,0.0,0.0,0.0,0.0,-0.6931471805599453,0.0,0.0,0.0,0.0,0.0,0.0,0.0,0.0,0.0,0.0,0.0,0.0,0.0,0.0,0.0,0.0,0.0,0.0,0.0,0.0,0.0,0.0,0.0,0.0,0.0,0.0,0.0,0.0,0.0,0.0,0.0,0.0,0.0,0.0,0.0,0.0,0.0,0.0,0.0,0.0,0.0,0.0,0.0,0.0,0.0,0.0,0.6931471805599453,0.0,0.0,0.0,0.0,0.0,0.0,0.0,0.0,0.0,0.0,0.0,0.0,0.0,0.0,0.0,0.0,0.0,0.0,0.0,0.0,0.0,0.0,0.0,0.0,0.0,0.0,0.0,0.0,0.0,0.0,0.0,0.0,0.0,0.0,0.0,0.0,0.0,0.0,0.0,0.0,0.0,-0.03409421134297492,0.0,0.0,0.0,0.0,0.0,0.34294475112683037,0.0,0.0,0.0,0.0,0.0,0.0,0.0,0.0
6.259637310505756,1.1925144413116917,C[C@@]12CCCN1C(=O)[C@H](Cc1ccc(O)cc1)NC(=O)[C@H](Cc1cnc[nH]1)NC(=O)[C@H](CC(=O)O)NC(=O)[C@H](Cc1c[nH]c3ccc(F)cc13)NC(=O)[C@H](Cc1c[nH]c3ccc(F)cc13)NC(=O)CNC(=O)[C@@H](CCN)NC(=O)CCSCc1cccc(c1)CSC[C@@H](C(N)=O)NC2=O,0.0,0.0,0.0,0.0,0.0,0.0,0.0,0.0,0.0,0.0,0.0,0.0,0.0,0.0,0.0,0.0,0.0,0.0,0.0,0.0,0.0,0.0,0.0,0.0,0.0,0.0,0.0,0.0,0.0,0.0,0.0,0.0,0.0,0.0,0.0,0.0,0.0,0.0,0.0,0.2543463885567357,0.25396960936753976,0.0,0.0,0.3386293396892764,0.0,0.0,0.0,0.0,0.0,0.0,-0.3763477095374374,0.0,0.0,0.0,0.0,0.0,0.0,0.0,0.0,0.0,0.0,0.0,0.0,0.0,0.0,0.0,0.0,0.0,0.0,0.0,0.0,0.0,0.0,0.0,0.0,0.0,0.0,0.0,0.0,0.0,0.0,0.0,-0.6931471805599453,0.0,0.0,0.0,0.0,0.0,0.0,0.0,0.0,0.0,0.0,0.0,0.0,0.0,0.0,0.0,0.0,0.0,0.0,0.0,0.0,0.0,0.0,0.0,0.0,0.0,0.0,0.0,0.0,0.0,0.0,0.0,0.0,0.0,0.0,0.0,0.0,0.0,0.0,0.0,0.0,0.0,0.0,0.0,0.0,0.0,0.0,0.6931471805599453,0.0,0.0,0.0,0.0,0.0,0.0,0.0,0.0,0.0,0.0,0.0,0.0,0.0,0.0,0.0,0.0,0.0,0.0,0.0,0.0,0.0,0.0,0.0,0.0,0.0,0.0,0.0,0.0,0.0,0.0,0.0,0.0,0.0,0.0,0.0,0.0,0.0,0.0,0.0,0.0,0.0,0.15991438454400775,0.0,0.0,0.0,0.0,0.0,0.25299651446389093,0.0,0.0,0.0,0.0,0.0,0.0,0.0,0.0
6.150514997831991,0.2973629040733618,C[C@@]12CCCN1C(=O)[C@H](Cc1ccc(O)cc1)NC(=O)[C@H](Cc1cnc[nH]1)NC(=O)[C@H](CC(=O)O)NC(=O)[C@H](Cc1c[nH]c3ccc(F)cc13)NC(=O)[C@H](Cc1c[nH]c3ccc(F)cc13)NC(=O)CNC(=O)[C@@H](CCCN)NC(=O)CCSCc1cccc(c1)CSC[C@@H](C(N)=O)NC2=O,0.0,0.0,0.0,0.0,0.0,0.0,0.0,0.0,0.0,0.0,0.0,0.0,0.0,0.0,0.0,0.0,0.0,0.0,0.0,0.0,0.0,0.0,0.0,0.0,0.0,0.0,0.0,0.0,0.0,0.0,0.0,0.0,0.0,0.0,0.0,0.0,0.0,0.0,0.0,0.22159893318814058,0.2590860088262802,0.0,0.0,0.0,0.0,0.0,0.0,0.0,0.0,0.0,-0.37861785807197657,0.0,0.0,0.0,0.0,0.0,0.0,0.0,0.0,0.0,0.0,0.0,0.0,0.0,0.0,0.0,0.0,0.0,0.0,0.0,0.0,0.0,0.0,0.0,0.0,0.0,0.0,0.0,0.0,0.0,0.0,0.0,-0.6931471805599453,0.0,0.0,0.0,0.0,0.0,0.0,0.0,0.0,0.0,0.0,0.0,0.0,0.0,0.0,0.0,0.0,0.0,0.0,0.0,0.0,0.0,0.0,0.0,0.0,0.0,0.0,0.0,0.0,0.0,0.0,0.0,0.0,0.0,0.0,0.0,0.0,0.0,0.0,0.0,0.0,0.0,0.0,0.0,0.0,0.0,0.0,0.6931471805599453,0.0,0.0,0.0,0.0,0.0,0.0,0.0,0.0,0.0,0.0,0.0,0.0,0.0,0.0,0.0,0.0,0.0,0.0,0.0,0.0,0.0,0.0,0.0,0.0,0.0,0.0,0.0,0.0,0.0,0.0,0.0,0.0,0.0,0.0,0.0,0.0,0.0,0.0,0.0,0.0,0.0,0.11970796406596934,0.0,0.0,0.0,0.0,0.0,0.16705408466316618,0.0,0.0,0.0,0.0,0.0,0.0,0.0,0.0
5.183758700008217,1.1925144413116917,Cc1cc2cc(c1)CSC[C@@H](C(N)=O)NC(=O)[C@]1(C)CCCN1C(=O)[C@H](Cc1ccc(O)cc1)NC(=O)[C@H](Cc1c[nH]cn1)NC(=O)[C@H](CC(=O)O)NC(=O)[C@H](Cc1c[nH]c3ccc(F)cc13)NC(=O)[C@H](Cc1c[nH]c3ccc(F)cc13)NC(=O)CNC(=O)[C@H](CCCCN)NC(=O)CCSC2,0.0,0.0,0.0,0.0,0.0,0.0,0.0,0.0,0.0,0.0,0.0,0.0,0.0,0.0,0.0,0.0,0.0,0.0,0.0,0.0,0.0,0.0,0.0,0.0,0.0,0.0,0.0,0.0,0.0,0.0,0.0,0.0,0.0,0.0,0.0,0.0,0.0,0.0,0.0,0.11105295721410488,0.11087663101705109,0.0,0.0,0.2038893586045199,0.0,0.0,0.0,0.0,0.0,0.0,-0.37407239570030193,0.0,0.0,0.0,0.0,0.0,0.0,0.0,0.0,0.0,0.0,0.0,0.0,0.0,0.0,0.0,0.0,0.0,0.0,0.0,0.0,0.0,0.0,0.0,0.0,0.0,0.0,0.0,0.0,0.0,0.0,0.0,-0.6931471805599453,0.0,0.0,0.0,0.0,0.0,0.0,0.0,0.0,0.0,0.0,0.0,0.0,0.0,0.0,0.0,0.0,0.0,0.0,0.0,0.0,0.0,0.0,0.0,0.0,0.0,0.0,0.0,0.0,0.0,0.0,0.0,0.0,0.0,0.0,0.0,0.0,0.0,0.0,0.0,0.0,0.0,0.0,0.0,0.0,0.0,0.0,0.6931471805599453,0.0,0.0,0.0,0.0,0.0,0.0,0.0,0.0,0.0,0.0,0.0,0.0,0.0,0.0,0.0,0.0,0.0,0.0,0.0,0.0,0.0,0.0,0.0,0.0,0.0,0.0,0.0,0.0,0.0,0.0,0.0,0.0,0.0,0.0,0.0,0.0,0.0,0.0,0.0,0.0,0.0,0.14001323022671278,0.0,0.0,0.0,0.0,0.0,0.0,0.0,0.0,0.0,0.0,0.0,0.0,0.0,0.0
7.301029995663981,1.1925144413116917,C[C@@]12CCCN1C(=O)[C@H](Cc1ccc(O)cc1)NC(=O)[C@H](Cc1c[nH]cn1)NC(=O)[C@H](CC(=O)O)NC(=O)[C@H](Cc1c[nH]c3ccc(F)cc13)NC(=O)[C@H](Cc1c[nH]c3ccc(F)cc13)NC(=O)CNC(=O)[C@H](CCCCN)NC(=O)CCSCc1cc(Cl)cc(c1)CSC[C@@H](C(N)=O)NC2=O,0.0,0.0,0.0,0.0,0.0,0.0,0.0,0.0,0.0,0.0,0.0,0.0,0.0,0.0,0.0,0.0,0.0,0.0,0.0,0.0,0.0,0.0,0.0,0.0,0.0,0.0,0.0,0.0,0.0,0.0,0.0,0.0,0.0,0.0,0.0,0.0,0.0,0.0,0.0,0.3758744249050815,0.37534873392630286,0.0,0.0,0.4531966352095854,0.0,0.0,0.0,0.0,0.0,0.0,-0.48397837372980274,0.0,0.0,0.0,0.0,0.0,0.0,0.0,0.0,0.0,0.0,0.0,0.0,0.0,0.0,0.0,0.0,0.0,0.0,0.0,0.0,0.0,0.0,0.0,0.0,0.0,0.0,0.0,0.0,0.0,0.0,0.0,-0.6931471805599453,0.0,0.0,0.0,0.0,0.0,0.0,0.0,0.0,0.0,0.0,0.0,0.0,0.0,0.0,0.0,0.0,0.0,0.0,0.0,0.0,0.0,0.0,0.0,0.0,0.0,0.0,0.0,0.0,0.0,0.0,0.0,0.0,0.0,0.6931471805599453,0.0,0.0,0.0,0.0,0.0,0.0,0.0,0.0,0.0,0.0,0.0,0.0,0.6931471805599453,0.0,0.0,0.0,0.0,0.0,0.0,0.0,0.0,0.0,0.0,0.0,0.0,0.0,0.0,0.0,0.0,0.0,0.0,0.0,0.0,0.0,0.0,0.0,0.0,0.0,0.0,0.0,0.0,0.0,0.0,0.0,0.0,0.0,0.0,0.0,0.0,0.0,0.0,0.0,0.0,0.0,0.11970796406596934,0.0,0.6931471805599453,0.0,0.0,0.0,0.1410785982599055,0.0,0.0,0.0,0.0,0.0,0.0,0.0,0.0
7.301029995663981,1.1925144413116917,C[C@@]12CCCN1C(=O)[C@H](Cc1ccc(O)cc1)NC(=O)[C@H](Cc1c[nH]cn1)NC(=O)[C@H](CC(=O)O)NC(=O)[C@H](Cc1c[nH]c3ccc(F)cc13)NC(=O)[C@H](Cc1c[nH]c3ccc(F)cc13)NC(=O)CNC(=O)[C@H](CCCCN)NC(=O)CCSCc1cc(O)cc(c1)CSC[C@@H](C(N)=O)NC2=O,0.7148462081390736,0.0,0.0,0.0,0.0,0.0,0.0,0.0,0.0,0.0,0.0,0.0,0.0,0.0,0.0,0.0,0.0,0.0,0.0,0.0,0.0,0.0,0.0,0.0,0.0,0.0,0.0,0.0,0.0,0.0,0.0,0.0,0.0,0.0,0.0,0.0,0.0,0.0,0.0,0.3758744249050815,0.37534873392630286,0.0,0.0,0.4531966352095854,0.0,0.0,0.0,0.0,0.0,0.0,-0.36491901371381463,0.0,0.0,0.0,0.6931471805599453,0.0,0.0,0.0,0.0,0.0,0.0,0.0,0.0,0.0,0.0,0.0,0.0,0.0,0.0,0.0,0.0,0.0,0.0,0.0,0.0,0.0,0.0,0.0,0.0,0.0,0.0,0.0,-0.6931471805599453,0.0,0.0,0.0,0.0,0.0,0.0,0.0,0.0,0.0,0.0,0.0,0.0,0.0,0.0,0.0,0.0,0.0,0.0,0.0,0.0,0.0,0.0,0.0,0.0,0.0,0.0,0.0,0.0,0.0,0.0,0.0,0.0,0.0,0.0,0.0,0.0,0.0,0.0,0.0,0.0,0.0,0.0,0.0,0.0,0.0,0.0,0.6931471805599453,0.0,0.0,0.0,0.0,0.0,0.0,0.0,0.0,0.0,0.0,0.0,0.0,0.0,0.0,0.0,0.0,0.0,0.0,0.0,0.0,0.0,0.0,0.0,0.0,0.0,0.0,0.0,0.0,0.0,0.0,0.0,0.0,0.0,0.0,0.0,0.0,0.0,0.0,0.0,0.0,0.0,0.022858138076050267,0.0,0.0,0.0,0.0,0.0,0.0,0.0,0.0,0.0,0.0,0.0,0.0,0.0,0.0
7.301029995663981,1.1925144413116917,C[C@@]12CCCN1C(=O)[C@H](Cc1c[nH]c3ncccc13)NC(=O)[C@H](Cc1cnc[nH]1)NC(=O)[C@H](CC(=O)O)NC(=O)[C@H](Cc1c[nH]c3ccc(F)cc13)NC(=O)[C@H](Cc1c[nH]c3ccc(F)cc13)NC(=O)CNC(=O)[C@H](CCCCN)NC(=O)CCSCc1cccc(c1)CSC[C@@H](C(N)=O)NC2=O,-0.7148462436713207,0.0,0.0,0.0,0.0,0.0,0.0,0.0,0.0,0.0,0.0,0.0,0.0,0.0,0.0,0.0,0.0,0.0,0.0,1.1536582250288527,0.0,0.0,0.0,0.0,0.0,0.0,0.0,0.0,0.0,0.0,0.0,0.0,0.0,0.0,0.0,0.0,0.0,0.0,0.0,0.3758744249050815,0.37534873392630286,0.0,0.0,0.4531966352095854,0.0,0.0,0.0,0.0,0.0,0.0,-0.37407239570030193,0.0,0.0,0.0,0.0,0.0,0.0,0.0,0.0,0.0,0.0,0.0,0.0,0.0,0.0,0.0,0.0,0.0,0.0,0.0,0.0,0.0,0.0,0.0,0.0,0.0,0.0,0.0,0.0,0.0,0.0,0.0,0.0,0.0,0.0,0.0,0.0,0.0,0.0,0.0,0.0,0.0,0.0,0.0,0.0,0.0,0.0,0.0,0.0,-0.6931471805599453,0.0,0.0,0.0,0.0,0.0,0.0,0.0,0.0,0.0,0.0,0.0,0.0,0.0,0.0,0.0,0.0,0.0,-0.6931471805599453,0.0,0.0,0.0,0.0,0.0,0.0,0.0,0.0,0.0,0.0,0.0,0.6931471805599453,0.0,0.0,0.0,0.0,0.0,0.0,0.0,0.0,0.0,0.0,0.0,0.0,0.0,0.0,0.0,0.0,0.0,0.0,0.0,0.0,0.0,0.0,0.0,0.0,0.0,0.0,0.0,0.0,0.0,0.0,0.0,0.0,0.0,0.0,0.0,0.0,0.0,0.0,0.0,0.0,0.0,0.3957844903974419,0.0,0.0,0.0,0.0,0.0,0.015037877364540516,0.0,0.0,0.0,0.0,0.0,0.0,0.0,0.0
7.301029995663981,1.1925144413116917,C[C@H]1NC(=O)[C@H](CCCCN)NC(=O)CCSCc2cccc(c2)CSC[C@@H](C(N)=O)NC(=O)[C@]2(C)CCCN2C(=O)[C@H](Cc2ccc(O)cc2)NC(=O)[C@H](Cc2cnc[nH]2)NC(=O)[C@H](C(C)(C)C(=O)O)NC(=O)[C@H](Cc2c[nH]c3ccc(F)cc23)NC(=O)[C@H](Cc2c[nH]c3ccc(F)cc23)NC1=O,0.0,0.0,0.0,0.0,0.0,0.0,0.0,0.0,0.0,0.0,0.0,0.0,0.0,0.0,0.0,0.0,0.0,0.0,0.0,0.0,0.0,0.0,0.0,0.0,0.0,0.0,0.0,0.0,0.0,0.0,0.0,0.0,0.0,0.0,0.0,0.0,0.0,0.0,0.0,0.3758744249050815,0.37534873392630286,0.0,0.0,0.4531966352095854,0.0,0.0,0.0,0.0,0.0,0.0,-0.4142563735193351,0.0,0.0,0.0,0.0,0.0,0.0,0.0,0.6931471805599453,0.0,0.0,0.0,0.0,0.0,0.0,0.0,0.0,0.0,0.0,0.0,0.0,0.0,0.0,0.0,0.0,0.0,0.0,0.0,0.0,0.0,0.0,0.0,-0.6931471805599453,0.0,0.0,0.0,0.0,0.0,0.0,0.0,0.0,0.0,0.0,0.0,0.0,0.0,0.0,0.0,0.0,0.0,0.0,0.0,0.0,0.0,0.0,0.0,0.0,0.0,0.0,0.0,0.0,0.0,0.0,0.0,0.0,0.0,0.0,0.0,0.0,0.0,0.0,0.0,0.0,0.0,0.0,0.0,0.0,0.0,0.0,0.6931471805599453,0.0,0.0,0.0,0.0,0.0,0.0,0.0,0.0,0.0,0.0,0.0,0.0,0.0,0.0,0.0,0.0,0.0,0.0,0.0,0.0,0.0,0.0,0.0,0.0,0.0,0.0,0.0,0.0,0.0,0.0,0.0,0.0,0.0,0.0,0.0,0.0,0.0,0.0,0.0,0.0,0.0,0.10939859440710693,0.0,0.0,0.0,0.0,0.0,-0.19237189264745608,0.0,0.0,0.0,0.0,0.0,0.0,0.0,0.0
7.301029995663981,1.1925144413116917,COc1ccc(C[C@H]2NC(=O)[C@@H](Cc3c[nH]cn3)NC(=O)[C@@H](CC(=O)O)NC(=O)[C@@H](Cc3c[nH]c4ccc(F)cc34)NC(=O)[C@@H](Cc3c[nH]c4ccc(F)cc34)NC(=O)[C@H](C(C)(C)C)NC(=O)[C@@H](CCCCN)NC(=O)CCSCc3cccc(c3)CSCCNC(=O)[C@@]3(C)CCCN3C2=O)cc1,0.0,0.0,0.0,0.0,0.0,0.0,0.0,0.0,0.0,0.0,0.0,0.0,0.0,0.0,0.0,0.0,0.0,0.0,0.0,0.0,0.0,0.0,0.0,0.0,0.0,0.0,0.0,0.0,0.0,0.0,0.0,0.0,0.0,0.0,0.0,0.0,0.0,0.0,0.0,0.3758744249050815,0.37534873392630286,0.0,0.0,0.4531966352095854,0.0,0.0,0.0,0.0,0.0,0.0,-0.39436621504011576,0.0,0.0,0.0,0.0,0.0,0.0,0.0,0.0,0.0,0.0,0.0,0.0,0.0,0.0,0.0,0.0,0.0,0.0,0.0,0.0,0.0,0.0,0.0,0.0,0.0,0.0,0.0,0.0,0.0,0.0,0.0,-0.6931471805599453,0.0,0.0,0.0,0.0,0.0,0.0,0.0,0.0,0.0,0.0,0.0,0.0,0.0,0.0,0.0,0.0,0.0,0.0,0.0,0.0,0.0,0.0,0.0,0.0,0.0,0.0,0.0,0.0,0.0,0.0,0.0,0.0,0.0,0.0,0.0,0.0,0.0,0.0,0.0,0.0,0.0,0.0,0.0,0.0,0.0,0.0,0.0,0.0,0.0,0.0,0.0,0.0,0.0,0.0,0.0,0.0,0.0,0.0,0.0,0.0,0.0,0.0,0.0,0.0,0.0,0.0,0.0,0.0,0.0,0.0,0.0,0.0,0.0,0.0,0.0,0.0,0.0,0.0,0.0,0.0,0.0,0.0,0.0,0.0,0.0,0.0,0.0,0.0,0.0,0.0,0.0,0.0,0.0,0.0,-0.19237189264745608,0.0,0.0,0.0,0.0,0.0,0.0,0.0,0.0
7.301029995663981,1.1925144413116917,CS[C@H]1C[C@H]2C(=O)N[C@H](C(N)=O)CSCc3cccc(c3)CSCCC(=O)N[C@@H](CCCCN)C(=O)NCC(=O)N[C@@H](Cc3c[nH]c4ccc(F)cc34)C(=O)N[C@@H](Cc3c[nH]c4ccc(F)cc34)C(=O)N[C@@H](CC(=O)O)C(=O)N[C@@H](Cc3cnc[nH]3)C(=O)N[C@@H](Cc3ccc(O)cc3)C(=O)N2C1,0.0,0.0,0.0,0.0,0.0,0.0,0.0,0.0,0.0,0.0,0.0,0.0,0.0,0.0,0.0,0.0,0.0,0.0,0.0,0.0,0.0,0.0,0.0,0.0,0.0,0.0,0.0,0.0,0.0,0.0,0.0,0.0,0.0,0.0,0.0,0.0,0.0,0.0,0.0,0.3758744249050815,0.37534873392630286,0.0,0.0,0.4531966352095854,0.0,0.0,0.0,0.0,0.0,0.0,-0.47783710570772026,0.0,0.0,0.0,0.0,0.0,0.0,0.0,0.6931471805599453,0.0,0.0,0.0,0.0,0.0,0.0,0.0,0.0,0.0,0.0,0.0,0.0,0.0,0.0,0.0,0.0,0.0,0.0,0.0,0.0,0.0,0.0,0.0,-0.6931471805599453,0.0,0.0,0.0,0.0,0.0,0.0,0.0,0.0,0.0,0.0,0.0,0.0,0.0,0.0,0.0,0.0,0.0,0.0,0.0,0.0,0.0,0.0,0.0,0.0,0.0,0.0,0.0,0.0,0.0,0.0,0.0,0.0,0.0,0.0,0.0,0.0,0.0,0.0,0.0,0.0,0.0,0.0,0.0,0.0,0.0,0.0,0.6931471805599453,0.0,0.0,0.0,0.0,0.0,0.0,0.0,0.0,0.0,0.0,0.0,0.0,0.0,0.0,0.0,0.0,0.0,0.0,0.0,0.0,0.0,0.0,0.0,0.0,0.0,0.0,0.0,0.0,0.0,0.0,0.0,0.0,0.0,0.0,0.0,0.0,0.0,0.0,0.0,0.0,0.0,0.09898183354885239,0.0,0.0,0.0,0.0,0.0,0.21706450523782758,0.0,0.0,0.0,0.0,0.0,0.0,0.0,0.0
6.259637310505756,1.1925144413116917,CC(=O)N[C@H]1CCCNC(=O)COc2ccc(cc2)C[C@@H](C(N)=O)NC(=O)[C@]2(C)CCCN2C(=O)[C@H](Cc2ccc(O)cc2)NC(=O)[C@H](Cc2cnc[nH]2)NC(=O)[C@H](CC(=O)O)NC(=O)[C@H](Cc2c[nH]c3ccc(F)cc23)NC(=O)[C@H](Cc2c[nH]c3ccc(F)cc23)NC(=O)CNC(=O)[C@H](C)NC1=O,0.7148462081390736,0.0,0.0,0.0,0.0,0.0,0.0,0.0,0.0,0.0,0.0,0.0,0.0,0.0,0.0,0.0,0.0,0.0,0.0,0.0,0.0,0.0,0.0,0.0,0.0,0.0,0.0,0.0,0.0,-0.6931471805599453,0.0,0.0,0.0,0.0,0.0,0.0,0.0,0.0,0.0,0.2543463885567357,0.25396960936753976,0.0,0.0,0.3386293396892764,0.0,0.0,0.0,0.0,0.0,0.0,0.05476408540997501,0.0,0.0,0.0,0.0,0.0,0.0,0.0,0.0,0.0,0.0,0.0,0.0,0.0,0.0,0.0,0.0,0.6931471805599453,0.0,0.0,0.0,0.0,0.0,0.0,0.0,0.0,0.0,0.0,0.0,0.0,0.0,0.0,-0.6931471805599453,0.0,0.0,0.0,0.0,0.0,0.0,0.0,0.0,0.0,0.0,0.0,0.0,0.0,0.0,0.0,0.0,0.0,0.0,0.0,0.0,0.0,0.0,0.0,0.0,0.0,0.0,0.0,0.0,0.0,0.0,0.0,0.0,0.0,0.0,0.0,0.0,0.0,0.0,0.0,0.0,0.0,0.0,0.0,0.0,0.0,0.0,0.6931471805599453,0.0,0.0,0.0,0.0,0.0,0.0,0.0,0.0,0.0,0.0,0.0,0.0,0.0,0.0,0.0,0.0,0.0,0.0,0.0,0.0,0.0,0.0,0.0,0.0,0.0,0.0,0.0,0.0,0.0,0.0,0.0,0.0,0.0,0.0,0.0,0.0,0.0,0.0,0.0,0.0,0.0,-0.26280880770664194,0.0,0.0,0.0,0.0,0.0,0.7661723155748345,0.0,0.0,0.0,0.0,0.0,0.0,0.0,0.0
7.301029995663981,1.1925144413116917,CC(=O)N[C@H]1CCCCNC(=O)COc2ccc(cc2)C[C@@H](C(N)=O)NC(=O)[C@]2(C)CCCN2C(=O)[C@H](Cc2ccc(O)cc2)NC(=O)[C@H](Cc2cnc[nH]2)NC(=O)[C@H](CC(=O)O)NC(=O)[C@H](Cc2c[nH]c3ccc(F)cc23)NC(=O)[C@H](Cc2c[nH]c3ccc(F)cc23)NC(=O)CNC1=O,0.7148462081390736,0.0,0.0,0.0,0.0,0.0,0.0,0.0,0.0,0.0,0.0,0.0,0.0,0.0,0.0,0.0,0.0,0.0,0.0,0.0,0.0,0.0,0.0,0.0,0.0,0.0,0.0,0.0,0.0,-0.6931471805599453,0.0,0.0,0.0,0.0,0.0,0.0,0.0,0.0,0.0,0.3758744249050815,0.37534873392630286,0.0,0.0,0.4531966352095854,0.0,0.0,0.0,0.0,0.0,0.0,0.08563073339050238,0.0,0.0,0.0,0.0,0.0,0.0,0.0,0.0,0.0,0.0,0.0,0.0,0.0,0.0,0.0,0.0,0.6931471805599453,0.0,0.0,0.0,0.0,0.0,0.0,0.0,0.0,0.0,0.0,0.0,0.0,0.0,0.0,-0.6931471805599453,0.0,0.0,0.0,0.0,0.0,0.0,0.0,0.0,0.0,0.0,0.0,0.0,0.0,0.0,0.0,0.0,0.0,0.0,0.0,0.0,0.0,0.0,0.0,0.0,0.0,0.0,0.0,0.0,0.0,0.0,0.0,0.0,0.0,0.0,0.0,0.0,0.0,0.0,0.0,0.0,0.0,0.0,0.0,0.0,0.0,0.0,0.6931471805599453,0.0,0.0,0.0,0.0,0.0,0.0,0.0,0.0,0.0,0.0,0.0,0.0,0.0,0.0,0.0,0.0,0.0,0.0,0.0,0.0,0.0,0.0,0.0,0.0,0.0,0.0,0.0,0.0,0.0,0.0,0.0,0.0,0.0,0.0,0.0,0.0,0.0,0.0,0.0,0.0,0.0,-0.331505338992877,0.0,0.0,0.0,0.0,0.0,0.6623755218931907,0.0,0.0,0.0,0.0,0.0,0.0,0.0,0.0
7.301029995663981,1.1925144413116917,C[C@@H]1NC(=O)CCCC(=O)NCc2ccc(cc2)C[C@@H](C(N)=O)NC(=O)[C@]2(C)CCCN2C(=O)[C@H](Cc2ccc(O)cc2)NC(=O)[C@H](Cc2cnc[nH]2)NC(=O)[C@H](CC(=O)O)NC(=O)[C@H](Cc2c[nH]c3ccc(F)cc23)NC(=O)[C@H](Cc2c[nH]c3ccc(F)cc23)NC(=O)CNC1=O,0.0,0.0,0.0,0.0,0.0,0.0,0.0,0.0,0.0,0.0,0.0,0.0,0.0,0.0,0.0,0.0,0.0,0.0,0.0,0.0,0.0,0.0,0.0,0.0,0.0,0.0,0.0,0.0,0.0,-0.6931471805599453,0.0,0.0,0.0,0.0,0.0,-0.6931471805599453,0.0,0.0,0.0,0.3758744249050815,0.37534873392630286,0.0,0.0,0.4531966352095854,0.0,0.0,0.0,0.0,0.0,0.0,-0.006600684031352068,0.0,0.0,0.0,0.6931471805599453,0.0,0.0,0.0,0.0,0.0,0.0,0.0,0.0,0.0,0.0,0.0,0.0,0.0,0.0,0.0,0.0,0.0,0.0,0.0,0.0,0.0,0.0,0.0,0.0,0.0,0.0,0.0,0.0,0.0,0.0,0.0,0.0,0.0,0.0,0.0,0.0,0.0,0.0,0.0,0.0,0.0,0.0,0.0,0.0,0.0,0.0,0.0,0.0,0.0,0.0,0.0,0.0,0.0,0.0,0.0,0.0,0.0,0.0,0.0,0.0,0.0,0.0,0.0,0.0,0.0,0.0,0.0,0.0,0.0,0.0,0.0,0.0,0.0,0.0,0.6931471805599453,0.0,0.0,0.0,0.0,0.0,0.0,0.0,0.0,0.0,0.0,0.0,0.0,0.0,0.0,0.0,0.0,0.0,0.0,0.0,0.0,0.0,0.0,0.0,0.0,0.0,0.0,0.0,0.0,0.0,0.0,0.0,0.0,0.0,0.0,0.0,0.6931471805599453,0.0,0.0,0.0,0.0,0.0,-0.20800057121164678,0.0,0.0,0.0,0.0,0.0,0.6466271649250523,0.0,0.0,0.0,0.0,0.0,0.0,0.0,0.0
7.301029995663981,1.1925144413116917,NCCCC[C@@H]1NC(=O)CCSCc2cccc(c2)CSC[C@@H](C(N)=O)NC(=O)[C@@H]2C[C@H](Oc3ccccc3)CN2C(=O)[C@H](Cc2ccc(O)cc2)NC(=O)[C@H](Cc2cnc[nH]2)NC(=O)[C@H](CC(=O)O)NC(=O)[C@H](Cc2c[nH]c3ccc(F)cc23)NC(=O)[C@H](Cc2c[nH]c3ccc(F)cc23)NC(=O)CNC1=O,0.7148462081390736,0.0,0.0,0.0,0.0,0.0,0.0,0.0,0.0,0.0,0.0,0.0,0.0,0.0,0.0,0.0,0.0,0.0,0.0,0.0,0.0,0.0,0.0,0.0,0.0,0.0,0.0,0.0,0.0,0.0,0.0,0.0,0.0,0.0,0.0,0.0,0.0,0.0,0.0,0.3758744249050815,0.37534873392630286,0.0,0.0,0.4531966352095854,0.0,0.0,0.0,0.0,0.0,0.0,-0.5624499891712982,0.0,0.0,0.0,0.0,0.0,0.0,0.0,0.0,0.0,0.0,0.0,0.0,0.0,0.0,0.0,0.0,0.0,0.0,0.0,0.0,0.0,0.0,0.0,0.0,0.0,0.0,0.0,0.0,0.0,0.0,0.0,-0.6931471805599453,0.0,0.0,0.0,0.0,0.0,0.0,0.0,0.0,0.0,0.0,0.0,0.0,0.0,0.0,0.0,0.0,0.0,0.0,0.0,0.0,0.0,0.0,0.0,0.0,0.6931471805599453,0.0,0.0,0.0,0.0,0.0,0.0,0.0,0.0,0.0,0.0,0.0,0.0,0.0,0.0,0.0,0.0,0.0,0.0,0.0,0.0,0.0,0.6931471805599453,0.0,0.0,0.0,0.0,0.0,0.0,0.0,0.0,0.0,0.0,0.0,0.0,0.0,0.0,0.0,0.0,0.0,0.0,0.0,0.0,0.0,0.0,0.0,0.0,0.0,0.0,0.0,0.0,0.0,0.0,0.0,0.0,0.0,0.0,0.0,0.0,0.0,0.0,0.0,0.0,0.0,0.47072591168956074,0.0,0.6931471805599453,0.0,0.0,0.0,0.35364004024357837,0.0,0.0,0.0,0.0,0.0,0.0,0.0,0.0
6.150514997831991,0.2973629040733618,COc1ccc(C[C@@H]2NC(=O)[C@H](Cc3cnc[nH]3)NC(=O)[C@H](CC(=O)O)NC(=O)[C@H](Cc3c[nH]c4cc(F)ccc34)NC(=O)[C@H](Cc3c[nH]c4ccc(F)cc34)NC(=O)[C@@H](C)NC(=O)[C@H](CCCCN)NC(=O)CCc3cn(nn3)-c3ccc(cc3)C[C@@H](C(N)=O)NC(=O)[C@]3(C)CCCN3C2=O)cc1,0.7093123221826213,0.0,0.0,0.0,0.0,0.0,0.0,0.6931471805599453,0.0,0.0,0.0,0.0,0.0,0.0,0.0,0.0,0.0,0.0,0.0,0.7506846340696651,0.0,0.0,0.0,0.0,0.0,0.0,0.0,0.0,0.0,-0.6931471805599453,0.0,0.0,0.0,0.0,0.0,-0.6931471805599453,0.0,0.0,0.0,0.22159893318814058,0.2590860088262802,0.0,0.0,0.0,0.0,0.0,0.0,0.0,0.0,0.0,0.07953315352238387,0.0,0.0,0.0,0.0,0.0,0.0,0.0,0.6931471805599453,0.0,0.0,0.0,0.0,0.0,0.0,0.0,0.0,0.6931471805599453,0.0,0.0,0.0,0.0,0.0,0.0,0.0,0.0,0.0,0.0,0.0,0.0,0.0,0.0,0.0,0.0,0.0,0.0,0.0,0.0,0.0,0.0,0.0,0.0,0.0,0.0,0.0,0.0,0.0,0.0,0.0,0.0,0.0,0.0,0.0,0.0,0.0,0.0,0.0,0.0,0.0,0.0,0.0,0.0,0.0,0.0,0.0,0.0,0.6931471805599453,0.0,0.0,0.6931471805599453,0.0,0.0,0.0,0.0,0.0,0.0,0.0,0.0,0.0,0.6931471805599453,0.0,0.0,0.0,0.0,0.0,0.0,0.0,0.0,0.0,0.0,0.0,0.0,0.0,0.0,0.0,0.0,0.0,0.0,0.0,0.0,0.0,0.0,0.0,0.0,0.0,0.0,0.0,0.0,0.0,0.0,0.0,0.0,0.0,0.0,0.0,0.0,0.0,0.0,0.0,0.0,0.0,-0.06706423058054609,0.0,0.0,0.0,0.0,0.0,0.3212047644904245,0.0,0.0,0.0,0.0,0.0,0.0,0.0,0.0
7.301029995663981,1.1925144413116917,COc1ccc(C[C@@H]2NC(=O)[C@H](Cc3cnc[nH]3)NC(=O)[C@H](CC(=O)O)NC(=O)[C@H](Cc3c[nH]c4cc(F)ccc34)NC(=O)[C@H](Cc3c[nH]c4ccc(F)cc34)NC(=O)[C@@H](C)NC(=O)[C@H](CCCCN)NC(=O)CCCc3cn(nn3)-c3ccc(cc3)C[C@@H](C(N)=O)NC(=O)[C@]3(C)CCCN3C2=O)cc1,0.7093123221826213,0.0,0.0,0.0,0.0,0.0,0.0,0.6931471805599453,0.0,0.0,0.0,0.0,0.0,0.0,0.0,0.0,0.0,0.0,0.0,0.7506846340696651,0.0,0.0,0.0,0.0,0.0,0.0,0.0,0.0,0.0,-0.6931471805599453,0.0,0.0,0.0,0.0,0.0,-0.6931471805599453,0.0,0.0,0.0,0.3758744249050815,0.37534873392630286,0.0,0.0,0.4531966352095854,0.0,0.0,0.0,0.0,0.0,0.0,0.1331173996564903,0.0,0.0,0.0,0.0,0.0,0.0,0.0,0.6931471805599453,0.0,0.0,0.0,0.0,0.0,0.0,0.0,0.0,0.6931471805599453,0.0,0.0,0.0,0.0,0.0,0.0,0.0,0.0,0.0,0.0,0.0,0.0,0.0,0.0,0.0,0.0,0.0,0.0,0.0,0.0,0.0,0.0,0.0,0.0,0.0,0.0,0.0,0.0,0.0,0.0,0.0,0.0,0.0,0.0,0.0,0.0,0.0,0.0,0.0,0.0,0.0,0.0,0.0,0.0,0.0,0.0,0.0,0.0,0.6931471805599453,0.0,0.0,0.6931471805599453,0.0,0.0,0.0,0.0,0.0,0.0,0.0,0.0,0.0,0.6931471805599453,0.0,0.0,0.0,0.0,0.0,0.0,0.0,0.0,0.0,0.0,0.0,0.0,0.0,0.0,0.0,0.0,0.0,0.0,0.0,0.0,0.0,0.0,0.0,0.0,0.0,0.0,0.0,0.0,0.0,0.0,0.0,0.0,0.0,0.0,0.0,0.0,0.0,0.0,0.0,0.0,0.0,-0.24487110701997458,0.0,0.0,0.0,0.0,0.0,0.24116205681688804,0.0,0.0,0.0,0.0,0.0,0.0,0.0,0.0
7.301029995663981,1.1925144413116917,C[C@@H]1NC(=O)CCCCC(=O)NCc2ccc(cc2)C[C@@H](C(N)=O)NC(=O)[C@]2(C)CCCN2C(=O)[C@H](Cc2ccc(O)cc2)NC(=O)[C@H](Cc2cnc[nH]2)NC(=O)[C@H](CC(=O)O)NC(=O)[C@H](Cc2c[nH]c3ccc(F)cc23)NC(=O)[C@H](Cc2c[nH]c3ccc(F)cc23)NC(=O)CNC1=O,0.0,0.0,0.0,0.0,0.0,0.0,0.0,0.0,0.0,0.0,0.0,0.0,0.0,0.0,0.0,0.0,0.0,0.0,0.0,0.0,0.0,0.0,0.0,0.0,0.0,0.0,0.0,0.0,0.0,-0.6931471805599453,0.0,0.0,0.0,0.0,0.0,-0.6931471805599453,0.0,0.0,0.0,0.3758744249050815,0.37534873392630286,0.0,0.0,0.4531966352095854,0.0,0.0,0.0,0.0,0.0,0.0,0.09771547260557432,0.0,0.0,0.0,0.6931471805599453,0.0,0.0,0.0,0.0,0.0,0.0,0.0,0.0,0.0,0.0,0.0,0.0,0.0,0.0,0.0,0.0,0.0,0.0,0.0,0.0,0.0,0.0,0.0,0.0,0.0,0.0,0.0,0.0,0.0,0.0,0.0,0.0,0.0,0.0,0.0,0.0,0.0,0.0,0.0,0.0,0.0,0.0,0.0,0.0,0.0,0.0,0.0,0.0,0.0,0.0,0.0,0.0,0.0,0.0,0.0,0.0,0.0,0.0,0.0,0.0,0.0,0.0,0.0,0.0,0.0,0.0,0.0,0.0,0.0,0.0,0.0,0.0,0.0,0.0,0.6931471805599453,0.0,0.0,0.0,0.0,0.0,0.0,0.0,0.0,0.0,0.0,0.0,0.0,0.0,0.0,0.0,0.0,0.0,0.0,0.0,0.0,0.0,0.0,0.0,0.0,0.0,0.0,0.0,0.0,0.0,0.0,0.0,0.0,0.0,0.0,0.0,0.6931471805599453,0.0,0.0,0.0,0.0,0.0,-0.4561802006871819,0.0,0.0,0.0,0.0,0.0,0.5810298824392391,0.0,0.0,0.0,0.0,0.0,0.0,0.0,0.0
7.301029995663981,1.1925144413116917,COc1ccc(C[C@@H]2NC(=O)[C@H](Cc3cnc[nH]3)NC(=O)[C@H](CC(=O)O)NC(=O)[C@H](Cc3c[nH]c4ccc(F)cc34)NC(=O)[C@H](Cc3c[nH]c4ccc(F)cc34)NC(=O)[C@@H](C)NC(=O)[C@H](CCCCN)NC(=O)[C@@H](NC(C)=O)CCc3cn(nn3)-c3ccc(cc3)C[C@@H](C(N)=O)NC(=O)[C@]3(C)CCCN3C2=O)cc1,0.7093123221826213,0.0,0.0,0.0,0.0,0.0,0.0,0.6931471805599453,0.0,0.0,0.0,0.0,0.0,0.0,0.0,0.0,0.0,0.0,0.0,0.7506846340696651,0.0,0.0,0.0,0.0,0.0,0.0,0.0,0.0,0.0,-0.6931471805599453,0.0,0.0,0.0,0.0,0.0,-0.6931471805599453,0.0,0.0,0.0,0.3758744249050815,0.37534873392630286,0.0,0.0,0.4531966352095854,0.0,0.0,0.0,0.0,0.0,0.0,0.07953315352238387,0.0,0.0,0.0,0.0,0.0,0.0,0.0,0.6931471805599453,0.0,0.0,0.0,0.0,0.0,0.0,0.0,0.0,0.6931471805599453,0.0,0.0,0.0,0.0,0.0,0.0,0.0,0.0,0.0,0.0,0.0,0.0,0.0,0.0,0.0,0.0,0.0,0.0,0.0,0.0,0.0,0.0,0.0,0.0,0.0,0.0,0.0,0.0,0.0,0.0,0.0,0.0,0.0,0.0,0.0,0.0,0.0,0.0,0.0,0.0,0.0,0.0,0.0,0.0,0.0,0.0,0.0,0.0,0.6931471805599453,0.0,0.0,0.6931471805599453,0.0,0.0,0.0,0.0,0.0,0.0,0.0,0.0,0.0,0.6931471805599453,0.0,0.0,0.0,0.0,0.0,0.0,0.0,0.0,0.0,0.0,0.0,0.0,0.0,0.0,0.0,0.0,0.0,0.0,0.0,0.0,0.0,0.0,0.0,0.0,0.0,0.0,0.0,0.0,0.0,0.0,0.0,0.0,0.0,0.0,0.0,0.0,0.0,0.0,0.0,0.0,0.0,-0.19856653897828705,0.0,0.0,0.0,0.0,0.0,0.3953127366441464,0.0,0.0,0.0,0.0,0.0,0.0,0.0,0.0
6.259637310505756,1.1925144413116917,C[C@@]12CCCN1C(=O)[C@H](Cc1ccc(O)cc1)NC(=O)[C@H](Cc1cnc[nH]1)NC(=O)[C@H](CC(=O)O)NC(=O)[C@H](Cc1c[nH]c3ccc(F)cc13)NC(=O)[C@H](Cc1c[nH]c3ccc(F)cc13)NC(=O)CNC(=O)[C@H](C1(O)CC1)NC(=O)CCSCc1cccc(c1)CSC[C@@H](C(N)=O)NC2=O,0.0,0.0,0.0,0.0,0.0,0.0,0.0,0.0,0.0,0.0,0.0,0.0,0.0,0.0,0.0,0.0,0.0,0.0,0.0,0.0,0.0,0.0,0.0,0.0,0.0,0.6931471805599453,0.0,0.0,0.0,0.0,0.0,0.0,0.0,0.0,0.0,0.0,0.0,0.0,0.0,0.2543463885567357,0.25396960936753976,0.0,0.0,0.3386293396892764,0.0,0.0,0.0,0.0,0.0,0.0,-0.3695061777207207,0.0,0.0,0.0,0.0,0.0,0.0,0.0,0.0,0.0,0.0,0.0,0.0,0.0,0.0,0.0,0.0,0.0,0.0,0.0,0.0,0.0,0.0,0.0,0.0,0.0,0.0,0.0,0.0,0.0,0.0,0.0,0.0,0.0,0.0,0.0,0.0,0.0,0.0,0.0,0.0,0.0,0.0,0.0,0.0,0.0,0.0,0.0,0.0,0.0,0.0,0.0,0.0,0.0,0.0,0.0,0.0,0.0,0.0,0.0,0.0,0.0,0.0,0.0,0.0,0.0,0.0,0.0,0.0,0.0,0.0,0.0,0.0,0.0,0.0,0.0,0.0,0.0,0.0,0.6931471805599453,0.0,0.0,0.0,0.0,0.0,0.0,0.0,0.0,0.0,0.0,0.0,0.0,0.0,0.0,0.0,0.0,0.0,0.0,0.0,0.0,0.0,0.0,0.0,0.0,0.0,0.0,0.0,0.0,0.0,0.0,0.0,0.0,0.0,0.0,0.0,0.0,0.0,0.0,0.0,0.0,0.0,-0.11970796406596708,0.0,0.0,0.0,0.0,0.0,0.10080469912196559,0.0,0.0,0.0,0.0,0.0,0.0,0.0,0.0
7.301029995663981,1.1925144413116917,CC(C)C[C@H]1NC(=O)[C@H](CCCCN)NC(=O)CCSCc2cccc(c2)CSC[C@@H](C(N)=O)NC(=O)[C@]2(C)CCCN2C(=O)[C@H](Cc2ccc(O)cc2)NC(=O)[C@H](Cc2cnc[nH]2)NC(=O)[C@H](CC(=O)O)NC(=O)[C@H](Cc2c[nH]c3ccc(F)cc23)NC(=O)[C@H](Cc2c[nH]c3ccc(F)cc23)NC1=O,0.0,0.0,0.0,0.0,0.0,0.0,0.0,0.0,0.0,0.0,0.0,0.0,0.0,0.0,0.0,0.0,0.0,0.0,0.0,0.0,0.0,0.0,0.0,0.0,0.0,0.0,0.0,0.0,0.0,0.0,0.0,0.0,0.0,0.0,0.0,0.0,0.0,0.0,0.0,0.3758744249050815,0.37534873392630286,0.0,0.0,0.4531966352095854,0.0,0.0,0.0,0.0,0.0,0.0,-0.40104032212780893,0.0,0.0,0.0,0.0,0.0,0.0,0.0,0.0,0.0,0.0,0.0,0.0,0.0,0.0,0.0,0.0,0.0,0.0,0.0,0.0,0.0,0.0,0.0,0.0,0.0,0.0,0.0,0.0,0.0,0.0,0.0,-0.6931471805599453,0.0,0.0,0.0,0.0,0.0,0.0,0.0,0.0,0.0,0.0,0.0,0.0,0.0,0.0,0.0,0.0,0.0,0.0,0.0,0.0,0.0,0.0,0.0,0.0,0.0,0.0,0.0,0.0,0.0,0.0,0.0,0.0,0.0,0.0,0.0,0.0,0.0,0.0,0.0,0.0,0.0,0.0,0.0,0.0,0.0,0.0,0.6931471805599453,0.0,0.0,0.0,0.0,0.0,0.0,0.0,0.0,0.0,0.0,0.0,0.0,0.0,0.0,0.0,0.0,0.0,0.0,0.0,0.0,0.0,0.0,0.0,0.0,0.0,0.0,0.0,0.0,0.0,0.0,0.0,0.0,0.0,0.0,0.0,0.0,0.0,0.0,0.0,0.0,0.0,-0.06706423058054609,0.0,0.0,0.0,0.0,0.0,-0.17979311044059593,0.0,0.0,0.0,0.0,0.0,0.0,0.0,0.0
7.301029995663981,1.1925144413116917,CC(C)(O)[C@@H]1NC(=O)CCSCc2cccc(c2)CSC[C@@H](C(N)=O)NC(=O)[C@]2(C)CCCN2C(=O)[C@H](Cc2ccc(O)cc2)NC(=O)[C@H](Cc2cnc[nH]2)NC(=O)[C@H](CC(=O)O)NC(=O)[C@H](Cc2c[nH]c3ccc(F)cc23)NC(=O)[C@H](Cc2c[nH]c3ccc(F)cc23)NC(=O)CNC1=O,0.0,0.0,0.0,0.0,0.0,0.0,0.0,0.0,0.0,0.0,0.0,0.0,0.0,0.0,0.0,0.0,0.0,0.0,0.0,0.0,0.0,0.0,0.0,0.0,0.0,0.0,0.0,0.0,0.0,0.0,0.0,0.0,0.0,0.0,0.0,0.0,0.0,0.0,0.0,0.3758744249050815,0.37534873392630286,0.0,0.0,0.4531966352095854,0.0,0.0,0.0,0.0,0.0,0.0,-0.3695061777207207,0.0,0.0,0.0,0.0,0.0,0.0,0.0,0.0,0.0,0.0,0.0,0.0,0.0,0.0,0.0,0.0,0.0,0.0,0.0,0.0,0.0,0.0,0.0,0.0,0.0,0.0,0.0,0.0,0.0,0.0,0.0,0.0,0.0,0.0,0.0,0.0,0.0,0.0,0.0,0.0,0.0,0.0,0.0,0.0,0.0,0.0,0.0,0.0,0.0,0.0,0.0,0.0,0.0,0.0,0.0,0.0,0.0,0.0,0.0,0.0,0.0,0.0,0.0,0.0,0.0,0.0,0.0,0.0,0.0,0.0,0.0,0.0,0.0,0.0,0.0,0.0,0.0,0.0,0.6931471805599453,0.0,0.0,0.0,0.0,0.0,0.0,0.0,0.0,0.0,0.0,0.0,0.0,0.0,0.0,0.0,0.0,0.0,0.0,0.0,0.0,0.0,0.0,0.0,0.0,0.0,0.0,0.0,0.0,0.0,0.0,0.0,0.0,0.0,0.0,0.0,0.0,0.0,0.0,0.0,0.0,0.0,-0.11970796406596708,0.0,0.0,0.0,0.0,0.0,0.19237189264745608,0.0,0.0,0.0,0.0,0.0,0.0,0.0,0.0
6.150514997831991,0.2973629040733618,CO[C@H](C)[C@@H]1NC(=O)CCSCc2cccc(c2)CSC[C@@H](C(N)=O)NC(=O)[C@]2(C)CCCN2C(=O)[C@H](Cc2ccc(O)cc2)NC(=O)[C@H](Cc2cnc[nH]2)NC(=O)[C@H](CC(=O)O)NC(=O)[C@H](Cc2c[nH]c3ccc(F)cc23)NC(=O)[C@H](Cc2c[nH]c3ccc(F)cc23)NC(=O)CNC1=O,0.0,0.0,0.0,0.0,0.0,0.0,0.0,0.0,0.0,0.0,0.0,0.0,0.0,0.0,0.0,0.0,0.0,0.0,0.0,0.0,0.0,0.0,0.0,0.0,0.0,0.0,0.0,0.0,0.0,0.0,0.0,0.0,0.0,0.0,0.0,0.0,0.0,0.0,0.0,0.22159893318814058,0.2590860088262802,0.0,0.0,0.0,0.0,0.0,0.0,0.0,0.0,0.0,-0.3695061777207207,0.0,0.0,0.0,0.0,0.0,0.0,0.0,0.0,0.0,0.0,0.0,0.0,0.0,0.0,0.0,0.0,0.0,0.0,0.0,0.0,0.0,0.0,0.0,0.0,0.0,0.0,0.0,0.0,0.0,0.0,0.0,0.0,0.0,0.0,0.0,0.0,0.0,0.0,0.0,0.0,0.0,0.0,0.0,0.0,0.0,0.0,0.0,0.0,0.0,0.0,0.0,0.0,0.0,0.0,0.0,0.0,0.0,0.0,0.0,0.0,0.0,0.0,0.0,0.0,0.0,0.0,0.0,0.0,0.0,0.0,0.0,0.0,0.0,0.0,0.0,0.0,0.0,0.0,0.6931471805599453,0.0,0.0,0.0,0.0,0.0,0.0,0.0,0.0,0.0,0.0,0.0,0.0,0.0,0.0,0.0,0.0,0.0,0.0,0.0,0.0,0.0,0.0,0.0,0.0,0.0,0.0,0.0,0.0,0.0,0.0,0.0,0.0,0.0,0.0,0.0,0.0,0.0,0.0,0.0,0.0,0.0,-0.25388017696233955,0.0,0.0,0.0,0.0,0.0,0.4254657748148339,0.0,0.0,0.0,0.0,0.0,0.0,0.0,0.0
7.301029995663981,1.1925144413116917,C[C@@]12CCCN1C(=O)[C@H](Cc1ccc(O)cc1)NC(=O)[C@H](Cc1cnc[nH]1)NC(=O)[C@H](CC(=O)O)NC(=O)[C@H](Cc1c[nH]c3ccc(F)cc13)NC(=O)[C@H](Cc1c[nH]c3ccc(F)cc13)NC(=O)CNC(=O)[C@H](CCO)NC(=O)CCSCc1cccc(c1)CSC[C@@H](C(N)=O)NC2=O,0.0,0.0,0.0,0.0,0.0,0.0,0.0,0.0,0.0,0.0,0.0,0.0,0.0,0.0,0.0,0.0,0.0,0.0,0.0,0.0,0.0,0.0,0.0,0.0,0.0,0.0,0.0,0.0,0.0,0.0,0.0,0.0,0.0,0.0,0.0,0.0,0.0,0.0,0.0,0.3758744249050815,0.37534873392630286,0.0,0.0,0.4531966352095854,0.0,0.0,0.0,0.0,0.0,0.0,-0.37407239570030193,0.0,0.0,0.0,0.0,0.0,0.0,0.0,0.0,0.0,0.0,0.0,0.0,0.0,0.0,0.0,0.0,0.0,0.0,0.0,0.0,0.0,0.0,0.0,0.0,0.0,0.0,0.0,0.0,0.0,0.0,0.0,-0.6931471805599453,0.0,0.0,0.0,0.0,0.0,0.0,0.0,0.0,0.0,0.0,0.0,0.0,0.0,0.0,0.0,0.0,0.0,0.0,0.0,0.0,0.0,0.0,0.0,0.0,0.0,0.0,0.0,0.0,0.0,0.0,0.0,0.0,0.0,0.0,0.0,0.0,0.0,0.0,0.0,0.0,0.0,0.0,0.0,0.0,0.0,0.0,0.6931471805599453,0.0,0.0,0.0,0.0,0.0,0.0,0.0,0.0,0.0,0.0,0.0,0.0,0.0,0.0,0.0,0.0,0.0,0.0,0.0,0.0,0.0,0.0,0.0,0.0,0.0,0.0,0.0,0.0,0.0,0.0,0.0,0.0,0.0,0.0,0.0,0.0,0.0,0.0,0.0,0.0,0.0,-0.011494379425733876,0.0,0.0,0.0,0.0,0.0,0.25299651446389093,0.0,0.0,0.0,0.0,0.0,0.0,0.0,0.0
7.301029995663981,1.1925144413116917,CO[C@@H](C)[C@@H]1NC(=O)CCSCc2cccc(c2)CSC[C@@H](C(N)=O)NC(=O)[C@]2(C)CCCN2C(=O)[C@H](Cc2ccc(O)cc2)NC(=O)[C@H](Cc2cnc[nH]2)NC(=O)[C@H](CC(=O)O)NC(=O)[C@H](Cc2c[nH]c3ccc(F)cc23)NC(=O)[C@H](Cc2c[nH]c3ccc(F)cc23)NC(=O)CNC1=O,0.0,0.0,0.0,0.0,0.0,0.0,0.0,0.0,0.0,0.0,0.0,0.0,0.0,0.0,0.0,0.0,0.0,0.0,0.0,0.0,0.0,0.0,0.0,0.0,0.0,0.0,0.0,0.0,0.0,0.0,0.0,0.0,0.0,0.0,0.0,0.0,0.0,0.0,0.0,0.3758744249050815,0.37534873392630286,0.0,0.0,0.4531966352095854,0.0,0.0,0.0,0.0,0.0,0.0,-0.3695061777207207,0.0,0.0,0.0,0.0,0.0,0.0,0.0,0.0,0.0,0.0,0.0,0.0,0.0,0.0,0.0,0.0,0.0,0.0,0.0,0.0,0.0,0.0,0.0,0.0,0.0,0.0,0.0,0.0,0.0,0.0,0.0,0.0,0.0,0.0,0.0,0.0,0.0,0.0,0.0,0.0,0.0,0.0,0.0,0.0,0.0,0.0,0.0,0.0,0.0,0.0,0.0,0.0,0.0,0.0,0.0,0.0,0.0,0.0,0.0,0.0,0.0,0.0,0.0,0.0,0.0,0.0,0.0,0.0,0.0,0.0,0.0,0.0,0.0,0.0,0.0,0.0,0.0,0.0,0.6931471805599453,0.0,0.0,0.0,0.0,0.0,0.0,0.0,0.0,0.0,0.0,0.0,0.0,0.0,0.0,0.0,0.0,0.0,0.0,0.0,0.0,0.0,0.0,0.0,0.0,0.0,0.0,0.0,0.0,0.0,0.0,0.0,0.0,0.0,0.0,0.0,0.0,0.0,0.0,0.0,0.0,0.0,-0.25388017696233955,0.0,0.0,0.0,0.0,0.0,0.4254657748148339,0.0,0.0,0.0,0.0,0.0,0.0,0.0,0.0
7.301029995663981,1.1925144413116917,CC[C@@]12CCCN1C(=O)[C@H](Cc1ccc(O)cc1)NC(=O)[C@H](Cc1cnc[nH]1)NC(=O)[C@H](CC(=O)O)NC(=O)[C@H](Cc1c[nH]c3ccc(F)cc13)NC(=O)[C@H](Cc1c[nH]c3ccc(F)cc13)NC(=O)CNC(=O)[C@H](CCCCN)NC(=O)CCSCc1cccc(c1)CSC[C@@H](C(N)=O)NC2=O,0.0,0.0,0.0,0.0,0.0,0.0,0.0,0.0,0.0,0.0,0.0,0.0,0.0,0.0,0.0,0.0,0.0,0.0,0.0,0.0,0.0,0.0,0.0,0.0,0.0,0.0,0.0,0.0,0.0,0.0,0.0,0.6931471805599453,0.0,0.0,0.0,0.0,0.0,0.0,0.0,0.3758744249050815,0.37534873392630286,0.0,0.0,0.4531966352095854,0.0,0.0,0.0,0.0,0.0,0.0,-0.3876472647913708,0.0,0.0,0.0,0.0,0.0,0.0,0.0,0.0,0.0,0.0,0.0,0.0,0.0,0.0,0.0,0.0,0.0,0.0,0.0,0.0,0.0,0.0,0.0,0.0,0.0,0.0,0.0,0.0,0.0,0.0,0.0,-0.6931471805599453,0.0,0.0,0.0,0.0,0.0,0.0,0.0,0.0,0.0,0.0,0.0,0.0,0.0,0.0,0.0,0.0,0.0,0.0,0.0,0.0,0.0,0.0,0.0,0.0,0.0,0.0,0.0,0.0,0.0,0.0,0.0,0.0,0.0,0.6931471805599453,0.0,0.0,0.0,0.0,0.0,0.0,0.0,0.0,0.0,0.0,0.0,0.0,0.6931471805599453,0.0,0.0,0.0,0.0,0.0,0.0,0.0,0.0,0.0,0.0,0.0,0.0,0.0,0.0,0.0,0.0,0.0,0.0,0.0,0.0,0.0,0.0,0.0,0.0,0.0,0.0,0.0,0.0,0.0,0.0,0.0,0.0,0.0,0.0,0.0,0.0,0.0,0.0,0.0,0.0,0.0,0.17942719876758959,0.0,0.0,0.0,0.0,0.0,-0.015037877364540516,0.0,0.0,0.0,0.0,0.0,0.0,0.0,0.0
4.449771646944906,1.1925144413116917,COc1ccc(C[C@@H]2NC(=O)[C@H](Cc3cnc[nH]3)NC(=O)[C@H](CC(=O)O)NC(=O)[C@H](Cc3c[nH]c4ccc(F)cc34)NC(=O)[C@H](Cc3c[nH]c4ccc(F)cc34)NC(=O)[C@@H](C)NC(=O)CCCCNC(=O)c3ccc(cc3)C[C@@H](C(N)=O)NC(=O)[C@]3(C)CCCN3C2=O)cc1,0.0,0.0,0.0,0.0,0.0,0.0,0.0,0.0,0.0,0.0,0.0,0.0,0.0,0.0,0.0,0.0,0.0,0.0,0.0,0.0,0.0,0.0,0.0,0.0,0.0,0.0,0.0,0.0,0.0,-0.6931471805599453,0.0,0.6931471805599453,0.0,0.0,0.0,-0.6931471805599453,0.0,0.0,0.0,0.0,0.0,0.0,0.0,0.10130827721874541,0.0,0.0,0.0,0.0,0.0,0.0,0.016420730212327542,0.0,0.0,0.0,0.6931471805599453,0.0,0.0,0.0,0.0,0.0,0.0,0.0,0.0,0.0,0.0,0.0,0.0,0.0,0.0,0.0,0.0,0.0,0.0,0.0,0.0,0.0,0.0,0.0,0.0,0.0,0.0,0.0,-0.6931471805599453,0.0,0.0,0.0,0.0,0.0,0.0,0.0,0.0,0.0,0.0,0.0,0.0,0.0,0.0,0.0,0.0,0.0,0.0,0.0,0.0,0.0,0.0,0.0,0.0,0.0,0.0,0.0,0.0,0.0,0.0,0.0,0.0,0.0,0.0,0.0,0.0,0.0,0.0,0.0,0.6931471805599453,0.0,0.0,0.0,0.0,0.0,0.0,0.6931471805599453,0.0,0.0,0.0,0.0,0.0,0.0,0.0,0.0,0.0,0.0,0.0,0.0,0.0,0.0,0.0,0.0,0.0,0.0,0.0,0.0,0.0,0.0,0.0,0.0,0.0,0.0,0.0,0.0,0.0,0.0,0.0,0.0,0.0,0.0,0.0,0.6931471805599453,0.0,0.0,0.0,0.0,0.0,-0.2977468590679224,0.0,0.6931471805599453,0.0,0.0,0.0,0.5978370007556204,0.0,0.0,0.0,0.0,0.0,0.0,0.0,0.0
6.259637310505756,1.1925144413116917,COc1ccc(C[C@@H]2NC(=O)[C@H](Cc3cnc[nH]3)NC(=O)[C@H](CC(=O)O)NC(=O)[C@H](Cc3c[nH]c4ccc(F)cc34)NC(=O)[C@H](Cc3c[nH]c4ccc(F)cc34)NC(=O)[C@@H](C)NC(=O)[C@H](NC(C)=O)Cc3cn(nn3)-c3ccc(cc3)C[C@@H](C(N)=O)NC(=O)[C@]3(C)CCCN3C2=O)cc1,0.7093123221826213,0.0,0.0,0.0,0.0,0.0,0.0,0.6931471805599453,0.0,0.0,0.0,0.0,0.0,0.0,0.0,0.0,0.0,0.0,0.0,0.7506846340696651,0.0,0.0,0.0,0.0,0.0,0.0,0.0,0.0,0.0,-0.6931471805599453,0.0,0.0,0.0,0.0,0.0,-0.6931471805599453,0.0,0.0,0.0,0.2543463885567357,0.25396960936753976,0.0,0.0,0.3386293396892764,0.0,0.0,0.0,0.0,0.0,0.0,0.003305788134499509,0.0,0.0,0.0,0.0,0.0,0.0,0.0,0.6931471805599453,0.0,0.0,0.0,0.0,0.0,0.0,0.0,0.0,0.6931471805599453,0.0,0.0,0.0,0.0,0.0,0.0,0.0,0.0,0.0,0.0,0.0,0.0,0.0,0.0,0.0,0.0,0.0,0.0,0.0,0.0,0.0,0.0,0.0,0.0,0.0,0.0,0.0,0.0,0.0,0.0,0.0,0.0,0.0,0.0,0.0,0.0,0.0,0.0,0.0,0.0,0.0,0.0,0.0,0.0,0.0,0.0,0.0,0.0,0.6931471805599453,0.0,0.0,0.6931471805599453,0.0,0.0,0.0,0.0,0.0,0.0,0.0,0.0,0.0,0.6931471805599453,0.0,0.0,0.0,0.0,0.0,0.0,0.0,0.0,0.0,0.0,0.0,0.0,0.0,0.0,0.0,0.0,0.0,0.0,0.0,0.0,0.0,0.0,0.0,0.0,0.0,0.0,0.0,0.0,0.0,0.0,0.0,0.0,0.0,0.0,0.0,0.0,0.0,0.0,0.0,0.0,0.0,-0.23578013531872155,0.0,0.0,0.0,0.0,0.0,0.6778797084291561,0.0,0.0,0.0,0.0,0.0,0.0,0.0,0.0
7.301029995663981,1.1925144413116917,COc1ccc(C[C@@H]2NC(=O)[C@H](CCC(=O)O)NC(=O)[C@@H]3C[C@H](N)CN3C(=O)[C@H](Cc3c[nH]c4ccc(F)cc34)NC(=O)[C@H](Cc3c[nH]c4ccc(F)cc34)NC(=O)[C@@H](C)NC(=O)[C@H](C)NC(=O)CCSCc3ccc(cc3)CSCCNC(=O)[C@]3(C)CCCN3C2=O)cc1,0.0,0.0,0.0,0.0,0.0,0.0,0.0,0.0,0.0,0.0,0.0,0.0,0.0,0.0,0.0,0.0,0.0,0.0,0.0,0.0,0.0,0.0,0.0,0.0,0.0,0.0,0.0,0.0,0.0,0.0,0.0,0.0,0.0,0.0,0.0,0.0,0.0,0.0,0.0,0.3758744249050815,0.37534873392630286,0.0,0.0,0.4531966352095854,0.0,0.0,0.0,0.0,0.0,0.0,0.20307598826340076,0.0,0.0,0.0,0.0,0.0,0.0,0.0,0.0,0.0,0.0,0.0,0.0,0.0,0.0,0.0,0.6931471805599453,0.0,0.0,0.0,0.0,0.0,0.0,0.0,0.0,0.0,0.0,0.0,0.0,0.0,0.0,0.0,-0.6931471805599453,0.0,0.0,0.0,0.0,0.0,0.0,0.0,0.0,0.0,0.0,0.0,0.0,0.0,0.0,0.0,0.0,0.0,0.0,0.0,0.0,0.0,0.0,0.0,0.0,0.0,0.0,0.0,0.0,0.0,0.0,0.0,0.0,0.0,0.0,0.0,0.0,0.0,0.0,0.0,0.0,0.0,0.0,0.0,0.0,0.0,0.0,0.0,0.0,0.0,0.0,0.0,0.0,0.0,0.0,0.0,0.0,0.0,0.0,0.0,0.0,0.0,0.0,0.0,0.0,0.0,0.0,0.0,0.0,0.0,0.0,0.0,0.0,0.0,0.0,0.0,0.0,0.0,0.0,0.0,0.0,0.0,0.0,0.0,0.0,0.0,0.0,0.0,0.0,-0.4634795031687927,0.0,0.0,0.0,0.0,0.0,-0.05884050002293345,0.0,0.0,0.0,0.0,0.0,0.0,0.0,0.0
7.301029995663981,1.1925144413116917,C[C@H]1NC(=O)[C@H](CCCCN)NC(=O)CCSCc2cccc(c2)CSCCNC(=O)[C@]2(C)CCCN2C(=O)[C@H](Cc2ccc(O)cc2)N(C)C(=O)[C@H](Cc2c[nH]cn2)NC(=O)[C@H](C(C)(C)C(=O)O)NC(=O)[C@H](Cc2c[nH]c3ccc(F)cc23)NC(=O)[C@H](Cc2c[nH]c3ccc(F)cc23)NC1=O,0.0,0.0,0.0,0.0,0.0,0.0,0.0,0.0,0.0,0.0,0.0,0.0,0.0,0.0,0.0,0.0,0.0,0.0,0.0,0.0,0.0,0.0,0.0,0.0,0.0,0.0,0.0,0.0,0.0,0.0,0.0,0.0,0.0,0.0,0.0,0.0,0.0,0.0,0.0,0.3758744249050815,0.37534873392630286,0.0,0.0,0.4531966352095854,0.0,0.0,0.0,0.0,0.0,0.0,-0.4337586167507763,0.0,0.0,0.0,0.0,0.0,0.0,0.0,0.6931471805599453,0.0,0.0,0.0,0.0,0.0,0.0,0.0,0.0,0.0,0.0,0.0,0.0,0.0,0.0,0.0,0.0,0.0,0.0,0.0,0.0,0.0,0.0,0.0,-0.6931471805599453,0.0,0.0,0.0,0.0,0.0,0.0,0.0,0.0,0.0,0.0,0.0,0.0,0.0,0.0,0.0,0.0,0.0,0.0,0.0,0.0,0.0,0.0,0.0,0.0,0.0,0.0,0.0,0.0,0.0,0.0,0.0,0.0,0.0,0.0,0.0,0.0,0.0,0.0,0.0,0.0,0.0,0.0,0.0,0.0,0.0,0.0,0.0,0.0,0.0,0.0,0.0,0.0,0.0,0.0,0.0,0.0,0.0,0.0,0.0,0.0,0.0,0.0,0.0,0.0,0.0,0.0,0.0,0.0,0.0,0.0,0.0,0.0,0.0,0.0,0.0,0.0,0.0,0.0,0.0,0.0,0.0,0.0,0.0,0.0,0.0,0.0,0.0,0.0,-0.05619455834364096,0.0,0.0,0.0,0.0,0.0,-0.46430560813109784,0.0,0.0,0.0,0.0,0.0,0.0,0.0,0.0
4.449771646944906,1.1925144413116917,COc1ccc(C[C@@H]2NC(=O)[C@@H]([C@@H](C)O)NC(=O)[C@H](CC(=O)O)NC(=O)[C@H](Cc3c[nH]c4ccc(F)cc34)NC(=O)[C@H](Cc3cccc(CN)c3)NC(=O)[C@@H](C)NC(=O)[C@H](C)NC(=O)CCSCc3cccc(c3)CSCCNC(=O)[C@]3(C)CCCN3C2=O)cc1,0.0,0.0,0.0,0.0,0.0,0.0,0.0,0.0,0.0,0.0,0.0,0.0,0.0,0.0,0.0,0.0,0.0,0.0,0.0,-1.1455304055890243,0.0,0.0,0.0,0.0,0.0,0.0,0.0,0.0,0.0,0.0,0.0,0.0,0.0,0.0,0.0,0.0,0.0,0.0,0.0,0.0,0.0,0.0,0.0,0.10130827721874541,0.0,0.0,0.0,0.0,0.0,0.0,-0.2983861680677255,0.0,0.0,0.0,0.6931471805599453,0.0,0.0,0.0,0.0,0.0,0.0,0.0,0.0,0.0,0.0,0.0,0.0,0.0,0.0,0.0,0.0,0.0,0.0,0.0,0.0,0.0,0.0,0.0,0.0,0.0,0.0,-0.6931471805599453,0.0,0.0,0.0,0.0,0.0,0.0,0.0,0.0,0.0,0.0,0.0,0.0,0.0,0.0,0.0,0.0,0.0,0.0,0.0,0.0,0.0,0.0,0.0,0.0,0.0,0.0,0.0,0.0,0.0,0.0,0.0,0.0,0.0,0.0,0.0,0.0,0.0,0.0,0.0,0.0,0.0,0.0,0.0,0.0,0.0,0.0,0.0,0.0,0.0,0.0,0.0,0.0,0.0,0.0,0.0,0.0,0.0,0.0,0.0,0.0,0.0,0.0,0.0,0.0,0.0,0.0,0.0,0.0,0.0,0.0,0.0,0.0,0.0,0.0,0.0,0.0,0.0,0.0,0.0,0.0,0.0,0.0,0.0,0.6931471805599453,0.0,0.0,0.0,0.0,0.0,0.33976984884276956,0.0,0.0,0.0,0.0,0.0,0.25299651446389093,0.0,0.0,0.0,0.0,0.0,0.0,0.0,0.0
7.301029995663981,1.1925144413116917,COc1ccc(C[C@@H]2NC(=O)[C@@H]([C@@H](C)O)NC(=O)[C@H](CCCCC(=O)O)NC(=O)[C@H](Cc3c[nH]c4ccc(F)cc34)NC(=O)[C@H](Cc3ccc(CN)cc3)NC(=O)[C@@H](C)NC(=O)[C@H](C)NC(=O)CCSCc3cccc(c3)CSCCNC(=O)[C@]3(C)CCCN3C2=O)cc1,0.0,0.0,0.0,0.0,0.0,0.0,0.0,0.0,0.0,0.0,0.0,0.0,0.0,0.0,0.0,0.0,0.0,0.0,0.0,-1.1455304055890243,0.0,0.0,0.0,0.0,0.0,0.0,0.0,0.0,0.0,0.0,0.0,0.0,0.0,0.0,0.0,0.0,0.0,0.0,0.0,0.3758744249050815,0.37534873392630286,0.0,0.0,0.4531966352095854,0.0,0.0,0.0,0.0,0.0,0.0,-0.2760249879095682,0.0,0.0,0.0,0.6931471805599453,0.0,0.0,0.0,0.0,0.0,0.0,0.0,0.0,0.0,0.0,0.0,0.6931471805599453,0.0,0.0,0.0,0.0,0.0,0.0,0.0,0.0,0.0,0.0,0.0,0.0,0.0,0.0,-0.6931471805599453,0.0,0.0,0.0,0.0,0.0,0.0,0.0,0.0,0.0,0.0,0.0,0.0,0.0,0.0,0.0,0.0,0.0,0.0,0.0,0.0,0.0,0.0,0.0,0.0,0.0,0.0,0.0,0.0,0.0,0.0,0.0,0.0,0.0,0.0,0.0,0.0,0.0,0.0,0.0,0.0,0.0,0.0,0.0,0.0,0.0,0.0,0.0,0.0,0.0,0.0,0.0,0.0,0.0,0.0,0.0,0.0,0.0,0.0,0.0,0.0,0.0,0.0,0.0,0.0,0.0,0.0,0.0,0.0,0.0,0.0,0.0,0.0,0.0,0.0,0.0,0.0,0.0,0.0,0.0,0.0,0.0,0.0,0.0,0.6931471805599453,0.0,0.0,0.0,0.0,0.0,-0.05619455834364096,0.0,0.0,0.0,0.0,0.0,-0.015037877364540516,0.0,0.0,0.0,0.0,0.0,0.0,0.0,0.0
7.301029995663981,1.1925144413116917,COc1ccc(C[C@@H]2NC(=O)[C@H](Cc3c[nH]cn3)NC(=O)[C@H](CC(=O)O)NC(=O)[C@H](Cc3c[nH]c4ccc(F)cc34)NC(=O)[C@H](Cc3c[nH]c4ccc(F)cc34)NC(=O)[C@@H](C)NC(=O)[C@H](CCCCN)NC(=O)CCSCc3cccc(c3)CSCCNC(=O)[C@]3(C)CCCN3C2=O)cc1Cl,0.0,0.0,0.0,0.0,0.0,0.0,0.0,0.0,0.0,0.0,0.0,0.0,0.0,0.0,0.0,0.0,0.0,0.0,0.0,0.0,0.0,0.0,0.0,0.0,0.0,0.0,0.0,0.0,0.0,0.0,0.0,0.0,0.0,0.0,0.0,0.0,0.0,0.0,0.0,0.3758744249050815,0.37534873392630286,0.0,0.0,0.4531966352095854,0.0,0.0,0.0,0.0,0.0,0.0,-0.4941307451938207,0.0,0.0,0.0,0.0,0.6931471805599453,0.0,0.0,0.0,0.0,0.0,0.0,0.0,0.0,0.0,0.0,0.0,0.0,0.0,0.0,0.0,0.0,0.0,0.0,0.0,0.0,0.0,0.0,0.0,0.0,0.0,0.0,-0.6931471805599453,0.0,0.0,0.0,0.0,0.0,0.0,0.0,0.0,0.0,0.0,0.0,0.0,0.0,0.0,0.0,0.0,0.0,0.0,0.0,0.0,0.0,0.0,0.0,0.0,0.0,0.0,0.0,0.0,0.0,0.0,0.0,0.0,0.0,0.0,0.0,0.0,0.0,0.0,0.0,0.0,0.0,0.0,0.0,0.0,0.0,0.0,0.0,0.0,0.0,0.0,0.0,0.0,0.0,0.0,0.0,0.0,0.0,0.0,0.0,0.0,0.0,0.0,0.0,0.0,0.0,0.0,0.0,0.0,0.0,0.0,0.0,0.0,0.0,0.0,0.0,0.0,0.0,0.0,0.0,0.0,0.0,0.0,0.0,0.0,0.0,0.0,0.0,0.0,-0.24487110701997458,0.0,0.6931471805599453,0.0,0.0,0.0,0.11441035117774422,0.0,0.0,0.0,0.0,0.0,0.0,0.0,0.0
7.301029995663981,1.1925144413116917,COc1ccc(C[C@@H]2NC(=O)[C@H](Cc3c[nH]cn3)NC(=O)[C@H](CC(=O)O)NC(=O)[C@H](Cc3c[nH]c4ccc(F)cc34)NC(=O)[C@H](Cc3c[nH]c4ccc(F)cc34)NC(=O)[C@@H](C)NC(=O)[C@H](CCCCN)NC(=O)CCSCc3cccc(c3)CSCCNC(=O)[C@]3(C)CCCN3C2=O)cc1C,0.0,0.0,0.0,0.0,0.0,0.0,0.0,0.0,0.0,0.0,0.0,0.0,0.0,0.0,0.0,0.0,0.0,0.0,0.0,0.0,0.0,0.0,0.0,0.0,0.0,0.0,0.0,0.0,0.0,0.0,0.0,0.0,0.0,0.0,0.0,0.0,0.0,0.0,0.0,0.3758744249050815,0.37534873392630286,0.0,0.0,0.4531966352095854,0.0,0.0,0.0,0.0,0.0,0.0,-0.3486961782069273,0.0,0.0,0.0,0.0,0.0,0.0,0.0,0.0,0.0,0.0,0.0,0.0,0.0,0.0,0.0,0.0,0.0,0.0,0.0,0.0,0.0,0.0,0.0,0.0,0.0,0.0,0.0,0.0,0.0,0.0,0.0,-0.6931471805599453,0.0,0.0,0.0,0.0,0.0,0.0,0.0,0.0,0.0,0.0,0.0,0.0,0.0,0.0,0.0,0.0,0.0,0.0,0.0,0.0,0.0,0.0,0.0,0.0,0.0,0.0,0.0,0.0,0.0,0.0,0.0,0.0,0.0,0.0,0.0,0.0,0.0,0.0,0.0,0.0,0.0,0.0,0.0,0.0,0.0,0.0,0.0,0.0,0.0,0.0,0.0,0.0,0.0,0.0,0.0,0.0,0.0,0.0,0.0,0.0,0.0,0.0,0.0,0.0,0.0,0.0,0.0,0.0,0.0,0.0,0.0,0.0,0.0,0.0,0.0,0.0,0.0,0.0,0.0,0.0,0.0,0.0,0.0,0.0,0.0,0.0,0.0,0.0,0.05619455834364338,0.0,0.0,0.0,0.0,0.0,-0.04445176257083384,0.0,0.0,0.0,0.0,0.0,0.0,0.0,0.0
7.301029995663981,1.1925144413116917,COc1ccc(C[C@@H]2NC(=O)C(CCCCC(=O)O)NC(=O)[C@@H]3C[C@H](N)CN3C(=O)[C@H](Cc3c[nH]c4ccc(F)cc34)NC(=O)[C@H](Cc3c[nH]c4ccc(F)cc34)NC(=O)[C@@H](C)NC(=O)[C@H](CCCN=[N+]=[N-])NC(=O)CCSCc3cccc(c3)CCSCNC(=O)[C@]3(C)CCCN3C2=O)cc1,0.0,0.0,0.0,0.0,0.0,0.0,0.0,0.0,0.0,0.0,0.0,0.0,0.0,0.0,0.0,0.0,0.0,0.0,0.0,1.1163313125170997,0.0,0.0,0.0,0.0,0.0,0.0,0.0,0.0,0.0,0.0,0.0,0.0,0.0,0.0,0.0,0.0,0.0,0.0,0.0,0.3758744249050815,0.37534873392630286,0.0,0.0,0.4531966352095854,0.0,0.0,0.0,0.0,0.0,0.0,0.4981630087217595,0.0,0.0,0.0,0.0,0.0,0.0,0.0,0.0,0.0,0.0,0.0,0.0,0.0,0.0,0.0,0.6931471805599453,0.0,0.0,0.0,0.0,0.0,0.0,0.0,0.0,0.0,0.0,0.0,0.0,0.0,0.0,0.0,-0.6931471805599453,0.0,0.0,0.0,0.0,0.0,0.0,0.0,0.0,0.0,0.0,0.0,0.0,0.0,0.0,0.0,0.0,0.0,0.0,0.0,0.0,0.0,0.0,0.0,0.0,0.0,0.0,0.0,0.0,0.0,0.0,0.0,0.0,0.0,0.6931471805599453,0.0,0.0,0.0,0.0,0.0,0.6931471805599453,0.0,0.0,0.0,0.0,0.0,0.0,0.0,0.0,0.0,0.0,0.0,0.0,0.0,0.0,0.0,0.0,0.0,0.0,0.0,0.0,0.0,0.0,0.0,0.0,0.0,0.0,0.0,0.0,0.0,0.0,0.0,0.0,0.0,0.0,0.0,0.0,0.0,0.0,0.0,0.0,0.0,0.0,0.0,0.0,0.0,0.0,0.0,0.0,-0.4488272263819223,0.0,0.6931471805599453,0.0,0.0,0.0,-0.35364004024357837,0.0,0.0,0.0,0.0,0.0,0.0,0.0,0.0
6.150514997831991,0.2973629040733618,COc1ccc(C[C@@H]2NC(=O)[C@H](Cc3cnc[nH]3)NC(=O)[C@H](CC(=O)O)NC(=O)[C@H](Cc3c[nH]c4ccc(F)cc34)NC(=O)[C@H](Cc3c[nH]c4ccc(F)cc34)NC(=O)[C@@H](C)NC(=O)CCC3CCN(CC3)C(=O)c3ccc(cc3)C[C@@H](C(N)=O)NC(=O)[C@]3(C)CCCN3C2=O)cc1,0.0,0.0,0.0,0.0,0.0,0.0,0.0,0.0,0.0,0.0,0.0,0.0,0.0,0.0,0.0,0.0,0.0,0.0,0.0,0.0,0.0,0.0,0.0,0.0,0.0,0.0,0.0,0.0,0.0,-0.6931471805599453,0.0,0.6931471805599453,0.0,0.0,0.0,-0.6931471805599453,0.0,0.0,0.0,0.22159893318814058,0.2590860088262802,0.0,0.0,0.0,0.0,0.0,0.0,0.0,0.0,0.0,0.0886656370856564,0.0,0.0,0.0,0.6931471805599453,0.0,0.0,0.0,0.0,0.0,0.0,0.0,0.0,0.0,0.0,0.0,0.0,0.0,0.0,0.0,0.0,0.0,0.0,0.0,0.0,0.0,0.0,0.0,0.0,0.0,0.0,0.0,-0.6931471805599453,0.0,0.0,0.0,0.0,0.0,0.0,0.0,0.0,0.0,0.0,0.0,0.0,0.0,0.0,0.0,0.0,0.0,0.0,0.0,0.0,0.0,0.0,0.0,0.0,0.0,0.0,0.0,0.0,0.0,0.0,0.0,0.0,0.0,0.6931471805599453,0.0,0.0,0.0,0.0,0.0,0.6931471805599453,0.0,0.0,0.0,0.0,0.0,0.0,0.6931471805599453,0.0,0.0,0.0,0.0,0.0,0.0,0.0,0.0,0.0,0.0,0.0,0.0,0.0,0.0,0.0,0.0,0.0,0.0,0.0,0.0,0.0,0.0,0.0,0.0,0.0,0.0,0.0,0.0,0.0,0.0,0.0,0.0,0.0,0.0,0.0,0.6931471805599453,0.0,0.0,0.0,0.0,0.0,-0.48506307483596806,0.0,0.6931471805599453,0.0,0.0,0.0,0.1278333715098849,0.0,0.0,0.0,0.0,0.0,0.0,0.0,0.0
7.301029995663981,1.1925144413116917,COc1ccc(C[C@@H]2NC(=O)[C@H](Cc3cnc[nH]3)NC(=O)[C@H](CC(=O)O)NC(=O)[C@H](Cc3c[nH]c4ccc(F)cc34)NC(=O)[C@H](Cc3c[nH]c4ccc(F)cc34)NC(=O)[C@@H](C)NC(=O)Cc3cccc(c3)CNC(=O)c3ccc(cc3)C[C@@H](C(N)=O)NC(=O)[C@]3(C)CCCN3C2=O)cc1,0.0,0.0,0.0,0.0,0.0,0.0,0.0,0.6931471805599453,0.0,0.0,0.0,0.0,0.0,0.0,0.0,0.0,0.0,0.0,0.0,0.0,0.0,0.0,0.0,0.0,0.0,0.0,0.0,0.0,0.0,-0.6931471805599453,0.0,0.6931471805599453,0.0,0.0,0.0,-0.6931471805599453,0.0,0.0,0.0,0.3758744249050815,0.37534873392630286,0.0,0.0,0.4531966352095854,0.0,0.0,0.0,0.0,0.0,0.0,0.09771547260557432,0.0,0.0,0.0,0.6931471805599453,0.0,0.0,0.0,0.0,0.0,0.0,0.0,0.0,0.0,0.0,0.0,0.0,0.0,0.0,0.0,0.0,0.0,0.0,0.0,0.0,0.0,0.0,0.0,0.0,0.0,0.0,0.0,0.0,0.0,0.0,0.0,0.0,0.0,0.0,0.0,0.0,0.0,0.0,0.0,0.0,0.0,0.0,0.0,0.0,0.0,0.0,0.0,0.0,0.0,0.0,0.0,0.0,0.0,0.0,0.0,0.0,0.0,0.0,0.0,0.0,0.0,0.0,0.0,0.0,0.0,0.0,0.0,0.6931471805599453,0.0,0.0,0.0,0.0,0.0,0.0,0.6931471805599453,0.0,0.0,0.0,0.0,0.0,0.0,0.0,0.0,0.0,0.0,0.0,0.0,0.0,0.0,0.0,0.0,0.0,0.0,0.0,0.0,0.0,0.0,0.0,0.0,0.0,0.0,0.0,0.0,0.0,0.0,0.0,0.0,0.0,0.0,0.0,0.6931471805599453,0.0,0.0,0.0,0.0,0.0,-0.403536467201759,0.0,0.6931471805599453,0.0,0.0,0.0,0.787079000394148,0.0,0.0,0.0,0.0,0.0,0.0,0.0,0.0
7.301029995663981,1.1925144413116917,COc1ccc(C[C@@H]2NC(=O)[C@H](Cc3cnc[nH]3)NC(=O)[C@H](CC(=O)O)NC(=O)[C@H](Cc3c[nH]c4ccc(F)cc34)NC(=O)[C@H](Cc3c[nH]c4ccc(F)cc34)NC(=O)[C@@H](C)NC(=O)Cc3ccc(cc3)CNC(=O)c3ccc(cc3)C[C@@H](C(N)=O)NC(=O)[C@]3(C)CCCN3C2=O)cc1,0.0,0.0,0.0,0.0,0.0,0.0,0.0,0.6931471805599453,0.0,0.0,0.0,0.0,0.0,0.0,0.0,0.0,0.0,0.0,0.0,0.0,0.0,0.0,0.0,0.0,0.0,0.0,0.0,0.0,0.0,-0.6931471805599453,0.0,0.6931471805599453,0.0,0.0,0.0,-0.6931471805599453,0.0,0.0,0.0,0.3758744249050815,0.37534873392630286,0.0,0.0,0.4531966352095854,0.0,0.0,0.0,0.0,0.0,0.0,0.07339816495486795,0.0,0.0,0.0,0.6931471805599453,0.0,0.0,0.0,0.0,0.0,0.0,0.0,0.0,0.0,0.0,0.0,0.0,0.0,0.0,0.0,0.0,0.0,0.0,0.0,0.0,0.0,0.0,0.0,0.0,0.0,0.0,0.0,0.0,0.0,0.0,0.0,0.0,0.0,0.0,0.0,0.0,0.0,0.0,0.0,0.0,0.0,0.0,0.0,0.0,0.0,0.0,0.0,0.0,0.0,0.0,0.0,0.0,0.0,0.0,0.0,0.0,0.0,0.0,0.0,0.0,0.0,0.0,0.0,0.0,0.0,0.0,0.0,0.6931471805599453,0.0,0.0,0.0,0.0,0.0,0.0,0.6931471805599453,0.0,0.0,0.0,0.0,0.0,0.0,0.0,0.0,0.0,0.0,0.0,0.0,0.0,0.0,0.0,0.0,0.0,0.0,0.0,0.0,0.0,0.0,0.0,0.0,0.0,0.0,0.0,0.0,0.0,0.0,0.0,0.0,0.0,0.0,0.0,0.6931471805599453,0.0,0.0,0.0,0.0,0.0,-0.3062939196463799,0.0,0.6931471805599453,0.0,0.0,0.0,0.787079000394148,0.0,0.0,0.0,0.0,0.0,0.0,0.0,0.0
7.301029995663981,1.1925144413116917,COc1ccc(C[C@@H]2NC(=O)[C@H](Cc3cnc[nH]3)NC(=O)[C@H](CC(=O)O)NC(=O)[C@H](Cc3c[nH]c4ccc(F)cc34)NC(=O)[C@H](Cc3c[nH]c4ccc(F)cc34)NC(=O)[C@H](C)NC(=O)[C@H](NC(C)=O)CCc3cn(nn3)-c3ccc(cc3)C[C@@H](C(N)=O)NC(=O)[C@]3(C)CCCN3C2=O)cc1,0.7093123221826213,0.0,0.0,0.0,0.0,0.0,0.0,0.6931471805599453,0.0,0.0,0.0,0.0,0.0,0.0,0.0,0.0,0.0,0.0,0.0,0.7506846340696651,0.0,0.0,0.0,0.0,0.0,0.0,0.0,0.0,0.0,-0.6931471805599453,0.0,0.0,0.0,0.0,0.0,-0.6931471805599453,0.0,0.0,0.0,0.3758744249050815,0.37534873392630286,0.0,0.0,0.4531966352095854,0.0,0.0,0.0,0.0,0.0,0.0,0.03257617043461277,0.0,0.0,0.0,0.0,0.0,0.0,0.0,0.6931471805599453,0.0,0.0,0.0,0.0,0.0,0.0,0.0,0.0,0.6931471805599453,0.0,0.0,0.0,0.0,0.0,0.0,0.0,0.0,0.0,0.0,0.0,0.0,0.0,0.0,0.0,0.0,0.0,0.0,0.0,0.0,0.0,0.0,0.0,0.0,0.0,0.0,0.0,0.0,0.0,0.0,0.0,0.0,0.0,0.0,0.0,0.0,0.0,0.0,0.0,0.0,0.0,0.0,0.0,0.0,0.0,0.0,0.0,0.0,0.6931471805599453,0.0,0.0,0.6931471805599453,0.0,0.0,0.0,0.0,0.0,0.0,0.0,0.0,0.0,0.6931471805599453,0.0,0.0,0.0,0.0,0.0,0.0,0.0,0.0,0.0,0.0,0.0,0.0,0.0,0.0,0.0,0.0,0.0,0.0,0.0,0.0,0.0,0.0,0.0,0.0,0.0,0.0,0.0,0.0,0.0,0.0,0.0,0.0,0.0,0.0,0.0,0.0,0.0,0.0,0.0,0.0,0.0,-0.2977468590679224,0.0,0.0,0.0,0.0,0.0,0.614366302706831,0.0,0.0,0.0,0.0,0.0,0.0,0.0,0.0
7.301029995663981,1.1925144413116917,COc1ccc(C[C@@H]2NC(=O)[C@H](Cc3cnc[nH]3)NC(=O)[C@H](CC(=O)O)NC(=O)[C@H](Cc3c[nH]c4ccc(F)cc34)NC(=O)[C@H](Cc3c[nH]c4ccc(F)cc34)NC(=O)[C@@H](C)NC(=O)[C@H](CCCCN)NC(=O)[C@@H](NC(C)=O)CCCCCNC(=O)c3ccc(cc3)C[C@@H](C(N)=O)NC(=O)[C@]3(C)CCCN3C2=O)cc1,0.0,0.0,0.0,0.0,0.0,0.0,0.0,0.0,0.0,0.0,0.0,0.0,0.0,0.0,0.0,0.0,0.0,0.0,0.0,0.0,0.0,0.0,0.0,0.0,0.0,0.0,0.0,0.0,0.0,-0.6931471805599453,0.0,0.6931471805599453,0.0,0.0,0.0,-0.6931471805599453,0.0,0.0,0.0,0.3758744249050815,0.37534873392630286,0.0,0.0,0.4531966352095854,0.0,0.0,0.0,0.0,0.0,0.0,0.09771547260557432,0.0,0.0,0.0,0.6931471805599453,0.0,0.0,0.0,0.0,0.0,0.0,0.0,0.0,0.0,0.0,0.0,0.0,0.0,0.0,0.0,0.0,0.0,0.0,0.0,0.0,0.0,0.0,0.0,0.0,0.0,0.0,0.0,-0.6931471805599453,0.0,0.0,0.0,0.0,0.0,0.0,0.0,0.0,0.0,0.0,0.0,0.0,0.0,0.0,0.0,0.0,0.0,0.0,0.0,0.0,0.0,0.0,0.0,0.0,0.0,0.0,0.0,0.0,0.0,0.0,0.0,0.0,0.0,0.0,0.0,0.0,0.0,0.0,0.0,0.6931471805599453,0.0,0.0,0.0,0.0,0.0,0.0,0.6931471805599453,0.0,0.0,0.0,0.0,0.0,0.0,0.0,0.0,0.0,0.0,0.0,0.0,0.0,0.0,0.0,0.0,0.0,0.0,0.0,0.0,0.0,0.0,0.0,0.0,0.0,0.0,0.0,0.0,0.0,0.0,0.0,0.0,0.0,0.0,0.0,0.6931471805599453,0.0,0.0,0.0,0.0,0.0,-0.15001331356129724,0.0,0.6931471805599453,0.0,0.0,0.0,0.3850562364769573,0.0,0.0,0.0,0.0,0.0,0.0,0.0,0.0
6.259637310505756,1.1925144413116917,COc1ccc(C[C@@H]2NC(=O)[C@H](Cc3cnc[nH]3)NC(=O)[C@H](CC(=O)O)NC(=O)[C@H](Cc3c[nH]c4ccc(F)cc34)NC(=O)[C@H](Cc3c[nH]c4ccc(F)cc34)NC(=O)[C@@H](C)NC(=O)[C@H](NC(C)=O)CCCCNC(=O)Cc3cccc(c3)CNC(=O)C[C@@H](C(N)=O)NC(=O)[C@]3(C)CCCN3C2=O)cc1,0.0,0.0,0.0,0.0,0.0,0.0,0.0,0.0,0.0,0.0,0.0,0.0,0.0,0.0,0.0,0.0,0.0,0.0,0.0,0.0,0.0,0.0,0.0,0.0,0.0,0.0,0.0,0.0,0.0,0.0,0.0,0.0,0.0,0.0,0.0,-0.6931471805599453,0.0,0.0,0.0,0.2543463885567357,0.25396960936753976,0.0,0.0,0.3386293396892764,0.0,0.0,0.0,0.0,0.0,0.0,0.03257617043461277,0.0,0.0,0.0,0.6931471805599453,0.0,0.0,0.0,0.0,0.0,0.0,0.0,0.0,0.0,0.0,0.0,0.0,0.0,0.0,0.0,0.0,0.0,0.0,0.0,0.0,0.0,0.0,0.0,0.0,0.0,0.0,0.0,0.0,0.0,0.0,0.0,0.0,0.0,0.0,0.0,0.0,0.0,0.0,0.0,0.0,0.0,0.0,0.0,0.0,0.0,0.0,0.0,0.0,0.0,0.0,0.0,0.0,0.0,0.0,0.0,0.0,0.0,0.0,0.0,0.0,0.0,0.0,0.0,0.0,0.0,0.0,0.0,0.0,0.0,0.0,0.0,0.0,0.0,0.0,0.6931471805599453,0.0,0.0,0.0,0.0,0.0,0.0,0.0,0.0,0.0,0.0,0.0,0.0,0.0,0.0,0.0,0.0,0.0,0.0,0.0,0.0,0.0,0.0,0.0,0.0,0.0,0.0,0.0,0.0,0.0,0.0,0.0,0.0,0.0,0.0,0.0,0.6931471805599453,0.0,0.0,0.0,0.0,0.0,-0.3800978942297423,0.0,0.0,0.0,0.0,0.0,0.708185057924485,0.0,0.0,0.0,0.0,0.0,0.0,0.0,0.0
4.449771646944906,1.1925144413116917,COc1ccc(C[C@@H]2NC(=O)[C@H](Cc3cnc[nH]3)NC(=O)[C@H](CC(=O)O)NC(=O)[C@H](Cc3c[nH]c4ccc(F)cc34)NC(=O)[C@H](Cc3c[nH]c4ccc(F)cc34)NC(=O)[C@H](C)NC(=O)[C@H](NC(C)=O)CCCc3cn(nn3)-c3ccc(cc3)C[C@@H](C(N)=O)NC(=O)[C@]3(C)CCCN3C2=O)cc1,0.7093123221826213,0.0,0.0,0.0,0.0,0.0,0.0,0.6931471805599453,0.0,0.0,0.0,0.0,0.0,0.0,0.0,0.0,0.0,0.0,0.0,0.7506846340696651,0.0,0.0,0.0,0.0,0.0,0.0,0.0,0.0,0.0,-0.6931471805599453,0.0,0.0,0.0,0.0,0.0,-0.6931471805599453,0.0,0.0,0.0,0.0,0.0,0.0,0.0,0.10130827721874541,0.0,0.0,0.0,0.0,0.0,0.0,0.06101410575514632,0.0,0.0,0.0,0.0,0.0,0.0,0.0,0.6931471805599453,0.0,0.0,0.0,0.0,0.0,0.0,0.0,0.0,0.6931471805599453,0.0,0.0,0.0,0.0,0.0,0.0,0.0,0.0,0.0,0.0,0.0,0.0,0.0,0.0,0.0,0.0,0.0,0.0,0.0,0.0,0.0,0.0,0.0,0.0,0.0,0.0,0.0,0.0,0.0,0.0,0.0,0.0,0.0,0.0,0.0,0.0,0.0,0.0,0.0,0.0,0.0,0.0,0.0,0.0,0.0,0.0,0.0,0.0,0.6931471805599453,0.0,0.0,0.6931471805599453,0.0,0.0,0.0,0.0,0.0,0.0,0.0,0.0,0.0,0.6931471805599453,0.0,0.0,0.0,0.0,0.0,0.0,0.0,0.0,0.0,0.0,0.0,0.0,0.0,0.0,0.0,0.0,0.0,0.0,0.0,0.0,0.0,0.0,0.0,0.0,0.0,0.0,0.0,0.0,0.0,0.0,0.0,0.0,0.0,0.0,0.0,0.0,0.0,0.0,0.0,0.0,0.0,-0.20800057121164678,0.0,0.0,0.0,0.0,0.0,0.5465437063680699,0.0,0.0,0.0,0.0,0.0,0.0,0.0,0.0
7.301029995663981,1.1925144413116917,COc1ccc(C[C@@H]2NC(=O)[C@H](Cc3cnc[nH]3)NC(=O)[C@H](CC(=O)O)NC(=O)[C@H](Cc3c[nH]c4ccc(F)cc34)NC(=O)[C@H](Cc3c[nH]c4ccc(F)cc34)NC(=O)[C@@H](C)NC(=O)[C@H](NC(C)=O)CCCCNC(=O)Cc3cccc(c3)CNC(=O)CC[C@@H](C(=O)O)NC(=O)[C@]3(C)CCCN3C2=O)cc1,0.0,0.0,0.0,0.0,0.0,0.6931471805599453,0.0,0.0,0.0,0.0,0.0,0.0,0.0,0.0,0.0,0.0,0.0,0.0,0.0,0.0,0.0,0.0,0.0,0.0,0.0,0.0,0.0,0.0,0.0,-0.6931471805599453,0.0,0.0,0.0,0.0,0.0,0.0,0.0,0.0,0.0,0.3758744249050815,0.37534873392630286,0.0,0.0,0.4531966352095854,0.0,0.0,0.0,0.0,0.0,0.0,0.02614528010432233,0.0,0.0,0.0,0.6931471805599453,0.0,0.0,0.0,0.0,0.0,0.0,0.0,0.0,0.0,0.0,0.0,0.6931471805599453,0.0,0.0,0.0,0.0,0.0,0.0,0.0,0.0,0.0,0.0,0.0,0.0,0.0,0.0,0.0,0.0,0.0,0.0,0.0,0.0,0.0,0.0,0.0,0.0,0.0,0.0,0.0,0.0,0.0,0.0,0.0,0.0,0.0,0.0,0.0,0.0,0.0,0.0,0.0,0.0,0.0,0.0,0.0,0.0,0.0,0.0,0.0,0.0,0.0,0.0,0.0,0.0,0.0,0.0,0.0,0.0,0.0,0.0,0.0,0.0,0.0,0.0,0.0,0.0,0.0,0.0,0.0,0.0,0.0,0.0,0.0,0.0,0.0,0.0,0.0,0.0,0.0,0.0,0.0,0.0,0.0,0.0,0.0,0.0,0.0,0.0,0.0,0.0,0.0,0.0,0.0,0.0,0.0,0.0,0.0,0.0,0.0,0.0,0.6931471805599453,0.0,0.0,0.0,0.0,0.0,-0.47072591168956074,0.0,0.0,0.0,0.0,0.0,0.6545323444321648,0.0,0.0,0.0,0.0,0.0,0.0,0.0,0.0
5.183758700008217,1.1925144413116917,COc1ccc(C[C@@H]2NC(=O)[C@H](Cc3cnc[nH]3)NC(=O)[C@H](CC(=O)O)NC(=O)[C@H](Cc3c[nH]c4ccc(F)cc34)NC(=O)[C@H](Cc3c[nH]c4ccc(F)cc34)NC(=O)[C@@H](C)NC(=O)[C@H](NC(C)=O)CCCCNC(=O)Cc3ccc(cc3)CNC(=O)C[C@@H](C(N)=O)NC(=O)[C@]3(C)CCCN3C2=O)cc1,0.0,0.0,0.0,0.0,0.0,0.0,0.0,0.0,0.0,0.0,0.0,0.0,0.0,0.0,0.0,0.0,0.0,0.0,0.0,0.0,0.0,0.0,0.0,0.0,0.0,0.0,0.0,0.0,0.0,0.0,0.0,0.0,0.0,0.0,0.0,-0.6931471805599453,0.0,0.0,0.0,0.11105295721410488,0.11087663101705109,0.0,0.0,0.2038893586045199,0.0,0.0,0.0,0.0,0.0,0.0,0.006600684031352068,0.0,0.0,0.0,0.6931471805599453,0.0,0.0,0.0,0.0,0.0,0.0,0.0,0.0,0.0,0.0,0.0,0.0,0.0,0.0,0.0,0.0,0.0,0.0,0.0,0.0,0.0,0.0,0.0,0.0,0.0,0.0,0.0,0.0,0.0,0.0,0.0,0.0,0.0,0.0,0.0,0.0,0.0,0.0,0.0,0.0,0.0,0.0,0.0,0.0,0.0,0.0,0.0,0.0,0.0,0.0,0.0,0.0,0.0,0.0,0.0,0.0,0.0,0.0,0.0,0.0,0.0,0.0,0.0,0.0,0.0,0.0,0.0,0.0,0.0,0.0,0.0,0.0,0.0,0.0,0.6931471805599453,0.0,0.0,0.0,0.0,0.0,0.0,0.0,0.0,0.0,0.0,0.0,0.0,0.0,0.0,0.0,0.0,0.0,0.0,0.0,0.0,0.0,0.0,0.0,0.0,0.0,0.0,0.0,0.0,0.0,0.0,0.0,0.0,0.0,0.0,0.0,0.6931471805599453,0.0,0.0,0.0,0.0,0.0,-0.2804304090564615,0.0,0.0,0.0,0.0,0.0,0.708185057924485,0.0,0.0,0.0,0.0,0.0,0.0,0.0,0.0
7.301029995663981,1.1925144413116917,COc1ccc(C[C@@H]2NC(=O)[C@H](Cc3cnc[nH]3)NC(=O)[C@H](CC(=O)O)NC(=O)[C@H](Cc3c[nH]c4ccc(F)cc34)NC(=O)[C@H](Cc3c[nH]c4ccc(F)cc34)NC(=O)[C@@H](C)NC(=O)[C@H](NC(C)=O)CCCCNC(=O)Cc3ccc(cc3)CNC(=O)CC[C@@H](C(N)=O)NC(=O)[C@]3(C)CCCN3C2=O)cc1,0.0,0.0,0.0,0.0,0.0,0.0,0.0,0.0,0.0,0.0,0.0,0.0,0.0,0.0,0.0,0.0,0.0,0.0,0.0,0.0,0.0,0.0,0.0,0.0,0.0,0.0,0.0,0.0,0.0,-0.6931471805599453,0.0,0.0,0.0,0.0,0.0,-0.6931471805599453,0.0,0.0,0.0,0.3758744249050815,0.37534873392630286,0.0,0.0,0.4531966352095854,0.0,0.0,0.0,0.0,0.0,0.0,-0.003305788134499509,0.0,0.0,0.0,0.6931471805599453,0.0,0.0,0.0,0.0,0.0,0.0,0.0,0.0,0.0,0.0,0.0,0.0,0.0,0.0,0.0,0.0,0.0,0.0,0.0,0.0,0.0,0.0,0.0,0.0,0.0,0.0,0.0,0.0,0.0,0.0,0.0,0.0,0.0,0.0,0.0,0.0,0.0,0.0,0.0,0.0,0.0,0.0,0.0,0.0,0.0,0.0,0.0,0.0,0.0,0.0,0.0,0.0,0.0,0.0,0.0,0.0,0.0,0.0,0.0,0.0,0.0,0.0,0.0,0.0,0.0,0.0,0.0,0.0,0.0,0.0,0.0,0.0,0.0,0.0,0.6931471805599453,0.0,0.0,0.0,0.0,0.0,0.0,0.0,0.0,0.0,0.0,0.0,0.0,0.0,0.0,0.0,0.0,0.0,0.0,0.0,0.0,0.0,0.0,0.0,0.0,0.0,0.0,0.0,0.0,0.0,0.0,0.0,0.0,0.0,0.0,0.0,0.6931471805599453,0.0,0.0,0.0,0.0,0.0,-0.4339570639024709,0.0,0.0,0.0,0.0,0.0,0.6545323444321648,0.0,0.0,0.0,0.0,0.0,0.0,0.0,0.0
7.301029995663981,1.1925144413116917,C[C@@]12CCCN1C(=O)[C@H](Cc1ccc(O)cc1)NC(=O)[C@H](Cc1cnc[nH]1)NC(=O)[C@H](CC(=O)O)NC(=O)[C@H](Cc1c[nH]c3ccc(O)cc13)NC(=O)[C@H](Cc1c[nH]c3ccc(F)cc13)NC(=O)CNC(=O)[C@H](CCCCN)NC(=O)CCSCc1cccc(c1)CSC[C@@H](C(N)=O)NC2=O,0.7148462081390736,0.0,0.0,0.0,0.0,0.0,0.0,0.0,0.0,0.0,0.0,0.0,0.0,0.0,0.0,0.0,0.0,0.0,0.0,0.0,0.0,0.0,0.0,0.0,0.0,0.0,0.0,0.0,0.0,0.0,0.0,0.0,0.0,0.0,0.0,0.0,0.0,0.0,0.0,0.3758744249050815,0.37534873392630286,0.0,0.0,0.4531966352095854,0.0,0.0,0.0,0.0,0.0,0.0,-0.3486961782069273,0.0,0.0,0.0,0.0,0.0,0.0,0.0,0.0,0.0,0.0,0.0,0.0,0.0,0.0,0.0,0.0,0.0,0.0,0.0,0.0,0.0,0.0,0.0,0.0,0.0,0.0,0.0,0.0,0.0,0.0,0.0,-0.6931471805599453,0.0,0.0,0.0,0.0,0.0,0.0,0.0,0.0,0.0,0.0,0.0,0.0,0.0,0.0,0.0,0.0,0.0,0.0,0.0,0.0,0.0,0.0,0.0,0.0,0.0,0.0,0.0,0.0,0.0,0.0,0.0,0.0,0.0,0.0,0.0,0.0,0.0,0.0,0.0,0.0,0.0,0.0,0.0,0.0,0.0,0.0,0.6931471805599453,0.0,0.0,0.0,0.0,0.0,0.0,0.0,0.0,0.0,0.0,0.0,0.0,0.0,0.0,0.0,0.0,0.0,0.0,0.0,0.0,0.0,0.0,0.0,0.0,0.0,0.0,0.0,0.0,0.0,0.0,0.0,0.0,0.0,0.0,0.0,0.0,0.0,0.0,0.0,0.0,0.0,0.47072591168956074,0.0,0.0,0.0,0.0,0.0,0.0,0.0,0.0,0.0,0.0,0.0,0.0,0.0,0.0
6.259637310505756,1.1925144413116917,COc1ccc(C[C@@H]2NC(=O)[C@H](Cc3cnc[nH]3)NC(=O)[C@H](CC(=O)O)NC(=O)[C@H](Cc3c[nH]c4ccc(F)cc34)NC(=O)[C@H](Cc3c[nH]c4ccc(F)cc34)NC(=O)[C@@H](C)NC(=O)CCCC(=O)NCCOc3ccc(cc3)C[C@@H](C(N)=O)NC(=O)[C@]3(C)CCCN3C2=O)cc1,0.7148462081390736,0.0,0.0,0.0,0.0,0.0,0.0,0.0,0.0,0.0,0.0,0.0,0.0,0.0,0.0,0.0,0.0,0.0,0.0,0.0,0.0,0.0,0.0,0.0,0.0,0.0,0.0,0.0,0.0,-0.6931471805599453,0.0,0.0,0.0,0.0,0.0,-0.6931471805599453,0.0,0.0,0.0,0.2543463885567357,0.25396960936753976,0.0,0.0,0.3386293396892764,0.0,0.0,0.0,0.0,0.0,0.0,0.0,0.0,0.0,0.0,0.0,0.0,0.0,0.0,0.0,0.0,0.0,0.0,0.0,0.0,0.0,0.0,0.0,0.0,0.0,0.0,0.0,0.0,0.0,0.0,0.0,0.0,0.0,0.0,0.0,0.0,0.0,0.0,-0.6931471805599453,0.0,0.0,0.0,0.0,0.0,0.0,0.0,0.0,0.0,0.0,0.0,0.0,0.0,0.0,0.0,0.0,0.0,0.0,0.0,0.0,0.0,0.0,0.0,0.0,0.0,0.0,0.0,0.0,0.0,0.0,0.0,0.0,0.0,0.0,0.0,0.0,0.0,0.0,0.0,0.0,0.0,0.0,0.0,0.0,0.0,0.0,0.6931471805599453,0.0,0.0,0.0,0.0,0.0,0.0,0.0,0.0,0.0,0.0,0.0,0.0,0.0,0.0,0.0,0.0,0.0,0.0,0.0,0.0,0.0,0.0,0.0,0.0,0.0,0.0,0.0,0.0,0.0,0.0,0.0,0.0,0.0,0.0,0.0,0.0,0.0,0.0,0.0,0.0,0.0,-0.24487110701997458,0.0,0.0,0.0,0.0,0.0,0.6225296133459919,0.0,0.0,0.0,0.0,0.0,0.0,0.0,0.0
7.301029995663981,1.1925144413116917,COc1ccc(C[C@@H]2NC(=O)[C@H](Cc3cnc[nH]3)NC(=O)[C@H](CC(=O)O)NC(=O)[C@H](Cc3c[nH]c4ccc(F)cc34)NC(=O)[C@H](Cc3c[nH]c4ccc(F)cc34)NC(=O)[C@@H](C)NC(=O)Cc3cccc(c3)CNC(=O)CC(C(=O)O)NC(=O)[C@]3(C)CCCN3C2=O)cc1,0.0,0.0,0.0,0.0,0.0,0.6931471805599453,0.0,0.0,0.0,0.0,0.0,0.0,0.0,0.0,0.0,0.0,0.0,0.0,0.0,0.0,0.0,0.0,0.0,0.0,0.0,0.0,0.0,0.0,0.0,0.0,0.0,0.0,0.0,0.0,0.0,0.0,0.0,0.0,0.0,0.3758744249050815,0.37534873392630286,0.0,0.0,0.4531966352095854,0.0,0.0,0.0,0.0,0.0,0.0,0.03257617043461277,0.0,0.0,0.0,0.6931471805599453,0.0,0.0,0.0,0.0,0.0,0.0,0.0,0.0,0.0,0.0,0.0,0.0,0.0,0.0,0.0,0.0,0.0,0.0,0.0,0.0,0.0,0.0,0.0,0.0,0.0,0.0,0.0,0.0,0.0,0.0,0.0,0.0,0.0,0.0,0.0,0.0,0.0,0.0,0.0,0.0,0.0,0.0,0.0,0.0,0.0,0.0,0.0,0.0,0.0,0.0,0.0,0.0,0.0,0.0,0.0,0.0,0.0,0.0,0.0,0.0,0.0,0.0,0.0,0.0,0.0,0.0,0.0,0.0,0.0,0.0,0.0,0.0,0.0,0.0,0.0,0.0,0.0,0.0,0.0,0.0,0.0,0.0,0.0,0.0,0.0,0.0,0.0,0.0,0.0,0.0,0.0,0.0,0.0,0.0,0.0,0.0,0.0,0.0,0.0,0.0,0.0,0.0,0.0,0.0,0.0,0.0,0.0,0.0,0.0,0.0,0.6931471805599453,0.0,0.0,0.0,0.0,0.0,-0.3062939196463799,0.0,0.0,0.0,0.0,0.0,0.7448191911042654,0.0,0.0,0.0,0.0,0.0,0.0,0.0,0.0
5.183758700008217,1.1925144413116917,COc1ccc(C[C@@H]2NC(=O)[C@H](Cc3cnc[nH]3)NC(=O)[C@H](CC(=O)O)NC(=O)[C@H](Cc3c[nH]c4ccc(F)cc34)NC(=O)[C@H](Cc3c[nH]c4ccc(F)cc34)NC(=O)[C@@H](C)NC(=O)Cc3ccc(cc3)NC(=O)CC(C(=O)O)NC(=O)[C@]3(C)CCCN3C2=O)cc1,0.0,0.0,0.0,0.0,0.0,0.6931471805599453,0.0,0.6931471805599453,0.0,0.0,0.0,0.0,0.0,0.0,0.0,0.0,0.0,0.0,0.0,0.0,0.0,0.0,0.0,0.0,0.0,0.0,0.0,0.0,0.0,0.0,0.0,0.0,0.0,0.0,0.0,0.0,0.0,0.0,0.0,0.11105295721410488,0.11087663101705109,0.0,0.0,0.2038893586045199,0.0,0.0,0.0,0.0,0.0,0.0,-0.03257617043461277,0.0,0.0,0.0,0.6931471805599453,0.0,0.0,0.0,0.0,0.0,0.0,0.0,0.0,0.0,0.0,0.0,0.0,0.0,0.0,0.0,0.0,0.0,0.0,0.0,0.0,0.0,0.0,0.0,0.0,0.0,0.0,0.0,0.0,0.0,0.0,0.0,0.0,0.0,0.0,0.0,0.0,0.0,0.0,0.0,0.0,0.0,0.0,0.0,0.0,0.0,0.0,0.0,0.0,0.0,0.0,0.0,0.0,0.0,0.0,0.0,0.0,0.0,0.0,0.0,0.0,0.0,0.0,0.0,0.0,0.0,0.0,0.0,0.6931471805599453,0.0,0.0,0.0,0.0,0.0,0.0,0.0,0.0,0.0,0.0,0.0,0.0,0.0,0.0,0.0,0.0,0.0,0.0,0.0,0.0,0.0,0.0,0.0,0.0,0.0,0.0,0.0,0.0,0.0,0.0,0.0,0.0,0.0,0.0,0.0,0.0,0.0,0.0,0.0,0.0,0.0,0.0,0.0,0.0,0.0,0.0,0.0,0.0,-0.20800057121164678,0.0,0.0,0.0,0.0,0.0,0.7661723155748345,0.0,0.0,0.0,0.0,0.0,0.0,0.0,0.0
6.259637310505756,1.1925144413116917,COc1ccc(C[C@@H]2NC(=O)[C@H](Cc3cnc[nH]3)NC(=O)[C@H](CC(=O)O)NC(=O)[C@H](Cc3c[nH]c4ccc(F)cc34)NC(=O)[C@H](Cc3c[nH]c4ccc(F)cc34)NC(=O)[C@@H](C)NC(=O)Cc3ccc(cc3)CNC(=O)C[C@@H](C(N)=O)NC(=O)[C@]3(C)CCCN3C2=O)cc1,0.0,0.0,0.0,0.0,0.0,0.0,0.0,0.0,0.0,0.0,0.0,0.0,0.0,0.0,0.0,0.0,0.0,0.0,0.0,0.0,0.0,0.0,0.0,0.0,0.0,0.0,0.0,0.0,0.0,0.0,0.0,0.0,0.0,0.0,0.0,-0.6931471805599453,0.0,0.0,0.0,0.2543463885567357,0.25396960936753976,0.0,0.0,0.3386293396892764,0.0,0.0,0.0,0.0,0.0,0.0,-0.02936589480436454,0.0,0.0,0.0,0.6931471805599453,0.0,0.0,0.0,0.0,0.0,0.0,0.0,0.0,0.0,0.0,0.0,0.0,0.0,0.0,0.0,0.0,0.0,0.0,0.0,0.0,0.0,0.0,0.0,0.0,0.0,0.0,0.0,0.0,0.0,0.0,0.0,0.0,0.0,0.0,0.0,0.0,0.0,0.0,0.0,0.0,0.0,0.0,0.0,0.0,0.0,0.0,0.0,0.0,0.0,0.0,0.0,0.0,0.0,0.0,0.0,0.0,0.0,0.0,0.0,0.0,0.0,0.0,0.0,0.0,0.0,0.0,0.0,0.0,0.0,0.0,0.0,0.0,0.0,0.0,0.6931471805599453,0.0,0.0,0.0,0.0,0.0,0.0,0.0,0.0,0.0,0.0,0.0,0.0,0.0,0.0,0.0,0.0,0.0,0.0,0.0,0.0,0.0,0.0,0.0,0.0,0.0,0.0,0.0,0.0,0.0,0.0,0.0,0.0,0.0,0.0,0.0,0.6931471805599453,0.0,0.0,0.0,0.0,0.0,-0.23578013531872155,0.0,0.0,0.0,0.0,0.0,0.7448191911042654,0.0,0.0,0.0,0.0,0.0,0.0,0.0,0.0
6.259637310505756,1.1925144413116917,COc1ccc(C[C@@H]2NC(=O)[C@H](Cc3cnc[nH]3)NC(=O)[C@H](CC(=O)O)NC(=O)[C@H](Cc3c[nH]c4ccc(F)cc34)NC(=O)[C@H](Cc3c[nH]c4ccc(F)cc34)NC(=O)[C@H](C)NC(=O)CCC3CCN(CC3)C(=O)[C@H](CC(N)=O)NC(=O)[C@]3(C)CCCN3C2=O)cc1,0.0,0.0,0.0,0.0,0.0,0.0,0.0,0.0,0.0,0.0,0.0,0.0,0.0,0.0,0.0,0.0,0.0,0.0,0.0,0.0,0.0,0.0,0.0,0.0,0.0,0.0,0.0,0.0,0.0,0.0,0.0,0.0,0.0,0.0,0.0,-0.6931471805599453,0.0,0.0,0.0,0.2543463885567357,0.25396960936753976,0.0,0.0,0.3386293396892764,0.0,0.0,0.0,0.0,0.0,0.0,0.05476408540997501,0.0,0.0,0.0,0.0,0.0,0.0,0.0,0.0,0.0,0.0,0.0,0.0,0.0,0.0,0.0,0.0,0.0,0.0,0.0,0.0,0.0,0.0,0.0,0.0,0.0,0.0,0.0,0.0,0.0,0.0,0.0,-0.6931471805599453,0.0,0.0,0.0,0.0,0.0,0.0,0.0,0.0,0.0,0.0,0.0,0.0,0.0,0.0,0.0,0.0,0.0,0.0,0.0,0.0,0.0,0.0,0.0,0.0,0.0,0.0,0.0,0.0,0.0,0.0,0.0,0.0,0.0,0.6931471805599453,0.0,0.0,0.0,0.0,0.0,0.0,0.0,0.0,0.0,0.0,0.0,0.0,0.0,0.0,0.0,0.0,0.0,0.0,0.0,0.0,0.0,0.0,0.0,0.0,0.0,0.0,0.0,0.0,0.0,0.0,0.0,0.0,0.0,0.0,0.0,0.0,0.0,0.0,0.0,0.0,0.0,0.0,0.0,0.0,0.0,0.0,0.0,0.0,0.0,0.0,0.0,0.0,0.0,0.0,-0.48506307483596806,0.0,0.0,0.0,0.0,0.0,0.029852963149681156,0.0,0.0,0.0,0.0,0.0,0.0,0.0,0.0
7.301029995663981,1.1925144413116917,COc1ccc(C[C@@H]2NC(=O)[C@H](Cc3cnc[nH]3)NC(=O)[C@H](CC(=O)O)NC(=O)[C@H](Cc3c[nH]c4ccc(F)cc34)NC(=O)[C@H](Cc3c[nH]c4ccc(F)cc34)NC(=O)[C@@H](C)NC(=O)[C@H](CCCCN)NC(=O)CCSCc3ccc4ccc(cc4c3)CSCCNC(=O)[C@]3(C)CCCN3C2=O)cc1,0.0,0.0,0.0,0.0,0.0,0.0,0.0,0.0,0.0,0.0,0.0,0.0,0.0,0.0,0.0,0.0,0.0,0.0,0.0,1.137335919930649,0.0,0.0,0.0,0.0,0.0,0.0,0.0,0.0,0.0,0.0,0.0,0.0,0.0,0.0,0.0,0.0,0.0,0.0,0.0,0.3758744249050815,0.37534873392630286,0.0,0.0,0.4531966352095854,0.0,0.0,0.0,0.0,0.0,0.0,0.6577601689756232,0.0,0.0,0.0,0.0,0.0,0.0,0.0,0.0,0.0,0.0,0.0,0.0,0.0,0.0,0.0,0.0,0.0,0.0,0.0,0.0,0.0,0.0,0.0,0.0,0.0,0.0,0.0,0.0,0.0,0.0,0.0,-0.6931471805599453,0.0,0.0,0.0,0.0,0.0,0.0,0.0,0.0,0.0,0.0,0.0,0.0,0.0,0.0,0.0,0.0,0.0,0.0,0.0,0.0,0.0,0.0,0.0,0.0,0.0,0.0,0.0,0.0,0.0,0.0,0.0,0.0,0.0,0.0,0.0,0.0,0.0,0.0,0.0,0.0,0.0,0.0,0.0,0.0,0.0,0.0,0.0,0.0,0.0,0.0,0.0,0.0,0.0,0.0,0.0,0.0,0.0,0.0,0.0,0.0,0.0,0.0,0.0,0.0,0.0,0.0,0.0,0.0,0.0,0.0,0.0,0.0,0.0,0.0,0.0,0.0,0.0,0.0,0.0,0.0,0.0,0.0,0.0,0.0,0.0,0.0,0.0,0.0,-0.04520543676804694,0.0,0.6931471805599453,0.0,0.0,0.0,0.29898162770571435,0.0,0.0,0.0,0.0,0.0,0.0,0.0,0.0
7.301029995663981,1.1925144413116917,C[C@H]1NC(=O)[C@H](CCCCN)NC(=O)CCSCc2cccc(c2)CSCCNC(=O)[C@]2(C)CCCN2C(=O)[C@H](C(c2ccccc2)c2ccccc2)NC(=O)[C@H](Cc2cnc[nH]2)NC(=O)[C@H](CC(=O)O)NC(=O)[C@H](Cc2c[nH]c3ccc(F)cc23)NC(=O)[C@H](Cc2c[nH]c3ccc(F)cc23)NC1=O,-0.7148462436713207,0.0,0.0,0.0,0.0,0.0,0.0,0.0,0.0,0.0,0.0,0.0,0.0,0.0,0.0,0.0,0.0,0.0,0.0,0.0,0.0,0.0,0.0,0.0,0.0,0.0,0.0,0.0,0.0,0.0,0.0,0.0,0.0,0.0,0.0,0.0,0.0,0.0,0.0,0.3758744249050815,0.37534873392630286,0.0,0.0,0.4531966352095854,0.0,0.0,0.0,0.0,0.0,0.0,-0.45288778665977164,0.0,0.0,0.0,0.0,0.0,0.0,0.0,0.0,0.0,0.0,0.0,0.0,0.0,0.0,0.0,0.0,0.6931471805599453,0.0,0.0,0.0,0.0,0.0,0.0,0.0,0.0,0.0,0.0,0.0,0.0,0.0,0.0,-0.6931471805599453,0.0,0.0,0.0,0.0,0.0,0.0,0.0,0.0,0.0,0.0,0.0,0.0,0.0,0.0,0.0,0.0,-0.6931471805599453,0.0,0.0,0.0,0.0,0.0,0.0,0.0,0.6931471805599453,0.0,0.0,0.0,0.0,0.0,0.0,0.0,0.0,0.0,-0.6931471805599453,0.0,0.0,0.0,0.0,0.0,0.0,0.0,0.0,0.0,0.0,0.0,0.0,0.0,0.0,0.0,0.0,0.0,0.0,0.0,0.0,0.0,0.0,0.0,0.0,0.0,0.0,0.0,0.0,0.0,0.0,0.0,0.0,0.0,0.0,0.0,0.0,0.0,0.0,0.0,0.0,0.0,0.0,0.0,0.0,0.0,0.0,0.0,0.0,0.0,0.0,0.0,0.0,0.0,-0.06706423058054609,0.0,0.0,0.0,0.0,0.0,0.029852963149681156,0.0,0.0,0.0,0.0,0.0,0.0,0.0,0.0
6.150514997831991,0.2973629040733618,COc1ccc(C[C@@H]2NC(=O)[C@H](Cc3ncc[nH]3)NC(=O)[C@H](CC(=O)O)NC(=O)[C@H](Cc3c[nH]c4ccc(F)cc34)NC(=O)[C@H](Cc3c[nH]c4ccc(F)cc34)NC(=O)[C@@H](C)NC(=O)[C@H](C)NC(=O)CCSCc3cccc(c3)CSCCNC(=O)[C@]3(C)CCCN3C2=O)cc1,0.0,0.0,0.0,0.0,0.0,0.0,0.0,0.0,0.0,0.0,0.0,0.0,0.0,0.0,0.0,0.0,0.0,0.0,0.0,0.0,0.0,0.0,0.0,0.0,0.0,0.0,0.0,0.0,0.0,0.0,0.0,0.0,0.0,0.0,0.0,0.0,0.0,0.0,0.0,0.22159893318814058,0.2590860088262802,0.0,0.0,0.0,0.0,0.0,0.0,0.0,0.0,0.0,-0.33220581630751195,0.0,0.0,0.0,0.0,0.0,0.0,0.0,0.0,0.0,0.0,0.0,0.0,0.0,0.0,0.0,0.0,0.0,0.0,0.0,0.0,0.0,0.0,0.0,0.0,0.0,0.0,0.0,0.0,0.0,0.0,0.0,-0.6931471805599453,0.0,0.0,0.0,0.0,0.0,0.0,0.0,0.0,0.0,0.0,0.0,0.0,0.0,0.0,0.0,0.0,0.0,0.0,0.0,0.0,0.0,0.0,0.0,0.0,0.0,0.0,0.0,0.0,0.0,0.0,0.0,0.0,0.0,0.0,0.0,0.0,0.0,0.0,0.0,0.0,0.0,0.0,0.0,0.0,0.0,0.0,0.0,0.0,0.0,0.0,0.0,0.0,0.0,0.0,0.0,0.0,0.0,0.0,0.0,0.0,0.0,0.0,0.0,0.0,0.0,0.0,0.0,0.0,0.0,0.0,0.0,0.0,0.0,0.0,0.0,0.0,0.0,0.0,0.0,0.0,0.0,0.0,0.6931471805599453,0.0,0.0,0.0,0.0,0.0,-0.07781702235680672,0.0,0.0,0.0,0.0,0.0,0.46430560813109784,0.0,0.0,0.0,0.0,0.0,0.0,0.0,0.0
4.449771646944906,1.1925144413116917,COc1ccc(C[C@@H]2NC(=O)[C@H](CCCC(=O)O)NC(=O)[C@H]3C[C@@H](N)CN3C(=O)[C@H](Cc3c[nH]c4ccc(F)cc34)NC(=O)[C@H](Cc3c[nH]c4ccc(F)cc34)NC(=O)[C@@H](C)NC(=O)[C@H](CCCCN=[N+]=[N-])NC(=O)CCSCc3cccc(c3)CCSCNC(=O)[C@]3(C)CCCN3C2=O)cc1,0.0,0.0,0.0,0.0,0.0,0.0,0.0,0.0,0.0,0.0,0.0,0.0,0.0,0.0,0.0,0.0,0.0,0.0,0.0,1.1163313125170997,0.0,0.0,0.0,0.0,0.0,0.0,0.0,0.0,0.0,0.0,0.0,0.0,0.0,0.0,0.0,0.0,0.0,0.0,0.0,0.0,0.0,0.0,0.0,0.10130827721874541,0.0,0.0,0.0,0.0,0.0,0.0,0.4981630087217595,0.0,0.0,0.0,0.0,0.0,0.0,0.0,0.0,0.0,0.0,0.0,0.0,0.0,0.0,0.0,0.6931471805599453,0.0,0.0,0.0,0.0,0.0,0.0,0.0,0.0,0.0,0.0,0.0,0.0,0.0,0.0,0.0,-0.6931471805599453,0.0,0.0,0.0,0.0,0.0,0.0,0.0,0.0,0.0,0.0,0.0,0.0,0.0,0.0,0.0,0.0,0.0,0.0,0.0,0.0,0.0,0.0,0.0,0.0,0.0,0.0,0.0,0.0,0.0,0.0,0.0,0.0,0.0,0.6931471805599453,0.0,0.0,0.0,0.0,0.0,0.6931471805599453,0.0,0.0,0.0,0.0,0.0,0.0,0.0,0.0,0.0,0.0,0.0,0.0,0.0,0.0,0.0,0.0,0.0,0.0,0.0,0.0,0.0,0.0,0.0,0.0,0.0,0.0,0.0,0.0,0.0,0.0,0.0,0.0,0.0,0.0,0.0,0.0,0.0,0.0,0.0,0.0,0.0,0.0,0.0,0.0,0.0,0.0,0.0,0.0,-0.5268810145192896,0.0,0.6931471805599453,0.0,0.0,0.0,-0.35364004024357837,0.0,0.0,0.0,0.0,0.0,0.0,0.0,0.0
7.301029995663981,1.1925144413116917,COc1ccc(C[C@@H]2NC(=O)[C@H](Cc3cnc[nH]3)NC(=O)[C@H](CC(=O)O)NC(=O)[C@H](Cc3c[nH]c4ccc(F)cc34)NC(=O)[C@H](Cc3c[nH]c4ccc(F)cc34)NC(=O)[C@@H](C)NC(=O)[C@H](CCCCN)NC(=O)[C@@H](NC(C)=O)CCNC(=O)COc3ccc(cc3)C[C@@H](C(N)=O)NC(=O)[C@]3(C)CCCN3C2=O)cc1,0.7148462081390736,0.0,0.0,0.0,0.0,0.0,0.0,0.0,0.0,0.0,0.0,0.0,0.0,0.0,0.0,0.0,0.0,0.0,0.0,0.0,0.0,0.0,0.0,0.0,0.0,0.0,0.0,0.0,0.0,-0.6931471805599453,0.0,0.0,0.0,0.0,0.0,0.0,0.0,0.0,0.0,0.3758744249050815,0.37534873392630286,0.0,0.0,0.4531966352095854,0.0,0.0,0.0,0.0,0.0,0.0,0.1126188781081493,0.0,0.0,0.0,0.0,0.0,0.0,0.0,0.0,0.0,0.0,0.0,0.0,0.0,0.0,0.0,0.0,0.6931471805599453,0.0,0.0,0.0,0.0,0.0,0.0,0.0,0.0,0.0,0.0,0.0,0.0,0.0,0.0,-0.6931471805599453,0.0,0.0,0.0,0.0,0.0,0.0,0.0,0.0,0.0,0.0,0.0,0.0,0.0,0.0,0.0,0.0,0.0,0.0,0.0,0.0,0.0,0.0,0.0,0.0,0.0,0.0,0.0,0.0,0.0,0.0,0.0,0.0,0.0,0.0,0.0,0.0,0.0,0.0,0.0,0.0,0.0,0.0,0.0,0.0,0.0,0.0,0.6931471805599453,0.0,0.0,0.0,0.0,0.0,0.0,0.0,0.0,0.0,0.0,0.0,0.0,0.0,0.0,0.0,0.0,0.0,0.0,0.0,0.0,0.0,0.0,0.0,0.0,0.0,0.0,0.0,0.0,0.0,0.0,0.0,0.0,0.0,0.0,0.0,0.0,0.0,0.0,0.0,0.0,0.0,-0.23578013531872155,0.0,0.0,0.0,0.0,0.0,0.6061358035703155,0.0,0.0,0.0,0.0,0.0,0.0,0.0,0.0
7.301029995663981,1.1925144413116917,COc1ccc(C[C@@H]2NC(=O)[C@H](Cc3cnc[nH]3)NC(=O)[C@H](CC(=O)O)NC(=O)[C@H](Cc3c[nH]c4ccc(F)cc34)NC(=O)[C@H](Cc3c[nH]c4ccc(F)cc34)NC(=O)[C@@H](C)NC(=O)CCCCSc3c(F)c(F)c(c(F)c3F)SCCNC(=O)[C@]3(C)CCCN3C2=O)cc1,0.0,0.0,0.0,0.0,0.0,0.0,0.0,0.0,0.0,0.0,0.0,0.0,0.0,0.0,0.0,0.0,0.0,0.0,0.0,0.0,0.0,0.0,0.0,0.0,0.0,0.0,0.0,0.0,0.0,-0.6931471805599453,0.0,0.0,0.0,0.0,0.0,-0.6931471805599453,0.0,0.0,0.0,0.3758744249050815,0.37534873392630286,0.0,0.0,0.4531966352095854,0.0,0.0,0.0,0.0,0.0,0.0,0.003305788134499509,0.0,0.0,0.0,0.0,0.0,0.0,0.0,0.0,0.0,0.0,0.0,0.0,0.0,0.0,0.0,0.0,0.0,0.0,0.0,0.0,0.0,0.0,0.0,0.0,0.0,0.0,0.0,0.0,0.0,0.0,0.0,-0.6931471805599453,0.0,0.0,0.0,0.0,0.0,0.0,0.0,0.0,0.0,0.0,0.0,0.0,0.0,0.0,0.0,0.0,0.0,0.0,0.0,0.0,0.0,0.0,0.0,0.0,0.0,0.0,0.0,0.0,0.0,0.0,0.0,0.0,0.0,0.0,0.0,0.0,0.0,0.0,0.0,0.0,0.0,0.0,0.0,0.0,0.0,0.0,0.0,0.0,0.0,0.0,0.0,0.0,0.0,0.0,0.0,0.0,0.0,0.0,0.0,0.0,0.0,0.0,0.0,0.0,0.0,0.0,0.0,0.0,0.0,0.0,0.0,0.0,0.0,0.0,0.0,0.0,0.0,0.0,0.0,0.0,0.0,0.0,0.0,0.0,0.0,0.0,0.0,0.0,-1.067298575601962,0.0,0.0,0.0,0.0,0.0,0.04445176257083384,0.0,0.0,0.0,0.0,0.0,0.0,0.0,0.0
5.183758700008217,1.1925144413116917,COc1ccc(C[C@@H]2NC(=O)[C@@H]3CC/C=C/CC[C@H](NC(=O)[C@H](Cc4c[nH]c5ccc(F)cc45)NC(=O)[C@H](Cc4c[nH]c5ccc(F)cc45)NC(=O)[C@@H](C)NC(=O)[C@H](CCCCN)NC(=O)CCSCc4cccc(c4)CSCCNC(=O)[C@]4(C)CCCN4C2=O)C(=O)N3)cc1,0.0,0.0,0.0,0.0,0.0,0.0,0.0,0.0,0.0,0.0,0.0,0.0,0.0,0.0,0.0,0.0,0.0,0.0,0.0,0.0,0.0,0.0,0.0,0.0,0.0,0.0,0.0,0.0,0.0,0.0,0.0,0.0,0.0,0.0,0.0,0.0,0.0,0.0,0.0,0.11105295721410488,0.11087663101705109,0.0,0.0,0.2038893586045199,0.0,0.0,0.0,0.0,0.0,0.0,-0.3178515028558288,0.0,0.0,0.0,0.0,0.0,0.0,0.0,0.0,0.0,0.0,0.0,0.0,0.0,0.0,0.0,0.0,0.0,0.0,0.0,0.0,0.0,0.0,0.0,0.0,0.0,0.0,0.0,0.0,0.0,0.0,0.0,-0.6931471805599453,0.0,0.0,0.0,0.0,0.0,-0.6931471805599453,0.0,0.0,0.0,0.0,0.0,0.0,0.0,0.0,0.0,0.0,0.0,0.0,0.0,0.0,0.0,0.0,0.0,0.0,0.0,0.0,0.0,0.0,0.0,0.0,0.0,0.0,0.0,0.0,0.0,0.0,0.0,0.0,0.0,0.0,0.0,0.0,0.0,0.0,0.0,0.0,0.0,0.0,0.0,0.0,0.0,0.0,0.0,0.0,0.0,0.0,0.0,0.0,0.0,0.0,0.0,0.0,0.0,0.0,0.0,0.0,0.0,0.0,0.0,0.0,0.0,0.0,0.0,0.0,0.0,0.0,0.0,0.0,0.0,0.0,0.0,0.0,0.0,0.0,0.0,0.0,0.0,0.0,0.15001331356129724,0.0,0.0,0.0,0.0,0.0,0.17979311044059593,0.0,0.0,0.0,0.0,0.0,0.0,0.0,0.0
5.183758700008217,1.1925144413116917,COc1ccc(C[C@@H]2NC(=O)[C@H]([C@@H](C)O)NC(=O)[C@@H]3CCC/C=C/COc4cccc(c4)C[C@H](NC(=O)[C@@H](C)NC(=O)[C@H](CCCCN)NC(=O)CCSCc4cccc(c4)CSCCNC(=O)[C@]4(C)CCCN4C2=O)C(=O)N[C@@H](Cc2c[nH]c4ccc(F)cc24)C(=O)N3)cc1,0.7148462081390736,0.0,0.0,0.0,0.0,0.0,0.0,0.0,0.0,0.0,0.0,0.0,0.0,0.0,0.0,0.0,0.0,0.0,0.0,-1.1455304055890243,0.0,0.0,0.0,0.0,0.0,0.0,0.0,0.0,0.0,0.0,0.0,0.0,0.0,0.0,0.0,0.0,0.0,0.0,0.0,0.11105295721410488,0.11087663101705109,0.0,0.0,0.2038893586045199,0.0,0.0,0.0,0.0,0.0,0.0,-0.37861785807197657,0.0,0.0,0.0,0.0,0.0,0.0,0.0,0.0,0.0,0.0,0.0,0.0,0.0,0.0,0.0,0.0,0.0,0.0,0.0,0.0,0.0,0.0,0.0,0.0,0.0,0.0,0.0,0.0,0.0,0.0,-0.6931471805599453,0.0,0.0,0.0,0.0,0.0,0.0,-0.6931471805599453,0.0,0.0,0.0,0.0,0.0,0.0,0.0,0.0,0.0,0.0,0.0,0.0,0.0,0.0,0.0,0.0,0.0,0.0,0.0,0.0,0.0,0.0,0.0,0.0,0.0,0.0,0.0,0.0,0.0,0.0,0.0,0.0,0.0,0.0,0.0,0.0,0.0,0.0,0.0,0.0,0.0,0.0,0.0,0.0,0.0,0.0,0.0,0.0,0.0,0.0,0.0,0.0,0.0,0.0,0.0,0.0,0.0,0.0,0.0,0.0,0.0,0.0,0.0,0.0,0.0,0.0,0.0,0.0,0.0,0.0,0.0,0.0,0.0,0.0,0.0,0.0,0.0,0.0,0.0,0.0,0.0,0.0,-0.05619455834364096,0.0,0.0,0.0,0.0,0.0,0.19237189264745608,0.0,0.0,0.0,0.0,0.0,0.0,0.0,0.0
6.259637310505756,1.1925144413116917,COc1ccc(C[C@@H]2NC(=O)[C@H]([C@@H](C)O)NC(=O)[C@@H]3CCCC/C=C\CCCC[C@H](NC(=O)[C@@H](C)NC(=O)[C@H](C)NC(=O)CCSCc4cccc(c4)CSCCNC(=O)[C@]4(C)CCCN4C2=O)C(=O)N[C@@H](Cc2c[nH]c4ccc(F)cc24)C(=O)N3)cc1,0.0,0.0,0.0,0.0,0.0,0.0,0.0,0.0,0.0,0.0,0.0,0.0,0.0,0.0,0.0,0.0,0.0,0.0,0.0,-1.1455304055890243,0.0,0.0,0.0,0.0,0.0,0.0,0.0,0.0,0.0,0.0,0.0,0.0,0.0,0.0,0.0,0.0,0.0,0.0,0.0,0.2543463885567357,0.25396960936753976,0.0,0.0,0.3386293396892764,0.0,0.0,0.0,0.0,0.0,0.0,-0.3603107106276204,0.0,0.0,0.0,0.0,0.0,0.0,0.0,0.0,0.0,0.0,0.0,0.0,0.0,0.0,0.0,0.0,0.0,0.0,0.0,0.0,0.0,0.0,0.0,0.0,0.0,0.0,0.0,0.0,0.0,0.0,-0.6931471805599453,0.0,0.0,0.0,0.0,0.0,0.0,-0.6931471805599453,0.0,0.0,0.0,0.0,0.0,0.0,0.0,0.0,0.0,0.0,0.0,0.0,0.0,0.0,0.0,0.0,0.0,0.0,0.0,0.0,0.0,0.0,0.0,0.0,0.0,0.0,0.0,0.0,0.0,0.0,0.0,0.0,0.0,0.0,0.0,0.0,0.0,0.0,0.0,0.0,0.0,0.0,0.0,0.0,0.0,0.0,0.0,0.0,0.0,0.0,0.0,0.0,0.0,0.0,0.0,0.0,0.0,0.0,0.0,0.0,0.0,0.0,0.0,0.0,0.0,0.0,0.0,0.0,0.0,0.0,0.0,0.0,0.0,0.0,0.0,0.0,0.0,0.0,0.0,0.0,0.0,0.0,0.11970796406596934,0.0,0.0,0.0,0.0,0.0,0.015037877364540516,0.0,0.0,0.0,0.0,0.0,0.0,0.0,0.0
6.259637310505756,1.1925144413116917,COc1ccc(C[C@@H]2NC(=O)[C@H]([C@@H](C)O)NC(=O)[C@@H]3CCCCC/C=C/CC[C@H](NC(=O)[C@@H](C)NC(=O)[C@H](C)NC(=O)CCSCc4cccc(c4)CSCCNC(=O)[C@]4(C)CCCN4C2=O)C(=O)N[C@@H](Cc2c[nH]c4ccc(F)cc24)C(=O)N3)cc1,0.0,0.0,0.0,0.0,0.0,0.0,0.0,0.0,0.0,0.0,0.0,0.0,0.0,0.0,0.0,0.0,0.0,0.0,0.0,-1.1455304055890243,0.0,0.0,0.0,0.0,0.0,0.0,0.0,0.0,0.0,0.0,0.0,0.0,0.0,0.0,0.0,0.0,0.0,0.0,0.0,0.2543463885567357,0.25396960936753976,0.0,0.0,0.3386293396892764,0.0,0.0,0.0,0.0,0.0,0.0,-0.3672152259741649,0.0,0.0,0.0,0.0,0.0,0.0,0.0,0.0,0.0,0.0,0.0,0.0,0.0,0.0,0.0,0.0,0.0,0.0,0.0,0.0,0.0,0.0,0.0,0.0,0.0,0.0,0.0,0.0,0.0,0.0,-0.6931471805599453,0.0,0.0,0.0,0.0,0.0,0.0,-0.6931471805599453,0.0,0.0,0.0,0.0,0.0,0.0,0.0,0.0,0.0,0.0,0.0,0.0,0.0,0.0,0.0,0.0,0.0,0.0,0.0,0.0,0.0,0.0,0.0,0.0,0.0,0.0,0.0,0.0,0.0,0.0,0.0,0.0,0.0,0.0,0.0,0.0,0.0,0.0,0.0,0.0,0.0,0.0,0.0,0.0,0.0,0.0,0.0,0.0,0.0,0.0,0.0,0.0,0.0,0.0,0.0,0.0,0.0,0.0,0.0,0.0,0.0,0.0,0.0,0.0,0.0,0.0,0.0,0.0,0.0,0.0,0.0,0.0,0.0,0.0,0.0,0.0,0.0,0.0,0.0,0.0,0.0,0.0,0.08845542056186372,0.0,0.0,0.0,0.0,0.0,0.11441035117774422,0.0,0.0,0.0,0.0,0.0,0.0,0.0,0.0
6.259637310505756,1.1925144413116917,COc1ccc(C[C@@H]2NC(=O)[C@H]([C@@H](C)O)NC(=O)[C@@H]3CSCc4cccc(c4)CSC[C@H](NC(=O)[C@@H](C)NC(=O)[C@H](C)NC(=O)CCCCc4cccc(c4)CCCCNC(=O)[C@@H]4CCCN4C2=O)C(=O)N[C@@H](Cc2c[nH]c4ccc(F)cc24)C(=O)N3)cc1,0.0,0.0,0.0,0.0,0.0,0.0,0.0,0.0,0.0,0.0,0.0,0.0,0.0,0.0,0.0,0.0,0.0,0.0,0.0,-1.1455304055890243,0.0,0.0,0.0,0.0,0.0,0.0,0.0,0.0,0.0,0.0,0.0,0.0,0.0,0.0,0.0,0.0,0.0,0.0,0.0,0.2543463885567357,0.25396960936753976,0.0,0.0,0.3386293396892764,0.0,0.0,0.0,0.0,0.0,0.0,0.41425637351933536,0.0,0.0,0.0,0.0,0.0,0.0,0.0,0.0,0.0,0.0,0.0,0.0,0.0,0.0,0.0,0.0,0.0,0.0,0.0,0.0,0.0,0.0,0.0,0.0,0.0,0.0,0.0,0.0,0.0,0.0,-0.6931471805599453,0.0,0.0,0.0,0.0,0.0,0.0,-0.6931471805599453,0.0,0.0,0.0,0.0,0.0,0.0,0.0,0.0,0.0,0.0,0.0,0.0,0.0,0.0,0.0,0.0,0.0,0.0,0.0,0.0,0.0,0.0,0.0,0.0,0.0,0.0,0.0,0.0,0.0,0.0,0.0,0.0,0.0,0.0,0.0,0.0,0.0,0.0,0.0,0.0,0.0,0.0,0.0,0.0,0.0,0.0,0.0,0.0,0.0,0.0,0.0,0.0,0.0,0.0,0.0,0.0,0.0,0.0,0.0,0.0,0.0,0.0,0.0,0.0,0.0,0.0,0.0,0.0,0.0,0.0,0.0,0.0,0.0,0.0,0.0,0.0,0.0,0.0,0.0,0.0,0.0,0.0,0.06706423058054609,0.0,0.0,0.0,0.0,0.0,0.21706450523782758,0.0,0.0,0.0,0.0,0.0,0.0,0.0,0.0
5.183758700008217,1.1925144413116917,C[C@@H]1NC(=O)CCSCc2cccc(c2)CSCCNC(=O)[C@]2(C)CCCN2C(=O)[C@H](Cc2ccc(O)cc2)NC(=O)[C@H](C)NC(=O)[C@@H]2C/C=C\COc3cccc(c3)C[C@@H](NC(=O)[C@@H](C)NC1=O)C(=O)N[C@@H](Cc1c[nH]c3ccc(F)cc13)C(=O)N2,0.7148462081390736,0.0,0.0,0.0,0.0,0.0,0.0,0.0,0.0,0.0,0.0,0.0,0.0,0.0,0.0,0.0,0.0,0.0,0.0,-1.1455304055890243,0.0,0.0,0.0,0.0,0.0,0.0,0.0,0.0,0.0,0.0,0.0,0.0,0.0,0.0,0.0,0.0,0.0,0.0,0.0,0.11105295721410488,0.11087663101705109,0.0,0.0,0.2038893586045199,0.0,0.0,0.0,0.0,0.0,0.0,-0.3763477095374374,0.0,0.0,0.0,0.0,0.0,0.0,0.0,0.0,0.0,0.0,0.0,0.0,0.0,0.0,0.0,0.0,0.0,0.0,0.0,0.0,0.0,0.0,0.0,0.0,0.0,0.0,0.0,0.0,0.0,0.0,-0.6931471805599453,-0.6931471805599453,0.0,0.0,0.0,0.0,0.0,-0.6931471805599453,0.0,0.0,0.0,0.0,0.0,0.0,0.0,0.0,0.0,0.0,0.0,0.0,0.0,0.0,0.0,0.0,0.0,0.0,0.0,0.0,0.0,0.0,0.0,0.0,0.0,0.0,0.0,0.0,0.0,0.0,0.0,0.0,0.0,0.0,0.0,0.0,0.0,0.0,0.0,0.0,0.0,0.0,0.0,0.0,0.0,0.0,0.0,0.0,0.0,0.0,0.0,0.0,0.0,0.0,0.0,0.0,0.0,0.0,0.0,0.0,0.0,0.0,0.0,0.0,0.0,0.0,0.0,0.0,0.0,0.0,0.0,0.0,0.0,0.0,0.0,0.0,0.0,0.0,0.0,0.0,0.0,0.0,-0.3721613446340051,0.0,0.0,0.0,0.0,0.0,0.6061358035703155,0.0,0.0,0.0,0.0,0.0,0.0,0.0,0.0
5.183758700008217,1.1925144413116917,COc1ccc(C[C@@H]2NC(=O)[C@@H]3CCC/C=C\CO[C@H]4C[C@@H](C(=O)N3)N(C4)C(=O)[C@H](Cc3c[nH]c4ccc(F)cc34)NC(=O)[C@H](Cc3c[nH]c4ccc(F)cc34)NC(=O)[C@@H](C)NC(=O)[C@H](CCCCN)NC(=O)CCSCc3cccc(c3)CSC[C@@H](C(N)=O)NC(=O)[C@]3(C)CCCN3C2=O)cc1,0.0,0.0,0.0,0.0,0.0,0.0,0.0,0.0,0.0,0.0,0.0,0.0,0.0,0.0,0.0,0.0,0.0,0.0,0.0,0.0,0.0,0.0,0.0,0.0,0.0,0.0,0.0,0.0,0.0,0.0,0.0,0.0,0.0,0.0,0.0,0.0,0.0,0.0,0.0,0.11105295721410488,0.11087663101705109,0.0,0.0,0.2038893586045199,0.0,0.0,0.0,0.0,0.0,0.0,-0.4444310766415482,0.0,0.0,0.0,0.0,0.0,0.0,0.0,0.0,0.0,0.0,0.0,0.0,0.0,0.0,0.0,0.0,0.0,0.0,0.0,0.0,0.0,0.0,0.0,0.0,0.0,0.0,0.0,0.0,0.0,0.0,0.0,-0.6931471805599453,0.0,0.0,0.0,0.0,0.0,-0.6931471805599453,0.0,0.0,0.0,0.0,0.0,0.0,0.0,0.0,0.0,0.0,0.0,0.0,0.0,0.0,0.0,0.0,0.0,0.0,0.0,0.0,0.0,0.0,0.0,0.0,0.0,0.0,0.0,0.0,0.0,0.0,0.0,0.0,0.0,0.0,0.0,0.0,0.0,0.0,0.0,0.0,0.6931471805599453,0.0,0.0,0.0,0.0,0.0,0.0,0.0,0.0,0.0,0.0,0.0,0.0,0.0,0.0,0.0,0.0,0.0,0.0,0.0,0.0,0.0,0.0,0.0,0.0,0.0,0.0,0.0,0.0,0.0,0.0,0.0,0.0,0.0,0.0,0.0,0.0,0.0,0.0,0.0,0.0,0.0,0.49919758577087286,0.0,0.0,0.0,0.0,0.0,-0.2291858657701724,0.0,0.0,0.0,0.0,0.0,0.0,0.0,0.0
7.301029995663981,1.1925144413116917,COc1ccc(C[C@@H]2NC(=O)[C@H]([C@@H](C)OC)NC(=O)[C@@H]3CC/C=C\COc4cccc(c4)C[C@H](NC(=O)[C@@H](C)NC(=O)[C@H](C)NC(=O)CCSCc4cccc(c4)CSCCNC(=O)[C@]4(C)CCCN4C2=O)C(=O)N[C@@H](Cc2c[nH]c4ccc(F)cc24)C(=O)N3C)cc1,0.7148462081390736,0.0,0.0,0.0,0.0,0.0,0.0,0.0,0.0,0.0,0.0,0.0,0.0,0.0,0.0,0.0,0.0,0.0,0.0,-1.1455304055890243,0.0,0.0,0.0,0.0,0.0,0.0,0.0,0.0,0.0,0.0,0.0,0.0,0.0,0.0,0.0,0.0,0.0,0.0,0.0,0.3758744249050815,0.37534873392630286,0.0,0.0,0.4531966352095854,0.0,0.0,0.0,0.0,0.0,0.0,-0.4120657921395165,0.0,0.0,0.0,0.0,0.0,0.0,0.0,0.0,0.0,0.0,0.0,0.0,0.0,0.0,0.0,0.0,0.0,0.0,0.0,0.0,0.0,0.0,0.0,0.0,0.0,0.0,0.0,0.0,0.0,0.0,-0.6931471805599453,0.0,0.0,0.0,0.0,0.0,0.0,-0.6931471805599453,0.0,0.0,0.0,0.0,0.0,0.0,0.0,0.0,0.0,0.0,0.0,0.0,0.0,0.0,0.0,0.0,0.0,0.0,0.0,0.0,0.0,0.0,0.0,0.0,0.0,0.0,0.0,0.0,0.0,0.0,0.0,0.0,0.0,0.0,0.0,0.0,0.0,0.0,0.0,0.0,0.0,0.0,0.0,0.0,0.0,0.0,0.0,0.0,0.0,0.0,0.0,0.0,0.0,0.0,0.0,0.0,0.0,0.0,0.0,0.0,0.0,0.0,0.0,0.0,0.0,0.0,0.0,0.0,0.0,0.0,0.0,0.0,0.0,0.0,0.0,0.0,0.0,0.0,0.0,0.0,0.0,0.0,-0.2804304090564615,0.0,0.0,0.0,0.0,0.0,0.4254657748148339,0.0,0.0,0.0,0.0,0.0,0.0,0.0,0.0
7.301029995663981,1.1925144413116917,COc1ccc(C[C@@H]2NC(=O)[C@H]([C@@H](C)OC)NC(=O)[C@@H]3CC/C=C/COc4cccc(c4)C[C@H](NC(=O)[C@@H](C)NC(=O)[C@H](C)NC(=O)CCSCc4cccc(c4)CSCCNC(=O)[C@]4(C)CCCN4C2=O)C(=O)N[C@@H](Cc2c[nH]c4ccc(F)cc24)C(=O)N3C)cc1,0.7148462081390736,0.0,0.0,0.0,0.0,0.0,0.0,0.0,0.0,0.0,0.0,0.0,0.0,0.0,0.0,0.0,0.0,0.0,0.0,-1.1455304055890243,0.0,0.0,0.0,0.0,0.0,0.0,0.0,0.0,0.0,0.0,0.0,0.0,0.0,0.0,0.0,0.0,0.0,0.0,0.0,0.3758744249050815,0.37534873392630286,0.0,0.0,0.4531966352095854,0.0,0.0,0.0,0.0,0.0,0.0,-0.4120657921395165,0.0,0.0,0.0,0.0,0.0,0.0,0.0,0.0,0.0,0.0,0.0,0.0,0.0,0.0,0.0,0.0,0.0,0.0,0.0,0.0,0.0,0.0,0.0,0.0,0.0,0.0,0.0,0.0,0.0,0.0,-0.6931471805599453,0.0,0.0,0.0,0.0,0.0,0.0,-0.6931471805599453,0.0,0.0,0.0,0.0,0.0,0.0,0.0,0.0,0.0,0.0,0.0,0.0,0.0,0.0,0.0,0.0,0.0,0.0,0.0,0.0,0.0,0.0,0.0,0.0,0.0,0.0,0.0,0.0,0.0,0.0,0.0,0.0,0.0,0.0,0.0,0.0,0.0,0.0,0.0,0.0,0.0,0.0,0.0,0.0,0.0,0.0,0.0,0.0,0.0,0.0,0.0,0.0,0.0,0.0,0.0,0.0,0.0,0.0,0.0,0.0,0.0,0.0,0.0,0.0,0.0,0.0,0.0,0.0,0.0,0.0,0.0,0.0,0.0,0.0,0.0,0.0,0.0,0.0,0.0,0.0,0.0,0.0,-0.2804304090564615,0.0,0.0,0.0,0.0,0.0,0.4254657748148339,0.0,0.0,0.0,0.0,0.0,0.0,0.0,0.0
6.259637310505756,1.1925144413116917,COc1ccc(C[C@@H]2NC(=O)[C@H]([C@@H](C)OC)NC(=O)[C@@H]3CC/C=C/COc4cccc(c4)C[C@H](NC(=O)[C@@H](C)NC(=O)[C@H](C)NC(=O)CCSCc4cc(F)cc(c4)CSCCNC(=O)[C@]4(C)CCCN4C2=O)C(=O)N[C@@H](Cc2c[nH]c4ccc(F)cc24)C(=O)N3C)cc1,0.7148462081390736,0.0,0.0,0.0,0.0,0.0,0.0,0.0,0.0,0.0,0.0,0.0,0.0,0.0,0.0,0.0,0.0,0.0,0.0,-1.1455304055890243,0.0,0.0,0.0,0.0,0.0,0.0,0.0,0.0,0.0,0.0,0.0,0.0,0.0,0.0,0.0,0.0,0.0,0.0,0.0,0.2543463885567357,0.25396960936753976,0.0,0.0,0.3386293396892764,0.0,0.0,0.0,0.0,0.0,0.0,-0.4098704015760808,0.0,0.0,0.0,0.0,0.0,0.0,0.0,0.0,0.0,0.0,0.0,0.0,0.0,0.0,0.0,0.0,0.0,0.0,0.0,0.0,0.0,0.0,0.0,0.0,0.0,0.0,0.0,0.0,0.0,0.0,-0.6931471805599453,0.0,0.0,0.0,0.0,0.0,0.0,-0.6931471805599453,0.0,0.0,0.0,0.0,0.0,0.0,0.0,0.0,0.0,0.0,0.0,0.0,0.0,0.0,0.0,0.0,0.0,0.0,0.0,0.0,0.0,0.0,0.0,0.0,0.0,0.0,0.0,0.0,0.0,0.0,0.0,0.0,0.0,0.0,0.0,0.0,0.0,0.0,0.0,0.0,0.0,0.0,0.0,0.0,0.0,0.0,0.0,0.0,0.0,0.0,0.0,0.0,0.0,0.0,0.0,0.0,0.0,0.0,0.0,0.0,0.0,0.0,0.0,0.0,0.0,0.0,0.0,0.0,0.0,0.0,0.0,0.0,0.0,0.0,0.0,0.0,0.0,0.0,0.0,0.0,0.0,0.0,-0.6427661562675945,0.0,0.0,0.0,0.0,0.0,0.5016931402027182,0.0,0.0,0.0,0.0,0.0,0.0,0.0,0.0
6.259637310505756,1.1925144413116917,COc1ccc(C[C@@H]2NC(=O)[C@H]([C@@H](C)OC)NC(=O)[C@@H]3CC/C=C\COc4cccc(c4)C[C@H](NC(=O)[C@@H](C)NC(=O)[C@H](C)NC(=O)CCSCc4cc(F)cc(c4)CSCCNC(=O)[C@]4(C)CCCN4C2=O)C(=O)N[C@@H](Cc2c[nH]c4ccc(F)cc24)C(=O)N3C)cc1,0.7148462081390736,0.0,0.0,0.0,0.0,0.0,0.0,0.0,0.0,0.0,0.0,0.0,0.0,0.0,0.0,0.0,0.0,0.0,0.0,-1.1455304055890243,0.0,0.0,0.0,0.0,0.0,0.0,0.0,0.0,0.0,0.0,0.0,0.0,0.0,0.0,0.0,0.0,0.0,0.0,0.0,0.2543463885567357,0.25396960936753976,0.0,0.0,0.3386293396892764,0.0,0.0,0.0,0.0,0.0,0.0,-0.4098704015760808,0.0,0.0,0.0,0.0,0.0,0.0,0.0,0.0,0.0,0.0,0.0,0.0,0.0,0.0,0.0,0.0,0.0,0.0,0.0,0.0,0.0,0.0,0.0,0.0,0.0,0.0,0.0,0.0,0.0,0.0,-0.6931471805599453,0.0,0.0,0.0,0.0,0.0,0.0,-0.6931471805599453,0.0,0.0,0.0,0.0,0.0,0.0,0.0,0.0,0.0,0.0,0.0,0.0,0.0,0.0,0.0,0.0,0.0,0.0,0.0,0.0,0.0,0.0,0.0,0.0,0.0,0.0,0.0,0.0,0.0,0.0,0.0,0.0,0.0,0.0,0.0,0.0,0.0,0.0,0.0,0.0,0.0,0.0,0.0,0.0,0.0,0.0,0.0,0.0,0.0,0.0,0.0,0.0,0.0,0.0,0.0,0.0,0.0,0.0,0.0,0.0,0.0,0.0,0.0,0.0,0.0,0.0,0.0,0.0,0.0,0.0,0.0,0.0,0.0,0.0,0.0,0.0,0.0,0.0,0.0,0.0,0.0,0.0,-0.6427661562675945,0.0,0.0,0.0,0.0,0.0,0.5016931402027182,0.0,0.0,0.0,0.0,0.0,0.0,0.0,0.0
6.259637310505756,1.1925144413116917,COc1ccc(C[C@@H]2NC(=O)[C@@H]3CCCCCCO[C@H]4C[C@@H](C(=O)N3)N(C4)C(=O)[C@H](Cc3c[nH]c4ccc(F)cc34)NC(=O)[C@H](Cc3c[nH]c4ccc(F)cc34)NC(=O)[C@@H](C)NC(=O)[C@H](CCCCN)NC(=O)CCSCc3cccc(c3)CSC[C@@H](C(N)=O)NC(=O)[C@]3(C)CCCN3C2=O)cc1,0.0,0.0,0.0,0.0,0.0,0.0,0.0,0.0,0.0,0.0,0.0,0.0,0.0,0.0,0.0,0.0,0.0,0.0,0.0,0.0,0.0,0.0,0.0,0.0,0.0,0.0,0.0,0.0,0.0,0.0,0.0,0.0,0.0,0.0,0.0,0.0,0.0,0.0,0.0,0.2543463885567357,0.25396960936753976,0.0,0.0,0.3386293396892764,0.0,0.0,0.0,0.0,0.0,0.0,-0.4444310766415482,0.0,0.0,0.0,0.0,0.0,0.0,0.0,0.0,0.0,0.0,0.0,0.0,0.0,0.0,0.0,0.6931471805599453,0.0,0.0,0.0,0.0,0.0,0.0,0.0,0.0,0.0,0.0,0.0,0.0,0.0,0.0,0.0,-0.6931471805599453,0.0,0.0,0.0,0.0,0.0,-0.6931471805599453,0.0,0.0,0.0,0.0,0.0,0.0,0.0,0.0,0.0,0.0,0.0,0.0,0.0,0.0,0.0,0.0,0.0,0.0,0.0,0.0,0.0,0.0,0.0,0.0,0.0,0.0,0.0,0.0,0.0,0.0,0.0,0.0,0.0,0.0,0.0,0.0,0.0,0.0,0.0,0.0,0.6931471805599453,0.0,0.0,0.0,0.0,0.0,0.0,0.0,0.0,0.0,0.0,0.0,0.0,0.0,0.0,0.0,0.0,0.0,0.0,0.0,0.0,0.0,0.0,0.0,0.0,0.0,0.0,0.0,0.0,0.0,0.0,0.0,0.0,0.0,0.0,0.0,0.0,0.0,0.0,0.0,0.0,0.0,0.49919758577087286,0.0,0.0,0.0,0.0,0.0,-0.5108256237659907,0.0,0.0,0.0,0.0,0.0,0.0,0.0,0.0
7.301029995663981,1.1925144413116917,COc1ccc(C[C@@H]2NC(=O)[C@H]([C@@H](C)OC)NC(=O)[C@@H]3CC/C=C/COc4cccc(c4)C[C@H](NC(=O)[C@@H](C)NC(=O)[C@H](C)NC(=O)CCS(=O)Cc4cc(F)cc(c4)CSCCNC(=O)[C@]4(C)CCCN4C2=O)C(=O)N[C@@H](Cc2c[nH]c4ccc(F)cc24)C(=O)N3C)cc1,0.7148462081390736,0.0,0.0,0.0,0.0,0.0,0.0,0.0,0.0,0.0,0.0,0.0,0.0,0.0,0.0,0.0,0.0,0.0,0.0,-1.1455304055890243,0.0,0.0,0.0,0.0,0.0,0.0,0.0,0.0,0.0,0.0,0.0,0.0,0.0,0.0,0.0,0.0,0.0,0.0,0.0,0.3758744249050815,0.37534873392630286,0.0,0.0,0.4531966352095854,0.0,0.0,0.0,0.0,0.0,0.0,-0.4054651081081646,0.0,0.0,0.0,0.0,0.0,0.0,0.0,0.0,0.0,0.0,0.0,0.0,0.0,0.0,0.0,0.0,0.0,0.0,0.0,0.0,0.0,0.0,0.0,0.0,0.0,0.0,0.0,0.0,0.0,0.0,-0.6931471805599453,0.0,0.0,0.0,0.0,0.0,0.0,-0.6931471805599453,0.0,0.0,0.0,0.0,0.0,0.0,0.0,0.0,0.0,0.0,0.0,0.0,0.0,0.0,0.0,0.0,0.0,0.0,0.6931471805599453,0.0,0.0,0.0,0.0,0.0,0.0,0.0,0.0,0.0,0.0,0.0,0.0,0.0,0.0,0.0,0.0,0.0,0.0,0.0,0.0,0.0,0.0,0.0,0.0,0.0,0.0,0.0,0.0,0.0,0.0,0.0,0.0,0.0,0.0,0.0,0.0,0.0,0.0,0.0,0.0,0.0,0.0,0.0,0.0,0.0,0.0,0.0,0.0,0.0,0.0,0.0,0.0,0.0,0.0,0.0,0.0,0.0,0.0,0.0,0.0,0.0,0.0,0.0,-0.7017803277046498,0.0,0.0,0.0,0.0,0.0,0.5198754592859086,0.0,0.0,0.0,0.0,0.0,0.0,0.0,0.0
6.259637310505756,1.1925144413116917,COc1ccc(C[C@@H]2NC(=O)[C@@H]3CCCC/C=C/CO[C@H]4C[C@@H](C(=O)N3)N(C4)C(=O)[C@H](Cc3c[nH]c4ccc(F)cc34)NC(=O)[C@H](Cc3c[nH]c4ccc(F)cc34)NC(=O)[C@@H](C)NC(=O)[C@H](CCCCN)NC(=O)CCSCc3cccc(c3)CSC[C@@H](C(N)=O)NC(=O)[C@]3(C)CCCN3C2=O)cc1,0.0,0.0,0.0,0.0,0.0,0.0,0.0,0.0,0.0,0.0,0.0,0.0,0.0,0.0,0.0,0.0,0.0,0.0,0.0,0.0,0.0,0.0,0.0,0.0,0.0,0.0,0.0,0.0,0.0,0.0,0.0,0.0,0.0,0.0,0.0,0.0,0.0,0.0,0.0,0.2543463885567357,0.25396960936753976,0.0,0.0,0.3386293396892764,0.0,0.0,0.0,0.0,0.0,0.0,-0.44017575107140977,0.0,0.0,0.0,0.0,0.0,0.0,0.0,0.0,0.0,0.0,0.0,0.0,0.0,0.0,0.0,0.0,0.0,0.0,0.0,0.0,0.0,0.0,0.0,0.0,0.0,0.0,0.0,0.0,0.0,0.0,0.0,-0.6931471805599453,0.0,0.0,0.0,0.0,0.0,-0.6931471805599453,0.0,0.0,0.0,0.0,0.0,0.0,0.0,0.0,0.0,0.0,0.0,0.0,0.0,0.0,0.0,0.0,0.0,0.0,0.0,0.0,0.0,0.0,0.0,0.0,0.0,0.0,0.0,0.0,0.0,0.0,0.0,0.0,0.0,0.0,0.0,0.0,0.0,0.0,0.0,0.0,0.6931471805599453,0.0,0.0,0.0,0.0,0.0,0.0,0.0,0.0,0.0,0.0,0.0,0.0,0.0,0.0,0.0,0.0,0.0,0.0,0.0,0.0,0.0,0.0,0.0,0.0,0.0,0.0,0.0,0.0,0.0,0.0,0.0,0.0,0.0,0.0,0.0,0.0,0.0,0.0,0.0,0.0,0.0,0.3957844903974419,0.0,0.0,0.0,0.0,0.0,-0.29898162770571435,0.0,0.0,0.0,0.0,0.0,0.0,0.0,0.0
6.259637310505756,1.1925144413116917,COc1ccc(C[C@@H]2NC(=O)[C@@H]3CC/C=C\CO[C@H]4C[C@@H](C(=O)N3)N(C4)C(=O)[C@H](Cc3c[nH]c4ccc(F)cc34)NC(=O)[C@H](Cc3c[nH]c4ccc(F)cc34)NC(=O)[C@@H](C)NC(=O)[C@H](CCCCN)NC(=O)CCSCc3cccc(c3)CSC[C@@H](C(N)=O)NC(=O)[C@]3(C)CCCN3C2=O)cc1,0.0,0.0,0.0,0.0,0.0,0.0,0.0,0.0,0.0,0.0,0.0,0.0,0.0,0.0,0.0,0.0,0.0,0.0,0.0,0.0,0.0,0.0,0.0,0.0,0.0,0.0,0.0,0.0,0.0,0.0,0.0,0.0,0.0,0.0,0.0,0.0,0.0,0.0,0.0,0.2543463885567357,0.25396960936753976,0.0,0.0,0.3386293396892764,0.0,0.0,0.0,0.0,0.0,0.0,-0.42079947210827107,0.0,0.0,0.0,0.0,0.0,0.0,0.0,0.0,0.0,0.0,0.0,0.0,0.0,0.0,0.0,0.0,0.0,0.0,0.0,0.0,0.0,0.0,0.0,0.0,0.0,0.0,0.0,0.0,0.0,0.0,0.0,-0.6931471805599453,0.0,0.0,0.0,0.0,0.0,-0.6931471805599453,0.0,0.0,0.0,0.0,0.0,0.0,0.0,0.0,0.0,0.0,0.0,0.0,0.0,0.0,0.0,0.0,0.0,0.0,0.0,0.0,0.0,0.0,0.0,0.0,0.0,0.0,0.0,0.0,0.0,0.0,0.0,0.0,0.0,0.0,0.0,0.0,0.0,0.0,0.0,0.0,0.6931471805599453,0.0,0.0,0.0,0.0,0.0,0.0,0.0,0.0,0.0,0.0,0.0,0.0,0.0,0.0,0.0,0.0,0.0,0.0,0.0,0.0,0.0,0.0,0.0,0.0,0.0,0.0,0.0,0.0,0.0,0.0,0.0,0.0,0.0,0.0,0.0,0.0,0.0,0.0,0.0,0.0,0.0,0.4488272263819223,0.0,0.0,0.0,0.0,0.0,-0.15415067982725827,0.0,0.0,0.0,0.0,0.0,0.0,0.0,0.0
6.259637310505756,1.1925144413116917,COc1ccc(C[C@@H]2NC(=O)[C@H]([C@@H](C)OC)NC(=O)[C@@H]3CC/C=C\Cc4cccc(c4)C[C@H](NC(=O)[C@@H](C)NC(=O)[C@H](C)NC(=O)CCSCc4cccc(c4)CSCCNC(=O)[C@]4(C)CCCN4C2=O)C(=O)N[C@@H](Cc2c[nH]c4ccc(F)cc24)C(=O)N3C)cc1,0.0,0.0,0.0,0.0,0.0,0.0,0.0,0.0,0.0,0.0,0.0,0.0,0.0,0.0,0.0,0.0,0.0,0.0,0.0,-1.1455304055890243,0.0,0.0,0.0,0.0,0.0,0.0,0.0,0.0,0.0,0.0,0.0,0.0,0.0,0.0,0.0,0.0,0.0,0.0,0.0,0.2543463885567357,0.25396960936753976,0.0,0.0,0.3386293396892764,0.0,0.0,0.0,0.0,0.0,0.0,-0.42513787370686923,0.0,0.0,0.0,0.0,0.0,0.0,0.0,0.0,0.0,0.0,0.0,0.0,0.0,0.0,0.0,0.0,0.0,0.0,0.0,0.0,0.0,0.0,0.0,0.0,0.0,0.0,0.0,0.0,0.0,0.0,-0.6931471805599453,0.0,0.0,0.0,0.0,0.0,0.0,-0.6931471805599453,0.0,0.0,0.0,0.0,0.0,0.0,0.0,0.0,0.0,0.0,0.0,0.0,0.0,0.0,0.0,0.0,0.0,0.0,0.0,0.0,0.0,0.0,0.0,0.0,0.0,0.0,0.0,0.0,0.0,0.0,0.0,0.0,0.0,0.0,0.0,0.0,0.0,0.0,0.0,0.0,0.0,0.0,0.0,0.0,0.0,0.0,0.0,0.0,0.0,0.0,0.0,0.0,0.0,0.0,0.0,0.0,0.0,0.0,0.0,0.0,0.0,0.0,0.0,0.0,0.0,0.0,0.0,0.0,0.0,0.0,0.0,0.0,0.0,0.0,0.0,0.0,0.0,0.0,0.0,0.0,0.0,0.0,0.05619455834364338,0.0,0.0,0.0,0.0,0.0,0.29898162770571435,0.0,0.0,0.0,0.0,0.0,0.0,0.0,0.0
6.259637310505756,1.1925144413116917,COc1ccc(C[C@@H]2NC(=O)[C@@H]3CCCCCCCO[C@H]4C[C@@H](C(=O)N3)N(C4)C(=O)[C@H](Cc3c[nH]c4ccc(F)cc34)NC(=O)[C@H](Cc3c[nH]c4ccc(F)cc34)NC(=O)[C@@H](C)NC(=O)[C@H](CCCCN)NC(=O)CCSCc3cccc(c3)CSC[C@@H](C(N)=O)NC(=O)[C@]3(C)CCCN3C2=O)cc1,0.0,0.0,0.0,0.0,0.0,0.0,0.0,0.0,0.0,0.0,0.0,0.0,0.0,0.0,0.0,0.0,0.0,0.0,0.0,0.0,0.0,0.0,0.0,0.0,0.0,0.0,0.0,0.0,0.0,0.0,0.0,0.0,0.0,0.0,0.0,0.0,0.0,0.0,0.0,0.2543463885567357,0.25396960936753976,0.0,0.0,0.3386293396892764,0.0,0.0,0.0,0.0,0.0,0.0,-0.44017575107140977,0.0,0.0,0.0,0.0,0.0,0.0,0.0,0.0,0.0,0.0,0.0,0.0,0.0,0.0,0.0,0.6931471805599453,0.0,0.0,0.0,0.0,0.0,0.0,0.0,0.0,0.0,0.0,0.0,0.0,0.0,0.0,0.0,-0.6931471805599453,0.0,0.0,0.0,0.0,0.0,-0.6931471805599453,0.0,0.0,0.0,0.0,0.0,0.0,0.0,0.0,0.0,0.0,0.0,0.0,0.0,0.0,0.0,0.0,0.0,0.0,0.0,0.0,0.0,0.0,0.0,0.0,0.0,0.0,0.0,0.0,0.0,0.0,0.0,0.0,0.0,0.0,0.0,0.0,0.0,0.0,0.0,0.0,0.6931471805599453,0.0,0.0,0.0,0.0,0.0,0.0,0.0,0.0,0.0,0.0,0.0,0.0,0.0,0.0,0.0,0.0,0.0,0.0,0.0,0.0,0.0,0.0,0.0,0.0,0.0,0.0,0.0,0.0,0.0,0.0,0.0,0.0,0.0,0.0,0.0,0.0,0.0,0.0,0.0,0.0,0.0,0.3957844903974419,0.0,0.0,0.0,0.0,0.0,-0.5552773863368246,0.0,0.0,0.0,0.0,0.0,0.0,0.0,0.0
7.301029995663981,1.1925144413116917,COc1ccc(C[C@@H]2NC(=O)[C@@H]3CCC/C=C\CO[C@H]4C[C@@H](C(=O)N3)N(C4)C(=O)[C@H](Cc3c[nH]c4ccc(F)cc34)NC(=O)[C@H](Cc3c[nH]c4ccc(F)cc34)NC(=O)[C@@H](C)NC(=O)CCCCCC(=O)NCc3ccc(cc3)C[C@@H](C(N)=O)NC(=O)[C@]3(C)CCCN3C2=O)cc1,0.0,0.0,0.0,0.0,0.0,0.0,0.0,0.0,0.0,0.0,0.0,0.0,0.0,0.0,0.0,0.0,0.0,0.0,0.0,0.0,0.0,0.0,0.0,0.0,0.0,0.0,0.0,0.0,0.0,-0.6931471805599453,0.0,0.0,0.0,0.0,0.0,-0.6931471805599453,0.0,0.0,0.0,0.3758744249050815,0.37534873392630286,0.0,0.0,0.4531966352095854,0.0,0.0,0.0,0.0,0.0,0.0,0.1126188781081493,0.0,0.0,0.0,0.6931471805599453,0.0,0.0,0.0,0.0,0.0,0.0,0.0,0.0,0.0,0.0,0.0,0.0,0.0,0.0,0.0,0.0,0.0,0.0,0.0,0.0,0.0,0.0,0.0,0.0,0.0,0.0,0.0,0.0,0.0,0.0,0.0,0.0,0.0,-0.6931471805599453,0.0,0.0,0.0,0.0,0.0,0.0,0.0,0.0,0.0,0.0,0.0,0.0,0.0,0.0,0.0,0.0,0.0,0.0,0.0,0.0,0.0,0.0,0.0,0.0,0.0,0.0,0.0,0.0,0.0,0.0,0.0,0.0,0.0,0.0,0.0,0.0,0.0,0.0,0.0,0.0,0.6931471805599453,0.0,0.0,0.0,0.0,0.0,0.0,0.0,0.0,0.0,0.0,0.0,0.0,0.0,0.0,0.0,0.0,0.0,0.0,0.0,0.0,0.0,0.0,0.0,0.0,0.0,0.0,0.0,0.0,0.0,0.0,0.0,0.0,0.0,0.0,0.0,0.6931471805599453,0.0,0.0,0.0,0.0,0.0,0.19856653897828705,0.0,0.0,0.0,0.0,0.0,0.1278333715098849,0.0,0.0,0.0,0.0,0.0,0.0,0.0,0.0
7.301029995663981,1.1925144413116917,COc1ccc(C[C@@H]2NC(=O)[C@H]([C@@H](C)OC)NC(=O)[C@@H]3CCC/C=C/c4cccc(c4)C[C@H](NC(=O)[C@@H](C)NC(=O)[C@H](C)NC(=O)CCSCc4cccc(c4)CSCCNC(=O)[C@]4(C)CCCN4C2=O)C(=O)N[C@@H](Cc2c[nH]c4ccc(F)cc24)C(=O)N3C)cc1,0.0,0.0,0.0,0.0,0.0,0.0,0.0,0.0,0.0,0.0,0.0,0.0,0.0,0.0,0.0,0.0,0.0,0.0,0.0,-0.6674355928735886,0.0,0.0,0.0,0.0,0.0,0.0,0.0,0.0,0.0,0.0,0.0,0.0,0.0,0.0,0.0,0.0,0.0,0.0,0.0,0.3758744249050815,0.37534873392630286,0.0,0.0,0.4531966352095854,0.0,0.0,0.0,0.0,0.0,0.0,-0.42513787370686923,0.0,0.0,0.0,0.0,0.0,0.0,0.0,0.0,0.0,0.0,0.0,0.0,0.0,0.0,0.0,0.0,0.0,0.0,0.0,0.0,0.0,0.0,0.0,0.0,0.0,0.0,0.0,0.0,0.0,0.0,-0.6931471805599453,0.0,0.0,0.0,0.0,0.0,0.0,-0.6931471805599453,0.0,0.0,0.0,0.0,0.0,0.0,0.0,0.0,0.0,0.0,0.0,0.0,0.0,0.0,0.0,0.0,0.0,0.0,0.0,0.0,0.0,0.0,0.0,0.0,0.0,0.0,0.0,0.0,0.0,0.0,0.0,0.0,0.0,0.0,0.0,0.0,0.0,0.0,0.0,0.0,0.0,0.0,0.0,0.0,0.0,0.0,0.0,0.0,0.0,0.0,0.0,0.0,0.0,0.0,0.0,0.0,0.0,0.0,0.0,0.0,0.0,0.0,0.0,0.0,0.0,0.0,0.0,0.0,0.0,0.0,0.0,0.0,0.0,0.0,0.0,0.0,0.0,0.0,0.0,0.0,0.0,0.0,0.05619455834364338,0.0,0.0,0.0,0.0,0.0,0.24116205681688804,0.0,0.0,0.0,0.0,0.0,0.0,0.0,0.0
6.259637310505756,1.1925144413116917,COc1ccc(C[C@@H]2NC(=O)[C@@H]3CC/C=C\CO[C@H]4C[C@@H](C(=O)N3)N(C4)C(=O)[C@H](Cc3c[nH]c4ccc(F)cc34)NC(=O)[C@H](Cc3c[nH]c4ccc(F)cc34)NC(=O)[C@@H](C)NC(=O)[C@H](C)NC(=O)[C@@H](NC(C)=O)CC(=O)NCc3ccc(cc3)C[C@@H](C(=O)O)NC(=O)[C@]3(C)CCCN3C2=O)cc1,0.0,0.0,0.0,0.0,0.0,0.6931471805599453,0.0,0.0,0.0,0.0,0.0,0.0,0.0,0.0,0.0,0.0,0.0,0.0,0.0,0.0,0.0,0.0,0.0,0.0,0.0,0.0,0.0,0.0,0.0,0.0,0.0,0.0,0.0,0.0,0.0,0.0,0.0,0.0,0.0,0.2543463885567357,0.25396960936753976,0.0,0.0,0.3386293396892764,0.0,0.0,0.0,0.0,0.0,0.0,0.1302146399985289,0.0,0.0,0.0,0.6931471805599453,0.0,0.0,0.0,0.0,0.0,0.0,0.0,0.0,0.0,0.0,0.0,0.0,0.0,0.0,0.0,0.0,0.0,0.0,0.0,0.0,0.0,0.0,0.0,0.0,0.0,0.0,0.0,0.0,0.0,0.0,0.0,0.0,0.0,0.0,0.0,0.0,0.0,0.0,0.0,0.0,0.0,0.0,0.0,0.0,0.0,0.0,0.0,0.0,0.0,0.0,0.0,0.0,0.0,0.0,0.0,0.0,0.0,0.0,0.0,0.0,0.0,0.0,0.0,0.0,0.0,0.0,0.0,0.0,0.0,0.0,0.0,0.0,0.0,0.0,0.0,0.0,0.0,0.0,0.0,0.0,0.0,0.0,0.0,0.0,0.0,0.0,0.0,0.0,0.0,0.0,0.0,0.0,0.0,0.0,0.0,0.0,0.0,0.0,0.0,0.0,0.0,0.0,0.0,0.0,0.0,0.0,0.0,0.0,0.0,0.0,0.6931471805599453,0.0,0.0,0.0,0.0,0.0,0.24487110701997458,0.0,0.0,0.0,0.0,0.0,0.6466271649250523,0.0,0.0,0.0,0.0,0.0,0.0,0.0,0.0
7.301029995663981,1.1925144413116917,COc1ccc(C[C@@H]2NC(=O)[C@H](C)NC(=O)[C@@H]3CCCCNc4cc(ccn4)C[C@H](NC(=O)[C@@H](C)NC(=O)[C@H](C)NC(=O)CCSCc4cccc(c4)CSC[C@@H](C(N)=O)NC(=O)[C@]4(C)CCCN4C2=O)C(=O)N[C@@H](Cc2c[nH]c4ccc(F)cc24)C(=O)N3)cc1,0.0,0.0,0.0,0.0,0.0,0.0,0.0,0.0,0.0,0.0,0.0,0.0,0.0,0.0,0.0,0.0,0.0,0.0,0.0,-1.1455304055890243,0.0,0.0,0.0,0.0,0.0,0.0,0.0,0.0,0.0,0.0,0.0,0.0,0.0,0.0,0.0,0.0,0.0,0.0,0.0,0.3758744249050815,0.37534873392630286,0.0,0.0,0.4531966352095854,0.0,0.0,0.0,0.0,0.0,0.0,-0.40767018066647837,0.0,0.0,0.0,0.6931471805599453,0.0,0.0,0.0,0.0,0.0,0.0,0.0,0.0,0.0,0.0,0.0,0.0,0.0,0.0,0.0,0.0,0.0,0.0,0.0,0.0,0.0,0.0,0.0,0.0,0.0,0.0,-0.6931471805599453,-0.6931471805599453,0.0,0.0,0.0,0.0,0.0,-0.6931471805599453,0.0,0.0,0.0,0.0,0.0,0.0,0.0,0.0,0.0,0.0,0.0,0.0,0.0,0.0,0.0,0.0,0.0,0.0,0.0,0.0,0.0,0.0,0.0,0.0,0.0,0.0,0.0,0.0,0.0,0.0,0.6931471805599453,0.0,0.0,0.6931471805599453,0.0,0.0,0.0,0.0,0.0,0.0,0.6931471805599453,0.0,0.0,0.0,0.0,0.0,0.0,0.0,0.0,0.0,0.0,0.0,0.0,0.0,0.0,0.0,0.0,0.0,0.0,0.0,0.0,0.0,0.0,0.0,0.0,0.0,0.0,0.0,0.0,0.0,0.0,0.0,0.0,0.0,0.0,0.0,0.0,0.0,0.0,0.0,0.0,0.0,-0.022858138076050267,0.0,0.0,0.0,0.0,0.0,0.4155154439616658,0.0,0.0,0.0,0.0,0.0,0.0,0.0,0.0
7.301029995663981,1.1925144413116917,COc1ccc(C[C@@H]2NC(=O)[C@H]([C@@H](C)O)NC(=O)[C@@H]3[C@@H]4CCN3C(=O)[C@H](Cc3c[nH]c5ccc(F)cc35)NC(=O)[C@H](Cc3cccc(c3)OC/C=C/CO4)NC(=O)[C@@H](C)NC(=O)[C@H](C)NC(=O)CCSCc3cccc(c3)CSCCNC(=O)[C@]3(C)CCCN3C2=O)cc1,0.7148462081390736,0.0,0.0,0.0,0.0,0.0,0.0,0.0,0.0,0.0,0.0,0.0,0.0,0.0,0.0,0.0,0.0,0.0,0.0,-1.1455304055890243,0.0,0.0,0.0,0.0,0.0,0.0,0.0,0.0,0.0,0.0,0.0,0.0,0.0,0.0,0.0,0.0,0.0,0.0,0.0,0.3758744249050815,0.37534873392630286,0.0,0.0,0.4531966352095854,0.0,0.0,0.0,0.0,0.0,0.0,-0.4054651081081646,0.0,0.0,0.0,0.0,0.0,0.0,0.0,0.0,0.0,0.0,0.0,0.0,0.0,0.0,0.0,0.0,0.0,0.0,0.0,0.0,0.0,0.0,0.0,0.0,0.0,0.0,0.0,0.0,0.0,0.0,-0.6931471805599453,0.0,0.0,0.0,0.0,0.0,0.0,-0.6931471805599453,0.0,0.0,0.0,0.0,0.0,0.0,0.0,0.0,0.0,0.0,0.0,0.0,0.0,0.0,0.0,0.0,0.0,0.0,0.0,0.0,0.0,0.0,0.0,0.0,0.0,0.0,0.0,0.0,0.0,0.0,0.0,0.0,0.0,0.0,0.0,0.0,0.0,0.0,0.0,0.0,0.0,0.0,0.0,0.0,0.0,0.0,0.0,0.0,0.0,0.0,0.0,0.0,0.0,0.0,0.0,0.0,0.0,0.0,0.0,0.0,0.0,0.0,0.0,0.0,0.0,0.0,0.0,0.0,0.0,0.0,0.0,0.0,0.0,0.0,0.0,0.0,0.0,0.0,0.0,0.0,0.0,0.0,0.10939859440710693,0.0,0.0,0.0,0.0,0.0,0.34294475112683037,0.0,0.0,0.0,0.0,0.0,0.0,0.0,0.0
5.183758700008217,1.1925144413116917,COc1ccc(C[C@@H]2NC(=O)[C@@H]3CCCC(=O)N[C@H]4C[C@@H](C(=O)N3)N(C4)C(=O)[C@H](Cc3c[nH]c4ccc(F)cc34)NC(=O)[C@H](Cc3c[nH]c4ccc(F)cc34)NC(=O)[C@@H](C)NC(=O)[C@H](C)NCCSCc3ccc(cc3)CSCCNC(=O)[C@]3(C)CCCN3C2=O)cc1,0.0,0.0,0.0,0.0,0.0,0.0,0.0,0.0,0.0,0.0,0.0,0.0,0.0,0.0,0.0,0.0,0.0,0.0,0.0,0.0,0.0,0.0,0.0,0.0,0.0,0.0,0.0,0.0,0.0,-0.6931471805599453,0.0,0.0,0.0,0.0,0.0,0.0,0.0,0.0,0.0,0.11105295721410488,0.11087663101705109,0.0,0.0,0.2038893586045199,0.0,0.0,0.0,0.0,0.0,0.0,0.06412452816953876,0.0,0.0,0.0,0.0,0.0,0.0,0.0,0.0,0.0,0.0,0.0,0.0,0.0,0.0,0.0,0.0,0.0,0.0,0.0,0.0,0.0,0.0,0.0,0.0,0.0,0.0,0.0,0.0,0.0,0.0,0.0,-0.6931471805599453,0.0,0.0,0.0,0.0,0.0,-0.6931471805599453,0.0,0.0,0.0,0.0,0.0,0.0,0.0,0.0,0.0,0.0,0.0,0.0,0.0,0.0,0.0,0.0,0.0,0.0,0.0,0.0,0.0,0.0,0.0,0.0,0.0,0.0,0.0,0.0,0.0,0.0,0.0,0.0,0.0,0.0,0.0,0.0,0.0,0.0,0.0,0.0,0.0,0.0,0.0,0.0,0.0,0.0,0.0,0.0,0.0,0.0,0.0,0.0,0.0,0.0,0.0,0.0,0.0,0.0,0.0,0.0,0.0,0.0,0.0,0.0,0.0,0.0,0.0,0.0,0.0,0.0,0.0,0.0,0.0,0.0,0.0,0.0,0.0,0.0,0.0,0.0,0.0,0.0,-0.35609674213019826,0.0,0.0,0.0,0.0,0.0,0.2047944126460132,0.0,0.0,0.0,0.0,0.0,0.0,0.0,0.0
7.301029995663981,1.1925144413116917,COc1ccc(C[C@@H]2NC(=O)[C@@H]3CCCCC(=O)N[C@H]4C[C@@H](C(=O)N3)N(C4)C(=O)[C@H](Cc3c[nH]c4ccc(F)cc34)NC(=O)[C@H](Cc3c[nH]c4ccc(F)cc34)NC(=O)[C@@H](C)NC(=O)[C@H](CCCN=[N+]=[N-])NC(=O)CCSCc3cccc(c3)CCSCNC(=O)[C@]3(C)CCCN3C2=O)cc1,0.0,0.0,0.0,0.0,0.0,0.0,0.0,0.0,0.0,0.0,0.0,0.0,0.0,0.0,0.0,0.0,0.0,0.0,0.0,1.1163313125170997,0.0,0.0,0.0,0.0,0.0,0.0,0.0,0.0,0.0,0.0,0.0,0.0,0.0,0.0,0.0,0.0,0.0,0.0,0.0,0.3758744249050815,0.37534873392630286,0.0,0.0,0.4531966352095854,0.0,0.0,0.0,0.0,0.0,0.0,0.4486683711170636,0.0,0.0,0.0,0.0,0.0,0.0,0.0,0.0,0.0,0.0,0.0,0.0,0.0,0.0,0.0,0.6931471805599453,0.0,0.0,0.0,0.0,0.0,0.0,0.0,0.0,0.0,0.0,0.0,0.0,0.0,0.0,0.0,-0.6931471805599453,0.0,0.0,0.0,0.0,0.0,-0.6931471805599453,0.0,0.0,0.0,0.0,0.0,0.0,0.0,0.0,0.0,0.0,0.0,0.0,0.0,0.0,0.0,0.0,0.0,0.0,0.0,0.0,0.0,0.0,0.0,0.0,0.0,0.0,0.0,0.6931471805599453,0.0,0.0,0.0,0.0,0.0,0.6931471805599453,0.0,0.0,0.0,0.0,0.0,0.0,0.0,0.0,0.0,0.0,0.0,0.0,0.0,0.0,0.0,0.0,0.0,0.0,0.0,0.0,0.0,0.0,0.0,0.0,0.0,0.0,0.0,0.0,0.0,0.0,0.0,0.0,0.0,0.0,0.0,0.0,0.0,0.0,0.0,0.0,0.0,0.0,0.0,0.0,0.0,0.0,0.0,0.0,-0.011494379425733876,0.0,0.6931471805599453,0.0,0.0,0.0,-0.1278333715098849,0.0,0.0,0.0,0.0,0.0,0.0,0.0,0.0
7.301029995663981,1.1925144413116917,COc1ccc(C[C@@H]2NC(=O)[C@@H]3CCCCC(=O)N[C@H]4C[C@@H](C(=O)N3)N(C4)C(=O)[C@H](Cc3c[nH]c4ccc(F)cc34)NC(=O)[C@H](Cc3c[nH]c4ccc(F)cc34)NC(=O)[C@@H](C)NC(=O)[C@H](CCCN)NC(=O)CCSCc3cccc(c3)CCSCNC(=O)[C@]3(C)CCCN3C2=O)cc1,0.0,0.0,0.0,0.0,0.0,0.0,0.0,0.0,0.0,0.0,0.0,0.0,0.0,0.0,0.0,0.0,0.0,0.0,0.0,0.0,0.0,0.0,0.0,0.0,0.0,0.0,0.0,0.0,0.0,0.0,0.0,0.0,0.0,0.0,0.0,0.0,0.0,0.0,0.0,0.3758744249050815,0.37534873392630286,0.0,0.0,0.4531966352095854,0.0,0.0,0.0,0.0,0.0,0.0,0.4337586167507763,0.0,0.0,0.0,0.0,0.0,0.0,0.0,0.0,0.0,0.0,0.0,0.0,0.0,0.0,0.0,0.6931471805599453,0.0,0.0,0.0,0.0,0.0,0.0,0.0,0.0,0.0,0.0,0.0,0.0,0.0,0.0,0.0,-0.6931471805599453,0.0,0.0,0.0,0.0,0.0,-0.6931471805599453,0.0,0.0,0.0,0.0,0.0,0.0,0.0,0.0,0.0,0.0,0.0,0.0,0.0,0.0,0.0,0.0,0.0,0.0,0.0,0.0,0.0,0.0,0.0,0.0,0.0,0.0,0.0,0.6931471805599453,0.0,0.0,0.0,0.0,0.0,0.0,0.0,0.0,0.0,0.0,0.0,0.0,0.0,0.0,0.0,0.0,0.0,0.0,0.0,0.0,0.0,0.0,0.0,0.0,0.0,0.0,0.0,0.0,0.0,0.0,0.0,0.0,0.0,0.0,0.0,0.0,0.0,0.0,0.0,0.0,0.0,0.0,0.0,0.0,0.0,0.0,0.0,0.0,0.0,0.0,0.0,0.0,0.0,0.0,0.011494379425736414,0.0,0.6931471805599453,0.0,0.0,0.0,-0.2047944126460132,0.0,0.0,0.0,0.0,0.0,0.0,0.0,0.0
7.301029995663981,1.1925144413116917,COc1ccc(C[C@@H]2NC(=O)[C@H](Cc3cnc[nH]3)NC(=O)[C@H](CC(=O)O)NC(=O)[C@H](Cc3c[nH]c4ccc(F)cc34)NC(=O)[C@H](Cc3c[nH]c4ccc(F)cc34)NC(=O)[C@@H](C)NC(=O)[C@H](NC(C)=O)CCCCNC(=O)Cc3ccc(cc3)CNC(=O)CCC[C@@H](C(N)=O)NC(=O)[C@]3(C)CCCN3C2=O)cc1,0.0,0.0,0.0,0.0,0.0,0.0,0.0,0.0,0.0,0.0,0.0,0.0,0.0,0.0,0.0,0.0,0.0,0.0,0.0,0.0,0.0,0.0,0.0,0.0,0.0,0.0,0.0,0.0,0.0,-0.6931471805599453,0.0,0.0,0.0,0.0,0.0,-0.6931471805599453,0.0,0.0,0.0,0.3758744249050815,0.37534873392630286,0.0,0.0,0.4531966352095854,0.0,0.0,0.0,0.0,0.0,0.0,0.045315196212042545,0.0,0.0,0.0,0.6931471805599453,0.0,0.0,0.0,0.0,0.0,0.0,0.0,0.0,0.0,0.0,0.0,0.0,0.0,0.0,0.0,0.0,0.0,0.0,0.0,0.0,0.0,0.0,0.0,0.0,0.0,0.0,0.0,0.0,0.0,0.0,0.0,0.0,0.0,0.0,0.0,0.0,0.0,0.0,0.0,0.0,0.0,0.0,0.0,0.0,0.0,0.0,0.0,0.0,0.0,0.0,0.0,0.0,0.0,0.0,0.0,0.0,0.0,0.0,0.0,0.0,0.0,0.0,0.0,0.0,0.0,0.0,0.0,0.0,0.0,0.0,0.0,0.0,0.0,0.0,0.6931471805599453,0.0,0.0,0.0,0.0,0.0,0.0,0.0,0.0,0.0,0.0,0.0,0.0,0.0,0.0,0.0,0.0,0.0,0.0,0.0,0.0,0.0,0.0,0.0,0.0,0.0,0.0,0.0,0.0,0.0,0.0,0.0,0.0,0.0,0.0,0.0,0.6931471805599453,0.0,0.0,0.0,0.0,0.0,-0.4488272263819223,0.0,0.0,0.0,0.0,0.0,0.5894687510851038,0.0,0.0,0.0,0.0,0.0,0.0,0.0,0.0
4.449771646944906,1.1925144413116917,COc1ccc(C[C@@H]2NC(=O)[C@H]([C@@H](C)O)NC(=O)[C@@H]3C[C@H](F)CN3C(=O)[C@H](Cc3c[nH]c4ccc(F)cc34)NC(=O)[C@H](Cc3c[nH]c4ccc(F)cc34)NC(=O)[C@@H](C)NC(=O)[C@H](CCCCN)NC(=O)[C@@H](NC(C)=O)CCNC(=O)COc3ccc(cc3)C[C@@H](C(N)=O)NC(=O)[C@]3(C)CCCN3C2=O)cc1,0.7148462081390736,0.0,0.0,0.0,0.0,0.0,0.0,0.0,0.0,0.0,0.0,0.0,0.0,0.0,0.0,0.0,0.0,0.0,0.0,0.0,0.0,0.0,0.0,0.0,0.0,0.0,0.0,0.0,0.0,-0.6931471805599453,0.0,0.0,0.0,0.0,0.0,0.0,0.0,0.0,0.0,0.0,0.0,0.0,0.0,0.10130827721874541,0.0,0.0,0.0,0.0,0.0,0.0,0.045315196212042545,0.0,0.0,0.0,0.0,0.0,0.0,0.0,0.0,0.0,0.0,0.0,0.0,0.0,0.0,0.0,0.0,0.6931471805599453,0.0,0.0,0.0,0.0,0.0,0.0,0.0,0.0,0.0,0.0,0.0,0.0,0.0,0.0,0.0,0.0,0.0,0.0,0.0,0.0,-0.6931471805599453,0.0,0.0,0.0,0.0,0.0,0.0,0.0,0.0,0.0,0.0,0.0,0.0,0.0,0.0,0.0,0.0,0.0,0.0,0.0,0.0,0.0,0.0,0.0,0.0,0.0,0.0,0.0,0.0,0.0,0.0,0.0,0.0,0.0,0.0,0.0,0.0,0.0,0.0,0.0,0.0,0.6931471805599453,0.0,0.0,0.0,0.0,0.0,0.0,0.0,0.0,0.0,0.0,0.0,0.0,0.0,0.0,0.0,0.0,0.0,0.0,0.0,0.0,0.0,0.0,0.0,0.0,0.0,0.0,0.0,0.0,0.0,0.0,0.0,0.0,0.0,0.0,0.0,0.0,0.0,0.0,0.0,0.0,0.0,-0.15991438454400775,0.0,0.0,0.0,0.0,0.0,0.25299651446389093,0.0,0.0,0.0,0.0,0.0,0.0,0.0,0.0
6.259637310505756,1.1925144413116917,COc1ccc(C[C@@H]2NC(=O)[C@H]([C@@H](C)O)NC(=O)[C@@H]3C[C@H](F)CN3C(=O)[C@H](Cc3c[nH]c4ccc(F)cc34)NC(=O)[C@H](Cc3c[nH]c4ccc(F)cc34)NC(=O)[C@@H](C)NC(=O)CCCCNC(=O)c3ccc(cc3)C[C@@H](C(N)=O)NC(=O)[C@]3(C)CCCN3C2=O)cc1,0.0,0.0,0.0,0.0,0.0,0.0,0.0,0.0,0.0,0.0,0.0,0.0,0.0,0.0,0.0,0.0,0.0,0.0,0.0,0.0,0.0,0.0,0.0,0.0,0.0,0.0,0.0,0.0,0.0,-0.6931471805599453,0.0,0.6931471805599453,0.0,0.0,0.0,0.0,0.0,0.0,0.0,0.2543463885567357,0.25396960936753976,0.0,0.0,0.3386293396892764,0.0,0.0,0.0,0.0,0.0,0.0,-0.05162436540530727,0.0,0.0,0.0,0.6931471805599453,0.0,0.0,0.0,0.0,0.0,0.0,0.0,0.0,0.0,0.0,0.0,0.0,0.0,0.0,0.0,0.0,0.0,0.0,0.0,0.0,0.0,0.0,0.0,0.0,0.0,0.0,0.0,0.0,0.0,0.0,0.0,0.0,0.0,-0.6931471805599453,0.0,0.0,0.0,0.0,0.0,0.0,0.0,0.0,0.0,0.0,0.0,0.0,0.0,0.0,0.0,0.0,0.0,0.0,0.0,0.0,0.0,0.0,0.0,0.0,0.0,0.0,0.0,0.0,0.0,0.0,0.0,0.0,0.0,0.6931471805599453,0.0,0.0,0.0,0.0,0.0,0.0,0.6931471805599453,0.0,0.0,0.0,0.0,0.0,0.0,0.0,0.0,0.0,0.0,0.0,0.0,0.0,0.0,0.0,0.0,0.0,0.0,0.0,0.0,0.0,0.0,0.0,0.0,0.0,0.0,0.0,0.0,0.0,0.0,0.0,0.0,0.0,0.0,0.0,0.6931471805599453,0.0,0.0,0.0,0.0,0.0,-0.19856653897828705,0.0,0.6931471805599453,0.0,0.0,0.0,0.15415067982725827,0.0,0.0,0.0,0.0,0.0,0.0,0.0,0.0
4.449771646944906,1.1925144413116917,COc1ccc(C[C@@H]2NC(=O)[C@H]([C@@H](C)O)NC(=O)[C@@H]3C[C@H](F)CN3C(=O)[C@H](Cc3c[nH]c4ccc(F)cc34)NC(=O)[C@H](Cc3c[nH]c4ccc(F)cc34)NC(=O)[C@@H](C)NC(=O)[C@H](CCCCN)NC(=O)[C@@H](NC(C)=O)CC(=O)NCc3cccc(c3)C[C@@H](C(N)=O)NC(=O)[C@]3(C)CCCN3C2=O)cc1,0.0,0.0,0.0,0.0,0.0,0.0,0.0,0.0,0.0,0.0,0.0,0.0,0.0,0.0,0.0,0.0,0.0,0.0,0.0,0.0,0.0,0.0,0.0,0.0,0.0,0.0,0.0,0.0,0.0,0.0,0.0,0.0,0.0,0.0,0.0,0.0,0.0,0.0,0.0,0.0,0.0,0.0,0.0,0.10130827721874541,0.0,0.0,0.0,0.0,0.0,0.0,0.019672765598704855,0.0,0.0,0.0,0.6931471805599453,0.0,0.0,0.0,0.0,0.0,0.0,0.0,0.0,0.0,0.0,0.0,0.0,0.0,0.0,0.0,0.0,0.0,0.0,0.0,0.0,0.0,0.0,0.0,0.0,0.0,0.0,0.0,0.0,0.0,0.0,0.0,0.0,0.0,-0.6931471805599453,0.0,0.0,0.0,0.0,0.0,0.0,0.0,0.0,0.0,0.0,0.0,0.0,0.0,0.0,0.0,0.0,0.0,0.0,0.0,0.0,0.0,0.0,0.0,0.0,0.0,0.0,0.0,0.0,0.0,0.0,0.0,0.0,0.0,0.0,0.0,0.0,0.0,0.0,0.0,0.0,0.6931471805599453,0.0,0.0,0.0,0.0,0.0,0.0,0.0,0.0,0.0,0.0,0.0,0.0,0.0,0.0,0.0,0.0,0.0,0.0,0.0,0.0,0.0,0.0,0.0,0.0,0.0,0.0,0.0,0.0,0.0,0.0,0.0,0.0,0.0,0.0,0.0,0.6931471805599453,0.0,0.0,0.0,0.0,0.0,0.06706423058054609,0.0,0.0,0.0,0.0,0.0,0.21706450523782758,0.0,0.0,0.0,0.0,0.0,0.0,0.0,0.0
6.259637310505756,1.1925144413116917,C#CCCC[C@@H]1NC(=O)[C@H](Cc2c[nH]c3ccc(F)cc23)NC(=O)[C@H](CCCN=[N+]=[N-])NC(=O)[C@@H](C)NC(=O)[C@H](C)NC(=O)CCSCc2cccc(c2)CSCCNC(=O)[C@]2(C)CCCN2C(=O)[C@H](Cc2ccc(OC)cc2)NC(=O)[C@H]([C@@H](C)O)NC1=O,1.1759184166680314,0.0,0.0,0.0,0.0,0.0,0.0,0.0,0.0,0.0,0.0,0.0,0.0,0.0,0.0,0.0,0.0,0.0,0.0,-0.0866157283328626,0.0,0.0,0.0,0.0,0.0,0.0,0.0,0.0,0.0,0.0,0.0,0.0,0.0,0.0,0.0,0.0,0.0,0.0,0.0,0.2543463885567357,0.25396960936753976,0.0,0.0,0.3386293396892764,0.0,0.0,0.0,0.0,0.0,0.0,-0.2934600497316696,0.0,0.0,0.0,0.0,0.0,0.0,0.0,0.0,0.0,0.0,0.0,0.0,0.0,0.0,0.0,0.0,0.0,0.0,0.0,0.0,0.0,0.0,0.0,0.0,0.0,0.0,0.0,0.0,0.0,0.0,-0.6931471805599453,0.0,0.0,0.0,0.0,0.0,0.0,-0.6931471805599453,0.0,0.0,0.0,0.0,0.0,0.0,0.0,0.0,0.0,0.0,0.0,0.0,0.0,0.0,0.0,0.0,0.0,0.0,0.0,0.0,0.0,0.0,0.0,0.0,0.0,0.0,0.0,0.0,0.0,0.0,0.0,0.0,0.0,0.6931471805599453,0.0,0.0,0.0,0.0,0.0,0.0,0.0,0.0,0.0,0.0,0.0,0.0,0.0,0.0,0.0,0.0,0.0,0.0,0.0,0.0,0.0,0.0,0.0,0.0,0.0,0.0,0.0,0.0,0.0,0.0,0.0,0.0,0.0,0.0,0.0,0.0,0.0,0.0,0.0,0.0,0.0,0.0,0.0,0.0,0.0,0.0,0.0,0.0,0.2716584229836235,0.0,0.6931471805599453,0.0,0.0,0.0,0.015037877364540516,0.0,0.0,0.0,0.0,0.0,0.0,0.0,0.0
5.183758700008217,1.1925144413116917,COc1ccc(C[C@@H]2NC(=O)[C@H]([C@@H](C)O)NC(=O)[C@@H]3C[C@H](F)CN3C(=O)[C@H](Cc3c[nH]c4ccc(F)cc34)NC(=O)[C@H](Cc3c[nH]c4ccc(F)cc34)NC(=O)[C@@H](C)NC(=O)[C@H](CCCCN)NC(=O)[C@@H](NC(C)=O)CC(=O)NCc3ccccc3C[C@@H](C(N)=O)NC(=O)[C@]3(C)CCCN3C2=O)cc1,0.0,0.0,0.0,0.0,0.0,0.0,0.0,0.0,0.0,0.0,0.0,0.0,0.0,0.0,0.0,0.0,0.0,0.0,0.0,0.0,0.0,0.0,0.0,0.0,0.0,0.0,0.0,0.0,0.0,0.0,0.0,0.0,0.0,0.0,0.0,0.0,0.0,0.0,0.0,0.11105295721410488,0.11087663101705109,0.0,0.0,0.2038893586045199,0.0,0.0,0.0,0.0,0.0,0.0,0.04214562145076348,0.0,0.0,0.0,0.6931471805599453,0.0,0.0,0.0,0.0,0.0,0.0,0.0,0.0,0.0,0.0,0.0,0.6931471805599453,0.0,0.0,0.0,0.0,0.0,0.0,0.0,0.0,0.0,0.0,0.0,0.0,0.0,0.0,0.0,0.0,0.0,0.0,0.0,0.0,0.0,-0.6931471805599453,0.0,0.0,0.0,0.0,0.0,0.0,0.0,0.0,0.0,0.0,0.0,0.0,0.0,0.0,0.0,0.0,0.0,0.0,0.6931471805599453,0.0,0.0,0.0,0.0,0.0,0.0,0.0,0.0,0.0,0.0,0.0,0.0,0.0,0.0,0.0,0.0,0.0,0.0,0.0,0.0,0.0,0.6931471805599453,0.0,0.0,0.0,0.0,0.0,0.0,0.0,0.0,0.0,0.0,0.0,0.0,0.0,0.0,0.0,0.0,0.0,0.0,0.0,0.0,0.0,0.0,0.0,0.0,0.0,0.0,0.0,0.0,0.0,0.0,0.0,0.0,0.0,0.0,0.0,0.6931471805599453,0.0,0.0,0.0,0.0,0.0,0.0,0.0,0.0,0.0,0.0,0.0,0.07302513501488989,0.0,0.0,0.0,0.0,0.0,0.0,0.0,0.0
5.183758700008217,1.1925144413116917,COc1ccc(C[C@@H]2NC(=O)[C@@H]([C@H](C)O)NC(=O)[C@@H]3C[C@H](F)CN3C(=O)[C@H](Cc3c[nH]c4ccc(F)cc34)NC(=O)[C@H](Cc3c[nH]c4ccc(F)cc34)NC(=O)[C@@H](C)NC(=O)Cc3ccc(cc3)CNC(=O)c3ccc(cc3)C[C@@H](C(N)=O)NC(=O)[C@]3(C)CCCN3C2=O)cc1,0.0,0.0,0.0,0.0,0.0,0.0,0.0,0.6931471805599453,0.0,0.0,0.0,0.0,0.0,0.0,0.0,0.0,0.0,0.0,0.0,0.0,0.0,0.0,0.0,0.0,0.0,0.0,0.0,0.0,0.0,-0.6931471805599453,0.0,0.6931471805599453,0.0,0.0,0.0,0.0,0.0,0.0,0.0,0.11105295721410488,0.11087663101705109,0.0,0.0,0.2038893586045199,0.0,0.0,0.0,0.0,0.0,0.0,0.0,0.0,0.0,0.0,0.6931471805599453,0.0,0.0,0.0,0.0,0.0,0.0,0.0,0.0,0.0,0.0,0.0,0.0,0.0,0.0,0.0,0.0,0.0,0.0,0.0,0.0,0.0,0.0,0.0,0.0,0.0,0.0,0.0,0.0,0.0,0.0,0.0,0.0,0.0,-0.6931471805599453,0.0,0.0,0.0,0.0,0.0,0.0,0.0,0.0,0.0,0.0,0.0,0.0,0.0,0.0,0.0,0.0,0.0,0.0,0.0,0.0,0.0,0.0,0.0,0.0,0.0,0.0,0.0,0.0,0.0,0.0,0.0,0.0,0.0,0.6931471805599453,0.0,0.0,0.0,0.0,0.0,0.0,0.6931471805599453,0.0,0.0,0.0,0.0,0.0,0.0,0.0,0.0,0.0,0.0,0.0,0.0,0.0,0.0,0.0,0.0,0.0,0.0,0.0,0.0,0.0,0.0,0.0,0.0,0.0,0.0,0.0,0.0,0.0,0.0,0.0,0.0,0.0,0.0,0.0,0.6931471805599453,0.0,0.0,0.0,0.0,0.0,-0.20800057121164678,0.0,0.6931471805599453,0.0,0.0,0.0,0.4254657748148339,0.0,0.0,0.0,0.0,0.0,0.0,0.0,0.0
6.259637310505756,1.1925144413116917,COc1ccc(C[C@@H]2NC(=O)[C@H]([C@@H](C)O)NC(=O)[C@@H]3C[C@H](F)CN3C(=O)[C@H](Cc3c[nH]c4ccc(F)cc34)NC(=O)[C@H](Cc3c[nH]c4ccc(F)cc34)NC(=O)[C@@H](C)NC(=O)CCCC(=O)NCCOc3ccc(cc3)C[C@@H](C(N)=O)NC(=O)[C@]3(C)CCCN3C2=O)cc1,0.7148462081390736,0.0,0.0,0.0,0.0,0.0,0.0,0.0,0.0,0.0,0.0,0.0,0.0,0.0,0.0,0.0,0.0,0.0,0.0,0.0,0.0,0.0,0.0,0.0,0.0,0.0,0.0,0.0,0.0,-0.6931471805599453,0.0,0.0,0.0,0.0,0.0,0.0,0.0,0.0,0.0,0.2543463885567357,0.25396960936753976,0.0,0.0,0.3386293396892764,0.0,0.0,0.0,0.0,0.0,0.0,-0.06101410575514632,0.0,0.0,0.0,0.0,0.0,0.0,0.0,0.0,0.0,0.0,0.0,0.0,0.0,0.0,0.0,0.0,0.0,0.0,0.0,0.0,0.0,0.0,0.0,0.0,0.0,0.0,0.0,0.0,0.0,0.0,0.0,0.0,0.0,0.0,0.0,0.0,0.0,-0.6931471805599453,0.0,0.0,0.0,0.0,0.0,0.0,0.0,0.0,0.0,0.0,0.0,0.0,0.0,0.0,0.0,0.0,0.0,0.0,0.0,0.0,0.0,0.0,0.0,0.0,0.0,0.0,0.0,0.0,0.0,0.0,0.0,0.0,0.0,0.0,0.0,0.0,0.0,0.0,0.0,0.0,0.6931471805599453,0.0,0.0,0.0,0.0,0.0,0.0,0.0,0.0,0.0,0.0,0.0,0.0,0.0,0.0,0.0,0.0,0.0,0.0,0.0,0.0,0.0,0.0,0.0,0.0,0.0,0.0,0.0,0.0,0.0,0.0,0.0,0.0,0.0,0.0,0.0,0.0,0.0,0.0,0.0,0.0,0.0,-0.15001331356129724,0.0,0.0,0.0,0.0,0.0,0.2047944126460132,0.0,0.0,0.0,0.0,0.0,0.0,0.0,0.0
6.259637310505756,1.1925144413116917,COc1ccc(C[C@@H]2NC(=O)[C@@H]([C@H](C)O)NC(=O)[C@H]3C[C@@H](N)CN3C(=O)[C@H](Cc3c[nH]c4ccc(F)cc34)NC(=O)[C@H](Cc3c[nH]c4ccc(F)cc34)NC(=O)[C@@H](C)NC(=O)[C@H](CCCCN)NC(=O)CCSCc3cc(F)cc(c3)CSCCNC(=O)[C@]3(C)CCCN3C2=O)cc1,0.0,0.0,0.0,0.0,0.0,0.0,0.0,0.0,0.0,0.0,0.0,0.0,0.0,0.0,0.0,0.0,0.0,0.0,0.0,0.0,0.0,0.0,0.0,0.0,0.0,0.0,0.0,0.0,0.0,0.0,0.0,0.0,0.0,0.0,0.0,0.0,0.0,0.0,0.0,0.2543463885567357,0.25396960936753976,0.0,0.0,0.3386293396892764,0.0,0.0,0.0,0.0,0.0,0.0,-0.3672152259741649,0.0,0.0,0.0,0.0,0.0,0.0,0.0,0.0,0.0,0.0,0.0,0.0,0.0,0.0,0.0,0.0,0.0,0.0,0.0,0.0,0.0,0.0,0.0,0.0,0.0,0.0,0.0,0.0,0.0,0.0,0.0,0.0,0.0,0.0,0.0,0.0,0.0,-0.6931471805599453,0.0,0.0,0.0,0.0,0.0,0.0,0.0,0.0,0.0,0.0,0.0,0.0,0.0,0.0,0.0,0.0,0.0,0.0,0.0,0.0,0.0,0.0,0.0,0.0,0.0,0.0,0.0,0.0,0.0,0.0,0.0,0.0,0.0,0.0,0.0,0.0,0.0,0.0,0.0,0.0,0.0,0.0,0.0,0.0,0.0,0.0,0.0,0.0,0.0,0.0,0.0,0.0,0.0,0.0,0.0,0.0,0.0,0.0,0.0,0.0,0.0,0.0,0.0,0.0,0.0,0.0,0.0,0.0,0.0,0.0,0.0,0.0,0.0,0.0,0.0,0.0,0.0,0.0,0.0,0.0,0.0,0.0,-0.36416130196692964,0.0,0.0,0.0,0.0,0.0,-0.17979311044059593,0.0,0.0,0.0,0.0,0.0,0.0,0.0,0.0
6.259637310505756,1.1925144413116917,COc1ccc(C[C@@H]2NC(=O)[C@@H]([C@H](C)O)NC(=O)[C@H]3C[C@@H](N)CN3C(=O)[C@H](Cc3c[nH]c4ccc(F)cc34)NC(=O)[C@H](Cc3c[nH]c4ccc(F)cc34)NC(=O)[C@@H](C)NC(=O)[C@H](CCCCN)NC(=O)CCSCc3cccc(c3)CSCCNC(=O)[C@]3(C)CCCN3C2=O)cc1,0.0,0.0,0.0,0.0,0.0,0.0,0.0,0.0,0.0,0.0,0.0,0.0,0.0,0.0,0.0,0.0,0.0,0.0,0.0,0.0,0.0,0.0,0.0,0.0,0.0,0.0,0.0,0.0,0.0,0.0,0.0,0.0,0.0,0.0,0.0,0.0,0.0,0.0,0.0,0.2543463885567357,0.25396960936753976,0.0,0.0,0.3386293396892764,0.0,0.0,0.0,0.0,0.0,0.0,-0.3695061777207207,0.0,0.0,0.0,0.0,0.0,0.0,0.0,0.0,0.0,0.0,0.0,0.0,0.0,0.0,0.0,0.0,0.0,0.0,0.0,0.0,0.0,0.0,0.0,0.0,0.0,0.0,0.0,0.0,0.0,0.0,0.0,0.0,0.0,0.0,0.0,0.0,0.0,-0.6931471805599453,0.0,0.0,0.0,0.0,0.0,0.0,0.0,0.0,0.0,0.0,0.0,0.0,0.0,0.0,0.0,0.0,0.0,0.0,0.0,0.0,0.0,0.0,0.0,0.0,0.0,0.0,0.0,0.0,0.0,0.0,0.0,0.0,0.0,0.0,0.0,0.0,0.0,0.0,0.0,0.0,0.0,0.0,0.0,0.0,0.0,0.0,0.0,0.0,0.0,0.0,0.0,0.0,0.0,0.0,0.0,0.0,0.0,0.0,0.0,0.0,0.0,0.0,0.0,0.0,0.0,0.0,0.0,0.0,0.0,0.0,0.0,0.0,0.0,0.0,0.0,0.0,0.0,0.0,0.0,0.0,0.0,0.0,0.08845542056186372,0.0,0.0,0.0,0.0,0.0,-0.29898162770571435,0.0,0.0,0.0,0.0,0.0,0.0,0.0,0.0
6.259637310505756,1.1925144413116917,COc1ccc(C[C@@H]2NC(=O)[C@@H]([C@H](C)O)NC(=O)[C@@H]3C[C@@H](O)CN3C(=O)[C@H](Cc3c[nH]c4ccc(F)cc34)NC(=O)[C@H](Cc3c[nH]c4ccc(F)cc34)NC(=O)[C@@H](C)NC(=O)[C@H](CCCCN)NC(=O)CCSCc3cccc(c3)CSCCNC(=O)[C@]3(C)CCCN3C2=O)cc1,0.0,0.0,0.0,0.0,0.0,0.0,0.0,0.0,0.0,0.0,0.0,0.0,0.0,0.0,0.0,0.0,0.0,0.0,0.0,0.0,0.0,0.0,0.0,0.0,0.0,0.0,0.0,0.0,0.0,0.0,0.0,0.0,0.0,0.0,0.0,0.0,0.0,0.0,0.0,0.2543463885567357,0.25396960936753976,0.0,0.0,0.3386293396892764,0.0,0.0,0.0,0.0,0.0,0.0,-0.36491901371381463,0.0,0.0,0.0,0.0,0.0,0.0,0.0,0.0,0.0,0.0,0.0,0.0,0.0,0.0,0.0,0.0,0.0,0.0,0.0,0.0,0.0,0.0,0.0,0.0,0.0,0.0,0.0,0.0,0.0,0.0,0.0,0.0,0.0,0.0,0.0,0.0,0.0,-0.6931471805599453,0.0,0.0,0.0,0.0,0.0,0.0,0.0,0.0,0.0,0.0,0.0,0.0,0.0,0.0,0.0,0.0,0.0,0.0,0.0,0.0,0.0,0.0,0.0,0.0,0.0,0.0,0.0,0.0,0.0,0.0,0.0,0.0,0.0,0.0,0.0,0.0,0.0,0.0,0.0,0.0,0.0,0.0,0.0,0.0,0.0,0.0,0.0,0.0,0.0,0.0,0.0,0.0,0.0,0.0,0.0,0.0,0.0,0.0,0.0,0.0,0.0,0.0,0.0,0.0,0.0,0.0,0.0,0.0,0.0,0.0,0.0,0.0,0.0,0.0,0.0,0.0,0.0,0.0,0.0,0.0,0.0,0.0,0.11970796406596934,0.0,0.0,0.0,0.0,0.0,-0.29898162770571435,0.0,0.0,0.0,0.0,0.0,0.0,0.0,0.0
4.449771646944906,1.1925144413116917,COc1ccc(C[C@@H]2NC(=O)[C@@H]([C@H](C)O)NC(=O)[C@@H]3C[C@H](O)CN3C(=O)[C@H](Cc3c[nH]c4ccc(F)cc34)NC(=O)[C@H](Cc3c[nH]c4ccc(F)cc34)NC(=O)[C@@H](C)NC(=O)[C@H](CCCCN)NC(=O)CCSCc3cccc(c3)CSCCNC(=O)[C@]3(C)CCCN3C2=O)cc1,0.0,0.0,0.0,0.0,0.0,0.0,0.0,0.0,0.0,0.0,0.0,0.0,0.0,0.0,0.0,0.0,0.0,0.0,0.0,0.0,0.0,0.0,0.0,0.0,0.0,0.0,0.0,0.0,0.0,0.0,0.0,0.0,0.0,0.0,0.0,0.0,0.0,0.0,0.0,0.0,0.0,0.0,0.0,0.10130827721874541,0.0,0.0,0.0,0.0,0.0,0.0,-0.36491901371381463,0.0,0.0,0.0,0.0,0.0,0.0,0.0,0.0,0.0,0.0,0.0,0.0,0.0,0.0,0.0,0.0,0.0,0.0,0.0,0.0,0.0,0.0,0.0,0.0,0.0,0.0,0.0,0.0,0.0,0.0,0.0,0.0,0.0,0.0,0.0,0.0,0.0,-0.6931471805599453,0.0,0.0,0.0,0.0,0.0,0.0,0.0,0.0,0.0,0.0,0.0,0.0,0.0,0.0,0.0,0.0,0.0,0.0,0.0,0.0,0.0,0.0,0.0,0.0,0.0,0.0,0.0,0.0,0.0,0.0,0.0,0.0,0.0,0.0,0.0,0.0,0.0,0.0,0.0,0.0,0.0,0.0,0.0,0.0,0.0,0.0,0.0,0.0,0.0,0.0,0.0,0.0,0.0,0.0,0.0,0.0,0.0,0.0,0.0,0.0,0.0,0.0,0.0,0.0,0.0,0.0,0.0,0.0,0.0,0.0,0.0,0.0,0.0,0.0,0.0,0.0,0.0,0.0,0.0,0.0,0.0,0.0,0.11970796406596934,0.0,0.0,0.0,0.0,0.0,-0.29898162770571435,0.0,0.0,0.0,0.0,0.0,0.0,0.0,0.0
4.449771646944906,1.1925144413116917,COc1ccc(C[C@@H]2NC(=O)[C@@H]([C@H](C)O)NC(=O)[C@@H]3C[C@H](O)CN3C(=O)[C@H](Cc3c[nH]c4ccc(F)cc34)NC(=O)[C@H](Cc3c[nH]c4ccc(F)cc34)NC(=O)[C@@H](C)NC(=O)[C@H](CCCCN)NC(=O)CCSCc3cc(F)cc(c3)CSCCNC(=O)[C@]3(C)CCCN3C2=O)cc1,0.0,0.0,0.0,0.0,0.0,0.0,0.0,0.0,0.0,0.0,0.0,0.0,0.0,0.0,0.0,0.0,0.0,0.0,0.0,0.0,0.0,0.0,0.0,0.0,0.0,0.0,0.0,0.0,0.0,0.0,0.0,0.0,0.0,0.0,0.0,0.0,0.0,0.0,0.0,0.0,0.0,0.0,0.0,0.10130827721874541,0.0,0.0,0.0,0.0,0.0,0.0,-0.36261751672553544,0.0,0.0,0.0,0.0,0.0,0.0,0.0,0.0,0.0,0.0,0.0,0.0,0.0,0.0,0.0,0.0,0.0,0.0,0.0,0.0,0.0,0.0,0.0,0.0,0.0,0.0,0.0,0.0,0.0,0.0,0.0,0.0,0.0,0.0,0.0,0.0,0.0,-0.6931471805599453,0.0,0.0,0.0,0.0,0.0,0.0,0.0,0.0,0.0,0.0,0.0,0.0,0.0,0.0,0.0,0.0,0.0,0.0,0.0,0.0,0.0,0.0,0.0,0.0,0.0,0.0,0.0,0.0,0.0,0.0,0.0,0.0,0.0,0.0,0.0,0.0,0.0,0.0,0.0,0.0,0.0,0.0,0.0,0.0,0.0,0.0,0.0,0.0,0.0,0.0,0.0,0.0,0.0,0.0,0.0,0.0,0.0,0.0,0.0,0.0,0.0,0.0,0.0,0.0,0.0,0.0,0.0,0.0,0.0,0.0,0.0,0.0,0.0,0.0,0.0,0.0,0.0,0.0,0.0,0.0,0.0,0.0,-0.32317195743373167,0.0,0.0,0.0,0.0,0.0,-0.17979311044059593,0.0,0.0,0.0,0.0,0.0,0.0,0.0,0.0
4.449771646944906,1.1925144413116917,COc1ccc(C[C@@H]2NC(=O)[C@@H]([C@H](C)O)NC(=O)[C@@H]3C[C@@H](O)CN3C(=O)[C@H](Cc3c[nH]c4ccc(F)cc34)NC(=O)[C@H](Cc3c[nH]c4ccc(F)cc34)NC(=O)[C@@H](C)NC(=O)[C@H](CCCCN)NC(=O)CCSCc3cc(F)cc(c3)CSCCNC(=O)[C@]3(C)CCCN3C2=O)cc1,0.0,0.0,0.0,0.0,0.0,0.0,0.0,0.0,0.0,0.0,0.0,0.0,0.0,0.0,0.0,0.0,0.0,0.0,0.0,0.0,0.0,0.0,0.0,0.0,0.0,0.0,0.0,0.0,0.0,0.0,0.0,0.0,0.0,0.0,0.0,0.0,0.0,0.0,0.0,0.0,0.0,0.0,0.0,0.10130827721874541,0.0,0.0,0.0,0.0,0.0,0.0,-0.36261751672553544,0.0,0.0,0.0,0.0,0.0,0.0,0.0,0.0,0.0,0.0,0.0,0.0,0.0,0.0,0.0,0.0,0.0,0.0,0.0,0.0,0.0,0.0,0.0,0.0,0.0,0.0,0.0,0.0,0.0,0.0,0.0,0.0,0.0,0.0,0.0,0.0,0.0,-0.6931471805599453,0.0,0.0,0.0,0.0,0.0,0.0,0.0,0.0,0.0,0.0,0.0,0.0,0.0,0.0,0.0,0.0,0.0,0.0,0.0,0.0,0.0,0.0,0.0,0.0,0.0,0.0,0.0,0.0,0.0,0.0,0.0,0.0,0.0,0.0,0.0,0.0,0.0,0.0,0.0,0.0,0.0,0.0,0.0,0.0,0.0,0.0,0.0,0.0,0.0,0.0,0.0,0.0,0.0,0.0,0.0,0.0,0.0,0.0,0.0,0.0,0.0,0.0,0.0,0.0,0.0,0.0,0.0,0.0,0.0,0.0,0.0,0.0,0.0,0.0,0.0,0.0,0.0,0.0,0.0,0.0,0.0,0.0,-0.32317195743373167,0.0,0.0,0.0,0.0,0.0,-0.17979311044059593,0.0,0.0,0.0,0.0,0.0,0.0,0.0,0.0
6.259637310505756,1.1925144413116917,C[C@@]12CCCN1C(=O)[C@H](Cc1ccc(O)cc1)NC(=O)c1cccc(c1)CNC(=O)[C@H](Cc1c[nH]c3ccc(F)cc13)NC(=O)[C@H](Cc1c[nH]c3ccc(F)cc13)NC(=O)CNC(=O)[C@H](CCCCN)NC(=O)CCSCc1cccc(c1)CSC[C@@H](C(N)=O)NC2=O,0.0,0.0,0.0,0.0,0.0,0.0,0.0,0.0,0.0,0.0,0.0,0.0,0.0,0.0,0.0,0.0,0.0,0.0,0.0,0.0,0.0,0.0,0.0,0.0,0.0,0.0,0.0,0.0,0.0,0.0,0.0,0.6931471805599453,0.0,0.0,0.0,0.0,0.0,0.0,0.0,0.2543463885567357,0.25396960936753976,0.0,0.0,0.3386293396892764,0.0,0.0,0.0,0.0,0.0,0.0,-0.3345782966611423,0.0,0.0,0.0,0.6931471805599453,0.0,0.0,0.0,0.0,0.0,0.0,0.0,0.0,0.0,0.0,0.0,0.0,0.0,0.0,0.0,0.0,0.0,0.0,0.0,0.0,0.0,0.0,0.0,0.0,0.0,0.0,0.0,0.0,0.0,0.0,0.0,0.0,0.0,-0.6931471805599453,0.0,0.0,0.0,0.0,0.0,0.0,0.0,0.0,0.0,0.0,0.0,0.0,0.0,0.0,0.0,0.0,0.0,0.0,0.0,0.0,0.0,0.0,0.0,0.0,0.0,0.0,0.0,0.0,0.0,0.0,0.0,0.0,0.0,0.6931471805599453,0.0,0.0,0.0,0.0,0.0,0.0,0.6931471805599453,0.0,0.0,0.0,0.0,0.0,0.0,0.0,0.0,0.0,0.0,0.0,0.0,0.0,0.0,0.0,0.0,0.0,0.0,0.0,0.0,0.0,0.0,0.0,0.0,0.0,0.0,0.0,0.0,0.0,0.0,0.0,0.0,0.0,0.0,0.0,0.6931471805599453,0.0,0.0,0.0,0.0,0.0,-0.11970796406596708,0.0,0.6931471805599453,0.0,0.0,0.0,0.17979311044059593,0.0,0.0,0.0,0.0,0.0,0.0,0.0,0.0
7.301029995663981,1.1925144413116917,C[C@H]1NC(=O)[C@H](CCCCN)NC(=O)CCSCc2cccc(c2)CSC[C@@H](C(N)=O)NC(=O)[C@]2(C)CCCN2C(=O)[C@H](Cc2ccc(O)cc2)NC(=O)c2cccc(c2)CNC(=O)[C@H](Cc2c[nH]c3ccc(F)cc23)NC(=O)[C@H](Cc2c[nH]c3ccc(F)cc23)NC1=O,0.0,0.0,0.0,0.0,0.0,0.0,0.0,0.0,0.0,0.0,0.0,0.0,0.0,0.0,0.0,0.0,0.0,0.0,0.0,0.0,0.0,0.0,0.0,0.0,0.0,0.0,0.0,0.0,0.0,0.0,0.0,0.6931471805599453,0.0,0.0,0.0,0.0,0.0,0.0,0.0,0.3758744249050815,0.37534873392630286,0.0,0.0,0.4531966352095854,0.0,0.0,0.0,0.0,0.0,0.0,-0.3510299015531475,0.0,0.0,0.0,0.6931471805599453,0.0,0.0,0.0,0.0,0.0,0.0,0.0,0.0,0.0,0.0,0.0,0.0,0.0,0.0,0.0,0.0,0.0,0.0,0.0,0.0,0.0,0.0,0.0,0.0,0.0,0.0,0.0,0.0,0.0,0.0,0.0,0.0,0.0,-0.6931471805599453,0.0,0.0,0.0,0.0,0.0,0.0,0.0,0.0,0.0,0.0,0.0,0.0,0.0,0.0,0.0,0.0,0.0,0.0,0.0,0.0,0.0,0.0,0.0,0.0,0.0,0.0,0.0,0.0,0.0,0.0,0.0,0.0,0.0,0.6931471805599453,0.0,0.0,0.0,0.0,0.0,0.0,0.6931471805599453,0.0,0.0,0.0,0.0,0.0,0.0,0.0,0.0,0.0,0.0,0.0,0.0,0.0,0.0,0.0,0.0,0.0,0.0,0.0,0.0,0.0,0.0,0.0,0.0,0.0,0.0,0.0,0.0,0.0,0.0,0.0,0.0,0.0,0.0,0.0,0.6931471805599453,0.0,0.0,0.0,0.0,0.0,-0.17942719876758959,0.0,0.6931471805599453,0.0,0.0,0.0,0.07302513501488989,0.0,0.0,0.0,0.0,0.0,0.0,0.0,0.0
5.183758700008217,1.1925144413116917,COc1ccc(C[C@@H]2NC(=O)[C@H]([C@@H](C)O)NC(=O)[C@@H]3CCCN3C(=O)[C@H](Cc3c[nH]c4ccc(F)cc34)NC(=O)[C@H](Cc3c[nH]c4ccc(F)cc34)NC(=O)[C@@H](C)NC(=O)[C@H](CCCCN)NC(=O)CCSCc3cncc(n3)CSC[C@@H](C(N)=O)NC(=O)[C@]3(C)CCCN3C2=O)cc1,0.0,0.0,0.0,0.0,0.0,0.6931471805599453,0.0,0.6931471805599453,0.0,0.0,0.0,0.0,0.0,0.0,0.0,0.0,0.0,0.0,0.0,0.0,0.0,0.0,0.0,0.0,0.0,0.0,0.0,0.0,0.0,0.0,0.0,0.0,0.0,0.0,0.0,0.0,0.0,0.0,0.0,0.11105295721410488,0.11087663101705109,0.0,0.0,0.2038893586045199,0.0,0.0,0.0,0.0,0.0,0.0,-0.3876472647913708,0.0,0.0,0.0,0.0,0.0,0.0,0.0,0.0,0.0,0.0,0.0,0.0,0.0,0.0,0.0,0.0,0.0,0.0,0.0,0.0,0.0,0.0,0.0,0.0,0.0,0.0,0.0,0.0,0.0,0.0,0.0,0.0,0.0,0.0,0.0,0.0,0.0,0.0,0.0,0.0,0.0,0.0,0.0,0.0,0.0,0.0,0.0,0.0,0.0,0.0,0.0,0.0,0.0,0.0,0.0,0.0,0.0,0.0,0.0,0.0,0.0,0.0,0.0,0.0,0.0,0.0,0.0,0.0,0.0,0.0,0.0,0.0,0.0,0.0,0.0,0.0,0.0,0.0,0.6931471805599453,0.0,0.0,0.0,0.0,0.0,0.0,0.0,0.0,0.0,0.0,0.0,0.0,0.0,0.0,0.0,0.0,0.0,0.0,0.0,0.0,0.0,0.0,0.0,0.0,0.0,0.0,0.0,0.0,0.0,0.0,0.0,0.0,0.0,0.0,0.0,0.0,0.0,0.0,0.0,0.0,0.0,-0.022858138076050267,0.0,0.0,0.0,0.0,0.0,-0.4054651081081644,0.0,0.0,0.0,0.0,0.0,0.0,0.0,0.0
7.301029995663981,1.1925144413116917,COc1ccc(C[C@@H]2NC(=O)[C@H]([C@@H](C)O)NC(=O)[C@@H]3C[C@H](F)CN3C(=O)[C@H](Cc3c[nH]c4ccc(F)cc34)NC(=O)[C@H](Cc3c[nH]c4ccc(F)cc34)NC(=O)[C@@H](C)NC(=O)[C@H](CCCCN)NC(=O)[C@@H](NC(C)=O)CCCNC(=O)COc3ccc(cc3)C[C@@H](C(N)=O)NC(=O)[C@]3(C)CCCN3C2=O)cc1,0.7148462081390736,0.0,0.0,0.0,0.0,0.0,0.0,0.0,0.0,0.0,0.0,0.0,0.0,0.0,0.0,0.0,0.0,0.0,0.0,0.0,0.0,0.0,0.0,0.0,0.0,0.0,0.0,0.0,0.0,-0.6931471805599453,0.0,0.0,0.0,0.0,0.0,0.0,0.0,0.0,0.0,0.3758744249050815,0.37534873392630286,0.0,0.0,0.4531966352095854,0.0,0.0,0.0,0.0,0.0,0.0,0.03577617316528363,0.0,0.0,0.0,0.0,0.0,0.0,0.0,0.0,0.0,0.0,0.0,0.0,0.0,0.0,0.0,0.0,0.6931471805599453,0.0,0.0,0.0,0.0,0.0,0.0,0.0,0.0,0.0,0.0,0.0,0.0,0.0,0.0,0.0,0.0,0.0,0.0,0.0,0.0,-0.6931471805599453,0.0,0.0,0.0,0.0,0.0,0.0,0.0,0.0,0.0,0.0,0.0,0.0,0.0,0.0,0.0,0.0,0.0,0.0,0.0,0.0,0.0,0.0,0.0,0.0,0.0,0.0,0.0,0.0,0.0,0.0,0.0,0.0,0.0,0.0,0.0,0.0,0.0,0.0,0.0,0.0,0.6931471805599453,0.0,0.0,0.0,0.0,0.0,0.0,0.0,0.0,0.0,0.0,0.0,0.0,0.0,0.0,0.0,0.0,0.0,0.0,0.0,0.0,0.0,0.0,0.0,0.0,0.0,0.0,0.0,0.0,0.0,0.0,0.0,0.0,0.0,0.0,0.0,0.0,0.0,0.0,0.0,0.0,0.0,-0.17942719876758959,0.0,0.0,0.0,0.0,0.0,0.16705408466316618,0.0,0.0,0.0,0.0,0.0,0.0,0.0,0.0
7.301029995663981,1.1925144413116917,COc1ccc(C[C@@H]2NC(=O)[C@H]([C@@H](C)O)NC(=O)[C@@H]3C[C@H](F)CN3C(=O)[C@H](Cc3c[nH]c4ccc(F)cc34)NC(=O)[C@H](Cc3c[nH]c4ccc(F)cc34)NC(=O)[C@@H](C)NC(=O)[C@H](CCCCN)NC(=O)CCCNC(=O)COc3ccc(cc3)C[C@@H](C(N)=O)NC(=O)[C@]3(C)CCCN3C2=O)cc1,0.7148462081390736,0.0,0.0,0.0,0.0,0.0,0.0,0.0,0.0,0.0,0.0,0.0,0.0,0.0,0.0,0.0,0.0,0.0,0.0,0.0,0.0,0.0,0.0,0.0,0.0,0.0,0.0,0.0,0.0,-0.6931471805599453,0.0,0.0,0.0,0.0,0.0,0.0,0.0,0.0,0.0,0.3758744249050815,0.37534873392630286,0.0,0.0,0.4531966352095854,0.0,0.0,0.0,0.0,0.0,0.0,0.09470795154161903,0.0,0.0,0.0,0.0,0.0,0.0,0.0,0.0,0.0,0.0,0.0,0.0,0.0,0.0,0.0,0.0,0.6931471805599453,0.0,0.0,0.0,0.0,0.0,0.0,0.0,0.0,0.0,0.0,0.0,0.0,0.0,0.0,0.0,0.0,0.0,0.0,0.0,0.0,-0.6931471805599453,0.0,0.0,0.0,0.0,0.0,0.0,0.0,0.0,0.0,0.0,0.0,0.0,0.0,0.0,0.0,0.0,0.0,0.0,0.0,0.0,0.0,0.0,0.0,0.0,0.0,0.0,0.0,0.0,0.0,0.0,0.0,0.0,0.0,0.0,0.0,0.0,0.0,0.0,0.0,0.0,0.6931471805599453,0.0,0.0,0.0,0.0,0.0,0.0,0.0,0.0,0.0,0.0,0.0,0.0,0.0,0.0,0.0,0.0,0.0,0.0,0.0,0.0,0.0,0.0,0.0,0.0,0.0,0.0,0.0,0.0,0.0,0.0,0.0,0.0,0.0,0.0,0.0,0.0,0.0,0.0,0.0,0.0,0.0,-0.20800057121164678,0.0,0.0,0.0,0.0,0.0,0.05884050002293345,0.0,0.0,0.0,0.0,0.0,0.0,0.0,0.0
5.183758700008217,1.1925144413116917,COc1ccc(C[C@@H]2NC(=O)[C@H]([C@@H](C)O)NC(=O)[C@@H]3CC[C@H](F)N3C(=O)[C@H](Cc3c[nH]c4ccc(F)cc34)NC(=O)[C@H](Cc3c[nH]c4ccc(F)cc34)NC(=O)[C@@H](C)NC(=O)c3ccc(cc3)-c3ccc(cc3)CNCc3ccc(cc3)C[C@@H](C(N)=O)NC(=O)[C@]3(C)CCCN3C2=O)cc1,1.1053175093838539,0.0,0.0,0.0,0.0,0.6931471805599453,0.0,0.6931471805599453,0.0,0.0,0.0,0.0,0.0,0.0,0.0,0.0,0.0,0.0,0.0,1.159442451084863,0.0,0.0,0.0,0.0,0.0,0.0,0.0,0.0,0.0,0.0,0.0,0.6931471805599453,0.0,0.0,0.0,0.0,0.0,0.0,0.0,0.11105295721410488,0.11087663101705109,0.0,0.0,0.2038893586045199,0.0,0.0,0.0,0.0,0.0,0.0,0.08258659100927421,0.0,0.0,0.0,0.6931471805599453,0.0,0.0,0.0,0.0,0.0,0.0,0.0,0.0,0.0,0.0,0.0,0.0,0.0,0.0,0.0,0.0,0.0,0.0,0.0,0.0,0.0,0.0,0.0,0.0,0.0,0.0,0.0,0.0,0.0,0.0,0.0,0.0,0.0,-0.6931471805599453,0.0,0.0,0.0,0.0,0.0,0.0,0.0,0.0,0.0,0.0,0.0,0.0,0.0,0.0,0.0,0.0,0.0,0.0,0.0,0.0,0.0,0.0,0.0,0.0,0.0,0.0,0.0,0.0,0.0,0.0,0.0,0.0,0.0,0.6931471805599453,0.0,0.0,0.0,0.0,0.0,0.0,0.6931471805599453,0.0,0.0,0.0,0.0,0.0,0.0,0.0,0.0,0.0,0.0,0.0,0.0,0.0,0.0,0.0,0.0,0.0,0.0,0.0,0.0,0.0,0.0,0.0,0.0,0.0,0.0,0.0,0.0,0.0,0.0,0.0,0.0,0.0,0.0,0.0,0.6931471805599453,0.0,0.0,0.0,0.0,0.0,0.3800978942297423,0.0,0.6931471805599453,0.0,0.0,0.0,0.5198754592859086,0.0,0.0,0.0,0.0,0.0,0.0,0.0,0.0
4.449771646944906,1.1925144413116917,COc1ccc(C[C@@H]2NC(=O)[C@H]([C@@H](C)O)NC(=O)[C@@H]3C[C@H](F)CN3C(=O)[C@H](Cc3c[nH]c4ccc(F)cc34)NC(=O)[C@H](Cc3c[nH]c4ccc(F)cc34)NC(=O)[C@@H](C)NC(=O)[C@H](CCCCN)NC(=O)[C@@H](NC(C)=O)CNC(=O)COc3ccc(cc3)C[C@@H](C(N)=O)NC(=O)[C@]3(C)CCCN3C2=O)cc1,0.7148462081390736,0.0,0.0,0.0,0.0,0.0,0.0,0.0,0.0,0.0,0.0,0.0,0.0,0.0,0.0,0.0,0.0,0.0,0.0,0.0,0.0,0.0,0.0,0.0,0.0,0.0,0.0,0.0,0.0,0.0,0.0,0.0,0.0,0.0,0.0,0.0,0.0,0.0,0.0,0.0,0.0,0.0,0.0,0.10130827721874541,0.0,0.0,0.0,0.0,0.0,0.0,0.05476408540997501,0.0,0.0,0.0,0.0,0.0,0.0,0.0,0.0,0.0,0.0,0.0,0.0,0.0,0.0,0.0,0.0,0.6931471805599453,0.0,0.0,0.0,0.0,0.0,0.0,0.0,0.0,0.0,0.0,0.0,0.0,0.0,0.0,0.0,0.0,0.0,0.0,0.0,0.0,-0.6931471805599453,0.0,0.0,0.0,0.0,0.0,0.0,0.0,0.0,0.0,0.0,0.0,0.0,0.0,0.0,0.0,0.0,0.0,0.0,0.0,0.0,0.0,0.0,0.0,0.0,0.0,0.0,0.0,0.0,0.0,0.0,0.0,0.0,0.0,0.0,0.0,0.0,0.0,0.0,0.0,0.0,0.6931471805599453,0.0,0.0,0.0,0.0,0.0,0.0,0.0,0.0,0.0,0.0,0.0,0.0,0.0,0.0,0.0,0.0,0.0,0.0,0.0,0.0,0.0,0.0,0.0,0.0,0.0,0.0,0.0,0.0,0.0,0.0,0.0,0.0,0.0,0.0,0.0,0.0,0.0,0.0,0.0,0.0,0.0,-0.331505338992877,0.0,0.0,0.0,0.0,0.0,0.3212047644904245,0.0,0.0,0.0,0.0,0.0,0.0,0.0,0.0
6.259637310505756,1.1925144413116917,COc1ccc(C[C@@H]2NC(=O)[C@H]([C@@H](C)O)NC(=O)[C@@H]3C[C@H](F)CN3C(=O)[C@H](Cc3c[nH]c4ccc(F)cc34)NC(=O)[C@H](Cc3c[nH]c4ccc(F)cc34)NC(=O)[C@@H](C)NC(=O)[C@H](CCCCN)NC(=O)[C@@H](NC(C)=O)CC(=O)NCc3ccc(cc3)CCNC(=O)[C@]3(C)CCCN3C2=O)cc1,0.0,0.0,0.0,0.0,0.0,0.0,0.0,0.0,0.0,0.0,0.0,0.0,0.0,0.0,0.0,0.0,0.0,0.0,0.0,0.0,0.0,0.0,0.0,0.0,0.0,0.0,0.0,0.0,0.0,0.0,0.0,0.0,0.0,0.0,0.0,0.0,0.0,0.0,0.0,0.2543463885567357,0.25396960936753976,0.0,0.0,0.3386293396892764,0.0,0.0,0.0,0.0,0.0,0.0,0.02291425952287586,0.0,0.0,0.0,0.6931471805599453,0.0,0.0,0.0,0.0,0.0,0.0,0.0,0.0,0.0,0.0,0.0,0.0,0.0,0.0,0.0,0.0,0.0,0.0,0.0,0.0,0.0,0.0,0.0,0.0,0.0,0.0,0.0,0.0,0.0,0.0,0.0,0.0,0.0,-0.6931471805599453,0.0,0.0,0.0,0.0,0.0,0.0,0.0,0.0,0.0,0.0,0.0,0.0,0.0,0.0,0.0,0.0,0.0,0.0,0.0,0.0,0.0,0.0,0.0,0.0,0.0,0.0,0.0,0.0,0.0,0.0,0.0,0.0,0.0,0.0,0.0,0.0,0.0,0.0,0.0,0.0,0.0,0.0,0.0,0.0,0.0,0.0,0.0,0.0,0.0,0.0,0.0,0.0,0.0,0.0,0.0,0.0,0.0,0.0,0.0,0.0,0.0,0.0,0.0,0.0,0.0,0.0,0.0,0.0,0.0,0.0,0.0,0.0,0.0,0.0,0.0,0.0,0.6931471805599453,0.0,0.0,0.0,0.0,0.0,-0.10939859440710693,0.0,0.0,0.0,0.0,0.0,0.2876820724517809,0.0,0.0,0.0,0.0,0.0,0.0,0.0,0.0
6.259637310505756,1.1925144413116917,COc1ccc(C[C@@H]2NC(=O)[C@H]([C@@H](C)O)NC(=O)[C@@H]3C[C@H](F)CN3C(=O)[C@H](Cc3c[nH]c4ccc(F)cc34)NC(=O)[C@H](Cc3c[nH]c4ccc(F)cc34)NC(=O)[C@@H](C)NC(=O)[C@H](CCCCN)NC(=O)[C@@H](NC(C)=O)CCCC(=O)NCc3ccc(cc3)CCNC(=O)[C@]3(C)CCCN3C2=O)cc1,0.0,0.0,0.0,0.0,0.0,0.0,0.0,0.0,0.0,0.0,0.0,0.0,0.0,0.0,0.0,0.0,0.0,0.0,0.0,0.0,0.0,0.0,0.0,0.0,0.0,0.0,0.0,0.0,0.0,-0.6931471805599453,0.0,0.0,0.0,0.0,0.0,0.0,0.0,0.0,0.0,0.2543463885567357,0.25396960936753976,0.0,0.0,0.3386293396892764,0.0,0.0,0.0,0.0,0.0,0.0,0.02936589480436454,0.0,0.0,0.0,0.6931471805599453,0.0,0.0,0.0,0.0,0.0,0.0,0.0,0.0,0.0,0.0,0.0,0.0,0.0,0.0,0.0,0.0,0.0,0.0,0.0,0.0,0.0,0.0,0.0,0.0,0.0,0.0,0.0,0.0,0.0,0.0,0.0,0.0,0.0,-0.6931471805599453,0.0,0.0,0.0,0.0,0.0,0.0,0.0,0.0,0.0,0.0,0.0,0.0,0.0,0.0,0.0,0.0,0.0,0.0,0.0,0.0,0.0,0.0,0.0,0.0,0.0,0.0,0.0,0.0,0.0,0.0,0.0,0.0,0.0,0.0,0.0,0.0,0.0,0.0,0.0,0.0,0.0,0.0,0.0,0.0,0.0,0.0,0.0,0.0,0.0,0.0,0.0,0.0,0.0,0.0,0.0,0.0,0.0,0.0,0.0,0.0,0.0,0.0,0.0,0.0,0.0,0.0,0.0,0.0,0.0,0.0,0.0,0.0,0.0,0.0,0.0,0.0,0.6931471805599453,0.0,0.0,0.0,0.0,0.0,-0.32317195743373167,0.0,0.0,0.0,0.0,0.0,0.1278333715098849,0.0,0.0,0.0,0.0,0.0,0.0,0.0,0.0
7.301029995663981,1.1925144413116917,COc1ccc(C[C@@H]2NC(=O)[C@H]([C@@H](C)O)NC(=O)[C@@H]3C[C@H](F)CN3C(=O)[C@H](Cc3c[nH]c4ccc(F)cc34)NC(=O)[C@H](Cc3c[nH]c4ccc(F)cc34)NC(=O)[C@@H](C)NC(=O)[C@H](CCCCN)NC(=O)CCC(=O)NCc3ccc(cc3)C[C@@H](C(N)=O)NC(=O)[C@]3(C)CCCN3C2=O)cc1,0.0,0.0,0.0,0.0,0.0,0.0,0.0,0.0,0.0,0.0,0.0,0.0,0.0,0.0,0.0,0.0,0.0,0.0,0.0,0.0,0.0,0.0,0.0,0.0,0.0,0.0,0.0,0.0,0.0,-0.6931471805599453,0.0,0.0,0.0,0.0,0.0,0.0,0.0,0.0,0.0,0.3758744249050815,0.37534873392630286,0.0,0.0,0.4531966352095854,0.0,0.0,0.0,0.0,0.0,0.0,0.07031649841745985,0.0,0.0,0.0,0.6931471805599453,0.0,0.0,0.0,0.0,0.0,0.0,0.0,0.0,0.0,0.0,0.0,0.0,0.0,0.0,0.0,0.0,0.0,0.0,0.0,0.0,0.0,0.0,0.0,0.0,0.0,0.0,0.0,0.0,0.0,0.0,0.0,0.0,0.0,-0.6931471805599453,0.0,0.0,0.0,0.0,0.0,0.0,0.0,0.0,0.0,0.0,0.0,0.0,0.0,0.0,0.0,0.0,0.0,0.0,0.0,0.0,0.0,0.0,0.0,0.0,0.0,0.0,0.0,0.0,0.0,0.0,0.0,0.0,0.0,0.0,0.0,0.0,0.0,0.0,0.0,0.0,0.6931471805599453,0.0,0.0,0.0,0.0,0.0,0.0,0.0,0.0,0.0,0.0,0.0,0.0,0.0,0.0,0.0,0.0,0.0,0.0,0.0,0.0,0.0,0.0,0.0,0.0,0.0,0.0,0.0,0.0,0.0,0.0,0.0,0.0,0.0,0.0,0.0,0.6931471805599453,0.0,0.0,0.0,0.0,0.0,0.06706423058054609,0.0,0.0,0.0,0.0,0.0,0.015037877364540516,0.0,0.0,0.0,0.0,0.0,0.0,0.0,0.0
4.449771646944906,1.1925144413116917,COc1ccc(C[C@@H]2NC(=O)[C@H]([C@@H](C)O)NC(=O)[C@@H]3C[C@H](F)CN3C(=O)[C@H](Cc3c[nH]c4ccc(F)cc34)NC(=O)[C@H](Cc3c[nH]c4ccc(F)cc34)NC(=O)[C@@H](C)NC(=O)[C@H](CCCCN)NC(=O)CCC(=O)NCCOc3ccc(cc3)C[C@@H](C(N)=O)NC(=O)[C@]3(C)CCCN3C2=O)cc1,0.7148462081390736,0.0,0.0,0.0,0.0,0.0,0.0,0.0,0.0,0.0,0.0,0.0,0.0,0.0,0.0,0.0,0.0,0.0,0.0,0.0,0.0,0.0,0.0,0.0,0.0,0.0,0.0,0.0,0.0,-0.6931471805599453,0.0,0.0,0.0,0.0,0.0,0.0,0.0,0.0,0.0,0.0,0.0,0.0,0.0,0.10130827721874541,0.0,0.0,0.0,0.0,0.0,0.0,0.07339816495486795,0.0,0.0,0.0,0.0,0.0,0.0,0.0,0.0,0.0,0.0,0.0,0.0,0.0,0.0,0.0,0.0,0.0,0.0,0.0,0.0,0.0,0.0,0.0,0.0,0.0,0.0,0.0,0.0,0.0,0.0,0.0,0.0,0.0,0.0,0.0,0.0,0.0,-0.6931471805599453,0.0,0.0,0.0,0.0,0.0,0.0,0.0,0.0,0.0,0.0,0.0,0.0,0.0,0.0,0.0,0.0,0.0,0.0,0.0,0.0,0.0,0.0,0.0,0.0,0.0,0.0,0.0,0.0,0.0,0.0,0.0,0.0,0.0,0.0,0.0,0.0,0.0,0.0,0.0,0.0,0.6931471805599453,0.0,0.0,0.0,0.0,0.0,0.0,0.0,0.0,0.0,0.0,0.0,0.0,0.0,0.0,0.0,0.0,0.0,0.0,0.0,0.0,0.0,0.0,0.0,0.0,0.0,0.0,0.0,0.0,0.0,0.0,0.0,0.0,0.0,0.0,0.0,0.0,0.0,0.0,0.0,0.0,0.0,0.09898183354885239,0.0,0.0,0.0,0.0,0.0,0.05884050002293345,0.0,0.0,0.0,0.0,0.0,0.0,0.0,0.0
4.449771646944906,1.1925144413116917,COc1ccc(C[C@@H]2NC(=O)[C@H]([C@H](C)O)NC(=O)[C@@H]3C[C@H](F)CN3C(=O)[C@H](Cc3c[nH]c4ccc(F)cc34)NC(=O)[C@H](Cc3c[nH]c4ccc(F)cc34)NC(=O)[C@@H](C)NC(=O)CCCCC(=O)NCCOc3ccc(cc3)C[C@@H](C(N)=O)NC(=O)[C@]3(C)CCCN3C2=O)cc1,0.7148462081390736,0.0,0.0,0.0,0.0,0.0,0.0,0.0,0.0,0.0,0.0,0.0,0.0,0.0,0.0,0.0,0.0,0.0,0.0,0.0,0.0,0.0,0.0,0.0,0.0,0.0,0.0,0.0,0.0,-0.6931471805599453,0.0,0.0,0.0,0.0,0.0,0.0,0.0,0.0,0.0,0.0,0.0,0.0,0.0,0.10130827721874541,0.0,0.0,0.0,0.0,0.0,0.0,0.038965968533383785,0.0,0.0,0.0,0.0,0.0,0.0,0.0,0.0,0.0,0.0,0.0,0.0,0.0,0.0,0.0,0.0,0.0,0.0,0.0,0.0,0.0,0.0,0.0,0.0,0.0,0.0,0.0,0.0,0.0,0.0,0.0,0.0,0.0,0.0,0.0,0.0,0.0,-0.6931471805599453,0.0,0.0,0.0,0.0,0.0,0.0,0.0,0.0,0.0,0.0,0.0,0.0,0.0,0.0,0.0,0.0,0.0,0.0,0.0,0.0,0.0,0.0,0.0,0.0,0.0,0.0,0.0,0.0,0.0,0.0,0.0,0.0,0.0,0.0,0.0,0.0,0.0,0.0,0.0,0.0,0.6931471805599453,0.0,0.0,0.0,0.0,0.0,0.0,0.0,0.0,0.0,0.0,0.0,0.0,0.0,0.0,0.0,0.0,0.0,0.0,0.0,0.0,0.0,0.0,0.0,0.0,0.0,0.0,0.0,0.0,0.0,0.0,0.0,0.0,0.0,0.0,0.0,0.0,0.0,0.0,0.0,0.0,0.0,-0.3957844903974419,0.0,0.0,0.0,0.0,0.0,0.11441035117774422,0.0,0.0,0.0,0.0,0.0,0.0,0.0,0.0
7.301029995663981,1.1925144413116917,CCCCCCCCCCCCCCCC(=O)N[C@@H](CCC(=O)NCCOCCOC(=O)NCCCC[C@@H]1NC(=O)[C@H](CC(=O)O)NC(=O)[C@H](Cc2c[nH]c3ccc(F)cc23)NC(=O)[C@H](Cc2c[nH]c3ccc(F)cc23)NC(=O)[C@@H](C)NC(=O)[C@H](CCCCN)NC(=O)CCSCc2cccc(c2)CSC[C@@H](C(N)=O)NC(=O)[C@]2(C)CCCN2C(=O)[C@H](Cc2ccc(O)cc2)NC1=O)C(=O)O,0.0,0.0,0.0,0.0,0.0,0.6931471805599453,0.0,0.0,0.0,0.0,0.0,0.0,0.0,0.0,0.0,0.0,0.0,0.0,0.0,0.0,0.0,0.0,0.0,0.0,0.0,0.0,0.0,0.0,0.0,0.0,0.0,0.0,0.0,0.0,0.0,0.0,0.0,0.0,0.0,0.3758744249050815,0.37534873392630286,0.0,0.0,0.4531966352095854,0.0,0.0,0.0,0.0,0.0,0.0,-0.21916212601502486,0.0,0.0,0.0,0.0,0.0,0.0,0.0,0.0,0.0,0.0,0.0,0.0,0.0,0.0,0.0,0.6931471805599453,0.0,0.0,0.0,0.0,0.0,0.0,0.0,0.0,0.0,0.0,0.0,0.0,0.0,0.0,0.0,0.0,0.0,0.0,0.0,0.0,0.0,0.0,0.0,0.0,0.0,0.0,0.0,0.0,0.0,0.0,0.0,0.0,0.0,0.0,0.0,0.0,0.0,0.0,0.0,0.0,0.0,0.0,0.0,0.0,0.0,0.0,0.0,0.0,0.0,0.0,0.0,0.0,0.0,0.0,0.0,0.0,0.0,0.0,0.0,0.0,0.0,0.0,0.6931471805599453,0.0,0.0,0.0,0.0,0.0,0.0,0.0,0.0,0.0,0.0,0.0,0.0,0.0,0.0,0.0,0.0,0.0,0.0,0.0,0.0,0.0,0.0,0.0,0.0,0.0,0.0,0.0,0.0,0.0,0.0,0.0,0.0,0.0,0.0,0.0,0.6931471805599453,0.0,0.0,0.0,0.0,0.0,-0.12991213424020998,0.0,0.0,0.0,0.0,0.0,-0.528844129268669,0.0,0.0,0.0,0.0,0.0,0.0,0.0,0.0
7.301029995663981,1.1925144413116917,CCCCCCCCCCCCCCCC(=O)N[C@@H](CCC(=O)NCCOCCOCC(=O)NCCOCCOCC(=O)NCCCC[C@@H]1NC(=O)[C@H](Cc2c[nH]c3ccc(F)cc23)NC(=O)[C@H](Cc2c[nH]c3ccc(F)cc23)CC(=O)[C@@H](C)NC(=O)[C@H](CCCCN)NC(=O)CCSCc2cccc(c2)CSC[C@@H](C(N)=O)NC(=O)[C@]2(C)CCCN2C(=O)[C@H](Cc2ccc(O)cc2)NC(=O)[C@H]([C@@H](C)O)NC1=O)C(=O)O,0.0,0.0,0.0,0.0,0.0,0.6931471805599453,0.0,0.0,0.0,0.0,0.0,0.0,0.0,0.0,0.0,0.0,0.0,0.0,0.0,0.0,0.0,0.0,0.0,0.0,0.0,0.0,0.0,0.0,0.0,0.0,0.0,0.0,0.0,0.0,0.0,0.0,0.0,0.0,0.0,0.3758744249050815,0.37534873392630286,0.0,0.0,0.4531966352095854,0.0,0.0,0.0,0.0,0.0,0.0,-0.2138287800396623,0.0,0.0,0.0,0.0,0.0,0.0,0.0,0.0,0.0,0.0,0.0,0.0,0.0,0.0,0.0,0.6931471805599453,0.6931471805599453,0.0,0.0,0.0,0.0,0.0,0.0,0.0,0.0,0.0,0.0,0.0,0.0,0.0,0.0,0.0,0.0,0.0,0.0,0.0,0.0,0.0,0.0,0.0,0.0,0.0,0.0,0.0,0.0,0.0,0.0,0.0,0.0,0.0,0.0,0.0,0.0,0.0,0.0,0.0,0.0,0.0,0.0,0.0,0.0,0.0,0.0,0.0,0.0,0.0,0.0,0.0,0.0,0.0,0.0,0.0,0.0,0.0,0.0,0.0,0.0,0.0,0.6931471805599453,0.0,0.0,0.0,0.0,0.0,0.0,0.0,0.0,0.0,0.0,0.0,0.0,0.0,0.0,0.0,0.0,0.0,0.0,0.0,0.0,0.0,0.0,0.0,0.0,0.0,0.0,0.0,0.0,0.0,0.0,0.0,0.0,0.0,0.0,0.0,0.0,0.0,0.0,0.0,0.0,0.0,-0.17942719876758959,0.0,0.0,0.0,0.0,0.0,-0.47378435208564157,0.0,0.0,0.0,0.0,0.0,0.0,0.0,0.0
7.301029995663981,1.1925144413116917,COc1ccc(C[C@@H]2NC(=O)[C@H]([C@@H](C)O)NC(=O)[C@@H]3C[C@H](F)CN3C(=O)[C@H](Cc3c[nH]c4ccc(F)cc34)NC(=O)[C@H](Cc3c[nH]c4ccc(F)cc34)NC(=O)[C@@H](C)NC(=O)CNC(=O)[C@@H](NC(C)=O)CCNCc3ccc(cc3)C[C@@H](C(N)=O)NC(=O)[C@]3(C)CCCN3C2=O)cc1,0.0,0.0,0.0,0.0,0.0,0.0,0.0,0.0,0.0,0.0,0.0,0.0,0.0,0.0,0.0,0.0,0.0,0.0,0.0,0.0,0.0,0.0,0.0,0.0,0.0,0.0,0.0,0.0,0.0,-0.6931471805599453,0.0,0.0,0.0,0.0,0.0,0.0,0.0,0.0,0.0,0.3758744249050815,0.37534873392630286,0.0,0.0,0.4531966352095854,0.0,0.0,0.0,0.0,0.0,0.0,-0.048474756502411044,0.0,0.0,0.0,0.6931471805599453,0.0,0.0,0.0,0.0,0.0,0.0,0.0,0.0,0.0,0.0,0.0,0.0,0.0,0.0,0.0,0.0,0.0,0.0,0.0,0.0,0.0,0.0,0.0,0.0,0.0,0.0,0.0,0.0,0.0,0.0,0.0,0.0,0.0,-0.6931471805599453,0.0,0.0,0.0,0.0,0.0,0.0,0.0,0.0,0.0,0.0,0.0,0.0,0.0,0.0,0.0,0.0,0.0,0.0,0.0,0.0,0.0,0.0,0.0,0.0,0.0,0.0,0.0,0.0,0.0,0.0,0.0,0.0,0.0,0.0,0.0,0.0,0.0,0.0,0.0,0.0,0.6931471805599453,0.0,0.0,0.0,0.0,0.0,0.0,0.0,0.0,0.0,0.0,0.0,0.0,0.0,0.0,0.0,0.0,0.0,0.0,0.0,0.0,0.0,0.0,0.0,0.0,0.0,0.0,0.0,0.0,0.0,0.0,0.0,0.0,0.0,0.0,0.0,0.6931471805599453,0.0,0.0,0.0,0.0,0.0,-0.022858138076050267,0.0,0.0,0.0,0.0,0.0,0.5465437063680699,0.0,0.0,0.0,0.0,0.0,0.0,0.0,0.0
7.301029995663981,1.1925144413116917,COc1ccc(C[C@@H]2NC(=O)[C@H]([C@H](C)O)NC(=O)[C@H]3CCCN3C(=O)[C@H](Cc3c[nH]c4ccc(F)cc34)NC(=O)[C@H](Cc3c[nH]c4ccc(F)cc34)NC(=O)[C@@H](C)NC(=O)[C@H](CCCCN)NC(=O)CCSCc3cccc(c3)CSCCNC(=O)[C@]3(C)CCCN3C2=O)cc1,0.0,0.0,0.0,0.0,0.0,0.0,0.0,0.0,0.0,0.0,0.0,0.0,0.0,0.0,0.0,0.0,0.0,0.0,0.0,0.0,0.0,0.0,0.0,0.0,0.0,0.0,0.0,0.0,0.0,0.0,0.0,0.0,0.0,0.0,0.0,0.0,0.0,0.0,0.0,0.3758744249050815,0.37534873392630286,0.0,0.0,0.4531966352095854,0.0,0.0,0.0,0.0,0.0,0.0,-0.36491901371381463,0.0,0.0,0.0,0.0,0.0,0.0,0.0,0.0,0.0,0.0,0.0,0.0,0.0,0.0,0.0,0.0,0.0,0.0,0.0,0.0,0.0,0.0,0.0,0.0,0.0,0.0,0.0,0.0,0.0,0.0,0.0,0.0,0.0,0.0,0.0,0.0,0.0,-0.6931471805599453,0.0,0.0,0.0,0.0,0.0,0.0,0.0,0.0,0.0,0.0,0.0,0.0,0.0,0.0,0.0,0.0,0.0,0.0,0.0,0.0,0.0,0.0,0.0,0.0,0.0,0.0,0.0,0.0,0.0,0.0,0.0,0.0,0.0,0.0,0.0,0.0,0.0,0.0,0.0,0.0,0.0,0.0,0.0,0.0,0.0,0.0,0.0,0.0,0.0,0.0,0.0,0.0,0.0,0.0,0.0,0.0,0.0,0.0,0.0,0.0,0.0,0.0,0.0,0.0,0.0,0.0,0.0,0.0,0.0,0.0,0.0,0.0,0.0,0.0,0.0,0.0,0.0,0.0,0.0,0.0,0.0,0.0,0.0778170223568091,0.0,0.0,0.0,0.0,0.0,-0.3212047644904245,0.0,0.0,0.0,0.0,0.0,0.0,0.0,0.0
4.449771646944906,1.1925144413116917,C[C@@]12CCCN1C(=O)[C@H](Cc1ccc(O)cc1)NC(=O)CN1CCCC[C@H](NC(=O)[C@H](Cc3c[nH]c4ccc(F)cc34)NC(=O)[C@H](Cc3c[nH]c4ccc(F)cc34)NC(=O)CNC(=O)[C@H](CCCCN)NC(=O)CCSCc3cccc(c3)CSC[C@@H](C(N)=O)NC2=O)C1=O,0.0,0.0,0.0,0.0,0.0,0.0,0.0,0.0,0.0,0.0,0.0,0.0,0.0,0.0,0.0,0.0,0.0,0.0,0.0,0.0,0.0,0.0,0.0,0.0,0.0,0.0,0.0,0.0,0.0,0.0,0.0,0.0,0.0,0.0,0.0,0.0,0.0,0.0,0.0,0.0,0.0,0.0,0.0,0.10130827721874541,0.0,0.0,0.0,0.0,0.0,0.0,-0.33930643785708825,0.0,0.0,0.0,0.0,0.0,0.0,0.0,0.0,0.0,0.0,0.0,0.0,0.0,0.0,0.0,0.0,0.0,0.0,0.0,0.0,0.0,0.0,0.0,0.0,0.0,0.0,0.0,0.0,0.0,0.0,0.0,-0.6931471805599453,0.0,0.0,0.0,0.0,0.0,-0.6931471805599453,0.0,0.0,0.0,0.0,0.0,0.0,0.0,0.0,0.0,0.0,0.0,0.0,0.0,0.0,0.0,0.0,0.0,0.0,0.0,0.0,0.0,0.0,0.0,0.0,0.0,0.0,0.0,0.0,0.0,0.0,0.0,0.0,0.0,0.0,0.0,0.0,0.0,0.0,0.0,0.0,0.6931471805599453,0.0,0.0,0.0,0.0,0.0,0.0,0.0,0.0,0.0,0.0,0.0,0.0,0.0,0.0,0.0,0.0,0.0,0.0,0.0,0.0,0.0,0.0,0.0,0.0,0.0,0.0,0.0,0.0,0.0,0.0,0.0,0.0,0.0,0.0,0.0,0.0,0.0,0.0,0.0,0.0,0.0,0.1890426574670326,0.0,0.0,0.0,0.0,0.0,-0.4054651081081644,0.0,0.0,0.0,0.0,0.0,0.0,0.0,0.0
5.183758700008217,1.1925144413116917,COc1ccc(C[C@@H]2NC(=O)[C@H]([C@@H](C)O)NC(=O)[C@@H]3C[C@H](F)CN3C(=O)[C@H](Cc3c[nH]c4ccc(F)cc34)NC(=O)[C@H](Cc3c[nH]c4ccc(F)cc34)NC(=O)[C@@H](C)NC(=O)[C@H](CCCCN)NC(=O)[C@@H](NC(=O)Cc3c[nH]cn3)CC(=O)NCCOc3ccc(cc3)C[C@@H](C(N)=O)NC(=O)[C@]3(C)CCCN3C2=O)cc1,0.7148462081390736,0.0,0.0,0.0,0.0,0.0,0.0,0.0,0.0,0.0,0.0,0.0,0.0,0.0,0.0,0.0,0.0,0.0,0.0,0.0,0.0,0.0,0.0,0.0,0.0,0.0,0.0,0.0,0.0,0.0,0.0,0.0,0.0,0.0,0.0,0.0,0.0,0.0,0.0,0.11105295721410488,0.11087663101705109,0.0,0.0,0.2038893586045199,0.0,0.0,0.0,0.0,0.0,0.0,0.08563073339050238,0.0,0.0,0.0,0.0,0.0,0.0,0.0,0.0,0.0,0.0,0.0,0.0,0.0,0.0,0.0,0.0,0.0,0.0,0.0,0.0,0.0,0.0,0.0,0.0,0.0,0.0,0.0,0.0,0.0,0.0,0.0,0.0,0.0,0.0,0.0,0.0,0.0,-0.6931471805599453,0.0,0.0,0.0,0.0,0.0,0.0,0.0,0.0,0.0,0.0,0.0,0.0,0.0,0.0,0.0,0.0,0.0,0.0,0.0,0.0,0.0,0.0,0.0,0.0,0.0,0.0,0.0,0.0,0.0,0.0,0.0,0.0,0.0,0.0,0.0,0.0,0.0,0.0,0.0,0.0,0.6931471805599453,0.0,0.0,0.0,0.0,0.0,0.0,0.0,0.0,0.0,0.0,0.0,0.0,0.0,0.0,0.0,0.0,0.0,0.0,0.0,0.0,0.0,0.0,0.0,0.0,0.0,0.0,0.0,0.0,0.0,0.0,0.0,0.0,0.0,0.0,0.0,0.0,0.0,0.0,0.0,0.0,0.0,0.23578013531872155,0.0,0.0,0.0,0.0,0.0,0.17979311044059593,0.0,0.0,0.0,0.0,0.0,0.0,0.0,0.0
5.183758700008217,1.1925144413116917,COc1ccc(C[C@@H]2NC(=O)[C@H]([C@@H](C)O)NC(=O)[C@@H]3C[C@H](F)CN3C(=O)[C@H](Cc3c[nH]c4ccc(F)cc34)NC(=O)[C@H](Cc3c[nH]c4ccc(F)cc34)NC(=O)[C@@H](C)NC(=O)[C@H](CCCCN)NC(=O)[C@@H](NC(=O)Cc3cnc[nH]3)CC(=O)NCCOc3ccc(cc3)C[C@@H](C(N)=O)NC(=O)[C@]3(C)CCCN3C2=O)cc1,0.7148462081390736,0.0,0.0,0.0,0.0,0.0,0.0,0.0,0.0,0.0,0.0,0.0,0.0,0.0,0.0,0.0,0.0,0.0,0.0,0.0,0.0,0.0,0.0,0.0,0.0,0.0,0.0,0.0,0.0,0.0,0.0,0.0,0.0,0.0,0.0,0.0,0.0,0.0,0.0,0.11105295721410488,0.11087663101705109,0.0,0.0,0.2038893586045199,0.0,0.0,0.0,0.0,0.0,0.0,0.08563073339050238,0.0,0.0,0.0,0.0,0.0,0.0,0.0,0.0,0.0,0.0,0.0,0.0,0.0,0.0,0.0,0.0,0.0,0.0,0.0,0.0,0.0,0.0,0.0,0.0,0.0,0.0,0.0,0.0,0.0,0.0,0.0,0.0,0.0,0.0,0.0,0.0,0.0,-0.6931471805599453,0.0,0.0,0.0,0.0,0.0,0.0,0.0,0.0,0.0,0.0,0.0,0.0,0.0,0.0,0.0,0.0,0.0,0.0,0.0,0.0,0.0,0.0,0.0,0.0,0.0,0.0,0.0,0.0,0.0,0.0,0.0,0.0,0.0,0.0,0.0,0.0,0.0,0.0,0.0,0.0,0.6931471805599453,0.0,0.0,0.0,0.0,0.0,0.0,0.0,0.0,0.0,0.0,0.0,0.0,0.0,0.0,0.0,0.0,0.0,0.0,0.0,0.0,0.0,0.0,0.0,0.0,0.0,0.0,0.0,0.0,0.0,0.0,0.0,0.0,0.0,0.0,0.0,0.0,0.0,0.0,0.0,0.0,0.0,0.23578013531872155,0.0,0.0,0.0,0.0,0.0,0.2876820724517809,0.0,0.0,0.0,0.0,0.0,0.0,0.0,0.0
6.259637310505756,1.1925144413116917,COc1ccc(C[C@@H]2NC(=O)[C@H]([C@@H](C)O)NC(=O)[C@@H]3C[C@H](F)CN3C(=O)[C@H](Cc3c[nH]c4ccc(F)cc34)NC(=O)[C@H](Cc3c[nH]c4ccc(F)cc34)NC(=O)[C@@H](C)NC(=O)[C@H](CCCCN)NC(=O)[C@@H](NC(=O)CC(C)C)CC(=O)NCCOc3ccc(cc3)C[C@@H](C(N)=O)NC(=O)[C@]3(C)CCCN3C2=O)cc1,0.7148462081390736,0.0,0.0,0.0,0.0,0.0,0.0,0.0,0.0,0.0,0.0,0.0,0.0,0.0,0.0,0.0,0.0,0.0,0.0,0.0,0.0,0.0,0.0,0.0,0.0,0.0,0.0,0.0,0.0,0.0,0.0,0.0,0.0,0.0,0.0,0.0,0.0,0.0,0.0,0.2543463885567357,0.25396960936753976,0.0,0.0,0.3386293396892764,0.0,0.0,0.0,0.0,0.0,0.0,0.048474756502411044,0.0,0.0,0.0,0.0,0.0,0.0,0.0,0.0,0.0,0.0,0.0,0.0,0.0,0.0,0.0,0.0,0.0,0.0,0.0,0.0,0.0,0.0,0.0,0.0,0.0,0.0,0.0,0.0,0.0,0.0,0.0,0.0,0.0,0.0,0.0,0.0,0.0,-0.6931471805599453,0.0,0.0,0.0,0.0,0.0,0.0,0.0,0.0,0.0,0.0,0.0,0.0,0.0,0.0,0.0,0.0,0.0,0.0,0.0,0.0,0.0,0.0,0.0,0.0,0.0,0.0,0.0,0.0,0.0,0.0,0.0,0.0,0.0,0.0,0.0,0.0,0.0,0.0,0.0,0.0,0.6931471805599453,0.0,0.0,0.0,0.0,0.0,0.0,0.0,0.0,0.0,0.0,0.0,0.0,0.0,0.0,0.0,0.0,0.0,0.0,0.0,0.0,0.0,0.0,0.0,0.0,0.0,0.0,0.0,0.0,0.0,0.0,0.0,0.0,0.0,0.0,0.0,0.0,0.0,0.0,0.0,0.0,0.0,0.28912611602401445,0.0,0.0,0.0,0.0,0.0,0.11441035117774422,0.0,0.0,0.0,0.0,0.0,0.0,0.0,0.0
7.301029995663981,1.1925144413116917,COc1ccc(C[C@@H]2NC(=O)[C@H]([C@@H](C)O)NC(=O)[C@@H]3C[C@H](F)CN3C(=O)[C@H](Cc3c[nH]c4ccc(F)cc34)NC(=O)[C@H](Cc3c[nH]c4ccc(F)cc34)NC(=O)[C@@H](C)NC(=O)[C@H](CCCCN)NC(=O)[C@@H](NC(=O)CC3CC3)CC(=O)NCCOc3ccc(cc3)C[C@@H](C(N)=O)NC(=O)[C@]3(C)CCCN3C2=O)cc1,0.7148462081390736,0.0,0.0,0.0,0.0,0.0,0.0,0.0,0.0,0.0,0.0,0.0,0.0,0.0,0.0,0.0,0.0,0.0,0.0,0.0,0.0,0.0,0.0,0.0,0.0,0.0,0.0,0.0,0.0,0.0,0.0,0.0,0.0,0.0,0.0,0.0,0.0,0.0,0.0,0.3758744249050815,0.37534873392630286,0.0,0.0,0.4531966352095854,0.0,0.0,0.0,0.0,0.0,0.0,0.048474756502411044,0.0,0.0,0.0,0.0,0.0,0.0,0.0,0.0,0.0,0.0,0.0,0.0,0.0,0.0,0.0,0.0,0.0,0.0,0.0,0.0,0.0,0.0,0.0,0.0,0.0,0.0,0.0,0.0,0.0,0.0,0.0,0.0,0.0,0.0,0.0,0.0,0.0,-0.6931471805599453,0.0,0.0,0.0,0.0,0.0,0.0,0.0,0.0,0.0,0.0,0.0,0.0,0.0,0.0,0.0,0.0,0.0,0.0,0.0,0.0,0.0,0.0,0.0,0.0,0.0,0.0,0.0,0.0,0.0,0.0,0.0,0.0,0.0,0.0,0.0,0.0,0.0,0.0,0.0,0.0,0.6931471805599453,0.0,0.0,0.0,0.0,0.0,0.0,0.0,0.0,0.0,0.0,0.0,0.0,0.0,0.0,0.0,0.0,0.0,0.0,0.0,0.0,0.0,0.0,0.0,0.0,0.0,0.0,0.0,0.0,0.0,0.0,0.0,0.0,0.0,0.0,0.0,0.0,0.0,0.0,0.0,0.0,0.0,0.28912611602401445,0.0,0.0,0.0,0.0,0.0,0.029852963149681156,0.0,0.0,0.0,0.0,0.0,0.0,0.0,0.0
7.301029995663981,1.1925144413116917,C[C@@]12CCCN1C(=O)[C@H](Cc1ccc(O)cc1)NC(=O)CN1C(=O)[C@@H](CCc3ccccc31)NC(=O)[C@H](Cc1c[nH]c3ccc(F)cc13)NC(=O)[C@H](Cc1c[nH]c3ccc(F)cc13)NC(=O)CNC(=O)[C@H](CCCCN)NC(=O)CCSCc1cccc(c1)CSC[C@@H](C(N)=O)NC2=O,0.0,0.0,0.0,0.0,0.0,0.0,0.0,0.6931471805599453,0.0,0.0,0.0,0.0,0.0,0.0,0.0,0.0,0.0,0.0,0.0,0.0,0.0,0.0,0.0,0.0,0.0,0.0,0.0,0.0,0.0,0.0,0.0,0.0,0.0,0.0,0.0,0.0,0.0,0.0,0.0,0.3758744249050815,0.37534873392630286,0.0,0.0,0.4531966352095854,0.0,0.0,0.0,0.0,0.0,0.0,-0.3369451616714085,0.0,0.0,0.0,0.6931471805599453,0.0,0.0,0.0,0.6931471805599453,0.0,0.0,0.0,0.0,0.0,0.0,0.0,0.0,0.0,0.0,0.0,0.0,0.0,0.0,0.0,0.0,0.0,0.0,0.0,0.0,0.0,0.0,0.0,-0.6931471805599453,0.0,0.0,0.0,0.0,0.0,0.0,0.0,0.0,0.0,0.0,0.0,0.0,0.0,0.0,0.0,0.0,0.0,0.0,0.0,0.0,0.0,0.0,0.0,0.0,0.6931471805599453,0.0,0.0,0.0,0.0,0.0,0.0,0.0,0.0,0.0,0.0,0.0,0.0,0.0,0.0,0.6931471805599453,0.0,0.0,0.0,0.0,0.0,0.0,0.6931471805599453,0.0,0.0,0.0,0.0,0.0,0.0,0.0,0.0,0.0,0.0,0.0,0.0,0.0,0.0,0.0,0.0,0.0,0.0,0.0,0.0,0.0,0.0,0.0,0.0,0.0,0.0,0.0,0.0,0.0,0.0,0.0,0.0,0.0,0.0,0.0,0.0,0.0,0.0,0.0,0.0,0.0,0.3800978942297423,0.0,0.6931471805599453,0.0,0.0,0.0,-0.3321338350226148,0.0,0.0,0.0,0.0,0.0,0.0,0.0,0.0
4.449771646944906,1.1925144413116917,C[C@@]12CCCN1C(=O)[C@H](Cc1ccc(O)cc1)NC(=O)CN1C(=O)[C@H](CCc3ccccc31)NC(=O)[C@H](Cc1c[nH]c3ccc(F)cc13)NC(=O)[C@H](Cc1c[nH]c3ccc(F)cc13)NC(=O)CNC(=O)[C@H](CCCCN)NC(=O)CCSCc1cccc(c1)CSC[C@@H](C(N)=O)NC2=O,0.0,0.0,0.0,0.0,0.0,0.0,0.0,0.6931471805599453,0.0,0.0,0.0,0.0,0.0,0.0,0.0,0.0,0.0,0.0,0.0,0.0,0.0,0.0,0.0,0.0,0.0,0.0,0.0,0.0,0.0,0.0,0.0,0.0,0.0,0.0,0.0,0.0,0.0,0.0,0.0,0.0,0.0,0.0,0.0,0.10130827721874541,0.0,0.0,0.0,0.0,0.0,0.0,-0.3369451616714085,0.0,0.0,0.0,0.6931471805599453,0.0,0.0,0.0,0.6931471805599453,0.0,0.0,0.0,0.0,0.0,0.0,0.0,0.0,0.0,0.0,0.0,0.0,0.0,0.0,0.0,0.0,0.0,0.0,0.0,0.0,0.0,0.0,0.0,-0.6931471805599453,0.0,0.0,0.0,0.0,0.0,0.0,0.0,0.0,0.0,0.0,0.0,0.0,0.0,0.0,0.0,0.0,0.0,0.0,0.0,0.0,0.0,0.0,0.0,0.0,0.6931471805599453,0.0,0.0,0.0,0.0,0.0,0.0,0.0,0.0,0.0,0.0,0.0,0.0,0.0,0.0,0.6931471805599453,0.0,0.0,0.0,0.0,0.0,0.0,0.6931471805599453,0.0,0.0,0.0,0.0,0.0,0.0,0.0,0.0,0.0,0.0,0.0,0.0,0.0,0.0,0.0,0.0,0.0,0.0,0.0,0.0,0.0,0.0,0.0,0.0,0.0,0.0,0.0,0.0,0.0,0.0,0.0,0.0,0.0,0.0,0.0,0.0,0.0,0.0,0.0,0.0,0.0,0.3800978942297423,0.0,0.6931471805599453,0.0,0.0,0.0,-0.3321338350226148,0.0,0.0,0.0,0.0,0.0,0.0,0.0,0.0
7.301029995663981,1.1925144413116917,COc1ccc(C[C@@H]2NC(=O)[C@H]([C@H](C)O)NC(=O)[C@@H]3C[C@H](F)CN3C(=O)[C@H](Cc3c[nH]c4ccc(F)cc34)NC(=O)[C@H](Cc3c[nH]c4ccc(F)cc34)NC(=O)[C@@H](C)NC(=O)[C@H](CCCCN)NC(=O)CCC(=O)NCc3ccc(cc3)CCNC(=O)[C@]3(C)CCCN3C2=O)cc1,0.0,0.0,0.0,0.0,0.0,0.0,0.0,0.0,0.0,0.0,0.0,0.0,0.0,0.0,0.0,0.0,0.0,0.0,0.0,0.0,0.0,0.0,0.0,0.0,0.0,0.0,0.0,0.0,0.0,-0.6931471805599453,0.0,0.0,0.0,0.0,0.0,0.0,0.0,0.0,0.0,0.3758744249050815,0.37534873392630286,0.0,0.0,0.4531966352095854,0.0,0.0,0.0,0.0,0.0,0.0,0.06101410575514632,0.0,0.0,0.0,0.6931471805599453,0.0,0.0,0.0,0.0,0.0,0.0,0.0,0.0,0.0,0.0,0.0,0.0,0.0,0.0,0.0,0.0,0.0,0.0,0.0,0.0,0.0,0.0,0.0,0.0,0.0,0.0,0.0,0.0,0.0,0.0,0.0,0.0,0.0,-0.6931471805599453,0.0,0.0,0.0,0.0,0.0,0.0,0.0,0.0,0.0,0.0,0.0,0.0,0.0,0.0,0.0,0.0,0.0,0.0,0.0,0.0,0.0,0.0,0.0,0.0,0.0,0.0,0.0,0.0,0.0,0.0,0.0,0.0,0.0,0.0,0.0,0.0,0.0,0.0,0.0,0.0,0.0,0.0,0.0,0.0,0.0,0.0,0.0,0.0,0.0,0.0,0.0,0.0,0.0,0.0,0.0,0.0,0.0,0.0,0.0,0.0,0.0,0.0,0.0,0.0,0.0,0.0,0.0,0.0,0.0,0.0,0.0,0.0,0.0,0.0,0.0,0.0,0.6931471805599453,0.0,0.0,0.0,0.0,0.0,-0.05619455834364096,0.0,0.0,0.0,0.0,0.0,0.10080469912196559,0.0,0.0,0.0,0.0,0.0,0.0,0.0,0.0
7.301029995663981,1.1925144413116917,COc1ccc(C[C@@H]2NC(=O)[C@H]([C@@H](C)O)NC(=O)[C@@H]3C[C@H](F)CN3C(=O)[C@H](Cc3c[nH]c4ccc(F)cc34)NC(=O)[C@H](Cc3c[nH]c4ccc(F)cc34)NC(=O)[C@@H](C)NC(=O)[C@H](CCCCN)NC(=O)[C@@H](NC(=O)C(C)(C)F)CC(=O)NCCOc3ccc(cc3)C[C@@H](C(N)=O)NC(=O)[C@]3(C)CCCN3C2=O)cc1,0.7148462081390736,0.0,0.0,0.0,0.0,0.0,0.0,0.0,0.0,0.0,0.0,0.0,0.0,0.0,0.0,0.0,0.0,0.0,0.0,0.0,0.0,0.0,0.0,0.0,0.0,0.0,0.0,0.0,0.0,0.0,0.0,0.0,0.0,0.0,0.0,0.0,0.0,0.0,0.0,0.3758744249050815,0.37534873392630286,0.0,0.0,0.4531966352095854,0.0,0.0,0.0,0.0,0.0,0.0,-0.02291425952287586,0.0,0.0,0.0,0.0,0.0,0.0,0.0,0.0,0.0,0.0,0.0,0.0,0.0,0.0,0.0,0.0,0.0,0.0,0.0,0.0,0.0,0.0,0.0,0.0,0.0,0.0,0.0,0.0,0.0,0.0,0.0,0.0,0.0,0.0,0.0,0.0,0.0,-0.6931471805599453,0.0,0.0,0.0,0.0,0.0,0.0,0.0,0.0,0.0,0.0,0.0,0.0,0.0,0.0,0.0,0.0,0.0,0.0,0.0,0.0,0.0,0.0,0.0,0.0,0.0,0.0,0.0,0.0,0.0,0.0,0.0,0.0,0.0,0.0,0.0,0.0,0.0,0.0,0.0,0.0,0.6931471805599453,0.0,0.0,0.0,0.0,0.0,0.0,0.0,0.0,0.0,0.0,0.0,0.0,0.0,0.0,0.0,0.0,0.0,0.0,0.0,0.0,0.0,0.0,0.0,0.0,0.0,0.0,0.0,0.0,0.0,0.0,0.0,0.0,0.0,0.0,0.0,0.0,0.0,0.0,0.0,0.0,0.0,-0.2716584229836235,0.0,0.0,0.0,0.0,0.0,0.17979311044059593,0.0,0.0,0.0,0.0,0.0,0.0,0.0,0.0
4.449771646944906,1.1925144413116917,COc1ccc(C[C@@H]2NC(=O)[C@H]([C@@H](C)O)NC(=O)[C@@H]3C[C@H](F)CN3C(=O)[C@H](Cc3c[nH]c4ccc(F)cc34)NC(=O)[C@H](Cc3c[nH]c4ccc(F)cc34)NC(=O)[C@@H](C)NC(=O)[C@H](CCCCN)NC(=O)[C@@H](NC(=O)C(F)F)CC(=O)NCCOc3ccc(cc3)C[C@@H](C(N)=O)NC(=O)[C@]3(C)CCCN3C2=O)cc1,0.7148462081390736,0.0,0.0,0.0,0.0,0.0,0.0,0.0,0.0,0.0,0.0,0.0,0.0,0.0,0.0,0.0,0.0,0.0,0.0,0.0,0.0,0.0,0.0,0.0,0.0,0.0,0.0,0.0,0.0,0.0,0.0,0.0,0.0,0.0,0.0,0.0,0.0,0.0,0.0,0.0,0.0,0.0,0.0,0.10130827721874541,0.0,0.0,0.0,0.0,0.0,0.0,-0.14177546239960456,0.0,0.0,0.0,0.0,0.0,0.0,0.0,0.0,0.0,0.0,0.0,0.0,0.0,0.0,0.0,0.0,0.0,0.0,0.0,0.0,0.0,0.0,0.0,0.0,0.0,0.0,0.0,0.0,0.0,0.0,0.0,0.0,0.0,0.0,0.0,0.0,0.0,-0.6931471805599453,0.0,0.0,0.0,0.0,0.0,0.0,0.0,0.0,0.0,0.0,0.0,0.0,0.0,0.0,0.0,0.0,0.0,0.0,0.0,0.0,0.0,0.0,0.0,0.0,0.0,0.0,0.0,0.0,0.0,0.0,0.0,0.0,0.0,0.0,0.0,0.0,0.0,0.0,0.0,0.0,0.6931471805599453,0.0,0.0,0.0,0.0,0.0,0.0,0.0,0.0,0.0,0.0,0.0,0.0,0.0,0.0,0.0,0.0,0.0,0.0,0.0,0.0,0.0,0.0,0.0,0.0,0.0,0.0,0.0,0.0,0.0,0.0,0.0,0.0,0.0,0.0,0.0,0.0,0.0,0.0,0.0,0.0,0.0,-0.6608389373272884,0.0,0.0,0.0,0.0,0.0,0.2291858657701724,0.0,0.0,0.0,0.0,0.0,0.0,0.0,0.0
4.449771646944906,1.1925144413116917,COc1ccc(C[C@@H]2NC(=O)[C@H]([C@@H](C)O)NC(=O)[C@@H]3C[C@H](F)CN3C(=O)[C@H](Cc3c[nH]c4ccc(F)cc34)NC(=O)[C@H](Cc3c[nH]c4ccc(F)cc34)NC(=O)[C@@H](C)NC(=O)[C@H](CCCCN)NC(=O)[C@@H](NC(=O)CC(F)(F)F)CC(=O)NCCOc3ccc(cc3)C[C@@H](C(N)=O)NC(=O)[C@]3(C)CCCN3C2=O)cc1,0.7148462081390736,0.0,0.0,0.0,0.0,0.0,0.0,0.0,0.0,0.0,0.0,0.0,0.0,0.0,0.0,0.0,0.0,0.0,0.0,0.0,0.0,0.0,0.0,0.0,0.0,0.0,0.0,0.0,0.0,0.0,0.0,0.0,0.0,0.0,0.0,0.0,0.0,0.0,0.0,0.0,0.0,0.0,0.0,0.10130827721874541,0.0,0.0,0.0,0.0,0.0,0.0,-0.08866563708565606,0.0,0.0,0.0,0.0,0.0,0.0,0.0,0.0,0.0,0.0,0.0,0.0,0.0,0.0,0.0,0.0,0.0,0.0,0.0,0.0,0.0,0.0,0.0,0.0,0.0,0.0,0.0,0.0,0.0,0.0,0.0,0.0,0.0,0.0,0.0,0.0,0.0,-0.6931471805599453,0.0,0.0,0.0,0.0,0.0,0.0,0.0,0.0,0.0,0.0,0.0,0.0,0.0,0.0,0.0,0.0,0.0,0.0,0.0,0.0,0.0,0.0,0.0,0.0,0.0,0.0,0.0,0.0,0.0,0.0,0.0,0.0,0.0,0.0,0.0,0.0,0.0,0.0,0.0,0.0,0.6931471805599453,0.0,0.0,0.0,0.0,0.0,0.0,0.0,0.0,0.0,0.0,0.0,0.0,0.0,0.0,0.0,0.0,0.0,0.0,0.0,0.0,0.0,0.0,0.0,0.0,0.0,0.0,0.0,0.0,0.0,0.0,0.0,0.0,0.0,0.0,0.0,0.6931471805599453,0.0,0.0,0.0,0.0,0.0,-0.8154159654875881,0.0,0.0,0.0,0.0,0.0,0.3850562364769573,0.0,0.0,0.0,0.0,0.0,0.0,0.0,0.0
6.259637310505756,1.1925144413116917,COc1ccc(C[C@@H]2NC(=O)[C@H]([C@@H](C)O)NC(=O)[C@@H]3C[C@H](F)CN3C(=O)[C@H](Cc3c[nH]c4ccc(F)cc34)NC(=O)[C@H](Cc3c[nH]c4ccc(F)cc34)NC(=O)[C@@H](C)NC(=O)[C@H](CCCCN)NC(=O)[C@@H](NC(=O)CO)CC(=O)NCCOc3ccc(cc3)C[C@@H](C(N)=O)NC(=O)[C@]3(C)CCCN3C2=O)cc1,0.7148462081390736,0.0,0.0,0.0,0.0,0.0,0.0,0.0,0.0,0.0,0.0,0.0,0.0,0.0,0.0,0.0,0.0,0.0,0.0,0.0,0.0,0.0,0.0,0.0,0.0,0.0,0.0,0.0,0.0,0.0,0.0,0.0,0.0,0.0,0.0,0.0,0.0,0.0,0.0,0.2543463885567357,0.25396960936753976,0.0,0.0,0.3386293396892764,0.0,0.0,0.0,0.0,0.0,0.0,0.0,0.0,0.0,0.0,0.0,0.0,0.0,0.0,0.0,0.0,0.0,0.0,0.0,0.0,0.0,0.0,0.0,0.6931471805599453,0.0,0.0,0.0,0.0,0.0,0.0,0.0,0.0,0.0,0.0,0.0,0.0,0.0,0.0,0.0,0.0,0.0,0.0,0.0,0.0,-0.6931471805599453,0.0,0.0,0.0,0.0,0.0,0.0,0.0,0.0,0.0,0.0,0.0,0.0,0.0,0.0,0.0,0.0,0.0,0.0,0.0,0.0,0.0,0.0,0.0,0.0,0.0,0.0,0.0,0.0,0.0,0.0,0.0,0.0,0.0,0.0,0.0,0.0,0.0,0.0,0.0,0.0,0.6931471805599453,0.0,0.0,0.0,0.0,0.0,0.0,0.0,0.0,0.0,0.0,0.0,0.0,0.0,0.0,0.0,0.0,0.0,0.0,0.0,0.0,0.0,0.0,0.0,0.0,0.0,0.0,0.0,0.0,0.0,0.0,0.0,0.0,0.0,0.0,0.0,0.0,0.0,0.0,0.0,0.0,0.0,-0.17942719876758959,0.0,0.0,0.0,0.0,0.0,0.16705408466316618,0.0,0.0,0.0,0.0,0.0,0.0,0.0,0.0
7.301029995663981,1.1925144413116917,COc1ccc(C[C@@H]2NC(=O)[C@H]([C@@H](C)O)NC(=O)[C@@H]3C[C@H](F)CN3C(=O)[C@H](Cc3c[nH]c4ccc(F)cc34)NC(=O)[C@H](Cc3c[nH]c4ccc(F)cc34)NC(=O)[C@@H](C)NC(=O)[C@H](CCCCN)NC(=O)CCCCNC(=O)COc3ccc(cc3)C[C@@H](C(N)=O)NC(=O)[C@]3(C)CCCN3C2=O)cc1,0.7148462081390736,0.0,0.0,0.0,0.0,0.0,0.0,0.0,0.0,0.0,0.0,0.0,0.0,0.0,0.0,0.0,0.0,0.0,0.0,0.0,0.0,0.0,0.0,0.0,0.0,0.0,0.0,0.0,0.0,-0.6931471805599453,0.0,0.0,0.0,0.0,0.0,0.0,0.0,0.0,0.0,0.3758744249050815,0.37534873392630286,0.0,0.0,0.4531966352095854,0.0,0.0,0.0,0.0,0.0,0.0,0.05476408540997501,0.0,0.0,0.0,0.0,0.0,0.0,0.0,0.0,0.0,0.0,0.0,0.0,0.0,0.0,0.0,0.0,0.6931471805599453,0.0,0.0,0.0,0.0,0.0,0.0,0.0,0.0,0.0,0.0,0.0,0.0,0.0,0.0,0.0,0.0,0.0,0.0,0.0,0.0,-0.6931471805599453,0.0,0.0,0.0,0.0,0.0,0.0,0.0,0.0,0.0,0.0,0.0,0.0,0.0,0.0,0.0,0.0,0.0,0.0,0.0,0.0,0.0,0.0,0.0,0.0,0.0,0.0,0.0,0.0,0.0,0.0,0.0,0.0,0.0,0.0,0.0,0.0,0.0,0.0,0.0,0.0,0.6931471805599453,0.0,0.0,0.0,0.0,0.0,0.0,0.0,0.0,0.0,0.0,0.0,0.0,0.0,0.0,0.0,0.0,0.0,0.0,0.0,0.0,0.0,0.0,0.0,0.0,0.0,0.0,0.0,0.0,0.0,0.0,0.0,0.0,0.0,0.0,0.0,0.0,0.0,0.0,0.0,0.0,0.0,-0.07781702235680672,0.0,0.0,0.0,0.0,0.0,-0.029852963149681156,0.0,0.0,0.0,0.0,0.0,0.0,0.0,0.0
4.449771646944906,1.1925144413116917,CCC(=O)N[C@H]1CC(=O)NCCOc2ccc(cc2)C[C@@H](C(N)=O)NC(=O)[C@]2(C)CCCN2C(=O)[C@H](Cc2ccc(OC)cc2)NC(=O)[C@H]([C@@H](C)O)NC(=O)[C@@H]2C[C@H](F)CN2C(=O)[C@H](Cc2c[nH]c3ccc(F)cc23)NC(=O)[C@H](Cc2c[nH]c3ccc(F)cc23)NC(=O)[C@@H](C)NC(=O)[C@H](CCCCN)NC1=O,0.7148462081390736,0.0,0.0,0.0,0.0,0.0,0.0,0.0,0.0,0.0,0.0,0.0,0.0,0.0,0.0,0.0,0.0,0.0,0.0,0.0,0.0,0.0,0.0,0.0,0.0,0.0,0.0,0.0,0.0,0.0,0.0,0.0,0.0,0.0,0.0,0.0,0.0,0.0,0.0,0.0,0.0,0.0,0.0,0.10130827721874541,0.0,0.0,0.0,0.0,0.0,0.0,0.06412452816953876,0.0,0.0,0.0,0.0,0.0,0.0,0.0,0.0,0.0,0.0,0.0,0.0,0.0,0.0,0.0,0.0,0.0,0.0,0.0,0.0,0.0,0.0,0.0,0.0,0.0,0.0,0.0,0.0,0.0,0.0,0.0,0.0,0.0,0.0,0.0,0.0,0.0,-0.6931471805599453,0.0,0.0,0.0,0.0,0.0,0.0,0.0,0.0,0.0,0.0,0.0,0.0,0.0,0.0,0.0,0.0,0.0,0.0,0.0,0.0,0.0,0.0,0.0,0.0,0.0,0.0,0.0,0.0,0.0,0.0,0.0,0.0,0.0,0.0,0.0,0.0,0.0,0.0,0.0,0.0,0.6931471805599453,0.0,0.0,0.0,0.0,0.0,0.0,0.0,0.0,0.0,0.0,0.0,0.0,0.0,0.0,0.0,0.0,0.0,0.0,0.0,0.0,0.0,0.0,0.0,0.0,0.0,0.0,0.0,0.0,0.0,0.0,0.0,0.0,0.0,0.0,0.0,0.0,0.0,0.0,0.0,0.0,0.0,0.14001323022671278,0.0,0.0,0.0,0.0,0.0,0.16705408466316618,0.0,0.0,0.0,0.0,0.0,0.0,0.0,0.0
4.449771646944906,1.1925144413116917,COc1ccc(C[C@@H]2NC(=O)[C@H]([C@@H](C)O)NC(=O)[C@@H]3C[C@H](F)CN3C(=O)[C@H](Cc3c[nH]c4ccc(F)cc34)NC(=O)[C@H](Cc3c[nH]c4ccc(F)cc34)NC(=O)[C@@H](C)NC(=O)[C@H](CCCCN)NC(=O)[C@@H](NC(=O)C(C)(C)C)CC(=O)NCCOc3ccc(cc3)C[C@@H](C(N)=O)NC(=O)[C@]3(C)CCCN3C2=O)cc1,0.7148462081390736,0.0,0.0,0.0,0.0,0.0,0.0,0.0,0.0,0.0,0.0,0.0,0.0,0.0,0.0,0.0,0.0,0.0,0.0,0.0,0.0,0.0,0.0,0.0,0.0,0.0,0.0,0.0,0.0,0.0,0.0,0.0,0.0,0.0,0.0,0.0,0.0,0.0,0.0,0.0,0.0,0.0,0.0,0.10130827721874541,0.0,0.0,0.0,0.0,0.0,0.0,0.1126188781081493,0.0,0.0,0.0,0.0,0.0,0.0,0.0,0.0,0.0,0.0,0.0,0.0,0.0,0.0,0.0,0.0,0.0,0.0,0.0,0.0,0.0,0.0,0.0,0.0,0.0,0.0,0.0,0.0,0.0,0.0,0.0,0.0,0.0,0.0,0.0,0.0,0.0,-0.6931471805599453,0.0,0.0,0.0,0.0,0.0,0.0,0.0,0.0,0.0,0.0,0.0,0.0,0.0,0.0,0.0,0.0,0.0,0.0,0.0,0.0,0.0,0.0,0.0,0.0,0.0,0.0,0.0,0.0,0.0,0.0,0.0,0.0,0.0,0.0,0.0,0.0,0.0,0.0,0.0,0.0,0.6931471805599453,0.0,0.0,0.0,0.0,0.0,0.0,0.0,0.0,0.0,0.0,0.0,0.0,0.0,0.0,0.0,0.0,0.0,0.0,0.0,0.0,0.0,0.0,0.0,0.0,0.0,0.0,0.0,0.0,0.0,0.0,0.0,0.0,0.0,0.0,0.0,0.0,0.0,0.0,0.0,0.0,0.0,0.28912611602401445,0.0,0.0,0.0,0.0,0.0,0.029852963149681156,0.0,0.0,0.0,0.0,0.0,0.0,0.0,0.0
5.183758700008217,1.1925144413116917,C[C@@]12CCCN1C(=O)[C@H](Cc1ccc(O)cc1)NC(=O)CCc1cccc3c1oc1c(cccc13)CCNC(=O)[C@H](Cc1c[nH]c3ccc(F)cc13)NC(=O)[C@H](Cc1c[nH]c3ccc(F)cc13)NC(=O)CNC(=O)[C@H](CCCCN)NC(=O)CCSCc1cccc(c1)CSC[C@H](C(N)=O)NC2=O,0.0,0.0,0.0,0.0,0.0,0.0,0.0,0.0,0.0,0.0,0.0,0.0,0.0,0.0,0.0,0.0,0.0,0.0,0.0,1.536216818209456,0.0,0.0,0.0,0.0,0.0,0.0,0.0,0.0,0.0,0.0,0.0,0.0,0.0,0.0,0.0,0.0,0.0,0.0,0.0,0.11105295721410488,0.11087663101705109,0.0,0.0,0.2038893586045199,0.0,0.0,0.0,0.0,0.0,0.0,-0.3105963319746569,0.0,0.0,0.0,0.0,0.0,0.0,0.0,0.0,0.0,0.0,0.0,0.0,0.0,0.0,0.0,0.0,0.0,0.0,0.0,0.0,0.0,0.0,0.0,0.0,0.0,0.0,0.0,0.0,0.0,0.0,0.0,-0.6931471805599453,0.0,0.0,0.0,0.0,0.0,0.0,0.0,0.0,0.0,0.0,0.0,0.0,0.0,0.0,0.0,0.0,0.0,0.0,0.0,0.0,0.0,0.0,0.0,0.0,0.0,0.0,0.0,0.0,0.0,0.0,0.0,0.0,0.0,0.6931471805599453,0.0,0.0,0.0,0.0,0.0,0.0,0.0,0.0,0.0,0.0,0.0,0.0,0.6931471805599453,0.0,0.0,0.0,0.0,0.0,0.0,0.0,0.0,0.0,0.0,0.0,0.0,0.0,0.0,0.0,0.0,0.0,0.0,0.0,0.0,0.0,0.0,0.0,0.0,0.0,0.0,0.0,0.0,0.0,0.0,0.0,0.0,0.0,0.0,0.0,0.0,0.0,0.0,0.0,0.0,0.0,0.17942719876758959,0.0,0.6931471805599453,0.0,0.0,0.0,-0.31015492830383956,0.0,0.0,0.0,0.0,0.0,0.0,0.0,0.0
7.301029995663981,1.1925144413116917,C[C@@]12CCCN1C(=O)[C@H](Cc1ccc(O)cc1)NC(=O)CN1C(=O)[C@H](N=C(c3ccccc3)c3ccccc31)NC(=O)[C@H](Cc1c[nH]c3ccc(F)cc13)NC(=O)[C@H](Cc1c[nH]c3ccc(F)cc13)NC(=O)CNC(=O)[C@H](CCCCN)NC(=O)CCSCc1cccc(c1)CSC[C@@H](C(N)=O)NC2=O,0.0,0.0,0.0,0.0,0.0,0.0,0.0,0.6931471805599453,0.0,0.0,0.0,0.0,0.0,0.0,0.0,0.0,0.0,0.0,0.0,0.0,0.0,0.0,0.0,0.0,0.0,0.6931471805599453,0.0,0.0,0.0,0.0,0.0,0.6931471805599453,0.0,0.0,0.0,0.0,0.0,0.0,0.0,0.3758744249050815,0.37534873392630286,0.0,0.0,0.4531966352095854,0.0,0.0,0.0,0.0,0.0,0.0,-0.4054651081081646,0.0,0.0,0.0,0.6931471805599453,0.0,0.0,0.0,0.6931471805599453,0.0,0.0,0.0,0.0,0.0,0.0,0.0,0.6931471805599453,0.6931471805599453,0.0,0.0,0.0,0.0,0.0,0.0,0.0,0.0,0.0,0.0,0.0,0.0,0.0,0.0,-0.6931471805599453,0.0,0.0,0.0,0.0,0.0,0.0,0.0,0.0,0.0,0.0,0.0,0.0,0.0,0.0,0.0,0.0,0.0,0.0,0.0,0.0,0.0,0.0,0.0,0.0,0.6931471805599453,0.0,0.0,0.0,0.0,0.0,0.0,0.0,0.0,0.0,0.0,0.0,0.0,0.0,0.0,0.6931471805599453,0.0,0.0,0.0,0.0,0.0,0.0,0.6931471805599453,0.0,0.0,0.0,0.0,0.0,0.0,0.0,0.0,0.0,0.0,0.0,0.0,0.0,0.0,0.0,0.0,0.0,0.0,0.0,0.0,0.0,0.0,0.0,0.0,0.0,0.0,0.0,0.0,0.0,0.0,0.0,0.0,0.0,0.0,0.0,0.0,0.0,0.0,0.0,0.0,0.0,0.567020182109634,0.0,0.0,0.0,0.0,0.0,-0.21706450523782758,0.0,0.0,0.0,0.0,0.0,0.0,0.0,0.0
7.301029995663981,1.1925144413116917,C[C@@]12CCCN1C(=O)[C@H](Cc1ccc(O)cc1)NC(=O)CN1C(=O)[C@@H](N=C(c3ccccc3)c3ccccc31)NC(=O)[C@H](Cc1c[nH]c3ccc(F)cc13)NC(=O)[C@H](Cc1c[nH]c3ccc(F)cc13)NC(=O)CNC(=O)[C@H](CCCCN)NC(=O)CCSCc1cccc(c1)CSC[C@@H](C(N)=O)NC2=O,0.0,0.0,0.0,0.0,0.0,0.0,0.0,0.6931471805599453,0.0,0.0,0.0,0.0,0.0,0.0,0.0,0.0,0.0,0.0,0.0,0.0,0.0,0.0,0.0,0.0,0.0,0.6931471805599453,0.0,0.0,0.0,0.0,0.0,0.6931471805599453,0.0,0.0,0.0,0.0,0.0,0.0,0.0,0.3758744249050815,0.37534873392630286,0.0,0.0,0.4531966352095854,0.0,0.0,0.0,0.0,0.0,0.0,-0.4054651081081646,0.0,0.0,0.0,0.6931471805599453,0.0,0.0,0.0,0.6931471805599453,0.0,0.0,0.0,0.0,0.0,0.0,0.0,0.6931471805599453,0.6931471805599453,0.0,0.0,0.0,0.0,0.0,0.0,0.0,0.0,0.0,0.0,0.0,0.0,0.0,0.0,-0.6931471805599453,0.0,0.0,0.0,0.0,0.0,0.0,0.0,0.0,0.0,0.0,0.0,0.0,0.0,0.0,0.0,0.0,0.0,0.0,0.0,0.0,0.0,0.0,0.0,0.0,0.6931471805599453,0.0,0.0,0.0,0.0,0.0,0.0,0.0,0.0,0.0,0.0,0.0,0.0,0.0,0.0,0.6931471805599453,0.0,0.0,0.0,0.0,0.0,0.0,0.6931471805599453,0.0,0.0,0.0,0.0,0.0,0.0,0.0,0.0,0.0,0.0,0.0,0.0,0.0,0.0,0.0,0.0,0.0,0.0,0.0,0.0,0.0,0.0,0.0,0.0,0.0,0.0,0.0,0.0,0.0,0.0,0.0,0.0,0.0,0.0,0.0,0.0,0.0,0.0,0.0,0.0,0.0,0.567020182109634,0.0,0.0,0.0,0.0,0.0,-0.21706450523782758,0.0,0.0,0.0,0.0,0.0,0.0,0.0,0.0
7.301029995663981,1.1925144413116917,COc1ccc(C[C@@H]2NC(=O)[C@H]([C@@H](C)O)NC(=O)[C@@H]3C[C@H](F)CN3C(=O)[C@H](Cc3c[nH]c4ccc(F)cc34)NC(=O)[C@H](Cc3c[nH]c4ccc(F)cc34)NC(=O)[C@@H](C)NC(=O)[C@H](CCCCN)NC(=O)[C@@H](NC(=O)C(C)C)CC(=O)NCCOc3ccc(cc3)C[C@@H](C(N)=O)NC(=O)[C@]3(C)CCCN3C2=O)cc1,0.7148462081390736,0.0,0.0,0.0,0.0,0.0,0.0,0.0,0.0,0.0,0.0,0.0,0.0,0.0,0.0,0.0,0.0,0.0,0.0,0.0,0.0,0.0,0.0,0.0,0.0,0.0,0.0,0.0,0.0,0.0,0.0,0.0,0.0,0.0,0.0,0.0,0.0,0.0,0.0,0.3758744249050815,0.37534873392630286,0.0,0.0,0.4531966352095854,0.0,0.0,0.0,0.0,0.0,0.0,0.0886656370856564,0.0,0.0,0.0,0.0,0.0,0.0,0.0,0.0,0.0,0.0,0.0,0.0,0.0,0.0,0.0,0.0,0.0,0.0,0.0,0.0,0.0,0.0,0.0,0.0,0.0,0.0,0.0,0.0,0.0,0.0,0.0,0.0,0.0,0.0,0.0,0.0,0.0,-0.6931471805599453,0.0,0.0,0.0,0.0,0.0,0.0,0.0,0.0,0.0,0.0,0.0,0.0,0.0,0.0,0.0,0.0,0.0,0.0,0.0,0.0,0.0,0.0,0.0,0.0,0.0,0.0,0.0,0.0,0.0,0.0,0.0,0.0,0.0,0.0,0.0,0.0,0.0,0.0,0.0,0.0,0.6931471805599453,0.0,0.0,0.0,0.0,0.0,0.0,0.0,0.0,0.0,0.0,0.0,0.0,0.0,0.0,0.0,0.0,0.0,0.0,0.0,0.0,0.0,0.0,0.0,0.0,0.0,0.0,0.0,0.0,0.0,0.0,0.0,0.0,0.0,0.0,0.0,0.0,0.0,0.0,0.0,0.0,0.0,0.21734643362988343,0.0,0.0,0.0,0.0,0.0,0.17979311044059593,0.0,0.0,0.0,0.0,0.0,0.0,0.0,0.0
7.301029995663981,1.1925144413116917,COc1ccc(C[C@@H]2NC(=O)[C@H]([C@@H](C)O)NC(=O)[C@@H]3C[C@H](F)CN3C(=O)[C@H](Cc3c[nH]c4ccc(F)cc34)NC(=O)[C@H](Cc3c[nH]c4ccc(F)cc34)NC(=O)[C@@H](C)NC(=O)[C@H](CCCCN)NC(=O)[C@@H](NC(=O)C(F)(F)F)CC(=O)NCCOc3ccc(cc3)C[C@@H](C(N)=O)NC(=O)[C@]3(C)CCCN3C2=O)cc1,0.7148462081390736,0.0,0.0,0.0,0.0,0.0,0.0,0.0,0.0,0.0,0.0,0.0,0.0,0.0,0.0,0.0,0.0,0.0,0.0,0.0,0.0,0.0,0.0,0.0,0.0,0.0,0.0,0.0,0.0,0.0,0.0,0.0,0.0,0.0,0.0,0.0,0.0,0.0,0.0,0.3758744249050815,0.37534873392630286,0.0,0.0,0.4531966352095854,0.0,0.0,0.0,0.0,0.0,0.0,-0.20036962666565752,0.0,0.0,0.0,0.0,0.0,0.0,0.0,0.0,0.0,0.0,0.0,0.0,0.0,0.0,0.0,0.0,0.0,0.0,0.0,0.0,0.0,0.0,0.0,0.0,0.0,0.0,0.0,0.0,0.0,0.0,0.0,0.0,0.0,0.0,0.0,0.0,0.0,-0.6931471805599453,0.0,0.0,0.0,0.0,0.0,0.0,0.0,0.0,0.0,0.0,0.0,0.0,0.0,0.0,0.0,0.0,0.0,0.0,0.0,0.0,0.0,0.0,0.0,0.0,0.0,0.0,0.0,0.0,0.0,0.0,0.0,0.0,0.0,0.0,0.0,0.0,0.0,0.0,0.0,0.0,0.6931471805599453,0.0,0.0,0.0,0.0,0.0,0.0,0.0,0.0,0.0,0.0,0.0,0.0,0.0,0.0,0.0,0.0,0.0,0.0,0.0,0.0,0.0,0.0,0.0,0.0,0.0,0.0,0.0,0.0,0.0,0.0,0.0,0.0,0.0,0.0,0.0,0.0,0.0,0.0,0.0,0.0,0.0,-0.8456449674489054,0.0,0.0,0.0,0.0,0.0,0.4450742462032102,0.0,0.0,0.0,0.0,0.0,0.0,0.0,0.0
4.449771646944906,1.1925144413116917,COc1ccc(C[C@@H]2NC(=O)[C@H]([C@@H](C)O)NC(=O)[C@@H]3C[C@H](F)CN3C(=O)[C@H](Cc3c[nH]c4ccc(F)cc34)NC(=O)[C@H](Cc3c[nH]c4ccc(F)cc34)NC(=O)[C@@H](C)NC(=O)CCCCCC(=O)NCc3ccc(cc3)C[C@@H](C(N)=O)NC(=O)[C@]3(C)CCCN3C2=O)cc1,0.0,0.0,0.0,0.0,0.0,0.0,0.0,0.0,0.0,0.0,0.0,0.0,0.0,0.0,0.0,0.0,0.0,0.0,0.0,0.0,0.0,0.0,0.0,0.0,0.0,0.0,0.0,0.0,0.0,-0.6931471805599453,0.0,0.0,0.0,0.0,0.0,0.0,0.0,0.0,0.0,0.0,0.0,0.0,0.0,0.10130827721874541,0.0,0.0,0.0,0.0,0.0,0.0,0.04214562145076348,0.0,0.0,0.0,0.6931471805599453,0.0,0.0,0.0,0.0,0.0,0.0,0.0,0.0,0.0,0.0,0.0,0.0,0.0,0.0,0.0,0.0,0.0,0.0,0.0,0.0,0.0,0.0,0.0,0.0,0.0,0.0,0.0,0.0,0.0,0.0,0.0,0.0,0.0,-0.6931471805599453,0.0,0.0,0.0,0.0,0.0,0.0,0.0,0.0,0.0,0.0,0.0,0.0,0.0,0.0,0.0,0.0,0.0,0.0,0.0,0.0,0.0,0.0,0.0,0.0,0.0,0.0,0.0,0.0,0.0,0.0,0.0,0.0,0.0,0.0,0.0,0.0,0.0,0.0,0.0,0.0,0.6931471805599453,0.0,0.0,0.0,0.0,0.0,0.0,0.0,0.0,0.0,0.0,0.0,0.0,0.0,0.0,0.0,0.0,0.0,0.0,0.0,0.0,0.0,0.0,0.0,0.0,0.0,0.0,0.0,0.0,0.0,0.0,0.0,0.0,0.0,0.0,0.0,0.6931471805599453,0.0,0.0,0.0,0.0,0.0,-0.14001323022671278,0.0,0.0,0.0,0.0,0.0,-0.029852963149681156,0.0,0.0,0.0,0.0,0.0,0.0,0.0,0.0
7.301029995663981,1.1925144413116917,C[C@@]12CCCN1C(=O)[C@H](Cc1ccc(O)cc1)NC(=O)CN1C(=O)[C@H](COc3ccccc31)NC(=O)[C@H](Cc1c[nH]c3ccc(F)cc13)NC(=O)[C@H](Cc1c[nH]c3ccc(F)cc13)NC(=O)CNC(=O)[C@H](CCCCN)NC(=O)CCSCc1cccc(c1)CSC[C@@H](C(N)=O)NC2=O,0.7148462081390736,0.0,0.0,0.0,0.0,0.0,0.0,0.6931471805599453,0.0,0.0,0.0,0.0,0.0,0.0,0.0,0.0,0.0,0.0,0.0,0.0,0.0,0.0,0.0,0.0,0.0,0.0,0.0,0.0,0.0,0.0,0.0,0.0,0.0,0.0,0.0,0.0,0.0,0.0,0.0,0.3758744249050815,0.37534873392630286,0.0,0.0,0.4531966352095854,0.0,0.0,0.0,0.0,0.0,0.0,-0.34635699585375507,0.0,0.0,0.0,0.6931471805599453,0.0,0.0,0.0,0.6931471805599453,0.0,0.0,0.0,0.0,0.0,0.0,0.0,0.0,0.0,0.0,0.0,0.0,0.0,0.0,0.0,0.0,0.0,0.0,0.0,0.0,0.0,0.0,0.0,0.0,0.0,0.0,0.0,0.0,0.0,0.0,0.0,0.0,0.0,0.0,0.0,0.0,0.0,0.0,0.0,0.0,0.0,0.0,0.0,0.0,0.0,0.0,0.0,0.0,0.6931471805599453,0.0,0.0,0.0,0.0,0.0,0.0,0.0,0.0,0.0,0.0,0.0,0.0,0.0,0.0,0.6931471805599453,0.0,0.0,0.0,0.0,0.0,0.0,0.6931471805599453,0.0,0.0,0.0,0.0,0.0,0.0,0.0,0.0,0.0,0.0,0.0,0.0,0.0,0.0,0.0,0.0,0.0,0.0,0.0,0.0,0.0,0.0,0.0,0.0,0.0,0.0,0.0,0.0,0.0,0.0,0.0,0.0,0.0,0.0,0.0,0.0,0.0,0.0,0.0,0.0,0.0,0.3800978942297423,0.0,0.6931471805599453,0.0,0.0,0.0,-0.1278333715098849,0.0,0.0,0.0,0.0,0.0,0.0,0.0,0.0
6.259637310505756,1.1925144413116917,CC(C)C[C@H]1C(=O)N[C@@H](Cc2ccc(O)cc2)C(=O)N2CCC[C@@]2(C)C(=O)N[C@H](C(N)=O)CSCc2cccc(c2)CSCCC(=O)N[C@@H](CCCCN)C(=O)NCC(=O)N[C@@H](Cc2c[nH]c3ccc(F)cc23)C(=O)N[C@@H](Cc2c[nH]c3ccc(F)cc23)C(=O)N2CCC[C@@]23CCN1C3=O,0.0,0.0,0.0,0.0,0.0,0.0,0.0,0.0,0.0,0.0,0.0,0.0,0.0,0.0,0.0,0.0,0.0,0.0,0.0,0.0,0.0,0.0,0.0,0.0,0.0,0.0,0.0,0.0,0.0,0.0,0.0,0.0,0.0,0.0,0.0,0.0,0.0,0.0,0.0,0.2543463885567357,0.25396960936753976,0.0,0.0,0.3386293396892764,0.0,0.0,0.0,0.0,0.0,0.0,-0.43161038821248676,0.0,0.0,0.0,0.0,0.0,0.0,0.0,0.0,0.0,0.0,0.0,0.0,0.0,0.0,0.0,0.0,0.0,0.0,0.0,0.0,0.0,0.0,0.0,0.0,0.0,0.0,0.0,0.0,0.0,0.0,0.0,-0.6931471805599453,0.0,0.0,0.0,0.0,0.0,-0.6931471805599453,0.0,0.0,0.0,0.0,0.0,0.0,0.0,0.0,0.0,0.0,0.0,0.0,0.0,0.0,0.0,0.0,0.0,0.0,0.0,0.0,0.0,0.0,0.0,0.0,0.0,0.0,0.0,0.6931471805599453,0.0,0.0,0.0,0.0,0.0,0.0,0.0,0.0,0.0,0.0,0.0,0.0,0.6931471805599453,0.0,0.0,0.0,0.0,0.0,0.0,0.0,0.0,0.0,0.0,0.0,0.0,0.0,0.0,0.0,0.0,0.0,0.0,0.0,0.0,0.0,0.0,0.0,0.0,0.0,0.0,0.0,0.0,0.0,0.0,0.0,0.0,0.0,0.0,0.0,0.0,0.0,0.0,0.0,0.0,0.0,0.11970796406596934,0.0,0.0,0.0,0.0,0.0,-0.7303261838016986,0.0,0.0,0.0,0.0,0.0,0.0,0.0,0.0
4.449771646944906,1.1925144413116917,C[C@@]12CCCN1C(=O)[C@H](Cc1ccc(O)cc1)NC(=O)CN1C(=O)[C@H](N=C(C3CCCCC3)c3ccccc31)NC(=O)[C@H](Cc1c[nH]c3ccc(F)cc13)NC(=O)[C@H](Cc1c[nH]c3ccc(F)cc13)NC(=O)CNC(=O)[C@H](CCCCN)NC(=O)CCSCc1cccc(c1)CSC[C@@H](C(N)=O)NC2=O,0.0,0.0,0.0,0.0,0.0,0.6931471805599453,0.0,0.6931471805599453,0.0,0.0,0.0,0.0,0.0,0.0,0.0,0.0,0.0,0.0,0.0,0.0,0.0,0.0,0.0,0.0,0.0,0.6931471805599453,0.0,0.0,0.0,0.0,0.0,0.0,0.0,0.0,0.0,0.0,0.0,0.0,0.0,0.0,0.0,0.0,0.0,0.10130827721874541,0.0,0.0,0.0,0.0,0.0,0.0,-0.4054651081081646,0.0,0.0,0.0,0.6931471805599453,0.0,0.0,0.0,0.6931471805599453,0.0,0.0,0.0,0.0,0.0,0.0,0.0,0.6931471805599453,0.6931471805599453,0.0,0.0,0.0,0.0,0.0,0.0,0.0,0.0,0.0,0.0,0.0,0.0,0.0,0.0,-0.6931471805599453,0.0,0.0,0.0,0.0,0.0,0.0,0.0,0.0,0.0,0.0,0.0,0.0,0.0,0.0,0.0,0.0,0.0,0.0,0.0,0.0,0.0,0.0,0.0,0.0,0.6931471805599453,0.0,0.0,0.0,0.0,0.0,0.0,0.0,0.0,0.6931471805599453,0.0,0.0,0.0,0.0,0.0,0.6931471805599453,0.0,0.0,0.0,0.0,0.0,0.0,0.6931471805599453,0.0,0.0,0.0,0.0,0.0,0.0,0.0,0.0,0.0,0.0,0.0,0.0,0.0,0.0,0.0,0.0,0.0,0.0,0.0,0.0,0.0,0.0,0.0,0.0,0.0,0.0,0.0,0.0,0.0,0.0,0.0,0.0,0.0,0.0,0.0,0.0,0.0,0.0,0.0,0.0,0.0,0.567020182109634,0.0,0.6931471805599453,0.0,0.0,0.0,-0.5465437063680699,0.0,0.0,0.0,0.0,0.0,0.0,0.0,0.0
7.301029995663981,1.1925144413116917,C[C@@]12CCCN1C(=O)[C@H](Cc1ccc(O)cc1)NC(=O)CN1C(=O)[C@@H](N=C(C3CCCCC3)c3ccccc31)NC(=O)[C@H](Cc1c[nH]c3ccc(F)cc13)NC(=O)[C@H](Cc1c[nH]c3ccc(F)cc13)NC(=O)CNC(=O)[C@H](CCCCN)NC(=O)CCSCc1cccc(c1)CSC[C@@H](C(N)=O)NC2=O,0.0,0.0,0.0,0.0,0.0,0.6931471805599453,0.0,0.6931471805599453,0.0,0.0,0.0,0.0,0.0,0.0,0.0,0.0,0.0,0.0,0.0,0.0,0.0,0.0,0.0,0.0,0.0,0.6931471805599453,0.0,0.0,0.0,0.0,0.0,0.0,0.0,0.0,0.0,0.0,0.0,0.0,0.0,0.3758744249050815,0.37534873392630286,0.0,0.0,0.4531966352095854,0.0,0.0,0.0,0.0,0.0,0.0,-0.4054651081081646,0.0,0.0,0.0,0.6931471805599453,0.0,0.0,0.0,0.6931471805599453,0.0,0.0,0.0,0.0,0.0,0.0,0.0,0.6931471805599453,0.6931471805599453,0.0,0.0,0.0,0.0,0.0,0.0,0.0,0.0,0.0,0.0,0.0,0.0,0.0,0.0,-0.6931471805599453,0.0,0.0,0.0,0.0,0.0,0.0,0.0,0.0,0.0,0.0,0.0,0.0,0.0,0.0,0.0,0.0,0.0,0.0,0.0,0.0,0.0,0.0,0.0,0.0,0.6931471805599453,0.0,0.0,0.0,0.0,0.0,0.0,0.0,0.0,0.6931471805599453,0.0,0.0,0.0,0.0,0.0,0.6931471805599453,0.0,0.0,0.0,0.0,0.0,0.0,0.6931471805599453,0.0,0.0,0.0,0.0,0.0,0.0,0.0,0.0,0.0,0.0,0.0,0.0,0.0,0.0,0.0,0.0,0.0,0.0,0.0,0.0,0.0,0.0,0.0,0.0,0.0,0.0,0.0,0.0,0.0,0.0,0.0,0.0,0.0,0.0,0.0,0.0,0.0,0.0,0.0,0.0,0.0,0.567020182109634,0.0,0.6931471805599453,0.0,0.0,0.0,-0.5465437063680699,0.0,0.0,0.0,0.0,0.0,0.0,0.0,0.0
4.449771646944906,1.1925144413116917,COc1ccc(C[C@@H]2NC(=O)[C@H]([C@H](C)O)NC(=O)[C@@H]3C[C@H](F)CN3C(=O)[C@H](Cc3c[nH]c4ccc(F)cc34)NC(=O)[C@H](Cc3c[nH]c4ccc(F)cc34)NC(=O)[C@@H](C)NC(=O)[C@H](C)NC(=O)[C@@H](NC(C)=O)CCNC(=O)c3cccc(c3)C(=O)NCCC[C@@H](C(N)=O)NC(=O)[C@]3(C)CCCN3C2=O)cc1,0.0,0.0,0.0,0.0,0.0,0.0,0.0,0.0,0.0,0.0,0.0,0.0,0.0,0.0,0.0,0.0,0.0,0.0,0.0,0.0,0.0,0.0,0.0,0.0,0.0,0.0,0.0,0.0,0.0,-0.6931471805599453,0.0,0.6931471805599453,0.0,0.0,0.0,0.0,0.0,0.0,0.0,0.0,0.0,0.0,0.0,0.10130827721874541,0.0,0.0,0.0,0.0,0.0,0.0,-0.16450371347716072,0.0,0.0,0.0,0.6931471805599453,0.0,0.0,0.0,0.0,0.0,0.0,0.0,0.0,0.0,0.0,0.0,0.0,0.0,0.0,0.0,0.0,0.0,0.0,0.0,0.0,0.0,0.0,0.0,0.0,0.0,0.0,0.0,0.0,0.0,0.0,0.0,0.0,0.0,-0.6931471805599453,0.0,0.0,0.0,0.0,0.0,0.0,0.0,0.0,0.0,0.0,0.0,0.0,0.0,0.0,0.0,0.0,0.0,0.0,0.0,0.0,0.0,0.0,0.0,0.0,0.0,0.0,0.0,0.0,0.0,0.0,0.0,0.0,0.0,0.6931471805599453,0.0,0.0,0.0,0.0,0.0,0.0,0.6931471805599453,0.0,0.0,0.0,0.0,0.0,0.0,0.0,0.0,0.0,0.0,0.0,0.0,0.0,0.0,0.0,0.0,0.0,0.0,0.0,0.0,0.0,0.0,0.0,0.0,0.0,0.0,0.0,0.0,0.0,0.0,0.0,0.0,0.0,0.0,0.0,0.6931471805599453,0.0,0.0,0.0,0.0,0.0,-0.25388017696233955,0.0,0.6931471805599453,0.0,0.0,0.0,0.5552773863368246,0.0,0.0,0.0,0.0,0.0,0.0,0.0,0.0
7.301029995663981,1.1925144413116917,CCCCCCCCCCCCCCCC(=O)N[C@@H](CCC(=O)NCCOCCOCC(=O)NCCOCCOCC(=O)NCCCC[C@H](NC(C)=O)C(=O)NCCOCCOCC(=O)N[C@@H]1CSCc2cccc(c2)CSC[C@@H](C(N)=O)NC(=O)[C@]2(C)CCCN2C(=O)[C@H](Cc2ccc(O)cc2)NC(=O)[C@H]([C@@H](C)O)NC(=O)N2C[C@@H](F)C[C@H]2C(=O)[C@H](Cc2c[nH]c3ccc(F)cc23)NC(=O)[C@H](Cc2c[nH]c3ccc(F)cc23)NC(=O)[C@@H](C)NC(=O)[C@H](C)NC1=O)C(=O)O,0.0,0.0,0.0,0.0,0.0,0.6931471805599453,0.0,0.0,0.0,0.0,0.0,0.0,0.0,0.0,0.0,0.0,0.0,0.0,0.0,0.0,0.0,0.0,0.0,0.0,0.0,0.0,0.0,0.0,0.0,0.0,0.0,0.0,0.0,0.0,0.0,0.0,0.0,0.0,0.0,0.3758744249050815,0.37534873392630286,0.0,0.0,0.4531966352095854,0.0,0.0,0.0,0.0,0.0,0.0,-0.019672765598704855,0.0,0.0,0.0,0.0,0.0,0.0,0.0,0.0,0.0,0.0,0.0,0.0,0.0,0.0,0.0,0.6931471805599453,0.6931471805599453,0.0,0.0,0.0,0.0,0.0,0.0,0.0,0.0,0.0,0.0,0.0,0.0,0.0,0.0,0.0,0.0,0.0,0.0,0.0,0.0,0.0,0.0,0.0,0.0,0.0,0.0,0.0,0.0,0.0,0.0,0.0,0.0,0.0,0.0,0.0,0.0,0.0,0.0,0.0,0.0,0.0,0.0,0.0,0.0,0.0,0.0,0.0,0.0,0.0,0.0,0.0,0.0,0.0,0.0,0.0,0.0,0.0,0.0,0.0,0.0,0.0,0.6931471805599453,0.0,0.0,0.0,0.0,0.0,0.0,0.0,0.0,0.0,0.0,0.0,0.0,0.0,0.0,0.0,0.0,0.0,0.0,0.0,0.0,0.0,0.0,0.0,0.0,0.0,0.0,0.0,0.0,0.0,0.0,0.0,0.0,0.0,0.0,0.0,0.0,0.0,0.0,0.0,0.0,0.0,0.15001331356129724,0.0,0.0,0.0,0.0,0.0,-0.10080469912196559,0.0,0.0,0.0,0.0,0.0,0.0,0.0,0.0
7.301029995663981,1.1925144413116917,CCCCCCCCCCCCCCCC(=O)N[C@@H](CCC(=O)NCCOCCOCC(=O)NCCOCCOCC(=O)NCCCC[C@H](NC(C)=O)C(=O)NCCOCCOCCOCCOCCOCCOCCOCCOCCOCCOCCOCCOCCC(=O)N[C@@H]1CSCc2cccc(c2)CSC[C@@H](C(N)=O)NC(=O)[C@]2(C)CCCN2C(=O)[C@H](Cc2ccc(O)cc2)NC(=O)[C@H]([C@@H](C)O)NC(=O)N2C[C@@H](F)C[C@H]2C(=O)[C@H](Cc2c[nH]c3ccc(F)cc23)NC(=O)[C@H](Cc2c[nH]c3ccc(F)cc23)NC(=O)[C@@H](C)NC(=O)[C@H](C)NC1=O)C(=O)O,0.0,0.0,0.0,0.0,0.0,0.6931471805599453,0.0,0.0,0.0,0.0,0.0,0.0,0.0,0.0,0.0,0.0,0.0,0.0,0.0,0.0,0.0,0.0,0.0,0.0,0.0,0.0,0.0,0.0,0.0,0.0,0.0,0.0,0.0,0.0,0.0,0.0,0.0,0.0,0.0,0.3758744249050815,0.37534873392630286,0.0,0.0,0.4531966352095854,0.0,0.0,0.0,0.0,0.0,0.0,0.10668414258833474,0.0,0.0,0.0,0.0,0.0,0.0,0.0,0.0,0.0,0.0,0.0,0.0,0.0,0.0,0.0,0.6931471805599453,0.6931471805599453,0.0,0.0,0.0,0.0,0.0,0.0,0.0,0.0,0.0,0.0,0.0,0.0,0.0,0.0,0.0,0.0,0.0,0.0,0.0,0.0,0.0,0.0,0.0,0.0,0.0,0.0,0.0,0.0,0.0,0.0,0.0,0.0,0.0,0.0,0.0,0.0,0.0,0.0,0.0,0.0,0.0,0.0,0.0,0.0,0.0,0.0,0.0,0.0,0.0,0.0,0.0,0.0,0.0,0.0,0.0,0.0,0.0,0.0,0.0,0.0,0.0,0.6931471805599453,0.0,0.0,0.0,0.0,0.0,0.0,0.0,0.0,0.0,0.0,0.0,0.0,0.0,0.0,0.0,0.0,0.0,0.0,0.0,0.0,0.0,0.0,0.0,0.0,0.0,0.0,0.0,0.0,0.0,0.0,0.0,0.0,0.0,0.0,0.0,0.0,0.0,0.0,0.0,0.0,0.0,-0.11970796406596708,0.0,0.0,0.0,0.0,0.0,0.15415067982725827,0.0,0.0,0.0,0.0,0.0,0.0,0.0,0.0
4.449771646944906,1.1925144413116917,COc1ccc(C[C@@H]2NC(=O)[C@H]([C@@H](C)O)NC(=O)[C@@H]3C[C@H](F)CN3C(=O)[C@H](Cc3c[nH]c4ccc(F)cc34)NC(=O)[C@H](Cc3c[nH]c4ccc(F)cc34)NC(=O)[C@@H](C)NC(=O)[C@H](CCCCN)NC(=O)[C@@H](NC(C)=O)CCC/C=C\Cc3ccc(cc3)C[C@@H](C(N)=O)NC(=O)[C@]3(C)CCCN3C2=O)cc1,0.0,0.0,0.0,0.0,0.0,0.0,0.0,0.0,0.0,0.0,0.0,0.0,0.0,0.0,0.0,0.0,0.0,0.0,0.0,0.0,0.0,0.0,0.0,0.0,0.0,0.0,0.0,0.0,0.0,-0.6931471805599453,0.0,0.0,0.0,0.0,0.0,0.0,0.0,0.0,0.0,0.0,0.0,0.0,0.0,0.10130827721874541,0.0,0.0,0.0,0.0,0.0,0.0,0.006600684031352068,0.0,0.0,0.0,0.0,0.0,0.0,0.0,0.0,0.0,0.0,0.0,0.0,0.0,0.0,0.0,0.0,0.0,0.0,0.0,0.0,0.0,0.0,0.0,0.0,0.0,0.0,0.0,0.0,0.0,0.0,0.0,0.0,0.0,0.0,0.0,0.0,0.0,-0.6931471805599453,0.0,0.0,0.0,0.0,0.0,0.0,0.0,0.0,0.0,0.0,0.0,0.0,0.0,0.0,0.0,0.0,0.0,0.0,0.0,0.0,0.0,0.0,0.0,0.0,0.0,0.0,0.0,0.0,0.0,0.0,0.0,0.0,0.0,0.0,0.0,0.0,0.0,0.0,0.0,0.0,0.6931471805599453,0.0,0.0,0.0,0.0,0.0,0.0,0.0,0.0,0.0,0.0,0.0,0.0,0.0,0.0,0.0,0.0,0.0,0.0,0.0,0.0,0.0,0.0,0.0,0.0,0.0,0.0,0.0,0.0,0.0,0.0,0.0,0.0,0.0,0.0,0.0,0.0,0.0,0.0,0.0,0.0,0.0,0.0340942113429774,0.0,0.0,0.0,0.0,0.0,-0.04445176257083384,0.0,0.0,0.0,0.0,0.0,0.0,0.0,0.0
6.259637310505756,1.1925144413116917,COc1ccc(C[C@@H]2NC(=O)[C@H]([C@@H](C)O)NC(=O)[C@@H]3C[C@H](F)CN3C(=O)[C@H](Cc3c[nH]c4ccc(F)cc34)NC(=O)[C@H](Cc3c[nH]c4ccc(F)cc34)NC(=O)[C@@H](C)NC(=O)[C@H](CCCCN)NC(=O)[C@@H](NC(C)=O)CC/C=C/Cc3ccc(cc3)C[C@@H](C(N)=O)NC(=O)[C@]3(C)CCCN3C2=O)cc1,0.0,0.0,0.0,0.0,0.0,0.0,0.0,0.0,0.0,0.0,0.0,0.0,0.0,0.0,0.0,0.0,0.0,0.0,0.0,0.0,0.0,0.0,0.0,0.0,0.0,0.0,0.0,0.0,0.0,0.0,0.0,0.0,0.0,0.0,0.0,0.0,0.0,0.0,0.0,0.2543463885567357,0.25396960936753976,0.0,0.0,0.3386293396892764,0.0,0.0,0.0,0.0,0.0,0.0,0.003305788134499509,0.0,0.0,0.0,0.0,0.0,0.0,0.0,0.0,0.0,0.0,0.0,0.0,0.0,0.0,0.0,0.0,0.0,0.0,0.0,0.0,0.0,0.0,0.0,0.0,0.0,0.0,0.0,0.0,0.0,0.0,0.0,0.0,0.0,0.0,0.0,0.0,0.0,-0.6931471805599453,0.0,0.0,0.0,0.0,0.0,0.0,0.0,0.0,0.0,0.0,0.0,0.0,0.0,0.0,0.0,0.0,0.0,0.0,0.0,0.0,0.0,0.0,0.0,0.0,0.0,0.0,0.0,0.0,0.0,0.0,0.0,0.0,0.0,0.0,0.0,0.0,0.0,0.0,0.0,0.0,0.6931471805599453,0.0,0.0,0.0,0.0,0.0,0.0,0.0,0.0,0.0,0.0,0.0,0.0,0.0,0.0,0.0,0.0,0.0,0.0,0.0,0.0,0.0,0.0,0.0,0.0,0.0,0.0,0.0,0.0,0.0,0.0,0.0,0.0,0.0,0.0,0.0,0.0,0.0,0.0,0.0,0.0,0.0,0.0,0.0,0.0,0.0,0.0,0.0,0.04445176257083384,0.0,0.0,0.0,0.0,0.0,0.0,0.0,0.0
5.183758700008217,1.1925144413116917,C[C@@]12CCCN1C(=O)[C@H](Cc1ccc(O)cc1)NC(=O)N[C@H]1CCCc3ccc(cc31)C(=O)[C@H](Cc1c[nH]c3ccc(F)cc13)NC(=O)[C@H](Cc1c[nH]c3ccc(F)cc13)NC(=O)CNC(=O)[C@H](CCCCN)NC(=O)CCSCc1cccc(c1)CSC[C@@H](C(N)=O)NC2=O,0.0,0.0,0.0,0.0,0.0,0.0,0.0,0.0,0.0,0.0,0.0,0.0,0.0,0.0,0.0,0.0,0.0,0.0,0.0,0.0,0.0,0.0,0.0,0.0,0.0,0.0,0.0,0.0,0.0,0.0,0.0,0.6931471805599453,0.0,0.0,0.0,0.0,0.0,0.0,0.0,0.11105295721410488,0.11087663101705109,0.0,0.0,0.2038893586045199,0.0,0.0,0.0,0.0,0.0,0.0,-0.34401232889450095,0.0,0.0,0.0,0.6931471805599453,0.0,0.0,0.0,0.0,0.0,0.0,0.0,0.0,0.0,0.0,0.0,0.6931471805599453,0.0,0.0,0.0,0.0,0.0,0.0,0.0,0.0,0.0,0.0,0.0,0.0,0.0,0.0,0.0,0.0,0.0,0.0,0.0,0.0,0.0,-0.6931471805599453,0.0,0.0,0.0,0.0,0.0,0.0,0.0,0.0,0.0,0.0,0.0,0.0,0.0,0.0,0.0,0.0,0.0,0.0,0.0,0.0,0.0,0.0,0.0,0.0,0.0,0.0,0.0,0.0,0.0,0.0,0.0,0.0,0.0,0.6931471805599453,0.0,0.0,0.0,0.0,0.0,0.0,0.6931471805599453,0.0,0.0,0.0,0.0,0.0,0.0,0.0,0.0,0.0,0.0,0.0,0.0,0.0,0.0,0.0,0.0,0.0,0.0,0.0,0.0,0.0,0.0,0.0,0.0,0.0,0.0,0.0,0.0,0.0,0.0,0.0,0.0,0.0,0.0,0.0,0.6931471805599453,0.0,0.0,0.0,0.0,0.0,0.0,0.0,0.6931471805599453,0.0,0.0,0.0,-0.2291858657701724,0.0,0.0,0.0,0.0,0.0,0.0,0.0,0.0
7.301029995663981,1.1925144413116917,C[C@@]12CCCN1C(=O)[C@H](Cc1ccc(O)cc1)NC(=O)N[C@@H]1CCCc3ccc(cc31)C(=O)[C@H](Cc1c[nH]c3ccc(F)cc13)NC(=O)[C@H](Cc1c[nH]c3ccc(F)cc13)NC(=O)CNC(=O)[C@H](CCCCN)NC(=O)CCSCc1cccc(c1)CSC[C@@H](C(N)=O)NC2=O,0.0,0.0,0.0,0.0,0.0,0.0,0.0,0.0,0.0,0.0,0.0,0.0,0.0,0.0,0.0,0.0,0.0,0.0,0.0,0.0,0.0,0.0,0.0,0.0,0.0,0.0,0.0,0.0,0.0,0.0,0.0,0.6931471805599453,0.0,0.0,0.0,0.0,0.0,0.0,0.0,0.3758744249050815,0.37534873392630286,0.0,0.0,0.4531966352095854,0.0,0.0,0.0,0.0,0.0,0.0,-0.34401232889450095,0.0,0.0,0.0,0.6931471805599453,0.0,0.0,0.0,0.0,0.0,0.0,0.0,0.0,0.0,0.0,0.0,0.6931471805599453,0.0,0.0,0.0,0.0,0.0,0.0,0.0,0.0,0.0,0.0,0.0,0.0,0.0,0.0,0.0,0.0,0.0,0.0,0.0,0.0,0.0,-0.6931471805599453,0.0,0.0,0.0,0.0,0.0,0.0,0.0,0.0,0.0,0.0,0.0,0.0,0.0,0.0,0.0,0.0,0.0,0.0,0.0,0.0,0.0,0.0,0.0,0.0,0.0,0.0,0.0,0.0,0.0,0.0,0.0,0.0,0.0,0.6931471805599453,0.0,0.0,0.0,0.0,0.0,0.0,0.6931471805599453,0.0,0.0,0.0,0.0,0.0,0.0,0.0,0.0,0.0,0.0,0.0,0.0,0.0,0.0,0.0,0.0,0.0,0.0,0.0,0.0,0.0,0.0,0.0,0.0,0.0,0.0,0.0,0.0,0.0,0.0,0.0,0.0,0.0,0.0,0.0,0.6931471805599453,0.0,0.0,0.0,0.0,0.0,0.0,0.0,0.6931471805599453,0.0,0.0,0.0,-0.2291858657701724,0.0,0.0,0.0,0.0,0.0,0.0,0.0,0.0
6.259637310505756,1.1925144413116917,COc1ccc(C[C@@H]2NC(=O)[C@H]([C@@H](C)O)NC(=O)[C@@H]3C[C@H](F)CN3C(=O)[C@H](Cc3c[nH]c4ccc(F)cc34)NC(=O)[C@H](Cc3c[nH]c4ccc(F)cc34)NC(=O)[C@@H](C)NC(=O)[C@H](CCCCN)NC(=O)[C@@H](NC(C)=O)CCCCCc3ccc(cc3)C[C@@H](C(N)=O)NC(=O)[C@]3(C)CCCN3C2=O)cc1,0.0,0.0,0.0,0.0,0.0,0.0,0.0,0.0,0.0,0.0,0.0,0.0,0.0,0.0,0.0,0.0,0.0,0.0,0.0,0.0,0.0,0.0,0.0,0.0,0.0,0.0,0.0,0.0,0.0,-0.6931471805599453,0.0,0.0,0.0,0.0,0.0,0.0,0.0,0.0,0.0,0.2543463885567357,0.25396960936753976,0.0,0.0,0.3386293396892764,0.0,0.0,0.0,0.0,0.0,0.0,0.003305788134499509,0.0,0.0,0.0,0.0,0.0,0.0,0.0,0.0,0.0,0.0,0.0,0.0,0.0,0.0,0.0,0.0,0.0,0.0,0.0,0.0,0.0,0.0,0.0,0.0,0.0,0.0,0.0,0.0,0.0,0.0,0.0,0.0,0.0,0.0,0.0,0.0,0.0,-0.6931471805599453,0.0,0.0,0.0,0.0,0.0,0.0,0.0,0.0,0.0,0.0,0.0,0.0,0.0,0.0,0.0,0.0,0.0,0.0,0.0,0.0,0.0,0.0,0.0,0.0,0.0,0.0,0.0,0.0,0.0,0.0,0.0,0.0,0.0,0.0,0.0,0.0,0.0,0.0,0.0,0.0,0.6931471805599453,0.0,0.0,0.0,0.0,0.0,0.0,0.0,0.0,0.0,0.0,0.0,0.0,0.0,0.0,0.0,0.0,0.0,0.0,0.0,0.0,0.0,0.0,0.0,0.0,0.0,0.0,0.0,0.0,0.0,0.0,0.0,0.0,0.0,0.0,0.0,0.0,0.0,0.0,0.0,0.0,0.0,0.0,0.0,0.0,0.0,0.0,0.0,-0.31015492830383956,0.0,0.0,0.0,0.0,0.0,0.0,0.0,0.0
5.183758700008217,1.1925144413116917,COc1ccc(C[C@@H]2NC(=O)[C@H](Cc3cnc[nH]3)NC(=O)[C@H](CC(=O)O)NC(=O)[C@H](Cc3c[nH]c4ccc(F)cc34)NC(=O)[C@H](Cc3c[nH]c4ccc(F)cc34)NC(=O)[C@@H](C)NC(=O)CCCCC(=O)NCCOc3ccc(cc3)C[C@@H](C(N)=O)NC(=O)[C@]3(C)CCCN3C2=O)cc1,0.7148462081390736,0.0,0.0,0.0,0.0,0.0,0.0,0.0,0.0,0.0,0.0,0.0,0.0,0.0,0.0,0.0,0.0,0.0,0.0,0.0,0.0,0.0,0.0,0.0,0.0,0.0,0.0,0.0,0.0,-0.6931471805599453,0.0,0.0,0.0,0.0,0.0,-0.6931471805599453,0.0,0.0,0.0,0.11105295721410488,0.11087663101705109,0.0,0.0,0.2038893586045199,0.0,0.0,0.0,0.0,0.0,0.0,0.10668414258833474,0.0,0.0,0.0,0.0,0.0,0.0,0.0,0.0,0.0,0.0,0.0,0.0,0.0,0.0,0.0,0.0,0.0,0.0,0.0,0.0,0.0,0.0,0.0,0.0,0.0,0.0,0.0,0.0,0.0,0.0,0.0,-0.6931471805599453,0.0,0.0,0.0,0.0,0.0,0.0,0.0,0.0,0.0,0.0,0.0,0.0,0.0,0.0,0.0,0.0,0.0,0.0,0.0,0.0,0.0,0.0,0.0,0.0,0.0,0.0,0.0,0.0,0.0,0.0,0.0,0.0,0.0,0.0,0.0,0.0,0.0,0.0,0.0,0.0,0.0,0.0,0.0,0.0,0.0,0.0,0.6931471805599453,0.0,0.0,0.0,0.0,0.0,0.0,0.0,0.0,0.0,0.0,0.0,0.0,0.0,0.0,0.0,0.0,0.0,0.0,0.0,0.0,0.0,0.0,0.0,0.0,0.0,0.0,0.0,0.0,0.0,0.0,0.0,0.0,0.0,0.0,0.0,0.0,0.0,0.0,0.0,0.0,0.0,-0.48506307483596806,0.0,0.0,0.0,0.0,0.0,0.5552773863368246,0.0,0.0,0.0,0.0,0.0,0.0,0.0,0.0
5.183758700008217,1.1925144413116917,COc1ccc(C[C@@H]2NC(=O)[C@H](Cc3cnc[nH]3)NC(=O)[C@H](CC(=O)O)NC(=O)[C@H](Cc3c[nH]c4ccc(F)cc34)NC(=O)[C@H](Cc3c[nH]c4ccc(F)cc34)NC(=O)[C@@H](C)NC(=O)[C@H](CCCCN)NC(=O)[C@@H](NC(C)=O)CC(=O)NCc3ccc(cc3)CCNC(=O)[C@]3(C)CCCN3C2=O)cc1,0.0,0.0,0.0,0.0,0.0,0.0,0.0,0.0,0.0,0.0,0.0,0.0,0.0,0.0,0.0,0.0,0.0,0.0,0.0,0.0,0.0,0.0,0.0,0.0,0.0,0.0,0.0,0.0,0.0,0.0,0.0,0.0,0.0,0.0,0.0,-0.6931471805599453,0.0,0.0,0.0,0.11105295721410488,0.11087663101705109,0.0,0.0,0.2038893586045199,0.0,0.0,0.0,0.0,0.0,0.0,0.0916913580021934,0.0,0.0,0.0,0.6931471805599453,0.0,0.0,0.0,0.0,0.0,0.0,0.0,0.0,0.0,0.0,0.0,0.0,0.0,0.0,0.0,0.0,0.0,0.0,0.0,0.0,0.0,0.0,0.0,0.0,0.0,0.0,0.0,0.0,0.0,0.0,0.0,0.0,0.0,0.0,0.0,0.0,0.0,0.0,0.0,0.0,0.0,0.0,0.0,0.0,0.0,0.0,0.0,0.0,0.0,0.0,0.0,0.0,0.0,0.0,0.0,0.0,0.0,0.0,0.0,0.0,0.0,0.0,0.0,0.0,0.0,0.0,0.0,0.0,0.0,0.0,0.0,0.0,0.0,0.0,0.0,0.0,0.0,0.0,0.0,0.0,0.0,0.0,0.0,0.0,0.0,0.0,0.0,0.0,0.0,0.0,0.0,0.0,0.0,0.0,0.0,0.0,0.0,0.0,0.0,0.0,0.0,0.0,0.0,0.0,0.0,0.0,0.0,0.0,0.0,0.0,0.6931471805599453,0.0,0.0,0.0,0.0,0.0,-0.20800057121164678,0.0,0.0,0.0,0.0,0.0,0.6466271649250523,0.0,0.0,0.0,0.0,0.0,0.0,0.0,0.0
5.183758700008217,1.1925144413116917,COc1ccc(C[C@@H]2NC(=O)[C@H](Cc3cnc[nH]3)NC(=O)[C@H](CC(=O)O)NC(=O)[C@H](Cc3c[nH]c4ccc(F)cc34)NC(=O)[C@H](Cc3c[nH]c4ccc(F)cc34)NC(=O)[C@@H](C)NC(=O)CCCCC(=O)NCc3ccc(cc3)CC(=O)NC[C@@H](C(N)=O)NC(=O)[C@]3(C)CCCN3C2=O)cc1,0.0,0.0,0.0,0.0,0.0,0.0,0.0,0.0,0.0,0.0,0.0,0.0,0.0,0.0,0.0,0.0,0.0,0.0,0.0,0.0,0.0,0.0,0.0,0.0,0.0,0.0,0.0,0.0,0.0,0.0,0.0,0.0,0.0,0.0,0.0,-0.6931471805599453,0.0,0.0,0.0,0.11105295721410488,0.11087663101705109,0.0,0.0,0.2038893586045199,0.0,0.0,0.0,0.0,0.0,0.0,0.07031649841745985,0.0,0.0,0.0,0.6931471805599453,0.0,0.0,0.0,0.0,0.0,0.0,0.0,0.0,0.0,0.0,0.0,0.0,0.0,0.0,0.0,0.0,0.0,0.0,0.0,0.0,0.0,0.0,0.0,0.0,0.0,0.0,0.0,0.0,0.0,0.0,0.0,0.0,0.0,0.0,0.0,0.0,0.0,0.0,0.0,0.0,0.0,0.0,0.0,0.0,0.0,0.0,0.0,0.0,0.0,0.0,0.0,0.0,0.0,0.0,0.0,0.0,0.0,0.0,0.0,0.0,0.0,0.0,0.0,0.0,0.0,0.0,0.0,0.0,0.0,0.0,0.0,0.0,0.0,0.0,0.6931471805599453,0.0,0.0,0.0,0.0,0.0,0.0,0.0,0.0,0.0,0.0,0.0,0.0,0.0,0.0,0.0,0.0,0.0,0.0,0.0,0.0,0.0,0.0,0.0,0.0,0.0,0.0,0.0,0.0,0.0,0.0,0.0,0.0,0.0,0.0,0.0,0.6931471805599453,0.0,0.0,0.0,0.0,0.0,-0.5268810145192896,0.0,0.0,0.0,0.0,0.0,0.6623755218931907,0.0,0.0,0.0,0.0,0.0,0.0,0.0,0.0
4.449771646944906,1.1925144413116917,COc1ccc(C[C@@H]2NC(=O)[C@H](Cc3cnc[nH]3)NC(=O)[C@H](CC(=O)O)NC(=O)[C@H](Cc3c[nH]c4ccc(F)cc34)NC(=O)[C@H](Cc3c[nH]c4ccc(F)cc34)NC(=O)[C@@H](C)NC(=O)Cc3cccc(c3)NC(=O)C[C@@H](C(=O)O)NC(=O)[C@]3(C)CCCN3C2=O)cc1,0.0,0.0,0.0,0.0,0.0,0.6931471805599453,0.0,0.6931471805599453,0.0,0.0,0.0,0.0,0.0,0.0,0.0,0.0,0.0,0.0,0.0,0.0,0.0,0.0,0.0,0.0,0.0,0.0,0.0,0.0,0.0,0.0,0.0,0.0,0.0,0.0,0.0,0.0,0.0,0.0,0.0,0.0,0.0,0.0,0.0,0.10130827721874541,0.0,0.0,0.0,0.0,0.0,0.0,-0.02936589480436454,0.0,0.0,0.0,0.6931471805599453,0.0,0.0,0.0,0.0,0.0,0.0,0.0,0.0,0.0,0.0,0.0,0.0,0.0,0.0,0.0,0.0,0.0,0.0,0.0,0.0,0.0,0.0,0.0,0.0,0.0,0.0,0.0,0.0,0.0,0.0,0.0,0.0,0.0,0.0,0.0,0.0,0.0,0.0,0.0,0.0,0.0,0.0,0.0,0.0,0.0,0.0,0.0,0.0,0.0,0.0,0.0,0.0,0.0,0.0,0.0,0.0,0.0,0.0,0.0,0.0,0.0,0.0,0.0,0.0,0.0,0.0,0.0,0.6931471805599453,0.0,0.0,0.0,0.0,0.0,0.0,0.0,0.0,0.0,0.0,0.0,0.0,0.0,0.0,0.0,0.0,0.0,0.0,0.0,0.0,0.0,0.0,0.0,0.0,0.0,0.0,0.0,0.0,0.0,0.0,0.0,0.0,0.0,0.0,0.0,0.0,0.0,0.0,0.0,0.0,0.0,0.0,0.0,0.0,0.0,0.0,0.0,0.0,-0.08845542056186372,0.0,0.0,0.0,0.0,0.0,0.7661723155748345,0.0,0.0,0.0,0.0,0.0,0.0,0.0,0.0
6.259637310505756,1.1925144413116917,C[C@@]12CCCN1C(=O)[C@H](Cc1ccc(O)cc1)NC(=O)[C@H](Cc1cnc[nH]1)NC(=O)[C@H](CC(=O)O)NC(=O)[C@H](Cc1c[nH]c3ccc(F)cc13)NC(=O)[C@H](Cc1c[nH]c3ccc(O)cc13)NC(=O)CNC(=O)[C@H](CCCCN)NC(=O)CCSCc1cccc(c1)CSC[C@@H](C(N)=O)NC2=O,0.7148462081390736,0.0,0.0,0.0,0.0,0.0,0.0,0.0,0.0,0.0,0.0,0.0,0.0,0.0,0.0,0.0,0.0,0.0,0.0,0.0,0.0,0.0,0.0,0.0,0.0,0.0,0.0,0.0,0.0,0.0,0.0,0.0,0.0,0.0,0.0,0.0,0.0,0.0,0.0,0.2543463885567357,0.25396960936753976,0.0,0.0,0.3386293396892764,0.0,0.0,0.0,0.0,0.0,0.0,-0.3486961782069273,0.0,0.0,0.0,0.0,0.0,0.0,0.0,0.0,0.0,0.0,0.0,0.0,0.0,0.0,0.0,0.0,0.0,0.0,0.0,0.0,0.0,0.0,0.0,0.0,0.0,0.0,0.0,0.0,0.0,0.0,0.0,-0.6931471805599453,0.0,0.0,0.0,0.0,0.0,0.0,0.0,0.0,0.0,0.0,0.0,0.0,0.0,0.0,0.0,0.0,0.0,0.0,0.0,0.0,0.0,0.0,0.0,0.0,0.0,0.0,0.0,0.0,0.0,0.0,0.0,0.0,0.0,0.0,0.0,0.0,0.0,0.0,0.0,0.0,0.0,0.0,0.0,0.0,0.0,0.0,0.6931471805599453,0.0,0.0,0.0,0.0,0.0,0.0,0.0,0.0,0.0,0.0,0.0,0.0,0.0,0.0,0.0,0.0,0.0,0.0,0.0,0.0,0.0,0.0,0.0,0.0,0.0,0.0,0.0,0.0,0.0,0.0,0.0,0.0,0.0,0.0,0.0,0.0,0.0,0.0,0.0,0.0,0.0,0.47072591168956074,0.0,0.0,0.0,0.0,0.0,0.0,0.0,0.0,0.0,0.0,0.0,0.0,0.0,0.0
7.301029995663981,1.1925144413116917,C[C@@]12CCCN1C(=O)[C@H](Cc1ccc(O)cc1)NC(=O)[C@H](Cc1cnc[nH]1)NC(=O)[C@H](CC(=O)O)NC(=O)[C@H](Cc1c[nH]c3ccc(O)cc13)NC(=O)[C@H](Cc1c[nH]c3ccc(O)cc13)NC(=O)CNC(=O)[C@H](CCCCN)NC(=O)CCSCc1cccc(c1)CSC[C@@H](C(N)=O)NC2=O,1.1274409802387377,0.0,0.0,0.0,0.0,0.0,0.0,0.0,0.0,0.0,0.0,0.0,0.0,0.0,0.0,0.0,0.0,0.0,0.0,0.0,0.0,0.0,0.0,0.0,0.0,0.0,0.0,0.0,0.0,0.0,0.0,0.0,0.0,0.0,0.0,0.0,0.0,0.0,0.0,0.3758744249050815,0.37534873392630286,0.0,0.0,0.4531966352095854,0.0,0.0,0.0,0.0,0.0,0.0,-0.3250544151498868,0.0,0.0,0.0,0.0,0.0,0.0,0.0,0.0,0.0,0.0,0.0,0.0,0.0,0.0,0.0,0.0,0.0,0.0,0.0,0.0,0.0,0.0,0.0,0.0,0.0,0.0,0.0,0.0,0.0,0.0,0.0,-0.6931471805599453,0.0,0.0,0.0,0.0,0.0,0.0,0.0,0.0,0.0,0.0,0.0,0.0,0.0,0.0,0.0,0.0,0.0,0.0,0.0,0.0,0.0,0.0,0.0,0.0,0.0,0.0,0.0,0.0,0.0,0.0,0.0,0.0,0.0,0.0,0.0,0.0,0.0,0.0,0.0,0.0,0.0,0.0,0.0,0.0,0.0,0.0,0.6931471805599453,0.0,0.0,0.0,0.0,0.0,0.0,0.0,0.0,0.0,0.0,0.0,0.0,0.0,0.0,0.0,0.0,0.0,0.0,0.0,0.0,0.0,0.0,0.0,0.0,0.0,0.0,0.0,0.0,0.0,0.0,0.0,0.0,0.0,0.0,0.0,0.0,0.0,0.0,0.0,0.0,0.0,0.730030793990501,0.0,0.0,0.0,0.0,0.0,-0.05884050002293345,0.0,0.0,0.0,0.0,0.0,0.0,0.0,0.0
7.301029995663981,1.1925144413116917,COc1ccc(C[C@@H]2NC(=O)[C@H](Cc3cnc[nH]3)NC(=O)[C@H](CC(=O)O)NC(=O)[C@H](Cc3c[nH]c4ccc(F)cc34)NC(=O)[C@H](Cc3c[nH]c4ccc(F)cc34)NC(=O)[C@@H](C)NC(=O)CCc3cn(nn3)-c3ccc(cc3)C[C@@H](C(N)=O)NC(=O)[C@]3(C)CCCN3C2=O)cc1,0.7093123221826213,0.0,0.0,0.0,0.0,0.0,0.0,0.6931471805599453,0.0,0.0,0.0,0.0,0.0,0.0,0.0,0.0,0.0,0.0,0.0,0.7506846340696651,0.0,0.0,0.0,0.0,0.0,0.0,0.0,0.0,0.0,-0.6931471805599453,0.0,0.0,0.0,0.0,0.0,-0.6931471805599453,0.0,0.0,0.0,0.3758744249050815,0.37534873392630286,0.0,0.0,0.4531966352095854,0.0,0.0,0.0,0.0,0.0,0.0,0.02614528010432233,0.0,0.0,0.0,0.0,0.0,0.0,0.0,0.6931471805599453,0.0,0.0,0.0,0.0,0.0,0.0,0.0,0.0,0.6931471805599453,0.0,0.0,0.0,0.0,0.0,0.0,0.0,0.0,0.0,0.0,0.0,0.0,0.0,0.0,0.0,0.0,0.0,0.0,0.0,0.0,0.0,0.0,0.0,0.0,0.0,0.0,0.0,0.0,0.0,0.0,0.0,0.0,0.0,0.0,0.0,0.0,0.0,0.0,0.0,0.0,0.0,0.0,0.0,0.0,0.0,0.0,0.0,0.0,0.6931471805599453,0.0,0.0,0.6931471805599453,0.0,0.0,0.0,0.0,0.0,0.0,0.0,0.0,0.0,0.6931471805599453,0.0,0.0,0.0,0.0,0.0,0.0,0.0,0.0,0.0,0.0,0.0,0.0,0.0,0.0,0.0,0.0,0.0,0.0,0.0,0.0,0.0,0.0,0.0,0.0,0.0,0.0,0.0,0.0,0.0,0.0,0.0,0.0,0.0,0.0,0.0,0.0,0.0,0.0,0.0,0.0,0.0,-0.16971838464062974,0.0,0.0,0.0,0.0,0.0,0.5552773863368246,0.0,0.0,0.0,0.0,0.0,0.0,0.0,0.0
7.301029995663981,1.1925144413116917,COc1ccc(C[C@@H]2NC(=O)[C@H](Cc3cnc[nH]3)NC(=O)[C@H](CC(=O)O)NC(=O)[C@H](Cc3c[nH]c4ccc(F)cc34)NC(=O)[C@H](Cc3c[nH]c4ccc(F)cc34)NC(=O)[C@@H](C)NC(=O)CCCC(=O)NCc3ccc(cc3)C[C@@H](C(N)=O)NC(=O)[C@]3(C)CCCN3C2=O)cc1,0.0,0.0,0.0,0.0,0.0,0.0,0.0,0.0,0.0,0.0,0.0,0.0,0.0,0.0,0.0,0.0,0.0,0.0,0.0,0.0,0.0,0.0,0.0,0.0,0.0,0.0,0.0,0.0,0.0,-0.6931471805599453,0.0,0.0,0.0,0.0,0.0,-0.6931471805599453,0.0,0.0,0.0,0.3758744249050815,0.37534873392630286,0.0,0.0,0.4531966352095854,0.0,0.0,0.0,0.0,0.0,0.0,0.0,0.0,0.0,0.0,0.6931471805599453,0.0,0.0,0.0,0.0,0.0,0.0,0.0,0.0,0.0,0.0,0.0,0.0,0.0,0.0,0.0,0.0,0.0,0.0,0.0,0.0,0.0,0.0,0.0,0.0,0.0,0.0,0.0,0.0,0.0,0.0,0.0,0.0,0.0,0.0,0.0,0.0,0.0,0.0,0.0,0.0,0.0,0.0,0.0,0.0,0.0,0.0,0.0,0.0,0.0,0.0,0.0,0.0,0.0,0.0,0.0,0.0,0.0,0.0,0.0,0.0,0.0,0.0,0.0,0.0,0.0,0.0,0.0,0.0,0.0,0.0,0.0,0.0,0.0,0.0,0.6931471805599453,0.0,0.0,0.0,0.0,0.0,0.0,0.0,0.0,0.0,0.0,0.0,0.0,0.0,0.0,0.0,0.0,0.0,0.0,0.0,0.0,0.0,0.0,0.0,0.0,0.0,0.0,0.0,0.0,0.0,0.0,0.0,0.0,0.0,0.0,0.0,0.6931471805599453,0.0,0.0,0.0,0.0,0.0,-0.2977468590679224,0.0,0.0,0.0,0.0,0.0,0.6061358035703155,0.0,0.0,0.0,0.0,0.0,0.0,0.0,0.0
4.449771646944906,1.1925144413116917,CC(=O)N[C@@H]1CCCC/C=C/CO[C@H]2C[C@@H](C(N)=O)N(C2)C(=O)[C@H](Cc2ccc(O)cc2)NC(=O)[C@H](Cc2cnc[nH]2)NC(=O)[C@H](CC(=O)O)NC(=O)[C@H](Cc2c[nH]c3ccc(F)cc23)NC(=O)[C@H](Cc2c[nH]c3ccc(F)cc23)NC(=O)CCNC1=O,0.0,0.0,0.0,0.0,0.0,0.0,0.0,0.0,0.0,0.0,0.0,0.0,0.0,0.0,0.0,0.0,0.0,0.0,0.0,0.0,0.0,0.0,0.0,0.0,0.0,0.0,0.0,0.0,0.0,0.0,0.0,0.0,0.0,0.0,0.0,-0.6931471805599453,0.0,0.0,0.0,0.0,0.0,0.0,0.0,0.10130827721874541,0.0,0.0,0.0,0.0,0.0,0.0,0.006600684031352068,0.0,0.0,0.0,0.0,0.0,0.0,0.0,0.0,0.0,0.0,0.0,0.0,0.0,0.0,0.0,0.0,0.0,0.0,0.0,0.0,0.0,0.0,0.0,0.0,0.0,0.0,0.0,0.0,0.0,0.0,0.0,-0.6931471805599453,0.0,0.0,0.0,0.0,0.0,0.0,0.0,0.0,0.0,0.0,0.0,0.0,0.0,0.0,0.0,0.0,0.0,0.0,0.0,0.0,0.0,0.0,0.0,0.0,0.0,0.0,0.0,0.0,0.0,0.0,0.0,0.0,0.0,0.0,0.0,0.0,0.0,0.0,0.0,0.0,0.0,0.0,0.0,0.0,0.0,0.0,0.6931471805599453,0.0,0.0,0.0,0.0,0.0,0.0,0.0,0.0,0.0,0.0,0.0,0.0,0.0,0.0,0.0,0.0,0.0,0.0,0.0,0.0,0.0,0.0,0.0,0.0,0.0,0.0,0.0,0.0,0.0,0.0,0.0,0.0,0.0,0.0,0.0,0.0,0.0,0.0,0.0,0.0,0.0,-0.6727085128826723,0.0,0.0,0.0,0.0,0.0,0.6061358035703155,0.0,0.0,0.0,0.0,0.0,0.0,0.0,0.0
6.259637310505756,1.1925144413116917,COc1ccc(C[C@@H]2NC(=O)[C@H](Cc3cnc[nH]3)NC(=O)[C@H](CC(=O)O)NC(=O)[C@H](Cc3c[nH]c4ccc(F)cc34)NC(=O)[C@H](Cc3c[nH]c4ccc(F)cc34)NC(=O)[C@@H](C)NC(=O)CCCCC(=O)NCc3ccc(cc3)C[C@@H](C(N)=O)NC(=O)[C@]3(C)CCCN3C2=O)cc1,0.0,0.0,0.0,0.0,0.0,0.0,0.0,0.0,0.0,0.0,0.0,0.0,0.0,0.0,0.0,0.0,0.0,0.0,0.0,0.0,0.0,0.0,0.0,0.0,0.0,0.0,0.0,0.0,0.0,-0.6931471805599453,0.0,0.0,0.0,0.0,0.0,-0.6931471805599453,0.0,0.0,0.0,0.2543463885567357,0.25396960936753976,0.0,0.0,0.3386293396892764,0.0,0.0,0.0,0.0,0.0,0.0,0.10668414258833474,0.0,0.0,0.0,0.6931471805599453,0.0,0.0,0.0,0.0,0.0,0.0,0.0,0.0,0.0,0.0,0.0,0.0,0.0,0.0,0.0,0.0,0.0,0.0,0.0,0.0,0.0,0.0,0.0,0.0,0.0,0.0,0.0,0.0,0.0,0.0,0.0,0.0,0.0,0.0,0.0,0.0,0.0,0.0,0.0,0.0,0.0,0.0,0.0,0.0,0.0,0.0,0.0,0.0,0.0,0.0,0.0,0.0,0.0,0.0,0.0,0.0,0.0,0.0,0.0,0.0,0.0,0.0,0.0,0.0,0.0,0.0,0.0,0.0,0.0,0.0,0.0,0.0,0.0,0.0,0.6931471805599453,0.0,0.0,0.0,0.0,0.0,0.0,0.0,0.0,0.0,0.0,0.0,0.0,0.0,0.0,0.0,0.0,0.0,0.0,0.0,0.0,0.0,0.0,0.0,0.0,0.0,0.0,0.0,0.0,0.0,0.0,0.0,0.0,0.0,0.0,0.0,0.6931471805599453,0.0,0.0,0.0,0.0,0.0,-0.5268810145192896,0.0,0.0,0.0,0.0,0.0,0.5377330766859151,0.0,0.0,0.0,0.0,0.0,0.0,0.0,0.0
6.259637310505756,1.1925144413116917,CC(=O)N[C@@H]1CCC/C=C/CO[C@H]2C[C@@H](C(N)=O)N(C2)C(=O)[C@H](Cc2ccc(O)cc2)NC(=O)[C@H](Cc2cnc[nH]2)NC(=O)[C@H](CC(=O)O)NC(=O)[C@H](Cc2c[nH]c3ccc(F)cc23)NC(=O)[C@H](Cc2c[nH]c3ccc(F)cc23)NC(=O)CNC1=O,0.0,0.0,0.0,0.0,0.0,0.0,0.0,0.0,0.0,0.0,0.0,0.0,0.0,0.0,0.0,0.0,0.0,0.0,0.0,0.0,0.0,0.0,0.0,0.0,0.0,0.0,0.0,0.0,0.0,-0.6931471805599453,0.0,0.0,0.0,0.0,0.0,-0.6931471805599453,0.0,0.0,0.0,0.2543463885567357,0.25396960936753976,0.0,0.0,0.3386293396892764,0.0,0.0,0.0,0.0,0.0,0.0,-0.02936589480436454,0.0,0.0,0.0,0.0,0.0,0.0,0.0,0.0,0.0,0.0,0.0,0.0,0.0,0.0,0.0,0.0,0.0,0.0,0.0,0.0,0.0,0.0,0.0,0.0,0.0,0.0,0.0,0.0,0.0,0.0,0.0,-0.6931471805599453,0.0,0.0,0.0,0.0,0.0,0.0,0.0,0.0,0.0,0.0,0.0,0.0,0.0,0.0,0.0,0.0,0.0,0.0,0.0,0.0,0.0,0.0,0.0,0.0,0.0,0.0,0.0,0.0,0.0,0.0,0.0,0.0,0.0,0.0,0.0,0.0,0.0,0.0,0.0,0.0,0.0,0.0,0.0,0.0,0.0,0.0,0.6931471805599453,0.0,0.0,0.0,0.0,0.0,0.0,0.0,0.0,0.0,0.0,0.0,0.0,0.0,0.0,0.0,0.0,0.0,0.0,0.0,0.0,0.0,0.0,0.0,0.0,0.0,0.0,0.0,0.0,0.0,0.0,0.0,0.0,0.0,0.0,0.0,0.0,0.0,0.0,0.0,0.0,0.0,-0.35609674213019826,0.0,0.0,0.0,0.0,0.0,0.751987680582878,0.0,0.0,0.0,0.0,0.0,0.0,0.0,0.0
6.259637310505756,1.1925144413116917,COc1ccc(C[C@@H]2NC(=O)[C@H](Cc3cnc[nH]3)NC(=O)[C@H](CC(=O)O)NC(=O)[C@H](Cc3c[nH]c4ccc(F)cc34)NC(=O)[C@H](Cc3c[nH]c4ccc(F)cc34)NC(=O)[C@@H](C)NC(=O)[C@H](CCCCN)NC(=O)[C@@H](NC(C)=O)CCC(=O)NCc3ccc(cc3)CCNC(=O)[C@]3(C)CCCN3C2=O)cc1,0.0,0.0,0.0,0.0,0.0,0.0,0.0,0.0,0.0,0.0,0.0,0.0,0.0,0.0,0.0,0.0,0.0,0.0,0.0,0.0,0.0,0.0,0.0,0.0,0.0,0.0,0.0,0.0,0.0,-0.6931471805599453,0.0,0.0,0.0,0.0,0.0,-0.6931471805599453,0.0,0.0,0.0,0.2543463885567357,0.25396960936753976,0.0,0.0,0.3386293396892764,0.0,0.0,0.0,0.0,0.0,0.0,0.045315196212042545,0.0,0.0,0.0,0.6931471805599453,0.0,0.0,0.0,0.0,0.0,0.0,0.0,0.0,0.0,0.0,0.0,0.0,0.0,0.0,0.0,0.0,0.0,0.0,0.0,0.0,0.0,0.0,0.0,0.0,0.0,0.0,0.0,0.0,0.0,0.0,0.0,0.0,0.0,0.0,0.0,0.0,0.0,0.0,0.0,0.0,0.0,0.0,0.0,0.0,0.0,0.0,0.0,0.0,0.0,0.0,0.0,0.0,0.0,0.0,0.0,0.0,0.0,0.0,0.0,0.0,0.0,0.0,0.0,0.0,0.0,0.0,0.0,0.0,0.0,0.0,0.0,0.0,0.0,0.0,0.0,0.0,0.0,0.0,0.0,0.0,0.0,0.0,0.0,0.0,0.0,0.0,0.0,0.0,0.0,0.0,0.0,0.0,0.0,0.0,0.0,0.0,0.0,0.0,0.0,0.0,0.0,0.0,0.0,0.0,0.0,0.0,0.0,0.0,0.0,0.0,0.6931471805599453,0.0,0.0,0.0,0.0,0.0,-0.2977468590679224,0.0,0.0,0.0,0.0,0.0,0.5894687510851038,0.0,0.0,0.0,0.0,0.0,0.0,0.0,0.0
7.301029995663981,1.1925144413116917,CC(=O)N[C@@H]1CCCC/C=C\CO[C@H]2C[C@@H](C(N)=O)N(C2)C(=O)[C@H](Cc2ccc(O)cc2)NC(=O)[C@H](Cc2cnc[nH]2)NC(=O)[C@H](CC(=O)O)NC(=O)[C@H](Cc2c[nH]c3ccc(F)cc23)NC(=O)[C@H](Cc2c[nH]c3ccc(F)cc23)NC(=O)CNC1=O,0.0,0.0,0.0,0.0,0.0,0.0,0.0,0.0,0.0,0.0,0.0,0.0,0.0,0.0,0.0,0.0,0.0,0.0,0.0,0.0,0.0,0.0,0.0,0.0,0.0,0.0,0.0,0.0,0.0,-0.6931471805599453,0.0,0.0,0.0,0.0,0.0,-0.6931471805599453,0.0,0.0,0.0,0.3758744249050815,0.37534873392630286,0.0,0.0,0.4531966352095854,0.0,0.0,0.0,0.0,0.0,0.0,-0.02291425952287586,0.0,0.0,0.0,0.0,0.0,0.0,0.0,0.0,0.0,0.0,0.0,0.0,0.0,0.0,0.0,0.0,0.0,0.0,0.0,0.0,0.0,0.0,0.0,0.0,0.0,0.0,0.0,0.0,0.0,0.0,0.0,-0.6931471805599453,0.0,0.0,0.0,0.0,0.0,0.0,0.0,0.0,0.0,0.0,0.0,0.0,0.0,0.0,0.0,0.0,0.0,0.0,0.0,0.0,0.0,0.0,0.0,0.0,0.0,0.0,0.0,0.0,0.0,0.0,0.0,0.0,0.0,0.0,0.0,0.0,0.0,0.0,0.0,0.0,0.0,0.0,0.0,0.0,0.0,0.0,0.6931471805599453,0.0,0.0,0.0,0.0,0.0,0.0,0.0,0.0,0.0,0.0,0.0,0.0,0.0,0.0,0.0,0.0,0.0,0.0,0.0,0.0,0.0,0.0,0.0,0.0,0.0,0.0,0.0,0.0,0.0,0.0,0.0,0.0,0.0,0.0,0.0,0.0,0.0,0.0,0.0,0.0,0.0,-0.33976984884276956,0.0,0.0,0.0,0.0,0.0,0.6778797084291561,0.0,0.0,0.0,0.0,0.0,0.0,0.0,0.0
7.301029995663981,1.1925144413116917,COc1ccc(C[C@@H]2NC(=O)[C@H](Cc3cnc[nH]3)NC(=O)[C@H](CC(=O)O)NC(=O)[C@H](Cc3c[nH]c4ccc(F)cc34)NC(=O)[C@H](Cc3c[nH]c4ccc(F)cc34)NC(=O)[C@@H](C)NC(=O)[C@H](CNC(=O)COCCN)NC(=O)CCSCc3cc(F)cc(c3)CSCCNC(=O)[C@]3(C)CCCN3C2=O)cc1,0.0,0.0,0.0,0.0,0.0,0.0,0.0,0.0,0.0,0.0,0.0,0.0,0.0,0.0,0.0,0.0,0.0,0.0,0.0,0.0,0.0,0.0,0.0,0.0,0.0,0.0,0.0,0.0,0.0,0.0,0.0,0.0,0.0,0.0,0.0,0.0,0.0,0.0,0.0,0.3758744249050815,0.37534873392630286,0.0,0.0,0.4531966352095854,0.0,0.0,0.0,0.0,0.0,0.0,-0.33220581630751195,0.0,0.0,0.0,0.0,0.0,0.0,0.0,0.0,0.0,0.0,0.0,0.0,0.0,0.0,0.0,0.0,0.6931471805599453,0.0,0.0,0.0,0.0,0.0,0.0,0.0,0.0,0.0,0.0,0.0,0.0,0.0,0.0,-0.6931471805599453,0.0,0.0,0.0,0.0,0.0,0.0,0.0,0.0,0.0,0.0,0.0,0.0,0.0,0.0,0.0,0.0,0.0,0.0,0.0,0.0,0.0,0.0,0.0,0.0,0.0,0.0,0.0,0.0,0.0,0.0,0.0,0.0,0.0,0.0,0.0,0.0,0.0,0.0,0.0,0.0,0.0,0.0,0.0,0.0,0.0,0.0,0.0,0.0,0.0,0.0,0.0,0.0,0.0,0.0,0.0,0.0,0.0,0.0,0.0,0.0,0.0,0.0,0.0,0.0,0.0,0.0,0.0,0.0,0.0,0.0,0.0,0.0,0.0,0.0,0.0,0.0,0.0,0.0,0.0,0.0,0.0,0.0,0.0,0.0,0.0,0.0,0.0,0.0,-0.7017803277046498,0.0,0.0,0.0,0.0,0.0,0.6306268235786112,0.0,0.0,0.0,0.0,0.0,0.0,0.0,0.0
7.301029995663981,1.1925144413116917,COc1ccc(C[C@@H]2NC(=O)[C@H](Cc3cnc[nH]3)NC(=O)[C@H](CC(=O)O)NC(=O)[C@H](Cc3c[nH]c4ccc(F)cc34)NC(=O)[C@H](Cc3c[nH]c4ccc(F)cc34)NC(=O)[C@@H](C)NC(=O)[C@H](CNC(=O)COCCN)NC(=O)CCSCc3cccc(c3)CSCCNC(=O)[C@]3(C)CCCN3C2=O)cc1,0.0,0.0,0.0,0.0,0.0,0.0,0.0,0.0,0.0,0.0,0.0,0.0,0.0,0.0,0.0,0.0,0.0,0.0,0.0,0.0,0.0,0.0,0.0,0.0,0.0,0.0,0.0,0.0,0.0,0.0,0.0,0.0,0.0,0.0,0.0,0.0,0.0,0.0,0.0,0.3758744249050815,0.37534873392630286,0.0,0.0,0.4531966352095854,0.0,0.0,0.0,0.0,0.0,0.0,-0.3369451616714085,0.0,0.0,0.0,0.0,0.0,0.0,0.0,0.0,0.0,0.0,0.0,0.0,0.0,0.0,0.0,0.0,0.6931471805599453,0.0,0.0,0.0,0.0,0.0,0.0,0.0,0.0,0.0,0.0,0.0,0.0,0.0,0.0,-0.6931471805599453,0.0,0.0,0.0,0.0,0.0,0.0,0.0,0.0,0.0,0.0,0.0,0.0,0.0,0.0,0.0,0.0,0.0,0.0,0.0,0.0,0.0,0.0,0.0,0.0,0.0,0.0,0.0,0.0,0.0,0.0,0.0,0.0,0.0,0.0,0.0,0.0,0.0,0.0,0.0,0.0,0.0,0.0,0.0,0.0,0.0,0.0,0.0,0.0,0.0,0.0,0.0,0.0,0.0,0.0,0.0,0.0,0.0,0.0,0.0,0.0,0.0,0.0,0.0,0.0,0.0,0.0,0.0,0.0,0.0,0.0,0.0,0.0,0.0,0.0,0.0,0.0,0.0,0.0,0.0,0.0,0.0,0.0,0.0,0.0,0.0,0.0,0.0,0.0,-0.5061906212618427,0.0,0.0,0.0,0.0,0.0,0.5725191927713306,0.0,0.0,0.0,0.0,0.0,0.0,0.0,0.0
7.301029995663981,1.1925144413116917,COc1ccc(C[C@@H]2NC(=O)[C@H](Cc3cnc[nH]3)NC(=O)[C@H](CC(=O)O)NC(=O)[C@H](Cc3c[nH]c4ccc(F)cc34)NC(=O)[C@H](Cc3c[nH]c4ccc(F)cc34)NC(=O)[C@@H](C)NC(=O)[C@H](CCCCC(=O)O)NC(=O)CCSCc3cccc(c3)CSCCNC(=O)[C@]3(C)CCCN3C2=O)cc1,0.0,0.0,0.0,0.0,0.0,0.0,0.0,0.0,0.0,0.0,0.0,0.0,0.0,0.0,0.0,0.0,0.0,0.0,0.0,0.0,0.0,0.0,0.0,0.0,0.0,0.0,0.0,0.0,0.0,0.0,0.0,0.0,0.0,0.0,0.0,0.0,0.0,0.0,0.0,0.3758744249050815,0.37534873392630286,0.0,0.0,0.4531966352095854,0.0,0.0,0.0,0.0,0.0,0.0,-0.33930643785708825,0.0,0.0,0.0,0.0,0.0,0.0,0.0,0.0,0.0,0.0,0.0,0.0,0.0,0.0,0.0,0.6931471805599453,0.0,0.0,0.0,0.0,0.0,0.0,0.0,0.0,0.0,0.0,0.0,0.0,0.0,0.0,0.0,-0.6931471805599453,0.0,0.0,0.0,0.0,0.0,0.0,0.0,0.0,0.0,0.0,0.0,0.0,0.0,0.0,0.0,0.0,0.0,0.0,0.0,0.0,0.0,0.0,0.0,0.0,0.0,0.0,0.0,0.0,0.0,0.0,0.0,0.0,0.0,0.0,0.0,0.0,0.0,0.0,0.0,0.0,0.0,0.0,0.0,0.0,0.0,0.0,0.0,0.0,0.0,0.0,0.0,0.0,0.0,0.0,0.0,0.0,0.0,0.0,0.0,0.0,0.0,0.0,0.0,0.0,0.0,0.0,0.0,0.0,0.0,0.0,0.0,0.0,0.0,0.0,0.0,0.0,0.0,0.0,0.0,0.0,0.0,0.0,0.0,0.0,0.0,0.0,0.0,0.0,-0.3957844903974419,0.0,0.0,0.0,0.0,0.0,0.2047944126460132,0.0,0.0,0.0,0.0,0.0,0.0,0.0,0.0
5.183758700008217,1.1925144413116917,COc1ccc(C[C@@H]2NC(=O)[C@H](Cc3cnc[nH]3)NC(=O)[C@H](CC(=O)O)NC(=O)[C@H](Cc3c[nH]c4ccc(F)cc34)NC(=O)[C@H](Cc3c[nH]c4ccc(F)cc34)NC(=O)[C@@H](C)NC(=O)[C@H](CCCCCC(=O)O)NC(=O)CCSCc3cccc(c3)CSCCNC(=O)[C@]3(C)CCCN3C2=O)cc1,0.0,0.0,0.0,0.0,0.0,0.0,0.0,0.0,0.0,0.0,0.0,0.0,0.0,0.0,0.0,0.0,0.0,0.0,0.0,0.0,0.0,0.0,0.0,0.0,0.0,0.0,0.0,0.0,0.0,0.0,0.0,0.0,0.0,0.0,0.0,0.0,0.0,0.0,0.0,0.11105295721410488,0.11087663101705109,0.0,0.0,0.2038893586045199,0.0,0.0,0.0,0.0,0.0,0.0,-0.3345782966611423,0.0,0.0,0.0,0.0,0.0,0.0,0.0,0.0,0.0,0.0,0.0,0.0,0.0,0.0,0.0,0.6931471805599453,0.0,0.0,0.0,0.0,0.0,0.0,0.0,0.0,0.0,0.0,0.0,0.0,0.0,0.0,0.0,-0.6931471805599453,0.0,0.0,0.0,0.0,0.0,0.0,0.0,0.0,0.0,0.0,0.0,0.0,0.0,0.0,0.0,0.0,0.0,0.0,0.0,0.0,0.0,0.0,0.0,0.0,0.0,0.0,0.0,0.0,0.0,0.0,0.0,0.0,0.0,0.0,0.0,0.0,0.0,0.0,0.0,0.0,0.0,0.0,0.0,0.0,0.0,0.0,0.0,0.0,0.0,0.0,0.0,0.0,0.0,0.0,0.0,0.0,0.0,0.0,0.0,0.0,0.0,0.0,0.0,0.0,0.0,0.0,0.0,0.0,0.0,0.0,0.0,0.0,0.0,0.0,0.0,0.0,0.0,0.0,0.0,0.0,0.0,0.0,0.0,0.0,0.0,0.0,0.0,0.0,-0.3721613446340051,0.0,0.0,0.0,0.0,0.0,0.1278333715098849,0.0,0.0,0.0,0.0,0.0,0.0,0.0,0.0
4.449771646944906,1.1925144413116917,COc1ccc(C[C@@H]2NC(=O)[C@H](Cc3cnc[nH]3)NC(=O)[C@H](CC(=O)O)NC(=O)[C@H](Cc3c[nH]c4ccc(F)cc34)NC(=O)[C@H](Cc3c[nH]c4ccc(F)cc34)NC(=O)[C@@H](C)NC(=O)[C@H](CCCC(=O)O)NC(=O)CCSCc3cccc(c3)CSCCNC(=O)[C@]3(C)CCCN3C2=O)cc1,0.0,0.0,0.0,0.0,0.0,0.0,0.0,0.0,0.0,0.0,0.0,0.0,0.0,0.0,0.0,0.0,0.0,0.0,0.0,0.0,0.0,0.0,0.0,0.0,0.0,0.0,0.0,0.0,0.0,0.0,0.0,0.0,0.0,0.0,0.0,0.0,0.0,0.0,0.0,0.0,0.0,0.0,0.0,0.10130827721874541,0.0,0.0,0.0,0.0,0.0,0.0,-0.3510299015531475,0.0,0.0,0.0,0.0,0.0,0.0,0.0,0.0,0.0,0.0,0.0,0.0,0.0,0.0,0.0,0.6931471805599453,0.0,0.0,0.0,0.0,0.0,0.0,0.0,0.0,0.0,0.0,0.0,0.0,0.0,0.0,0.0,-0.6931471805599453,0.0,0.0,0.0,0.0,0.0,0.0,0.0,0.0,0.0,0.0,0.0,0.0,0.0,0.0,0.0,0.0,0.0,0.0,0.0,0.0,0.0,0.0,0.0,0.0,0.0,0.0,0.0,0.0,0.0,0.0,0.0,0.0,0.0,0.0,0.0,0.0,0.0,0.0,0.0,0.0,0.0,0.0,0.0,0.0,0.0,0.0,0.0,0.0,0.0,0.0,0.0,0.0,0.0,0.0,0.0,0.0,0.0,0.0,0.0,0.0,0.0,0.0,0.0,0.0,0.0,0.0,0.0,0.0,0.0,0.0,0.0,0.0,0.0,0.0,0.0,0.0,0.0,0.0,0.0,0.0,0.0,0.0,0.0,0.0,0.0,0.0,0.0,0.0,-0.5336837618420414,0.0,0.0,0.0,0.0,0.0,0.2876820724517809,0.0,0.0,0.0,0.0,0.0,0.0,0.0,0.0
4.449771646944906,1.1925144413116917,C[C@@]12CCCN1C(=O)[C@H](Cc1ccc(O)cc1)NC(=O)[C@H](Cc1cnc[nH]1)NC(=O)[C@H](CC(=O)O)NC(=O)[C@H](Cc1c[nH]c3ccc(F)cc13)NC(=O)[C@H](Cc1c[nH]c3ccc(F)cc13)NC(=O)c1ccc(o1)CNC(=O)CCSCc1cccc(c1)CSC[C@@H](C(N)=O)NC2=O,0.0,0.0,0.0,0.0,0.0,0.0,0.0,0.0,0.0,0.0,0.0,0.0,0.0,0.0,0.0,0.0,0.0,0.0,0.0,0.0,0.0,0.0,0.0,0.0,0.0,0.0,0.0,0.0,0.0,0.0,0.0,0.0,0.0,0.0,0.0,0.0,0.0,0.0,0.0,0.0,0.0,0.0,0.0,0.10130827721874541,0.0,0.0,0.0,0.0,0.0,0.0,-0.5903587772883747,0.0,0.0,0.0,0.6931471805599453,0.6931471805599453,0.0,0.0,0.0,0.0,0.0,0.0,0.0,0.0,0.0,0.0,0.0,0.0,0.0,0.0,0.0,0.0,0.0,0.0,0.0,0.0,0.0,0.0,0.0,0.0,0.0,0.0,0.0,0.0,0.0,0.0,0.0,0.0,0.0,0.0,0.0,0.0,0.0,0.0,0.0,0.0,0.0,0.0,0.0,0.0,0.0,0.0,0.0,0.0,0.0,0.0,0.0,0.0,0.0,0.0,0.0,0.0,0.0,0.0,0.0,0.0,0.0,0.0,0.0,0.0,0.0,0.0,0.0,0.0,0.0,0.0,0.0,0.0,0.0,0.6931471805599453,0.0,0.0,0.0,0.0,0.0,0.0,0.0,0.0,0.0,0.0,0.0,0.0,0.0,0.0,0.0,0.0,0.0,0.0,0.0,0.0,0.0,0.0,0.0,0.0,0.0,0.0,0.0,0.0,0.0,0.0,0.0,0.0,0.0,0.0,0.0,0.0,0.0,0.0,0.0,0.0,0.0,0.08845542056186372,0.0,0.6931471805599453,0.0,0.0,0.0,0.3850562364769573,0.0,0.0,0.0,0.0,0.0,0.0,0.0,0.0
6.259637310505756,1.1925144413116917,C[C@H]1NC(=O)[C@H](CCCCN)NC(=O)CCSCc2cccc(c2)CSC[C@@H](C(N)=O)NC(=O)[C@]2(C)CCCN2C(=O)[C@H](Cc2ccc(O)cc2)NC(=O)c2ccc(o2)CNC(=O)[C@H](Cc2c[nH]c3ccc(F)cc23)NC(=O)[C@H](Cc2c[nH]c3ccc(F)cc23)NC1=O,0.0,0.0,0.0,0.0,0.0,0.0,0.0,0.0,0.0,0.0,0.0,0.0,0.0,0.0,0.0,0.0,0.0,0.0,0.0,0.0,0.0,0.0,0.0,0.0,0.0,0.0,0.0,0.0,0.0,0.0,0.0,0.0,0.0,0.0,0.0,0.0,0.0,0.0,0.0,0.2543463885567357,0.25396960936753976,0.0,0.0,0.3386293396892764,0.0,0.0,0.0,0.0,0.0,0.0,-0.3486961782069273,0.0,0.0,0.0,0.6931471805599453,0.6931471805599453,0.0,0.0,0.0,0.0,0.0,0.0,0.0,0.0,0.0,0.0,0.0,0.0,0.0,0.0,0.0,0.0,0.0,0.0,0.0,0.0,0.0,0.0,0.0,0.0,0.0,0.0,0.0,0.0,0.0,0.0,0.0,0.0,-0.6931471805599453,0.0,0.0,0.0,0.0,0.0,0.0,0.0,0.0,0.0,0.0,0.0,0.0,0.0,0.0,0.0,0.0,0.0,0.0,0.0,0.0,0.0,0.0,0.0,0.0,0.0,0.0,0.0,0.0,0.0,0.0,0.0,0.0,0.0,0.0,0.0,0.0,0.0,0.0,0.0,0.0,0.6931471805599453,0.0,0.0,0.0,0.0,0.0,0.0,0.0,0.0,0.0,0.0,0.0,0.0,0.0,0.0,0.0,0.0,0.0,0.0,0.0,0.0,0.0,0.0,0.0,0.0,0.0,0.0,0.0,0.0,0.0,0.0,0.0,0.0,0.0,0.0,0.0,0.0,0.0,0.0,0.0,0.0,0.0,0.3062939196463799,0.0,0.6931471805599453,0.0,0.0,0.0,0.029852963149681156,0.0,0.0,0.0,0.0,0.0,0.0,0.0,0.0
5.183758700008217,1.1925144413116917,C[C@@H](c1c[nH]c2ccccc12)[C@@H]1NC(=O)CNC(=O)[C@H](CCCCN)NC(=O)CCSCc2cccc(c2)CSC[C@@H](C(N)=O)NC(=O)[C@]2(C)CCCN2C(=O)[C@H](Cc2ccc(O)cc2)NC(=O)[C@H](Cc2cnc[nH]2)NC(=O)[C@H](CC(=O)O)NC(=O)[C@H](Cc2c[nH]c3ccc(F)cc23)NC1=O,0.0,0.0,0.0,0.0,0.0,0.0,0.0,0.0,0.0,0.0,0.0,0.0,0.0,0.0,0.0,0.0,0.0,0.0,0.0,0.0,0.0,0.0,0.0,0.0,0.0,0.0,0.0,0.0,0.0,0.0,0.0,0.0,0.0,0.0,0.0,0.0,0.0,0.0,0.0,0.11105295721410488,0.11087663101705109,0.0,0.0,0.2038893586045199,0.0,0.0,0.0,0.0,0.0,0.0,-0.3695061777207207,0.0,0.0,0.0,0.0,0.0,0.0,0.0,0.0,0.0,0.0,0.0,0.0,0.0,0.0,0.0,0.0,0.6931471805599453,0.0,0.0,0.0,0.0,0.0,0.0,0.0,0.0,0.0,0.0,0.0,0.0,0.0,-0.6931471805599453,-0.6931471805599453,0.0,0.0,0.0,0.0,0.0,0.0,0.0,0.0,0.0,0.0,0.0,0.0,0.0,0.0,0.0,0.0,0.0,0.0,0.0,0.0,0.0,0.0,0.0,0.0,0.6931471805599453,0.0,0.0,0.0,0.0,0.0,0.0,0.0,0.0,0.0,0.0,0.0,0.0,0.0,0.0,0.0,0.0,0.0,0.0,0.0,0.0,0.0,0.6931471805599453,0.0,0.0,0.0,0.0,0.0,0.0,0.0,0.0,0.0,0.0,0.0,0.0,0.0,0.0,0.0,0.0,0.0,0.0,0.0,0.0,0.0,0.0,0.0,0.0,0.0,0.0,0.0,0.0,0.0,0.0,0.0,0.0,0.0,0.0,0.0,0.0,0.0,0.0,0.0,0.0,0.0,0.7017803277046498,0.0,0.0,0.0,0.0,0.0,-0.08701137698962977,0.0,0.0,0.0,0.0,0.0,0.0,0.0,0.0
7.301029995663981,1.1925144413116917,CC(=O)N[C@H]1CCCC/C=C/CO[C@H]2C[C@@H](C(N)=O)N(C2)C(=O)[C@H](Cc2ccc(O)cc2)NC(=O)[C@H](Cc2cnc[nH]2)NC(=O)[C@H](CC(=O)O)NC(=O)[C@H](Cc2c[nH]c3ccc(F)cc23)NC(=O)[C@H](Cc2c[nH]c3ccc(F)cc23)NC(=O)CNC(=O)[C@H](CCCCN)NC1=O,0.0,0.0,0.0,0.0,0.0,0.0,0.0,0.0,0.0,0.0,0.0,0.0,0.0,0.0,0.0,0.0,0.0,0.0,0.0,0.0,0.0,0.0,0.0,0.0,0.0,0.0,0.0,0.0,0.0,-0.6931471805599453,0.0,0.0,0.0,0.0,0.0,-0.6931471805599453,0.0,0.0,0.0,0.3758744249050815,0.37534873392630286,0.0,0.0,0.4531966352095854,0.0,0.0,0.0,0.0,0.0,0.0,0.02936589480436454,0.0,0.0,0.0,0.0,0.0,0.0,0.0,0.0,0.0,0.0,0.0,0.0,0.0,0.0,0.0,0.0,0.0,0.0,0.0,0.0,0.0,0.0,0.0,0.0,0.0,0.0,0.0,0.0,0.0,0.0,0.0,-0.6931471805599453,0.0,0.0,0.0,0.0,0.0,0.0,0.0,0.0,0.0,0.0,0.0,0.0,0.0,0.0,0.0,0.0,0.0,0.0,0.0,0.0,0.0,0.0,0.0,0.0,0.0,0.0,0.0,0.0,0.0,0.0,0.0,0.0,0.0,0.0,0.0,0.0,0.0,0.0,0.0,0.0,0.0,0.0,0.0,0.0,0.0,0.0,0.6931471805599453,0.0,0.0,0.0,0.0,0.0,0.0,0.0,0.0,0.0,0.0,0.0,0.0,0.0,0.0,0.0,0.0,0.0,0.0,0.0,0.0,0.0,0.0,0.0,0.0,0.0,0.0,0.0,0.0,0.0,0.0,0.0,0.0,0.0,0.0,0.0,0.0,0.0,0.0,0.0,0.0,0.0,-0.24487110701997458,0.0,0.0,0.0,0.0,0.0,0.45473615711494714,0.0,0.0,0.0,0.0,0.0,0.0,0.0,0.0
5.183758700008217,1.1925144413116917,COc1ccc(C[C@@H]2NC(=O)[C@H](Cc3cnc[nH]3)NC(=O)[C@H](CC(=O)O)NC(=O)[C@H](Cc3c[nH]c4ccc(F)cc34)NC(=O)[C@H](Cc3c[nH]c4ccc(F)cc34)NC(=O)[C@@H](C)NC(=O)CCCNC(=O)c3ccc(cc3)C[C@@H](C(N)=O)NC(=O)[C@]3(C)CCCN3C2=O)cc1,0.0,0.0,0.0,0.0,0.0,0.0,0.0,0.0,0.0,0.0,0.0,0.0,0.0,0.0,0.0,0.0,0.0,0.0,0.0,0.0,0.0,0.0,0.0,0.0,0.0,0.0,0.0,0.0,0.0,-0.6931471805599453,0.0,0.6931471805599453,0.0,0.0,0.0,-0.6931471805599453,0.0,0.0,0.0,0.11105295721410488,0.11087663101705109,0.0,0.0,0.2038893586045199,0.0,0.0,0.0,0.0,0.0,0.0,0.067225305847787,0.0,0.0,0.0,0.6931471805599453,0.0,0.0,0.0,0.0,0.0,0.0,0.0,0.0,0.0,0.0,0.0,0.0,0.0,0.0,0.0,0.0,0.0,0.0,0.0,0.0,0.0,0.0,0.0,0.0,0.0,0.0,0.0,-0.6931471805599453,0.0,0.0,0.0,0.0,0.0,0.0,0.0,0.0,0.0,0.0,0.0,0.0,0.0,0.0,0.0,0.0,0.0,0.0,0.0,0.0,0.0,0.0,0.0,0.0,0.0,0.0,0.0,0.0,0.0,0.0,0.0,0.0,0.0,0.0,0.0,0.0,0.0,0.0,0.0,0.6931471805599453,0.0,0.0,0.0,0.0,0.0,0.0,0.6931471805599453,0.0,0.0,0.0,0.0,0.0,0.0,0.0,0.0,0.0,0.0,0.0,0.0,0.0,0.0,0.0,0.0,0.0,0.0,0.0,0.0,0.0,0.0,0.0,0.0,0.0,0.0,0.0,0.0,0.0,0.0,0.0,0.0,0.0,0.0,0.0,0.6931471805599453,0.0,0.0,0.0,0.0,0.0,-0.4112288128249155,0.0,0.6931471805599453,0.0,0.0,0.0,0.6701576623352457,0.0,0.0,0.0,0.0,0.0,0.0,0.0,0.0
4.449771646944906,1.1925144413116917,CC1NC(=O)CCSCc2cccc(c2)CSC[C@@H](C(N)=O)NC(=O)[C@]2(C)CCCN2C(=O)[C@H](Cc2ccc(O)cc2)NC(=O)[C@H](Cc2cnc[nH]2)NC(=O)[C@H](CC(=O)O)NC(=O)[C@H](Cc2c[nH]c3ccc(F)cc23)NC(=O)[C@H](Cc2c[nH]c3ccc(F)cc23)NC(=O)c2cnc1s2,0.0,0.0,0.0,0.0,0.0,0.6931471805599453,0.0,0.0,0.0,0.0,0.0,0.0,0.0,0.0,0.0,0.0,0.0,0.0,0.0,0.0,0.0,0.0,0.0,0.0,0.0,0.0,0.0,0.0,0.0,0.0,0.0,0.0,0.0,0.0,0.0,0.0,0.0,0.0,0.0,0.0,0.0,0.0,0.0,0.10130827721874541,0.0,0.0,0.0,0.0,0.0,0.0,-0.2297442353455618,0.0,0.0,0.0,0.6931471805599453,0.0,0.0,0.0,0.0,0.0,0.0,0.0,0.0,0.0,0.0,0.0,0.0,0.0,0.0,0.0,0.0,0.0,0.0,0.0,0.0,0.0,0.0,0.0,0.0,0.0,0.0,0.0,-0.6931471805599453,0.0,0.0,0.0,0.0,0.0,0.0,0.0,0.0,0.0,0.0,0.0,0.0,0.0,0.0,0.0,0.0,0.0,0.0,0.0,0.0,0.0,0.0,0.0,0.0,0.0,0.0,0.0,0.0,0.0,0.0,0.0,0.0,0.0,0.0,0.0,0.0,0.0,0.0,0.0,0.0,0.0,0.0,0.0,0.0,0.0,0.0,0.6931471805599453,0.0,0.0,0.0,0.0,0.0,0.0,0.0,0.0,0.0,0.0,0.0,0.0,0.0,0.0,0.0,0.0,0.0,0.0,0.0,0.0,0.0,0.0,0.0,0.0,0.0,0.0,0.0,0.0,0.0,0.0,0.0,0.0,0.0,0.0,0.0,0.0,0.0,0.0,0.0,0.0,0.0,-0.11970796406596708,0.0,0.6931471805599453,0.0,0.0,0.0,0.1410785982599055,0.0,0.0,0.0,0.0,0.0,0.0,0.0,0.0
7.301029995663981,1.1925144413116917,CC1NC(=O)CCS(=O)Cc2cccc(c2)CS(=O)C[C@@H](C(N)=O)NC(=O)[C@]2(C)CCCN2C(=O)[C@H](Cc2ccc(O)cc2)NC(=O)[C@H](Cc2cnc[nH]2)NC(=O)[C@H](CC(=O)O)NC(=O)[C@H](Cc2c[nH]c3ccc(F)cc23)NC(=O)[C@H](Cc2c[nH]c3ccc(F)cc23)NC(=O)c2cnc1s2,0.0,0.0,0.0,0.0,0.0,0.6931471805599453,0.0,0.0,0.0,0.0,0.0,0.0,0.0,0.0,0.0,0.0,0.0,0.0,0.0,0.0,0.0,0.0,0.0,0.0,0.0,0.0,0.0,0.0,0.0,0.0,0.0,0.0,0.0,0.0,0.0,0.0,0.0,0.0,0.0,0.3758744249050815,0.37534873392630286,0.0,0.0,0.4531966352095854,0.0,0.0,0.0,0.0,0.0,0.0,-0.2297442353455618,0.0,0.0,0.0,0.6931471805599453,0.0,0.0,0.0,0.0,0.0,0.0,0.0,0.0,0.0,0.0,0.0,0.0,0.0,0.0,0.0,0.0,0.0,0.0,0.0,0.0,0.0,0.0,0.0,0.0,0.0,0.0,0.0,-0.6931471805599453,0.0,0.0,0.0,0.0,0.0,0.0,0.0,0.0,0.0,0.0,0.0,0.0,0.0,0.0,0.0,0.0,0.0,0.0,0.0,0.0,0.0,0.0,0.0,0.0,0.6931471805599453,0.0,0.0,0.0,0.0,0.0,0.0,0.0,0.0,0.0,0.0,0.0,0.0,0.0,0.0,0.0,0.0,0.0,0.0,0.0,0.0,0.0,0.6931471805599453,0.0,0.0,0.0,0.0,0.0,0.0,0.0,0.0,0.0,0.0,0.0,0.0,0.0,0.0,0.0,0.0,0.0,0.0,0.0,0.0,0.0,0.0,0.0,0.0,0.0,0.0,0.0,0.0,0.0,0.0,0.0,0.0,0.0,0.0,0.0,0.0,0.0,0.0,0.0,0.0,0.0,-0.2977468590679224,0.0,0.6931471805599453,0.0,0.0,0.0,0.24116205681688804,0.0,0.0,0.0,0.0,0.0,0.0,0.0,0.0
4.449771646944906,1.1925144413116917,COc1ccc(C[C@@H]2NC(=O)[C@H](Cc3cnc[nH]3)NC(=O)[C@H](CC(=O)O)NC(=O)[C@H](Cc3c[nH]c4ccc(F)cc34)NC(=O)[C@H](Cc3c[nH]c4ccc(F)cc34)NC(=O)[C@@H](C)NC(=O)CCC(=O)NCCOc3ccc(cc3)C[C@@H](C(N)=O)NC(=O)[C@]3(C)CCCN3C2=O)cc1,0.7148462081390736,0.0,0.0,0.0,0.0,0.0,0.0,0.0,0.0,0.0,0.0,0.0,0.0,0.0,0.0,0.0,0.0,0.0,0.0,0.0,0.0,0.0,0.0,0.0,0.0,0.0,0.0,0.0,0.0,-0.6931471805599453,0.0,0.0,0.0,0.0,0.0,-0.6931471805599453,0.0,0.0,0.0,0.0,0.0,0.0,0.0,0.10130827721874541,0.0,0.0,0.0,0.0,0.0,0.0,0.09470795154161903,0.0,0.0,0.0,0.0,0.0,0.0,0.0,0.0,0.0,0.0,0.0,0.0,0.0,0.0,0.0,0.0,0.0,0.0,0.0,0.0,0.0,0.0,0.0,0.0,0.0,0.0,0.0,0.0,0.0,0.0,0.0,-0.6931471805599453,0.0,0.0,0.0,0.0,0.0,0.0,0.0,0.0,0.0,0.0,0.0,0.0,0.0,0.0,0.0,0.0,0.0,0.0,0.0,0.0,0.0,0.0,0.0,0.0,0.0,0.0,0.0,0.0,0.0,0.0,0.0,0.0,0.0,0.0,0.0,0.0,0.0,0.0,0.0,0.0,0.0,0.0,0.0,0.0,0.0,0.0,0.6931471805599453,0.0,0.0,0.0,0.0,0.0,0.0,0.0,0.0,0.0,0.0,0.0,0.0,0.0,0.0,0.0,0.0,0.0,0.0,0.0,0.0,0.0,0.0,0.0,0.0,0.0,0.0,0.0,0.0,0.0,0.0,0.0,0.0,0.0,0.0,0.0,0.0,0.0,0.0,0.0,0.0,0.0,-0.15001331356129724,0.0,0.0,0.0,0.0,0.0,0.6931471805599445,0.0,0.0,0.0,0.0,0.0,0.0,0.0,0.0
7.301029995663981,1.1925144413116917,NC(=O)[C@@H]1Cc2ccc(cc2)CNC(=O)CCCC(=O)NCC(=O)N[C@@H](Cc2c[nH]c3ccc(F)cc23)C(=O)N[C@@H](Cc2c[nH]c3ccc(F)cc23)C(=O)N[C@@H](CC(=O)O)C(=O)N[C@@H](Cc2cnc[nH]2)C(=O)N[C@@H](Cc2ccc(O)cc2)C(=O)N1,0.0,0.0,0.0,0.0,0.0,0.0,0.0,0.0,0.0,0.0,0.0,0.0,0.0,0.0,0.0,0.0,0.0,0.0,0.0,0.0,0.0,0.0,0.0,0.0,0.0,0.0,0.0,0.0,0.0,-0.6931471805599453,0.0,0.0,0.0,0.0,0.0,-0.6931471805599453,0.0,0.0,0.0,0.3758744249050815,0.37534873392630286,0.0,0.0,0.4531966352095854,0.0,0.0,0.0,0.0,0.0,0.0,0.006600684031352068,0.0,0.0,0.0,0.6931471805599453,0.0,0.0,0.0,0.0,0.0,0.0,0.0,0.0,0.0,0.0,0.0,0.0,0.0,0.0,0.0,0.0,0.0,0.0,0.0,0.0,0.0,0.0,0.0,0.0,0.0,0.0,0.0,0.0,0.0,0.0,0.0,0.0,0.0,0.0,0.0,0.0,0.0,0.0,0.0,0.0,0.0,0.0,0.0,0.0,0.0,0.0,0.0,0.0,0.0,0.0,0.0,0.0,0.0,0.0,0.0,0.0,0.0,0.0,0.0,0.0,0.0,0.0,0.0,0.0,0.0,0.0,0.0,0.0,0.0,0.0,0.0,0.0,0.0,0.0,0.6931471805599453,0.0,0.0,0.0,0.0,0.0,0.0,0.0,0.0,0.0,0.0,0.0,0.0,0.0,0.0,0.0,0.0,0.0,0.0,0.0,0.0,0.0,0.0,0.0,0.0,0.0,0.0,0.0,0.0,0.0,0.0,0.0,0.0,0.0,0.0,0.0,0.6931471805599453,0.0,0.0,0.0,0.0,0.0,-0.23578013531872155,0.0,0.0,0.0,0.0,0.0,0.9808292530117255,-0.6931471805599453,0.0,0.0,0.0,0.0,0.0,0.0,0.0
4.449771646944906,1.1925144413116917,NC(=O)[C@@H]1Cc2ccc(cc2)CNC(=O)CCCCC(=O)NCC(=O)N[C@@H](Cc2c[nH]c3ccc(F)cc23)C(=O)N[C@@H](Cc2c[nH]c3ccc(F)cc23)C(=O)N[C@@H](CC(=O)O)C(=O)N[C@@H](Cc2cnc[nH]2)C(=O)N[C@@H](Cc2ccc(O)cc2)C(=O)N1,0.0,0.0,0.0,0.0,0.0,0.0,0.0,0.0,0.0,0.0,0.0,0.0,0.0,0.0,0.0,0.0,0.0,0.0,0.0,0.0,0.0,0.0,0.0,0.0,0.0,0.0,0.0,0.0,0.0,-0.6931471805599453,0.0,0.0,0.0,0.0,0.0,-0.6931471805599453,0.0,0.0,0.0,0.0,0.0,0.0,0.0,0.10130827721874541,0.0,0.0,0.0,0.0,0.0,0.0,0.12438371968773569,0.0,0.0,0.0,0.6931471805599453,0.0,0.0,0.0,0.0,0.0,0.0,0.0,0.0,0.0,0.0,0.0,0.0,0.0,0.0,0.0,0.0,0.0,0.0,0.0,0.0,0.0,0.0,0.0,0.0,0.0,0.0,0.0,0.0,0.0,0.0,0.0,0.0,0.0,0.0,0.0,0.0,0.0,0.0,0.0,0.0,0.0,0.0,0.0,0.0,0.0,0.0,0.0,0.0,0.0,0.0,0.0,0.0,0.0,0.0,0.0,0.0,0.0,0.0,0.0,0.0,0.0,0.0,0.0,0.0,0.0,0.0,0.0,0.0,0.0,0.0,0.0,0.0,0.0,0.0,0.6931471805599453,0.0,0.0,0.0,0.0,0.0,0.0,0.0,0.0,0.0,0.0,0.0,0.0,0.0,0.0,0.0,0.0,0.0,0.0,0.0,0.0,0.0,0.0,0.0,0.0,0.0,0.0,0.0,0.0,0.0,0.0,0.0,0.0,0.0,0.0,0.0,0.6931471805599453,0.0,0.0,0.0,0.0,0.0,-0.5131350936146545,0.0,0.0,0.0,0.0,0.0,0.9162907318741543,0.0,0.0,0.0,0.0,0.0,0.0,0.0,0.0
4.449771646944906,1.1925144413116917,CCCCCCCCCCCCCCCC(=O)N[C@@H](CCC(=O)NCCOCCOCC(=O)NCCOCCOCC(=O)NCC[C@H](NC(=O)CNC(=O)CNC(=O)[C@@H]1CSCc2cccc(c2)CSCCC(=O)N[C@@H](CCCCN)C(=O)N[C@H](C)C(=O)N[C@@H](Cc2c[nH]c3ccc(F)cc23)C(=O)N[C@@H](Cc2c[nH]c3ccc(F)cc23)C(=O)N[C@@H](CC(=O)O)C(=O)N[C@@H](Cc2cnc[nH]2)C(=O)N[C@@H](Cc2ccc(O)cc2)C(=O)N2CCC[C@@]2(C)C(=O)N1)C(N)=O)C(=O)O,0.0,0.0,0.0,0.0,0.0,0.6931471805599453,0.0,0.0,0.0,0.0,0.0,0.0,0.0,0.0,0.0,0.0,0.0,0.0,0.0,0.0,0.0,0.0,0.0,0.0,0.0,0.0,0.0,0.0,0.0,0.0,0.0,0.0,0.0,0.0,0.0,0.0,0.0,0.0,0.0,0.0,0.0,0.0,0.0,0.10130827721874541,0.0,0.0,0.0,0.0,0.0,0.0,0.07031649841745985,0.0,0.0,0.0,0.0,0.0,0.0,0.0,0.0,0.0,0.0,0.0,0.0,0.0,0.0,0.0,0.6931471805599453,0.6931471805599453,0.0,0.0,0.0,0.0,0.0,0.0,0.0,0.0,0.0,0.0,0.0,0.0,0.0,0.0,0.0,0.0,0.0,0.0,0.0,0.0,0.0,0.0,0.0,0.0,0.0,0.0,0.0,0.0,0.0,0.0,0.0,0.0,0.0,0.0,0.0,0.0,0.0,0.0,0.0,0.0,0.0,0.0,0.0,0.0,0.0,0.0,0.0,0.0,0.0,0.0,0.0,0.0,0.0,0.0,0.0,0.0,0.0,0.0,0.0,0.0,0.0,0.6931471805599453,0.0,0.0,0.0,0.0,0.0,0.0,0.0,0.0,0.0,0.0,0.0,0.0,0.0,0.0,0.0,0.0,0.0,0.0,0.0,0.0,0.0,0.0,0.0,0.0,0.0,0.0,0.0,0.0,0.0,0.0,0.0,0.0,0.0,0.0,0.0,0.0,0.0,0.0,0.0,0.0,0.0,-0.06706423058054609,0.0,0.0,0.0,0.0,0.0,0.05884050002293345,0.0,0.0,0.0,0.0,0.0,0.0,0.0,0.0
6.259637310505756,1.1925144413116917,COc1ccc(C[C@@H]2NC(=O)[C@H](Cc3cnc[nH]3)NC(=O)[C@H](CC(=O)O)NC(=O)[C@H](Cc3c[nH]c4ccc(F)cc34)NC(=O)[C@H](Cc3c[nH]c4ccc(F)cc34)NC(=O)[C@@H](C)NC(=O)CCCCCC(=O)NCc3ccc(cc3)C[C@@H](C(N)=O)NC(=O)[C@]3(C)CCCN3C2=O)cc1,0.0,0.0,0.0,0.0,0.0,0.0,0.0,0.0,0.0,0.0,0.0,0.0,0.0,0.0,0.0,0.0,0.0,0.0,0.0,0.0,0.0,0.0,0.0,0.0,0.0,0.0,0.0,0.0,0.0,-0.6931471805599453,0.0,0.0,0.0,0.0,0.0,-0.6931471805599453,0.0,0.0,0.0,0.2543463885567357,0.25396960936753976,0.0,0.0,0.3386293396892764,0.0,0.0,0.0,0.0,0.0,0.0,0.1126188781081493,0.0,0.0,0.0,0.6931471805599453,0.0,0.0,0.0,0.0,0.0,0.0,0.0,0.0,0.0,0.0,0.0,0.0,0.0,0.0,0.0,0.0,0.0,0.0,0.0,0.0,0.0,0.0,0.0,0.0,0.0,0.0,0.0,0.0,0.0,0.0,0.0,0.0,0.0,0.0,0.0,0.0,0.0,0.0,0.0,0.0,0.0,0.0,0.0,0.0,0.0,0.0,0.0,0.0,0.0,0.0,0.0,0.0,0.0,0.0,0.0,0.0,0.0,0.0,0.0,0.0,0.0,0.0,0.0,0.0,0.0,0.0,0.0,0.0,0.0,0.0,0.0,0.0,0.0,0.0,0.6931471805599453,0.0,0.0,0.0,0.0,0.0,0.0,0.0,0.0,0.0,0.0,0.0,0.0,0.0,0.0,0.0,0.0,0.0,0.0,0.0,0.0,0.0,0.0,0.0,0.0,0.0,0.0,0.0,0.0,0.0,0.0,0.0,0.0,0.0,0.0,0.0,0.6931471805599453,0.0,0.0,0.0,0.0,0.0,-0.25388017696233955,0.0,0.0,0.0,0.0,0.0,0.46430560813109784,0.0,0.0,0.0,0.0,0.0,0.0,0.0,0.0
4.449771646944906,1.1925144413116917,COc1ccc(C[C@@H]2NC(=O)[C@H](Cc3ncc[nH]3)NC(=O)[C@H](CC(=O)O)NC(=O)[C@H](Cc3c[nH]c4ccc(F)cc34)NC(=O)[C@H](Cc3c[nH]c4ccc(F)cc34)NC(=O)[C@@H](C)NC(=O)[C@H](Cc3ccc(N=C(N)N)cc3)NC(=O)CCSCc3cccc(c3)CSCCNC(=O)[C@]3(C)CCCN3C2=O)cc1,0.0,0.0,0.0,0.0,0.0,0.6931471805599453,0.0,0.0,0.0,0.0,0.0,0.0,0.0,0.0,0.0,0.0,0.0,0.0,0.0,0.0,0.0,0.0,0.0,0.0,0.0,0.0,0.0,0.0,0.0,0.0,0.0,0.0,0.0,0.0,0.0,0.0,0.0,0.0,0.0,0.0,0.0,0.0,0.0,0.10130827721874541,0.0,0.0,0.0,0.0,0.0,0.0,-0.3105963319746569,0.0,0.0,0.0,0.6931471805599453,0.0,0.0,0.0,0.0,0.0,0.0,0.0,0.0,0.0,0.0,0.0,0.0,0.0,0.0,0.0,0.0,0.0,0.0,0.0,0.0,0.0,0.0,0.0,0.0,0.0,0.0,0.0,-0.6931471805599453,0.0,0.0,0.0,0.0,0.0,0.0,0.0,0.0,0.0,0.0,0.0,0.0,0.0,0.0,0.0,0.0,0.0,0.0,0.0,0.0,0.0,0.0,0.0,0.0,0.0,0.0,0.0,0.0,0.0,0.0,0.0,0.0,0.0,0.0,0.0,0.0,0.0,0.0,0.0,0.0,0.0,0.0,0.0,0.0,0.0,0.0,0.0,0.0,0.0,0.0,0.0,0.0,0.0,0.0,0.0,0.0,0.0,0.0,0.0,0.0,0.0,0.0,0.0,0.0,0.0,0.0,0.0,0.0,0.0,0.0,0.0,0.0,0.0,0.0,0.0,0.0,0.0,0.0,0.0,0.0,0.0,0.0,0.6931471805599453,0.0,0.0,0.0,0.0,0.0,0.2804304090564615,0.0,0.0,0.0,0.0,0.0,0.4054651081081644,0.0,0.0,0.0,0.0,0.0,0.0,0.0,0.0
7.301029995663981,1.1925144413116917,CCCCCC[C@@H]1NC(=O)CCSCc2cccc(c2)CSCCNC(=O)[C@]2(C)CCCN2C(=O)[C@H](Cc2ccc(OC)cc2)NC(=O)[C@H](Cc2ncc[nH]2)NC(=O)[C@H](CC(=O)O)NC(=O)[C@H](Cc2c[nH]c3ccc(F)cc23)NC(=O)[C@H](Cc2c[nH]c3ccc(F)cc23)NC(=O)[C@@H](C)NC1=O,0.0,0.0,0.0,0.0,0.0,0.0,0.0,0.0,0.0,0.0,0.0,0.0,0.0,0.0,0.0,0.0,0.0,0.0,0.0,0.0,0.0,0.0,0.0,0.0,0.0,0.0,0.0,0.0,0.0,0.0,0.0,0.0,0.0,0.0,0.0,0.0,0.0,0.0,0.0,0.3758744249050815,0.37534873392630286,0.0,0.0,0.4531966352095854,0.0,0.0,0.0,0.0,0.0,0.0,-0.33930643785708825,0.0,0.0,0.0,0.0,0.0,0.0,0.0,0.0,0.0,0.0,0.0,0.0,0.0,0.0,0.0,0.0,0.0,0.0,0.0,0.0,0.0,0.0,0.0,0.0,0.0,0.0,0.0,0.0,0.0,0.0,0.0,-0.6931471805599453,0.0,0.0,0.0,0.0,0.0,0.0,0.0,0.0,0.0,0.0,0.0,0.0,0.0,0.0,0.0,0.0,0.0,0.0,0.0,0.0,0.0,0.0,0.0,0.0,0.0,0.0,0.0,0.0,0.0,0.0,0.0,0.0,0.0,0.0,0.0,0.0,0.0,0.0,0.0,0.0,0.0,0.0,0.0,0.0,0.0,0.0,0.0,0.0,0.0,0.0,0.0,0.0,0.0,0.0,0.0,0.0,0.0,0.0,0.0,0.0,0.0,0.0,0.0,0.0,0.0,0.0,0.0,0.0,0.0,0.0,0.0,0.0,0.0,0.0,0.0,0.0,0.0,0.0,0.0,0.0,0.0,0.0,0.6931471805599453,0.0,0.0,0.0,0.0,0.0,0.19856653897828705,0.0,0.0,0.0,0.0,0.0,0.04445176257083384,0.0,0.0,0.0,0.0,0.0,0.0,0.0,0.0
4.449771646944906,1.1925144413116917,COc1ccc(C[C@@H]2NC(=O)[C@H](Cc3ncc[nH]3)NC(=O)[C@H](CC(=O)O)NC(=O)[C@H](Cc3c[nH]c4ccc(F)cc34)NC(=O)[C@H](Cc3c[nH]c4ccc(F)cc34)NC(=O)[C@@H](C)NC(=O)C(CC(F)(F)F)NC(=O)CCSCc3cccc(c3)CSCCNC(=O)[C@]3(C)CCCN3C2=O)cc1,0.0,0.0,0.0,0.0,0.0,0.0,0.0,0.0,0.0,0.0,0.0,0.0,0.0,0.0,0.0,0.0,0.0,0.0,0.0,0.0,0.0,0.0,0.0,0.0,0.0,0.0,0.0,0.0,0.0,0.0,0.0,0.0,0.0,0.0,0.0,0.0,0.0,0.0,0.0,0.0,0.0,0.0,0.0,0.10130827721874541,0.0,0.0,0.0,0.0,0.0,0.0,-0.3416621515495474,0.0,0.0,0.0,0.0,0.0,0.0,0.0,0.0,0.0,0.0,0.0,0.0,0.0,0.0,0.0,0.0,0.0,0.0,0.0,0.0,0.0,0.0,0.0,0.0,0.0,0.0,0.0,0.0,0.0,0.0,0.0,-0.6931471805599453,0.0,0.0,0.0,0.0,0.0,0.0,0.0,0.0,0.0,0.0,0.0,0.0,0.0,0.0,0.0,0.0,0.0,0.0,0.0,0.0,0.0,0.0,0.0,0.0,0.0,0.0,0.0,0.0,0.0,0.0,0.0,0.0,0.0,0.0,0.0,0.0,0.0,0.0,0.0,0.0,0.0,0.0,0.0,0.0,0.0,0.0,0.0,0.0,0.0,0.0,0.0,0.0,0.0,0.0,0.0,0.0,0.0,0.0,0.0,0.0,0.0,0.0,0.0,0.0,0.0,0.0,0.0,0.0,0.0,0.0,0.0,0.0,0.0,0.0,0.0,0.0,0.0,0.0,0.0,0.0,0.0,0.0,0.6931471805599453,0.0,0.0,0.0,0.0,0.0,-0.36416130196692964,0.0,0.0,0.0,0.0,0.0,0.5639354490799391,0.0,0.0,0.0,0.0,0.0,0.0,0.0,0.0
4.449771646944906,1.1925144413116917,COc1ccc(C[C@@H]2NC(=O)[C@H](Cc3ncc[nH]3)NC(=O)[C@H](CC(=O)O)NC(=O)[C@H](Cc3c[nH]c4ccc(F)cc34)NC(=O)[C@H](Cc3c[nH]c4ccc(F)cc34)NC(=O)[C@@H](C)NC(=O)[C@H](CCC/N=C(\N)N[N+](=O)[O-])NC(=O)CCSCc3cccc(c3)CSCCNC(=O)[C@]3(C)CCCN3C2=O)cc1,0.0,0.0,0.0,0.0,0.0,0.6931471805599453,0.0,0.0,0.0,0.0,0.0,0.0,0.0,0.0,0.0,0.0,0.0,0.0,0.0,0.0,0.0,0.0,0.0,0.0,0.0,0.0,0.0,0.0,0.0,0.0,0.0,0.0,0.0,0.0,0.0,0.0,0.0,0.0,0.0,0.0,0.0,0.0,0.0,0.10130827721874541,0.0,0.0,0.0,0.0,0.0,0.0,-0.3081661971213651,0.0,0.0,0.0,0.6931471805599453,0.0,0.0,0.0,0.6931471805599453,0.0,0.0,0.0,0.0,0.0,0.0,0.0,0.0,0.6931471805599453,0.0,0.0,0.0,0.0,0.0,0.0,0.0,0.0,0.0,0.0,0.0,0.0,0.0,0.0,-0.6931471805599453,0.0,0.0,0.0,0.0,0.0,0.0,0.0,0.0,0.0,0.0,0.0,0.0,0.0,0.0,0.0,0.0,0.0,0.0,0.0,0.0,0.0,0.0,0.0,0.0,0.0,0.0,0.0,0.0,0.0,0.0,0.0,0.0,0.0,0.0,0.0,0.0,0.0,0.0,0.0,0.6931471805599453,0.0,0.0,0.0,0.0,0.0,0.0,0.0,0.0,0.0,0.0,0.0,0.0,0.0,0.0,0.0,0.0,0.0,0.0,0.0,0.0,0.0,0.0,0.0,0.0,0.0,0.0,0.0,0.0,0.0,0.0,0.0,0.0,0.0,0.0,0.0,0.0,0.0,0.0,0.0,0.0,0.0,0.0,0.6931471805599453,0.0,0.0,0.0,0.0,0.0,-0.2804304090564615,0.0,0.6931471805599453,0.0,0.0,0.0,0.4054651081081644,0.0,0.0,0.0,0.0,0.0,0.0,0.0,0.0
5.183758700008217,1.1925144413116917,COc1ccc(C[C@@H]2NC(=O)[C@H](Cc3ncc[nH]3)NC(=O)[C@H](CC(=O)O)NC(=O)[C@H](Cc3c[nH]c4ccc(F)cc34)NC(=O)[C@H](Cc3c[nH]c4ccc(F)cc34)NC(=O)[C@@H](C)NC(=O)[C@H](CCC(N)=O)NC(=O)CCSCc3cccc(c3)CSCCNC(=O)[C@]3(C)CCCN3C2=O)cc1,0.0,0.0,0.0,0.0,0.0,0.0,0.0,0.0,0.0,0.0,0.0,0.0,0.0,0.0,0.0,0.0,0.0,0.0,0.0,0.0,0.0,0.0,0.0,0.0,0.0,0.0,0.0,0.0,0.0,0.0,0.0,0.0,0.0,0.0,0.0,0.0,0.0,0.0,0.0,0.11105295721410488,0.11087663101705109,0.0,0.0,0.2038893586045199,0.0,0.0,0.0,0.0,0.0,0.0,-0.35799857086924086,0.0,0.0,0.0,0.0,0.0,0.0,0.0,0.0,0.0,0.0,0.0,0.0,0.0,0.0,0.0,0.0,0.0,0.0,0.0,0.0,0.0,0.0,0.0,0.0,0.0,0.0,0.0,0.0,0.0,0.0,0.0,-0.6931471805599453,0.0,0.0,0.0,0.0,0.0,0.0,0.0,0.0,0.0,0.0,0.0,0.0,0.0,0.0,0.0,0.0,0.0,0.0,0.0,0.0,0.0,0.0,0.0,0.0,0.0,0.0,0.0,0.0,0.0,0.0,0.0,0.0,0.0,0.0,0.0,0.0,0.0,0.0,0.0,0.0,0.0,0.0,0.0,0.0,0.0,0.0,0.0,0.0,0.0,0.0,0.0,0.0,0.0,0.0,0.0,0.0,0.0,0.0,0.0,0.0,0.0,0.0,0.0,0.0,0.0,0.0,0.0,0.0,0.0,0.0,0.0,0.0,0.0,0.0,0.0,0.0,0.0,0.0,0.0,0.0,0.0,0.0,0.6931471805599453,0.0,0.0,0.0,0.0,0.0,-0.1890426574670326,0.0,0.0,0.0,0.0,0.0,0.31015492830383956,0.0,0.0,0.0,0.0,0.0,0.0,0.0,0.0
6.259637310505756,1.1925144413116917,COc1ccc(C[C@@H]2NC(=O)[C@H](Cc3ncc[nH]3)NC(=O)[C@H](CC(=O)O)NC(=O)[C@H](Cc3c[nH]c4ccc(F)cc34)NC(=O)[C@H](Cc3c[nH]c4ccc(F)cc34)NC(=O)[C@@H](C)NC(=O)[C@H](CNC(=O)COCCOCCN)NC(=O)CCSCc3cccc(c3)CSCCNC(=O)[C@]3(C)CCCN3C2=O)cc1,0.0,0.0,0.0,0.0,0.0,0.0,0.0,0.0,0.0,0.0,0.0,0.0,0.0,0.0,0.0,0.0,0.0,0.0,0.0,0.0,0.0,0.0,0.0,0.0,0.0,0.0,0.0,0.0,0.0,0.0,0.0,0.0,0.0,0.0,0.0,0.0,0.0,0.0,0.0,0.2543463885567357,0.25396960936753976,0.0,0.0,0.3386293396892764,0.0,0.0,0.0,0.0,0.0,0.0,-0.322659204423932,0.0,0.0,0.0,0.0,0.0,0.0,0.0,0.0,0.0,0.0,0.0,0.0,0.0,0.0,0.0,0.0,0.6931471805599453,0.0,0.0,0.0,0.0,0.0,0.0,0.0,0.0,0.0,0.0,0.0,0.0,0.0,0.0,-0.6931471805599453,0.0,0.0,0.0,0.0,0.0,0.0,0.0,0.0,0.0,0.0,0.0,0.0,0.0,0.0,0.0,0.0,0.0,0.0,0.0,0.0,0.0,0.0,0.0,0.0,0.0,0.0,0.0,0.0,0.0,0.0,0.0,0.0,0.0,0.0,0.0,0.0,0.0,0.0,0.0,0.0,0.0,0.0,0.0,0.0,0.0,0.0,0.0,0.0,0.0,0.0,0.0,0.0,0.0,0.0,0.0,0.0,0.0,0.0,0.0,0.0,0.0,0.0,0.0,0.0,0.0,0.0,0.0,0.0,0.0,0.0,0.0,0.0,0.0,0.0,0.0,0.0,0.0,0.0,0.0,0.0,0.0,0.0,0.6931471805599453,0.0,0.0,0.0,0.0,0.0,-0.4561802006871819,0.0,0.0,0.0,0.0,0.0,0.5198754592859086,0.0,0.0,0.0,0.0,0.0,0.0,0.0,0.0
6.259637310505756,1.1925144413116917,CC(C)C1NC(=O)CCSCc2cccc(c2)CSC[C@@H](C(N)=O)NC(=O)[C@]2(C)CCCN2C(=O)[C@H](Cc2ccc(O)cc2)NC(=O)[C@H](Cc2c[nH]cn2)NC(=O)[C@H](CC(=O)O)NC(=O)[C@H](Cc2c[nH]c3ccc(F)cc23)NC(=O)[C@H](Cc2c[nH]c3ccc(F)cc23)NC(=O)c2cnc1[nH]2,0.0,0.0,0.0,0.0,0.0,0.6931471805599453,0.0,0.0,0.0,0.0,0.0,0.0,0.0,0.0,0.0,0.0,0.0,0.0,0.0,0.0,0.0,0.0,0.0,0.0,0.0,0.0,0.0,0.0,0.0,0.0,0.0,0.0,0.0,0.0,0.0,0.0,0.0,0.0,0.0,0.2543463885567357,0.25396960936753976,0.0,0.0,0.3386293396892764,0.0,0.0,0.0,0.0,0.0,0.0,-0.3898919346451946,0.0,0.0,0.0,0.6931471805599453,0.0,0.0,0.0,0.0,0.0,0.0,0.0,0.0,0.0,0.0,0.0,0.0,0.0,0.0,0.0,0.0,0.0,0.0,0.0,0.0,0.0,0.0,0.0,0.0,0.0,0.0,0.0,-0.6931471805599453,0.0,0.0,0.0,0.0,0.0,0.0,0.0,0.0,0.0,0.0,0.0,0.0,0.0,0.0,0.0,0.0,0.0,0.0,0.0,0.0,0.0,0.0,0.0,0.0,0.0,0.0,0.0,0.0,0.0,0.0,0.0,0.0,0.0,0.0,0.0,0.0,0.0,0.0,0.0,0.0,0.0,0.0,0.0,0.0,0.0,0.0,0.6931471805599453,0.0,0.0,0.0,0.0,0.0,0.0,0.0,0.0,0.0,0.0,0.0,0.0,0.0,0.0,0.0,0.0,0.0,0.0,0.0,0.0,0.0,0.0,0.0,0.0,0.0,0.0,0.0,0.0,0.0,0.0,0.0,0.0,0.0,0.0,0.0,0.6931471805599453,0.0,0.0,0.0,0.0,0.0,0.17942719876758959,0.0,0.6931471805599453,0.0,0.0,0.0,0.17979311044059593,0.0,0.0,0.0,0.0,0.0,0.0,0.0,0.0
6.259637310505756,1.1925144413116917,COc1ccc(C[C@@H]2NC(=O)[C@H](Cc3cnc[nH]3)NC(=O)[C@H](CC(=O)O)NC(=O)[C@H](Cc3c[nH]c4ccc(F)cc34)NC(=O)[C@H](Cc3c[nH]c4ccc(F)cc34)NC(=O)[C@@H](C)NC(=O)[C@H](NC(C)=O)CCC(=O)NCc3ccc(cc3)CCNC(=O)C[C@@H](C(N)=O)NC(=O)[C@]3(C)CCCN3C2=O)cc1,0.0,0.0,0.0,0.0,0.0,0.0,0.0,0.0,0.0,0.0,0.0,0.0,0.0,0.0,0.0,0.0,0.0,0.0,0.0,0.0,0.0,0.0,0.0,0.0,0.0,0.0,0.0,0.0,0.0,0.0,0.0,0.0,0.0,0.0,0.0,-0.6931471805599453,0.0,0.0,0.0,0.2543463885567357,0.25396960936753976,0.0,0.0,0.3386293396892764,0.0,0.0,0.0,0.0,0.0,0.0,-0.016420730212327542,0.0,0.0,0.0,0.6931471805599453,0.0,0.0,0.0,0.0,0.0,0.0,0.0,0.0,0.0,0.0,0.0,0.0,0.0,0.0,0.0,0.0,0.0,0.0,0.0,0.0,0.0,0.0,0.0,0.0,0.0,0.0,0.0,0.0,0.0,0.0,0.0,0.0,0.0,0.0,0.0,0.0,0.0,0.0,0.0,0.0,0.0,0.0,0.0,0.0,0.0,0.0,0.0,0.0,0.0,0.0,0.0,0.0,0.0,0.0,0.0,0.0,0.0,0.0,0.0,0.0,0.0,0.0,0.0,0.0,0.0,0.0,0.0,0.0,0.0,0.0,0.0,0.0,0.0,0.0,0.6931471805599453,0.0,0.0,0.0,0.0,0.0,0.0,0.0,0.0,0.0,0.0,0.0,0.0,0.0,0.0,0.0,0.0,0.0,0.0,0.0,0.0,0.0,0.0,0.0,0.0,0.0,0.0,0.0,0.0,0.0,0.0,0.0,0.0,0.0,0.0,0.0,0.6931471805599453,0.0,0.0,0.0,0.0,0.0,-0.10939859440710693,0.0,0.0,0.0,0.0,0.0,0.7661723155748345,0.0,0.0,0.0,0.0,0.0,0.0,0.0,0.0
7.301029995663981,1.1925144413116917,CCCCCCCCCCCCCCCC(=O)N[C@@H](CCC(=O)NCCOCCOCC(=O)NCCOCCOCC(=O)NCCCC[C@@H]1NC(=O)[C@H](CCCCN)NC(=O)CCSCc2cccc(c2)CSC[C@@H](C(N)=O)NC(=O)[C@]2(C)CCCN2C(=O)[C@H](Cc2ccc(O)cc2)NC(=O)[C@H](Cc2cnc[nH]2)NC(=O)[C@H](CC(=O)O)NC(=O)[C@H](Cc2c[nH]c3ccc(F)cc23)NC(=O)[C@H](Cc2c[nH]c3ccc(F)cc23)NC1=O)C(=O)O,0.0,0.0,0.0,0.0,0.0,0.6931471805599453,0.0,0.0,0.0,0.0,0.0,0.0,0.0,0.0,0.0,0.0,0.0,0.0,0.0,0.0,0.0,0.0,0.0,0.0,0.0,0.0,0.0,0.0,0.0,0.0,0.0,0.0,0.0,0.0,0.0,0.0,0.0,0.0,0.0,0.3758744249050815,0.37534873392630286,0.0,0.0,0.4531966352095854,0.0,0.0,0.0,0.0,0.0,0.0,-0.2428163169129146,0.0,0.0,0.0,0.0,0.0,0.0,0.0,0.0,0.0,0.0,0.0,0.0,0.0,0.0,0.0,0.6931471805599453,0.6931471805599453,0.0,0.0,0.0,0.0,0.0,0.0,0.0,0.0,0.0,0.0,0.0,0.0,0.0,0.0,0.0,0.0,0.0,0.0,0.0,0.0,0.0,0.0,0.0,0.0,0.0,0.0,0.0,0.0,0.0,0.0,0.0,0.0,0.0,0.0,0.0,0.0,0.0,0.0,0.0,0.0,0.0,0.0,0.0,0.0,0.0,0.0,0.0,0.0,0.0,0.0,0.0,0.0,0.0,0.0,0.0,0.0,0.0,0.0,0.0,0.0,0.0,0.6931471805599453,0.0,0.0,0.0,0.0,0.0,0.0,0.0,0.0,0.0,0.0,0.0,0.0,0.0,0.0,0.0,0.0,0.0,0.0,0.0,0.0,0.0,0.0,0.0,0.0,0.0,0.0,0.0,0.0,0.0,0.0,0.0,0.0,0.0,0.0,0.0,0.0,0.0,0.0,0.0,0.0,0.0,-0.15991438454400775,0.0,0.0,0.0,0.0,0.0,-0.35364004024357837,0.0,0.0,0.0,0.0,0.0,0.0,0.0,0.0
7.301029995663981,1.1925144413116917,CCCCCCCCCCCCCCCC(=O)N[C@@H](CCC(=O)NCCOCCOCC(=O)NCCOCCOCC(=O)NCc1ccc(C[C@@H]2NC(=O)[C@@H](C)NC(=O)[C@H](CCCCN)NC(=O)CCSCc3cccc(c3)CSC[C@@H](C(N)=O)NC(=O)[C@]3(C)CCCN3C(=O)[C@H](Cc3ccc(O)cc3)NC(=O)[C@H](Cc3cnc[nH]3)NC(=O)[C@H](CC(=O)O)NC(=O)[C@H](Cc3c[nH]c4ccc(F)cc34)NC2=O)cc1)C(=O)O,0.0,0.0,0.0,0.0,0.0,0.6931471805599453,0.0,0.0,0.0,0.0,0.0,0.0,0.0,0.0,0.0,0.0,0.0,0.0,0.0,-1.1455304055890243,0.0,0.0,0.0,0.0,0.0,0.0,0.0,0.0,0.0,0.0,0.0,0.0,0.0,0.0,0.0,0.0,0.0,0.0,0.0,0.3758744249050815,0.37534873392630286,0.0,0.0,0.4531966352095854,0.0,0.0,0.0,0.0,0.0,0.0,-0.19220631602649657,0.0,0.0,0.0,0.6931471805599453,0.0,0.0,0.0,0.0,0.0,0.0,0.0,0.0,0.0,0.0,0.0,0.6931471805599453,0.6931471805599453,0.0,0.0,0.0,0.0,0.0,0.0,0.0,0.0,0.0,0.0,0.0,0.0,0.0,-0.6931471805599453,0.0,0.0,0.0,0.0,0.0,0.0,0.0,0.0,0.0,0.0,0.0,0.0,0.0,0.0,0.0,0.0,0.0,0.0,0.0,0.0,0.0,0.0,0.0,0.0,0.0,0.0,0.0,0.0,0.0,0.0,0.0,0.0,0.0,0.0,0.0,0.0,0.0,0.0,0.0,0.0,0.0,0.0,0.0,0.0,0.0,0.0,0.0,0.6931471805599453,0.0,0.0,0.0,0.0,0.0,0.0,0.0,0.0,0.0,0.0,0.0,0.0,0.0,0.0,0.0,0.0,0.0,0.0,0.0,0.0,0.0,0.0,0.0,0.0,0.0,0.0,0.0,0.0,0.0,0.0,0.0,0.0,0.0,0.0,0.0,0.6931471805599453,0.0,0.0,0.0,0.0,0.0,0.25388017696233955,0.0,0.0,0.0,0.0,0.0,-0.2762533766281582,0.0,0.0,0.0,0.0,0.0,0.0,0.0,0.0
7.301029995663981,1.1925144413116917,CCCCCCCCCCCCCCCC(=O)N[C@@H](CCC(=O)NCCOCCOCC(=O)NCCOCCOCC(=O)NCc1cccc(C[C@@H]2NC(=O)[C@@H](C)NC(=O)[C@H](CCCCN)NC(=O)CCSCc3cccc(c3)CSC[C@@H](C(N)=O)NC(=O)[C@]3(C)CCCN3C(=O)[C@H](Cc3ccc(O)cc3)NC(=O)[C@H](Cc3cnc[nH]3)NC(=O)[C@H](CC(=O)O)NC(=O)[C@H](Cc3c[nH]c4ccc(F)cc34)NC2=O)c1)C(=O)O,0.0,0.0,0.0,0.0,0.0,0.6931471805599453,0.0,0.0,0.0,0.0,0.0,0.0,0.0,0.0,0.0,0.0,0.0,0.0,0.0,-1.1455304055890243,0.0,0.0,0.0,0.0,0.0,0.0,0.0,0.0,0.0,0.0,0.0,0.0,0.0,0.0,0.0,0.0,0.0,0.0,0.0,0.3758744249050815,0.37534873392630286,0.0,0.0,0.4531966352095854,0.0,0.0,0.0,0.0,0.0,0.0,-0.20577504523256548,0.0,0.0,0.0,0.6931471805599453,0.0,0.0,0.0,0.0,0.0,0.0,0.0,0.0,0.0,0.0,0.0,0.6931471805599453,0.6931471805599453,0.0,0.0,0.0,0.0,0.0,0.0,0.0,0.0,0.0,0.0,0.0,0.0,0.0,-0.6931471805599453,0.0,0.0,0.0,0.0,0.0,0.0,0.0,0.0,0.0,0.0,0.0,0.0,0.0,0.0,0.0,0.0,0.0,0.0,0.0,0.0,0.0,0.0,0.0,0.0,0.0,0.0,0.0,0.0,0.0,0.0,0.0,0.0,0.0,0.0,0.0,0.0,0.0,0.0,0.0,0.0,0.0,0.0,0.0,0.0,0.0,0.0,0.0,0.6931471805599453,0.0,0.0,0.0,0.0,0.0,0.0,0.0,0.0,0.0,0.0,0.0,0.0,0.0,0.0,0.0,0.0,0.0,0.0,0.0,0.0,0.0,0.0,0.0,0.0,0.0,0.0,0.0,0.0,0.0,0.0,0.0,0.0,0.0,0.0,0.0,0.6931471805599453,0.0,0.0,0.0,0.0,0.0,0.31476854663735315,0.0,0.0,0.0,0.0,0.0,-0.2762533766281582,0.0,0.0,0.0,0.0,0.0,0.0,0.0,0.0
5.183758700008217,1.1925144413116917,NC(=O)[C@@H]1Cc2ccc(cc2)CNC(=O)CCCCCC(=O)NCC(=O)N[C@@H](Cc2c[nH]c3ccc(F)cc23)C(=O)N[C@@H](Cc2c[nH]c3ccc(F)cc23)C(=O)N[C@@H](CC(=O)O)C(=O)N[C@@H](Cc2cnc[nH]2)C(=O)N[C@@H](Cc2ccc(O)cc2)C(=O)N1,0.0,0.0,0.0,0.0,0.0,0.0,0.0,0.0,0.0,0.0,0.0,0.0,0.0,0.0,0.0,0.0,0.0,0.0,0.0,0.0,0.0,0.0,0.0,0.0,0.0,0.0,0.0,0.0,0.0,-0.6931471805599453,0.0,0.0,0.0,0.0,0.0,-0.6931471805599453,0.0,0.0,0.0,0.11105295721410488,0.11087663101705109,0.0,0.0,0.2038893586045199,0.0,0.0,0.0,0.0,0.0,0.0,0.1302146399985289,0.0,0.0,0.0,0.6931471805599453,0.0,0.0,0.0,0.0,0.0,0.0,0.0,0.0,0.0,0.0,0.0,0.0,0.0,0.0,0.0,0.0,0.0,0.0,0.0,0.0,0.0,0.0,0.0,0.0,0.0,0.0,0.0,0.0,0.0,0.0,0.0,0.0,0.0,0.0,0.0,0.0,0.0,0.0,0.0,0.0,0.0,0.0,0.0,0.0,0.0,0.0,0.0,0.0,0.0,0.0,0.0,0.0,0.0,0.0,0.0,0.0,0.0,0.0,0.0,0.0,0.0,0.0,0.0,0.0,0.0,0.0,0.0,0.0,0.0,0.0,0.0,0.0,0.0,0.0,0.6931471805599453,0.0,0.0,0.0,0.0,0.0,0.0,0.0,0.0,0.0,0.0,0.0,0.0,0.0,0.0,0.0,0.0,0.0,0.0,0.0,0.0,0.0,0.0,0.0,0.0,0.0,0.0,0.0,0.0,0.0,0.0,0.0,0.0,0.0,0.0,0.0,0.6931471805599453,0.0,0.0,0.0,0.0,0.0,-0.1890426574670326,0.0,0.0,0.0,0.0,0.0,0.8472978603872029,-0.6931471805599453,0.0,0.0,0.0,0.0,0.0,0.0,0.0
4.449771646944906,1.1925144413116917,CCCCCCCCCCCCCCCC(=O)N[C@@H](CCC(=O)NCCOCCOCC(=O)NCCOCCOCC(=O)NCCCC[C@@H]1NC(=O)CCSCc2cccc(c2)CSC[C@@H](C(N)=O)NC(=O)[C@]2(C)CCCN2C(=O)[C@H](Cc2ccc(O)cc2)NC(=O)[C@H](Cc2cnc[nH]2)NC(=O)[C@H](CC(=O)O)NC(=O)[C@H](Cc2c[nH]c3ccc(F)cc23)NC(=O)[C@H](Cc2c[nH]c3ccc(F)cc23)NC(=O)[C@@H](C)NC1=O)C(=O)O,0.0,0.0,0.0,0.0,0.0,0.6931471805599453,0.0,0.0,0.0,0.0,0.0,0.0,0.0,0.0,0.0,0.0,0.0,0.0,0.0,0.0,0.0,0.0,0.0,0.0,0.0,0.0,0.0,0.0,0.0,0.0,0.0,0.0,0.0,0.0,0.0,0.0,0.0,0.0,0.0,0.0,0.0,0.0,0.0,0.10130827721874541,0.0,0.0,0.0,0.0,0.0,0.0,-0.2297442353455618,0.0,0.0,0.0,0.0,0.0,0.0,0.0,0.0,0.0,0.0,0.0,0.0,0.0,0.0,0.0,0.6931471805599453,0.6931471805599453,0.0,0.0,0.0,0.0,0.0,0.0,0.0,0.0,0.0,0.0,0.0,0.0,0.0,0.0,0.0,0.0,0.0,0.0,0.0,0.0,0.0,0.0,0.0,0.0,0.0,0.0,0.0,0.0,0.0,0.0,0.0,0.0,0.0,0.0,0.0,0.0,0.0,0.0,0.0,0.0,0.0,0.0,0.0,0.0,0.0,0.0,0.0,0.0,0.0,0.0,0.0,0.0,0.0,0.0,0.0,0.0,0.0,0.0,0.0,0.0,0.0,0.6931471805599453,0.0,0.0,0.0,0.0,0.0,0.0,0.0,0.0,0.0,0.0,0.0,0.0,0.0,0.0,0.0,0.0,0.0,0.0,0.0,0.0,0.0,0.0,0.0,0.0,0.0,0.0,0.0,0.0,0.0,0.0,0.0,0.0,0.0,0.0,0.0,0.0,0.0,0.0,0.0,0.0,0.0,-0.11970796406596708,0.0,0.0,0.0,0.0,0.0,-0.2047944126460132,0.0,0.0,0.0,0.0,0.0,0.0,0.0,0.0
4.449771646944906,1.1925144413116917,NC(=O)[C@@H]1Cc2cccc(c2)CNC(=O)CCCCC(=O)NCC(=O)N[C@@H](Cc2c[nH]c3ccc(F)cc23)C(=O)N[C@@H](Cc2c[nH]c3ccc(F)cc23)C(=O)N[C@@H](CC(=O)O)C(=O)N[C@@H](Cc2cnc[nH]2)C(=O)N[C@@H](Cc2ccc(O)cc2)C(=O)N1,0.0,0.0,0.0,0.0,0.0,0.0,0.0,0.0,0.0,0.0,0.0,0.0,0.0,0.0,0.0,0.0,0.0,0.0,0.0,0.0,0.0,0.0,0.0,0.0,0.0,0.0,0.0,0.0,0.0,-0.6931471805599453,0.0,0.0,0.0,0.0,0.0,-0.6931471805599453,0.0,0.0,0.0,0.0,0.0,0.0,0.0,0.10130827721874541,0.0,0.0,0.0,0.0,0.0,0.0,0.10668414258833474,0.0,0.0,0.0,0.6931471805599453,0.0,0.0,0.0,0.0,0.0,0.0,0.0,0.0,0.0,0.0,0.0,0.0,0.0,0.0,0.0,0.0,0.0,0.0,0.0,0.0,0.0,0.0,0.0,0.0,0.0,0.0,0.0,0.0,0.0,0.0,0.0,0.0,0.0,0.0,0.0,0.0,0.0,0.0,0.0,0.0,0.0,0.0,0.0,0.0,0.0,0.0,0.0,0.0,0.0,0.0,0.0,0.0,0.0,0.0,0.0,0.0,0.0,0.0,0.0,0.0,0.0,0.0,0.0,0.0,0.0,0.0,0.0,0.0,0.0,0.0,0.0,0.0,0.0,0.0,0.6931471805599453,0.0,0.0,0.0,0.0,0.0,0.0,0.0,0.0,0.0,0.0,0.0,0.0,0.0,0.0,0.0,0.0,0.0,0.0,0.0,0.0,0.0,0.0,0.0,0.0,0.0,0.0,0.0,0.0,0.0,0.0,0.0,0.0,0.0,0.0,0.0,0.6931471805599453,0.0,0.0,0.0,0.0,0.0,-0.4414197851040614,0.0,0.0,0.0,0.0,0.0,0.9162907318741543,-0.6931471805599453,0.0,0.0,0.0,0.0,0.0,0.0,0.0
4.449771646944906,1.1925144413116917,NC(=O)[C@@H]1Cc2cccc(c2)CNC(=O)CCCC(=O)NCC(=O)N[C@@H](Cc2c[nH]c3ccc(F)cc23)C(=O)N[C@@H](Cc2c[nH]c3ccc(F)cc23)C(=O)N[C@@H](CC(=O)O)C(=O)N[C@@H](Cc2ncc[nH]2)C(=O)N[C@@H](Cc2ccc(O)cc2)C(=O)N1,0.0,0.0,0.0,0.0,0.0,0.0,0.0,0.0,0.0,0.0,0.0,0.0,0.0,0.0,0.0,0.0,0.0,0.0,0.0,0.0,0.0,0.0,0.0,0.0,0.0,0.0,0.0,0.0,0.0,-0.6931471805599453,0.0,0.0,0.0,0.0,0.0,-0.6931471805599453,0.0,0.0,0.0,0.0,0.0,0.0,0.0,0.10130827721874541,0.0,0.0,0.0,0.0,0.0,0.0,0.013158084577511152,0.0,0.0,0.0,0.6931471805599453,0.0,0.0,0.0,0.0,0.0,0.0,0.0,0.0,0.0,0.0,0.0,0.0,0.0,0.0,0.0,0.0,0.0,0.0,0.0,0.0,0.0,0.0,0.0,0.0,0.0,0.0,0.0,0.0,0.0,0.0,0.0,0.0,0.0,0.0,0.0,0.0,0.0,0.0,0.0,0.0,0.0,0.0,0.0,0.0,0.0,0.0,0.0,0.0,0.0,0.0,0.0,0.0,0.0,0.0,0.0,0.0,0.0,0.0,0.0,0.0,0.0,0.0,0.0,0.0,0.0,0.0,0.0,0.0,0.0,0.0,0.0,0.0,0.0,0.0,0.6931471805599453,0.0,0.0,0.0,0.0,0.0,0.0,0.0,0.0,0.0,0.0,0.0,0.0,0.0,0.0,0.0,0.0,0.0,0.0,0.0,0.0,0.0,0.0,0.0,0.0,0.0,0.0,0.0,0.0,0.0,0.0,0.0,0.0,0.0,0.0,0.0,0.6931471805599453,0.0,0.0,0.0,0.0,0.0,-0.022858138076050267,0.0,0.0,0.0,0.0,0.0,0.9461436950238356,-0.6931471805599453,0.0,0.0,0.0,0.0,0.0,0.0,0.0
4.449771646944906,1.1925144413116917,CCCc1cccc(C[C@@H]2NC(=O)[C@@H](C)NC(=O)[C@H](C)NC(=O)CCSCc3cccc(c3)CSCCNC(=O)[C@]3(C)CCCN3C(=O)[C@H](Cc3ccc(OC)cc3)NC[C@H]([C@@H](C)OC)NC(=O)[C@@H]3[C@@H](O)CCN3C(=O)[C@H](Cc3c[nH]c4ccc(F)cc34)NC2=O)c1,0.0,0.0,0.0,0.0,0.0,0.0,0.0,0.0,0.0,0.0,0.0,0.0,0.0,0.0,0.0,0.0,0.0,0.0,0.0,-1.1455304055890243,0.0,0.0,0.0,0.0,0.0,0.0,0.0,0.0,0.0,0.0,0.0,0.0,0.0,0.0,0.0,0.0,0.0,0.0,0.0,0.0,0.0,0.0,0.0,0.10130827721874541,0.0,0.0,0.0,0.0,0.0,0.0,-0.3369451616714085,0.0,0.0,0.0,0.0,0.0,0.0,0.0,0.0,0.0,0.0,0.0,0.0,0.0,0.0,0.0,0.0,0.0,0.0,0.0,0.0,0.0,0.0,0.0,0.0,0.0,0.0,0.0,0.0,0.0,0.0,-0.6931471805599453,0.0,0.0,0.0,0.0,0.0,0.0,-0.6931471805599453,0.0,0.0,0.0,0.0,0.0,0.0,0.0,0.0,0.0,0.0,0.0,0.0,0.0,0.0,0.0,0.0,0.0,0.0,0.0,0.0,0.0,0.0,0.0,0.0,0.0,0.0,0.0,0.0,0.0,0.0,0.0,0.0,0.0,0.0,0.0,0.0,0.0,0.0,0.0,0.0,0.0,0.0,0.0,0.0,0.0,0.0,0.0,0.0,0.0,0.0,0.0,0.0,0.0,0.0,0.0,0.0,0.0,0.0,0.0,0.0,0.0,0.0,0.0,0.0,0.0,0.0,0.0,0.0,0.0,0.0,0.0,0.0,0.0,0.0,0.0,0.0,0.0,0.0,0.0,0.0,0.0,0.0,-0.1890426574670326,0.0,0.0,0.0,0.0,0.0,-0.10080469912196559,0.0,0.0,0.0,0.0,0.0,0.0,0.0,0.0
7.301029995663981,1.1925144413116917,C[C@@H]1NC(=O)[C@H](Cc2c[nH]c3ccc(F)cc23)NC(=O)[C@H](Cc2c[nH]c3ccc(F)cc23)NC(=O)[C@@H](C)NC(=O)[C@H](CCCCN)NC(=O)CCSCc2cccc(c2)CSC[C@@H](C(N)=O)NC(=O)[C@]2(C)CCCN2C(=O)[C@H](Cc2ccc(O)cc2)NC(=O)c2cnc1s2,0.0,0.0,0.0,0.0,0.0,0.6931471805599453,0.0,0.0,0.0,0.0,0.0,0.0,0.0,0.0,0.0,0.0,0.0,0.0,0.0,0.0,0.0,0.0,0.0,0.0,0.0,0.0,0.0,0.0,0.0,0.0,0.0,0.0,0.0,0.0,0.0,0.0,0.0,0.0,0.0,0.3758744249050815,0.37534873392630286,0.0,0.0,0.4531966352095854,0.0,0.0,0.0,0.0,0.0,0.0,0.003305788134499509,0.0,0.0,0.0,0.6931471805599453,0.0,0.0,0.0,0.0,0.0,0.0,0.0,0.0,0.0,0.0,0.0,0.0,0.0,0.0,0.0,0.0,0.0,0.0,0.0,0.0,0.0,0.0,0.0,0.0,0.0,0.0,0.0,-0.6931471805599453,0.0,0.0,0.0,0.0,0.0,0.0,0.0,0.0,0.0,0.0,0.0,0.0,0.0,0.0,0.0,0.0,0.0,0.0,0.0,0.0,0.0,0.0,0.0,0.0,0.0,0.0,0.0,0.0,0.0,0.0,0.0,0.0,0.0,0.0,0.0,0.0,0.0,0.0,0.0,0.0,0.0,0.0,0.0,0.0,0.0,0.0,0.6931471805599453,0.0,0.0,0.0,0.0,0.0,0.0,0.0,0.0,0.0,0.0,0.0,0.0,0.0,0.0,0.0,0.0,0.0,0.0,0.0,0.0,0.0,0.0,0.0,0.0,0.0,0.0,0.0,0.0,0.0,0.0,0.0,0.0,0.0,0.0,0.0,0.0,0.0,0.0,0.0,0.0,0.0,-0.21734643362988343,0.0,0.6931471805599453,0.0,0.0,0.0,-0.2291858657701724,0.0,0.0,0.0,0.0,0.0,0.0,0.0,0.0
4.449771646944906,1.1925144413116917,COc1ccc(C[C@@H]2NC(=O)[C@H](Cc3cnc[nH]3)NC(=O)[C@H](CC(=O)O)NC(=O)[C@H](Cc3c[nH]c4ccc(F)cc34)NC(=O)[C@H](Cc3c[nH]c4ccc(F)cc34)NC(=O)[C@@H](C)NC(=O)[C@H](CCCC[N+](C)(C)C)NC(=O)CCSCc3cccc(c3)CSCCNC(=O)[C@]3(C)CCCN3C2=O)cc1,0.0,0.0,0.0,0.0,0.0,0.0,0.0,0.0,0.0,0.0,0.0,0.0,0.0,0.0,0.0,0.0,0.0,0.0,0.0,0.0,0.0,0.0,0.0,0.0,0.0,0.0,0.0,0.0,0.0,0.0,0.0,0.0,0.0,0.0,0.0,0.0,0.0,0.0,0.0,0.0,0.0,0.0,0.0,0.10130827721874541,0.0,0.0,0.0,0.0,0.0,0.0,-0.33220581630751195,0.0,0.0,0.0,0.0,0.0,0.0,0.0,0.0,0.0,0.0,0.0,0.0,0.0,0.0,0.0,0.0,0.0,0.0,0.0,0.0,0.0,0.0,0.0,0.0,0.0,0.0,0.0,0.0,0.0,0.0,0.0,-0.6931471805599453,0.0,0.0,0.0,0.0,0.0,0.0,0.0,0.0,0.0,0.0,0.0,0.0,0.0,0.0,0.0,0.0,0.0,0.0,0.0,0.0,0.0,0.0,0.0,0.0,0.0,0.0,0.0,0.0,0.0,0.0,0.0,0.0,0.0,0.0,0.0,0.0,0.0,0.0,0.0,0.0,0.0,0.0,0.0,0.0,0.0,0.0,0.0,0.0,0.0,0.0,0.0,0.0,0.0,0.0,0.0,0.0,0.0,0.0,0.0,0.0,0.0,0.0,0.0,0.0,0.0,0.0,0.0,0.0,0.0,0.0,0.0,0.0,0.0,0.0,0.0,0.0,0.0,0.0,0.0,0.0,0.0,0.0,0.0,0.0,0.0,0.0,0.0,0.0,-0.022858138076050267,0.0,0.0,0.0,0.0,0.0,-0.015037877364540516,0.0,0.0,0.0,0.0,0.0,0.0,0.0,0.0
5.183758700008217,1.1925144413116917,COc1ccc(C[C@@H]2NC(=O)[C@H](Cc3ncc[nH]3)NC(=O)[C@H](CC(=O)O)NC(=O)[C@H](Cc3c[nH]c4ccc(F)cc34)NC(=O)[C@H](Cc3c[nH]c4ccc(F)cc34)NC(=O)[C@@H](C)NC(=O)[C@H](CCCC[N+](C)(C)C)NC(=O)CCSCc3cc(F)cc(c3)CSCCNC(=O)[C@]3(C)CCCN3C2=O)cc1,0.0,0.0,0.0,0.0,0.0,0.0,0.0,0.0,0.0,0.0,0.0,0.0,0.0,0.0,0.0,0.0,0.0,0.0,0.0,0.0,0.0,0.0,0.0,0.0,0.0,0.0,0.0,0.0,0.0,0.0,0.0,0.0,0.0,0.0,0.0,0.0,0.0,0.0,0.0,0.11105295721410488,0.11087663101705109,0.0,0.0,0.2038893586045199,0.0,0.0,0.0,0.0,0.0,0.0,-0.3250544151498868,0.0,0.0,0.0,0.0,0.0,0.0,0.0,0.0,0.0,0.0,0.0,0.0,0.0,0.0,0.0,0.0,0.0,0.0,0.0,0.0,0.0,0.0,0.0,0.0,0.0,0.0,0.0,0.0,0.0,0.0,0.0,-0.6931471805599453,0.0,0.0,0.0,0.0,0.0,0.0,0.0,0.0,0.0,0.0,0.0,0.0,0.0,0.0,0.0,0.0,0.0,0.0,0.0,0.0,0.0,0.0,0.0,0.0,0.0,0.0,0.0,0.0,0.0,0.0,0.0,0.0,0.0,0.0,0.0,0.0,0.0,0.0,0.0,0.0,0.0,0.0,0.0,0.0,0.0,0.0,0.0,0.0,0.0,0.0,0.0,0.0,0.0,0.0,0.0,0.0,0.0,0.0,0.0,0.0,0.0,0.0,0.0,0.0,0.0,0.0,0.0,0.0,0.0,0.0,0.0,0.0,0.0,0.0,0.0,0.0,0.0,0.0,0.0,0.0,0.0,0.0,0.6931471805599453,0.0,0.0,0.0,0.0,0.0,-0.32317195743373167,0.0,0.0,0.0,0.0,0.0,0.05884050002293345,0.0,0.0,0.0,0.0,0.0,0.0,0.0,0.0
6.259637310505756,1.1925144413116917,COc1ccc(C[C@@H]2NC(=O)[C@H](Cc3ncc[nH]3)NC(=O)[C@H](CC(=O)O)NC(=O)[C@H](Cc3c[nH]c4ccc(F)cc34)NC(=O)[C@H](Cc3c[nH]c4ccc(F)cc34)NC(=O)[C@@H](C)NC(=O)[C@H](CCCCN(C)C)NC(=O)CCSCc3cccc(c3)CSCCNC(=O)[C@]3(C)CCCN3C2=O)cc1,0.0,0.0,0.0,0.0,0.0,0.0,0.0,0.0,0.0,0.0,0.0,0.0,0.0,0.0,0.0,0.0,0.0,0.0,0.0,0.0,0.0,0.0,0.0,0.0,0.0,0.0,0.0,0.0,0.0,0.0,0.0,0.0,0.0,0.0,0.0,0.0,0.0,0.0,0.0,0.2543463885567357,0.25396960936753976,0.0,0.0,0.3386293396892764,0.0,0.0,0.0,0.0,0.0,0.0,-0.33220581630751195,0.0,0.0,0.0,0.0,0.0,0.0,0.0,0.0,0.0,0.0,0.0,0.0,0.0,0.0,0.0,0.0,0.0,0.0,0.0,0.0,0.0,0.0,0.0,0.0,0.0,0.0,0.0,0.0,0.0,0.0,0.0,-0.6931471805599453,0.0,0.0,0.0,0.0,0.0,0.0,0.0,0.0,0.0,0.0,0.0,0.0,0.0,0.0,0.0,0.0,0.0,0.0,0.0,0.0,0.0,0.0,0.0,0.0,0.0,0.0,0.0,0.0,0.0,0.0,0.0,0.0,0.0,0.0,0.0,0.0,0.0,0.0,0.0,0.0,0.0,0.0,0.0,0.0,0.0,0.0,0.0,0.0,0.0,0.0,0.0,0.0,0.0,0.0,0.0,0.0,0.0,0.0,0.0,0.0,0.0,0.0,0.0,0.0,0.0,0.0,0.0,0.0,0.0,0.0,0.0,0.0,0.0,0.0,0.0,0.0,0.0,0.0,0.0,0.0,0.0,0.0,0.6931471805599453,0.0,0.0,0.0,0.0,0.0,0.0778170223568091,0.0,0.0,0.0,0.0,0.0,0.07302513501488989,0.0,0.0,0.0,0.0,0.0,0.0,0.0,0.0
5.183758700008217,1.1925144413116917,COc1ccc(C[C@@H]2NC(=O)[C@H](Cc3ncc[nH]3)NC(=O)[C@H](CC(=O)O)NC(=O)[C@H](Cc3c[nH]c4ccc(F)cc34)NC(=O)[C@H](Cc3c[nH]c4ccc(F)cc34)NC(=O)[C@@H](C)NC(=O)[C@H](CCCCN(C)C)NC(=O)CCSCc3cc(F)cc(c3)CSCCNC(=O)[C@]3(C)CCCN3C2=O)cc1,0.0,0.0,0.0,0.0,0.0,0.0,0.0,0.0,0.0,0.0,0.0,0.0,0.0,0.0,0.0,0.0,0.0,0.0,0.0,0.0,0.0,0.0,0.0,0.0,0.0,0.0,0.0,0.0,0.0,0.0,0.0,0.0,0.0,0.0,0.0,0.0,0.0,0.0,0.0,0.11105295721410488,0.11087663101705109,0.0,0.0,0.2038893586045199,0.0,0.0,0.0,0.0,0.0,0.0,-0.3298276939025445,0.0,0.0,0.0,0.0,0.0,0.0,0.0,0.0,0.0,0.0,0.0,0.0,0.0,0.0,0.0,0.0,0.0,0.0,0.0,0.0,0.0,0.0,0.0,0.0,0.0,0.0,0.0,0.0,0.0,0.0,0.0,-0.6931471805599453,0.0,0.0,0.0,0.0,0.0,0.0,0.0,0.0,0.0,0.0,0.0,0.0,0.0,0.0,0.0,0.0,0.0,0.0,0.0,0.0,0.0,0.0,0.0,0.0,0.0,0.0,0.0,0.0,0.0,0.0,0.0,0.0,0.0,0.0,0.0,0.0,0.0,0.0,0.0,0.0,0.0,0.0,0.0,0.0,0.0,0.0,0.0,0.0,0.0,0.0,0.0,0.0,0.0,0.0,0.0,0.0,0.0,0.0,0.0,0.0,0.0,0.0,0.0,0.0,0.0,0.0,0.0,0.0,0.0,0.0,0.0,0.0,0.0,0.0,0.0,0.0,0.0,0.0,0.0,0.0,0.0,0.0,0.6931471805599453,0.0,0.0,0.0,0.0,0.0,-0.331505338992877,0.0,0.0,0.0,0.0,0.0,0.19237189264745608,0.0,0.0,0.0,0.0,0.0,0.0,0.0,0.0
5.183758700008217,1.1925144413116917,CNCCCC[C@@H]1NC(=O)CCSCc2cc(F)cc(c2)CSCCNC(=O)[C@]2(C)CCCN2C(=O)[C@H](Cc2ccc(OC)cc2)NC(=O)[C@H](Cc2ncc[nH]2)NC(=O)[C@H](CC(=O)O)NC(=O)[C@H](Cc2c[nH]c3ccc(F)cc23)NC(=O)[C@H](Cc2c[nH]c3ccc(F)cc23)NC(=O)[C@@H](C)NC1=O,0.0,0.0,0.0,0.0,0.0,0.0,0.0,0.0,0.0,0.0,0.0,0.0,0.0,0.0,0.0,0.0,0.0,0.0,0.0,0.0,0.0,0.0,0.0,0.0,0.0,0.0,0.0,0.0,0.0,0.0,0.0,0.0,0.0,0.0,0.0,0.0,0.0,0.0,0.0,0.11105295721410488,0.11087663101705109,0.0,0.0,0.2038893586045199,0.0,0.0,0.0,0.0,0.0,0.0,-0.3345782966611423,0.0,0.0,0.0,0.0,0.0,0.0,0.0,0.0,0.0,0.0,0.0,0.0,0.0,0.0,0.0,0.0,0.0,0.0,0.0,0.0,0.0,0.0,0.0,0.0,0.0,0.0,0.0,0.0,0.0,0.0,0.0,-0.6931471805599453,0.0,0.0,0.0,0.0,0.0,0.0,0.0,0.0,0.0,0.0,0.0,0.0,0.0,0.0,0.0,0.0,0.0,0.0,0.0,0.0,0.0,0.0,0.0,0.0,0.0,0.0,0.0,0.0,0.0,0.0,0.0,0.0,0.0,0.0,0.0,0.0,0.0,0.0,0.0,0.0,0.0,0.0,0.0,0.0,0.0,0.0,0.0,0.0,0.0,0.0,0.0,0.0,0.0,0.0,0.0,0.0,0.0,0.0,0.0,0.0,0.0,0.0,0.0,0.0,0.0,0.0,0.0,0.0,0.0,0.0,0.0,0.0,0.0,0.0,0.0,0.0,0.0,0.0,0.0,0.0,0.0,0.0,0.6931471805599453,0.0,0.0,0.0,0.0,0.0,-0.33976984884276956,0.0,0.0,0.0,0.0,0.0,0.5198754592859086,0.0,0.0,0.0,0.0,0.0,0.0,0.0,0.0
4.449771646944906,1.1925144413116917,CC(=O)N[C@H]1CCCC/C=C/CO[C@@H]2CCN(C(=O)[C@H](Cc3ccc(O)cc3)NC(=O)[C@H](Cc3cnc[nH]3)NC(=O)[C@H](CC(=O)O)NC(=O)[C@H](Cc3c[nH]c4ccc(F)cc34)NC(=O)[C@H](Cc3c[nH]c4ccc(F)cc34)NC(=O)CNC(=O)[C@H](CCCCN)NC1=O)[C@@H]2C(N)=O,0.0,0.0,0.0,0.0,0.0,0.0,0.0,0.0,0.0,0.0,0.0,0.0,0.0,0.0,0.0,0.0,0.0,0.0,0.0,0.0,0.0,0.0,0.0,0.0,0.0,0.0,0.0,0.0,0.0,-0.6931471805599453,0.0,0.0,0.0,0.0,0.0,0.0,0.0,0.0,0.0,0.0,0.0,0.0,0.0,0.10130827721874541,0.0,0.0,0.0,0.0,0.0,0.0,0.02936589480436454,0.0,0.0,0.0,0.0,0.0,0.0,0.0,0.0,0.0,0.0,0.0,0.0,0.0,0.0,0.0,0.0,0.0,0.0,0.0,0.0,0.0,0.0,0.0,0.0,0.0,0.0,0.0,0.0,0.0,0.0,0.0,0.0,0.0,0.0,0.0,0.0,0.0,0.0,0.0,0.0,0.0,0.0,0.0,0.0,0.0,0.0,0.0,0.0,0.0,0.0,0.0,0.0,0.0,0.0,0.0,0.0,0.0,0.0,0.0,0.0,0.0,0.0,0.0,0.0,0.0,0.0,0.0,0.0,0.0,0.0,0.0,0.0,0.0,0.0,0.0,0.0,0.0,0.0,0.0,0.0,0.0,0.0,0.0,0.0,0.0,0.0,0.0,0.0,0.0,0.0,0.0,0.0,0.0,0.0,0.0,0.0,0.0,0.0,0.0,0.0,0.0,0.0,0.0,0.0,0.0,0.0,0.0,0.0,0.0,0.0,0.0,0.0,0.0,0.0,0.0,0.0,0.0,0.0,0.0,0.0,-0.24487110701997458,0.0,0.0,0.0,0.0,0.0,0.4353180712578455,0.0,0.0,0.0,0.0,0.0,0.0,0.0,0.0
7.301029995663981,1.1925144413116917,COc1ccc(C[C@@H]2NC(=O)[C@H](Cc3cnc[nH]3)NC(=O)[C@H](CC(=O)O)NC(=O)[C@H](Cc3c[nH]c4ccc(F)cc34)NC(=O)[C@H](Cc3c[nH]c4ccc(F)cc34)NC(=O)[C@H](C)NC(=O)CCCCCC(=O)NCc3ccc(cc3)CCNC(=O)[C@]3(C)CCCN3C2=O)cc1,0.0,0.0,0.0,0.0,0.0,0.0,0.0,0.0,0.0,0.0,0.0,0.0,0.0,0.0,0.0,0.0,0.0,0.0,0.0,0.0,0.0,0.0,0.0,0.0,0.0,0.0,0.0,0.0,0.0,-0.6931471805599453,0.0,0.0,0.0,0.0,0.0,-0.6931471805599453,0.0,0.0,0.0,0.3758744249050815,0.37534873392630286,0.0,0.0,0.4531966352095854,0.0,0.0,0.0,0.0,0.0,0.0,0.09771547260557432,0.0,0.0,0.0,0.6931471805599453,0.0,0.0,0.0,0.0,0.0,0.0,0.0,0.0,0.0,0.0,0.0,0.0,0.0,0.0,0.0,0.0,0.0,0.0,0.0,0.0,0.0,0.0,0.0,0.0,0.0,0.0,0.0,0.0,0.0,0.0,0.0,0.0,0.0,0.0,0.0,0.0,0.0,0.0,0.0,0.0,0.0,0.0,0.0,0.0,0.0,0.0,0.0,0.0,0.0,0.0,0.0,0.0,0.0,0.0,0.0,0.0,0.0,0.0,0.0,0.0,0.0,0.0,0.0,0.0,0.0,0.0,0.0,0.0,0.0,0.0,0.0,0.0,0.0,0.0,0.0,0.0,0.0,0.0,0.0,0.0,0.0,0.0,0.0,0.0,0.0,0.0,0.0,0.0,0.0,0.0,0.0,0.0,0.0,0.0,0.0,0.0,0.0,0.0,0.0,0.0,0.0,0.0,0.0,0.0,0.0,0.0,0.0,0.0,0.0,0.0,0.6931471805599453,0.0,0.0,0.0,0.0,0.0,-0.3800978942297423,0.0,0.0,0.0,0.0,0.0,0.5377330766859151,0.0,0.0,0.0,0.0,0.0,0.0,0.0,0.0
7.301029995663981,1.1925144413116917,CC(=O)N[C@@H]1CCCC/C=C\CO[C@@H]2CCN(C(=O)[C@H](Cc3ccc(O)cc3)NC(=O)[C@H](Cc3cnc[nH]3)NC(=O)[C@H](CC(=O)O)NC(=O)[C@H](Cc3c[nH]c4ccc(F)cc34)NC(=O)[C@H](Cc3c[nH]c4ccc(F)cc34)NC(=O)CNC1=O)[C@@H]2C(N)=O,0.0,0.0,0.0,0.0,0.0,0.0,0.0,0.0,0.0,0.0,0.0,0.0,0.0,0.0,0.0,0.0,0.0,0.0,0.0,0.0,0.0,0.0,0.0,0.0,0.0,0.0,0.0,0.0,0.0,-0.6931471805599453,0.0,0.0,0.0,0.0,0.0,0.0,0.0,0.0,0.0,0.3758744249050815,0.37534873392630286,0.0,0.0,0.4531966352095854,0.0,0.0,0.0,0.0,0.0,0.0,-0.02291425952287586,0.0,0.0,0.0,0.0,0.0,0.0,0.0,0.0,0.0,0.0,0.0,0.0,0.0,0.0,0.0,0.0,0.0,0.0,0.0,0.0,0.0,0.0,0.0,0.0,0.0,0.0,0.0,0.0,0.0,0.0,0.0,0.0,0.0,0.0,0.0,0.0,0.0,0.0,0.0,0.0,0.0,0.0,0.0,0.0,0.0,0.0,0.0,0.0,0.0,0.0,0.0,0.0,0.0,0.0,0.0,0.0,0.0,0.0,0.0,0.0,0.0,0.0,0.0,0.0,0.0,0.0,0.0,0.0,0.0,0.0,0.0,0.0,0.0,0.0,0.0,0.0,0.0,0.0,0.0,0.0,0.0,0.0,0.0,0.0,0.0,0.0,0.0,0.0,0.0,0.0,0.0,0.0,0.0,0.0,0.0,0.0,0.0,0.0,0.0,0.0,0.0,0.0,0.0,0.0,0.0,0.0,0.0,0.0,0.0,0.0,0.0,0.0,0.0,0.0,0.0,0.0,0.0,0.0,0.0,0.0,-0.33976984884276956,0.0,0.0,0.0,0.0,0.0,0.6623755218931907,0.0,0.0,0.0,0.0,0.0,0.0,0.0,0.0
7.301029995663981,1.1925144413116917,CC(C)C[C@H]1C(=O)N[C@@H](Cc2ccc(O)cc2)C(=O)N2CCC[C@@]2(C)C(=O)N[C@H](C(N)=O)CSCc2cccc(c2)CSCCC(=O)N[C@@H](CCCCN)C(=O)NCC(=O)N[C@@H](Cc2c[nH]c3ccc(F)cc23)C(=O)N[C@@H](Cc2c[nH]c3ccc(F)cc23)C(=O)N[C@H]2CCN1C2=O,0.0,0.0,0.0,0.0,0.0,0.0,0.0,0.0,0.0,0.0,0.0,0.0,0.0,0.0,0.0,0.0,0.0,0.0,0.0,0.0,0.0,0.0,0.0,0.0,0.0,0.0,0.0,0.0,0.0,0.0,0.0,0.0,0.0,0.0,0.0,0.0,0.0,0.0,0.0,0.3758744249050815,0.37534873392630286,0.0,0.0,0.4531966352095854,0.0,0.0,0.0,0.0,0.0,0.0,-0.37861785807197657,0.0,0.0,0.0,0.0,0.0,0.0,0.0,0.0,0.0,0.0,0.0,0.0,0.0,0.0,0.0,0.0,0.0,0.0,0.0,0.0,0.0,0.0,0.0,0.0,0.0,0.0,0.0,0.0,0.0,0.0,0.0,-0.6931471805599453,0.0,0.0,0.0,0.0,0.0,-0.6931471805599453,0.0,0.0,0.0,0.0,0.0,0.0,0.0,0.0,0.0,0.0,0.0,0.0,0.0,0.0,0.0,0.0,0.0,0.0,0.0,0.0,0.0,0.0,0.0,0.0,0.0,0.0,0.0,0.0,0.0,0.0,0.0,0.0,0.0,0.0,0.0,0.0,0.0,0.0,0.0,0.0,0.6931471805599453,0.0,0.0,0.0,0.0,0.0,0.0,0.0,0.0,0.0,0.0,0.0,0.0,0.0,0.0,0.0,0.0,0.0,0.0,0.0,0.0,0.0,0.0,0.0,0.0,0.0,0.0,0.0,0.0,0.0,0.0,0.0,0.0,0.0,0.0,0.0,0.0,0.0,0.0,0.0,0.0,0.0,0.1890426574670326,0.0,0.0,0.0,0.0,0.0,-0.3953127366441464,0.0,0.0,0.0,0.0,0.0,0.0,0.0,0.0
4.449771646944906,1.1925144413116917,CCCCCCCCCCCCCCCC(=O)N[C@@H](CCC(=O)NCCOCCOCCC(=O)NCCOCCOCC(=O)NCCCC[C@H](NC(=O)COCCOCCOCCNC(=O)[C@@H]1CSCc2cccc(c2)CSCCC(=O)N[C@@H](CCCCN)C(=O)N[C@H](C)C(=O)N[C@@H](Cc2c[nH]c3ccc(F)cc23)C(=O)N[C@@H](Cc2c[nH]c3ccc(F)cc23)C(=O)N[C@@H](CC(=O)O)C(=O)N[C@@H](Cc2cnc[nH]2)C(=O)N[C@@H](Cc2ccc(O)cc2)C(=O)N2CCC[C@@]2(C)C(=O)N1)C(N)=O)C(=O)O,0.0,0.0,0.0,0.0,0.0,0.6931471805599453,0.0,0.0,0.0,0.0,0.0,0.0,0.0,0.0,0.0,0.0,0.0,0.0,0.0,0.0,0.0,0.0,0.0,0.0,0.0,0.0,0.0,0.0,0.0,0.0,0.0,0.0,0.0,0.0,0.0,0.0,0.0,0.0,0.0,0.0,0.0,0.0,0.0,0.10130827721874541,0.0,0.0,0.0,0.0,0.0,0.0,0.14177546239960487,0.0,0.0,0.0,0.0,0.0,0.0,0.0,0.0,0.0,0.0,0.0,0.0,0.0,0.0,0.0,0.6931471805599453,0.6931471805599453,0.0,0.0,0.0,0.0,0.0,0.0,0.0,0.0,0.0,0.0,0.0,0.0,0.0,0.0,0.0,0.0,0.0,0.0,0.0,0.0,0.0,0.0,0.0,0.0,0.0,0.0,0.0,0.0,0.0,0.0,0.0,0.0,0.0,0.0,0.0,0.0,0.0,0.0,0.0,0.0,0.0,0.0,0.0,0.0,0.0,0.0,0.0,0.0,0.0,0.0,0.0,0.0,0.0,0.0,0.0,0.0,0.0,0.0,0.0,0.0,0.0,0.6931471805599453,0.0,0.0,0.0,0.0,0.0,0.0,0.0,0.0,0.0,0.0,0.0,0.0,0.0,0.0,0.0,0.0,0.0,0.0,0.0,0.0,0.0,0.0,0.0,0.0,0.0,0.0,0.0,0.0,0.0,0.0,0.0,0.0,0.0,0.0,0.0,0.0,0.0,0.0,0.0,0.0,0.0,-0.4414197851040614,0.0,0.0,0.0,0.0,0.0,-0.1278333715098849,0.0,0.0,0.0,0.0,0.0,0.0,0.0,0.0
5.183758700008217,1.1925144413116917,CCCCCCCCCCCCCCCC(=O)N[C@@H](CCC(=O)NCCOCCOCCC(=O)NCCOCCOCC(=O)NCCCC[C@H](NC(=O)COCCOCCOCCOCCOCCOCCOCCOCCOCCOCCOCCOCCNC(=O)[C@@H]1CSCc2cccc(c2)CSCCC(=O)N[C@@H](CCCCN)C(=O)N[C@H](C)C(=O)N[C@@H](Cc2c[nH]c3ccc(F)cc23)C(=O)N[C@@H](Cc2c[nH]c3ccc(F)cc23)C(=O)N[C@@H](CC(=O)O)C(=O)N[C@@H](Cc2cnc[nH]2)C(=O)N[C@@H](Cc2ccc(O)cc2)C(=O)N2CCC[C@@]2(C)C(=O)N1)C(N)=O)C(=O)O,0.0,0.0,0.0,0.0,0.0,0.6931471805599453,0.0,0.0,0.0,0.0,0.0,0.0,0.0,0.0,0.0,0.0,0.0,0.0,0.0,0.0,0.0,0.0,0.0,0.0,0.0,0.0,0.0,0.0,0.0,0.0,0.0,0.0,0.0,0.0,0.0,0.0,0.0,0.0,0.0,0.11105295721410488,0.11087663101705109,0.0,0.0,0.2038893586045199,0.0,0.0,0.0,0.0,0.0,0.0,0.10071397560183092,0.0,0.0,0.0,0.0,0.0,0.0,0.0,0.0,0.0,0.0,0.0,0.0,0.0,0.0,0.0,0.6931471805599453,0.6931471805599453,0.0,0.0,0.0,0.0,0.0,0.0,0.0,0.0,0.0,0.0,0.0,0.0,0.0,0.0,0.0,0.0,0.0,0.0,0.0,0.0,0.0,0.0,0.0,0.0,0.0,0.0,0.0,0.0,0.0,0.0,0.0,0.0,0.0,0.0,0.0,0.0,0.0,0.0,0.0,0.0,0.0,0.0,0.0,0.0,0.0,0.0,0.0,0.0,0.0,0.0,0.0,0.0,0.0,0.0,0.0,0.0,0.0,0.0,0.0,0.0,0.0,0.6931471805599453,0.0,0.0,0.0,0.0,0.0,0.0,0.0,0.0,0.0,0.0,0.0,0.0,0.0,0.0,0.0,0.0,0.0,0.0,0.0,0.0,0.0,0.0,0.0,0.0,0.0,0.0,0.0,0.0,0.0,0.0,0.0,0.0,0.0,0.0,0.0,0.0,0.0,0.0,0.0,0.0,0.0,-0.33976984884276956,0.0,0.0,0.0,0.0,0.0,0.15415067982725827,0.0,0.0,0.0,0.0,0.0,0.0,0.0,0.0
4.449771646944906,1.1925144413116917,C[C@@]12CCCN1C(=O)[C@H](Cc1ccc(O)cc1)NC(=O)[C@H]1CS[C@H]3CC[C@H](NC(=O)[C@H](Cc4c[nH]c5ccc(F)cc45)NC(=O)[C@H](Cc4c[nH]c5ccc(F)cc45)NC(=O)CNC(=O)[C@H](CCCCN)NC(=O)CCSCc4cccc(c4)CSC[C@@H](C(N)=O)NC2=O)C(=O)N31,0.0,0.0,0.0,0.0,0.0,0.0,0.0,0.0,0.0,0.0,0.0,0.0,0.0,0.0,0.0,0.0,0.0,0.0,0.0,0.0,0.0,0.0,0.0,0.0,0.0,0.0,0.0,0.0,0.0,0.0,0.0,0.0,0.0,0.0,0.0,0.0,0.0,0.0,0.0,0.0,0.0,0.0,0.0,0.10130827721874541,0.0,0.0,0.0,0.0,0.0,0.0,-0.26338259449439166,0.0,0.0,0.0,0.0,0.0,0.0,0.0,0.0,0.0,0.0,0.0,0.0,0.0,0.0,0.0,0.0,0.0,0.0,0.0,0.0,0.0,0.0,0.0,0.0,0.0,0.0,0.0,0.0,0.0,0.0,0.0,-0.6931471805599453,0.0,0.0,0.0,0.0,0.0,-0.6931471805599453,0.0,0.0,0.0,0.0,0.0,0.0,0.0,0.0,0.0,0.0,0.0,0.0,0.0,0.0,0.0,0.0,0.0,0.0,0.0,0.0,0.0,0.0,0.0,0.0,0.0,0.0,0.0,0.6931471805599453,0.0,0.0,0.6931471805599453,0.0,0.0,0.0,0.0,0.0,0.0,0.0,0.0,0.0,0.6931471805599453,0.0,0.0,0.0,0.0,0.0,0.0,0.0,0.0,0.0,0.0,0.0,0.0,0.0,0.0,0.0,0.0,0.0,0.0,0.0,0.0,0.0,0.0,0.0,0.0,0.0,0.0,0.0,0.0,0.0,0.0,0.0,0.0,0.0,0.0,0.0,0.0,0.0,0.0,0.0,0.0,0.0,0.22660575904268127,0.0,0.6931471805599453,0.0,0.0,0.0,-0.3850562364769573,0.0,0.0,0.0,0.0,0.0,0.0,0.0,0.0
5.183758700008217,1.1925144413116917,C[C@@]12CCCN1C(=O)[C@H](Cc1ccc(O)cc1)NC(=O)[C@H](Cc1c[nH]cn1)NC(=O)[C@H](CC(=O)O)NC(=O)[C@H](Cc1c[nH]c3ccc(F)cc13)NC(=O)[C@H](Cc1c[nH]c3ccc(F)cc13)NC(=O)c1coc(n1)[C@H](CCCCN)NC(=O)CCSCc1cccc(c1)CSC[C@@H](C(N)=O)NC2=O,0.0,0.0,0.0,0.0,0.0,0.6931471805599453,0.0,0.0,0.0,0.0,0.0,0.0,0.0,0.0,0.0,0.0,0.0,0.0,0.0,0.0,0.0,0.0,0.0,0.0,0.0,0.0,0.0,0.0,0.0,0.0,0.0,0.0,0.0,0.0,0.0,0.0,0.0,0.0,0.0,0.11105295721410488,0.11087663101705109,0.0,0.0,0.2038893586045199,0.0,0.0,0.0,0.0,0.0,0.0,-0.38314275267026626,0.0,0.0,0.0,0.6931471805599453,0.6931471805599453,0.0,0.0,0.6931471805599453,0.0,0.0,0.0,0.0,0.0,0.0,0.0,0.0,0.0,0.0,0.0,0.0,0.0,0.0,0.0,0.0,0.0,0.0,0.0,0.0,0.0,0.0,0.0,0.0,0.0,0.0,0.0,0.0,0.0,0.0,0.0,0.0,0.0,0.0,0.0,0.0,0.0,0.0,0.0,0.0,0.0,0.0,0.0,0.0,0.0,0.0,0.0,0.0,0.0,0.0,0.0,0.0,0.0,0.0,0.0,0.0,0.0,0.0,0.0,0.0,0.0,0.0,0.0,0.0,0.0,0.0,0.0,0.0,0.0,0.0,0.6931471805599453,0.0,0.0,0.0,0.0,0.0,0.0,0.0,0.0,0.0,0.0,0.0,0.0,0.0,0.0,0.0,0.0,0.0,0.0,0.0,0.0,0.0,0.0,0.0,0.0,0.0,0.0,0.0,0.0,0.0,0.0,0.0,0.0,0.0,0.0,0.0,0.0,0.0,0.0,0.0,0.0,0.0,-0.17942719876758959,0.0,0.6931471805599453,0.0,0.0,0.0,-0.2762533766281582,0.0,0.0,0.0,0.0,0.0,0.0,0.0,0.0
4.449771646944906,1.1925144413116917,CCCCCCCCCCCCCCCC(=O)N[C@@H](CCC(=O)NCCOCCOCCOCCOCCOCCOCCOCCOCCOCCOCCOCCOCCC(=O)NCc1cccc(C[C@@H]2NC(=O)[C@@H](C)NC(=O)[C@H](CCCCN)NC(=O)CCSCc3cccc(c3)CSC[C@@H](C(N)=O)NC(=O)[C@]3(C)CCCN3C(=O)[C@H](Cc3ccc(O)cc3)NC(=O)[C@H](Cc3cnc[nH]3)NC(=O)[C@H](CC(=O)O)NC(=O)[C@H](Cc3c[nH]c4ccc(F)cc34)NC2=O)c1)C(=O)O,0.0,0.0,0.0,0.0,0.0,0.6931471805599453,0.0,0.0,0.0,0.0,0.0,0.0,0.0,0.0,0.0,0.0,0.0,0.0,0.0,-1.1455304055890243,0.0,0.0,0.0,0.0,0.0,0.0,0.0,0.0,0.0,0.0,0.0,0.0,0.0,0.0,0.0,0.0,0.0,0.0,0.0,0.0,0.0,0.0,0.0,0.10130827721874541,0.0,0.0,0.0,0.0,0.0,0.0,-0.21916212601502486,0.0,0.0,0.0,0.6931471805599453,0.0,0.0,0.0,0.0,0.0,0.0,0.0,0.0,0.0,0.0,0.0,0.6931471805599453,0.0,0.0,0.0,0.0,0.0,0.0,0.0,0.0,0.0,0.0,0.0,0.0,0.0,0.0,-0.6931471805599453,0.0,0.0,0.0,0.0,0.0,0.0,0.0,0.0,0.0,0.0,0.0,0.0,0.0,0.0,0.0,0.0,0.0,0.0,0.0,0.0,0.0,0.0,0.0,0.0,0.0,0.0,0.0,0.0,0.0,0.0,0.0,0.0,0.0,0.0,0.0,0.0,0.0,0.0,0.0,0.0,0.0,0.0,0.0,0.0,0.0,0.0,0.0,0.6931471805599453,0.0,0.0,0.0,0.0,0.0,0.0,0.0,0.0,0.0,0.0,0.0,0.0,0.0,0.0,0.0,0.0,0.0,0.0,0.0,0.0,0.0,0.0,0.0,0.0,0.0,0.0,0.0,0.0,0.0,0.0,0.0,0.0,0.0,0.0,0.0,0.6931471805599453,0.0,0.0,0.0,0.0,0.0,0.05619455834364338,0.0,0.0,0.0,0.0,0.0,-0.15415067982725827,0.0,0.0,0.0,0.0,0.0,0.0,0.0,0.0
7.301029995663981,1.1925144413116917,CCCCCCCCCCCCCCCC(=O)N[C@@H](CCC(=O)NCCOCCOCC(=O)NCCOCCOCC(=O)NCCCC[C@H](NC(=O)CCCCCCCCCCNC(=O)[C@@H]1CSCc2cccc(c2)CSCCC(=O)N[C@@H](CCCCN)C(=O)N[C@H](C)C(=O)N[C@@H](Cc2c[nH]c3ccc(F)cc23)C(=O)N[C@@H](Cc2c[nH]c3ccc(F)cc23)C(=O)N[C@@H](CC(=O)O)C(=O)N[C@@H](Cc2cnc[nH]2)C(=O)N[C@@H](Cc2ccc(O)cc2)C(=O)N2CCC[C@@]2(C)C(=O)N1)C(N)=O)C(=O)O,0.0,0.0,0.0,0.0,0.0,0.6931471805599453,0.0,0.0,0.0,0.0,0.0,0.0,0.0,0.0,0.0,0.0,0.0,0.0,0.0,0.0,0.0,0.0,0.0,0.0,0.0,0.0,0.0,0.0,0.0,0.0,0.0,0.0,0.0,0.0,0.0,0.0,0.0,0.0,0.0,0.3758744249050815,0.37534873392630286,0.0,0.0,0.4531966352095854,0.0,0.0,0.0,0.0,0.0,0.0,0.13601175768285478,0.0,0.0,0.0,0.0,0.0,0.0,0.0,0.0,0.0,0.0,0.0,0.0,0.0,0.0,0.0,0.6931471805599453,0.6931471805599453,0.0,0.0,0.0,0.0,0.0,0.0,0.0,0.0,0.0,0.0,0.0,0.0,0.0,0.0,0.0,0.0,0.0,0.0,0.0,0.0,0.0,0.0,0.0,0.0,0.0,0.0,0.0,0.0,0.0,0.0,0.0,0.0,0.0,0.0,0.0,0.0,0.0,0.0,0.0,0.0,0.0,0.0,0.0,0.0,0.0,0.0,0.0,0.0,0.0,0.0,0.0,0.0,0.0,0.0,0.0,0.0,0.0,0.0,0.0,0.0,0.0,0.6931471805599453,0.0,0.0,0.0,0.0,0.0,0.0,0.0,0.0,0.0,0.0,0.0,0.0,0.0,0.0,0.0,0.0,0.0,0.0,0.0,0.0,0.0,0.0,0.0,0.0,0.0,0.0,0.0,0.0,0.0,0.0,0.0,0.0,0.0,0.0,0.0,0.0,0.0,0.0,0.0,0.0,0.0,-0.08845542056186372,0.0,0.0,0.0,0.0,0.0,-0.4450742462032102,0.0,0.0,0.0,0.0,0.0,0.0,0.0,0.0
6.259637310505756,1.1925144413116917,CC1NC(=O)[C@H](Cc2c[nH]c3ccc(F)cc23)NC(=O)[C@H](Cc2c[nH]c3ccc(F)cc23)NC(=O)[C@@H](C)NC(=O)[C@H](CCCCN)NC(=O)CCSCc2cccc(c2)CSC[C@@H](C(N)=O)NC(=O)[C@]2(C)CCCN2C(=O)[C@H](Cc2ccc(O)cc2)NC(=O)c2cnc1s2,0.0,0.0,0.0,0.0,0.0,0.6931471805599453,0.0,0.0,0.0,0.0,0.0,0.0,0.0,0.0,0.0,0.0,0.0,0.0,0.0,0.0,0.0,0.0,0.0,0.0,0.0,0.0,0.0,0.0,0.0,0.0,0.0,0.0,0.0,0.0,0.0,0.0,0.0,0.0,0.0,0.2543463885567357,0.25396960936753976,0.0,0.0,0.3386293396892764,0.0,0.0,0.0,0.0,0.0,0.0,0.003305788134499509,0.0,0.0,0.0,0.6931471805599453,0.0,0.0,0.0,0.0,0.0,0.0,0.0,0.0,0.0,0.0,0.0,0.0,0.0,0.0,0.0,0.0,0.0,0.0,0.0,0.0,0.0,0.0,0.0,0.0,0.0,0.0,0.0,-0.6931471805599453,0.0,0.0,0.0,0.0,0.0,0.0,0.0,0.0,0.0,0.0,0.0,0.0,0.0,0.0,0.0,0.0,0.0,0.0,0.0,0.0,0.0,0.0,0.0,0.0,0.0,0.0,0.0,0.0,0.0,0.0,0.0,0.0,0.0,0.0,0.0,0.0,0.0,0.0,0.0,0.0,0.0,0.0,0.0,0.0,0.0,0.0,0.6931471805599453,0.0,0.0,0.0,0.0,0.0,0.0,0.0,0.0,0.0,0.0,0.0,0.0,0.0,0.0,0.0,0.0,0.0,0.0,0.0,0.0,0.0,0.0,0.0,0.0,0.0,0.0,0.0,0.0,0.0,0.0,0.0,0.0,0.0,0.0,0.0,0.0,0.0,0.0,0.0,0.0,0.0,-0.21734643362988343,0.0,0.6931471805599453,0.0,0.0,0.0,-0.2291858657701724,0.0,0.0,0.0,0.0,0.0,0.0,0.0,0.0
5.183758700008217,1.1925144413116917,C[C@@]12CCCN1C(=O)[C@H](Cc1ccc(O)cc1)NC(=O)[C@H](Cc1c[nH]cn1)NC(=O)[C@H](CC(=O)O)NC(=O)[C@H](Cc1c[nH]c3ccc(F)cc13)NC(=O)[C@H](Cc1c[nH]c3ccc(F)cc13)NC(=O)CNC(=O)[C@@H]1CCC(=O)N1CCCSCc1cccc(c1)CSC[C@@H](C(N)=O)NC2=O,0.0,0.0,0.0,0.0,0.0,0.0,0.0,0.0,0.0,0.0,0.0,0.0,0.0,0.0,0.0,0.0,0.0,0.0,0.0,0.0,0.0,0.0,0.0,0.0,0.0,0.0,0.0,0.0,0.0,0.0,0.0,0.0,0.0,0.0,0.0,0.0,0.0,0.0,0.0,0.11105295721410488,0.11087663101705109,0.0,0.0,0.2038893586045199,0.0,0.0,0.0,0.0,0.0,0.0,0.06412452816953876,0.0,0.0,0.0,0.0,0.0,0.0,0.0,0.0,0.0,0.0,0.0,0.0,0.0,0.0,0.0,0.0,0.0,0.0,0.0,0.0,0.0,0.0,0.0,0.0,0.0,0.0,0.0,0.0,0.0,0.0,0.0,-0.6931471805599453,0.0,0.0,0.0,0.0,0.0,0.0,0.0,0.0,0.0,0.0,0.0,0.0,0.0,0.0,0.0,0.0,0.0,0.0,0.0,0.0,0.0,0.0,0.0,0.0,0.0,0.0,0.0,0.0,0.0,0.0,0.0,0.0,0.0,0.0,0.0,0.0,0.0,0.0,0.0,0.0,0.0,0.0,0.0,0.0,0.0,0.0,0.6931471805599453,0.0,0.0,0.0,0.0,0.0,0.0,0.0,0.0,0.0,0.0,0.0,0.0,0.0,0.0,0.0,0.0,0.0,0.0,0.0,0.0,0.0,0.0,0.0,0.0,0.0,0.0,0.0,0.0,0.0,0.0,0.0,0.0,0.0,0.0,0.0,0.0,0.0,0.0,0.0,0.0,0.0,0.12991213424020998,0.0,0.0,0.0,0.0,0.0,-0.17979311044059593,0.0,0.0,0.0,0.0,0.0,0.0,0.0,0.0
7.301029995663981,1.1925144413116917,COCCOCCOCCOCCC(=O)NCCCC[C@@H]1NC(=O)CCSCc2cccc(c2)CSC[C@@H](C(N)=O)NC(=O)[C@]2(C)CCCN2C(=O)[C@H](Cc2ccc(O)cc2)NC(=O)[C@H](Cc2c[nH+]c[nH]2)NC(=O)[C@H](CC(=O)O)NC(=O)[C@H](Cc2c[nH]c3ccc(F)cc23)NC(=O)[C@H](Cc2c[nH]c3ccc(F)cc23)NC(=O)CNC1=O,0.0,0.0,0.0,0.0,0.0,0.0,0.0,0.0,0.0,0.0,0.0,0.0,0.0,0.0,0.0,0.0,0.0,0.0,0.0,0.0,0.0,0.0,0.0,0.0,0.0,0.0,0.0,0.0,0.0,0.0,0.0,0.0,0.0,0.0,0.0,0.0,0.0,0.0,0.0,0.3758744249050815,0.37534873392630286,0.0,0.0,0.4531966352095854,0.0,0.0,0.0,0.0,0.0,0.0,-0.3105963319746569,0.0,0.0,0.0,0.0,0.0,0.0,0.0,0.0,0.0,0.0,0.0,0.0,0.0,0.0,0.0,0.0,0.0,0.0,0.0,0.0,0.0,0.0,0.0,0.0,0.0,0.0,0.0,0.0,0.0,0.0,0.0,-0.6931471805599453,0.0,0.0,0.0,0.0,0.0,0.0,0.0,0.0,0.0,0.0,0.0,0.0,0.0,0.0,0.0,0.0,0.0,0.0,0.0,0.0,0.0,0.0,0.0,0.0,0.0,0.0,0.0,0.0,0.0,0.0,0.0,0.0,0.0,0.0,0.0,0.0,0.0,0.0,0.0,0.0,0.0,0.0,0.0,0.0,0.0,0.0,0.6931471805599453,0.0,0.0,0.0,0.0,0.0,0.0,0.0,0.0,0.0,0.0,0.0,0.0,0.0,0.0,0.0,0.0,0.0,0.0,0.0,0.0,0.0,0.0,0.0,0.0,0.0,0.0,0.0,0.0,0.0,0.0,0.0,0.0,0.0,0.0,0.0,0.0,0.0,0.0,0.0,0.0,0.0,-0.4561802006871819,0.0,0.0,0.0,0.0,0.0,0.2876820724517809,0.0,0.0,0.0,0.0,0.0,0.0,0.0,0.0
7.301029995663981,1.1925144413116917,C[C@@]12CCCN1C(=O)[C@H](Cc1ccc(O)cc1)NC(=O)[C@H](Cc1cnc[nH]1)NC(=O)[C@H](CC(=O)O)NC(=O)[C@H](Cc1c[nH]c3ccc(F)cc13)NC(=O)[C@H](Cc1c[nH]c3ccc(F)cc13)NC(=O)CNC(=O)[C@H](CCCCNC(=O)CCOCCOCCOCCOCCN)NC(=O)CCSCc1cccc(c1)CSC[C@@H](C(N)=O)NC2=O,0.0,0.0,0.0,0.0,0.0,0.0,0.0,0.0,0.0,0.0,0.0,0.0,0.0,0.0,0.0,0.0,0.0,0.0,0.0,0.0,0.0,0.0,0.0,0.0,0.0,0.0,0.0,0.0,0.0,0.0,0.0,0.0,0.0,0.0,0.0,0.0,0.0,0.0,0.0,0.3758744249050815,0.37534873392630286,0.0,0.0,0.4531966352095854,0.0,0.0,0.0,0.0,0.0,0.0,-0.2959261422268631,0.0,0.0,0.0,0.0,0.0,0.0,0.0,0.0,0.0,0.0,0.0,0.0,0.0,0.0,0.0,0.0,0.0,0.0,0.0,0.0,0.0,0.0,0.0,0.0,0.0,0.0,0.0,0.0,0.0,0.0,0.0,-0.6931471805599453,0.0,0.0,0.0,0.0,0.0,0.0,0.0,0.0,0.0,0.0,0.0,0.0,0.0,0.0,0.0,0.0,0.0,0.0,0.0,0.0,0.0,0.0,0.0,0.0,0.0,0.0,0.0,0.0,0.0,0.0,0.0,0.0,0.0,0.0,0.0,0.0,0.0,0.0,0.0,0.0,0.0,0.0,0.0,0.0,0.0,0.0,0.6931471805599453,0.0,0.0,0.0,0.0,0.0,0.0,0.0,0.0,0.0,0.0,0.0,0.0,0.0,0.0,0.0,0.0,0.0,0.0,0.0,0.0,0.0,0.0,0.0,0.0,0.0,0.0,0.0,0.0,0.0,0.0,0.0,0.0,0.0,0.0,0.0,0.0,0.0,0.0,0.0,0.0,0.0,-0.4112288128249155,0.0,0.0,0.0,0.0,0.0,0.24116205681688804,0.0,0.0,0.0,0.0,0.0,0.0,0.0,0.0
7.301029995663981,1.1925144413116917,COc1ccc(C[C@@H]2NC(=O)[C@@H]3CCCC(=O)N[C@@H]4C[C@H](C(=O)N3)N(C4)C(=O)[C@H](Cc3c[nH]c4ccc(F)cc34)NC(=O)[C@H](Cc3c[nH]c4ccc(F)cc34)NC(=O)[C@@H](C)NC(=O)[C@H](CCCCN)NC(=O)CCSCc3cccc(c3)CSCCNC(=O)[C@]3(C)CCCN3C2=O)cc1,0.0,0.0,0.0,0.0,0.0,0.0,0.0,0.0,0.0,0.0,0.0,0.0,0.0,0.0,0.0,0.0,0.0,0.0,0.0,0.0,0.0,0.0,0.0,0.0,0.0,0.0,0.0,0.0,0.0,0.0,0.0,0.0,0.0,0.0,0.0,0.0,0.0,0.0,0.0,0.3758744249050815,0.37534873392630286,0.0,0.0,0.4531966352095854,0.0,0.0,0.0,0.0,0.0,0.0,-0.3510299015531475,0.0,0.0,0.0,0.0,0.0,0.0,0.0,0.0,0.0,0.0,0.0,0.0,0.0,0.0,0.0,0.0,0.0,0.0,0.0,0.0,0.0,0.0,0.0,0.0,0.0,0.0,0.0,0.0,0.0,0.0,0.0,-0.6931471805599453,0.0,0.0,0.0,0.0,0.0,-0.6931471805599453,0.0,0.0,0.0,0.0,0.0,0.0,0.0,0.0,0.0,0.0,0.0,0.0,0.0,0.0,0.0,0.0,0.0,0.0,0.0,0.0,0.0,0.0,0.0,0.0,0.0,0.0,0.0,0.0,0.0,0.0,0.0,0.0,0.0,0.0,0.0,0.0,0.0,0.0,0.0,0.0,0.0,0.0,0.0,0.0,0.0,0.0,0.0,0.0,0.0,0.0,0.0,0.0,0.0,0.0,0.0,0.0,0.0,0.0,0.0,0.0,0.0,0.0,0.0,0.0,0.0,0.0,0.0,0.0,0.0,0.0,0.0,0.0,0.0,0.0,0.0,0.0,0.0,0.0,0.0,0.0,0.0,0.0,-0.2716584229836235,0.0,0.0,0.0,0.0,0.0,-0.2047944126460132,0.0,0.0,0.0,0.0,0.0,0.0,0.0,0.0
6.259637310505756,1.1925144413116917,COc1ccc(C[C@@H]2NC(=O)[C@@H]3CCCC/C=C\CC[C@@]4(CCCN4C2=O)C(=O)NCCSCc2cccc(c2)CSCCC(=O)N[C@@H](C)C(=O)N[C@H](C)C(=O)N[C@H]2Cc4cccc(c4)CNC(=O)CC[C@@H](C(=O)N3)N3C(=O)[C@@H](NC2=O)C3c2c[nH]c3ccc(F)cc23)cc1,0.0,0.0,0.0,0.0,0.0,0.0,0.0,0.0,0.0,0.0,0.0,0.0,0.0,0.0,0.0,0.0,0.0,0.0,0.0,-1.1455304055890243,0.0,0.0,0.0,0.0,0.0,0.6931471805599453,0.0,0.0,0.0,0.0,0.0,0.0,0.0,0.0,0.0,0.0,0.0,0.0,0.0,0.2543463885567357,0.25396960936753976,0.0,0.0,0.3386293396892764,0.0,0.0,0.0,0.0,0.0,0.0,-0.5180839862163137,0.0,0.0,0.0,0.6931471805599453,0.0,0.0,0.0,0.0,0.0,0.0,0.0,0.0,-0.6931471805599453,0.0,0.0,0.0,0.0,0.0,0.0,0.0,0.0,0.0,0.0,0.0,0.0,0.0,0.0,0.0,0.0,0.0,-0.6931471805599453,0.0,0.0,0.0,0.0,0.0,0.0,-0.6931471805599453,0.0,0.0,0.0,0.0,0.0,0.0,0.0,0.0,0.0,0.0,0.0,0.0,0.0,0.0,0.0,0.0,0.0,0.0,0.0,0.0,0.0,0.0,0.0,0.0,0.0,0.0,0.0,0.6931471805599453,0.0,0.0,0.0,0.0,0.0,0.0,0.0,0.0,0.0,0.0,0.0,0.0,0.0,0.0,0.0,0.0,0.0,0.0,0.0,0.0,0.0,0.0,0.0,0.0,0.0,0.0,0.0,0.0,0.0,0.0,0.0,0.0,0.0,0.0,0.0,0.0,0.0,0.0,0.0,0.0,0.0,0.0,0.0,0.0,0.0,0.0,0.0,0.0,0.6931471805599453,0.0,0.0,0.0,0.0,0.0,0.16971838464062974,0.0,0.0,0.0,0.0,0.0,0.16705408466316618,0.0,0.0,0.0,0.0,0.0,0.0,0.0,0.0
6.259637310505756,1.1925144413116917,COc1ccc(C[C@@H]2NC(=O)[C@H]([C@H](C)O)NC(=O)[C@@H]3CCCc4cn(nn4)CC[C@H](NC(=O)[C@@H](C)NC(=O)[C@H](C)NC(=O)CCSCc4cccc(c4)CSCCNC(=O)[C@]4(C)CCCN4C2=O)C(=O)N[C@@H](Cc2c[nH]c4ccc(F)cc24)C(=O)N3)cc1,0.0,0.0,0.0,0.0,0.0,0.0,0.0,0.0,0.0,0.0,0.0,0.0,0.0,0.0,0.0,0.0,0.0,0.0,0.0,-1.1455304055890243,0.0,0.0,0.0,0.0,0.0,0.0,0.0,0.0,0.0,0.0,0.0,0.0,0.0,0.0,0.0,0.0,0.0,0.0,0.0,0.2543463885567357,0.25396960936753976,0.0,0.0,0.3386293396892764,0.0,0.0,0.0,0.0,0.0,0.0,-0.39659587036738486,0.0,0.0,0.0,0.0,0.6931471805599453,0.0,0.0,0.0,0.0,0.0,0.0,0.0,0.0,0.0,0.0,0.0,0.0,0.0,0.0,0.0,0.0,0.0,0.0,0.0,0.0,0.0,0.0,0.0,0.0,0.0,-0.6931471805599453,0.0,0.0,0.0,0.0,0.0,0.0,-0.6931471805599453,0.0,0.0,0.0,0.0,0.0,0.0,0.0,0.0,0.0,0.0,0.0,0.0,0.0,0.0,0.0,0.0,0.0,0.0,0.0,0.0,0.0,0.0,0.0,0.0,0.0,0.0,0.0,0.6931471805599453,0.0,0.0,0.0,0.0,0.0,0.0,0.0,0.0,0.0,0.0,0.0,0.0,0.0,0.0,0.0,0.0,0.0,0.0,0.0,0.0,0.0,0.0,0.0,0.0,0.0,0.0,0.0,0.0,0.0,0.0,0.0,0.0,0.0,0.0,0.0,0.0,0.0,0.0,0.0,0.0,0.0,0.0,0.0,0.0,0.0,0.0,0.0,0.0,0.0,0.0,0.0,0.0,0.0,0.0,-0.04520543676804694,0.0,0.0,0.0,0.0,0.0,0.11441035117774422,0.0,0.0,0.0,0.0,0.0,0.0,0.0,0.0
7.301029995663981,1.1925144413116917,COc1ccc(C[C@@H]2NC(=O)[C@H]([C@H](C)O)NC(=O)[C@@H]3CCCc4cn(nn4)CCCC[C@H](NC(=O)[C@@H](C)NC(=O)[C@H](CCCCN)NC(=O)CCSCc4cccc(c4)CSCCNC(=O)[C@]4(C)CCCN4C2=O)C(=O)N[C@@H](Cc2c[nH]c4ccc(F)cc24)C(=O)N3)cc1,0.0,0.0,0.0,0.0,0.0,0.0,0.0,0.0,0.0,0.0,0.0,0.0,0.0,0.0,0.0,0.0,0.0,0.0,0.0,-1.1455304055890243,0.0,0.0,0.0,0.0,0.0,0.0,0.0,0.0,0.0,0.0,0.0,0.0,0.0,0.0,0.0,0.0,0.0,0.0,0.0,0.3758744249050815,0.37534873392630286,0.0,0.0,0.4531966352095854,0.0,0.0,0.0,0.0,0.0,0.0,-0.3672152259741649,0.0,0.0,0.0,0.0,0.6931471805599453,0.0,0.0,0.0,0.0,0.0,0.0,0.0,0.0,0.0,0.0,0.0,0.0,0.0,0.0,0.0,0.0,0.0,0.0,0.0,0.0,0.0,0.0,0.0,0.0,0.0,-0.6931471805599453,0.0,0.0,0.0,0.0,0.0,0.0,-0.6931471805599453,0.0,0.0,0.0,0.0,0.0,0.0,0.0,0.0,0.0,0.0,0.0,0.0,0.0,0.0,0.0,0.0,0.0,0.0,0.0,0.0,0.0,0.0,0.0,0.0,0.0,0.0,0.0,0.6931471805599453,0.0,0.0,0.0,0.0,0.0,0.0,0.0,0.0,0.0,0.0,0.0,0.0,0.0,0.0,0.0,0.0,0.0,0.0,0.0,0.0,0.0,0.0,0.0,0.0,0.0,0.0,0.0,0.0,0.0,0.0,0.0,0.0,0.0,0.0,0.0,0.0,0.0,0.0,0.0,0.0,0.0,0.0,0.0,0.0,0.0,0.0,0.0,0.0,0.0,0.0,0.0,0.0,0.0,0.0,0.0,0.0,0.0,0.0,0.0,0.0,-0.36422214957411525,0.0,0.0,0.0,0.0,0.0,0.0,0.0,0.0
5.195179321278838,1.1925144413116917,CN(C)c1ccc2nc3c(C(=O)O)cc(=O)c(O)c-3oc2c1,1.1248005074377987,0.0,0.0,0.0,0.0,0.6931471805599453,0.0,0.0,0.0,0.0,0.0,0.0,0.0,0.0,0.0,0.0,0.0,0.6931471805599453,0.0,0.13724274079393822,0.0,0.0,0.0,0.0,0.0,0.0,0.0,0.0,0.0,0.0,0.0,0.0,0.0,0.0,0.0,0.0,0.0,0.0,-0.6931471805599453,0.11268710701999193,0.11250832936407709,0.0,0.0,0.20655689426604973,0.0,0.0,0.0,0.0,0.0,0.0,0.46751709667573077,0.0,0.0,0.0,0.6931471805599453,0.6931471805599453,0.0,-0.6931471805599453,0.0,0.0,0.0,0.0,0.0,-0.6931471805599453,0.0,0.0,0.6931471805599453,0.6931471805599453,-0.6931471805599453,0.0,0.0,0.0,0.0,-0.6931471805599453,0.0,0.0,0.0,-0.6931471805599453,0.0,0.0,-0.6931471805599453,-0.6931471805599453,0.0,0.0,0.0,0.0,0.0,0.0,0.0,-0.6931471805599453,0.0,0.0,0.0,0.0,0.0,0.0,0.0,0.0,0.0,-0.6931471805599453,0.0,0.0,0.0,0.0,0.0,0.0,0.0,0.0,0.0,0.0,0.0,0.0,0.0,-0.6931471805599453,0.0,0.0,0.0,-0.6931471805599453,0.0,0.0,-0.6931471805599453,0.0,0.6931471805599453,0.0,0.0,0.0,0.0,0.0,0.0,0.0,0.0,0.0,0.0,0.0,0.0,0.0,0.0,0.0,0.0,0.0,0.0,0.0,0.0,-0.6931471805599453,0.0,0.0,0.0,0.0,0.0,-0.6931471805599453,0.0,0.0,0.0,-0.6931471805599453,0.0,0.0,0.0,-0.6931471805599453,0.0,0.0,0.0,0.0,0.0,0.0,0.0,0.0,0.0,0.0,0.0,0.0,0.0,0.903492418730847,0.0,0.6931471805599453,0.0,0.0,0.0,-0.7230001437096257,-0.6931471805599453,0.0,0.0,0.0,-0.6931471805599453,0.0,0.0,0.0
6.544241796895863,1.1925144413116917,CC[C@H](C)[C@H](NC(=O)[C@@H](NC(=O)CNC(=O)[C@H](CCC(=O)O)NC(=O)[C@H](CC(=O)O)NC(=O)[C@H](CCC(N)=O)NC(=O)[C@H](Cc1cnc[nH]1)NC(=O)[C@H](CO)NC(=O)[C@H](CCC(N)=O)NC(=O)[C@H](CCC(=O)O)NC(=O)[C@H](CCC(N)=O)NC(=O)CN)C(C)C)C(=O)N[C@H](C(=O)N[C@@H](CCCNC(=N)N)C(=O)O)C(C)C,-0.7148462436713207,0.0,0.0,0.0,0.0,0.6931471805599453,0.0,0.0,0.0,0.0,0.0,0.0,0.0,0.0,0.0,0.0,0.0,0.0,0.0,-1.6654811635096367,0.0,0.0,0.0,0.0,0.0,0.0,0.0,0.0,0.0,-0.6931471805599453,0.0,0.0,0.0,0.0,0.0,0.0,0.0,0.0,0.0,0.2890522265945466,0.2886310619974716,0.0,0.0,0.37078807211802334,0.0,0.0,0.0,0.0,0.0,0.0,-0.057893978418902675,0.0,0.0,0.0,0.0,0.0,0.0,0.0,0.0,0.0,0.0,0.0,0.0,0.0,0.0,0.0,0.6931471805599453,0.0,0.0,0.0,0.0,0.0,0.0,-0.6931471805599453,0.0,0.0,0.0,0.0,0.0,0.0,0.0,-0.6931471805599453,0.0,0.0,0.0,0.0,0.0,0.0,0.0,0.0,0.0,0.0,0.0,0.0,0.0,0.0,0.0,0.0,0.0,-0.6931471805599453,0.0,0.0,0.0,0.0,0.0,0.0,0.0,0.0,0.0,0.0,0.0,0.0,0.0,0.0,0.0,0.0,0.6931471805599453,-0.6931471805599453,0.0,0.0,0.0,0.0,0.0,0.0,0.0,0.0,0.0,0.0,0.0,0.0,0.0,0.0,0.0,0.0,0.0,0.0,0.0,0.0,0.0,0.0,0.0,0.0,0.0,0.0,0.0,0.0,0.0,0.0,0.0,0.0,0.0,0.0,0.0,0.0,0.0,0.0,0.0,0.0,0.0,0.0,0.0,0.0,0.0,0.0,0.0,0.0,0.0,0.0,0.0,0.0,0.0,0.35609674213019826,0.0,0.0,0.0,0.0,0.0,0.31015492830383956,0.0,0.0,0.0,0.0,0.0,0.0,0.0,0.0
6.830325565941193,1.1925144413116917,CSCC[C@H](NC(=O)[C@@H](NC(=O)CNC(=O)[C@H](CCC(=O)O)NC(=O)[C@H](C)NC(=O)[C@H](CCC(N)=O)NC(=O)[C@H](CCCCN)NC(=O)[C@H](Cc1c[nH]c2ccccc12)NC(=O)[C@H](CCC(N)=O)NC(=O)[C@H](CCCNC(=N)N)NC(=O)[C@H](CCC(N)=O)NC(=O)CN)C(C)C)C(=O)N[C@H](C(=O)N[C@@H](CCCNC(=N)N)C(=O)O)C(C)C,-0.7148462436713207,0.0,0.0,0.0,0.0,0.6931471805599453,0.0,0.0,0.0,0.0,0.0,0.0,0.0,0.0,0.0,0.0,0.0,0.0,0.0,-1.1455304055890243,0.0,0.0,0.0,0.0,0.0,0.0,0.0,0.0,0.0,0.0,0.0,0.0,0.0,0.0,0.0,0.0,0.0,0.0,0.0,0.3227652609008415,0.32230242894139804,0.0,0.0,0.40303974444551655,0.0,0.0,0.0,0.0,0.0,0.0,-0.11261887810814897,0.0,0.0,0.0,0.0,0.0,0.0,0.0,0.0,0.0,0.0,0.0,0.0,0.0,0.0,0.0,0.6931471805599453,0.0,0.0,0.0,0.0,0.0,0.0,-0.6931471805599453,0.0,0.0,0.0,0.0,0.0,0.0,0.0,-0.6931471805599453,0.0,0.0,0.0,0.0,0.0,0.0,0.0,0.0,0.0,0.0,0.0,0.0,0.0,0.0,0.0,0.0,0.0,-0.6931471805599453,0.0,0.0,0.0,0.0,0.0,0.0,0.0,0.6931471805599453,0.0,0.0,0.0,0.0,0.0,0.0,0.0,0.0,0.0,-0.6931471805599453,0.0,0.0,0.0,0.0,0.0,0.0,0.0,0.0,0.0,0.0,0.0,0.6931471805599453,0.0,0.0,0.0,0.0,0.0,0.0,0.0,0.0,0.0,0.0,0.0,0.0,0.0,0.0,0.0,0.0,0.0,0.0,0.0,0.0,0.0,0.0,0.0,0.0,0.0,0.0,0.0,0.0,0.0,0.0,0.0,0.0,0.0,0.0,0.0,0.0,0.0,0.0,0.0,0.0,0.0,0.6902528225335823,0.0,0.0,0.0,0.0,0.0,0.16705408466316618,0.0,0.0,0.0,0.0,0.0,0.0,0.0,0.0
8.860120913598763,1.1925144413116917,CNCCCCCn1cncc1-c1ncc(-c2ncc(-c3ccc(OC)cc3)n2C)n1Cc1ccccc1,1.723289772686619,0.0,0.0,0.0,0.0,0.6931471805599453,0.0,0.6931471805599453,0.0,0.0,0.0,0.0,0.0,0.0,0.0,0.0,0.0,0.6931471805599453,0.0,1.2400709787595894,0.0,0.0,0.0,0.0,0.0,0.6931471805599453,0.0,0.0,0.0,0.0,0.0,0.6931471805599453,0.0,0.0,0.0,0.0,0.0,0.0,-0.6931471805599453,0.5340067992412035,0.5333125305994596,0.0,0.0,0.6036594762535626,0.0,0.0,0.0,0.0,0.0,0.0,-0.057893978418902675,0.0,0.0,0.0,0.0,0.6931471805599453,0.0,0.0,0.6931471805599453,0.0,0.0,0.0,0.0,-0.6931471805599453,0.0,0.0,0.6931471805599453,0.0,0.0,0.0,0.0,0.0,0.0,0.0,0.0,0.0,0.0,-0.6931471805599453,0.0,0.0,0.0,-0.6931471805599453,0.0,0.0,0.0,0.0,0.0,0.0,0.0,-0.6931471805599453,0.0,0.0,0.0,0.0,0.0,0.0,0.0,0.0,0.0,0.0,0.0,0.0,0.0,0.0,0.0,0.0,0.0,0.6931471805599453,0.0,0.0,0.0,0.0,0.0,-0.6931471805599453,0.0,0.0,0.0,-0.6931471805599453,0.0,0.6931471805599453,-0.6931471805599453,0.0,0.6931471805599453,0.0,0.0,0.0,0.0,0.0,0.0,0.0,0.0,0.0,0.0,0.0,0.0,0.0,0.0,0.0,0.0,0.0,0.0,0.0,0.0,0.0,0.0,0.0,0.0,0.0,-0.6931471805599453,-0.6931471805599453,0.0,0.0,0.0,0.0,0.0,0.0,0.0,0.0,0.0,0.0,0.0,0.0,0.0,0.0,0.0,0.0,0.0,0.0,0.0,0.0,0.0,0.022858138076050267,0.0,0.6931471805599453,0.0,0.0,0.0,-0.2291858657701724,0.0,0.0,0.0,0.0,-0.6931471805599453,0.0,0.0,0.0
8.51427857351842,1.1925144413116917,CNCCCCCn1cncc1-c1ncc(-c2ncc(-c3ccc(OC)cc3)n2C)n1CCc1ccccc1,1.723289772686619,0.0,0.0,0.0,0.0,0.6931471805599453,0.0,0.6931471805599453,0.0,0.0,0.0,0.0,0.0,0.0,0.0,0.0,0.0,0.6931471805599453,0.0,1.2400709787595894,0.0,0.0,0.0,0.0,0.0,0.6931471805599453,0.0,0.0,0.0,0.0,0.0,0.6931471805599453,0.0,0.0,0.0,0.0,0.0,0.0,-0.6931471805599453,0.5010241824428936,0.5003629116133295,0.0,0.0,0.5718170724194211,0.0,0.0,0.0,0.0,0.0,0.0,-0.175677014075286,0.0,0.0,0.0,0.0,0.6931471805599453,0.0,0.0,0.0,0.0,0.0,0.0,0.0,-0.6931471805599453,0.0,0.0,0.6931471805599453,0.0,0.0,0.0,0.0,0.0,0.0,0.0,0.0,0.0,0.0,-0.6931471805599453,0.0,0.0,0.0,-0.6931471805599453,0.0,0.0,0.0,0.0,0.0,0.0,0.0,-0.6931471805599453,0.0,0.0,0.0,0.0,0.0,0.0,0.0,0.0,0.0,0.0,0.0,0.0,0.0,0.0,0.0,0.0,0.0,0.6931471805599453,0.0,0.0,0.0,0.0,0.0,-0.6931471805599453,0.0,0.0,0.0,-0.6931471805599453,0.0,0.6931471805599453,-0.6931471805599453,0.0,0.6931471805599453,0.0,0.0,0.0,0.0,0.0,0.0,0.0,0.0,0.0,0.0,0.0,0.0,0.0,0.0,0.0,0.0,0.0,0.0,0.0,0.0,0.0,0.0,0.0,0.0,0.0,-0.6931471805599453,-0.6931471805599453,0.0,0.0,0.0,0.0,0.0,0.0,0.0,0.0,0.0,0.0,0.0,0.0,0.0,0.0,0.0,0.0,0.0,0.0,0.0,0.0,0.0,0.25388017696233955,0.0,0.6931471805599453,0.0,0.0,0.0,-0.4831740924354806,0.0,0.0,0.0,0.0,-0.6931471805599453,0.0,0.0,0.0
7.950781977329818,1.1925144413116917,Cn1cncc1-c1ncc(-c2ncc(-c3ncc(-c4ccccc4)n3C)n2C)n1C,1.723289772686619,0.0,0.0,0.0,0.0,0.6931471805599453,0.0,0.6931471805599453,0.0,0.0,0.0,0.0,0.0,0.0,0.0,0.0,0.0,0.6931471805599453,0.0,1.536216818209456,0.0,0.0,0.0,0.0,0.0,0.6931471805599453,0.0,0.0,0.0,0.0,0.0,0.6931471805599453,0.0,0.0,0.0,0.0,0.0,0.0,-0.6931471805599453,0.4448389646209732,0.44423647008064354,0.0,0.0,0.5186613334714487,0.0,0.0,0.0,0.0,0.0,0.0,-0.20036962666565752,0.0,0.0,0.0,0.0,0.6931471805599453,0.0,-0.6931471805599453,0.0,0.0,0.0,0.0,0.0,-0.6931471805599453,0.0,0.0,0.6931471805599453,0.0,-0.6931471805599453,0.0,0.0,0.0,0.0,-0.6931471805599453,0.0,0.0,0.0,-0.6931471805599453,0.0,0.0,-0.6931471805599453,-0.6931471805599453,0.0,0.0,0.0,0.0,0.0,0.0,0.0,-0.6931471805599453,0.0,0.0,0.0,0.0,0.0,0.0,0.0,0.0,0.0,-0.6931471805599453,0.0,0.0,0.0,0.0,0.0,0.0,0.0,0.6931471805599453,0.0,0.0,0.0,0.0,0.0,-0.6931471805599453,0.0,0.0,0.0,-0.6931471805599453,0.0,0.6931471805599453,-0.6931471805599453,0.0,0.6931471805599453,0.0,0.0,0.0,0.0,0.0,0.0,0.0,0.0,0.0,0.0,0.0,0.0,0.0,0.0,0.0,0.0,0.0,0.0,0.0,0.0,0.0,0.0,0.0,0.0,0.0,-0.6931471805599453,-0.6931471805599453,0.0,0.0,0.0,-0.6931471805599453,0.0,0.0,0.0,0.0,0.0,0.0,0.0,0.0,0.0,0.0,0.0,0.0,0.0,0.0,0.0,0.0,0.0,0.7074946289680879,0.0,0.6931471805599453,0.0,0.0,0.0,-1.3318061758358204,0.0,0.0,0.0,0.0,-0.6931471805599453,0.0,0.0,0.0
8.795880017344075,1.1925144413116917,CC[C@H](C)[C@H](NC(=O)[C@@H](N)CC(C)C)C(=O)N[C@@H](CC(C)C)C(=O)N1CCC[C@H]1C(=O)N[C@@H](CCCCN)C(=O)N[C@@H](Cc1cnc[nH]1)C(=O)N[C@@H](CO)C(=O)N[C@@H](CC(=O)O)C(=O)N[C@@H](C)C(=O)N[C@@H](CC(=O)O)C(=O)O,-0.7148462436713207,0.0,0.0,0.0,0.0,0.6931471805599453,0.0,0.0,0.0,0.0,0.0,0.0,0.0,0.0,0.0,0.0,0.0,0.0,0.0,-1.6654811635096367,0.0,0.0,0.0,0.0,0.0,0.0,0.0,0.0,0.0,-0.6931471805599453,0.0,0.0,0.0,0.0,0.0,0.0,0.0,0.0,0.0,0.5279619150976109,0.5272736130350737,0.0,0.0,0.5982722874369384,0.0,0.0,0.0,0.0,0.0,0.0,0.09470795154161903,0.0,0.0,0.0,0.0,0.0,0.0,0.0,0.0,0.0,0.0,0.0,0.0,-0.6931471805599453,0.0,0.0,0.0,0.0,0.0,0.0,0.0,0.0,0.0,-0.6931471805599453,0.0,0.0,0.0,0.0,0.0,0.0,0.0,-0.6931471805599453,0.0,0.0,0.0,0.0,0.0,0.0,0.0,0.0,0.0,0.0,0.0,0.0,0.0,0.0,0.0,0.0,0.0,-0.6931471805599453,0.0,0.0,0.0,0.0,0.0,0.0,0.0,0.0,0.0,0.0,0.0,0.0,0.0,0.0,0.0,0.0,0.6931471805599453,-0.6931471805599453,0.0,0.0,0.0,0.0,0.0,0.0,0.0,0.0,0.0,0.0,0.0,0.0,0.0,0.0,0.0,0.0,0.0,0.0,0.0,0.0,0.0,0.0,0.0,0.0,0.0,0.0,0.0,0.0,0.0,0.0,0.0,0.0,0.0,0.0,0.0,0.0,0.0,0.0,0.0,0.0,0.0,0.0,0.0,0.0,0.0,0.0,0.0,0.0,0.0,0.0,0.0,0.0,0.0,0.15991438454400775,0.0,0.0,0.0,0.0,0.0,-0.4450742462032102,0.0,0.0,0.0,0.0,0.0,0.0,0.0,0.0
7.698970004336019,1.1925144413116917,CC(C)C[C@H](C(=O)N1CCN([C@@H](CC(N)=O)C(=O)N[C@@H](CCCNC(=N)N)C(=O)N[C@H]2CCOC2=O)CC1)N1C(=O)N[C@@H](CC(=O)O)C1=O,-0.7148462436713207,0.0,0.0,0.0,0.0,0.6931471805599453,0.0,0.0,0.0,0.0,0.0,0.0,0.0,0.0,0.0,0.0,0.0,0.0,0.0,-1.6654811635096367,0.0,0.0,0.0,0.0,0.0,0.0,0.0,0.0,0.0,0.0,0.0,0.0,0.0,0.0,0.0,0.0,0.0,0.0,0.0,0.41867312397763584,0.418099148378865,0.0,0.0,0.4939871490537625,0.0,0.0,0.0,0.0,0.0,0.0,0.1839758168899814,0.0,0.0,0.0,0.0,0.0,0.0,0.0,0.0,0.0,0.0,0.0,0.0,-0.6931471805599453,0.0,0.0,0.0,0.0,0.0,0.0,0.0,0.0,0.0,-0.6931471805599453,0.0,0.0,0.0,0.0,0.0,0.0,-0.6931471805599453,-0.6931471805599453,0.0,0.0,0.0,0.0,0.0,0.0,0.0,-0.6931471805599453,0.0,0.0,0.0,0.0,0.0,0.0,0.0,0.0,0.0,-0.6931471805599453,0.0,0.0,0.0,0.0,0.0,0.0,0.0,0.0,0.0,0.0,0.0,0.0,0.0,-0.6931471805599453,0.0,0.0,0.0,-0.6931471805599453,0.0,0.0,0.0,0.0,0.0,0.0,0.0,0.0,0.0,0.0,0.0,0.0,0.0,0.0,0.0,0.0,0.0,0.0,0.0,0.0,0.0,0.0,0.0,0.0,0.0,-0.6931471805599453,0.0,0.0,0.0,0.0,0.0,0.0,0.0,0.0,0.0,0.0,0.0,0.0,0.0,0.0,0.0,0.0,0.0,0.0,0.0,0.0,0.0,0.0,0.0,0.0,0.0,0.0,0.0,0.0,0.0,0.0,0.0,0.0,0.0,-0.7448191911042654,0.0,0.0,0.0,0.0,-0.6931471805599453,0.0,0.0,0.0
8.671620396561263,1.1925144413116917,Cc1cn(-c2cc(NC(=O)c3ccc(C)c(C(=O)c4cccc(C#N)c4)c3)cc(N3CCN(C)CC3)c2)cn1,0.7374697891117836,0.0,0.0,0.0,0.0,0.0,0.0,0.6931471805599453,0.0,0.0,0.0,0.0,0.0,0.0,0.0,0.0,0.0,0.6931471805599453,0.0,-1.4278602428720466,0.0,0.0,0.0,0.0,0.0,0.6931471805599453,0.0,0.0,0.0,0.0,0.0,0.0,0.0,0.0,0.0,0.0,0.0,0.0,-0.6931471805599453,0.5161646987539381,0.5154881453787258,0.0,0.0,0.5864995203051928,0.0,0.0,0.0,0.0,0.0,0.0,-0.18121719445090137,0.0,0.0,0.0,0.6931471805599453,0.6931471805599453,0.0,0.0,0.6931471805599453,0.0,0.0,0.0,0.0,-0.6931471805599453,0.0,0.0,0.0,0.6931471805599453,-0.6931471805599453,0.0,0.0,0.0,0.0,-0.6931471805599453,0.0,0.0,0.0,0.0,0.0,0.0,0.0,-0.6931471805599453,-0.6931471805599453,0.0,0.0,0.0,0.0,0.0,0.0,0.0,0.0,0.0,0.0,0.0,0.0,0.0,0.0,0.0,0.0,-0.6931471805599453,0.0,0.0,0.0,0.0,0.0,0.0,0.0,0.0,0.0,0.0,0.0,0.0,0.0,-0.6931471805599453,0.0,0.0,0.0,-0.6931471805599453,0.0,0.6931471805599453,0.0,0.0,0.6931471805599453,0.0,0.0,0.0,0.0,0.0,0.0,0.0,0.0,0.0,0.0,0.0,0.0,0.0,0.0,0.0,0.0,0.0,0.0,0.0,0.0,-0.6931471805599453,0.0,0.0,0.0,0.0,0.0,0.0,0.0,0.0,0.0,-0.6931471805599453,0.0,0.0,0.0,-0.6931471805599453,0.0,0.0,0.0,0.0,0.0,0.0,0.0,0.6931471805599453,0.0,0.0,0.0,0.0,0.0,0.331505338992877,0.0,0.6931471805599453,0.0,0.0,0.0,0.46430560813109784,0.0,0.0,0.0,0.0,-0.6931471805599453,0.0,0.0,0.0
10.10790539730952,1.1925144413116917,Cc1cn(-c2cc(NC(=O)c3ccc(C)c(Oc4cccc5ccncc45)c3)cc(N3CCN(C)CC3)c2)cn1,1.1237813020690934,0.0,0.0,0.0,0.0,0.0,0.0,0.6931471805599453,0.0,0.0,0.0,0.0,0.0,0.0,0.0,0.0,0.0,0.6931471805599453,0.0,-0.7184823013592829,0.0,0.0,0.0,0.0,0.0,0.6931471805599453,0.0,0.0,0.0,0.0,0.0,0.0,0.0,0.0,0.0,0.0,0.0,0.0,-0.6931471805599453,0.6447057333186054,0.6439083370501669,0.0,0.0,0.7097579184057211,0.0,0.0,0.0,0.0,0.0,0.0,0.02936589480436454,0.0,0.0,0.0,0.6931471805599453,0.6931471805599453,0.0,0.0,0.6931471805599453,0.0,0.0,0.0,-0.6931471805599453,-0.6931471805599453,0.0,0.0,0.0,0.0,-0.6931471805599453,0.0,0.0,0.0,0.0,-0.6931471805599453,0.0,0.0,0.0,-0.6931471805599453,0.0,0.0,0.0,-0.6931471805599453,-0.6931471805599453,0.0,0.0,0.0,0.0,0.0,0.0,0.0,0.0,0.0,0.0,0.0,0.0,0.0,0.0,0.0,0.0,-0.6931471805599453,0.0,0.0,0.0,0.0,0.0,0.0,0.0,0.0,0.0,0.0,0.0,0.0,0.0,-0.6931471805599453,0.0,0.0,0.0,-0.6931471805599453,0.0,0.6931471805599453,0.0,0.0,0.6931471805599453,0.0,0.0,0.0,0.0,0.0,0.0,0.0,0.0,0.0,0.0,0.0,0.0,0.0,0.0,0.0,0.0,0.0,0.0,0.0,0.0,0.0,0.0,0.0,0.0,0.0,0.0,0.0,0.0,0.0,0.0,-0.6931471805599453,0.0,0.0,0.0,-0.6931471805599453,0.0,0.0,0.0,0.0,0.0,0.0,0.0,0.6931471805599453,0.0,0.0,0.0,0.0,0.0,0.8555215909448173,0.0,0.6931471805599453,0.0,0.0,0.0,0.8342257788198502,0.0,0.0,0.0,0.0,-0.6931471805599453,0.0,0.0,0.0
9.11975822410452,1.1925144413116917,Cc1cn(-c2cc(NC(=O)c3ccc(C)c(Oc4ccccc4)c3)cc(N3CCN(C)CC3)c2)cn1,1.1237813020690934,0.0,0.0,0.0,0.0,0.0,0.0,0.6931471805599453,0.0,0.0,0.0,0.0,0.0,0.0,0.0,0.0,0.0,0.6931471805599453,0.0,-1.4278602428720466,0.0,0.0,0.0,0.0,0.0,0.6931471805599453,0.0,0.0,0.0,0.0,0.0,0.0,0.0,0.0,0.0,0.0,0.0,0.0,-0.6931471805599453,-0.3865327808786111,-0.39270528246065645,0.0,0.0,-0.06880336455631596,0.0,0.0,0.0,0.0,0.0,0.0,0.09771547260557432,0.0,0.0,0.0,0.6931471805599453,0.6931471805599453,0.0,0.0,0.6931471805599453,0.0,0.0,0.0,-0.6931471805599453,-0.6931471805599453,0.0,0.0,0.0,0.0,-0.6931471805599453,0.0,0.0,0.0,0.0,-0.6931471805599453,0.0,0.0,0.0,-0.6931471805599453,0.0,0.0,-0.6931471805599453,-0.6931471805599453,-0.6931471805599453,0.0,0.0,0.0,0.0,0.0,0.0,0.0,0.0,0.0,0.0,0.0,0.0,0.0,0.0,0.0,0.0,-0.6931471805599453,0.0,0.0,0.0,0.0,0.0,0.0,0.0,0.6931471805599453,0.0,0.0,0.0,0.0,0.0,-0.6931471805599453,0.0,0.0,0.0,-0.6931471805599453,0.0,0.6931471805599453,0.0,0.0,0.6931471805599453,0.0,0.0,0.0,0.0,0.0,0.0,0.0,0.0,0.0,0.0,0.0,0.0,0.0,0.0,0.0,0.0,0.0,0.0,0.0,0.0,-0.6931471805599453,0.0,0.0,0.0,0.0,0.0,-0.6931471805599453,0.0,0.0,0.0,-0.6931471805599453,0.0,0.0,0.0,-0.6931471805599453,0.0,0.0,0.0,0.0,0.0,0.0,0.0,0.6931471805599453,0.0,0.0,0.0,0.0,0.0,1.1764293110249187,0.0,0.6931471805599453,0.0,0.0,0.0,0.6778797084291561,0.0,0.0,0.0,0.0,-0.6931471805599453,0.0,0.0,0.0
7.580044251510242,1.1925144413116917,Cc1ccc(C(=O)Nc2cc(N3CCN(C)CC3)cc(-n3cnc(C)c3)c2)cc1,-0.011216217067460767,0.0,0.0,0.0,0.0,0.0,0.0,0.6931471805599453,0.0,0.0,0.0,0.0,0.0,0.0,0.0,0.0,0.0,0.0,0.0,-1.4278602428720466,0.0,0.0,0.0,0.0,0.0,0.6931471805599453,0.0,0.0,0.0,0.0,0.0,0.0,0.0,0.0,0.0,0.0,0.0,0.0,-0.6931471805599453,-0.5353589517379461,-0.4956313437590714,0.0,0.0,-0.48362924326573636,0.0,0.0,0.0,0.0,0.0,0.0,0.38314275267026626,0.0,0.0,0.0,0.6931471805599453,0.6931471805599453,0.0,0.0,0.6931471805599453,0.0,0.0,0.0,-0.6931471805599453,-0.6931471805599453,0.0,0.0,0.0,0.0,-0.6931471805599453,0.0,0.0,0.0,0.0,-0.6931471805599453,0.0,0.0,0.0,-0.6931471805599453,0.0,0.0,-0.6931471805599453,-0.6931471805599453,-0.6931471805599453,0.0,0.0,0.0,0.0,0.0,0.0,0.0,0.0,0.0,0.0,0.0,0.0,0.0,0.0,0.0,0.0,-0.6931471805599453,0.0,0.0,0.0,0.0,0.0,0.0,0.0,0.0,0.0,0.0,0.0,0.0,0.0,-0.6931471805599453,0.0,0.0,0.0,-0.6931471805599453,0.0,0.6931471805599453,-0.6931471805599453,0.0,0.6931471805599453,0.0,0.0,0.0,0.0,0.0,0.0,0.0,0.0,0.0,0.0,0.0,0.0,0.0,0.0,0.0,0.0,0.0,0.0,0.0,0.0,-0.6931471805599453,0.0,0.0,0.0,0.0,0.0,-0.6931471805599453,0.0,0.0,0.0,-0.6931471805599453,0.0,0.0,0.0,-0.6931471805599453,0.0,0.0,0.0,0.0,0.0,0.0,0.0,0.6931471805599453,0.0,0.0,0.0,0.0,0.0,0.8154159654875881,0.0,0.6931471805599453,0.0,0.0,0.0,0.708185057924485,0.0,0.0,0.0,0.0,-0.6931471805599453,0.0,0.0,0.0
7.872895201635192,1.1925144413116917,Cc1cn(-c2cc(NC(=O)c3ccc(C)c(Oc4ccccc4)c3)cc(C(F)(F)F)c2)cn1,1.1237813020690934,0.0,0.0,0.0,0.0,0.0,0.0,0.6931471805599453,0.0,0.0,0.0,0.0,0.0,0.0,0.0,0.0,0.0,0.6931471805599453,0.0,-1.4278602428720466,0.0,0.0,0.0,0.0,0.0,0.6931471805599453,0.0,0.0,0.0,0.0,0.0,0.0,0.0,0.0,0.0,0.0,0.0,0.0,-0.6931471805599453,-0.43585134477979565,-0.44308444870437785,0.0,0.0,-0.33651186643684083,0.0,0.0,0.0,0.0,0.0,0.0,0.6560434303565684,0.0,0.0,0.0,0.6931471805599453,0.6931471805599453,0.0,-0.6931471805599453,0.6931471805599453,0.0,0.0,0.0,-0.6931471805599453,-0.6931471805599453,0.0,0.0,0.0,0.0,-0.6931471805599453,0.0,0.0,0.0,0.0,-0.6931471805599453,0.0,0.0,0.0,-0.6931471805599453,0.0,0.0,-0.6931471805599453,-0.6931471805599453,-0.6931471805599453,0.0,0.0,0.0,0.0,0.0,-0.6931471805599453,-0.6931471805599453,0.0,0.0,0.0,0.0,0.0,0.0,0.0,0.0,0.0,-0.6931471805599453,0.0,0.0,0.0,0.0,0.0,0.0,0.0,0.6931471805599453,0.0,0.0,0.0,0.0,0.0,-0.6931471805599453,0.0,0.0,0.0,-0.6931471805599453,0.0,0.6931471805599453,0.0,0.0,0.6931471805599453,0.0,0.0,0.0,0.0,0.0,0.0,0.0,0.0,0.0,0.0,0.0,0.0,0.0,0.0,0.0,0.0,0.0,0.0,0.0,0.0,0.0,0.0,0.0,0.0,0.0,-0.6931471805599453,-0.6931471805599453,0.0,0.0,0.0,-0.6931471805599453,0.0,0.0,0.0,-0.6931471805599453,0.0,0.0,0.0,0.0,0.0,0.0,0.0,0.6931471805599453,0.0,0.0,0.0,0.0,0.0,-0.2977468590679224,0.0,0.6931471805599453,0.0,0.0,0.0,1.4050566375754128,0.0,0.0,0.0,0.0,-0.6931471805599453,0.0,0.0,0.0
8.482804102050025,1.1925144413116917,Cc1ccc(C(=O)Nc2cccc(N3CCN(C)CC3)c2)cc1Nc1nccc(-c2ccc(F)cc2)n1,0.6931471805599453,0.0,0.0,0.0,0.0,0.6931471805599453,0.0,0.6931471805599453,0.0,0.0,0.0,0.0,0.0,0.0,0.0,0.0,0.0,0.6931471805599453,0.0,-1.1231108724426153,0.0,0.0,0.0,0.0,0.0,0.6931471805599453,0.0,0.0,0.0,0.0,0.0,0.6931471805599453,0.0,0.0,0.0,0.0,0.0,0.0,-0.6931471805599453,-0.13059200376365254,-0.237590667623197,0.0,0.0,-0.22958327198203293,0.0,0.0,0.0,0.0,0.0,0.0,0.12730342979107045,0.0,0.0,0.0,0.6931471805599453,0.6931471805599453,0.0,0.0,0.6931471805599453,0.0,0.0,0.0,-0.6931471805599453,-0.6931471805599453,0.0,0.0,0.6931471805599453,0.0,-0.6931471805599453,0.0,0.0,0.0,0.0,-0.6931471805599453,0.0,0.0,0.0,-0.6931471805599453,0.0,0.0,-0.6931471805599453,-0.6931471805599453,0.0,0.0,0.0,0.0,0.0,0.0,0.0,-0.6931471805599453,0.0,0.0,0.0,0.0,0.0,0.0,0.0,0.0,0.0,-0.6931471805599453,0.0,0.0,0.0,0.0,0.0,0.0,0.0,0.0,0.0,0.0,0.0,0.0,0.0,-0.6931471805599453,0.0,0.0,0.0,-0.6931471805599453,0.0,0.0,-0.6931471805599453,0.0,0.6931471805599453,0.0,0.0,0.0,0.0,0.0,0.0,0.0,0.0,0.0,0.0,0.0,0.0,0.0,0.0,0.0,0.0,0.0,0.0,0.0,0.0,-0.6931471805599453,0.0,0.0,0.0,0.0,0.0,-0.6931471805599453,0.0,0.0,0.0,-0.6931471805599453,0.0,0.0,0.0,-0.6931471805599453,0.0,0.0,0.0,0.0,0.0,0.0,0.0,0.6931471805599453,0.0,0.0,0.0,0.0,0.0,-1.4245697632232694,0.0,0.6931471805599453,0.0,0.0,0.0,0.6466271649250523,0.0,0.0,0.0,0.0,-0.6931471805599453,0.0,0.0,0.0
7.97061622231479,1.1925144413116917,Cc1cc(-c2cc(NC(=O)c3ccc(C)c(Nc4nccc(-c5ccc(F)cc5)n4)c3)cc(N3CCN(C)CC3)c2)on1,1.4001758145525918,0.0,0.0,0.0,0.0,0.6931471805599453,0.0,0.6931471805599453,0.0,0.0,0.0,0.0,0.0,0.0,0.0,0.0,0.0,0.6931471805599453,0.0,0.14189186826914593,0.0,0.0,0.0,0.0,0.0,0.6931471805599453,0.0,0.0,0.0,0.0,0.0,0.6931471805599453,0.0,0.0,0.0,0.0,0.0,0.0,-0.6931471805599453,0.383097411786564,-0.1450028840408697,0.0,0.0,0.5778997258704602,0.0,0.0,0.0,0.0,0.0,0.0,0.16169077210054636,0.0,0.0,0.0,0.6931471805599453,0.6931471805599453,0.0,0.0,0.6931471805599453,0.0,0.0,0.0,-0.6931471805599453,-0.6931471805599453,0.0,0.0,0.6931471805599453,0.0,-0.6931471805599453,0.0,0.0,0.0,0.0,-0.6931471805599453,0.0,0.0,0.0,0.0,0.0,0.0,0.0,-0.6931471805599453,0.0,0.0,0.0,0.0,0.0,0.0,0.0,0.0,0.0,0.0,0.0,0.0,0.0,0.0,0.0,0.0,0.0,-0.6931471805599453,0.0,0.0,0.0,0.0,0.0,0.0,0.0,0.0,0.0,0.0,0.0,0.0,0.0,-0.6931471805599453,0.0,0.0,0.0,-0.6931471805599453,0.0,0.0,-0.6931471805599453,0.0,0.6931471805599453,0.0,0.0,0.0,0.0,0.0,0.0,0.0,0.0,0.0,0.0,0.0,0.0,0.0,0.0,0.0,0.0,0.0,0.0,0.0,0.0,-0.6931471805599453,0.0,0.0,0.0,0.0,0.0,-0.6931471805599453,0.0,0.0,0.0,-0.6931471805599453,0.0,0.0,0.0,-0.6931471805599453,0.0,0.0,0.0,0.0,0.0,0.0,0.0,0.6931471805599453,0.0,0.0,0.0,0.0,0.0,-1.1692736454295065,0.0,0.6931471805599453,0.0,0.0,0.0,0.9402439728966473,0.0,0.0,0.0,0.0,-0.6931471805599453,0.0,0.0,0.0
7.396855627379818,1.1925144413116917,Cc1cn(-c2cc(NC(=O)c3ccc(C)c(Nc4nccc(-c5ccc(F)cc5)n4)c3)cc(N3CCOCC3)c2)cn1,1.1094179542054663,0.0,0.0,0.0,0.0,0.6931471805599453,0.0,0.6931471805599453,0.0,0.0,0.0,0.0,0.0,0.0,0.0,0.0,0.0,0.6931471805599453,0.0,-0.6708780178444158,0.0,0.0,0.0,0.0,0.0,0.6931471805599453,0.0,0.0,0.0,0.0,0.0,0.6931471805599453,0.0,0.0,0.0,0.0,0.0,0.0,-0.6931471805599453,0.2115477754596127,-0.16063375224208917,0.0,0.0,0.20722266782707796,0.0,0.0,0.0,0.0,0.0,0.0,-0.06101410575514632,0.0,0.0,0.0,0.6931471805599453,0.6931471805599453,0.0,0.0,0.6931471805599453,0.0,0.0,0.0,-0.6931471805599453,-0.6931471805599453,0.0,0.0,0.6931471805599453,0.0,-0.6931471805599453,0.0,0.0,0.0,0.0,-0.6931471805599453,0.0,0.0,0.0,-0.6931471805599453,0.0,0.0,-0.6931471805599453,-0.6931471805599453,0.0,0.0,0.0,0.0,0.0,0.0,-0.6931471805599453,-0.6931471805599453,0.0,0.0,0.0,0.0,0.0,0.0,0.0,0.0,0.0,-0.6931471805599453,0.0,0.0,0.0,0.0,0.0,0.0,0.0,0.0,0.0,0.0,0.0,0.0,0.0,-0.6931471805599453,0.0,0.0,0.0,-0.6931471805599453,0.0,0.6931471805599453,0.0,0.0,0.6931471805599453,0.0,0.0,0.0,0.0,0.0,0.0,0.0,0.0,0.0,0.0,0.0,0.0,0.0,0.0,0.0,0.0,0.0,0.0,0.0,0.0,-0.6931471805599453,0.0,0.0,0.0,0.0,0.0,0.0,0.0,0.0,0.0,-0.6931471805599453,0.0,0.0,0.0,-0.6931471805599453,0.0,0.0,0.0,0.0,0.0,0.0,0.0,0.6931471805599453,0.0,0.0,0.0,0.0,0.0,-1.24530334003743,0.0,0.6931471805599453,0.0,0.0,0.0,1.2656663733312754,0.0,0.0,0.0,0.0,-0.6931471805599453,0.0,0.0,0.0
8.590066876668706,1.1925144413116917,Cc1cn(-c2cc(CN3CCCC[C@H]3C(N)=O)cc(NC(=O)c3ccc(C)c(Nc4nccc(-c5ccc(F)cc5)n4)c3)c2)cn1,1.1094179542054663,0.0,0.0,0.0,0.0,0.6931471805599453,0.0,0.6931471805599453,0.0,0.0,0.0,0.0,0.0,0.0,0.0,0.0,0.0,0.6931471805599453,0.0,-0.6708780178444158,0.0,0.0,0.0,0.0,0.0,0.6931471805599453,0.0,0.0,0.0,0.0,0.0,0.6931471805599453,0.0,0.0,0.0,0.0,0.0,0.0,0.0,0.21025182835483128,0.2136822415356636,0.0,0.0,-0.3085195610399085,0.0,0.0,0.0,0.0,0.0,0.0,0.12438371968773569,0.0,0.0,0.0,0.6931471805599453,0.6931471805599453,0.0,0.0,0.6931471805599453,0.0,0.0,0.0,0.0,-0.6931471805599453,0.0,0.0,0.6931471805599453,0.0,-0.6931471805599453,0.0,0.0,0.0,0.0,-0.6931471805599453,0.0,0.0,0.0,0.0,0.0,0.0,-0.6931471805599453,-0.6931471805599453,0.0,0.0,0.0,0.0,0.0,0.0,-0.6931471805599453,0.0,0.0,0.0,0.0,0.0,0.0,0.0,0.0,0.0,0.0,0.0,0.0,0.0,0.0,0.0,0.0,0.0,0.0,0.0,0.0,0.0,0.0,0.0,0.0,-0.6931471805599453,0.0,0.0,0.0,-0.6931471805599453,0.0,0.6931471805599453,-0.6931471805599453,0.0,0.6931471805599453,0.0,0.0,0.0,0.0,0.0,0.0,0.6931471805599453,0.0,0.0,0.0,0.0,0.0,0.0,0.0,0.0,0.0,0.0,0.0,0.0,0.0,0.0,0.0,0.0,0.0,0.0,0.0,-0.6931471805599453,0.0,0.0,0.0,0.0,0.0,0.0,0.0,-0.6931471805599453,0.0,0.0,0.0,0.0,0.0,0.0,0.0,0.6931471805599453,0.0,0.0,0.0,0.0,0.0,-1.4217842461018433,0.0,0.6931471805599453,0.0,0.0,0.0,0.6306268235786112,0.0,0.0,0.0,0.0,-0.6931471805599453,0.0,0.0,0.0
7.853871964321762,1.1925144413116917,Cc1cn(-c2cc(CN3CCCC[C@H]3C(=O)O)cc(NC(=O)c3ccc(C)c(Nc4nccc(-c5ccc(F)cc5)n4)c3)c2)cn1,1.1094179542054663,0.0,0.0,0.0,0.0,0.6931471805599453,0.0,0.6931471805599453,0.0,0.0,0.0,0.0,0.0,0.0,0.0,0.0,0.0,0.6931471805599453,0.0,-0.6708780178444158,0.0,0.0,0.0,0.0,0.0,0.6931471805599453,0.0,0.0,0.0,0.0,0.0,0.6931471805599453,0.0,0.0,0.0,0.0,0.0,0.0,0.0,0.48585410515682564,0.6900744433741854,0.0,0.0,0.5630895237827567,0.0,0.0,0.0,0.0,0.0,0.0,0.09771547260557432,0.0,0.0,0.0,0.6931471805599453,0.6931471805599453,0.0,0.0,0.6931471805599453,0.0,0.0,0.0,-0.6931471805599453,-0.6931471805599453,0.0,0.0,0.6931471805599453,0.0,-0.6931471805599453,0.0,0.0,0.0,0.0,-0.6931471805599453,0.0,0.0,0.0,0.0,0.0,0.0,-0.6931471805599453,-0.6931471805599453,0.0,0.0,0.0,0.0,0.0,0.0,0.0,0.0,0.0,0.0,0.0,0.0,0.0,0.0,0.0,0.0,0.0,0.0,0.0,0.0,0.0,0.0,0.0,0.0,0.0,0.0,0.0,0.0,0.0,0.0,0.0,-0.6931471805599453,0.0,0.0,0.0,-0.6931471805599453,0.0,0.6931471805599453,-0.6931471805599453,0.0,0.6931471805599453,0.0,0.0,0.0,0.0,0.0,0.0,0.0,0.0,0.0,0.0,0.0,0.0,0.0,0.0,0.0,0.0,0.0,0.0,0.0,0.0,0.0,0.0,0.0,0.0,0.0,0.0,-0.6931471805599453,0.0,0.0,0.0,0.0,0.0,0.0,0.0,-0.6931471805599453,0.0,0.0,0.0,0.0,0.0,0.0,0.0,0.6931471805599453,0.0,0.0,0.0,0.0,0.0,-1.4411218652520013,0.0,0.6931471805599453,0.0,0.0,0.0,0.6306268235786112,0.0,0.0,0.0,0.0,-0.6931471805599453,0.0,0.0,0.0
9.368556230986828,1.1925144413116917,Cc1cn(-c2cc(CN3CCC[C@H](N)C3)cc(NC(=O)c3ccc(C)c(Nc4nccc(-c5ccc(F)cc5)n4)c3)c2)cn1,1.1094179542054663,0.0,0.0,0.0,0.0,0.6931471805599453,0.0,0.6931471805599453,0.0,0.0,0.0,0.0,0.0,0.0,0.0,0.0,0.0,0.6931471805599453,0.0,-0.6708780178444158,0.0,0.0,0.0,0.0,0.0,0.6931471805599453,0.0,0.0,0.0,0.0,0.0,0.6931471805599453,0.0,0.0,0.0,0.0,0.0,0.0,-0.6931471805599453,0.23547767239095613,0.4581968576187185,0.0,0.0,0.4555877220832635,0.0,0.0,0.0,0.0,0.0,0.0,0.17289537111340947,0.0,0.0,0.0,0.6931471805599453,0.6931471805599453,0.0,0.0,0.6931471805599453,0.0,0.0,0.0,-0.6931471805599453,-0.6931471805599453,0.0,0.0,0.6931471805599453,0.0,-0.6931471805599453,0.0,0.0,0.0,0.0,-0.6931471805599453,0.0,0.0,0.0,-0.6931471805599453,0.0,0.0,-0.6931471805599453,-0.6931471805599453,0.0,0.0,0.0,0.0,0.0,0.0,-0.6931471805599453,-0.6931471805599453,0.0,0.0,0.0,0.0,0.0,0.0,0.0,0.0,0.0,0.0,0.0,0.0,0.0,0.0,0.0,0.0,0.0,0.0,0.0,0.0,0.0,0.0,0.0,-0.6931471805599453,0.0,0.0,0.0,-0.6931471805599453,0.0,0.6931471805599453,-0.6931471805599453,0.0,0.6931471805599453,0.0,0.0,0.0,0.0,0.0,0.0,0.0,0.0,0.0,0.0,0.0,0.0,0.0,0.0,0.0,0.0,0.0,0.0,0.0,0.0,0.0,0.0,0.0,0.0,0.0,0.0,-0.6931471805599453,0.0,0.0,0.0,0.0,0.0,0.0,0.0,-0.6931471805599453,0.0,0.0,0.0,0.0,0.0,0.0,0.0,0.6931471805599453,0.0,0.0,0.0,0.0,0.0,-1.457404450219982,0.0,0.6931471805599453,0.0,0.0,0.0,0.8209805520698296,0.0,0.0,0.0,0.0,-0.6931471805599453,0.0,0.0,0.0
8.130181792020672,1.1925144413116917,CCCCc1cc(NC(=O)c2ccc(C)c(Nc3nccc(-c4ccccc4)n3)c2)cc(-n2cnc(C)c2)c1,1.1094179542054663,0.0,0.0,0.0,0.0,0.6931471805599453,0.0,0.6931471805599453,0.0,0.0,0.0,0.0,0.0,0.0,0.0,0.0,0.0,0.6931471805599453,0.0,-0.6708780178444158,0.0,0.0,0.0,0.0,0.0,0.6931471805599453,0.0,0.0,0.0,0.0,0.0,0.6931471805599453,0.0,0.0,0.0,0.0,0.0,0.0,-0.6931471805599453,-0.2388284979205875,-0.2934436765433827,0.0,0.0,0.02874224400125006,0.0,0.0,0.0,0.0,0.0,0.0,0.9096461891554868,0.0,0.0,0.0,0.6931471805599453,0.6931471805599453,0.0,-0.6931471805599453,0.6931471805599453,0.0,0.0,0.0,-0.6931471805599453,-0.6931471805599453,0.0,0.0,0.6931471805599453,0.0,-0.6931471805599453,0.0,0.0,0.0,0.0,-0.6931471805599453,0.0,0.0,0.0,-0.6931471805599453,0.0,0.0,-0.6931471805599453,-0.6931471805599453,0.0,0.0,0.0,0.0,0.0,0.0,-0.6931471805599453,-0.6931471805599453,0.0,0.0,0.0,0.0,0.0,0.0,0.0,0.0,0.0,0.0,0.0,0.0,0.0,0.0,0.0,0.0,0.0,0.6931471805599453,0.0,0.0,0.0,0.0,0.0,-0.6931471805599453,0.0,0.0,0.0,-0.6931471805599453,0.0,0.6931471805599453,-0.6931471805599453,0.0,0.6931471805599453,0.0,0.0,0.0,0.0,0.0,0.0,0.0,0.0,0.0,0.0,0.0,0.0,0.0,0.0,0.0,0.0,0.0,0.0,0.0,0.0,-0.6931471805599453,0.0,0.0,0.0,0.0,-0.6931471805599453,-0.6931471805599453,0.0,0.0,0.0,0.0,0.0,0.0,0.0,-0.6931471805599453,0.0,0.0,0.0,0.0,0.0,0.0,0.0,0.6931471805599453,0.0,0.0,0.0,0.0,0.0,-0.805133098532004,0.0,0.6931471805599453,0.0,0.0,0.0,1.143064051238943,0.0,0.0,0.0,0.0,-0.6931471805599453,0.0,0.0,0.0
7.872895201635192,1.1925144413116917,Cc1cn(-c2cc(CCS(N)(=O)=O)cc(NC(=O)c3ccc(C)c(Nc4nccc(-c5ccccc5)n4)c3)c2)cn1,1.1094179542054663,0.0,0.0,0.0,0.0,0.6931471805599453,0.0,0.6931471805599453,0.0,0.0,0.0,0.0,0.0,0.0,0.0,0.0,0.0,0.6931471805599453,0.0,-0.6708780178444158,0.0,0.0,0.0,0.0,0.0,0.6931471805599453,0.0,0.0,0.0,0.0,0.0,0.6931471805599453,0.0,0.0,0.0,0.0,0.0,0.0,-0.6931471805599453,0.1402985528025522,-0.1569537244539781,0.0,0.0,0.43247881223781004,0.0,0.0,0.0,0.0,0.0,0.0,0.23499359123170585,0.0,0.0,0.0,0.6931471805599453,0.6931471805599453,0.0,-0.6931471805599453,0.6931471805599453,0.0,0.0,0.0,-0.6931471805599453,-0.6931471805599453,0.0,0.0,0.6931471805599453,0.0,-0.6931471805599453,0.0,0.0,0.0,0.0,-0.6931471805599453,0.0,0.0,0.0,-0.6931471805599453,0.0,0.0,-0.6931471805599453,-0.6931471805599453,0.0,0.0,0.0,0.0,0.0,0.0,-0.6931471805599453,-0.6931471805599453,0.0,0.0,0.0,0.0,0.0,0.0,0.0,0.0,0.0,0.0,0.0,0.0,0.0,0.0,0.0,0.0,0.0,0.6931471805599453,0.0,0.0,0.0,0.0,0.0,-0.6931471805599453,0.0,0.0,0.0,-0.6931471805599453,0.0,0.6931471805599453,-0.6931471805599453,0.0,0.6931471805599453,0.0,0.0,0.0,0.0,0.0,0.0,0.0,0.0,0.0,0.0,0.0,0.0,0.0,0.0,0.0,0.0,0.0,0.0,0.0,0.0,0.0,0.0,0.0,0.0,0.0,-0.6931471805599453,-0.6931471805599453,0.0,0.0,0.0,0.0,0.0,0.0,0.0,-0.6931471805599453,0.0,0.0,0.0,0.0,0.0,0.0,0.0,0.6931471805599453,0.0,0.0,0.0,0.0,0.0,-1.5449764596176356,0.0,0.6931471805599453,0.0,0.0,0.0,1.3034067013141224,0.0,0.0,0.0,0.0,-0.6931471805599453,0.0,0.0,0.0
8.032452023781138,1.1925144413116917,Cc1cn(-c2cc(CCC(=O)O)cc(NC(=O)c3ccc(C)c(Nc4nccc(-c5ccccc5)n4)c3)c2)cn1,1.1094179542054663,0.0,0.0,0.0,0.0,0.6931471805599453,0.0,0.6931471805599453,0.0,0.0,0.0,0.0,0.0,0.0,0.0,0.0,0.0,0.6931471805599453,0.0,-0.6708780178444158,0.0,0.0,0.0,0.0,0.0,0.6931471805599453,0.0,0.0,0.0,0.0,0.0,0.6931471805599453,0.0,0.0,0.0,0.0,0.0,0.0,-0.6931471805599453,-0.1796435409939577,-0.10841211169957073,0.0,0.0,0.450695477431913,0.0,0.0,0.0,0.0,0.0,0.0,0.6085410963715653,0.0,0.0,0.0,0.6931471805599453,0.6931471805599453,0.0,-0.6931471805599453,0.6931471805599453,0.0,0.0,0.0,-0.6931471805599453,-0.6931471805599453,0.0,0.0,0.6931471805599453,0.0,-0.6931471805599453,0.0,0.0,0.0,0.0,-0.6931471805599453,0.0,0.0,0.0,-0.6931471805599453,0.0,0.0,-0.6931471805599453,-0.6931471805599453,0.0,0.0,0.0,0.0,0.0,0.0,0.0,-0.6931471805599453,0.0,0.0,0.0,0.0,0.0,0.0,0.0,0.0,0.0,0.0,0.0,0.0,0.0,0.0,0.0,0.0,0.0,0.6931471805599453,0.0,0.0,0.0,0.0,0.0,-0.6931471805599453,0.0,0.0,0.0,-0.6931471805599453,0.0,0.6931471805599453,-0.6931471805599453,0.0,0.6931471805599453,0.0,0.0,0.0,0.0,0.0,0.0,0.0,0.0,0.0,0.0,0.0,0.0,0.0,0.0,0.0,0.0,0.0,0.0,0.0,0.0,-0.6931471805599453,0.0,0.0,0.0,0.0,-0.6931471805599453,-0.6931471805599453,0.0,0.0,0.0,0.0,0.0,0.0,0.0,-0.6931471805599453,0.0,0.0,0.0,0.0,0.0,0.0,0.0,0.6931471805599453,0.0,0.0,0.0,0.0,0.0,-1.5375506829207861,0.0,0.6931471805599453,0.0,0.0,0.0,1.1622033914496406,0.0,0.0,0.0,0.0,-0.6931471805599453,0.0,0.0,0.0
7.94692155651658,1.1925144413116917,Cc1cn(-c2cc(/C=C/C(=O)O)cc(NC(=O)c3ccc(C)c(Nc4nccc(-c5ccccc5)n4)c3)c2)cn1,1.1094179542054663,0.0,0.0,0.0,0.0,0.6931471805599453,0.0,0.6931471805599453,0.0,0.0,0.0,0.0,0.0,0.0,0.0,0.0,0.0,0.6931471805599453,0.0,0.2142420937872296,0.0,0.0,0.0,0.0,0.0,0.6931471805599453,0.0,0.0,0.0,0.0,0.0,0.6931471805599453,0.0,0.0,0.0,0.0,0.0,0.0,-0.6931471805599453,-0.28247496617803974,-0.09455589587710207,0.0,0.0,0.3196587178520525,0.0,0.0,0.0,0.0,0.0,0.0,0.6085410963715653,0.0,0.0,0.0,0.6931471805599453,0.6931471805599453,0.0,-0.6931471805599453,0.6931471805599453,0.0,0.0,0.0,-0.6931471805599453,-0.6931471805599453,0.0,0.0,0.6931471805599453,0.0,-0.6931471805599453,0.0,0.0,0.0,0.0,-0.6931471805599453,0.0,0.0,0.0,-0.6931471805599453,0.0,0.0,-0.6931471805599453,-0.6931471805599453,0.0,0.0,0.0,0.0,0.0,0.0,-0.6931471805599453,-0.6931471805599453,0.0,0.0,0.0,0.0,0.0,0.0,0.0,0.0,0.0,-0.6931471805599453,0.0,0.0,0.0,0.0,0.0,0.0,0.0,0.6931471805599453,0.0,0.0,0.0,0.0,0.0,-0.6931471805599453,0.0,0.0,0.0,-0.6931471805599453,0.0,0.6931471805599453,-0.6931471805599453,0.0,0.6931471805599453,0.0,0.0,0.0,0.0,0.0,0.0,0.0,0.0,0.0,0.0,0.0,0.0,0.0,0.0,0.0,0.0,0.0,0.0,0.0,0.0,-0.6931471805599453,0.0,0.0,0.0,0.0,-0.6931471805599453,-0.6931471805599453,0.0,0.0,0.0,-0.6931471805599453,0.0,0.0,0.0,-0.6931471805599453,0.0,0.0,0.0,0.0,0.0,0.0,0.0,0.6931471805599453,0.0,0.0,0.0,0.0,0.0,-1.5375506829207861,0.0,0.6931471805599453,0.0,0.0,0.0,1.6033588663577174,0.0,0.0,0.0,0.0,-0.6931471805599453,0.0,0.0,0.0
9.146301788223823,1.1925144413116917,Cc1cn(-c2cc(CN3CCN(C)CC3)cc(NC(=O)c3ccc(C)c(Nc4nccc(-c5ccccc5)n4)c3)c2)cn1,1.1094179542054663,0.0,0.0,0.0,0.0,0.6931471805599453,0.0,0.6931471805599453,0.0,0.0,0.0,0.0,0.0,0.0,0.0,0.0,0.0,0.6931471805599453,0.0,-0.6708780178444158,0.0,0.0,0.0,0.0,0.0,0.6931471805599453,0.0,0.0,0.0,0.0,0.0,0.6931471805599453,0.0,0.0,0.0,0.0,0.0,0.0,-0.6931471805599453,-0.3680988959327441,0.058969432086840884,0.0,0.0,0.1515239665897047,0.0,0.0,0.0,0.0,0.0,0.0,0.9372613561884603,0.0,0.0,0.0,0.6931471805599453,0.6931471805599453,0.0,0.0,0.6931471805599453,0.0,0.0,0.0,-0.6931471805599453,-0.6931471805599453,0.0,0.0,0.6931471805599453,0.0,-0.6931471805599453,0.0,0.0,0.0,0.0,-0.6931471805599453,0.0,0.0,0.0,-0.6931471805599453,0.0,0.0,-0.6931471805599453,-0.6931471805599453,0.0,0.0,0.0,0.0,0.0,0.0,-0.6931471805599453,-0.6931471805599453,0.0,0.0,0.0,0.0,0.0,0.0,0.0,0.0,0.0,0.0,0.0,0.0,0.0,0.0,0.0,0.0,0.0,0.6931471805599453,0.0,0.0,0.0,0.0,0.0,-0.6931471805599453,0.0,0.0,0.0,-0.6931471805599453,0.0,0.6931471805599453,-0.6931471805599453,0.0,0.6931471805599453,0.0,0.0,0.0,0.0,0.0,0.0,0.0,0.0,0.0,0.0,0.0,0.0,0.0,0.0,0.0,0.0,0.0,0.0,0.0,0.0,0.0,0.0,0.0,0.0,0.0,0.0,-0.6931471805599453,0.0,0.0,0.0,0.0,0.0,0.0,0.0,-0.6931471805599453,0.0,0.0,0.0,0.0,0.0,0.0,0.0,0.6931471805599453,0.0,0.0,0.0,0.0,0.0,-1.3034780610743861,0.0,0.6931471805599453,0.0,0.0,0.0,0.8209805520698296,0.0,0.0,0.0,0.0,-0.6931471805599453,0.0,0.0,0.0
9.120330794367948,1.1925144413116917,Cc1cn(-c2cc(NC(=O)c3ccc(C)c(Nc4nccc(-c5ccccc5)n4)c3)cc(N3CCN(C)CC3)c2)cn1,1.1094179542054663,0.0,0.0,0.0,0.0,0.6931471805599453,0.0,0.6931471805599453,0.0,0.0,0.0,0.0,0.0,0.0,0.0,0.0,0.0,0.6931471805599453,0.0,-0.6708780178444158,0.0,0.0,0.0,0.0,0.0,0.6931471805599453,0.0,0.0,0.0,0.0,0.0,0.6931471805599453,0.0,0.0,0.0,0.0,0.0,0.0,-0.6931471805599453,0.19469975153632454,0.2761958317032811,0.0,0.0,0.09209102085852423,0.0,0.0,0.0,0.0,0.0,0.0,0.6713890000312287,0.0,0.0,0.0,0.6931471805599453,0.6931471805599453,0.0,0.0,0.6931471805599453,0.0,0.0,0.0,-0.6931471805599453,-0.6931471805599453,0.0,0.0,0.6931471805599453,0.0,-0.6931471805599453,0.0,0.0,0.0,0.0,-0.6931471805599453,0.0,0.0,0.0,-0.6931471805599453,0.0,0.0,-0.6931471805599453,-0.6931471805599453,0.0,0.0,0.0,0.0,0.0,0.0,0.0,0.0,0.0,0.0,0.0,0.0,0.0,0.0,0.0,0.0,0.0,-0.6931471805599453,0.0,0.0,0.0,0.0,0.0,0.0,0.0,0.6931471805599453,0.0,0.0,0.0,0.0,0.0,-0.6931471805599453,0.0,0.0,0.0,-0.6931471805599453,0.0,0.6931471805599453,-0.6931471805599453,0.0,0.6931471805599453,0.0,0.0,0.0,0.0,0.0,0.0,0.0,0.0,0.0,0.0,0.0,0.0,0.0,0.0,0.0,0.0,0.0,0.0,0.0,0.0,-0.6931471805599453,0.0,0.0,0.0,0.0,0.0,-0.6931471805599453,0.0,0.0,0.0,-0.6931471805599453,0.0,0.0,0.0,-0.6931471805599453,0.0,0.0,0.0,0.0,0.0,0.0,0.0,0.6931471805599453,0.0,0.0,0.0,0.0,0.0,-0.5800496823999679,0.0,0.6931471805599453,0.0,0.0,0.0,0.9461436950238356,0.0,0.0,0.0,0.0,-0.6931471805599453,0.0,0.0,0.0
9.308918507877031,1.1925144413116917,Cc1cn(-c2cc(NC(=O)c3ccc(C)c(Nc4nccc(-c5ccccc5)n4)c3)cc(N3CCNCC3)c2)cn1,1.1094179542054663,0.0,0.0,0.0,0.0,0.6931471805599453,0.0,0.6931471805599453,0.0,0.0,0.0,0.0,0.0,0.0,0.0,0.0,0.0,0.6931471805599453,0.0,-0.6708780178444158,0.0,0.0,0.0,0.0,0.0,0.6931471805599453,0.0,0.0,0.0,0.0,0.0,0.6931471805599453,0.0,0.0,0.0,0.0,0.0,0.0,-0.6931471805599453,0.015438832857824634,-0.34701916277174527,0.0,0.0,-0.24968590501236007,0.0,0.0,0.0,0.0,0.0,0.0,0.6931471805599456,0.0,0.0,0.0,0.6931471805599453,0.6931471805599453,0.0,0.0,0.6931471805599453,0.0,0.0,0.0,-0.6931471805599453,-0.6931471805599453,0.0,0.0,0.6931471805599453,0.0,-0.6931471805599453,0.0,0.0,0.0,0.0,-0.6931471805599453,0.0,0.0,0.0,-0.6931471805599453,0.0,0.0,-0.6931471805599453,-0.6931471805599453,0.0,0.0,0.0,0.0,0.0,0.0,0.0,0.0,0.0,0.0,0.0,0.0,0.0,0.0,0.0,0.0,0.0,-0.6931471805599453,0.0,0.0,0.0,0.0,0.0,0.0,0.0,0.6931471805599453,0.0,0.0,0.0,0.0,0.0,-0.6931471805599453,0.0,0.0,0.0,-0.6931471805599453,0.0,0.6931471805599453,-0.6931471805599453,0.0,0.6931471805599453,0.0,0.0,0.0,0.0,0.0,0.0,0.0,0.0,0.0,0.0,0.0,0.0,0.0,0.0,0.0,0.0,0.0,0.0,0.0,0.0,-0.6931471805599453,0.0,0.0,0.0,0.0,0.0,-0.6931471805599453,0.0,0.0,0.0,-0.6931471805599453,0.0,0.0,0.0,-0.6931471805599453,0.0,0.0,0.0,0.0,0.0,0.0,0.0,0.6931471805599453,0.0,0.0,0.0,0.0,0.0,-0.4921553031454592,0.0,0.6931471805599453,0.0,0.0,0.0,1.5339303599259546,0.0,0.0,0.0,0.0,-0.6931471805599453,0.0,0.0,0.0
8.075720713938118,1.1925144413116917,Cc1cn(-c2cc(NC(=O)c3ccc(C)c(Nc4nccc(-c5ccccc5)n4)c3)cc(C(F)(F)F)c2)cn1,1.1094179542054663,0.0,0.0,0.0,0.0,0.6931471805599453,0.0,0.6931471805599453,0.0,0.0,0.0,0.0,0.0,0.0,0.0,0.0,0.0,0.6931471805599453,0.0,-0.6708780178444158,0.0,0.0,0.0,0.0,0.0,0.6931471805599453,0.0,0.0,0.0,0.0,0.0,0.6931471805599453,0.0,0.0,0.0,0.0,0.0,0.0,-0.6931471805599453,-0.5376983728162604,-0.46760340367884046,0.0,0.0,-0.30671362381509054,0.0,0.0,0.0,0.0,0.0,0.0,0.7352928020107091,0.0,0.0,0.0,0.6931471805599453,0.6931471805599453,0.0,-0.6931471805599453,0.6931471805599453,0.0,0.0,0.0,-0.6931471805599453,-0.6931471805599453,0.0,0.0,0.6931471805599453,0.0,-0.6931471805599453,0.0,0.0,0.0,0.0,-0.6931471805599453,0.0,0.0,0.0,-0.6931471805599453,0.0,0.0,-0.6931471805599453,-0.6931471805599453,0.0,0.0,0.0,0.0,0.0,0.0,-0.6931471805599453,-0.6931471805599453,0.0,0.0,0.0,0.0,0.0,0.0,0.0,0.0,0.0,-0.6931471805599453,0.0,0.0,0.0,0.0,0.0,0.0,0.0,0.6931471805599453,0.0,0.0,0.0,0.0,0.0,-0.6931471805599453,0.0,0.0,0.0,-0.6931471805599453,0.0,0.6931471805599453,-0.6931471805599453,0.0,0.6931471805599453,0.0,0.0,0.0,0.0,0.0,0.0,0.0,0.0,0.0,0.0,0.0,0.0,0.0,0.0,0.0,0.0,0.0,0.0,0.0,0.0,-0.6931471805599453,0.0,0.0,0.0,0.0,-0.6931471805599453,-0.6931471805599453,0.0,0.0,0.0,-0.6931471805599453,0.0,0.0,0.0,-0.6931471805599453,0.0,0.0,0.0,0.0,0.0,0.0,0.0,0.6931471805599453,0.0,0.0,0.0,0.0,0.0,-1.1364239764112196,0.0,0.6931471805599453,0.0,0.0,0.0,1.4593194961347795,0.0,0.0,0.0,0.0,-0.6931471805599453,0.0,0.0,0.0
8.008773924307505,1.1925144413116917,Cc1cn(-c2cc(NC(=O)c3ccc(C)c(Nc4nccc(-c5cccnc5)n4)c3)cc(C(F)(F)F)c2)cn1,1.1094179542054663,0.0,0.0,0.0,0.0,0.6931471805599453,0.0,0.6931471805599453,0.0,0.0,0.0,0.0,0.0,0.0,0.0,0.0,0.0,0.6931471805599453,0.0,-0.6708780178444158,0.0,0.0,0.0,0.0,0.0,0.6931471805599453,0.0,0.0,0.0,0.0,0.0,0.6931471805599453,0.0,0.0,0.0,0.0,0.0,0.0,-0.6931471805599453,0.012124365472680847,-0.19723260364421685,0.0,0.0,-0.10217768219034831,0.0,0.0,0.0,0.0,0.0,0.0,0.7063052651374568,0.0,0.0,0.0,0.6931471805599453,0.6931471805599453,0.0,-0.6931471805599453,0.6931471805599453,0.0,0.0,0.0,-0.6931471805599453,-0.6931471805599453,0.0,0.0,0.6931471805599453,0.0,-0.6931471805599453,0.0,0.0,0.0,0.0,-0.6931471805599453,0.0,0.0,0.0,-0.6931471805599453,0.0,0.0,-0.6931471805599453,-0.6931471805599453,0.0,0.0,0.0,0.0,0.0,0.0,-0.6931471805599453,-0.6931471805599453,0.0,0.0,0.0,0.0,0.0,0.0,0.0,0.0,0.0,-0.6931471805599453,0.0,0.0,0.0,0.0,0.0,0.0,0.0,0.0,0.0,0.0,0.0,0.0,0.0,-0.6931471805599453,0.0,0.0,0.0,-0.6931471805599453,0.0,0.6931471805599453,-0.6931471805599453,0.0,0.6931471805599453,0.0,0.0,0.0,0.0,0.0,0.0,0.0,0.0,0.0,0.0,0.0,0.0,0.0,0.0,0.0,0.0,0.0,0.0,0.0,0.0,-0.6931471805599453,0.0,0.0,0.0,0.0,-0.6931471805599453,-0.6931471805599453,0.0,0.0,0.0,-0.6931471805599453,0.0,0.0,0.0,-0.6931471805599453,0.0,0.0,0.0,0.0,0.0,0.0,0.0,0.6931471805599453,0.0,0.0,0.0,0.0,0.0,-1.1062898695671457,0.0,0.6931471805599453,0.0,0.0,0.0,1.483668525145066,0.0,0.0,0.0,0.0,-0.6931471805599453,0.0,0.0,0.0
9.270025714300443,1.1925144413116917,Cc1cn(-c2cc(CN3CCC[C@H](N)C3)cc(NC(=O)c3ccc(C)c(Oc4ccccc4)c3)c2)cn1,1.1237813020690934,0.0,0.0,0.0,0.0,0.0,0.0,0.6931471805599453,0.0,0.0,0.0,0.0,0.0,0.0,0.0,0.0,0.0,0.6931471805599453,0.0,-1.4278602428720466,0.0,0.0,0.0,0.0,0.0,0.6931471805599453,0.0,0.0,0.0,0.0,0.0,0.0,0.0,0.0,0.0,0.0,0.0,0.0,-0.6931471805599453,-0.34127472659794156,-0.1033825773618198,0.0,0.0,-0.07322684197817063,0.0,0.0,0.0,0.0,0.0,0.0,0.46127358003604585,0.0,0.0,0.0,0.6931471805599453,0.6931471805599453,0.0,0.0,0.6931471805599453,0.0,0.0,0.0,-0.6931471805599453,-0.6931471805599453,0.0,0.0,0.0,0.0,-0.6931471805599453,0.0,0.0,0.0,0.0,-0.6931471805599453,0.0,0.0,0.0,-0.6931471805599453,0.0,0.0,-0.6931471805599453,-0.6931471805599453,-0.6931471805599453,0.0,0.0,0.0,0.0,0.0,-0.6931471805599453,-0.6931471805599453,0.0,0.0,0.0,0.0,0.0,0.0,0.0,0.0,0.0,0.0,0.0,0.0,0.0,0.0,0.0,0.0,0.0,0.6931471805599453,0.0,0.0,0.0,0.0,0.0,-0.6931471805599453,0.0,0.0,0.0,-0.6931471805599453,0.0,0.6931471805599453,0.0,0.0,0.6931471805599453,0.0,0.0,0.0,0.0,0.0,0.0,0.0,0.0,0.0,0.0,0.0,0.0,0.0,0.0,0.0,0.0,0.0,0.0,0.0,0.0,-0.6931471805599453,0.0,0.0,0.0,0.0,-0.6931471805599453,-0.6931471805599453,0.0,0.0,0.0,0.0,0.0,0.0,0.0,-0.6931471805599453,0.0,0.0,0.0,0.0,0.0,0.0,0.0,0.6931471805599453,0.0,0.0,0.0,0.0,0.0,0.4339570639024709,0.0,0.6931471805599453,0.0,0.0,0.0,0.5198754592859086,0.0,0.0,0.0,0.0,-0.6931471805599453,0.0,0.0,0.0
11.508638306165729,1.1925144413116917,CC[C@H](C)[C@H](NC(=O)[C@H](CCCCN)NC(=O)[C@H](CC(C)C)NC(=O)[C@H](CCCCN)NC(=O)[C@H](CCCNC(=N)N)NC(=O)[C@H](CS)NC(=O)[C@@H](NC(=O)[C@@H](NC(=O)[C@H](CO)NC(=O)[C@H](CS)NC(=O)CNC(=O)CNC(=O)[C@H](CC(C)C)NC(=O)[C@H](CC(N)=O)NC(=O)[C@H](C)NC(=O)[C@H](CC(C)C)NC(=O)[C@H](CS)NC(=O)[C@H](CCC(=O)O)NC(=O)[C@H](CC(N)=O)NC(=O)[C@@H](NC(=O)CN)[C@@H](C)O)[C@@H](C)CC)C(C)C)C(=O)NCC(=O)N[C@@H](Cc1ccc(O)cc1)C(=O)N[C@@H](CCC(=O)O)C(=O)N[C@@H](CS)C(=O)N[C@@H](CC(C)C)C(=O)N[C@@H](CS)C(=O)N1CCC[C@H]1C(=O)N[C@@H](CC(=O)O)C(=O)NCC(=O)N[C@@H](Cc1ccccc1)C(=O)N[C@@H](CCC(N)=O)C(=O)N[C@@H](CC(C)C)C(=O)N[C@H](C(=O)N[C@@H](C)C(=O)N[C@@H](CCC(N)=O)C(=O)N[C@@H](CCCNC(=N)N)C(=O)N[C@@H](CCCNC(=N)N)C(=O)N[C@@H](CS)C(=O)N[C@@H](CCC(=O)O)C(=O)O)C(C)C,0.0,0.0,0.0,0.0,0.0,0.6931471805599453,0.0,0.0,0.0,0.0,0.0,0.0,0.0,0.0,0.0,0.0,0.0,0.0,0.0,-1.6654811635096367,0.0,0.0,0.0,0.0,0.0,0.0,0.0,0.0,0.0,0.0,0.0,0.0,0.0,0.0,0.0,0.0,0.0,0.0,0.0,-0.103284415829272,-0.11409803753512811,0.0,0.0,0.0,0.0,0.0,0.0,0.0,0.0,0.0,0.46335908652706703,0.0,0.0,0.0,0.0,0.0,0.0,0.0,0.0,0.0,0.0,0.0,0.0,0.0,0.0,0.0,0.6931471805599453,0.0,0.0,0.0,0.0,0.0,0.0,0.0,0.0,0.0,0.0,0.0,0.0,0.0,-0.6931471805599453,-0.6931471805599453,0.0,0.0,0.0,0.0,0.0,0.0,0.0,0.0,0.0,0.0,0.0,0.0,0.0,0.0,0.0,0.0,0.0,0.0,0.0,0.0,0.0,0.0,0.0,0.0,0.0,0.6931471805599453,0.0,0.0,0.0,0.0,0.0,-0.6931471805599453,0.0,0.0,0.6931471805599453,0.0,0.0,0.0,0.0,0.0,0.0,0.0,0.0,0.0,0.0,0.0,0.0,0.0,0.0,0.0,0.0,0.0,0.0,0.0,0.0,0.0,0.0,0.0,0.0,0.0,0.0,0.0,0.0,0.0,0.0,0.0,0.0,0.0,0.0,0.0,0.0,0.0,0.0,0.0,0.0,0.0,0.0,0.0,0.0,0.0,0.0,0.0,0.0,0.0,0.0,0.0,0.0,0.0,0.0,0.4264382314884444,0.0,0.0,0.0,0.0,0.0,0.36422214957411525,0.0,0.0,0.0,0.0,0.0,0.0,0.0,0.0
8.795880017344075,1.1925144413116917,CC[C@H](C)[C@H](NC(=O)[C@@H](N)CC(C)C)C(=O)N[C@@H](CC(C)C)C(=O)N1CCC[C@H]1C(=O)N[C@@H](CCCCN)C(=O)N[C@@H](Cc1c[nH]cn1)C(=O)N[C@@H](CO)C(=O)N[C@@H](C)C(=O)N[C@@H](CC(=O)O)C(=O)O,-0.7148462436713207,0.0,0.0,0.0,0.0,0.6931471805599453,0.0,0.0,0.0,0.0,0.0,0.0,0.0,0.0,0.0,0.0,0.0,0.0,0.0,-1.6654811635096367,0.0,0.0,0.0,0.0,0.0,0.0,0.0,0.0,0.0,-0.6931471805599453,0.0,0.0,0.0,0.0,0.0,0.0,0.0,0.0,0.0,-0.103284415829272,-0.11409803753512811,0.0,0.0,0.0,0.0,0.0,0.0,0.0,0.0,0.0,0.12438371968773569,0.0,0.0,0.0,0.0,0.0,0.0,0.0,0.0,0.0,0.0,0.0,0.0,-0.6931471805599453,0.0,0.0,0.0,0.0,0.0,0.0,0.0,0.0,0.0,-0.6931471805599453,0.0,0.0,0.0,0.0,0.0,0.0,0.0,-0.6931471805599453,0.0,0.0,0.0,0.0,0.0,0.0,0.0,0.0,0.0,0.0,0.0,0.0,0.0,0.0,0.0,0.0,0.0,-0.6931471805599453,0.0,0.0,0.0,0.0,0.0,0.0,0.0,0.0,0.0,0.0,0.0,0.0,0.0,0.0,0.0,0.0,0.6931471805599453,-0.6931471805599453,0.0,0.0,0.0,0.0,0.0,0.0,0.0,0.0,0.0,0.0,0.0,0.0,0.0,0.0,0.0,0.0,0.0,0.0,0.0,0.0,0.0,0.0,0.0,0.0,0.0,0.0,0.0,0.0,0.0,0.0,0.0,0.0,0.0,0.0,0.0,0.0,0.0,0.0,0.0,0.0,0.0,0.0,0.0,0.0,0.0,0.0,0.0,0.0,0.0,0.0,0.0,0.0,0.0,-0.331505338992877,0.0,0.0,0.0,0.0,0.0,-0.6545323444321657,0.0,0.0,0.0,0.0,0.0,0.0,0.0,0.0
8.769551078621726,1.1925144413116917,CC(C)C[C@H](N)C(=O)N1CCC[C@H]1C(=O)N[C@@H](CCCCN)C(=O)N[C@@H](Cc1c[nH]cn1)C(=O)N[C@@H](CO)C(=O)N[C@@H](C)C(=O)N[C@@H](CC(=O)O)C(=O)O,-0.7148462436713207,0.0,0.0,0.0,0.0,0.6931471805599453,0.0,0.0,0.0,0.0,0.0,0.0,0.0,0.0,0.0,0.0,0.0,0.0,0.0,-1.6654811635096367,0.0,0.0,0.0,0.0,0.0,0.0,0.0,0.0,0.0,-0.6931471805599453,0.0,0.0,0.0,0.0,0.0,0.0,0.0,0.0,0.0,0.911190446976305,0.2006965055116901,0.0,0.0,0.9570006261963212,0.0,0.0,0.0,0.0,0.0,0.0,0.12145545990864731,0.0,0.0,0.0,0.0,0.0,0.0,0.0,0.0,0.0,0.0,0.0,0.0,-0.6931471805599453,0.0,0.0,0.0,0.0,0.0,0.0,0.0,0.0,0.0,-0.6931471805599453,0.0,0.0,0.0,0.0,0.0,0.0,0.0,-0.6931471805599453,0.0,0.0,0.0,0.0,0.0,0.0,0.0,0.0,0.0,0.0,0.0,0.0,0.0,0.0,0.0,0.0,0.0,-0.6931471805599453,0.0,0.0,0.0,0.0,0.0,0.0,0.0,0.0,0.0,0.0,0.0,0.0,0.0,0.0,0.0,0.0,0.0,-0.6931471805599453,0.0,0.0,0.0,0.0,0.0,0.0,0.0,0.0,0.0,0.0,0.0,0.0,0.0,0.0,0.0,0.0,0.0,0.0,0.0,0.0,0.0,0.0,0.0,0.0,0.0,0.0,0.0,0.0,0.0,0.0,0.0,0.0,0.0,0.0,0.0,0.0,0.0,0.0,0.0,0.0,0.0,0.0,0.0,0.0,0.0,0.0,0.0,0.0,0.0,0.0,0.0,0.0,0.0,-0.2716584229836235,0.0,0.0,0.0,0.0,0.0,-0.7731898882334809,0.0,0.0,0.0,0.0,0.0,0.0,0.0,0.0
9.154901959985745,1.1925144413116917,CC(C)C[C@H](NC(=O)[C@H](Cc1ccc(O)cc1)NC(=O)[C@@H](N)CC(C)C)C(=O)N1CCC[C@H]1C(=O)N[C@@H](CCCCN)C(=O)N[C@@H](Cc1c[nH]cn1)C(=O)N[C@@H](CO)C(=O)N[C@@H](CC(=O)O)C(=O)N[C@@H](CCCNC(=N)N)C(=O)N[C@@H](CC(=O)O)C(=O)O,0.0,0.0,0.0,0.0,0.0,0.6931471805599453,0.0,0.0,0.0,0.0,0.0,0.0,0.0,0.0,0.0,0.0,0.0,0.0,0.0,-1.6654811635096367,0.0,0.0,0.0,0.0,0.0,0.0,0.0,0.0,0.0,-0.6931471805599453,0.0,0.0,0.0,0.0,0.0,0.0,0.0,0.0,0.0,-0.103284415829272,-0.11409803753512811,0.0,0.0,0.0,0.0,0.0,0.0,0.0,0.0,0.0,0.21916212601502516,0.0,0.0,0.0,0.0,0.0,0.0,0.0,0.0,0.0,0.0,0.0,0.0,-0.6931471805599453,0.0,0.0,0.0,0.0,0.0,0.0,0.0,0.0,0.0,0.0,0.0,0.0,0.0,0.0,0.0,0.0,0.0,-0.6931471805599453,0.0,0.0,0.0,0.0,0.0,0.0,0.0,0.0,0.0,0.0,0.0,0.0,0.0,0.0,0.0,0.0,0.0,0.0,0.0,0.0,0.0,0.0,0.0,0.0,0.0,0.0,0.0,0.0,0.0,0.0,0.0,0.0,0.0,0.0,0.0,0.0,0.0,0.0,0.0,0.0,0.0,0.0,0.0,0.0,0.0,0.0,0.0,0.0,0.0,0.0,0.0,0.0,0.0,0.0,0.0,0.0,0.0,0.0,0.0,0.0,0.0,0.0,0.0,0.0,0.0,0.0,0.0,0.0,0.0,0.0,0.0,0.0,0.0,0.0,0.0,0.0,0.0,0.0,0.0,0.0,0.0,0.0,0.0,0.0,0.0,0.0,0.0,0.0,0.0,0.08845542056186372,0.0,0.0,0.0,0.0,0.0,-0.4353180712578455,0.0,0.0,0.0,0.0,0.0,0.0,0.0,0.0
9.096910013008056,1.1925144413116917,CC(=O)N[C@H](C(=O)N[C@H](C(=O)N[C@@H](Cc1ccccc1)C(=O)N[C@H](C(=O)N[C@@H](CO)C(=O)N[C@@H](Cc1c[nH]c2ccccc12)C(=O)N[C@@H](CCC(=O)O)C(=O)N[C@@H](CCC(=O)O)C(=O)N[C@@H](Cc1ccc(O)cc1)C(=O)N[C@@H](CC(C)C)C(=O)N[C@@H](CC(=O)O)C(=O)N[C@@H](Cc1c[nH]c2ccccc12)C(=O)N[C@H](C(N)=O)C(C)C)[C@@H](C)O)C(C)C)[C@@H](C)O,0.0,0.0,0.0,0.0,0.0,0.0,0.0,0.0,0.0,0.0,0.0,0.0,0.0,0.0,0.0,0.0,0.0,0.0,0.0,0.0,0.0,0.0,0.0,0.0,0.0,0.0,0.0,0.0,0.0,-0.6931471805599453,0.0,0.0,0.0,0.0,0.0,0.0,0.0,0.0,0.0,-0.103284415829272,-0.11409803753512811,0.0,0.0,0.0,0.0,0.0,0.0,0.0,0.0,0.0,0.25571972174882285,0.0,0.0,0.0,0.0,0.0,0.0,-0.6931471805599453,0.0,0.0,0.0,0.0,0.0,0.0,0.0,0.0,0.6931471805599453,0.0,0.0,0.0,0.0,0.0,0.0,0.0,0.0,0.0,0.0,0.0,0.0,0.0,0.0,0.0,0.0,0.0,0.0,0.0,0.0,0.0,0.0,0.0,0.0,0.0,0.0,0.0,0.0,0.0,0.0,0.0,0.0,0.0,0.0,0.0,0.0,0.0,0.0,0.0,0.0,0.6931471805599453,0.0,0.0,0.0,0.0,0.0,0.0,0.0,0.0,0.0,0.0,0.0,0.0,0.0,0.0,0.0,0.0,0.0,0.0,0.0,0.0,0.0,0.0,0.0,0.0,0.0,0.0,0.0,0.0,0.0,0.0,0.0,0.0,0.0,0.0,0.0,0.0,0.0,0.0,0.0,0.0,0.0,0.0,0.0,0.0,0.0,0.0,0.0,0.0,0.0,0.0,0.0,0.0,0.0,0.0,0.0,0.0,0.0,0.0,0.0,0.0,0.0,0.0,0.0,0.011494379425736414,0.0,0.0,0.0,0.0,0.0,0.35364004024357837,0.0,0.0,0.0,0.0,0.0,0.0,0.0,0.0
7.566710314804974,1.1925144413116917,CC(=O)N[C@H](C(=O)N[C@H](C(=O)N[C@@H](Cc1ccccc1)C(=O)N[C@H](C(=O)N[C@@H](CO)C(=O)N[C@@H](Cc1c[nH]c2ccccc12)C(=O)N[C@@H](CCC(=O)O)C(=O)N[C@@H](CCC(=O)O)C(=O)N[C@@H](C)C(=O)N[C@@H](CC(C)C)C(=O)N[C@@H](CC(=O)O)C(=O)N[C@@H](Cc1c[nH]c2ccccc12)C(=O)N[C@H](C(N)=O)C(C)C)[C@@H](C)O)C(C)C)[C@@H](C)O,-0.7148462436713207,0.0,0.0,0.0,0.0,0.0,0.0,0.0,0.0,0.0,0.0,0.0,0.0,0.0,0.0,0.0,0.0,0.0,0.0,0.0,0.0,0.0,0.0,0.0,0.0,0.0,0.0,0.0,0.0,-0.6931471805599453,0.0,0.0,0.0,0.0,0.0,0.0,0.0,0.0,0.0,-0.103284415829272,-0.11409803753512811,0.0,0.0,0.0,0.0,0.0,0.0,0.0,0.0,0.0,0.2218181700731414,0.0,0.0,0.0,0.0,0.0,0.0,-0.6931471805599453,0.0,0.0,0.0,0.0,0.0,0.0,0.0,0.0,0.6931471805599453,0.0,0.0,0.0,0.0,0.0,0.0,0.0,0.0,0.0,0.0,0.0,0.0,0.0,0.0,0.0,0.0,0.0,0.0,0.0,0.0,0.0,0.0,0.0,0.0,0.0,0.0,0.0,0.0,0.0,0.0,0.0,0.0,0.0,0.0,0.0,0.0,0.0,0.0,0.0,0.0,0.6931471805599453,0.0,0.0,0.0,0.0,0.0,0.0,0.0,0.0,0.0,-0.6931471805599453,0.0,0.0,0.0,0.0,0.0,0.0,0.0,0.0,0.0,0.0,0.0,0.0,0.0,0.0,0.0,0.0,0.0,0.0,0.0,0.0,0.0,0.0,0.0,0.0,0.0,0.0,0.0,0.0,0.0,0.0,0.0,0.0,0.0,0.0,0.0,0.0,0.0,0.0,0.0,0.0,0.0,0.0,0.0,0.0,0.0,0.0,0.0,0.0,0.0,0.0,0.0,0.0,0.0,0.20800057121164678,0.0,0.0,0.0,0.0,0.0,0.36422214957411525,0.0,0.0,0.0,0.0,0.0,0.0,0.0,0.0
7.838631997765026,1.1925144413116917,CC(=O)N[C@H](C(=O)N[C@H](C(=O)N[C@@H](Cc1ccccc1)C(=O)N[C@@H](CCCNC(=N)N)C(=O)N[C@@H](CO)C(=O)N[C@@H](Cc1c[nH]c2ccccc12)C(=O)N[C@@H](CCC(=O)O)C(=O)N[C@@H](CCC(=O)O)C(=O)N[C@@H](Cc1ccc(O)cc1)C(=O)N[C@@H](CC(C)C)C(=O)N[C@@H](CC(=O)O)C(=O)N[C@@H](Cc1ccc(O)cc1)C(=O)N[C@H](C(N)=O)C(C)C)C(C)C)[C@@H](C)O,0.7148462081390736,0.0,0.0,0.0,0.0,0.6931471805599453,0.0,0.0,0.0,0.0,0.0,0.0,0.0,0.0,0.0,0.0,0.0,0.0,0.0,-1.1455304055890243,0.0,0.0,0.0,0.0,0.0,0.0,0.0,0.0,0.0,-0.6931471805599453,0.0,0.0,0.0,0.0,0.0,0.0,0.0,0.0,0.0,-0.103284415829272,-0.11409803753512811,0.0,0.0,0.0,0.0,0.0,0.0,0.0,0.0,0.0,0.2479976756549125,0.0,0.0,0.0,0.0,0.0,0.0,-0.6931471805599453,0.0,0.0,0.0,0.0,0.0,0.0,0.0,0.0,0.6931471805599453,0.0,0.0,0.0,0.0,0.0,0.0,0.0,0.0,0.0,0.0,0.0,0.0,0.0,0.0,-0.6931471805599453,0.0,0.0,0.0,0.0,0.0,0.0,0.0,0.0,0.0,0.0,0.0,0.0,0.0,0.0,0.0,0.0,0.0,0.0,0.0,0.0,0.0,0.0,0.0,0.0,0.0,0.6931471805599453,0.0,0.0,0.0,0.0,0.0,0.0,0.0,0.0,0.0,0.0,0.0,0.0,0.0,0.0,0.0,0.0,0.0,0.0,0.0,0.0,0.0,0.0,0.0,0.0,0.0,0.0,0.0,0.0,0.0,0.0,0.0,0.0,0.0,0.0,0.0,0.0,0.0,0.0,0.0,0.0,0.0,0.0,0.0,0.0,0.0,0.0,0.0,0.0,0.0,0.0,0.0,0.0,0.0,0.0,0.0,0.0,0.0,0.0,0.0,0.0,0.0,0.0,0.0,-0.04520543676804694,0.0,0.0,0.0,0.0,0.0,0.3953127366441464,0.0,0.0,0.0,0.0,0.0,0.0,0.0,0.0
11.69897000433602,1.1925144413116917,CCNC(=O)[C@@H]1CSCC(=O)N[C@@H](Cc2ccccc2)C(=O)N[C@@H](C(C)C)C(=O)N2CCC[C@H]2C(=O)N[C@@H]([C@@H](C)O)C(=O)N[C@@H]([C@@H](C)O)C(=O)N[C@@H](Cc2ccc(-c3ccccc3)cc2)C(=O)N(C)[C@@H](C)C(=O)N[C@@H](Cc2ccc(-c3ccccc3)cc2)C(=O)N(C)[C@@H](C)C(=O)N[C@@H](CCC(=O)O)C(=O)N[C@@H](C)C(=O)N2CCC[C@H]2C(=O)N1,1.38541743071552,0.0,0.0,0.0,0.0,0.6931471805599453,0.0,0.6931471805599453,0.0,0.0,0.0,0.0,0.0,0.0,0.0,0.0,0.0,0.0,0.0,0.08442601423560837,0.0,0.0,0.0,0.0,0.0,0.6931471805599453,0.0,0.0,0.0,0.0,0.0,0.6931471805599453,0.0,0.0,0.0,0.0,0.0,0.0,0.0,-0.103284415829272,-0.11409803753512811,0.0,0.0,0.0,0.0,0.0,0.0,0.0,0.0,0.0,0.7665453455148136,0.0,0.0,0.0,0.0,0.0,0.0,0.0,0.0,0.0,0.0,0.0,0.0,0.0,0.0,0.0,0.6931471805599453,0.0,0.0,0.0,0.0,0.0,0.0,0.0,0.0,0.0,0.0,0.0,0.0,0.0,-0.6931471805599453,-0.6931471805599453,0.0,0.0,0.0,0.0,0.0,0.0,0.0,0.0,0.0,0.0,0.0,0.0,0.0,0.0,0.0,0.0,0.0,0.0,0.0,0.0,0.0,0.0,0.0,0.0,0.0,0.6931471805599453,0.0,0.0,0.0,0.0,0.0,-0.6931471805599453,0.0,0.0,0.0,0.0,0.0,0.0,0.0,0.0,0.6931471805599453,0.0,0.0,0.0,0.0,0.0,0.0,0.0,0.0,0.0,0.0,0.0,0.0,0.0,0.0,0.0,0.0,0.0,0.0,0.0,0.0,0.0,0.0,0.0,0.0,0.0,0.0,0.0,0.0,0.0,0.0,0.0,0.0,0.0,0.0,0.0,0.0,0.0,0.0,0.0,0.0,0.0,0.0,0.0,0.0,0.0,0.0,0.0,0.0,0.935753280949069,0.0,0.0,0.0,0.0,0.0,-0.2762533766281582,0.0,0.0,0.0,0.0,0.0,0.0,0.0,0.0
8.701146923590294,1.1925144413116917,CNCCCCCn1cncc1-c1ncc(-c2ccc3ccccc3c2)n1CCCC(C)(C)C,1.4088506097435574,0.0,0.0,0.0,0.0,0.6931471805599453,0.0,0.6931471805599453,0.0,0.0,0.0,0.0,0.0,0.0,0.0,0.0,0.0,0.6931471805599453,0.0,1.1966996241275658,0.0,0.0,0.0,0.0,0.0,0.6931471805599453,0.0,0.0,0.0,0.0,0.0,0.6931471805599453,0.0,0.0,0.0,0.0,0.0,0.0,-0.6931471805599453,-0.5376983728162604,-0.5370004781028717,0.0,0.0,-0.48373020300112074,0.0,0.0,0.0,0.0,0.0,0.0,0.39659587036738486,0.0,0.0,0.0,0.0,0.6931471805599453,0.0,0.0,0.0,0.0,0.0,0.0,0.0,-0.6931471805599453,0.0,0.0,0.6931471805599453,0.0,-0.6931471805599453,0.0,0.0,0.0,0.0,-0.6931471805599453,0.0,0.0,0.0,-0.6931471805599453,0.0,0.0,0.0,-0.6931471805599453,0.0,0.0,0.0,0.0,0.0,0.0,0.0,-0.6931471805599453,0.0,0.0,0.0,0.0,0.0,0.0,0.0,0.0,0.0,-0.6931471805599453,0.0,0.0,0.0,0.0,0.0,0.0,0.0,0.6931471805599453,0.0,0.0,0.0,0.0,0.0,-0.6931471805599453,0.0,0.0,0.0,-0.6931471805599453,0.0,0.6931471805599453,-0.6931471805599453,0.0,0.6931471805599453,0.0,0.0,0.0,0.0,0.0,0.0,0.0,0.0,0.0,0.0,0.0,0.0,0.0,0.0,0.0,0.0,0.0,0.0,0.0,0.0,0.0,0.0,0.0,0.0,0.0,-0.6931471805599453,-0.6931471805599453,0.0,0.0,0.0,0.0,0.0,0.0,0.0,0.0,0.0,0.0,0.0,0.0,0.0,0.0,0.0,0.0,0.0,0.0,0.0,0.0,0.0,0.9220544365909066,0.0,0.6931471805599453,0.0,0.0,0.0,-1.0252810155825596,0.0,0.0,0.0,0.0,-0.6931471805599453,0.0,0.0,0.0
11.045757490560677,1.1925144413116917,C#Cc1ncc(-c2ncc(-c3ccc4ccccc4c3)n2CCCC(C)(C)C)n1CCCCCNC,1.723289772686619,0.0,0.0,0.0,0.0,0.6931471805599453,0.0,0.6931471805599453,0.0,0.0,0.0,0.0,0.0,0.0,0.0,0.0,0.0,0.6931471805599453,0.0,1.1966996241275658,0.0,0.0,0.0,0.0,0.0,0.6931471805599453,0.0,0.0,0.0,0.0,0.0,0.6931471805599453,0.0,0.0,0.0,0.0,0.0,0.0,-0.6931471805599453,-0.44399369717946974,-0.2049411208307578,0.0,0.0,-0.24020040410877164,0.0,0.0,0.0,0.0,0.0,0.0,0.5317962480802956,0.0,0.0,0.0,0.0,0.6931471805599453,0.0,0.0,0.0,0.0,0.0,0.0,0.0,-0.6931471805599453,0.0,0.0,0.6931471805599453,0.0,-0.6931471805599453,0.0,0.0,0.0,0.0,-0.6931471805599453,0.0,0.0,0.0,0.0,0.0,0.0,0.0,-0.6931471805599453,0.0,0.0,0.0,0.0,0.0,0.0,0.0,-0.6931471805599453,0.0,0.0,0.0,0.0,0.0,0.0,0.0,0.0,0.0,-0.6931471805599453,0.0,0.0,0.0,0.0,0.0,0.0,0.0,0.6931471805599453,0.0,0.0,0.0,0.0,0.0,-0.6931471805599453,0.0,0.0,0.6931471805599453,-0.6931471805599453,0.0,0.6931471805599453,0.0,0.0,0.6931471805599453,0.0,0.0,0.0,0.0,0.0,0.0,0.0,0.0,0.0,0.0,0.0,0.0,0.0,0.0,0.0,0.0,0.0,0.0,0.0,0.0,0.0,0.0,0.0,0.0,0.0,-0.6931471805599453,-0.6931471805599453,0.0,0.0,0.0,0.0,0.0,0.0,0.0,0.0,0.0,0.0,0.0,0.0,0.0,0.0,0.0,0.0,0.0,0.0,0.0,0.0,0.0,0.4414197851040614,0.0,0.6931471805599453,0.0,0.0,0.0,-0.9461436950238356,0.0,0.0,0.0,0.0,-0.6931471805599453,0.0,0.0,0.0
11.154901959985745,1.1925144413116917,CNCCCCCn1c(-c2ncc(-c3ccc4ccccc4c3)n2CCCC(C)(C)C)cnc1I,1.4088506097435574,0.0,0.0,0.0,0.0,0.6931471805599453,0.0,0.6931471805599453,0.0,0.0,0.0,0.0,0.0,0.0,0.0,0.0,0.0,0.6931471805599453,0.0,1.1966996241275658,0.0,0.0,0.0,0.0,0.0,0.6931471805599453,0.0,0.0,0.0,0.0,0.0,0.6931471805599453,0.0,0.0,0.0,0.0,0.0,0.0,-0.6931471805599453,-0.09427069779398393,-0.41108892053013985,0.0,0.0,-0.22580128632716565,0.0,0.0,0.0,0.0,0.0,0.0,0.8989222257925111,0.0,0.0,0.0,0.0,0.6931471805599453,0.0,0.0,0.6931471805599453,0.0,0.0,0.0,0.0,-0.6931471805599453,0.0,0.0,0.6931471805599453,0.0,-0.6931471805599453,0.0,0.0,0.0,0.0,-0.6931471805599453,0.0,0.0,0.0,-0.6931471805599453,0.0,0.0,0.0,-0.6931471805599453,0.0,0.0,0.0,0.0,0.0,0.0,0.0,-0.6931471805599453,0.0,0.0,0.0,0.0,0.0,0.0,0.0,0.0,0.0,-0.6931471805599453,0.0,0.0,0.0,0.0,0.0,0.0,0.0,0.6931471805599453,0.0,0.0,0.0,0.0,0.0,0.0,0.0,0.0,0.0,-0.6931471805599453,0.0,0.6931471805599453,-0.6931471805599453,0.0,0.6931471805599453,0.0,0.0,0.0,0.0,0.0,0.0,0.0,0.0,0.0,0.0,0.0,0.0,0.0,0.0,0.0,0.0,0.0,0.0,0.0,0.0,0.0,0.0,0.0,0.0,0.0,-0.6931471805599453,-0.6931471805599453,0.0,0.0,0.0,0.0,0.0,0.0,0.0,0.0,0.0,0.0,0.0,0.0,0.0,0.0,0.0,0.0,0.0,0.0,0.0,0.0,0.0,0.7789535929502336,0.0,0.6931471805599453,0.0,0.0,0.0,-0.9808292530117255,0.0,0.0,0.0,0.0,-0.6931471805599453,0.0,0.0,0.0
8.346787486224656,1.1925144413116917,CNCCCCCn1cncc1-c1ncc(-c2ccc3ccccc3c2)n1CC1CCCCC1,1.4088506097435574,0.0,0.0,0.0,0.0,0.6931471805599453,0.0,0.6931471805599453,0.0,0.0,0.0,0.0,0.0,0.0,0.0,0.0,0.0,0.6931471805599453,0.0,1.1966996241275658,0.0,0.0,0.0,0.0,0.0,0.6931471805599453,0.0,0.0,0.0,0.0,0.0,0.6931471805599453,0.0,0.0,0.0,0.0,0.0,0.0,-0.6931471805599453,-0.3401365403699392,-0.2800116562941526,0.0,0.0,-0.19286092639990737,0.0,0.0,0.0,0.0,0.0,0.0,0.5395482248846136,0.0,0.0,0.0,0.0,0.6931471805599453,0.0,0.0,0.0,0.0,0.0,0.0,0.0,-0.6931471805599453,0.0,0.0,0.6931471805599453,0.0,0.0,0.0,0.0,0.0,0.0,-0.6931471805599453,0.0,0.0,0.0,-0.6931471805599453,0.0,0.0,0.0,-0.6931471805599453,0.0,0.0,0.0,0.0,0.0,0.0,0.0,0.0,0.0,0.0,0.0,0.0,0.0,0.0,0.0,0.0,0.0,-0.6931471805599453,0.0,0.0,0.0,0.0,0.0,0.0,0.0,0.6931471805599453,0.0,0.0,0.0,0.0,0.0,-0.6931471805599453,0.0,0.0,0.6931471805599453,-0.6931471805599453,0.0,0.6931471805599453,-0.6931471805599453,0.0,0.6931471805599453,0.0,0.0,0.0,0.0,0.0,0.0,0.0,0.0,0.0,0.0,0.0,0.0,0.0,0.0,0.0,0.0,0.0,0.0,0.0,0.0,0.0,0.0,0.0,0.0,0.0,-0.6931471805599453,-0.6931471805599453,0.0,0.0,0.0,0.0,0.0,0.0,0.0,0.0,0.0,0.0,0.0,0.0,0.0,0.0,0.0,0.0,0.0,0.0,0.0,0.0,0.0,0.8154159654875881,0.0,0.6931471805599453,0.0,0.0,0.0,-0.9461436950238356,0.0,0.0,0.0,0.0,-0.6931471805599453,0.0,0.0,0.0
8.701146923590294,1.1925144413116917,CNCCCCCn1c(-c2ncc(-c3ccc4ccccc4c3)n2CC2CCCCC2)cnc1I,1.4088506097435574,0.0,0.0,0.0,0.0,0.6931471805599453,0.0,0.6931471805599453,0.0,0.0,0.0,0.0,0.0,0.0,0.0,0.0,0.0,0.6931471805599453,0.0,1.1966996241275658,0.0,0.0,0.0,0.0,0.0,0.6931471805599453,0.0,0.0,0.0,0.0,0.0,0.6931471805599453,0.0,0.0,0.0,0.0,0.0,0.0,-0.6931471805599453,-0.2009423062461459,-0.3386285290236751,0.0,0.0,-0.3412960404117087,0.0,0.0,0.0,0.0,0.0,0.0,0.7742082182603826,0.0,0.0,0.0,0.0,0.6931471805599453,0.0,0.0,0.6931471805599453,0.0,0.0,0.0,0.0,-0.6931471805599453,0.0,0.0,0.6931471805599453,0.0,0.0,0.0,0.0,0.0,0.0,-0.6931471805599453,0.0,0.0,0.0,-0.6931471805599453,0.0,0.0,0.0,-0.6931471805599453,0.0,0.0,0.0,0.0,0.0,0.0,0.0,-0.6931471805599453,0.0,0.0,0.0,0.0,0.0,0.0,0.0,0.0,0.0,-0.6931471805599453,0.0,0.0,0.0,0.0,0.0,0.0,0.0,0.6931471805599453,0.0,0.0,0.0,0.0,0.0,0.0,0.0,0.0,0.6931471805599453,-0.6931471805599453,0.0,0.6931471805599453,-0.6931471805599453,0.0,0.6931471805599453,0.0,0.0,0.0,0.0,0.0,0.0,0.0,0.0,0.0,0.0,0.0,0.0,0.0,0.0,0.0,0.0,0.0,0.0,0.0,0.0,0.0,0.0,0.0,0.0,0.0,-0.6931471805599453,-0.6931471805599453,0.0,0.0,0.0,0.0,0.0,0.0,0.0,0.0,0.0,0.0,0.0,0.0,0.0,0.0,0.0,0.0,0.0,0.0,0.0,0.0,0.0,0.6667913358545844,0.0,0.6931471805599453,0.0,0.0,0.0,-0.8917496229580367,0.0,0.0,0.0,0.0,-0.6931471805599453,0.0,0.0,0.0
8.928117992693874,1.1925144413116917,C#Cc1ncc(-c2ncc(-c3ccc4ccccc4c3)n2CC2CCCCC2)n1CCCCCNC,1.723289772686619,0.0,0.0,0.0,0.0,0.6931471805599453,0.0,0.6931471805599453,0.0,0.0,0.0,0.0,0.0,0.0,0.0,0.0,0.0,0.6931471805599453,0.0,1.1966996241275658,0.0,0.0,0.0,0.0,0.0,0.6931471805599453,0.0,0.0,0.0,0.0,0.0,0.6931471805599453,0.0,0.0,0.0,0.0,0.0,0.0,-0.6931471805599453,-0.4518666189124982,-0.37133603803161647,0.0,0.0,-0.3943430103557257,0.0,0.0,0.0,0.0,0.0,0.0,0.6474152491332305,0.0,0.0,0.0,0.0,0.6931471805599453,0.0,0.0,0.0,0.0,0.0,0.0,0.0,-0.6931471805599453,0.0,0.0,0.6931471805599453,0.0,0.0,0.0,0.0,0.0,0.0,-0.6931471805599453,0.0,0.0,0.0,0.0,0.0,0.0,0.0,-0.6931471805599453,0.0,0.0,0.0,0.0,0.0,0.0,0.0,-0.6931471805599453,0.0,0.0,0.0,0.0,0.0,0.0,0.0,0.0,0.0,-0.6931471805599453,0.0,0.0,0.0,0.0,0.0,0.0,0.0,0.6931471805599453,0.0,0.0,0.0,0.0,0.0,-0.6931471805599453,0.0,0.0,0.6931471805599453,-0.6931471805599453,0.0,0.6931471805599453,0.0,0.0,0.6931471805599453,0.0,0.0,0.0,0.0,0.0,0.0,0.0,0.0,0.0,0.0,0.0,0.0,0.0,0.0,0.0,0.0,0.0,0.0,0.0,0.0,0.0,0.0,0.0,0.0,0.0,-0.6931471805599453,0.0,0.0,0.0,0.0,0.0,0.0,0.0,0.0,0.0,0.0,0.0,0.0,0.0,0.0,0.0,0.0,0.0,0.0,0.0,0.0,0.0,0.0,0.2977468590679224,0.0,0.6931471805599453,0.0,0.0,0.0,-0.8602012652231108,0.0,0.0,0.0,0.0,-0.6931471805599453,0.0,0.0,0.0
6.259637310505756,1.1925144413116917,CC1(C)NC(=O)[C@H](Cc2ccc(O)cc2)NC(=O)[C@H](Cc2cnc[nH]2)NC(=O)[C@H](CC(=O)O)NC(=O)[C@H](Cc2c[nH]c3ccc(F)cc23)NC(=O)[C@H](Cc2c[nH]c3ccc(F)cc23)NC(=O)CNC(=O)[C@H](CCCCN)NC(=O)CCSCc2cccc(c2)CSC[C@@H](C(N)=O)NC1=O,0.0,0.0,0.0,0.0,0.0,0.0,0.0,0.0,0.0,0.0,0.0,0.0,0.0,0.0,0.0,0.0,0.0,0.0,0.0,0.0,0.0,0.0,0.0,0.0,0.0,0.0,0.0,0.0,0.0,0.0,0.0,0.0,0.0,0.0,0.0,0.0,0.0,0.0,0.0,0.2543463885567357,0.25396960936753976,0.0,0.0,0.3386293396892764,0.0,0.0,0.0,0.0,0.0,0.0,-0.32744390254726824,0.0,0.0,0.0,0.0,0.0,0.0,0.0,0.0,0.0,0.0,0.0,0.0,0.0,0.0,0.0,0.0,0.0,0.0,0.0,0.0,0.0,0.0,0.0,0.0,0.0,0.0,0.0,0.0,0.0,0.0,0.0,-0.6931471805599453,0.0,0.0,0.0,0.0,0.0,0.0,0.0,0.0,0.0,0.0,0.0,0.0,0.0,0.0,0.0,0.0,0.0,0.0,0.0,0.0,0.0,0.0,0.0,0.0,0.0,0.0,0.0,0.0,0.0,0.0,0.0,0.0,0.0,0.0,0.0,0.0,0.0,0.0,0.0,0.0,0.0,0.0,0.0,0.0,0.0,0.0,0.6931471805599453,0.0,0.0,0.0,0.0,0.0,0.0,0.0,0.0,0.0,0.0,0.0,0.0,0.0,0.0,0.0,0.0,0.0,0.0,0.0,0.0,0.0,0.0,0.0,0.0,0.0,0.0,0.0,0.0,0.0,0.0,0.0,0.0,0.0,0.0,0.0,0.0,0.0,0.0,0.0,0.0,0.0,0.15001331356129724,0.0,0.0,0.0,0.0,0.0,0.5377330766859151,0.0,0.0,0.0,0.0,0.0,0.0,0.0,0.0
5.183758700008217,1.1925144413116917,COc1ccc(C[C@@H]2NC(=O)[C@@H]3CC/C=C\CC[C@H](NC(=O)[C@H](Cc4c[nH]c5ccc(F)cc45)NC(=O)[C@H](Cc4c[nH]c5ccc(F)cc45)NC(=O)[C@@H](C)NC(=O)[C@H](CCCCN)NC(=O)CCSCc4cccc(c4)CSCCNC(=O)[C@]4(C)CCCN4C2=O)C(=O)N3)cc1,0.0,0.0,0.0,0.0,0.0,0.0,0.0,0.0,0.0,0.0,0.0,0.0,0.0,0.0,0.0,0.0,0.0,0.0,0.0,0.0,0.0,0.0,0.0,0.0,0.0,0.0,0.0,0.0,0.0,0.0,0.0,0.0,0.0,0.0,0.0,0.0,0.0,0.0,0.0,0.11105295721410488,0.11087663101705109,0.0,0.0,0.2038893586045199,0.0,0.0,0.0,0.0,0.0,0.0,-0.3178515028558288,0.0,0.0,0.0,0.0,0.0,0.0,0.0,0.0,0.0,0.0,0.0,0.0,0.0,0.0,0.0,0.0,0.0,0.0,0.0,0.0,0.0,0.0,0.0,0.0,0.0,0.0,0.0,0.0,0.0,0.0,0.0,-0.6931471805599453,0.0,0.0,0.0,0.0,0.0,-0.6931471805599453,0.0,0.0,0.0,0.0,0.0,0.0,0.0,0.0,0.0,0.0,0.0,0.0,0.0,0.0,0.0,0.0,0.0,0.0,0.0,0.0,0.0,0.0,0.0,0.0,0.0,0.0,0.0,0.0,0.0,0.0,0.0,0.0,0.0,0.0,0.0,0.0,0.0,0.0,0.0,0.0,0.0,0.0,0.0,0.0,0.0,0.0,0.0,0.0,0.0,0.0,0.0,0.0,0.0,0.0,0.0,0.0,0.0,0.0,0.0,0.0,0.0,0.0,0.0,0.0,0.0,0.0,0.0,0.0,0.0,0.0,0.0,0.0,0.0,0.0,0.0,0.0,0.0,0.0,0.0,0.0,0.0,0.0,0.15001331356129724,0.0,0.0,0.0,0.0,0.0,0.17979311044059593,0.0,0.0,0.0,0.0,0.0,0.0,0.0,0.0
5.183758700008217,1.1925144413116917,COc1ccc(C[C@@H]2NC(=O)[C@H]([C@@H](C)O)NC(=O)[C@@H]3CCC/C=C\COc4cccc(c4)C[C@H](NC(=O)[C@@H](C)NC(=O)[C@H](CCCCN)NC(=O)CCSCc4cccc(c4)CSCCNC(=O)[C@]4(C)CCCN4C2=O)C(=O)N[C@@H](Cc2c[nH]c4ccc(F)cc24)C(=O)N3)cc1,0.7148462081390736,0.0,0.0,0.0,0.0,0.0,0.0,0.0,0.0,0.0,0.0,0.0,0.0,0.0,0.0,0.0,0.0,0.0,0.0,-1.1455304055890243,0.0,0.0,0.0,0.0,0.0,0.0,0.0,0.0,0.0,0.0,0.0,0.0,0.0,0.0,0.0,0.0,0.0,0.0,0.0,0.11105295721410488,0.11087663101705109,0.0,0.0,0.2038893586045199,0.0,0.0,0.0,0.0,0.0,0.0,-0.37861785807197657,0.0,0.0,0.0,0.0,0.0,0.0,0.0,0.0,0.0,0.0,0.0,0.0,0.0,0.0,0.0,0.0,0.0,0.0,0.0,0.0,0.0,0.0,0.0,0.0,0.0,0.0,0.0,0.0,0.0,0.0,-0.6931471805599453,0.0,0.0,0.0,0.0,0.0,0.0,-0.6931471805599453,0.0,0.0,0.0,0.0,0.0,0.0,0.0,0.0,0.0,0.0,0.0,0.0,0.0,0.0,0.0,0.0,0.0,0.0,0.0,0.0,0.0,0.0,0.0,0.0,0.0,0.0,0.0,0.0,0.0,0.0,0.0,0.0,0.0,0.0,0.0,0.0,0.0,0.0,0.0,0.0,0.0,0.0,0.0,0.0,0.0,0.0,0.0,0.0,0.0,0.0,0.0,0.0,0.0,0.0,0.0,0.0,0.0,0.0,0.0,0.0,0.0,0.0,0.0,0.0,0.0,0.0,0.0,0.0,0.0,0.0,0.0,0.0,0.0,0.0,0.0,0.0,0.0,0.0,0.0,0.0,0.0,0.0,-0.05619455834364096,0.0,0.0,0.0,0.0,0.0,0.19237189264745608,0.0,0.0,0.0,0.0,0.0,0.0,0.0,0.0
6.259637310505756,1.1925144413116917,COc1ccc(C[C@@H]2NC(=O)[C@H]([C@@H](C)O)NC(=O)[C@@H]3CCCCC/C=C\CC[C@H](NC(=O)[C@@H](C)NC(=O)[C@H](C)NC(=O)CCSCc4cccc(c4)CSCCNC(=O)[C@]4(C)CCCN4C2=O)C(=O)N[C@@H](Cc2c[nH]c4ccc(F)cc24)C(=O)N3)cc1,0.0,0.0,0.0,0.0,0.0,0.0,0.0,0.0,0.0,0.0,0.0,0.0,0.0,0.0,0.0,0.0,0.0,0.0,0.0,-1.1455304055890243,0.0,0.0,0.0,0.0,0.0,0.0,0.0,0.0,0.0,0.0,0.0,0.0,0.0,0.0,0.0,0.0,0.0,0.0,0.0,0.2543463885567357,0.25396960936753976,0.0,0.0,0.3386293396892764,0.0,0.0,0.0,0.0,0.0,0.0,-0.3672152259741649,0.0,0.0,0.0,0.0,0.0,0.0,0.0,0.0,0.0,0.0,0.0,0.0,0.0,0.0,0.0,0.0,0.0,0.0,0.0,0.0,0.0,0.0,0.0,0.0,0.0,0.0,0.0,0.0,0.0,0.0,-0.6931471805599453,0.0,0.0,0.0,0.0,0.0,0.0,-0.6931471805599453,0.0,0.0,0.0,0.0,0.0,0.0,0.0,0.0,0.0,0.0,0.0,0.0,0.0,0.0,0.0,0.0,0.0,0.0,0.0,0.0,0.0,0.0,0.0,0.0,0.0,0.0,0.0,0.0,0.0,0.0,0.0,0.0,0.0,0.0,0.0,0.0,0.0,0.0,0.0,0.0,0.0,0.0,0.0,0.0,0.0,0.0,0.0,0.0,0.0,0.0,0.0,0.0,0.0,0.0,0.0,0.0,0.0,0.0,0.0,0.0,0.0,0.0,0.0,0.0,0.0,0.0,0.0,0.0,0.0,0.0,0.0,0.0,0.0,0.0,0.0,0.0,0.0,0.0,0.0,0.0,0.0,0.0,0.08845542056186372,0.0,0.0,0.0,0.0,0.0,0.11441035117774422,0.0,0.0,0.0,0.0,0.0,0.0,0.0,0.0
7.301029995663981,1.1925144413116917,COc1ccc(C[C@@H]2NC(=O)[C@H]([C@@H](C)OC)NC(=O)[C@@H]3CC/C=C\COc4cccc(c4)C[C@H](NC(=O)[C@@H](C)NC(=O)[C@H](C)NC(=O)CC[S+]([O-])Cc4cc(F)cc(c4)CSCCNC(=O)[C@]4(C)CCCN4C2=O)C(=O)N[C@@H](Cc2c[nH]c4ccc(F)cc24)C(=O)N3C)cc1,0.7148462081390736,0.0,0.0,0.0,0.0,0.0,0.0,0.0,0.0,0.0,0.0,0.0,0.0,0.0,0.0,0.0,0.0,0.0,0.0,-1.1455304055890243,0.0,0.0,0.0,0.0,0.0,0.0,0.0,0.0,0.0,0.0,0.0,0.0,0.0,0.0,0.0,0.0,0.0,0.0,0.0,0.3758744249050815,0.37534873392630286,0.0,0.0,0.4531966352095854,0.0,0.0,0.0,0.0,0.0,0.0,-0.4054651081081646,0.0,0.0,0.0,0.0,0.0,0.0,0.0,0.0,0.0,0.0,0.0,0.0,0.0,0.0,0.0,0.0,0.0,0.0,0.0,0.0,0.0,0.0,0.0,0.0,0.0,0.0,0.0,0.0,0.0,0.0,-0.6931471805599453,0.0,0.0,0.0,0.0,0.0,0.0,-0.6931471805599453,0.0,0.0,0.0,0.0,0.0,0.0,0.0,0.0,0.0,0.0,0.0,0.0,0.0,0.0,0.0,0.0,0.0,0.0,0.0,0.0,0.0,0.0,0.0,0.0,0.0,0.0,0.0,0.0,0.0,0.0,0.0,0.0,0.0,0.0,0.0,0.0,0.0,0.0,0.0,0.0,0.0,0.0,0.0,0.0,0.0,0.0,0.0,0.0,0.0,0.0,0.0,0.0,0.0,0.0,0.0,0.0,0.0,0.0,0.0,0.0,0.0,0.0,0.0,0.0,0.0,0.0,0.0,0.0,0.0,0.0,0.0,0.0,0.0,0.0,0.0,0.0,0.0,0.0,0.0,0.0,0.0,0.0,-0.7017803277046498,0.0,0.0,0.0,0.0,0.0,0.5198754592859086,0.0,0.0,0.0,0.0,0.0,0.0,0.0,0.0
6.259637310505756,1.1925144413116917,COc1ccc(C[C@@H]2NC(=O)[C@@H]3CCCC/C=C\CO[C@H]4C[C@@H](C(=O)N3)N(C4)C(=O)[C@H](Cc3c[nH]c4ccc(F)cc34)NC(=O)[C@H](Cc3c[nH]c4ccc(F)cc34)NC(=O)[C@@H](C)NC(=O)[C@H](CCCCN)NC(=O)CCSCc3cccc(c3)CSC[C@@H](C(N)=O)NC(=O)[C@]3(C)CCCN3C2=O)cc1,0.0,0.0,0.0,0.0,0.0,0.0,0.0,0.0,0.0,0.0,0.0,0.0,0.0,0.0,0.0,0.0,0.0,0.0,0.0,0.0,0.0,0.0,0.0,0.0,0.0,0.0,0.0,0.0,0.0,0.0,0.0,0.0,0.0,0.0,0.0,0.0,0.0,0.0,0.0,0.2543463885567357,0.25396960936753976,0.0,0.0,0.3386293396892764,0.0,0.0,0.0,0.0,0.0,0.0,-0.44017575107140977,0.0,0.0,0.0,0.0,0.0,0.0,0.0,0.0,0.0,0.0,0.0,0.0,0.0,0.0,0.0,0.0,0.0,0.0,0.0,0.0,0.0,0.0,0.0,0.0,0.0,0.0,0.0,0.0,0.0,0.0,0.0,-0.6931471805599453,0.0,0.0,0.0,0.0,0.0,-0.6931471805599453,0.0,0.0,0.0,0.0,0.0,0.0,0.0,0.0,0.0,0.0,0.0,0.0,0.0,0.0,0.0,0.0,0.0,0.0,0.0,0.0,0.0,0.0,0.0,0.0,0.0,0.0,0.0,0.0,0.0,0.0,0.0,0.0,0.0,0.0,0.0,0.0,0.0,0.0,0.0,0.0,0.6931471805599453,0.0,0.0,0.0,0.0,0.0,0.0,0.0,0.0,0.0,0.0,0.0,0.0,0.0,0.0,0.0,0.0,0.0,0.0,0.0,0.0,0.0,0.0,0.0,0.0,0.0,0.0,0.0,0.0,0.0,0.0,0.0,0.0,0.0,0.0,0.0,0.0,0.0,0.0,0.0,0.0,0.0,0.3957844903974419,0.0,0.0,0.0,0.0,0.0,-0.29898162770571435,0.0,0.0,0.0,0.0,0.0,0.0,0.0,0.0
7.301029995663981,1.1925144413116917,COc1ccc(C[C@@H]2NC(=O)[C@H]([C@@H](C)OC)NC(=O)[C@@H]3CCC/C=C\c4cccc(c4)C[C@H](NC(=O)[C@@H](C)NC(=O)[C@H](C)NC(=O)CCSCc4cccc(c4)CSCCNC(=O)[C@]4(C)CCCN4C2=O)C(=O)N[C@@H](Cc2c[nH]c4ccc(F)cc24)C(=O)N3C)cc1,0.0,0.0,0.0,0.0,0.0,0.0,0.0,0.0,0.0,0.0,0.0,0.0,0.0,0.0,0.0,0.0,0.0,0.0,0.0,-0.6674355928735886,0.0,0.0,0.0,0.0,0.0,0.0,0.0,0.0,0.0,0.0,0.0,0.0,0.0,0.0,0.0,0.0,0.0,0.0,0.0,0.3758744249050815,0.37534873392630286,0.0,0.0,0.4531966352095854,0.0,0.0,0.0,0.0,0.0,0.0,-0.42513787370686923,0.0,0.0,0.0,0.0,0.0,0.0,0.0,0.0,0.0,0.0,0.0,0.0,0.0,0.0,0.0,0.0,0.0,0.0,0.0,0.0,0.0,0.0,0.0,0.0,0.0,0.0,0.0,0.0,0.0,0.0,-0.6931471805599453,0.0,0.0,0.0,0.0,0.0,0.0,-0.6931471805599453,0.0,0.0,0.0,0.0,0.0,0.0,0.0,0.0,0.0,0.0,0.0,0.0,0.0,0.0,0.0,0.0,0.0,0.0,0.0,0.0,0.0,0.0,0.0,0.0,0.0,0.0,0.0,0.0,0.0,0.0,0.0,0.0,0.0,0.0,0.0,0.0,0.0,0.0,0.0,0.0,0.0,0.0,0.0,0.0,0.0,0.0,0.0,0.0,0.0,0.0,0.0,0.0,0.0,0.0,0.0,0.0,0.0,0.0,0.0,0.0,0.0,0.0,0.0,0.0,0.0,0.0,0.0,0.0,0.0,0.0,0.0,0.0,0.0,0.0,0.0,0.0,0.0,0.0,0.0,0.0,0.0,0.0,0.05619455834364338,0.0,0.0,0.0,0.0,0.0,0.24116205681688804,0.0,0.0,0.0,0.0,0.0,0.0,0.0,0.0
7.301029995663981,1.1925144413116917,COc1ccc(C[C@@H]2NC(=O)[C@H]([C@@H](C)O)NC(=O)[C@@H]3[C@@H]4CCN3C(=O)[C@H](Cc3c[nH]c5ccc(F)cc35)NC(=O)[C@H](Cc3cccc(c3)OC/C=C\CO4)NC(=O)[C@@H](C)NC(=O)[C@H](C)NC(=O)CCSCc3cccc(c3)CSCCNC(=O)[C@]3(C)CCCN3C2=O)cc1,0.7148462081390736,0.0,0.0,0.0,0.0,0.0,0.0,0.0,0.0,0.0,0.0,0.0,0.0,0.0,0.0,0.0,0.0,0.0,0.0,-1.1455304055890243,0.0,0.0,0.0,0.0,0.0,0.0,0.0,0.0,0.0,0.0,0.0,0.0,0.0,0.0,0.0,0.0,0.0,0.0,0.0,0.3758744249050815,0.37534873392630286,0.0,0.0,0.4531966352095854,0.0,0.0,0.0,0.0,0.0,0.0,-0.4054651081081646,0.0,0.0,0.0,0.0,0.0,0.0,0.0,0.0,0.0,0.0,0.0,0.0,0.0,0.0,0.0,0.0,0.0,0.0,0.0,0.0,0.0,0.0,0.0,0.0,0.0,0.0,0.0,0.0,0.0,0.0,-0.6931471805599453,0.0,0.0,0.0,0.0,0.0,0.0,-0.6931471805599453,0.0,0.0,0.0,0.0,0.0,0.0,0.0,0.0,0.0,0.0,0.0,0.0,0.0,0.0,0.0,0.0,0.0,0.0,0.0,0.0,0.0,0.0,0.0,0.0,0.0,0.0,0.0,0.0,0.0,0.0,0.0,0.0,0.0,0.0,0.0,0.0,0.0,0.0,0.0,0.0,0.0,0.0,0.0,0.0,0.0,0.0,0.0,0.0,0.0,0.0,0.0,0.0,0.0,0.0,0.0,0.0,0.0,0.0,0.0,0.0,0.0,0.0,0.0,0.0,0.0,0.0,0.0,0.0,0.0,0.0,0.0,0.0,0.0,0.0,0.0,0.0,0.0,0.0,0.0,0.0,0.0,0.0,0.10939859440710693,0.0,0.0,0.0,0.0,0.0,0.34294475112683037,0.0,0.0,0.0,0.0,0.0,0.0,0.0,0.0
6.259637310505756,1.1925144413116917,COc1ccc(C[C@@H]2NC(=O)[C@H]([C@@H](C)O)NC(=O)[C@@H]3C[C@H](F)CN3C(=O)[C@H](Cc3c[nH]c4ccc(F)cc34)NC(=O)[C@H](Cc3c[nH]c4ccc(F)cc34)NC(=O)[C@@H](C)NC(=O)[C@H](CCCCN)NC(=O)[C@@H](NC(C)=O)CC/C=C\Cc3ccc(cc3)C[C@@H](C(N)=O)NC(=O)[C@]3(C)CCCN3C2=O)cc1,0.0,0.0,0.0,0.0,0.0,0.0,0.0,0.0,0.0,0.0,0.0,0.0,0.0,0.0,0.0,0.0,0.0,0.0,0.0,0.0,0.0,0.0,0.0,0.0,0.0,0.0,0.0,0.0,0.0,0.0,0.0,0.0,0.0,0.0,0.0,0.0,0.0,0.0,0.0,0.2543463885567357,0.25396960936753976,0.0,0.0,0.3386293396892764,0.0,0.0,0.0,0.0,0.0,0.0,0.003305788134499509,0.0,0.0,0.0,0.0,0.0,0.0,0.0,0.0,0.0,0.0,0.0,0.0,0.0,0.0,0.0,0.0,0.0,0.0,0.0,0.0,0.0,0.0,0.0,0.0,0.0,0.0,0.0,0.0,0.0,0.0,0.0,0.0,0.0,0.0,0.0,0.0,0.0,-0.6931471805599453,0.0,0.0,0.0,0.0,0.0,0.0,0.0,0.0,0.0,0.0,0.0,0.0,0.0,0.0,0.0,0.0,0.0,0.0,0.0,0.0,0.0,0.0,0.0,0.0,0.0,0.0,0.0,0.0,0.0,0.0,0.0,0.0,0.0,0.0,0.0,0.0,0.0,0.0,0.0,0.0,0.6931471805599453,0.0,0.0,0.0,0.0,0.0,0.0,0.0,0.0,0.0,0.0,0.0,0.0,0.0,0.0,0.0,0.0,0.0,0.0,0.0,0.0,0.0,0.0,0.0,0.0,0.0,0.0,0.0,0.0,0.0,0.0,0.0,0.0,0.0,0.0,0.0,0.0,0.0,0.0,0.0,0.0,0.0,0.0,0.0,0.0,0.0,0.0,0.0,0.04445176257083384,0.0,0.0,0.0,0.0,0.0,0.0,0.0,0.0
4.449771646944906,1.1925144413116917,CC(=O)N[C@@H]1CCCC/C=C\CO[C@H]2C[C@@H](C(N)=O)N(C2)C(=O)[C@H](Cc2ccc(O)cc2)NC(=O)[C@H](Cc2cnc[nH]2)NC(=O)[C@H](CC(=O)O)NC(=O)[C@H](Cc2c[nH]c3ccc(F)cc23)NC(=O)[C@H](Cc2c[nH]c3ccc(F)cc23)NC(=O)CCNC1=O,0.0,0.0,0.0,0.0,0.0,0.0,0.0,0.0,0.0,0.0,0.0,0.0,0.0,0.0,0.0,0.0,0.0,0.0,0.0,0.0,0.0,0.0,0.0,0.0,0.0,0.0,0.0,0.0,0.0,0.0,0.0,0.0,0.0,0.0,0.0,-0.6931471805599453,0.0,0.0,0.0,0.0,0.0,0.0,0.0,0.10130827721874541,0.0,0.0,0.0,0.0,0.0,0.0,0.006600684031352068,0.0,0.0,0.0,0.0,0.0,0.0,0.0,0.0,0.0,0.0,0.0,0.0,0.0,0.0,0.0,0.0,0.0,0.0,0.0,0.0,0.0,0.0,0.0,0.0,0.0,0.0,0.0,0.0,0.0,0.0,0.0,-0.6931471805599453,0.0,0.0,0.0,0.0,0.0,0.0,0.0,0.0,0.0,0.0,0.0,0.0,0.0,0.0,0.0,0.0,0.0,0.0,0.0,0.0,0.0,0.0,0.0,0.0,0.0,0.0,0.0,0.0,0.0,0.0,0.0,0.0,0.0,0.0,0.0,0.0,0.0,0.0,0.0,0.0,0.0,0.0,0.0,0.0,0.0,0.0,0.6931471805599453,0.0,0.0,0.0,0.0,0.0,0.0,0.0,0.0,0.0,0.0,0.0,0.0,0.0,0.0,0.0,0.0,0.0,0.0,0.0,0.0,0.0,0.0,0.0,0.0,0.0,0.0,0.0,0.0,0.0,0.0,0.0,0.0,0.0,0.0,0.0,0.0,0.0,0.0,0.0,0.0,0.0,-0.6727085128826723,0.0,0.0,0.0,0.0,0.0,0.6061358035703155,0.0,0.0,0.0,0.0,0.0,0.0,0.0,0.0
6.259637310505756,1.1925144413116917,CC(=O)N[C@@H]1CCC/C=C\CO[C@H]2C[C@@H](C(N)=O)N(C2)C(=O)[C@H](Cc2ccc(O)cc2)NC(=O)[C@H](Cc2cnc[nH]2)NC(=O)[C@H](CC(=O)O)NC(=O)[C@H](Cc2c[nH]c3ccc(F)cc23)NC(=O)[C@H](Cc2c[nH]c3ccc(F)cc23)NC(=O)CNC1=O,0.0,0.0,0.0,0.0,0.0,0.0,0.0,0.0,0.0,0.0,0.0,0.0,0.0,0.0,0.0,0.0,0.0,0.0,0.0,0.0,0.0,0.0,0.0,0.0,0.0,0.0,0.0,0.0,0.0,-0.6931471805599453,0.0,0.0,0.0,0.0,0.0,-0.6931471805599453,0.0,0.0,0.0,0.2543463885567357,0.25396960936753976,0.0,0.0,0.3386293396892764,0.0,0.0,0.0,0.0,0.0,0.0,-0.02936589480436454,0.0,0.0,0.0,0.0,0.0,0.0,0.0,0.0,0.0,0.0,0.0,0.0,0.0,0.0,0.0,0.0,0.0,0.0,0.0,0.0,0.0,0.0,0.0,0.0,0.0,0.0,0.0,0.0,0.0,0.0,0.0,-0.6931471805599453,0.0,0.0,0.0,0.0,0.0,0.0,0.0,0.0,0.0,0.0,0.0,0.0,0.0,0.0,0.0,0.0,0.0,0.0,0.0,0.0,0.0,0.0,0.0,0.0,0.0,0.0,0.0,0.0,0.0,0.0,0.0,0.0,0.0,0.0,0.0,0.0,0.0,0.0,0.0,0.0,0.0,0.0,0.0,0.0,0.0,0.0,0.6931471805599453,0.0,0.0,0.0,0.0,0.0,0.0,0.0,0.0,0.0,0.0,0.0,0.0,0.0,0.0,0.0,0.0,0.0,0.0,0.0,0.0,0.0,0.0,0.0,0.0,0.0,0.0,0.0,0.0,0.0,0.0,0.0,0.0,0.0,0.0,0.0,0.0,0.0,0.0,0.0,0.0,0.0,-0.35609674213019826,0.0,0.0,0.0,0.0,0.0,0.751987680582878,0.0,0.0,0.0,0.0,0.0,0.0,0.0,0.0
7.301029995663981,1.1925144413116917,CC(=O)N[C@H]1CCCC/C=C\CO[C@H]2C[C@@H](C(N)=O)N(C2)C(=O)[C@H](Cc2ccc(O)cc2)NC(=O)[C@H](Cc2cnc[nH]2)NC(=O)[C@H](CC(=O)O)NC(=O)[C@H](Cc2c[nH]c3ccc(F)cc23)NC(=O)[C@H](Cc2c[nH]c3ccc(F)cc23)NC(=O)CNC(=O)[C@H](CCCCN)NC1=O,0.0,0.0,0.0,0.0,0.0,0.0,0.0,0.0,0.0,0.0,0.0,0.0,0.0,0.0,0.0,0.0,0.0,0.0,0.0,0.0,0.0,0.0,0.0,0.0,0.0,0.0,0.0,0.0,0.0,-0.6931471805599453,0.0,0.0,0.0,0.0,0.0,-0.6931471805599453,0.0,0.0,0.0,0.3758744249050815,0.37534873392630286,0.0,0.0,0.4531966352095854,0.0,0.0,0.0,0.0,0.0,0.0,0.02936589480436454,0.0,0.0,0.0,0.0,0.0,0.0,0.0,0.0,0.0,0.0,0.0,0.0,0.0,0.0,0.0,0.0,0.0,0.0,0.0,0.0,0.0,0.0,0.0,0.0,0.0,0.0,0.0,0.0,0.0,0.0,0.0,-0.6931471805599453,0.0,0.0,0.0,0.0,0.0,0.0,0.0,0.0,0.0,0.0,0.0,0.0,0.0,0.0,0.0,0.0,0.0,0.0,0.0,0.0,0.0,0.0,0.0,0.0,0.0,0.0,0.0,0.0,0.0,0.0,0.0,0.0,0.0,0.0,0.0,0.0,0.0,0.0,0.0,0.0,0.0,0.0,0.0,0.0,0.0,0.0,0.6931471805599453,0.0,0.0,0.0,0.0,0.0,0.0,0.0,0.0,0.0,0.0,0.0,0.0,0.0,0.0,0.0,0.0,0.0,0.0,0.0,0.0,0.0,0.0,0.0,0.0,0.0,0.0,0.0,0.0,0.0,0.0,0.0,0.0,0.0,0.0,0.0,0.0,0.0,0.0,0.0,0.0,0.0,-0.24487110701997458,0.0,0.0,0.0,0.0,0.0,0.45473615711494714,0.0,0.0,0.0,0.0,0.0,0.0,0.0,0.0
7.301029995663981,1.1925144413116917,CC1NC(=O)CC[S+]([O-])Cc2cccc(c2)C[S+]([O-])C[C@@H](C(N)=O)NC(=O)[C@]2(C)CCCN2C(=O)[C@H](Cc2ccc(O)cc2)NC(=O)[C@H](Cc2cnc[nH]2)NC(=O)[C@H](CC(=O)O)NC(=O)[C@H](Cc2c[nH]c3ccc(F)cc23)NC(=O)[C@H](Cc2c[nH]c3ccc(F)cc23)NC(=O)c2cnc1s2,0.0,0.0,0.0,0.0,0.0,0.6931471805599453,0.0,0.0,0.0,0.0,0.0,0.0,0.0,0.0,0.0,0.0,0.0,0.0,0.0,0.0,0.0,0.0,0.0,0.0,0.0,0.0,0.0,0.0,0.0,0.0,0.0,0.0,0.0,0.0,0.0,0.0,0.0,0.0,0.0,0.3758744249050815,0.37534873392630286,0.0,0.0,0.4531966352095854,0.0,0.0,0.0,0.0,0.0,0.0,-0.2297442353455618,0.0,0.0,0.0,0.6931471805599453,0.0,0.0,0.0,0.0,0.0,0.0,0.0,0.0,0.0,0.0,0.0,0.0,0.0,0.0,0.0,0.0,0.0,0.0,0.0,0.0,0.0,0.0,0.0,0.0,0.0,0.0,0.0,-0.6931471805599453,0.0,0.0,0.0,0.0,0.0,0.0,0.0,0.0,0.0,0.0,0.0,0.0,0.0,0.0,0.0,0.0,0.0,0.0,0.0,0.0,0.0,0.0,0.0,0.0,0.0,0.0,0.0,0.0,0.0,0.0,0.0,0.0,0.0,0.0,0.0,0.0,0.6931471805599453,0.0,0.0,0.0,0.0,0.0,0.0,0.0,0.0,0.0,0.6931471805599453,0.0,0.0,0.0,0.0,0.0,0.0,0.0,0.0,0.0,0.0,0.0,0.0,0.0,0.0,0.0,0.0,0.0,0.0,0.0,0.0,0.0,0.0,0.0,0.0,0.0,0.0,0.0,0.0,0.0,0.0,0.0,0.0,0.0,0.0,0.0,0.0,0.0,0.0,0.0,0.0,0.0,-0.2977468590679224,0.0,0.6931471805599453,0.0,0.0,0.0,0.24116205681688804,0.0,0.0,0.0,0.0,0.0,0.0,0.0,0.0
4.449771646944906,1.1925144413116917,CC(=O)N[C@H]1CCCC/C=C\CO[C@@H]2CCN(C(=O)[C@H](Cc3ccc(O)cc3)NC(=O)[C@H](Cc3cnc[nH]3)NC(=O)[C@H](CC(=O)O)NC(=O)[C@H](Cc3c[nH]c4ccc(F)cc34)NC(=O)[C@H](Cc3c[nH]c4ccc(F)cc34)NC(=O)CNC(=O)[C@H](CCCCN)NC1=O)[C@@H]2C(N)=O,0.0,0.0,0.0,0.0,0.0,0.0,0.0,0.0,0.0,0.0,0.0,0.0,0.0,0.0,0.0,0.0,0.0,0.0,0.0,0.0,0.0,0.0,0.0,0.0,0.0,0.0,0.0,0.0,0.0,-0.6931471805599453,0.0,0.0,0.0,0.0,0.0,0.0,0.0,0.0,0.0,0.0,0.0,0.0,0.0,0.10130827721874541,0.0,0.0,0.0,0.0,0.0,0.0,0.02936589480436454,0.0,0.0,0.0,0.0,0.0,0.0,0.0,0.0,0.0,0.0,0.0,0.0,0.0,0.0,0.0,0.0,0.0,0.0,0.0,0.0,0.0,0.0,0.0,0.0,0.0,0.0,0.0,0.0,0.0,0.0,0.0,0.0,0.0,0.0,0.0,0.0,0.0,0.0,0.0,0.0,0.0,0.0,0.0,0.0,0.0,0.0,0.0,0.0,0.0,0.0,0.0,0.0,0.0,0.0,0.0,0.0,0.0,0.0,0.0,0.0,0.0,0.0,0.0,0.0,0.0,0.0,0.0,0.0,0.0,0.0,0.0,0.0,0.0,0.0,0.0,0.0,0.0,0.0,0.0,0.0,0.0,0.0,0.0,0.0,0.0,0.0,0.0,0.0,0.0,0.0,0.0,0.0,0.0,0.0,0.0,0.0,0.0,0.0,0.0,0.0,0.0,0.0,0.0,0.0,0.0,0.0,0.0,0.0,0.0,0.0,0.0,0.0,0.0,0.0,0.0,0.0,0.0,0.0,0.0,0.0,-0.24487110701997458,0.0,0.0,0.0,0.0,0.0,0.4353180712578455,0.0,0.0,0.0,0.0,0.0,0.0,0.0,0.0
7.301029995663981,1.1925144413116917,COCCOCCOCCOCCC(=O)NCCCC[C@@H]1NC(=O)CCSCc2cccc(c2)CSC[C@@H](C(N)=O)NC(=O)[C@]2(C)CCCN2C(=O)[C@H](Cc2ccc(O)cc2)NC(=O)[C@H](Cc2cnc[nH]2)NC(=O)[C@H](CC(=O)O)NC(=O)[C@H](Cc2c[nH]c3ccc(F)cc23)NC(=O)[C@H](Cc2c[nH]c3ccc(F)cc23)NC(=O)CNC1=O,0.0,0.0,0.0,0.0,0.0,0.0,0.0,0.0,0.0,0.0,0.0,0.0,0.0,0.0,0.0,0.0,0.0,0.0,0.0,0.0,0.0,0.0,0.0,0.0,0.0,0.0,0.0,0.0,0.0,0.0,0.0,0.0,0.0,0.0,0.0,0.0,0.0,0.0,0.0,0.3758744249050815,0.37534873392630286,0.0,0.0,0.4531966352095854,0.0,0.0,0.0,0.0,0.0,0.0,-0.3105963319746569,0.0,0.0,0.0,0.0,0.0,0.0,0.0,0.0,0.0,0.0,0.0,0.0,0.0,0.0,0.0,0.0,0.0,0.0,0.0,0.0,0.0,0.0,0.0,0.0,0.0,0.0,0.0,0.0,0.0,0.0,0.0,-0.6931471805599453,0.0,0.0,0.0,0.0,0.0,0.0,0.0,0.0,0.0,0.0,0.0,0.0,0.0,0.0,0.0,0.0,0.0,0.0,0.0,0.0,0.0,0.0,0.0,0.0,0.0,0.0,0.0,0.0,0.0,0.0,0.0,0.0,0.0,0.0,0.0,0.0,0.0,0.0,0.0,0.0,0.0,0.0,0.0,0.0,0.0,0.0,0.6931471805599453,0.0,0.0,0.0,0.0,0.0,0.0,0.0,0.0,0.0,0.0,0.0,0.0,0.0,0.0,0.0,0.0,0.0,0.0,0.0,0.0,0.0,0.0,0.0,0.0,0.0,0.0,0.0,0.0,0.0,0.0,0.0,0.0,0.0,0.0,0.0,0.0,0.0,0.0,0.0,0.0,0.0,-0.4561802006871819,0.0,0.0,0.0,0.0,0.0,0.36422214957411525,0.0,0.0,0.0,0.0,0.0,0.0,0.0,0.0
8.281498311132726,1.1925144413116917,COC(=O)c1c2nc3ccc(N(C)C)cc3oc-2c(O)c(=O)c1N,1.1248005074377987,0.0,0.0,0.0,0.0,0.6931471805599453,0.0,0.0,0.0,0.0,0.0,0.0,0.0,0.0,0.0,0.0,0.0,0.6931471805599453,0.0,0.13724274079393822,0.0,0.0,0.0,0.0,0.0,0.0,0.0,0.0,0.0,0.0,0.0,0.0,0.0,0.0,0.0,0.0,0.0,0.0,-0.6931471805599453,0.478195475513742,0.4775576890104393,0.0,0.0,0.5503260621699936,0.0,0.0,0.0,0.0,0.0,0.0,0.631694401346282,0.0,0.0,0.0,0.6931471805599453,0.6931471805599453,0.0,-0.6931471805599453,0.0,0.0,0.0,0.0,0.0,-0.6931471805599453,0.0,0.0,0.6931471805599453,0.6931471805599453,-0.6931471805599453,0.0,0.0,0.0,0.0,-0.6931471805599453,0.0,0.0,0.0,0.0,0.0,0.0,-0.6931471805599453,-0.6931471805599453,0.0,0.0,0.0,0.0,0.0,0.0,0.0,-0.6931471805599453,0.0,0.0,0.0,0.0,0.0,0.0,0.0,0.0,0.0,-0.6931471805599453,0.0,0.0,0.0,0.0,0.0,0.0,0.0,0.0,0.0,0.0,0.0,0.0,0.0,-0.6931471805599453,0.0,0.0,0.0,-0.6931471805599453,0.0,0.0,0.0,0.0,0.6931471805599453,0.0,0.0,0.0,0.0,0.0,0.0,0.0,0.0,0.0,0.0,0.0,0.0,0.0,0.0,0.0,0.0,0.0,0.0,0.0,0.0,-0.6931471805599453,0.0,0.0,0.0,0.0,0.0,-0.6931471805599453,0.0,0.0,0.0,-0.6931471805599453,0.0,0.0,0.0,-0.6931471805599453,0.0,0.0,0.0,0.0,0.0,0.0,0.0,0.0,0.0,0.0,0.0,0.0,0.0,0.7629104681096573,0.0,0.6931471805599453,0.0,0.0,0.0,-0.8665910633218818,-0.6931471805599453,0.0,0.0,0.0,-0.6931471805599453,0.0,0.0,0.0
8.210419287835574,1.1925144413116917,COC(=O)c1c2nc3ccc(N(C)C)cc3oc-2c(O)c(=O)c1Nc1ccccc1,1.1248005074377987,0.0,0.0,0.0,0.0,0.6931471805599453,0.0,0.0,0.0,0.0,0.0,0.0,0.0,0.0,0.0,0.0,0.0,0.6931471805599453,0.0,0.13724274079393822,0.0,0.0,0.0,0.0,0.0,0.0,0.0,0.0,0.0,0.0,0.0,0.0,0.0,0.0,0.0,0.0,0.0,0.0,-0.6931471805599453,0.47111971631265576,0.47048931817331385,0.0,0.0,0.5436925771422734,0.0,0.0,0.0,0.0,0.0,0.0,0.9565297750543372,0.0,0.0,0.0,0.6931471805599453,0.6931471805599453,0.0,-0.6931471805599453,0.0,0.0,0.0,0.0,0.0,-0.6931471805599453,0.0,0.0,0.6931471805599453,0.6931471805599453,-0.6931471805599453,0.0,0.0,0.0,0.0,-0.6931471805599453,0.0,0.0,0.0,0.0,0.0,0.0,-0.6931471805599453,-0.6931471805599453,0.0,0.0,0.0,0.0,0.0,0.0,0.0,-0.6931471805599453,0.0,0.0,0.0,0.0,0.0,0.0,0.0,0.0,0.0,-0.6931471805599453,0.0,0.0,0.0,0.0,0.0,0.0,0.0,0.6931471805599453,0.0,0.0,0.0,0.0,0.0,-0.6931471805599453,0.0,0.0,0.0,-0.6931471805599453,0.0,0.0,0.0,0.0,0.6931471805599453,0.0,0.0,0.0,0.0,0.0,0.0,0.0,0.0,0.0,0.0,0.0,0.0,0.0,0.0,0.0,0.0,0.0,0.0,0.0,0.0,-0.6931471805599453,0.0,0.0,0.0,0.0,0.0,-0.6931471805599453,0.0,0.0,0.0,-0.6931471805599453,0.0,0.0,0.0,-0.6931471805599453,0.0,0.0,0.0,0.0,0.0,0.0,0.0,0.0,0.0,0.0,0.0,0.0,0.0,1.527563084292438,0.0,0.6931471805599453,0.0,0.0,0.0,-0.24116205681688804,-0.6931471805599453,0.0,0.0,0.0,-0.6931471805599453,0.0,0.0,0.0
8.423658649794207,1.1925144413116917,COC(=O)c1c2nc3ccc(N(C)C)cc3oc-2c(O)c(=O)c1Nc1ccc(C)cc1,1.1248005074377987,0.0,0.0,0.0,0.0,0.6931471805599453,0.0,0.0,0.0,0.0,0.0,0.0,0.0,0.0,0.0,0.0,0.0,0.6931471805599453,0.0,0.13724274079393822,0.0,0.0,0.0,0.0,0.0,0.0,0.0,0.0,0.0,0.0,0.0,0.0,0.0,0.0,0.0,0.0,0.0,0.0,-0.6931471805599453,-0.41409068160966195,-0.5370004781028717,0.0,0.0,-0.4807982244150877,0.0,0.0,0.0,0.0,0.0,0.0,0.9653962042599789,0.0,0.0,0.0,0.6931471805599453,0.6931471805599453,0.0,-0.6931471805599453,0.0,0.0,0.0,0.0,0.0,-0.6931471805599453,0.0,0.0,0.6931471805599453,0.6931471805599453,-0.6931471805599453,0.0,0.0,0.0,0.0,-0.6931471805599453,0.0,0.0,0.0,0.0,0.0,0.0,-0.6931471805599453,-0.6931471805599453,0.0,0.0,0.0,0.0,0.0,0.0,0.0,-0.6931471805599453,0.0,0.0,0.0,0.0,0.0,0.0,0.0,0.0,0.0,-0.6931471805599453,0.0,0.0,0.0,0.0,0.0,0.0,0.0,0.0,0.0,0.0,0.0,0.0,0.0,-0.6931471805599453,0.0,0.0,0.0,-0.6931471805599453,0.0,0.0,0.0,0.0,0.6931471805599453,0.0,0.0,0.0,0.0,0.0,0.0,0.0,0.0,0.0,0.0,0.0,0.0,0.0,0.0,0.0,0.0,0.0,0.0,0.0,0.0,-0.6931471805599453,0.0,0.0,0.0,0.0,0.0,-0.6931471805599453,0.0,0.0,0.0,-0.6931471805599453,0.0,0.0,0.0,-0.6931471805599453,0.0,0.0,0.0,0.0,0.0,0.0,0.0,0.0,0.0,0.0,0.0,0.0,0.0,1.4520063264504246,0.0,0.6931471805599453,0.0,0.0,0.0,0.2646925542270822,-0.6931471805599453,0.0,0.0,0.0,-0.6931471805599453,0.0,0.0,0.0
8.326979092871104,1.1925144413116917,COC(=O)c1c2nc3ccc(N(C)C)cc3oc-2c(O)c(=O)c1Nc1ccc(OC)cc1,1.4166962263556695,0.0,0.0,0.0,0.0,0.6931471805599453,0.0,0.0,0.0,0.0,0.0,0.0,0.0,0.0,0.0,0.0,0.0,0.6931471805599453,0.0,0.13724274079393822,0.0,0.0,0.0,0.0,0.0,0.0,0.0,0.0,0.0,0.0,0.0,0.0,0.0,0.0,0.0,0.0,0.0,0.0,-0.6931471805599453,-0.34263884225665364,-0.5362531923080575,0.0,0.0,-0.3774206988820403,0.0,0.0,0.0,0.0,0.0,0.0,0.8674343403461775,0.0,0.0,0.0,0.6931471805599453,0.6931471805599453,0.0,-0.6931471805599453,0.0,0.0,0.0,0.0,0.0,-0.6931471805599453,0.0,0.0,0.6931471805599453,0.6931471805599453,-0.6931471805599453,0.0,0.0,0.0,0.0,-0.6931471805599453,0.0,0.0,0.0,0.0,0.0,0.0,-0.6931471805599453,-0.6931471805599453,0.0,0.0,0.0,0.0,0.0,0.0,0.0,-0.6931471805599453,0.0,0.0,0.0,0.0,0.0,0.0,0.0,0.0,0.0,-0.6931471805599453,0.0,0.0,0.0,0.0,0.0,0.0,0.0,0.0,0.0,0.0,0.0,0.0,0.0,-0.6931471805599453,0.0,0.0,0.0,-0.6931471805599453,0.0,0.0,0.0,0.0,0.6931471805599453,0.0,0.0,0.0,0.0,0.0,0.0,0.0,0.0,0.0,0.0,0.0,0.0,0.0,0.0,0.0,0.0,0.0,0.0,0.0,0.0,-0.6931471805599453,0.0,0.0,0.0,0.0,0.0,0.0,0.0,0.0,0.0,-0.6931471805599453,0.0,0.0,0.0,-0.6931471805599453,0.0,0.0,0.0,0.0,0.0,0.0,0.0,0.0,0.0,0.0,0.0,0.0,0.0,1.384848229269893,0.0,0.6931471805599453,0.0,0.0,0.0,0.6855425811747252,-0.6931471805599453,0.0,0.0,0.0,-0.6931471805599453,0.0,0.0,0.0
8.312471038785366,1.1925144413116917,COC(=O)c1c2nc3ccc(N(C)C)cc3oc-2c(O)c(=O)c1Nc1ccc(Cl)c(Cl)c1,1.1248005074377987,0.0,0.0,0.0,0.0,0.6931471805599453,0.0,0.0,0.0,0.0,0.0,0.0,0.0,0.0,0.0,0.0,0.0,0.6931471805599453,0.0,0.13724274079393822,0.0,0.0,0.0,0.0,0.0,0.0,0.0,0.0,0.0,0.0,0.0,0.0,0.0,0.0,0.0,0.0,0.0,0.0,-0.6931471805599453,-0.476313509631243,-0.4604719304947791,0.0,0.0,-0.4630234995746826,0.0,0.0,0.0,0.0,0.0,0.0,-0.694801440655972,0.0,0.0,0.0,0.6931471805599453,0.6931471805599453,0.0,-0.6931471805599453,0.0,0.0,0.0,0.0,0.0,-0.6931471805599453,0.0,0.0,0.6931471805599453,0.6931471805599453,-0.6931471805599453,0.0,0.0,0.0,0.0,-0.6931471805599453,0.0,0.0,0.0,0.0,0.0,0.0,-0.6931471805599453,-0.6931471805599453,0.0,0.0,0.0,0.0,0.0,0.0,0.0,0.0,0.0,0.0,0.0,0.0,0.0,0.0,0.0,0.0,0.0,-0.6931471805599453,0.0,0.0,0.0,0.0,0.0,0.0,0.0,0.0,0.0,0.0,0.0,0.0,0.0,-0.6931471805599453,0.0,0.0,0.0,-0.6931471805599453,0.0,0.0,0.0,0.0,0.6931471805599453,0.0,0.0,0.0,0.0,0.0,0.0,0.0,0.0,0.0,0.0,0.0,0.0,0.0,0.0,0.0,0.0,0.0,0.0,0.0,0.0,-0.6931471805599453,0.0,0.0,0.0,0.0,0.0,-0.6931471805599453,0.0,0.0,0.0,-0.6931471805599453,0.0,0.0,0.0,-0.6931471805599453,0.0,0.0,0.0,0.0,0.0,0.0,0.0,0.0,0.0,0.0,0.0,0.0,0.0,1.376127243764448,0.0,0.6931471805599453,0.0,0.0,0.0,0.80077784475231,0.0,0.0,0.0,0.0,-0.6931471805599453,0.0,0.0,0.0
8.363512103646634,1.1925144413116917,COC(=O)c1c2nc3ccc(N(C)C)cc3oc-2c(O)c(=O)c1NCc1ccc(OC)cc1,1.4166962263556695,0.0,0.0,0.0,0.0,0.6931471805599453,0.0,0.0,0.0,0.0,0.0,0.0,0.0,0.0,0.0,0.0,0.0,0.6931471805599453,0.0,0.13724274079393822,0.0,0.0,0.0,0.0,0.0,0.0,0.0,0.0,0.0,0.0,0.0,0.0,0.0,0.0,0.0,0.0,0.0,0.0,-0.6931471805599453,-0.3814098241036886,-0.3611458935640913,0.0,0.0,-0.3322921733421401,0.0,0.0,0.0,0.0,0.0,0.0,0.5811421221834507,0.0,0.0,0.0,0.6931471805599453,0.6931471805599453,0.0,-0.6931471805599453,0.6931471805599453,0.0,0.0,0.0,0.0,-0.6931471805599453,0.0,0.0,0.6931471805599453,0.6931471805599453,-0.6931471805599453,0.0,0.0,0.0,0.0,0.0,0.0,0.0,0.0,0.0,0.0,0.0,-0.6931471805599453,-0.6931471805599453,0.0,0.0,0.0,0.0,0.0,0.0,0.0,-0.6931471805599453,0.0,0.0,0.0,0.0,0.0,0.0,0.0,0.0,0.0,0.0,0.0,0.0,0.0,0.0,0.0,0.0,0.0,0.0,0.0,0.0,0.0,0.0,0.0,-0.6931471805599453,0.0,0.0,0.0,0.0,0.0,0.0,0.0,0.0,0.6931471805599453,0.0,0.0,0.0,0.0,0.0,0.0,0.0,0.0,0.0,0.0,0.0,0.0,0.0,0.0,0.0,0.0,0.0,0.0,0.0,0.0,-0.6931471805599453,0.0,0.0,0.0,0.0,0.0,0.0,0.0,0.0,0.0,-0.6931471805599453,0.0,0.0,0.0,-0.6931471805599453,0.0,0.0,0.0,0.0,0.0,0.0,0.0,0.6931471805599453,0.0,0.0,0.0,0.0,0.0,1.132706500011087,0.0,0.6931471805599453,0.0,0.0,0.0,0.708185057924485,-0.6931471805599453,0.0,0.0,0.0,-0.6931471805599453,0.0,0.0,0.0
8.259637310505756,1.1925144413116917,COC(=O)c1c2nc3ccc(N(C)C)cc3oc-2c(O)c(=O)c1N1CCCCC1,1.1248005074377987,0.0,0.0,0.0,0.0,0.6931471805599453,0.0,0.0,0.0,0.0,0.0,0.0,0.0,0.0,0.0,0.0,0.0,0.6931471805599453,0.0,0.13724274079393822,0.0,0.0,0.0,0.0,0.0,0.6931471805599453,0.0,0.0,0.0,0.0,0.0,0.0,0.0,0.0,0.0,0.0,0.0,0.0,-0.6931471805599453,-0.4612935656260064,-0.5370004781028717,0.0,0.0,-0.32510123818960623,0.0,0.0,0.0,0.0,0.0,0.0,1.0146066247919736,0.0,0.0,0.0,0.6931471805599453,0.6931471805599453,0.0,0.0,0.0,0.0,0.0,0.0,0.0,-0.6931471805599453,0.0,0.0,0.6931471805599453,0.6931471805599453,0.0,0.0,0.0,0.0,0.0,-0.6931471805599453,0.0,0.0,0.0,0.0,0.0,0.0,-0.6931471805599453,-0.6931471805599453,0.0,0.0,0.0,0.0,0.0,0.0,0.0,0.0,0.0,0.0,0.0,0.0,0.0,0.0,0.0,0.0,0.0,-0.6931471805599453,0.0,0.0,0.0,0.0,0.0,0.0,0.0,0.0,0.0,0.0,0.0,0.0,0.0,-0.6931471805599453,0.0,0.0,0.0,-0.6931471805599453,0.0,0.0,0.0,0.0,0.6931471805599453,0.0,0.0,0.0,0.0,0.0,0.0,0.0,0.0,0.0,0.0,0.0,0.0,0.0,0.0,0.0,0.0,0.0,0.0,0.0,0.0,-0.6931471805599453,0.0,0.0,0.0,0.0,0.0,-0.6931471805599453,0.0,0.0,0.0,0.0,0.0,0.0,0.0,-0.6931471805599453,0.0,0.0,0.0,0.0,0.0,0.0,0.0,0.0,0.0,0.0,0.0,0.0,0.0,1.0752194090934057,0.0,0.6931471805599453,0.0,0.0,0.0,-1.2085079594913268,-0.6931471805599453,0.0,0.0,0.0,-0.6931471805599453,0.0,0.0,0.0
8.391473966422806,1.1925144413116917,COC(=O)c1c2nc3ccc(N(C)C)cc3oc-2c(O)c(=O)c1NC1CCCCC1,1.1248005074377987,0.0,0.0,0.0,0.0,0.6931471805599453,0.0,0.0,0.0,0.0,0.0,0.0,0.0,0.0,0.0,0.0,0.0,0.6931471805599453,0.0,0.13724274079393822,0.0,0.0,0.0,0.0,0.0,0.0,0.0,0.0,0.0,0.0,0.0,0.0,0.0,0.0,0.0,0.0,0.0,0.0,-0.6931471805599453,-0.4324303794428637,-0.5366269050099705,0.0,0.0,-0.4727672275610401,0.0,0.0,0.0,0.0,0.0,0.0,0.9565297750543372,0.0,0.0,0.0,0.6931471805599453,0.6931471805599453,0.0,0.0,0.0,0.0,0.0,0.0,0.0,-0.6931471805599453,0.0,0.0,0.6931471805599453,0.6931471805599453,0.0,0.0,0.0,0.0,0.0,-0.6931471805599453,0.0,0.0,0.0,0.0,0.0,0.0,-0.6931471805599453,-0.6931471805599453,0.0,0.0,0.0,0.0,0.0,0.0,0.0,-0.6931471805599453,0.0,0.0,0.0,0.0,0.0,0.0,0.0,0.0,0.0,-0.6931471805599453,0.0,0.0,0.0,0.0,0.0,0.0,0.0,0.0,0.0,0.0,0.0,0.0,0.0,-0.6931471805599453,0.0,0.0,0.0,-0.6931471805599453,0.0,0.0,0.0,0.0,0.6931471805599453,0.0,0.0,0.0,0.0,0.0,0.0,0.0,0.0,0.0,0.0,0.0,0.0,0.0,0.0,0.0,0.0,0.0,0.0,0.0,0.0,-0.6931471805599453,0.0,0.0,0.0,0.0,0.0,-0.6931471805599453,0.0,0.0,0.0,0.0,0.0,0.0,0.0,-0.6931471805599453,0.0,0.0,0.0,0.0,0.0,0.0,0.0,0.0,0.0,0.0,0.0,0.0,0.0,1.527563084292438,0.0,0.6931471805599453,0.0,0.0,0.0,-0.9102116857977721,-0.6931471805599453,0.0,0.0,0.0,-0.6931471805599453,0.0,0.0,0.0
8.42712839779952,1.1925144413116917,COC(=O)c1c2nc3ccc(N(C)C)cc3oc-2c(O)c(=O)c1N1CCOCC1,1.1248005074377987,0.0,0.0,0.0,0.0,0.6931471805599453,0.0,0.0,0.0,0.0,0.0,0.0,0.0,0.0,0.0,0.0,0.0,0.6931471805599453,0.0,0.13724274079393822,0.0,0.0,0.0,0.0,0.0,0.6931471805599453,0.0,0.0,0.0,0.0,0.0,0.0,0.0,0.0,0.0,0.0,0.0,0.0,-0.6931471805599453,-0.5259461513672089,-0.5370004781028717,0.0,0.0,-0.37032202857788243,0.0,0.0,0.0,0.0,0.0,0.0,0.9766815904916452,0.0,0.0,0.0,0.6931471805599453,0.6931471805599453,0.0,0.0,0.0,0.0,0.0,0.0,0.0,-0.6931471805599453,0.0,0.0,0.6931471805599453,0.6931471805599453,0.0,0.0,0.0,0.0,0.0,-0.6931471805599453,0.0,0.0,0.0,0.0,0.0,0.0,-0.6931471805599453,-0.6931471805599453,0.0,0.0,0.0,0.0,0.0,0.0,0.0,0.0,0.0,0.0,0.0,0.0,0.0,0.0,0.0,0.0,0.0,-0.6931471805599453,0.0,0.0,0.0,0.0,0.0,0.0,0.0,0.0,0.0,0.0,0.0,0.0,0.0,-0.6931471805599453,0.0,0.0,0.0,-0.6931471805599453,0.0,0.0,0.0,0.0,0.6931471805599453,0.0,0.0,0.0,0.0,0.0,0.0,0.0,0.0,0.0,0.0,0.0,0.0,0.0,0.0,0.0,0.0,0.0,0.0,0.0,0.0,-0.6931471805599453,0.0,0.0,0.0,0.0,0.0,0.0,0.0,0.0,0.0,0.0,0.0,0.0,0.0,-0.6931471805599453,0.0,0.0,0.0,0.0,0.0,0.0,0.0,0.0,0.0,0.0,0.0,0.0,0.0,-0.9081653244302395,0.0,0.6931471805599453,0.0,0.0,0.0,-0.7939518796819102,-0.6931471805599453,0.0,0.0,0.0,-0.6931471805599453,0.0,0.0,0.0
8.336299074610352,1.1925144413116917,COC(=O)c1c2nc3ccc(N(C)C)cc3oc-2c(O)c(=O)c1NC1CCCC1,1.1248005074377987,0.0,0.0,0.0,0.0,0.6931471805599453,0.0,0.0,0.0,0.0,0.0,0.0,0.0,0.0,0.0,0.0,0.0,0.6931471805599453,0.0,0.13724274079393822,0.0,0.0,0.0,0.0,0.0,0.0,0.0,0.0,0.0,0.0,0.0,0.0,0.0,0.0,0.0,0.0,0.0,0.0,-0.6931471805599453,-0.4371957911074239,-0.5370004781028717,0.0,0.0,-0.41271936826266636,0.0,0.0,0.0,0.0,0.0,0.0,0.9816567251317591,0.0,0.0,0.0,0.6931471805599453,0.6931471805599453,0.0,-0.6931471805599453,0.0,0.0,0.0,0.0,0.0,-0.6931471805599453,0.0,0.0,0.6931471805599453,0.6931471805599453,0.0,0.0,0.0,0.0,0.0,-0.6931471805599453,0.0,0.0,0.0,0.0,0.0,0.0,-0.6931471805599453,-0.6931471805599453,0.0,0.0,0.0,0.0,0.0,0.0,0.0,-0.6931471805599453,0.0,0.0,0.0,0.0,0.0,0.0,0.0,0.0,0.0,-0.6931471805599453,0.0,0.0,0.0,0.0,0.0,0.0,0.0,0.0,0.0,0.0,0.0,0.0,0.0,-0.6931471805599453,0.0,0.0,0.0,-0.6931471805599453,0.0,0.0,0.0,0.0,0.6931471805599453,0.0,0.0,0.0,0.0,0.0,0.0,0.0,0.0,0.0,0.0,0.0,0.0,0.0,0.0,0.0,0.0,0.0,0.0,0.0,0.0,-0.6931471805599453,0.0,0.0,0.0,0.0,0.0,-0.6931471805599453,0.0,0.0,0.0,0.0,0.0,0.0,0.0,-0.6931471805599453,0.0,0.0,0.0,0.0,0.0,0.0,0.0,0.0,0.0,0.0,0.0,0.0,0.0,1.5860450328593971,0.0,0.6931471805599453,0.0,0.0,0.0,-0.8342257788198502,-0.6931471805599453,0.0,0.0,0.0,-0.6931471805599453,0.0,0.0,0.0
8.471083299722345,1.1925144413116917,CCCCOC(=O)c1c2nc3ccc(N(C)C)cc3oc-2c(O)c(=O)c1NCc1ccc(OC)cc1,1.4166962263556695,0.0,0.0,0.0,0.0,0.6931471805599453,0.0,0.0,0.0,0.0,0.0,0.0,0.0,0.0,0.0,0.0,0.0,0.6931471805599453,0.0,0.13724274079393822,0.0,0.0,0.0,0.0,0.0,0.0,0.0,0.0,0.0,0.0,0.0,0.0,0.0,0.0,0.0,0.0,0.0,0.0,-0.6931471805599453,-0.4649189803181975,-0.2467444405464694,0.0,0.0,0.09671026872789337,0.0,0.0,0.0,0.0,0.0,0.0,0.5848389840647767,0.0,0.0,0.0,0.6931471805599453,0.6931471805599453,0.0,-0.6931471805599453,0.6931471805599453,0.0,0.0,0.0,0.0,-0.6931471805599453,0.0,0.0,0.6931471805599453,0.6931471805599453,-0.6931471805599453,0.0,0.0,0.0,0.0,0.0,0.0,0.0,0.0,0.0,0.0,0.0,-0.6931471805599453,-0.6931471805599453,0.0,0.0,0.0,0.0,0.0,0.0,0.0,-0.6931471805599453,0.0,0.0,0.0,0.0,0.0,0.0,0.0,0.0,0.0,0.0,0.0,0.0,0.0,0.0,0.0,0.0,0.0,0.0,0.0,0.0,0.0,0.0,0.0,-0.6931471805599453,0.0,0.0,0.0,0.0,0.0,0.0,0.0,0.0,0.6931471805599453,0.0,0.0,0.0,0.0,0.0,0.0,0.0,0.0,0.0,0.0,0.0,0.0,0.0,0.0,0.0,0.0,0.0,0.0,0.0,0.0,-0.6931471805599453,0.0,0.0,0.0,0.0,0.0,0.0,0.0,0.0,0.0,0.0,0.0,0.0,0.0,-0.6931471805599453,0.0,0.0,0.0,0.0,0.0,0.0,0.0,0.6931471805599453,0.0,0.0,0.0,0.0,0.0,1.0142248963905633,0.0,0.6931471805599453,0.0,0.0,0.0,0.11441035117774422,-0.6931471805599453,0.0,0.0,0.0,-0.6931471805599453,0.0,0.0,0.0
4.598599459218456,1.1925144413116917,CO[C@]12C[C@@]3(C)[C@H](OC(C)=O)C(=O)C=C(C)[C@@H]3CC1=C(C)C(=O)O2,-0.7148462436713207,0.0,0.0,0.0,0.0,0.0,0.0,0.0,0.0,0.0,0.0,0.0,0.0,0.0,0.0,0.0,0.0,0.0,0.0,-1.6654811635096367,0.0,0.0,0.0,0.0,0.0,0.0,0.0,0.0,0.0,-0.6931471805599453,0.0,0.0,0.0,0.0,0.0,-0.6931471805599453,0.0,0.0,0.0,-0.5376983728162604,-0.5370004781028717,0.0,0.0,-0.48373020300112074,0.0,0.0,0.0,0.0,0.0,0.0,0.843506386650942,0.0,0.0,0.0,0.0,0.0,0.0,-0.6931471805599453,0.6931471805599453,0.0,0.0,0.0,0.0,0.0,0.0,0.0,0.6931471805599453,0.0,-0.6931471805599453,0.0,0.0,0.0,0.0,-0.6931471805599453,0.0,0.0,0.0,0.0,0.0,0.0,-0.6931471805599453,-0.6931471805599453,-0.6931471805599453,0.0,0.0,0.0,0.0,0.0,0.0,0.0,0.0,0.0,0.0,0.0,0.0,0.0,0.0,0.0,0.0,-0.6931471805599453,0.0,0.0,0.0,0.0,0.0,0.0,0.0,0.0,0.0,0.0,0.0,0.0,0.0,-0.6931471805599453,0.0,0.0,0.6931471805599453,-0.6931471805599453,0.0,0.6931471805599453,0.0,0.0,0.0,0.0,0.0,0.0,0.0,0.0,0.0,0.0,0.0,0.0,0.0,0.0,0.0,0.0,0.0,0.0,0.0,0.0,0.0,0.0,0.0,0.0,0.0,0.0,0.0,0.0,0.0,0.0,0.0,0.0,0.0,0.0,0.0,0.0,0.0,-0.6931471805599453,0.0,0.0,0.0,0.0,0.0,0.0,0.0,0.0,0.0,0.0,0.0,0.0,0.0,1.067298575601962,0.0,0.0,0.0,0.0,0.0,-1.0833448165373207,0.0,0.0,0.0,0.0,-0.6931471805599453,0.0,0.0,0.0
4.555955204081924,1.1925144413116917,CC1=C2C[C@@H]3[C@@H](C)C(=O)C=C[C@@]3(C)C[C@@]2(O)OC1=O,-0.7148462436713207,0.0,0.0,0.0,0.0,0.0,0.0,0.0,0.0,0.0,0.0,0.0,0.0,0.0,0.0,0.0,0.0,0.0,0.0,-1.6654811635096367,0.0,0.0,0.0,0.0,0.0,0.0,0.0,0.0,0.0,-0.6931471805599453,0.0,0.0,0.0,0.0,0.0,-0.6931471805599453,0.0,0.0,0.0,-0.5376983728162604,-0.5370004781028717,0.0,0.0,-0.48373020300112074,0.0,0.0,0.0,0.0,0.0,0.0,1.1689287870855698,0.0,0.0,0.0,0.0,0.0,0.0,-0.6931471805599453,0.0,0.0,0.0,0.0,0.0,0.0,0.0,0.0,0.6931471805599453,0.0,-0.6931471805599453,0.0,0.0,0.0,0.0,-0.6931471805599453,0.0,0.0,0.0,0.0,0.0,0.0,-0.6931471805599453,0.0,-0.6931471805599453,0.0,0.0,0.0,0.0,0.0,0.0,-0.6931471805599453,0.0,0.0,0.0,0.0,0.0,0.0,0.0,0.0,0.0,-0.6931471805599453,0.0,0.0,0.0,0.0,0.0,0.0,0.0,0.0,0.0,0.0,0.0,0.0,0.0,-0.6931471805599453,0.0,0.0,0.6931471805599453,-0.6931471805599453,0.0,0.6931471805599453,0.0,0.0,0.0,0.0,0.0,0.0,0.0,0.0,0.0,0.0,0.0,0.0,0.0,0.0,0.0,0.0,0.0,0.0,0.0,0.0,0.0,0.0,0.0,-0.6931471805599453,0.0,0.0,0.0,0.0,0.0,-0.6931471805599453,0.0,0.0,0.0,-0.6931471805599453,0.0,0.0,0.0,0.0,0.0,0.0,0.0,0.0,0.0,0.0,0.0,0.0,0.0,0.0,0.0,0.0,0.0,1.6393973129107184,0.0,0.0,0.0,0.0,0.0,-1.4415570397949393,0.0,0.0,0.0,0.0,-0.6931471805599453,0.0,0.0,0.0
4.61261017366127,1.1925144413116917,CO[C@@H]1CC(=O)[C@H](C)[C@H]2C/C(=C(\C)C(=O)O)C[C@@]21C,-0.7148462436713207,0.0,0.0,0.0,0.0,0.0,0.0,0.0,0.0,0.0,0.0,0.0,0.0,0.0,0.0,0.0,0.0,0.0,0.0,-1.6654811635096367,0.0,0.0,0.0,0.0,0.0,0.0,0.0,0.0,0.0,-0.6931471805599453,0.0,0.0,0.0,0.0,0.0,-0.6931471805599453,0.0,0.0,0.0,-0.5376983728162604,-0.5370004781028717,0.0,0.0,-0.48373020300112074,0.0,0.0,0.0,0.0,0.0,0.0,1.1689287870855698,0.0,0.0,0.0,0.0,0.0,0.0,0.0,0.6931471805599453,0.0,0.0,0.0,-0.6931471805599453,0.0,0.0,0.0,0.6931471805599453,0.0,-0.6931471805599453,0.0,0.0,0.0,0.0,-0.6931471805599453,0.0,0.0,0.0,0.0,0.0,0.0,-0.6931471805599453,0.0,-0.6931471805599453,0.0,0.0,0.0,0.0,0.0,0.0,-0.6931471805599453,0.0,0.0,0.0,0.0,0.0,0.0,0.0,0.0,0.0,-0.6931471805599453,0.0,0.0,0.0,0.0,0.0,0.0,0.0,0.0,0.0,0.0,0.0,0.0,0.0,-0.6931471805599453,0.0,0.0,0.6931471805599453,-0.6931471805599453,0.0,0.0,0.0,0.0,0.0,0.0,0.0,0.0,0.0,0.0,0.0,0.0,0.0,0.0,0.0,0.0,0.0,0.0,0.0,0.0,0.0,0.0,0.0,0.0,0.0,-0.6931471805599453,0.0,0.0,0.0,0.0,-0.6931471805599453,0.0,0.0,0.0,0.0,-0.6931471805599453,0.0,0.0,0.0,-0.6931471805599453,0.0,0.0,0.0,0.0,0.0,0.0,0.0,0.0,0.0,0.0,0.0,0.0,0.0,1.6393973129107184,0.0,0.0,0.0,0.0,0.0,-1.4733057381095196,0.0,0.0,0.0,0.0,-0.6931471805599453,0.0,0.0,0.0
7.920818753952375,1.1925144413116917,O=C(O)Cc1cccc(OCCCN(Cc2cccc(C(F)(F)F)c2Cl)CC(c2ccccc2)c2ccccc2)c1,0.0,0.0,0.0,0.0,0.0,0.0,0.0,0.0,0.0,0.0,0.0,0.0,0.0,0.0,0.0,0.0,0.0,0.0,0.0,-1.6654811635096367,0.0,0.0,0.0,0.0,0.0,0.0,0.0,0.0,0.0,-0.6931471805599453,0.0,0.0,0.0,0.0,0.0,-0.6931471805599453,0.0,0.0,0.0,0.10086845646457944,-0.3892474678664647,0.0,0.0,-0.19972415075457775,0.0,0.0,0.0,0.0,0.0,0.0,-0.568094406790975,0.0,0.0,0.0,0.6931471805599453,0.0,0.0,0.0,0.0,0.0,0.0,0.0,-0.6931471805599453,0.0,0.0,0.0,0.0,0.6931471805599453,-0.6931471805599453,0.0,0.0,0.0,0.0,0.0,0.0,0.0,0.0,-0.6931471805599453,0.0,0.0,-0.6931471805599453,-0.6931471805599453,-0.6931471805599453,0.0,0.0,0.0,0.0,0.0,-0.6931471805599453,0.0,0.0,0.0,0.0,0.0,0.0,0.0,0.0,0.0,0.0,0.0,0.0,0.0,0.0,0.0,0.0,0.0,0.0,0.6931471805599453,0.0,0.0,0.0,0.0,0.0,-0.6931471805599453,0.0,0.0,0.0,-0.6931471805599453,0.0,0.0,0.0,0.0,0.0,0.0,0.0,0.0,0.0,0.0,0.0,0.0,0.0,0.0,0.0,0.0,0.0,0.0,0.0,0.0,0.0,0.0,0.0,0.0,0.0,0.0,0.0,0.0,0.0,0.0,-0.6931471805599453,0.0,0.0,0.0,0.0,-0.6931471805599453,0.0,0.0,0.0,-0.6931471805599453,0.0,0.0,0.0,0.0,0.0,0.0,0.0,0.6931471805599453,0.0,0.0,0.0,0.0,0.0,-1.557231514954651,0.0,0.6931471805599453,0.0,0.0,0.0,-0.5016931402027182,0.0,0.0,0.0,0.0,-0.6931471805599453,0.0,0.0,0.0
8.045757490560675,1.1925144413116917,O=S(=O)(c1ccccc1)N(CC(F)(F)F)c1ccc(C(O)(C(F)(F)F)C(F)(F)F)cc1,-0.7148462436713207,0.0,0.0,0.0,0.0,0.6931471805599453,0.0,0.6931471805599453,0.0,0.0,0.0,0.0,0.0,0.0,0.0,0.0,0.0,0.0,0.0,-1.6654811635096367,0.0,0.0,0.0,0.0,0.0,0.0,0.0,0.0,0.0,0.0,0.0,0.0,0.0,0.0,0.0,0.0,0.0,0.0,-0.6931471805599453,-0.5376983728162604,-0.5370004781028717,0.0,0.0,-0.48373020300112074,0.0,0.0,0.0,0.0,0.0,0.0,0.07647036399183811,0.0,0.0,0.0,0.6931471805599453,0.0,0.0,-0.6931471805599453,0.0,0.0,0.0,0.0,-0.6931471805599453,-0.6931471805599453,0.0,0.0,0.6931471805599453,0.0,-0.6931471805599453,0.0,0.0,0.0,0.0,-0.6931471805599453,0.0,0.0,0.0,-0.6931471805599453,0.0,0.0,0.0,-0.6931471805599453,-0.6931471805599453,0.0,0.0,0.0,0.0,0.0,-0.6931471805599453,-0.6931471805599453,0.0,0.0,0.0,0.0,0.0,0.0,0.0,0.0,0.0,-0.6931471805599453,0.0,0.0,0.0,0.0,0.0,0.0,0.0,0.6931471805599453,0.0,0.0,0.0,0.0,0.0,0.0,0.0,0.0,0.0,-0.6931471805599453,0.0,0.6931471805599453,-0.6931471805599453,0.0,0.6931471805599453,0.0,0.0,0.0,0.0,0.0,0.0,0.0,0.0,0.0,0.0,0.0,0.0,0.0,0.0,0.0,0.0,0.0,0.0,0.0,0.0,-0.6931471805599453,0.0,0.0,0.0,0.0,-0.6931471805599453,-0.6931471805599453,0.0,0.0,0.0,-0.6931471805599453,0.0,0.0,0.0,-0.6931471805599453,0.0,0.0,0.0,0.0,0.0,0.0,0.0,0.0,0.0,0.0,0.0,0.0,0.0,-1.0986122886681116,0.0,0.6931471805599453,0.0,0.0,0.0,1.6268413956668093,-0.6931471805599453,0.0,0.0,0.0,-0.6931471805599453,0.0,0.0,0.0
8.698970004336019,1.1925144413116917,O=C(O)Cc1ccc(COc2cccc(-c3c(Cc4ccccc4)cnc4c(C(F)(F)F)cccc34)c2)cc1,1.1053175093838539,0.0,0.0,0.0,0.0,0.6931471805599453,0.0,0.6931471805599453,0.0,0.0,0.0,0.0,0.0,0.0,0.0,0.0,0.0,0.6931471805599453,0.0,0.04310361744086199,0.0,0.0,0.0,0.0,0.0,0.6931471805599453,0.0,0.0,0.0,0.0,0.0,0.6931471805599453,0.0,0.0,0.0,-0.6931471805599453,0.0,0.0,-0.6931471805599453,-0.08048730527752165,-0.11412934559326177,0.0,0.0,0.30937592613489173,0.0,0.0,0.0,0.0,0.0,0.0,-0.23499359123170557,0.0,0.0,0.0,0.6931471805599453,0.0,0.0,-0.6931471805599453,0.0,0.0,0.0,0.0,-0.6931471805599453,0.0,0.0,0.0,0.6931471805599453,0.6931471805599453,-0.6931471805599453,0.0,0.0,0.0,0.0,0.0,0.0,0.0,0.0,-0.6931471805599453,0.0,0.0,-0.6931471805599453,-0.6931471805599453,0.0,0.0,0.0,0.0,0.0,0.0,-0.6931471805599453,-0.6931471805599453,0.0,0.0,0.0,0.0,0.0,0.0,0.0,0.0,0.0,0.0,0.0,0.0,0.0,0.0,0.0,0.0,0.0,0.6931471805599453,0.0,0.0,0.0,0.0,0.0,-0.6931471805599453,0.0,0.0,0.0,0.0,0.0,0.0,0.0,0.0,0.6931471805599453,0.0,0.0,0.0,0.0,0.0,0.0,0.0,0.0,0.0,0.0,0.0,0.0,0.0,0.0,0.0,0.0,0.0,0.0,0.0,0.0,0.0,0.0,0.0,0.0,0.0,-0.6931471805599453,0.0,0.0,0.0,0.0,-0.6931471805599453,0.0,0.0,0.0,-0.6931471805599453,0.0,0.0,0.0,0.0,0.0,0.0,0.0,0.6931471805599453,0.0,0.0,0.0,0.0,0.0,-0.9220544365909066,0.0,0.6931471805599453,0.0,0.0,0.0,0.29898162770571435,0.0,0.0,0.0,0.0,-0.6931471805599453,0.0,0.0,0.0
8.698970004336019,1.1925144413116917,O=C(O)Cc1ccc(CNc2cccc(-c3c(Cc4ccccc4)cnc4c(C(F)(F)F)cccc34)c2)cc1,0.6812318738309034,0.0,0.0,0.0,0.0,0.6931471805599453,0.0,0.6931471805599453,0.0,0.0,0.0,0.0,0.0,0.0,0.0,0.0,0.0,0.0,0.0,0.04310361744086199,0.0,0.0,0.0,0.0,0.0,0.6931471805599453,0.0,0.0,0.0,0.0,0.0,0.6931471805599453,0.0,0.0,0.0,0.0,0.0,0.0,-0.6931471805599453,0.43899823388405484,-0.34078960763926897,0.0,0.0,-0.17157028216848966,0.0,0.0,0.0,0.0,0.0,0.0,-0.40767018066647837,0.0,0.0,0.0,0.6931471805599453,0.0,0.0,-0.6931471805599453,0.6931471805599453,0.0,0.0,0.0,-0.6931471805599453,0.0,0.0,0.0,0.6931471805599453,0.6931471805599453,0.0,0.0,0.0,0.0,0.0,0.0,0.0,0.0,0.0,0.0,0.0,0.0,-0.6931471805599453,-0.6931471805599453,0.0,0.0,0.0,0.0,0.0,0.0,-0.6931471805599453,-0.6931471805599453,0.0,0.0,0.0,0.0,0.0,0.0,0.0,0.0,0.0,0.0,0.0,0.0,0.0,0.0,0.0,0.0,0.0,0.6931471805599453,0.0,0.0,0.0,0.0,0.0,-0.6931471805599453,0.0,0.0,0.0,0.0,0.0,0.0,-0.6931471805599453,0.0,0.6931471805599453,0.0,0.0,0.0,0.0,0.0,0.0,0.0,0.0,0.0,0.0,0.0,0.0,0.0,0.0,0.0,0.0,0.0,0.0,0.0,0.0,0.0,0.0,0.0,0.0,0.0,-0.6931471805599453,-0.6931471805599453,0.0,0.0,0.0,0.0,0.0,0.0,0.0,-0.6931471805599453,0.0,0.0,0.0,0.0,0.0,0.0,0.0,0.6931471805599453,0.0,0.0,0.0,0.0,0.0,-1.1870677092299746,0.0,0.6931471805599453,0.0,0.0,0.0,0.6623755218931907,0.0,0.0,0.0,0.0,-0.6931471805599453,0.0,0.0,0.0
7.387216143280264,1.1925144413116917,FC(F)(F)c1cccc2c(-c3ccccc3)n(Cc3ccccc3)nc12,0.6931471805599453,0.0,0.0,0.0,0.0,0.6931471805599453,0.0,0.6931471805599453,0.0,0.0,0.0,0.0,0.0,0.0,0.0,0.0,0.0,0.6931471805599453,0.0,0.06738304801147778,0.0,0.0,0.0,0.0,0.0,0.6931471805599453,0.0,0.0,0.0,0.0,0.0,0.6931471805599453,0.0,0.0,0.0,-0.6931471805599453,0.0,0.0,-0.6931471805599453,-0.5376983728162604,-0.5370004781028717,0.0,0.0,-0.48373020300112074,0.0,0.0,0.0,0.0,0.0,0.0,-0.28602507124415155,0.0,0.0,0.0,0.6931471805599453,0.6931471805599453,0.0,-0.6931471805599453,0.6931471805599453,0.0,0.0,0.0,-0.6931471805599453,-0.6931471805599453,0.0,0.0,0.6931471805599453,0.0,-0.6931471805599453,0.0,0.0,0.0,0.0,0.0,0.0,0.0,0.0,-0.6931471805599453,0.0,0.0,0.0,-0.6931471805599453,0.0,0.0,0.0,0.0,0.0,0.0,0.0,-0.6931471805599453,0.0,0.0,0.0,0.0,0.0,0.0,0.0,0.0,0.0,0.0,0.0,0.0,0.0,0.0,0.0,0.0,0.0,0.6931471805599453,0.0,0.0,0.0,0.0,0.0,0.0,0.0,0.0,0.0,-0.6931471805599453,0.0,0.0,-0.6931471805599453,0.0,0.6931471805599453,0.0,0.0,0.0,0.0,0.0,0.0,0.0,0.0,0.0,0.0,0.0,0.0,0.0,0.0,0.0,0.0,0.0,0.0,0.0,0.0,-0.6931471805599453,0.0,0.0,0.0,0.0,-0.6931471805599453,-0.6931471805599453,0.0,0.0,0.0,-0.6931471805599453,0.0,0.0,0.0,-0.6931471805599453,0.0,0.0,0.0,0.0,0.0,0.0,0.0,0.6931471805599453,0.0,0.0,0.0,0.0,0.0,0.05619455834364338,0.0,0.6931471805599453,0.0,0.0,0.0,0.19237189264745608,0.0,0.0,0.0,0.0,-0.6931471805599453,0.0,0.0,0.0
8.0,1.1925144413116917,Cc1ccc(Cn2nc3c(C(F)(F)F)cccc3c2-c2ccc(F)cc2)c(C)c1,0.6931471805599453,0.0,0.0,0.0,0.0,0.6931471805599453,0.0,0.6931471805599453,0.0,0.0,0.0,0.0,0.0,0.0,0.0,0.0,0.0,0.6931471805599453,0.0,0.06738304801147778,0.0,0.0,0.0,0.0,0.0,0.6931471805599453,0.0,0.0,0.0,0.0,0.0,0.6931471805599453,0.0,0.0,0.0,-0.6931471805599453,0.0,0.0,-0.6931471805599453,-0.5376983728162604,-0.5370004781028717,0.0,0.0,-0.48373020300112074,0.0,0.0,0.0,0.0,0.0,0.0,-0.3763477095374374,0.0,0.0,0.0,0.6931471805599453,0.6931471805599453,0.0,-0.6931471805599453,0.6931471805599453,0.0,0.0,0.0,-0.6931471805599453,-0.6931471805599453,0.0,0.0,0.6931471805599453,0.0,-0.6931471805599453,0.0,0.0,0.0,0.0,0.0,0.0,0.0,0.0,-0.6931471805599453,0.0,0.0,0.0,-0.6931471805599453,0.0,0.0,0.0,0.0,0.0,0.0,0.0,-0.6931471805599453,0.0,0.0,0.0,0.0,0.0,0.0,0.0,0.0,0.0,-0.6931471805599453,0.0,0.0,0.0,0.0,0.0,0.0,0.0,0.0,0.0,0.0,0.0,0.0,0.0,0.0,0.0,0.0,0.0,-0.6931471805599453,0.0,0.0,-0.6931471805599453,0.0,0.6931471805599453,0.0,0.0,0.0,0.0,0.0,0.0,0.0,0.0,0.0,0.0,0.0,0.0,0.0,0.0,0.0,0.0,0.0,0.0,0.0,0.0,-0.6931471805599453,0.0,0.0,0.0,0.0,0.0,-0.6931471805599453,0.0,0.0,0.0,-0.6931471805599453,0.0,0.0,0.0,-0.6931471805599453,0.0,0.0,0.0,0.0,0.0,0.0,0.0,0.6931471805599453,0.0,0.0,0.0,0.0,0.0,-0.3879719506606474,0.0,0.6931471805599453,0.0,0.0,0.0,-0.11441035117774422,0.0,0.0,0.0,0.0,-0.6931471805599453,0.0,0.0,0.0
7.619788758288394,1.1925144413116917,Fc1ccc(-c2c3cccc(C(F)(F)F)c3nn2Cc2ccc(F)cc2Cl)cc1,0.6931471805599453,0.0,0.0,0.0,0.0,0.6931471805599453,0.0,0.6931471805599453,0.0,0.0,0.0,0.0,0.0,0.0,0.0,0.0,0.0,0.6931471805599453,0.0,0.06738304801147778,0.0,0.0,0.0,0.0,0.0,0.6931471805599453,0.0,0.0,0.0,0.0,0.0,0.6931471805599453,0.0,0.0,0.0,-0.6931471805599453,0.0,0.0,-0.6931471805599453,-0.5376983728162604,-0.5370004781028717,0.0,0.0,-0.48373020300112074,0.0,0.0,0.0,0.0,0.0,0.0,0.3250544151498868,0.0,0.0,0.0,0.6931471805599453,0.6931471805599453,0.0,-0.6931471805599453,0.6931471805599453,0.0,0.0,0.0,-0.6931471805599453,-0.6931471805599453,0.0,0.0,0.6931471805599453,0.0,-0.6931471805599453,0.0,0.0,0.0,0.0,0.0,0.0,0.0,0.0,-0.6931471805599453,0.0,0.0,0.0,-0.6931471805599453,0.0,0.0,0.0,0.0,0.0,0.0,0.0,-0.6931471805599453,0.0,0.0,0.0,0.0,0.0,0.0,0.0,0.0,0.0,-0.6931471805599453,0.0,0.0,0.0,0.0,0.0,0.0,0.0,0.0,0.0,0.0,0.0,0.0,0.0,0.0,0.0,0.0,0.0,-0.6931471805599453,0.0,0.0,-0.6931471805599453,0.0,0.6931471805599453,0.0,0.0,0.0,0.0,0.0,0.0,0.0,0.0,0.0,0.0,0.0,0.0,0.0,0.0,0.0,0.0,0.0,0.0,0.0,0.0,-0.6931471805599453,0.0,0.0,0.0,0.0,0.0,-0.6931471805599453,0.0,0.0,0.0,-0.6931471805599453,0.0,0.0,0.0,-0.6931471805599453,0.0,0.0,0.0,0.0,0.0,0.0,0.0,0.6931471805599453,0.0,0.0,0.0,0.0,0.0,-0.3879719506606474,0.0,0.6931471805599453,0.0,0.0,0.0,0.8276250947884981,0.0,0.0,0.0,0.0,-0.6931471805599453,0.0,0.0,0.0
7.481486060122112,1.1925144413116917,Fc1ccc(-c2c3cccc(C(F)(F)F)c3nn2Cc2ccccc2F)cc1,0.6931471805599453,0.0,0.0,0.0,0.0,0.6931471805599453,0.0,0.6931471805599453,0.0,0.0,0.0,0.0,0.0,0.0,0.0,0.0,0.0,0.6931471805599453,0.0,0.06738304801147778,0.0,0.0,0.0,0.0,0.0,0.6931471805599453,0.0,0.0,0.0,0.0,0.0,0.6931471805599453,0.0,0.0,0.0,-0.6931471805599453,0.0,0.0,-0.6931471805599453,-0.5376983728162604,-0.5370004781028717,0.0,0.0,-0.48373020300112074,0.0,0.0,0.0,0.0,0.0,0.0,-0.097715472605574,0.0,0.0,0.0,0.6931471805599453,0.6931471805599453,0.0,-0.6931471805599453,0.6931471805599453,0.0,0.0,0.0,-0.6931471805599453,-0.6931471805599453,0.0,0.0,0.6931471805599453,0.0,-0.6931471805599453,0.0,0.0,0.0,0.0,0.0,0.0,0.0,0.0,-0.6931471805599453,0.0,0.0,0.0,-0.6931471805599453,0.0,0.0,0.0,0.0,0.0,0.0,0.0,-0.6931471805599453,0.0,0.0,0.0,0.0,0.0,0.0,0.0,0.0,0.0,-0.6931471805599453,0.0,0.0,0.0,0.0,0.0,0.0,0.0,0.6931471805599453,0.0,0.0,0.0,0.0,0.0,0.0,0.0,0.0,0.0,-0.6931471805599453,0.0,0.0,-0.6931471805599453,0.0,0.6931471805599453,0.0,0.0,0.0,0.0,0.0,0.0,0.0,0.0,0.0,0.0,0.0,0.0,0.0,0.0,0.0,0.0,0.0,0.0,0.0,0.0,-0.6931471805599453,0.0,0.0,0.0,0.0,0.0,-0.6931471805599453,0.0,0.0,0.0,-0.6931471805599453,0.0,0.0,0.0,-0.6931471805599453,0.0,0.0,0.0,0.0,0.0,0.0,0.0,0.6931471805599453,0.0,0.0,0.0,0.0,0.0,0.730030793990501,0.0,0.6931471805599453,0.0,0.0,0.0,0.5978370007556204,0.0,0.0,0.0,0.0,-0.6931471805599453,0.0,0.0,0.0
7.494850021680094,1.1925144413116917,Fc1ccc(-c2c3cccc(C(F)(F)F)c3nn2Cc2ccccc2Cl)cc1,0.6931471805599453,0.0,0.0,0.0,0.0,0.6931471805599453,0.0,0.6931471805599453,0.0,0.0,0.0,0.0,0.0,0.0,0.0,0.0,0.0,0.6931471805599453,0.0,0.06738304801147778,0.0,0.0,0.0,0.0,0.0,0.6931471805599453,0.0,0.0,0.0,0.0,0.0,0.6931471805599453,0.0,0.0,0.0,-0.6931471805599453,0.0,0.0,-0.6931471805599453,-0.5376983728162604,-0.5370004781028717,0.0,0.0,-0.48373020300112074,0.0,0.0,0.0,0.0,0.0,0.0,0.3486961782069273,0.0,0.0,0.0,0.6931471805599453,0.6931471805599453,0.0,-0.6931471805599453,0.6931471805599453,0.0,0.0,0.0,-0.6931471805599453,-0.6931471805599453,0.0,0.0,0.6931471805599453,0.0,-0.6931471805599453,0.0,0.0,0.0,0.0,0.0,0.0,0.0,0.0,-0.6931471805599453,0.0,0.0,0.0,-0.6931471805599453,0.0,0.0,0.0,0.0,0.0,0.0,0.0,-0.6931471805599453,0.0,0.0,0.0,0.0,0.0,0.0,0.0,0.0,0.0,-0.6931471805599453,0.0,0.0,0.0,0.0,0.0,0.0,0.0,0.6931471805599453,0.0,0.0,0.0,0.0,0.0,0.0,0.0,0.0,0.0,-0.6931471805599453,0.0,0.0,-0.6931471805599453,0.0,0.6931471805599453,0.0,0.0,0.0,0.0,0.0,0.0,0.0,0.0,0.0,0.0,0.0,0.0,0.0,0.0,0.0,0.0,0.0,0.0,0.0,0.0,-0.6931471805599453,0.0,0.0,0.0,0.0,0.0,-0.6931471805599453,0.0,0.0,0.0,-0.6931471805599453,0.0,0.0,0.0,-0.6931471805599453,0.0,0.0,0.0,0.0,0.0,0.0,0.0,0.6931471805599453,0.0,0.0,0.0,0.0,0.0,0.3721613446340051,0.0,0.6931471805599453,0.0,0.0,0.0,0.6061358035703155,0.0,0.0,0.0,0.0,-0.6931471805599453,0.0,0.0,0.0
7.309803919971486,1.1925144413116917,Fc1ccc(Cn2nc3c(C(F)(F)F)cccc3c2-c2ccc(F)cc2)cc1,0.6931471805599453,0.0,0.0,0.0,0.0,0.6931471805599453,0.0,0.6931471805599453,0.0,0.0,0.0,0.0,0.0,0.0,0.0,0.0,0.0,0.6931471805599453,0.0,0.06738304801147778,0.0,0.0,0.0,0.0,0.0,0.6931471805599453,0.0,0.0,0.0,0.0,0.0,0.6931471805599453,0.0,0.0,0.0,-0.6931471805599453,0.0,0.0,-0.6931471805599453,-0.5376983728162604,-0.5370004781028717,0.0,0.0,-0.48373020300112074,0.0,0.0,0.0,0.0,0.0,0.0,-0.4880516991174386,0.0,0.0,0.0,0.6931471805599453,0.6931471805599453,0.0,-0.6931471805599453,0.6931471805599453,0.0,0.0,0.0,-0.6931471805599453,-0.6931471805599453,0.0,0.0,0.6931471805599453,0.0,-0.6931471805599453,0.0,0.0,0.0,0.0,0.0,0.0,0.0,0.0,-0.6931471805599453,0.0,0.0,0.0,-0.6931471805599453,0.0,0.0,0.0,0.0,0.0,0.0,0.0,-0.6931471805599453,0.0,0.0,0.0,0.0,0.0,0.0,0.0,0.0,0.0,0.0,0.0,0.0,0.0,0.0,0.0,0.0,0.0,0.0,0.0,0.0,0.0,0.0,0.0,0.0,0.0,0.0,0.0,0.0,0.0,0.0,-0.6931471805599453,0.0,0.6931471805599453,0.0,0.0,0.0,0.0,0.0,0.0,0.0,0.0,0.0,0.0,0.0,0.0,0.0,0.0,0.0,0.0,0.0,0.0,0.0,0.0,-0.6931471805599453,0.0,0.0,0.0,0.0,0.0,-0.6931471805599453,0.0,0.0,0.0,-0.6931471805599453,0.0,0.0,0.0,-0.6931471805599453,0.0,0.0,0.0,0.0,0.0,0.0,0.0,0.6931471805599453,0.0,0.0,0.0,0.0,0.0,-0.4561802006871819,0.0,0.6931471805599453,0.0,0.0,0.0,0.8407831793660092,0.0,0.0,0.0,0.0,-0.6931471805599453,0.0,0.0,0.0
7.236572006437063,1.1925144413116917,Fc1ccc(-c2c3cccc(C(F)(F)F)c3nn2Cc2ccc(Cl)cc2)cc1,0.6931471805599453,0.0,0.0,0.0,0.0,0.6931471805599453,0.0,0.6931471805599453,0.0,0.0,0.0,0.0,0.0,0.0,0.0,0.0,0.0,0.6931471805599453,0.0,0.06738304801147778,0.0,0.0,0.0,0.0,0.0,0.6931471805599453,0.0,0.0,0.0,0.0,0.0,0.6931471805599453,0.0,0.0,0.0,-0.6931471805599453,0.0,0.0,-0.6931471805599453,-0.5376983728162604,-0.5370004781028717,0.0,0.0,-0.48373020300112074,0.0,0.0,0.0,0.0,0.0,0.0,-0.8743643750108471,0.0,0.0,0.0,0.6931471805599453,0.6931471805599453,0.0,-0.6931471805599453,0.6931471805599453,0.0,0.0,0.0,-0.6931471805599453,-0.6931471805599453,0.0,0.0,0.6931471805599453,0.0,-0.6931471805599453,0.0,0.0,0.0,0.0,0.0,0.0,0.0,0.0,-0.6931471805599453,0.0,0.0,0.0,-0.6931471805599453,0.0,0.0,0.0,0.0,0.0,0.0,0.0,-0.6931471805599453,0.0,0.0,0.0,0.0,0.0,0.0,0.0,0.0,0.0,0.0,0.0,0.0,0.0,0.0,0.0,0.0,0.0,0.0,0.0,0.0,0.0,0.0,0.0,0.0,0.0,0.0,0.0,0.0,0.0,0.0,-0.6931471805599453,0.0,0.6931471805599453,0.0,0.0,0.0,0.0,0.0,0.0,0.0,0.0,0.0,0.0,0.0,0.0,0.0,0.0,0.0,0.0,0.0,0.0,0.0,0.0,-0.6931471805599453,0.0,0.0,0.0,0.0,0.0,-0.6931471805599453,0.0,0.0,0.0,-0.6931471805599453,0.0,0.0,0.0,-0.6931471805599453,0.0,0.0,0.0,0.0,0.0,0.0,0.0,0.6931471805599453,0.0,0.0,0.0,0.0,0.0,0.08845542056186372,0.0,0.6931471805599453,0.0,0.0,0.0,0.8792494601938052,0.0,0.0,0.0,0.0,-0.6931471805599453,0.0,0.0,0.0
7.42021640338319,1.1925144413116917,Fc1cc(Cl)ccc1Cn1nc2c(C(F)(F)F)cccc2c1-c1ccc(Cl)cc1,0.6931471805599453,0.0,0.0,0.0,0.0,0.6931471805599453,0.0,0.6931471805599453,0.0,0.0,0.0,0.0,0.0,0.0,0.0,0.0,0.0,0.6931471805599453,0.0,0.06738304801147778,0.0,0.0,0.0,0.0,0.0,0.6931471805599453,0.0,0.0,0.0,0.0,0.0,0.6931471805599453,0.0,0.0,0.0,-0.6931471805599453,0.0,0.0,-0.6931471805599453,-0.5376983728162604,-0.5370004781028717,0.0,0.0,-0.48373020300112074,0.0,0.0,0.0,0.0,0.0,0.0,-0.674767381622856,0.0,0.0,0.0,0.6931471805599453,0.6931471805599453,0.0,-0.6931471805599453,0.6931471805599453,0.0,0.0,0.0,-0.6931471805599453,-0.6931471805599453,0.0,0.0,0.6931471805599453,0.0,-0.6931471805599453,0.0,0.0,0.0,0.0,0.0,0.0,0.0,0.0,-0.6931471805599453,0.0,0.0,0.0,-0.6931471805599453,0.0,0.0,0.0,0.0,0.0,0.0,0.0,-0.6931471805599453,0.0,0.0,0.0,0.0,0.0,0.0,0.0,0.0,0.0,-0.6931471805599453,0.0,0.0,0.0,0.0,0.0,0.0,0.0,0.0,0.0,0.0,0.0,0.0,0.0,0.0,0.0,0.0,0.0,-0.6931471805599453,0.0,0.0,-0.6931471805599453,0.0,0.6931471805599453,0.0,0.0,0.0,0.0,0.0,0.0,0.0,0.0,0.0,0.0,0.0,0.0,0.0,0.0,0.0,0.0,0.0,0.0,0.0,0.0,-0.6931471805599453,0.0,0.0,0.0,0.0,0.0,-0.6931471805599453,0.0,0.0,0.0,-0.6931471805599453,0.0,0.0,0.0,-0.6931471805599453,0.0,0.0,0.0,0.0,0.0,0.0,0.0,0.6931471805599453,0.0,0.0,0.0,0.0,0.0,0.3721613446340051,0.0,0.6931471805599453,0.0,0.0,0.0,0.8792494601938052,0.0,0.0,0.0,0.0,-0.6931471805599453,0.0,0.0,0.0
7.522878745280337,1.1925144413116917,Fc1ccc(Cn2nc3c(C(F)(F)F)cccc3c2-c2ccc(Cl)cc2)c(Cl)c1,0.6931471805599453,0.0,0.0,0.0,0.0,0.6931471805599453,0.0,0.6931471805599453,0.0,0.0,0.0,0.0,0.0,0.0,0.0,0.0,0.0,0.6931471805599453,0.0,0.06738304801147778,0.0,0.0,0.0,0.0,0.0,0.6931471805599453,0.0,0.0,0.0,0.0,0.0,0.6931471805599453,0.0,0.0,0.0,-0.6931471805599453,0.0,0.0,-0.6931471805599453,-0.5376983728162604,-0.5370004781028717,0.0,0.0,-0.48373020300112074,0.0,0.0,0.0,0.0,0.0,0.0,0.045315196212042545,0.0,0.0,0.0,0.6931471805599453,0.6931471805599453,0.0,-0.6931471805599453,0.6931471805599453,0.0,0.0,0.0,-0.6931471805599453,-0.6931471805599453,0.0,0.0,0.6931471805599453,0.0,-0.6931471805599453,0.0,0.0,0.0,0.0,0.0,0.0,0.0,0.0,-0.6931471805599453,0.0,0.0,0.0,-0.6931471805599453,0.0,0.0,0.0,0.0,0.0,0.0,0.0,-0.6931471805599453,0.0,0.0,0.0,0.0,0.0,0.0,0.0,0.0,0.0,-0.6931471805599453,0.0,0.0,0.0,0.0,0.0,0.0,0.0,0.0,0.0,0.0,0.0,0.0,0.0,0.0,0.0,0.0,0.0,-0.6931471805599453,0.0,0.0,-0.6931471805599453,0.0,0.6931471805599453,0.0,0.0,0.0,0.0,0.0,0.0,0.0,0.0,0.0,0.0,0.0,0.0,0.0,0.0,0.0,0.0,0.0,0.0,0.0,0.0,-0.6931471805599453,0.0,0.0,0.0,0.0,0.0,-0.6931471805599453,0.0,0.0,0.0,-0.6931471805599453,0.0,0.0,0.0,-0.6931471805599453,0.0,0.0,0.0,0.0,0.0,0.0,0.0,0.6931471805599453,0.0,0.0,0.0,0.0,0.0,-0.7074946289680879,0.0,0.6931471805599453,0.0,0.0,0.0,0.8792494601938052,0.0,0.0,0.0,0.0,-0.6931471805599453,0.0,0.0,0.0
7.397940008672037,1.1925144413116917,FC(F)(F)c1cccc2c(-c3ccc(Cl)cc3)n(Cc3ccccc3Cl)nc12,0.6931471805599453,0.0,0.0,0.0,0.0,0.6931471805599453,0.0,0.6931471805599453,0.0,0.0,0.0,0.0,0.0,0.0,0.0,0.0,0.0,0.6931471805599453,0.0,0.06738304801147778,0.0,0.0,0.0,0.0,0.0,0.6931471805599453,0.0,0.0,0.0,0.0,0.0,0.6931471805599453,0.0,0.0,0.0,-0.6931471805599453,0.0,0.0,-0.6931471805599453,-0.5376983728162604,-0.5370004781028717,0.0,0.0,-0.48373020300112074,0.0,0.0,0.0,0.0,0.0,0.0,0.03257617043461277,0.0,0.0,0.0,0.6931471805599453,0.6931471805599453,0.0,-0.6931471805599453,0.6931471805599453,0.0,0.0,0.0,-0.6931471805599453,-0.6931471805599453,0.0,0.0,0.6931471805599453,0.0,-0.6931471805599453,0.0,0.0,0.0,0.0,0.0,0.0,0.0,0.0,-0.6931471805599453,0.0,0.0,0.0,-0.6931471805599453,0.0,0.0,0.0,0.0,0.0,0.0,0.0,-0.6931471805599453,0.0,0.0,0.0,0.0,0.0,0.0,0.0,0.0,0.0,-0.6931471805599453,0.0,0.0,0.0,0.0,0.0,0.0,0.0,0.6931471805599453,0.0,0.0,0.0,0.0,0.0,0.0,0.0,0.0,0.0,-0.6931471805599453,0.0,0.0,-0.6931471805599453,0.0,0.6931471805599453,0.0,0.0,0.0,0.0,0.0,0.0,0.0,0.0,0.0,0.0,0.0,0.0,0.0,0.0,0.0,0.0,0.0,0.0,0.0,0.0,-0.6931471805599453,0.0,0.0,0.0,0.0,-0.6931471805599453,-0.6931471805599453,0.0,0.0,0.0,-0.6931471805599453,0.0,0.0,0.0,-0.6931471805599453,0.0,0.0,0.0,0.0,0.0,0.0,0.0,0.6931471805599453,0.0,0.0,0.0,0.0,0.0,0.011494379425736414,0.0,0.6931471805599453,0.0,0.0,0.0,0.6855425811747252,0.0,0.0,0.0,0.0,-0.6931471805599453,0.0,0.0,0.0
7.42021640338319,1.1925144413116917,Fc1ccccc1Cn1nc2c(C(F)(F)F)cccc2c1-c1ccc(Cl)cc1,0.6931471805599453,0.0,0.0,0.0,0.0,0.6931471805599453,0.0,0.6931471805599453,0.0,0.0,0.0,0.0,0.0,0.0,0.0,0.0,0.0,0.6931471805599453,0.0,0.06738304801147778,0.0,0.0,0.0,0.0,0.0,0.6931471805599453,0.0,0.0,0.0,0.0,0.0,0.6931471805599453,0.0,0.0,0.0,-0.6931471805599453,0.0,0.0,-0.6931471805599453,-0.5376983728162604,-0.5370004781028717,0.0,0.0,-0.48373020300112074,0.0,0.0,0.0,0.0,0.0,0.0,-0.3898919346451946,0.0,0.0,0.0,0.6931471805599453,0.6931471805599453,0.0,-0.6931471805599453,0.6931471805599453,0.0,0.0,0.0,-0.6931471805599453,-0.6931471805599453,0.0,0.0,0.6931471805599453,0.0,-0.6931471805599453,0.0,0.0,0.0,0.0,0.0,0.0,0.0,0.0,-0.6931471805599453,0.0,0.0,0.0,-0.6931471805599453,0.0,0.0,0.0,0.0,0.0,0.0,0.0,-0.6931471805599453,0.0,0.0,0.0,0.0,0.0,0.0,0.0,0.0,0.0,-0.6931471805599453,0.0,0.0,0.0,0.0,0.0,0.0,0.0,0.6931471805599453,0.0,0.0,0.0,0.0,0.0,0.0,0.0,0.0,0.0,-0.6931471805599453,0.0,0.0,-0.6931471805599453,0.0,0.6931471805599453,0.0,0.0,0.0,0.0,0.0,0.0,0.0,0.0,0.0,0.0,0.0,0.0,0.0,0.0,0.0,0.0,0.0,0.0,0.0,0.0,-0.6931471805599453,0.0,0.0,0.0,0.0,0.0,-0.6931471805599453,0.0,0.0,0.0,-0.6931471805599453,0.0,0.0,0.0,-0.6931471805599453,0.0,0.0,0.0,0.0,0.0,0.0,0.0,0.6931471805599453,0.0,0.0,0.0,0.0,0.0,0.5471519788929081,0.0,0.6931471805599453,0.0,0.0,0.0,0.6061358035703155,0.0,0.0,0.0,0.0,-0.6931471805599453,0.0,0.0,0.0
7.318758762624412,1.1925144413116917,FC(F)(F)c1ccccc1Cn1nc2c(C(F)(F)F)cccc2c1-c1ccc(Cl)cc1,0.6931471805599453,0.0,0.0,0.0,0.0,0.6931471805599453,0.0,0.6931471805599453,0.0,0.0,0.0,0.0,0.0,0.0,0.0,0.0,0.0,0.6931471805599453,0.0,0.06738304801147778,0.0,0.0,0.0,0.0,0.0,0.6931471805599453,0.0,0.0,0.0,0.0,0.0,0.6931471805599453,0.0,0.0,0.0,-0.6931471805599453,0.0,0.0,-0.6931471805599453,-0.5376983728162604,-0.5370004781028717,0.0,0.0,-0.48373020300112074,0.0,0.0,0.0,0.0,0.0,0.0,-0.46335908652706703,0.0,0.0,0.0,0.6931471805599453,0.6931471805599453,0.0,-0.6931471805599453,0.6931471805599453,0.0,0.0,0.0,-0.6931471805599453,-0.6931471805599453,0.0,0.0,0.6931471805599453,0.0,-0.6931471805599453,0.0,0.0,0.0,0.0,0.0,0.0,0.0,0.0,-0.6931471805599453,0.0,0.0,0.0,-0.6931471805599453,0.0,0.0,0.0,0.0,0.0,0.0,0.0,-0.6931471805599453,0.0,0.0,0.0,0.0,0.0,0.0,0.0,0.0,0.0,-0.6931471805599453,0.0,0.0,0.0,0.0,0.0,0.0,0.0,0.6931471805599453,0.0,0.0,0.0,0.0,0.0,0.0,0.0,0.0,0.0,-0.6931471805599453,0.0,0.0,-0.6931471805599453,0.0,0.6931471805599453,0.0,0.0,0.0,0.0,0.0,0.0,0.0,0.0,0.0,0.0,0.0,0.0,0.0,0.0,0.0,0.0,0.0,0.0,0.0,0.0,-0.6931471805599453,0.0,0.0,0.0,0.0,-0.6931471805599453,-0.6931471805599453,0.0,0.0,0.0,-0.6931471805599453,0.0,0.0,0.0,-0.6931471805599453,0.0,0.0,0.0,0.0,0.0,0.0,0.0,0.6931471805599453,0.0,0.0,0.0,0.0,0.0,-0.26280880770664194,0.0,0.6931471805599453,0.0,0.0,0.0,0.986494990547403,0.0,0.0,0.0,0.0,-0.6931471805599453,0.0,0.0,0.0
5.732124580681102,1.1925144413116917,FC(F)(F)c1ccc(Cn2nc3c(C(F)(F)F)cccc3c2-c2ccc(Cl)cc2)cc1,0.6931471805599453,0.0,0.0,0.0,0.0,0.6931471805599453,0.0,0.6931471805599453,0.0,0.0,0.0,0.0,0.0,0.0,0.0,0.0,0.0,0.6931471805599453,0.0,0.06738304801147778,0.0,0.0,0.0,0.0,0.0,0.6931471805599453,0.0,0.0,0.0,0.0,0.0,0.6931471805599453,0.0,0.0,0.0,-0.6931471805599453,0.0,0.0,-0.6931471805599453,-0.5376983728162604,-0.5370004781028717,0.0,0.0,-0.48373020300112074,0.0,0.0,0.0,0.0,0.0,0.0,-0.37861785807197657,0.0,0.0,0.0,0.6931471805599453,0.6931471805599453,0.0,-0.6931471805599453,0.6931471805599453,0.0,0.0,0.0,-0.6931471805599453,-0.6931471805599453,0.0,0.0,0.6931471805599453,0.0,-0.6931471805599453,0.0,0.0,0.0,0.0,0.0,0.0,0.0,0.0,-0.6931471805599453,0.0,0.0,0.0,-0.6931471805599453,0.0,0.0,0.0,0.0,0.0,0.0,0.0,-0.6931471805599453,0.0,0.0,0.0,0.0,0.0,0.0,0.0,0.0,0.0,0.0,0.0,0.0,0.0,0.0,0.0,0.0,0.0,0.0,0.0,0.0,0.0,0.0,0.0,0.0,0.0,0.0,0.0,0.0,0.0,0.0,-0.6931471805599453,0.0,0.6931471805599453,0.0,0.0,0.0,0.0,0.0,0.0,0.0,0.0,0.0,0.0,0.0,0.0,0.0,0.0,0.0,0.0,0.0,0.0,0.0,0.0,-0.6931471805599453,0.0,0.0,0.0,0.0,-0.6931471805599453,-0.6931471805599453,0.0,0.0,0.0,-0.6931471805599453,0.0,0.0,0.0,0.0,0.0,0.0,0.0,0.0,0.0,0.0,0.0,0.6931471805599453,0.0,0.0,0.0,0.0,0.0,-1.609437912434102,0.0,0.6931471805599453,0.0,0.0,0.0,1.133355237111982,0.0,0.0,0.0,0.0,-0.6931471805599453,0.0,0.0,0.0
7.214670164989233,1.1925144413116917,CS(=O)(=O)c1cc(Cl)cc(Oc2cccc(-c3c(C(N)=O)cnc4c(C(F)(F)F)cccc34)c2)c1,1.4021814177018195,0.0,0.0,0.0,0.0,0.6931471805599453,0.0,0.6931471805599453,0.0,0.0,0.0,0.0,0.0,0.0,0.0,0.0,0.0,0.0,0.0,0.04310361744086199,0.0,0.0,0.0,0.0,0.0,0.6931471805599453,0.0,0.0,0.0,0.0,0.0,0.6931471805599453,0.0,0.0,0.0,0.0,0.0,0.0,-0.6931471805599453,-0.5374179310842966,-0.532320753714061,0.0,0.0,-0.06650765793382206,0.0,0.0,0.0,0.0,0.0,0.0,-0.15035920609099604,0.0,0.0,0.0,0.6931471805599453,0.0,0.0,-0.6931471805599453,0.0,0.0,0.0,0.0,-0.6931471805599453,-0.6931471805599453,0.0,0.0,0.6931471805599453,0.0,-0.6931471805599453,0.0,0.0,0.0,0.0,-0.6931471805599453,0.0,0.0,0.0,-0.6931471805599453,0.0,0.0,-0.6931471805599453,-0.6931471805599453,0.0,0.0,0.0,0.0,0.0,0.0,-0.6931471805599453,0.0,0.0,0.0,0.0,0.0,0.0,0.0,0.0,0.0,0.0,-0.6931471805599453,0.0,0.0,0.0,0.0,0.0,0.0,0.0,0.0,0.0,0.0,0.0,0.0,0.0,-0.6931471805599453,0.0,0.0,0.0,-0.6931471805599453,0.0,0.6931471805599453,0.0,0.0,0.6931471805599453,0.0,0.0,0.0,0.0,0.0,0.0,0.0,0.0,0.0,0.0,0.0,0.0,0.0,0.0,0.0,0.0,0.0,0.0,0.0,0.0,0.0,0.0,0.0,0.0,0.0,-0.6931471805599453,0.0,0.0,0.0,0.0,-0.6931471805599453,0.0,0.0,0.0,-0.6931471805599453,0.0,0.0,0.0,0.0,0.0,0.0,0.0,0.6931471805599453,0.0,0.0,0.0,0.0,0.0,0.7947433946828683,0.0,0.6931471805599453,0.0,0.0,0.0,1.1809832861012368,0.0,0.0,0.0,0.0,-0.6931471805599453,0.0,0.0,0.0
7.275724130399211,1.1925144413116917,Cc1nc2c(C(F)(F)F)cccc2nc1-c1ccc(-c2cccc(S(C)(=O)=O)c2)cc1,1.3913274733943812,0.0,0.0,0.0,0.0,0.6931471805599453,0.0,0.6931471805599453,0.0,0.0,0.0,0.0,0.0,0.0,0.0,0.0,0.0,0.6931471805599453,0.0,1.1889155518423267,0.0,0.0,0.0,0.0,0.0,0.6931471805599453,0.0,0.0,0.0,0.0,0.0,0.6931471805599453,0.0,0.0,0.0,-0.6931471805599453,0.0,0.0,-0.6931471805599453,-0.3865327808786111,-0.1264526058608942,0.0,0.0,-0.029518069066456477,0.0,0.0,0.0,0.0,0.0,0.0,0.37861785807197657,0.0,0.0,0.0,0.6931471805599453,0.6931471805599453,0.0,-0.6931471805599453,0.0,0.0,0.0,0.0,-0.6931471805599453,-0.6931471805599453,0.0,0.0,0.6931471805599453,0.0,-0.6931471805599453,0.0,0.0,0.0,0.0,-0.6931471805599453,0.0,0.0,0.0,-0.6931471805599453,0.0,0.0,-0.6931471805599453,-0.6931471805599453,0.0,0.0,0.0,0.0,0.0,0.0,-0.6931471805599453,0.0,0.0,0.0,0.0,0.0,0.0,0.0,0.0,0.0,0.0,-0.6931471805599453,0.0,0.0,0.0,0.0,0.0,0.0,0.0,0.0,0.0,0.0,0.0,0.0,0.0,0.0,0.0,0.0,0.0,-0.6931471805599453,0.0,0.6931471805599453,-0.6931471805599453,0.0,0.6931471805599453,0.0,0.0,0.0,0.0,0.0,0.0,0.0,0.0,0.0,0.0,0.0,0.0,0.0,0.0,0.0,0.0,0.0,0.0,0.0,0.0,-0.6931471805599453,0.0,0.0,0.0,0.0,-0.6931471805599453,-0.6931471805599453,0.0,0.0,0.0,-0.6931471805599453,0.0,0.0,0.0,-0.6931471805599453,0.0,0.0,0.0,0.0,0.0,0.0,0.0,0.0,0.0,0.0,0.0,0.0,0.0,-1.5200063732698765,0.0,0.0,0.0,0.0,0.0,0.8729402910005406,0.0,0.0,0.0,0.0,-0.6931471805599453,0.0,0.0,0.0
5.849485002168009,0.2973629040733618,Cc1nc2c(C(F)(F)F)cccc2nc1-c1ccc(-c2ccc(S(C)(=O)=O)cc2)cc1,1.3913274733943812,0.0,0.0,0.0,0.0,0.6931471805599453,0.0,0.6931471805599453,0.0,0.0,0.0,0.0,0.0,0.0,0.0,0.0,0.0,0.6931471805599453,0.0,1.1889155518423267,0.0,0.0,0.0,0.0,0.0,0.6931471805599453,0.0,0.0,0.0,0.0,0.0,0.6931471805599453,0.0,0.0,0.0,-0.6931471805599453,0.0,0.0,-0.6931471805599453,-0.534140286444299,-0.34758356634638055,0.0,0.0,0.11146728366155374,0.0,0.0,0.0,0.0,0.0,0.0,0.5061790837099955,0.0,0.0,0.0,0.0,0.6931471805599453,0.0,-0.6931471805599453,0.0,0.0,0.0,0.0,-0.6931471805599453,-0.6931471805599453,0.0,0.0,0.6931471805599453,0.0,-0.6931471805599453,0.0,0.0,0.0,0.0,-0.6931471805599453,0.0,0.0,0.0,-0.6931471805599453,0.0,0.0,-0.6931471805599453,-0.6931471805599453,0.0,0.0,0.0,0.0,0.0,0.0,-0.6931471805599453,-0.6931471805599453,0.0,0.0,0.0,0.0,0.0,0.0,0.0,0.0,0.0,-0.6931471805599453,0.0,0.0,0.0,0.0,0.0,0.0,0.0,0.0,0.0,0.0,0.0,0.0,0.0,0.0,0.0,0.0,0.0,-0.6931471805599453,0.0,0.6931471805599453,-0.6931471805599453,0.0,0.6931471805599453,0.0,0.0,0.0,0.0,0.0,0.0,0.0,0.0,0.0,0.0,0.0,0.0,0.0,0.0,0.0,0.0,0.0,0.0,0.0,0.0,0.0,0.0,0.0,0.0,0.0,-0.6931471805599453,-0.6931471805599453,0.0,0.0,0.0,-0.6931471805599453,0.0,0.0,0.0,-0.6931471805599453,0.0,0.0,0.0,0.0,0.0,0.0,0.0,0.0,0.0,0.0,0.0,0.0,0.0,-1.5741401303530784,0.0,0.0,0.0,0.0,0.0,0.8729402910005406,0.0,0.0,0.0,0.0,-0.6931471805599453,0.0,0.0,0.0
5.849485002168009,0.2973629040733618,Cc1nc2c(C(F)(F)F)cccc2nc1-c1ccc(-c2ccccc2S(C)(=O)=O)cc1,1.3913274733943812,0.0,0.0,0.0,0.0,0.6931471805599453,0.0,0.6931471805599453,0.0,0.0,0.0,0.0,0.0,0.0,0.0,0.0,0.0,0.6931471805599453,0.0,1.1889155518423267,0.0,0.0,0.0,0.0,0.0,0.6931471805599453,0.0,0.0,0.0,0.0,0.0,0.6931471805599453,0.0,0.0,0.0,-0.6931471805599453,0.0,0.0,-0.6931471805599453,-0.3339678483296356,-0.49397553837287966,0.0,0.0,-0.10306441161555946,0.0,0.0,0.0,0.0,0.0,0.0,-0.4654402527308916,0.0,0.0,0.0,0.0,0.6931471805599453,0.0,-0.6931471805599453,0.0,0.0,0.0,0.0,-0.6931471805599453,-0.6931471805599453,0.0,0.0,0.6931471805599453,0.0,-0.6931471805599453,0.0,0.0,0.0,0.0,-0.6931471805599453,0.0,0.0,0.0,-0.6931471805599453,0.0,0.0,-0.6931471805599453,-0.6931471805599453,0.0,0.0,0.0,0.0,0.0,0.0,0.0,0.0,0.0,0.0,0.0,0.0,0.0,0.0,0.0,0.0,0.0,-0.6931471805599453,0.0,0.0,0.0,0.0,0.0,0.0,0.0,0.6931471805599453,0.0,0.0,0.0,0.0,0.0,0.0,0.0,0.0,0.0,-0.6931471805599453,0.0,0.6931471805599453,-0.6931471805599453,0.0,0.6931471805599453,0.0,0.0,0.0,0.0,0.0,0.0,0.0,0.0,0.0,0.0,0.0,0.0,0.0,0.0,0.0,0.0,0.0,0.0,0.0,0.0,0.0,0.0,0.0,0.0,0.0,-0.6931471805599453,-0.6931471805599453,0.0,0.0,0.0,-0.6931471805599453,0.0,0.0,0.0,-0.6931471805599453,0.0,0.0,0.0,0.0,0.0,0.0,0.0,0.0,0.0,0.0,0.0,0.0,0.0,-1.620139960329746,0.0,0.0,0.0,0.0,0.0,0.6306268235786112,0.0,0.0,0.0,0.0,-0.6931471805599453,0.0,0.0,0.0
5.849485002168009,0.2973629040733618,Cc1nc2c(C(F)(F)F)cccc2nc1-c1cccc(-c2cccc(S(C)(=O)=O)c2)c1,1.3913274733943812,0.0,0.0,0.0,0.0,0.6931471805599453,0.0,0.6931471805599453,0.0,0.0,0.0,0.0,0.0,0.0,0.0,0.0,0.0,0.6931471805599453,0.0,1.1889155518423267,0.0,0.0,0.0,0.0,0.0,0.6931471805599453,0.0,0.0,0.0,0.0,0.0,0.6931471805599453,0.0,0.0,0.0,-0.6931471805599453,0.0,0.0,-0.6931471805599453,-0.149786158943592,-0.414472156460213,0.0,0.0,-0.1520695328276895,0.0,0.0,0.0,0.0,0.0,0.0,0.08258659100927421,0.0,0.0,0.0,0.6931471805599453,0.6931471805599453,0.0,-0.6931471805599453,0.0,0.0,0.0,0.0,-0.6931471805599453,-0.6931471805599453,0.0,0.0,0.6931471805599453,0.0,-0.6931471805599453,0.0,0.0,0.0,0.0,-0.6931471805599453,0.0,0.0,0.0,-0.6931471805599453,0.0,0.0,-0.6931471805599453,-0.6931471805599453,0.0,0.0,0.0,0.0,0.0,0.0,-0.6931471805599453,0.0,0.0,0.0,0.0,0.0,0.0,0.0,0.0,0.0,0.0,-0.6931471805599453,0.0,0.0,0.0,0.0,0.0,0.0,0.0,0.0,0.0,0.0,0.0,0.0,0.0,0.0,0.0,0.0,0.0,-0.6931471805599453,0.0,0.6931471805599453,-0.6931471805599453,0.0,0.6931471805599453,0.0,0.0,0.0,0.0,0.0,0.0,0.0,0.0,0.0,0.0,0.0,0.0,0.0,0.0,0.0,0.0,0.0,0.0,0.0,0.0,0.0,0.0,0.0,0.0,0.0,-0.6931471805599453,-0.6931471805599453,0.0,0.0,0.0,-0.6931471805599453,0.0,0.0,0.0,-0.6931471805599453,0.0,0.0,0.0,0.0,0.0,0.0,0.0,0.0,0.0,0.0,0.0,0.0,0.0,-1.620139960329746,0.0,0.0,0.0,0.0,0.0,0.8729402910005406,0.0,0.0,0.0,0.0,-0.6931471805599453,0.0,0.0,0.0
5.849485002168009,0.2973629040733618,Cc1nc2c(C(F)(F)F)cccc2nc1-c1cccc(-c2ccc(S(C)(=O)=O)cc2)c1,1.3913274733943812,0.0,0.0,0.0,0.0,0.6931471805599453,0.0,0.6931471805599453,0.0,0.0,0.0,0.0,0.0,0.0,0.0,0.0,0.0,0.6931471805599453,0.0,1.1889155518423267,0.0,0.0,0.0,0.0,0.0,0.6931471805599453,0.0,0.0,0.0,0.0,0.0,0.6931471805599453,0.0,0.0,0.0,-0.6931471805599453,0.0,0.0,-0.6931471805599453,-0.2702151645414689,-0.14458822784033937,0.0,0.0,-0.2590822759687469,0.0,0.0,0.0,0.0,0.0,0.0,0.20577504523256576,0.0,0.0,0.0,0.0,0.6931471805599453,0.0,-0.6931471805599453,0.0,0.0,0.0,0.0,-0.6931471805599453,-0.6931471805599453,0.0,0.0,0.6931471805599453,0.0,-0.6931471805599453,0.0,0.0,0.0,0.0,-0.6931471805599453,0.0,0.0,0.0,-0.6931471805599453,0.0,0.0,-0.6931471805599453,-0.6931471805599453,0.0,0.0,0.0,0.0,0.0,0.0,-0.6931471805599453,0.0,0.0,0.0,0.0,0.0,0.0,0.0,0.0,0.0,0.0,-0.6931471805599453,0.0,0.0,0.0,0.0,0.0,0.0,0.0,0.0,0.0,0.0,0.0,0.0,0.0,0.0,0.0,0.0,0.0,-0.6931471805599453,0.0,0.6931471805599453,-0.6931471805599453,0.0,0.6931471805599453,0.0,0.0,0.0,0.0,0.0,0.0,0.0,0.0,0.0,0.0,0.0,0.0,0.0,0.0,0.0,0.0,0.0,0.0,0.0,0.0,-0.6931471805599453,0.0,0.0,0.0,0.0,-0.6931471805599453,-0.6931471805599453,0.0,0.0,0.0,-0.6931471805599453,0.0,0.0,0.0,-0.6931471805599453,0.0,0.0,0.0,0.0,0.0,0.0,0.0,0.0,0.0,0.0,0.0,0.0,0.0,-1.620139960329746,0.0,0.0,0.0,0.0,0.0,0.8729402910005406,0.0,0.0,0.0,0.0,-0.6931471805599453,0.0,0.0,0.0
6.8794260687941495,1.1925144413116917,CCS(=O)(=O)c1cccc(-c2ccc(-c3nc4cccc(C(F)(F)F)c4nc3C)cc2)c1,1.3913274733943812,0.0,0.0,0.0,0.0,0.6931471805599453,0.0,0.6931471805599453,0.0,0.0,0.0,0.0,0.0,0.0,0.0,0.0,0.0,0.6931471805599453,0.0,1.1889155518423267,0.0,0.0,0.0,0.0,0.0,0.6931471805599453,0.0,0.0,0.0,0.0,0.0,0.6931471805599453,0.0,0.0,0.0,-0.6931471805599453,0.0,0.0,-0.6931471805599453,-0.34751169925321,0.010524587276973694,0.0,0.0,-0.017843425925813616,0.0,0.0,0.0,0.0,0.0,0.0,0.3178515028558288,0.0,0.0,0.0,0.6931471805599453,0.6931471805599453,0.0,-0.6931471805599453,0.0,0.0,0.0,0.0,-0.6931471805599453,-0.6931471805599453,0.0,0.0,0.6931471805599453,0.0,-0.6931471805599453,0.0,0.0,0.0,0.0,-0.6931471805599453,0.0,0.0,0.0,-0.6931471805599453,0.0,0.0,-0.6931471805599453,-0.6931471805599453,0.0,0.0,0.0,0.0,0.0,0.0,-0.6931471805599453,0.0,0.0,0.0,0.0,0.0,0.0,0.0,0.0,0.0,0.0,-0.6931471805599453,0.0,0.0,0.0,0.0,0.0,0.0,0.0,0.0,0.0,0.0,0.0,0.0,0.0,0.0,0.0,0.0,0.0,-0.6931471805599453,0.0,0.6931471805599453,-0.6931471805599453,0.0,0.6931471805599453,0.0,0.0,0.0,0.0,0.0,0.0,0.0,0.0,0.0,0.0,0.0,0.0,0.0,0.0,0.0,0.0,0.0,0.0,0.0,0.0,-0.6931471805599453,0.0,0.0,0.0,0.0,-0.6931471805599453,-0.6931471805599453,0.0,0.0,0.0,-0.6931471805599453,0.0,0.0,0.0,-0.6931471805599453,0.0,0.0,0.0,0.0,0.0,0.0,0.0,0.0,0.0,0.0,0.0,0.0,0.0,-1.595467952993902,0.0,0.0,0.0,0.0,0.0,0.6623755218931907,0.0,0.0,0.0,0.0,-0.6931471805599453,0.0,0.0,0.0
7.091514981121351,1.1925144413116917,CNS(=O)(=O)c1cccc(-c2ccc(-c3nc4cccc(C(F)(F)F)c4nc3C)cc2)c1,1.3913274733943812,0.0,0.0,0.0,0.0,0.6931471805599453,0.0,0.6931471805599453,0.0,0.0,0.0,0.0,0.0,0.0,0.0,0.0,0.0,0.6931471805599453,0.0,1.1889155518423267,0.0,0.0,0.0,0.0,0.0,0.6931471805599453,0.0,0.0,0.0,0.0,0.0,0.6931471805599453,0.0,0.0,0.0,-0.6931471805599453,0.0,0.0,-0.6931471805599453,-0.34841566337116664,-0.3433994169554314,0.0,0.0,-0.018808143266481153,0.0,0.0,0.0,0.0,0.0,0.0,0.34635699585375507,0.0,0.0,0.0,0.0,0.6931471805599453,0.0,-0.6931471805599453,0.0,0.0,0.0,0.0,-0.6931471805599453,-0.6931471805599453,0.0,0.0,0.6931471805599453,0.0,-0.6931471805599453,0.0,0.0,0.0,0.0,-0.6931471805599453,0.0,0.0,0.0,-0.6931471805599453,0.0,0.0,-0.6931471805599453,-0.6931471805599453,0.0,0.0,0.0,0.0,0.0,0.0,-0.6931471805599453,0.0,0.0,0.0,0.0,0.0,0.0,0.0,0.0,0.0,0.0,-0.6931471805599453,0.0,0.0,0.0,0.0,0.0,0.0,0.0,0.0,0.0,0.0,0.0,0.0,0.0,0.0,0.0,0.0,0.0,-0.6931471805599453,0.0,0.6931471805599453,-0.6931471805599453,0.0,0.6931471805599453,0.0,0.0,0.0,0.0,0.0,0.0,0.0,0.0,0.0,0.0,0.0,0.0,0.0,0.0,0.0,0.0,0.0,0.0,0.0,0.0,-0.6931471805599453,0.0,0.0,0.0,0.0,-0.6931471805599453,-0.6931471805599453,0.0,0.0,0.0,-0.6931471805599453,0.0,0.0,0.0,-0.6931471805599453,0.0,0.0,0.0,0.0,0.0,0.0,0.0,0.0,0.0,0.0,0.0,0.0,0.0,-1.5123921232846311,0.0,0.0,0.0,0.0,0.0,1.3197335946015512,0.0,0.0,0.0,0.0,-0.6931471805599453,0.0,0.0,0.0
5.849485002168009,0.2973629040733618,CNC(=O)c1cccc(-c2ccc(-c3nc4cccc(C(F)(F)F)c4nc3C)cc2)c1,1.3913274733943812,0.0,0.0,0.0,0.0,0.6931471805599453,0.0,0.6931471805599453,0.0,0.0,0.0,0.0,0.0,0.0,0.0,0.0,0.0,0.6931471805599453,0.0,1.1889155518423267,0.0,0.0,0.0,0.0,0.0,0.6931471805599453,0.0,0.0,0.0,0.0,0.0,0.6931471805599453,0.0,0.0,0.0,-0.6931471805599453,0.0,0.0,-0.6931471805599453,-0.46179788211166345,-0.45257827870327655,0.0,0.0,0.5844021393017063,0.0,0.0,0.0,0.0,0.0,0.0,0.4054651081081646,0.0,0.0,0.0,0.6931471805599453,0.6931471805599453,0.0,-0.6931471805599453,0.0,0.0,0.0,0.0,-0.6931471805599453,-0.6931471805599453,0.0,0.0,0.6931471805599453,0.0,-0.6931471805599453,0.0,0.0,0.0,0.0,-0.6931471805599453,0.0,0.0,0.0,-0.6931471805599453,0.0,0.0,-0.6931471805599453,-0.6931471805599453,0.0,0.0,0.0,0.0,0.0,0.0,-0.6931471805599453,-0.6931471805599453,0.0,0.0,0.0,0.0,0.0,0.0,0.0,0.0,0.0,-0.6931471805599453,0.0,0.0,0.0,0.0,0.0,0.0,0.0,0.0,0.0,0.0,0.0,0.0,0.0,0.0,0.0,0.0,0.0,-0.6931471805599453,0.0,0.6931471805599453,-0.6931471805599453,0.0,0.6931471805599453,0.0,0.0,0.0,0.0,0.0,0.0,0.0,0.0,0.0,0.0,0.0,0.0,0.0,0.0,0.0,0.0,0.0,0.0,0.0,0.0,-0.6931471805599453,0.0,0.0,0.0,0.0,-0.6931471805599453,-0.6931471805599453,0.0,0.0,0.0,-0.6931471805599453,0.0,0.0,0.0,-0.6931471805599453,0.0,0.0,0.0,0.0,0.0,0.0,0.0,0.6931471805599453,0.0,0.0,0.0,0.0,0.0,-1.620139960329746,0.0,0.6931471805599453,0.0,0.0,0.0,1.0088422892393996,0.0,0.0,0.0,0.0,-0.6931471805599453,0.0,0.0,0.0
7.744727494896693,1.1925144413116917,CCc1nc2c(C(F)(F)F)cccc2nc1-c1ccc(-c2cccc(S(C)(=O)=O)c2)cc1,1.3913274733943812,0.0,0.0,0.0,0.0,0.6931471805599453,0.0,0.6931471805599453,0.0,0.0,0.0,0.0,0.0,0.0,0.0,0.0,0.0,0.6931471805599453,0.0,1.1889155518423267,0.0,0.0,0.0,0.0,0.0,0.6931471805599453,0.0,0.0,0.0,0.0,0.0,0.6931471805599453,0.0,0.0,0.0,-0.6931471805599453,0.0,0.0,0.0,-0.29422864728836645,-0.09861716303738051,0.0,0.0,-0.06635442327568494,0.0,0.0,0.0,0.0,0.0,0.0,0.13601175768285478,0.0,0.0,0.0,0.6931471805599453,0.6931471805599453,0.0,-0.6931471805599453,0.0,0.0,0.0,0.0,-0.6931471805599453,0.0,0.0,0.0,0.6931471805599453,0.0,-0.6931471805599453,0.0,0.0,0.0,0.0,-0.6931471805599453,0.0,0.0,0.0,-0.6931471805599453,0.0,0.0,0.0,-0.6931471805599453,0.0,0.0,0.0,0.0,0.0,0.0,-0.6931471805599453,0.0,0.0,0.0,0.0,0.0,0.0,0.0,0.0,0.0,0.0,-0.6931471805599453,0.0,0.0,0.0,0.0,0.0,0.0,0.0,0.0,0.0,0.0,0.0,0.0,0.0,0.0,0.0,0.0,0.0,-0.6931471805599453,0.0,0.6931471805599453,-0.6931471805599453,0.0,0.6931471805599453,0.0,0.0,0.0,0.0,0.0,0.0,0.6931471805599453,0.0,0.0,0.0,0.0,0.0,0.0,0.0,0.0,0.0,0.0,0.0,0.0,0.0,-0.6931471805599453,0.0,0.0,0.0,0.0,-0.6931471805599453,-0.6931471805599453,0.0,0.0,0.0,-0.6931471805599453,0.0,0.0,0.0,-0.6931471805599453,0.0,0.0,0.0,0.0,0.0,0.0,0.0,0.0,0.0,0.0,0.0,0.0,0.0,-0.19856653897828705,0.0,0.0,0.0,0.0,0.0,0.6623755218931907,0.0,0.0,0.0,0.0,-0.6931471805599453,0.0,0.0,0.0
5.849485002168009,0.2973629040733618,CS(=O)(=O)c1cccc(-c2ccc(-c3cnc4c(C(F)(F)F)cccc4n3)cc2)c1,1.3913274733943812,0.0,0.0,0.0,0.0,0.6931471805599453,0.0,0.6931471805599453,0.0,0.0,0.0,0.0,0.0,0.0,0.0,0.0,0.0,0.6931471805599453,0.0,1.1889155518423267,0.0,0.0,0.0,0.0,0.0,0.6931471805599453,0.0,0.0,0.0,0.0,0.0,0.6931471805599453,0.0,0.0,0.0,-0.6931471805599453,0.0,0.0,-0.6931471805599453,-0.3924945935767322,-0.2579157864304459,0.0,0.0,0.16937769523191812,0.0,0.0,0.0,0.0,0.0,0.0,0.3510299015531475,0.0,0.0,0.0,0.6931471805599453,0.6931471805599453,0.0,-0.6931471805599453,0.0,0.0,0.0,0.0,-0.6931471805599453,-0.6931471805599453,0.0,0.0,0.6931471805599453,0.0,-0.6931471805599453,0.0,0.0,0.0,0.0,-0.6931471805599453,0.0,0.0,0.0,-0.6931471805599453,0.0,0.0,-0.6931471805599453,-0.6931471805599453,0.0,0.0,0.0,0.0,0.0,0.0,-0.6931471805599453,0.0,0.0,0.0,0.0,0.0,0.0,0.0,0.0,0.0,0.0,-0.6931471805599453,0.0,0.0,0.0,0.0,0.0,0.0,0.0,0.0,0.0,0.0,0.0,0.0,0.0,0.0,0.0,0.0,0.0,-0.6931471805599453,0.0,0.6931471805599453,-0.6931471805599453,0.0,0.6931471805599453,0.0,0.0,0.0,0.0,0.0,0.0,0.0,0.0,0.0,0.0,0.0,0.0,0.0,0.0,0.0,0.0,0.0,0.0,0.0,0.0,-0.6931471805599453,0.0,0.0,0.0,0.0,-0.6931471805599453,-0.6931471805599453,0.0,0.0,0.0,-0.6931471805599453,0.0,0.0,0.0,-0.6931471805599453,0.0,0.0,0.0,0.0,0.0,0.0,0.0,0.0,0.0,0.0,0.0,0.0,0.0,-1.4995714348555698,0.0,0.0,0.0,0.0,0.0,1.2484245668967693,0.0,0.0,0.0,0.0,-0.6931471805599453,0.0,0.0,0.0
7.468521082957745,1.1925144413116917,Cc1nc2c(Cl)cccc2nc1-c1ccc(-c2cccc(S(C)(=O)=O)c2)cc1,1.3913274733943812,0.0,0.0,0.0,0.0,0.6931471805599453,0.0,0.6931471805599453,0.0,0.0,0.0,0.0,0.0,0.0,0.0,0.0,0.0,0.6931471805599453,0.0,1.1889155518423267,0.0,0.0,0.0,0.0,0.0,0.6931471805599453,0.0,0.0,0.0,0.0,0.0,0.6931471805599453,0.0,0.0,0.0,-0.6931471805599453,0.0,0.0,-0.6931471805599453,-0.5260407192965295,-0.36514571694943077,0.0,0.0,-0.41217730047279816,0.0,0.0,0.0,0.0,0.0,0.0,-0.3130205755861632,0.0,0.0,0.0,0.6931471805599453,0.6931471805599453,0.0,-0.6931471805599453,0.0,0.0,0.0,0.0,-0.6931471805599453,-0.6931471805599453,0.0,0.0,0.6931471805599453,0.0,-0.6931471805599453,0.0,0.0,0.0,0.0,-0.6931471805599453,0.0,0.0,0.0,-0.6931471805599453,0.0,0.0,-0.6931471805599453,-0.6931471805599453,0.0,0.0,0.0,0.0,0.0,0.0,-0.6931471805599453,0.0,0.0,0.0,0.0,0.0,0.0,0.0,0.0,0.0,0.0,-0.6931471805599453,0.0,0.0,0.0,0.0,0.0,0.0,0.0,0.0,0.0,0.0,0.0,0.0,0.0,0.0,0.0,0.0,0.6931471805599453,-0.6931471805599453,0.0,0.6931471805599453,-0.6931471805599453,0.0,0.6931471805599453,0.0,0.0,0.0,0.0,0.0,0.0,0.0,0.0,0.0,0.0,0.0,0.0,0.0,0.0,0.0,0.0,0.0,0.0,0.0,0.0,-0.6931471805599453,0.0,0.0,0.0,0.0,-0.6931471805599453,-0.6931471805599453,0.0,0.0,0.0,-0.6931471805599453,0.0,0.0,0.0,-0.6931471805599453,0.0,0.0,0.0,0.0,0.0,0.0,0.0,0.0,0.0,0.0,0.0,0.0,0.0,0.47072591168956074,0.0,0.6931471805599453,0.0,0.0,0.0,0.9520088144762336,0.0,0.0,0.0,0.0,-0.6931471805599453,0.0,0.0,0.0
6.52432881167557,1.1925144413116917,Cc1nc2c(C#N)cccc2nc1-c1ccc(-c2cccc(S(C)(=O)=O)c2)cc1,1.6335648437148569,0.0,0.0,0.0,0.0,0.6931471805599453,0.0,0.6931471805599453,0.0,0.0,0.0,0.0,0.0,0.0,0.0,0.0,0.0,0.6931471805599453,0.0,1.1889155518423267,0.0,0.0,0.0,0.0,0.0,0.6931471805599453,0.0,0.0,0.0,0.0,0.0,0.6931471805599453,0.0,0.0,0.0,-0.6931471805599453,0.0,0.0,-0.6931471805599453,-0.36632543496299064,-0.12292696133690964,0.0,0.0,-0.1759747032344485,0.0,0.0,0.0,0.0,0.0,0.0,0.3178515028558288,0.0,0.0,0.0,0.6931471805599453,0.6931471805599453,0.0,-0.6931471805599453,0.0,0.0,0.0,0.0,0.0,-0.6931471805599453,0.0,0.0,0.6931471805599453,0.0,-0.6931471805599453,0.0,0.0,0.0,0.0,0.0,0.0,0.0,0.0,0.0,0.0,0.0,-0.6931471805599453,-0.6931471805599453,0.0,0.0,0.0,0.0,0.0,0.0,-0.6931471805599453,0.0,0.0,0.0,0.0,0.0,0.0,0.0,0.0,0.0,0.0,-0.6931471805599453,0.0,0.0,0.0,0.0,0.0,0.0,0.0,0.0,0.0,0.0,0.0,0.0,0.0,0.0,0.0,0.0,0.0,-0.6931471805599453,0.0,0.6931471805599453,0.0,0.0,0.6931471805599453,0.0,0.0,0.0,0.0,0.0,0.0,0.0,0.0,0.0,0.0,0.0,0.0,0.0,0.0,0.0,0.0,0.0,0.0,0.0,0.0,-0.6931471805599453,0.0,0.0,0.0,0.0,-0.6931471805599453,0.0,0.0,0.0,0.0,-0.6931471805599453,0.0,0.0,0.0,-0.6931471805599453,0.0,0.0,0.0,0.0,0.0,0.0,0.0,0.0,0.0,0.0,0.0,0.0,0.0,-0.23578013531872155,0.0,0.0,0.0,0.0,0.0,0.6778797084291561,0.0,0.0,0.0,0.0,-0.6931471805599453,0.0,0.0,0.0
6.403402904373539,1.1925144413116917,COc1cccc2nc(-c3ccc(-c4cccc(S(C)(=O)=O)c4)cc3)c(C)nc12,1.622167674689082,0.0,0.0,0.0,0.0,0.6931471805599453,0.0,0.6931471805599453,0.0,0.0,0.0,0.0,0.0,0.0,0.0,0.0,0.0,0.6931471805599453,0.0,1.1889155518423267,0.0,0.0,0.0,0.0,0.0,0.6931471805599453,0.0,0.0,0.0,0.0,0.0,0.6931471805599453,0.0,0.0,0.0,-0.6931471805599453,0.0,0.0,-0.6931471805599453,-0.43128745204438607,-0.361924890996893,0.0,0.0,-0.10866217868889845,0.0,0.0,0.0,0.0,0.0,0.0,0.2983861680677255,0.0,0.0,0.0,0.6931471805599453,0.6931471805599453,0.0,-0.6931471805599453,0.0,0.0,0.0,0.0,-0.6931471805599453,-0.6931471805599453,0.0,0.0,0.6931471805599453,0.0,-0.6931471805599453,0.0,0.0,0.0,0.0,-0.6931471805599453,0.0,0.0,0.0,-0.6931471805599453,0.0,0.0,-0.6931471805599453,-0.6931471805599453,0.0,0.0,0.0,0.0,0.0,0.0,-0.6931471805599453,0.0,0.0,0.0,0.0,0.0,0.0,0.0,0.0,0.0,0.0,-0.6931471805599453,0.0,0.0,0.0,0.0,0.0,0.0,0.0,0.0,0.0,0.0,0.0,0.0,0.0,0.0,0.0,0.0,0.0,-0.6931471805599453,0.0,0.6931471805599453,0.0,0.0,0.6931471805599453,0.0,0.0,0.0,0.0,0.0,0.0,0.0,0.0,0.0,0.0,0.0,0.0,0.0,0.0,0.0,0.0,0.0,0.0,0.0,0.0,-0.6931471805599453,0.0,0.0,0.0,0.0,-0.6931471805599453,-0.6931471805599453,0.0,0.0,0.0,-0.6931471805599453,0.0,0.0,0.0,-0.6931471805599453,0.0,0.0,0.0,0.0,0.0,0.0,0.0,0.0,0.0,0.0,0.0,0.0,0.0,0.4264382314884444,0.0,0.0,0.0,0.0,0.0,0.8855190732074006,0.0,0.0,0.0,0.0,-0.6931471805599453,0.0,0.0,0.0
5.241088107602026,1.1925144413116917,CC(C)OC(=O)C1=CN(C(=O)c2ccc(OCCCN3CCOCC3)cc2)CC(C)(C)c2c1[nH]c1ccccc21,0.0,0.0,0.0,0.0,0.0,0.6931471805599453,0.0,0.0,0.0,0.0,0.0,0.0,0.0,0.0,0.0,0.0,0.0,0.0,0.0,-0.7169285226860924,0.0,0.0,0.0,0.0,0.0,0.0,0.0,0.0,0.0,-0.6931471805599453,0.0,0.0,0.0,0.0,0.0,-0.6931471805599453,0.0,0.0,-0.6931471805599453,0.20348569614435624,-0.42382203517276557,0.0,0.0,0.30346949158662445,0.0,0.0,0.0,0.0,0.0,0.0,0.5081731023168597,0.0,0.0,0.0,0.6931471805599453,0.0,0.0,0.0,0.6931471805599453,0.0,0.0,0.0,-0.6931471805599453,-0.6931471805599453,0.0,0.0,0.6931471805599453,0.6931471805599453,0.0,0.0,0.0,0.0,0.0,-0.6931471805599453,0.0,0.0,0.0,0.0,0.0,0.0,0.0,-0.6931471805599453,-0.6931471805599453,0.0,0.0,0.0,0.0,0.0,-0.6931471805599453,0.0,0.0,0.0,0.0,0.0,0.0,0.0,0.0,0.0,0.0,-0.6931471805599453,0.0,0.0,0.0,0.0,0.0,0.0,0.0,0.6931471805599453,0.0,0.0,0.0,0.0,0.0,0.0,0.0,0.0,0.0,-0.6931471805599453,0.0,0.6931471805599453,0.0,0.0,0.6931471805599453,0.0,0.0,0.0,0.0,0.0,0.0,0.0,0.0,0.0,0.0,0.0,0.0,0.0,0.0,0.0,0.0,0.0,0.0,0.0,0.0,-0.6931471805599453,0.0,0.0,0.0,0.0,-0.6931471805599453,0.0,0.0,0.0,0.0,0.0,0.0,0.0,0.0,0.0,0.0,0.0,0.0,0.0,0.0,0.0,0.0,0.6931471805599453,0.0,0.0,0.0,0.0,0.0,-0.6181495286322384,0.0,0.6931471805599453,0.0,0.0,0.0,-0.9223330463301169,0.0,0.0,0.0,0.0,-0.6931471805599453,0.0,0.0,0.0
4.372363747448347,0.2973629040733618,CC(C)OC(=O)C1=CN(C(=O)c2ccc(OCCCN3CCOCC3)cc2)CC(C)(C)c2c1[nH]c1cc(F)ccc21,0.0,0.0,0.0,0.0,0.0,0.6931471805599453,0.0,0.0,0.0,0.0,0.0,0.0,0.0,0.0,0.0,0.0,0.0,0.0,0.0,-0.7169285226860924,0.0,0.0,0.0,0.0,0.0,0.0,0.0,0.0,0.0,-0.6931471805599453,0.0,0.0,0.0,0.0,0.0,-0.6931471805599453,0.0,0.0,-0.6931471805599453,0.3527496501518344,0.2850044781784235,0.0,0.0,0.6324332047684889,0.0,0.0,0.0,0.0,0.0,0.0,0.25571972174882285,0.0,0.0,0.0,0.6931471805599453,0.0,0.0,0.0,0.6931471805599453,0.0,0.0,0.0,-0.6931471805599453,-0.6931471805599453,0.0,0.0,0.6931471805599453,0.6931471805599453,0.0,0.0,0.0,0.0,0.0,-0.6931471805599453,0.0,0.0,0.0,0.0,0.0,0.0,0.0,-0.6931471805599453,-0.6931471805599453,0.0,0.0,0.0,0.0,0.0,-0.6931471805599453,0.0,0.0,0.0,0.0,0.0,0.0,0.0,0.0,0.0,0.0,-0.6931471805599453,0.0,0.0,0.0,0.0,0.0,0.0,0.0,0.0,0.0,0.0,0.0,0.0,0.0,0.0,0.0,0.0,0.0,-0.6931471805599453,0.0,0.6931471805599453,0.0,0.0,0.6931471805599453,0.0,0.0,0.0,0.0,0.0,0.0,0.0,0.0,0.0,0.0,0.0,0.0,0.0,0.0,0.0,0.0,0.0,0.0,0.0,0.0,-0.6931471805599453,0.0,0.0,0.0,0.0,0.0,0.0,0.0,0.0,0.0,0.0,0.0,0.0,0.0,0.0,0.0,0.0,0.0,0.0,0.0,0.0,0.0,0.6931471805599453,0.0,0.0,0.0,0.0,0.0,0.799951739790007,0.0,0.6931471805599453,0.0,0.0,0.0,-0.708185057924485,0.0,0.0,0.0,0.0,-0.6931471805599453,0.0,0.0,0.0
4.372363747448347,0.2973629040733618,CC(C)OC(=O)C1=CN(C(=O)c2ccc(OCCN3CCOCC3)cc2)CC(C)(C)c2c1[nH]c1cc(F)ccc21,0.0,0.0,0.0,0.0,0.0,0.6931471805599453,0.0,0.0,0.0,0.0,0.0,0.0,0.0,0.0,0.0,0.0,0.0,0.0,0.0,-0.7169285226860924,0.0,0.0,0.0,0.0,0.0,0.0,0.0,0.0,0.0,-0.6931471805599453,0.0,0.0,0.0,0.0,0.0,-0.6931471805599453,0.0,0.0,-0.6931471805599453,0.5466734741748491,-0.35028827809234475,0.0,0.0,-0.1064562755902793,0.0,0.0,0.0,0.0,0.0,0.0,-0.15035920609099604,0.0,0.0,0.0,0.6931471805599453,0.0,0.0,0.0,0.6931471805599453,0.0,0.0,0.0,-0.6931471805599453,-0.6931471805599453,0.0,0.0,0.6931471805599453,0.6931471805599453,-0.6931471805599453,0.0,0.0,0.0,0.0,-0.6931471805599453,0.0,0.0,0.0,0.0,0.0,0.0,0.0,-0.6931471805599453,-0.6931471805599453,0.0,0.0,0.0,0.0,0.0,-0.6931471805599453,0.0,0.0,0.0,0.0,0.0,0.0,0.0,0.0,0.0,0.0,-0.6931471805599453,0.0,0.0,0.0,0.0,0.0,0.0,0.0,0.0,0.0,0.0,0.0,0.0,0.0,0.0,0.0,0.0,0.0,-0.6931471805599453,0.0,0.6931471805599453,0.0,0.0,0.6931471805599453,0.0,0.0,0.0,0.0,0.0,0.0,0.0,0.0,0.0,0.0,0.0,0.0,0.0,0.0,0.0,0.0,0.0,0.0,0.0,0.0,0.0,0.0,0.0,0.0,0.0,0.0,0.0,0.0,0.0,0.0,-0.6931471805599453,0.0,0.0,0.0,0.0,0.0,0.0,0.0,0.0,0.0,0.0,0.0,0.6931471805599453,0.0,0.0,0.0,0.0,0.0,0.865301619998457,0.0,0.6931471805599453,0.0,0.0,0.0,-0.6225296133459919,0.0,0.0,0.0,0.0,-0.6931471805599453,0.0,0.0,0.0
5.1938200260161125,1.1925144413116917,COCCNc1nc2c(c(=O)n(C)c(=O)n2C)n1Cc1cccc(OC)c1,0.0,0.0,0.0,0.0,0.0,0.0,0.0,0.0,0.0,0.0,0.0,0.0,0.0,0.0,0.0,0.0,0.0,0.6931471805599453,0.0,-1.1290739520359516,0.0,0.0,0.0,0.0,0.0,0.0,0.0,0.0,0.0,-0.6931471805599453,0.0,0.0,0.0,0.0,0.0,-0.6931471805599453,0.0,0.0,-0.6931471805599453,-0.5376983728162604,-0.5370004781028717,0.0,0.0,-0.48373020300112074,0.0,0.0,0.0,0.0,0.0,0.0,0.7144420065305184,0.0,0.0,0.0,0.0,0.6931471805599453,0.0,0.0,0.0,0.0,0.0,0.0,0.0,-0.6931471805599453,0.0,0.0,0.6931471805599453,0.6931471805599453,0.0,0.0,0.0,0.0,0.0,0.0,0.0,0.0,0.0,0.0,0.0,0.0,-0.6931471805599453,0.0,0.0,0.0,0.0,0.0,0.0,0.0,-0.6931471805599453,-0.6931471805599453,0.0,0.0,0.0,0.0,0.0,0.0,0.0,0.0,0.0,0.0,0.0,0.0,0.0,0.0,0.0,0.0,0.0,0.0,0.0,0.0,0.0,0.0,0.0,0.0,0.0,0.0,0.6931471805599453,-0.6931471805599453,0.0,0.0,0.0,0.0,0.6931471805599453,0.0,0.0,0.0,0.0,0.0,0.0,0.0,0.0,0.0,0.0,0.0,0.0,0.0,0.0,0.0,0.0,0.0,0.0,0.0,0.0,0.0,0.0,0.0,0.0,0.0,0.0,0.0,0.0,0.0,0.0,0.0,0.0,0.0,0.0,0.0,0.0,0.0,0.0,0.0,0.0,0.0,0.0,0.0,0.0,0.0,0.0,0.0,0.0,-0.5865013176814559,0.0,0.0,0.0,0.0,0.0,0.2047944126460132,-0.6931471805599453,0.0,0.0,0.0,-0.6931471805599453,0.0,0.0,0.0
4.616184634019569,1.1925144413116917,Cn1c(=O)c2c(nc(NCCO)n2Cc2ccccc2Br)n(C)c1=O,-0.7148462436713207,0.0,0.0,0.0,0.0,0.0,0.0,0.0,0.0,0.0,0.0,0.0,0.0,0.0,0.0,0.0,0.0,0.6931471805599453,0.0,-1.1290739520359516,0.0,0.0,0.0,0.0,0.0,0.0,0.0,0.0,0.0,-0.6931471805599453,0.0,0.0,0.0,0.0,0.0,-0.6931471805599453,0.0,0.0,-0.6931471805599453,-0.5376983728162604,-0.5370004781028717,0.0,0.0,-0.48373020300112074,0.0,0.0,0.0,0.0,0.0,0.0,0.9398520312125528,0.0,0.0,0.0,0.0,0.6931471805599453,0.0,0.0,0.0,0.0,0.0,0.0,0.0,-0.6931471805599453,0.0,0.0,0.6931471805599453,0.6931471805599453,0.0,0.0,0.0,0.0,0.0,0.0,0.0,0.0,0.0,0.0,0.0,0.0,-0.6931471805599453,0.0,0.0,0.0,0.0,0.0,0.0,0.0,-0.6931471805599453,-0.6931471805599453,0.0,0.0,0.0,0.0,0.0,0.0,0.0,0.0,0.0,-0.6931471805599453,0.0,0.0,0.0,0.0,0.0,0.0,0.0,0.6931471805599453,0.0,0.0,0.0,0.0,0.0,0.0,0.0,0.0,0.6931471805599453,-0.6931471805599453,0.0,0.0,-0.6931471805599453,0.0,0.6931471805599453,0.0,0.0,0.0,0.0,0.0,0.0,0.0,0.0,0.0,0.0,0.0,0.0,0.0,0.0,0.0,0.0,0.0,0.0,0.0,0.0,0.0,0.0,0.0,0.0,0.0,0.0,-0.6931471805599453,0.0,0.0,0.0,0.0,0.0,0.0,0.0,0.0,0.0,0.0,0.0,0.0,0.0,0.0,0.0,0.0,0.0,0.0,0.0,0.0,0.0,-0.19856653897828705,0.0,0.0,0.0,0.0,0.0,-1.1284652518177902,-0.6931471805599453,0.0,0.0,0.0,-0.6931471805599453,0.0,0.0,0.0
4.681936665037238,1.1925144413116917,Cn1c(=O)c2c(nc(NCCO)n2Cc2cccc(OC(F)(F)F)c2)n(C)c1=O,0.0,0.0,0.0,0.0,0.0,0.0,0.0,0.0,0.0,0.0,0.0,0.0,0.0,0.0,0.0,0.0,0.0,0.6931471805599453,0.0,-1.1290739520359516,0.0,0.0,0.0,0.0,0.0,0.0,0.0,0.0,0.0,-0.6931471805599453,0.0,0.0,0.0,0.0,0.0,-0.6931471805599453,0.0,0.0,-0.6931471805599453,-0.5376983728162604,-0.5370004781028717,0.0,0.0,-0.48373020300112074,0.0,0.0,0.0,0.0,0.0,0.0,0.49008215666782085,0.0,0.0,0.0,0.0,0.6931471805599453,0.0,0.0,0.0,0.0,0.0,0.0,0.0,-0.6931471805599453,0.0,0.0,0.6931471805599453,0.6931471805599453,0.0,0.0,0.0,0.0,0.0,0.0,0.0,0.0,0.0,0.0,0.0,0.0,-0.6931471805599453,0.0,0.0,0.0,0.0,0.0,0.0,0.0,-0.6931471805599453,-0.6931471805599453,0.0,0.0,0.0,0.0,0.0,0.0,0.0,0.0,0.0,0.0,0.0,0.0,0.0,0.0,0.0,0.0,0.0,0.0,0.0,0.0,0.0,0.0,0.0,0.0,0.0,0.0,0.6931471805599453,-0.6931471805599453,0.0,0.0,0.0,0.0,0.6931471805599453,0.0,0.0,0.0,0.0,0.0,0.0,0.0,0.0,0.0,0.0,0.0,0.0,0.0,0.0,0.0,0.0,0.0,0.0,0.0,0.0,0.0,0.0,0.0,0.0,0.0,0.0,0.0,0.0,0.0,0.0,0.0,0.0,0.0,0.0,0.0,0.0,0.0,0.0,0.0,0.0,0.0,0.0,0.0,0.0,0.0,0.0,0.0,0.0,-1.620139960329746,0.0,0.0,0.0,0.0,0.0,-0.1410785982599055,-0.6931471805599453,0.0,0.0,0.0,-0.6931471805599453,0.0,0.0,0.0
4.97061622231479,1.1925144413116917,Cn1c(=O)c2c(nc(NCCO)n2Cc2cc(F)ccc2F)n(C)c1=O,-0.7148462436713207,0.0,0.0,0.0,0.0,0.0,0.0,0.0,0.0,0.0,0.0,0.0,0.0,0.0,0.0,0.0,0.0,0.6931471805599453,0.0,-1.1290739520359516,0.0,0.0,0.0,0.0,0.0,0.0,0.0,0.0,0.0,-0.6931471805599453,0.0,0.0,0.0,0.0,0.0,-0.6931471805599453,0.0,0.0,-0.6931471805599453,-0.5376983728162604,-0.5370004781028717,0.0,0.0,-0.48373020300112074,0.0,0.0,0.0,0.0,0.0,0.0,0.6085410963715653,0.0,0.0,0.0,0.0,0.6931471805599453,0.0,0.0,0.0,0.0,0.0,0.0,0.0,-0.6931471805599453,0.0,0.0,0.6931471805599453,0.6931471805599453,0.0,0.0,0.0,0.0,0.0,-0.6931471805599453,0.0,0.0,0.0,0.0,0.0,0.0,-0.6931471805599453,0.0,0.0,0.0,0.0,0.0,0.0,0.0,-0.6931471805599453,-0.6931471805599453,0.0,0.0,0.0,0.0,0.0,0.0,0.0,0.0,0.0,-0.6931471805599453,0.0,0.0,0.0,0.0,0.0,0.0,0.0,0.0,0.0,0.0,0.0,0.0,0.0,0.0,0.0,0.0,0.6931471805599453,-0.6931471805599453,0.0,0.0,-0.6931471805599453,0.0,0.6931471805599453,0.0,0.0,0.0,0.0,0.0,0.0,0.0,0.0,0.0,0.0,0.0,0.0,0.0,0.0,0.0,0.0,0.0,0.0,0.0,0.0,0.0,0.0,0.0,0.0,0.0,0.0,-0.6931471805599453,0.0,0.0,0.0,0.0,0.0,0.0,0.0,0.0,0.0,0.0,0.0,0.0,0.0,0.0,0.0,0.0,0.0,0.0,0.0,0.0,0.0,-0.20800057121164678,0.0,0.0,0.0,0.0,0.0,-0.8407831793660092,-0.6931471805599453,0.0,0.0,0.0,-0.6931471805599453,0.0,0.0,0.0
4.555955204081924,1.1925144413116917,Cn1c(=O)c2c(nc(NCCO)n2Cc2ccc(F)cc2)n(C)c1=O,-0.7148462436713207,0.0,0.0,0.0,0.0,0.0,0.0,0.0,0.0,0.0,0.0,0.0,0.0,0.0,0.0,0.0,0.0,0.6931471805599453,0.0,-1.1290739520359516,0.0,0.0,0.0,0.0,0.0,0.0,0.0,0.0,0.0,-0.6931471805599453,0.0,0.0,0.0,0.0,0.0,-0.6931471805599453,0.0,0.0,-0.6931471805599453,-0.5376983728162604,-0.5370004781028717,0.0,0.0,-0.48373020300112074,0.0,0.0,0.0,0.0,0.0,0.0,-0.2297442353455618,0.0,0.0,0.0,0.0,0.6931471805599453,0.0,0.0,0.0,0.0,0.0,0.0,0.0,-0.6931471805599453,0.0,0.0,0.6931471805599453,0.6931471805599453,0.0,0.0,0.0,0.0,0.0,0.0,0.0,0.0,0.0,0.0,0.0,0.0,-0.6931471805599453,0.0,0.0,0.0,0.0,0.0,0.0,0.0,-0.6931471805599453,-0.6931471805599453,0.0,0.0,0.0,0.0,0.0,0.0,0.0,0.0,0.0,0.0,0.0,0.0,0.0,0.0,0.0,0.0,0.0,0.0,0.0,0.0,0.0,0.0,0.0,0.0,0.0,0.0,0.6931471805599453,0.0,0.0,0.0,-0.6931471805599453,0.0,0.6931471805599453,0.0,0.0,0.0,0.0,0.0,0.0,0.0,0.0,0.0,0.0,0.0,0.0,0.0,0.0,0.0,0.0,0.0,0.0,0.0,0.0,0.0,0.0,0.0,0.0,0.0,0.0,-0.6931471805599453,0.0,0.0,0.0,0.0,0.0,0.0,0.0,0.0,0.0,0.0,0.0,0.0,0.0,0.0,0.0,0.0,0.0,0.0,0.0,0.0,0.0,0.15001331356129724,0.0,0.0,0.0,0.0,0.0,-0.8665910633218818,-0.6931471805599453,0.0,0.0,0.0,-0.6931471805599453,0.0,0.0,0.0
5.2441251443275085,1.1925144413116917,Cn1c(=O)c2c(nc(NCCO)n2Cc2cccc(Cl)c2F)n(C)c1=O,-0.7148462436713207,0.0,0.0,0.0,0.0,0.0,0.0,0.0,0.0,0.0,0.0,0.0,0.0,0.0,0.0,0.0,0.0,0.6931471805599453,0.0,-1.1290739520359516,0.0,0.0,0.0,0.0,0.0,0.0,0.0,0.0,0.0,-0.6931471805599453,0.0,0.0,0.0,0.0,0.0,-0.6931471805599453,0.0,0.0,-0.6931471805599453,-0.5376983728162604,-0.5370004781028717,0.0,0.0,-0.48373020300112074,0.0,0.0,0.0,0.0,0.0,0.0,-0.16730876440476936,0.0,0.0,0.0,0.0,0.6931471805599453,0.0,0.0,0.0,0.0,0.0,0.0,0.0,0.0,0.0,0.0,0.6931471805599453,0.6931471805599453,0.0,0.0,0.0,0.0,0.0,0.0,0.0,0.0,0.0,0.0,0.0,0.0,-0.6931471805599453,0.0,0.0,0.0,0.0,0.0,0.0,0.0,-0.6931471805599453,-0.6931471805599453,0.0,0.0,0.0,0.0,0.0,0.0,0.0,0.0,0.0,-0.6931471805599453,0.0,0.0,0.0,0.0,0.0,0.0,0.0,0.0,0.0,0.0,0.0,0.0,0.0,0.0,0.0,0.0,0.6931471805599453,-0.6931471805599453,0.0,0.0,-0.6931471805599453,0.0,0.6931471805599453,0.0,0.0,0.0,0.0,0.0,0.0,0.0,0.0,0.0,0.0,0.0,0.0,0.0,0.0,0.0,0.0,0.0,0.0,0.0,0.0,0.0,0.0,0.0,0.0,0.0,0.0,-0.6931471805599453,0.0,0.0,0.0,0.0,0.0,0.0,0.0,0.0,0.0,0.0,0.0,0.0,0.0,0.0,0.0,0.0,0.0,0.0,0.0,0.0,0.0,-0.6902528225335823,0.0,0.6931471805599453,0.0,0.0,0.0,-1.0307010830518988,-0.6931471805599453,0.0,0.0,0.0,-0.6931471805599453,0.0,0.0,0.0
5.619788758288394,1.1925144413116917,COc1cccc(Cn2c(NCCO)nc3c2c(=O)n(C)c(=O)n3C)c1,0.0,0.0,0.0,0.0,0.0,0.0,0.0,0.0,0.0,0.0,0.0,0.0,0.0,0.0,0.0,0.0,0.0,0.6931471805599453,0.0,-1.1290739520359516,0.0,0.0,0.0,0.0,0.0,0.0,0.0,0.0,0.0,-0.6931471805599453,0.0,0.0,0.0,0.0,0.0,-0.6931471805599453,0.0,0.0,-0.6931471805599453,-0.5376983728162604,-0.5370004781028717,0.0,0.0,-0.48373020300112074,0.0,0.0,0.0,0.0,0.0,0.0,0.694801440655972,0.0,0.0,0.0,0.0,0.6931471805599453,0.0,0.0,0.0,0.0,0.0,0.0,0.0,-0.6931471805599453,0.0,0.0,0.6931471805599453,0.6931471805599453,0.0,0.0,0.0,0.0,0.0,0.0,0.0,0.0,0.0,0.0,0.0,0.0,-0.6931471805599453,0.0,0.0,0.0,0.0,0.0,0.0,0.0,-0.6931471805599453,-0.6931471805599453,0.0,0.0,0.0,0.0,0.0,0.0,0.0,0.0,0.0,0.0,0.0,0.0,0.0,0.0,0.0,0.0,0.0,0.0,0.0,0.0,0.0,0.0,0.0,0.0,0.0,0.0,0.6931471805599453,-0.6931471805599453,0.0,0.0,0.0,0.0,0.6931471805599453,0.0,0.0,0.0,0.0,0.0,0.0,0.0,0.0,0.0,0.0,0.0,0.0,0.0,0.0,0.0,0.0,0.0,0.0,0.0,0.0,0.0,0.0,0.0,0.0,0.0,0.0,0.0,0.0,0.0,0.0,0.0,0.0,0.0,0.0,0.0,0.0,0.0,0.0,0.0,0.0,0.0,0.0,0.0,0.0,0.0,0.0,0.0,0.0,-0.07781702235680672,0.0,0.0,0.0,0.0,0.0,-0.5725191927713306,-0.6931471805599453,0.0,0.0,0.0,-0.6931471805599453,0.0,0.0,0.0
4.585026652029182,1.1925144413116917,Cn1c(=O)c2c(nc(NCCO)n2Cc2ccc(F)cc2F)n(C)c1=O,-0.7148462436713207,0.0,0.0,0.0,0.0,0.0,0.0,0.0,0.0,0.0,0.0,0.0,0.0,0.0,0.0,0.0,0.0,0.6931471805599453,0.0,-1.1290739520359516,0.0,0.0,0.0,0.0,0.0,0.0,0.0,0.0,0.0,-0.6931471805599453,0.0,0.0,0.0,0.0,0.0,-0.6931471805599453,0.0,0.0,-0.6931471805599453,-0.5376983728162604,-0.5370004781028717,0.0,0.0,-0.48373020300112074,0.0,0.0,0.0,0.0,0.0,0.0,0.23499359123170585,0.0,0.0,0.0,0.0,0.6931471805599453,0.0,0.0,0.0,0.0,0.0,0.0,0.0,-0.6931471805599453,0.0,0.0,0.6931471805599453,0.6931471805599453,0.0,0.0,0.0,0.0,0.0,0.0,0.0,0.0,0.0,0.0,0.0,0.0,-0.6931471805599453,0.0,0.0,0.0,0.0,0.0,0.0,0.0,-0.6931471805599453,-0.6931471805599453,0.0,0.0,0.0,0.0,0.0,0.0,0.0,0.0,0.0,-0.6931471805599453,0.0,0.0,0.0,0.0,0.0,0.0,0.0,0.0,0.0,0.0,0.0,0.0,0.0,0.0,0.0,0.0,0.6931471805599453,-0.6931471805599453,0.0,0.0,-0.6931471805599453,0.0,0.6931471805599453,0.0,0.0,0.0,0.0,0.0,0.0,0.0,0.0,0.0,0.0,0.0,0.0,0.0,0.0,0.0,0.0,0.0,0.0,0.0,0.0,0.0,0.0,0.0,0.0,0.0,0.0,-0.6931471805599453,0.0,0.0,0.0,0.0,0.0,0.0,0.0,0.0,0.0,0.0,0.0,0.0,0.0,0.0,0.0,0.0,0.0,0.0,0.0,0.0,0.0,-0.5471519788929081,0.0,0.0,0.0,0.0,0.0,-0.8407831793660092,-0.6931471805599453,0.0,0.0,0.0,-0.6931471805599453,0.0,0.0,0.0
5.107905397309519,1.1925144413116917,Cn1c(=O)c2c(nc(NCCO)n2Cc2ccc(F)c(C(F)(F)F)c2)n(C)c1=O,-0.7148462436713207,0.0,0.0,0.0,0.0,0.0,0.0,0.0,0.0,0.0,0.0,0.0,0.0,0.0,0.0,0.0,0.0,0.6931471805599453,0.0,-1.1290739520359516,0.0,0.0,0.0,0.0,0.0,0.0,0.0,0.0,0.0,-0.6931471805599453,0.0,0.0,0.0,0.0,0.0,-0.6931471805599453,0.0,0.0,-0.6931471805599453,-0.5376983728162604,-0.5370004781028717,0.0,0.0,-0.48373020300112074,0.0,0.0,0.0,0.0,0.0,0.0,-0.7352928020107089,0.0,0.0,0.0,0.0,0.6931471805599453,0.0,0.0,0.0,0.0,0.0,0.0,0.0,-0.6931471805599453,0.0,0.0,0.6931471805599453,0.6931471805599453,0.0,0.0,0.0,0.0,0.0,0.0,0.0,0.0,0.0,0.0,0.0,0.0,-0.6931471805599453,0.0,0.0,0.0,0.0,0.0,0.0,0.0,-0.6931471805599453,-0.6931471805599453,0.0,0.0,0.0,0.0,0.0,0.0,0.0,0.0,0.0,0.0,0.0,0.0,0.0,0.0,0.0,0.0,0.0,0.0,0.0,0.0,0.0,0.0,0.0,0.0,0.0,0.0,0.6931471805599453,0.0,0.0,0.0,-0.6931471805599453,0.0,0.6931471805599453,0.0,0.0,0.0,0.0,0.0,0.0,0.0,0.0,0.0,0.0,0.0,0.0,0.0,0.0,0.0,0.0,0.0,0.0,0.0,0.0,0.0,0.0,0.0,0.0,0.0,0.0,-0.6931471805599453,0.0,0.0,0.0,0.0,0.0,0.0,0.0,0.0,0.0,0.0,0.0,0.0,0.0,0.0,0.0,0.0,0.0,0.0,0.0,0.0,0.0,-0.403536467201759,0.0,0.0,0.0,0.0,0.0,-0.3953127366441464,-0.6931471805599453,0.0,0.0,0.0,-0.6931471805599453,0.0,0.0,0.0
4.728158393463501,1.1925144413116917,COc1ccc(Cn2c(NCCO)nc3c2c(=O)n(C)c(=O)n3C)cc1,0.0,0.0,0.0,0.0,0.0,0.0,0.0,0.0,0.0,0.0,0.0,0.0,0.0,0.0,0.0,0.0,0.0,0.6931471805599453,0.0,-1.1290739520359516,0.0,0.0,0.0,0.0,0.0,0.0,0.0,0.0,0.0,-0.6931471805599453,0.0,0.0,0.0,0.0,0.0,-0.6931471805599453,0.0,0.0,-0.6931471805599453,-0.5376983728162604,-0.5370004781028717,0.0,0.0,-0.48373020300112074,0.0,0.0,0.0,0.0,0.0,0.0,0.3876472647913708,0.0,0.0,0.0,0.0,0.6931471805599453,0.0,0.0,0.0,0.0,0.0,0.0,0.0,-0.6931471805599453,0.0,0.0,0.6931471805599453,0.6931471805599453,0.0,0.0,0.0,0.0,0.0,0.0,0.0,0.0,0.0,0.0,0.0,0.0,-0.6931471805599453,0.0,0.0,0.0,0.0,0.0,0.0,0.0,-0.6931471805599453,-0.6931471805599453,0.0,0.0,0.0,0.0,0.0,0.0,0.0,0.0,0.0,0.0,0.0,0.0,0.0,0.0,0.0,0.0,0.0,0.0,0.0,0.0,0.0,0.0,0.0,0.0,0.0,0.0,0.6931471805599453,0.0,0.0,0.0,-0.6931471805599453,0.0,0.6931471805599453,0.0,0.0,0.0,0.0,0.0,0.0,0.0,0.0,0.0,0.0,0.0,0.0,0.0,0.0,0.0,0.0,0.0,0.0,0.0,0.0,0.0,0.0,0.0,0.0,0.0,0.0,-0.6931471805599453,0.0,0.0,0.0,0.0,0.0,0.0,0.0,0.0,0.0,0.0,0.0,0.0,0.0,0.0,0.0,0.0,0.0,0.0,0.0,0.0,0.0,0.5471519788929081,0.0,0.0,0.0,0.0,0.0,-0.5725191927713306,-0.6931471805599453,0.0,0.0,0.0,-0.6931471805599453,0.0,0.0,0.0
5.4089353929735005,1.1925144413116917,COc1cccc(Cn2c(NC[C@@H](C)O)nc3c2c(=O)n(C)c(=O)n3C)c1,0.0,0.0,0.0,0.0,0.0,0.0,0.0,0.0,0.0,0.0,0.0,0.0,0.0,0.0,0.0,0.0,0.0,0.6931471805599453,0.0,-1.1290739520359516,0.0,0.0,0.0,0.0,0.0,0.0,0.0,0.0,0.0,-0.6931471805599453,0.0,0.0,0.0,0.0,0.0,-0.6931471805599453,0.0,0.0,-0.6931471805599453,-0.5376983728162604,-0.5370004781028717,0.0,0.0,-0.48373020300112074,0.0,0.0,0.0,0.0,0.0,0.0,0.5885222294810732,0.0,0.0,0.0,0.0,0.6931471805599453,0.0,0.0,0.0,0.0,0.0,0.0,0.0,-0.6931471805599453,0.0,0.0,0.6931471805599453,0.6931471805599453,0.0,0.0,0.0,0.0,0.0,0.0,0.0,0.0,0.0,0.0,0.0,0.0,-0.6931471805599453,0.0,0.0,0.0,0.0,0.0,0.0,0.0,-0.6931471805599453,-0.6931471805599453,0.0,0.0,0.0,0.0,0.0,0.0,0.0,0.0,0.0,0.0,0.0,0.0,0.0,0.0,0.0,0.0,0.0,0.0,0.0,0.0,0.0,0.0,0.0,0.0,0.0,0.0,0.6931471805599453,-0.6931471805599453,0.0,0.0,0.0,0.0,0.6931471805599453,0.0,0.0,0.0,0.0,0.0,0.0,0.0,0.0,0.0,0.0,0.0,0.0,0.0,0.0,0.0,0.0,0.0,0.0,0.0,0.0,0.0,0.0,0.0,0.0,0.0,0.0,0.0,0.0,0.0,0.0,0.0,0.0,0.0,0.0,0.0,0.0,0.0,0.0,0.0,0.0,0.0,0.0,0.0,0.0,0.0,0.0,0.0,0.0,-0.4339570639024709,0.0,0.0,0.0,0.0,0.0,-0.4054651081081644,-0.6931471805599453,0.0,0.0,0.0,-0.6931471805599453,0.0,0.0,0.0
4.806875401645539,1.1925144413116917,COc1cccc(Cn2c(NCCCO)nc3c2c(=O)n(C)c(=O)n3C)c1,0.0,0.0,0.0,0.0,0.0,0.0,0.0,0.0,0.0,0.0,0.0,0.0,0.0,0.0,0.0,0.0,0.0,0.6931471805599453,0.0,-1.1290739520359516,0.0,0.0,0.0,0.0,0.0,0.0,0.0,0.0,0.0,-0.6931471805599453,0.0,0.0,0.0,0.0,0.0,-0.6931471805599453,0.0,0.0,-0.6931471805599453,-0.5376983728162604,-0.5370004781028717,0.0,0.0,-0.48373020300112074,0.0,0.0,0.0,0.0,0.0,0.0,0.1331173996564903,0.0,0.0,0.0,0.0,0.6931471805599453,0.0,0.0,0.0,0.0,0.0,0.0,0.0,-0.6931471805599453,0.0,0.0,0.6931471805599453,0.6931471805599453,0.0,0.0,0.0,0.0,0.0,0.0,0.0,0.0,0.0,0.0,0.0,0.0,-0.6931471805599453,0.0,0.0,0.0,0.0,0.0,0.0,0.0,-0.6931471805599453,-0.6931471805599453,0.0,0.0,0.0,0.0,0.0,0.0,0.0,0.0,0.0,0.0,0.0,0.0,0.0,0.0,0.0,0.0,0.0,0.0,0.0,0.0,0.0,0.0,0.0,0.0,0.0,0.0,0.6931471805599453,-0.6931471805599453,0.0,0.0,0.0,0.0,0.6931471805599453,0.0,0.0,0.0,0.0,0.0,0.0,0.0,0.0,0.0,0.0,0.0,0.0,0.0,0.0,0.0,0.0,0.0,0.0,0.0,0.0,0.0,0.0,0.0,0.0,0.0,0.0,0.0,0.0,0.0,0.0,0.0,0.0,0.0,0.0,0.0,0.0,0.0,0.0,0.0,0.0,0.0,0.0,0.0,0.0,0.0,0.0,0.0,0.0,0.20800057121164678,0.0,0.0,0.0,0.0,0.0,-0.708185057924485,-0.6931471805599453,0.0,0.0,0.0,-0.6931471805599453,0.0,0.0,0.0
4.924453038607469,1.1925144413116917,COC(=O)CNc1nc2c(c(=O)n(C)c(=O)n2C)n1Cc1cccc(OC)c1,0.0,0.0,0.0,0.0,0.0,0.6931471805599453,0.0,0.0,0.0,0.0,0.0,0.0,0.0,0.0,0.0,0.0,0.0,0.6931471805599453,0.0,-1.1290739520359516,0.0,0.0,0.0,0.0,0.0,0.0,0.0,0.0,0.0,-0.6931471805599453,0.0,0.0,0.0,0.0,0.0,-0.6931471805599453,0.0,0.0,-0.6931471805599453,-0.5376983728162604,-0.5370004781028717,0.0,0.0,-0.48373020300112074,0.0,0.0,0.0,0.0,0.0,0.0,0.7772570011097412,0.0,0.0,0.0,0.0,0.6931471805599453,0.0,0.0,0.0,0.0,0.0,0.0,0.0,-0.6931471805599453,0.0,0.0,0.6931471805599453,0.6931471805599453,0.0,0.0,0.0,0.0,0.0,0.0,0.0,0.0,0.0,0.0,0.0,0.0,-0.6931471805599453,0.0,0.0,0.0,0.0,0.0,0.0,0.0,-0.6931471805599453,-0.6931471805599453,0.0,0.0,0.0,0.0,0.0,0.0,0.0,0.0,0.0,0.0,0.0,0.0,0.0,0.0,0.0,0.0,0.0,0.0,0.0,0.0,0.0,0.0,0.0,0.0,0.0,0.0,0.6931471805599453,-0.6931471805599453,0.0,0.0,0.0,0.0,0.6931471805599453,0.0,0.0,0.0,0.0,0.0,0.0,0.0,0.0,0.0,0.0,0.0,0.0,0.0,0.0,0.0,0.0,0.0,0.0,0.0,0.0,0.0,0.0,0.0,0.0,0.0,0.0,0.0,0.0,0.0,0.0,0.0,0.0,0.0,0.0,0.0,0.0,0.0,0.0,0.0,0.0,0.0,0.0,0.0,0.0,0.0,0.0,0.0,0.0,-0.5735561530894188,0.0,0.0,0.0,0.0,0.0,0.05884050002293345,-0.6931471805599453,0.0,0.0,0.0,-0.6931471805599453,0.0,0.0,0.0
5.431798275933005,1.1925144413116917,Cn1c(=O)c2c(nc(NCCO)n2Cc2ccccc2)n(C)c1=O,-0.7148462436713207,0.0,0.0,0.0,0.0,0.0,0.0,0.0,0.0,0.0,0.0,0.0,0.0,0.0,0.0,0.0,0.0,0.6931471805599453,0.0,-1.1290739520359516,0.0,0.0,0.0,0.0,0.0,0.0,0.0,0.0,0.0,-0.6931471805599453,0.0,0.0,0.0,0.0,0.0,-0.6931471805599453,0.0,0.0,-0.6931471805599453,-0.5376983728162604,-0.5370004781028717,0.0,0.0,-0.48373020300112074,0.0,0.0,0.0,0.0,0.0,0.0,0.6781343881707602,0.0,0.0,0.0,0.0,0.6931471805599453,0.0,0.0,0.0,0.0,0.0,0.0,0.0,-0.6931471805599453,0.0,0.0,0.6931471805599453,0.6931471805599453,0.0,0.0,0.0,0.0,0.0,0.0,0.0,0.0,0.0,0.0,0.0,0.0,-0.6931471805599453,0.0,0.0,0.0,0.0,0.0,0.0,0.0,-0.6931471805599453,-0.6931471805599453,0.0,0.0,0.0,0.0,0.0,0.0,0.0,0.0,0.0,0.0,0.0,0.0,0.0,0.0,0.0,0.0,0.0,0.6931471805599453,0.0,0.0,0.0,0.0,0.0,0.0,0.0,0.0,0.6931471805599453,-0.6931471805599453,0.0,0.0,-0.6931471805599453,0.0,0.6931471805599453,0.0,0.0,0.0,0.0,0.0,0.0,0.0,0.0,0.0,0.0,0.0,0.0,0.0,0.0,0.0,0.0,0.0,0.0,0.0,0.0,0.0,0.0,0.0,0.0,0.0,0.0,-0.6931471805599453,0.0,0.0,0.0,0.0,0.0,0.0,0.0,0.0,0.0,0.0,0.0,0.0,0.0,0.0,0.0,0.0,0.0,0.0,0.0,0.0,0.0,0.4112288128249155,0.0,0.0,0.0,0.0,0.0,-1.2085079594913268,-0.6931471805599453,0.0,0.0,0.0,-0.6931471805599453,0.0,0.0,0.0
4.6595558851598815,1.1925144413116917,COc1cccc(Cn2c(NCC(N)=O)nc3c2c(=O)n(C)c(=O)n3C)c1,0.0,0.0,0.0,0.0,0.0,0.0,0.0,0.0,0.0,0.0,0.0,0.0,0.0,0.0,0.0,0.0,0.0,0.6931471805599453,0.0,-1.1290739520359516,0.0,0.0,0.0,0.0,0.0,0.0,0.0,0.0,0.0,0.0,0.0,0.0,0.0,0.0,0.0,-0.6931471805599453,0.0,0.0,-0.6931471805599453,-0.5376983728162604,-0.5370004781028717,0.0,0.0,-0.48373020300112074,0.0,0.0,0.0,0.0,0.0,0.0,0.7030319397924877,0.0,0.0,0.0,0.0,0.6931471805599453,0.0,0.0,0.0,0.0,0.0,0.0,0.0,-0.6931471805599453,0.0,0.0,0.6931471805599453,0.6931471805599453,0.0,0.0,0.0,0.0,0.0,0.0,0.0,0.0,0.0,0.0,0.0,0.0,-0.6931471805599453,0.0,0.0,0.0,0.0,0.0,0.0,0.0,-0.6931471805599453,-0.6931471805599453,0.0,0.0,0.0,0.0,0.0,0.0,0.0,0.0,0.0,0.0,0.0,0.0,0.0,0.0,0.0,0.0,0.0,0.0,0.0,0.0,0.0,0.0,0.0,0.0,0.0,0.0,0.6931471805599453,-0.6931471805599453,0.0,0.0,0.0,0.0,0.6931471805599453,0.0,0.0,0.0,0.0,0.0,0.0,0.0,0.0,0.0,0.0,0.0,0.0,0.0,0.0,0.0,0.0,0.0,0.0,0.0,0.0,0.0,0.0,0.0,0.0,0.0,0.0,0.0,0.0,0.0,0.0,0.0,0.0,0.0,0.0,0.0,0.0,0.0,0.0,0.0,0.0,0.0,0.0,0.0,0.0,0.0,0.0,0.0,0.0,-0.24487110701997458,0.0,0.0,0.0,0.0,0.0,-0.4450742462032102,-0.6931471805599453,0.0,0.0,0.0,-0.6931471805599453,0.0,0.0,0.0
4.863279432843593,1.1925144413116917,COc1cccc(Cn2c(NC[C@H](C)O)nc3c2c(=O)n(C)c(=O)n3C)c1,0.0,0.0,0.0,0.0,0.0,0.0,0.0,0.0,0.0,0.0,0.0,0.0,0.0,0.0,0.0,0.0,0.0,0.6931471805599453,0.0,-1.1290739520359516,0.0,0.0,0.0,0.0,0.0,0.0,0.0,0.0,0.0,-0.6931471805599453,0.0,0.0,0.0,0.0,0.0,-0.6931471805599453,0.0,0.0,-0.6931471805599453,-0.5376983728162604,-0.5370004781028717,0.0,0.0,-0.48373020300112074,0.0,0.0,0.0,0.0,0.0,0.0,0.5885222294810732,0.0,0.0,0.0,0.0,0.6931471805599453,0.0,0.0,0.0,0.0,0.0,0.0,0.0,-0.6931471805599453,0.0,0.0,0.6931471805599453,0.6931471805599453,0.0,0.0,0.0,0.0,0.0,0.0,0.0,0.0,0.0,0.0,0.0,0.0,-0.6931471805599453,0.0,0.0,0.0,0.0,0.0,0.0,0.0,-0.6931471805599453,-0.6931471805599453,0.0,0.0,0.0,0.0,0.0,0.0,0.0,0.0,0.0,0.0,0.0,0.0,0.0,0.0,0.0,0.0,0.0,0.0,0.0,0.0,0.0,0.0,0.0,0.0,0.0,0.0,0.6931471805599453,-0.6931471805599453,0.0,0.0,0.0,0.0,0.6931471805599453,0.0,0.0,0.0,0.0,0.0,0.0,0.0,0.0,0.0,0.0,0.0,0.0,0.0,0.0,0.0,0.0,0.0,0.0,0.0,0.0,0.0,0.0,0.0,0.0,0.0,0.0,0.0,0.0,0.0,0.0,0.0,0.0,0.0,0.0,0.0,0.0,0.0,0.0,0.0,0.0,0.0,0.0,0.0,0.0,0.0,0.0,0.0,0.0,-0.4339570639024709,0.0,0.0,0.0,0.0,0.0,-0.4054651081081644,-0.6931471805599453,0.0,0.0,0.0,-0.6931471805599453,0.0,0.0,0.0
4.749579997691106,1.1925144413116917,Cn1c(=O)c2c(nc(NCCO)n2Cc2c(F)cccc2F)n(C)c1=O,-0.7148462436713207,0.0,0.0,0.0,0.0,0.0,0.0,0.0,0.0,0.0,0.0,0.0,0.0,0.0,0.0,0.0,0.0,0.6931471805599453,0.0,-1.1290739520359516,0.0,0.0,0.0,0.0,0.0,0.0,0.0,0.0,0.0,-0.6931471805599453,0.0,0.0,0.0,0.0,0.0,-0.6931471805599453,0.0,0.0,-0.6931471805599453,-0.5376983728162604,-0.5370004781028717,0.0,0.0,-0.48373020300112074,0.0,0.0,0.0,0.0,0.0,0.0,0.7368788451663438,0.0,0.0,0.0,0.0,0.6931471805599453,0.0,0.0,0.0,0.0,0.0,0.0,0.0,-0.6931471805599453,0.0,0.0,0.6931471805599453,0.6931471805599453,0.0,0.0,0.0,0.0,0.0,-0.6931471805599453,0.0,0.0,0.0,0.0,0.0,0.0,-0.6931471805599453,0.0,0.0,0.0,0.0,0.0,0.0,0.0,-0.6931471805599453,-0.6931471805599453,0.0,0.0,0.0,0.0,0.0,0.0,0.0,0.0,0.0,-0.6931471805599453,0.0,0.0,0.0,0.0,0.0,0.0,0.0,0.0,0.0,0.0,0.0,0.0,0.0,0.0,0.0,0.0,0.6931471805599453,-0.6931471805599453,0.0,0.0,-0.6931471805599453,0.0,0.6931471805599453,0.0,0.0,0.0,0.0,0.0,0.0,0.0,0.0,0.0,0.0,0.0,0.0,0.0,0.0,0.0,0.0,0.0,0.0,0.0,0.0,0.0,0.0,0.0,0.0,0.0,0.0,-0.6931471805599453,0.0,0.0,0.0,0.0,0.0,0.0,0.0,-0.6931471805599453,0.0,0.0,0.0,0.0,0.0,0.0,0.0,0.0,0.0,0.0,0.0,0.0,0.0,-0.9081653244302395,0.0,0.0,0.0,0.0,0.0,-1.05736933013406,-0.6931471805599453,0.0,0.0,0.0,-0.6931471805599453,0.0,0.0,0.0
4.718966632752273,1.1925144413116917,Cc1ccccc1Cn1c(NCCO)nc2c1c(=O)n(C)c(=O)n2C,-0.7148462436713207,0.0,0.0,0.0,0.0,0.0,0.0,0.0,0.0,0.0,0.0,0.0,0.0,0.0,0.0,0.0,0.0,0.6931471805599453,0.0,-1.1290739520359516,0.0,0.0,0.0,0.0,0.0,0.0,0.0,0.0,0.0,-0.6931471805599453,0.0,0.0,0.0,0.0,0.0,-0.6931471805599453,0.0,0.0,-0.6931471805599453,-0.5376983728162604,-0.5370004781028717,0.0,0.0,-0.48373020300112074,0.0,0.0,0.0,0.0,0.0,0.0,0.6067376693724145,0.0,0.0,0.0,0.6931471805599453,0.6931471805599453,0.0,0.0,0.0,0.0,0.0,0.0,0.0,-0.6931471805599453,0.0,0.0,0.6931471805599453,0.6931471805599453,0.0,0.0,0.0,0.0,0.0,0.0,0.0,0.0,0.0,0.0,0.0,0.0,-0.6931471805599453,0.0,0.0,0.0,0.0,0.0,0.0,0.0,-0.6931471805599453,-0.6931471805599453,0.0,0.0,0.0,0.0,0.0,0.0,0.0,0.0,0.0,-0.6931471805599453,0.0,0.0,0.0,0.0,0.0,0.0,0.0,0.6931471805599453,0.0,0.0,0.0,0.0,0.0,0.0,0.0,0.0,0.6931471805599453,-0.6931471805599453,0.0,0.0,-0.6931471805599453,0.0,0.6931471805599453,0.0,0.0,0.0,0.0,0.0,0.0,0.0,0.0,0.0,0.0,0.0,0.0,0.0,0.0,0.0,0.0,0.0,0.0,0.0,0.0,0.0,0.0,0.0,0.0,0.0,0.0,-0.6931471805599453,0.0,0.0,0.0,0.0,0.0,0.0,0.0,0.0,0.0,0.0,0.0,0.0,0.0,0.0,0.0,0.0,0.0,0.0,0.0,0.0,0.0,0.8102877491206691,0.0,0.0,0.0,0.0,0.0,-1.23088025724586,-0.6931471805599453,0.0,0.0,0.0,-0.6931471805599453,0.0,0.0,0.0
4.847711655616943,1.1925144413116917,Cn1c(=O)c2c(nc(NCCO)n2Cc2cccc(F)c2)n(C)c1=O,-0.7148462436713207,0.0,0.0,0.0,0.0,0.0,0.0,0.0,0.0,0.0,0.0,0.0,0.0,0.0,0.0,0.0,0.0,0.6931471805599453,0.0,-1.1290739520359516,0.0,0.0,0.0,0.0,0.0,0.0,0.0,0.0,0.0,-0.6931471805599453,0.0,0.0,0.0,0.0,0.0,-0.6931471805599453,0.0,0.0,-0.6931471805599453,-0.5376983728162604,-0.5370004781028717,0.0,0.0,-0.48373020300112074,0.0,0.0,0.0,0.0,0.0,0.0,0.494130745193821,0.0,0.0,0.0,0.0,0.6931471805599453,0.0,0.0,0.0,0.0,0.0,0.0,0.0,-0.6931471805599453,0.0,0.0,0.6931471805599453,0.6931471805599453,0.0,0.0,0.0,0.0,0.0,0.0,0.0,0.0,0.0,0.0,0.0,0.0,-0.6931471805599453,0.0,0.0,0.0,0.0,0.0,0.0,0.0,-0.6931471805599453,-0.6931471805599453,0.0,0.0,0.0,0.0,0.0,0.0,0.0,0.0,0.0,0.0,0.0,0.0,0.0,0.0,0.0,0.0,0.0,0.0,0.0,0.0,0.0,0.0,0.0,0.0,0.0,0.0,0.6931471805599453,-0.6931471805599453,0.0,0.0,-0.6931471805599453,0.0,0.6931471805599453,0.0,0.0,0.0,0.0,0.0,0.0,0.0,0.0,0.0,0.0,0.0,0.0,0.0,0.0,0.0,0.0,0.0,0.0,0.0,0.0,0.0,0.0,0.0,0.0,0.0,0.0,-0.6931471805599453,0.0,0.0,0.0,0.0,0.0,0.0,0.0,0.0,0.0,0.0,0.0,0.0,0.0,0.0,0.0,0.0,0.0,0.0,0.0,0.0,0.0,0.6667913358545844,0.0,0.0,0.0,0.0,0.0,-0.8665910633218818,-0.6931471805599453,0.0,0.0,0.0,-0.6931471805599453,0.0,0.0,0.0
4.7447274948966935,1.1925144413116917,COc1cccc(Cn2c(N[C@@H](C)CO)nc3c2c(=O)n(C)c(=O)n3C)c1,0.0,0.0,0.0,0.0,0.0,0.0,0.0,0.6931471805599453,0.0,0.0,0.0,0.0,0.0,0.0,0.0,0.0,0.0,0.6931471805599453,0.0,-1.1290739520359516,0.0,0.0,0.0,0.0,0.0,0.0,0.0,0.0,0.0,-0.6931471805599453,0.0,0.0,0.0,0.0,0.0,0.0,0.0,0.0,-0.6931471805599453,-0.5376983728162604,-0.5370004781028717,0.0,0.0,-0.48373020300112074,0.0,0.0,0.0,0.0,0.0,0.0,0.6281670608283136,0.0,0.0,0.0,0.0,0.6931471805599453,0.0,-0.6931471805599453,0.0,0.0,0.0,0.0,0.0,-0.6931471805599453,0.0,0.0,0.6931471805599453,0.6931471805599453,-0.6931471805599453,0.0,0.0,0.0,0.0,0.0,0.0,0.0,0.0,0.0,0.0,0.0,-0.6931471805599453,0.0,0.0,0.0,0.0,0.0,0.0,0.0,-0.6931471805599453,0.0,0.0,0.0,0.0,0.0,0.0,0.0,0.0,0.0,0.0,0.0,0.0,0.0,0.0,0.0,0.0,0.0,0.0,0.0,0.0,0.0,0.0,0.0,0.0,0.0,0.0,0.0,0.6931471805599453,-0.6931471805599453,0.0,0.0,0.0,0.0,0.6931471805599453,0.0,0.0,0.0,0.0,0.0,0.0,0.0,0.0,0.0,0.0,0.0,0.0,0.0,0.0,0.0,0.0,0.0,0.0,0.0,0.0,0.0,0.0,0.0,0.0,0.0,0.0,0.0,0.0,0.0,0.0,0.0,0.0,0.0,0.0,0.0,0.0,0.0,0.0,0.0,0.0,0.0,0.0,0.0,0.0,0.0,0.0,0.0,0.0,-0.36416130196692964,0.0,0.0,0.0,0.0,0.0,-0.787079000394148,-0.6931471805599453,0.0,0.0,0.0,-0.6931471805599453,0.0,0.0,0.0
6.886056647693163,1.1925144413116917,O=C(O)c1ccc(COc2cccc(-c3c(C(=O)c4ccccc4)cnc4c(C(F)(F)F)cccc34)c2)cc1,1.1053175093838539,0.0,0.0,0.0,0.0,0.6931471805599453,0.0,0.6931471805599453,0.0,0.0,0.0,0.0,0.0,0.0,0.0,0.0,0.0,0.6931471805599453,0.0,0.04310361744086199,0.0,0.0,0.0,0.0,0.0,0.6931471805599453,0.0,0.0,0.0,0.0,0.0,0.6931471805599453,0.0,0.0,0.0,-0.6931471805599453,0.0,0.0,-0.6931471805599453,-0.2346609882484603,-0.12292696133690964,0.0,0.0,0.15363276407500862,0.0,0.0,0.0,0.0,0.0,0.0,-0.1360117576828545,0.0,0.0,0.0,0.6931471805599453,0.0,0.0,-0.6931471805599453,0.0,0.0,0.0,0.0,-0.6931471805599453,0.0,0.0,0.0,0.6931471805599453,0.6931471805599453,-0.6931471805599453,0.0,0.0,0.0,0.0,0.0,0.0,0.0,0.0,-0.6931471805599453,0.0,0.0,-0.6931471805599453,-0.6931471805599453,0.0,0.0,0.0,0.0,0.0,0.0,-0.6931471805599453,-0.6931471805599453,0.0,0.0,0.0,0.0,0.0,0.0,0.0,0.0,0.0,0.0,0.0,0.0,0.0,0.0,0.0,0.0,0.0,0.6931471805599453,0.0,0.0,0.0,0.0,0.0,-0.6931471805599453,0.0,0.0,0.0,0.0,0.0,0.0,0.0,0.0,0.6931471805599453,0.0,0.0,0.0,0.0,0.0,0.0,0.0,0.0,0.0,0.0,0.0,0.0,0.0,0.0,0.0,0.0,0.0,0.0,0.0,0.0,0.0,0.0,0.0,0.0,0.0,-0.6931471805599453,0.0,0.0,0.0,0.0,0.0,0.0,0.0,0.0,-0.6931471805599453,0.0,0.0,0.0,0.0,0.0,0.0,0.0,0.6931471805599453,0.0,0.0,0.0,0.0,0.0,-1.340462245353909,0.0,0.6931471805599453,0.0,0.0,0.0,0.787079000394148,0.0,0.0,0.0,0.0,-0.6931471805599453,0.0,0.0,0.0
5.849485002168009,0.2973629040733618,COC(=O)c1ccc(COc2cccc(-c3c(C(=O)c4ccccc4)cnc4c(C(F)(F)F)cccc34)c2)cc1,1.1053175093838539,0.0,0.0,0.0,0.0,0.6931471805599453,0.0,0.6931471805599453,0.0,0.0,0.0,0.0,0.0,0.0,0.0,0.0,0.0,0.6931471805599453,0.0,0.04310361744086199,0.0,0.0,0.0,0.0,0.0,0.6931471805599453,0.0,0.0,0.0,0.0,0.0,0.6931471805599453,0.0,0.0,0.0,-0.6931471805599453,0.0,0.0,-0.6931471805599453,-0.007297836794613028,-0.1358404918934487,0.0,0.0,0.011731650234600564,0.0,0.0,0.0,0.0,0.0,0.0,-0.12438371968773536,0.0,0.0,0.0,0.6931471805599453,0.0,0.0,-0.6931471805599453,0.0,0.0,0.0,0.0,-0.6931471805599453,0.0,0.0,0.0,0.6931471805599453,0.6931471805599453,-0.6931471805599453,0.0,0.0,0.0,0.0,0.0,0.0,0.0,0.0,0.0,0.0,0.0,-0.6931471805599453,-0.6931471805599453,0.0,0.0,0.0,0.0,0.0,0.0,-0.6931471805599453,-0.6931471805599453,0.0,0.0,0.0,0.0,0.0,0.0,0.0,0.0,0.0,0.0,0.0,0.0,0.0,0.0,0.0,0.0,0.0,0.6931471805599453,0.0,0.0,0.0,0.0,0.0,-0.6931471805599453,0.0,0.0,0.0,0.0,0.0,0.0,0.0,0.0,0.6931471805599453,0.0,0.0,0.0,0.0,0.0,0.0,0.0,0.0,0.0,0.0,0.0,0.0,0.0,0.0,0.0,0.0,0.0,0.0,0.0,0.0,0.0,0.0,0.0,0.0,0.0,-0.6931471805599453,0.0,0.0,0.0,0.0,0.0,0.0,0.0,0.0,-0.6931471805599453,0.0,0.0,0.0,0.0,0.0,0.0,0.0,0.6931471805599453,0.0,0.0,0.0,0.0,0.0,-1.3282855347786537,0.0,0.6931471805599453,0.0,0.0,0.0,0.975131231897088,0.0,0.0,0.0,0.0,-0.6931471805599453,0.0,0.0,0.0
5.72792621249999,1.1925144413116917,O=C(O)c1cccc(COc2cccc(-c3c(C(=O)c4ccccc4)cnc4c(C(F)(F)F)cccc34)c2)c1,1.1053175093838539,0.0,0.0,0.0,0.0,0.6931471805599453,0.0,0.6931471805599453,0.0,0.0,0.0,0.0,0.0,0.0,0.0,0.0,0.0,0.6931471805599453,0.0,0.04310361744086199,0.0,0.0,0.0,0.0,0.0,0.6931471805599453,0.0,0.0,0.0,0.0,0.0,0.6931471805599453,0.0,0.0,0.0,-0.6931471805599453,0.0,0.0,-0.6931471805599453,-0.41989091147481294,-0.17602405187554584,0.0,0.0,-0.009929869727765864,0.0,0.0,0.0,0.0,0.0,0.0,-0.3416621515495474,0.0,0.0,0.0,0.6931471805599453,0.0,0.0,-0.6931471805599453,0.0,0.0,0.0,0.0,-0.6931471805599453,0.0,0.0,0.0,0.6931471805599453,0.6931471805599453,-0.6931471805599453,0.0,0.0,0.0,0.0,0.0,0.0,0.0,0.0,-0.6931471805599453,0.0,0.0,-0.6931471805599453,-0.6931471805599453,0.0,0.0,0.0,0.0,0.0,0.0,-0.6931471805599453,0.0,0.0,0.0,0.0,0.0,0.0,0.0,0.0,0.0,0.0,0.0,0.0,0.0,0.0,0.0,0.0,0.0,0.0,0.6931471805599453,0.0,0.0,0.0,0.0,0.0,-0.6931471805599453,0.0,0.0,0.0,-0.6931471805599453,0.0,0.0,0.0,0.0,0.6931471805599453,0.0,0.0,0.0,0.0,0.0,0.0,0.0,0.0,0.0,0.0,0.0,0.0,0.0,0.0,0.0,0.0,0.0,0.0,0.0,0.0,-0.6931471805599453,0.0,0.0,0.0,0.0,-0.6931471805599453,0.0,0.0,0.0,0.0,-0.6931471805599453,0.0,0.0,0.0,-0.6931471805599453,0.0,0.0,0.0,0.0,0.0,0.0,0.0,0.6931471805599453,0.0,0.0,0.0,0.0,0.0,-1.1474942001654667,0.0,0.6931471805599453,0.0,0.0,0.0,0.787079000394148,0.0,0.0,0.0,0.0,-0.6931471805599453,0.0,0.0,0.0
7.327902142064282,1.1925144413116917,O=C(O)Cc1ccc(NCc2cccc(-c3c(Cc4ccccc4)cnc4c(C(F)(F)F)cccc34)c2)cc1,0.6812318738309034,0.0,0.0,0.0,0.0,0.6931471805599453,0.0,0.6931471805599453,0.0,0.0,0.0,0.0,0.0,0.0,0.0,0.0,0.0,0.0,0.0,0.04310361744086199,0.0,0.0,0.0,0.0,0.0,0.6931471805599453,0.0,0.0,0.0,0.0,0.0,0.6931471805599453,0.0,0.0,0.0,0.0,0.0,0.0,-0.6931471805599453,-0.16170017585561394,0.3154125107727533,0.0,0.0,-0.021696723749466656,0.0,0.0,0.0,0.0,0.0,0.0,-0.4423056773292347,0.0,0.0,0.0,0.6931471805599453,0.0,0.0,-0.6931471805599453,0.6931471805599453,0.0,0.0,0.0,-0.6931471805599453,0.0,0.0,0.0,0.6931471805599453,0.6931471805599453,-0.6931471805599453,0.0,0.0,0.0,0.0,0.0,0.0,0.0,0.0,-0.6931471805599453,0.0,0.0,-0.6931471805599453,-0.6931471805599453,0.0,0.0,0.0,0.0,0.0,0.0,-0.6931471805599453,-0.6931471805599453,0.0,0.0,0.0,0.0,0.0,0.0,0.0,0.0,0.0,0.0,0.0,0.0,0.0,0.0,0.0,0.0,0.0,0.6931471805599453,0.0,0.0,0.0,0.0,0.0,-0.6931471805599453,0.0,0.0,0.0,0.0,0.0,0.0,-0.6931471805599453,0.0,0.6931471805599453,0.0,0.0,0.0,0.0,0.0,0.0,0.0,0.0,0.0,0.0,0.0,0.0,0.0,0.0,0.0,0.0,0.0,0.0,0.0,0.0,0.0,0.0,0.0,0.0,0.0,-0.6931471805599453,-0.6931471805599453,0.0,0.0,0.0,-0.6931471805599453,0.0,0.0,0.0,-0.6931471805599453,0.0,0.0,0.0,0.0,0.0,0.0,0.0,0.6931471805599453,0.0,0.0,0.0,0.0,0.0,-1.364379678414498,0.0,0.6931471805599453,0.0,0.0,0.0,0.6623755218931907,0.0,0.0,0.0,0.0,-0.6931471805599453,0.0,0.0,0.0
6.140861702705469,1.1925144413116917,O=C(O)c1ccc(COc2ccc(-c3c(C(=O)c4ccccc4)cnc4c(C(F)(F)F)cccc34)cc2)cc1,1.1053175093838539,0.0,0.0,0.0,0.0,0.6931471805599453,0.0,0.6931471805599453,0.0,0.0,0.0,0.0,0.0,0.0,0.0,0.0,0.0,0.6931471805599453,0.0,0.04310361744086199,0.0,0.0,0.0,0.0,0.0,0.6931471805599453,0.0,0.0,0.0,0.0,0.0,0.6931471805599453,0.0,0.0,0.0,-0.6931471805599453,0.0,0.0,-0.6931471805599453,-0.3850095363227475,-0.273227377483135,0.0,0.0,0.5860439419719076,0.0,0.0,0.0,0.0,0.0,0.0,-0.15035920609099604,0.0,0.0,0.0,0.6931471805599453,0.0,0.0,-0.6931471805599453,0.0,0.0,0.0,0.0,-0.6931471805599453,0.0,0.0,0.0,0.6931471805599453,0.6931471805599453,-0.6931471805599453,0.0,0.0,0.0,0.0,0.0,0.0,0.0,0.0,-0.6931471805599453,0.0,0.0,-0.6931471805599453,-0.6931471805599453,0.0,0.0,0.0,0.0,0.0,0.0,-0.6931471805599453,0.0,0.0,0.0,0.0,0.0,0.0,0.0,0.0,0.0,0.0,0.0,0.0,0.0,0.0,0.0,0.0,0.0,0.0,0.6931471805599453,0.0,0.0,0.0,0.0,0.0,-0.6931471805599453,0.0,0.0,0.0,0.0,0.0,0.0,0.0,0.0,0.6931471805599453,0.0,0.0,0.0,0.0,0.0,0.0,0.0,0.0,0.0,0.0,0.0,0.0,0.0,0.0,0.0,0.0,0.0,0.0,0.0,0.0,0.0,0.0,0.0,0.0,0.0,-0.6931471805599453,0.0,0.0,0.0,0.0,0.0,0.0,0.0,0.0,-0.6931471805599453,0.0,0.0,0.0,0.0,0.0,0.0,0.0,0.6931471805599453,0.0,0.0,0.0,0.0,0.0,-0.8987975744266393,0.0,0.6931471805599453,0.0,0.0,0.0,0.787079000394148,0.0,0.0,0.0,0.0,-0.6931471805599453,0.0,0.0,0.0
6.562249437179612,1.1925144413116917,CN(Cc1ccc(CC(=O)O)cc1)c1cccc(-c2c(Cc3ccccc3)cnc3c(C(F)(F)F)cccc23)c1,0.6812318738309034,0.0,0.0,0.0,0.0,0.6931471805599453,0.0,0.6931471805599453,0.0,0.0,0.0,0.0,0.0,0.0,0.0,0.0,0.0,0.0,0.0,0.04310361744086199,0.0,0.0,0.0,0.0,0.0,0.6931471805599453,0.0,0.0,0.0,0.0,0.0,0.6931471805599453,0.0,0.0,0.0,0.0,0.0,0.0,-0.6931471805599453,0.07314539452300477,-0.41246474090266055,0.0,0.0,-0.15501899851779455,0.0,0.0,0.0,0.0,0.0,0.0,-0.4444310766415482,0.0,0.0,0.0,0.6931471805599453,0.0,0.0,-0.6931471805599453,0.6931471805599453,0.0,0.0,0.0,-0.6931471805599453,0.0,0.0,0.0,0.6931471805599453,0.6931471805599453,-0.6931471805599453,0.0,0.0,0.0,0.0,0.0,0.0,0.0,0.0,0.0,0.0,0.0,-0.6931471805599453,-0.6931471805599453,0.0,0.0,0.0,0.0,0.0,0.0,-0.6931471805599453,-0.6931471805599453,0.0,0.0,0.0,0.0,0.0,0.0,0.0,0.0,0.0,0.0,0.0,0.0,0.0,0.0,0.0,0.0,0.0,0.6931471805599453,0.0,0.0,0.0,0.0,0.0,-0.6931471805599453,0.0,0.0,0.0,0.0,0.0,0.0,-0.6931471805599453,0.0,0.6931471805599453,0.0,0.0,0.0,0.0,0.0,0.0,0.0,0.0,0.0,0.0,0.0,0.0,0.0,0.0,0.0,0.0,0.0,0.0,0.0,0.0,0.0,0.0,0.0,0.0,0.0,-0.6931471805599453,-0.6931471805599453,0.0,0.0,0.0,-0.6931471805599453,0.0,0.0,0.0,-0.6931471805599453,0.0,0.0,0.0,0.0,0.0,0.0,0.0,0.6931471805599453,0.0,0.0,0.0,0.0,0.0,-1.3494984514178465,0.0,0.6931471805599453,0.0,0.0,0.0,-0.3850562364769573,0.0,0.0,0.0,0.0,-0.6931471805599453,0.0,0.0,0.0
7.782516055786093,1.1925144413116917,O=C(O)Cc1ccc(COc2cccc(-c3c(C(=O)c4ccccc4)cnc4c(C(F)(F)F)cccc34)c2)cc1,1.1053175093838539,0.0,0.0,0.0,0.0,0.6931471805599453,0.0,0.6931471805599453,0.0,0.0,0.0,0.0,0.0,0.0,0.0,0.0,0.0,0.6931471805599453,0.0,0.04310361744086199,0.0,0.0,0.0,0.0,0.0,0.6931471805599453,0.0,0.0,0.0,0.0,0.0,0.6931471805599453,0.0,0.0,0.0,-0.6931471805599453,0.0,0.0,-0.6931471805599453,0.49730588357055394,-0.08006269634355198,0.0,0.0,0.16522173639558047,0.0,0.0,0.0,0.0,0.0,0.0,-0.12438371968773536,0.0,0.0,0.0,0.6931471805599453,0.0,0.0,-0.6931471805599453,0.0,0.0,0.0,0.0,-0.6931471805599453,0.0,0.0,0.0,0.6931471805599453,0.6931471805599453,-0.6931471805599453,0.0,0.0,0.0,0.0,0.0,0.0,0.0,0.0,-0.6931471805599453,0.0,0.0,-0.6931471805599453,-0.6931471805599453,0.0,0.0,0.0,0.0,0.0,0.0,-0.6931471805599453,-0.6931471805599453,0.0,0.0,0.0,0.0,0.0,0.0,0.0,0.0,0.0,0.0,0.0,0.0,0.0,0.0,0.0,0.0,0.0,0.6931471805599453,0.0,0.0,0.0,0.0,0.0,-0.6931471805599453,0.0,0.0,0.0,0.0,0.0,0.0,0.0,0.0,0.6931471805599453,0.0,0.0,0.0,0.0,0.0,0.0,0.0,0.0,0.0,0.0,0.0,0.0,0.0,0.0,0.0,0.0,0.0,0.0,0.0,0.0,0.0,0.0,0.0,0.0,0.0,-0.6931471805599453,0.0,0.0,0.0,0.0,-0.6931471805599453,0.0,0.0,0.0,-0.6931471805599453,0.0,0.0,0.0,0.0,0.0,0.0,0.0,0.6931471805599453,0.0,0.0,0.0,0.0,0.0,-0.9220544365909066,0.0,0.6931471805599453,0.0,0.0,0.0,0.5810298824392391,0.0,0.0,0.0,0.0,-0.6931471805599453,0.0,0.0,0.0
6.585026652029182,1.1925144413116917,O=C(c1ccccc1)c1cnc2c(C(F)(F)F)cccc2c1-c1ccccc1,0.6812318738309034,0.0,0.0,0.0,0.0,0.6931471805599453,0.0,0.6931471805599453,0.0,0.0,0.0,0.0,0.0,0.0,0.0,0.0,0.0,0.0,0.0,0.04310361744086199,0.0,0.0,0.0,0.0,0.0,0.6931471805599453,0.0,0.0,0.0,0.0,0.0,0.6931471805599453,0.0,0.0,0.0,-0.6931471805599453,0.0,0.0,-0.6931471805599453,-0.5376983728162604,-0.5370004781028717,0.0,0.0,-0.48373020300112074,0.0,0.0,0.0,0.0,0.0,0.0,-0.18121719445090137,0.0,0.0,0.0,0.6931471805599453,0.0,0.0,-0.6931471805599453,0.0,0.0,0.0,0.0,-0.6931471805599453,-0.6931471805599453,0.0,0.0,0.6931471805599453,0.6931471805599453,-0.6931471805599453,0.0,0.0,0.0,0.0,-0.6931471805599453,0.0,0.0,0.0,-0.6931471805599453,0.0,0.0,-0.6931471805599453,-0.6931471805599453,0.0,0.0,0.0,0.0,0.0,0.0,-0.6931471805599453,-0.6931471805599453,0.0,0.0,0.0,0.0,0.0,0.0,0.0,0.0,0.0,-0.6931471805599453,0.0,0.0,0.0,0.0,0.0,0.0,0.0,0.6931471805599453,0.0,0.0,0.0,0.0,0.0,-0.6931471805599453,0.0,0.0,0.0,-0.6931471805599453,0.0,0.0,-0.6931471805599453,0.0,0.6931471805599453,0.0,0.0,0.0,0.0,0.0,0.0,0.0,0.0,0.0,0.0,0.0,0.0,0.0,0.0,0.0,0.0,0.0,0.0,0.0,0.0,-0.6931471805599453,0.0,0.0,0.0,0.0,-0.6931471805599453,-0.6931471805599453,0.0,0.0,0.0,-0.6931471805599453,0.0,0.0,0.0,-0.6931471805599453,0.0,0.0,0.0,0.0,0.0,0.0,0.0,0.6931471805599453,0.0,0.0,0.0,0.0,0.0,0.4779201873235871,0.0,0.6931471805599453,0.0,0.0,0.0,0.8342257788198502,0.0,0.0,0.0,0.0,-0.6931471805599453,0.0,0.0,0.0
5.795880017344075,1.1925144413116917,CC(=O)N[C@H](C(=O)N[C@H](C(=O)N[C@@H](Cc1ccccc1)C(=O)N[C@H](C(=O)N[C@@H](CO)C(=O)N[C@@H](Cc1c[nH]c2ccccc12)C(=O)N[C@@H](CCC(=O)O)C(=O)N[C@@H](CCC(=O)O)C(=O)N[C@@H](Cc1ccc(O)cc1)C(=O)N[C@@H](CC(C)C)C(=O)N[C@@H](CC(=O)O)C(=O)N[C@@H](Cc1c[nH]c2ccccc12)C(=O)N[C@H](C(=O)N[C@@H](CCCCN)C(=O)N[C@@H](CCCCN)C(=O)N[C@@H](CCCCN)C(N)=O)C(C)C)[C@@H](C)O)C(C)C)[C@@H](C)O,0.0,0.0,0.0,0.0,0.0,0.0,0.0,0.0,0.0,0.0,0.0,0.0,0.0,0.0,0.0,0.0,0.0,0.0,0.0,0.0,0.0,0.0,0.0,0.0,0.0,0.0,0.0,0.0,0.0,-0.6931471805599453,0.0,0.0,0.0,0.0,0.0,0.0,0.0,0.0,0.0,-0.103284415829272,-0.11409803753512811,0.0,0.0,0.0,0.0,0.0,0.0,0.0,0.0,0.0,0.3081661971213651,0.0,0.0,0.0,0.0,0.0,0.0,-0.6931471805599453,0.0,0.0,0.0,0.0,0.0,0.0,0.0,0.0,0.6931471805599453,0.0,0.0,0.0,0.0,0.0,0.0,0.0,0.0,0.0,0.0,0.0,0.0,0.0,0.0,0.0,0.0,0.0,0.0,0.0,0.0,0.0,0.0,0.0,0.0,0.0,0.0,0.0,0.0,0.0,0.0,0.0,0.0,0.0,0.0,0.0,0.0,0.0,0.0,0.0,0.0,0.6931471805599453,0.0,0.0,0.0,0.0,0.0,0.0,0.0,0.0,0.0,0.0,0.0,0.0,0.0,0.0,0.0,0.0,0.0,0.0,0.0,0.0,0.0,0.6931471805599453,0.0,0.0,0.0,0.0,0.0,0.0,0.0,0.0,0.0,0.0,0.0,0.0,0.0,0.0,0.0,0.0,0.0,0.0,0.0,0.0,0.0,0.0,0.0,0.0,0.0,0.0,0.0,0.0,0.0,0.0,0.0,0.0,0.0,0.0,0.0,0.0,0.0,0.0,0.0,0.0,0.0,0.2977468590679224,0.0,0.0,0.0,0.0,0.0,-0.1410785982599055,0.0,0.0,0.0,0.0,0.0,0.0,0.0,0.0
6.372634143407268,1.1925144413116917,CC(=O)N[C@H](C(=O)N[C@H](C(=O)N[C@@H](Cc1ccccc1)C(=O)N[C@H](C(=O)N[C@@H](CO)C(=O)N[C@@H](Cc1c[nH]c2ccccc12)C(=O)N[C@@H](CCC(=O)O)C(=O)N[C@@H](CCC(=O)O)C(=O)N[C@@H](Cc1ccc(O)cc1)C(=O)N[C@@H](CC(C)C)C(=O)N[C@@H](CC(=O)O)C(=O)N[C@@H](Cc1c[nH]c2ccccc12)C(=O)N[C@H](C(=O)N[C@@H](CCCCN)C(=O)N[C@@H](CCCCN)C(=O)N[C@@H](CCCCN)C(=O)N[C@@H](CCCCN)C(=O)N[C@@H](CCCCN)C(=O)N[C@@H](CCCCN)C(N)=O)C(C)C)[C@@H](C)O)C(C)C)[C@@H](C)O,0.0,0.0,0.0,0.0,0.0,0.0,0.0,0.0,0.0,0.0,0.0,0.0,0.0,0.0,0.0,0.0,0.0,0.0,0.0,0.0,0.0,0.0,0.0,0.0,0.0,0.0,0.0,0.0,0.0,-0.6931471805599453,0.0,0.0,0.0,0.0,0.0,0.0,0.0,0.0,0.0,-0.103284415829272,-0.11409803753512811,0.0,0.0,0.0,0.0,0.0,0.0,0.0,0.0,0.0,0.3533581913127387,0.0,0.0,0.0,0.0,0.0,0.0,-0.6931471805599453,0.0,0.0,0.0,0.0,0.0,0.0,0.0,0.0,0.6931471805599453,0.0,0.0,0.0,0.0,0.0,0.0,0.0,0.0,0.0,0.0,0.0,0.0,0.0,0.0,0.0,0.0,0.0,0.0,0.0,0.0,0.0,0.0,0.0,0.0,0.0,0.0,0.0,0.0,0.0,0.0,0.0,0.0,0.0,0.0,0.0,0.0,0.0,0.0,0.0,0.0,0.6931471805599453,0.0,0.0,0.0,0.0,0.0,0.0,0.0,0.0,0.0,0.0,0.0,0.0,0.0,0.0,0.0,0.0,0.0,0.0,0.0,0.0,0.0,0.6931471805599453,0.0,0.0,0.0,0.0,0.0,0.0,0.0,0.0,0.0,0.0,0.0,0.0,0.0,0.0,0.0,0.0,0.0,0.0,0.0,0.0,0.0,0.0,0.0,0.0,0.0,0.0,0.0,0.0,0.0,0.0,0.0,0.0,0.0,0.0,0.0,0.0,0.0,0.0,0.0,0.0,0.0,0.403536467201759,0.0,0.0,0.0,0.0,0.0,-0.3953127366441464,0.0,0.0,0.0,0.0,0.0,0.0,0.0,0.0
6.695294101787235,1.1925144413116917,Fc1ccc2[nH]c(Cc3c[nH]c4c(F)cccc34)cc2c1,-0.7148462436713207,0.0,0.0,0.0,0.0,0.0,0.0,0.0,0.0,0.0,0.0,0.0,0.0,0.0,0.0,0.0,0.0,0.0,0.0,0.0,0.0,0.0,0.0,0.0,0.0,0.0,0.0,0.0,0.0,-0.6931471805599453,0.0,0.0,0.0,0.0,0.0,-0.6931471805599453,0.0,0.0,-0.6931471805599453,-0.5376983728162604,-0.5370004781028717,0.0,0.0,-0.48373020300112074,0.0,0.0,0.0,0.0,0.0,0.0,-0.4591837151165864,0.0,0.0,0.0,0.0,0.0,0.0,-0.6931471805599453,0.0,0.0,0.0,0.0,-0.6931471805599453,0.0,0.0,0.0,0.0,0.6931471805599453,-0.6931471805599453,0.0,0.0,0.0,0.0,-0.6931471805599453,0.0,0.0,0.0,0.0,0.0,0.0,-0.6931471805599453,-0.6931471805599453,-0.6931471805599453,0.0,0.0,0.0,0.0,0.0,-0.6931471805599453,-0.6931471805599453,0.0,0.0,0.0,0.0,0.0,0.0,0.0,0.0,0.0,-0.6931471805599453,0.0,0.0,0.0,0.0,0.0,0.0,0.0,0.0,0.0,0.0,0.0,0.0,0.0,-0.6931471805599453,0.0,0.0,0.6931471805599453,-0.6931471805599453,0.0,0.0,-0.6931471805599453,0.0,0.0,0.0,0.0,0.0,0.0,0.0,0.0,0.0,0.0,0.0,0.0,0.0,0.0,0.0,0.0,0.0,0.0,0.0,0.0,0.0,0.0,-0.6931471805599453,0.0,0.0,0.0,0.0,0.0,-0.6931471805599453,0.0,0.0,0.0,-0.6931471805599453,0.0,0.0,0.0,-0.6931471805599453,0.0,0.0,0.0,0.0,0.0,0.0,0.0,0.0,0.0,0.0,0.0,0.0,0.0,-1.595467952993902,0.0,0.6931471805599453,0.0,0.0,0.0,0.9461436950238356,0.0,0.0,0.0,0.0,-0.6931471805599453,0.0,0.0,0.0
5.0,1.1925144413116917,Clc1ccc2[nH]cc(Cc3cc4ccccc4[nH]3)c2c1,-0.7148462436713207,0.0,0.0,0.0,0.0,0.0,0.0,0.0,0.0,0.0,0.0,0.0,0.0,0.0,0.0,0.0,0.0,0.0,0.0,0.0,0.0,0.0,0.0,0.0,0.0,0.0,0.0,0.0,0.0,-0.6931471805599453,0.0,0.0,0.0,0.0,0.0,-0.6931471805599453,0.0,0.0,-0.6931471805599453,-0.5376983728162604,-0.5370004781028717,0.0,0.0,-0.48373020300112074,0.0,0.0,0.0,0.0,0.0,0.0,-0.6299322863528828,0.0,0.0,0.0,0.0,0.0,0.0,-0.6931471805599453,0.0,0.0,0.0,0.0,-0.6931471805599453,0.0,0.0,0.0,0.0,0.6931471805599453,-0.6931471805599453,0.0,0.0,0.0,0.0,-0.6931471805599453,0.0,0.0,0.0,-0.6931471805599453,0.0,0.0,-0.6931471805599453,-0.6931471805599453,-0.6931471805599453,0.0,0.0,0.0,0.0,0.0,-0.6931471805599453,-0.6931471805599453,0.0,0.0,0.0,0.0,0.0,0.0,0.0,0.0,0.0,-0.6931471805599453,0.0,0.0,0.0,0.0,0.0,0.0,0.0,0.6931471805599453,0.0,0.0,0.0,0.0,0.0,-0.6931471805599453,0.0,0.0,0.6931471805599453,-0.6931471805599453,0.0,0.0,-0.6931471805599453,0.0,0.0,0.0,0.0,0.0,0.0,0.0,0.0,0.0,0.0,0.0,0.0,0.0,0.0,0.0,0.0,0.0,0.0,0.0,0.0,0.0,0.0,-0.6931471805599453,0.0,0.0,0.0,0.0,-0.6931471805599453,-0.6931471805599453,0.0,0.0,0.0,-0.6931471805599453,0.0,0.0,0.0,-0.6931471805599453,0.0,0.0,0.0,0.0,0.0,0.0,0.0,0.0,0.0,0.0,0.0,0.0,0.0,-1.5300693512684973,0.0,0.6931471805599453,0.0,0.0,0.0,1.6268413956668093,0.0,0.0,0.0,0.0,-0.6931471805599453,0.0,0.0,0.0
5.853871964321762,1.1925144413116917,Cc1ccc2c(Cc3cc4ccccc4[nH]3)c[nH]c2c1,-0.7148462436713207,0.0,0.0,0.0,0.0,0.0,0.0,0.0,0.0,0.0,0.0,0.0,0.0,0.0,0.0,0.0,0.0,0.0,0.0,0.0,0.0,0.0,0.0,0.0,0.0,0.0,0.0,0.0,0.0,-0.6931471805599453,0.0,0.0,0.0,0.0,0.0,-0.6931471805599453,0.0,0.0,-0.6931471805599453,-0.5376983728162604,-0.5370004781028717,0.0,0.0,-0.48373020300112074,0.0,0.0,0.0,0.0,0.0,0.0,0.744771545965253,0.0,0.0,0.0,0.0,0.0,0.0,-0.6931471805599453,0.0,0.0,0.0,0.0,-0.6931471805599453,0.0,0.0,0.0,0.0,0.6931471805599453,-0.6931471805599453,0.0,0.0,0.0,0.0,-0.6931471805599453,0.0,0.0,0.0,-0.6931471805599453,0.0,0.0,-0.6931471805599453,-0.6931471805599453,-0.6931471805599453,0.0,0.0,0.0,0.0,0.0,-0.6931471805599453,-0.6931471805599453,0.0,0.0,0.0,0.0,0.0,0.0,0.0,0.0,0.0,-0.6931471805599453,0.0,0.0,0.0,0.0,0.0,0.0,0.0,0.6931471805599453,0.0,0.0,0.0,0.0,0.0,-0.6931471805599453,0.0,0.0,0.6931471805599453,-0.6931471805599453,0.0,0.0,-0.6931471805599453,0.0,0.0,0.0,0.0,0.0,0.0,0.0,0.0,0.0,0.0,0.0,0.0,0.0,0.0,0.0,0.0,0.0,0.0,0.0,0.0,0.0,0.0,-0.6931471805599453,0.0,0.0,0.0,0.0,-0.6931471805599453,-0.6931471805599453,0.0,0.0,0.0,-0.6931471805599453,0.0,0.0,0.0,-0.6931471805599453,0.0,0.0,0.0,0.0,0.0,0.0,0.0,0.0,0.0,0.0,0.0,0.0,0.0,-1.132706500011087,0.0,0.6931471805599453,0.0,0.0,0.0,1.3237740041385562,0.0,0.0,0.0,0.0,-0.6931471805599453,0.0,0.0,0.0
5.251811972993799,1.1925144413116917,Cc1ccc2[nH]cc(Cc3cc4ccccc4[nH]3)c2c1,-0.7148462436713207,0.0,0.0,0.0,0.0,0.0,0.0,0.0,0.0,0.0,0.0,0.0,0.0,0.0,0.0,0.0,0.0,0.0,0.0,0.0,0.0,0.0,0.0,0.0,0.0,0.0,0.0,0.0,0.0,-0.6931471805599453,0.0,0.0,0.0,0.0,0.0,-0.6931471805599453,0.0,0.0,-0.6931471805599453,-0.5376983728162604,-0.5370004781028717,0.0,0.0,-0.48373020300112074,0.0,0.0,0.0,0.0,0.0,0.0,0.744771545965253,0.0,0.0,0.0,0.0,0.0,0.0,-0.6931471805599453,0.0,0.0,0.0,0.0,-0.6931471805599453,0.0,0.0,0.0,0.0,0.6931471805599453,-0.6931471805599453,0.0,0.0,0.0,0.0,-0.6931471805599453,0.0,0.0,0.0,-0.6931471805599453,0.0,0.0,-0.6931471805599453,-0.6931471805599453,-0.6931471805599453,0.0,0.0,0.0,0.0,0.0,-0.6931471805599453,-0.6931471805599453,0.0,0.0,0.0,0.0,0.0,0.0,0.0,0.0,0.0,-0.6931471805599453,0.0,0.0,0.0,0.0,0.0,0.0,0.0,0.6931471805599453,0.0,0.0,0.0,0.0,0.0,-0.6931471805599453,0.0,0.0,0.6931471805599453,-0.6931471805599453,0.0,0.0,-0.6931471805599453,0.0,0.0,0.0,0.0,0.0,0.0,0.0,0.0,0.0,0.0,0.0,0.0,0.0,0.0,0.0,0.0,0.0,0.0,0.0,0.0,0.0,0.0,-0.6931471805599453,0.0,0.0,0.0,0.0,-0.6931471805599453,-0.6931471805599453,0.0,0.0,0.0,-0.6931471805599453,0.0,0.0,0.0,-0.6931471805599453,0.0,0.0,0.0,0.0,0.0,0.0,0.0,0.0,0.0,0.0,0.0,0.0,0.0,0.5268810145192896,0.0,0.6931471805599453,0.0,0.0,0.0,1.3237740041385562,0.0,0.0,0.0,0.0,-0.6931471805599453,0.0,0.0,0.0
5.638272163982407,1.1925144413116917,Cc1ccc(S(=O)(=O)n2c(Cc3c[nH]c4c(Cl)cccc34)c(C)c3ccccc32)cc1,-0.7148462436713207,0.0,0.0,0.0,0.0,0.0,0.0,0.6931471805599453,0.0,0.0,0.0,0.0,0.0,0.0,0.0,0.0,0.0,0.6931471805599453,0.0,0.0,0.0,0.0,0.0,0.0,0.0,0.0,0.0,0.0,0.0,-0.6931471805599453,0.0,0.0,0.0,0.0,0.0,-0.6931471805599453,0.0,0.0,-0.6931471805599453,-0.5376983728162604,-0.5370004781028717,0.0,0.0,-0.48373020300112074,0.0,0.0,0.0,0.0,0.0,0.0,-0.6369621922811409,0.0,0.0,0.0,0.0,0.0,0.0,-0.6931471805599453,0.0,0.0,0.0,0.0,0.0,0.0,0.0,0.0,0.6931471805599453,0.6931471805599453,-0.6931471805599453,0.0,0.0,0.0,0.0,-0.6931471805599453,0.0,0.0,0.0,0.0,0.0,0.0,0.0,0.0,0.0,0.0,0.0,0.0,0.0,0.0,-0.6931471805599453,-0.6931471805599453,0.0,0.0,0.0,0.0,0.0,0.0,0.0,0.0,0.0,-0.6931471805599453,0.0,0.0,0.0,0.0,0.0,0.0,0.0,0.6931471805599453,0.0,0.0,0.0,0.0,0.0,-0.6931471805599453,0.0,0.0,0.6931471805599453,-0.6931471805599453,0.0,0.0,0.0,0.0,0.0,0.0,0.0,0.0,0.0,0.0,0.0,0.0,0.0,0.0,0.0,0.0,0.0,0.0,0.0,0.0,0.0,0.0,0.0,0.0,0.0,0.0,0.0,0.0,0.0,0.0,-0.6931471805599453,0.0,0.0,0.0,0.0,-0.6931471805599453,0.0,0.0,0.0,-0.6931471805599453,0.0,0.0,0.0,0.0,0.0,0.0,0.0,0.0,0.0,0.0,0.0,0.0,0.0,-1.620139960329746,0.0,0.6931471805599453,0.0,0.0,0.0,-0.21706450523782758,0.0,0.0,0.0,0.0,-0.6931471805599453,0.0,0.0,0.0
5.823908740944319,1.1925144413116917,Cc1ccc(S(=O)(=O)n2c(Cc3cn(C)c4ccccc34)c(C)c3ccccc32)cc1,-0.7148462436713207,0.0,0.0,0.0,0.0,0.0,0.0,0.6931471805599453,0.0,0.0,0.0,0.0,0.0,0.0,0.0,0.0,0.0,0.6931471805599453,0.0,0.0,0.0,0.0,0.0,0.0,0.0,0.0,0.0,0.0,0.0,-0.6931471805599453,0.0,0.0,0.0,0.0,0.0,-0.6931471805599453,0.0,0.0,0.0,-0.5376983728162604,-0.5370004781028717,0.0,0.0,-0.48373020300112074,0.0,0.0,0.0,0.0,0.0,0.0,0.057893978418902675,0.0,0.0,0.0,0.0,0.0,0.0,-0.6931471805599453,0.0,0.0,0.0,0.0,0.0,0.0,0.0,0.0,0.6931471805599453,0.6931471805599453,-0.6931471805599453,0.0,0.0,0.0,0.0,-0.6931471805599453,0.0,0.0,0.0,0.0,0.0,0.0,0.0,0.0,0.0,0.0,0.0,0.0,0.0,0.0,-0.6931471805599453,-0.6931471805599453,0.0,0.0,0.0,0.0,0.0,0.0,0.0,0.0,0.0,-0.6931471805599453,0.0,0.0,0.0,0.0,0.0,0.0,0.0,0.6931471805599453,0.0,0.0,0.0,0.0,0.0,-0.6931471805599453,0.0,0.0,0.6931471805599453,-0.6931471805599453,0.0,0.0,0.0,0.0,0.0,0.0,0.0,0.0,0.0,0.0,0.0,0.0,0.0,0.0,0.0,0.0,0.0,0.0,0.0,0.0,0.0,0.0,0.0,0.0,0.0,0.0,0.0,0.0,0.0,0.0,-0.6931471805599453,-0.6931471805599453,0.0,0.0,0.0,-0.6931471805599453,0.0,0.0,0.0,0.0,0.0,0.0,0.0,0.0,0.0,0.0,0.0,0.0,0.0,0.0,0.0,0.0,0.0,-1.620139960329746,0.0,0.6931471805599453,0.0,0.0,0.0,-0.7303261838016986,0.0,0.0,0.0,0.0,-0.6931471805599453,0.0,0.0,0.0
5.958607314841775,1.1925144413116917,Cc1ccc(S(=O)(=O)n2c(Cc3cn(C)c4ccccc34)c(C(C)C)c3ccccc32)cc1,-0.7148462436713207,0.0,0.0,0.0,0.0,0.0,0.0,0.6931471805599453,0.0,0.0,0.0,0.0,0.0,0.0,0.0,0.0,0.0,0.6931471805599453,0.0,0.0,0.0,0.0,0.0,0.0,0.0,0.0,0.0,0.0,0.0,-0.6931471805599453,0.0,0.0,0.0,0.0,0.0,-0.6931471805599453,0.0,0.0,0.0,-0.5376983728162604,-0.5370004781028717,0.0,0.0,-0.48373020300112074,0.0,0.0,0.0,0.0,0.0,0.0,-0.16730876440476936,0.0,0.0,0.0,0.0,0.0,0.0,-0.6931471805599453,0.0,0.0,0.0,0.0,0.0,0.0,0.0,0.0,0.6931471805599453,0.6931471805599453,-0.6931471805599453,0.0,0.0,0.0,0.0,-0.6931471805599453,0.0,0.0,0.0,0.0,0.0,0.0,0.0,0.0,0.0,0.0,0.0,0.0,0.0,0.0,-0.6931471805599453,0.0,0.0,0.0,0.0,0.0,0.0,0.0,0.0,0.0,0.0,-0.6931471805599453,0.0,0.0,0.0,0.0,0.0,0.0,0.0,0.6931471805599453,0.0,0.0,0.0,0.0,0.0,-0.6931471805599453,0.0,0.0,0.6931471805599453,-0.6931471805599453,0.0,0.0,0.0,0.0,0.0,0.0,0.0,0.0,0.0,0.0,0.0,0.0,0.0,0.0,0.0,0.0,0.0,0.0,0.0,0.0,0.0,0.0,0.0,0.0,0.0,0.0,0.0,0.0,0.0,0.0,-0.6931471805599453,-0.6931471805599453,0.0,0.0,0.0,-0.6931471805599453,0.0,0.0,0.0,0.0,0.0,0.0,0.0,0.0,0.0,0.0,0.0,0.0,0.0,0.0,0.0,0.0,0.0,-1.620139960329746,0.0,0.6931471805599453,0.0,0.0,0.0,-0.8602012652231108,-0.6931471805599453,0.0,0.0,0.0,-0.6931471805599453,0.0,0.0,0.0
5.638272163982407,1.1925144413116917,Cc1ccc(S(=O)(=O)n2c(Cc3cn(C)c4ccccc34)c(-c3ccccc3)c3ccccc32)cc1,0.6812318738309034,0.0,0.0,0.0,0.0,0.6931471805599453,0.0,0.6931471805599453,0.0,0.0,0.0,0.0,0.0,0.0,0.0,0.0,0.0,0.6931471805599453,0.0,1.159442451084863,0.0,0.0,0.0,0.0,0.0,0.6931471805599453,0.0,0.0,0.0,0.0,0.0,0.6931471805599453,0.0,0.0,0.0,-0.6931471805599453,0.0,0.0,0.0,-0.5376983728162604,-0.5370004781028717,0.0,0.0,-0.48373020300112074,0.0,0.0,0.0,0.0,0.0,0.0,0.7176782553097266,0.0,0.0,0.0,0.6931471805599453,0.6931471805599453,0.0,-0.6931471805599453,0.0,0.0,0.0,0.0,0.0,0.0,0.0,0.0,0.6931471805599453,0.6931471805599453,-0.6931471805599453,0.0,0.0,0.0,0.0,-0.6931471805599453,0.0,0.0,0.0,-0.6931471805599453,0.0,0.0,0.0,0.0,0.0,0.0,0.0,0.0,0.0,0.0,-0.6931471805599453,-0.6931471805599453,0.0,0.0,0.0,0.0,0.0,0.0,0.0,0.0,0.0,-0.6931471805599453,0.0,0.0,0.0,0.0,0.0,0.0,0.0,0.6931471805599453,0.0,0.0,0.0,0.0,0.0,-0.6931471805599453,0.0,0.0,0.6931471805599453,-0.6931471805599453,0.0,0.6931471805599453,0.0,0.0,0.6931471805599453,0.0,0.0,0.0,0.0,0.0,0.0,0.0,0.0,0.0,0.0,0.0,0.0,0.0,0.0,0.0,0.0,0.0,0.0,0.0,0.0,0.0,0.0,0.0,0.0,0.0,-0.6931471805599453,-0.6931471805599453,0.0,0.0,0.0,-0.6931471805599453,0.0,0.0,0.0,0.0,0.0,0.0,0.0,0.0,0.0,0.0,0.0,0.6931471805599453,0.0,0.0,0.0,0.0,0.0,-0.8205180173714841,0.0,0.6931471805599453,0.0,0.0,0.0,-0.5198754592859086,-0.6931471805599453,0.0,0.0,0.0,-0.6931471805599453,0.0,0.0,0.0
6.6020599913279625,1.1925144413116917,Fc1ccc2[nH]c(Cc3c[nH]c4c(Cl)cccc34)cc2c1,-0.7148462436713207,0.0,0.0,0.0,0.0,0.0,0.0,0.0,0.0,0.0,0.0,0.0,0.0,0.0,0.0,0.0,0.0,0.0,0.0,0.0,0.0,0.0,0.0,0.0,0.0,0.0,0.0,0.0,0.0,-0.6931471805599453,0.0,0.0,0.0,0.0,0.0,-0.6931471805599453,0.0,0.0,-0.6931471805599453,-0.5376983728162604,-0.5370004781028717,0.0,0.0,-0.48373020300112074,0.0,0.0,0.0,0.0,0.0,0.0,-0.6049309841474655,0.0,0.0,0.0,0.0,0.0,0.0,-0.6931471805599453,0.0,0.0,0.0,0.0,-0.6931471805599453,0.0,0.0,0.0,0.0,0.6931471805599453,-0.6931471805599453,0.0,0.0,0.0,0.0,-0.6931471805599453,0.0,0.0,0.0,-0.6931471805599453,0.0,0.0,-0.6931471805599453,-0.6931471805599453,-0.6931471805599453,0.0,0.0,0.0,0.0,0.0,-0.6931471805599453,-0.6931471805599453,0.0,0.0,0.0,0.0,0.0,0.0,0.0,0.0,0.0,-0.6931471805599453,0.0,0.0,0.0,0.0,0.0,0.0,0.0,0.0,0.0,0.0,0.0,0.0,0.0,-0.6931471805599453,0.0,0.0,0.6931471805599453,-0.6931471805599453,0.0,0.0,-0.6931471805599453,0.0,0.0,0.0,0.0,0.0,0.0,0.0,0.0,0.0,0.0,0.0,0.0,0.0,0.0,0.0,0.0,0.0,0.0,0.0,0.0,0.0,0.0,-0.6931471805599453,0.0,0.0,0.0,0.0,0.0,-0.6931471805599453,0.0,0.0,0.0,-0.6931471805599453,0.0,0.0,0.0,-0.6931471805599453,0.0,0.0,0.0,0.0,0.0,0.0,0.0,0.0,0.0,0.0,0.0,0.0,0.0,-1.620139960329746,0.0,0.6931471805599453,0.0,0.0,0.0,1.2656663733312754,0.0,0.0,0.0,0.0,-0.6931471805599453,0.0,0.0,0.0
5.552841968657781,1.1925144413116917,Clc1cccc2c(Cc3cc4ccccc4[nH]3)c[nH]c12,-0.7148462436713207,0.0,0.0,0.0,0.0,0.0,0.0,0.0,0.0,0.0,0.0,0.0,0.0,0.0,0.0,0.0,0.0,0.0,0.0,0.0,0.0,0.0,0.0,0.0,0.0,0.0,0.0,0.0,0.0,-0.6931471805599453,0.0,0.0,0.0,0.0,0.0,-0.6931471805599453,0.0,0.0,-0.6931471805599453,-0.5376983728162604,-0.5370004781028717,0.0,0.0,-0.48373020300112074,0.0,0.0,0.0,0.0,0.0,0.0,-0.6299322863528828,0.0,0.0,0.0,0.0,0.0,0.0,-0.6931471805599453,0.0,0.0,0.0,0.0,-0.6931471805599453,0.0,0.0,0.0,0.0,0.6931471805599453,-0.6931471805599453,0.0,0.0,0.0,0.0,-0.6931471805599453,0.0,0.0,0.0,-0.6931471805599453,0.0,0.0,-0.6931471805599453,-0.6931471805599453,-0.6931471805599453,0.0,0.0,0.0,0.0,0.0,-0.6931471805599453,-0.6931471805599453,0.0,0.0,0.0,0.0,0.0,0.0,0.0,0.0,0.0,-0.6931471805599453,0.0,0.0,0.0,0.0,0.0,0.0,0.0,0.6931471805599453,0.0,0.0,0.0,0.0,0.0,-0.6931471805599453,0.0,0.0,0.6931471805599453,-0.6931471805599453,0.0,0.0,-0.6931471805599453,0.0,0.0,0.0,0.0,0.0,0.0,0.0,0.0,0.0,0.0,0.0,0.0,0.0,0.0,0.0,0.0,0.0,0.0,0.0,0.0,0.0,0.0,-0.6931471805599453,0.0,0.0,0.0,0.0,-0.6931471805599453,-0.6931471805599453,0.0,0.0,0.0,-0.6931471805599453,0.0,0.0,0.0,-0.6931471805599453,0.0,0.0,0.0,0.0,0.0,0.0,0.0,0.0,0.0,0.0,0.0,0.0,0.0,-1.5300693512684973,0.0,0.6931471805599453,0.0,0.0,0.0,1.4050566375754128,0.0,0.0,0.0,0.0,-0.6931471805599453,0.0,0.0,0.0
6.522878745280337,1.1925144413116917,Fc1cccc2c(Cc3cc4ccccc4[nH]3)c[nH]c12,-0.7148462436713207,0.0,0.0,0.0,0.0,0.0,0.0,0.0,0.0,0.0,0.0,0.0,0.0,0.0,0.0,0.0,0.0,0.0,0.0,0.0,0.0,0.0,0.0,0.0,0.0,0.0,0.0,0.0,0.0,-0.6931471805599453,0.0,0.0,0.0,0.0,0.0,-0.6931471805599453,0.0,0.0,-0.6931471805599453,-0.5376983728162604,-0.5370004781028717,0.0,0.0,-0.48373020300112074,0.0,0.0,0.0,0.0,0.0,0.0,-0.4359022402940277,0.0,0.0,0.0,0.0,0.0,0.0,-0.6931471805599453,0.0,0.0,0.0,0.0,-0.6931471805599453,0.0,0.0,0.0,0.0,0.6931471805599453,-0.6931471805599453,0.0,0.0,0.0,0.0,-0.6931471805599453,0.0,0.0,0.0,0.0,0.0,0.0,-0.6931471805599453,-0.6931471805599453,-0.6931471805599453,0.0,0.0,0.0,0.0,0.0,-0.6931471805599453,-0.6931471805599453,0.0,0.0,0.0,0.0,0.0,0.0,0.0,0.0,0.0,-0.6931471805599453,0.0,0.0,0.0,0.0,0.0,0.0,0.0,0.6931471805599453,0.0,0.0,0.0,0.0,0.0,-0.6931471805599453,0.0,0.0,0.6931471805599453,-0.6931471805599453,0.0,0.0,-0.6931471805599453,0.0,0.0,0.0,0.0,0.0,0.0,0.0,0.0,0.0,0.0,0.0,0.0,0.0,0.0,0.0,0.0,0.0,0.0,0.0,0.0,0.0,0.0,-0.6931471805599453,0.0,0.0,0.0,0.0,0.0,-0.6931471805599453,0.0,0.0,0.0,-0.6931471805599453,0.0,0.0,0.0,-0.6931471805599453,0.0,0.0,0.0,0.0,0.0,0.0,0.0,0.0,0.0,0.0,0.0,0.0,0.0,-1.3732032650730128,0.0,0.6931471805599453,0.0,0.0,0.0,0.80077784475231,0.0,0.0,0.0,0.0,-0.6931471805599453,0.0,0.0,0.0
6.045757490560675,1.1925144413116917,Cc1cccc2c(Cc3cc4ccccc4[nH]3)c[nH]c12,-0.7148462436713207,0.0,0.0,0.0,0.0,0.0,0.0,0.0,0.0,0.0,0.0,0.0,0.0,0.0,0.0,0.0,0.0,0.0,0.0,0.0,0.0,0.0,0.0,0.0,0.0,0.0,0.0,0.0,0.0,-0.6931471805599453,0.0,0.0,0.0,0.0,0.0,-0.6931471805599453,0.0,0.0,-0.6931471805599453,-0.5376983728162604,-0.5370004781028717,0.0,0.0,-0.48373020300112074,0.0,0.0,0.0,0.0,0.0,0.0,0.744771545965253,0.0,0.0,0.0,0.0,0.0,0.0,-0.6931471805599453,0.0,0.0,0.0,0.0,-0.6931471805599453,0.0,0.0,0.0,0.0,0.6931471805599453,-0.6931471805599453,0.0,0.0,0.0,0.0,-0.6931471805599453,0.0,0.0,0.0,-0.6931471805599453,0.0,0.0,-0.6931471805599453,-0.6931471805599453,-0.6931471805599453,0.0,0.0,0.0,0.0,0.0,-0.6931471805599453,-0.6931471805599453,0.0,0.0,0.0,0.0,0.0,0.0,0.0,0.0,0.0,-0.6931471805599453,0.0,0.0,0.0,0.0,0.0,0.0,0.0,0.6931471805599453,0.0,0.0,0.0,0.0,0.0,-0.6931471805599453,0.0,0.0,0.6931471805599453,-0.6931471805599453,0.0,0.0,-0.6931471805599453,0.0,0.0,0.0,0.0,0.0,0.0,0.0,0.0,0.0,0.0,0.0,0.0,0.0,0.0,0.0,0.0,0.0,0.0,0.0,0.0,0.0,0.0,-0.6931471805599453,0.0,0.0,0.0,0.0,-0.6931471805599453,-0.6931471805599453,0.0,0.0,0.0,-0.6931471805599453,0.0,0.0,0.0,-0.6931471805599453,0.0,0.0,0.0,0.0,0.0,0.0,0.0,0.0,0.0,0.0,0.0,0.0,0.0,0.5268810145192896,0.0,0.6931471805599453,0.0,0.0,0.0,0.6623755218931907,0.0,0.0,0.0,0.0,-0.6931471805599453,0.0,0.0,0.0
6.221848749616356,1.1925144413116917,CC[C@H](C)[C@H](NC(=O)[C@H](CCCCN)NC(=O)[C@H](CC(C)C)NC(=O)[C@H](CC(=O)O)NC(=O)[C@H](CC(N)=O)NC(=O)[C@H](CS)NC(=O)[C@@H](NC(=O)[C@H](Cc1c[nH]cn1)NC(=O)[C@H](CO)NC(=O)[C@H](CS)NC(=O)CNC(=O)CNC(=O)[C@H](CC(N)=O)NC(=O)[C@H](Cc1c[nH]c2ccccc12)NC(=O)[C@H](Cc1ccc(O)cc1)NC(=O)[C@@H]1CCCN1C(=O)[C@H](CCC(=O)O)NC(=O)[C@H](Cc1c[nH]c2ccccc12)NC(=O)[C@@H]1CCCN1C(=O)[C@H](Cc1ccc(O)cc1)NC(=O)[C@H](CCCCN)NC(=O)[C@H](CO)NC(=O)[C@H](CO)NC(=O)[C@H](CC(C)C)NC(=O)[C@H](CS)NC(=O)[C@H](CCC(=O)O)NC(=O)[C@H](CC(N)=O)NC(=O)[C@@H](NC(=O)CN)[C@@H](C)O)C(C)C)C(=O)NCC(=O)N[C@@H](Cc1ccc(O)cc1)C(=O)N[C@@H](CCC(=O)O)C(=O)N[C@@H](CS)C(=O)N[C@@H](CC(C)C)C(=O)O,1.1274409802387377,0.0,0.0,0.0,0.0,0.6931471805599453,0.0,0.0,0.0,0.0,0.0,0.0,0.0,0.0,0.0,0.0,0.0,0.0,0.0,0.0,0.0,0.0,0.0,0.0,0.0,0.0,0.0,0.0,0.0,0.0,0.0,0.0,0.0,0.0,0.0,0.0,0.0,0.0,0.0,-0.103284415829272,-0.11409803753512811,0.0,0.0,0.0,0.0,0.0,0.0,0.0,0.0,0.0,0.3008401570292922,0.0,0.0,0.0,0.0,0.0,0.0,0.0,0.0,0.0,0.0,0.0,0.0,0.0,0.0,0.0,0.6931471805599453,0.0,0.0,0.0,0.0,0.0,0.0,0.0,0.0,0.0,0.0,0.0,0.0,0.0,0.0,0.0,0.0,0.0,0.0,0.0,0.0,0.0,0.0,0.0,0.0,0.0,0.0,0.0,0.0,0.0,0.0,0.0,0.0,0.0,0.0,0.0,0.0,0.0,0.0,0.0,0.0,0.6931471805599453,0.0,0.0,0.0,0.0,0.0,0.0,0.0,0.0,0.6931471805599453,0.0,0.0,0.0,0.0,0.0,0.0,0.0,0.0,0.0,0.0,0.0,0.0,0.0,0.0,0.0,0.0,0.0,0.0,0.0,0.0,0.0,0.0,0.0,0.0,0.0,0.0,0.0,0.0,0.0,0.0,0.0,0.0,0.0,0.0,0.0,0.0,0.0,0.0,0.0,0.0,0.0,0.0,0.0,0.0,0.0,0.0,0.0,0.0,0.0,0.0,0.0,0.0,0.0,0.0,0.33976984884276956,0.0,0.0,0.0,0.0,0.0,0.17979311044059593,0.0,0.0,0.0,0.0,0.0,0.0,0.0,0.0
6.154901959985743,1.1925144413116917,CC[C@H](C)[C@H](NC(=O)[C@H](CCCCN=C(N)N)NC(=O)[C@@H](NC(=O)[C@H](CC(C)C)NC(=O)[C@H](CC(N)=O)NC(=O)[C@H](Cc1c[nH]c2ccccc12)NC(=O)C1(N)CCC(c2ccccc2)CC1)C(C)C)C(=O)NCC(=O)N[C@@H](CC(C)C)C(=O)N[C@@H](CC(C)C)C(=O)N[C@@H](CCCN=C(N)N)C(=O)O,-0.7148462436713207,0.0,0.0,0.0,0.0,0.6931471805599453,0.0,0.0,0.0,0.0,0.0,0.0,0.0,0.0,0.0,0.0,0.0,0.0,0.0,-1.1455304055890243,0.0,0.0,0.0,0.0,0.0,0.6931471805599453,0.0,0.0,0.0,0.0,0.0,0.0,0.0,0.0,0.0,0.0,0.0,0.0,0.0,1.5877134319293997,1.587614131138702,0.0,0.0,1.6106279540588615,0.0,0.0,0.0,0.0,0.0,0.0,0.46751709667573077,0.0,0.0,0.0,0.0,0.0,0.0,0.0,0.0,0.0,0.0,0.0,0.0,0.0,0.0,0.0,0.6931471805599453,0.6931471805599453,0.0,0.0,0.0,0.0,0.0,-0.6931471805599453,0.0,0.0,0.0,0.0,0.0,0.0,0.0,-0.6931471805599453,0.0,0.0,0.0,0.0,0.0,0.0,0.0,0.0,0.0,0.0,0.0,0.0,0.0,0.0,0.0,0.0,0.0,-0.6931471805599453,0.0,0.0,0.0,0.0,0.0,0.0,0.0,0.6931471805599453,0.0,0.0,0.0,0.0,0.0,0.0,0.0,0.0,0.6931471805599453,0.0,0.0,0.0,0.0,0.0,0.0,0.0,0.0,0.0,0.0,0.0,0.0,0.6931471805599453,0.0,0.0,0.0,0.0,0.0,0.0,0.0,0.0,0.0,0.0,0.0,0.0,0.0,0.0,0.0,0.0,0.0,0.0,0.0,0.0,0.0,0.0,0.0,0.0,0.0,0.0,0.0,0.0,0.0,0.0,0.0,0.0,0.0,0.0,0.0,0.0,0.0,0.0,0.0,0.0,0.0,1.0225756756079833,0.0,0.6931471805599453,0.0,0.0,0.0,-0.5108256237659907,0.0,0.0,0.0,0.0,0.0,0.0,0.0,0.0
7.698970004336019,1.1925144413116917,CC[C@H](C)[C@H](NC(=O)[C@H](CCC(N)=O)NC(=O)[C@H](CC(C)C)NC(=O)[C@H](CC(N)=O)NC(=O)[C@H](Cc1c[nH]c2ccccc12)NC(=O)[C@@H]1CCCN1C(=O)[C@H](CC(C)C)NC(=O)[C@H](CCCNC(=N)N)NC(=O)[C@H](CS)NC(=O)CNC(=O)[C@H](CO)NC(=O)CNC(=O)[C@@H](NC(=O)[C@H](Cc1c[nH]c2ccccc12)NC(=O)[C@H](CC(=O)O)NC(=O)[C@H](CC(C)C)NC(=O)[C@H](Cc1ccc(O)cc1)NC(=O)[C@H](CCC(=O)O)NC(=O)[C@H](CCC(=O)O)NC(=O)[C@H](Cc1c[nH]c2ccccc12)NC(=O)[C@H](CO)NC(=O)[C@@H](NC(=O)[C@H](Cc1ccccc1)NC(=O)[C@@H](NC(=O)[C@@H](N)[C@@H](C)O)C(C)C)[C@@H](C)O)C(C)C)C(=O)NCC(=O)N[C@@H](CC(C)C)C(=O)N1CCC[C@H]1C(=O)N[C@@H](CS)C(=O)O,0.0,0.0,0.0,0.0,0.0,0.6931471805599453,0.0,0.0,0.0,0.0,0.0,0.0,0.0,0.0,0.0,0.0,0.0,0.0,0.0,1.1455304055890245,0.0,0.0,0.0,0.0,0.0,0.0,0.0,0.0,0.0,0.0,0.0,0.0,0.0,0.0,0.0,0.0,0.0,0.0,0.0,-0.103284415829272,-0.11409803753512811,0.0,0.0,0.0,0.0,0.0,0.0,0.0,0.0,0.0,-0.26592389192306426,0.0,0.0,0.0,0.0,0.0,0.0,0.0,0.0,0.0,0.0,0.0,0.0,0.0,0.0,0.0,0.6931471805599453,0.0,0.0,0.0,0.0,0.0,0.0,0.0,0.0,0.0,0.0,0.0,0.0,0.0,0.0,0.0,0.0,0.0,0.0,0.0,0.0,0.0,0.0,0.0,0.0,0.0,0.0,0.0,0.0,0.0,0.0,0.0,0.0,0.0,0.0,0.0,0.0,0.0,0.0,0.0,0.0,0.6931471805599453,0.0,0.0,0.0,0.0,0.0,0.0,0.0,0.0,0.6931471805599453,0.0,0.0,0.0,0.0,0.0,0.0,0.0,0.0,0.0,0.0,0.0,0.0,0.0,0.0,0.0,0.0,0.0,0.0,0.0,0.0,0.0,0.0,0.0,0.0,0.0,0.0,0.0,0.0,0.0,0.0,0.0,0.0,0.0,0.0,0.0,0.0,0.0,0.0,0.0,0.0,0.0,0.0,0.0,0.0,0.0,0.0,0.0,0.0,0.0,0.0,0.0,0.0,0.0,0.0,0.5061906212618427,0.0,0.0,0.0,0.0,0.0,0.2047944126460132,0.0,0.0,0.0,0.0,0.0,0.0,0.0,0.0
5.468521082957745,1.1925144413116917,CC[C@H](C)[C@H](NC(=O)[C@H](CCCCN)NC(=O)[C@H](CC(C)C)NC(=O)[C@H](CC(=O)O)NC(=O)[C@H](CC(N)=O)NC(=O)[C@H](CS)NC(=O)[C@@H](NC(=O)[C@H](Cc1c[nH]cn1)NC(=O)[C@H](CO)NC(=O)[C@H](CS)NC(=O)CNC(=O)CNC(=O)[C@H](CC(N)=O)NC(=O)[C@H](CC(N)=O)NC(=O)[C@H](CC(=O)O)NC(=O)[C@H](CC(C)C)NC(=O)[C@H](CS)NC(=O)[C@H](CCC(=O)O)NC(=O)[C@H](CC(N)=O)NC(=O)[C@@H](NC(=O)CN)[C@@H](C)O)C(C)C)C(=O)NCC(=O)N[C@@H](Cc1ccc(O)cc1)C(=O)N[C@@H](CCC(=O)O)C(=O)N[C@@H](CS)C(=O)N[C@@H](CC(C)C)C(=O)N[C@@H](CS)C(=O)N1CCC[C@H]1C(=O)N[C@@H](CC(=O)O)C(=O)NCC(=O)N[C@@H](Cc1ccccc1)C(=O)N[C@@H](CCC(N)=O)C(=O)N[C@@H](CC(C)C)C(=O)N[C@H](C(=O)N[C@@H](C)C(=O)N[C@@H](CCC(N)=O)C(=O)N[C@@H](CCCNC(=N)N)C(=O)N[C@@H](CCCNC(=N)N)C(=O)N[C@@H](CS)C(=O)N[C@@H](CCC(=O)O)C(=O)O)C(C)C,0.0,0.0,0.0,0.0,0.0,0.6931471805599453,0.0,0.0,0.0,0.0,0.0,0.0,0.0,0.0,0.0,0.0,0.0,0.0,0.0,-1.6654811635096367,0.0,0.0,0.0,0.0,0.0,0.0,0.0,0.0,0.0,0.0,0.0,0.0,0.0,0.0,0.0,0.0,0.0,0.0,0.0,-0.103284415829272,-0.11409803753512811,0.0,0.0,0.0,0.0,0.0,0.0,0.0,0.0,0.0,0.44655196821068577,0.0,0.0,0.0,0.0,0.0,0.0,0.0,0.0,0.0,0.0,0.0,0.0,0.0,0.0,0.0,0.6931471805599453,0.0,0.0,0.0,0.0,0.0,0.0,0.0,0.0,0.0,0.0,0.0,0.0,0.0,0.0,-0.6931471805599453,0.0,0.0,0.0,0.0,0.0,0.0,0.0,0.0,0.0,0.0,0.0,0.0,0.0,0.0,0.0,0.0,0.0,0.0,0.0,0.0,0.0,0.0,0.0,0.0,0.0,0.6931471805599453,0.0,0.0,0.0,0.0,0.0,0.0,0.0,0.0,0.6931471805599453,0.0,0.0,0.0,0.0,0.0,0.0,0.0,0.0,0.0,0.0,0.0,0.0,0.0,0.0,0.0,0.0,0.0,0.0,0.0,0.0,0.0,0.0,0.0,0.0,0.0,0.0,0.0,0.0,0.0,0.0,0.0,0.0,0.0,0.0,0.0,0.0,0.0,0.0,0.0,0.0,0.0,0.0,0.0,0.0,0.0,0.0,0.0,0.0,0.0,0.0,0.0,0.0,0.0,0.0,0.4488272263819223,0.0,0.0,0.0,0.0,0.0,0.4254657748148339,0.0,0.0,0.0,0.0,0.0,0.0,0.0,0.0
6.075720713938118,1.1925144413116917,CC[C@H](C)[C@H](NC(=O)[C@H](CCCCNC(=N)N)NC(=O)[C@@H](NC(=O)[C@H](CC(C)C)NC(=O)[C@H](CC(N)=O)NC(=O)[C@H](Cc1c[nH]c2ccccc12)NC(=O)CNC(=O)[C@@H]1CCCN1C(=O)[C@H](Cc1ccccc1)NC(=O)[C@H](CO)NC(=O)[C@H](CCC(=O)O)NC(=O)[C@@H](N)CCSC)C(C)C)C(=O)NCC(=O)N[C@@H](CC(C)C)C(=O)N[C@@H](CC(C)C)C(=O)N[C@@H](CCCNC(=N)N)C(=O)O,-0.7148462436713207,0.0,0.0,0.0,0.0,0.6931471805599453,0.0,0.0,0.0,0.0,0.0,0.0,0.0,0.0,0.0,0.0,0.0,0.0,0.0,-1.1455304055890243,0.0,0.0,0.0,0.0,0.0,0.0,0.0,0.0,0.0,0.0,0.0,0.0,0.0,0.0,0.0,0.0,0.0,0.0,0.0,-0.103284415829272,-0.11409803753512811,0.0,0.0,0.0,0.0,0.0,0.0,0.0,0.0,0.0,-0.5885222294810732,0.0,0.0,0.0,0.0,0.0,0.0,0.0,0.0,0.0,0.0,0.0,0.0,0.0,0.0,0.0,0.6931471805599453,0.0,0.0,0.0,0.0,0.0,0.0,0.0,0.0,0.0,0.0,0.0,0.0,0.0,0.0,-0.6931471805599453,0.0,0.0,0.0,0.0,0.0,0.0,0.0,0.0,0.0,0.0,0.0,0.0,0.0,0.0,0.0,0.0,0.0,0.0,0.0,0.0,0.0,0.0,0.0,0.0,0.0,0.6931471805599453,0.0,0.0,0.0,0.0,0.0,0.0,0.0,0.0,0.6931471805599453,-0.6931471805599453,0.0,0.0,0.0,0.0,0.0,0.0,0.0,0.0,0.0,0.0,0.0,0.6931471805599453,0.0,0.0,0.0,0.0,0.0,0.0,0.0,0.0,0.0,0.0,0.0,0.0,0.0,0.0,0.0,0.0,0.0,0.0,0.0,0.0,0.0,0.0,0.0,0.0,0.0,0.0,0.0,0.0,0.0,0.0,0.0,0.0,0.0,0.0,0.0,0.0,0.0,0.0,0.0,0.0,0.0,0.7789535929502336,0.0,0.0,0.0,0.0,0.0,0.05884050002293345,0.0,0.0,0.0,0.0,0.0,0.0,0.0,0.0
7.397940008672037,1.1925144413116917,CC[C@H](C)[C@H](NC(=O)[C@H](CCCCN=C(N)N)NC(=O)[C@H](CCCCN)NC(=O)[C@H](CC(C)C)NC(=O)[C@H](CC(N)=O)NC(=O)[C@H](Cc1c[nH]c2ccccc12)NC(=O)C1(N)CCC(c2ccccc2)CC1)C(=O)NCC(=O)N[C@@H](CC(C)C)C(=O)N[C@@H](CC(C)C)C(=O)N[C@@H](CCCN=C(N)N)C(=O)O,-0.7148462436713207,0.0,0.0,0.0,0.0,0.6931471805599453,0.0,0.0,0.0,0.0,0.0,0.0,0.0,0.0,0.0,0.0,0.0,0.0,0.0,-1.1455304055890243,0.0,0.0,0.0,0.0,0.0,0.6931471805599453,0.0,0.0,0.0,0.0,0.0,0.0,0.0,0.0,0.0,0.0,0.0,0.0,0.0,-0.103284415829272,-0.11409803753512811,0.0,0.0,0.0,0.0,0.0,0.0,0.0,0.0,0.0,0.5376158571335599,0.0,0.0,0.0,0.0,0.0,0.0,0.0,0.0,0.0,0.0,0.0,0.0,0.0,0.0,0.0,0.6931471805599453,0.6931471805599453,0.0,0.0,0.0,0.0,0.0,-0.6931471805599453,0.0,0.0,0.0,0.0,0.0,0.0,0.0,-0.6931471805599453,0.0,0.0,0.0,0.0,0.0,0.0,0.0,0.0,0.0,0.0,0.0,0.0,0.0,0.0,0.0,0.0,0.0,-0.6931471805599453,0.0,0.0,0.0,0.0,0.0,0.0,0.0,0.6931471805599453,0.0,0.0,0.0,0.0,0.0,0.0,0.0,0.0,0.6931471805599453,0.0,0.0,0.0,0.0,0.0,0.0,0.0,0.0,0.0,0.0,0.0,0.0,0.6931471805599453,0.0,0.0,0.0,0.0,0.0,0.0,0.0,0.0,0.0,0.0,0.0,0.0,0.0,0.0,0.0,0.0,0.0,0.0,0.0,0.0,0.0,0.0,0.0,0.0,0.0,0.0,0.0,0.0,0.0,0.0,0.0,0.0,0.0,0.0,0.0,0.0,0.0,0.0,0.0,0.0,0.0,0.9930376631711199,0.0,0.6931471805599453,0.0,0.0,0.0,-0.6306268235786112,0.0,0.0,0.0,0.0,0.0,0.0,0.0,0.0
4.150514997831991,0.2973629040733618,CC[C@H](C)[C@H](NC(=O)[C@H](CCCCN=C(N)N)NC(=O)[C@@H](NC(=O)[C@H](CC(C)C)NC(=O)[C@H](CC(N)=O)NC(=O)[C@H](Cc1c[nH]c2ccccc12)NC(=O)[C@@H]1CCCN1C(=O)[C@H](CCSC)NC(=O)[C@H](CC(C)C)NC(=O)[C@@H](N)CC(=O)O)C(C)C)C(=O)NCC(=O)N[C@@H](CC(C)C)C(=O)N[C@@H](CC(C)C)C(=O)N[C@@H](CCCN=C(N)N)C(=O)O,-0.7148462436713207,0.0,0.0,0.0,0.0,0.6931471805599453,0.0,0.0,0.0,0.0,0.0,0.0,0.0,0.0,0.0,0.0,0.0,0.0,0.0,-1.1455304055890243,0.0,0.0,0.0,0.0,0.0,0.0,0.0,0.0,0.0,0.0,0.0,0.0,0.0,0.0,0.0,0.0,0.0,0.0,0.0,-0.103284415829272,-0.11409803753512811,0.0,0.0,0.0,0.0,0.0,0.0,0.0,0.0,0.0,0.4032551624573618,0.0,0.0,0.0,0.0,0.0,0.0,0.0,0.0,0.0,0.0,0.0,0.0,0.0,0.0,0.0,0.6931471805599453,0.6931471805599453,0.0,0.0,0.0,0.0,0.0,-0.6931471805599453,0.0,0.0,0.0,0.0,0.0,0.0,0.0,-0.6931471805599453,0.0,0.0,0.0,0.0,0.0,0.0,0.0,0.0,0.0,0.0,0.0,0.0,0.0,0.0,0.0,0.0,0.0,-0.6931471805599453,0.0,0.0,0.0,0.0,0.0,0.0,0.0,0.6931471805599453,0.0,0.0,0.0,0.0,0.0,0.0,0.0,0.0,0.6931471805599453,-0.6931471805599453,0.0,0.0,0.0,0.0,0.0,0.0,0.0,0.0,0.0,0.0,0.0,0.6931471805599453,0.0,0.0,0.0,0.0,0.0,0.0,0.0,0.0,0.0,0.0,0.0,0.0,0.0,0.0,0.0,0.0,0.0,0.0,0.0,0.0,0.0,0.0,0.0,0.0,0.0,0.0,0.0,0.0,0.0,0.0,0.0,0.0,0.0,0.0,0.0,0.0,0.0,0.0,0.0,0.0,0.0,0.7411112397670729,0.0,0.0,0.0,0.0,0.0,-0.3850562364769573,0.0,0.0,0.0,0.0,0.0,0.0,0.0,0.0
4.150514997831991,0.2973629040733618,CC[C@H](C)[C@H](NC(=O)[C@H](CCCCN=C(N)N)NC(=O)[C@@H](NC(=O)[C@H](CC(C)C)NC(=O)[C@H](CC(N)=O)NC(=O)[C@@H](N)Cc1c[nH]c2ccccc12)C(C)C)C(=O)NCC(=O)N[C@@H](CC(C)C)C(=O)N[C@@H](CC(C)C)C(=O)N[C@@H](CCCN=C(N)N)C(=O)O,-0.7148462436713207,0.0,0.0,0.0,0.0,0.6931471805599453,0.0,0.0,0.0,0.0,0.0,0.0,0.0,0.0,0.0,0.0,0.0,0.0,0.0,-1.1455304055890243,0.0,0.0,0.0,0.0,0.0,0.0,0.0,0.0,0.0,0.0,0.0,0.0,0.0,0.0,0.0,0.0,0.0,0.0,0.0,1.5877134319293997,1.587614131138702,0.0,0.0,1.6106279540588615,0.0,0.0,0.0,0.0,0.0,0.0,0.4120657921395167,0.0,0.0,0.0,0.0,0.0,0.0,0.0,0.0,0.0,0.0,0.0,0.0,0.0,0.0,0.0,0.6931471805599453,0.6931471805599453,0.0,0.0,0.0,0.0,0.0,-0.6931471805599453,0.0,0.0,0.0,0.0,0.0,0.0,0.0,-0.6931471805599453,0.0,0.0,0.0,0.0,0.0,0.0,0.0,0.0,0.0,0.0,0.0,0.0,0.0,0.0,0.0,0.0,0.0,-0.6931471805599453,0.0,0.0,0.0,0.0,0.0,0.0,0.0,0.6931471805599453,0.0,0.0,0.0,0.0,0.0,0.0,0.0,0.0,0.6931471805599453,-0.6931471805599453,0.0,0.0,0.0,0.0,0.0,0.0,0.0,0.0,0.0,0.0,0.0,0.0,0.0,0.0,0.0,0.0,0.0,0.0,0.0,0.0,0.0,0.0,0.0,0.0,0.0,0.0,0.0,0.0,0.0,0.0,0.0,0.0,0.0,0.0,0.0,0.0,0.0,0.0,0.0,0.0,0.0,0.0,0.0,0.0,0.0,0.0,0.0,0.0,0.0,0.0,0.0,0.0,0.0,0.8893412391846044,0.0,0.0,0.0,0.0,0.0,-0.2646925542270822,0.0,0.0,0.0,0.0,0.0,0.0,0.0,0.0
5.423658649794207,1.1925144413116917,COC(=O)c1c(Nc2ccc(C)cc2)c(=O)c(=O)c2oc3cc(N(C)C)ccc3[nH]c1=2,-0.7148462436713207,0.0,0.0,0.0,0.0,0.6931471805599453,0.0,0.0,0.0,0.0,0.0,0.0,0.0,0.0,0.0,0.0,0.0,0.6931471805599453,0.0,-1.1331450307589015,0.0,0.0,0.0,0.0,0.0,0.0,0.0,0.0,0.0,0.0,0.0,0.0,0.0,0.0,0.0,0.0,0.0,0.0,0.0,-0.3124240510273401,-0.5206196473291073,0.0,0.0,-0.35079626610756726,0.0,0.0,0.0,0.0,0.0,0.0,0.9653962042599789,0.0,0.0,0.0,0.6931471805599453,0.0,0.0,-0.6931471805599453,0.6931471805599453,0.0,0.0,0.0,0.0,-0.6931471805599453,0.0,0.0,0.0,0.6931471805599453,-0.6931471805599453,0.0,0.0,0.0,0.0,-0.6931471805599453,0.0,0.0,0.0,0.0,0.0,0.0,0.0,-0.6931471805599453,0.0,0.0,0.0,0.0,0.0,0.0,0.0,0.0,0.0,0.0,0.0,0.0,0.0,0.0,0.0,0.0,0.0,-0.6931471805599453,0.0,0.0,0.0,0.0,0.0,0.0,0.0,0.0,0.0,0.0,0.0,0.0,0.0,0.0,0.0,0.0,0.0,-0.6931471805599453,0.0,0.6931471805599453,0.0,0.0,0.6931471805599453,0.0,0.0,0.0,0.0,0.0,0.0,0.0,0.0,0.0,0.0,0.0,0.0,0.0,0.0,0.0,0.0,0.0,0.0,0.0,0.0,-0.6931471805599453,0.0,0.0,0.0,0.0,-0.6931471805599453,-0.6931471805599453,0.0,0.0,0.0,-0.6931471805599453,0.0,0.0,0.0,-0.6931471805599453,0.0,0.0,0.0,0.0,0.0,0.0,0.0,0.6931471805599453,0.0,0.0,0.0,0.0,0.0,1.4520063264504246,0.0,0.6931471805599453,0.0,0.0,0.0,0.80077784475231,-0.6931471805599453,0.0,0.0,0.0,-0.6931471805599453,0.0,0.0,0.0
5.326979092871104,1.1925144413116917,COC(=O)c1c(Nc2ccc(OC)cc2)c(=O)c(=O)c2oc3cc(N(C)C)ccc3[nH]c1=2,0.0,0.0,0.0,0.0,0.0,0.6931471805599453,0.0,0.0,0.0,0.0,0.0,0.0,0.0,0.0,0.0,0.0,0.0,0.6931471805599453,0.0,-1.1331450307589015,0.0,0.0,0.0,0.0,0.0,0.0,0.0,0.0,0.0,0.0,0.0,0.0,0.0,0.0,0.0,0.0,0.0,0.0,0.0,-0.2163983448579434,-0.5332584522173397,0.0,0.0,-0.47368541332106723,0.0,0.0,0.0,0.0,0.0,0.0,0.8674343403461775,0.0,0.0,0.0,0.6931471805599453,0.0,0.0,-0.6931471805599453,0.6931471805599453,0.0,0.0,0.0,0.0,-0.6931471805599453,0.0,0.0,0.0,0.6931471805599453,-0.6931471805599453,0.0,0.0,0.0,0.0,-0.6931471805599453,0.0,0.0,0.0,0.0,0.0,0.0,0.0,-0.6931471805599453,0.0,0.0,0.0,0.0,0.0,0.0,0.0,0.0,0.0,0.0,0.0,0.0,0.0,0.0,0.0,0.0,0.0,-0.6931471805599453,0.0,0.0,0.0,0.0,0.0,0.0,0.0,0.0,0.0,0.0,0.0,0.0,0.0,0.0,0.0,0.0,0.0,-0.6931471805599453,0.0,0.6931471805599453,0.0,0.0,0.6931471805599453,0.0,0.0,0.0,0.0,0.0,0.0,0.0,0.0,0.0,0.0,0.0,0.0,0.0,0.0,0.0,0.0,0.0,0.0,0.0,0.0,-0.6931471805599453,0.0,0.0,0.0,0.0,-0.6931471805599453,0.0,0.0,0.0,0.0,-0.6931471805599453,0.0,0.0,0.0,-0.6931471805599453,0.0,0.0,0.0,0.0,0.0,0.0,0.0,0.6931471805599453,0.0,0.0,0.0,0.0,0.0,1.384848229269893,0.0,0.6931471805599453,0.0,0.0,0.0,1.0467872208035232,-0.6931471805599453,0.0,0.0,0.0,-0.6931471805599453,0.0,0.0,0.0
5.3124710387853655,1.1925144413116917,COC(=O)c1c(Nc2ccc(Cl)c(Cl)c2)c(=O)c(=O)c2oc3cc(N(C)C)ccc3[nH]c1=2,-0.7148462436713207,0.0,0.0,0.0,0.0,0.6931471805599453,0.0,0.0,0.0,0.0,0.0,0.0,0.0,0.0,0.0,0.0,0.0,0.6931471805599453,0.0,-1.1331450307589015,0.0,0.0,0.0,0.0,0.0,0.0,0.0,0.0,0.0,0.0,0.0,0.0,0.0,0.0,0.0,0.0,0.0,0.0,0.0,-0.42314536764142463,-0.5367203113674655,0.0,0.0,-0.23010380447520737,0.0,0.0,0.0,0.0,0.0,0.0,-0.694801440655972,0.0,0.0,0.0,0.6931471805599453,0.0,0.0,-0.6931471805599453,0.6931471805599453,0.0,0.0,0.0,0.0,-0.6931471805599453,0.0,0.0,0.0,0.6931471805599453,-0.6931471805599453,0.0,0.0,0.0,0.0,-0.6931471805599453,0.0,0.0,0.0,0.0,0.0,0.0,0.0,-0.6931471805599453,0.0,0.0,0.0,0.0,0.0,0.0,0.0,0.0,0.0,0.0,0.0,0.0,0.0,0.0,0.0,0.0,0.0,-0.6931471805599453,0.0,0.0,0.0,0.0,0.0,0.0,0.0,0.0,0.0,0.0,0.0,0.0,0.0,0.0,0.0,0.0,0.0,-0.6931471805599453,0.0,0.6931471805599453,0.0,0.0,0.6931471805599453,0.0,0.0,0.0,0.0,0.0,0.0,0.0,0.0,0.0,0.0,0.0,0.0,0.0,0.0,0.0,0.0,0.0,0.0,0.0,0.0,-0.6931471805599453,0.0,0.0,0.0,0.0,-0.6931471805599453,-0.6931471805599453,0.0,0.0,0.0,-0.6931471805599453,0.0,0.0,0.0,-0.6931471805599453,0.0,0.0,0.0,0.0,0.0,0.0,0.0,0.6931471805599453,0.0,0.0,0.0,0.0,0.0,1.376127243764448,0.0,0.6931471805599453,0.0,0.0,0.0,1.143064051238943,0.0,0.0,0.0,0.0,-0.6931471805599453,0.0,0.0,0.0
5.363512103646634,1.1925144413116917,COC(=O)c1c(NCc2ccc(OC)cc2)c(=O)c(=O)c2oc3cc(N(C)C)ccc3[nH]c1=2,0.0,0.0,0.0,0.0,0.0,0.6931471805599453,0.0,0.0,0.0,0.0,0.0,0.0,0.0,0.0,0.0,0.0,0.0,0.0,0.0,-1.1331450307589015,0.0,0.0,0.0,0.0,0.0,0.0,0.0,0.0,0.0,0.0,0.0,0.0,0.0,0.0,0.0,0.0,0.0,0.0,0.0,-0.4162037506942712,-0.28926551855635146,0.0,0.0,-0.37988777621637526,0.0,0.0,0.0,0.0,0.0,0.0,0.5811421221834507,0.0,0.0,0.0,0.6931471805599453,0.0,0.0,-0.6931471805599453,0.6931471805599453,0.0,0.0,0.0,0.0,-0.6931471805599453,0.0,0.0,0.0,0.6931471805599453,-0.6931471805599453,0.0,0.0,0.0,0.0,0.0,0.0,0.0,0.0,0.0,0.0,0.0,0.0,-0.6931471805599453,0.0,0.0,0.0,0.0,0.0,0.0,0.0,0.0,0.0,0.0,0.0,0.0,0.0,0.0,0.0,0.0,0.0,0.0,0.0,0.0,0.0,0.0,0.0,0.0,0.0,0.0,0.0,0.0,0.0,0.0,0.0,0.0,0.0,0.0,0.0,0.0,0.0,0.6931471805599453,0.0,0.0,0.6931471805599453,0.0,0.0,0.0,0.0,0.0,0.0,0.0,0.0,0.0,0.0,0.0,0.0,0.0,0.0,0.0,0.0,0.0,0.0,0.0,0.0,-0.6931471805599453,0.0,0.0,0.0,0.0,-0.6931471805599453,0.0,0.0,0.0,0.0,-0.6931471805599453,0.0,0.0,0.0,-0.6931471805599453,0.0,0.0,0.0,0.0,0.0,0.0,0.0,0.6931471805599453,0.0,0.0,0.0,0.0,0.0,1.132706500011087,0.0,0.6931471805599453,0.0,0.0,0.0,1.0143519450503693,-0.6931471805599453,0.0,0.0,0.0,-0.6931471805599453,0.0,0.0,0.0
5.259637310505756,1.1925144413116917,COC(=O)c1c(N2CCCCC2)c(=O)c(=O)c2oc3cc(N(C)C)ccc3[nH]c1=2,-0.7148462436713207,0.0,0.0,0.0,0.0,0.6931471805599453,0.0,0.0,0.0,0.0,0.0,0.0,0.0,0.0,0.0,0.0,0.0,0.0,0.0,-1.1331450307589015,0.0,0.0,0.0,0.0,0.0,0.6931471805599453,0.0,0.0,0.0,0.0,0.0,0.0,0.0,0.0,0.0,0.0,0.0,0.0,0.0,-0.4395700079753585,-0.5370004781028717,0.0,0.0,-0.36169094573470884,0.0,0.0,0.0,0.0,0.0,0.0,1.0146066247919736,0.0,0.0,0.0,0.6931471805599453,0.0,0.0,0.0,0.6931471805599453,0.0,0.0,0.0,0.0,-0.6931471805599453,0.0,0.0,0.0,0.6931471805599453,0.0,0.0,0.0,0.0,0.0,-0.6931471805599453,0.0,0.0,0.0,0.0,0.0,0.0,0.0,-0.6931471805599453,0.0,0.0,0.0,0.0,0.0,0.0,0.0,0.0,0.0,0.0,0.0,0.0,0.0,0.0,0.0,0.0,0.0,-0.6931471805599453,0.0,0.0,0.0,0.0,0.0,0.0,0.0,0.0,0.0,0.0,0.0,0.0,0.0,0.0,0.0,0.0,0.0,-0.6931471805599453,0.0,0.6931471805599453,0.0,0.0,0.6931471805599453,0.0,0.0,0.0,0.0,0.0,0.0,0.0,0.0,0.0,0.0,0.0,0.0,0.0,0.0,0.0,0.0,0.0,0.0,0.0,0.0,-0.6931471805599453,0.0,0.0,0.0,0.0,-0.6931471805599453,-0.6931471805599453,0.0,0.0,0.0,0.0,0.0,0.0,0.0,-0.6931471805599453,0.0,0.0,0.0,0.0,0.0,0.0,0.0,0.6931471805599453,0.0,0.0,0.0,0.0,0.0,1.0752194090934057,0.0,0.6931471805599453,0.0,0.0,0.0,-0.9461436950238356,-0.6931471805599453,0.0,0.0,0.0,-0.6931471805599453,0.0,0.0,0.0
5.391473966422806,1.1925144413116917,COC(=O)c1c(NC2CCCCC2)c(=O)c(=O)c2oc3cc(N(C)C)ccc3[nH]c1=2,-0.7148462436713207,0.0,0.0,0.0,0.0,0.6931471805599453,0.0,0.0,0.0,0.0,0.0,0.0,0.0,0.0,0.0,0.0,0.0,0.0,0.0,-1.1331450307589015,0.0,0.0,0.0,0.0,0.0,0.0,0.0,0.0,0.0,0.0,0.0,0.0,0.0,0.0,0.0,0.0,0.0,0.0,0.0,-0.5347029318994718,-0.45562167701801837,0.0,0.0,-0.46487698447148734,0.0,0.0,0.0,0.0,0.0,0.0,0.9565297750543372,0.0,0.0,0.0,0.6931471805599453,0.0,0.0,0.0,0.6931471805599453,0.0,0.0,0.0,0.0,-0.6931471805599453,0.0,0.0,0.0,0.6931471805599453,0.0,0.0,0.0,0.0,0.0,-0.6931471805599453,0.0,0.0,0.0,0.0,0.0,0.0,0.0,-0.6931471805599453,0.0,0.0,0.0,0.0,0.0,0.0,0.0,0.0,0.0,0.0,0.0,0.0,0.0,0.0,0.0,0.0,0.0,-0.6931471805599453,0.0,0.0,0.0,0.0,0.0,0.0,0.0,0.0,0.0,0.0,0.0,0.0,0.0,0.0,0.0,0.0,0.0,-0.6931471805599453,0.0,0.6931471805599453,0.0,0.0,0.6931471805599453,0.0,0.0,0.0,0.0,0.0,0.0,0.0,0.0,0.0,0.0,0.0,0.0,0.0,0.0,0.0,0.0,0.0,0.0,0.0,0.0,-0.6931471805599453,0.0,0.0,0.0,0.0,-0.6931471805599453,-0.6931471805599453,0.0,0.0,0.0,0.0,0.0,0.0,0.0,-0.6931471805599453,0.0,0.0,0.0,0.0,0.0,0.0,0.0,0.6931471805599453,0.0,0.0,0.0,0.0,0.0,1.527563084292438,0.0,0.6931471805599453,0.0,0.0,0.0,-0.5978370007556204,-0.6931471805599453,0.0,0.0,0.0,-0.6931471805599453,0.0,0.0,0.0
5.427128397799519,1.1925144413116917,COC(=O)c1c(N2CCOCC2)c(=O)c(=O)c2oc3cc(N(C)C)ccc3[nH]c1=2,-0.7148462436713207,0.0,0.0,0.0,0.0,0.6931471805599453,0.0,0.0,0.0,0.0,0.0,0.0,0.0,0.0,0.0,0.0,0.0,0.0,0.0,-1.1331450307589015,0.0,0.0,0.0,0.0,0.0,0.6931471805599453,0.0,0.0,0.0,0.0,0.0,0.0,0.0,0.0,0.0,0.0,0.0,0.0,0.0,-0.41778562746157444,-0.5370004781028717,0.0,0.0,-0.3890299949107863,0.0,0.0,0.0,0.0,0.0,0.0,0.9766815904916452,0.0,0.0,0.0,0.6931471805599453,0.0,0.0,0.0,0.6931471805599453,0.0,0.0,0.0,0.0,-0.6931471805599453,0.0,0.0,0.0,0.6931471805599453,0.0,0.0,0.0,0.0,0.0,-0.6931471805599453,0.0,0.0,0.0,0.0,0.0,0.0,0.0,-0.6931471805599453,0.0,0.0,0.0,0.0,0.0,0.0,0.0,0.0,0.0,0.0,0.0,0.0,0.0,0.0,0.0,0.0,0.0,-0.6931471805599453,0.0,0.0,0.0,0.0,0.0,0.0,0.0,0.0,0.0,0.0,0.0,0.0,0.0,0.0,0.0,0.0,0.0,-0.6931471805599453,0.0,0.6931471805599453,0.0,0.0,0.6931471805599453,0.0,0.0,0.0,0.0,0.0,0.0,0.0,0.0,0.0,0.0,0.0,0.0,0.0,0.0,0.0,0.0,0.0,0.0,0.0,0.0,-0.6931471805599453,0.0,0.0,0.0,0.0,-0.6931471805599453,0.0,0.0,0.0,0.0,0.0,0.0,0.0,0.0,-0.6931471805599453,0.0,0.0,0.0,0.0,0.0,0.0,0.0,0.6931471805599453,0.0,0.0,0.0,0.0,0.0,-0.9081653244302395,0.0,0.6931471805599453,0.0,0.0,0.0,-0.45473615711494714,-0.6931471805599453,0.0,0.0,0.0,-0.6931471805599453,0.0,0.0,0.0
5.336299074610352,1.1925144413116917,COC(=O)c1c(NC2CCCC2)c(=O)c(=O)c2oc3cc(N(C)C)ccc3[nH]c1=2,-0.7148462436713207,0.0,0.0,0.0,0.0,0.6931471805599453,0.0,0.0,0.0,0.0,0.0,0.0,0.0,0.0,0.0,0.0,0.0,0.0,0.0,-1.1331450307589015,0.0,0.0,0.0,0.0,0.0,0.0,0.0,0.0,0.0,0.0,0.0,0.0,0.0,0.0,0.0,0.0,0.0,0.0,0.0,-0.5305694948740625,-0.5370004781028717,0.0,0.0,-0.3913579133165412,0.0,0.0,0.0,0.0,0.0,0.0,0.9816567251317591,0.0,0.0,0.0,0.6931471805599453,0.0,0.0,-0.6931471805599453,0.6931471805599453,0.0,0.0,0.0,0.0,-0.6931471805599453,0.0,0.0,0.0,0.6931471805599453,0.0,0.0,0.0,0.0,0.0,-0.6931471805599453,0.0,0.0,0.0,0.0,0.0,0.0,0.0,-0.6931471805599453,0.0,0.0,0.0,0.0,0.0,0.0,0.0,0.0,0.0,0.0,0.0,0.0,0.0,0.0,0.0,0.0,0.0,-0.6931471805599453,0.0,0.0,0.0,0.0,0.0,0.0,0.0,0.0,0.0,0.0,0.0,0.0,0.0,0.0,0.0,0.0,0.0,-0.6931471805599453,0.0,0.6931471805599453,0.0,0.0,0.6931471805599453,0.0,0.0,0.0,0.0,0.0,0.0,0.0,0.0,0.0,0.0,0.0,0.0,0.0,0.0,0.0,0.0,0.0,0.0,0.0,0.0,-0.6931471805599453,0.0,0.0,0.0,0.0,-0.6931471805599453,-0.6931471805599453,0.0,0.0,0.0,0.0,0.0,0.0,0.0,-0.6931471805599453,0.0,0.0,0.0,0.0,0.0,0.0,0.0,0.6931471805599453,0.0,0.0,0.0,0.0,0.0,1.5860450328593971,0.0,0.6931471805599453,0.0,0.0,0.0,-0.46430560813109784,-0.6931471805599453,0.0,0.0,0.0,-0.6931471805599453,0.0,0.0,0.0
5.471083299722345,1.1925144413116917,CCCCOC(=O)c1c(NCc2ccc(OC)cc2)c(=O)c(=O)c2oc3cc(N(C)C)ccc3[nH]c1=2,0.0,0.0,0.0,0.0,0.0,0.6931471805599453,0.0,0.0,0.0,0.0,0.0,0.0,0.0,0.0,0.0,0.0,0.0,0.0,0.0,-1.1331450307589015,0.0,0.0,0.0,0.0,0.0,0.0,0.0,0.0,0.0,0.0,0.0,0.0,0.0,0.0,0.0,0.0,0.0,0.0,0.0,-0.5158708914588054,-0.5370004781028717,0.0,0.0,-0.389140971138964,0.0,0.0,0.0,0.0,0.0,0.0,0.5848389840647767,0.0,0.0,0.0,0.6931471805599453,0.0,0.0,-0.6931471805599453,0.6931471805599453,0.0,0.0,0.0,0.0,-0.6931471805599453,0.0,0.0,0.0,0.6931471805599453,-0.6931471805599453,0.0,0.0,0.0,0.0,0.0,0.0,0.0,0.0,0.0,0.0,0.0,0.0,-0.6931471805599453,0.0,0.0,0.0,0.0,0.0,0.0,0.0,-0.6931471805599453,0.0,0.0,0.0,0.0,0.0,0.0,0.0,0.0,0.0,0.0,0.0,0.0,0.0,0.0,0.0,0.0,0.0,0.0,0.0,0.0,0.0,0.0,0.0,0.0,0.0,0.0,0.0,0.0,0.0,0.6931471805599453,0.0,0.0,0.6931471805599453,0.0,0.0,0.0,0.0,0.0,0.0,0.0,0.0,0.0,0.0,0.0,0.0,0.0,0.0,0.0,0.0,0.0,0.0,0.0,0.0,-0.6931471805599453,0.0,0.0,0.0,0.0,-0.6931471805599453,0.0,0.0,0.0,0.0,0.0,0.0,0.0,0.0,-0.6931471805599453,0.0,0.0,0.0,0.0,0.0,0.0,0.0,0.6931471805599453,0.0,0.0,0.0,0.0,0.0,1.0142248963905633,0.0,0.6931471805599453,0.0,0.0,0.0,0.5377330766859151,-0.6931471805599453,0.0,0.0,0.0,-0.6931471805599453,0.0,0.0,0.0
5.281498311132726,1.1925144413116917,COC(=O)c1c(N)c(=O)c(=O)c2oc3cc(N(C)C)ccc3[nH]c1=2,-0.7148462436713207,0.0,0.0,0.0,0.0,0.6931471805599453,0.0,0.0,0.0,0.0,0.0,0.0,0.0,0.0,0.0,0.0,0.0,0.0,0.0,-1.1331450307589015,0.0,0.0,0.0,0.0,0.0,0.0,0.0,0.0,0.0,0.0,0.0,0.0,0.0,0.0,0.0,0.0,0.0,0.0,0.0,-0.5376983728162604,-0.5370004781028717,0.0,0.0,-0.48373020300112074,0.0,0.0,0.0,0.0,0.0,0.0,0.631694401346282,0.0,0.0,0.0,0.6931471805599453,0.0,0.0,-0.6931471805599453,0.6931471805599453,0.0,0.0,0.0,0.0,-0.6931471805599453,0.0,0.0,0.0,0.6931471805599453,-0.6931471805599453,0.0,0.0,0.0,0.0,-0.6931471805599453,0.0,0.0,0.0,0.0,0.0,0.0,0.0,-0.6931471805599453,0.0,0.0,0.0,0.0,0.0,0.0,0.0,0.0,0.0,0.0,0.0,0.0,0.0,0.0,0.0,0.0,0.0,-0.6931471805599453,0.0,0.0,0.0,0.0,0.0,0.0,0.0,0.0,0.0,0.0,0.0,0.0,0.0,0.0,0.0,0.0,0.0,-0.6931471805599453,0.0,0.6931471805599453,0.0,0.0,0.6931471805599453,0.0,0.0,0.0,0.0,0.0,0.0,0.0,0.0,0.0,0.0,0.0,0.0,0.0,0.0,0.0,0.0,0.0,0.0,0.0,0.0,-0.6931471805599453,0.0,0.0,0.0,0.0,-0.6931471805599453,-0.6931471805599453,0.0,0.0,0.0,-0.6931471805599453,0.0,0.0,0.0,-0.6931471805599453,0.0,0.0,0.0,0.0,0.0,0.0,0.0,0.6931471805599453,0.0,0.0,0.0,0.0,0.0,0.7629104681096573,0.0,0.6931471805599453,0.0,0.0,0.0,-0.2646925542270822,-0.6931471805599453,0.0,0.0,0.0,-0.6931471805599453,0.0,0.0,0.0
5.210419287835574,1.1925144413116917,COC(=O)c1c(Nc2ccccc2)c(=O)c(=O)c2oc3cc(N(C)C)ccc3[nH]c1=2,-0.7148462436713207,0.0,0.0,0.0,0.0,0.6931471805599453,0.0,0.0,0.0,0.0,0.0,0.0,0.0,0.0,0.0,0.0,0.0,0.6931471805599453,0.0,-1.1331450307589015,0.0,0.0,0.0,0.0,0.0,0.0,0.0,0.0,0.0,0.0,0.0,0.0,0.0,0.0,0.0,0.0,0.0,0.0,0.0,-0.43305324424360403,-0.5370004781028717,0.0,0.0,-0.33814806152229565,0.0,0.0,0.0,0.0,0.0,0.0,0.9565297750543372,0.0,0.0,0.0,0.6931471805599453,0.0,0.0,-0.6931471805599453,0.6931471805599453,0.0,0.0,0.0,0.0,-0.6931471805599453,0.0,0.0,0.0,0.6931471805599453,-0.6931471805599453,0.0,0.0,0.0,0.0,-0.6931471805599453,0.0,0.0,0.0,0.0,0.0,0.0,0.0,-0.6931471805599453,0.0,0.0,0.0,0.0,0.0,0.0,0.0,0.0,0.0,0.0,0.0,0.0,0.0,0.0,0.0,0.0,0.0,-0.6931471805599453,0.0,0.0,0.0,0.0,0.0,0.0,0.0,0.6931471805599453,0.0,0.0,0.0,0.0,0.0,0.0,0.0,0.0,0.0,-0.6931471805599453,0.0,0.6931471805599453,0.0,0.0,0.6931471805599453,0.0,0.0,0.0,0.0,0.0,0.0,0.0,0.0,0.0,0.0,0.0,0.0,0.0,0.0,0.0,0.0,0.0,0.0,0.0,0.0,-0.6931471805599453,0.0,0.0,0.0,0.0,-0.6931471805599453,-0.6931471805599453,0.0,0.0,0.0,-0.6931471805599453,0.0,0.0,0.0,-0.6931471805599453,0.0,0.0,0.0,0.0,0.0,0.0,0.0,0.6931471805599453,0.0,0.0,0.0,0.0,0.0,1.527563084292438,0.0,0.6931471805599453,0.0,0.0,0.0,0.7230001437096257,-0.6931471805599453,0.0,0.0,0.0,-0.6931471805599453,0.0,0.0,0.0
6.319664486585436,1.1925144413116917,CC(C)c1cc(C(C)C)c(CC(=O)NS(=O)(=O)Oc2c(C(C)C)cccc2C(C)C)c(C(C)C)c1,0.0,0.0,0.0,0.0,0.0,0.6931471805599453,0.0,0.0,0.0,0.0,0.0,0.0,0.0,0.0,0.0,0.0,0.0,0.0,0.0,-1.6654811635096367,0.0,0.0,0.0,0.0,0.0,0.0,0.0,0.0,0.0,-0.6931471805599453,0.0,0.0,0.0,0.0,0.0,-0.6931471805599453,0.0,0.0,-0.6931471805599453,-0.5103147411957505,-0.5070496336171344,0.0,0.0,-0.375285132072446,0.0,0.0,0.0,0.0,0.0,0.0,0.8853534965864422,0.0,0.0,0.0,0.0,0.0,0.0,-0.6931471805599453,0.6931471805599453,0.0,0.0,0.0,-0.6931471805599453,-0.6931471805599453,0.0,0.0,0.0,0.6931471805599453,-0.6931471805599453,0.0,0.0,0.0,0.0,-0.6931471805599453,0.0,0.0,0.0,-0.6931471805599453,0.0,0.0,0.0,-0.6931471805599453,-0.6931471805599453,0.0,0.0,0.0,0.0,0.0,-0.6931471805599453,-0.6931471805599453,0.0,0.0,0.0,0.0,0.0,0.0,0.0,0.0,0.0,-0.6931471805599453,0.0,0.0,0.0,0.0,0.0,0.0,0.0,0.0,0.0,0.0,0.0,0.0,0.0,-0.6931471805599453,0.0,0.0,0.0,-0.6931471805599453,0.0,0.6931471805599453,0.0,0.0,0.0,0.0,0.0,0.0,0.0,0.0,0.0,0.0,0.0,0.0,0.0,0.0,0.0,0.0,0.0,0.0,0.0,0.0,0.0,0.0,0.0,-0.6931471805599453,0.0,0.0,0.0,0.0,-0.6931471805599453,0.0,0.0,0.0,0.0,-0.6931471805599453,0.0,0.0,0.0,-0.6931471805599453,0.0,0.0,0.0,0.0,0.0,0.0,0.0,0.0,0.0,0.0,0.0,0.0,0.0,1.6393973129107184,0.0,0.0,0.0,0.0,0.0,0.24116205681688804,-0.6931471805599453,0.0,0.0,0.0,-0.6931471805599453,0.0,0.0,0.0
5.849485002168009,0.2973629040733618,COc1cccc(C2(CNC(=O)Nc3c(C(C)C)cccc3C(C)C)CCNCC2)c1,0.0,0.0,0.0,0.0,0.0,0.6931471805599453,0.0,0.6931471805599453,0.0,0.0,0.0,0.0,0.0,0.0,0.0,0.0,0.0,0.6931471805599453,0.0,-1.6654811635096367,0.0,0.0,0.0,0.0,0.0,0.6931471805599453,0.0,0.0,0.0,0.0,0.0,0.0,0.0,0.0,0.0,0.0,0.0,0.0,-0.6931471805599453,-0.5376983728162604,-0.5370004781028717,0.0,0.0,-0.48373020300112074,0.0,0.0,0.0,0.0,0.0,0.0,1.6127437005686003,0.0,0.0,0.0,0.6931471805599453,0.0,0.0,0.0,0.0,0.0,0.0,0.0,-0.6931471805599453,-0.6931471805599453,0.0,0.0,0.6931471805599453,0.6931471805599453,0.0,0.0,0.0,0.0,0.0,-0.6931471805599453,0.0,0.0,0.0,-0.6931471805599453,0.0,0.0,-0.6931471805599453,-0.6931471805599453,-0.6931471805599453,0.0,0.0,0.0,0.0,0.0,-0.6931471805599453,-0.6931471805599453,0.0,0.0,0.0,0.0,0.0,0.0,0.0,0.0,0.0,-0.6931471805599453,0.0,0.0,0.0,0.0,0.0,0.0,0.0,0.0,0.0,0.0,0.0,0.0,0.0,-0.6931471805599453,0.0,0.0,0.6931471805599453,-0.6931471805599453,0.0,0.0,-0.6931471805599453,0.0,0.0,0.0,0.0,0.0,0.0,0.0,0.0,0.0,0.0,0.0,0.0,0.0,0.0,0.0,0.0,0.0,0.0,0.0,0.0,0.0,0.0,-0.6931471805599453,0.0,0.0,0.0,0.0,-0.6931471805599453,-0.6931471805599453,0.0,0.0,0.0,0.0,0.0,0.0,0.0,-0.6931471805599453,0.0,0.0,0.0,0.0,0.0,0.0,0.0,0.0,0.0,0.0,0.0,0.0,0.0,-1.2386255188948248,0.0,0.6931471805599453,0.0,0.0,0.0,0.8665910633218818,-0.6931471805599453,0.0,0.0,0.0,-0.6931471805599453,0.0,0.0,0.0
6.177831920631983,1.1925144413116917,COc1cccc(C2(CNC(=O)Nc3c(C(C)C)cccc3C(C)C)CCN(C)CC2)c1,0.0,0.0,0.0,0.0,0.0,0.6931471805599453,0.0,0.6931471805599453,0.0,0.0,0.0,0.0,0.0,0.0,0.0,0.0,0.0,0.6931471805599453,0.0,-1.6654811635096367,0.0,0.0,0.0,0.0,0.0,0.6931471805599453,0.0,0.0,0.0,0.0,0.0,0.0,0.0,0.0,0.0,0.0,0.0,0.0,-0.6931471805599453,-0.45003173906639315,-0.5108908394745418,0.0,0.0,-0.3180965284796243,0.0,0.0,0.0,0.0,0.0,0.0,1.585986251399051,0.0,0.0,0.0,0.6931471805599453,0.0,0.0,0.0,0.0,0.0,0.0,0.0,-0.6931471805599453,-0.6931471805599453,0.0,0.0,0.6931471805599453,0.6931471805599453,0.0,0.0,0.0,0.0,0.0,-0.6931471805599453,0.0,0.0,0.0,-0.6931471805599453,0.0,0.0,-0.6931471805599453,-0.6931471805599453,-0.6931471805599453,0.0,0.0,0.0,0.0,0.0,-0.6931471805599453,-0.6931471805599453,0.0,0.0,0.0,0.0,0.0,0.0,0.0,0.0,0.0,-0.6931471805599453,0.0,0.0,0.0,0.0,0.0,0.0,0.0,0.0,0.0,0.0,0.0,0.0,0.0,-0.6931471805599453,0.0,0.0,0.6931471805599453,-0.6931471805599453,0.0,0.0,-0.6931471805599453,0.0,0.0,0.0,0.0,0.0,0.0,0.0,0.0,0.0,0.0,0.0,0.0,0.0,0.0,0.0,0.0,0.0,0.0,0.0,0.0,0.0,0.0,-0.6931471805599453,0.0,0.0,0.0,0.0,-0.6931471805599453,-0.6931471805599453,0.0,0.0,0.0,0.0,0.0,0.0,0.0,-0.6931471805599453,0.0,0.0,0.0,0.0,0.0,0.0,0.0,0.0,0.0,0.0,0.0,0.0,0.0,-1.4049062083144916,0.0,0.6931471805599453,0.0,0.0,0.0,-0.35364004024357837,-0.6931471805599453,0.0,0.0,0.0,-0.6931471805599453,0.0,0.0,0.0
6.262012673666569,1.1925144413116917,CCCN1CCC(CNC(=O)Nc2c(C(C)C)cccc2C(C)C)(c2cccc(OC)c2)CC1,0.0,0.0,0.0,0.0,0.0,0.6931471805599453,0.0,0.6931471805599453,0.0,0.0,0.0,0.0,0.0,0.0,0.0,0.0,0.0,0.6931471805599453,0.0,-1.6654811635096367,0.0,0.0,0.0,0.0,0.0,0.6931471805599453,0.0,0.0,0.0,0.0,0.0,0.0,0.0,0.0,0.0,0.0,0.0,0.0,-0.6931471805599453,-0.5376983728162604,-0.5370004781028717,0.0,0.0,-0.48373020300112074,0.0,0.0,0.0,0.0,0.0,0.0,1.575764697327513,0.0,0.0,0.0,0.6931471805599453,0.0,0.0,0.0,0.0,0.0,0.0,0.0,-0.6931471805599453,-0.6931471805599453,0.0,0.0,0.6931471805599453,0.6931471805599453,0.0,0.0,0.0,0.0,0.0,-0.6931471805599453,0.0,0.0,0.0,-0.6931471805599453,0.0,0.0,-0.6931471805599453,-0.6931471805599453,-0.6931471805599453,0.0,0.0,0.0,0.0,0.0,-0.6931471805599453,-0.6931471805599453,0.0,0.0,0.0,0.0,0.0,0.0,0.0,0.0,0.0,-0.6931471805599453,0.0,0.0,0.0,0.0,0.0,0.0,0.0,0.0,0.0,0.0,0.0,0.0,0.0,-0.6931471805599453,0.0,0.0,0.6931471805599453,-0.6931471805599453,0.0,0.0,-0.6931471805599453,0.0,0.0,0.0,0.0,0.0,0.0,0.0,0.0,0.0,0.0,0.0,0.0,0.0,0.0,0.0,0.0,0.0,0.0,0.0,0.0,0.0,0.0,-0.6931471805599453,0.0,0.0,0.0,0.0,-0.6931471805599453,-0.6931471805599453,0.0,0.0,0.0,0.0,0.0,0.0,0.0,-0.6931471805599453,0.0,0.0,0.0,0.0,0.0,0.0,0.0,0.0,0.0,0.0,0.0,0.0,0.0,-1.4707736333021166,0.0,0.6931471805599453,0.0,0.0,0.0,-0.614366302706831,-0.6931471805599453,0.0,0.0,0.0,-0.6931471805599453,0.0,0.0,0.0
7.455931955649724,1.1925144413116917,COc1cccc(C2(CNC(=O)Nc3c(C(C)C)cccc3C(C)C)CCN(c3ccccc3)CC2)c1,0.0,0.0,0.0,0.0,0.0,0.6931471805599453,0.0,0.6931471805599453,0.0,0.0,0.0,0.0,0.0,0.0,0.0,0.0,0.0,0.6931471805599453,0.0,-1.6654811635096367,0.0,0.0,0.0,0.0,0.0,0.6931471805599453,0.0,0.0,0.0,0.0,0.0,0.0,0.0,0.0,0.0,0.0,0.0,0.0,-0.6931471805599453,-0.4408064957192731,-0.469303419490408,0.0,0.0,-0.2569314487709528,0.0,0.0,0.0,0.0,0.0,0.0,1.5500955807149832,0.0,0.0,0.0,0.6931471805599453,0.0,0.0,0.0,0.0,0.0,0.0,0.0,-0.6931471805599453,-0.6931471805599453,0.0,0.0,0.6931471805599453,0.6931471805599453,0.0,0.0,0.0,0.0,0.0,-0.6931471805599453,0.0,0.0,0.0,-0.6931471805599453,0.0,0.0,-0.6931471805599453,-0.6931471805599453,-0.6931471805599453,0.0,0.0,0.0,0.0,0.0,-0.6931471805599453,-0.6931471805599453,0.0,0.0,0.0,0.0,0.0,0.0,0.0,0.0,0.0,-0.6931471805599453,0.0,0.0,0.0,0.0,0.0,0.0,0.0,0.6931471805599453,0.0,0.0,0.0,0.0,0.0,-0.6931471805599453,0.0,0.0,0.6931471805599453,-0.6931471805599453,0.0,0.0,-0.6931471805599453,0.0,0.6931471805599453,0.0,0.0,0.0,0.0,0.0,0.0,0.0,0.0,0.0,0.0,0.0,0.0,0.0,0.0,0.0,0.0,0.0,0.0,0.0,0.0,-0.6931471805599453,0.0,0.0,0.0,0.0,-0.6931471805599453,-0.6931471805599453,0.0,0.0,0.0,0.0,0.0,0.0,0.0,-0.6931471805599453,0.0,0.0,0.0,0.0,0.0,0.0,0.0,0.6931471805599453,0.0,0.0,0.0,0.0,0.0,-1.5021487558698703,0.0,0.6931471805599453,0.0,0.0,0.0,-0.6623755218931916,-0.6931471805599453,0.0,0.0,0.0,-0.6931471805599453,0.0,0.0,0.0
7.327902142064282,1.1925144413116917,COc1cccc(C2(CNC(=O)Nc3c(C(C)C)cccc3C(C)C)CCN(c3ccccc3OC)CC2)c1,0.7148462081390736,0.0,0.0,0.0,0.0,0.6931471805599453,0.0,0.6931471805599453,0.0,0.0,0.0,0.0,0.0,0.0,0.0,0.0,0.0,0.6931471805599453,0.0,-1.6654811635096367,0.0,0.0,0.0,0.0,0.0,0.6931471805599453,0.0,0.0,0.0,0.0,0.0,0.0,0.0,0.0,0.0,0.0,0.0,0.0,-0.6931471805599453,-0.45805990345402003,-0.5012600169685619,0.0,0.0,-0.24892015334971984,0.0,0.0,0.0,0.0,0.0,0.0,1.2297954517447693,0.0,0.0,0.0,0.6931471805599453,0.0,0.0,0.0,0.0,0.0,0.0,0.0,-0.6931471805599453,-0.6931471805599453,0.0,0.0,0.6931471805599453,0.6931471805599453,0.0,0.0,0.0,0.0,0.0,-0.6931471805599453,0.0,0.0,0.0,-0.6931471805599453,0.0,0.0,0.0,-0.6931471805599453,0.0,0.0,0.0,0.0,0.0,0.0,-0.6931471805599453,-0.6931471805599453,0.0,0.0,0.0,0.0,0.0,0.0,0.0,0.0,0.0,-0.6931471805599453,0.0,0.0,0.0,0.0,0.0,0.0,0.0,0.6931471805599453,0.0,0.0,0.0,0.0,0.0,-0.6931471805599453,0.0,0.0,0.6931471805599453,-0.6931471805599453,0.0,0.0,-0.6931471805599453,0.0,0.6931471805599453,0.0,0.0,0.0,0.0,0.0,0.0,0.0,0.0,0.0,0.0,0.0,0.0,0.0,0.0,0.0,0.0,0.0,0.0,0.0,0.0,-0.6931471805599453,0.0,0.0,0.0,0.0,-0.6931471805599453,-0.6931471805599453,0.0,0.0,0.0,0.0,0.0,0.0,0.0,-0.6931471805599453,0.0,0.0,0.0,0.0,0.0,0.0,0.0,0.6931471805599453,0.0,0.0,0.0,0.0,0.0,-1.4189909481962306,0.0,0.6931471805599453,0.0,0.0,0.0,-0.35364004024357837,-0.6931471805599453,0.0,0.0,0.0,-0.6931471805599453,0.0,0.0,0.0
5.886056647693163,1.1925144413116917,C/C=C1/[C@H](O)OC=C(C(=O)OC)[C@H]1CC(=O)OCCc1ccc(O)c(O)c1,0.7148462081390736,0.0,0.0,0.0,0.0,0.0,0.0,0.0,0.0,0.0,0.0,0.0,0.0,0.0,0.0,0.0,0.0,0.0,0.0,-1.6654811635096367,0.0,0.0,0.0,0.0,0.0,0.0,0.0,0.0,0.0,-0.6931471805599453,0.0,0.0,0.0,0.0,0.0,-0.6931471805599453,0.0,0.0,0.0,-0.5376983728162604,-0.5370004781028717,0.0,0.0,-0.48373020300112074,0.0,0.0,0.0,0.0,0.0,0.0,-0.6543237394770417,0.0,0.0,0.0,0.0,0.0,0.0,0.0,0.0,0.0,0.0,0.0,0.0,-0.6931471805599453,0.0,0.0,0.6931471805599453,0.6931471805599453,-0.6931471805599453,0.0,0.0,0.0,0.0,0.0,0.0,0.0,0.0,0.0,0.0,0.0,-0.6931471805599453,-0.6931471805599453,-0.6931471805599453,0.0,0.0,0.0,0.0,0.0,0.0,0.0,0.0,0.0,0.0,0.0,0.0,0.0,0.0,0.0,0.0,0.0,0.0,0.0,0.0,0.0,0.0,0.0,0.0,0.0,0.0,0.0,0.0,0.0,0.0,-0.6931471805599453,0.0,0.0,0.6931471805599453,0.0,0.0,0.0,0.0,0.0,0.0,0.0,0.0,0.0,0.0,0.0,0.0,0.0,0.0,0.0,0.0,0.0,0.0,0.0,0.0,0.0,0.0,0.0,0.0,0.0,0.0,-0.6931471805599453,0.0,0.0,0.0,0.0,0.0,0.0,0.0,0.0,0.0,-0.6931471805599453,0.0,0.0,0.0,-0.6931471805599453,0.0,0.0,0.0,0.0,0.0,0.0,0.0,0.0,0.0,0.0,0.0,0.0,0.0,-1.0100232095368638,0.0,0.0,0.0,0.0,0.0,-0.17979311044059593,0.0,0.0,0.0,0.0,-0.6931471805599453,0.0,0.0,0.0
4.548455006504028,0.2973629040733618,Cc1cc(SCc2sc(-c3ccc(C(F)(F)F)cc3)nc2C)ccc1OCC(=O)O,1.0713328951701342,0.0,0.0,0.0,0.0,0.6931471805599453,0.0,0.0,0.0,0.0,0.0,0.0,0.0,0.0,0.0,0.0,0.0,0.6931471805599453,0.0,-1.1660741395910952,0.0,0.0,0.0,0.0,0.0,0.6931471805599453,0.0,0.0,0.0,0.0,0.0,0.6931471805599453,0.0,0.0,0.0,-0.6931471805599453,0.0,0.0,0.0,-0.28872881297030356,-0.4638933486731711,0.0,0.0,-0.2742589034871814,0.0,0.0,0.0,0.0,0.0,0.0,1.0073776776488221,0.0,0.0,0.0,0.0,0.6931471805599453,0.0,-0.6931471805599453,0.6931471805599453,0.0,0.0,0.0,-0.6931471805599453,0.0,0.0,0.0,0.6931471805599453,0.0,-0.6931471805599453,0.0,0.0,0.0,0.0,-0.6931471805599453,0.0,0.0,0.0,0.0,0.0,0.0,-0.6931471805599453,-0.6931471805599453,-0.6931471805599453,0.0,0.0,0.0,0.0,0.0,0.0,-0.6931471805599453,0.0,0.0,0.0,0.0,0.0,0.0,0.0,0.0,0.0,0.0,0.0,0.0,0.0,0.0,0.0,0.0,0.0,0.0,0.0,0.0,0.0,0.0,0.0,0.0,0.0,0.0,0.0,-0.6931471805599453,0.0,0.0,0.0,0.0,0.6931471805599453,0.0,0.0,0.0,0.0,0.0,0.0,0.6931471805599453,0.0,0.0,0.0,0.0,0.0,0.0,0.0,0.0,0.0,0.0,0.0,0.0,0.0,-0.6931471805599453,0.0,0.0,0.0,0.0,-0.6931471805599453,-0.6931471805599453,0.0,0.0,0.0,-0.6931471805599453,0.0,0.0,0.0,-0.6931471805599453,0.0,0.0,0.0,0.0,0.0,0.0,0.0,0.6931471805599453,0.0,0.0,0.0,0.0,0.0,-1.620139960329746,0.0,0.0,0.0,0.0,0.0,-0.31015492830383956,0.0,0.0,0.0,0.0,-0.6931471805599453,0.0,0.0,0.0
4.548455006504028,0.2973629040733618,O=C(O)Cc1cc(Cl)cc(OCCC2(N3CCCC3)CCN(c3nc4ccc(C(F)(F)F)cc4s3)CC2)c1,0.0,0.0,0.0,0.0,0.0,0.0,0.0,0.0,0.0,0.0,0.0,0.0,0.0,0.0,0.0,0.0,0.0,0.0,0.0,-1.1875609099797837,0.0,0.0,0.0,0.0,0.0,0.6931471805599453,0.0,0.0,0.0,-0.6931471805599453,0.0,0.0,0.0,0.0,0.0,-0.6931471805599453,0.0,0.0,-0.6931471805599453,0.3783953109522987,0.18926009570862146,0.0,0.0,0.07385405965711297,0.0,0.0,0.0,0.0,0.0,0.0,0.09771547260557432,0.0,0.0,0.0,0.0,0.0,0.0,0.0,0.0,0.0,0.0,0.0,0.0,-0.6931471805599453,0.0,0.0,0.6931471805599453,0.6931471805599453,-0.6931471805599453,0.0,0.0,0.0,0.0,0.0,0.0,0.0,0.0,-0.6931471805599453,0.0,0.0,0.0,-0.6931471805599453,0.0,0.0,0.0,0.0,0.0,0.0,-0.6931471805599453,0.0,0.0,0.0,0.0,0.0,0.0,0.0,0.0,0.0,0.0,0.0,0.0,0.0,0.0,0.0,0.0,0.0,0.0,0.0,0.0,0.0,0.0,0.0,0.0,-0.6931471805599453,0.0,0.0,0.6931471805599453,-0.6931471805599453,0.0,0.0,0.0,0.0,0.6931471805599453,0.0,0.0,0.0,0.0,0.0,0.0,0.0,0.0,0.0,0.0,0.0,0.0,0.0,0.0,0.0,0.0,0.0,0.0,0.0,0.0,-0.6931471805599453,0.0,0.0,0.0,0.0,0.0,-0.6931471805599453,0.0,0.0,0.0,-0.6931471805599453,0.0,0.0,0.0,-0.6931471805599453,0.0,0.0,0.0,0.0,0.0,0.0,0.0,0.0,0.0,0.0,0.0,0.0,0.0,-1.620139960329746,0.0,0.6931471805599453,0.0,0.0,0.0,-0.8979415932059578,-0.6931471805599453,0.0,0.0,0.0,-0.6931471805599453,0.0,0.0,0.0
4.548455006504028,0.2973629040733618,Cc1ccc(CC(=O)O)cc1OCCC1(N2CCCC2)CCN(c2nc3ccc(Cl)cc3s2)CC1,0.0,0.0,0.0,0.0,0.0,0.0,0.0,0.0,0.0,0.0,0.0,0.0,0.0,0.0,0.0,0.0,0.0,0.0,0.0,-1.1875609099797837,0.0,0.0,0.0,0.0,0.0,0.6931471805599453,0.0,0.0,0.0,-0.6931471805599453,0.0,0.0,0.0,0.0,0.0,-0.6931471805599453,0.0,0.0,-0.6931471805599453,-0.10007883467002832,-0.3290179212476277,0.0,0.0,-0.2720157550274811,0.0,0.0,0.0,0.0,0.0,0.0,-0.6781343881707602,0.0,0.0,0.0,0.0,0.0,0.0,0.0,0.0,0.0,0.0,0.0,0.0,-0.6931471805599453,0.0,0.0,0.6931471805599453,0.6931471805599453,-0.6931471805599453,0.0,0.0,0.0,0.0,0.0,0.0,0.0,0.0,-0.6931471805599453,0.0,0.0,0.0,-0.6931471805599453,0.0,0.0,0.0,0.0,0.0,0.0,-0.6931471805599453,0.0,0.0,0.0,0.0,0.0,0.0,0.0,0.0,0.0,0.0,0.0,0.0,0.0,0.0,0.0,0.0,0.0,0.0,0.0,0.0,0.0,0.0,0.0,0.0,-0.6931471805599453,0.0,0.0,0.6931471805599453,0.0,0.0,0.0,0.0,0.0,0.6931471805599453,0.0,0.0,0.0,0.0,0.0,0.0,0.0,0.0,0.0,0.0,0.0,0.0,0.0,0.0,0.0,0.0,0.0,0.0,0.0,0.0,-0.6931471805599453,0.0,0.0,0.0,0.0,0.0,-0.6931471805599453,0.0,0.0,0.0,-0.6931471805599453,0.0,0.0,0.0,-0.6931471805599453,0.0,0.0,0.0,0.0,0.0,0.0,0.0,0.0,0.0,0.0,0.0,0.0,0.0,-1.3732032650730128,0.0,0.6931471805599453,0.0,0.0,0.0,-1.1716374236829992,-0.6931471805599453,0.0,0.0,0.0,-0.6931471805599453,0.0,0.0,0.0
4.548455006504028,0.2973629040733618,CN(C)C1(CCOc2cc(Cl)cc(CC(=O)O)c2)CCN(c2nc3ccc(Cl)cc3s2)CC1,0.0,0.0,0.0,0.0,0.0,0.0,0.0,0.0,0.0,0.0,0.0,0.0,0.0,0.0,0.0,0.0,0.0,0.0,0.0,-1.1875609099797837,0.0,0.0,0.0,0.0,0.0,0.6931471805599453,0.0,0.0,0.0,-0.6931471805599453,0.0,0.0,0.0,0.0,0.0,-0.6931471805599453,0.0,0.0,-0.6931471805599453,-0.04011374589636484,-0.3015116720132502,0.0,0.0,0.21821024562051783,0.0,0.0,0.0,0.0,0.0,0.0,-0.28602507124415155,0.0,0.0,0.0,0.0,0.0,0.0,0.0,0.0,0.0,0.0,0.0,0.0,-0.6931471805599453,0.0,0.0,0.6931471805599453,0.6931471805599453,-0.6931471805599453,0.0,0.0,0.0,0.0,0.0,0.0,0.0,0.0,-0.6931471805599453,0.0,0.0,0.0,-0.6931471805599453,0.0,0.0,0.0,0.0,0.0,0.0,-0.6931471805599453,0.0,0.0,0.0,0.0,0.0,0.0,0.0,0.0,0.0,0.0,0.0,0.0,0.0,0.0,0.0,0.0,0.0,0.0,0.0,0.0,0.0,0.0,0.0,0.0,-0.6931471805599453,0.0,0.0,0.6931471805599453,-0.6931471805599453,0.0,0.0,0.0,0.0,0.6931471805599453,0.0,0.0,0.0,0.0,0.0,0.0,0.0,0.0,0.0,0.0,0.0,0.0,0.0,0.0,0.0,0.0,0.0,0.0,0.0,0.0,-0.6931471805599453,0.0,0.0,0.0,0.0,0.0,-0.6931471805599453,0.0,0.0,0.0,-0.6931471805599453,0.0,0.0,0.0,-0.6931471805599453,0.0,0.0,0.0,0.0,0.0,0.0,0.0,0.0,0.0,0.0,0.0,0.0,0.0,-1.620139960329746,0.0,0.6931471805599453,0.0,0.0,0.0,-0.2876820724517809,-0.6931471805599453,0.0,0.0,0.0,-0.6931471805599453,0.0,0.0,0.0
4.548455006504028,0.2973629040733618,Cc1cc(CC(=O)O)cc(OCCC2(N3CCCC3)CCN(c3nc4ccc(Cl)cc4s3)CC2)c1,0.0,0.0,0.0,0.0,0.0,0.0,0.0,0.0,0.0,0.0,0.0,0.0,0.0,0.0,0.0,0.0,0.0,0.0,0.0,-1.1875609099797837,0.0,0.0,0.0,0.0,0.0,0.6931471805599453,0.0,0.0,0.0,-0.6931471805599453,0.0,0.0,0.0,0.0,0.0,-0.6931471805599453,0.0,0.0,-0.6931471805599453,-0.0837302759576585,-0.38338515599809164,0.0,0.0,-0.31176205198226653,0.0,0.0,0.0,0.0,0.0,0.0,-0.6764523019877754,0.0,0.0,0.0,0.0,0.0,0.0,0.0,0.0,0.0,0.0,0.0,0.0,-0.6931471805599453,0.0,0.0,0.6931471805599453,0.6931471805599453,-0.6931471805599453,0.0,0.0,0.0,0.0,0.0,0.0,0.0,0.0,-0.6931471805599453,0.0,0.0,0.0,-0.6931471805599453,0.0,0.0,0.0,0.0,0.0,0.0,-0.6931471805599453,0.0,0.0,0.0,0.0,0.0,0.0,0.0,0.0,0.0,0.0,0.0,0.0,0.0,0.0,0.0,0.0,0.0,0.0,0.0,0.0,0.0,0.0,0.0,0.0,-0.6931471805599453,0.0,0.0,0.6931471805599453,-0.6931471805599453,0.0,0.0,0.0,0.0,0.6931471805599453,0.0,0.0,0.0,0.0,0.0,0.0,0.0,0.0,0.0,0.0,0.0,0.0,0.0,0.0,0.0,0.0,0.0,0.0,0.0,0.0,-0.6931471805599453,0.0,0.0,0.0,0.0,0.0,-0.6931471805599453,0.0,0.0,0.0,-0.6931471805599453,0.0,0.0,0.0,-0.6931471805599453,0.0,0.0,0.0,0.0,0.0,0.0,0.0,0.0,0.0,0.0,0.0,0.0,0.0,-1.620139960329746,0.0,0.6931471805599453,0.0,0.0,0.0,-0.7939518796819102,-0.6931471805599453,0.0,0.0,0.0,-0.6931471805599453,0.0,0.0,0.0
4.548455006504028,0.2973629040733618,O=C(O)Cc1cc(Cl)cc(OCCC2(C3CCCCC3)CCN(c3nc4ccc(Cl)cc4s3)CC2)c1,0.0,0.0,0.0,0.0,0.0,0.0,0.0,0.0,0.0,0.0,0.0,0.0,0.0,0.0,0.0,0.0,0.0,0.0,0.0,-1.1875609099797837,0.0,0.0,0.0,0.0,0.0,0.6931471805599453,0.0,0.0,0.0,-0.6931471805599453,0.0,0.0,0.0,0.0,0.0,-0.6931471805599453,0.0,0.0,-0.6931471805599453,-0.44829570010241826,-0.22771643148695175,0.0,0.0,-0.27786231450689003,0.0,0.0,0.0,0.0,0.0,0.0,-0.3603107106276204,0.0,0.0,0.0,0.0,0.0,0.0,0.0,0.0,0.0,0.0,0.0,0.0,-0.6931471805599453,0.0,0.0,0.6931471805599453,0.6931471805599453,-0.6931471805599453,0.0,0.0,0.0,0.0,0.0,0.0,0.0,0.0,-0.6931471805599453,0.0,0.0,-0.6931471805599453,-0.6931471805599453,0.0,0.0,0.0,0.0,0.0,0.0,-0.6931471805599453,0.0,0.0,0.0,0.0,0.0,0.0,0.0,0.0,0.0,0.0,0.0,0.0,0.0,0.0,0.0,0.0,0.0,0.0,0.0,0.0,0.0,0.0,0.0,0.0,-0.6931471805599453,0.0,0.0,0.6931471805599453,-0.6931471805599453,0.0,0.0,0.0,0.0,0.6931471805599453,0.0,0.0,0.0,0.0,0.0,0.0,0.0,0.0,0.0,0.0,0.0,0.0,0.0,0.0,0.0,0.0,0.0,0.0,0.0,0.0,-0.6931471805599453,0.0,0.0,0.0,0.0,0.0,-0.6931471805599453,0.0,0.0,0.0,-0.6931471805599453,0.0,0.0,0.0,-0.6931471805599453,0.0,0.0,0.0,0.0,0.0,0.0,0.0,0.0,0.0,0.0,0.0,0.0,0.0,-1.620139960329746,0.0,0.6931471805599453,0.0,0.0,0.0,-0.787079000394148,-0.6931471805599453,0.0,0.0,0.0,-0.6931471805599453,0.0,0.0,0.0
4.548455006504028,0.2973629040733618,O=C(O)Cc1cc(Cl)cc(OCCC2(N3CCCCC3)CCN(c3nc4ccc(Cl)cc4s3)CC2)c1,0.0,0.0,0.0,0.0,0.0,0.0,0.0,0.0,0.0,0.0,0.0,0.0,0.0,0.0,0.0,0.0,0.0,0.0,0.0,-1.1875609099797837,0.0,0.0,0.0,0.0,0.0,0.6931471805599453,0.0,0.0,0.0,-0.6931471805599453,0.0,0.0,0.0,0.0,0.0,-0.6931471805599453,0.0,0.0,-0.6931471805599453,-0.28692882891456667,-0.27662527018248356,0.0,0.0,-0.2222672229285813,0.0,0.0,0.0,0.0,0.0,0.0,-0.39659587036738486,0.0,0.0,0.0,0.0,0.0,0.0,0.0,0.0,0.0,0.0,0.0,0.0,-0.6931471805599453,0.0,0.0,0.6931471805599453,0.6931471805599453,-0.6931471805599453,0.0,0.0,0.0,0.0,0.0,0.0,0.0,0.0,-0.6931471805599453,0.0,0.0,0.0,-0.6931471805599453,0.0,0.0,0.0,0.0,0.0,0.0,-0.6931471805599453,0.0,0.0,0.0,0.0,0.0,0.0,0.0,0.0,0.0,0.0,0.0,0.0,0.0,0.0,0.0,0.0,0.0,0.0,0.0,0.0,0.0,0.0,0.0,0.0,-0.6931471805599453,0.0,0.0,0.6931471805599453,-0.6931471805599453,0.0,0.0,0.0,0.0,0.6931471805599453,0.0,0.0,0.0,0.0,0.0,0.0,0.0,0.0,0.0,0.0,0.0,0.0,0.0,0.0,0.0,0.0,0.0,0.0,0.0,0.0,-0.6931471805599453,0.0,0.0,0.0,0.0,0.0,-0.6931471805599453,0.0,0.0,0.0,-0.6931471805599453,0.0,0.0,0.0,-0.6931471805599453,0.0,0.0,0.0,0.0,0.0,0.0,0.0,0.0,0.0,0.0,0.0,0.0,0.0,-1.5474395150500333,0.0,0.6931471805599453,0.0,0.0,0.0,-0.787079000394148,-0.6931471805599453,0.0,0.0,0.0,-0.6931471805599453,0.0,0.0,0.0
4.548455006504028,0.2973629040733618,O=C(O)Cc1cc(Cl)cc(OCCC2(N3CCCC3)CCN(c3nc4ccc(Cl)cc4s3)CC2)c1,0.0,0.0,0.0,0.0,0.0,0.0,0.0,0.0,0.0,0.0,0.0,0.0,0.0,0.0,0.0,0.0,0.0,0.0,0.0,-1.1875609099797837,0.0,0.0,0.0,0.0,0.0,0.6931471805599453,0.0,0.0,0.0,-0.6931471805599453,0.0,0.0,0.0,0.0,0.0,-0.6931471805599453,0.0,0.0,-0.6931471805599453,-0.36020506260528534,0.0801299367418917,0.0,0.0,0.2931401534334242,0.0,0.0,0.0,0.0,0.0,0.0,-0.33220581630751195,0.0,0.0,0.0,0.0,0.0,0.0,0.0,0.0,0.0,0.0,0.0,0.0,-0.6931471805599453,0.0,0.0,0.6931471805599453,0.6931471805599453,-0.6931471805599453,0.0,0.0,0.0,0.0,0.0,0.0,0.0,0.0,-0.6931471805599453,0.0,0.0,0.0,-0.6931471805599453,0.0,0.0,0.0,0.0,0.0,0.0,-0.6931471805599453,0.0,0.0,0.0,0.0,0.0,0.0,0.0,0.0,0.0,0.0,0.0,0.0,0.0,0.0,0.0,0.0,0.0,0.0,0.0,0.0,0.0,0.0,0.0,0.0,-0.6931471805599453,0.0,0.0,0.6931471805599453,-0.6931471805599453,0.0,0.0,0.0,0.0,0.6931471805599453,0.0,0.0,0.0,0.0,0.0,0.0,0.0,0.0,0.0,0.0,0.0,0.0,0.0,0.0,0.0,0.0,0.0,0.0,0.0,0.0,-0.6931471805599453,0.0,0.0,0.0,0.0,0.0,-0.6931471805599453,0.0,0.0,0.0,-0.6931471805599453,0.0,0.0,0.0,-0.6931471805599453,0.0,0.0,0.0,0.0,0.0,0.0,0.0,0.0,0.0,0.0,0.0,0.0,0.0,-1.620139960329746,0.0,0.6931471805599453,0.0,0.0,0.0,-0.708185057924485,-0.6931471805599453,0.0,0.0,0.0,-0.6931471805599453,0.0,0.0,0.0
4.548455006504028,0.2973629040733618,O=C(O)Cc1cc(Cl)cc(OCCC2(N3CCCCCC3)CCN(c3nc4ccc(Cl)cc4s3)CC2)c1,0.0,0.0,0.0,0.0,0.0,0.0,0.0,0.0,0.0,0.0,0.0,0.0,0.0,0.0,0.0,0.0,0.0,0.0,0.0,-1.1875609099797837,0.0,0.0,0.0,0.0,0.0,0.6931471805599453,0.0,0.0,0.0,-0.6931471805599453,0.0,0.0,0.0,0.0,0.0,-0.6931471805599453,0.0,0.0,-0.6931471805599453,0.0821773208441713,-0.12066400795998873,0.0,0.0,-0.011873681621843378,0.0,0.0,0.0,0.0,0.0,0.0,-0.45078030432020694,0.0,0.0,0.0,0.0,0.0,0.0,0.0,0.0,0.0,0.0,0.0,0.0,-0.6931471805599453,0.0,0.0,0.6931471805599453,0.6931471805599453,-0.6931471805599453,0.0,0.0,0.0,0.0,0.0,0.0,0.0,0.0,-0.6931471805599453,0.0,0.0,0.0,-0.6931471805599453,0.0,0.0,0.0,0.0,0.0,0.0,-0.6931471805599453,0.0,0.0,0.0,0.0,0.0,0.0,0.0,0.0,0.0,0.0,0.0,0.0,0.0,0.0,0.0,0.0,0.0,0.0,0.0,0.0,0.0,0.0,0.0,0.0,-0.6931471805599453,0.0,0.0,0.6931471805599453,-0.6931471805599453,0.0,0.0,0.0,0.0,0.6931471805599453,0.0,0.0,0.0,0.0,0.0,0.0,0.0,0.0,0.0,0.0,0.0,0.0,0.0,0.0,0.0,0.0,0.0,0.0,0.0,0.0,-0.6931471805599453,0.0,0.0,0.0,0.0,0.0,-0.6931471805599453,0.0,0.0,0.0,-0.6931471805599453,0.0,0.0,0.0,-0.6931471805599453,0.0,0.0,0.0,0.0,0.0,0.0,0.0,0.0,0.0,0.0,0.0,0.0,0.0,-1.2683306733087405,0.0,0.6931471805599453,0.0,0.0,0.0,-0.8537703748928204,-0.6931471805599453,0.0,0.0,0.0,-0.6931471805599453,0.0,0.0,0.0
4.548455006504028,0.2973629040733618,O=C(O)Cc1ccc(Cl)c(OCCC2(C3CCCCC3)CCN(c3nc4ccc(Cl)cc4s3)CC2)c1,0.0,0.0,0.0,0.0,0.0,0.0,0.0,0.0,0.0,0.0,0.0,0.0,0.0,0.0,0.0,0.0,0.0,0.0,0.0,-1.1875609099797837,0.0,0.0,0.0,0.0,0.0,0.6931471805599453,0.0,0.0,0.0,-0.6931471805599453,0.0,0.0,0.0,0.0,0.0,-0.6931471805599453,0.0,0.0,-0.6931471805599453,-0.0031589618984536566,-0.15831827725197956,0.0,0.0,-0.047169000902702804,0.0,0.0,0.0,0.0,0.0,0.0,-0.45078030432020694,0.0,0.0,0.0,0.0,0.6931471805599453,0.0,0.0,0.0,0.0,0.0,0.0,0.0,-0.6931471805599453,0.0,0.0,0.6931471805599453,0.6931471805599453,-0.6931471805599453,0.0,0.0,0.0,0.0,0.0,0.0,0.0,0.0,-0.6931471805599453,0.0,0.0,-0.6931471805599453,-0.6931471805599453,0.0,0.0,0.0,0.0,0.0,0.0,-0.6931471805599453,0.0,0.0,0.0,0.0,0.0,0.0,0.0,0.0,0.0,0.0,0.0,0.0,0.0,0.0,0.0,0.0,0.0,0.0,0.0,0.0,0.0,0.0,0.0,0.0,-0.6931471805599453,0.0,0.0,0.6931471805599453,0.0,0.0,0.0,0.0,0.0,0.6931471805599453,0.0,0.0,0.0,0.0,0.0,0.0,0.0,0.0,0.0,0.0,0.0,0.0,0.0,0.0,0.0,0.0,0.0,0.0,0.0,0.0,0.0,0.0,0.0,0.0,0.0,0.0,-0.6931471805599453,0.0,0.0,0.0,-0.6931471805599453,0.0,0.0,0.0,-0.6931471805599453,0.0,0.0,0.0,0.0,0.0,0.0,0.0,0.0,0.0,0.0,0.0,0.0,0.0,-1.5741401303530784,0.0,0.6931471805599453,0.0,0.0,0.0,-1.152679509938385,-0.6931471805599453,0.0,0.0,0.0,-0.6931471805599453,0.0,0.0,0.0
4.548455006504028,0.2973629040733618,O=C(O)Cc1cc(Cl)cc(OCCC2(N3CCCC3)CCN(c3nc4ccc(C(F)(F)F)nc4s3)CC2)c1,0.0,0.0,0.0,0.0,0.0,0.0,0.0,0.0,0.0,0.0,0.0,0.0,0.0,0.0,0.0,0.0,0.0,0.0,0.0,-1.1797050938118656,0.0,0.0,0.0,0.0,0.0,0.6931471805599453,0.0,0.0,0.0,0.0,0.0,0.0,0.0,0.0,0.0,-0.6931471805599453,0.0,0.0,-0.6931471805599453,0.4918410506909609,-0.2784408316216261,0.0,0.0,0.26552250836457975,0.0,0.0,0.0,0.0,0.0,0.0,0.11851860023533761,0.0,0.0,0.0,0.0,0.0,0.0,0.0,0.6931471805599453,0.0,0.0,0.0,0.0,-0.6931471805599453,0.0,0.0,0.6931471805599453,0.6931471805599453,-0.6931471805599453,0.0,0.0,0.0,0.0,0.0,0.0,0.0,0.0,0.0,0.0,0.0,0.0,-0.6931471805599453,0.0,0.0,0.0,0.0,0.0,0.0,-0.6931471805599453,0.0,0.0,0.0,0.0,0.0,0.0,0.0,0.0,0.0,0.0,0.0,0.0,0.0,0.0,0.0,0.0,0.0,0.0,0.0,0.0,0.0,0.0,0.0,0.0,0.0,0.0,0.0,0.6931471805599453,-0.6931471805599453,0.0,0.0,0.0,0.0,0.6931471805599453,0.0,0.0,0.0,0.0,0.0,0.0,0.0,0.0,0.0,0.0,0.0,0.0,0.0,0.0,0.0,0.0,0.0,0.0,0.0,0.0,0.0,0.0,0.0,0.0,0.0,0.0,-0.6931471805599453,0.0,0.0,0.0,-0.6931471805599453,0.0,0.0,0.0,-0.6931471805599453,0.0,0.0,0.0,0.0,0.0,0.0,0.0,0.0,0.0,0.0,0.0,0.0,0.0,-1.620139960329746,0.0,0.6931471805599453,0.0,0.0,0.0,-0.9694005571881028,-0.6931471805599453,0.0,0.0,0.0,-0.6931471805599453,0.0,0.0,0.0
4.548455006504028,0.2973629040733618,CC1CCCN1C1(CCOc2cc(Cl)cc(CC(=O)O)c2)CCN(c2nc3ccc(Cl)cc3s2)CC1,0.0,0.0,0.0,0.0,0.0,0.0,0.0,0.0,0.0,0.0,0.0,0.0,0.0,0.0,0.0,0.0,0.0,0.0,0.0,-1.1875609099797837,0.0,0.0,0.0,0.0,0.0,0.6931471805599453,0.0,0.0,0.0,-0.6931471805599453,0.0,0.0,0.0,0.0,0.0,-0.6931471805599453,0.0,0.0,-0.6931471805599453,-0.3772485854000182,-0.4254936807013608,0.0,0.0,-0.19515390559671356,0.0,0.0,0.0,0.0,0.0,0.0,-0.3510299015531475,0.0,0.0,0.0,0.0,0.0,0.0,0.0,0.0,0.0,0.0,0.0,0.0,-0.6931471805599453,0.0,0.0,0.6931471805599453,0.6931471805599453,-0.6931471805599453,0.0,0.0,0.0,0.0,0.0,0.0,0.0,0.0,-0.6931471805599453,0.0,0.0,0.0,-0.6931471805599453,0.0,0.0,0.0,0.0,0.0,0.0,-0.6931471805599453,0.0,0.0,0.0,0.0,0.0,0.0,0.0,0.0,0.0,0.0,0.0,0.0,0.0,0.0,0.0,0.0,0.0,0.0,0.0,0.0,0.0,0.0,0.0,0.0,-0.6931471805599453,0.0,0.0,0.6931471805599453,-0.6931471805599453,0.0,0.0,0.0,0.0,0.6931471805599453,0.0,0.0,0.0,0.0,0.0,0.0,0.0,0.0,0.0,0.0,0.0,0.0,0.0,0.0,0.0,0.0,0.0,0.0,0.0,0.0,-0.6931471805599453,0.0,0.0,0.0,0.0,0.0,0.0,0.0,0.0,0.0,-0.6931471805599453,0.0,0.0,0.0,-0.6931471805599453,0.0,0.0,0.0,0.0,0.0,0.0,0.0,0.0,0.0,0.0,0.0,0.0,0.0,-1.620139960329746,0.0,0.6931471805599453,0.0,0.0,0.0,-0.6466271649250523,-0.6931471805599453,0.0,0.0,0.0,-0.6931471805599453,0.0,0.0,0.0
4.548455006504028,0.2973629040733618,O=C(O)Cc1cc(Cl)cc(OCCC2(N3CCOCC3)CCN(c3nc4ccc(C(F)(F)F)cc4s3)CC2)c1,0.0,0.0,0.0,0.0,0.0,0.0,0.0,0.0,0.0,0.0,0.0,0.0,0.0,0.0,0.0,0.0,0.0,0.0,0.0,-1.1875609099797837,0.0,0.0,0.0,0.0,0.0,0.6931471805599453,0.0,0.0,0.0,-0.6931471805599453,0.0,0.0,0.0,0.0,0.0,-0.6931471805599453,0.0,0.0,-0.6931471805599453,-0.35101001766014706,0.09083641740710081,0.0,0.0,0.13520706066295735,0.0,0.0,0.0,0.0,0.0,0.0,0.06101410575514632,0.0,0.0,0.0,0.0,0.0,0.0,0.0,0.0,0.0,0.0,0.0,0.0,-0.6931471805599453,0.0,0.0,0.6931471805599453,0.6931471805599453,-0.6931471805599453,0.0,0.0,0.0,0.0,0.0,0.0,0.0,0.0,-0.6931471805599453,0.0,0.0,0.0,-0.6931471805599453,0.0,0.0,0.0,0.0,0.0,0.0,-0.6931471805599453,0.0,0.0,0.0,0.0,0.0,0.0,0.0,0.0,0.0,0.0,0.0,0.0,0.0,0.0,0.0,0.0,0.0,0.0,0.0,0.0,0.0,0.0,0.0,0.0,-0.6931471805599453,0.0,0.0,0.6931471805599453,-0.6931471805599453,0.0,0.0,0.0,0.0,0.6931471805599453,0.0,0.0,0.0,0.0,0.0,0.0,0.0,0.0,0.0,0.0,0.0,0.0,0.0,0.0,0.0,0.0,0.0,0.0,0.0,0.0,-0.6931471805599453,0.0,0.0,0.0,0.0,0.0,0.0,0.0,0.0,0.0,-0.6931471805599453,0.0,0.0,0.0,-0.6931471805599453,0.0,0.0,0.0,0.0,0.0,0.0,0.0,0.0,0.0,0.0,0.0,0.0,0.0,-1.620139960329746,0.0,0.6931471805599453,0.0,0.0,0.0,-0.6701576623352465,-0.6931471805599453,0.0,0.0,0.0,-0.6931471805599453,0.0,0.0,0.0
5.0,1.1925144413116917,CC(C)OC(=O)C1=CN(C(=O)c2ccc(F)c(F)c2)CC(C)(C)c2c1[nH]c1ccccc21,-0.7148462436713207,0.0,0.0,0.0,0.0,0.6931471805599453,0.0,0.0,0.0,0.0,0.0,0.0,0.0,0.0,0.0,0.0,0.0,0.0,0.0,-0.7169285226860924,0.0,0.0,0.0,0.0,0.0,0.0,0.0,0.0,0.0,-0.6931471805599453,0.0,0.0,0.0,0.0,0.0,-0.6931471805599453,0.0,0.0,-0.6931471805599453,-0.5376983728162604,-0.5370004781028717,0.0,0.0,-0.48373020300112074,0.0,0.0,0.0,0.0,0.0,0.0,-0.32744390254726824,0.0,0.0,0.0,0.6931471805599453,0.0,0.0,-0.6931471805599453,0.6931471805599453,0.0,0.0,0.0,-0.6931471805599453,-0.6931471805599453,0.0,0.0,0.6931471805599453,0.6931471805599453,-0.6931471805599453,0.0,0.0,0.0,0.0,-0.6931471805599453,0.0,0.0,0.0,0.0,0.0,0.0,0.0,-0.6931471805599453,-0.6931471805599453,0.0,0.0,0.0,0.0,0.0,-0.6931471805599453,-0.6931471805599453,0.0,0.0,0.0,0.0,0.0,0.0,0.0,0.0,0.0,-0.6931471805599453,0.0,0.0,0.0,0.0,0.0,0.0,0.0,0.6931471805599453,0.0,0.0,0.0,0.0,0.0,0.0,0.0,0.0,0.0,-0.6931471805599453,0.0,0.6931471805599453,0.0,0.0,0.6931471805599453,0.0,0.0,0.0,0.0,0.0,0.0,0.0,0.0,0.0,0.0,0.0,0.0,0.0,0.0,0.0,0.0,0.0,0.0,0.0,0.0,-0.6931471805599453,0.0,0.0,0.0,0.0,0.0,-0.6931471805599453,0.0,0.0,0.0,-0.6931471805599453,0.0,0.0,0.0,0.0,0.0,0.0,0.0,0.0,0.0,0.0,0.0,0.6931471805599453,0.0,0.0,0.0,0.0,0.0,-0.8406698328087915,0.0,0.6931471805599453,0.0,0.0,0.0,-0.7375989431307783,0.0,0.0,0.0,0.0,-0.6931471805599453,0.0,0.0,0.0
5.849485002168009,0.2973629040733618,COc1cccc(C2(C(=O)N(C)S(=O)(=O)Oc3c(C(C)C)cccc3C(C)C)CCN(c3ncccn3)CC2)c1,0.7148462081390736,0.0,0.0,0.0,0.0,0.0,0.0,0.0,0.0,0.0,0.0,0.0,0.0,0.0,0.0,0.0,0.0,0.0,0.0,-1.6654811635096367,0.0,0.0,0.0,0.0,0.0,0.6931471805599453,0.0,0.0,0.0,-0.6931471805599453,0.0,0.6931471805599453,0.0,0.0,0.0,-0.6931471805599453,0.0,0.0,0.0,-0.4431721655630487,-0.5370004781028717,0.0,0.0,-0.48292223957358543,0.0,0.0,0.0,0.0,0.0,0.0,0.2909878605862805,0.0,0.0,0.0,0.0,0.0,0.0,0.0,0.6931471805599453,0.0,0.0,0.0,-0.6931471805599453,-0.6931471805599453,0.0,0.0,0.6931471805599453,0.6931471805599453,0.0,0.0,0.0,0.0,0.0,-0.6931471805599453,0.0,0.0,0.0,-0.6931471805599453,0.0,0.0,0.0,-0.6931471805599453,0.0,0.0,0.0,0.0,0.0,0.0,-0.6931471805599453,-0.6931471805599453,0.0,0.0,0.0,0.0,0.0,0.0,0.0,0.0,0.0,-0.6931471805599453,0.0,0.0,0.0,0.0,0.0,0.0,0.0,0.0,0.0,0.0,0.0,0.0,0.0,-0.6931471805599453,0.0,0.0,0.6931471805599453,-0.6931471805599453,0.0,0.6931471805599453,-0.6931471805599453,0.0,0.6931471805599453,0.0,0.0,0.0,0.0,0.0,0.0,0.0,0.0,0.0,0.0,0.0,0.0,0.0,0.0,0.0,0.0,0.0,0.0,0.0,0.0,-0.6931471805599453,0.0,0.0,0.0,0.0,0.0,-0.6931471805599453,0.0,0.0,0.0,0.0,0.0,0.0,0.0,-0.6931471805599453,0.0,0.0,0.0,0.0,0.0,0.0,0.0,0.6931471805599453,0.0,0.0,0.0,0.0,0.0,-0.7629104681096573,0.0,0.6931471805599453,0.0,0.0,0.0,-0.904095458780336,-0.6931471805599453,0.0,0.0,0.0,-0.6931471805599453,0.0,0.0,0.0
7.744727494896693,1.1925144413116917,COc1cccc(C2(CNC(=O)Nc3c(C(C)C)cc(N)cc3C(C)C)CCN(c3ccccc3OCCCO)CC2)c1,0.7148462081390736,0.0,0.0,0.0,0.0,0.6931471805599453,0.0,0.6931471805599453,0.0,0.0,0.0,0.0,0.0,0.0,0.0,0.0,0.0,0.6931471805599453,0.0,-1.6654811635096367,0.0,0.0,0.0,0.0,0.0,0.6931471805599453,0.0,0.0,0.0,0.0,0.0,0.0,0.0,0.0,0.0,0.0,0.0,0.0,-0.6931471805599453,-0.3613206474010339,-0.41235897574314123,0.0,0.0,-0.0922220859632964,0.0,0.0,0.0,0.0,0.0,0.0,0.9952120774851339,0.0,0.0,0.0,0.6931471805599453,0.0,0.0,0.0,0.0,0.0,0.0,0.0,-0.6931471805599453,-0.6931471805599453,0.0,0.0,0.6931471805599453,0.6931471805599453,0.0,0.0,0.0,0.0,0.0,-0.6931471805599453,0.0,0.0,0.0,-0.6931471805599453,0.0,0.0,0.0,-0.6931471805599453,0.0,0.0,0.0,0.0,0.0,0.0,-0.6931471805599453,-0.6931471805599453,0.0,0.0,0.0,0.0,0.0,0.0,0.0,0.0,0.0,-0.6931471805599453,0.0,0.0,0.0,0.0,0.0,0.0,0.0,0.6931471805599453,0.0,0.0,0.0,0.0,0.0,-0.6931471805599453,0.0,0.0,0.6931471805599453,-0.6931471805599453,0.0,0.0,0.0,0.0,0.6931471805599453,0.0,0.0,0.0,0.0,0.0,0.0,0.0,0.0,0.0,0.0,0.0,0.0,0.0,0.0,0.0,0.0,0.0,0.0,0.0,0.0,-0.6931471805599453,0.0,0.0,0.0,0.0,-0.6931471805599453,-0.6931471805599453,0.0,0.0,0.0,0.0,0.0,0.0,0.0,-0.6931471805599453,0.0,0.0,0.0,0.0,0.0,0.0,0.0,0.6931471805599453,0.0,0.0,0.0,0.0,0.0,-1.4865842393287587,0.0,0.6931471805599453,0.0,0.0,0.0,-0.24116205681688804,-0.6931471805599453,0.0,0.0,0.0,-0.6931471805599453,0.0,0.0,0.0
5.849485002168009,0.2973629040733618,COc1cccc(C2(C(=O)Nc3c(C(C)C)cccc3C(C)C)CCN(c3ccccc3OC)CC2)c1,0.7148462081390736,0.0,0.0,0.0,0.0,0.6931471805599453,0.0,0.6931471805599453,0.0,0.0,0.0,0.0,0.0,0.0,0.0,0.0,0.0,0.0,0.0,-1.6654811635096367,0.0,0.0,0.0,0.0,0.0,0.6931471805599453,0.0,0.0,0.0,0.0,0.0,0.6931471805599453,0.0,0.0,0.0,0.0,0.0,0.0,0.0,-0.5376983728162604,-0.5370004781028717,0.0,0.0,-0.48373020300112074,0.0,0.0,0.0,0.0,0.0,0.0,0.5061790837099955,0.0,0.0,0.0,0.6931471805599453,0.0,0.0,0.0,0.0,0.0,0.0,0.0,-0.6931471805599453,-0.6931471805599453,0.0,0.0,0.6931471805599453,0.6931471805599453,-0.6931471805599453,0.0,0.0,0.0,0.0,-0.6931471805599453,0.0,0.0,0.0,-0.6931471805599453,0.0,0.0,0.0,-0.6931471805599453,0.0,0.0,0.0,0.0,0.0,0.0,-0.6931471805599453,-0.6931471805599453,0.0,0.0,0.0,0.0,0.0,0.0,0.0,0.0,0.0,-0.6931471805599453,0.0,0.0,0.0,0.0,0.0,0.0,0.0,0.6931471805599453,0.0,0.0,0.0,0.0,0.0,-0.6931471805599453,0.0,0.0,0.6931471805599453,0.0,0.0,0.0,-0.6931471805599453,0.0,0.6931471805599453,0.0,0.0,0.0,0.0,0.0,0.0,0.0,0.0,0.0,0.0,0.0,0.0,0.0,0.0,0.0,0.0,0.0,0.0,0.0,0.0,-0.6931471805599453,0.0,0.0,0.0,0.0,-0.6931471805599453,-0.6931471805599453,0.0,0.0,0.0,-0.6931471805599453,0.0,0.0,0.0,-0.6931471805599453,0.0,0.0,0.0,0.0,0.0,0.0,0.0,0.6931471805599453,0.0,0.0,0.0,0.0,0.0,-1.620139960329746,0.0,0.6931471805599453,0.0,0.0,0.0,-0.9520088144762336,-0.6931471805599453,0.0,0.0,0.0,-0.6931471805599453,0.0,0.0,0.0
5.849485002168009,0.2973629040733618,COc1cccc(C2(C(=O)NS(=O)(=O)Nc3c(C(C)C)cccc3C(C)C)CCN(c3ccccc3OC)CC2)c1,0.7148462081390736,0.0,0.0,0.0,0.0,0.0,0.0,0.0,0.0,0.0,0.0,0.0,0.0,0.0,0.0,0.0,0.0,0.0,0.0,-1.6654811635096367,0.0,0.0,0.0,0.0,0.0,0.6931471805599453,0.0,0.0,0.0,0.0,0.0,0.6931471805599453,0.0,0.0,0.0,-0.6931471805599453,0.0,0.0,0.0,-0.40505998882347505,-0.5370004781028717,0.0,0.0,-0.3741593150221221,0.0,0.0,0.0,0.0,0.0,0.0,0.3876472647913708,0.0,0.0,0.0,0.6931471805599453,0.0,0.0,0.0,0.0,0.0,0.0,0.0,0.0,-0.6931471805599453,0.0,0.0,0.6931471805599453,0.6931471805599453,0.0,0.0,0.0,0.0,0.0,-0.6931471805599453,0.0,0.0,0.0,-0.6931471805599453,0.0,0.0,0.0,-0.6931471805599453,0.0,0.0,0.0,0.0,0.0,0.0,-0.6931471805599453,-0.6931471805599453,0.0,0.0,0.0,0.0,0.0,0.0,0.0,0.0,0.0,-0.6931471805599453,0.0,0.0,0.0,0.0,0.0,0.0,0.0,0.6931471805599453,0.0,0.0,0.0,0.0,0.0,-0.6931471805599453,0.0,0.0,0.6931471805599453,0.0,0.0,0.6931471805599453,-0.6931471805599453,0.0,0.6931471805599453,0.0,0.0,0.0,0.0,0.0,0.0,0.0,0.0,0.0,0.0,0.0,0.0,0.0,0.0,0.0,0.0,0.0,0.0,0.0,0.0,-0.6931471805599453,0.0,0.0,0.0,0.0,-0.6931471805599453,-0.6931471805599453,0.0,0.0,0.0,0.0,0.0,0.0,0.0,-0.6931471805599453,0.0,0.0,0.0,0.0,0.0,0.0,0.0,0.6931471805599453,0.0,0.0,0.0,0.0,0.0,0.3879719506606474,0.0,0.6931471805599453,0.0,0.0,0.0,0.5108256237659907,-0.6931471805599453,0.0,0.0,0.0,-0.6931471805599453,0.0,0.0,0.0
5.849485002168009,0.2973629040733618,COc1cccc(C2(C(=O)NS(=O)(=O)Oc3ccccc3)CCN(c3ccccc3OC)CC2)c1,1.1274409802387377,0.0,0.0,0.0,0.0,0.0,0.0,0.0,0.0,0.0,0.0,0.0,0.0,0.0,0.0,0.0,0.0,0.0,0.0,-1.6654811635096367,0.0,0.0,0.0,0.0,0.0,0.6931471805599453,0.0,0.0,0.0,0.0,0.0,0.6931471805599453,0.0,0.0,0.0,-0.6931471805599453,0.0,0.0,0.0,-0.5376983728162604,-0.5370004781028717,0.0,0.0,-0.48362924326573636,0.0,0.0,0.0,0.0,0.0,0.0,0.5220209991756535,0.0,0.0,0.0,0.6931471805599453,0.0,0.0,0.0,0.6931471805599453,0.0,0.0,0.0,-0.6931471805599453,-0.6931471805599453,0.0,0.0,0.6931471805599453,0.6931471805599453,0.0,0.0,0.0,0.0,0.0,-0.6931471805599453,0.0,0.0,0.0,-0.6931471805599453,0.0,0.0,0.0,-0.6931471805599453,0.0,0.0,0.0,0.0,0.0,0.0,-0.6931471805599453,-0.6931471805599453,0.0,0.0,0.0,0.0,0.0,0.0,0.0,0.0,0.0,-0.6931471805599453,0.0,0.0,0.0,0.0,0.0,0.0,0.0,0.6931471805599453,0.0,0.0,0.0,0.0,0.0,-0.6931471805599453,0.0,0.0,0.6931471805599453,0.0,0.0,0.6931471805599453,-0.6931471805599453,0.0,0.6931471805599453,0.0,0.0,0.0,0.0,0.0,0.0,0.0,0.0,0.0,0.0,0.0,0.0,0.0,0.0,0.0,0.0,0.0,0.0,0.0,0.0,-0.6931471805599453,0.0,0.0,0.0,0.0,-0.6931471805599453,-0.6931471805599453,0.0,0.0,0.0,0.0,0.0,0.0,0.0,-0.6931471805599453,0.0,0.0,0.0,0.0,0.0,0.0,0.0,0.6931471805599453,0.0,0.0,0.0,0.0,0.0,-0.6305335878319601,0.0,0.6931471805599453,0.0,0.0,0.0,0.8979415932059578,-0.6931471805599453,0.0,0.0,0.0,-0.6931471805599453,0.0,0.0,0.0
5.849485002168009,0.2973629040733618,COc1cccc(C2(C(=O)NS(=O)(=O)Oc3ccccc3C)CCN(c3ccccc3OC)CC2)c1,1.1274409802387377,0.0,0.0,0.0,0.0,0.0,0.0,0.0,0.0,0.0,0.0,0.0,0.0,0.0,0.0,0.0,0.0,0.0,0.0,-1.6654811635096367,0.0,0.0,0.0,0.0,0.0,0.6931471805599453,0.0,0.0,0.0,0.0,0.0,0.6931471805599453,0.0,0.0,0.0,-0.6931471805599453,0.0,0.0,0.0,-0.5376049009772852,-0.5370004781028717,0.0,0.0,-0.38279558768656063,0.0,0.0,0.0,0.0,0.0,0.0,0.5356797481066933,0.0,0.0,0.0,0.6931471805599453,0.0,0.0,0.0,0.6931471805599453,0.0,0.0,0.0,-0.6931471805599453,-0.6931471805599453,0.0,0.0,0.6931471805599453,0.6931471805599453,0.0,0.0,0.0,0.0,0.0,-0.6931471805599453,0.0,0.0,0.0,-0.6931471805599453,0.0,0.0,0.0,-0.6931471805599453,0.0,0.0,0.0,0.0,0.0,0.0,-0.6931471805599453,0.0,0.0,0.0,0.0,0.0,0.0,0.0,0.0,0.0,0.0,-0.6931471805599453,0.0,0.0,0.0,0.0,0.0,0.0,0.0,0.6931471805599453,0.0,0.0,0.0,0.0,0.0,-0.6931471805599453,0.0,0.0,0.6931471805599453,0.0,0.0,0.6931471805599453,-0.6931471805599453,0.0,0.6931471805599453,0.0,0.0,0.0,0.0,0.0,0.0,0.0,0.0,0.0,0.0,0.0,0.0,0.0,0.0,0.0,0.0,0.0,0.0,0.0,0.0,-0.6931471805599453,0.0,0.0,0.0,0.0,-0.6931471805599453,-0.6931471805599453,0.0,0.0,0.0,0.0,0.0,0.0,0.0,-0.6931471805599453,0.0,0.0,0.0,0.0,0.0,0.0,0.0,0.6931471805599453,0.0,0.0,0.0,0.0,0.0,-0.28912611602401445,0.0,0.6931471805599453,0.0,0.0,0.0,0.6623755218931907,0.0,0.0,0.0,0.0,-0.6931471805599453,0.0,0.0,0.0
5.849485002168009,0.2973629040733618,CCCc1ccccc1OS(=O)(=O)NC(=O)C1(c2cccc(OC)c2)CCN(c2ccccc2OC)CC1,1.1274409802387377,0.0,0.0,0.0,0.0,0.0,0.0,0.0,0.0,0.0,0.0,0.0,0.0,0.0,0.0,0.0,0.0,0.0,0.0,-1.6654811635096367,0.0,0.0,0.0,0.0,0.0,0.6931471805599453,0.0,0.0,0.0,0.0,0.0,0.6931471805599453,0.0,0.0,0.0,-0.6931471805599453,0.0,0.0,0.0,-0.37965983365936806,-0.5370004781028717,0.0,0.0,-0.48373020300112074,0.0,0.0,0.0,0.0,0.0,0.0,0.9437255028083494,0.0,0.0,0.0,0.6931471805599453,0.0,0.0,0.0,0.6931471805599453,0.0,0.0,0.0,-0.6931471805599453,-0.6931471805599453,0.0,0.0,0.6931471805599453,0.6931471805599453,0.0,0.0,0.0,0.0,0.0,0.0,0.0,0.0,0.0,-0.6931471805599453,0.0,0.0,0.0,-0.6931471805599453,0.0,0.0,0.0,0.0,0.0,0.0,-0.6931471805599453,-0.6931471805599453,0.0,0.0,0.0,0.0,0.0,0.0,0.0,0.0,0.0,-0.6931471805599453,0.0,0.0,0.0,0.0,0.0,0.0,0.0,0.6931471805599453,0.0,0.0,0.0,0.0,0.0,-0.6931471805599453,0.0,0.0,0.6931471805599453,0.0,0.0,0.6931471805599453,-0.6931471805599453,0.0,0.6931471805599453,0.0,0.0,0.0,0.0,0.0,0.0,0.0,0.0,0.0,0.0,0.0,0.0,0.0,0.0,0.0,0.0,0.0,0.0,0.0,0.0,-0.6931471805599453,0.0,0.0,0.0,0.0,-0.6931471805599453,-0.6931471805599453,0.0,0.0,0.0,0.0,0.0,0.0,0.0,-0.6931471805599453,0.0,0.0,0.0,0.0,0.0,0.0,0.0,0.6931471805599453,0.0,0.0,0.0,0.0,0.0,0.6366685763994753,0.0,0.6931471805599453,0.0,0.0,0.0,0.21706450523782758,-0.6931471805599453,0.0,0.0,0.0,-0.6931471805599453,0.0,0.0,0.0
5.849485002168009,0.2973629040733618,COc1cccc(C2(C(=O)NS(=O)(=O)Oc3ccccc3C3CCCC3)CCN(c3ccccc3OC)CC2)c1,1.1274409802387377,0.0,0.0,0.0,0.0,0.0,0.0,0.0,0.0,0.0,0.0,0.0,0.0,0.0,0.0,0.0,0.0,0.0,0.0,-1.6654811635096367,0.0,0.0,0.0,0.0,0.0,0.6931471805599453,0.0,0.0,0.0,0.0,0.0,0.6931471805599453,0.0,0.0,0.0,-0.6931471805599453,0.0,0.0,0.0,-0.5376983728162604,-0.5370004781028717,0.0,0.0,-0.48373020300112074,0.0,0.0,0.0,0.0,0.0,0.0,1.2190897533887806,0.0,0.0,0.0,0.6931471805599453,0.0,0.0,0.0,0.6931471805599453,0.0,0.0,0.0,-0.6931471805599453,-0.6931471805599453,0.0,0.0,0.6931471805599453,0.6931471805599453,0.0,0.0,0.0,0.0,0.0,-0.6931471805599453,0.0,0.0,0.0,-0.6931471805599453,0.0,0.0,0.0,-0.6931471805599453,0.0,0.0,0.0,0.0,0.0,0.0,-0.6931471805599453,-0.6931471805599453,0.0,0.0,0.0,0.0,0.0,0.0,0.0,0.0,0.0,-0.6931471805599453,0.0,0.0,0.0,0.0,0.0,0.0,0.0,0.6931471805599453,0.0,0.0,0.0,0.0,0.0,-0.6931471805599453,0.0,0.0,0.6931471805599453,0.0,0.0,0.6931471805599453,-0.6931471805599453,0.0,0.6931471805599453,0.0,0.0,0.0,0.0,0.0,0.0,0.0,0.0,0.0,0.0,0.0,0.0,0.0,0.0,0.0,0.0,0.0,0.0,0.0,0.0,-0.6931471805599453,0.0,0.0,0.0,0.0,-0.6931471805599453,-0.6931471805599453,0.0,0.0,0.0,0.0,0.0,0.0,0.0,-0.6931471805599453,0.0,0.0,0.0,0.0,0.0,0.0,0.0,0.6931471805599453,0.0,0.0,0.0,0.0,0.0,1.1289751523982292,0.0,0.6931471805599453,0.0,0.0,0.0,-0.21706450523782758,-0.6931471805599453,0.0,0.0,0.0,-0.6931471805599453,0.0,0.0,0.0
6.3872161432802645,1.1925144413116917,COc1cccc(C2(C(=O)NS(=O)(=O)Oc3c(C)cccc3C)CCN(c3ccccc3OC)CC2)c1,1.1274409802387377,0.0,0.0,0.0,0.0,0.0,0.0,0.0,0.0,0.0,0.0,0.0,0.0,0.0,0.0,0.0,0.0,0.0,0.0,-1.6654811635096367,0.0,0.0,0.0,0.0,0.0,0.6931471805599453,0.0,0.0,0.0,0.0,0.0,0.6931471805599453,0.0,0.0,0.0,-0.6931471805599453,0.0,0.0,0.0,-0.4694323432688847,-0.5370004781028717,0.0,0.0,-0.3300579136258628,0.0,0.0,0.0,0.0,0.0,0.0,0.5491544466900536,0.0,0.0,0.0,0.6931471805599453,0.0,0.0,0.0,0.6931471805599453,0.0,0.0,0.0,-0.6931471805599453,-0.6931471805599453,0.0,0.0,0.6931471805599453,0.6931471805599453,0.0,0.0,0.0,0.0,0.0,-0.6931471805599453,0.0,0.0,0.0,-0.6931471805599453,0.0,0.0,0.0,-0.6931471805599453,0.0,0.0,0.0,0.0,0.0,0.0,-0.6931471805599453,0.0,0.0,0.0,0.0,0.0,0.0,0.0,0.0,0.0,0.0,-0.6931471805599453,0.0,0.0,0.0,0.0,0.0,0.0,0.0,0.6931471805599453,0.0,0.0,0.0,0.0,0.0,-0.6931471805599453,0.0,0.0,0.6931471805599453,0.0,0.0,0.6931471805599453,-0.6931471805599453,0.0,0.6931471805599453,0.0,0.0,0.0,0.0,0.0,0.0,0.0,0.0,0.0,0.0,0.0,0.0,0.0,0.0,0.0,0.0,0.0,0.0,0.0,0.0,-0.6931471805599453,0.0,0.0,0.0,0.0,-0.6931471805599453,-0.6931471805599453,0.0,0.0,0.0,0.0,0.0,0.0,0.0,-0.6931471805599453,0.0,0.0,0.0,0.0,0.0,0.0,0.0,0.6931471805599453,0.0,0.0,0.0,0.0,0.0,0.17942719876758959,0.0,0.6931471805599453,0.0,0.0,0.0,0.45473615711494714,0.0,0.0,0.0,0.0,-0.6931471805599453,0.0,0.0,0.0
6.481486060122112,1.1925144413116917,COc1cccc(C2(C(=O)NS(=O)(=O)Oc3c(C(C)C)cccc3C(C)C)CCN(c3ccccc3OC)CC2)c1,1.1274409802387377,0.0,0.0,0.0,0.0,0.0,0.0,0.0,0.0,0.0,0.0,0.0,0.0,0.0,0.0,0.0,0.0,0.0,0.0,-1.6654811635096367,0.0,0.0,0.0,0.0,0.0,0.6931471805599453,0.0,0.0,0.0,0.0,0.0,0.6931471805599453,0.0,0.0,0.0,-0.6931471805599453,0.0,0.0,0.0,-0.5376983728162604,-0.5370004781028717,0.0,0.0,-0.48373020300112074,0.0,0.0,0.0,0.0,0.0,0.0,0.4164421667393156,0.0,0.0,0.0,0.6931471805599453,0.0,0.0,0.0,0.6931471805599453,0.0,0.0,0.0,-0.6931471805599453,-0.6931471805599453,0.0,0.0,0.6931471805599453,0.6931471805599453,0.0,0.0,0.0,0.0,0.0,-0.6931471805599453,0.0,0.0,0.0,-0.6931471805599453,0.0,0.0,0.0,-0.6931471805599453,0.0,0.0,0.0,0.0,0.0,0.0,-0.6931471805599453,-0.6931471805599453,0.0,0.0,0.0,0.0,0.0,0.0,0.0,0.0,0.0,-0.6931471805599453,0.0,0.0,0.0,0.0,0.0,0.0,0.0,0.6931471805599453,0.0,0.0,0.0,0.0,0.0,-0.6931471805599453,0.0,0.0,0.6931471805599453,0.0,0.0,0.6931471805599453,-0.6931471805599453,0.0,0.6931471805599453,0.0,0.0,0.0,0.0,0.0,0.0,0.0,0.0,0.0,0.0,0.0,0.0,0.0,0.0,0.0,0.0,0.0,0.0,0.0,0.0,-0.6931471805599453,0.0,0.0,0.0,0.0,-0.6931471805599453,-0.6931471805599453,0.0,0.0,0.0,0.0,0.0,0.0,0.0,-0.6931471805599453,0.0,0.0,0.0,0.0,0.0,0.0,0.0,0.6931471805599453,0.0,0.0,0.0,0.0,0.0,0.2716584229836235,0.0,0.6931471805599453,0.0,0.0,0.0,0.11441035117774422,-0.6931471805599453,0.0,0.0,0.0,-0.6931471805599453,0.0,0.0,0.0
5.849485002168009,0.2973629040733618,COc1cccc(C2(C(=O)NS(=O)(=O)Oc3c(C(C)C)cccc3C(C)C)CCNCC2)c1,0.7148462081390736,0.0,0.0,0.0,0.0,0.0,0.0,0.0,0.0,0.0,0.0,0.0,0.0,0.0,0.0,0.0,0.0,0.0,0.0,-1.6654811635096367,0.0,0.0,0.0,0.0,0.0,0.6931471805599453,0.0,0.0,0.0,-0.6931471805599453,0.0,0.0,0.0,0.0,0.0,-0.6931471805599453,0.0,0.0,0.0,-0.5376983728162604,-0.5370004781028717,0.0,0.0,-0.48373020300112074,0.0,0.0,0.0,0.0,0.0,0.0,0.47165788934176217,0.0,0.0,0.0,0.0,0.0,0.0,0.0,0.6931471805599453,0.0,0.0,0.0,-0.6931471805599453,-0.6931471805599453,0.0,0.0,0.6931471805599453,0.6931471805599453,0.0,0.0,0.0,0.0,0.0,-0.6931471805599453,0.0,0.0,0.0,-0.6931471805599453,0.0,0.0,0.0,-0.6931471805599453,-0.6931471805599453,0.0,0.0,0.0,0.0,0.0,-0.6931471805599453,-0.6931471805599453,0.0,0.0,0.0,0.0,0.0,0.0,0.0,0.0,0.0,-0.6931471805599453,0.0,0.0,0.0,0.0,0.0,0.0,0.0,0.0,0.0,0.0,0.0,0.0,0.0,-0.6931471805599453,0.0,0.0,0.6931471805599453,0.0,0.0,0.6931471805599453,-0.6931471805599453,0.0,0.0,0.0,0.0,0.0,0.0,0.0,0.0,0.0,0.0,0.0,0.0,0.0,0.0,0.0,0.0,0.0,0.0,0.0,0.0,0.0,0.0,-0.6931471805599453,0.0,0.0,0.0,0.0,-0.6931471805599453,-0.6931471805599453,0.0,0.0,0.0,0.0,0.0,0.0,0.0,-0.6931471805599453,0.0,0.0,0.0,0.0,0.0,0.0,0.0,0.0,0.0,0.0,0.0,0.0,0.0,0.7355863638351037,0.0,0.6931471805599453,0.0,0.0,0.0,0.9162907318741543,-0.6931471805599453,0.0,0.0,0.0,-0.6931471805599453,0.0,0.0,0.0
5.849485002168009,0.2973629040733618,COc1cccc(C2(C(=O)NS(=O)(=O)Oc3c(C(C)C)cccc3C(C)C)CCN(C)CC2)c1,0.7148462081390736,0.0,0.0,0.0,0.0,0.0,0.0,0.0,0.0,0.0,0.0,0.0,0.0,0.0,0.0,0.0,0.0,0.0,0.0,-1.6654811635096367,0.0,0.0,0.0,0.0,0.0,0.6931471805599453,0.0,0.0,0.0,-0.6931471805599453,0.0,0.6931471805599453,0.0,0.0,0.0,-0.6931471805599453,0.0,0.0,0.0,-0.5376983728162604,-0.5370004781028717,0.0,0.0,-0.48373020300112074,0.0,0.0,0.0,0.0,0.0,0.0,0.41425637351933536,0.0,0.0,0.0,0.0,0.0,0.0,0.0,0.6931471805599453,0.0,0.0,0.0,-0.6931471805599453,-0.6931471805599453,0.0,0.0,0.6931471805599453,0.6931471805599453,0.0,0.0,0.0,0.0,0.0,-0.6931471805599453,0.0,0.0,0.0,-0.6931471805599453,0.0,0.0,0.0,-0.6931471805599453,-0.6931471805599453,0.0,0.0,0.0,0.0,0.0,-0.6931471805599453,-0.6931471805599453,0.0,0.0,0.0,0.0,0.0,0.0,0.0,0.0,0.0,-0.6931471805599453,0.0,0.0,0.0,0.0,0.0,0.0,0.0,0.0,0.0,0.0,0.0,0.0,0.0,-0.6931471805599453,0.0,0.0,0.6931471805599453,0.0,0.0,0.6931471805599453,-0.6931471805599453,0.0,0.0,0.0,0.0,0.0,0.0,0.0,0.0,0.0,0.0,0.0,0.0,0.0,0.0,0.0,0.0,0.0,0.0,0.0,0.0,0.0,0.0,-0.6931471805599453,0.0,0.0,0.0,0.0,-0.6931471805599453,-0.6931471805599453,0.0,0.0,0.0,0.0,0.0,0.0,0.0,-0.6931471805599453,0.0,0.0,0.0,0.0,0.0,0.0,0.0,0.0,0.0,0.0,0.0,0.0,0.0,0.3800978942297423,0.0,0.6931471805599453,0.0,0.0,0.0,0.015037877364540516,-0.6931471805599453,0.0,0.0,0.0,-0.6931471805599453,0.0,0.0,0.0
5.849485002168009,0.2973629040733618,COc1cccc(C2(C(=O)NS(=O)(=O)Oc3c(C(C)C)cccc3C(C)C)CCN(C(C)=O)CC2)c1,0.7148462081390736,0.0,0.0,0.0,0.0,0.0,0.0,0.0,0.0,0.0,0.0,0.0,0.0,0.0,0.0,0.0,0.0,0.0,0.0,-1.6654811635096367,0.0,0.0,0.0,0.0,0.0,0.6931471805599453,0.0,0.0,0.0,-0.6931471805599453,0.0,0.6931471805599453,0.0,0.0,0.0,-0.6931471805599453,0.0,0.0,0.0,-0.5376983728162604,-0.5370004781028717,0.0,0.0,-0.48373020300112074,0.0,0.0,0.0,0.0,0.0,0.0,0.4032551624573618,0.0,0.0,0.0,0.0,0.0,0.0,0.0,0.6931471805599453,0.0,0.0,0.0,-0.6931471805599453,-0.6931471805599453,0.0,0.0,0.6931471805599453,0.6931471805599453,0.0,0.0,0.0,0.0,0.0,-0.6931471805599453,0.0,0.0,0.0,-0.6931471805599453,0.0,0.0,0.0,-0.6931471805599453,-0.6931471805599453,0.0,0.0,0.0,0.0,0.0,-0.6931471805599453,0.0,0.0,0.0,0.0,0.0,0.0,0.0,0.0,0.0,0.0,-0.6931471805599453,0.0,0.0,0.0,0.0,0.0,0.0,0.0,0.0,0.0,0.0,0.0,0.0,0.0,-0.6931471805599453,0.0,0.0,0.6931471805599453,0.0,0.0,0.6931471805599453,-0.6931471805599453,0.0,0.0,0.0,0.0,0.0,0.0,0.0,0.0,0.0,0.0,0.0,0.0,0.0,0.0,0.0,0.0,0.0,0.0,0.0,0.0,0.0,0.0,-0.6931471805599453,0.0,0.0,0.0,0.0,-0.6931471805599453,-0.6931471805599453,0.0,0.0,0.0,0.0,0.0,0.0,0.0,-0.6931471805599453,0.0,0.0,0.0,0.0,0.0,0.0,0.0,0.0,0.0,0.0,0.0,0.0,0.0,0.15991438454400775,0.0,0.6931471805599453,0.0,0.0,0.0,-0.1410785982599055,-0.6931471805599453,0.0,0.0,0.0,-0.6931471805599453,0.0,0.0,0.0
5.849485002168009,0.2973629040733618,COc1cccc(C2(C(=O)NS(=O)(=O)Oc3c(C(C)C)cccc3C(C)C)CCN(C(=O)c3ccccc3)CC2)c1,0.7148462081390736,0.0,0.0,0.0,0.0,0.0,0.0,0.0,0.0,0.0,0.0,0.0,0.0,0.0,0.0,0.0,0.0,0.0,0.0,-1.6654811635096367,0.0,0.0,0.0,0.0,0.0,0.6931471805599453,0.0,0.0,0.0,-0.6931471805599453,0.0,0.6931471805599453,0.0,0.0,0.0,-0.6931471805599453,0.0,0.0,0.0,-0.5356399714072942,-0.5370004781028717,0.0,0.0,-0.36624290563462836,0.0,0.0,0.0,0.0,0.0,0.0,0.4076701806664786,0.0,0.0,0.0,0.6931471805599453,0.0,0.0,0.0,0.6931471805599453,0.0,0.0,0.0,-0.6931471805599453,-0.6931471805599453,0.0,0.0,0.6931471805599453,0.6931471805599453,0.0,0.0,0.0,0.0,0.0,-0.6931471805599453,0.0,0.0,0.0,-0.6931471805599453,0.0,0.0,0.0,-0.6931471805599453,-0.6931471805599453,0.0,0.0,0.0,0.0,0.0,-0.6931471805599453,0.0,0.0,0.0,0.0,0.0,0.0,0.0,0.0,0.0,0.0,-0.6931471805599453,0.0,0.0,0.0,0.0,0.0,0.0,0.0,0.6931471805599453,0.0,0.0,0.0,0.0,0.0,-0.6931471805599453,0.0,0.0,0.6931471805599453,0.0,0.0,0.6931471805599453,-0.6931471805599453,0.0,0.6931471805599453,0.0,0.0,0.0,0.0,0.0,0.0,0.0,0.0,0.0,0.0,0.0,0.0,0.0,0.0,0.0,0.0,0.0,0.0,0.0,0.0,-0.6931471805599453,0.0,0.0,0.0,0.0,-0.6931471805599453,-0.6931471805599453,0.0,0.0,0.0,0.0,0.0,0.0,0.0,-0.6931471805599453,0.0,0.0,0.0,0.0,0.0,0.0,0.0,0.6931471805599453,0.0,0.0,0.0,0.0,0.0,-0.347966616046949,0.0,0.6931471805599453,0.0,0.0,0.0,-0.17979311044059593,-0.6931471805599453,0.0,0.0,0.0,-0.6931471805599453,0.0,0.0,0.0
5.849485002168009,0.2973629040733618,COc1cccc(C2(C(=O)NS(=O)(=O)Oc3c(C(C)C)cccc3C(C)C)CCN(c3ccccc3)CC2)c1,0.7148462081390736,0.0,0.0,0.0,0.0,0.0,0.0,0.0,0.0,0.0,0.0,0.0,0.0,0.0,0.0,0.0,0.0,0.0,0.0,-1.6654811635096367,0.0,0.0,0.0,0.0,0.0,0.6931471805599453,0.0,0.0,0.0,0.0,0.0,0.6931471805599453,0.0,0.0,0.0,-0.6931471805599453,0.0,0.0,0.0,-0.43636865345287723,-0.46549938620854303,0.0,0.0,-0.3999573297662535,0.0,0.0,0.0,0.0,0.0,0.0,0.42079947210827134,0.0,0.0,0.0,0.6931471805599453,0.0,0.0,0.0,0.6931471805599453,0.0,0.0,0.0,-0.6931471805599453,-0.6931471805599453,0.0,0.0,0.6931471805599453,0.6931471805599453,0.0,0.0,0.0,0.0,0.0,-0.6931471805599453,0.0,0.0,0.0,-0.6931471805599453,0.0,0.0,0.0,-0.6931471805599453,-0.6931471805599453,0.0,0.0,0.0,0.0,0.0,-0.6931471805599453,-0.6931471805599453,0.0,0.0,0.0,0.0,0.0,0.0,0.0,0.0,0.0,-0.6931471805599453,0.0,0.0,0.0,0.0,0.0,0.0,0.0,0.6931471805599453,0.0,0.0,0.0,0.0,0.0,-0.6931471805599453,0.0,0.0,0.6931471805599453,0.0,0.0,0.6931471805599453,-0.6931471805599453,0.0,0.6931471805599453,0.0,0.0,0.0,0.0,0.0,0.0,0.0,0.0,0.0,0.0,0.0,0.0,0.0,0.0,0.0,0.0,0.0,0.0,0.0,0.0,-0.6931471805599453,0.0,0.0,0.0,0.0,-0.6931471805599453,-0.6931471805599453,0.0,0.0,0.0,0.0,0.0,0.0,0.0,-0.6931471805599453,0.0,0.0,0.0,0.0,0.0,0.0,0.0,0.6931471805599453,0.0,0.0,0.0,0.0,0.0,0.5200316726737141,0.0,0.6931471805599453,0.0,0.0,0.0,-0.1410785982599055,-0.6931471805599453,0.0,0.0,0.0,-0.6931471805599453,0.0,0.0,0.0
5.849485002168009,0.2973629040733618,COc1cccc(C2(C(=O)NS(=O)(=O)Oc3c(C(C)C)cccc3C(C)C)CCN(c3ncccc3OC)CC2)c1,1.1274409802387377,0.0,0.0,0.0,0.0,0.0,0.0,0.6931471805599453,0.0,0.0,0.0,0.0,0.0,0.0,0.0,0.0,0.0,0.0,0.0,-1.6654811635096367,0.0,0.0,0.0,0.0,0.0,0.6931471805599453,0.0,0.0,0.0,0.0,0.0,0.6931471805599453,0.0,0.0,0.0,0.0,0.0,0.0,0.0,-0.4480912619414183,-0.5364400661166617,0.0,0.0,-0.3477937598118167,0.0,0.0,0.0,0.0,0.0,0.0,0.42945753485138566,0.0,0.0,0.0,0.0,0.0,0.0,0.0,0.6931471805599453,0.0,0.0,0.0,-0.6931471805599453,-0.6931471805599453,0.0,0.0,0.6931471805599453,0.6931471805599453,0.0,0.0,0.0,0.0,0.0,-0.6931471805599453,0.0,0.0,0.0,-0.6931471805599453,0.0,0.0,0.0,-0.6931471805599453,0.0,0.0,0.0,0.0,0.0,0.0,-0.6931471805599453,-0.6931471805599453,0.0,0.0,0.0,0.0,0.0,0.0,0.0,0.0,0.0,-0.6931471805599453,0.0,0.0,0.0,0.0,0.0,0.0,0.0,0.0,0.0,0.0,0.0,0.0,0.0,0.0,0.0,0.0,0.6931471805599453,0.0,0.0,0.6931471805599453,-0.6931471805599453,0.0,0.6931471805599453,0.0,0.0,0.0,0.0,0.0,0.0,0.0,0.0,0.0,0.0,0.0,0.0,0.0,0.0,0.0,0.0,0.0,0.0,0.0,0.0,-0.6931471805599453,0.0,0.0,0.0,0.0,0.0,-0.6931471805599453,0.0,0.0,0.0,0.0,0.0,0.0,0.0,-0.6931471805599453,0.0,0.0,0.0,0.0,0.0,0.0,0.0,0.6931471805599453,0.0,0.0,0.0,0.0,0.0,-0.1890426574670326,0.0,0.6931471805599453,0.0,0.0,0.0,0.11441035117774422,-0.6931471805599453,0.0,0.0,0.0,-0.6931471805599453,0.0,0.0,0.0
5.849485002168009,0.2973629040733618,COc1cccc(C2(C(=O)NS(=O)(=O)Oc3c(C(C)C)cccc3C(C)C)CCN(c3nc4ccccc4s3)CC2)c1,0.7148462081390736,0.0,0.0,0.0,0.0,0.0,0.0,0.0,0.0,0.0,0.0,0.0,0.0,0.0,0.0,0.0,0.0,0.0,0.0,-1.1875609099797837,0.0,0.0,0.0,0.0,0.0,0.6931471805599453,0.0,0.0,0.0,-0.6931471805599453,0.0,0.6931471805599453,0.0,0.0,0.0,-0.6931471805599453,0.0,0.0,0.0,0.25674611186377455,-0.2792869668902698,0.0,0.0,0.10632706299582713,0.0,0.0,0.0,0.0,0.0,0.0,-0.038965968533383785,0.0,0.0,0.0,0.0,0.0,0.0,0.0,0.6931471805599453,0.0,0.0,0.0,0.0,-0.6931471805599453,0.0,0.0,0.6931471805599453,0.6931471805599453,0.0,0.0,0.0,0.0,0.0,0.0,0.0,0.0,0.0,-0.6931471805599453,0.0,0.0,0.0,-0.6931471805599453,0.0,0.0,0.0,0.0,0.0,0.0,-0.6931471805599453,0.0,0.0,0.0,0.0,0.0,0.0,0.0,0.0,0.0,0.0,-0.6931471805599453,0.0,0.0,0.0,0.0,0.0,0.0,0.0,0.6931471805599453,0.0,0.0,0.0,0.0,0.0,-0.6931471805599453,0.0,0.0,0.6931471805599453,0.0,0.0,0.6931471805599453,-0.6931471805599453,0.0,0.6931471805599453,0.0,0.0,0.0,0.0,0.0,0.0,0.0,0.0,0.0,0.0,0.0,0.0,0.0,0.0,0.0,0.0,0.0,0.0,0.0,0.0,-0.6931471805599453,0.0,0.0,0.0,0.0,0.0,-0.6931471805599453,0.0,0.0,0.0,0.0,0.0,0.0,0.0,-0.6931471805599453,0.0,0.0,0.0,0.0,0.0,0.0,0.0,0.6931471805599453,0.0,0.0,0.0,0.0,0.0,-0.49919758577087286,0.0,0.6931471805599453,0.0,0.0,0.0,-0.24116205681688804,0.0,0.0,0.0,0.0,-0.6931471805599453,0.0,0.0,0.0
5.849485002168009,0.2973629040733618,COc1cccc(C2(C(=O)NS(=O)(=O)Oc3c(C(C)C)cccc3C(C)C)CCN(c3ncccn3)CC2)c1,0.7148462081390736,0.0,0.0,0.0,0.0,0.0,0.0,0.0,0.0,0.0,0.0,0.0,0.0,0.0,0.0,0.0,0.0,0.0,0.0,-1.6654811635096367,0.0,0.0,0.0,0.0,0.0,0.6931471805599453,0.0,0.0,0.0,-0.6931471805599453,0.0,0.6931471805599453,0.0,0.0,0.0,-0.6931471805599453,0.0,0.0,0.0,-0.37856453242891586,-0.4858517062797506,0.0,0.0,-0.4411417889078142,0.0,0.0,0.0,0.0,0.0,0.0,0.4486683711170636,0.0,0.0,0.0,0.0,0.0,0.0,0.0,0.6931471805599453,0.0,0.0,0.0,-0.6931471805599453,-0.6931471805599453,0.0,0.0,0.6931471805599453,0.6931471805599453,0.0,0.0,0.0,0.0,0.0,-0.6931471805599453,0.0,0.0,0.0,-0.6931471805599453,0.0,0.0,0.0,-0.6931471805599453,0.0,0.0,0.0,0.0,0.0,0.0,-0.6931471805599453,-0.6931471805599453,0.0,0.0,0.0,0.0,0.0,0.0,0.0,0.0,0.0,-0.6931471805599453,0.0,0.0,0.0,0.0,0.0,0.0,0.0,0.0,0.0,0.0,0.0,0.0,0.0,-0.6931471805599453,0.0,0.0,0.6931471805599453,0.0,0.0,0.6931471805599453,-0.6931471805599453,0.0,0.6931471805599453,0.0,0.0,0.0,0.0,0.0,0.0,0.0,0.0,0.0,0.0,0.0,0.0,0.0,0.0,0.0,0.0,0.0,0.0,0.0,0.0,-0.6931471805599453,0.0,0.0,0.0,0.0,0.0,-0.6931471805599453,0.0,0.0,0.0,0.0,0.0,0.0,0.0,-0.6931471805599453,0.0,0.0,0.0,0.0,0.0,0.0,0.0,0.6931471805599453,0.0,0.0,0.0,0.0,0.0,-0.4488272263819223,0.0,0.6931471805599453,0.0,0.0,0.0,-0.16705408466316618,-0.6931471805599453,0.0,0.0,0.0,-0.6931471805599453,0.0,0.0,0.0
5.849485002168009,0.2973629040733618,COc1cccc(C2(C(=O)NS(=O)(=O)Oc3c(C(C)C)cccc3C(C)C)CCN(c3nccc(C)n3)CC2)c1,0.7148462081390736,0.0,0.0,0.0,0.0,0.6931471805599453,0.0,0.0,0.0,0.0,0.0,0.0,0.0,0.0,0.0,0.0,0.0,0.0,0.0,-1.6654811635096367,0.0,0.0,0.0,0.0,0.0,0.6931471805599453,0.0,0.0,0.0,-0.6931471805599453,0.0,0.6931471805599453,0.0,0.0,0.0,-0.6931471805599453,0.0,0.0,0.0,-0.5345154185866492,-0.5370004781028717,0.0,0.0,-0.4727672275610401,0.0,0.0,0.0,0.0,0.0,0.0,0.43590224029402797,0.0,0.0,0.0,0.0,0.0,0.0,0.0,0.6931471805599453,0.0,0.0,0.0,-0.6931471805599453,-0.6931471805599453,0.0,0.0,0.6931471805599453,0.6931471805599453,0.0,0.0,0.0,0.0,0.0,0.0,0.0,0.0,0.0,-0.6931471805599453,0.0,0.0,0.0,-0.6931471805599453,0.0,0.0,0.0,0.0,0.0,0.0,-0.6931471805599453,-0.6931471805599453,0.0,0.0,0.0,0.0,0.0,0.0,0.0,0.0,0.0,-0.6931471805599453,0.0,0.0,0.0,0.0,0.0,0.0,0.0,0.0,0.0,0.0,0.0,0.0,0.0,-0.6931471805599453,0.0,0.0,0.6931471805599453,0.0,0.0,0.6931471805599453,-0.6931471805599453,0.0,0.6931471805599453,0.0,0.0,0.0,0.0,0.0,0.0,0.0,0.0,0.0,0.0,0.0,0.0,0.0,0.0,0.0,0.0,0.0,0.0,0.0,0.0,-0.6931471805599453,0.0,0.0,0.0,0.0,0.0,-0.6931471805599453,0.0,0.0,0.0,0.0,0.0,0.0,0.0,-0.6931471805599453,0.0,0.0,0.0,0.0,0.0,0.0,0.0,0.6931471805599453,0.0,0.0,0.0,0.0,0.0,-0.4339570639024709,0.0,0.6931471805599453,0.0,0.0,0.0,0.0,-0.6931471805599453,0.0,0.0,0.0,-0.6931471805599453,0.0,0.0,0.0
5.849485002168009,0.2973629040733618,COc1cccc(C2(C(=O)NS(=O)(=O)Oc3c(C(C)C)cccc3C(C)C)CCN(c3nccc(C(F)(F)F)n3)CC2)c1,0.7148462081390736,0.0,0.0,0.0,0.0,0.6931471805599453,0.0,0.0,0.0,0.0,0.0,0.0,0.0,0.0,0.0,0.0,0.0,0.0,0.0,-1.6654811635096367,0.0,0.0,0.0,0.0,0.0,0.6931471805599453,0.0,0.0,0.0,0.0,0.0,0.6931471805599453,0.0,0.0,0.0,-0.6931471805599453,0.0,0.0,0.0,-0.5359209121267737,-0.5360662835711056,0.0,0.0,-0.47327743483962204,0.0,0.0,0.0,0.0,0.0,0.0,0.36261751672553544,0.0,0.0,0.0,0.0,0.0,0.0,0.0,0.6931471805599453,0.0,0.0,0.0,-0.6931471805599453,-0.6931471805599453,0.0,0.0,0.6931471805599453,0.6931471805599453,0.0,0.0,0.0,0.0,0.0,0.0,0.0,0.0,0.0,-0.6931471805599453,0.0,0.0,0.0,-0.6931471805599453,0.0,0.0,0.0,0.0,0.0,0.0,-0.6931471805599453,0.0,0.0,0.0,0.0,0.0,0.0,0.0,0.0,0.0,0.0,-0.6931471805599453,0.0,0.0,0.0,0.0,0.0,0.0,0.0,0.0,0.0,0.0,0.0,0.0,0.0,-0.6931471805599453,0.0,0.0,0.6931471805599453,0.0,0.0,0.6931471805599453,-0.6931471805599453,0.0,0.6931471805599453,0.0,0.0,0.0,0.0,0.0,0.0,0.0,0.0,0.0,0.0,0.0,0.0,0.0,0.0,0.0,0.0,0.0,0.0,0.0,0.0,-0.6931471805599453,0.0,0.0,0.0,0.0,0.0,-0.6931471805599453,0.0,0.0,0.0,0.0,0.0,0.0,0.0,-0.6931471805599453,0.0,0.0,0.0,0.0,0.0,0.0,0.0,0.6931471805599453,0.0,0.0,0.0,0.0,0.0,-0.8604235615450241,0.0,0.6931471805599453,0.0,0.0,0.0,0.25299651446389093,-0.6931471805599453,0.0,0.0,0.0,-0.6931471805599453,0.0,0.0,0.0
5.849485002168009,0.2973629040733618,CCCc1cnc(N2CCC(C(=O)NS(=O)(=O)Oc3c(C(C)C)cccc3C(C)C)(c3cccc(OC)c3)CC2)nc1,0.7148462081390736,0.0,0.0,0.0,0.0,0.0,0.0,0.0,0.0,0.0,0.0,0.0,0.0,0.0,0.0,0.0,0.0,0.0,0.0,-1.6654811635096367,0.0,0.0,0.0,0.0,0.0,0.6931471805599453,0.0,0.0,0.0,-0.6931471805599453,0.0,0.6931471805599453,0.0,0.0,0.0,-0.6931471805599453,0.0,0.0,0.0,-0.5273637321397588,-0.2263160331834794,0.0,0.0,-0.1730864909748635,0.0,0.0,0.0,0.0,0.0,0.0,0.4757816065256242,0.0,0.0,0.0,0.0,0.0,0.0,0.0,0.6931471805599453,0.0,0.0,0.0,-0.6931471805599453,-0.6931471805599453,0.0,0.0,0.6931471805599453,0.6931471805599453,0.0,0.0,0.0,0.0,0.0,-0.6931471805599453,0.0,0.0,0.0,-0.6931471805599453,0.0,0.0,0.0,-0.6931471805599453,0.0,0.0,0.0,0.0,0.0,0.0,-0.6931471805599453,-0.6931471805599453,0.0,0.0,0.0,0.0,0.0,0.0,0.0,0.0,0.0,0.0,0.0,0.0,0.0,0.0,0.0,0.0,0.0,0.0,0.0,0.0,0.0,0.0,0.0,0.0,0.0,0.0,0.6931471805599453,0.0,0.0,0.6931471805599453,-0.6931471805599453,0.0,0.6931471805599453,0.0,0.0,0.0,0.0,0.0,0.0,0.0,0.0,0.0,0.0,0.0,0.0,0.0,0.0,0.0,0.0,0.0,0.0,0.0,0.0,-0.6931471805599453,0.0,0.0,0.0,0.0,0.0,-0.6931471805599453,0.0,0.0,0.0,0.0,0.0,0.0,0.0,-0.6931471805599453,0.0,0.0,0.0,0.0,0.0,0.0,0.0,0.6931471805599453,0.0,0.0,0.0,0.0,0.0,-0.5471519788929081,0.0,0.6931471805599453,0.0,0.0,0.0,-0.15415067982725827,-0.6931471805599453,0.0,0.0,0.0,-0.6931471805599453,0.0,0.0,0.0
5.849485002168009,0.2973629040733618,COc1cccc(C2(C(=O)NS(=O)(=O)Oc3c(C(C)C)cccc3C(C)C)CCN(c3ncc(Br)cn3)CC2)c1,0.7148462081390736,0.0,0.0,0.0,0.0,0.0,0.0,0.0,0.0,0.0,0.0,0.0,0.0,0.0,0.0,0.0,0.0,0.0,0.0,-1.6654811635096367,0.0,0.0,0.0,0.0,0.0,0.6931471805599453,0.0,0.0,0.0,-0.6931471805599453,0.0,0.6931471805599453,0.0,0.0,0.0,-0.6931471805599453,0.0,0.0,0.0,-0.500662072182163,-0.5289377399626739,0.0,0.0,-0.4785682162472061,0.0,0.0,0.0,0.0,0.0,0.0,-0.5529712452167543,0.0,0.0,0.0,0.0,0.0,0.0,0.0,0.6931471805599453,0.0,0.0,0.0,-0.6931471805599453,-0.6931471805599453,0.0,0.0,0.6931471805599453,0.6931471805599453,0.0,0.0,0.0,0.0,0.0,-0.6931471805599453,0.0,0.0,0.0,-0.6931471805599453,0.0,0.0,0.0,-0.6931471805599453,0.0,0.0,0.0,0.0,0.0,0.0,-0.6931471805599453,-0.6931471805599453,0.0,0.0,0.0,0.0,0.0,0.0,0.0,0.0,0.0,-0.6931471805599453,0.0,0.0,0.0,0.0,0.0,0.0,0.0,0.0,0.0,0.0,0.0,0.0,0.0,-0.6931471805599453,0.0,0.0,0.6931471805599453,0.0,0.0,0.6931471805599453,-0.6931471805599453,0.0,0.6931471805599453,0.0,0.0,0.0,0.0,0.0,0.0,0.0,0.0,0.0,0.0,0.0,0.0,0.0,0.0,0.0,0.0,0.0,0.0,0.0,0.0,-0.6931471805599453,0.0,0.0,0.0,0.0,0.0,-0.6931471805599453,0.0,0.0,0.0,0.0,0.0,0.0,0.0,-0.6931471805599453,0.0,0.0,0.0,0.0,0.0,0.0,0.0,0.6931471805599453,0.0,0.0,0.0,0.0,0.0,-0.4188624376799859,0.0,0.6931471805599453,0.0,0.0,0.0,0.45473615711494714,-0.6931471805599453,0.0,0.0,0.0,-0.6931471805599453,0.0,0.0,0.0
