PUBCHEM_RESULT_TAG,PUBCHEM_SID,PUBCHEM_CID,PUBCHEM_EXT_DATASOURCE_SMILES,PUBCHEM_ACTIVITY_OUTCOME,PUBCHEM_ACTIVITY_SCORE,PUBCHEM_ACTIVITY_URL,PUBCHEM_ASSAYDATA_COMMENT,Standard Type,Activity Comment,AID,PubChem Standard Value,Standard Relation,Standard Value,Standard Units,Data Validity Comment,HTS raw data_run 1,HTS raw data_run 2,Mean % Inhibition,HTS % Inhibition_run 1,HTS % Inhibition_run 2,Mean max signal_run 1,Mean max signal_run 2,Mean min signal_run 1,Mean min signal_run 2,Assay plate Z-factor_run 1,Assay plate Z-factor_run 2,HTS Assay Date_run 1,HTS Assay Date_run 2,Qualifier,IC50_Mean,Qualifier_IC50_Run1,Qualifier_IC50_Run2,Qualifier_IC50_Run3,DR_IC50uM_Run1,DR_IC50uM_Run2,DR_IC50uM_Run3,DR_IC50_Hillslope_Run1,DR_IC50_Hillslope_Run2,DR_IC50_Hillslope_Run3,DR_Plate Mean Max Signal_Run1,DR_Plate Mean Max Signal_Run2,DR_Plate Mean Max Signal_Run3,DR_Plate Mean Min Signal_Run1,DR_Plate Mean Min Signal_Run2,DR_Plate Mean Min Signal_Run3,DR_plate Z'-factor_Run1,DR_plate Z'-factor_Run2,DR_plate Z'-factor_Run3,DR_Run date_run1,DR_Run date_run2,DR_Run date_run3,ACTIVE_CONCENTRATION_QUALIFIER,ACTIVE_CONCENTRATION_(uM),INHIBITION_(%),FOLD_INDUCTION_x10_AT_GIVEN_CONCENTRATION,FOLD_INDUCTION_AT_GIVEN_CONCENTRATION,ACTIVITY_CONCENTRATION_QUALIFIER,FOLD_INDUCTION,Fold induction X10 at given concentration,RELATIVE_ACTIVITY_AT_0.5h,RELATIVE_ACTIVITY_AT_1h,RELATIVE_ACTIVITY_AT_2.5h,RELATIVE_ACTIVITY_AT_5h,RELATIVE_ACTIVITY_AT_8h,RELATIVE_ACTIVITY_AT_24h,RELATIVE_ACTIVITY_AT_28h,Fold induction x100 at given concentration,RELATIVE_ACTIVITY_AT_ 0.5h,RELATIVE_ACTIVITY_AT_ 1h,RELATIVE_ACTIVITY_AT_ 2.5h,RELATIVE_ACTIVITY_AT_ 5h,RELATIVE_ACTIVITY_AT_ 8h,RELATIVE_ACTIVITY_AT_ 24h,Fold induction x10 at given concentration,Phenotype replicate 1,Phenotype replicate 2,Predicted Target Gene,IC50 Qualifier,IC50,Target Accession(s),Ligand,Target,Standard Text Value,target_receptor,Tax_ID,Organism,SMILES,MolecularFormula,MolecularWeight,PUBCHEM_ACTIVITY_SCORE_Operator,PUBCHEM_ACTIVITY_SCORE_Numeric,IC50_Mean_Operator,IC50_Mean_Numeric,Qualifier_IC50_Run1_Operator,Qualifier_IC50_Run1_Numeric,Qualifier_IC50_Run2_Operator,Qualifier_IC50_Run2_Numeric,Qualifier_IC50_Run3_Operator,Qualifier_IC50_Run3_Numeric,DR_IC50uM_Run1_Operator,DR_IC50uM_Run1_Numeric,DR_IC50uM_Run2_Operator,DR_IC50uM_Run2_Numeric,DR_IC50uM_Run3_Operator,DR_IC50uM_Run3_Numeric,DR_IC50_Hillslope_Run1_Operator,DR_IC50_Hillslope_Run1_Numeric,DR_IC50_Hillslope_Run2_Operator,DR_IC50_Hillslope_Run2_Numeric,DR_IC50_Hillslope_Run3_Operator,DR_IC50_Hillslope_Run3_Numeric,IC50 Qualifier_Operator,IC50 Qualifier_Numeric,IC50_Operator,IC50_Numeric,ACTIVE_CONCENTRATION_QUALIFIER_Operator,ACTIVE_CONCENTRATION_QUALIFIER_Numeric,ACTIVE_CONCENTRATION_(uM)_Operator,ACTIVE_CONCENTRATION_(uM)_Numeric,FOLD_INDUCTION_x10_AT_GIVEN_CONCENTRATION_Operator,FOLD_INDUCTION_x10_AT_GIVEN_CONCENTRATION_Numeric,FOLD_INDUCTION_AT_GIVEN_CONCENTRATION_Operator,FOLD_INDUCTION_AT_GIVEN_CONCENTRATION_Numeric,ACTIVITY_CONCENTRATION_QUALIFIER_Operator,ACTIVITY_CONCENTRATION_QUALIFIER_Numeric,Fold induction X10 at given concentration_Operator,Fold induction X10 at given concentration_Numeric,Fold induction x100 at given concentration_Operator,Fold induction x100 at given concentration_Numeric,Fold induction x10 at given concentration_Operator,Fold induction x10 at given concentration_Numeric
RESULT_DESCR,,,,,,,,Standardized activity type (e.g. IC50 rather than Ic-50/Ic50/ic50/ic-50),Additional comments,1990772,,,,,,,,,,,,,,,,,,,,,,,,,,,,,,,,,,,,,,,,,,,,,,,,,,,,,,,,,,,,,,,,,,,,,,,,,,Low-density lipoprotein receptor,9606.0,Homo sapiens,,,,,,,,,,,,,,,,,,,,,,,,,,,,,,,,,,,,,,,,,,,,,
RESULT_DESCR,,,,,,,,Standardized activity type (e.g. IC50 rather than Ic-50/Ic50/ic50/ic-50),,1990775,,"Qualifier (e.g. >, <, =) for 'Standard Value'",Standardized activity value transformed to common units: e.g. mM concentrations converted to nM,Selected units for 'Standard Type': e.g. concentrations are in nM,,,,,,,,,,,,,,,,,,,,,,,,,,,,,,,,,,,,,,,,,,,,,,,,,,,,,,,,,,,,,,,,,,,,,,Low-density lipoprotein receptor,9606.0,Homo sapiens,,,,,,,,,,,,,,,,,,,,,,,,,,,,,,,,,,,,,,,,,,,,,
RESULT_DESCR,,,,,,,,Standardized activity type (e.g. IC50 rather than Ic-50/Ic50/ic50/ic-50),,1990776,,"Qualifier (e.g. >, <, =) for 'Standard Value'",Standardized activity value transformed to common units: e.g. mM concentrations converted to nM,Selected units for 'Standard Type': e.g. concentrations are in nM,,,,,,,,,,,,,,,,,,,,,,,,,,,,,,,,,,,,,,,,,,,,,,,,,,,,,,,,,,,,,,,,,,,,,,Low-density lipoprotein receptor,9606.0,Homo sapiens,,,,,,,,,,,,,,,,,,,,,,,,,,,,,,,,,,,,,,,,,,,,,
RESULT_DESCR,,,,,,,,Standardized activity type (e.g. IC50 rather than Ic-50/Ic50/ic50/ic-50),,1990777,,"Qualifier (e.g. >, <, =) for 'Standard Value'",Standardized activity value transformed to common units: e.g. mM concentrations converted to nM,Selected units for 'Standard Type': e.g. concentrations are in nM,,,,,,,,,,,,,,,,,,,,,,,,,,,,,,,,,,,,,,,,,,,,,,,,,,,,,,,,,,,,,,,,,,,,,,Low-density lipoprotein receptor,9606.0,Homo sapiens,,,,,,,,,,,,,,,,,,,,,,,,,,,,,,,,,,,,,,,,,,,,,
RESULT_DESCR,,,,,,,,Standardized activity type (e.g. IC50 rather than Ic-50/Ic50/ic50/ic-50),,1990778,,"Qualifier (e.g. >, <, =) for 'Standard Value'",Standardized activity value transformed to common units: e.g. mM concentrations converted to nM,Selected units for 'Standard Type': e.g. concentrations are in nM,,,,,,,,,,,,,,,,,,,,,,,,,,,,,,,,,,,,,,,,,,,,,,,,,,,,,,,,,,,,,,,,,,,,,,Low-density lipoprotein receptor,9606.0,Homo sapiens,,,,,,,,,,,,,,,,,,,,,,,,,,,,,,,,,,,,,,,,,,,,,
RESULT_DESCR,,,,,,,,Standardized activity type (e.g. IC50 rather than Ic-50/Ic50/ic50/ic-50),,1990780,,"Qualifier (e.g. >, <, =) for 'Standard Value'",Standardized activity value transformed to common units: e.g. mM concentrations converted to nM,Selected units for 'Standard Type': e.g. concentrations are in nM,,,,,,,,,,,,,,,,,,,,,,,,,,,,,,,,,,,,,,,,,,,,,,,,,,,,,,,,,,,,,,,,,,,,,,Low-density lipoprotein receptor,9606.0,Homo sapiens,,,,,,,,,,,,,,,,,,,,,,,,,,,,,,,,,,,,,,,,,,,,,
RESULT_DESCR,,,,,,,,Standardized activity type (e.g. IC50 rather than Ic-50/Ic50/ic50/ic-50),,1990781,,"Qualifier (e.g. >, <, =) for 'Standard Value'",Standardized activity value transformed to common units: e.g. mM concentrations converted to nM,Selected units for 'Standard Type': e.g. concentrations are in nM,,,,,,,,,,,,,,,,,,,,,,,,,,,,,,,,,,,,,,,,,,,,,,,,,,,,,,,,,,,,,,,,,,,,,,Low-density lipoprotein receptor,9606.0,Homo sapiens,,,,,,,,,,,,,,,,,,,,,,,,,,,,,,,,,,,,,,,,,,,,,
RESULT_DESCR,,,,,,,,Standardized activity type (e.g. IC50 rather than Ic-50/Ic50/ic50/ic-50),Additional comments,1990784,,,,Selected units for 'Standard Type': e.g. concentrations are in nM,,,,,,,,,,,,,,,,,,,,,,,,,,,,,,,,,,,,,,,,,,,,,,,,,,,,,,,,,,,,,,,,,,,,,,Low-density lipoprotein receptor,9606.0,Homo sapiens,,,,,,,,,,,,,,,,,,,,,,,,,,,,,,,,,,,,,,,,,,,,,
RESULT_DESCR,,,,,,,,Standardized activity type (e.g. IC50 rather than Ic-50/Ic50/ic50/ic-50),Additional comments,1990785,,,,Selected units for 'Standard Type': e.g. concentrations are in nM,,,,,,,,,,,,,,,,,,,,,,,,,,,,,,,,,,,,,,,,,,,,,,,,,,,,,,,,,,,,,,,,,,,,,,Low-density lipoprotein receptor,9606.0,Homo sapiens,,,,,,,,,,,,,,,,,,,,,,,,,,,,,,,,,,,,,,,,,,,,,
RESULT_DESCR,,,,,,,,Standardized activity type (e.g. IC50 rather than Ic-50/Ic50/ic50/ic-50),,1523943,,"Qualifier (e.g. >, <, =) for 'Standard Value'",Standardized activity value transformed to common units: e.g. mM concentrations converted to nM,,,,,,,,,,,,,,,,,,,,,,,,,,,,,,,,,,,,,,,,,,,,,,,,,,,,,,,,,,,,,,,,,,,,,,,Low-density lipoprotein receptor,9606.0,Homo sapiens,,,,,,,,,,,,,,,,,,,,,,,,,,,,,,,,,,,,,,,,,,,,,
RESULT_DESCR,,,,,,,,Standardized activity type (e.g. IC50 rather than Ic-50/Ic50/ic50/ic-50),,1585499,PubChem standardized value transformed from 'Standard Value'. The unit is always micromolar,"Qualifier (e.g. >, <, =) for 'Standard Value'",Standardized activity value transformed to common units: e.g. mM concentrations converted to nM,Selected units for 'Standard Type': e.g. concentrations are in nM,Comment reflecting whether the values for this activity measurement are likely to be correct,,,,,,,,,,,,,,,,,,,,,,,,,,,,,,,,,,,,,,,,,,,,,,,,,,,,,,,,,,,,,,,,,,,,,Low-density lipoprotein receptor,9606.0,Homo sapiens,,,,,,,,,,,,,,,,,,,,,,,,,,,,,,,,,,,,,,,,,,,,,
RESULT_DESCR,,,,,,,,Standardized activity type (e.g. IC50 rather than Ic-50/Ic50/ic50/ic-50),,1585507,,"Qualifier (e.g. >, <, =) for 'Standard Value'",Standardized activity value transformed to common units: e.g. mM concentrations converted to nM,Selected units for 'Standard Type': e.g. concentrations are in nM,,,,,,,,,,,,,,,,,,,,,,,,,,,,,,,,,,,,,,,,,,,,,,,,,,,,,,,,,,,,,,,,,,,,,,Low-density lipoprotein receptor,9606.0,Homo sapiens,,,,,,,,,,,,,,,,,,,,,,,,,,,,,,,,,,,,,,,,,,,,,
RESULT_DESCR,,,,,,,,Standardized activity type (e.g. IC50 rather than Ic-50/Ic50/ic50/ic-50),,1585508,,"Qualifier (e.g. >, <, =) for 'Standard Value'",Standardized activity value transformed to common units: e.g. mM concentrations converted to nM,Selected units for 'Standard Type': e.g. concentrations are in nM,,,,,,,,,,,,,,,,,,,,,,,,,,,,,,,,,,,,,,,,,,,,,,,,,,,,,,,,,,,,,,,,,,,,,,Low-density lipoprotein receptor,9606.0,Homo sapiens,,,,,,,,,,,,,,,,,,,,,,,,,,,,,,,,,,,,,,,,,,,,,
RESULT_DESCR,,,,,,,,Standardized activity type (e.g. IC50 rather than Ic-50/Ic50/ic50/ic-50),Additional comments,1761719,,,,,,,,,,,,,,,,,,,,,,,,,,,,,,,,,,,,,,,,,,,,,,,,,,,,,,,,,,,,,,,,,,,,,,,,,,Low-density lipoprotein receptor,9606.0,Homo sapiens,,,,,,,,,,,,,,,,,,,,,,,,,,,,,,,,,,,,,,,,,,,,,
RESULT_DESCR,,,,,,,,Standardized activity type (e.g. IC50 rather than Ic-50/Ic50/ic50/ic-50),,1761720,PubChem standardized value transformed from 'Standard Value'. The unit is always micromolar,"Qualifier (e.g. >, <, =) for 'Standard Value'",Standardized activity value transformed to common units: e.g. mM concentrations converted to nM,Selected units for 'Standard Type': e.g. concentrations are in nM,,,,,,,,,,,,,,,,,,,,,,,,,,,,,,,,,,,,,,,,,,,,,,,,,,,,,,,,,,,,,,,,,,,,,,Low-density lipoprotein receptor,9606.0,Homo sapiens,,,,,,,,,,,,,,,,,,,,,,,,,,,,,,,,,,,,,,,,,,,,,
1,103172426,12456,COC1=C(C2=C[N+]3=C(C=C2C=C1)C4=CC5=C(C=C4CC3)OCO5)OC.[Cl-],Unspecified,,,,IC50,,1761720,13.8,=,13800,nM,,,,,,,,,,,,,,,,,,,,,,,,,,,,,,,,,,,,,,,,,,,,,,,,,,,,,,,,,,,,,,,,,,,,,,Low-density lipoprotein receptor,9606.0,Homo sapiens,,C20H18ClNO4,371.8,,,,,,,,,,,,,,,,,,,,,,,,,,,,,,,,,,,,,,,,,,
2,404653660,145950669,CC1=CC(=O)[C@H]([C@]2([C@H]1CC3=C(C(=O)O[C@]3(C2)OC)C)C)OC(=O)C,Unspecified,,,,IC50,,1761720,25.2,=,25200,nM,,,,,,,,,,,,,,,,,,,,,,,,,,,,,,,,,,,,,,,,,,,,,,,,,,,,,,,,,,,,,,,,,,,,,,Low-density lipoprotein receptor,9606.0,Homo sapiens,,C18H22O6,334.4,,,,,,,,,,,,,,,,,,,,,,,,,,,,,,,,,,,,,,,,,,
3,404666636,145959662,C[C@@H]1[C@H]2CC3=C(C(=O)O[C@@]3(C[C@@]2(C=CC1=O)C)O)C,Unspecified,,,,IC50,,1761720,27.8,=,27800,nM,,,,,,,,,,,,,,,,,,,,,,,,,,,,,,,,,,,,,,,,,,,,,,,,,,,,,,,,,,,,,,,,,,,,,,Low-density lipoprotein receptor,9606.0,Homo sapiens,,C15H18O4,262.3,,,,,,,,,,,,,,,,,,,,,,,,,,,,,,,,,,,,,,,,,,
4,469818874,164623549,C[C@@H]1[C@H]2C/C(=C(\C)/C(=O)O)/C[C@@]2([C@@H](CC1=O)OC)C,Unspecified,,,,IC50,,1761720,24.4,=,24400,nM,,,,,,,,,,,,,,,,,,,,,,,,,,,,,,,,,,,,,,,,,,,,,,,,,,,,,,,,,,,,,,,,,,,,,,Low-density lipoprotein receptor,9606.0,Homo sapiens,,C15H22O4,266.33,,,,,,,,,,,,,,,,,,,,,,,,,,,,,,,,,,,,,,,,,,
RESULT_DESCR,,,,,,,,Standardized activity type (e.g. IC50 rather than Ic-50/Ic50/ic50/ic-50),Additional comments,1761721,,,,,,,,,,,,,,,,,,,,,,,,,,,,,,,,,,,,,,,,,,,,,,,,,,,,,,,,,,,,,,,,,,,,,,,,,,Low-density lipoprotein receptor,9606.0,Homo sapiens,,,,,,,,,,,,,,,,,,,,,,,,,,,,,,,,,,,,,,,,,,,,,
RESULT_DESCR,,,,,,,,Standardized activity type (e.g. IC50 rather than Ic-50/Ic50/ic50/ic-50),Additional comments,1761722,,,,,,,,,,,,,,,,,,,,,,,,,,,,,,,,,,,,,,,,,,,,,,,,,,,,,,,,,,,,,,,,,,,,,,,,,,Low-density lipoprotein receptor,9606.0,Homo sapiens,,,,,,,,,,,,,,,,,,,,,,,,,,,,,,,,,,,,,,,,,,,,,
RESULT_DESCR,,,,,,,,Standardized activity type (e.g. IC50 rather than Ic-50/Ic50/ic50/ic-50),Additional comments,1683899,,,,,,,,,,,,,,,,,,,,,,,,,,,,,,,,,,,,,,,,,,,,,,,,,,,,,,,,,,,,,,,,,,,,,,,,,,Low-density lipoprotein receptor,9606.0,Homo sapiens,,,,,,,,,,,,,,,,,,,,,,,,,,,,,,,,,,,,,,,,,,,,,
RESULT_DESCR,,,,,,,,Standardized activity type (e.g. IC50 rather than Ic-50/Ic50/ic50/ic-50),Additional comments,1683898,,,,,,,,,,,,,,,,,,,,,,,,,,,,,,,,,,,,,,,,,,,,,,,,,,,,,,,,,,,,,,,,,,,,,,,,,,Low-density lipoprotein receptor,9606.0,Homo sapiens,,,,,,,,,,,,,,,,,,,,,,,,,,,,,,,,,,,,,,,,,,,,,
RESULT_DESCR,,,,,,,,Standardized activity type (e.g. IC50 rather than Ic-50/Ic50/ic50/ic-50),,1683896,,"Qualifier (e.g. >, <, =) for 'Standard Value'",Standardized activity value transformed to common units: e.g. mM concentrations converted to nM,,,,,,,,,,,,,,,,,,,,,,,,,,,,,,,,,,,,,,,,,,,,,,,,,,,,,,,,,,,,,,,,,,,,,,,Low-density lipoprotein receptor,9606.0,Homo sapiens,,,,,,,,,,,,,,,,,,,,,,,,,,,,,,,,,,,,,,,,,,,,,
RESULT_DESCR,,,,,,,,Standardized activity type (e.g. IC50 rather than Ic-50/Ic50/ic50/ic-50),Additional comments,1683897,,,,,,,,,,,,,,,,,,,,,,,,,,,,,,,,,,,,,,,,,,,,,,,,,,,,,,,,,,,,,,,,,,,,,,,,,,Low-density lipoprotein receptor,9606.0,Homo sapiens,,,,,,,,,,,,,,,,,,,,,,,,,,,,,,,,,,,,,,,,,,,,,
RESULT_DESCR,,,,,,,,Standardized activity type (e.g. IC50 rather than Ic-50/Ic50/ic50/ic-50),Additional comments,1700388,PubChem standardized value transformed from 'Standard Value'. The unit is always micromolar,"Qualifier (e.g. >, <, =) for 'Standard Value'",Standardized activity value transformed to common units: e.g. mM concentrations converted to nM,Selected units for 'Standard Type': e.g. concentrations are in nM,,,,,,,,,,,,,,,,,,,,,,,,,,,,,,,,,,,,,,,,,,,,,,,,,,,,,,,,,,,,,,,,,,,,,,Low-density lipoprotein receptor,9606.0,Homo sapiens,,,,,,,,,,,,,,,,,,,,,,,,,,,,,,,,,,,,,,,,,,,,,
RESULT_DESCR,,,,,,,,Standardized activity type (e.g. IC50 rather than Ic-50/Ic50/ic50/ic-50),Additional comments,1700401,PubChem standardized value transformed from 'Standard Value'. The unit is always micromolar,"Qualifier (e.g. >, <, =) for 'Standard Value'",Standardized activity value transformed to common units: e.g. mM concentrations converted to nM,Selected units for 'Standard Type': e.g. concentrations are in nM,,,,,,,,,,,,,,,,,,,,,,,,,,,,,,,,,,,,,,,,,,,,,,,,,,,,,,,,,,,,,,,,,,,,,,Low-density lipoprotein receptor,9606.0,Homo sapiens,,,,,,,,,,,,,,,,,,,,,,,,,,,,,,,,,,,,,,,,,,,,,
RESULT_DESCR,,,,,,,,Standardized activity type (e.g. IC50 rather than Ic-50/Ic50/ic50/ic-50),,439079,,"Qualifier (e.g. >, <, =) for 'Standard Value'",Standardized activity value transformed to common units: e.g. mM concentrations converted to nM,,,,,,,,,,,,,,,,,,,,,,,,,,,,,,,,,,,,,,,,,,,,,,,,,,,,,,,,,,,,,,,,,,,,,,,Low-density lipoprotein receptor,9606.0,Homo sapiens,,,,,,,,,,,,,,,,,,,,,,,,,,,,,,,,,,,,,,,,,,,,,
RESULT_DESCR,,,,,,,,Standardized activity type (e.g. IC50 rather than Ic-50/Ic50/ic50/ic-50),,439080,,"Qualifier (e.g. >, <, =) for 'Standard Value'",Standardized activity value transformed to common units: e.g. mM concentrations converted to nM,,,,,,,,,,,,,,,,,,,,,,,,,,,,,,,,,,,,,,,,,,,,,,,,,,,,,,,,,,,,,,,,,,,,,,,Low-density lipoprotein receptor,9606.0,Homo sapiens,,,,,,,,,,,,,,,,,,,,,,,,,,,,,,,,,,,,,,,,,,,,,
RESULT_DESCR,,,,,,,,Standardized activity type (e.g. IC50 rather than Ic-50/Ic50/ic50/ic-50),Additional comments,439081,,,,,,,,,,,,,,,,,,,,,,,,,,,,,,,,,,,,,,,,,,,,,,,,,,,,,,,,,,,,,,,,,,,,,,,,,,Low-density lipoprotein receptor,9606.0,Homo sapiens,,,,,,,,,,,,,,,,,,,,,,,,,,,,,,,,,,,,,,,,,,,,,
RESULT_DESCR,,,,,,,,Standardized activity type (e.g. IC50 rather than Ic-50/Ic50/ic50/ic-50),Additional comments,439082,,,,,,,,,,,,,,,,,,,,,,,,,,,,,,,,,,,,,,,,,,,,,,,,,,,,,,,,,,,,,,,,,,,,,,,,,,Low-density lipoprotein receptor,9606.0,Homo sapiens,,,,,,,,,,,,,,,,,,,,,,,,,,,,,,,,,,,,,,,,,,,,,
RESULT_DESCR,,,,,,,,Standardized activity type (e.g. IC50 rather than Ic-50/Ic50/ic50/ic-50),Additional comments,1778719,,,,,,,,,,,,,,,,,,,,,,,,,,,,,,,,,,,,,,,,,,,,,,,,,,,,,,,,,,,,,,,,,,,,,,,,,,Low-density lipoprotein receptor,9606.0,Homo sapiens,,,,,,,,,,,,,,,,,,,,,,,,,,,,,,,,,,,,,,,,,,,,,
RESULT_DESCR,,,,,,,,Standardized activity type (e.g. IC50 rather than Ic-50/Ic50/ic50/ic-50),,361587,,"Qualifier (e.g. >, <, =) for 'Standard Value'",Standardized activity value transformed to common units: e.g. mM concentrations converted to nM,,,,,,,,,,,,,,,,,,,,,,,,,,,,,,,,,,,,,,,,,,,,,,,,,,,,,,,,,,,,,,,,,,,,,,,Low-density lipoprotein receptor,9606.0,Homo sapiens,,,,,,,,,,,,,,,,,,,,,,,,,,,,,,,,,,,,,,,,,,,,,
RESULT_DESCR,,,,,,,,Standardized activity type (e.g. IC50 rather than Ic-50/Ic50/ic50/ic-50),,1266951,PubChem standardized value transformed from 'Standard Value'. The unit is always micromolar,"Qualifier (e.g. >, <, =) for 'Standard Value'",Standardized activity value transformed to common units: e.g. mM concentrations converted to nM,Selected units for 'Standard Type': e.g. concentrations are in nM,,,,,,,,,,,,,,,,,,,,,,,,,,,,,,,,,,,,,,,,,,,,,,,,,,,,,,,,,,,,,,,,,,,,,,Low-density lipoprotein receptor,9606.0,Homo sapiens,,,,,,,,,,,,,,,,,,,,,,,,,,,,,,,,,,,,,,,,,,,,,
RESULT_DESCR,,,,,,,,Standardized activity type (e.g. IC50 rather than Ic-50/Ic50/ic50/ic-50),,1266952,,"Qualifier (e.g. >, <, =) for 'Standard Value'",Standardized activity value transformed to common units: e.g. mM concentrations converted to nM,Selected units for 'Standard Type': e.g. concentrations are in nM,,,,,,,,,,,,,,,,,,,,,,,,,,,,,,,,,,,,,,,,,,,,,,,,,,,,,,,,,,,,,,,,,,,,,,Low-density lipoprotein receptor,9606.0,Homo sapiens,,,,,,,,,,,,,,,,,,,,,,,,,,,,,,,,,,,,,,,,,,,,,
RESULT_DESCR,,,,,,,,Standardized activity type (e.g. IC50 rather than Ic-50/Ic50/ic50/ic-50),,615687,,"Qualifier (e.g. >, <, =) for 'Standard Value'",Standardized activity value transformed to common units: e.g. mM concentrations converted to nM,Selected units for 'Standard Type': e.g. concentrations are in nM,,,,,,,,,,,,,,,,,,,,,,,,,,,,,,,,,,,,,,,,,,,,,,,,,,,,,,,,,,,,,,,,,,,,,,Low-density lipoprotein receptor,9606.0,Homo sapiens,,,,,,,,,,,,,,,,,,,,,,,,,,,,,,,,,,,,,,,,,,,,,
RESULT_DESCR,,,,,,,,Standardized activity type (e.g. IC50 rather than Ic-50/Ic50/ic50/ic-50),,1266953,PubChem standardized value transformed from 'Standard Value'. The unit is always micromolar,"Qualifier (e.g. >, <, =) for 'Standard Value'",Standardized activity value transformed to common units: e.g. mM concentrations converted to nM,Selected units for 'Standard Type': e.g. concentrations are in nM,,,,,,,,,,,,,,,,,,,,,,,,,,,,,,,,,,,,,,,,,,,,,,,,,,,,,,,,,,,,,,,,,,,,,,Low-density lipoprotein receptor,9606.0,Homo sapiens,,,,,,,,,,,,,,,,,,,,,,,,,,,,,,,,,,,,,,,,,,,,,
RESULT_DESCR,,,,,,,,Standardized activity type (e.g. IC50 rather than Ic-50/Ic50/ic50/ic-50),,1266954,,"Qualifier (e.g. >, <, =) for 'Standard Value'",Standardized activity value transformed to common units: e.g. mM concentrations converted to nM,Selected units for 'Standard Type': e.g. concentrations are in nM,,,,,,,,,,,,,,,,,,,,,,,,,,,,,,,,,,,,,,,,,,,,,,,,,,,,,,,,,,,,,,,,,,,,,,Low-density lipoprotein receptor,9606.0,Homo sapiens,,,,,,,,,,,,,,,,,,,,,,,,,,,,,,,,,,,,,,,,,,,,,
RESULT_DESCR,,,,,,,,Standardized activity type (e.g. IC50 rather than Ic-50/Ic50/ic50/ic-50),,1267019,,"Qualifier (e.g. >, <, =) for 'Standard Value'",Standardized activity value transformed to common units: e.g. mM concentrations converted to nM,,,,,,,,,,,,,,,,,,,,,,,,,,,,,,,,,,,,,,,,,,,,,,,,,,,,,,,,,,,,,,,,,,,,,,,Low-density lipoprotein receptor,9606.0,Homo sapiens,,,,,,,,,,,,,,,,,,,,,,,,,,,,,,,,,,,,,,,,,,,,,
RESULT_DESCR,,,,,,,,Standardized activity type (e.g. IC50 rather than Ic-50/Ic50/ic50/ic-50),,1267020,,"Qualifier (e.g. >, <, =) for 'Standard Value'",Standardized activity value transformed to common units: e.g. mM concentrations converted to nM,Selected units for 'Standard Type': e.g. concentrations are in nM,,,,,,,,,,,,,,,,,,,,,,,,,,,,,,,,,,,,,,,,,,,,,,,,,,,,,,,,,,,,,,,,,,,,,,Low-density lipoprotein receptor,9606.0,Homo sapiens,,,,,,,,,,,,,,,,,,,,,,,,,,,,,,,,,,,,,,,,,,,,,
RESULT_DESCR,,,,,,,,Standardized activity type (e.g. IC50 rather than Ic-50/Ic50/ic50/ic-50),,345471,PubChem standardized value transformed from 'Standard Value'. The unit is always micromolar,"Qualifier (e.g. >, <, =) for 'Standard Value'",Standardized activity value transformed to common units: e.g. mM concentrations converted to nM,Selected units for 'Standard Type': e.g. concentrations are in nM,,,,,,,,,,,,,,,,,,,,,,,,,,,,,,,,,,,,,,,,,,,,,,,,,,,,,,,,,,,,,,,,,,,,,,Low-density lipoprotein receptor,9606.0,Homo sapiens,,,,,,,,,,,,,,,,,,,,,,,,,,,,,,,,,,,,,,,,,,,,,
1,103249137,447905,C1=CC=C(C=C1)C(CN(CCCOC2=CC=CC(=C2)CC(=O)O)CC3=C(C(=CC=C3)C(F)(F)F)Cl)C4=CC=CC=C4,Active,,,,IC50,,345471,0.012,=,12,nM,,,,,,,,,,,,,,,,,,,,,,,,,,,,,,,,,,,,,,,,,,,,,,,,,,,,,,,,,,,,,,,,,,,,,,Low-density lipoprotein receptor,9606.0,Homo sapiens,,C33H31ClF3NO3,582.0,,,,,,,,,,,,,,,,,,,,,,,,,,,,,,,,,,,,,,,,,,
2,103249306,447912,C1=CC=C(C=C1)S(=O)(=O)N(CC(F)(F)F)C2=CC=C(C=C2)C(C(F)(F)F)(C(F)(F)F)O,Active,,,,IC50,,345471,0.009,=,9,nM,,,,,,,,,,,,,,,,,,,,,,,,,,,,,,,,,,,,,,,,,,,,,,,,,,,,,,,,,,,,,,,,,,,,,,Low-density lipoprotein receptor,9606.0,Homo sapiens,,C17H12F9NO3S,481.3,,,,,,,,,,,,,,,,,,,,,,,,,,,,,,,,,,,,,,,,,,
3,103501302,11627859,C1=CC=C(C=C1)CC2=CN=C3C(=C2C4=CC(=CC=C4)OCC5=CC=C(C=C5)CC(=O)O)C=CC=C3C(F)(F)F,Active,,,,IC50,,345471,0.002,=,2,nM,,,,,,,,,,,,,,,,,,,,,,,,,,,,,,,,,,,,,,,,,,,,,,,,,,,,,,,,,,,,,,,,,,,,,,Low-density lipoprotein receptor,9606.0,Homo sapiens,,C32H24F3NO3,527.5,,,,,,,,,,,,,,,,,,,,,,,,,,,,,,,,,,,,,,,,,,
4,103501338,16090330,C1=CC=C(C=C1)CC2=CN=C3C(=C2C4=CC(=CC=C4)NCC5=CC=C(C=C5)CC(=O)O)C=CC=C3C(F)(F)F,Active,,,,IC50,,345471,0.002,=,2,nM,,,,,,,,,,,,,,,,,,,,,,,,,,,,,,,,,,,,,,,,,,,,,,,,,,,,,,,,,,,,,,,,,,,,,,Low-density lipoprotein receptor,9606.0,Homo sapiens,,C32H25F3N2O2,526.5,,,,,,,,,,,,,,,,,,,,,,,,,,,,,,,,,,,,,,,,,,
5,103647944,25137977,C1=CC=C(C=C1)CN2C(=C3C=CC=C(C3=N2)C(F)(F)F)C4=CC=CC=C4,Active,,,,IC50,,345471,0.041,=,41,nM,,,,,,,,,,,,,,,,,,,,,,,,,,,,,,,,,,,,,,,,,,,,,,,,,,,,,,,,,,,,,,,,,,,,,,Low-density lipoprotein receptor,9606.0,Homo sapiens,,C21H15F3N2,352.4,,,,,,,,,,,,,,,,,,,,,,,,,,,,,,,,,,,,,,,,,,
6,103647945,25137978,CC1=CC(=C(C=C1)CN2C(=C3C=CC=C(C3=N2)C(F)(F)F)C4=CC=C(C=C4)F)C,Active,,,,IC50,,345471,0.01,=,10,nM,,,,,,,,,,,,,,,,,,,,,,,,,,,,,,,,,,,,,,,,,,,,,,,,,,,,,,,,,,,,,,,,,,,,,,Low-density lipoprotein receptor,9606.0,Homo sapiens,,C23H18F4N2,398.4,,,,,,,,,,,,,,,,,,,,,,,,,,,,,,,,,,,,,,,,,,
7,103648006,16734800,C1=CC2=C(N(N=C2C(=C1)C(F)(F)F)CC3=C(C=C(C=C3)F)Cl)C4=CC=C(C=C4)F,Active,,,,IC50,,345471,0.024,=,24,nM,,,,,,,,,,,,,,,,,,,,,,,,,,,,,,,,,,,,,,,,,,,,,,,,,,,,,,,,,,,,,,,,,,,,,,Low-density lipoprotein receptor,9606.0,Homo sapiens,,C21H12ClF5N2,422.8,,,,,,,,,,,,,,,,,,,,,,,,,,,,,,,,,,,,,,,,,,
8,103648007,25113722,C1=CC=C(C(=C1)CN2C(=C3C=CC=C(C3=N2)C(F)(F)F)C4=CC=C(C=C4)F)F,Active,,,,IC50,,345471,0.033,=,33,nM,,,,,,,,,,,,,,,,,,,,,,,,,,,,,,,,,,,,,,,,,,,,,,,,,,,,,,,,,,,,,,,,,,,,,,Low-density lipoprotein receptor,9606.0,Homo sapiens,,C21H13F5N2,388.3,,,,,,,,,,,,,,,,,,,,,,,,,,,,,,,,,,,,,,,,,,
9,103648008,25137979,C1=CC=C(C(=C1)CN2C(=C3C=CC=C(C3=N2)C(F)(F)F)C4=CC=C(C=C4)F)Cl,Active,,,,IC50,,345471,0.032,=,32,nM,,,,,,,,,,,,,,,,,,,,,,,,,,,,,,,,,,,,,,,,,,,,,,,,,,,,,,,,,,,,,,,,,,,,,,Low-density lipoprotein receptor,9606.0,Homo sapiens,,C21H13ClF4N2,404.8,,,,,,,,,,,,,,,,,,,,,,,,,,,,,,,,,,,,,,,,,,
10,103648009,25137980,C1=CC2=C(N(N=C2C(=C1)C(F)(F)F)CC3=CC=C(C=C3)F)C4=CC=C(C=C4)F,Active,,,,IC50,,345471,0.049,=,49,nM,,,,,,,,,,,,,,,,,,,,,,,,,,,,,,,,,,,,,,,,,,,,,,,,,,,,,,,,,,,,,,,,,,,,,,Low-density lipoprotein receptor,9606.0,Homo sapiens,,C21H13F5N2,388.3,,,,,,,,,,,,,,,,,,,,,,,,,,,,,,,,,,,,,,,,,,
11,103648010,25137981,C1=CC2=C(N(N=C2C(=C1)C(F)(F)F)CC3=CC=C(C=C3)Cl)C4=CC=C(C=C4)F,Active,,,,IC50,,345471,0.058,=,58,nM,,,,,,,,,,,,,,,,,,,,,,,,,,,,,,,,,,,,,,,,,,,,,,,,,,,,,,,,,,,,,,,,,,,,,,Low-density lipoprotein receptor,9606.0,Homo sapiens,,C21H13ClF4N2,404.8,,,,,,,,,,,,,,,,,,,,,,,,,,,,,,,,,,,,,,,,,,
12,103648068,25137982,C1=CC2=C(N(N=C2C(=C1)C(F)(F)F)CC3=C(C=C(C=C3)Cl)F)C4=CC=C(C=C4)Cl,Active,,,,IC50,,345471,0.038,=,38,nM,,,,,,,,,,,,,,,,,,,,,,,,,,,,,,,,,,,,,,,,,,,,,,,,,,,,,,,,,,,,,,,,,,,,,,Low-density lipoprotein receptor,9606.0,Homo sapiens,,C21H12Cl2F4N2,439.2,,,,,,,,,,,,,,,,,,,,,,,,,,,,,,,,,,,,,,,,,,
13,103648069,25137983,C1=CC2=C(N(N=C2C(=C1)C(F)(F)F)CC3=C(C=C(C=C3)F)Cl)C4=CC=C(C=C4)Cl,Active,,,,IC50,,345471,0.03,=,30,nM,,,,,,,,,,,,,,,,,,,,,,,,,,,,,,,,,,,,,,,,,,,,,,,,,,,,,,,,,,,,,,,,,,,,,,Low-density lipoprotein receptor,9606.0,Homo sapiens,,C21H12Cl2F4N2,439.2,,,,,,,,,,,,,,,,,,,,,,,,,,,,,,,,,,,,,,,,,,
14,103648070,25137984,C1=CC=C(C(=C1)CN2C(=C3C=CC=C(C3=N2)C(F)(F)F)C4=CC=C(C=C4)Cl)Cl,Active,,,,IC50,,345471,0.04,=,40,nM,,,,,,,,,,,,,,,,,,,,,,,,,,,,,,,,,,,,,,,,,,,,,,,,,,,,,,,,,,,,,,,,,,,,,,Low-density lipoprotein receptor,9606.0,Homo sapiens,,C21H13Cl2F3N2,421.2,,,,,,,,,,,,,,,,,,,,,,,,,,,,,,,,,,,,,,,,,,
15,103648071,25137985,C1=CC=C(C(=C1)CN2C(=C3C=CC=C(C3=N2)C(F)(F)F)C4=CC=C(C=C4)Cl)F,Active,,,,IC50,,345471,0.038,=,38,nM,,,,,,,,,,,,,,,,,,,,,,,,,,,,,,,,,,,,,,,,,,,,,,,,,,,,,,,,,,,,,,,,,,,,,,Low-density lipoprotein receptor,9606.0,Homo sapiens,,C21H13ClF4N2,404.8,,,,,,,,,,,,,,,,,,,,,,,,,,,,,,,,,,,,,,,,,,
16,103648072,25137986,C1=CC=C(C(=C1)CN2C(=C3C=CC=C(C3=N2)C(F)(F)F)C4=CC=C(C=C4)Cl)C(F)(F)F,Active,,,,IC50,,345471,0.048,=,48,nM,,,,,,,,,,,,,,,,,,,,,,,,,,,,,,,,,,,,,,,,,,,,,,,,,,,,,,,,,,,,,,,,,,,,,,Low-density lipoprotein receptor,9606.0,Homo sapiens,,C22H13ClF6N2,454.8,,,,,,,,,,,,,,,,,,,,,,,,,,,,,,,,,,,,,,,,,,
17,103648134,25137987,C1=CC2=C(N(N=C2C(=C1)C(F)(F)F)CC3=CC=C(C=C3)C(F)(F)F)C4=CC=C(C=C4)Cl,Active,,,,IC50,,345471,1.853,=,1853,nM,,,,,,,,,,,,,,,,,,,,,,,,,,,,,,,,,,,,,,,,,,,,,,,,,,,,,,,,,,,,,,,,,,,,,,Low-density lipoprotein receptor,9606.0,Homo sapiens,,C22H13ClF6N2,454.8,,,,,,,,,,,,,,,,,,,,,,,,,,,,,,,,,,,,,,,,,,
RESULT_DESCR,,,,,,,,Standardized activity type (e.g. IC50 rather than Ic-50/Ic50/ic50/ic-50),,345472,PubChem standardized value transformed from 'Standard Value'. The unit is always micromolar,"Qualifier (e.g. >, <, =) for 'Standard Value'",Standardized activity value transformed to common units: e.g. mM concentrations converted to nM,Selected units for 'Standard Type': e.g. concentrations are in nM,,,,,,,,,,,,,,,,,,,,,,,,,,,,,,,,,,,,,,,,,,,,,,,,,,,,,,,,,,,,,,,,,,,,,,Low-density lipoprotein receptor,9606.0,Homo sapiens,,,,,,,,,,,,,,,,,,,,,,,,,,,,,,,,,,,,,,,,,,,,,
1,103249137,447905,C1=CC=C(C=C1)C(CN(CCCOC2=CC=CC(=C2)CC(=O)O)CC3=C(C(=CC=C3)C(F)(F)F)Cl)C4=CC=CC=C4,Active,,,,IC50,,345472,0.1,=,100,nM,,,,,,,,,,,,,,,,,,,,,,,,,,,,,,,,,,,,,,,,,,,,,,,,,,,,,,,,,,,,,,,,,,,,,,Low-density lipoprotein receptor,9606.0,Homo sapiens,,C33H31ClF3NO3,582.0,,,,,,,,,,,,,,,,,,,,,,,,,,,,,,,,,,,,,,,,,,
2,103249306,447912,C1=CC=C(C=C1)S(=O)(=O)N(CC(F)(F)F)C2=CC=C(C=C2)C(C(F)(F)F)(C(F)(F)F)O,Active,,,,IC50,,345472,0.013,=,13,nM,,,,,,,,,,,,,,,,,,,,,,,,,,,,,,,,,,,,,,,,,,,,,,,,,,,,,,,,,,,,,,,,,,,,,,Low-density lipoprotein receptor,9606.0,Homo sapiens,,C17H12F9NO3S,481.3,,,,,,,,,,,,,,,,,,,,,,,,,,,,,,,,,,,,,,,,,,
3,103501302,11627859,C1=CC=C(C=C1)CC2=CN=C3C(=C2C4=CC(=CC=C4)OCC5=CC=C(C=C5)CC(=O)O)C=CC=C3C(F)(F)F,Active,,,,IC50,,345472,0.01,=,10,nM,,,,,,,,,,,,,,,,,,,,,,,,,,,,,,,,,,,,,,,,,,,,,,,,,,,,,,,,,,,,,,,,,,,,,,Low-density lipoprotein receptor,9606.0,Homo sapiens,,C32H24F3NO3,527.5,,,,,,,,,,,,,,,,,,,,,,,,,,,,,,,,,,,,,,,,,,
4,103501338,16090330,C1=CC=C(C=C1)CC2=CN=C3C(=C2C4=CC(=CC=C4)NCC5=CC=C(C=C5)CC(=O)O)C=CC=C3C(F)(F)F,Active,,,,IC50,,345472,0.008,=,8,nM,,,,,,,,,,,,,,,,,,,,,,,,,,,,,,,,,,,,,,,,,,,,,,,,,,,,,,,,,,,,,,,,,,,,,,Low-density lipoprotein receptor,9606.0,Homo sapiens,,C32H25F3N2O2,526.5,,,,,,,,,,,,,,,,,,,,,,,,,,,,,,,,,,,,,,,,,,
5,103647944,25137977,C1=CC=C(C=C1)CN2C(=C3C=CC=C(C3=N2)C(F)(F)F)C4=CC=CC=C4,Active,,,,IC50,,345472,0.279,=,279,nM,,,,,,,,,,,,,,,,,,,,,,,,,,,,,,,,,,,,,,,,,,,,,,,,,,,,,,,,,,,,,,,,,,,,,,Low-density lipoprotein receptor,9606.0,Homo sapiens,,C21H15F3N2,352.4,,,,,,,,,,,,,,,,,,,,,,,,,,,,,,,,,,,,,,,,,,
6,103647945,25137978,CC1=CC(=C(C=C1)CN2C(=C3C=CC=C(C3=N2)C(F)(F)F)C4=CC=C(C=C4)F)C,Active,,,,IC50,,345472,0.078,=,78,nM,,,,,,,,,,,,,,,,,,,,,,,,,,,,,,,,,,,,,,,,,,,,,,,,,,,,,,,,,,,,,,,,,,,,,,Low-density lipoprotein receptor,9606.0,Homo sapiens,,C23H18F4N2,398.4,,,,,,,,,,,,,,,,,,,,,,,,,,,,,,,,,,,,,,,,,,
7,103648006,16734800,C1=CC2=C(N(N=C2C(=C1)C(F)(F)F)CC3=C(C=C(C=C3)F)Cl)C4=CC=C(C=C4)F,Active,,,,IC50,,345472,0.179,=,179,nM,,,,,,,,,,,,,,,,,,,,,,,,,,,,,,,,,,,,,,,,,,,,,,,,,,,,,,,,,,,,,,,,,,,,,,Low-density lipoprotein receptor,9606.0,Homo sapiens,,C21H12ClF5N2,422.8,,,,,,,,,,,,,,,,,,,,,,,,,,,,,,,,,,,,,,,,,,
8,103648007,25113722,C1=CC=C(C(=C1)CN2C(=C3C=CC=C(C3=N2)C(F)(F)F)C4=CC=C(C=C4)F)F,Active,,,,IC50,,345472,0.248,=,248,nM,,,,,,,,,,,,,,,,,,,,,,,,,,,,,,,,,,,,,,,,,,,,,,,,,,,,,,,,,,,,,,,,,,,,,,Low-density lipoprotein receptor,9606.0,Homo sapiens,,C21H13F5N2,388.3,,,,,,,,,,,,,,,,,,,,,,,,,,,,,,,,,,,,,,,,,,
9,103648008,25137979,C1=CC=C(C(=C1)CN2C(=C3C=CC=C(C3=N2)C(F)(F)F)C4=CC=C(C=C4)F)Cl,Active,,,,IC50,,345472,0.297,=,297,nM,,,,,,,,,,,,,,,,,,,,,,,,,,,,,,,,,,,,,,,,,,,,,,,,,,,,,,,,,,,,,,,,,,,,,,Low-density lipoprotein receptor,9606.0,Homo sapiens,,C21H13ClF4N2,404.8,,,,,,,,,,,,,,,,,,,,,,,,,,,,,,,,,,,,,,,,,,
10,103648009,25137980,C1=CC2=C(N(N=C2C(=C1)C(F)(F)F)CC3=CC=C(C=C3)F)C4=CC=C(C=C4)F,Active,,,,IC50,,345472,0.317,=,317,nM,,,,,,,,,,,,,,,,,,,,,,,,,,,,,,,,,,,,,,,,,,,,,,,,,,,,,,,,,,,,,,,,,,,,,,Low-density lipoprotein receptor,9606.0,Homo sapiens,,C21H13F5N2,388.3,,,,,,,,,,,,,,,,,,,,,,,,,,,,,,,,,,,,,,,,,,
11,103648010,25137981,C1=CC2=C(N(N=C2C(=C1)C(F)(F)F)CC3=CC=C(C=C3)Cl)C4=CC=C(C=C4)F,Active,,,,IC50,,345472,0.401,=,401,nM,,,,,,,,,,,,,,,,,,,,,,,,,,,,,,,,,,,,,,,,,,,,,,,,,,,,,,,,,,,,,,,,,,,,,,Low-density lipoprotein receptor,9606.0,Homo sapiens,,C21H13ClF4N2,404.8,,,,,,,,,,,,,,,,,,,,,,,,,,,,,,,,,,,,,,,,,,
12,103648068,25137982,C1=CC2=C(N(N=C2C(=C1)C(F)(F)F)CC3=C(C=C(C=C3)Cl)F)C4=CC=C(C=C4)Cl,Active,,,,IC50,,345472,0.26,=,260,nM,,,,,,,,,,,,,,,,,,,,,,,,,,,,,,,,,,,,,,,,,,,,,,,,,,,,,,,,,,,,,,,,,,,,,,Low-density lipoprotein receptor,9606.0,Homo sapiens,,C21H12Cl2F4N2,439.2,,,,,,,,,,,,,,,,,,,,,,,,,,,,,,,,,,,,,,,,,,
13,103648069,25137983,C1=CC2=C(N(N=C2C(=C1)C(F)(F)F)CC3=C(C=C(C=C3)F)Cl)C4=CC=C(C=C4)Cl,Active,,,,IC50,,345472,0.252,=,252,nM,,,,,,,,,,,,,,,,,,,,,,,,,,,,,,,,,,,,,,,,,,,,,,,,,,,,,,,,,,,,,,,,,,,,,,Low-density lipoprotein receptor,9606.0,Homo sapiens,,C21H12Cl2F4N2,439.2,,,,,,,,,,,,,,,,,,,,,,,,,,,,,,,,,,,,,,,,,,
14,103648070,25137984,C1=CC=C(C(=C1)CN2C(=C3C=CC=C(C3=N2)C(F)(F)F)C4=CC=C(C=C4)Cl)Cl,Active,,,,IC50,,345472,0.379,=,379,nM,,,,,,,,,,,,,,,,,,,,,,,,,,,,,,,,,,,,,,,,,,,,,,,,,,,,,,,,,,,,,,,,,,,,,,Low-density lipoprotein receptor,9606.0,Homo sapiens,,C21H13Cl2F3N2,421.2,,,,,,,,,,,,,,,,,,,,,,,,,,,,,,,,,,,,,,,,,,
15,103648071,25137985,C1=CC=C(C(=C1)CN2C(=C3C=CC=C(C3=N2)C(F)(F)F)C4=CC=C(C=C4)Cl)F,Active,,,,IC50,,345472,0.304,=,304,nM,,,,,,,,,,,,,,,,,,,,,,,,,,,,,,,,,,,,,,,,,,,,,,,,,,,,,,,,,,,,,,,,,,,,,,Low-density lipoprotein receptor,9606.0,Homo sapiens,,C21H13ClF4N2,404.8,,,,,,,,,,,,,,,,,,,,,,,,,,,,,,,,,,,,,,,,,,
16,103648072,25137986,C1=CC=C(C(=C1)CN2C(=C3C=CC=C(C3=N2)C(F)(F)F)C4=CC=C(C=C4)Cl)C(F)(F)F,Active,,,,IC50,,345472,0.465,=,465,nM,,,,,,,,,,,,,,,,,,,,,,,,,,,,,,,,,,,,,,,,,,,,,,,,,,,,,,,,,,,,,,,,,,,,,,Low-density lipoprotein receptor,9606.0,Homo sapiens,,C22H13ClF6N2,454.8,,,,,,,,,,,,,,,,,,,,,,,,,,,,,,,,,,,,,,,,,,
17,103648134,25137987,C1=CC2=C(N(N=C2C(=C1)C(F)(F)F)CC3=CC=C(C=C3)C(F)(F)F)C4=CC=C(C=C4)Cl,Active,,,,IC50,,345472,3.101,=,3101,nM,,,,,,,,,,,,,,,,,,,,,,,,,,,,,,,,,,,,,,,,,,,,,,,,,,,,,,,,,,,,,,,,,,,,,,Low-density lipoprotein receptor,9606.0,Homo sapiens,,C22H13ClF6N2,454.8,,,,,,,,,,,,,,,,,,,,,,,,,,,,,,,,,,,,,,,,,,
RESULT_DESCR,,,,,,,,Standardized activity type (e.g. IC50 rather than Ic-50/Ic50/ic50/ic-50),Additional comments,345473,PubChem standardized value transformed from 'Standard Value'. The unit is always micromolar,"Qualifier (e.g. >, <, =) for 'Standard Value'",Standardized activity value transformed to common units: e.g. mM concentrations converted to nM,Selected units for 'Standard Type': e.g. concentrations are in nM,,,,,,,,,,,,,,,,,,,,,,,,,,,,,,,,,,,,,,,,,,,,,,,,,,,,,,,,,,,,,,,,,,,,,,Low-density lipoprotein receptor,9606.0,Homo sapiens,,,,,,,,,,,,,,,,,,,,,,,,,,,,,,,,,,,,,,,,,,,,,
RESULT_DESCR,,,,,,,,Standardized activity type (e.g. IC50 rather than Ic-50/Ic50/ic50/ic-50),,345474,,"Qualifier (e.g. >, <, =) for 'Standard Value'",Standardized activity value transformed to common units: e.g. mM concentrations converted to nM,Selected units for 'Standard Type': e.g. concentrations are in nM,,,,,,,,,,,,,,,,,,,,,,,,,,,,,,,,,,,,,,,,,,,,,,,,,,,,,,,,,,,,,,,,,,,,,,Low-density lipoprotein receptor,9606.0,Homo sapiens,,,,,,,,,,,,,,,,,,,,,,,,,,,,,,,,,,,,,,,,,,,,,
RESULT_DESCR,,,,,,,,Standardized activity type (e.g. IC50 rather than Ic-50/Ic50/ic50/ic-50),Additional comments,345475,PubChem standardized value transformed from 'Standard Value'. The unit is always micromolar,"Qualifier (e.g. >, <, =) for 'Standard Value'",Standardized activity value transformed to common units: e.g. mM concentrations converted to nM,Selected units for 'Standard Type': e.g. concentrations are in nM,,,,,,,,,,,,,,,,,,,,,,,,,,,,,,,,,,,,,,,,,,,,,,,,,,,,,,,,,,,,,,,,,,,,,,Low-density lipoprotein receptor,9606.0,Homo sapiens,,,,,,,,,,,,,,,,,,,,,,,,,,,,,,,,,,,,,,,,,,,,,
RESULT_DESCR,,,,,,,,Standardized activity type (e.g. IC50 rather than Ic-50/Ic50/ic50/ic-50),,345476,,"Qualifier (e.g. >, <, =) for 'Standard Value'",Standardized activity value transformed to common units: e.g. mM concentrations converted to nM,Selected units for 'Standard Type': e.g. concentrations are in nM,,,,,,,,,,,,,,,,,,,,,,,,,,,,,,,,,,,,,,,,,,,,,,,,,,,,,,,,,,,,,,,,,,,,,,Low-density lipoprotein receptor,9606.0,Homo sapiens,,,,,,,,,,,,,,,,,,,,,,,,,,,,,,,,,,,,,,,,,,,,,
RESULT_DESCR,,,,,,,,Standardized activity type (e.g. IC50 rather than Ic-50/Ic50/ic50/ic-50),Additional comments,345477,,,,,,,,,,,,,,,,,,,,,,,,,,,,,,,,,,,,,,,,,,,,,,,,,,,,,,,,,,,,,,,,,,,,,,,,,,Low-density lipoprotein receptor,9606.0,Homo sapiens,,,,,,,,,,,,,,,,,,,,,,,,,,,,,,,,,,,,,,,,,,,,,
RESULT_DESCR,,,,,,,,Standardized activity type (e.g. IC50 rather than Ic-50/Ic50/ic50/ic-50),Additional comments,345478,,,,,,,,,,,,,,,,,,,,,,,,,,,,,,,,,,,,,,,,,,,,,,,,,,,,,,,,,,,,,,,,,,,,,,,,,,Low-density lipoprotein receptor,9606.0,Homo sapiens,,,,,,,,,,,,,,,,,,,,,,,,,,,,,,,,,,,,,,,,,,,,,
RESULT_DESCR,,,,,,,,Standardized activity type (e.g. IC50 rather than Ic-50/Ic50/ic50/ic-50),Additional comments,345479,,,,,,,,,,,,,,,,,,,,,,,,,,,,,,,,,,,,,,,,,,,,,,,,,,,,,,,,,,,,,,,,,,,,,,,,,,Low-density lipoprotein receptor,9606.0,Homo sapiens,,,,,,,,,,,,,,,,,,,,,,,,,,,,,,,,,,,,,,,,,,,,,
RESULT_DESCR,,,,,,,,Standardized activity type (e.g. IC50 rather than Ic-50/Ic50/ic50/ic-50),,345480,PubChem standardized value transformed from 'Standard Value'. The unit is always micromolar,"Qualifier (e.g. >, <, =) for 'Standard Value'",Standardized activity value transformed to common units: e.g. mM concentrations converted to nM,Selected units for 'Standard Type': e.g. concentrations are in nM,,,,,,,,,,,,,,,,,,,,,,,,,,,,,,,,,,,,,,,,,,,,,,,,,,,,,,,,,,,,,,,,,,,,,,Low-density lipoprotein receptor,9606.0,Homo sapiens,,,,,,,,,,,,,,,,,,,,,,,,,,,,,,,,,,,,,,,,,,,,,
1,103648006,16734800,C1=CC2=C(N(N=C2C(=C1)C(F)(F)F)CC3=C(C=C(C=C3)F)Cl)C4=CC=C(C=C4)F,Active,,,,IC50,,345480,1.77,=,1770,nM,,,,,,,,,,,,,,,,,,,,,,,,,,,,,,,,,,,,,,,,,,,,,,,,,,,,,,,,,,,,,,,,,,,,,,Low-density lipoprotein receptor,9606.0,Homo sapiens,,C21H12ClF5N2,422.8,,,,,,,,,,,,,,,,,,,,,,,,,,,,,,,,,,,,,,,,,,
2,103648007,25113722,C1=CC=C(C(=C1)CN2C(=C3C=CC=C(C3=N2)C(F)(F)F)C4=CC=C(C=C4)F)F,Active,,,,IC50,,345480,2.16,=,2160,nM,,,,,,,,,,,,,,,,,,,,,,,,,,,,,,,,,,,,,,,,,,,,,,,,,,,,,,,,,,,,,,,,,,,,,,Low-density lipoprotein receptor,9606.0,Homo sapiens,,C21H13F5N2,388.3,,,,,,,,,,,,,,,,,,,,,,,,,,,,,,,,,,,,,,,,,,
RESULT_DESCR,,,,,,,,Standardized activity type (e.g. IC50 rather than Ic-50/Ic50/ic50/ic-50),Additional comments,345481,PubChem standardized value transformed from 'Standard Value'. The unit is always micromolar,"Qualifier (e.g. >, <, =) for 'Standard Value'",Standardized activity value transformed to common units: e.g. mM concentrations converted to nM,Selected units for 'Standard Type': e.g. concentrations are in nM,,,,,,,,,,,,,,,,,,,,,,,,,,,,,,,,,,,,,,,,,,,,,,,,,,,,,,,,,,,,,,,,,,,,,,Low-density lipoprotein receptor,9606.0,Homo sapiens,,,,,,,,,,,,,,,,,,,,,,,,,,,,,,,,,,,,,,,,,,,,,
1,103648006,16734800,C1=CC2=C(N(N=C2C(=C1)C(F)(F)F)CC3=C(C=C(C=C3)F)Cl)C4=CC=C(C=C4)F,Unspecified,,,,IC50,,345481,10,>,10000,nM,,,,,,,,,,,,,,,,,,,,,,,,,,,,,,,,,,,,,,,,,,,,,,,,,,,,,,,,,,,,,,,,,,,,,,Low-density lipoprotein receptor,9606.0,Homo sapiens,,C21H12ClF5N2,422.8,,,,,,,,,,,,,,,,,,,,,,,,,,,,,,,,,,,,,,,,,,
RESULT_DESCR,,,,,,,,Standardized activity type (e.g. IC50 rather than Ic-50/Ic50/ic50/ic-50),Additional comments,345483,PubChem standardized value transformed from 'Standard Value'. The unit is always micromolar,"Qualifier (e.g. >, <, =) for 'Standard Value'",Standardized activity value transformed to common units: e.g. mM concentrations converted to nM,Selected units for 'Standard Type': e.g. concentrations are in nM,,,,,,,,,,,,,,,,,,,,,,,,,,,,,,,,,,,,,,,,,,,,,,,,,,,,,,,,,,,,,,,,,,,,,,Low-density lipoprotein receptor,9606.0,Homo sapiens,,,,,,,,,,,,,,,,,,,,,,,,,,,,,,,,,,,,,,,,,,,,,
2,103648007,25113722,C1=CC=C(C(=C1)CN2C(=C3C=CC=C(C3=N2)C(F)(F)F)C4=CC=C(C=C4)F)F,Unspecified,,,,IC50,,345483,10,>,10000,nM,,,,,,,,,,,,,,,,,,,,,,,,,,,,,,,,,,,,,,,,,,,,,,,,,,,,,,,,,,,,,,,,,,,,,,Low-density lipoprotein receptor,9606.0,Homo sapiens,,C21H13F5N2,388.3,,,,,,,,,,,,,,,,,,,,,,,,,,,,,,,,,,,,,,,,,,
RESULT_DESCR,,,,,,,,Standardized activity type (e.g. IC50 rather than Ic-50/Ic50/ic50/ic-50),Additional comments,345484,PubChem standardized value transformed from 'Standard Value'. The unit is always micromolar,"Qualifier (e.g. >, <, =) for 'Standard Value'",Standardized activity value transformed to common units: e.g. mM concentrations converted to nM,Selected units for 'Standard Type': e.g. concentrations are in nM,,,,,,,,,,,,,,,,,,,,,,,,,,,,,,,,,,,,,,,,,,,,,,,,,,,,,,,,,,,,,,,,,,,,,,Low-density lipoprotein receptor,9606.0,Homo sapiens,,,,,,,,,,,,,,,,,,,,,,,,,,,,,,,,,,,,,,,,,,,,,
1,103648006,16734800,C1=CC2=C(N(N=C2C(=C1)C(F)(F)F)CC3=C(C=C(C=C3)F)Cl)C4=CC=C(C=C4)F,Active,,,,IC50,,345484,2.3,=,2300,nM,,,,,,,,,,,,,,,,,,,,,,,,,,,,,,,,,,,,,,,,,,,,,,,,,,,,,,,,,,,,,,,,,,,,,,Low-density lipoprotein receptor,9606.0,Homo sapiens,,C21H12ClF5N2,422.8,,,,,,,,,,,,,,,,,,,,,,,,,,,,,,,,,,,,,,,,,,
RESULT_DESCR,,,,,,,,Standardized activity type (e.g. IC50 rather than Ic-50/Ic50/ic50/ic-50),,345485,PubChem standardized value transformed from 'Standard Value'. The unit is always micromolar,"Qualifier (e.g. >, <, =) for 'Standard Value'",Standardized activity value transformed to common units: e.g. mM concentrations converted to nM,Selected units for 'Standard Type': e.g. concentrations are in nM,,,,,,,,,,,,,,,,,,,,,,,,,,,,,,,,,,,,,,,,,,,,,,,,,,,,,,,,,,,,,,,,,,,,,,Low-density lipoprotein receptor,9606.0,Homo sapiens,,,,,,,,,,,,,,,,,,,,,,,,,,,,,,,,,,,,,,,,,,,,,
1,103648006,16734800,C1=CC2=C(N(N=C2C(=C1)C(F)(F)F)CC3=C(C=C(C=C3)F)Cl)C4=CC=C(C=C4)F,Unspecified,,,,IC50,,345485,1,>,1000,nM,,,,,,,,,,,,,,,,,,,,,,,,,,,,,,,,,,,,,,,,,,,,,,,,,,,,,,,,,,,,,,,,,,,,,,Low-density lipoprotein receptor,9606.0,Homo sapiens,,C21H12ClF5N2,422.8,,,,,,,,,,,,,,,,,,,,,,,,,,,,,,,,,,,,,,,,,,
2,103648007,25113722,C1=CC=C(C(=C1)CN2C(=C3C=CC=C(C3=N2)C(F)(F)F)C4=CC=C(C=C4)F)F,Unspecified,,,,IC50,,345485,10,>,10000,nM,,,,,,,,,,,,,,,,,,,,,,,,,,,,,,,,,,,,,,,,,,,,,,,,,,,,,,,,,,,,,,,,,,,,,,Low-density lipoprotein receptor,9606.0,Homo sapiens,,C21H13F5N2,388.3,,,,,,,,,,,,,,,,,,,,,,,,,,,,,,,,,,,,,,,,,,
RESULT_DESCR,,,,,,,,Standardized activity type (e.g. IC50 rather than Ic-50/Ic50/ic50/ic-50),Additional comments,345486,,,,,,,,,,,,,,,,,,,,,,,,,,,,,,,,,,,,,,,,,,,,,,,,,,,,,,,,,,,,,,,,,,,,,,,,,,Low-density lipoprotein receptor,9606.0,Homo sapiens,,,,,,,,,,,,,,,,,,,,,,,,,,,,,,,,,,,,,,,,,,,,,
RESULT_DESCR,,,,,,,,Standardized activity type (e.g. IC50 rather than Ic-50/Ic50/ic50/ic-50),Additional comments,345487,,,,,,,,,,,,,,,,,,,,,,,,,,,,,,,,,,,,,,,,,,,,,,,,,,,,,,,,,,,,,,,,,,,,,,,,,,Low-density lipoprotein receptor,9606.0,Homo sapiens,,,,,,,,,,,,,,,,,,,,,,,,,,,,,,,,,,,,,,,,,,,,,
RESULT_DESCR,,,,,,,,Standardized activity type (e.g. IC50 rather than Ic-50/Ic50/ic50/ic-50),Additional comments,345488,,,,,,,,,,,,,,,,,,,,,,,,,,,,,,,,,,,,,,,,,,,,,,,,,,,,,,,,,,,,,,,,,,,,,,,,,,Low-density lipoprotein receptor,9606.0,Homo sapiens,,,,,,,,,,,,,,,,,,,,,,,,,,,,,,,,,,,,,,,,,,,,,
RESULT_DESCR,,,,,,,,Standardized activity type (e.g. IC50 rather than Ic-50/Ic50/ic50/ic-50),Additional comments,345489,,,,,,,,,,,,,,,,,,,,,,,,,,,,,,,,,,,,,,,,,,,,,,,,,,,,,,,,,,,,,,,,,,,,,,,,,,Low-density lipoprotein receptor,9606.0,Homo sapiens,,,,,,,,,,,,,,,,,,,,,,,,,,,,,,,,,,,,,,,,,,,,,
RESULT_DESCR,,,,,,,,Standardized activity type (e.g. IC50 rather than Ic-50/Ic50/ic50/ic-50),,472465,,"Qualifier (e.g. >, <, =) for 'Standard Value'",Standardized activity value transformed to common units: e.g. mM concentrations converted to nM,Selected units for 'Standard Type': e.g. concentrations are in nM,,,,,,,,,,,,,,,,,,,,,,,,,,,,,,,,,,,,,,,,,,,,,,,,,,,,,,,,,,,,,,,,,,,,,,Low-density lipoprotein receptor,9606.0,Homo sapiens,,,,,,,,,,,,,,,,,,,,,,,,,,,,,,,,,,,,,,,,,,,,,
RESULT_DESCR,,,,,,,,Standardized activity type (e.g. IC50 rather than Ic-50/Ic50/ic50/ic-50),,345490,PubChem standardized value transformed from 'Standard Value'. The unit is always micromolar,"Qualifier (e.g. >, <, =) for 'Standard Value'",Standardized activity value transformed to common units: e.g. mM concentrations converted to nM,Selected units for 'Standard Type': e.g. concentrations are in nM,,,,,,,,,,,,,,,,,,,,,,,,,,,,,,,,,,,,,,,,,,,,,,,,,,,,,,,,,,,,,,,,,,,,,,Low-density lipoprotein receptor,9606.0,Homo sapiens,,,,,,,,,,,,,,,,,,,,,,,,,,,,,,,,,,,,,,,,,,,,,
RESULT_DESCR,,,,,,,,Standardized activity type (e.g. IC50 rather than Ic-50/Ic50/ic50/ic-50),,472469,,"Qualifier (e.g. >, <, =) for 'Standard Value'",Standardized activity value transformed to common units: e.g. mM concentrations converted to nM,Selected units for 'Standard Type': e.g. concentrations are in nM,,,,,,,,,,,,,,,,,,,,,,,,,,,,,,,,,,,,,,,,,,,,,,,,,,,,,,,,,,,,,,,,,,,,,,Low-density lipoprotein receptor,9606.0,Homo sapiens,,,,,,,,,,,,,,,,,,,,,,,,,,,,,,,,,,,,,,,,,,,,,
RESULT_DESCR,,,,,,,,Standardized activity type (e.g. IC50 rather than Ic-50/Ic50/ic50/ic-50),,472467,,"Qualifier (e.g. >, <, =) for 'Standard Value'",Standardized activity value transformed to common units: e.g. mM concentrations converted to nM,Selected units for 'Standard Type': e.g. concentrations are in nM,,,,,,,,,,,,,,,,,,,,,,,,,,,,,,,,,,,,,,,,,,,,,,,,,,,,,,,,,,,,,,,,,,,,,,Low-density lipoprotein receptor,9606.0,Homo sapiens,,,,,,,,,,,,,,,,,,,,,,,,,,,,,,,,,,,,,,,,,,,,,
RESULT_DESCR,,,,,,,,Standardized activity type (e.g. IC50 rather than Ic-50/Ic50/ic50/ic-50),,472471,,"Qualifier (e.g. >, <, =) for 'Standard Value'",Standardized activity value transformed to common units: e.g. mM concentrations converted to nM,Selected units for 'Standard Type': e.g. concentrations are in nM,,,,,,,,,,,,,,,,,,,,,,,,,,,,,,,,,,,,,,,,,,,,,,,,,,,,,,,,,,,,,,,,,,,,,,Low-density lipoprotein receptor,9606.0,Homo sapiens,,,,,,,,,,,,,,,,,,,,,,,,,,,,,,,,,,,,,,,,,,,,,
RESULT_DESCR,,,,,,,,Standardized activity type (e.g. IC50 rather than Ic-50/Ic50/ic50/ic-50),,472468,PubChem standardized value transformed from 'Standard Value'. The unit is always micromolar,"Qualifier (e.g. >, <, =) for 'Standard Value'",Standardized activity value transformed to common units: e.g. mM concentrations converted to nM,Selected units for 'Standard Type': e.g. concentrations are in nM,,,,,,,,,,,,,,,,,,,,,,,,,,,,,,,,,,,,,,,,,,,,,,,,,,,,,,,,,,,,,,,,,,,,,,Low-density lipoprotein receptor,9606.0,Homo sapiens,,,,,,,,,,,,,,,,,,,,,,,,,,,,,,,,,,,,,,,,,,,,,
RESULT_DESCR,,,,,,,,Standardized activity type (e.g. IC50 rather than Ic-50/Ic50/ic50/ic-50),,345492,PubChem standardized value transformed from 'Standard Value'. The unit is always micromolar,"Qualifier (e.g. >, <, =) for 'Standard Value'",Standardized activity value transformed to common units: e.g. mM concentrations converted to nM,Selected units for 'Standard Type': e.g. concentrations are in nM,,,,,,,,,,,,,,,,,,,,,,,,,,,,,,,,,,,,,,,,,,,,,,,,,,,,,,,,,,,,,,,,,,,,,,Low-density lipoprotein receptor,9606.0,Homo sapiens,,,,,,,,,,,,,,,,,,,,,,,,,,,,,,,,,,,,,,,,,,,,,
RESULT_DESCR,,,,,,,,Standardized activity type (e.g. IC50 rather than Ic-50/Ic50/ic50/ic-50),,472470,PubChem standardized value transformed from 'Standard Value'. The unit is always micromolar,"Qualifier (e.g. >, <, =) for 'Standard Value'",Standardized activity value transformed to common units: e.g. mM concentrations converted to nM,Selected units for 'Standard Type': e.g. concentrations are in nM,,,,,,,,,,,,,,,,,,,,,,,,,,,,,,,,,,,,,,,,,,,,,,,,,,,,,,,,,,,,,,,,,,,,,,Low-density lipoprotein receptor,9606.0,Homo sapiens,,,,,,,,,,,,,,,,,,,,,,,,,,,,,,,,,,,,,,,,,,,,,
RESULT_DESCR,,,,,,,,Standardized activity type (e.g. IC50 rather than Ic-50/Ic50/ic50/ic-50),,472472,PubChem standardized value transformed from 'Standard Value'. The unit is always micromolar,"Qualifier (e.g. >, <, =) for 'Standard Value'",Standardized activity value transformed to common units: e.g. mM concentrations converted to nM,Selected units for 'Standard Type': e.g. concentrations are in nM,,,,,,,,,,,,,,,,,,,,,,,,,,,,,,,,,,,,,,,,,,,,,,,,,,,,,,,,,,,,,,,,,,,,,,Low-density lipoprotein receptor,9606.0,Homo sapiens,,,,,,,,,,,,,,,,,,,,,,,,,,,,,,,,,,,,,,,,,,,,,
RESULT_DESCR,,,,,,,,Standardized activity type (e.g. IC50 rather than Ic-50/Ic50/ic50/ic-50),,345496,PubChem standardized value transformed from 'Standard Value'. The unit is always micromolar,"Qualifier (e.g. >, <, =) for 'Standard Value'",Standardized activity value transformed to common units: e.g. mM concentrations converted to nM,Selected units for 'Standard Type': e.g. concentrations are in nM,,,,,,,,,,,,,,,,,,,,,,,,,,,,,,,,,,,,,,,,,,,,,,,,,,,,,,,,,,,,,,,,,,,,,,Low-density lipoprotein receptor,9606.0,Homo sapiens,,,,,,,,,,,,,,,,,,,,,,,,,,,,,,,,,,,,,,,,,,,,,
RESULT_DESCR,,,,,,,,Standardized activity type (e.g. IC50 rather than Ic-50/Ic50/ic50/ic-50),,472474,PubChem standardized value transformed from 'Standard Value'. The unit is always micromolar,"Qualifier (e.g. >, <, =) for 'Standard Value'",Standardized activity value transformed to common units: e.g. mM concentrations converted to nM,Selected units for 'Standard Type': e.g. concentrations are in nM,,,,,,,,,,,,,,,,,,,,,,,,,,,,,,,,,,,,,,,,,,,,,,,,,,,,,,,,,,,,,,,,,,,,,,Low-density lipoprotein receptor,9606.0,Homo sapiens,,,,,,,,,,,,,,,,,,,,,,,,,,,,,,,,,,,,,,,,,,,,,
RESULT_DESCR,,,,,,,,Standardized activity type (e.g. IC50 rather than Ic-50/Ic50/ic50/ic-50),,472476,PubChem standardized value transformed from 'Standard Value'. The unit is always micromolar,"Qualifier (e.g. >, <, =) for 'Standard Value'",Standardized activity value transformed to common units: e.g. mM concentrations converted to nM,Selected units for 'Standard Type': e.g. concentrations are in nM,,,,,,,,,,,,,,,,,,,,,,,,,,,,,,,,,,,,,,,,,,,,,,,,,,,,,,,,,,,,,,,,,,,,,,Low-density lipoprotein receptor,9606.0,Homo sapiens,,,,,,,,,,,,,,,,,,,,,,,,,,,,,,,,,,,,,,,,,,,,,
RESULT_DESCR,,,,,,,,Standardized activity type (e.g. IC50 rather than Ic-50/Ic50/ic50/ic-50),,345494,PubChem standardized value transformed from 'Standard Value'. The unit is always micromolar,"Qualifier (e.g. >, <, =) for 'Standard Value'",Standardized activity value transformed to common units: e.g. mM concentrations converted to nM,Selected units for 'Standard Type': e.g. concentrations are in nM,,,,,,,,,,,,,,,,,,,,,,,,,,,,,,,,,,,,,,,,,,,,,,,,,,,,,,,,,,,,,,,,,,,,,,Low-density lipoprotein receptor,9606.0,Homo sapiens,,,,,,,,,,,,,,,,,,,,,,,,,,,,,,,,,,,,,,,,,,,,,
RESULT_DESCR,,,,,,,,Standardized activity type (e.g. IC50 rather than Ic-50/Ic50/ic50/ic-50),,472478,PubChem standardized value transformed from 'Standard Value'. The unit is always micromolar,"Qualifier (e.g. >, <, =) for 'Standard Value'",Standardized activity value transformed to common units: e.g. mM concentrations converted to nM,Selected units for 'Standard Type': e.g. concentrations are in nM,,,,,,,,,,,,,,,,,,,,,,,,,,,,,,,,,,,,,,,,,,,,,,,,,,,,,,,,,,,,,,,,,,,,,,Low-density lipoprotein receptor,9606.0,Homo sapiens,,,,,,,,,,,,,,,,,,,,,,,,,,,,,,,,,,,,,,,,,,,,,
RESULT_DESCR,,,,,,,,Standardized activity type (e.g. IC50 rather than Ic-50/Ic50/ic50/ic-50),,472479,PubChem standardized value transformed from 'Standard Value'. The unit is always micromolar,"Qualifier (e.g. >, <, =) for 'Standard Value'",Standardized activity value transformed to common units: e.g. mM concentrations converted to nM,Selected units for 'Standard Type': e.g. concentrations are in nM,,,,,,,,,,,,,,,,,,,,,,,,,,,,,,,,,,,,,,,,,,,,,,,,,,,,,,,,,,,,,,,,,,,,,,Low-density lipoprotein receptor,9606.0,Homo sapiens,,,,,,,,,,,,,,,,,,,,,,,,,,,,,,,,,,,,,,,,,,,,,
1,103249306,447912,C1=CC=C(C=C1)S(=O)(=O)N(CC(F)(F)F)C2=CC=C(C=C2)C(C(F)(F)F)(C(F)(F)F)O,Active,,,,IC50,,472479,0.009,=,9,nM,,,,,,,,,,,,,,,,,,,,,,,,,,,,,,,,,,,,,,,,,,,,,,,,,,,,,,,,,,,,,,,,,,,,,,Low-density lipoprotein receptor,9606.0,Homo sapiens,,C17H12F9NO3S,481.3,,,,,,,,,,,,,,,,,,,,,,,,,,,,,,,,,,,,,,,,,,
RESULT_DESCR,,,,,,,,Standardized activity type (e.g. IC50 rather than Ic-50/Ic50/ic50/ic-50),,472480,PubChem standardized value transformed from 'Standard Value'. The unit is always micromolar,"Qualifier (e.g. >, <, =) for 'Standard Value'",Standardized activity value transformed to common units: e.g. mM concentrations converted to nM,Selected units for 'Standard Type': e.g. concentrations are in nM,,,,,,,,,,,,,,,,,,,,,,,,,,,,,,,,,,,,,,,,,,,,,,,,,,,,,,,,,,,,,,,,,,,,,,Low-density lipoprotein receptor,9606.0,Homo sapiens,,,,,,,,,,,,,,,,,,,,,,,,,,,,,,,,,,,,,,,,,,,,,
1,103249306,447912,C1=CC=C(C=C1)S(=O)(=O)N(CC(F)(F)F)C2=CC=C(C=C2)C(C(F)(F)F)(C(F)(F)F)O,Active,,,,IC50,,472480,0.013,=,13,nM,,,,,,,,,,,,,,,,,,,,,,,,,,,,,,,,,,,,,,,,,,,,,,,,,,,,,,,,,,,,,,,,,,,,,,Low-density lipoprotein receptor,9606.0,Homo sapiens,,C17H12F9NO3S,481.3,,,,,,,,,,,,,,,,,,,,,,,,,,,,,,,,,,,,,,,,,,
RESULT_DESCR,,,,,,,,Standardized activity type (e.g. IC50 rather than Ic-50/Ic50/ic50/ic-50),Additional comments,472495,,,,,,,,,,,,,,,,,,,,,,,,,,,,,,,,,,,,,,,,,,,,,,,,,,,,,,,,,,,,,,,,,,,,,,,,,,Low-density lipoprotein receptor,9606.0,Homo sapiens,,,,,,,,,,,,,,,,,,,,,,,,,,,,,,,,,,,,,,,,,,,,,
RESULT_DESCR,,,,,,,,Standardized activity type (e.g. IC50 rather than Ic-50/Ic50/ic50/ic-50),Additional comments,472496,,,,,,,,,,,,,,,,,,,,,,,,,,,,,,,,,,,,,,,,,,,,,,,,,,,,,,,,,,,,,,,,,,,,,,,,,,Low-density lipoprotein receptor,9606.0,Homo sapiens,,,,,,,,,,,,,,,,,,,,,,,,,,,,,,,,,,,,,,,,,,,,,
RESULT_DESCR,,,,,,,,Standardized activity type (e.g. IC50 rather than Ic-50/Ic50/ic50/ic-50),Additional comments,472497,,,,,,,,,,,,,,,,,,,,,,,,,,,,,,,,,,,,,,,,,,,,,,,,,,,,,,,,,,,,,,,,,,,,,,,,,,Low-density lipoprotein receptor,9606.0,Homo sapiens,,,,,,,,,,,,,,,,,,,,,,,,,,,,,,,,,,,,,,,,,,,,,
RESULT_DESCR,,,,,,,,Standardized activity type (e.g. IC50 rather than Ic-50/Ic50/ic50/ic-50),Additional comments,472498,,,,,,,,,,,,,,,,,,,,,,,,,,,,,,,,,,,,,,,,,,,,,,,,,,,,,,,,,,,,,,,,,,,,,,,,,,Low-density lipoprotein receptor,9606.0,Homo sapiens,,,,,,,,,,,,,,,,,,,,,,,,,,,,,,,,,,,,,,,,,,,,,
RESULT_DESCR,,,,,,,,Standardized activity type (e.g. IC50 rather than Ic-50/Ic50/ic50/ic-50),Additional comments,472499,,,,,,,,,,,,,,,,,,,,,,,,,,,,,,,,,,,,,,,,,,,,,,,,,,,,,,,,,,,,,,,,,,,,,,,,,,Low-density lipoprotein receptor,9606.0,Homo sapiens,,,,,,,,,,,,,,,,,,,,,,,,,,,,,,,,,,,,,,,,,,,,,
RESULT_DESCR,,,,,,,,Standardized activity type (e.g. IC50 rather than Ic-50/Ic50/ic50/ic-50),Additional comments,472500,,,,,,,,,,,,,,,,,,,,,,,,,,,,,,,,,,,,,,,,,,,,,,,,,,,,,,,,,,,,,,,,,,,,,,,,,,Low-density lipoprotein receptor,9606.0,Homo sapiens,,,,,,,,,,,,,,,,,,,,,,,,,,,,,,,,,,,,,,,,,,,,,
RESULT_DESCR,,,,,,,,Standardized activity type (e.g. IC50 rather than Ic-50/Ic50/ic50/ic-50),Additional comments,472501,,,,,,,,,,,,,,,,,,,,,,,,,,,,,,,,,,,,,,,,,,,,,,,,,,,,,,,,,,,,,,,,,,,,,,,,,,Low-density lipoprotein receptor,9606.0,Homo sapiens,,,,,,,,,,,,,,,,,,,,,,,,,,,,,,,,,,,,,,,,,,,,,
RESULT_DESCR,,,,,,,,Standardized activity type (e.g. IC50 rather than Ic-50/Ic50/ic50/ic-50),Additional comments,472502,,,,,,,,,,,,,,,,,,,,,,,,,,,,,,,,,,,,,,,,,,,,,,,,,,,,,,,,,,,,,,,,,,,,,,,,,,Low-density lipoprotein receptor,9606.0,Homo sapiens,,,,,,,,,,,,,,,,,,,,,,,,,,,,,,,,,,,,,,,,,,,,,
RESULT_DESCR,,,,,,,,Standardized activity type (e.g. IC50 rather than Ic-50/Ic50/ic50/ic-50),Additional comments,472503,,,,,,,,,,,,,,,,,,,,,,,,,,,,,,,,,,,,,,,,,,,,,,,,,,,,,,,,,,,,,,,,,,,,,,,,,,Low-density lipoprotein receptor,9606.0,Homo sapiens,,,,,,,,,,,,,,,,,,,,,,,,,,,,,,,,,,,,,,,,,,,,,
RESULT_DESCR,,,,,,,,Standardized activity type (e.g. IC50 rather than Ic-50/Ic50/ic50/ic-50),Additional comments,345533,,,,,,,,,,,,,,,,,,,,,,,,,,,,,,,,,,,,,,,,,,,,,,,,,,,,,,,,,,,,,,,,,,,,,,,,,,Low-density lipoprotein receptor,9606.0,Homo sapiens,,,,,,,,,,,,,,,,,,,,,,,,,,,,,,,,,,,,,,,,,,,,,
RESULT_DESCR,,,,,,,,Standardized activity type (e.g. IC50 rather than Ic-50/Ic50/ic50/ic-50),Additional comments,472504,,,,,,,,,,,,,,,,,,,,,,,,,,,,,,,,,,,,,,,,,,,,,,,,,,,,,,,,,,,,,,,,,,,,,,,,,,Low-density lipoprotein receptor,9606.0,Homo sapiens,,,,,,,,,,,,,,,,,,,,,,,,,,,,,,,,,,,,,,,,,,,,,
RESULT_DESCR,,,,,,,,Standardized activity type (e.g. IC50 rather than Ic-50/Ic50/ic50/ic-50),Additional comments,472505,,,,,,,,,,,,,,,,,,,,,,,,,,,,,,,,,,,,,,,,,,,,,,,,,,,,,,,,,,,,,,,,,,,,,,,,,,Low-density lipoprotein receptor,9606.0,Homo sapiens,,,,,,,,,,,,,,,,,,,,,,,,,,,,,,,,,,,,,,,,,,,,,
RESULT_DESCR,,,,,,,,Standardized activity type (e.g. IC50 rather than Ic-50/Ic50/ic50/ic-50),Additional comments,472506,,,,,,,,,,,,,,,,,,,,,,,,,,,,,,,,,,,,,,,,,,,,,,,,,,,,,,,,,,,,,,,,,,,,,,,,,,Low-density lipoprotein receptor,9606.0,Homo sapiens,,,,,,,,,,,,,,,,,,,,,,,,,,,,,,,,,,,,,,,,,,,,,
RESULT_DESCR,,,,,,,,Standardized activity type (e.g. IC50 rather than Ic-50/Ic50/ic50/ic-50),Additional comments,472508,,,,,,,,,,,,,,,,,,,,,,,,,,,,,,,,,,,,,,,,,,,,,,,,,,,,,,,,,,,,,,,,,,,,,,,,,,Low-density lipoprotein receptor,9606.0,Homo sapiens,,,,,,,,,,,,,,,,,,,,,,,,,,,,,,,,,,,,,,,,,,,,,
RESULT_DESCR,,,,,,,,Standardized activity type (e.g. IC50 rather than Ic-50/Ic50/ic50/ic-50),Additional comments,472509,,,,,,,,,,,,,,,,,,,,,,,,,,,,,,,,,,,,,,,,,,,,,,,,,,,,,,,,,,,,,,,,,,,,,,,,,,Low-density lipoprotein receptor,9606.0,Homo sapiens,,,,,,,,,,,,,,,,,,,,,,,,,,,,,,,,,,,,,,,,,,,,,
RESULT_DESCR,,,,,,,,Standardized activity type (e.g. IC50 rather than Ic-50/Ic50/ic50/ic-50),Additional comments,472510,,,,,,,,,,,,,,,,,,,,,,,,,,,,,,,,,,,,,,,,,,,,,,,,,,,,,,,,,,,,,,,,,,,,,,,,,,Low-density lipoprotein receptor,9606.0,Homo sapiens,,,,,,,,,,,,,,,,,,,,,,,,,,,,,,,,,,,,,,,,,,,,,
RESULT_DESCR,,,,,,,,Standardized activity type (e.g. IC50 rather than Ic-50/Ic50/ic50/ic-50),Additional comments,472511,,,,,,,,,,,,,,,,,,,,,,,,,,,,,,,,,,,,,,,,,,,,,,,,,,,,,,,,,,,,,,,,,,,,,,,,,,Low-density lipoprotein receptor,9606.0,Homo sapiens,,,,,,,,,,,,,,,,,,,,,,,,,,,,,,,,,,,,,,,,,,,,,
RESULT_DESCR,,,,,,,,Standardized activity type (e.g. IC50 rather than Ic-50/Ic50/ic50/ic-50),Additional comments,472512,,,,,,,,,,,,,,,,,,,,,,,,,,,,,,,,,,,,,,,,,,,,,,,,,,,,,,,,,,,,,,,,,,,,,,,,,,Low-density lipoprotein receptor,9606.0,Homo sapiens,,,,,,,,,,,,,,,,,,,,,,,,,,,,,,,,,,,,,,,,,,,,,
RESULT_DESCR,,,,,,,,Standardized activity type (e.g. IC50 rather than Ic-50/Ic50/ic50/ic-50),Additional comments,472513,,,,,,,,,,,,,,,,,,,,,,,,,,,,,,,,,,,,,,,,,,,,,,,,,,,,,,,,,,,,,,,,,,,,,,,,,,Low-density lipoprotein receptor,9606.0,Homo sapiens,,,,,,,,,,,,,,,,,,,,,,,,,,,,,,,,,,,,,,,,,,,,,
RESULT_DESCR,,,,,,,,Standardized activity type (e.g. IC50 rather than Ic-50/Ic50/ic50/ic-50),Additional comments,472514,,,,,,,,,,,,,,,,,,,,,,,,,,,,,,,,,,,,,,,,,,,,,,,,,,,,,,,,,,,,,,,,,,,,,,,,,,Low-density lipoprotein receptor,9606.0,Homo sapiens,,,,,,,,,,,,,,,,,,,,,,,,,,,,,,,,,,,,,,,,,,,,,
RESULT_DESCR,,,,,,,,Standardized activity type (e.g. IC50 rather than Ic-50/Ic50/ic50/ic-50),Additional comments,472515,,,,,,,,,,,,,,,,,,,,,,,,,,,,,,,,,,,,,,,,,,,,,,,,,,,,,,,,,,,,,,,,,,,,,,,,,,Low-density lipoprotein receptor,9606.0,Homo sapiens,,,,,,,,,,,,,,,,,,,,,,,,,,,,,,,,,,,,,,,,,,,,,
RESULT_DESCR,,,,,,,,Standardized activity type (e.g. IC50 rather than Ic-50/Ic50/ic50/ic-50),Additional comments,472516,,,,,,,,,,,,,,,,,,,,,,,,,,,,,,,,,,,,,,,,,,,,,,,,,,,,,,,,,,,,,,,,,,,,,,,,,,Low-density lipoprotein receptor,9606.0,Homo sapiens,,,,,,,,,,,,,,,,,,,,,,,,,,,,,,,,,,,,,,,,,,,,,
RESULT_DESCR,,,,,,,,Standardized activity type (e.g. IC50 rather than Ic-50/Ic50/ic50/ic-50),Additional comments,472517,,,,,,,,,,,,,,,,,,,,,,,,,,,,,,,,,,,,,,,,,,,,,,,,,,,,,,,,,,,,,,,,,,,,,,,,,,Low-density lipoprotein receptor,9606.0,Homo sapiens,,,,,,,,,,,,,,,,,,,,,,,,,,,,,,,,,,,,,,,,,,,,,
RESULT_DESCR,,,,,,,,Standardized activity type (e.g. IC50 rather than Ic-50/Ic50/ic50/ic-50),Additional comments,472518,,,,,,,,,,,,,,,,,,,,,,,,,,,,,,,,,,,,,,,,,,,,,,,,,,,,,,,,,,,,,,,,,,,,,,,,,,Low-density lipoprotein receptor,9606.0,Homo sapiens,,,,,,,,,,,,,,,,,,,,,,,,,,,,,,,,,,,,,,,,,,,,,
RESULT_DESCR,,,,,,,,Standardized activity type (e.g. IC50 rather than Ic-50/Ic50/ic50/ic-50),Additional comments,472519,,,,,,,,,,,,,,,,,,,,,,,,,,,,,,,,,,,,,,,,,,,,,,,,,,,,,,,,,,,,,,,,,,,,,,,,,,Low-density lipoprotein receptor,9606.0,Homo sapiens,,,,,,,,,,,,,,,,,,,,,,,,,,,,,,,,,,,,,,,,,,,,,
RESULT_DESCR,,,,,,,,Standardized activity type (e.g. IC50 rather than Ic-50/Ic50/ic50/ic-50),Additional comments,472520,,,,,,,,,,,,,,,,,,,,,,,,,,,,,,,,,,,,,,,,,,,,,,,,,,,,,,,,,,,,,,,,,,,,,,,,,,Low-density lipoprotein receptor,9606.0,Homo sapiens,,,,,,,,,,,,,,,,,,,,,,,,,,,,,,,,,,,,,,,,,,,,,
RESULT_DESCR,,,,,,,,Standardized activity type (e.g. IC50 rather than Ic-50/Ic50/ic50/ic-50),Additional comments,1574398,,,,,,,,,,,,,,,,,,,,,,,,,,,,,,,,,,,,,,,,,,,,,,,,,,,,,,,,,,,,,,,,,,,,,,,,,,Low-density lipoprotein receptor,9606.0,Homo sapiens,,,,,,,,,,,,,,,,,,,,,,,,,,,,,,,,,,,,,,,,,,,,,
RESULT_DESCR,,,,,,,,Standardized activity type (e.g. IC50 rather than Ic-50/Ic50/ic50/ic-50),,1816074,,"Qualifier (e.g. >, <, =) for 'Standard Value'",Standardized activity value transformed to common units: e.g. mM concentrations converted to nM,Selected units for 'Standard Type': e.g. concentrations are in nM,,,,,,,,,,,,,,,,,,,,,,,,,,,,,,,,,,,,,,,,,,,,,,,,,,,,,,,,,,,,,,,,,,,,,,Low-density lipoprotein receptor,9606.0,Homo sapiens,,,,,,,,,,,,,,,,,,,,,,,,,,,,,,,,,,,,,,,,,,,,,
RESULT_DESCR,,,,,,,,Standardized activity type (e.g. IC50 rather than Ic-50/Ic50/ic50/ic-50),,472607,PubChem standardized value transformed from 'Standard Value'. The unit is always micromolar,"Qualifier (e.g. >, <, =) for 'Standard Value'",Standardized activity value transformed to common units: e.g. mM concentrations converted to nM,Selected units for 'Standard Type': e.g. concentrations are in nM,,,,,,,,,,,,,,,,,,,,,,,,,,,,,,,,,,,,,,,,,,,,,,,,,,,,,,,,,,,,,,,,,,,,,,Low-density lipoprotein receptor,9606.0,Homo sapiens,,,,,,,,,,,,,,,,,,,,,,,,,,,,,,,,,,,,,,,,,,,,,
1,103716851,46225196,CS(=O)(=O)C1=CC(=CC(=C1)OC2=CC=CC(=C2)C3=C4C=CC=C(C4=NC=C3C(=O)N)C(F)(F)F)Cl,Active,,,,IC50,,472607,0.061,=,61,nM,,,,,,,,,,,,,,,,,,,,,,,,,,,,,,,,,,,,,,,,,,,,,,,,,,,,,,,,,,,,,,,,,,,,,,Low-density lipoprotein receptor,9606.0,Homo sapiens,,C24H16ClF3N2O4S,520.9,,,,,,,,,,,,,,,,,,,,,,,,,,,,,,,,,,,,,,,,,,
2,103749198,46206336,CC1=NC2=C(C=CC=C2N=C1C3=CC=C(C=C3)C4=CC(=CC=C4)S(=O)(=O)C)C(F)(F)F,Active,,,,IC50,,472607,0.053,=,53,nM,,,,,,,,,,,,,,,,,,,,,,,,,,,,,,,,,,,,,,,,,,,,,,,,,,,,,,,,,,,,,,,,,,,,,,Low-density lipoprotein receptor,9606.0,Homo sapiens,,C23H17F3N2O2S,442.5,,,,,,,,,,,,,,,,,,,,,,,,,,,,,,,,,,,,,,,,,,
3,103749199,46202578,CC1=NC2=C(C=CC=C2N=C1C3=CC=C(C=C3)C4=CC=C(C=C4)S(=O)(=O)C)C(F)(F)F,Unspecified,,,,IC50,,472607,1,>,1000,nM,,,,,,,,,,,,,,,,,,,,,,,,,,,,,,,,,,,,,,,,,,,,,,,,,,,,,,,,,,,,,,,,,,,,,,Low-density lipoprotein receptor,9606.0,Homo sapiens,,C23H17F3N2O2S,442.5,,,,,,,,,,,,,,,,,,,,,,,,,,,,,,,,,,,,,,,,,,
4,103749200,46202579,CC1=NC2=C(C=CC=C2N=C1C3=CC=C(C=C3)C4=CC=CC=C4S(=O)(=O)C)C(F)(F)F,Unspecified,,,,IC50,,472607,1,>,1000,nM,,,,,,,,,,,,,,,,,,,,,,,,,,,,,,,,,,,,,,,,,,,,,,,,,,,,,,,,,,,,,,,,,,,,,,Low-density lipoprotein receptor,9606.0,Homo sapiens,,C23H17F3N2O2S,442.5,,,,,,,,,,,,,,,,,,,,,,,,,,,,,,,,,,,,,,,,,,
5,103749243,46202580,CC1=NC2=C(C=CC=C2N=C1C3=CC=CC(=C3)C4=CC(=CC=C4)S(=O)(=O)C)C(F)(F)F,Unspecified,,,,IC50,,472607,1,>,1000,nM,,,,,,,,,,,,,,,,,,,,,,,,,,,,,,,,,,,,,,,,,,,,,,,,,,,,,,,,,,,,,,,,,,,,,,Low-density lipoprotein receptor,9606.0,Homo sapiens,,C23H17F3N2O2S,442.5,,,,,,,,,,,,,,,,,,,,,,,,,,,,,,,,,,,,,,,,,,
6,103749244,46202902,CC1=NC2=C(C=CC=C2N=C1C3=CC=CC(=C3)C4=CC=C(C=C4)S(=O)(=O)C)C(F)(F)F,Unspecified,,,,IC50,,472607,1,>,1000,nM,,,,,,,,,,,,,,,,,,,,,,,,,,,,,,,,,,,,,,,,,,,,,,,,,,,,,,,,,,,,,,,,,,,,,,Low-density lipoprotein receptor,9606.0,Homo sapiens,,C23H17F3N2O2S,442.5,,,,,,,,,,,,,,,,,,,,,,,,,,,,,,,,,,,,,,,,,,
7,103749245,46202903,CCS(=O)(=O)C1=CC=CC(=C1)C2=CC=C(C=C2)C3=NC4=CC=CC(=C4N=C3C)C(F)(F)F,Active,,,,IC50,,472607,0.132,=,132,nM,,,,,,,,,,,,,,,,,,,,,,,,,,,,,,,,,,,,,,,,,,,,,,,,,,,,,,,,,,,,,,,,,,,,,,Low-density lipoprotein receptor,9606.0,Homo sapiens,,C24H19F3N2O2S,456.5,,,,,,,,,,,,,,,,,,,,,,,,,,,,,,,,,,,,,,,,,,
8,103749246,46202904,CC1=NC2=C(C=CC=C2N=C1C3=CC=C(C=C3)C4=CC(=CC=C4)S(=O)(=O)NC)C(F)(F)F,Active,,,,IC50,,472607,0.081,=,81,nM,,,,,,,,,,,,,,,,,,,,,,,,,,,,,,,,,,,,,,,,,,,,,,,,,,,,,,,,,,,,,,,,,,,,,,Low-density lipoprotein receptor,9606.0,Homo sapiens,,C23H18F3N3O2S,457.5,,,,,,,,,,,,,,,,,,,,,,,,,,,,,,,,,,,,,,,,,,
9,103749281,46202905,CC1=NC2=C(C=CC=C2N=C1C3=CC=C(C=C3)C4=CC(=CC=C4)C(=O)NC)C(F)(F)F,Unspecified,,,,IC50,,472607,1,>,1000,nM,,,,,,,,,,,,,,,,,,,,,,,,,,,,,,,,,,,,,,,,,,,,,,,,,,,,,,,,,,,,,,,,,,,,,,Low-density lipoprotein receptor,9606.0,Homo sapiens,,C24H18F3N3O,421.4,,,,,,,,,,,,,,,,,,,,,,,,,,,,,,,,,,,,,,,,,,
10,103749282,46186945,CCC1=NC2=C(C=CC=C2N=C1C3=CC=C(C=C3)C4=CC(=CC=C4)S(=O)(=O)C)C(F)(F)F,Active,,,,IC50,,472607,0.018,=,18,nM,,,,,,,,,,,,,,,,,,,,,,,,,,,,,,,,,,,,,,,,,,,,,,,,,,,,,,,,,,,,,,,,,,,,,,Low-density lipoprotein receptor,9606.0,Homo sapiens,,C24H19F3N2O2S,456.5,,,,,,,,,,,,,,,,,,,,,,,,,,,,,,,,,,,,,,,,,,
11,103749283,46202906,CS(=O)(=O)C1=CC=CC(=C1)C2=CC=C(C=C2)C3=NC4=CC=CC(=C4N=C3)C(F)(F)F,Unspecified,,,,IC50,,472607,1,>,1000,nM,,,,,,,,,,,,,,,,,,,,,,,,,,,,,,,,,,,,,,,,,,,,,,,,,,,,,,,,,,,,,,,,,,,,,,Low-density lipoprotein receptor,9606.0,Homo sapiens,,C22H15F3N2O2S,428.4,,,,,,,,,,,,,,,,,,,,,,,,,,,,,,,,,,,,,,,,,,
12,103749284,46202907,CC1=C(N=C2C=CC=C(C2=N1)Cl)C3=CC=C(C=C3)C4=CC(=CC=C4)S(=O)(=O)C,Active,,,,IC50,,472607,0.034,=,34,nM,,,,,,,,,,,,,,,,,,,,,,,,,,,,,,,,,,,,,,,,,,,,,,,,,,,,,,,,,,,,,,,,,,,,,,Low-density lipoprotein receptor,9606.0,Homo sapiens,,C22H17ClN2O2S,408.9,,,,,,,,,,,,,,,,,,,,,,,,,,,,,,,,,,,,,,,,,,
13,103749327,46203225,CC1=NC2=C(C=CC=C2N=C1C3=CC=C(C=C3)C4=CC(=CC=C4)S(=O)(=O)C)C#N,Active,,,,IC50,,472607,0.299,=,299,nM,,,,,,,,,,,,,,,,,,,,,,,,,,,,,,,,,,,,,,,,,,,,,,,,,,,,,,,,,,,,,,,,,,,,,,Low-density lipoprotein receptor,9606.0,Homo sapiens,,C23H17N3O2S,399.5,,,,,,,,,,,,,,,,,,,,,,,,,,,,,,,,,,,,,,,,,,
14,103749328,46203226,CC1=C(N=C2C=CC=C(C2=N1)OC)C3=CC=C(C=C3)C4=CC(=CC=C4)S(=O)(=O)C,Active,,,,IC50,,472607,0.395,=,395,nM,,,,,,,,,,,,,,,,,,,,,,,,,,,,,,,,,,,,,,,,,,,,,,,,,,,,,,,,,,,,,,,,,,,,,,Low-density lipoprotein receptor,9606.0,Homo sapiens,,C23H20N2O3S,404.5,,,,,,,,,,,,,,,,,,,,,,,,,,,,,,,,,,,,,,,,,,
RESULT_DESCR,,,,,,,,Standardized activity type (e.g. IC50 rather than Ic-50/Ic50/ic50/ic-50),,472608,PubChem standardized value transformed from 'Standard Value'. The unit is always micromolar,"Qualifier (e.g. >, <, =) for 'Standard Value'",Standardized activity value transformed to common units: e.g. mM concentrations converted to nM,Selected units for 'Standard Type': e.g. concentrations are in nM,,,,,,,,,,,,,,,,,,,,,,,,,,,,,,,,,,,,,,,,,,,,,,,,,,,,,,,,,,,,,,,,,,,,,,Low-density lipoprotein receptor,9606.0,Homo sapiens,,,,,,,,,,,,,,,,,,,,,,,,,,,,,,,,,,,,,,,,,,,,,
1,103716851,46225196,CS(=O)(=O)C1=CC(=CC(=C1)OC2=CC=CC(=C2)C3=C4C=CC=C(C4=NC=C3C(=O)N)C(F)(F)F)Cl,Active,,,,IC50,,472608,1.77,=,1770,nM,,,,,,,,,,,,,,,,,,,,,,,,,,,,,,,,,,,,,,,,,,,,,,,,,,,,,,,,,,,,,,,,,,,,,,Low-density lipoprotein receptor,9606.0,Homo sapiens,,C24H16ClF3N2O4S,520.9,,,,,,,,,,,,,,,,,,,,,,,,,,,,,,,,,,,,,,,,,,
2,103749198,46206336,CC1=NC2=C(C=CC=C2N=C1C3=CC=C(C=C3)C4=CC(=CC=C4)S(=O)(=O)C)C(F)(F)F,Unspecified,,,,IC50,,472608,1,>,1000,nM,,,,,,,,,,,,,,,,,,,,,,,,,,,,,,,,,,,,,,,,,,,,,,,,,,,,,,,,,,,,,,,,,,,,,,Low-density lipoprotein receptor,9606.0,Homo sapiens,,C23H17F3N2O2S,442.5,,,,,,,,,,,,,,,,,,,,,,,,,,,,,,,,,,,,,,,,,,
3,103749199,46202578,CC1=NC2=C(C=CC=C2N=C1C3=CC=C(C=C3)C4=CC=C(C=C4)S(=O)(=O)C)C(F)(F)F,Unspecified,,,,IC50,,472608,1,>,1000,nM,,,,,,,,,,,,,,,,,,,,,,,,,,,,,,,,,,,,,,,,,,,,,,,,,,,,,,,,,,,,,,,,,,,,,,Low-density lipoprotein receptor,9606.0,Homo sapiens,,C23H17F3N2O2S,442.5,,,,,,,,,,,,,,,,,,,,,,,,,,,,,,,,,,,,,,,,,,
4,103749200,46202579,CC1=NC2=C(C=CC=C2N=C1C3=CC=C(C=C3)C4=CC=CC=C4S(=O)(=O)C)C(F)(F)F,Unspecified,,,,IC50,,472608,1,>,1000,nM,,,,,,,,,,,,,,,,,,,,,,,,,,,,,,,,,,,,,,,,,,,,,,,,,,,,,,,,,,,,,,,,,,,,,,Low-density lipoprotein receptor,9606.0,Homo sapiens,,C23H17F3N2O2S,442.5,,,,,,,,,,,,,,,,,,,,,,,,,,,,,,,,,,,,,,,,,,
5,103749243,46202580,CC1=NC2=C(C=CC=C2N=C1C3=CC=CC(=C3)C4=CC(=CC=C4)S(=O)(=O)C)C(F)(F)F,Unspecified,,,,IC50,,472608,1,>,1000,nM,,,,,,,,,,,,,,,,,,,,,,,,,,,,,,,,,,,,,,,,,,,,,,,,,,,,,,,,,,,,,,,,,,,,,,Low-density lipoprotein receptor,9606.0,Homo sapiens,,C23H17F3N2O2S,442.5,,,,,,,,,,,,,,,,,,,,,,,,,,,,,,,,,,,,,,,,,,
6,103749244,46202902,CC1=NC2=C(C=CC=C2N=C1C3=CC=CC(=C3)C4=CC=C(C=C4)S(=O)(=O)C)C(F)(F)F,Unspecified,,,,IC50,,472608,1,>,1000,nM,,,,,,,,,,,,,,,,,,,,,,,,,,,,,,,,,,,,,,,,,,,,,,,,,,,,,,,,,,,,,,,,,,,,,,Low-density lipoprotein receptor,9606.0,Homo sapiens,,C23H17F3N2O2S,442.5,,,,,,,,,,,,,,,,,,,,,,,,,,,,,,,,,,,,,,,,,,
7,103749245,46202903,CCS(=O)(=O)C1=CC=CC(=C1)C2=CC=C(C=C2)C3=NC4=CC=CC(=C4N=C3C)C(F)(F)F,Unspecified,,,,IC50,,472608,1,>,1000,nM,,,,,,,,,,,,,,,,,,,,,,,,,,,,,,,,,,,,,,,,,,,,,,,,,,,,,,,,,,,,,,,,,,,,,,Low-density lipoprotein receptor,9606.0,Homo sapiens,,C24H19F3N2O2S,456.5,,,,,,,,,,,,,,,,,,,,,,,,,,,,,,,,,,,,,,,,,,
8,103749246,46202904,CC1=NC2=C(C=CC=C2N=C1C3=CC=C(C=C3)C4=CC(=CC=C4)S(=O)(=O)NC)C(F)(F)F,Unspecified,,,,IC50,,472608,1,>,1000,nM,,,,,,,,,,,,,,,,,,,,,,,,,,,,,,,,,,,,,,,,,,,,,,,,,,,,,,,,,,,,,,,,,,,,,,Low-density lipoprotein receptor,9606.0,Homo sapiens,,C23H18F3N3O2S,457.5,,,,,,,,,,,,,,,,,,,,,,,,,,,,,,,,,,,,,,,,,,
9,103749281,46202905,CC1=NC2=C(C=CC=C2N=C1C3=CC=C(C=C3)C4=CC(=CC=C4)C(=O)NC)C(F)(F)F,Unspecified,,,,IC50,,472608,1,>,1000,nM,,,,,,,,,,,,,,,,,,,,,,,,,,,,,,,,,,,,,,,,,,,,,,,,,,,,,,,,,,,,,,,,,,,,,,Low-density lipoprotein receptor,9606.0,Homo sapiens,,C24H18F3N3O,421.4,,,,,,,,,,,,,,,,,,,,,,,,,,,,,,,,,,,,,,,,,,
10,103749282,46186945,CCC1=NC2=C(C=CC=C2N=C1C3=CC=C(C=C3)C4=CC(=CC=C4)S(=O)(=O)C)C(F)(F)F,Active,,,,IC50,,472608,0.165,=,165,nM,,,,,,,,,,,,,,,,,,,,,,,,,,,,,,,,,,,,,,,,,,,,,,,,,,,,,,,,,,,,,,,,,,,,,,Low-density lipoprotein receptor,9606.0,Homo sapiens,,C24H19F3N2O2S,456.5,,,,,,,,,,,,,,,,,,,,,,,,,,,,,,,,,,,,,,,,,,
11,103749283,46202906,CS(=O)(=O)C1=CC=CC(=C1)C2=CC=C(C=C2)C3=NC4=CC=CC(=C4N=C3)C(F)(F)F,Unspecified,,,,IC50,,472608,1,>,1000,nM,,,,,,,,,,,,,,,,,,,,,,,,,,,,,,,,,,,,,,,,,,,,,,,,,,,,,,,,,,,,,,,,,,,,,,Low-density lipoprotein receptor,9606.0,Homo sapiens,,C22H15F3N2O2S,428.4,,,,,,,,,,,,,,,,,,,,,,,,,,,,,,,,,,,,,,,,,,
12,103749284,46202907,CC1=C(N=C2C=CC=C(C2=N1)Cl)C3=CC=C(C=C3)C4=CC(=CC=C4)S(=O)(=O)C,Active,,,,IC50,,472608,0.734,=,734,nM,,,,,,,,,,,,,,,,,,,,,,,,,,,,,,,,,,,,,,,,,,,,,,,,,,,,,,,,,,,,,,,,,,,,,,Low-density lipoprotein receptor,9606.0,Homo sapiens,,C22H17ClN2O2S,408.9,,,,,,,,,,,,,,,,,,,,,,,,,,,,,,,,,,,,,,,,,,
13,103749327,46203225,CC1=NC2=C(C=CC=C2N=C1C3=CC=C(C=C3)C4=CC(=CC=C4)S(=O)(=O)C)C#N,Unspecified,,,,IC50,,472608,1,>,1000,nM,,,,,,,,,,,,,,,,,,,,,,,,,,,,,,,,,,,,,,,,,,,,,,,,,,,,,,,,,,,,,,,,,,,,,,Low-density lipoprotein receptor,9606.0,Homo sapiens,,C23H17N3O2S,399.5,,,,,,,,,,,,,,,,,,,,,,,,,,,,,,,,,,,,,,,,,,
14,103749328,46203226,CC1=C(N=C2C=CC=C(C2=N1)OC)C3=CC=C(C=C3)C4=CC(=CC=C4)S(=O)(=O)C,Unspecified,,,,IC50,,472608,1,>,1000,nM,,,,,,,,,,,,,,,,,,,,,,,,,,,,,,,,,,,,,,,,,,,,,,,,,,,,,,,,,,,,,,,,,,,,,,Low-density lipoprotein receptor,9606.0,Homo sapiens,,C23H20N2O3S,404.5,,,,,,,,,,,,,,,,,,,,,,,,,,,,,,,,,,,,,,,,,,
RESULT_DESCR,,,,,,,,Standardized activity type (e.g. IC50 rather than Ic-50/Ic50/ic50/ic-50),,472609,,"Qualifier (e.g. >, <, =) for 'Standard Value'",Standardized activity value transformed to common units: e.g. mM concentrations converted to nM,,,,,,,,,,,,,,,,,,,,,,,,,,,,,,,,,,,,,,,,,,,,,,,,,,,,,,,,,,,,,,,,,,,,,,,Low-density lipoprotein receptor,9606.0,Homo sapiens,,,,,,,,,,,,,,,,,,,,,,,,,,,,,,,,,,,,,,,,,,,,,
RESULT_DESCR,,,,,,,,Standardized activity type (e.g. IC50 rather than Ic-50/Ic50/ic50/ic-50),Additional comments,472610,PubChem standardized value transformed from 'Standard Value'. The unit is always micromolar,"Qualifier (e.g. >, <, =) for 'Standard Value'",Standardized activity value transformed to common units: e.g. mM concentrations converted to nM,Selected units for 'Standard Type': e.g. concentrations are in nM,,,,,,,,,,,,,,,,,,,,,,,,,,,,,,,,,,,,,,,,,,,,,,,,,,,,,,,,,,,,,,,,,,,,,,Low-density lipoprotein receptor,9606.0,Homo sapiens,,,,,,,,,,,,,,,,,,,,,,,,,,,,,,,,,,,,,,,,,,,,,
RESULT_DESCR,,,,,,,,Standardized activity type (e.g. IC50 rather than Ic-50/Ic50/ic50/ic-50),,472611,,"Qualifier (e.g. >, <, =) for 'Standard Value'",Standardized activity value transformed to common units: e.g. mM concentrations converted to nM,Selected units for 'Standard Type': e.g. concentrations are in nM,,,,,,,,,,,,,,,,,,,,,,,,,,,,,,,,,,,,,,,,,,,,,,,,,,,,,,,,,,,,,,,,,,,,,,Low-density lipoprotein receptor,9606.0,Homo sapiens,,,,,,,,,,,,,,,,,,,,,,,,,,,,,,,,,,,,,,,,,,,,,
RESULT_DESCR,,,,,,,,Standardized activity type (e.g. IC50 rather than Ic-50/Ic50/ic50/ic-50),Additional comments,472612,,,,,,,,,,,,,,,,,,,,,,,,,,,,,,,,,,,,,,,,,,,,,,,,,,,,,,,,,,,,,,,,,,,,,,,,,,Low-density lipoprotein receptor,9606.0,Homo sapiens,,,,,,,,,,,,,,,,,,,,,,,,,,,,,,,,,,,,,,,,,,,,,
RESULT_DESCR,,,,,,,,Standardized activity type (e.g. IC50 rather than Ic-50/Ic50/ic50/ic-50),Additional comments,472613,,,,,,,,,,,,,,,,,,,,,,,,,,,,,,,,,,,,,,,,,,,,,,,,,,,,,,,,,,,,,,,,,,,,,,,,,,Low-density lipoprotein receptor,9606.0,Homo sapiens,,,,,,,,,,,,,,,,,,,,,,,,,,,,,,,,,,,,,,,,,,,,,
RESULT_DESCR,,,,,,,,Standardized activity type (e.g. IC50 rather than Ic-50/Ic50/ic50/ic-50),,345497,,"Qualifier (e.g. >, <, =) for 'Standard Value'",Standardized activity value transformed to common units: e.g. mM concentrations converted to nM,Selected units for 'Standard Type': e.g. concentrations are in nM,,,,,,,,,,,,,,,,,,,,,,,,,,,,,,,,,,,,,,,,,,,,,,,,,,,,,,,,,,,,,,,,,,,,,,Low-density lipoprotein receptor,9606.0,Homo sapiens,,,,,,,,,,,,,,,,,,,,,,,,,,,,,,,,,,,,,,,,,,,,,
RESULT_DESCR,,,,,,,,Standardized activity type (e.g. IC50 rather than Ic-50/Ic50/ic50/ic-50),Additional comments,1947200,,,,,,,,,,,,,,,,,,,,,,,,,,,,,,,,,,,,,,,,,,,,,,,,,,,,,,,,,,,,,,,,,,,,,,,,,,Low-density lipoprotein receptor,9606.0,Homo sapiens,,,,,,,,,,,,,,,,,,,,,,,,,,,,,,,,,,,,,,,,,,,,,
RESULT_DESCR,,,,,,,,Standardized activity type (e.g. IC50 rather than Ic-50/Ic50/ic50/ic-50),,1947201,,"Qualifier (e.g. >, <, =) for 'Standard Value'",Standardized activity value transformed to common units: e.g. mM concentrations converted to nM,Selected units for 'Standard Type': e.g. concentrations are in nM,,,,,,,,,,,,,,,,,,,,,,,,,,,,,,,,,,,,,,,,,,,,,,,,,,,,,,,,,,,,,,,,,,,,,,Low-density lipoprotein receptor,9606.0,Homo sapiens,,,,,,,,,,,,,,,,,,,,,,,,,,,,,,,,,,,,,,,,,,,,,
RESULT_DESCR,,,,,,,,Standardized activity type (e.g. IC50 rather than Ic-50/Ic50/ic50/ic-50),Additional comments,1947202,,,,,,,,,,,,,,,,,,,,,,,,,,,,,,,,,,,,,,,,,,,,,,,,,,,,,,,,,,,,,,,,,,,,,,,,,,Low-density lipoprotein receptor,9606.0,Homo sapiens,,,,,,,,,,,,,,,,,,,,,,,,,,,,,,,,,,,,,,,,,,,,,
RESULT_DESCR,,,,,,,,Standardized activity type (e.g. IC50 rather than Ic-50/Ic50/ic50/ic-50),,1947203,,"Qualifier (e.g. >, <, =) for 'Standard Value'",Standardized activity value transformed to common units: e.g. mM concentrations converted to nM,Selected units for 'Standard Type': e.g. concentrations are in nM,,,,,,,,,,,,,,,,,,,,,,,,,,,,,,,,,,,,,,,,,,,,,,,,,,,,,,,,,,,,,,,,,,,,,,Low-density lipoprotein receptor,9606.0,Homo sapiens,,,,,,,,,,,,,,,,,,,,,,,,,,,,,,,,,,,,,,,,,,,,,
RESULT_DESCR,,,,,,,,Standardized activity type (e.g. IC50 rather than Ic-50/Ic50/ic50/ic-50),Additional comments,1947204,,,,,,,,,,,,,,,,,,,,,,,,,,,,,,,,,,,,,,,,,,,,,,,,,,,,,,,,,,,,,,,,,,,,,,,,,,Low-density lipoprotein receptor,9606.0,Homo sapiens,,,,,,,,,,,,,,,,,,,,,,,,,,,,,,,,,,,,,,,,,,,,,
RESULT_DESCR,,,,,,,,Standardized activity type (e.g. IC50 rather than Ic-50/Ic50/ic50/ic-50),Additional comments,1947205,,,,,,,,,,,,,,,,,,,,,,,,,,,,,,,,,,,,,,,,,,,,,,,,,,,,,,,,,,,,,,,,,,,,,,,,,,Low-density lipoprotein receptor,9606.0,Homo sapiens,,,,,,,,,,,,,,,,,,,,,,,,,,,,,,,,,,,,,,,,,,,,,
RESULT_DESCR,,,,,,,,Standardized activity type (e.g. IC50 rather than Ic-50/Ic50/ic50/ic-50),Additional comments,1947206,,,,Selected units for 'Standard Type': e.g. concentrations are in nM,,,,,,,,,,,,,,,,,,,,,,,,,,,,,,,,,,,,,,,,,,,,,,,,,,,,,,,,,,,,,,,,,,,,,,Low-density lipoprotein receptor,9606.0,Homo sapiens,,,,,,,,,,,,,,,,,,,,,,,,,,,,,,,,,,,,,,,,,,,,,
RESULT_DESCR,,,,,,,,Standardized activity type (e.g. IC50 rather than Ic-50/Ic50/ic50/ic-50),Additional comments,1947207,,,,Selected units for 'Standard Type': e.g. concentrations are in nM,,,,,,,,,,,,,,,,,,,,,,,,,,,,,,,,,,,,,,,,,,,,,,,,,,,,,,,,,,,,,,,,,,,,,,Low-density lipoprotein receptor,9606.0,Homo sapiens,,,,,,,,,,,,,,,,,,,,,,,,,,,,,,,,,,,,,,,,,,,,,
RESULT_DESCR,,,,,,,,Standardized activity type (e.g. IC50 rather than Ic-50/Ic50/ic50/ic-50),,345680,PubChem standardized value transformed from 'Standard Value'. The unit is always micromolar,"Qualifier (e.g. >, <, =) for 'Standard Value'",Standardized activity value transformed to common units: e.g. mM concentrations converted to nM,Selected units for 'Standard Type': e.g. concentrations are in nM,,,,,,,,,,,,,,,,,,,,,,,,,,,,,,,,,,,,,,,,,,,,,,,,,,,,,,,,,,,,,,,,,,,,,,Low-density lipoprotein receptor,9606.0,Homo sapiens,,,,,,,,,,,,,,,,,,,,,,,,,,,,,,,,,,,,,,,,,,,,,
1,103648006,16734800,C1=CC2=C(N(N=C2C(=C1)C(F)(F)F)CC3=C(C=C(C=C3)F)Cl)C4=CC=C(C=C4)F,Active,,,,IC50,,345680,1,=,1000,nM,,,,,,,,,,,,,,,,,,,,,,,,,,,,,,,,,,,,,,,,,,,,,,,,,,,,,,,,,,,,,,,,,,,,,,Low-density lipoprotein receptor,9606.0,Homo sapiens,,C21H12ClF5N2,422.8,,,,,,,,,,,,,,,,,,,,,,,,,,,,,,,,,,,,,,,,,,
2,103648007,25113722,C1=CC=C(C(=C1)CN2C(=C3C=CC=C(C3=N2)C(F)(F)F)C4=CC=C(C=C4)F)F,Active,,,,IC50,,345680,7.2,=,7200,nM,,,,,,,,,,,,,,,,,,,,,,,,,,,,,,,,,,,,,,,,,,,,,,,,,,,,,,,,,,,,,,,,,,,,,,Low-density lipoprotein receptor,9606.0,Homo sapiens,,C21H13F5N2,388.3,,,,,,,,,,,,,,,,,,,,,,,,,,,,,,,,,,,,,,,,,,
RESULT_DESCR,,,,,,,,Standardized activity type (e.g. IC50 rather than Ic-50/Ic50/ic50/ic-50),Additional comments,472507,,,,,,,,,,,,,,,,,,,,,,,,,,,,,,,,,,,,,,,,,,,,,,,,,,,,,,,,,,,,,,,,,,,,,,,,,,Low-density lipoprotein receptor,9606.0,Homo sapiens,,,,,,,,,,,,,,,,,,,,,,,,,,,,,,,,,,,,,,,,,,,,,
RESULT_DESCR,,,,,,,,Standardized activity type (e.g. IC50 rather than Ic-50/Ic50/ic50/ic-50),Additional comments,1918673,,,,,,,,,,,,,,,,,,,,,,,,,,,,,,,,,,,,,,,,,,,,,,,,,,,,,,,,,,,,,,,,,,,,,,,,,,Low-density lipoprotein receptor,9606.0,Homo sapiens,,,,,,,,,,,,,,,,,,,,,,,,,,,,,,,,,,,,,,,,,,,,,
RESULT_DESCR,,,,,,,,Standardized activity type (e.g. IC50 rather than Ic-50/Ic50/ic50/ic-50),Additional comments,1918674,,,,,,,,,,,,,,,,,,,,,,,,,,,,,,,,,,,,,,,,,,,,,,,,,,,,,,,,,,,,,,,,,,,,,,,,,,Low-density lipoprotein receptor,9606.0,Homo sapiens,,,,,,,,,,,,,,,,,,,,,,,,,,,,,,,,,,,,,,,,,,,,,
RESULT_DESCR,,,,,,,,Standardized activity type (e.g. IC50 rather than Ic-50/Ic50/ic50/ic-50),Additional comments,1918675,,,,Selected units for 'Standard Type': e.g. concentrations are in nM,,,,,,,,,,,,,,,,,,,,,,,,,,,,,,,,,,,,,,,,,,,,,,,,,,,,,,,,,,,,,,,,,,,,,,Low-density lipoprotein receptor,9606.0,Homo sapiens,,,,,,,,,,,,,,,,,,,,,,,,,,,,,,,,,,,,,,,,,,,,,
RESULT_DESCR,,,,,,,,Standardized activity type (e.g. IC50 rather than Ic-50/Ic50/ic50/ic-50),Additional comments,1918676,,,,Selected units for 'Standard Type': e.g. concentrations are in nM,,,,,,,,,,,,,,,,,,,,,,,,,,,,,,,,,,,,,,,,,,,,,,,,,,,,,,,,,,,,,,,,,,,,,,Low-density lipoprotein receptor,9606.0,Homo sapiens,,,,,,,,,,,,,,,,,,,,,,,,,,,,,,,,,,,,,,,,,,,,,
RESULT_DESCR,,,,,,,,Standardized activity type (e.g. IC50 rather than Ic-50/Ic50/ic50/ic-50),Additional comments,1918677,,,,Selected units for 'Standard Type': e.g. concentrations are in nM,,,,,,,,,,,,,,,,,,,,,,,,,,,,,,,,,,,,,,,,,,,,,,,,,,,,,,,,,,,,,,,,,,,,,,Low-density lipoprotein receptor,9606.0,Homo sapiens,,,,,,,,,,,,,,,,,,,,,,,,,,,,,,,,,,,,,,,,,,,,,
RESULT_DESCR,,,,,,,,Standardized activity type (e.g. IC50 rather than Ic-50/Ic50/ic50/ic-50),Additional comments,1918678,,,,Selected units for 'Standard Type': e.g. concentrations are in nM,,,,,,,,,,,,,,,,,,,,,,,,,,,,,,,,,,,,,,,,,,,,,,,,,,,,,,,,,,,,,,,,,,,,,,Low-density lipoprotein receptor,9606.0,Homo sapiens,,,,,,,,,,,,,,,,,,,,,,,,,,,,,,,,,,,,,,,,,,,,,
RESULT_DESCR,,,,,,,,Standardized activity type (e.g. IC50 rather than Ic-50/Ic50/ic50/ic-50),Additional comments,1918679,,,,Selected units for 'Standard Type': e.g. concentrations are in nM,,,,,,,,,,,,,,,,,,,,,,,,,,,,,,,,,,,,,,,,,,,,,,,,,,,,,,,,,,,,,,,,,,,,,,Low-density lipoprotein receptor,9606.0,Homo sapiens,,,,,,,,,,,,,,,,,,,,,,,,,,,,,,,,,,,,,,,,,,,,,
RESULT_DESCR,,,,,,,,Standardized activity type (e.g. IC50 rather than Ic-50/Ic50/ic50/ic-50),Additional comments,1918680,,,,Selected units for 'Standard Type': e.g. concentrations are in nM,,,,,,,,,,,,,,,,,,,,,,,,,,,,,,,,,,,,,,,,,,,,,,,,,,,,,,,,,,,,,,,,,,,,,,Low-density lipoprotein receptor,9606.0,Homo sapiens,,,,,,,,,,,,,,,,,,,,,,,,,,,,,,,,,,,,,,,,,,,,,
RESULT_DESCR,,,,,,,,Standardized activity type (e.g. IC50 rather than Ic-50/Ic50/ic50/ic-50),Additional comments,1918681,,,,Selected units for 'Standard Type': e.g. concentrations are in nM,,,,,,,,,,,,,,,,,,,,,,,,,,,,,,,,,,,,,,,,,,,,,,,,,,,,,,,,,,,,,,,,,,,,,,Low-density lipoprotein receptor,9606.0,Homo sapiens,,,,,,,,,,,,,,,,,,,,,,,,,,,,,,,,,,,,,,,,,,,,,
RESULT_DESCR,,,,,,,,Standardized activity type (e.g. IC50 rather than Ic-50/Ic50/ic50/ic-50),Additional comments,1918682,,,,Selected units for 'Standard Type': e.g. concentrations are in nM,,,,,,,,,,,,,,,,,,,,,,,,,,,,,,,,,,,,,,,,,,,,,,,,,,,,,,,,,,,,,,,,,,,,,,Low-density lipoprotein receptor,9606.0,Homo sapiens,,,,,,,,,,,,,,,,,,,,,,,,,,,,,,,,,,,,,,,,,,,,,
RESULT_DESCR,,,,,,,,Standardized activity type (e.g. IC50 rather than Ic-50/Ic50/ic50/ic-50),Additional comments,1918683,,,,Selected units for 'Standard Type': e.g. concentrations are in nM,,,,,,,,,,,,,,,,,,,,,,,,,,,,,,,,,,,,,,,,,,,,,,,,,,,,,,,,,,,,,,,,,,,,,,Low-density lipoprotein receptor,9606.0,Homo sapiens,,,,,,,,,,,,,,,,,,,,,,,,,,,,,,,,,,,,,,,,,,,,,
RESULT_DESCR,,,,,,,,Standardized activity type (e.g. IC50 rather than Ic-50/Ic50/ic50/ic-50),Additional comments,1918684,,,,Selected units for 'Standard Type': e.g. concentrations are in nM,,,,,,,,,,,,,,,,,,,,,,,,,,,,,,,,,,,,,,,,,,,,,,,,,,,,,,,,,,,,,,,,,,,,,,Low-density lipoprotein receptor,9606.0,Homo sapiens,,,,,,,,,,,,,,,,,,,,,,,,,,,,,,,,,,,,,,,,,,,,,
RESULT_DESCR,,,,,,,,Standardized activity type (e.g. IC50 rather than Ic-50/Ic50/ic50/ic-50),Additional comments,1918685,,,,Selected units for 'Standard Type': e.g. concentrations are in nM,,,,,,,,,,,,,,,,,,,,,,,,,,,,,,,,,,,,,,,,,,,,,,,,,,,,,,,,,,,,,,,,,,,,,,Low-density lipoprotein receptor,9606.0,Homo sapiens,,,,,,,,,,,,,,,,,,,,,,,,,,,,,,,,,,,,,,,,,,,,,
RESULT_DESCR,,,,,,,,Standardized activity type (e.g. IC50 rather than Ic-50/Ic50/ic50/ic-50),Additional comments,1918686,,,,Selected units for 'Standard Type': e.g. concentrations are in nM,,,,,,,,,,,,,,,,,,,,,,,,,,,,,,,,,,,,,,,,,,,,,,,,,,,,,,,,,,,,,,,,,,,,,,Low-density lipoprotein receptor,9606.0,Homo sapiens,,,,,,,,,,,,,,,,,,,,,,,,,,,,,,,,,,,,,,,,,,,,,
RESULT_DESCR,,,,,,,,Standardized activity type (e.g. IC50 rather than Ic-50/Ic50/ic50/ic-50),Additional comments,1918687,,,,Selected units for 'Standard Type': e.g. concentrations are in nM,,,,,,,,,,,,,,,,,,,,,,,,,,,,,,,,,,,,,,,,,,,,,,,,,,,,,,,,,,,,,,,,,,,,,,Low-density lipoprotein receptor,9606.0,Homo sapiens,,,,,,,,,,,,,,,,,,,,,,,,,,,,,,,,,,,,,,,,,,,,,
RESULT_DESCR,,,,,,,,Standardized activity type (e.g. IC50 rather than Ic-50/Ic50/ic50/ic-50),Additional comments,1918688,,,,Selected units for 'Standard Type': e.g. concentrations are in nM,,,,,,,,,,,,,,,,,,,,,,,,,,,,,,,,,,,,,,,,,,,,,,,,,,,,,,,,,,,,,,,,,,,,,,Low-density lipoprotein receptor,9606.0,Homo sapiens,,,,,,,,,,,,,,,,,,,,,,,,,,,,,,,,,,,,,,,,,,,,,
RESULT_DESCR,,,,,,,,Standardized activity type (e.g. IC50 rather than Ic-50/Ic50/ic50/ic-50),Additional comments,1918689,,,,Selected units for 'Standard Type': e.g. concentrations are in nM,,,,,,,,,,,,,,,,,,,,,,,,,,,,,,,,,,,,,,,,,,,,,,,,,,,,,,,,,,,,,,,,,,,,,,Low-density lipoprotein receptor,9606.0,Homo sapiens,,,,,,,,,,,,,,,,,,,,,,,,,,,,,,,,,,,,,,,,,,,,,
RESULT_DESCR,,,,,,,,Standardized activity type (e.g. IC50 rather than Ic-50/Ic50/ic50/ic-50),Additional comments,1918690,,,,Selected units for 'Standard Type': e.g. concentrations are in nM,,,,,,,,,,,,,,,,,,,,,,,,,,,,,,,,,,,,,,,,,,,,,,,,,,,,,,,,,,,,,,,,,,,,,,Low-density lipoprotein receptor,9606.0,Homo sapiens,,,,,,,,,,,,,,,,,,,,,,,,,,,,,,,,,,,,,,,,,,,,,
RESULT_DESCR,,,,,,,,Standardized activity type (e.g. IC50 rather than Ic-50/Ic50/ic50/ic-50),Additional comments,1918691,,,,Selected units for 'Standard Type': e.g. concentrations are in nM,,,,,,,,,,,,,,,,,,,,,,,,,,,,,,,,,,,,,,,,,,,,,,,,,,,,,,,,,,,,,,,,,,,,,,Low-density lipoprotein receptor,9606.0,Homo sapiens,,,,,,,,,,,,,,,,,,,,,,,,,,,,,,,,,,,,,,,,,,,,,
RESULT_DESCR,,,,,,,,Standardized activity type (e.g. IC50 rather than Ic-50/Ic50/ic50/ic-50),Additional comments,1918692,,,,Selected units for 'Standard Type': e.g. concentrations are in nM,,,,,,,,,,,,,,,,,,,,,,,,,,,,,,,,,,,,,,,,,,,,,,,,,,,,,,,,,,,,,,,,,,,,,,Low-density lipoprotein receptor,9606.0,Homo sapiens,,,,,,,,,,,,,,,,,,,,,,,,,,,,,,,,,,,,,,,,,,,,,
RESULT_DESCR,,,,,,,,Standardized activity type (e.g. IC50 rather than Ic-50/Ic50/ic50/ic-50),Additional comments,1918693,,,,Selected units for 'Standard Type': e.g. concentrations are in nM,,,,,,,,,,,,,,,,,,,,,,,,,,,,,,,,,,,,,,,,,,,,,,,,,,,,,,,,,,,,,,,,,,,,,,Low-density lipoprotein receptor,9606.0,Homo sapiens,,,,,,,,,,,,,,,,,,,,,,,,,,,,,,,,,,,,,,,,,,,,,
RESULT_DESCR,,,,,,,,Standardized activity type (e.g. IC50 rather than Ic-50/Ic50/ic50/ic-50),Additional comments,1918694,,,,Selected units for 'Standard Type': e.g. concentrations are in nM,,,,,,,,,,,,,,,,,,,,,,,,,,,,,,,,,,,,,,,,,,,,,,,,,,,,,,,,,,,,,,,,,,,,,,Low-density lipoprotein receptor,9606.0,Homo sapiens,,,,,,,,,,,,,,,,,,,,,,,,,,,,,,,,,,,,,,,,,,,,,
RESULT_DESCR,,,,,,,,Standardized activity type (e.g. IC50 rather than Ic-50/Ic50/ic50/ic-50),Additional comments,1918695,,,,Selected units for 'Standard Type': e.g. concentrations are in nM,,,,,,,,,,,,,,,,,,,,,,,,,,,,,,,,,,,,,,,,,,,,,,,,,,,,,,,,,,,,,,,,,,,,,,Low-density lipoprotein receptor,9606.0,Homo sapiens,,,,,,,,,,,,,,,,,,,,,,,,,,,,,,,,,,,,,,,,,,,,,
RESULT_DESCR,,,,,,,,Standardized activity type (e.g. IC50 rather than Ic-50/Ic50/ic50/ic-50),Additional comments,1918696,,,,Selected units for 'Standard Type': e.g. concentrations are in nM,,,,,,,,,,,,,,,,,,,,,,,,,,,,,,,,,,,,,,,,,,,,,,,,,,,,,,,,,,,,,,,,,,,,,,Low-density lipoprotein receptor,9606.0,Homo sapiens,,,,,,,,,,,,,,,,,,,,,,,,,,,,,,,,,,,,,,,,,,,,,
RESULT_DESCR,,,,,,,,Standardized activity type (e.g. IC50 rather than Ic-50/Ic50/ic50/ic-50),Additional comments,1918697,,,,,,,,,,,,,,,,,,,,,,,,,,,,,,,,,,,,,,,,,,,,,,,,,,,,,,,,,,,,,,,,,,,,,,,,,,Low-density lipoprotein receptor,9606.0,Homo sapiens,,,,,,,,,,,,,,,,,,,,,,,,,,,,,,,,,,,,,,,,,,,,,
RESULT_DESCR,,,,,,,,Standardized activity type (e.g. IC50 rather than Ic-50/Ic50/ic50/ic-50),Additional comments,1918698,,,,,,,,,,,,,,,,,,,,,,,,,,,,,,,,,,,,,,,,,,,,,,,,,,,,,,,,,,,,,,,,,,,,,,,,,,Low-density lipoprotein receptor,9606.0,Homo sapiens,,,,,,,,,,,,,,,,,,,,,,,,,,,,,,,,,,,,,,,,,,,,,
RESULT_DESCR,,,,,,,,Standardized activity type (e.g. IC50 rather than Ic-50/Ic50/ic50/ic-50),Additional comments,1918699,,,,,,,,,,,,,,,,,,,,,,,,,,,,,,,,,,,,,,,,,,,,,,,,,,,,,,,,,,,,,,,,,,,,,,,,,,Low-density lipoprotein receptor,9606.0,Homo sapiens,,,,,,,,,,,,,,,,,,,,,,,,,,,,,,,,,,,,,,,,,,,,,
RESULT_DESCR,,,,,,,,Standardized activity type (e.g. IC50 rather than Ic-50/Ic50/ic50/ic-50),Additional comments,1918700,,,,,,,,,,,,,,,,,,,,,,,,,,,,,,,,,,,,,,,,,,,,,,,,,,,,,,,,,,,,,,,,,,,,,,,,,,Low-density lipoprotein receptor,9606.0,Homo sapiens,,,,,,,,,,,,,,,,,,,,,,,,,,,,,,,,,,,,,,,,,,,,,
RESULT_DESCR,,,,,,,,Standardized activity type (e.g. IC50 rather than Ic-50/Ic50/ic50/ic-50),Additional comments,1918701,,,,,,,,,,,,,,,,,,,,,,,,,,,,,,,,,,,,,,,,,,,,,,,,,,,,,,,,,,,,,,,,,,,,,,,,,,Low-density lipoprotein receptor,9606.0,Homo sapiens,,,,,,,,,,,,,,,,,,,,,,,,,,,,,,,,,,,,,,,,,,,,,
RESULT_DESCR,,,,,,,,Standardized activity type (e.g. IC50 rather than Ic-50/Ic50/ic50/ic-50),Additional comments,1918702,,,,,,,,,,,,,,,,,,,,,,,,,,,,,,,,,,,,,,,,,,,,,,,,,,,,,,,,,,,,,,,,,,,,,,,,,,Low-density lipoprotein receptor,9606.0,Homo sapiens,,,,,,,,,,,,,,,,,,,,,,,,,,,,,,,,,,,,,,,,,,,,,
RESULT_DESCR,,,,,,,,Standardized activity type (e.g. IC50 rather than Ic-50/Ic50/ic50/ic-50),Additional comments,1918703,,,,,,,,,,,,,,,,,,,,,,,,,,,,,,,,,,,,,,,,,,,,,,,,,,,,,,,,,,,,,,,,,,,,,,,,,,Low-density lipoprotein receptor,9606.0,Homo sapiens,,,,,,,,,,,,,,,,,,,,,,,,,,,,,,,,,,,,,,,,,,,,,
RESULT_DESCR,,,,,,,,Standardized activity type (e.g. IC50 rather than Ic-50/Ic50/ic50/ic-50),Additional comments,1918704,,,,,,,,,,,,,,,,,,,,,,,,,,,,,,,,,,,,,,,,,,,,,,,,,,,,,,,,,,,,,,,,,,,,,,,,,,Low-density lipoprotein receptor,9606.0,Homo sapiens,,,,,,,,,,,,,,,,,,,,,,,,,,,,,,,,,,,,,,,,,,,,,
RESULT_DESCR,,,,,,,,Standardized activity type (e.g. IC50 rather than Ic-50/Ic50/ic50/ic-50),Additional comments,1918705,,,,,,,,,,,,,,,,,,,,,,,,,,,,,,,,,,,,,,,,,,,,,,,,,,,,,,,,,,,,,,,,,,,,,,,,,,Low-density lipoprotein receptor,9606.0,Homo sapiens,,,,,,,,,,,,,,,,,,,,,,,,,,,,,,,,,,,,,,,,,,,,,
RESULT_DESCR,,,,,,,,Standardized activity type (e.g. IC50 rather than Ic-50/Ic50/ic50/ic-50),Additional comments,1918706,,,,,,,,,,,,,,,,,,,,,,,,,,,,,,,,,,,,,,,,,,,,,,,,,,,,,,,,,,,,,,,,,,,,,,,,,,Low-density lipoprotein receptor,9606.0,Homo sapiens,,,,,,,,,,,,,,,,,,,,,,,,,,,,,,,,,,,,,,,,,,,,,
RESULT_DESCR,,,,,,,,Standardized activity type (e.g. IC50 rather than Ic-50/Ic50/ic50/ic-50),Additional comments,1918707,,,,,,,,,,,,,,,,,,,,,,,,,,,,,,,,,,,,,,,,,,,,,,,,,,,,,,,,,,,,,,,,,,,,,,,,,,Low-density lipoprotein receptor,9606.0,Homo sapiens,,,,,,,,,,,,,,,,,,,,,,,,,,,,,,,,,,,,,,,,,,,,,
RESULT_DESCR,,,,,,,,Standardized activity type (e.g. IC50 rather than Ic-50/Ic50/ic50/ic-50),Additional comments,1918708,,,,,,,,,,,,,,,,,,,,,,,,,,,,,,,,,,,,,,,,,,,,,,,,,,,,,,,,,,,,,,,,,,,,,,,,,,Low-density lipoprotein receptor,9606.0,Homo sapiens,,,,,,,,,,,,,,,,,,,,,,,,,,,,,,,,,,,,,,,,,,,,,
RESULT_DESCR,,,,,,,,Standardized activity type (e.g. IC50 rather than Ic-50/Ic50/ic50/ic-50),Additional comments,1918709,,,,,,,,,,,,,,,,,,,,,,,,,,,,,,,,,,,,,,,,,,,,,,,,,,,,,,,,,,,,,,,,,,,,,,,,,,Low-density lipoprotein receptor,9606.0,Homo sapiens,,,,,,,,,,,,,,,,,,,,,,,,,,,,,,,,,,,,,,,,,,,,,
RESULT_DESCR,,,,,,,,Standardized activity type (e.g. IC50 rather than Ic-50/Ic50/ic50/ic-50),Additional comments,1918710,,,,,,,,,,,,,,,,,,,,,,,,,,,,,,,,,,,,,,,,,,,,,,,,,,,,,,,,,,,,,,,,,,,,,,,,,,Low-density lipoprotein receptor,9606.0,Homo sapiens,,,,,,,,,,,,,,,,,,,,,,,,,,,,,,,,,,,,,,,,,,,,,
RESULT_DESCR,,,,,,,,Standardized activity type (e.g. IC50 rather than Ic-50/Ic50/ic50/ic-50),Additional comments,1918711,,,,,,,,,,,,,,,,,,,,,,,,,,,,,,,,,,,,,,,,,,,,,,,,,,,,,,,,,,,,,,,,,,,,,,,,,,Low-density lipoprotein receptor,9606.0,Homo sapiens,,,,,,,,,,,,,,,,,,,,,,,,,,,,,,,,,,,,,,,,,,,,,
RESULT_DESCR,,,,,,,,Standardized activity type (e.g. IC50 rather than Ic-50/Ic50/ic50/ic-50),Additional comments,1918712,,,,,,,,,,,,,,,,,,,,,,,,,,,,,,,,,,,,,,,,,,,,,,,,,,,,,,,,,,,,,,,,,,,,,,,,,,Low-density lipoprotein receptor,9606.0,Homo sapiens,,,,,,,,,,,,,,,,,,,,,,,,,,,,,,,,,,,,,,,,,,,,,
RESULT_DESCR,,,,,,,,Standardized activity type (e.g. IC50 rather than Ic-50/Ic50/ic50/ic-50),Additional comments,1918713,,,,,,,,,,,,,,,,,,,,,,,,,,,,,,,,,,,,,,,,,,,,,,,,,,,,,,,,,,,,,,,,,,,,,,,,,,Low-density lipoprotein receptor,9606.0,Homo sapiens,,,,,,,,,,,,,,,,,,,,,,,,,,,,,,,,,,,,,,,,,,,,,
RESULT_DESCR,,,,,,,,Standardized activity type (e.g. IC50 rather than Ic-50/Ic50/ic50/ic-50),Additional comments,1918714,,,,,,,,,,,,,,,,,,,,,,,,,,,,,,,,,,,,,,,,,,,,,,,,,,,,,,,,,,,,,,,,,,,,,,,,,,Low-density lipoprotein receptor,9606.0,Homo sapiens,,,,,,,,,,,,,,,,,,,,,,,,,,,,,,,,,,,,,,,,,,,,,
RESULT_DESCR,,,,,,,,Standardized activity type (e.g. IC50 rather than Ic-50/Ic50/ic50/ic-50),Additional comments,1918715,,,,,,,,,,,,,,,,,,,,,,,,,,,,,,,,,,,,,,,,,,,,,,,,,,,,,,,,,,,,,,,,,,,,,,,,,,Low-density lipoprotein receptor,9606.0,Homo sapiens,,,,,,,,,,,,,,,,,,,,,,,,,,,,,,,,,,,,,,,,,,,,,
RESULT_DESCR,,,,,,,,Standardized activity type (e.g. IC50 rather than Ic-50/Ic50/ic50/ic-50),Additional comments,1918716,,,,,,,,,,,,,,,,,,,,,,,,,,,,,,,,,,,,,,,,,,,,,,,,,,,,,,,,,,,,,,,,,,,,,,,,,,Low-density lipoprotein receptor,9606.0,Homo sapiens,,,,,,,,,,,,,,,,,,,,,,,,,,,,,,,,,,,,,,,,,,,,,
RESULT_DESCR,,,,,,,,Standardized activity type (e.g. IC50 rather than Ic-50/Ic50/ic50/ic-50),,1976068,PubChem standardized value transformed from 'Standard Value'. The unit is always micromolar,"Qualifier (e.g. >, <, =) for 'Standard Value'",Standardized activity value transformed to common units: e.g. mM concentrations converted to nM,Selected units for 'Standard Type': e.g. concentrations are in nM,,,,,,,,,,,,,,,,,,,,,,,,,,,,,,,,,,,,,,,,,,,,,,,,,,,,,,,,,,,,,,,,,,,,,,Low-density lipoprotein receptor,9606.0,Homo sapiens,,,,,,,,,,,,,,,,,,,,,,,,,,,,,,,,,,,,,,,,,,,,,
RESULT_DESCR,,,,,,,,Standardized activity type (e.g. IC50 rather than Ic-50/Ic50/ic50/ic-50),,1976069,,"Qualifier (e.g. >, <, =) for 'Standard Value'",Standardized activity value transformed to common units: e.g. mM concentrations converted to nM,Selected units for 'Standard Type': e.g. concentrations are in nM,,,,,,,,,,,,,,,,,,,,,,,,,,,,,,,,,,,,,,,,,,,,,,,,,,,,,,,,,,,,,,,,,,,,,,Low-density lipoprotein receptor,9606.0,Homo sapiens,,,,,,,,,,,,,,,,,,,,,,,,,,,,,,,,,,,,,,,,,,,,,
RESULT_DESCR,,,,,,,,Standardized activity type (e.g. IC50 rather than Ic-50/Ic50/ic50/ic-50),,1976070,PubChem standardized value transformed from 'Standard Value'. The unit is always micromolar,"Qualifier (e.g. >, <, =) for 'Standard Value'",Standardized activity value transformed to common units: e.g. mM concentrations converted to nM,Selected units for 'Standard Type': e.g. concentrations are in nM,,,,,,,,,,,,,,,,,,,,,,,,,,,,,,,,,,,,,,,,,,,,,,,,,,,,,,,,,,,,,,,,,,,,,,Low-density lipoprotein receptor,9606.0,Homo sapiens,,,,,,,,,,,,,,,,,,,,,,,,,,,,,,,,,,,,,,,,,,,,,
RESULT_DESCR,,,,,,,,Standardized activity type (e.g. IC50 rather than Ic-50/Ic50/ic50/ic-50),,1976071,,"Qualifier (e.g. >, <, =) for 'Standard Value'",Standardized activity value transformed to common units: e.g. mM concentrations converted to nM,Selected units for 'Standard Type': e.g. concentrations are in nM,,,,,,,,,,,,,,,,,,,,,,,,,,,,,,,,,,,,,,,,,,,,,,,,,,,,,,,,,,,,,,,,,,,,,,Low-density lipoprotein receptor,9606.0,Homo sapiens,,,,,,,,,,,,,,,,,,,,,,,,,,,,,,,,,,,,,,,,,,,,,
RESULT_DESCR,,,,,,,,Standardized activity type (e.g. IC50 rather than Ic-50/Ic50/ic50/ic-50),,1976072,,"Qualifier (e.g. >, <, =) for 'Standard Value'",Standardized activity value transformed to common units: e.g. mM concentrations converted to nM,,,,,,,,,,,,,,,,,,,,,,,,,,,,,,,,,,,,,,,,,,,,,,,,,,,,,,,,,,,,,,,,,,,,,,,Low-density lipoprotein receptor,9606.0,Homo sapiens,,,,,,,,,,,,,,,,,,,,,,,,,,,,,,,,,,,,,,,,,,,,,
RESULT_DESCR,,,,,,,,Standardized activity type (e.g. IC50 rather than Ic-50/Ic50/ic50/ic-50),,1976073,PubChem standardized value transformed from 'Standard Value'. The unit is always micromolar,"Qualifier (e.g. >, <, =) for 'Standard Value'",Standardized activity value transformed to common units: e.g. mM concentrations converted to nM,Selected units for 'Standard Type': e.g. concentrations are in nM,,,,,,,,,,,,,,,,,,,,,,,,,,,,,,,,,,,,,,,,,,,,,,,,,,,,,,,,,,,,,,,,,,,,,,Low-density lipoprotein receptor,9606.0,Homo sapiens,,,,,,,,,,,,,,,,,,,,,,,,,,,,,,,,,,,,,,,,,,,,,
RESULT_DESCR,,,,,,,,Standardized activity type (e.g. IC50 rather than Ic-50/Ic50/ic50/ic-50),,1976074,,"Qualifier (e.g. >, <, =) for 'Standard Value'",Standardized activity value transformed to common units: e.g. mM concentrations converted to nM,Selected units for 'Standard Type': e.g. concentrations are in nM,,,,,,,,,,,,,,,,,,,,,,,,,,,,,,,,,,,,,,,,,,,,,,,,,,,,,,,,,,,,,,,,,,,,,,Low-density lipoprotein receptor,9606.0,Homo sapiens,,,,,,,,,,,,,,,,,,,,,,,,,,,,,,,,,,,,,,,,,,,,,
RESULT_DESCR,,,,,,,,Standardized activity type (e.g. IC50 rather than Ic-50/Ic50/ic50/ic-50),,1976075,,"Qualifier (e.g. >, <, =) for 'Standard Value'",Standardized activity value transformed to common units: e.g. mM concentrations converted to nM,,,,,,,,,,,,,,,,,,,,,,,,,,,,,,,,,,,,,,,,,,,,,,,,,,,,,,,,,,,,,,,,,,,,,,,Low-density lipoprotein receptor,9606.0,Homo sapiens,,,,,,,,,,,,,,,,,,,,,,,,,,,,,,,,,,,,,,,,,,,,,
RESULT_DESCR,,,,,,,,Standardized activity type (e.g. IC50 rather than Ic-50/Ic50/ic50/ic-50),,1390360,,"Qualifier (e.g. >, <, =) for 'Standard Value'",Standardized activity value transformed to common units: e.g. mM concentrations converted to nM,Selected units for 'Standard Type': e.g. concentrations are in nM,,,,,,,,,,,,,,,,,,,,,,,,,,,,,,,,,,,,,,,,,,,,,,,,,,,,,,,,,,,,,,,,,,,,,,Low-density lipoprotein receptor,9606.0,Homo sapiens,,,,,,,,,,,,,,,,,,,,,,,,,,,,,,,,,,,,,,,,,,,,,
RESULT_DESCR,,,,,,,,Standardized activity type (e.g. IC50 rather than Ic-50/Ic50/ic50/ic-50),,1976088,,"Qualifier (e.g. >, <, =) for 'Standard Value'",Standardized activity value transformed to common units: e.g. mM concentrations converted to nM,Selected units for 'Standard Type': e.g. concentrations are in nM,,,,,,,,,,,,,,,,,,,,,,,,,,,,,,,,,,,,,,,,,,,,,,,,,,,,,,,,,,,,,,,,,,,,,,Low-density lipoprotein receptor,9606.0,Homo sapiens,,,,,,,,,,,,,,,,,,,,,,,,,,,,,,,,,,,,,,,,,,,,,
RESULT_DESCR,,,,,,,,Standardized activity type (e.g. IC50 rather than Ic-50/Ic50/ic50/ic-50),,1390364,,"Qualifier (e.g. >, <, =) for 'Standard Value'",Standardized activity value transformed to common units: e.g. mM concentrations converted to nM,,,,,,,,,,,,,,,,,,,,,,,,,,,,,,,,,,,,,,,,,,,,,,,,,,,,,,,,,,,,,,,,,,,,,,,Low-density lipoprotein receptor,9606.0,Homo sapiens,,,,,,,,,,,,,,,,,,,,,,,,,,,,,,,,,,,,,,,,,,,,,
RESULT_DESCR,,,,,,,,Standardized activity type (e.g. IC50 rather than Ic-50/Ic50/ic50/ic-50),,1390378,,"Qualifier (e.g. >, <, =) for 'Standard Value'",Standardized activity value transformed to common units: e.g. mM concentrations converted to nM,Selected units for 'Standard Type': e.g. concentrations are in nM,,,,,,,,,,,,,,,,,,,,,,,,,,,,,,,,,,,,,,,,,,,,,,,,,,,,,,,,,,,,,,,,,,,,,,Low-density lipoprotein receptor,9606.0,Homo sapiens,,,,,,,,,,,,,,,,,,,,,,,,,,,,,,,,,,,,,,,,,,,,,
RESULT_DESCR,,,,,,,,Standardized activity type (e.g. IC50 rather than Ic-50/Ic50/ic50/ic-50),,1390380,PubChem standardized value transformed from 'Standard Value'. The unit is always micromolar,"Qualifier (e.g. >, <, =) for 'Standard Value'",Standardized activity value transformed to common units: e.g. mM concentrations converted to nM,Selected units for 'Standard Type': e.g. concentrations are in nM,,,,,,,,,,,,,,,,,,,,,,,,,,,,,,,,,,,,,,,,,,,,,,,,,,,,,,,,,,,,,,,,,,,,,,Low-density lipoprotein receptor,9606.0,Homo sapiens,,,,,,,,,,,,,,,,,,,,,,,,,,,,,,,,,,,,,,,,,,,,,
1,404682321,145970220,CC[C@H](C)[C@@H](C(=O)N[C@@H](CC(C)C)C(=O)N1CCC[C@H]1C(=O)N[C@@H](CCCCN)C(=O)N[C@@H](CC2=CN=CN2)C(=O)N[C@@H](CO)C(=O)N[C@@H](CC(=O)O)C(=O)N[C@@H](C)C(=O)N[C@@H](CC(=O)O)C(=O)O)NC(=O)[C@H](CC(C)C)N,Active,,,,IC50,,1390380,1.6,=,1600,nM,,,,,,,,,,,,,,,,,,,,,,,,,,,,,,,,,,,,,,,,,,,,,,,,,,,,,,,,,,,,,,,,,,,,,,Low-density lipoprotein receptor,9606.0,Homo sapiens,,C49H81N13O16,1108.2,,,,,,,,,,,,,,,,,,,,,,,,,,,,,,,,,,,,,,,,,,
RESULT_DESCR,,,,,,,,Standardized activity type (e.g. IC50 rather than Ic-50/Ic50/ic50/ic-50),,1390381,PubChem standardized value transformed from 'Standard Value'. The unit is always micromolar,"Qualifier (e.g. >, <, =) for 'Standard Value'",Standardized activity value transformed to common units: e.g. mM concentrations converted to nM,Selected units for 'Standard Type': e.g. concentrations are in nM,,,,,,,,,,,,,,,,,,,,,,,,,,,,,,,,,,,,,,,,,,,,,,,,,,,,,,,,,,,,,,,,,,,,,,Low-density lipoprotein receptor,9606.0,Homo sapiens,,,,,,,,,,,,,,,,,,,,,,,,,,,,,,,,,,,,,,,,,,,,,
1,404681030,145969348,CN1C=NC=C1C2=NC=C(N2C)C3=NC=C(N3C)C4=NC=C(N4C)C5=CC=CC=C5,Unspecified,,,,IC50,,1390381,11.2,=,11200,nM,,,,,,,,,,,,,,,,,,,,,,,,,,,,,,,,,,,,,,,,,,,,,,,,,,,,,,,,,,,,,,,,,,,,,,Low-density lipoprotein receptor,9606.0,Homo sapiens,,C22H22N8,398.5,,,,,,,,,,,,,,,,,,,,,,,,,,,,,,,,,,,,,,,,,,
RESULT_DESCR,,,,,,,,Standardized activity type (e.g. IC50 rather than Ic-50/Ic50/ic50/ic-50),,694187,,"Qualifier (e.g. >, <, =) for 'Standard Value'",Standardized activity value transformed to common units: e.g. mM concentrations converted to nM,,,,,,,,,,,,,,,,,,,,,,,,,,,,,,,,,,,,,,,,,,,,,,,,,,,,,,,,,,,,,,,,,,,,,,,Low-density lipoprotein receptor,9606.0,Homo sapiens,,,,,,,,,,,,,,,,,,,,,,,,,,,,,,,,,,,,,,,,,,,,,
RESULT_DESCR,,,,,,,,Standardized activity type (e.g. IC50 rather than Ic-50/Ic50/ic50/ic-50),Additional comments,694188,,,,,,,,,,,,,,,,,,,,,,,,,,,,,,,,,,,,,,,,,,,,,,,,,,,,,,,,,,,,,,,,,,,,,,,,,,Low-density lipoprotein receptor,9606.0,Homo sapiens,,,,,,,,,,,,,,,,,,,,,,,,,,,,,,,,,,,,,,,,,,,,,
RESULT_DESCR,,,,,,,,Standardized activity type (e.g. IC50 rather than Ic-50/Ic50/ic50/ic-50),Additional comments,694189,,,,,,,,,,,,,,,,,,,,,,,,,,,,,,,,,,,,,,,,,,,,,,,,,,,,,,,,,,,,,,,,,,,,,,,,,,Low-density lipoprotein receptor,9606.0,Homo sapiens,,,,,,,,,,,,,,,,,,,,,,,,,,,,,,,,,,,,,,,,,,,,,
RESULT_DESCR,,,,,,,,Standardized activity type (e.g. IC50 rather than Ic-50/Ic50/ic50/ic-50),,694190,,"Qualifier (e.g. >, <, =) for 'Standard Value'",Standardized activity value transformed to common units: e.g. mM concentrations converted to nM,,,,,,,,,,,,,,,,,,,,,,,,,,,,,,,,,,,,,,,,,,,,,,,,,,,,,,,,,,,,,,,,,,,,,,,Low-density lipoprotein receptor,9606.0,Homo sapiens,,,,,,,,,,,,,,,,,,,,,,,,,,,,,,,,,,,,,,,,,,,,,
RESULT_DESCR,,,,,,,,Standardized activity type (e.g. IC50 rather than Ic-50/Ic50/ic50/ic-50),Additional comments,694191,,,,,,,,,,,,,,,,,,,,,,,,,,,,,,,,,,,,,,,,,,,,,,,,,,,,,,,,,,,,,,,,,,,,,,,,,,Low-density lipoprotein receptor,9606.0,Homo sapiens,,,,,,,,,,,,,,,,,,,,,,,,,,,,,,,,,,,,,,,,,,,,,
RESULT_DESCR,,,,,,,,Standardized activity type (e.g. IC50 rather than Ic-50/Ic50/ic50/ic-50),Additional comments,694192,,,,,,,,,,,,,,,,,,,,,,,,,,,,,,,,,,,,,,,,,,,,,,,,,,,,,,,,,,,,,,,,,,,,,,,,,,Low-density lipoprotein receptor,9606.0,Homo sapiens,,,,,,,,,,,,,,,,,,,,,,,,,,,,,,,,,,,,,,,,,,,,,
RESULT_DESCR,,,,,,,,Standardized activity type (e.g. IC50 rather than Ic-50/Ic50/ic50/ic-50),Additional comments,1816548,,,,,,,,,,,,,,,,,,,,,,,,,,,,,,,,,,,,,,,,,,,,,,,,,,,,,,,,,,,,,,,,,,,,,,,,,,Low-density lipoprotein receptor,9606.0,Homo sapiens,,,,,,,,,,,,,,,,,,,,,,,,,,,,,,,,,,,,,,,,,,,,,
RESULT_DESCR,,,,,,,,Standardized activity type (e.g. IC50 rather than Ic-50/Ic50/ic50/ic-50),Additional comments,1816549,,,,,,,,,,,,,,,,,,,,,,,,,,,,,,,,,,,,,,,,,,,,,,,,,,,,,,,,,,,,,,,,,,,,,,,,,,Low-density lipoprotein receptor,9606.0,Homo sapiens,,,,,,,,,,,,,,,,,,,,,,,,,,,,,,,,,,,,,,,,,,,,,
RESULT_DESCR,,,,,,,,Standardized activity type (e.g. IC50 rather than Ic-50/Ic50/ic50/ic-50),Additional comments,1816550,,,,,,,,,,,,,,,,,,,,,,,,,,,,,,,,,,,,,,,,,,,,,,,,,,,,,,,,,,,,,,,,,,,,,,,,,,Low-density lipoprotein receptor,9606.0,Homo sapiens,,,,,,,,,,,,,,,,,,,,,,,,,,,,,,,,,,,,,,,,,,,,,
RESULT_DESCR,,,,,,,,Standardized activity type (e.g. IC50 rather than Ic-50/Ic50/ic50/ic-50),Additional comments,1816551,,,,,,,,,,,,,,,,,,,,,,,,,,,,,,,,,,,,,,,,,,,,,,,,,,,,,,,,,,,,,,,,,,,,,,,,,,Low-density lipoprotein receptor,9606.0,Homo sapiens,,,,,,,,,,,,,,,,,,,,,,,,,,,,,,,,,,,,,,,,,,,,,
RESULT_DESCR,,,,,,,,Standardized activity type (e.g. IC50 rather than Ic-50/Ic50/ic50/ic-50),Additional comments,1816552,,,,,,,,,,,,,,,,,,,,,,,,,,,,,,,,,,,,,,,,,,,,,,,,,,,,,,,,,,,,,,,,,,,,,,,,,,Low-density lipoprotein receptor,9606.0,Homo sapiens,,,,,,,,,,,,,,,,,,,,,,,,,,,,,,,,,,,,,,,,,,,,,
RESULT_DESCR,,,,,,,,Standardized activity type (e.g. IC50 rather than Ic-50/Ic50/ic50/ic-50),Additional comments,501763,,,,,,,,,,,,,,,,,,,,,,,,,,,,,,,,,,,,,,,,,,,,,,,,,,,,,,,,,,,,,,,,,,,,,,,,,,Low-density lipoprotein receptor,9606.0,Homo sapiens,,,,,,,,,,,,,,,,,,,,,,,,,,,,,,,,,,,,,,,,,,,,,
RESULT_DESCR,,,,,,,,Standardized activity type (e.g. IC50 rather than Ic-50/Ic50/ic50/ic-50),,460829,PubChem standardized value transformed from 'Standard Value'. The unit is always micromolar,"Qualifier (e.g. >, <, =) for 'Standard Value'",Standardized activity value transformed to common units: e.g. mM concentrations converted to nM,Selected units for 'Standard Type': e.g. concentrations are in nM,,,,,,,,,,,,,,,,,,,,,,,,,,,,,,,,,,,,,,,,,,,,,,,,,,,,,,,,,,,,,,,,,,,,,,Low-density lipoprotein receptor,9606.0,Homo sapiens,,,,,,,,,,,,,,,,,,,,,,,,,,,,,,,,,,,,,,,,,,,,,
RESULT_DESCR,,,,,,,,Standardized activity type (e.g. IC50 rather than Ic-50/Ic50/ic50/ic-50),,460830,,"Qualifier (e.g. >, <, =) for 'Standard Value'",Standardized activity value transformed to common units: e.g. mM concentrations converted to nM,Selected units for 'Standard Type': e.g. concentrations are in nM,,,,,,,,,,,,,,,,,,,,,,,,,,,,,,,,,,,,,,,,,,,,,,,,,,,,,,,,,,,,,,,,,,,,,,Low-density lipoprotein receptor,9606.0,Homo sapiens,,,,,,,,,,,,,,,,,,,,,,,,,,,,,,,,,,,,,,,,,,,,,
RESULT_DESCR,,,,,,,,Standardized activity type (e.g. IC50 rather than Ic-50/Ic50/ic50/ic-50),Additional comments,460832,,"Qualifier (e.g. >, <, =) for 'Standard Value'",Standardized activity value transformed to common units: e.g. mM concentrations converted to nM,Selected units for 'Standard Type': e.g. concentrations are in nM,,,,,,,,,,,,,,,,,,,,,,,,,,,,,,,,,,,,,,,,,,,,,,,,,,,,,,,,,,,,,,,,,,,,,,Low-density lipoprotein receptor,9606.0,Homo sapiens,,,,,,,,,,,,,,,,,,,,,,,,,,,,,,,,,,,,,,,,,,,,,
RESULT_DESCR,,,,,,,,Standardized activity type (e.g. IC50 rather than Ic-50/Ic50/ic50/ic-50),,460836,PubChem standardized value transformed from 'Standard Value'. The unit is always micromolar,"Qualifier (e.g. >, <, =) for 'Standard Value'",Standardized activity value transformed to common units: e.g. mM concentrations converted to nM,Selected units for 'Standard Type': e.g. concentrations are in nM,,,,,,,,,,,,,,,,,,,,,,,,,,,,,,,,,,,,,,,,,,,,,,,,,,,,,,,,,,,,,,,,,,,,,,Low-density lipoprotein receptor,9606.0,Homo sapiens,,,,,,,,,,,,,,,,,,,,,,,,,,,,,,,,,,,,,,,,,,,,,
1,103728312,45104756,CC(C)OC(=O)C1=CN(CC(C2=C1NC3=CC=CC=C32)(C)C)C(=O)C4=CC=C(C=C4)OCCCN5CCOCC5,Active,,,,IC50,,460836,5.74,=,5740,nM,,,,,,,,,,,,,,,,,,,,,,,,,,,,,,,,,,,,,,,,,,,,,,,,,,,,,,,,,,,,,,,,,,,,,,Low-density lipoprotein receptor,9606.0,Homo sapiens,,C32H39N3O5,545.7,,,,,,,,,,,,,,,,,,,,,,,,,,,,,,,,,,,,,,,,,,
2,103728736,44631854,CC(C)OC(=O)C1=CN(CC(C2=C1NC3=C2C=CC(=C3)F)(C)C)C(=O)C4=CC=C(C=C4)OCCCN5CCOCC5,Unspecified,,,,IC50,,460836,30,>,30000,nM,,,,,,,,,,,,,,,,,,,,,,,,,,,,,,,,,,,,,,,,,,,,,,,,,,,,,,,,,,,,,,,,,,,,,,Low-density lipoprotein receptor,9606.0,Homo sapiens,,C32H38FN3O5,563.7,,,,,,,,,,,,,,,,,,,,,,,,,,,,,,,,,,,,,,,,,,
3,103728737,45103619,CC(C)OC(=O)C1=CN(CC(C2=C1NC3=C2C=CC(=C3)F)(C)C)C(=O)C4=CC=C(C=C4)OCCN5CCOCC5,Unspecified,,,,IC50,,460836,30,>,30000,nM,,,,,,,,,,,,,,,,,,,,,,,,,,,,,,,,,,,,,,,,,,,,,,,,,,,,,,,,,,,,,,,,,,,,,,Low-density lipoprotein receptor,9606.0,Homo sapiens,,C31H36FN3O5,549.6,,,,,,,,,,,,,,,,,,,,,,,,,,,,,,,,,,,,,,,,,,
RESULT_DESCR,,,,,,,,Standardized activity type (e.g. IC50 rather than Ic-50/Ic50/ic50/ic-50),,460837,,"Qualifier (e.g. >, <, =) for 'Standard Value'",Standardized activity value transformed to common units: e.g. mM concentrations converted to nM,Selected units for 'Standard Type': e.g. concentrations are in nM,,,,,,,,,,,,,,,,,,,,,,,,,,,,,,,,,,,,,,,,,,,,,,,,,,,,,,,,,,,,,,,,,,,,,,Low-density lipoprotein receptor,9606.0,Homo sapiens,,,,,,,,,,,,,,,,,,,,,,,,,,,,,,,,,,,,,,,,,,,,,
RESULT_DESCR,,,,,,,,"Standardized activity type (i.e. Ki, IC50, Kd, or EC50)",,1919130,"PubChem standardized value transformed from the value of Ki, IC50, Kd, or EC50. The unit is always micromolar.","Qualifier (e.g. >, <, =) for PubChem Standard Value",,,,,,,,,,,,,,,,,,,,,,,,,,,,,,,,,,,,,,,,,,,,,,,,,,,,,,,,,,,,,,,,,,"Qualifier (e.g. >, <, =) for IC50",,Protein accession(s) of target,BindingDB Ligand,BindingDB Target,,Low-density lipoprotein receptor,9606.0,Homo sapiens,,,,,,,,,,,,,,,,,,,,,,,,,,,50.0,,,,,,,,,,,,,,,,,,
1,461693502,162659407,C[C@@H]1C(=O)N[C@H](C(=O)N[C@H](C(=O)N[C@H](C(=O)N[C@H](C(=O)N[C@H](C(=O)N2CCC[C@]2(C(=O)NCCSCC3=CC(=CC(=C3)CSCCC(=O)N[C@H](C(=O)N1)CCCCN)F)C)CC4=CC=C(C=C4)O)CC5=CN=CN5)CC(=O)O)CC6=CNC7=C6C=C(C=C7)F)CC8=CNC9=C8C=C(C=C9)F,Inactive,,,,IC50,,1919130,35.5,,,,,,,,,,,,,,,,,,,,,,,,,,,,,,,,,,,,,,,,,,,,,,,,,,,,,,,,,,,,,,,,,,,,35500,"P01130,Q8NBP7",BDBM50554734,Proprotein convertase subtilisin/kexin type 9/Low-density lipoprotein receptor,,Low-density lipoprotein receptor,9606.0,Homo sapiens,,C69H81F3N14O12S2,1419.6,,,,,,,,,,,,,,,,,,,,,,,,,,35500.0,,,,,,,,,,,,,,,,
2,461693508,162672767,C[C@H]([C@H]1C(=O)N[C@H](C(=O)N2CCC[C@]2(C(=O)N[C@@H](CSCC3=CC=CC(=C3)CSCCC(=O)N[C@H](C(=O)NCC(=O)N[C@H](C(=O)N[C@H](C(=O)N4CCC[C@H]4C(=O)N1)CC5=CNC6=C5C=C(C=C6)F)CC7=CNC8=C7C=C(C=C8)F)CCCCN)C(=O)N)C)CC9=CC=C(C=C9)O)O,Active,,,,IC50,,1919130,0.55,,,,,,,,,,,,,,,,,,,,,,,,,,,,,,,,,,,,,,,,,,,,,,,,,,,,,,,,,,,,,,,,,,,,550,"P01130,Q8NBP7",BDBM50554740,Proprotein convertase subtilisin/kexin type 9/Low-density lipoprotein receptor,,Low-density lipoprotein receptor,9606.0,Homo sapiens,,C68H83F2N13O12S2,1376.6,,,,,,,,,,,,,,,,,,,,,,,,,,550.0,,,,,,,,,,,,,,,,
3,461693509,162655683,C[C@@H]1C(=O)N[C@H](C(=O)N[C@H](C(=O)N2CCC[C@H]2C(=O)N[C@H](C(=O)N[C@H](C(=O)N3CCC[C@]3(C(=O)N[C@@H](CSCC4=CC(=CC(=C4)CSCCC(=O)N[C@H](C(=O)N1)CCCCN)F)C(=O)N)C)CC5=CC=C(C=C5)O)[C@@H](C)O)CC6=CNC7=C6C=C(C=C7)F)CC8=CNC9=C8C=C(C=C9)F,Inactive,,,,IC50,,1919130,35.5,,,,,,,,,,,,,,,,,,,,,,,,,,,,,,,,,,,,,,,,,,,,,,,,,,,,,,,,,,,,,,,,,,,,35500,"P01130,Q8NBP7",BDBM50554741,Proprotein convertase subtilisin/kexin type 9/Low-density lipoprotein receptor,,Low-density lipoprotein receptor,9606.0,Homo sapiens,,C69H84F3N13O12S2,1408.6,,,,,,,,,,,,,,,,,,,,,,,,,,35500.0,,,,,,,,,,,,,,,,
4,461693512,162658104,C[C@@]12CCCN1C(=O)[C@@H](NC(=O)[C@@H](NC(=O)[C@@H](NC(=O)[C@@H](NC(=O)[C@@H](NC(=O)CNC(=O)[C@@H](NC(=O)CCSCC3=CC(=CC=C3)CSC[C@H](NC2=O)C(=O)N)CCCN)CC4=CNC5=C4C=C(C=C5)F)CC6=CNC7=C6C=C(C=C7)F)CC(=O)O)CC8=CN=CN8)CC9=CC=C(C=C9)O,Active,,,,IC50,,1919130,0.05,,,,,,,,,,,,,,,,,,,,,,,,,,,,,,,,,,,,,,,,,,,,,,,,,,,,,,,,,,,,,,,,,,,,50,"P01130,Q8NBP7",BDBM50554744,Proprotein convertase subtilisin/kexin type 9/Low-density lipoprotein receptor,,Low-density lipoprotein receptor,9606.0,Homo sapiens,,C68H79F2N15O13S2,1416.6,,,,,,,,,,,,,,,,,,,,,,,,,,50.0,,,,,,,,,,,,,,,,
5,475955718,166611778,C[C@H]1C(=O)N[C@H](C(=O)N2CCC[C@]2(C(=O)NCCSCC3=CC=CC(=C3)CSCCC(=O)N[C@H](C(=O)N[C@@H](C(=O)N[C@H](C(=O)N[C@H](C(=O)N4CC[C@H]4C(=O)N1)CC5=CNC6=C5C=C(C=C6)F)CC7=CNC8=C7C=C(C=C8)F)C)CCCCN)C)CC9=CC=C(C=C9)O,Inactive,,,,IC50,,1919130,35.5,,,,,,,,,,,,,,,,,,,,,,,,,,,,,,,,,,,,,,,,,,,,,,,,,,,,,,,,,,,,,,,,,,,,35500,"P01130,Q8NBP7",BDBM586100,Proprotein convertase subtilisin/kexin type 9/Low-density lipoprotein receptor,,Low-density lipoprotein receptor,9606.0,Homo sapiens,,C66H80F2N12O10S2,1303.5,,,,,,,,,,,,,,,,,,,,,,,,,,35500.0,,,,,,,,,,,,,,,,
6,475955719,166611779,C[C@@H]1C(=O)N[C@H](C(=O)N[C@H](C(=O)N2CCC[C@H]2C(=O)NCCC(=O)N[C@H](C(=O)N3CCC[C@]3(C(=O)NCCSCC4=CC=CC(=C4)CSCCC(=O)N[C@H](C(=O)N1)CCCCN)C)CC5=CC=C(C=C5)OC)CC6=CNC7=C6C=C(C=C7)F)CC8=CC9=C(N8)C=CC(=C9)F,Active,,,,IC50,,1919130,6.55,,,,,,,,,,,,,,,,,,,,,,,,,,,,,,,,,,,,,,,,,,,,,,,,,,,,,,,,,,,,,,,,,,,,6550,"P01130,Q8NBP7",BDBM586101,Proprotein convertase subtilisin/kexin type 9/Low-density lipoprotein receptor,,Low-density lipoprotein receptor,9606.0,Homo sapiens,,C68H84F2N12O10S2,1331.6,,,,,,,,,,,,,,,,,,,,,,,,,,6550.0,,,,,,,,,,,,,,,,
7,475955720,166498650,CC(C)C[C@H]1C(=O)N[C@H](C(=O)N2CCC[C@]2(C(=O)N[C@@H](CSCC3=CC=CC(=C3)CSCCC(=O)N[C@H](C(=O)NCC(=O)N[C@H](C(=O)N[C@H](C(=O)N4CCC[C@H]4C(=O)N1)CC5=CNC6=C5C=C(C=C6)F)CC7=CNC8=C7C=C(C=C8)F)CCCCN)C(=O)N)C)CC9=CC=C(C=C9)O,Active,,,,IC50,,1919130,0.05,,,,,,,,,,,,,,,,,,,,,,,,,,,,,,,,,,,,,,,,,,,,,,,,,,,,,,,,,,,,,,,,,,,,50,"P01130,Q8NBP7",BDBM586102,Proprotein convertase subtilisin/kexin type 9/Low-density lipoprotein receptor,,Low-density lipoprotein receptor,9606.0,Homo sapiens,,C70H87F2N13O11S2,1388.7,,,,,,,,,,,,,,,,,,,,,,,,,,50.0,,,,,,,,,,,,,,,,
8,475955721,166611780,C[C@@H]1C(=O)N[C@H](C(=O)N[C@H](C(=O)N2CCC[C@H]2C(=O)NC(C(=O)N[C@H](C(=O)N3CCC[C@]3(C(=O)N[C@@H](CSCC4=CC=CC(=C4)CSCCC(=O)N[C@H](C(=O)N1)CCCCN)C(=O)N)C)CC5=CC=C(C=C5)O)(C)C)CC6=CNC7=C6C=C(C=C7)F)CC8=CNC9=C8C=C(C=C9)F,Active,,,,IC50,,1919130,0.05,,,,,,,,,,,,,,,,,,,,,,,,,,,,,,,,,,,,,,,,,,,,,,,,,,,,,,,,,,,,,,,,,,,,50,"P01130,Q8NBP7",BDBM586103,Proprotein convertase subtilisin/kexin type 9/Low-density lipoprotein receptor,,Low-density lipoprotein receptor,9606.0,Homo sapiens,,C69H85F2N13O11S2,1374.6,,,,,,,,,,,,,,,,,,,,,,,,,,50.0,,,,,,,,,,,,,,,,
9,475955722,166611781,CC[C@H](C)[C@H]1C(=O)N[C@H](C(=O)N2CCC[C@]2(C(=O)N[C@@H](CSCC3=CC=CC(=C3)CSCCC(=O)N[C@H](C(=O)NCC(=O)N[C@H](C(=O)N[C@H](C(=O)N4CCC[C@H]4C(=O)N1)CC5=CNC6=C5C=C(C=C6)F)CC7=CNC8=C7C=C(C=C8)F)CCCCN)C(=O)N)C)CC9=CC=C(C=C9)O,Unspecified,,,,IC50,,1919130,0.5,>,,,,,,,,,,,,,,,,,,,,,,,,,,,,,,,,,,,,,,,,,,,,,,,,,,,,,,,,,,,,,,,,,,>,500,"P01130,Q8NBP7",BDBM586104,Proprotein convertase subtilisin/kexin type 9/Low-density lipoprotein receptor,,Low-density lipoprotein receptor,9606.0,Homo sapiens,,C70H87F2N13O11S2,1388.7,,,,,,,,,,,,,,,,,,,,,,,greater_than,,,500.0,,,,,,,,,,,,,,,,
10,475955723,166611782,CC[C@H](C)[C@H]1C(=O)N[C@H](C(=O)N2CCC[C@]2(C(=O)N[C@@H](CSCC3=CC=CC(=C3)CSCCC(=O)N[C@H](C(=O)N[C@@H](C(=O)N[C@H](C(=O)N[C@H](C(=O)N4CCC[C@H]4C(=O)N1)CC5=CNC6=C5C=C(C=C6)F)CC7=CNC8=C7C=C(C=C8)F)C)CCCCN)C(=O)N)C)CC9=CC=C(C=C9)OC,Active,,,,IC50,,1919130,0.05,,,,,,,,,,,,,,,,,,,,,,,,,,,,,,,,,,,,,,,,,,,,,,,,,,,,,,,,,,,,,,,,,,,,50,"P01130,Q8NBP7",BDBM586105,Proprotein convertase subtilisin/kexin type 9/Low-density lipoprotein receptor,,Low-density lipoprotein receptor,9606.0,Homo sapiens,,C72H91F2N13O11S2,1416.7,,,,,,,,,,,,,,,,,,,,,,,,,,50.0,,,,,,,,,,,,,,,,
11,475955724,163759612,CC[C@H](C)[C@H]1C(=O)N[C@H](C(=O)N2CCC[C@]2(C(=O)N[C@@H](CSCC3=CC(=CC(=C3)CSCCC(=O)N[C@H](C(=O)N[C@@H](C(=O)N[C@H](C(=O)N[C@H](C(=O)N4CCC[C@H]4C(=O)N1)CC5=CNC6=C5C=C(C=C6)F)CC7=CNC8=C7C=C(C=C8)F)C)CCCCN)F)C(=O)N)C)CC9=CC=C(C=C9)OC,Unspecified,,,,IC50,,1919130,0.5,>,,,,,,,,,,,,,,,,,,,,,,,,,,,,,,,,,,,,,,,,,,,,,,,,,,,,,,,,,,,,,,,,,,>,500,"P01130,Q8NBP7",BDBM586106,Proprotein convertase subtilisin/kexin type 9/Low-density lipoprotein receptor,,Low-density lipoprotein receptor,9606.0,Homo sapiens,,C72H90F3N13O11S2,1434.7,,,,,,,,,,,,,,,,,,,,,,,greater_than,,,500.0,,,,,,,,,,,,,,,,
12,475955725,166611783,C[C@@H]1C(=O)N[C@H](C(=O)N[C@H](C(=O)N2CCC[C@H]2C(=O)N[C@H](C(=O)N[C@H](C(=O)N3CCC[C@]3(C(=O)N[C@@H](CSCC4=CC=CC(=C4)CSCCC(=O)N[C@H](C(=O)N1)CCCCN)C(=O)N)C)CC5=CC=C(C=C5)OC)C(C)C)CC6=CNC7=C6C=C(C=C7)F)CC8=CNC9=C8C=C(C=C9)F,Unspecified,,,,IC50,,1919130,0.5,>,,,,,,,,,,,,,,,,,,,,,,,,,,,,,,,,,,,,,,,,,,,,,,,,,,,,,,,,,,,,,,,,,,>,500,"P01130,Q8NBP7",BDBM586107,Proprotein convertase subtilisin/kexin type 9/Low-density lipoprotein receptor,,Low-density lipoprotein receptor,9606.0,Homo sapiens,,C71H89F2N13O11S2,1402.7,,,,,,,,,,,,,,,,,,,,,,,greater_than,,,500.0,,,,,,,,,,,,,,,,
13,475955726,166611784,C[C@@H]1C(=O)N[C@H](C(=O)N[C@H](C(=O)N2CCC[C@H]2C(=O)N[C@H](C(=O)N[C@H](C(=O)N3CCC[C@]3(C(=O)N[C@@H](CSCC4=CC(=CC(=C4)CSCCC(=O)N[C@H](C(=O)N1)CCCCN)F)C(=O)N)C)CC5=CC=C(C=C5)OC)C(C)C)CC6=CNC7=C6C=C(C=C7)F)CC8=CNC9=C8C=C(C=C9)F,Active,,,,IC50,,1919130,0.05,,,,,,,,,,,,,,,,,,,,,,,,,,,,,,,,,,,,,,,,,,,,,,,,,,,,,,,,,,,,,,,,,,,,50,"P01130,Q8NBP7",BDBM586108,Proprotein convertase subtilisin/kexin type 9/Low-density lipoprotein receptor,,Low-density lipoprotein receptor,9606.0,Homo sapiens,,C71H88F3N13O11S2,1420.7,,,,,,,,,,,,,,,,,,,,,,,,,,50.0,,,,,,,,,,,,,,,,
14,475955727,162295139,C[C@H]1C(=O)N[C@H](C(=O)N2CCC[C@H]2C(=O)N[C@@H](CSCC3=CC=CC(=C3)CSCCC(=O)N[C@H](C(=O)NCC(=O)N[C@H](C(=O)N[C@H](C(=O)N[C@H](C(=O)N1)CC(=O)O)CC4=CNC5=C4C=C(C=C5)F)CC6=CNC7=C6C=C(C=C7)F)CCCCN)C(=O)N)CC8=CC=C(C=C8)O,Unspecified,,,,IC50,,1919130,0.5,>,,,,,,,,,,,,,,,,,,,,,,,,,,,,,,,,,,,,,,,,,,,,,,,,,,,,,,,,,,,,,,,,,,>,500,"P01130,Q8NBP7",BDBM586109,Proprotein convertase subtilisin/kexin type 9/Low-density lipoprotein receptor,,Low-density lipoprotein receptor,9606.0,Homo sapiens,,C65H77F2N13O13S2,1350.5,,,,,,,,,,,,,,,,,,,,,,,greater_than,,,500.0,,,,,,,,,,,,,,,,
15,475955729,162295225,C[C@H]1C(=O)N([C@H](C(=O)N2CCC[C@H]2C(=O)N[C@@H](CSCC3=CC=CC(=C3)CSCCC(=O)N[C@H](C(=O)N(CC(=O)N([C@H](C(=O)N[C@H](C(=O)N[C@H](C(=O)N1C)CC(=O)O)CC4=CNC5=CC=CC=C54)CC6=CNC7=CC=CC=C76)C)C)CCCCN)C(=O)N)CC8=CC=C(C=C8)O)C,Active,,,,IC50,,1919130,6.55,,,,,,,,,,,,,,,,,,,,,,,,,,,,,,,,,,,,,,,,,,,,,,,,,,,,,,,,,,,,,,,,,,,,6550,"P01130,Q8NBP7",BDBM586111,Proprotein convertase subtilisin/kexin type 9/Low-density lipoprotein receptor,,Low-density lipoprotein receptor,9606.0,Homo sapiens,,C69H87N13O13S2,1370.6,,,,,,,,,,,,,,,,,,,,,,,,,,6550.0,,,,,,,,,,,,,,,,
16,475955730,166611785,C[C@@H]([C@H]1C(=O)N[C@H](C(=O)N2CCC[C@]2(C(=O)N[C@@H](CSCC3=CC=CC(=C3)CSCCC(=O)N[C@H](C(=O)NCC(=O)N[C@H](C(=O)N[C@H](C(=O)N4CCC[C@H]4C(=O)N1)CC5=CNC6=C5C=C(C=C6)F)CC7=CNC8=C7C=C(C=C8)F)CCCCN)C(=O)N)C)CC9=CC=C(C=C9)O)OC,Unspecified,,,,IC50,,1919130,0.5,>,,,,,,,,,,,,,,,,,,,,,,,,,,,,,,,,,,,,,,,,,,,,,,,,,,,,,,,,,,,,,,,,,,>,500,"P01130,Q8NBP7",BDBM586112,Proprotein convertase subtilisin/kexin type 9/Low-density lipoprotein receptor,,Low-density lipoprotein receptor,9606.0,Homo sapiens,,C69H85F2N13O12S2,1390.6,,,,,,,,,,,,,,,,,,,,,,,greater_than,,,500.0,,,,,,,,,,,,,,,,
17,475955731,166611786,C[C@@]12CCCN1C(=O)[C@@H](NC(=O)[C@@H](NC(=O)[C@@H]3CCCN3C(=O)[C@@H](NC(=O)[C@@H](NC(=O)CNC(=O)[C@@H](NC(=O)CCSCC4=CC(=CC=C4)CSC[C@H](NC2=O)C(=O)N)CCCCN)CC5=CNC6=C5C=C(C=C6)F)CC7=CNC8=C7C=C(C=C8)F)C9(CC9)O)CC1=CC=C(C=C1)O,Unspecified,,,,IC50,,1919130,0.5,>,,,,,,,,,,,,,,,,,,,,,,,,,,,,,,,,,,,,,,,,,,,,,,,,,,,,,,,,,,,,,,,,,,>,500,"P01130,Q8NBP7",BDBM586113,Proprotein convertase subtilisin/kexin type 9/Low-density lipoprotein receptor,,Low-density lipoprotein receptor,9606.0,Homo sapiens,,C69H83F2N13O12S2,1388.6,,,,,,,,,,,,,,,,,,,,,,,greater_than,,,500.0,,,,,,,,,,,,,,,,
18,475955732,166611787,C[C@@H]1C(=O)N[C@H](C(=O)N[C@H](C(=O)N2CCC[C@]2(C(=O)N[C@H](C(=O)N[C@H](C(=O)N3CCC[C@]3(C(=O)NCCSCC4=CC=CC(=C4)CSCCC(=O)N[C@H](C(=O)N1)CCCCN)C)CC5=CC=C(C=C5)OC)[C@@H](C)O)C)CC6=CNC7=C6C=C(C=C7)F)CC8=CNC9=C8C=C(C=C9)F,Active,,,,IC50,,1919130,0.55,,,,,,,,,,,,,,,,,,,,,,,,,,,,,,,,,,,,,,,,,,,,,,,,,,,,,,,,,,,,,,,,,,,,550,"P01130,Q8NBP7",BDBM586114,Proprotein convertase subtilisin/kexin type 9/Low-density lipoprotein receptor,,Low-density lipoprotein receptor,9606.0,Homo sapiens,,C70H88F2N12O11S2,1375.7,,,,,,,,,,,,,,,,,,,,,,,,,,550.0,,,,,,,,,,,,,,,,
19,475955733,166611788,C[C@@H]1C(=O)N[C@H](C(=O)N[C@H](C(=O)N2CCC[C@]2(C(=O)N[C@@H](CSCC3=CC=CC(=C3)CSCCC(=O)N[C@H](C(=O)NCC(=O)N[C@H](C(=O)N[C@H](C(=O)N1)CC4=CNC5=C4C=C(C=C5)F)CC6=CNC7=C6C=C(C=C7)F)CCCCN)C(=O)N)C)CC8=CC=C(C=C8)O)CC9CNCN9,Active,,,,IC50,,1919130,0.55,,,,,,,,,,,,,,,,,,,,,,,,,,,,,,,,,,,,,,,,,,,,,,,,,,,,,,,,,,,,,,,,,,,,550,"P01130,Q8NBP7",BDBM586115,Proprotein convertase subtilisin/kexin type 9/Low-density lipoprotein receptor,,Low-density lipoprotein receptor,9606.0,Homo sapiens,,C68H85F2N15O11S2,1390.6,,,,,,,,,,,,,,,,,,,,,,,,,,550.0,,,,,,,,,,,,,,,,
20,475955734,166611789,C[C@@H]1C(=O)N[C@H](C(=O)N2CCC[C@]2(C(=O)N[C@@H](CSCC3=CC=CC(=C3)CSCCC(=O)N[C@H](C(=O)NCC(=O)N[C@H](C(=O)N[C@H](C(=O)N[C@H](C(=O)N1)CC(=O)O)CC4=CNC5=C4C=C(C=C5)F)CC6=CNC7=C6C=C(C=C7)F)CCCCN)C(=O)N)C)CC8=CC=C(C=C8)O,Active,,,,IC50,,1919130,6.55,,,,,,,,,,,,,,,,,,,,,,,,,,,,,,,,,,,,,,,,,,,,,,,,,,,,,,,,,,,,,,,,,,,,6550,"P01130,Q8NBP7",BDBM586116,Proprotein convertase subtilisin/kexin type 9/Low-density lipoprotein receptor,,Low-density lipoprotein receptor,9606.0,Homo sapiens,,C66H79F2N13O13S2,1364.5,,,,,,,,,,,,,,,,,,,,,,,,,,6550.0,,,,,,,,,,,,,,,,
21,475955735,166611790,C[C@H]([C@H]1C(=O)N[C@@H](C(=O)N[C@H](C(=O)N[C@H](C(=O)N[C@H](C(=O)N[C@H](C(=O)N[C@H](C(=O)N2CCC[C@H]2C(=O)N[C@@H](CSCC3=CC=CC(=C3)CSCCC(=O)N1)C(=O)N)CC4=CC=C(C=C4)OC)CC5=CC=C(C=C5)OC)CC(C)C)CC6=CC=C(C=C6)OC)CC7=CC=C(C=C7)OC)CC(C)C)OC,Active,,,,IC50,,1919130,0.05,,,,,,,,,,,,,,,,,,,,,,,,,,,,,,,,,,,,,,,,,,,,,,,,,,,,,,,,,,,,,,,,,,,,50,"P01130,Q8NBP7",BDBM586117,Proprotein convertase subtilisin/kexin type 9/Low-density lipoprotein receptor,,Low-density lipoprotein receptor,9606.0,Homo sapiens,,C76H100N10O15S2,1457.8,,,,,,,,,,,,,,,,,,,,,,,,,,50.0,,,,,,,,,,,,,,,,
22,475955736,166611791,C[C@H]([C@H]1C(=O)N[C@@H](C(=O)N[C@H](C(=O)N[C@H](C(=O)N([C@H](C(=O)N[C@H](C(=O)N[C@H](C(=O)N2CCC[C@]2(C(=O)N[C@@H](CSCC3=CC=CC(=C3)CSCCC(=O)N1)C(=O)N)C)CC4=CC=C(C=C4)OC)[C@@H](C)OC)CC(C)C)C)CC5=CC=C(C=C5)OC)CC6=CC=C(C=C6)OC)CC(C)C)OC,Active,,,,IC50,,1919130,0.05,,,,,,,,,,,,,,,,,,,,,,,,,,,,,,,,,,,,,,,,,,,,,,,,,,,,,,,,,,,,,,,,,,,,50,"P01130,Q8NBP7",BDBM586118,Proprotein convertase subtilisin/kexin type 9/Low-density lipoprotein receptor,,Low-density lipoprotein receptor,9606.0,Homo sapiens,,C73H102N10O15S2,1423.8,,,,,,,,,,,,,,,,,,,,,,,,,,50.0,,,,,,,,,,,,,,,,
23,475955737,166611792,C[C@H]([C@H]1C(=O)N[C@H](C(=O)N2CCC[C@]2(C(=O)N[C@@H](CSCC3=CC=CC(=C3)CSCCC(=O)N[C@H](C(=O)N[C@@H](C(=O)N([C@H](C(=O)N[C@H](C(=O)N([C@H](C(=O)N1)CC(C)C)C)CC4=CC=C(C=C4)OC)CC5=CC=C(C=C5)OC)C)CC(C)C)CC6=CC=C(C=C6)OC)C(=O)N)C)CC7=CC=C(C=C7)OC)OC,Active,,,,IC50,,1919130,0.05,,,,,,,,,,,,,,,,,,,,,,,,,,,,,,,,,,,,,,,,,,,,,,,,,,,,,,,,,,,,,,,,,,,,50,"P01130,Q8NBP7",BDBM586119,Proprotein convertase subtilisin/kexin type 9/Low-density lipoprotein receptor,,Low-density lipoprotein receptor,9606.0,Homo sapiens,,C79H106N10O15S2,1499.9,,,,,,,,,,,,,,,,,,,,,,,,,,50.0,,,,,,,,,,,,,,,,
24,475955738,166611793,C[C@H]([C@H]1C(=O)N[C@H](C(=O)N2CCC[C@]2(C(=O)N[C@@H](CSCC3=CC=CC(=C3)CSCCC(=O)N[C@H](C(=O)N[C@@H](C(=O)N[C@H](C(=O)N[C@H](C(=O)N([C@H](C(=O)N1)CC(C)C)C)CC4=CC=C(C=C4)OC)CC5=CC=C(C=C5)OC)CC(C)C)CC(C)C)C(=O)N)C)CC6=CC=C(C=C6)OC)OC,Active,,,,IC50,,1919130,0.55,,,,,,,,,,,,,,,,,,,,,,,,,,,,,,,,,,,,,,,,,,,,,,,,,,,,,,,,,,,,,,,,,,,,550,"P01130,Q8NBP7",BDBM586120,Proprotein convertase subtilisin/kexin type 9/Low-density lipoprotein receptor,,Low-density lipoprotein receptor,9606.0,Homo sapiens,,C74H104N10O14S2,1421.8,,,,,,,,,,,,,,,,,,,,,,,,,,550.0,,,,,,,,,,,,,,,,
25,475955739,158794121,CCC[C@H]1C(=O)N([C@@H](C(=O)N[C@H](C(=O)N([C@H](C(=O)N2CCC[C@H]2C(=O)N[C@H](C(=O)N[C@H](C(=O)N3CCC[C@H]3C(=O)N[C@@H](CSCC4=CC=CC(=C4)CSCCC(=O)N1)C(=O)N)CC5=CC=C(C=C5)OC)[C@@H](C)OC)CC6=CN(C7=CC=CC=C76)C)C)CC8=CC9=CC=CC=C9C=C8)CC(C)C)C,Active,,,,IC50,,1919130,0.05,,,,,,,,,,,,,,,,,,,,,,,,,,,,,,,,,,,,,,,,,,,,,,,,,,,,,,,,,,,,,,,,,,,,50,"P01130,Q8NBP7",BDBM586121,Proprotein convertase subtilisin/kexin type 9/Low-density lipoprotein receptor,,Low-density lipoprotein receptor,9606.0,Homo sapiens,,C77H99N11O12S2,1434.8,,,,,,,,,,,,,,,,,,,,,,,,,,50.0,,,,,,,,,,,,,,,,
26,475955740,158927865,CCC[C@H]1C(=O)N([C@@H](C(=O)N[C@H](C(=O)N([C@H](C(=O)N2CCC[C@H]2C(=O)N([C@H](C(=O)N[C@H](C(=O)N3CCC[C@H]3C(=O)N[C@@H](CSCC4=CC=CC(=C4)CSCCC(=O)N1)C(=O)N)CC5=CC=C(C=C5)OC)[C@@H](C)OC)C)CC6=CN(C7=CC=CC=C76)C)C)CC8=CC9=CC=CC=C9C=C8)CC(C)C)C,Unspecified,,,,IC50,,1919130,0.5,>,,,,,,,,,,,,,,,,,,,,,,,,,,,,,,,,,,,,,,,,,,,,,,,,,,,,,,,,,,,,,,,,,,>,500,"P01130,Q8NBP7",BDBM586122,Proprotein convertase subtilisin/kexin type 9/Low-density lipoprotein receptor,,Low-density lipoprotein receptor,9606.0,Homo sapiens,,C78H101N11O12S2,1448.8,,,,,,,,,,,,,,,,,,,,,,,greater_than,,,500.0,,,,,,,,,,,,,,,,
27,475955741,166611794,C[C@@H]1C(=O)N[C@H](C(=O)N[C@H](C(=O)N2CCC[C@H]2C(=O)N[C@H](C(=O)N[C@H](C(=O)N3CCC[C@]3(C(=O)N[C@@H](CSCC4=CC(=CC(=C4)CSCCC(=O)N[C@H](C(=O)N1)CCCCN)F)C(=O)N)C)CC5=CC=C(C=C5)OC)[C@@H](C)O)CC6=CNC7=C6C=C(C=C7)F)CC8=CNC9=C8C=C(C=C9)F,Unspecified,,,,IC50,,1919130,0.5,>,,,,,,,,,,,,,,,,,,,,,,,,,,,,,,,,,,,,,,,,,,,,,,,,,,,,,,,,,,,,,,,,,,>,500,"P01130,Q8NBP7",BDBM586123,Proprotein convertase subtilisin/kexin type 9/Low-density lipoprotein receptor,,Low-density lipoprotein receptor,9606.0,Homo sapiens,,C70H86F3N13O12S2,1422.6,,,,,,,,,,,,,,,,,,,,,,,greater_than,,,500.0,,,,,,,,,,,,,,,,
28,475955743,166611797,C[C@H]([C@H]1C(=O)N[C@H](C(=O)N2CCC[C@]2(C(=O)N[C@@H](CSCC3=CC(=CC(=C3)CSCCC(=O)N[C@H](C(=O)NCC(=O)N[C@H](C(=O)N[C@H](C(=O)N4CCC[C@H]4C(=O)N1)CC5=CNC6=C5C=C(C=C6)F)CC7=CNC8=C7C=C(C=C8)F)CCCCN)F)C(=O)N)C)CC9=CC=C(C=C9)O)O,Active,,,,IC50,,1919130,0.55,,,,,,,,,,,,,,,,,,,,,,,,,,,,,,,,,,,,,,,,,,,,,,,,,,,,,,,,,,,,,,,,,,,,550,"P01130,Q8NBP7",BDBM586125,Proprotein convertase subtilisin/kexin type 9/Low-density lipoprotein receptor,,Low-density lipoprotein receptor,9606.0,Homo sapiens,,C68H82F3N13O12S2,1394.6,,,,,,,,,,,,,,,,,,,,,,,,,,550.0,,,,,,,,,,,,,,,,
29,475955744,166611798,C[C@@H]1C(=O)N[C@H](C(=O)N[C@H](C(=O)N2CCC[C@H]2C(=O)N[C@H](C(=O)N[C@H](C(=O)N3CCC[C@]3(C(=O)N[C@@H](CSCC4=CC=CC(=C4)CSCCC(=O)N[C@H](C(=O)N1)CCCCN)C(=O)N)C)CC5=CC=C(C=C5)O)[C@@H](C)O)CC6=CNC7=C6C=C(C=C7)F)CC8=CNC9=C8C=C(C=C9)F,Active,,,,IC50,,1919130,0.55,,,,,,,,,,,,,,,,,,,,,,,,,,,,,,,,,,,,,,,,,,,,,,,,,,,,,,,,,,,,,,,,,,,,550,"P01130,Q8NBP7",BDBM586126,Proprotein convertase subtilisin/kexin type 9/Low-density lipoprotein receptor,,Low-density lipoprotein receptor,9606.0,Homo sapiens,,C69H85F2N13O12S2,1390.6,,,,,,,,,,,,,,,,,,,,,,,,,,550.0,,,,,,,,,,,,,,,,
30,475955745,166611799,CC[C@@]12CCCN1C(=O)[C@@H](NC(=O)[C@@H](NC(=O)[C@@H]3CCCN3C(=O)[C@@H](NC(=O)[C@@H](NC(=O)CNC(=O)[C@@H](NC(=O)CCSCC4=CC(=CC=C4)CSC[C@H](NC2=O)C(=O)N)CCCCN)CC5=CNC6=C5C=C(C=C6)F)CC7=CNC8=C7C=C(C=C8)F)[C@@H](C)O)CC9=CC=C(C=C9)O,Active,,,,IC50,,1919130,6.55,,,,,,,,,,,,,,,,,,,,,,,,,,,,,,,,,,,,,,,,,,,,,,,,,,,,,,,,,,,,,,,,,,,,6550,"P01130,Q8NBP7",BDBM586127,Proprotein convertase subtilisin/kexin type 9/Low-density lipoprotein receptor,,Low-density lipoprotein receptor,9606.0,Homo sapiens,,C69H85F2N13O12S2,1390.6,,,,,,,,,,,,,,,,,,,,,,,,,,6550.0,,,,,,,,,,,,,,,,
31,475955746,161273078,CCC[C@H]1C(=O)N([C@@H](C(=O)N[C@H](C(=O)N[C@H](C(=O)N2CCC[C@H]2C(=O)N([C@H](C(=O)N[C@H](C(=O)N3CCC[C@H]3C(=O)N[C@@H](CSCC4=CC=CC(=C4)CSCCC(=O)N1)C(=O)N)CC5=CC=C(C=C5)OC)[C@@H](C)OC)C)CC6=CN(C7=CC=CC=C76)C)CC8=CC9=CC=CC=C9C=C8)CC(C)C)C,Active,,,,IC50,,1919130,0.05,,,,,,,,,,,,,,,,,,,,,,,,,,,,,,,,,,,,,,,,,,,,,,,,,,,,,,,,,,,,,,,,,,,,50,"P01130,Q8NBP7",BDBM586128,Proprotein convertase subtilisin/kexin type 9/Low-density lipoprotein receptor,,Low-density lipoprotein receptor,9606.0,Homo sapiens,,C77H99N11O12S2,1434.8,,,,,,,,,,,,,,,,,,,,,,,,,,50.0,,,,,,,,,,,,,,,,
32,475955747,166611800,C[C@H]1C(=O)N[C@@H](C(=O)N[C@H](C(=O)N[C@H](C(=O)N2CCC[C@H]2C(=O)N[C@H](C(=O)N[C@H](C(=O)N3CCC[C@H]3C(=O)NCCCCC4=CC=CC(=C4)CCCCC(=O)N1)CC5=CC=C(C=C5)OC)[C@@H](C)O)CC6=CNC7=C6C=C(C=C7)F)CC8=CNC9=C8C=C(C=C9)F)C,Active,,,,IC50,,1919130,0.55,,,,,,,,,,,,,,,,,,,,,,,,,,,,,,,,,,,,,,,,,,,,,,,,,,,,,,,,,,,,,,,,,,,,550,"P01130,Q8NBP7",BDBM586129,Proprotein convertase subtilisin/kexin type 9/Low-density lipoprotein receptor,,Low-density lipoprotein receptor,9606.0,Homo sapiens,,C67H81F2N11O11,1254.4,,,,,,,,,,,,,,,,,,,,,,,,,,550.0,,,,,,,,,,,,,,,,
33,475955748,166611801,C[C@@]12CCCN1C(=O)[C@@H](NC(=O)[C@@H](NC(=O)[C@@H]3CCCN3C(=O)[C@@H](NC(=O)[C@@H](NC(=O)CNC(=O)[C@@H](NC(=O)CCSCC4=CC(=CC=C4)CSC[C@H](NC2=O)C(=O)N)CCCCN)CC5=CNC6=C5C=C(C=C6)F)CC7=CNC8=C7C=C(C=C8)F)C(C)(C)O)CC9=CC=C(C=C9)O,Active,,,,IC50,,1919130,0.55,,,,,,,,,,,,,,,,,,,,,,,,,,,,,,,,,,,,,,,,,,,,,,,,,,,,,,,,,,,,,,,,,,,,550,"P01130,Q8NBP7",BDBM586130,Proprotein convertase subtilisin/kexin type 9/Low-density lipoprotein receptor,,Low-density lipoprotein receptor,9606.0,Homo sapiens,,C69H85F2N13O12S2,1390.6,,,,,,,,,,,,,,,,,,,,,,,,,,550.0,,,,,,,,,,,,,,,,
34,475955749,166611802,CC(C)[C@H]([C@H]1C(=O)N[C@H](C(=O)N2CCC[C@]2(C(=O)N[C@@H](CSCC3=CC=CC(=C3)CSCCC(=O)N[C@H](C(=O)NCC(=O)N[C@H](C(=O)N[C@H](C(=O)N4CCC[C@H]4C(=O)N1)CC5=CNC6=C5C=C(C=C6)F)CC7=CNC8=C7C=C(C=C8)F)CCCCN)C(=O)N)C)CC9=CC=C(C=C9)O)O,Active,,,,IC50,,1919130,0.55,,,,,,,,,,,,,,,,,,,,,,,,,,,,,,,,,,,,,,,,,,,,,,,,,,,,,,,,,,,,,,,,,,,,550,"P01130,Q8NBP7",BDBM586131,Proprotein convertase subtilisin/kexin type 9/Low-density lipoprotein receptor,,Low-density lipoprotein receptor,9606.0,Homo sapiens,,C70H87F2N13O12S2,1404.6,,,,,,,,,,,,,,,,,,,,,,,,,,550.0,,,,,,,,,,,,,,,,
35,475955750,166611803,C[C@@H]([C@H]1C(=O)N[C@H](C(=O)N2CCC[C@]2(C(=O)N[C@@H](CSCC3=CC=CC(=C3)CSCCC(=O)N[C@H](C(=O)NCC(=O)N[C@H](C(=O)N[C@H](C(=O)N4CCC[C@H]4C(=O)N1)CC5=CNC6=C5C=C(C=C6)F)CC7=CNC8=C7C=C(C=C8)F)CCCCN)C(=O)N)C)CC9=CC=C(C=C9)O)O,Inactive,,,,IC50,,1919130,35.5,,,,,,,,,,,,,,,,,,,,,,,,,,,,,,,,,,,,,,,,,,,,,,,,,,,,,,,,,,,,,,,,,,,,35500,"P01130,Q8NBP7",BDBM586132,Proprotein convertase subtilisin/kexin type 9/Low-density lipoprotein receptor,,Low-density lipoprotein receptor,9606.0,Homo sapiens,,C68H83F2N13O12S2,1376.6,,,,,,,,,,,,,,,,,,,,,,,,,,35500.0,,,,,,,,,,,,,,,,
36,475955751,166611804,C[C@H]([C@H]1CC(=O)N[C@H](C(=O)N2CCC[C@]2(C(=O)N[C@@H](CSCC3=CC=CC(=C3)CSCCC(=O)N[C@H](C(=O)NCC(=O)N[C@H](C(=O)N[C@H](C(=O)N4CCC[C@H]4C(=O)N1)CC5=CNC6=C5C=C(C=C6)F)CC7=CNC8=C7C=C(C=C8)F)CCCCN)C(=O)N)C)CC9=CC=C(C=C9)O)O,Active,,,,IC50,,1919130,0.05,,,,,,,,,,,,,,,,,,,,,,,,,,,,,,,,,,,,,,,,,,,,,,,,,,,,,,,,,,,,,,,,,,,,50,"P01130,Q8NBP7",BDBM586133,Proprotein convertase subtilisin/kexin type 9/Low-density lipoprotein receptor,,Low-density lipoprotein receptor,9606.0,Homo sapiens,,C69H85F2N13O12S2,1390.6,,,,,,,,,,,,,,,,,,,,,,,,,,50.0,,,,,,,,,,,,,,,,
37,475955752,166611805,C[C@H]([C@H]1C(=O)N[C@H](C(=O)N2CCC[C@]2(C(=O)N[C@@H](CSCC3=CC=CC(=C3)CSCCC(=O)N[C@H](C(=O)N[C@@H](C(=O)N[C@H](C(=O)N[C@H](C(=O)N4CCC[C@H]4C(=O)N1)CC5=CNC6=C5C=C(C=C6)F)CC7=CNC8=C7C=C(C=C8)F)C(C)C)CCCCN)C(=O)N)C)CC9=CC=C(C=C9)O)O,Active,,,,IC50,,1919130,6.55,,,,,,,,,,,,,,,,,,,,,,,,,,,,,,,,,,,,,,,,,,,,,,,,,,,,,,,,,,,,,,,,,,,,6550,"P01130,Q8NBP7",BDBM586134,Proprotein convertase subtilisin/kexin type 9/Low-density lipoprotein receptor,,Low-density lipoprotein receptor,9606.0,Homo sapiens,,C71H89F2N13O12S2,1418.7,,,,,,,,,,,,,,,,,,,,,,,,,,6550.0,,,,,,,,,,,,,,,,
38,475955753,166611806,C[C@@H]1C(=O)N[C@H](C(=O)N[C@H](C(=O)N2CCC[C@H]2C(=O)N[C@H](C(=O)N[C@H](C(=O)N3CCC[C@]3(C(=O)N[C@@H](CSCC4=CC=CC(=C4)CSCCC(=O)N[C@H](C(=O)N1)CCCCN)C(=O)N)C)CC5=CC=C(C=C5)O)[C@H](C)OC)CC6=CNC7=C6C=C(C=C7)F)CC8=CNC9=C8C=C(C=C9)F,Active,,,,IC50,,1919130,6.55,,,,,,,,,,,,,,,,,,,,,,,,,,,,,,,,,,,,,,,,,,,,,,,,,,,,,,,,,,,,,,,,,,,,6550,"P01130,Q8NBP7",BDBM586135,Proprotein convertase subtilisin/kexin type 9/Low-density lipoprotein receptor,,Low-density lipoprotein receptor,9606.0,Homo sapiens,,C70H87F2N13O12S2,1404.6,,,,,,,,,,,,,,,,,,,,,,,,,,6550.0,,,,,,,,,,,,,,,,
39,475955754,166611807,C[C@@H]1C(=O)N[C@H](C(=O)N[C@H](C(=O)N2CCC[C@H]2C(=O)N[C@H](C(=O)N[C@H](C(=O)N3CCC[C@]3(C(=O)N[C@@H](CSCC4=CC=CC(=C4)CSCCC(=O)N[C@H](C(=O)N1)CCCCN)C(=O)N)C)CC5=CC=C(C=C5)OC)[C@@H](C)O)CC6=CNC7=C6C=C(C=C7)F)CC8=CNC9=C8C=C(C=C9)F,Active,,,,IC50,,1919130,0.05,,,,,,,,,,,,,,,,,,,,,,,,,,,,,,,,,,,,,,,,,,,,,,,,,,,,,,,,,,,,,,,,,,,,50,"P01130,Q8NBP7",BDBM586136,Proprotein convertase subtilisin/kexin type 9/Low-density lipoprotein receptor,,Low-density lipoprotein receptor,9606.0,Homo sapiens,,C70H87F2N13O12S2,1404.6,,,,,,,,,,,,,,,,,,,,,,,,,,50.0,,,,,,,,,,,,,,,,
40,475955755,166611808,C[C@@H]1C(=O)N[C@H](C(=O)N2CCC[C@]2(C(=O)N[C@@H](CSCC3=CC=CC(=C3)CSCCC(=O)N[C@H](C(=O)NCC(=O)N[C@H](C(=O)N[C@H](C(=O)N[C@H](C(=O)N1)C(C)(C)C(=O)O)CC4=CNC5=C4C=C(C=C5)F)CC6=CNC7=C6C=C(C=C7)F)CCCCN)C(=O)N)C)CC8=CC=C(C=C8)O,Active,,,,IC50,,1919130,6.55,,,,,,,,,,,,,,,,,,,,,,,,,,,,,,,,,,,,,,,,,,,,,,,,,,,,,,,,,,,,,,,,,,,,6550,"P01130,Q8NBP7",BDBM586137,Proprotein convertase subtilisin/kexin type 9/Low-density lipoprotein receptor,,Low-density lipoprotein receptor,9606.0,Homo sapiens,,C68H83F2N13O13S2,1392.6,,,,,,,,,,,,,,,,,,,,,,,,,,6550.0,,,,,,,,,,,,,,,,
41,475955756,166611809,C[C@@H]1C(=O)N[C@H](C(=O)N[C@H](C(=O)N2C[C@H](C[C@H]2C(=O)N[C@H](C(=O)N[C@H](C(=O)N3CCC[C@]3(C(=O)N[C@@H](CC4=CC=C(C=C4)OCCNC(=O)CC[C@H](C(=O)N1)NC(=O)C)C(=O)N)C)CC5=CC=C(C=C5)OC)[C@@H](C)O)F)CC6=CNC7=C6C=C(C=C7)F)CC8=CNC9=C8C=C(C=C9)F,Unspecified,,,,IC50,,1919130,0.5,>,,,,,,,,,,,,,,,,,,,,,,,,,,,,,,,,,,,,,,,,,,,,,,,,,,,,,,,,,,,,,,,,,,>,500,"P01130,Q8NBP7",BDBM586138,Proprotein convertase subtilisin/kexin type 9/Low-density lipoprotein receptor,,Low-density lipoprotein receptor,9606.0,Homo sapiens,,C68H80F3N13O14,1360.4,,,,,,,,,,,,,,,,,,,,,,,greater_than,,,500.0,,,,,,,,,,,,,,,,
42,475955757,166611810,C[C@@H]1C(=O)N[C@H](C(=O)N[C@H](C(=O)N2C[C@H](C[C@H]2C(=O)N[C@H](C(=O)N[C@H](C(=O)N3CCC[C@]3(C(=O)N[C@@H](CC4=CC=C(C=C4)C(=O)NCCCCCC(=O)N1)C(=O)N)C)CC5=CC=C(C=C5)OC)[C@H](C)O)F)CC6=CNC7=C6C=CC(=C7)F)CC8=CNC9=C8C=C(C=C9)F,Active,,,,IC50,,1919130,6.55,,,,,,,,,,,,,,,,,,,,,,,,,,,,,,,,,,,,,,,,,,,,,,,,,,,,,,,,,,,,,,,,,,,,6550,"P01130,Q8NBP7",BDBM586139,Proprotein convertase subtilisin/kexin type 9/Low-density lipoprotein receptor,,Low-density lipoprotein receptor,9606.0,Homo sapiens,,C66H77F3N12O12,1287.4,,,,,,,,,,,,,,,,,,,,,,,,,,6550.0,,,,,,,,,,,,,,,,
43,475955758,166611811,C[C@@H]1C(=O)N[C@H](C(=O)N[C@H](C(=O)N2CCC[C@H]2C(=O)N[C@H](C(=O)N[C@H](C(=O)N3CCC[C@]3(C(=O)N[C@@H](CSCC4=CN=CC(=C4)CSCCC(=O)N[C@H](C(=O)N1)CCCCN)C(=O)N)C)CC5=CC=C(C=C5)OC)[C@@H](C)O)CC6=CNC7=C6C=C(C=C7)F)CC8=CNC9=C8C=C(C=C9)F,Active,,,,IC50,,1919130,0.05,,,,,,,,,,,,,,,,,,,,,,,,,,,,,,,,,,,,,,,,,,,,,,,,,,,,,,,,,,,,,,,,,,,,50,"P01130,Q8NBP7",BDBM586140,Proprotein convertase subtilisin/kexin type 9/Low-density lipoprotein receptor,,Low-density lipoprotein receptor,9606.0,Homo sapiens,,C69H86F2N14O12S2,1405.6,,,,,,,,,,,,,,,,,,,,,,,,,,50.0,,,,,,,,,,,,,,,,
44,475955759,166611812,C[C@H]([C@H]1C(=O)N[C@H](C(=O)N2CCC[C@]2(C(=O)N[C@@H](CSCC3=CC=CC(=C3)CSCCC(=O)N[C@H](C(=O)NCC(=O)N[C@H](C(=O)N[C@H](C(=O)N4C[C@@H](C[C@H]4C(=O)N1)F)CC5=CNC6=C5C=C(C=C6)F)CC7=CNC8=C7C=C(C=C8)F)CCCCN)C(=O)N)C)CC9=CC=C(C=C9)O)OC,Active,,,,IC50,,1919130,0.55,,,,,,,,,,,,,,,,,,,,,,,,,,,,,,,,,,,,,,,,,,,,,,,,,,,,,,,,,,,,,,,,,,,,550,"P01130,Q8NBP7",BDBM586141,Proprotein convertase subtilisin/kexin type 9/Low-density lipoprotein receptor,,Low-density lipoprotein receptor,9606.0,Homo sapiens,,C69H84F3N13O12S2,1408.6,,,,,,,,,,,,,,,,,,,,,,,,,,550.0,,,,,,,,,,,,,,,,
45,475955760,166611813,C[C@@H]1C(=O)N[C@H](C(=O)N[C@H](C(=O)N2CCC[C@H]2C(=O)N[C@H](C(=O)N[C@H](C(=O)N3CCC[C@]3(C(=O)N[C@@H](CSCC4=CC(=CC(=C4)CSCCC(=O)N[C@H](C(=O)N1)CCCCN)O)C(=O)N)C)CC5=CC=C(C=C5)OC)[C@@H](C)O)CC6=CNC7=C6C=C(C=C7)F)CC8=CNC9=C8C=C(C=C9)F,Inactive,,,,IC50,,1919130,35.5,,,,,,,,,,,,,,,,,,,,,,,,,,,,,,,,,,,,,,,,,,,,,,,,,,,,,,,,,,,,,,,,,,,,35500,"P01130,Q8NBP7",BDBM586142,Proprotein convertase subtilisin/kexin type 9/Low-density lipoprotein receptor,,Low-density lipoprotein receptor,9606.0,Homo sapiens,,C70H87F2N13O13S2,1420.6,,,,,,,,,,,,,,,,,,,,,,,,,,35500.0,,,,,,,,,,,,,,,,
46,475955761,166611814,C[C@@H]1C(=O)N[C@H](C(=O)N[C@H](C(=O)N2CCC[C@H]2C(=O)N[C@H](C(=O)N[C@H](C(=O)N3CCC[C@]3(C(=O)N[C@@H](CSCC4=CC(=CC(=C4)CSCCC(=O)N[C@H](C(=O)N1)CCCCN)Br)C(=O)N)C)CC5=CC=C(C=C5)OC)[C@@H](C)O)CC6=CNC7=C6C=C(C=C7)F)CC8=CNC9=C8C=C(C=C9)F,Inactive,,,,IC50,,1919130,35.5,,,,,,,,,,,,,,,,,,,,,,,,,,,,,,,,,,,,,,,,,,,,,,,,,,,,,,,,,,,,,,,,,,,,35500,"P01130,Q8NBP7",BDBM586143,Proprotein convertase subtilisin/kexin type 9/Low-density lipoprotein receptor,,Low-density lipoprotein receptor,9606.0,Homo sapiens,,C70H86BrF2N13O12S2,1483.5,,,,,,,,,,,,,,,,,,,,,,,,,,35500.0,,,,,,,,,,,,,,,,
47,475955762,166611815,C[C@@H]1C(=O)N[C@H](C(=O)N[C@H](C(=O)N2CCC[C@H]2C(=O)N[C@H](C(=O)N[C@H](C(=O)N3CCC[C@]3(C(=O)N[C@@H](CSCC4=CC(=CC(=C4)CSCCC(=O)N[C@H](C(=O)N1)CCCCN)C)C(=O)N)C)CC5=CC=C(C=C5)OC)[C@@H](C)O)CC6=CNC7=C6C=C(C=C7)F)CC8=CNC9=C8C=C(C=C9)F,Active,,,,IC50,,1919130,6.55,,,,,,,,,,,,,,,,,,,,,,,,,,,,,,,,,,,,,,,,,,,,,,,,,,,,,,,,,,,,,,,,,,,,6550,"P01130,Q8NBP7",BDBM586144,Proprotein convertase subtilisin/kexin type 9/Low-density lipoprotein receptor,,Low-density lipoprotein receptor,9606.0,Homo sapiens,,C71H89F2N13O12S2,1418.7,,,,,,,,,,,,,,,,,,,,,,,,,,6550.0,,,,,,,,,,,,,,,,
48,475955763,166611816,C[C@@H]1C(=O)N[C@H](C(=O)N[C@H](C(=O)N2CCC[C@H]2C(=O)N[C@H](C(=O)N[C@H](C(=O)N3CCC[C@]3(C(=O)N[C@@H](CSCC4=CC(=CC(=C4)CSCCC(=O)N[C@H](C(=O)N1)CCCCN)OC)C(=O)N)C)CC5=CC=C(C=C5)OC)[C@@H](C)O)CC6=CNC7=C6C=C(C=C7)F)CC8=CNC9=C8C=C(C=C9)F,Active,,,,IC50,,1919130,6.55,,,,,,,,,,,,,,,,,,,,,,,,,,,,,,,,,,,,,,,,,,,,,,,,,,,,,,,,,,,,,,,,,,,,6550,"P01130,Q8NBP7",BDBM586145,Proprotein convertase subtilisin/kexin type 9/Low-density lipoprotein receptor,,Low-density lipoprotein receptor,9606.0,Homo sapiens,,C71H89F2N13O13S2,1434.7,,,,,,,,,,,,,,,,,,,,,,,,,,6550.0,,,,,,,,,,,,,,,,
49,475955764,166611817,C[C@@H]1C(=O)N[C@H](C(=O)N[C@H](C(=O)N2CCC[C@H]2C(=O)N[C@H](C(=O)N[C@H](C(=O)N3CCC[C@]3(C(=O)N[C@@H](CSCC4=CC(=CC(=C4)CSCCC(=O)N[C@H](C(=O)N1)CCCCN)Cl)C(=O)N)C)CC5=CC=C(C=C5)OC)[C@@H](C)O)CC6=CNC7=C6C=C(C=C7)F)CC8=CNC9=C8C=C(C=C9)F,Active,,,,IC50,,1919130,6.55,,,,,,,,,,,,,,,,,,,,,,,,,,,,,,,,,,,,,,,,,,,,,,,,,,,,,,,,,,,,,,,,,,,,6550,"P01130,Q8NBP7",BDBM586146,Proprotein convertase subtilisin/kexin type 9/Low-density lipoprotein receptor,,Low-density lipoprotein receptor,9606.0,Homo sapiens,,C70H86ClF2N13O12S2,1439.1,,,,,,,,,,,,,,,,,,,,,,,,,,6550.0,,,,,,,,,,,,,,,,
50,475955765,166611818,C[C@@H]1C(=O)N[C@H](C(=O)N[C@H](C(=O)N2CCC[C@H]2C(=O)N[C@H](C(=O)N[C@H](C(=O)N3CCC[C@]3(C(=O)N[C@@H](CSCC4=CC=CC(=N4)CSCCC(=O)N[C@H](C(=O)N1)CCCCN)C(=O)N)C)CC5=CC=C(C=C5)OC)[C@@H](C)O)CC6=CNC7=C6C=C(C=C7)F)CC8=CNC9=C8C=C(C=C9)F,Active,,,,IC50,,1919130,0.05,,,,,,,,,,,,,,,,,,,,,,,,,,,,,,,,,,,,,,,,,,,,,,,,,,,,,,,,,,,,,,,,,,,,50,"P01130,Q8NBP7",BDBM586147,Proprotein convertase subtilisin/kexin type 9/Low-density lipoprotein receptor,,Low-density lipoprotein receptor,9606.0,Homo sapiens,,C69H86F2N14O12S2,1405.6,,,,,,,,,,,,,,,,,,,,,,,,,,50.0,,,,,,,,,,,,,,,,
51,475955766,166611819,C[C@@H]1C(=O)N[C@H](C(=O)N[C@H](C(=O)N2C[C@H](C[C@H]2C(=O)N[C@H](C(=O)N[C@H](C(=O)N3CCC[C@]3(C(=O)N[C@@H](CC4=CC=C(CNC(=O)C[C@@H](C(=O)N[C@H](C(=O)N1)CCCCN)NC(=O)C)C=C4)C(=O)N)C)CC5=CC=C(C=C5)OC)[C@@H](C)O)F)CC6=CNC7=C6C=C(C=C7)F)CC8=CNC9=C8C=C(C=C9)F,Active,,,,IC50,,1919130,0.05,,,,,,,,,,,,,,,,,,,,,,,,,,,,,,,,,,,,,,,,,,,,,,,,,,,,,,,,,,,,,,,,,,,,50,"P01130,Q8NBP7",BDBM586148,Proprotein convertase subtilisin/kexin type 9/Low-density lipoprotein receptor,,Low-density lipoprotein receptor,9606.0,Homo sapiens,,C72H88F3N15O14,1444.6,,,,,,,,,,,,,,,,,,,,,,,,,,50.0,,,,,,,,,,,,,,,,
52,475955767,166611820,C[C@@H]1C(=O)N[C@H](C(=O)N[C@H](C(=O)N2C[C@H](C[C@H]2C(=O)N[C@H](C(=O)N[C@H](C(=O)N3CCC[C@]3(C(=O)N[C@@H](CC4=CC=C(C=C4)OCCNC(=O)C[C@@H](C(=O)N[C@H](C(=O)N1)CCCCN)NC(=O)C)C(=O)N)C)CC5=CC=C(C=C5)OC)[C@@H](C)O)F)CC6=CNC7=C6C=C(C=C7)F)CC8=CNC9=C8C=C(C=C9)F,Active,,,,IC50,,1919130,0.05,,,,,,,,,,,,,,,,,,,,,,,,,,,,,,,,,,,,,,,,,,,,,,,,,,,,,,,,,,,,,,,,,,,,50,"P01130,Q8NBP7",BDBM586149,Proprotein convertase subtilisin/kexin type 9/Low-density lipoprotein receptor,,Low-density lipoprotein receptor,9606.0,Homo sapiens,,C73H90F3N15O15,1474.6,,,,,,,,,,,,,,,,,,,,,,,,,,50.0,,,,,,,,,,,,,,,,
53,475955768,159868238,C[C@@H]1C(=O)N[C@H](C(=O)N[C@H](C(=O)N2C[C@H](C[C@H]2C(=O)N[C@H](C(=O)N[C@H](C(=O)N3CCC[C@]3(C(=O)N[C@@H](CC4=CC=C(C=C4)N5C=C(CC[C@H](C(=O)N[C@H](C(=O)N1)CCCCN)NC(=O)C)N=N5)C(=O)N)C)CC6=CC=C(C=C6)OC)[C@H](C)O)F)CC7=CNC8=C7C=C(C=C8)F)CC9=CNC1=C9C=C(C=C1)F,Active,,,,IC50,,1919130,0.05,,,,,,,,,,,,,,,,,,,,,,,,,,,,,,,,,,,,,,,,,,,,,,,,,,,,,,,,,,,,,,,,,,,,50,"P01130,Q8NBP7",BDBM586150,Proprotein convertase subtilisin/kexin type 9/Low-density lipoprotein receptor,,Low-density lipoprotein receptor,9606.0,Homo sapiens,,C73H88F3N17O13,1468.6,,,,,,,,,,,,,,,,,,,,,,,,,,50.0,,,,,,,,,,,,,,,,
54,475955769,166611821,C[C@@H]1C(=O)N[C@H](C(=O)N[C@H](C(=O)N2CCC[C@H]2C(=O)N[C@H](C(=O)N[C@H](C(=O)N3CCC[C@]3(C(=O)N[C@@H](CSCC4=CC(=C(C=C4)F)CSCCC(=O)N[C@H](C(=O)N1)CCCCN)C(=O)N)C)CC5=CC=C(C=C5)OC)[C@@H](C)O)CC6=CNC7=C6C=C(C=C7)F)CC8=CNC9=C8C=C(C=C9)F,Unspecified,,,,IC50,,1919130,0.5,>,,,,,,,,,,,,,,,,,,,,,,,,,,,,,,,,,,,,,,,,,,,,,,,,,,,,,,,,,,,,,,,,,,>,500,"P01130,Q8NBP7",BDBM586151,Proprotein convertase subtilisin/kexin type 9/Low-density lipoprotein receptor,,Low-density lipoprotein receptor,9606.0,Homo sapiens,,C70H86F3N13O12S2,1422.6,,,,,,,,,,,,,,,,,,,,,,,greater_than,,,500.0,,,,,,,,,,,,,,,,
55,475955770,157510198,C[C@@H]([C@H]1C(=O)N[C@H](C(=O)N2CCC[C@]2(C(=O)NCCSCC3=CC=CC(=C3)CSCCC(=O)N[C@H](C(=O)NCC(=O)N[C@H](C(=O)N[C@H](C(=O)N4CCC[C@H]4C(=O)N1)CC5=CNC6=C5C=C(C=C6)F)CC7=CNC8=C7C=C(C=C8)F)CCCCN)C)CC9=CC=C(C=C9)O)OC,Unspecified,,,,IC50,,1919130,0.5,>,,,,,,,,,,,,,,,,,,,,,,,,,,,,,,,,,,,,,,,,,,,,,,,,,,,,,,,,,,,,,,,,,,>,500,"P01130,Q8NBP7",BDBM586152,Proprotein convertase subtilisin/kexin type 9/Low-density lipoprotein receptor,,Low-density lipoprotein receptor,9606.0,Homo sapiens,,C68H84F2N12O11S2,1347.6,,,,,,,,,,,,,,,,,,,,,,,greater_than,,,500.0,,,,,,,,,,,,,,,,
56,475955771,157846832,C[C@@H]1C(=O)N[C@H](C(=O)N[C@H](C(=O)N2CCC[C@H]2C(=O)N[C@H](C(=O)N[C@H](C(=O)N3CCC[C@]3(C(=O)NCCSCC4=CC=CC(=C4)CSCCC(=O)N[C@H](C(=O)N1)CCCCN)C)CC5=CC=C(C=C5)O)[C@H](C)OC)CC6=CNC7=C6C=C(C=C7)F)CC8=CNC9=C8C=C(C=C9)F,Unspecified,,,,IC50,,1919130,0.5,>,,,,,,,,,,,,,,,,,,,,,,,,,,,,,,,,,,,,,,,,,,,,,,,,,,,,,,,,,,,,,,,,,,>,500,"P01130,Q8NBP7",BDBM586153,Proprotein convertase subtilisin/kexin type 9/Low-density lipoprotein receptor,,Low-density lipoprotein receptor,9606.0,Homo sapiens,,C69H86F2N12O11S2,1361.6,,,,,,,,,,,,,,,,,,,,,,,greater_than,,,500.0,,,,,,,,,,,,,,,,
57,475955772,166611822,C[C@@H]1C(=O)N[C@H](C(=O)N[C@H](C(=O)N2C[C@H](C[C@H]2C(=O)N[C@H](C(=O)N[C@H](C(=O)N3CCC[C@]3(C(=O)N[C@@H](CSCC4=CC=CC(=C4)CSCCC(=O)N[C@H](C(=O)N1)CCCCN)C(=O)N)C)CC5=CC=C(C=C5)OC)[C@H](C)OC)F)CC6=CNC7=C6C=C(C=C7)F)CC8=CNC9=C8C=C(C=C9)F,Active,,,,IC50,,1919130,0.55,,,,,,,,,,,,,,,,,,,,,,,,,,,,,,,,,,,,,,,,,,,,,,,,,,,,,,,,,,,,,,,,,,,,550,"P01130,Q8NBP7",BDBM586154,Proprotein convertase subtilisin/kexin type 9/Low-density lipoprotein receptor,,Low-density lipoprotein receptor,9606.0,Homo sapiens,,C71H88F3N13O12S2,1436.7,,,,,,,,,,,,,,,,,,,,,,,,,,550.0,,,,,,,,,,,,,,,,
58,475955773,166611823,C[C@@H]1C(=O)N[C@H](C(=O)N[C@H](C(=O)N2CCC[C@H]2C(=O)N[C@H](C(=O)N[C@H](C(=O)N3CCC[C@]3(C(=O)N[C@@H](CSCC4=CC(=CC(=C4)CSCCC(=O)N[C@H](C(=O)N1)CCCCN)C(F)(F)F)C(=O)N)C)CC5=CC=C(C=C5)OC)[C@@H](C)O)CC6=CNC7=C6C=C(C=C7)F)CC8=CNC9=C8C=C(C=C9)F,Unspecified,,,,IC50,,1919130,0.5,>,,,,,,,,,,,,,,,,,,,,,,,,,,,,,,,,,,,,,,,,,,,,,,,,,,,,,,,,,,,,,,,,,,>,500,"P01130,Q8NBP7",BDBM586155,Proprotein convertase subtilisin/kexin type 9/Low-density lipoprotein receptor,,Low-density lipoprotein receptor,9606.0,Homo sapiens,,C71H86F5N13O12S2,1472.6,,,,,,,,,,,,,,,,,,,,,,,greater_than,,,500.0,,,,,,,,,,,,,,,,
59,475955774,166611824,C[C@@H]1C(=O)N[C@H](C(=O)N[C@H](C(=O)N[C@H](C(=O)N[C@H](C(=O)N[C@H](C(=O)N2CCC[C@]2(C(=O)NCCSCC3=CC=CC(=C3)CSCCC(=O)N[C@H](C(=O)N1)CCCCN)C)CC4=CC=C(C=C4)OC)[C@H](C)O)CCCC#C)CC5=CNC6=C5C=C(C=C6)F)CCCCN=[N+]=[N-],Unspecified,,,,IC50,,1919130,0.5,>,,,,,,,,,,,,,,,,,,,,,,,,,,,,,,,,,,,,,,,,,,,,,,,,,,,,,,,,,,,,,,,,,,>,500,"P01130,Q8NBP7",BDBM586156,Proprotein convertase subtilisin/kexin type 9/Low-density lipoprotein receptor,,Low-density lipoprotein receptor,9606.0,Homo sapiens,,C66H89FN14O11S2,1337.6,,,,,,,,,,,,,,,,,,,,,,,greater_than,,,500.0,,,,,,,,,,,,,,,,
60,475955775,166611825,C[C@@H]1C(=O)N[C@H](C(=O)N[C@H](C(=O)N2C[C@H](C[C@H]2C(=O)N[C@H](C(=O)N[C@H](C(=O)N3CCC[C@]3(C(=O)N[C@@H](CC4=CC=C(CNCCCCC(=O)NCC(=O)N1)C=C4)C(=O)N)C)CC5=CC=C(C=C5)OC)[C@@H](C)O)F)CC6=CNC7=C6C=C(C=C7)F)CC8=CNC9=C8C=C(C=C9)F,Active,,,,IC50,,1919130,0.05,,,,,,,,,,,,,,,,,,,,,,,,,,,,,,,,,,,,,,,,,,,,,,,,,,,,,,,,,,,,,,,,,,,,50,"P01130,Q8NBP7",BDBM586157,Proprotein convertase subtilisin/kexin type 9/Low-density lipoprotein receptor,,Low-density lipoprotein receptor,9606.0,Homo sapiens,,C67H80F3N13O12,1316.4,,,,,,,,,,,,,,,,,,,,,,,,,,50.0,,,,,,,,,,,,,,,,
61,475955776,166611826,CCOP(=O)(C(C1=CC=C(C=C1)C[C@H]2C(=O)N3CCC[C@]3(C(=O)NCCSCC4=CC=CC(=C4)CSCCC(=O)N[C@H](C(=O)N[C@@H](C(=O)N[C@H](C(=O)N[C@H](C(=O)N5CCC[C@H]5C(=O)N[C@H](C(=O)N2)[C@@H](C)O)CC6=CNC7=C6C=C(C=C7)F)CC8=CNC9=C8C=C(C=C9)F)C)CCCCN)C)(F)F)OCC,Active,,,,IC50,,1919130,0.55,,,,,,,,,,,,,,,,,,,,,,,,,,,,,,,,,,,,,,,,,,,,,,,,,,,,,,,,,,,,,,,,,,,,550,"P01130,Q8NBP7",BDBM586158,Proprotein convertase subtilisin/kexin type 9/Low-density lipoprotein receptor,,Low-density lipoprotein receptor,9606.0,Homo sapiens,,C73H93F4N12O13PS2,1517.7,,,,,,,,,,,,,,,,,,,,,,,,,,550.0,,,,,,,,,,,,,,,,
62,475955777,162466126,C[C@@H]1C(=O)N[C@H](C(=O)N[C@H](C(=O)N2C[C@H](C[C@H]2C(=O)N[C@H](C(=O)N[C@H](C(=O)N3CCC[C@]3(C(=O)N[C@@H](CC4=CC=C(C/C=C\CCCC(=O)N[C@H](C(=O)N1)CCCCN)C=C4)C(=O)N)C)CC5=CC=C(C=C5)OC)[C@@H](C)O)F)CC6=CNC7=C6C=C(C=C7)F)CC8=CNC9=C8C=C(C=C9)F,Inactive,,,,IC50,,1919130,35.5,,,,,,,,,,,,,,,,,,,,,,,,,,,,,,,,,,,,,,,,,,,,,,,,,,,,,,,,,,,,,,,,,,,,35500,"P01130,Q8NBP7",BDBM586159,Proprotein convertase subtilisin/kexin type 9/Low-density lipoprotein receptor,,Low-density lipoprotein receptor,9606.0,Homo sapiens,,C72H88F3N13O12,1384.5,,,,,,,,,,,,,,,,,,,,,,,,,,35500.0,,,,,,,,,,,,,,,,
63,475955778,166611827,CCCCCCCCCCCCCCCC(=O)N[C@@H](CCC(=O)NCCOCCOCC(=O)NCCOCCOCC(=O)NCCCC[C@@H](C(=O)N)NC(=O)CCOCCOCCOCCOCCOCCOCCOCCOCCNC(=O)CCOCCOCCOCCOCCOCCOCCOCCOCCOCCOCCOCCOCCNC(=O)[C@@H]1CSCC2=CC=CC(=C2)CSCCC(=O)N[C@H](C(=O)N[C@@H](C(=O)N[C@H](C(=O)N[C@H](C(=O)[C@@H]3C[C@@H](CN3C(=O)N[C@H](C(=O)N[C@H](C(=O)N4CCC[C@]4(C(=O)N1)C)CC5=CC=C(C=C5)O)[C@@H](C)O)F)CC6=CNC7=C6C=C(C=C7)F)CC8=CNC9=C8C=C(C=C9)F)C)C)C(=O)O,Active,,,,IC50,,1919130,6.55,,,,,,,,,,,,,,,,,,,,,,,,,,,,,,,,,,,,,,,,,,,,,,,,,,,,,,,,,,,,,,,,,,,,6550,"P01130,Q8NBP7",BDBM586160,Proprotein convertase subtilisin/kexin type 9/Low-density lipoprotein receptor,,Low-density lipoprotein receptor,9606.0,Homo sapiens,,C151H238F3N19O45S2,3160.7,,,,,,,,,,,,,,,,,,,,,,,,,,6550.0,,,,,,,,,,,,,,,,
64,475955779,172636721,CCC[C@@H](C(=O)N[C@@H](CC1=CNC=N1)C(=O)N(C)[C@@H](CC2=CC=C(C=C2)F)C(=O)N[C@H]3CSCC4=CC(=CC=C4)CSC[C@H](NC(=O)[C@@H]5CCCN5C(=O)[C@@H](NC(=O)[C@@H](NC(=O)[C@@H](NC(=O)[C@@H](NC(=O)[C@@H](NC(=O)CNC(=O)[C@@H](NC3=O)CCCCN)CC6=CNC7=C6C=C(C=C7)F)CC8=CNC9=C8C=C(C=C9)F)CC(=O)O)CC1C=NC=N1)CC1=CC=C(C=C1)O)C(=O)N)NC(=O)C,Inactive,,,,IC50,,1919130,35.5,,,,,,,,,,,,,,,,,,,,,,,,,,,,,,,,,,,,,,,,,,,,,,,,,,,,,,,,,,,,,,,,,,,,35500,"P01130,Q8NBP7",BDBM586161,Proprotein convertase subtilisin/kexin type 9/Low-density lipoprotein receptor,,Low-density lipoprotein receptor,9606.0,Homo sapiens,,C91H108F3N21O17S2,1889.1,,,,,,,,,,,,,,,,,,,,,,,,,,35500.0,,,,,,,,,,,,,,,,
65,475955780,172636722,CCC[C@@H](C(=O)N[C@H](CC1=CNC=N1)C(=O)N(C)[C@@H](CC2=CC=C(C=C2)F)C(=O)N[C@H]3CSCC4=CC(=CC=C4)CSC[C@H](NC(=O)[C@@H]5CCCN5C(=O)[C@@H](NC(=O)[C@@H](NC(=O)[C@@H](NC(=O)[C@@H](NC(=O)[C@@H](NC(=O)CNC(=O)[C@@H](NC3=O)CCCCN)CC6=CNC7=C6C=C(C=C7)F)CC8=CNC9=C8C=C(C=C9)F)CC(=O)O)CC1=CNC=N1)CC1=CC=C(C=C1)O)C(=O)N)NC(=O)C,Active,,,,IC50,,1919130,6.55,,,,,,,,,,,,,,,,,,,,,,,,,,,,,,,,,,,,,,,,,,,,,,,,,,,,,,,,,,,,,,,,,,,,6550,"P01130,Q8NBP7",BDBM586162,Proprotein convertase subtilisin/kexin type 9/Low-density lipoprotein receptor,,Low-density lipoprotein receptor,9606.0,Homo sapiens,,C91H108F3N21O17S2,1889.1,,,,,,,,,,,,,,,,,,,,,,,,,,6550.0,,,,,,,,,,,,,,,,
66,475955781,166739780,CCC[C@@H](C(=O)N(C)[C@@H](CO)C(=O)N[C@@H](CCCCN)C(=O)N[C@H]1CSCC2=CC(=CC=C2)CSC[C@H](NC(=O)[C@@H]3CCCN3C(=O)[C@@H](NC(=O)[C@@H](NC(=O)[C@@H](NC(=O)[C@@H](NC(=O)[C@@H](NC(=O)CNC(=O)[C@@H](NC1=O)CCCCN)CC4=CNC5=C4C=C(C=C5)F)CC6=CNC7=C6C=C(C=C7)F)CC(=O)O)CC8=CNC=N8)CC9=CC=C(C=C9)O)C(=O)N)NC(=O)C,Active,,,,IC50,,1919130,6.55,,,,,,,,,,,,,,,,,,,,,,,,,,,,,,,,,,,,,,,,,,,,,,,,,,,,,,,,,,,,,,,,,,,,6550,"P01130,Q8NBP7",BDBM586163,Proprotein convertase subtilisin/kexin type 9/Low-density lipoprotein receptor,,Low-density lipoprotein receptor,9606.0,Homo sapiens,,C85H110F2N20O18S2,1802.0,,,,,,,,,,,,,,,,,,,,,,,,,,6550.0,,,,,,,,,,,,,,,,
67,475955782,172636723,CC(=O)N[C@@H](CC1=CNC=N1)C(=O)N(C)[C@@H](CC2=CC=C(C=C2)F)C(=O)N[C@H]3CSCC4=CC(=CC=C4)CSC[C@H](NC(=O)[C@@H]5CCCN5C(=O)[C@@H](NC(=O)[C@@H](NC(=O)[C@@H](NC(=O)[C@@H](NC(=O)[C@@H](NC(=O)CNC(=O)[C@@H](NC3=O)CCCCN)CC6=CNC7=C6C=C(C=C7)F)CC8=CNC9=C8C=C(C=C9)F)CC(=O)O)CC1=CNC=N1)CC1=CC=C(C=C1)O)C(=O)N,Active,,,,IC50,,1919130,0.05,,,,,,,,,,,,,,,,,,,,,,,,,,,,,,,,,,,,,,,,,,,,,,,,,,,,,,,,,,,,,,,,,,,,50,"P01130,Q8NBP7",BDBM586164,Proprotein convertase subtilisin/kexin type 9/Low-density lipoprotein receptor,,Low-density lipoprotein receptor,9606.0,Homo sapiens,,C86H99F3N20O16S2,1790.0,,,,,,,,,,,,,,,,,,,,,,,,,,50.0,,,,,,,,,,,,,,,,
68,475955783,166611831,CC(=O)N(C)[C@@H](CC1=CC=C(C=C1)F)C(=O)N[C@H]2CSCC3=CC(=CC=C3)CSC[C@H](NC(=O)[C@@H]4CCCN4C(=O)[C@@H](NC(=O)[C@@H](NC(=O)[C@@H](NC(=O)[C@@H](NC(=O)[C@@H](NC(=O)CNC(=O)[C@@H](NC2=O)CCCCN)CC5=CNC6=C5C=C(C=C6)F)CC7=CNC8=C7C=C(C=C8)F)CC(=O)O)CC9=CN=CN9)CC1=CC=C(C=C1)O)C(=O)N,Active,,,,IC50,,1919130,0.55,,,,,,,,,,,,,,,,,,,,,,,,,,,,,,,,,,,,,,,,,,,,,,,,,,,,,,,,,,,,,,,,,,,,550,"P01130,Q8NBP7",BDBM586165,Proprotein convertase subtilisin/kexin type 9/Low-density lipoprotein receptor,,Low-density lipoprotein receptor,9606.0,Homo sapiens,,C80H92F3N17O15S2,1652.8,,,,,,,,,,,,,,,,,,,,,,,,,,550.0,,,,,,,,,,,,,,,,
69,475955784,162645180,CC(=O)N[C@H]1CSCC2=CC(=CC=C2)CSC[C@H](NC(=O)[C@@H]3CCCN3C(=O)[C@@H](NC(=O)[C@@H](NC(=O)[C@@H](NC(=O)[C@@H](NC(=O)[C@@H](NC(=O)CNC(=O)[C@@H](NC1=O)CCCCN)CC4=CNC5=C4C=C(C=C5)F)CC6=CNC7=C6C=C(C=C7)F)CC(=O)O)CC8=CN=CN8)CC9=CC=C(C=C9)O)C(=O)N,Active,,,,IC50,,1919130,0.55,,,,,,,,,,,,,,,,,,,,,,,,,,,,,,,,,,,,,,,,,,,,,,,,,,,,,,,,,,,,,,,,,,,,550,"P01130,Q8NBP7",BDBM586166,Proprotein convertase subtilisin/kexin type 9/Low-density lipoprotein receptor,,Low-density lipoprotein receptor,9606.0,Homo sapiens,,C70H82F2N16O14S2,1473.6,,,,,,,,,,,,,,,,,,,,,,,,,,550.0,,,,,,,,,,,,,,,,
70,475955785,162659953,C1C[C@H]2C(=O)N[C@@H](CSCC3=CC=CC(=C3)CSCCC(=O)N[C@H](C(=O)NCC(=O)N[C@H](C(=O)N[C@H](C(=O)N[C@H](C(=O)N[C@H](C(=O)N[C@H](C(=O)N2C1)CC4=CC=C(C=C4)O)CC5=CN=CN5)CC(=O)O)CC6=CNC7=C6C=C(C=C7)F)CC8=CNC9=C8C=C(C=C9)F)CCCCN)C(=O)N,Active,,,,IC50,,1919130,6.55,,,,,,,,,,,,,,,,,,,,,,,,,,,,,,,,,,,,,,,,,,,,,,,,,,,,,,,,,,,,,,,,,,,,6550,"P01130,Q8NBP7",BDBM586167,Proprotein convertase subtilisin/kexin type 9/Low-density lipoprotein receptor,,Low-density lipoprotein receptor,9606.0,Homo sapiens,,C68H79F2N15O13S2,1416.6,,,,,,,,,,,,,,,,,,,,,,,,,,6550.0,,,,,,,,,,,,,,,,
71,475955786,162278381,CC(=O)N[C@H]1CSCC2=CC(=CC=C2)CSC[C@H](NC(=O)[C@@H]3CCCN3C(=O)[C@@H](NC(=O)[C@@H](NC(=O)[C@@H](NC(=O)[C@@H](NC(=O)[C@@H](NC(=O)CNC(=O)[C@@H](NC1=O)CCCCN)CC4=CNC5=CC=CC=C54)CC6=CNC7=CC=CC=C76)CC(=O)O)CC8=CNC=N8)CC9=CC=C(C=C9)O)C(=O)N,Unspecified,,,,IC50,,1919130,0.5,>,,,,,,,,,,,,,,,,,,,,,,,,,,,,,,,,,,,,,,,,,,,,,,,,,,,,,,,,,,,,,,,,,,>,500,"P01130,Q8NBP7",BDBM586168,Proprotein convertase subtilisin/kexin type 9/Low-density lipoprotein receptor,,Low-density lipoprotein receptor,9606.0,Homo sapiens,,C70H84N16O14S2,1437.6,,,,,,,,,,,,,,,,,,,,,,,greater_than,,,500.0,,,,,,,,,,,,,,,,
72,475955787,166611833,C1C[C@H](NC(=O)[C@@H]2CCCN2C(=O)[C@@H](NC(=O)[C@@H](NC(=O)[C@@H](NC(=O)[C@@H](NC(=O)[C@@H](NC(=O)CNC(=O)[C@@H](NC(=O)CCCN3C=C(C1)N=N3)CCCCN)CC4=CNC5=C4C=C(C=C5)F)CC6=CNC7=C6C=C(C=C7)F)CC(=O)O)CC8=CN=CN8)CC9=CC=C(C=C9)O)C(=O)N,Active,,,,IC50,,1919130,0.05,,,,,,,,,,,,,,,,,,,,,,,,,,,,,,,,,,,,,,,,,,,,,,,,,,,,,,,,,,,,,,,,,,,,50,"P01130,Q8NBP7",BDBM586169,Proprotein convertase subtilisin/kexin type 9/Low-density lipoprotein receptor,,Low-density lipoprotein receptor,9606.0,Homo sapiens,,C65H78F2N18O13,1357.4,,,,,,,,,,,,,,,,,,,,,,,,,,50.0,,,,,,,,,,,,,,,,
73,475955788,166611834,C1CCN2C=C(CCC[C@H](NC(=O)[C@@H]3CCCN3C(=O)[C@@H](NC(=O)[C@@H](NC(=O)[C@@H](NC(=O)[C@@H](NC(=O)[C@@H](NC(=O)CNC(=O)[C@@H](NC(=O)C1)CCCCN)CC4=CNC5=C4C=C(C=C5)F)CC6=CNC7=C6C=C(C=C7)F)CC(=O)O)CC8=CN=CN8)CC9=CC=C(C=C9)O)C(=O)N)N=N2,Active,,,,IC50,,1919130,6.55,,,,,,,,,,,,,,,,,,,,,,,,,,,,,,,,,,,,,,,,,,,,,,,,,,,,,,,,,,,,,,,,,,,,6550,"P01130,Q8NBP7",BDBM586170,Proprotein convertase subtilisin/kexin type 9/Low-density lipoprotein receptor,,Low-density lipoprotein receptor,9606.0,Homo sapiens,,C66H80F2N18O13,1371.4,,,,,,,,,,,,,,,,,,,,,,,,,,6550.0,,,,,,,,,,,,,,,,
74,475955789,166611835,C1CCC(=O)N[C@H](C(=O)NCC(=O)N[C@H](C(=O)N[C@H](C(=O)N[C@H](C(=O)N[C@H](C(=O)N[C@H](C(=O)N2CCC[C@H]2C(=O)N[C@@H](CCCC3=CN(CC1)N=N3)C(=O)N)CC4=CC=C(C=C4)O)CC5=CN=CN5)CC(=O)O)CC6=CNC7=C6C=C(C=C7)F)CC8=CNC9=C8C=C(C=C9)F)CCCCN,Active,,,,IC50,,1919130,6.55,,,,,,,,,,,,,,,,,,,,,,,,,,,,,,,,,,,,,,,,,,,,,,,,,,,,,,,,,,,,,,,,,,,,6550,"P01130,Q8NBP7",BDBM586171,Proprotein convertase subtilisin/kexin type 9/Low-density lipoprotein receptor,,Low-density lipoprotein receptor,9606.0,Homo sapiens,,C67H82F2N18O13,1385.5,,,,,,,,,,,,,,,,,,,,,,,,,,6550.0,,,,,,,,,,,,,,,,
75,475955790,162659946,C[C@H]1C(=O)N[C@H](C(=O)N[C@H](C(=O)N[C@H](C(=O)N[C@H](C(=O)N[C@H](C(=O)N2CCC[C@H]2C(=O)N[C@@H](CSCC3=CC=CC(=C3)CSCCC(=O)N[C@H](C(=O)N1)CCCCN)C(=O)N)CC4=CC=C(C=C4)O)CC5=CN=CN5)CC(=O)O)CC6=CNC7=C6C=C(C=C7)F)CC8=CNC9=C8C=C(C=C9)F,Active,,,,IC50,,1919130,6.55,,,,,,,,,,,,,,,,,,,,,,,,,,,,,,,,,,,,,,,,,,,,,,,,,,,,,,,,,,,,,,,,,,,,6550,"P01130,Q8NBP7",BDBM586172,Proprotein convertase subtilisin/kexin type 9/Low-density lipoprotein receptor,,Low-density lipoprotein receptor,9606.0,Homo sapiens,,C69H81F2N15O13S2,1430.6,,,,,,,,,,,,,,,,,,,,,,,,,,6550.0,,,,,,,,,,,,,,,,
76,475955791,162668515,C1C[C@H]2C(=O)N[C@@H](CSCC3=CC=CC(=C3)CSCCC(=O)N[C@H](C(=O)NCC(=O)N[C@H](C(=O)N[C@H](C(=O)N[C@H](C(=O)N[C@@H](C(=O)N[C@H](C(=O)N2C1)CC4=CC=C(C=C4)O)CC5=CN=CN5)CC(=O)O)CC6=CNC7=C6C=C(C=C7)F)CC8=CNC9=C8C=C(C=C9)F)CCCCN)C(=O)N,Inactive,,,,IC50,,1919130,35.5,,,,,,,,,,,,,,,,,,,,,,,,,,,,,,,,,,,,,,,,,,,,,,,,,,,,,,,,,,,,,,,,,,,,35500,"P01130,Q8NBP7",BDBM586173,Proprotein convertase subtilisin/kexin type 9/Low-density lipoprotein receptor,,Low-density lipoprotein receptor,9606.0,Homo sapiens,,C68H79F2N15O13S2,1416.6,,,,,,,,,,,,,,,,,,,,,,,,,,35500.0,,,,,,,,,,,,,,,,
77,475955792,162661637,C1C[C@H]2C(=O)N[C@@H](CSCC3=CC=CC(=C3)CSCCC(=O)N[C@H](C(=O)NCC(=O)N[C@H](C(=O)N[C@H](C(=O)N[C@H](C(=O)N[C@H](C(=O)N[C@@H](C(=O)N2C1)CC4=CC=C(C=C4)O)CC5=CN=CN5)CC(=O)O)CC6=CNC7=C6C=C(C=C7)F)CC8=CNC9=C8C=C(C=C9)F)CCCCN)C(=O)N,Inactive,,,,IC50,,1919130,35.5,,,,,,,,,,,,,,,,,,,,,,,,,,,,,,,,,,,,,,,,,,,,,,,,,,,,,,,,,,,,,,,,,,,,35500,"P01130,Q8NBP7",BDBM586174,Proprotein convertase subtilisin/kexin type 9/Low-density lipoprotein receptor,,Low-density lipoprotein receptor,9606.0,Homo sapiens,,C68H79F2N15O13S2,1416.6,,,,,,,,,,,,,,,,,,,,,,,,,,35500.0,,,,,,,,,,,,,,,,
78,475955793,162651431,CN1[C@H](C(=O)N[C@H](C(=O)N[C@H](C(=O)N2CCC[C@H]2C(=O)N[C@@H](CSCC3=CC=CC(=C3)CSCCC(=O)N[C@H](C(=O)NCC(=O)N[C@H](C(=O)N[C@H](C1=O)CC4=CNC5=C4C=C(C=C5)F)CC6=CNC7=C6C=C(C=C7)F)CCCCN)C(=O)N)CC8=CC=C(C=C8)O)CC9=CN=CN9)CC(=O)O,Active,,,,IC50,,1919130,0.05,,,,,,,,,,,,,,,,,,,,,,,,,,,,,,,,,,,,,,,,,,,,,,,,,,,,,,,,,,,,,,,,,,,,50,"P01130,Q8NBP7",BDBM586175,Proprotein convertase subtilisin/kexin type 9/Low-density lipoprotein receptor,,Low-density lipoprotein receptor,9606.0,Homo sapiens,,C69H81F2N15O13S2,1430.6,,,,,,,,,,,,,,,,,,,,,,,,,,50.0,,,,,,,,,,,,,,,,
79,475955794,162278379,CC(=O)N[C@H]1CSCC2=CC(=CC=C2)CSC[C@H](NC(=O)[C@@H]3CCCN3C(=O)[C@@H](NC(=O)[C@@H](NC(=O)[C@@H](NC(=O)[C@@H](NC(=O)[C@@H](NC(=O)CNC(=O)[C@@H](NC1=O)CCCCN)CC4=CNC5=CC=CC=C54)CC6=CNC7=C6C=C(C=C7)F)CC(=O)O)CC8=CNC=N8)CC9=CC=C(C=C9)O)C(=O)N,Inactive,,,,IC50,,1919130,35.5,,,,,,,,,,,,,,,,,,,,,,,,,,,,,,,,,,,,,,,,,,,,,,,,,,,,,,,,,,,,,,,,,,,,35500,"P01130,Q8NBP7",BDBM586176,Proprotein convertase subtilisin/kexin type 9/Low-density lipoprotein receptor,,Low-density lipoprotein receptor,9606.0,Homo sapiens,,C70H83FN16O14S2,1455.6,,,,,,,,,,,,,,,,,,,,,,,,,,35500.0,,,,,,,,,,,,,,,,
80,475955795,162278380,CC(=O)N[C@H]1CSCC2=CC(=CC=C2)CSC[C@H](NC(=O)[C@@H]3CCCN3C(=O)[C@@H](NC(=O)[C@@H](NC(=O)[C@@H](NC(=O)[C@@H](NC(=O)[C@@H](NC(=O)CNC(=O)[C@@H](NC1=O)CCCCN)CC4=CNC5=C4C=C(C=C5)F)CC6=CNC7=CC=CC=C76)CC(=O)O)CC8=CNC=N8)CC9=CC=C(C=C9)O)C(=O)N,Inactive,,,,IC50,,1919130,35.5,,,,,,,,,,,,,,,,,,,,,,,,,,,,,,,,,,,,,,,,,,,,,,,,,,,,,,,,,,,,,,,,,,,,35500,"P01130,Q8NBP7",BDBM586177,Proprotein convertase subtilisin/kexin type 9/Low-density lipoprotein receptor,,Low-density lipoprotein receptor,9606.0,Homo sapiens,,C70H83FN16O14S2,1455.6,,,,,,,,,,,,,,,,,,,,,,,,,,35500.0,,,,,,,,,,,,,,,,
81,475955796,166611836,CC(=O)N[C@H]1CCC(=O)NCCC[C@H](NC(=O)[C@@H]2CCCN2C(=O)[C@@H](NC(=O)[C@@H](NC(=O)[C@@H](NC(=O)[C@@H](NC(=O)[C@@H](NC(=O)CNC(=O)[C@@H](NC1=O)CCCCN)CC3=CNC4=C3C=C(C=C4)F)CC5=CNC6=C5C=C(C=C6)F)CC(=O)O)CC7=CN=CN7)CC8=CC=C(C=C8)O)C(=O)N,Active,,,,IC50,,1919130,6.55,,,,,,,,,,,,,,,,,,,,,,,,,,,,,,,,,,,,,,,,,,,,,,,,,,,,,,,,,,,,,,,,,,,,6550,"P01130,Q8NBP7",BDBM586178,Proprotein convertase subtilisin/kexin type 9/Low-density lipoprotein receptor,,Low-density lipoprotein receptor,9606.0,Homo sapiens,,C66H81F2N17O15,1390.4,,,,,,,,,,,,,,,,,,,,,,,,,,6550.0,,,,,,,,,,,,,,,,
82,475955797,166611837,C1C[C@H]2C(=O)N[C@@H](CC3=CN(CCCC(=O)N[C@H](C(=O)NCC(=O)N[C@H](C(=O)N[C@H](C(=O)N[C@H](C(=O)N[C@H](C(=O)N[C@H](C(=O)N2C1)CC4=CC=C(C=C4)O)CC5=CN=CN5)CC(=O)O)CC6=CNC7=C6C=C(C=C7)F)CC8=CNC9=C8C=C(C=C9)F)CCCCN)N=N3)C(=O)N,Active,,,,IC50,,1919130,0.05,,,,,,,,,,,,,,,,,,,,,,,,,,,,,,,,,,,,,,,,,,,,,,,,,,,,,,,,,,,,,,,,,,,,50,"P01130,Q8NBP7",BDBM586179,Proprotein convertase subtilisin/kexin type 9/Low-density lipoprotein receptor,,Low-density lipoprotein receptor,9606.0,Homo sapiens,,C63H74F2N18O13,1329.4,,,,,,,,,,,,,,,,,,,,,,,,,,50.0,,,,,,,,,,,,,,,,
83,475955798,166611838,C1CCN2C=C(CC[C@H](NC(=O)[C@@H]3CCCN3C(=O)[C@@H](NC(=O)[C@@H](NC(=O)[C@@H](NC(=O)[C@@H](NC(=O)[C@@H](NC(=O)CNC(=O)[C@@H](NC(=O)C1)CCCCN)CC4=CNC5=C4C=C(C=C5)F)CC6=CNC7=C6C=C(C=C7)F)CC(=O)O)CC8=CN=CN8)CC9=CC=C(C=C9)O)C(=O)N)N=N2,Active,,,,IC50,,1919130,0.05,,,,,,,,,,,,,,,,,,,,,,,,,,,,,,,,,,,,,,,,,,,,,,,,,,,,,,,,,,,,,,,,,,,,50,"P01130,Q8NBP7",BDBM586180,Proprotein convertase subtilisin/kexin type 9/Low-density lipoprotein receptor,,Low-density lipoprotein receptor,9606.0,Homo sapiens,,C65H78F2N18O13,1357.4,,,,,,,,,,,,,,,,,,,,,,,,,,50.0,,,,,,,,,,,,,,,,
84,475955799,162300530,C1C[C@H]2C(=O)N[C@@H](CCC3=CN(CCCC(=O)N[C@H](C(=O)NCC(=O)N[C@H](C(=O)N[C@H](C(=O)N[C@H](C(=O)N[C@H](C(=O)N[C@H](C(=O)N2C1)CC4=CC=C(C=C4)O)CC5=CN=CN5)CC(=O)O)CC6=CNC7=C6C=C(C=C7)F)CC8=CNC9=C8C=C(C=C9)F)CCCCN)N=N3)C(=O)N,Active,,,,IC50,,1919130,0.55,,,,,,,,,,,,,,,,,,,,,,,,,,,,,,,,,,,,,,,,,,,,,,,,,,,,,,,,,,,,,,,,,,,,550,"P01130,Q8NBP7",BDBM586181,Proprotein convertase subtilisin/kexin type 9/Low-density lipoprotein receptor,,Low-density lipoprotein receptor,9606.0,Homo sapiens,,C64H76F2N18O13,1343.4,,,,,,,,,,,,,,,,,,,,,,,,,,550.0,,,,,,,,,,,,,,,,
85,475955800,162293485,CN1CC(=O)N[C@@H](CSCC2=CC=CC(=C2)CSCCC(=O)N[C@H](C(=O)NCC(=O)N[C@H](C(=O)N[C@H](C(=O)N[C@H](C(=O)N[C@H](C(=O)N[C@H](C1=O)CC3=CC=C(C=C3)O)CC4=CN=CN4)CC(=O)O)CC5=CNC6=C5C=C(C=C6)F)CC7=CNC8=C7C=C(C=C8)F)CCCCN)C(=O)N,Inactive,,,,IC50,,1919130,35.5,,,,,,,,,,,,,,,,,,,,,,,,,,,,,,,,,,,,,,,,,,,,,,,,,,,,,,,,,,,,,,,,,,,,35500,"P01130,Q8NBP7",BDBM586182,Proprotein convertase subtilisin/kexin type 9/Low-density lipoprotein receptor,,Low-density lipoprotein receptor,9606.0,Homo sapiens,,C66H77F2N15O13S2,1390.5,,,,,,,,,,,,,,,,,,,,,,,,,,35500.0,,,,,,,,,,,,,,,,
86,475955801,162300574,C1CSCC2=CC(=CC=C2)CSC[C@H](NC(=O)C3(CC3)NC(=O)[C@@H](NC(=O)[C@@H](NC(=O)[C@@H](NC(=O)[C@@H](NC(=O)[C@@H](NC(=O)CNC(=O)[C@@H](NC1=O)CCCCN)CC4=CNC5=C4C=C(C=C5)F)CC6=CNC7=C6C=C(C=C7)F)CC(=O)O)CC8=CN=CN8)CC9=CC=C(C=C9)O)C(=O)N,Inactive,,,,IC50,,1919130,35.5,,,,,,,,,,,,,,,,,,,,,,,,,,,,,,,,,,,,,,,,,,,,,,,,,,,,,,,,,,,,,,,,,,,,35500,"P01130,Q8NBP7",BDBM586183,Proprotein convertase subtilisin/kexin type 9/Low-density lipoprotein receptor,,Low-density lipoprotein receptor,9606.0,Homo sapiens,,C67H77F2N15O13S2,1402.6,,,,,,,,,,,,,,,,,,,,,,,,,,35500.0,,,,,,,,,,,,,,,,
87,475955802,166611839,COC1=CC2=CC(=C1)CSC[C@H](NC(=O)[C@@H]3CCCN3C(=O)[C@@H](NC(=O)[C@@H](NC(=O)[C@@H](NC(=O)[C@@H](NC(=O)[C@@H](NC(=O)CNC(=O)[C@@H](NC(=O)CCSC2)CCCCN)CC4=CNC5=C4C=C(C=C5)F)CC6=CNC7=C6C=C(C=C7)F)CC(=O)O)CC8=CN=CN8)CC9=CC=C(C=C9)O)C(=O)N,Inactive,,,,IC50,,1919130,35.5,,,,,,,,,,,,,,,,,,,,,,,,,,,,,,,,,,,,,,,,,,,,,,,,,,,,,,,,,,,,,,,,,,,,35500,"P01130,Q8NBP7",BDBM586184,Proprotein convertase subtilisin/kexin type 9/Low-density lipoprotein receptor,,Low-density lipoprotein receptor,9606.0,Homo sapiens,,C69H81F2N15O14S2,1446.6,,,,,,,,,,,,,,,,,,,,,,,,,,35500.0,,,,,,,,,,,,,,,,
88,475955803,166611840,CC1([C@@H]2[C@H]1[C@H]3C(=O)N[C@@H](CSCC4=CC=CC(=C4)CSCCC(=O)N[C@H](C(=O)NCC(=O)N[C@H](C(=O)N[C@H](C(=O)N[C@H](C(=O)N[C@H](C(=O)N[C@H](C(=O)N3C2)CC5=CC=C(C=C5)O)CC6=CN=CN6)CC(=O)O)CC7=CNC8=C7C=C(C=C8)F)CC9=CNC1=C9C=C(C=C1)F)CCCCN)C(=O)N)C,Active,,,,IC50,,1919130,6.55,,,,,,,,,,,,,,,,,,,,,,,,,,,,,,,,,,,,,,,,,,,,,,,,,,,,,,,,,,,,,,,,,,,,6550,"P01130,Q8NBP7",BDBM586185,Proprotein convertase subtilisin/kexin type 9/Low-density lipoprotein receptor,,Low-density lipoprotein receptor,9606.0,Homo sapiens,,C71H83F2N15O13S2,1456.6,,,,,,,,,,,,,,,,,,,,,,,,,,6550.0,,,,,,,,,,,,,,,,
89,475955804,166740101,C1C[C@H]2C(=O)N[C@@H](CSCC3=CC4=C(C=C3)C=C(CSCCC(=O)N[C@H](C(=O)NCC(=O)N[C@H](C(=O)N[C@H](C(=O)N[C@H](C(=O)N[C@H](C(=O)N[C@H](C(=O)N2C1)CC5=CC=C(C=C5)O)CC6=CNC=N6)CC(=O)O)CC7=CNC8=C7C=C(C=C8)F)CC9=CNC1=C9C=C(C=C1)F)CCCCN)C=C4)C(=O)N,Active,,,,IC50,,1919130,6.55,,,,,,,,,,,,,,,,,,,,,,,,,,,,,,,,,,,,,,,,,,,,,,,,,,,,,,,,,,,,,,,,,,,,6550,"P01130,Q8NBP7",BDBM586186,Proprotein convertase subtilisin/kexin type 9/Low-density lipoprotein receptor,,Low-density lipoprotein receptor,9606.0,Homo sapiens,,C72H81F2N15O13S2,1466.6,,,,,,,,,,,,,,,,,,,,,,,,,,6550.0,,,,,,,,,,,,,,,,
90,475955805,172636725,C1C[C@H]2C(=O)N[C@@H](CSCC3=CC4=C(C=CC(=C4)CSCCC(=O)N[C@H](C(=O)NCC(=O)N[C@H](C(=O)N[C@H](C(=O)N[C@H](C(=O)N[C@H](C(=O)N[C@H](C(=O)N2C1)CC5=CC=C(C=C5)O)CC6=CNC=N6)CC(=O)O)CC7=CNC8=C7C=C(C=C8)F)CC9=CNC1=C9C=C(C=C1)F)CCCCN)C=C3)C(=O)N,Inactive,,,,IC50,,1919130,35.5,,,,,,,,,,,,,,,,,,,,,,,,,,,,,,,,,,,,,,,,,,,,,,,,,,,,,,,,,,,,,,,,,,,,35500,"P01130,Q8NBP7",BDBM586187,Proprotein convertase subtilisin/kexin type 9/Low-density lipoprotein receptor,,Low-density lipoprotein receptor,9606.0,Homo sapiens,,C72H81F2N15O13S2,1466.6,,,,,,,,,,,,,,,,,,,,,,,,,,35500.0,,,,,,,,,,,,,,,,
91,475955806,162676525,C1CN2[C@@H]1C(=O)N[C@@H](CSCC3=CC=CC(=C3)CSCCC(=O)N[C@H](C(=O)NCC(=O)N[C@H](C(=O)N[C@H](C(=O)N[C@H](C(=O)N[C@H](C(=O)N[C@H](C2=O)CC4=CC=C(C=C4)O)CC5=CN=CN5)CC(=O)O)CC6=CNC7=C6C=C(C=C7)F)CC8=CNC9=C8C=C(C=C9)F)CCCCN)C(=O)N,Inactive,,,,IC50,,1919130,35.5,,,,,,,,,,,,,,,,,,,,,,,,,,,,,,,,,,,,,,,,,,,,,,,,,,,,,,,,,,,,,,,,,,,,35500,"P01130,Q8NBP7",BDBM586188,Proprotein convertase subtilisin/kexin type 9/Low-density lipoprotein receptor,,Low-density lipoprotein receptor,9606.0,Homo sapiens,,C67H77F2N15O13S2,1402.6,,,,,,,,,,,,,,,,,,,,,,,,,,35500.0,,,,,,,,,,,,,,,,
92,475955807,162653006,C1CCN2[C@@H](C1)C(=O)N[C@@H](CSCC3=CC=CC(=C3)CSCCC(=O)N[C@H](C(=O)NCC(=O)N[C@H](C(=O)N[C@H](C(=O)N[C@H](C(=O)N[C@H](C(=O)N[C@H](C2=O)CC4=CC=C(C=C4)O)CC5=CN=CN5)CC(=O)O)CC6=CNC7=C6C=C(C=C7)F)CC8=CNC9=C8C=C(C=C9)F)CCCCN)C(=O)N,Inactive,,,,IC50,,1919130,35.5,,,,,,,,,,,,,,,,,,,,,,,,,,,,,,,,,,,,,,,,,,,,,,,,,,,,,,,,,,,,,,,,,,,,35500,"P01130,Q8NBP7",BDBM586189,Proprotein convertase subtilisin/kexin type 9/Low-density lipoprotein receptor,,Low-density lipoprotein receptor,9606.0,Homo sapiens,,C69H81F2N15O13S2,1430.6,,,,,,,,,,,,,,,,,,,,,,,,,,35500.0,,,,,,,,,,,,,,,,
93,475955808,166611843,C1C[C@H]2C(=O)N[C@@H](CSCC3=CC=CC(=C3)CSCCC(=O)N[C@H](C(=O)NCC(=O)N[C@H](C(=O)N[C@H](C(=O)N[C@H](C(=O)N[C@H](C(=O)N[C@H](C(=O)N2C1)CC4=CC=C(C=C4)O)CC5=CN=CN5)CC(=O)O)CC6=CNC7=C6C=C(C=C7)F)CC8=CC=CC9=CC=CC=C98)CCCCN)C(=O)N,Active,,,,IC50,,1919130,6.55,,,,,,,,,,,,,,,,,,,,,,,,,,,,,,,,,,,,,,,,,,,,,,,,,,,,,,,,,,,,,,,,,,,,6550,"P01130,Q8NBP7",BDBM586190,Proprotein convertase subtilisin/kexin type 9/Low-density lipoprotein receptor,,Low-density lipoprotein receptor,9606.0,Homo sapiens,,C70H81FN14O13S2,1409.6,,,,,,,,,,,,,,,,,,,,,,,,,,6550.0,,,,,,,,,,,,,,,,
94,475955809,166740081,C1C[C@H]2C(=O)N[C@@H](CSCC3=CC=CC(=C3)CSCCC(=O)N[C@H](C(=O)NCC(=O)N[C@H](C(=O)N[C@H](C(=O)N[C@H](C(=O)N[C@H](C(=O)N[C@H](C(=O)N2C1)CC4=CC=C(C=C4)O)CC5=CNC=N5)CC(=O)O)CC6=CNC7=C6C=C(C=C7)F)CC8=CC=C(C=C8)C9=CC=CC=C9)CCCCN)C(=O)N,Active,,,,IC50,,1919130,6.55,,,,,,,,,,,,,,,,,,,,,,,,,,,,,,,,,,,,,,,,,,,,,,,,,,,,,,,,,,,,,,,,,,,,6550,"P01130,Q8NBP7",BDBM586191,Proprotein convertase subtilisin/kexin type 9/Low-density lipoprotein receptor,,Low-density lipoprotein receptor,9606.0,Homo sapiens,,C72H83FN14O13S2,1435.6,,,,,,,,,,,,,,,,,,,,,,,,,,6550.0,,,,,,,,,,,,,,,,
95,475955810,166611844,C1C[C@H]2C(=O)N[C@@H](CSCC3=CC=CC(=C3)CSCCC(=O)N[C@H](C(=O)NCC(=O)N[C@H](C(=O)N[C@H](C(=O)N[C@H](C(=O)N[C@H](C(=O)N[C@H](C(=O)N2C1)CC4=CC=C(C=C4)O)CC5=CN=CN5)CC(=O)O)CC6=CNC7=C6C=C(C=C7)F)CCC8=CC=CC=C8)CCCCN)C(=O)N,Active,,,,IC50,,1919130,6.55,,,,,,,,,,,,,,,,,,,,,,,,,,,,,,,,,,,,,,,,,,,,,,,,,,,,,,,,,,,,,,,,,,,,6550,"P01130,Q8NBP7",BDBM586192,Proprotein convertase subtilisin/kexin type 9/Low-density lipoprotein receptor,,Low-density lipoprotein receptor,9606.0,Homo sapiens,,C67H81FN14O13S2,1373.6,,,,,,,,,,,,,,,,,,,,,,,,,,6550.0,,,,,,,,,,,,,,,,
96,475955811,166611845,C[C@@]1(C(=O)N[C@H](C(=O)N[C@H](C(=O)N[C@H](C(=O)N[C@H](C(=O)N2CCC[C@H]2C(=O)N[C@@H](CSCC3=CC=CC(=C3)CSCCC(=O)N[C@H](C(=O)NCC(=O)N1)CCCCN)C(=O)N)CC4=CC=C(C=C4)O)CC5=CN=CN5)CC(=O)O)CC6=CNC7=C6C=C(C=C7)F)CC8=CNC9=CC=CC=C98,Active,,,,IC50,,1919130,0.55,,,,,,,,,,,,,,,,,,,,,,,,,,,,,,,,,,,,,,,,,,,,,,,,,,,,,,,,,,,,,,,,,,,,550,"P01130,Q8NBP7",BDBM586193,Proprotein convertase subtilisin/kexin type 9/Low-density lipoprotein receptor,,Low-density lipoprotein receptor,9606.0,Homo sapiens,,C69H82FN15O13S2,1412.6,,,,,,,,,,,,,,,,,,,,,,,,,,550.0,,,,,,,,,,,,,,,,
97,475955812,166611846,C[C@@]1(C(=O)NCC(=O)N[C@H](C(=O)N[C@H](C(=O)N[C@H](C(=O)N[C@H](C(=O)N[C@H](C(=O)N2CCC[C@H]2C(=O)N[C@@H](CSCC3=CC=CC(=C3)CSCCC(=O)N1)C(=O)N)CC4=CC=C(C=C4)O)CC5=CN=CN5)CC(=O)O)CC6=CNC7=C6C=C(C=C7)F)CC8=CNC9=C8C=C(C=C9)F)CCCCN,Active,,,,IC50,,1919130,6.55,,,,,,,,,,,,,,,,,,,,,,,,,,,,,,,,,,,,,,,,,,,,,,,,,,,,,,,,,,,,,,,,,,,,6550,"P01130,Q8NBP7",BDBM586194,Proprotein convertase subtilisin/kexin type 9/Low-density lipoprotein receptor,,Low-density lipoprotein receptor,9606.0,Homo sapiens,,C69H81F2N15O13S2,1430.6,,,,,,,,,,,,,,,,,,,,,,,,,,6550.0,,,,,,,,,,,,,,,,
98,475955813,166611847,C[C@@]12CCCN1C(=O)[C@@H](NC(=O)[C@@H](NC(=O)[C@@H](NC(=O)[C@@H](NC(=O)[C@@H](NC(=O)CNC(=O)[C@@H](NC(=O)CCSCC3=CC(=CC=C3)CSC[C@H](NC2=O)C(=O)N)CC4=CC=C(C=C4)O)CC5=CNC6=C5C=C(C=C6)F)CC7=CNC8=C7C=C(C=C8)F)CC(=O)O)CC9=C[NH2+]C=N9)CC1=CC=C(C=C1)O,Unspecified,,,,IC50,,1919130,0.5,>,,,,,,,,,,,,,,,,,,,,,,,,,,,,,,,,,,,,,,,,,,,,,,,,,,,,,,,,,,,,,,,,,,>,500,"P01130,Q8NBP7",BDBM586195,Proprotein convertase subtilisin/kexin type 9/Low-density lipoprotein receptor,,Low-density lipoprotein receptor,9606.0,Homo sapiens,,C72H79F2N14O14S2+,1466.6,,,,,,,,,,,,,,,,,,,,,,,greater_than,,,500.0,,,,,,,,,,,,,,,,
99,475955814,162466123,CC1(C(=O)N[C@@H](CSCC2=CC=CC(=C2)CSCCC(=O)N[C@H](C(=O)NCC(=O)N[C@H](C(=O)N[C@H](C(=O)N[C@H](C(=O)N[C@H](C(=O)N[C@H](C(=O)N1)CC3=CC=C(C=C3)O)CC4=CN=CN4)CC(=O)O)CC5=CNC6=C5C=C(C=C6)F)CC7=CNC8=C7C=C(C=C8)F)CCCC[NH3+])C(=O)N)C,Active,,,,IC50,,1919130,0.55,,,,,,,,,,,,,,,,,,,,,,,,,,,,,,,,,,,,,,,,,,,,,,,,,,,,,,,,,,,,,,,,,,,,550,"P01130,Q8NBP7",BDBM586196,Proprotein convertase subtilisin/kexin type 9/Low-density lipoprotein receptor,,Low-density lipoprotein receptor,9606.0,Homo sapiens,,C67H80F2N15O13S2+,1405.6,,,,,,,,,,,,,,,,,,,,,,,,,,550.0,,,,,,,,,,,,,,,,
100,475955815,166611849,CC(C)[C@H]1C(=O)N[C@@H](CSCC2=CC=CC(=C2)CSCCC(=O)N[C@H](C(=O)NCC(=O)N[C@H](C(=O)N[C@H](C(=O)N[C@H](C(=O)N[C@H](C(=O)N[C@H](C(=O)N1C)CC3=CC=C(C=C3)O)CC4=CN=CN4)CC(=O)O)CC5=CNC6=C5C=C(C=C6)F)CC7=CNC8=C7C=C(C=C8)F)CCCCN)C(=O)N,Inactive,,,,IC50,,1919130,35.5,,,,,,,,,,,,,,,,,,,,,,,,,,,,,,,,,,,,,,,,,,,,,,,,,,,,,,,,,,,,,,,,,,,,35500,"P01130,Q8NBP7",BDBM586197,Proprotein convertase subtilisin/kexin type 9/Low-density lipoprotein receptor,,Low-density lipoprotein receptor,9606.0,Homo sapiens,,C69H83F2N15O13S2,1432.6,,,,,,,,,,,,,,,,,,,,,,,,,,35500.0,,,,,,,,,,,,,,,,
101,475955816,166611850,CN1CC(=O)N[C@H](C(=O)N[C@H](C(=O)N([C@H](C(=O)N[C@H](C(=O)N([C@H](C(=O)N2CCC[C@H]2C(=O)N[C@@H](CSCC3=CC=CC(=C3)CSCCC(=O)N[C@H](C1=O)CCCCN)C(=O)N)CC4=CC=C(C=C4)O)C)CC5=CN=CN5)CC(=O)O)C)CC6=CNC7=CC=CC=C76)CC8=CNC9=CC=CC=C98,Inactive,,,,IC50,,1919130,35.5,,,,,,,,,,,,,,,,,,,,,,,,,,,,,,,,,,,,,,,,,,,,,,,,,,,,,,,,,,,,,,,,,,,,35500,"P01130,Q8NBP7",BDBM586198,Proprotein convertase subtilisin/kexin type 9/Low-density lipoprotein receptor,,Low-density lipoprotein receptor,9606.0,Homo sapiens,,C71H87N15O13S2,1422.7,,,,,,,,,,,,,,,,,,,,,,,,,,35500.0,,,,,,,,,,,,,,,,
102,475955817,172636726,CC.CN1CC(=O)N[C@H](C(=O)N[C@H](C(=O)N([C@H](C(=O)N[C@H](C(=O)N[C@H](C(=O)N2CCC[C@H]2C(=O)N[C@@H](CSCC3=CC=CC(=C3)CSCCC(=O)N[C@H](C1=O)CCCCN)C(=O)N)CC4=CC=C(C=C4)O)CC5=CN=CN5)CC(=O)O)C)CC6=CNC7=CC=CC=C76)CC8=CNC9=CC=CC=C98,Inactive,,,,IC50,,1919130,35.5,,,,,,,,,,,,,,,,,,,,,,,,,,,,,,,,,,,,,,,,,,,,,,,,,,,,,,,,,,,,,,,,,,,,35500,"P01130,Q8NBP7",BDBM586199,Proprotein convertase subtilisin/kexin type 9/Low-density lipoprotein receptor,,Low-density lipoprotein receptor,9606.0,Homo sapiens,,C72H91N15O13S2,1438.7,,,,,,,,,,,,,,,,,,,,,,,,,,35500.0,,,,,,,,,,,,,,,,
103,475955818,166611852,C1CCC(CC1)C[C@H]2C(=O)N[C@H](C(=O)N[C@H](C(=O)N[C@H](C(=O)N[C@H](C(=O)N3CCC[C@H]3C(=O)N[C@@H](CSCC4=CC=CC(=C4)CSCCC(=O)N[C@H](C(=O)NCC(=O)N2)CCCCN)C(=O)N)CC5=CC=C(C=C5)O)CC6=CN=CN6)CC(=O)O)CC7=CNC8=C7C=C(C=C8)F,Active,,,,IC50,,1919130,0.05,,,,,,,,,,,,,,,,,,,,,,,,,,,,,,,,,,,,,,,,,,,,,,,,,,,,,,,,,,,,,,,,,,,,50,"P01130,Q8NBP7",BDBM586200,Proprotein convertase subtilisin/kexin type 9/Low-density lipoprotein receptor,,Low-density lipoprotein receptor,9606.0,Homo sapiens,,C66H85FN14O13S2,1365.6,,,,,,,,,,,,,,,,,,,,,,,,,,50.0,,,,,,,,,,,,,,,,
104,475955819,166611853,C[C@H]([C@H]1C(=O)N[C@H](C(=O)N[C@H](C(=O)N2CCC[C@H]2C(=O)N[C@@H](CSCC3=CC=CC(=C3)CSCCC(=O)N[C@H](C(=O)NCC(=O)N[C@H](C(=O)N[C@H](C(=O)N1)CC4=CNC5=C4C=C(C=C5)F)CC6=CNC7=C6C=C(C=C7)F)CCCCN)C(=O)N)CC8=CC=C(C=C8)O)CC9=CN=CN9)O,Active,,,,IC50,,1919130,0.55,,,,,,,,,,,,,,,,,,,,,,,,,,,,,,,,,,,,,,,,,,,,,,,,,,,,,,,,,,,,,,,,,,,,550,"P01130,Q8NBP7",BDBM586201,Proprotein convertase subtilisin/kexin type 9/Low-density lipoprotein receptor,,Low-density lipoprotein receptor,9606.0,Homo sapiens,,C68H81F2N15O12S2,1402.6,,,,,,,,,,,,,,,,,,,,,,,,,,550.0,,,,,,,,,,,,,,,,
105,475955820,166739919,C1C[C@H]2C(=O)N[C@@H](CSCC3=CC=CC(=C3)CSCCC(=O)N[C@H](C(=O)NCC(=O)N[C@H](C(=O)N[C@H](C(=O)N[C@H](C(=O)N[C@H](C(=O)N[C@H](C(=O)N2C1)CC4=CNC5=C4C=CC=N5)CC6=CNC=N6)CC(=O)O)CC7=CNC8=C7C=C(C=C8)F)CC9=CNC1=C9C=C(C=C1)F)CCCCN)C(=O)N,Unspecified,,,,IC50,,1919130,0.5,>,,,,,,,,,,,,,,,,,,,,,,,,,,,,,,,,,,,,,,,,,,,,,,,,,,,,,,,,,,,,,,,,,,>,500,"P01130,Q8NBP7",BDBM586202,Proprotein convertase subtilisin/kexin type 9/Low-density lipoprotein receptor,,Low-density lipoprotein receptor,9606.0,Homo sapiens,,C69H79F2N17O12S2,1440.6,,,,,,,,,,,,,,,,,,,,,,,greater_than,,,500.0,,,,,,,,,,,,,,,,
106,475955821,172636727,C1C[C@H]2C(=O)N[C@@H](CSCC3=CC=CC(=C3)CSCCC(=O)N[C@H](C(=O)NCC(=O)N[C@H](C(=O)N[C@H](C(=O)N[C@H](C(=O)N[C@H](C(=O)N[C@H](C(=O)N2C1)CC4=CC=C(C=C4)C5=CC=CC=C5)CC6=CNC=N6)CC(=O)O)CC7=CNC8=C7C=C(C=C8)F)CC9=CNC1=C9C=C(C=C1)F)CCCCN)C(=O)N,Active,,,,IC50,,1919130,6.55,,,,,,,,,,,,,,,,,,,,,,,,,,,,,,,,,,,,,,,,,,,,,,,,,,,,,,,,,,,,,,,,,,,,6550,"P01130,Q8NBP7",BDBM586203,Proprotein convertase subtilisin/kexin type 9/Low-density lipoprotein receptor,,Low-density lipoprotein receptor,9606.0,Homo sapiens,,C74H83F2N15O12S2,1476.7,,,,,,,,,,,,,,,,,,,,,,,,,,6550.0,,,,,,,,,,,,,,,,
107,475955822,166611856,C1C[C@H]2C(=O)N[C@@H](CSCC3=CC=CC(=C3)CSCCC(=O)N[C@H](C(=O)NCC(=O)N[C@H](C(=O)N[C@H](C(=O)N[C@H](C(=O)N[C@H](C(=O)N[C@H](C(=O)N2C1)CC4=CC=C(C=C4)O)CC5=CN=CN5)CC(=O)O)CCC6=CC=CC=C6)CC7=CNC8=C7C=C(C=C8)F)CCCCN)C(=O)N,Active,,,,IC50,,1919130,0.55,,,,,,,,,,,,,,,,,,,,,,,,,,,,,,,,,,,,,,,,,,,,,,,,,,,,,,,,,,,,,,,,,,,,550,"P01130,Q8NBP7",BDBM586204,Proprotein convertase subtilisin/kexin type 9/Low-density lipoprotein receptor,,Low-density lipoprotein receptor,9606.0,Homo sapiens,,C67H81FN14O13S2,1373.6,,,,,,,,,,,,,,,,,,,,,,,,,,550.0,,,,,,,,,,,,,,,,
108,475955823,166611857,C[C@@H]1C(=O)N[C@H](C(=O)N[C@H](C(=O)N[C@H](C(=O)N[C@H](C(=O)N[C@H](C(=O)N2CCC[C@]2(C(=O)NCCSCC3=CC=CC(=C3)CSCCC(=O)N[C@H](C(=O)N1)CCCCN)C)CC4=CC(=C(C=C4)O)Cl)CC5CNCN5)CC(=O)O)CC6=CNC7=C6C=C(C=C7)F)CC8=CNC9=C8C=C(C=C9)F,Active,,,,IC50,,1919130,0.55,,,,,,,,,,,,,,,,,,,,,,,,,,,,,,,,,,,,,,,,,,,,,,,,,,,,,,,,,,,,,,,,,,,,550,"P01130,Q8NBP7",BDBM586205,Proprotein convertase subtilisin/kexin type 9/Low-density lipoprotein receptor,,Low-density lipoprotein receptor,9606.0,Homo sapiens,,C69H85ClF2N14O12S2,1440.1,,,,,,,,,,,,,,,,,,,,,,,,,,550.0,,,,,,,,,,,,,,,,
109,475955824,172636728,CC.C[C@@H]1C(=O)N[C@H](C(=O)N[C@H](C(=O)N[C@H](C(=O)N[C@H](C(=O)N[C@H](C(=O)N2CCC[C@]2(C(=O)NCCSCC3=CC=CC(=C3)CSCCC(=O)N[C@H](C(=O)N1)CCCCN)C)CC4=CNC5=C4C=CC=N5)CC6=CN=CN6)CC(=O)O)CC7=CNC8=C7C=C(C=C8)F)CC9=CNC1=C9C=C(C=C1)F,Active,,,,IC50,,1919130,0.55,,,,,,,,,,,,,,,,,,,,,,,,,,,,,,,,,,,,,,,,,,,,,,,,,,,,,,,,,,,,,,,,,,,,550,"P01130,Q8NBP7",BDBM586206,Proprotein convertase subtilisin/kexin type 9/Low-density lipoprotein receptor,,Low-density lipoprotein receptor,9606.0,Homo sapiens,,C72H88F2N16O11S2,1455.7,,,,,,,,,,,,,,,,,,,,,,,,,,550.0,,,,,,,,,,,,,,,,
110,475955826,166611858,C[C@H]1C(=O)NCC(=O)N[C@H](C(=O)N[C@H](C(=O)N[C@H](C(=O)N[C@H](C(=O)N[C@H](C(=O)N2CCC[C@]2(C(=O)N[C@@H](CC3=CC=C(CNC(=O)CCC[C@@H](C(=O)N1)NC(=O)C)C=C3)C(=O)N)C)CC4=CC=C(C=C4)O)CC5=CNC=N5)CC(=O)O)CC6=CNC7=C6C=C(C=C7)F)CC8=CNC9=C8C=C(C=C9)F,Unspecified,,,,IC50,,1919130,0.5,>,,,,,,,,,,,,,,,,,,,,,,,,,,,,,,,,,,,,,,,,,,,,,,,,,,,,,,,,,,,,,,,,,,>,500,"P01130,Q8NBP7",BDBM586208,Proprotein convertase subtilisin/kexin type 9/Low-density lipoprotein receptor,,Low-density lipoprotein receptor,9606.0,Homo sapiens,,C70H80F2N16O15,1423.5,,,,,,,,,,,,,,,,,,,,,,,greater_than,,,500.0,,,,,,,,,,,,,,,,
111,475955827,166611859,CC(=O)N[C@@H]1CCCCNC(=O)C2=CC=C(C[C@H](NC(=O)[C@@]3(CCCN3C(=O)[C@@H](NC(=O)[C@@H](NC(=O)[C@@H](NC(=O)[C@@H](NC(=O)[C@@H](NC(=O)CNC1=O)CC4=CNC5=C4C=C(C=C5)F)CC6=CNC7=C6C=C(C=C7)F)CC(=O)O)CC8=CN=CN8)CC9=CC=C(C=C9)O)C)C(=O)N)C=C2,Active,,,,IC50,,1919130,0.55,,,,,,,,,,,,,,,,,,,,,,,,,,,,,,,,,,,,,,,,,,,,,,,,,,,,,,,,,,,,,,,,,,,,550,"P01130,Q8NBP7",BDBM586209,Proprotein convertase subtilisin/kexin type 9/Low-density lipoprotein receptor,,Low-density lipoprotein receptor,9606.0,Homo sapiens,,C67H75F2N15O14,1352.4,,,,,,,,,,,,,,,,,,,,,,,,,,550.0,,,,,,,,,,,,,,,,
112,475955828,166611860,C[C@H]1C(=O)N(CC(=O)N([C@H](C(=O)N[C@H](C(=O)N[C@H](C(=O)N[C@H](C(=O)N[C@H](C(=O)N2CCC[C@H]2C(=O)N[C@@H](CSCC3=CC=CC(=C3)CSCCC(=O)N1)C(=O)N)CC4=CC=C(C=C4)OC)CC5=CN=CN5)CC(=O)O)CC6=CN(C7=CC=CC=C76)C)CC8=CNC9=CC=CC=C98)C)C,Unspecified,,,,IC50,,1919130,0.5,>,,,,,,,,,,,,,,,,,,,,,,,,,,,,,,,,,,,,,,,,,,,,,,,,,,,,,,,,,,,,,,,,,,>,500,"P01130,Q8NBP7",BDBM586210,Proprotein convertase subtilisin/kexin type 9/Low-density lipoprotein receptor,,Low-density lipoprotein receptor,9606.0,Homo sapiens,,C69H82N14O13S2,1379.6,,,,,,,,,,,,,,,,,,,,,,,greater_than,,,500.0,,,,,,,,,,,,,,,,
113,475955829,166611861,C[C@H]1C(=O)N(CC(=O)N([C@H](C(=O)N([C@H](C(=O)N([C@H](C(=O)N[C@H](C(=O)N([C@H](C(=O)N2CCC[C@H]2C(=O)N[C@@H](CSCC3=CC=CC(=C3)CSCCC(=O)N1)C(=O)N)CC4=CC=C(C=C4)O)C)CC5=CN=CN5)CC(=O)O)C)CC6=CN(C7=CC=CC=C76)C)C)CC8=CNC9=CC=CC=C98)C)C,Active,,,,IC50,,1919130,6.55,,,,,,,,,,,,,,,,,,,,,,,,,,,,,,,,,,,,,,,,,,,,,,,,,,,,,,,,,,,,,,,,,,,,6550,"P01130,Q8NBP7",BDBM586211,Proprotein convertase subtilisin/kexin type 9/Low-density lipoprotein receptor,,Low-density lipoprotein receptor,9606.0,Homo sapiens,,C71H86N14O13S2,1407.7,,,,,,,,,,,,,,,,,,,,,,,,,,6550.0,,,,,,,,,,,,,,,,
114,475955830,172636729,C1C[C@H]2C(=O)N[C@@H](CSCC3=CC=CC(=C3)CSCCC(=O)N[C@H](C(=O)NCC(=O)N[C@H](C(=O)N[C@H](C(=O)N[C@H](C(=O)N[C@H](C(=O)N[C@H](C(=O)N2C1)CC4=CC=C(C=C4)OCCN)CC5C=NC=N5)CC(=O)O)CC6=CNC7=C6C=C(C=C7)F)CC8=CNC9=C8C=C(C=C9)F)CCCCN)C(=O)N,Active,,,,IC50,,1919130,0.55,,,,,,,,,,,,,,,,,,,,,,,,,,,,,,,,,,,,,,,,,,,,,,,,,,,,,,,,,,,,,,,,,,,,550,"P01130,Q8NBP7",BDBM586212,Proprotein convertase subtilisin/kexin type 9/Low-density lipoprotein receptor,,Low-density lipoprotein receptor,9606.0,Homo sapiens,,C70H84F2N16O13S2,1459.6,,,,,,,,,,,,,,,,,,,,,,,,,,550.0,,,,,,,,,,,,,,,,
115,475955831,166611863,C1C[C@H]2C(=O)N[C@@H](CSCC3=CC=CC(=C3)CSCCC(=O)N[C@H](C(=O)NCC(=O)N[C@H](C(=O)N[C@H](C(=O)N[C@H](C(=O)N[C@H](C(=O)N[C@H](C(=O)N2C1)CC4=NC5=CC=CC=C5S4)CC6=CNC=N6)CC(=O)O)CC7=CNC8=C7C=C(C=C8)F)CC9=CNC1=C9C=C(C=C1)F)CCCCN)C(=O)N,Inactive,,,,IC50,,1919130,35.5,,,,,,,,,,,,,,,,,,,,,,,,,,,,,,,,,,,,,,,,,,,,,,,,,,,,,,,,,,,,,,,,,,,,35500,"P01130,Q8NBP7",BDBM586213,Proprotein convertase subtilisin/kexin type 9/Low-density lipoprotein receptor,,Low-density lipoprotein receptor,9606.0,Homo sapiens,,C69H78F2N16O12S3,1457.7,,,,,,,,,,,,,,,,,,,,,,,,,,35500.0,,,,,,,,,,,,,,,,
116,475955832,160180498,C[C@@H]1C(=O)N[C@H](C(=O)N[C@H](C(=O)N[C@H](C(=O)N[C@H](C(=O)N[C@H](C(=O)N2CCC[C@]2(C(=O)NCCSCC3=CC=CC(=C3)CSCCC(=O)N[C@H](C(=O)N1)CCCCN)C)CC4=CC=C(C=C4)OC)CC5=NC=NC5)CC(=O)O)CC6=CNC7=C6C=C(C=C7)F)C(C8=CC=CC=C8)C9=CC=CC=C9,Active,,,,IC50,,1919130,0.05,,,,,,,,,,,,,,,,,,,,,,,,,,,,,,,,,,,,,,,,,,,,,,,,,,,,,,,,,,,,,,,,,,,,50,"P01130,Q8NBP7",BDBM586214,Proprotein convertase subtilisin/kexin type 9/Low-density lipoprotein receptor,,Low-density lipoprotein receptor,9606.0,Homo sapiens,,C74H88FN13O12S2,1434.7,,,,,,,,,,,,,,,,,,,,,,,,,,50.0,,,,,,,,,,,,,,,,
117,475955833,161200532,C[C@@H]1C(=O)N([C@H](C(=O)N[C@H](C(=O)N[C@H](C(=O)N[C@H](C(=O)N([C@H](C(=O)N2CCC[C@]2(C(=O)NCCSCC3=CC=CC(=C3)CSCCC(=O)N[C@H](C(=O)N1)CCCCN)C)CC4=CC=C(C=C4)O)C)CC5=CN=CN5)CC(=O)O)CC6=CNC7=C6C=C(C=C7)F)CC8=CNC9=CC=CC=C98)C,Active,,,,IC50,,1919130,0.05,,,,,,,,,,,,,,,,,,,,,,,,,,,,,,,,,,,,,,,,,,,,,,,,,,,,,,,,,,,,,,,,,,,,50,"P01130,Q8NBP7",BDBM586215,Proprotein convertase subtilisin/kexin type 9/Low-density lipoprotein receptor,,Low-density lipoprotein receptor,9606.0,Homo sapiens,,C71H87FN14O12S2,1411.7,,,,,,,,,,,,,,,,,,,,,,,,,,50.0,,,,,,,,,,,,,,,,
118,475955834,158577361,C[C@@H]1C(=O)N[C@H](C(=O)N[C@H](C(=O)N[C@H](C(=O)N[C@H](C(=O)N([C@H](C(=O)N2CCC[C@]2(C(=O)NCCSCC3=CC=CC(=C3)CSCCC(=O)N[C@H](C(=O)N1)CCCCN)C)CC4=CC=C(C=C4)O)C)CC5=CN=CN5)CC(=O)O)CC6=CNC7=C6C=C(C=C7)F)CC8=CNC9=C8C=C(C=C9)F,Active,,,,IC50,,1919130,0.05,,,,,,,,,,,,,,,,,,,,,,,,,,,,,,,,,,,,,,,,,,,,,,,,,,,,,,,,,,,,,,,,,,,,50,"P01130,Q8NBP7",BDBM586216,Proprotein convertase subtilisin/kexin type 9/Low-density lipoprotein receptor,,Low-density lipoprotein receptor,9606.0,Homo sapiens,,C70H84F2N14O12S2,1415.6,,,,,,,,,,,,,,,,,,,,,,,,,,50.0,,,,,,,,,,,,,,,,
119,475955835,166611864,C[C@@]12CCCN1C(=O)[C@@H](NC(=O)[C@@H](NC(=O)[C@@H](NC(=O)[C@@H](NC(=O)[C@@H](NC(=O)CNC(=O)C3(CC3)NC(=O)CCSCC4=CC(=CC=C4)CSC[C@H](NC2=O)C(=O)N)CC5=CNC6=C5C=C(C=C6)F)CC7=CNC8=C7C=C(C=C8)F)CC(=O)O)CC9CNCN9)CC1=CC=C(C=C1)O,Active,,,,IC50,,1919130,0.05,,,,,,,,,,,,,,,,,,,,,,,,,,,,,,,,,,,,,,,,,,,,,,,,,,,,,,,,,,,,,,,,,,,,50,"P01130,Q8NBP7",BDBM586217,Proprotein convertase subtilisin/kexin type 9/Low-density lipoprotein receptor,,Low-density lipoprotein receptor,9606.0,Homo sapiens,,C67H78F2N14O13S2,1389.6,,,,,,,,,,,,,,,,,,,,,,,,,,50.0,,,,,,,,,,,,,,,,
120,475955836,172636730,CCCCCCCCCCCCCCCC(=O)N[C@@H](CCC(=O)N[C@@H](CCC(=O)NCCCC[C@H]1C(=O)NCC(=O)N[C@H](C(=O)N[C@H](C(=O)N[C@H](C(=O)N[C@H](C(=O)N[C@H](C(=O)N2CCC[C@]2(C(=O)N[C@@H](CSCC3=CC=CC(=C3)CSCCC(=O)N1)C(=O)N)C)CC4=CC=C(C=C4)O)CC5=CN(C=N5)CC)CC(=O)O)CC6=CNC7=C6C=C(C=C7)F)CC8=CNC9=C8C=C(C=C9)F)C(=O)O)C(=O)O,Inactive,,,,IC50,,1919130,35.5,,,,,,,,,,,,,,,,,,,,,,,,,,,,,,,,,,,,,,,,,,,,,,,,,,,,,,,,,,,,,,,,,,,,35500,"P01130,Q8NBP7",BDBM586218,Proprotein convertase subtilisin/kexin type 9/Low-density lipoprotein receptor,,Low-density lipoprotein receptor,9606.0,Homo sapiens,,C97H129F2N17O20S2,1955.3,,,,,,,,,,,,,,,,,,,,,,,,,,35500.0,,,,,,,,,,,,,,,,
121,475955837,172636731,CCCCCCCCCCCCCCCC(=O)N[C@@H](CCC(=O)N[C@@H](CCC(=O)NCC[C@@H](C(=O)N)NC(=O)[C@@H]1CSCC2=CC=CC(=C2)CSCCC(=O)N[C@H](C(=O)NCC(=O)N[C@H](C(=O)N[C@H](C(=O)N[C@H](C(=O)N[C@H](C(=O)N[C@H](C(=O)N3CCC[C@]3(C(=O)N1)C)CC4=CC=C(C=C4)O)CC5=CNC=N5)CC(=O)O)CC6=CNC7=C6C=C(C=C7)F)CC8=CNC9=C8C=C(C=C9)F)CCCCN)C(=O)O)C(=O)O,Inactive,,,,IC50,,1919130,35.5,,,,,,,,,,,,,,,,,,,,,,,,,,,,,,,,,,,,,,,,,,,,,,,,,,,,,,,,,,,,,,,,,,,,35500,"P01130,Q8NBP7",BDBM586219,Proprotein convertase subtilisin/kexin type 9/Low-density lipoprotein receptor,,Low-density lipoprotein receptor,9606.0,Homo sapiens,,C99H133F2N19O21S2,2027.4,,,,,,,,,,,,,,,,,,,,,,,,,,35500.0,,,,,,,,,,,,,,,,
122,475955838,172636732,C[C@@]12CCCN1C(=O)[C@@H](NC(=O)[C@@H](NC(=O)[C@@H](NC(=O)[C@@H](NC(=O)[C@@H](NC(=O)CNC(=O)[C@@H](NC(=O)CCSCC3=CC(=CC=C3)CSC[C@H](NC2=O)C(=O)N)CCCCNC(=O)COCCOCCNC(=O)COCCOCCNC(=O)CC[C@@H](C(=O)O)NC(=O)CCCCCCCCCCCCCCCCC(=O)O)CC4=CNC5=C4C=C(C=C5)F)CC6=CNC7=C6C=C(C=C7)F)CC(=O)O)CC8=CNC=N8)CC9=CC=C(C=C9)O,Unspecified,,,,IC50,,1919130,0.5,>,,,,,,,,,,,,,,,,,,,,,,,,,,,,,,,,,,,,,,,,,,,,,,,,,,,,,,,,,,,,,,,,,,>,500,"P01130,Q8NBP7",BDBM586220,Proprotein convertase subtilisin/kexin type 9/Low-density lipoprotein receptor,,Low-density lipoprotein receptor,9606.0,Homo sapiens,,C104H142F2N18O25S2,2146.5,,,,,,,,,,,,,,,,,,,,,,,greater_than,,,500.0,,,,,,,,,,,,,,,,
123,475955839,166611868,C[C@@]12CCCN1C(=O)[C@@H](NC(=O)[C@@H](NC(=O)[C@@H](NC(=O)[C@@H](NC(=O)[C@@H](NC(=O)CNC(=O)[C@@H](NC(=O)CCSCC3=CC(=CC(=C3)F)CSC[C@H](NC2=O)C(=O)N)CCCCN)CC4=CNC5=C4C=C(C=C5)F)CC6=CNC7=C6C=C(C=C7)F)CC(=O)O)CC8CNCN8)CC9=CC=C(C=C9)O,Inactive,,,,IC50,,1919130,35.5,,,,,,,,,,,,,,,,,,,,,,,,,,,,,,,,,,,,,,,,,,,,,,,,,,,,,,,,,,,,,,,,,,,,35500,"P01130,Q8NBP7",BDBM586221,Proprotein convertase subtilisin/kexin type 9/Low-density lipoprotein receptor,,Low-density lipoprotein receptor,9606.0,Homo sapiens,,C69H84F3N15O13S2,1452.6,,,,,,,,,,,,,,,,,,,,,,,,,,35500.0,,,,,,,,,,,,,,,,
124,475955841,166611869,C1CSCC2=CC(=CC=C2)CSC[C@H](NC(=O)[C@@H]3C[C@H](CN3C(=O)[C@@H](NC(=O)[C@@H](NC(=O)[C@@H](NC(=O)[C@@H](NC(=O)[C@@H](NC(=O)CNC(=O)[C@@H](NC1=O)CCCCN)CC4=CNC5=C4C=C(C=C5)F)CC6=CNC7=C6C=C(C=C7)F)CC(=O)O)CC8=CNC=N8)CC9=CC=C(C=C9)O)C1=CC=CC=C1)C(=O)N,Active,,,,IC50,,1919130,0.05,,,,,,,,,,,,,,,,,,,,,,,,,,,,,,,,,,,,,,,,,,,,,,,,,,,,,,,,,,,,,,,,,,,,50,"P01130,Q8NBP7",BDBM586223,Proprotein convertase subtilisin/kexin type 9/Low-density lipoprotein receptor,,Low-density lipoprotein receptor,9606.0,Homo sapiens,,C74H83F2N15O13S2,1492.7,,,,,,,,,,,,,,,,,,,,,,,,,,50.0,,,,,,,,,,,,,,,,
125,475955842,166611870,C1CSCC2=CC(=CC=C2)CSC[C@H](NC(=O)[C@@H]3C[C@H](CN3C(=O)[C@@H](NC(=O)[C@@H](NC(=O)[C@@H](NC(=O)[C@@H](NC(=O)[C@@H](NC(=O)CNC(=O)[C@@H](NC1=O)CCCCN)CC4=CNC5=C4C=C(C=C5)F)CC6=CNC7=C6C=C(C=C7)F)CC(=O)O)CC8=CNC=N8)CC9=CC=C(C=C9)O)CC1=CC=CC=C1)C(=O)N,Active,,,,IC50,,1919130,0.55,,,,,,,,,,,,,,,,,,,,,,,,,,,,,,,,,,,,,,,,,,,,,,,,,,,,,,,,,,,,,,,,,,,,550,"P01130,Q8NBP7",BDBM586224,Proprotein convertase subtilisin/kexin type 9/Low-density lipoprotein receptor,,Low-density lipoprotein receptor,9606.0,Homo sapiens,,C75H85F2N15O13S2,1506.7,,,,,,,,,,,,,,,,,,,,,,,,,,550.0,,,,,,,,,,,,,,,,
126,475955843,166611871,C1CSCC2=CC(=CC=C2)CSC[C@H](NC(=O)[C@@H]3C[C@@H](CN3C(=O)[C@@H](NC(=O)[C@@H](NC(=O)[C@@H](NC(=O)[C@@H](NC(=O)[C@@H](NC(=O)CNC(=O)[C@@H](NC1=O)CCCCN)CC4=CNC5=C4C=C(C=C5)F)CC6=CNC7=C6C=C(C=C7)F)CC(=O)O)CC8=CN=CN8)CC9=CC=C(C=C9)O)C(F)(F)F)C(=O)N,Active,,,,IC50,,1919130,0.05,,,,,,,,,,,,,,,,,,,,,,,,,,,,,,,,,,,,,,,,,,,,,,,,,,,,,,,,,,,,,,,,,,,,50,"P01130,Q8NBP7",BDBM586225,Proprotein convertase subtilisin/kexin type 9/Low-density lipoprotein receptor,,Low-density lipoprotein receptor,9606.0,Homo sapiens,,C69H78F5N15O13S2,1484.6,,,,,,,,,,,,,,,,,,,,,,,,,,50.0,,,,,,,,,,,,,,,,
127,475955844,157869297,C[C@@H]1C(=O)N[C@H](C(=O)N[C@H](C(=O)N[C@H](C(=O)N[C@H](C(=O)N[C@H](C(=O)N2CCC[C@]2(C(=O)NCCSCC3=CC=CC(=C3)CSCCC(=O)N[C@H](C(=O)N1)CCCCN)C)CC4=CC=C(C=C4)C)CC5=CN=CN5)CC(=O)O)CC6=CNC7=C6C=C(C=C7)F)CC8=CNC9=C8C=C(C=C9)F,Active,,,,IC50,,1919130,0.55,,,,,,,,,,,,,,,,,,,,,,,,,,,,,,,,,,,,,,,,,,,,,,,,,,,,,,,,,,,,,,,,,,,,550,"P01130,Q8NBP7",BDBM586226,Proprotein convertase subtilisin/kexin type 9/Low-density lipoprotein receptor,,Low-density lipoprotein receptor,9606.0,Homo sapiens,,C70H84F2N14O11S2,1399.6,,,,,,,,,,,,,,,,,,,,,,,,,,550.0,,,,,,,,,,,,,,,,
128,475955845,158601403,C[C@@H]1C(=O)N[C@H](C(=O)N[C@H](C(=O)N[C@H](C(=O)N[C@H](C(=O)N[C@H](C(=O)N2CCC[C@]2(C(=O)NCCSCC3=CC=CC(=C3)CSCCC(=O)N[C@H](C(=O)N1)CCCCN)C)CC4=CC=C(C=C4)C#N)CC5=CN=CN5)CC(=O)O)CC6=CNC7=C6C=C(C=C7)F)CC8=CNC9=C8C=C(C=C9)F,Active,,,,IC50,,1919130,0.55,,,,,,,,,,,,,,,,,,,,,,,,,,,,,,,,,,,,,,,,,,,,,,,,,,,,,,,,,,,,,,,,,,,,550,"P01130,Q8NBP7",BDBM586227,Proprotein convertase subtilisin/kexin type 9/Low-density lipoprotein receptor,,Low-density lipoprotein receptor,9606.0,Homo sapiens,,C70H81F2N15O11S2,1410.6,,,,,,,,,,,,,,,,,,,,,,,,,,550.0,,,,,,,,,,,,,,,,
129,475955846,166611872,C1CCC(CC1)[C@@H]2C[C@H]3C(=O)N[C@@H](CSCC4=CC=CC(=C4)CSCCC(=O)N[C@H](C(=O)NCC(=O)N[C@H](C(=O)N[C@H](C(=O)N[C@H](C(=O)N[C@H](C(=O)N[C@H](C(=O)N3C2)CC5=CC=C(C=C5)O)CC6=CN=CN6)CC(=O)O)CC7=CNC8=C7C=C(C=C8)F)CC9=CNC1=C9C=C(C=C1)F)CCCCN)C(=O)N,Inactive,,,,IC50,,1919130,35.5,,,,,,,,,,,,,,,,,,,,,,,,,,,,,,,,,,,,,,,,,,,,,,,,,,,,,,,,,,,,,,,,,,,,35500,"P01130,Q8NBP7",BDBM586228,Proprotein convertase subtilisin/kexin type 9/Low-density lipoprotein receptor,,Low-density lipoprotein receptor,9606.0,Homo sapiens,,C74H89F2N15O13S2,1498.7,,,,,,,,,,,,,,,,,,,,,,,,,,35500.0,,,,,,,,,,,,,,,,
130,475955847,166611873,C[C@H]1C(=O)NCC(=O)N[C@H](C(=O)N[C@H](C(=O)N[C@H](C(=O)N[C@H](C(=O)N[C@H](C(=O)N2CCC[C@]2(C(=O)N[C@@H](CSCC3=CC=CC(=C3)CSCCC(=O)N1)C(=O)N)C)CC4=CC=C(C=C4)O)CC5CNCN5)CC(=O)O)CC6=CNC7=C6C=C(C=C7)F)CC8=CNC9=C8C=C(C=C9)F,Active,,,,IC50,,1919130,6.55,,,,,,,,,,,,,,,,,,,,,,,,,,,,,,,,,,,,,,,,,,,,,,,,,,,,,,,,,,,,,,,,,,,,6550,"P01130,Q8NBP7",BDBM586229,Proprotein convertase subtilisin/kexin type 9/Low-density lipoprotein receptor,,Low-density lipoprotein receptor,9606.0,Homo sapiens,,C66H78F2N14O13S2,1377.5,,,,,,,,,,,,,,,,,,,,,,,,,,6550.0,,,,,,,,,,,,,,,,
131,475955848,166611874,C[C@H]1C(=O)NCC(=O)N[C@H](C(=O)N[C@H](C(=O)N[C@H](C(=O)N[C@H](C(=O)N[C@H](C(=O)N2CCC[C@]2(C(=O)N[C@@H](CC3=CC=C(C=C3)OCCNC(=O)C[C@@H](C(=O)N1)NC(=O)C)C(=O)N)C)CC4=CC=C(C=C4)O)CC5=CNC=N5)CC(=O)O)CC6=CNC7=C6C=C(C=C7)F)CC8=CNC9=C8C=C(C=C9)F,Active,,,,IC50,,1919130,6.55,,,,,,,,,,,,,,,,,,,,,,,,,,,,,,,,,,,,,,,,,,,,,,,,,,,,,,,,,,,,,,,,,,,,6550,"P01130,Q8NBP7",BDBM586230,Proprotein convertase subtilisin/kexin type 9/Low-density lipoprotein receptor,,Low-density lipoprotein receptor,9606.0,Homo sapiens,,C69H78F2N16O16,1425.5,,,,,,,,,,,,,,,,,,,,,,,,,,6550.0,,,,,,,,,,,,,,,,
132,475955849,166611875,C[C@H]1C(=O)NCC(=O)N[C@H](C(=O)N[C@H](C(=O)N[C@H](C(=O)N[C@H](C(=O)N[C@H](C(=O)N2CCC[C@]2(C(=O)N[C@@H](CC3=CC=C(C=C3)OCCNC(=O)CC[C@@H](C(=O)N1)NC(=O)C)C(=O)N)C)CC4=CC=C(C=C4)O)CC5=CNC=N5)CC(=O)O)CC6=CNC7=C6C=C(C=C7)F)CC8=CNC9=C8C=C(C=C9)F,Active,,,,IC50,,1919130,0.55,,,,,,,,,,,,,,,,,,,,,,,,,,,,,,,,,,,,,,,,,,,,,,,,,,,,,,,,,,,,,,,,,,,,550,"P01130,Q8NBP7",BDBM586231,Proprotein convertase subtilisin/kexin type 9/Low-density lipoprotein receptor,,Low-density lipoprotein receptor,9606.0,Homo sapiens,,C70H80F2N16O16,1439.5,,,,,,,,,,,,,,,,,,,,,,,,,,550.0,,,,,,,,,,,,,,,,
133,475955850,166611876,C[C@H]1C(=O)NCC(=O)N[C@H](C(=O)N[C@H](C(=O)N[C@H](C(=O)N[C@H](C(=O)N[C@H](C(=O)N2CCC[C@]2(C(=O)N[C@@H](CC3=CC=C(C=C3)C(=O)NCCCC[C@@H](C(=O)N1)NC(=O)C)C(=O)N)C)CC4=CC=C(C=C4)O)CC5=CN=CN5)CC(=O)O)CC6=CNC7=C6C=CC(=C7)F)CC8=CNC9=C8C=C(C=C9)F,Active,,,,IC50,,1919130,0.55,,,,,,,,,,,,,,,,,,,,,,,,,,,,,,,,,,,,,,,,,,,,,,,,,,,,,,,,,,,,,,,,,,,,550,"P01130,Q8NBP7",BDBM586232,Proprotein convertase subtilisin/kexin type 9/Low-density lipoprotein receptor,,Low-density lipoprotein receptor,9606.0,Homo sapiens,,C70H80F2N16O15,1423.5,,,,,,,,,,,,,,,,,,,,,,,,,,550.0,,,,,,,,,,,,,,,,
134,475955851,166611877,C[C@@]12CCCN1C(=O)[C@@H](NC(=O)[C@@H](NC(=O)[C@@H](NC(=O)[C@@H](NC(=O)[C@@H](NC(=O)CNC(=O)CCCCCNC(=O)C3=CC=C(C[C@H](NC2=O)C(=O)N)C=C3)CC4=CNC5=C4C=C(C=C5)F)CC6=CNC7=C6C=CC(=C7)F)CC(=O)O)CC8=CN=CN8)CC9=CC=C(C=C9)O,Active,,,,IC50,,1919130,6.55,,,,,,,,,,,,,,,,,,,,,,,,,,,,,,,,,,,,,,,,,,,,,,,,,,,,,,,,,,,,,,,,,,,,6550,"P01130,Q8NBP7",BDBM586233,Proprotein convertase subtilisin/kexin type 9/Low-density lipoprotein receptor,,Low-density lipoprotein receptor,9606.0,Homo sapiens,,C65H72F2N14O13,1295.3,,,,,,,,,,,,,,,,,,,,,,,,,,6550.0,,,,,,,,,,,,,,,,
135,475955852,166611878,C[C@H]1C(=O)NCC(=O)N[C@H](C(=O)N[C@H](C(=O)N[C@H](C(=O)N[C@H](C(=O)N[C@H](C(=O)N2CCC[C@]2(C(=O)N[C@@H](CC3=CC=C(C=C3)C(=O)NCCC[C@@H](C(=O)N1)NC(=O)C)C(=O)N)C)CC4=CC=C(C=C4)O)CC5=CN=CN5)CC(=O)O)CC6=CNC7=C6C=CC(=C7)F)CC8=CNC9=C8C=C(C=C9)F,Active,,,,IC50,,1919130,0.55,,,,,,,,,,,,,,,,,,,,,,,,,,,,,,,,,,,,,,,,,,,,,,,,,,,,,,,,,,,,,,,,,,,,550,"P01130,Q8NBP7",BDBM586234,Proprotein convertase subtilisin/kexin type 9/Low-density lipoprotein receptor,,Low-density lipoprotein receptor,9606.0,Homo sapiens,,C69H78F2N16O15,1409.5,,,,,,,,,,,,,,,,,,,,,,,,,,550.0,,,,,,,,,,,,,,,,
136,475955853,166611879,CC1(C(=O)N[C@H](C(=O)N[C@H](C(=O)N[C@H](C(=O)N2CCC[C@H]2C(=O)N[C@@H](CSCC3=CC=CC(=C3)CSCCC(=O)N[C@H](C(=O)NCC(=O)N[C@H](C(=O)N1)CC4=CNC5=C4C=C(C=C5)F)CCCCN)C(=O)N)CC6=CC=C(C=C6)O)CC7=CN=CN7)CC(=O)O)C,Inactive,,,,IC50,,1919130,35.5,,,,,,,,,,,,,,,,,,,,,,,,,,,,,,,,,,,,,,,,,,,,,,,,,,,,,,,,,,,,,,,,,,,,35500,"P01130,Q8NBP7",BDBM586235,Proprotein convertase subtilisin/kexin type 9/Low-density lipoprotein receptor,,Low-density lipoprotein receptor,9606.0,Homo sapiens,,C61H77FN14O13S2,1297.5,,,,,,,,,,,,,,,,,,,,,,,,,,35500.0,,,,,,,,,,,,,,,,
137,475955854,166611880,CC1(C(=O)N2CCC[C@H]2C(=O)N[C@@H](CSCC3=CC=CC(=C3)CSCCC(=O)N[C@H](C(=O)NCC(=O)N[C@H](C(=O)N[C@H](C(=O)N[C@H](C(=O)N[C@H](C(=O)N1)CC4CNCN4)CC(=O)O)CC5=CNC6=C5C=C(C=C6)F)CC7=CNC8=C7C=C(C=C8)F)CCCCN)C(=O)N)C,Active,,,,IC50,,1919130,0.05,,,,,,,,,,,,,,,,,,,,,,,,,,,,,,,,,,,,,,,,,,,,,,,,,,,,,,,,,,,,,,,,,,,,50,"P01130,Q8NBP7",BDBM586236,Proprotein convertase subtilisin/kexin type 9/Low-density lipoprotein receptor,,Low-density lipoprotein receptor,9606.0,Homo sapiens,,C63H81F2N15O12S2,1342.5,,,,,,,,,,,,,,,,,,,,,,,,,,50.0,,,,,,,,,,,,,,,,
138,475955855,166611881,C[C@@H]1C(=O)N2CCC[C@]2(C(=O)N[C@@H](CSCC3=CC=CC(=C3)CSCCC(=O)N[C@H](C(=O)NCC(=O)N[C@H](C(=O)N[C@H](C(=O)N[C@H](C(=O)N[C@H](C(=O)N1)CC4CNCN4)CC(=O)O)CC5=CNC6=C5C=C(C=C6)F)CC7=CNC8=C7C=C(C=C8)F)CCCCN)C(=O)N)C,Active,,,,IC50,,1919130,0.55,,,,,,,,,,,,,,,,,,,,,,,,,,,,,,,,,,,,,,,,,,,,,,,,,,,,,,,,,,,,,,,,,,,,550,"P01130,Q8NBP7",BDBM586237,Proprotein convertase subtilisin/kexin type 9/Low-density lipoprotein receptor,,Low-density lipoprotein receptor,9606.0,Homo sapiens,,C63H81F2N15O12S2,1342.5,,,,,,,,,,,,,,,,,,,,,,,,,,550.0,,,,,,,,,,,,,,,,
139,475955856,159297930,C[C@@H]1C(=O)N[C@@H](CSCC2=CC=CC(=C2)CSCCC(=O)N[C@H](C(=O)NCC(=O)N[C@H](C(=O)N[C@H](C(=O)N[C@H](C(=O)N[C@H](C(=O)N[C@H](C(=O)N1)CC3=CC=C(C=C3)O)CC4=CN=CN4)CC(=O)O)CC5=CNC6=C5C=C(C=C6)F)CC7=CNC8=C7C=C(C=C8)F)CCCCN)C(=O)N,Inactive,,,,IC50,,1919130,35.5,,,,,,,,,,,,,,,,,,,,,,,,,,,,,,,,,,,,,,,,,,,,,,,,,,,,,,,,,,,,,,,,,,,,35500,"P01130,Q8NBP7",BDBM586238,Proprotein convertase subtilisin/kexin type 9/Low-density lipoprotein receptor,,Low-density lipoprotein receptor,9606.0,Homo sapiens,,C66H77F2N15O13S2,1390.5,,,,,,,,,,,,,,,,,,,,,,,,,,35500.0,,,,,,,,,,,,,,,,
140,475955857,166611882,CC(=O)N[C@@H]1CC(=O)NCCOC2=CC=C(CC(NC(=O)[C@@]3(CCCN3C(=O)[C@@H](NC(=O)[C@@H](NC(=O)[C@@H](NC(=O)[C@@H](NC(=O)[C@@H](NC(=O)CNC1=O)CC4=CNC5=C4C=C(C=C5)F)CC6=CNC7=C6C=C(C=C7)F)CC(=O)OCC8=CC=CC=C8)CC9=CN=CN9)CC1=CC=C(C=C1)O)C)C(=O)N)C=C2,Active,,,,IC50,,1919130,0.55,,,,,,,,,,,,,,,,,,,,,,,,,,,,,,,,,,,,,,,,,,,,,,,,,,,,,,,,,,,,,,,,,,,,550,"P01130,Q8NBP7",BDBM586239,Proprotein convertase subtilisin/kexin type 9/Low-density lipoprotein receptor,,Low-density lipoprotein receptor,9606.0,Homo sapiens,,C73H79F2N15O15,1444.5,,,,,,,,,,,,,,,,,,,,,,,,,,550.0,,,,,,,,,,,,,,,,
141,475955858,166611883,CC(=O)N[C@@H]1CCC(=O)NCCOC2=CC=C(C[C@H](NC(=O)[C@@]3(CCCN3C(=O)[C@@H](NC(=O)[C@@H](NC(=O)[C@@H](NC(=O)[C@@H](NC(=O)[C@@H](NC(=O)CNC1=O)CC4=CNC5=C4C=C(C=C5)F)CC6=CNC7=C6C=C(C=C7)F)CC(=O)O)CC8=CN=CN8)CC9=CC=C(C=C9)O)C)C(=O)N)C=C2,Unspecified,,,,IC50,,1919130,0.5,>,,,,,,,,,,,,,,,,,,,,,,,,,,,,,,,,,,,,,,,,,,,,,,,,,,,,,,,,,,,,,,,,,,>,500,"P01130,Q8NBP7",BDBM586240,Proprotein convertase subtilisin/kexin type 9/Low-density lipoprotein receptor,,Low-density lipoprotein receptor,9606.0,Homo sapiens,,C67H75F2N15O15,1368.4,,,,,,,,,,,,,,,,,,,,,,,greater_than,,,500.0,,,,,,,,,,,,,,,,
142,475955859,166611884,C1C[C@H]2C(=O)N[C@@H](CSCC3=CC=CC(=C3)CSCCC(=O)N[C@H](C(=O)NCC(=O)N[C@H](C(=O)N[C@H](C(=O)N[C@H](C(=O)N[C@H](C(=O)N4CC[C@@H]([C@H]4C(=O)N2C1)C5=CC=CC=C5)CC6=CN=CN6)CC(=O)O)CC7=CNC8=C7C=C(C=C8)F)CC9=CNC1=C9C=C(C=C1)F)CCCCN)C(=O)N,Active,,,,IC50,,1919130,6.55,,,,,,,,,,,,,,,,,,,,,,,,,,,,,,,,,,,,,,,,,,,,,,,,,,,,,,,,,,,,,,,,,,,,6550,"P01130,Q8NBP7",BDBM586241,Proprotein convertase subtilisin/kexin type 9/Low-density lipoprotein receptor,,Low-density lipoprotein receptor,9606.0,Homo sapiens,,C70H81F2N15O12S2,1426.6,,,,,,,,,,,,,,,,,,,,,,,,,,6550.0,,,,,,,,,,,,,,,,
143,475955860,166611885,CC(=O)N[C@@H]1CCCNC(=O)C2=CC=C(CC(NC(=O)[C@@]3(CCCN3C(=O)[C@@H](NC(=O)[C@@H](NC(=O)[C@@H](NC(=O)[C@@H](NC(=O)[C@@H](NC(=O)CNC1=O)CC4=CNC5=C4C=C(C=C5)F)CC6=CNC7=C6C=C(C=C7)F)CC(=O)O)CC8=CNC=N8)CC9=CC=C(C=C9)O)C)C(=O)N)C=C2,Active,,,,IC50,,1919130,0.05,,,,,,,,,,,,,,,,,,,,,,,,,,,,,,,,,,,,,,,,,,,,,,,,,,,,,,,,,,,,,,,,,,,,50,"P01130,Q8NBP7",BDBM586242,Proprotein convertase subtilisin/kexin type 9/Low-density lipoprotein receptor,,Low-density lipoprotein receptor,9606.0,Homo sapiens,,C66H73F2N15O14,1338.4,,,,,,,,,,,,,,,,,,,,,,,,,,50.0,,,,,,,,,,,,,,,,
144,475955861,166611886,C1CSCC2=CC=C(CS[C@H]3C[C@H](N(C3)C(=O)[C@@H](NC(=O)[C@@H](NC(=O)[C@@H](NC(=O)[C@@H](NC(=O)[C@@H](NC(=O)CNC(=O)[C@@H](NC1=O)CCCCN)CC4=CNC5=C4C=C(C=C5)F)CC6=CNC7=C6C=C(C=C7)F)CC(=O)O)CC8=CN=CN8)CC9=CC=C(C=C9)O)C(=O)N)C=C2,Active,,,,IC50,,1919130,0.05,,,,,,,,,,,,,,,,,,,,,,,,,,,,,,,,,,,,,,,,,,,,,,,,,,,,,,,,,,,,,,,,,,,,50,"P01130,Q8NBP7",BDBM586243,Proprotein convertase subtilisin/kexin type 9/Low-density lipoprotein receptor,,Low-density lipoprotein receptor,9606.0,Homo sapiens,,C65H74F2N14O12S2,1345.5,,,,,,,,,,,,,,,,,,,,,,,,,,50.0,,,,,,,,,,,,,,,,
145,475955862,166611887,C1CSCC2=CC(=CC=C2)CSC[C@H](NC(=O)[C@@H]3C[C@@H](CN3C(=O)[C@@H](NC(=O)[C@@H](NC(=O)[C@@H](NC(=O)[C@@H](NC(=O)[C@@H](NC(=O)CNC(=O)[C@@H](NC1=O)CCCCN)CC4=CNC5=C4C=C(C=C5)F)CC6=CNC7=C6C=C(C=C7)F)CC(=O)O)CC8=CN=CN8)CC9=CC=C(C=C9)O)C1=CC=CC=C1)C(=O)N,Active,,,,IC50,,1919130,0.55,,,,,,,,,,,,,,,,,,,,,,,,,,,,,,,,,,,,,,,,,,,,,,,,,,,,,,,,,,,,,,,,,,,,550,"P01130,Q8NBP7",BDBM586244,Proprotein convertase subtilisin/kexin type 9/Low-density lipoprotein receptor,,Low-density lipoprotein receptor,9606.0,Homo sapiens,,C74H83F2N15O13S2,1492.7,,,,,,,,,,,,,,,,,,,,,,,,,,550.0,,,,,,,,,,,,,,,,
146,475955863,166611888,C[C@H]1C(=O)NCC(=O)N[C@H](C(=O)N[C@H](C(=O)N[C@@H](CC(=O)NCCCCC2=CC=C(CCCCC(=O)N1)C=C2)C(=O)N[C@@H](CC3=CN=CN3)C(=O)N[C@@H](CC4=CC=C(C=C4)O)C(=O)N5CCC[C@H]5C(=O)N)CC6=CNC7=C6C=C(C=C7)F)CC8=CNC9=C8C=C(C=C9)F,Active,,,,IC50,,1919130,0.55,,,,,,,,,,,,,,,,,,,,,,,,,,,,,,,,,,,,,,,,,,,,,,,,,,,,,,,,,,,,,,,,,,,,550,"P01130,Q8NBP7",BDBM586245,Proprotein convertase subtilisin/kexin type 9/Low-density lipoprotein receptor,,Low-density lipoprotein receptor,9606.0,Homo sapiens,,C66H76F2N14O11,1279.4,,,,,,,,,,,,,,,,,,,,,,,,,,550.0,,,,,,,,,,,,,,,,
147,475955864,166611889,C[C@H]1C(=O)NCC(=O)N[C@H](C(=O)N[C@H](C(=O)N[C@H](C(=O)N[C@H](C(=O)N[C@H](C(=O)N2CCC[C@]2(C(=O)N[C@@H](CC3=CC=C(C=C3)N4C=C(CC[C@@H](C(=O)N1)NC(=O)C)N=N4)C(=O)N)C)CC5=CC=C(C=C5)O)CC6=CN=CN6)CC(=O)O)CC7=CNC8=C7C=C(C=C8)F)CC9=CNC1=C9C=C(C=C1)F,Unspecified,,,,IC50,,1919130,0.5,>,,,,,,,,,,,,,,,,,,,,,,,,,,,,,,,,,,,,,,,,,,,,,,,,,,,,,,,,,,,,,,,,,,>,500,"P01130,Q8NBP7",BDBM586246,Proprotein convertase subtilisin/kexin type 9/Low-density lipoprotein receptor,,Low-density lipoprotein receptor,9606.0,Homo sapiens,,C69H76F2N18O14,1419.4,,,,,,,,,,,,,,,,,,,,,,,greater_than,,,500.0,,,,,,,,,,,,,,,,
148,475955865,166611890,C[C@H]1C(=O)NCC(=O)N[C@H](C(=O)N[C@H](C(=O)N[C@H](C(=O)N[C@H](C(=O)N[C@H](C(=O)N2CCC[C@]2(C(=O)N[C@@H](CCC3=CN(CCCC[C@@H](C(=O)N1)NC(=O)C)N=N3)C(=O)N)C)CC4=CC=C(C=C4)O)CC5=CN=CN5)CC(=O)O)CC6=CNC7=C6C=C(C=C7)F)CC8=CNC9=C8C=C(C=C9)F,Active,,,,IC50,,1919130,0.05,,,,,,,,,,,,,,,,,,,,,,,,,,,,,,,,,,,,,,,,,,,,,,,,,,,,,,,,,,,,,,,,,,,,50,"P01130,Q8NBP7",BDBM586247,Proprotein convertase subtilisin/kexin type 9/Low-density lipoprotein receptor,,Low-density lipoprotein receptor,9606.0,Homo sapiens,,C66H78F2N18O14,1385.4,,,,,,,,,,,,,,,,,,,,,,,,,,50.0,,,,,,,,,,,,,,,,
149,475955866,166611891,C[C@H]1C(=O)NCC(=O)N[C@H](C(=O)N[C@H](C(=O)N[C@H](C(=O)N[C@H](C(=O)N[C@H](C(=O)N2CCC[C@]2(C(=O)N[C@@H](CCCC3=CN(CCC[C@@H](C(=O)N1)NC(=O)C)N=N3)C(=O)N)C)CC4=CC=C(C=C4)O)CC5=CNC=N5)CC(=O)O)CC6=CNC7=C6C=C(C=C7)F)CC8=CNC9=C8C=C(C=C9)F,Active,,,,IC50,,1919130,6.55,,,,,,,,,,,,,,,,,,,,,,,,,,,,,,,,,,,,,,,,,,,,,,,,,,,,,,,,,,,,,,,,,,,,6550,"P01130,Q8NBP7",BDBM586248,Proprotein convertase subtilisin/kexin type 9/Low-density lipoprotein receptor,,Low-density lipoprotein receptor,9606.0,Homo sapiens,,C66H78F2N18O14,1385.4,,,,,,,,,,,,,,,,,,,,,,,,,,6550.0,,,,,,,,,,,,,,,,
150,475955867,166611892,C[C@H]1C(=O)NCC(=O)N[C@H](C(=O)N[C@H](C(=O)N[C@H](C(=O)N[C@H](C(=O)N[C@H](C(=O)N2CCC[C@]2(C(=O)N[C@@H](CC3=CC=C(C=C3)N4C=C(C[C@@H](C(=O)N1)NC(=O)C)N=N4)C(=O)N)C)CC5=CC=C(C=C5)O)CC6=CN=CN6)CC(=O)O)CC7=CNC8=C7C=C(C=C8)F)CC9=CNC1=C9C=C(C=C1)F,Inactive,,,,IC50,,1919130,35.5,,,,,,,,,,,,,,,,,,,,,,,,,,,,,,,,,,,,,,,,,,,,,,,,,,,,,,,,,,,,,,,,,,,,35500,"P01130,Q8NBP7",BDBM586249,Proprotein convertase subtilisin/kexin type 9/Low-density lipoprotein receptor,,Low-density lipoprotein receptor,9606.0,Homo sapiens,,C68H74F2N18O14,1405.4,,,,,,,,,,,,,,,,,,,,,,,,,,35500.0,,,,,,,,,,,,,,,,
151,475955868,166611893,CC(=O)N[C@@H]1CC2=CN(CCC[C@H](NC(=O)[C@@]3(CCCN3C(=O)[C@@H](NC(=O)[C@@H](NC(=O)[C@@H](NC(=O)[C@@H](NC(=O)[C@@H](NC(=O)CNC1=O)CC4=CNC5=C4C=C(C=C5)F)CC6=CNC7=C6C=C(C=C7)F)CC(=O)O)CC8=CN=CN8)CC9=CC=C(C=C9)O)C)C(=O)N)N=N2,Active,,,,IC50,,1919130,6.55,,,,,,,,,,,,,,,,,,,,,,,,,,,,,,,,,,,,,,,,,,,,,,,,,,,,,,,,,,,,,,,,,,,,6550,"P01130,Q8NBP7",BDBM586250,Proprotein convertase subtilisin/kexin type 9/Low-density lipoprotein receptor,,Low-density lipoprotein receptor,9606.0,Homo sapiens,,C61H69F2N17O13,1286.3,,,,,,,,,,,,,,,,,,,,,,,,,,6550.0,,,,,,,,,,,,,,,,
152,475955869,166611894,CC(=O)N[C@@H]1CC2=CN(CCCC[C@H](NC(=O)[C@@]3(CCCN3C(=O)[C@@H](NC(=O)[C@@H](NC(=O)[C@@H](NC(=O)[C@@H](NC(=O)[C@@H](NC(=O)CNC1=O)CC4=CNC5=C4C=C(C=C5)F)CC6=CNC7=C6C=C(C=C7)F)CC(=O)O)CC8=CN=CN8)CC9=CC=C(C=C9)O)C)C(=O)N)N=N2,Active,,,,IC50,,1919130,0.05,,,,,,,,,,,,,,,,,,,,,,,,,,,,,,,,,,,,,,,,,,,,,,,,,,,,,,,,,,,,,,,,,,,,50,"P01130,Q8NBP7",BDBM586251,Proprotein convertase subtilisin/kexin type 9/Low-density lipoprotein receptor,,Low-density lipoprotein receptor,9606.0,Homo sapiens,,C62H71F2N17O13,1300.3,,,,,,,,,,,,,,,,,,,,,,,,,,50.0,,,,,,,,,,,,,,,,
153,475955870,166611895,C[C@H]1C(=O)NCC(=O)N[C@H](C(=O)N[C@H](C(=O)N[C@H](C(=O)N[C@H](C(=O)N[C@H](C(=O)N2CCC[C@]2(C(=O)N[C@@H](CC3=CC=C(C=C3)N4C=C(CCC[C@@H](C(=O)N1)NC(=O)C)N=N4)C(=O)N)C)CC5=CC=C(C=C5)O)CC6=CN=CN6)CC(=O)O)CC7=CNC8=C7C=C(C=C8)F)CC9=CNC1=C9C=C(C=C1)F,Unspecified,,,,IC50,,1919130,0.5,>,,,,,,,,,,,,,,,,,,,,,,,,,,,,,,,,,,,,,,,,,,,,,,,,,,,,,,,,,,,,,,,,,,>,500,"P01130,Q8NBP7",BDBM586252,Proprotein convertase subtilisin/kexin type 9/Low-density lipoprotein receptor,,Low-density lipoprotein receptor,9606.0,Homo sapiens,,C70H78F2N18O14,1433.5,,,,,,,,,,,,,,,,,,,,,,,greater_than,,,500.0,,,,,,,,,,,,,,,,
154,475955871,166611896,C[C@@H]1C(=O)N[C@H](C(=O)N[C@H](C(=O)N[C@H](C(=O)N[C@H](C(=O)N[C@H](C(=O)N2CCC[C@]2(C(=O)N[C@@H](CSCC3=CC(=CC(=C3)CSCCC(=O)N[C@H](C(=O)N1)CCCCN)F)C(=O)N)C)CC4=CC=C(C=C4)OC)CC5CNCN5)CC(=O)O)CC6=CNC7=C6C=C(C=C7)F)CC8=CNC9=C8C=C(C=C9)F,Active,,,,IC50,,1919130,6.55,,,,,,,,,,,,,,,,,,,,,,,,,,,,,,,,,,,,,,,,,,,,,,,,,,,,,,,,,,,,,,,,,,,,6550,"P01130,Q8NBP7",BDBM586253,Proprotein convertase subtilisin/kexin type 9/Low-density lipoprotein receptor,,Low-density lipoprotein receptor,9606.0,Homo sapiens,,C71H88F3N15O13S2,1480.7,,,,,,,,,,,,,,,,,,,,,,,,,,6550.0,,,,,,,,,,,,,,,,
155,475955872,157192857,C[C@H]1C(=O)NCC(=O)N[C@H](C(=O)N[C@H](C(=O)N[C@H](C(=O)N[C@H](C(=O)N[C@H](C(=O)N2CCC[C@]2(C(=O)N[C@@H](CCCCN3C=C(CC[C@@H](C(=O)N1)NC(=O)C)N=N3)C(=O)N)C)CC4=CC=C(C=C4)O)CC5=CN=CN5)CC(=O)O)CC6=CNC7=C6C=C(C=C7)F)CC8=CNC9=C8C=C(C=C9)F,Active,,,,IC50,,1919130,6.55,,,,,,,,,,,,,,,,,,,,,,,,,,,,,,,,,,,,,,,,,,,,,,,,,,,,,,,,,,,,,,,,,,,,6550,"P01130,Q8NBP7",BDBM586254,Proprotein convertase subtilisin/kexin type 9/Low-density lipoprotein receptor,,Low-density lipoprotein receptor,9606.0,Homo sapiens,,C66H78F2N18O14,1385.4,,,,,,,,,,,,,,,,,,,,,,,,,,6550.0,,,,,,,,,,,,,,,,
156,475955873,166611897,C1CCC(CC1)COC2=CC=C(C=C2)C[C@H]3C(=O)C4CCC[C@H]4C(=O)N[C@@H](CSCC5=CC=CC(=C5)CSCCC(=O)N[C@H](C(=O)NCC(=O)N[C@H](C(=O)N[C@H](C(=O)N[C@H](C(=O)N[C@H](C(=O)N3)CC6=CN=CN6)CC(=O)O)CC7=CNC8=C7C=C(C=C8)F)CC9=CNC1=C9C=C(C=C1)F)CCCN)C(=O)N,Active,,,,IC50,,1919130,0.05,,,,,,,,,,,,,,,,,,,,,,,,,,,,,,,,,,,,,,,,,,,,,,,,,,,,,,,,,,,,,,,,,,,,50,"P01130,Q8NBP7",BDBM586255,Proprotein convertase subtilisin/kexin type 9/Low-density lipoprotein receptor,,Low-density lipoprotein receptor,9606.0,Homo sapiens,,C75H90F2N14O13S2,1497.7,,,,,,,,,,,,,,,,,,,,,,,,,,50.0,,,,,,,,,,,,,,,,
157,475955874,166611898,C[C@@H]1C(=O)N[C@H](C(=O)N[C@H](C(=O)N[C@H](C(=O)N[C@H](C(=O)N[C@H](C(=O)N2CCC[C@]2(C(=O)N[C@@H](CC3=CC=C(C=C3)C(=O)NCCCC[C@H](C(=O)N1)NC(=O)C)C(=O)N)C)CC4=CC=C(C=C4)OC)CC5=CN=CN5)CC(=O)O)CC6=CNC7=C6C=C(C=C7)F)CC8=CNC9=C8C=C(C=C9)F,Unspecified,,,,IC50,,1919130,0.5,>,,,,,,,,,,,,,,,,,,,,,,,,,,,,,,,,,,,,,,,,,,,,,,,,,,,,,,,,,,,,,,,,,,>,500,"P01130,Q8NBP7",BDBM586256,Proprotein convertase subtilisin/kexin type 9/Low-density lipoprotein receptor,,Low-density lipoprotein receptor,9606.0,Homo sapiens,,C69H79F2N15O14,1380.5,,,,,,,,,,,,,,,,,,,,,,,greater_than,,,500.0,,,,,,,,,,,,,,,,
158,475955875,166611899,C[C@H]1C(=O)NCC(=O)N[C@H](C(=O)N[C@H](C(=O)N[C@H](C(=O)N[C@H](C(=O)N[C@H](C(=O)N2CCC[C@]2(C(=O)N[C@@H](CCCN3C=C(CCC[C@@H](C(=O)N1)NC(=O)C)N=N3)C(=O)N)C)CC4=CC=C(C=C4)O)CC5=CNC=N5)CC(=O)O)CC6=CNC7=C6C=C(C=C7)F)CC8=CNC9=C8C=C(C=C9)F,Active,,,,IC50,,1919130,6.55,,,,,,,,,,,,,,,,,,,,,,,,,,,,,,,,,,,,,,,,,,,,,,,,,,,,,,,,,,,,,,,,,,,,6550,"P01130,Q8NBP7",BDBM586257,Proprotein convertase subtilisin/kexin type 9/Low-density lipoprotein receptor,,Low-density lipoprotein receptor,9606.0,Homo sapiens,,C66H78F2N18O14,1385.4,,,,,,,,,,,,,,,,,,,,,,,,,,6550.0,,,,,,,,,,,,,,,,
159,475955876,166611900,C[C@H]1C(=O)N[C@@H](C(=O)N[C@H](C(=O)N[C@H](C(=O)N[C@H](C(=O)N[C@H](C(=O)N[C@H](C(=O)N2CCC[C@]2(C(=O)NCCSCC3=CC=CC(=C3)CSCCC(=O)N1)C)CC4=CC=C(C=C4)OC)[C@@H](C)OC)CCC(=O)O)CC5=CNC6=C5C=C(C=C6)F)CC7=CC(=CC=C7)CN)C,Active,,,,IC50,,1919130,0.05,,,,,,,,,,,,,,,,,,,,,,,,,,,,,,,,,,,,,,,,,,,,,,,,,,,,,,,,,,,,,,,,,,,,50,"P01130,Q8NBP7",BDBM586258,Proprotein convertase subtilisin/kexin type 9/Low-density lipoprotein receptor,,Low-density lipoprotein receptor,9606.0,Homo sapiens,,C66H84FN11O13S2,1322.6,,,,,,,,,,,,,,,,,,,,,,,,,,50.0,,,,,,,,,,,,,,,,
160,475955877,166611901,C[C@@]12CCCN1C(=O)[C@@H](NC(=O)[C@@H](NC(=O)[C@@H](NC(=O)[C@@H](NC(=O)[C@@H](NC(=O)[C@H](NC(=O)[C@@H](NC(=O)CCSCC3=CC(=CC=C3)CSCCNC2=O)CCCCN)C4CCCC4)CC5=CNC6=C5C=C(C=C6)F)CC7=CNC8=C7C=C(C=C8)F)CC(=O)O)CC9CNCN9)CC1=CC=C(C=C1)OC,Inactive,,,,IC50,,1919130,35.5,,,,,,,,,,,,,,,,,,,,,,,,,,,,,,,,,,,,,,,,,,,,,,,,,,,,,,,,,,,,,,,,,,,,35500,"P01130,Q8NBP7",BDBM586259,Proprotein convertase subtilisin/kexin type 9/Low-density lipoprotein receptor,,Low-density lipoprotein receptor,9606.0,Homo sapiens,,C74H94F2N14O12S2,1473.8,,,,,,,,,,,,,,,,,,,,,,,,,,35500.0,,,,,,,,,,,,,,,,
161,475955878,166611902,C[C@H]1C(=O)N[C@@H](C(=O)N[C@H](C(=O)N[C@H](C(=O)N2C[C@H](C[C@H]2C(=O)N[C@H](C(=O)N[C@H](C(=O)N3CCC[C@]3(C(=O)NCCSCC4=CC=C(CSCCC(=O)N1)C=C4)C)CC5=CC=C(C=C5)OC)CCCC(=O)O)N)CC6=CNC7=C6C=C(C=C7)F)CC8=CNC9=C8C=C(C=C9)F)C,Inactive,,,,IC50,,1919130,35.5,,,,,,,,,,,,,,,,,,,,,,,,,,,,,,,,,,,,,,,,,,,,,,,,,,,,,,,,,,,,,,,,,,,,35500,"P01130,Q8NBP7",BDBM586260,Proprotein convertase subtilisin/kexin type 9/Low-density lipoprotein receptor,,Low-density lipoprotein receptor,9606.0,Homo sapiens,,C68H82F2N12O12S2,1361.6,,,,,,,,,,,,,,,,,,,,,,,,,,35500.0,,,,,,,,,,,,,,,,
162,475955879,166611903,C[C@H]1C(=O)N[C@@H](C(=O)N[C@H](C(=O)N[C@H](C(=O)N[C@H](C(=O)N[C@@H](C(=O)N[C@H](C(=O)N2CCC[C@]2(C(=O)NCCSCC3=CC=CC(=C3)CSCCC(=O)N1)C)CC4=CC=C(C=C4)OC)[C@@H](C)O)CCCC(=O)O)CC5=CNC6=C5C=C(C=C6)F)CC7=CC(=CC=C7)CN)C,Active,,,,IC50,,1919130,0.05,,,,,,,,,,,,,,,,,,,,,,,,,,,,,,,,,,,,,,,,,,,,,,,,,,,,,,,,,,,,,,,,,,,,50,"P01130,Q8NBP7",BDBM586261,Proprotein convertase subtilisin/kexin type 9/Low-density lipoprotein receptor,,Low-density lipoprotein receptor,9606.0,Homo sapiens,,C66H84FN11O13S2,1322.6,,,,,,,,,,,,,,,,,,,,,,,,,,50.0,,,,,,,,,,,,,,,,
163,475955880,166611904,C[C@@H]1C(=O)N[C@H](C(=O)N[C@H](C(=O)N[C@H](C(=O)N[C@H](C(=O)N[C@H](C(=O)N2CCC[C@]2(C(=O)N[C@@H](CC3=CC=C(CNC(=O)C[C@@H](C(=O)N[C@H](C(=O)N1)CCCCN)NC(=O)C)C=C3)C(=O)N)C)CC4=CC=C(C=C4)OC)CC5=CNC=N5)CC(=O)O)CC6=CNC7=C6C=C(C=C7)F)CC8=CNC9=C8C=C(C=C9)F,Unspecified,,,,IC50,,1919130,0.5,>,,,,,,,,,,,,,,,,,,,,,,,,,,,,,,,,,,,,,,,,,,,,,,,,,,,,,,,,,,,,,,,,,,>,500,"P01130,Q8NBP7",BDBM586262,Proprotein convertase subtilisin/kexin type 9/Low-density lipoprotein receptor,,Low-density lipoprotein receptor,9606.0,Homo sapiens,,C73H87F2N17O15,1480.6,,,,,,,,,,,,,,,,,,,,,,,greater_than,,,500.0,,,,,,,,,,,,,,,,
164,475955881,166611905,C[C@@H]1C(=O)N[C@H](C(=O)N[C@H](C(=O)N[C@H](C(=O)N[C@H](C(=O)N[C@H](C(=O)N2CCC[C@]2(C(=O)N[C@@H](CC3=CC=C(C=C3)OCCNC(=O)C[C@@H](C(=O)N[C@H](C(=O)N1)CCCCN)NC(=O)C)C(=O)N)C)CC4=CC=C(C=C4)OC)CC5=CN=CN5)CC(=O)O)CC6=CNC7=C6C=C(C=C7)F)CC8=CNC9=C8C=C(C=C9)F,Active,,,,IC50,,1919130,0.05,,,,,,,,,,,,,,,,,,,,,,,,,,,,,,,,,,,,,,,,,,,,,,,,,,,,,,,,,,,,,,,,,,,,50,"P01130,Q8NBP7",BDBM586263,Proprotein convertase subtilisin/kexin type 9/Low-density lipoprotein receptor,,Low-density lipoprotein receptor,9606.0,Homo sapiens,,C74H89F2N17O16,1510.6,,,,,,,,,,,,,,,,,,,,,,,,,,50.0,,,,,,,,,,,,,,,,
165,475955882,166611906,C[C@@H]1C(=O)N[C@H](C(=O)N[C@H](C(=O)N[C@H](C(=O)N[C@H](C(=O)N[C@H](C(=O)N2CCC[C@]2(C(=O)N[C@@H](CC3=CC=C(C=C3)C(=O)NCCCCCC(=O)N1)C(=O)N)C)CC4=CC=C(C=C4)OC)CC5=CN=CN5)CC(=O)O)CC6=CNC7=C6C=CC(=C7)F)CC8=CNC9=C8C=C(C=C9)F,Unspecified,,,,IC50,,1919130,0.5,>,,,,,,,,,,,,,,,,,,,,,,,,,,,,,,,,,,,,,,,,,,,,,,,,,,,,,,,,,,,,,,,,,,>,500,"P01130,Q8NBP7",BDBM586264,Proprotein convertase subtilisin/kexin type 9/Low-density lipoprotein receptor,,Low-density lipoprotein receptor,9606.0,Homo sapiens,,C67H76F2N14O13,1323.4,,,,,,,,,,,,,,,,,,,,,,,greater_than,,,500.0,,,,,,,,,,,,,,,,
166,475955883,166611907,C[C@H]1C(=O)NCC(=O)N[C@H](C(=O)N[C@H](C(=O)N[C@H](C(=O)N[C@H](C(=O)N[C@H](C(=O)N2CCC[C@]2(C(=O)N[C@@H](CC3=CC=C(C=C3)OCC(=O)NC[C@@H](C(=O)N1)NC(=O)C)C(=O)N)C)CC4=CC=C(C=C4)O)CC5=CN=CN5)CC(=O)O)CC6=CNC7=C6C=C(C=C7)F)CC8=CNC9=C8C=C(C=C9)F,Unspecified,,,,IC50,,1919130,0.5,>,,,,,,,,,,,,,,,,,,,,,,,,,,,,,,,,,,,,,,,,,,,,,,,,,,,,,,,,,,,,,,,,,,>,500,"P01130,Q8NBP7",BDBM586265,Proprotein convertase subtilisin/kexin type 9/Low-density lipoprotein receptor,,Low-density lipoprotein receptor,9606.0,Homo sapiens,,C68H76F2N16O16,1411.4,,,,,,,,,,,,,,,,,,,,,,,greater_than,,,500.0,,,,,,,,,,,,,,,,
167,475955884,166611908,C[C@H]1C(=O)NCC(=O)N[C@H](C(=O)N[C@H](C(=O)N[C@H](C(=O)N[C@H](C(=O)N[C@H](C(=O)N2CCC[C@]2(C(=O)N[C@@H](CC3=CC=C(C=C3)OCC(=O)NCC[C@@H](C(=O)N1)NC(=O)C)C(=O)N)C)CC4=CC=C(C=C4)O)CC5=CN=CN5)CC(=O)O)CC6=CNC7=C6C=C(C=C7)F)CC8=CNC9=C8C=C(C=C9)F,Unspecified,,,,IC50,,1919130,0.5,>,,,,,,,,,,,,,,,,,,,,,,,,,,,,,,,,,,,,,,,,,,,,,,,,,,,,,,,,,,,,,,,,,,>,500,"P01130,Q8NBP7",BDBM586266,Proprotein convertase subtilisin/kexin type 9/Low-density lipoprotein receptor,,Low-density lipoprotein receptor,9606.0,Homo sapiens,,C69H78F2N16O16,1425.5,,,,,,,,,,,,,,,,,,,,,,,greater_than,,,500.0,,,,,,,,,,,,,,,,
168,475955885,166611909,C[C@@H]1C(=O)N[C@H](C(=O)N[C@H](C(=O)N[C@H](C(=O)N[C@H](C(=O)N[C@H](C(=O)N2CCC[C@]2(C(=O)N[C@@H](CC3=CC=C(C=C3)N4C=C(CCC[C@@H](C(=O)N[C@H](C(=O)N1)CCCCN)NC(=O)C)N=N4)C(=O)N)C)CC5=CC=C(C=C5)OC)CC6=CN=CN6)CC(=O)O)CC7=CNC8=C7C=C(C=C8)F)CC9=CNC1=C9C=C(C=C1)F,Inactive,,,,IC50,,1919130,35.5,,,,,,,,,,,,,,,,,,,,,,,,,,,,,,,,,,,,,,,,,,,,,,,,,,,,,,,,,,,,,,,,,,,,35500,"P01130,Q8NBP7",BDBM586267,Proprotein convertase subtilisin/kexin type 9/Low-density lipoprotein receptor,,Low-density lipoprotein receptor,9606.0,Homo sapiens,,C75H89F2N19O14,1518.6,,,,,,,,,,,,,,,,,,,,,,,,,,35500.0,,,,,,,,,,,,,,,,
169,475955886,166611910,C[C@@]12CCCN1C(=O)[C@@H](NC(=O)[C@@H](NC(=O)[C@@H](NC(=O)[C@@H](NC(=O)[C@@H](NC(=O)CNC(=O)[C@H](NC(=O)CCSCC3=CC(=CC=C3)CSC[C@H](NC2=O)C(=O)N)CN)CC4=CNC5=C4C=C(C=C5)F)CC6=CNC7=C6C=C(C=C7)F)CC(=O)O)CC8CNCN8)CC9=CC=C(C=C9)O,Inactive,,,,IC50,,1919130,35.5,,,,,,,,,,,,,,,,,,,,,,,,,,,,,,,,,,,,,,,,,,,,,,,,,,,,,,,,,,,,,,,,,,,,35500,"P01130,Q8NBP7",BDBM586268,Proprotein convertase subtilisin/kexin type 9/Low-density lipoprotein receptor,,Low-density lipoprotein receptor,9606.0,Homo sapiens,,C66H79F2N15O13S2,1392.6,,,,,,,,,,,,,,,,,,,,,,,,,,35500.0,,,,,,,,,,,,,,,,
170,475955887,166611911,C[C@@]12CCCN1C(=O)[C@@H](NC(=O)[C@@H](NC(=O)[C@@H](NC(=O)[C@@H](NC(=O)[C@@H](NC(=O)CNC(=O)[C@H](NC(=O)CCSCC3=CC(=CC=C3)CSC[C@H](NC2=O)C(=O)N)CCN)CC4=CNC5=C4C=C(C=C5)F)CC6=CNC7=C6C=C(C=C7)F)CC(=O)O)CC8CNCN8)CC9=CC=C(C=C9)O,Active,,,,IC50,,1919130,0.55,,,,,,,,,,,,,,,,,,,,,,,,,,,,,,,,,,,,,,,,,,,,,,,,,,,,,,,,,,,,,,,,,,,,550,"P01130,Q8NBP7",BDBM586269,Proprotein convertase subtilisin/kexin type 9/Low-density lipoprotein receptor,,Low-density lipoprotein receptor,9606.0,Homo sapiens,,C67H81F2N15O13S2,1406.6,,,,,,,,,,,,,,,,,,,,,,,,,,550.0,,,,,,,,,,,,,,,,
171,475955888,166611912,C[C@@]12CCCN1C(=O)[C@@H](NC(=O)[C@@H](NC(=O)[C@@H](NC(=O)[C@@H](NC(=O)[C@@H](NC(=O)CNC(=O)[C@H](NC(=O)CCSCC3=CC(=CC=C3)CSC[C@H](NC2=O)C(=O)N)CCCN)CC4=CNC5=C4C=C(C=C5)F)CC6=CNC7=C6C=C(C=C7)F)CC(=O)O)CC8CNCN8)CC9=CC=C(C=C9)O,Unspecified,,,,IC50,,1919130,0.5,>,,,,,,,,,,,,,,,,,,,,,,,,,,,,,,,,,,,,,,,,,,,,,,,,,,,,,,,,,,,,,,,,,,>,500,"P01130,Q8NBP7",BDBM586270,Proprotein convertase subtilisin/kexin type 9/Low-density lipoprotein receptor,,Low-density lipoprotein receptor,9606.0,Homo sapiens,,C68H83F2N15O13S2,1420.6,,,,,,,,,,,,,,,,,,,,,,,greater_than,,,500.0,,,,,,,,,,,,,,,,
172,475955889,166611913,CC1=CC2=CC(=C1)CSC[C@H](NC(=O)[C@@]3(CCCN3C(=O)[C@@H](NC(=O)[C@@H](NC(=O)[C@@H](NC(=O)[C@@H](NC(=O)[C@@H](NC(=O)CNC(=O)[C@@H](NC(=O)CCSC2)CCCCN)CC4=CNC5=C4C=C(C=C5)F)CC6=CNC7=C6C=C(C=C7)F)CC(=O)O)CC8CNCN8)CC9=CC=C(C=C9)O)C)C(=O)N,Active,,,,IC50,,1919130,6.55,,,,,,,,,,,,,,,,,,,,,,,,,,,,,,,,,,,,,,,,,,,,,,,,,,,,,,,,,,,,,,,,,,,,6550,"P01130,Q8NBP7",BDBM586271,Proprotein convertase subtilisin/kexin type 9/Low-density lipoprotein receptor,,Low-density lipoprotein receptor,9606.0,Homo sapiens,,C70H87F2N15O13S2,1448.7,,,,,,,,,,,,,,,,,,,,,,,,,,6550.0,,,,,,,,,,,,,,,,
173,475955890,166611914,C[C@@]12CCCN1C(=O)[C@@H](NC(=O)[C@@H](NC(=O)[C@@H](NC(=O)[C@@H](NC(=O)[C@@H](NC(=O)CNC(=O)[C@@H](NC(=O)CCSCC3=CC(=CC(=C3)Cl)CSC[C@H](NC2=O)C(=O)N)CCCCN)CC4=CNC5=C4C=C(C=C5)F)CC6=CNC7=C6C=C(C=C7)F)CC(=O)O)CC8CNCN8)CC9=CC=C(C=C9)O,Active,,,,IC50,,1919130,0.05,,,,,,,,,,,,,,,,,,,,,,,,,,,,,,,,,,,,,,,,,,,,,,,,,,,,,,,,,,,,,,,,,,,,50,"P01130,Q8NBP7",BDBM586272,Proprotein convertase subtilisin/kexin type 9/Low-density lipoprotein receptor,,Low-density lipoprotein receptor,9606.0,Homo sapiens,,C69H84ClF2N15O13S2,1469.1,,,,,,,,,,,,,,,,,,,,,,,,,,50.0,,,,,,,,,,,,,,,,
174,475955891,166611915,C[C@@]12CCCN1C(=O)[C@@H](NC(=O)[C@@H](NC(=O)[C@@H](NC(=O)[C@@H](NC(=O)[C@@H](NC(=O)CNC(=O)[C@@H](NC(=O)CCSCC3=CC(=CC(=C3)O)CSC[C@H](NC2=O)C(=O)N)CCCCN)CC4=CNC5=C4C=C(C=C5)F)CC6=CNC7=C6C=C(C=C7)F)CC(=O)O)CC8CNCN8)CC9=CC=C(C=C9)O,Active,,,,IC50,,1919130,0.05,,,,,,,,,,,,,,,,,,,,,,,,,,,,,,,,,,,,,,,,,,,,,,,,,,,,,,,,,,,,,,,,,,,,50,"P01130,Q8NBP7",BDBM586273,Proprotein convertase subtilisin/kexin type 9/Low-density lipoprotein receptor,,Low-density lipoprotein receptor,9606.0,Homo sapiens,,C69H85F2N15O14S2,1450.6,,,,,,,,,,,,,,,,,,,,,,,,,,50.0,,,,,,,,,,,,,,,,
175,475955892,166611916,C[C@@]12CCCN1C(=O)[C@@H](NC(=O)[C@@H](NC(=O)[C@@H](NC(=O)[C@@H](NC(=O)[C@@H](NC(=O)CNC(=O)[C@@H](NC(=O)CCSCC3=CC(=CC=C3)CSC[C@H](NC2=O)C(=O)N)CCCCN)CC4=CNC5=C4C=C(C=C5)F)CC6=CNC7=C6C=C(C=C7)F)CC(=O)O)CC8CNCN8)CC9=CNC1=C9C=CC=N1,Active,,,,IC50,,1919130,0.05,,,,,,,,,,,,,,,,,,,,,,,,,,,,,,,,,,,,,,,,,,,,,,,,,,,,,,,,,,,,,,,,,,,,50,"P01130,Q8NBP7",BDBM586274,Proprotein convertase subtilisin/kexin type 9/Low-density lipoprotein receptor,,Low-density lipoprotein receptor,9606.0,Homo sapiens,,C70H85F2N17O12S2,1458.7,,,,,,,,,,,,,,,,,,,,,,,,,,50.0,,,,,,,,,,,,,,,,
176,475955893,166611917,C[C@@H]1C(=O)N[C@H](C(=O)N[C@H](C(=O)N[C@H](C(=O)N[C@H](C(=O)N[C@H](C(=O)N2CCC[C@]2(C(=O)N[C@@H](CSCC3=CC=CC(=C3)CSCCC(=O)N[C@H](C(=O)N1)CCCCN)C(=O)N)C)CC4=CC=C(C=C4)O)CC5=CN=CN5)C(C)(C)C(=O)O)CC6=CNC7=C6C=C(C=C7)F)CC8=CNC9=C8C=C(C=C9)F,Active,,,,IC50,,1919130,0.05,,,,,,,,,,,,,,,,,,,,,,,,,,,,,,,,,,,,,,,,,,,,,,,,,,,,,,,,,,,,,,,,,,,,50,"P01130,Q8NBP7",BDBM586275,Proprotein convertase subtilisin/kexin type 9/Low-density lipoprotein receptor,,Low-density lipoprotein receptor,9606.0,Homo sapiens,,C72H87F2N15O13S2,1472.7,,,,,,,,,,,,,,,,,,,,,,,,,,50.0,,,,,,,,,,,,,,,,
177,475955894,166611918,C[C@]12CCCN1C(=O)[C@H](NC(=O)[C@H](NC(=O)[C@H](NC(=O)[C@H](NC(=O)[C@H](NC(=O)[C@@H](NC(=O)[C@H](NC(=O)CCSCC3=CC(=CC=C3)CSCCNC2=O)CCCCN)C(C)(C)C)CC4=CNC5=C4C=C(C=C5)F)CC6=CNC7=C6C=C(C=C7)F)CC(=O)O)CC8CNCN8)CC9=CC=C(C=C9)OC,Active,,,,IC50,,1919130,0.05,,,,,,,,,,,,,,,,,,,,,,,,,,,,,,,,,,,,,,,,,,,,,,,,,,,,,,,,,,,,,,,,,,,,50,"P01130,Q8NBP7",BDBM586276,Proprotein convertase subtilisin/kexin type 9/Low-density lipoprotein receptor,,Low-density lipoprotein receptor,9606.0,Homo sapiens,,C73H94F2N14O12S2,1461.7,,,,,,,,,,,,,,,,,,,,,,,,,,50.0,,,,,,,,,,,,,,,,
178,475955895,166611919,CS[C@H]1C[C@H]2C(=O)N[C@@H](CSCC3=CC=CC(=C3)CSCCC(=O)N[C@H](C(=O)NCC(=O)N[C@H](C(=O)N[C@H](C(=O)N[C@H](C(=O)N[C@H](C(=O)N[C@H](C(=O)N2C1)CC4=CC=C(C=C4)O)CC5=CN=CN5)CC(=O)O)CC6=CNC7=C6C=C(C=C7)F)CC8=CNC9=C8C=C(C=C9)F)CCCCN)C(=O)N,Active,,,,IC50,,1919130,0.05,,,,,,,,,,,,,,,,,,,,,,,,,,,,,,,,,,,,,,,,,,,,,,,,,,,,,,,,,,,,,,,,,,,,50,"P01130,Q8NBP7",BDBM586277,Proprotein convertase subtilisin/kexin type 9/Low-density lipoprotein receptor,,Low-density lipoprotein receptor,9606.0,Homo sapiens,,C69H81F2N15O13S3,1462.7,,,,,,,,,,,,,,,,,,,,,,,,,,50.0,,,,,,,,,,,,,,,,
179,475955896,166611920,C[C@H]1C(=O)NCC(=O)N[C@H](C(=O)N[C@H](C(=O)N[C@H](C(=O)N[C@H](C(=O)N[C@H](C(=O)N2CCC[C@]2(C(=O)N[C@@H](CC3=CC=C(C=C3)OCC(=O)NCCC[C@@H](C(=O)N1)NC(=O)C)C(=O)N)C)CC4=CC=C(C=C4)O)CC5=CN=CN5)CC(=O)O)CC6=CNC7=C6C=C(C=C7)F)CC8=CNC9=C8C=C(C=C9)F,Active,,,,IC50,,1919130,0.55,,,,,,,,,,,,,,,,,,,,,,,,,,,,,,,,,,,,,,,,,,,,,,,,,,,,,,,,,,,,,,,,,,,,550,"P01130,Q8NBP7",BDBM586278,Proprotein convertase subtilisin/kexin type 9/Low-density lipoprotein receptor,,Low-density lipoprotein receptor,9606.0,Homo sapiens,,C70H80F2N16O16,1439.5,,,,,,,,,,,,,,,,,,,,,,,,,,550.0,,,,,,,,,,,,,,,,
180,475955897,166611921,CC(=O)N[C@H]1CCCCNC(=O)COC2=CC=C(C[C@H](NC(=O)[C@@]3(CCCN3C(=O)[C@@H](NC(=O)[C@@H](NC(=O)[C@@H](NC(=O)[C@@H](NC(=O)[C@@H](NC(=O)CNC1=O)CC4=CNC5=C4C=C(C=C5)F)CC6=CNC7=C6C=C(C=C7)F)CC(=O)O)CC8=CN=CN8)CC9=CC=C(C=C9)O)C)C(=O)N)C=C2,Active,,,,IC50,,1919130,0.05,,,,,,,,,,,,,,,,,,,,,,,,,,,,,,,,,,,,,,,,,,,,,,,,,,,,,,,,,,,,,,,,,,,,50,"P01130,Q8NBP7",BDBM586279,Proprotein convertase subtilisin/kexin type 9/Low-density lipoprotein receptor,,Low-density lipoprotein receptor,9606.0,Homo sapiens,,C68H77F2N15O15,1382.4,,,,,,,,,,,,,,,,,,,,,,,,,,50.0,,,,,,,,,,,,,,,,
181,475955898,166611922,C[C@H]1C(=O)NCC(=O)N[C@H](C(=O)N[C@H](C(=O)N[C@H](C(=O)N[C@H](C(=O)N[C@H](C(=O)N2CCC[C@]2(C(=O)N[C@@H](CC3=CC=C(CNC(=O)CCCC(=O)N1)C=C3)C(=O)N)C)CC4=CC=C(C=C4)O)CC5=CN=CN5)CC(=O)O)CC6=CNC7=C6C=C(C=C7)F)CC8=CNC9=C8C=C(C=C9)F,Active,,,,IC50,,1919130,0.05,,,,,,,,,,,,,,,,,,,,,,,,,,,,,,,,,,,,,,,,,,,,,,,,,,,,,,,,,,,,,,,,,,,,50,"P01130,Q8NBP7",BDBM586280,Proprotein convertase subtilisin/kexin type 9/Low-density lipoprotein receptor,,Low-density lipoprotein receptor,9606.0,Homo sapiens,,C67H75F2N15O14,1352.4,,,,,,,,,,,,,,,,,,,,,,,,,,50.0,,,,,,,,,,,,,,,,
182,475955899,166611923,C1CSCC2=CC(=CC=C2)CSC[C@H](NC(=O)[C@@H]3C[C@@H](CN3C(=O)[C@@H](NC(=O)[C@@H](NC(=O)[C@@H](NC(=O)[C@@H](NC(=O)[C@@H](NC(=O)CNC(=O)[C@@H](NC1=O)CCCCN)CC4=CNC5=C4C=C(C=C5)F)CC6=CNC7=C6C=C(C=C7)F)CC(=O)O)CC8=CN=CN8)CC9=CC=C(C=C9)O)OC1=CC=CC=C1)C(=O)N,Active,,,,IC50,,1919130,0.05,,,,,,,,,,,,,,,,,,,,,,,,,,,,,,,,,,,,,,,,,,,,,,,,,,,,,,,,,,,,,,,,,,,,50,"P01130,Q8NBP7",BDBM586281,Proprotein convertase subtilisin/kexin type 9/Low-density lipoprotein receptor,,Low-density lipoprotein receptor,9606.0,Homo sapiens,,C74H83F2N15O14S2,1508.7,,,,,,,,,,,,,,,,,,,,,,,,,,50.0,,,,,,,,,,,,,,,,
183,475955900,166611924,C[C@@H]1C(=O)N[C@H](C(=O)N[C@H](C(=O)N[C@H](C(=O)N[C@H](C(=O)N[C@H](C(=O)N2CCC[C@]2(C(=O)N[C@@H](CC3=CC=C(C=C3)N4C=C(CCC(=O)N[C@H](C(=O)N1)CCCCN)N=N4)C(=O)N)C)CC5=CC=C(C=C5)OC)CC6=CN=CN6)CC(=O)O)CC7=CNC8=C7C=CC(=C8)F)CC9=CNC1=C9C=C(C=C1)F,Unspecified,,,,IC50,,1919130,0.5,>,,,,,,,,,,,,,,,,,,,,,,,,,,,,,,,,,,,,,,,,,,,,,,,,,,,,,,,,,,,,,,,,,,>,500,"P01130,Q8NBP7",BDBM586282,Proprotein convertase subtilisin/kexin type 9/Low-density lipoprotein receptor,,Low-density lipoprotein receptor,9606.0,Homo sapiens,,C71H82F2N18O13,1433.5,,,,,,,,,,,,,,,,,,,,,,,greater_than,,,500.0,,,,,,,,,,,,,,,,
184,475955901,163527093,C[C@@H]1C(=O)N[C@H](C(=O)N[C@H](C(=O)N[C@H](C(=O)N[C@H](C(=O)N[C@H](C(=O)N2CCC[C@]2(C(=O)N[C@@H](CC3=CC=C(C=C3)N4C=C(CCCC(=O)N[C@H](C(=O)N1)CCCCN)N=N4)C(=O)N)C)CC5=CC=C(C=C5)OC)CC6=CN=CN6)CC(=O)O)CC7=CNC8=C7C=CC(=C8)F)CC9=CNC1=C9C=C(C=C1)F,Active,,,,IC50,,1919130,0.05,,,,,,,,,,,,,,,,,,,,,,,,,,,,,,,,,,,,,,,,,,,,,,,,,,,,,,,,,,,,,,,,,,,,50,"P01130,Q8NBP7",BDBM586283,Proprotein convertase subtilisin/kexin type 9/Low-density lipoprotein receptor,,Low-density lipoprotein receptor,9606.0,Homo sapiens,,C72H84F2N18O13,1447.5,,,,,,,,,,,,,,,,,,,,,,,,,,50.0,,,,,,,,,,,,,,,,
185,475955902,166611925,C[C@H]1C(=O)NCC(=O)N[C@H](C(=O)N[C@H](C(=O)N[C@H](C(=O)N[C@H](C(=O)N[C@H](C(=O)N2CCC[C@]2(C(=O)N[C@@H](CC3=CC=C(CNC(=O)CCCCC(=O)N1)C=C3)C(=O)N)C)CC4=CC=C(C=C4)O)CC5=CN=CN5)CC(=O)O)CC6=CNC7=C6C=C(C=C7)F)CC8=CNC9=C8C=C(C=C9)F,Active,,,,IC50,,1919130,0.05,,,,,,,,,,,,,,,,,,,,,,,,,,,,,,,,,,,,,,,,,,,,,,,,,,,,,,,,,,,,,,,,,,,,50,"P01130,Q8NBP7",BDBM586284,Proprotein convertase subtilisin/kexin type 9/Low-density lipoprotein receptor,,Low-density lipoprotein receptor,9606.0,Homo sapiens,,C68H77F2N15O14,1366.4,,,,,,,,,,,,,,,,,,,,,,,,,,50.0,,,,,,,,,,,,,,,,
186,475955903,166611926,C[C@@H]1C(=O)N[C@H](C(=O)N[C@H](C(=O)N[C@H](C(=O)N[C@H](C(=O)N[C@H](C(=O)N2CCC[C@]2(C(=O)N[C@@H](CC3=CC=C(C=C3)N4C=C(CC[C@@H](C(=O)N[C@H](C(=O)N1)CCCCN)NC(=O)C)N=N4)C(=O)N)C)CC5=CC=C(C=C5)OC)CC6=CN=CN6)CC(=O)O)CC7=CNC8=C7C=C(C=C8)F)CC9=CNC1=C9C=C(C=C1)F,Active,,,,IC50,,1919130,0.05,,,,,,,,,,,,,,,,,,,,,,,,,,,,,,,,,,,,,,,,,,,,,,,,,,,,,,,,,,,,,,,,,,,,50,"P01130,Q8NBP7",BDBM586285,Proprotein convertase subtilisin/kexin type 9/Low-density lipoprotein receptor,,Low-density lipoprotein receptor,9606.0,Homo sapiens,,C74H87F2N19O14,1504.6,,,,,,,,,,,,,,,,,,,,,,,,,,50.0,,,,,,,,,,,,,,,,
187,475955904,166611927,C[C@@]12CCCN1C(=O)[C@@H](NC(=O)[C@@H](NC(=O)[C@@H](NC(=O)[C@@H](NC(=O)[C@@H](NC(=O)CNC(=O)[C@@H](NC(=O)CCSCC3=CC(=CC=C3)CSC[C@H](NC2=O)C(=O)N)C4(CC4)O)CC5=CNC6=C5C=C(C=C6)F)CC7=CNC8=C7C=C(C=C8)F)CC(=O)O)CC9CNCN9)CC1=CC=C(C=C1)O,Active,,,,IC50,,1919130,0.55,,,,,,,,,,,,,,,,,,,,,,,,,,,,,,,,,,,,,,,,,,,,,,,,,,,,,,,,,,,,,,,,,,,,550,"P01130,Q8NBP7",BDBM586286,Proprotein convertase subtilisin/kexin type 9/Low-density lipoprotein receptor,,Low-density lipoprotein receptor,9606.0,Homo sapiens,,C68H80F2N14O14S2,1419.6,,,,,,,,,,,,,,,,,,,,,,,,,,550.0,,,,,,,,,,,,,,,,
188,475955905,166611928,CC(C)C[C@@H]1C(=O)N[C@H](C(=O)N[C@H](C(=O)N[C@H](C(=O)N[C@H](C(=O)N[C@H](C(=O)N2CCC[C@]2(C(=O)N[C@@H](CSCC3=CC=CC(=C3)CSCCC(=O)N[C@H](C(=O)N1)CCCCN)C(=O)N)C)CC4=CC=C(C=C4)O)CC5CNCN5)CC(=O)O)CC6=CNC7=C6C=C(C=C7)F)CC8=CNC9=C8C=C(C=C9)F,Active,,,,IC50,,1919130,0.05,,,,,,,,,,,,,,,,,,,,,,,,,,,,,,,,,,,,,,,,,,,,,,,,,,,,,,,,,,,,,,,,,,,,50,"P01130,Q8NBP7",BDBM586287,Proprotein convertase subtilisin/kexin type 9/Low-density lipoprotein receptor,,Low-density lipoprotein receptor,9606.0,Homo sapiens,,C73H93F2N15O13S2,1490.7,,,,,,,,,,,,,,,,,,,,,,,,,,50.0,,,,,,,,,,,,,,,,
189,475955906,166611929,C[C@@]12CCCN1C(=O)[C@@H](NC(=O)[C@@H](NC(=O)[C@@H](NC(=O)[C@@H](NC(=O)[C@@H](NC(=O)CNC(=O)[C@@H](NC(=O)CCSCC3=CC(=CC=C3)CSC[C@H](NC2=O)C(=O)N)C(C)(C)O)CC4=CNC5=C4C=C(C=C5)F)CC6=CNC7=C6C=C(C=C7)F)CC(=O)O)CC8CNCN8)CC9=CC=C(C=C9)O,Active,,,,IC50,,1919130,0.05,,,,,,,,,,,,,,,,,,,,,,,,,,,,,,,,,,,,,,,,,,,,,,,,,,,,,,,,,,,,,,,,,,,,50,"P01130,Q8NBP7",BDBM586288,Proprotein convertase subtilisin/kexin type 9/Low-density lipoprotein receptor,,Low-density lipoprotein receptor,9606.0,Homo sapiens,,C68H82F2N14O14S2,1421.6,,,,,,,,,,,,,,,,,,,,,,,,,,50.0,,,,,,,,,,,,,,,,
190,475955907,166611930,C[C@H]([C@H]1C(=O)NCC(=O)N[C@H](C(=O)N[C@H](C(=O)N[C@H](C(=O)N[C@H](C(=O)N[C@H](C(=O)N2CCC[C@]2(C(=O)N[C@@H](CSCC3=CC=CC(=C3)CSCCC(=O)N1)C(=O)N)C)CC4=CC=C(C=C4)O)CC5CNCN5)CC(=O)O)CC6=CNC7=C6C=C(C=C7)F)CC8=CNC9=C8C=C(C=C9)F)OC,Unspecified,,,,IC50,,1919130,0.5,>,,,,,,,,,,,,,,,,,,,,,,,,,,,,,,,,,,,,,,,,,,,,,,,,,,,,,,,,,,,,,,,,,,>,500,"P01130,Q8NBP7",BDBM586289,Proprotein convertase subtilisin/kexin type 9/Low-density lipoprotein receptor,,Low-density lipoprotein receptor,9606.0,Homo sapiens,,C68H82F2N14O14S2,1421.6,,,,,,,,,,,,,,,,,,,,,,,greater_than,,,500.0,,,,,,,,,,,,,,,,
191,475955908,166611931,C[C@@]12CCCN1C(=O)[C@@H](NC(=O)[C@@H](NC(=O)[C@@H](NC(=O)[C@@H](NC(=O)[C@@H](NC(=O)CNC(=O)[C@@H](NC(=O)CCSCC3=CC(=CC=C3)CSC[C@H](NC2=O)C(=O)N)CCO)CC4=CNC5=C4C=C(C=C5)F)CC6=CNC7=C6C=C(C=C7)F)CC(=O)O)CC8CNCN8)CC9=CC=C(C=C9)O,Active,,,,IC50,,1919130,0.05,,,,,,,,,,,,,,,,,,,,,,,,,,,,,,,,,,,,,,,,,,,,,,,,,,,,,,,,,,,,,,,,,,,,50,"P01130,Q8NBP7",BDBM586290,Proprotein convertase subtilisin/kexin type 9/Low-density lipoprotein receptor,,Low-density lipoprotein receptor,9606.0,Homo sapiens,,C67H80F2N14O14S2,1407.6,,,,,,,,,,,,,,,,,,,,,,,,,,50.0,,,,,,,,,,,,,,,,
192,475955909,166611932,C[C@@H]([C@H]1C(=O)NCC(=O)N[C@H](C(=O)N[C@H](C(=O)N[C@H](C(=O)N[C@H](C(=O)N[C@H](C(=O)N2CCC[C@]2(C(=O)N[C@@H](CSCC3=CC=CC(=C3)CSCCC(=O)N1)C(=O)N)C)CC4=CC=C(C=C4)O)CC5CNCN5)CC(=O)O)CC6=CNC7=C6C=C(C=C7)F)CC8=CNC9=C8C=C(C=C9)F)OC,Active,,,,IC50,,1919130,0.05,,,,,,,,,,,,,,,,,,,,,,,,,,,,,,,,,,,,,,,,,,,,,,,,,,,,,,,,,,,,,,,,,,,,50,"P01130,Q8NBP7",BDBM586291,Proprotein convertase subtilisin/kexin type 9/Low-density lipoprotein receptor,,Low-density lipoprotein receptor,9606.0,Homo sapiens,,C68H82F2N14O14S2,1421.6,,,,,,,,,,,,,,,,,,,,,,,,,,50.0,,,,,,,,,,,,,,,,
193,475955910,166611933,CC[C@@]12CCCN1C(=O)[C@@H](NC(=O)[C@@H](NC(=O)[C@@H](NC(=O)[C@@H](NC(=O)[C@@H](NC(=O)CNC(=O)[C@@H](NC(=O)CCSCC3=CC(=CC=C3)CSC[C@H](NC2=O)C(=O)N)CCCCN)CC4=CNC5=C4C=C(C=C5)F)CC6=CNC7=C6C=C(C=C7)F)CC(=O)O)CC8=CN=CN8)CC9=CC=C(C=C9)O,Active,,,,IC50,,1919130,0.05,,,,,,,,,,,,,,,,,,,,,,,,,,,,,,,,,,,,,,,,,,,,,,,,,,,,,,,,,,,,,,,,,,,,50,"P01130,Q8NBP7",BDBM586292,Proprotein convertase subtilisin/kexin type 9/Low-density lipoprotein receptor,,Low-density lipoprotein receptor,9606.0,Homo sapiens,,C70H83F2N15O13S2,1444.6,,,,,,,,,,,,,,,,,,,,,,,,,,50.0,,,,,,,,,,,,,,,,
194,475955911,166611934,C[C@@H]1C(=O)N[C@H](C(=O)N[C@H](C(=O)N[C@H](C(=O)N[C@H](C(=O)N[C@H](C(=O)N2CCC[C@]2(C(=O)N[C@@H](CC3=CC=C(C=C3)C(=O)NCCCCC(=O)N1)C(=O)N)C)CC4=CC=C(C=C4)OC)CC5=CN=CN5)CC(=O)O)CC6=CNC7=C6C=C(C=C7)F)CC8=CNC9=C8C=C(C=C9)F,Inactive,,,,IC50,,1919130,35.5,,,,,,,,,,,,,,,,,,,,,,,,,,,,,,,,,,,,,,,,,,,,,,,,,,,,,,,,,,,,,,,,,,,,35500,"P01130,Q8NBP7",BDBM586293,Proprotein convertase subtilisin/kexin type 9/Low-density lipoprotein receptor,,Low-density lipoprotein receptor,9606.0,Homo sapiens,,C66H74F2N14O13,1309.4,,,,,,,,,,,,,,,,,,,,,,,,,,35500.0,,,,,,,,,,,,,,,,
195,475955912,166611935,C[C@@H]1C(=O)N[C@H](C(=O)N[C@H](C(=O)N[C@H](C(=O)N[C@H](C(=O)N[C@H](C(=O)N2CCC[C@]2(C(=O)N[C@@H](CC3=CC=C(C=C3)N4C=C(C[C@H](C(=O)N1)NC(=O)C)N=N4)C(=O)N)C)CC5=CC=C(C=C5)OC)CC6=CN=CN6)CC(=O)O)CC7=CNC8=C7C=C(C=C8)F)CC9=CNC1=C9C=C(C=C1)F,Active,,,,IC50,,1919130,0.55,,,,,,,,,,,,,,,,,,,,,,,,,,,,,,,,,,,,,,,,,,,,,,,,,,,,,,,,,,,,,,,,,,,,550,"P01130,Q8NBP7",BDBM586294,Proprotein convertase subtilisin/kexin type 9/Low-density lipoprotein receptor,,Low-density lipoprotein receptor,9606.0,Homo sapiens,,C67H73F2N17O13,1362.4,,,,,,,,,,,,,,,,,,,,,,,,,,550.0,,,,,,,,,,,,,,,,
196,475955913,166611936,C[C@H]1C(=O)N[C@@H](C(=O)N[C@H](C(=O)N[C@H](C(=O)N2C[C@H](C[C@H]2C(=O)N[C@H](C(=O)N[C@H](C(=O)N3CCC[C@]3(C(=O)NCCSCC4=CC=C(CSCCC(=O)N1)C=C4)C)CC5=CC=C(C=C5)OC)CCC(=O)O)N)CC6=CNC7=C6C=C(C=C7)F)CC8=CNC9=C8C=C(C=C9)F)C,Active,,,,IC50,,1919130,0.05,,,,,,,,,,,,,,,,,,,,,,,,,,,,,,,,,,,,,,,,,,,,,,,,,,,,,,,,,,,,,,,,,,,,50,"P01130,Q8NBP7",BDBM586295,Proprotein convertase subtilisin/kexin type 9/Low-density lipoprotein receptor,,Low-density lipoprotein receptor,9606.0,Homo sapiens,,C67H80F2N12O12S2,1347.6,,,,,,,,,,,,,,,,,,,,,,,,,,50.0,,,,,,,,,,,,,,,,
197,475955914,166611937,C[C@@H]1C(=O)N[C@H](C(=O)N[C@H](C(=O)N[C@H](C(=O)N[C@H](C(=O)N([C@H](C(=O)N2CCC[C@]2(C(=O)NCCSCC3=CC=CC(=C3)CSCCC(=O)N[C@H](C(=O)N1)CCCCN)C)CC4=CC=C(C=C4)O)C)CC5=CN=CN5)C(C)(C)C(=O)O)CC6=CNC7=C6C=C(C=C7)F)CC8=CNC9=C8C=C(C=C9)F,Active,,,,IC50,,1919130,0.05,,,,,,,,,,,,,,,,,,,,,,,,,,,,,,,,,,,,,,,,,,,,,,,,,,,,,,,,,,,,,,,,,,,,50,"P01130,Q8NBP7",BDBM586296,Proprotein convertase subtilisin/kexin type 9/Low-density lipoprotein receptor,,Low-density lipoprotein receptor,9606.0,Homo sapiens,,C72H88F2N14O12S2,1443.7,,,,,,,,,,,,,,,,,,,,,,,,,,50.0,,,,,,,,,,,,,,,,
198,475955915,166611938,C[C@H]1C(=O)N[C@@H](C(=O)N[C@H](C(=O)N[C@H](C(=O)N[C@H](C(=O)N[C@@H](C(=O)N[C@H](C(=O)N2CCC[C@]2(C(=O)NCCSCC3=CC=CC(=C3)CSCCC(=O)N1)C)CC4=CC=C(C=C4)OC)[C@@H](C)O)CC(=O)O)CC5=CNC6=C5C=C(C=C6)F)CC7=CC(=CC=C7)CN)C,Inactive,,,,IC50,,1919130,35.5,,,,,,,,,,,,,,,,,,,,,,,,,,,,,,,,,,,,,,,,,,,,,,,,,,,,,,,,,,,,,,,,,,,,35500,"P01130,Q8NBP7",BDBM586297,Proprotein convertase subtilisin/kexin type 9/Low-density lipoprotein receptor,,Low-density lipoprotein receptor,9606.0,Homo sapiens,,C64H80FN11O13S2,1294.5,,,,,,,,,,,,,,,,,,,,,,,,,,35500.0,,,,,,,,,,,,,,,,
199,475955916,166611939,C[C@H]1C(=O)N[C@@H](C(=O)N[C@H](C(=O)N[C@H](C(=O)N[C@H](C(=O)N[C@@H](C(=O)N[C@H](C(=O)N2CCC[C@]2(C(=O)NCCSCC3=CC=CC(=C3)CSCCC(=O)N1)C)CC4=CC=C(C=C4)OC)[C@@H](C)O)CCCCC(=O)O)CC5=CNC6=C5C=C(C=C6)F)CC7=CC=C(C=C7)CN)C,Active,,,,IC50,,1919130,0.05,,,,,,,,,,,,,,,,,,,,,,,,,,,,,,,,,,,,,,,,,,,,,,,,,,,,,,,,,,,,,,,,,,,,50,"P01130,Q8NBP7",BDBM586298,Proprotein convertase subtilisin/kexin type 9/Low-density lipoprotein receptor,,Low-density lipoprotein receptor,9606.0,Homo sapiens,,C67H86FN11O13S2,1336.6,,,,,,,,,,,,,,,,,,,,,,,,,,50.0,,,,,,,,,,,,,,,,
200,475955917,162158582,C[C@@H]1C(=O)N[C@H](C(=O)N[C@H](C(=O)N[C@H](C(=O)N[C@H](C(=O)N[C@H](C(=O)N2CCC[C@]2(C(=O)NCCSCC3=CC=CC(=C3)CSCCC(=O)N[C@H](C(=O)N1)CCCCN)C)CC4=CC(=C(C=C4)OC)Cl)CC5=CN=CN5)CC(=O)O)CC6=CNC7=C6C=C(C=C7)F)CC8=CNC9=C8C=C(C=C9)F,Active,,,,IC50,,1919130,0.05,,,,,,,,,,,,,,,,,,,,,,,,,,,,,,,,,,,,,,,,,,,,,,,,,,,,,,,,,,,,,,,,,,,,50,"P01130,Q8NBP7",BDBM586299,Proprotein convertase subtilisin/kexin type 9/Low-density lipoprotein receptor,,Low-density lipoprotein receptor,9606.0,Homo sapiens,,C70H83ClF2N14O12S2,1450.1,,,,,,,,,,,,,,,,,,,,,,,,,,50.0,,,,,,,,,,,,,,,,
201,475955918,166611940,C[C@@H]1C(=O)N[C@H](C(=O)N[C@H](C(=O)N[C@H](C(=O)N[C@H](C(=O)N[C@H](C(=O)N2CCC[C@]2(C(=O)NCCSCC3=CC=CC(=C3)CSCCC(=O)N[C@H](C(=O)N1)CCCCN)C)CC4=CC(=C(C=C4)OC)C)CC5CNCN5)CC(=O)O)CC6=CNC7=C6C=C(C=C7)F)CC8=CNC9=C8C=C(C=C9)F,Active,,,,IC50,,1919130,0.05,,,,,,,,,,,,,,,,,,,,,,,,,,,,,,,,,,,,,,,,,,,,,,,,,,,,,,,,,,,,,,,,,,,,50,"P01130,Q8NBP7",BDBM586300,Proprotein convertase subtilisin/kexin type 9/Low-density lipoprotein receptor,,Low-density lipoprotein receptor,9606.0,Homo sapiens,,C71H90F2N14O12S2,1433.7,,,,,,,,,,,,,,,,,,,,,,,,,,50.0,,,,,,,,,,,,,,,,
202,475955919,157943027,C[C@@H]1C(=O)N[C@H](C(=O)N[C@H](C(=O)N2C[C@H](C[C@H]2C(=O)NC(C(=O)N[C@H](C(=O)N3CCC[C@]3(C(=O)NCSCCC4=CC(=CC=C4)CSCCC(=O)N[C@H](C(=O)N1)CCCN=[N+]=[N-])C)CC5=CC=C(C=C5)OC)CCCCC(=O)O)N)CC6=CNC7=C6C=C(C=C7)F)CC8=CNC9=C8C=C(C=C9)F,Active,,,,IC50,,1919130,0.05,,,,,,,,,,,,,,,,,,,,,,,,,,,,,,,,,,,,,,,,,,,,,,,,,,,,,,,,,,,,,,,,,,,,50,"P01130,Q8NBP7",BDBM586301,Proprotein convertase subtilisin/kexin type 9/Low-density lipoprotein receptor,,Low-density lipoprotein receptor,9606.0,Homo sapiens,,C71H87F2N15O12S2,1444.7,,,,,,,,,,,,,,,,,,,,,,,,,,50.0,,,,,,,,,,,,,,,,
203,475955920,166611941,C[C@@H]1C(=O)N[C@H](C(=O)N[C@H](C(=O)N[C@H](C(=O)N[C@H](C(=O)N[C@H](C(=O)N2CCC[C@]2(C(=O)N[C@@H](CC3=CC=C(C=C3)C(=O)N4CCC(CCC(=O)N1)CC4)C(=O)N)C)CC5=CC=C(C=C5)OC)CC6=CN=CN6)CC(=O)O)CC7=CNC8=C7C=C(C=C8)F)CC9=CNC1=C9C=C(C=C1)F,Unspecified,,,,IC50,,1919130,0.5,>,,,,,,,,,,,,,,,,,,,,,,,,,,,,,,,,,,,,,,,,,,,,,,,,,,,,,,,,,,,,,,,,,,>,500,"P01130,Q8NBP7",BDBM586302,Proprotein convertase subtilisin/kexin type 9/Low-density lipoprotein receptor,,Low-density lipoprotein receptor,9606.0,Homo sapiens,,C69H78F2N14O13,1349.4,,,,,,,,,,,,,,,,,,,,,,,greater_than,,,500.0,,,,,,,,,,,,,,,,
204,475955921,166611942,C[C@@H]1C(=O)N[C@H](C(=O)N[C@H](C(=O)N[C@H](C(=O)N[C@H](C(=O)N[C@H](C(=O)N2CCC[C@]2(C(=O)N[C@@H](CC3=CC=C(C=C3)C(=O)NCC4=CC=CC(=C4)CC(=O)N1)C(=O)N)C)CC5=CC=C(C=C5)OC)CC6=CN=CN6)CC(=O)O)CC7=CNC8=C7C=C(C=C8)F)CC9=CNC1=C9C=C(C=C1)F,Active,,,,IC50,,1919130,0.05,,,,,,,,,,,,,,,,,,,,,,,,,,,,,,,,,,,,,,,,,,,,,,,,,,,,,,,,,,,,,,,,,,,,50,"P01130,Q8NBP7",BDBM586303,Proprotein convertase subtilisin/kexin type 9/Low-density lipoprotein receptor,,Low-density lipoprotein receptor,9606.0,Homo sapiens,,C70H74F2N14O13,1357.4,,,,,,,,,,,,,,,,,,,,,,,,,,50.0,,,,,,,,,,,,,,,,
205,475955922,161368915,C[C@@H]1C(=O)N[C@H](C(=O)N[C@H](C(=O)N[C@H](C(=O)N[C@H](C(=O)N[C@H](C(=O)N2CCC[C@]2(C(=O)N[C@@H](CC3=CC=C(C=C3)C(=O)NCC4=CC=C(CC(=O)N1)C=C4)C(=O)N)C)CC5=CC=C(C=C5)OC)CC6=CN=CN6)CC(=O)O)CC7=CNC8=C7C=C(C=C8)F)CC9=CNC1=C9C=C(C=C1)F,Active,,,,IC50,,1919130,0.05,,,,,,,,,,,,,,,,,,,,,,,,,,,,,,,,,,,,,,,,,,,,,,,,,,,,,,,,,,,,,,,,,,,,50,"P01130,Q8NBP7",BDBM586304,Proprotein convertase subtilisin/kexin type 9/Low-density lipoprotein receptor,,Low-density lipoprotein receptor,9606.0,Homo sapiens,,C70H74F2N14O13,1357.4,,,,,,,,,,,,,,,,,,,,,,,,,,50.0,,,,,,,,,,,,,,,,
206,475955923,166611943,C[C@H]1C(=O)N[C@H](C(=O)N[C@H](C(=O)N[C@H](C(=O)N[C@H](C(=O)N[C@H](C(=O)N2CCC[C@]2(C(=O)N[C@@H](CC3=CC=C(C=C3)N4C=C(CC[C@H](C(=O)N1)NC(=O)C)N=N4)C(=O)N)C)CC5=CC=C(C=C5)OC)CC6=CNC=N6)CC(=O)O)CC7=CNC8=C7C=C(C=C8)F)CC9=CNC1=C9C=C(C=C1)F,Active,,,,IC50,,1919130,0.05,,,,,,,,,,,,,,,,,,,,,,,,,,,,,,,,,,,,,,,,,,,,,,,,,,,,,,,,,,,,,,,,,,,,50,"P01130,Q8NBP7",BDBM586305,Proprotein convertase subtilisin/kexin type 9/Low-density lipoprotein receptor,,Low-density lipoprotein receptor,9606.0,Homo sapiens,,C68H75F2N17O13,1376.4,,,,,,,,,,,,,,,,,,,,,,,,,,50.0,,,,,,,,,,,,,,,,
207,475955924,166611944,C[C@@H]1C(=O)N[C@H](C(=O)N[C@H](C(=O)N[C@H](C(=O)N[C@H](C(=O)N[C@H](C(=O)N2CCC[C@]2(C(=O)N[C@@H](CC3=CC=C(C=C3)C(=O)NCCCCC[C@@H](C(=O)N[C@H](C(=O)N1)CCCCN)NC(=O)C)C(=O)N)C)CC4=CC=C(C=C4)OC)CC5=CN=CN5)CC(=O)O)CC6=CNC7=C6C=C(C=C7)F)CC8=CNC9=C8C=C(C=C9)F,Active,,,,IC50,,1919130,0.05,,,,,,,,,,,,,,,,,,,,,,,,,,,,,,,,,,,,,,,,,,,,,,,,,,,,,,,,,,,,,,,,,,,,50,"P01130,Q8NBP7",BDBM586306,Proprotein convertase subtilisin/kexin type 9/Low-density lipoprotein receptor,,Low-density lipoprotein receptor,9606.0,Homo sapiens,,C76H93F2N17O15,1522.7,,,,,,,,,,,,,,,,,,,,,,,,,,50.0,,,,,,,,,,,,,,,,
208,475955925,166611945,C[C@@H]1C(=O)N[C@H](C(=O)N[C@H](C(=O)N[C@H](C(=O)N[C@H](C(=O)N[C@H](C(=O)N2CCC[C@]2(C(=O)N[C@@H](CC(=O)NCC3=CC=CC(=C3)CC(=O)NCCCC[C@H](C(=O)N1)NC(=O)C)C(=O)N)C)CC4=CC=C(C=C4)OC)CC5=CN=CN5)CC(=O)O)CC6=CNC7=C6C=C(C=C7)F)CC8=CNC9=C8C=C(C=C9)F,Active,,,,IC50,,1919130,0.55,,,,,,,,,,,,,,,,,,,,,,,,,,,,,,,,,,,,,,,,,,,,,,,,,,,,,,,,,,,,,,,,,,,,550,"P01130,Q8NBP7",BDBM586307,Proprotein convertase subtilisin/kexin type 9/Low-density lipoprotein receptor,,Low-density lipoprotein receptor,9606.0,Homo sapiens,,C72H84F2N16O15,1451.5,,,,,,,,,,,,,,,,,,,,,,,,,,550.0,,,,,,,,,,,,,,,,
209,475955926,166611946,C[C@H]1C(=O)N[C@H](C(=O)N[C@H](C(=O)N[C@H](C(=O)N[C@H](C(=O)N[C@H](C(=O)N2CCC[C@]2(C(=O)N[C@@H](CC3=CC=C(C=C3)N4C=C(CCC[C@H](C(=O)N1)NC(=O)C)N=N4)C(=O)N)C)CC5=CC=C(C=C5)OC)CC6=CN=CN6)CC(=O)O)CC7=CNC8=C7C=C(C=C8)F)CC9=CNC1=C9C=C(C=C1)F,Inactive,,,,IC50,,1919130,35.5,,,,,,,,,,,,,,,,,,,,,,,,,,,,,,,,,,,,,,,,,,,,,,,,,,,,,,,,,,,,,,,,,,,,35500,"P01130,Q8NBP7",BDBM586308,Proprotein convertase subtilisin/kexin type 9/Low-density lipoprotein receptor,,Low-density lipoprotein receptor,9606.0,Homo sapiens,,C69H77F2N17O13,1390.5,,,,,,,,,,,,,,,,,,,,,,,,,,35500.0,,,,,,,,,,,,,,,,
210,475955927,166611947,C[C@@H]1C(=O)N[C@H](C(=O)N[C@H](C(=O)N[C@H](C(=O)N[C@H](C(=O)N[C@H](C(=O)N2CCC[C@]2(C(=O)N[C@@H](CCC(=O)NCC3=CC=CC(=C3)CC(=O)NCCCC[C@H](C(=O)N1)NC(=O)C)C(=O)O)C)CC4=CC=C(C=C4)OC)CC5=CN=CN5)CC(=O)O)CC6=CNC7=C6C=C(C=C7)F)CC8=CNC9=C8C=C(C=C9)F,Active,,,,IC50,,1919130,0.05,,,,,,,,,,,,,,,,,,,,,,,,,,,,,,,,,,,,,,,,,,,,,,,,,,,,,,,,,,,,,,,,,,,,50,"P01130,Q8NBP7",BDBM586309,Proprotein convertase subtilisin/kexin type 9/Low-density lipoprotein receptor,,Low-density lipoprotein receptor,9606.0,Homo sapiens,,C73H85F2N15O16,1466.5,,,,,,,,,,,,,,,,,,,,,,,,,,50.0,,,,,,,,,,,,,,,,
211,475955928,166611948,C[C@@H]1C(=O)N[C@H](C(=O)N[C@H](C(=O)N[C@H](C(=O)N[C@H](C(=O)N[C@H](C(=O)N2CCC[C@]2(C(=O)N[C@@H](CC(=O)NCC3=CC=C(CC(=O)NCCCC[C@H](C(=O)N1)NC(=O)C)C=C3)C(=O)N)C)CC4=CC=C(C=C4)OC)CC5=CN=CN5)CC(=O)O)CC6=CNC7=C6C=C(C=C7)F)CC8=CNC9=C8C=C(C=C9)F,Active,,,,IC50,,1919130,6.55,,,,,,,,,,,,,,,,,,,,,,,,,,,,,,,,,,,,,,,,,,,,,,,,,,,,,,,,,,,,,,,,,,,,6550,"P01130,Q8NBP7",BDBM586310,Proprotein convertase subtilisin/kexin type 9/Low-density lipoprotein receptor,,Low-density lipoprotein receptor,9606.0,Homo sapiens,,C72H84F2N16O15,1451.5,,,,,,,,,,,,,,,,,,,,,,,,,,6550.0,,,,,,,,,,,,,,,,
212,475955929,166611949,C[C@@H]1C(=O)N[C@H](C(=O)N[C@H](C(=O)N[C@H](C(=O)N[C@H](C(=O)N[C@H](C(=O)N2CCC[C@]2(C(=O)N[C@@H](CCC(=O)NCC3=CC=C(CC(=O)NCCCC[C@H](C(=O)N1)NC(=O)C)C=C3)C(=O)N)C)CC4=CC=C(C=C4)OC)CC5=CNC=N5)CC(=O)O)CC6=CNC7=C6C=C(C=C7)F)CC8=CNC9=C8C=C(C=C9)F,Active,,,,IC50,,1919130,0.05,,,,,,,,,,,,,,,,,,,,,,,,,,,,,,,,,,,,,,,,,,,,,,,,,,,,,,,,,,,,,,,,,,,,50,"P01130,Q8NBP7",BDBM586311,Proprotein convertase subtilisin/kexin type 9/Low-density lipoprotein receptor,,Low-density lipoprotein receptor,9606.0,Homo sapiens,,C73H86F2N16O15,1465.6,,,,,,,,,,,,,,,,,,,,,,,,,,50.0,,,,,,,,,,,,,,,,
213,475955930,163733002,C[C@@]12CCCN1C(=O)[C@@H](NC(=O)[C@@H](NC(=O)[C@@H](NC(=O)[C@@H](NC(=O)[C@@H](NC(=O)CNC(=O)[C@@H](NC(=O)CCSCC3=CC(=CC=C3)CSC[C@H](NC2=O)C(=O)N)CCCCN)CC4=CNC5=C4C=C(C=C5)F)CC6=CNC7=C6C=C(C=C7)O)CC(=O)O)CC8=CN=CN8)CC9=CC=C(C=C9)O,Active,,,,IC50,,1919130,0.05,,,,,,,,,,,,,,,,,,,,,,,,,,,,,,,,,,,,,,,,,,,,,,,,,,,,,,,,,,,,,,,,,,,,50,"P01130,Q8NBP7",BDBM586312,Proprotein convertase subtilisin/kexin type 9/Low-density lipoprotein receptor,,Low-density lipoprotein receptor,9606.0,Homo sapiens,,C69H82FN15O14S2,1428.6,,,,,,,,,,,,,,,,,,,,,,,,,,50.0,,,,,,,,,,,,,,,,
214,475955931,166611950,C[C@@H]1C(=O)N[C@H](C(=O)N[C@H](C(=O)N[C@H](C(=O)N[C@H](C(=O)N[C@H](C(=O)N2CCC[C@]2(C(=O)N[C@@H](CC3=CC=C(C=C3)OCCNC(=O)CCCC(=O)N1)C(=O)N)C)CC4=CC=C(C=C4)OC)CC5=CN=CN5)CC(=O)O)CC6=CNC7=C6C=C(C=C7)F)CC8=CNC9=C8C=C(C=C9)F,Active,,,,IC50,,1919130,0.55,,,,,,,,,,,,,,,,,,,,,,,,,,,,,,,,,,,,,,,,,,,,,,,,,,,,,,,,,,,,,,,,,,,,550,"P01130,Q8NBP7",BDBM586313,Proprotein convertase subtilisin/kexin type 9/Low-density lipoprotein receptor,,Low-density lipoprotein receptor,9606.0,Homo sapiens,,C67H76F2N14O14,1339.4,,,,,,,,,,,,,,,,,,,,,,,,,,550.0,,,,,,,,,,,,,,,,
215,475955932,166611951,C[C@@H]1C(=O)N[C@H](C(=O)N[C@H](C(=O)N[C@H](C(=O)N[C@H](C(=O)N[C@H](C(=O)N2CCC[C@]2(C(=O)NC(CC(=O)NCC3=CC=CC(=C3)CC(=O)N1)C(=O)O)C)CC4=CC=C(C=C4)OC)CC5=CN=CN5)CC(=O)O)CC6=CNC7=C6C=C(C=C7)F)CC8=CNC9=C8C=C(C=C9)F,Active,,,,IC50,,1919130,0.05,,,,,,,,,,,,,,,,,,,,,,,,,,,,,,,,,,,,,,,,,,,,,,,,,,,,,,,,,,,,,,,,,,,,50,"P01130,Q8NBP7",BDBM586314,Proprotein convertase subtilisin/kexin type 9/Low-density lipoprotein receptor,,Low-density lipoprotein receptor,9606.0,Homo sapiens,,C64H69F2N13O14,1282.3,,,,,,,,,,,,,,,,,,,,,,,,,,50.0,,,,,,,,,,,,,,,,
216,475955933,166611952,C[C@@H]1C(=O)N[C@H](C(=O)N[C@H](C(=O)N[C@H](C(=O)N[C@H](C(=O)N[C@H](C(=O)N2CCC[C@]2(C(=O)NC(CC(=O)NC3=CC=C(CC(=O)N1)C=C3)C(=O)O)C)CC4=CC=C(C=C4)OC)CC5=CN=CN5)CC(=O)O)CC6=CNC7=C6C=C(C=C7)F)CC8=CNC9=C8C=C(C=C9)F,Active,,,,IC50,,1919130,6.55,,,,,,,,,,,,,,,,,,,,,,,,,,,,,,,,,,,,,,,,,,,,,,,,,,,,,,,,,,,,,,,,,,,,6550,"P01130,Q8NBP7",BDBM586315,Proprotein convertase subtilisin/kexin type 9/Low-density lipoprotein receptor,,Low-density lipoprotein receptor,9606.0,Homo sapiens,,C63H67F2N13O14,1268.3,,,,,,,,,,,,,,,,,,,,,,,,,,6550.0,,,,,,,,,,,,,,,,
217,475955934,166611953,C[C@@H]1C(=O)N[C@H](C(=O)N[C@H](C(=O)N[C@H](C(=O)N[C@H](C(=O)N[C@H](C(=O)N2CCC[C@]2(C(=O)N[C@@H](CC(=O)NCC3=CC=C(CC(=O)N1)C=C3)C(=O)N)C)CC4=CC=C(C=C4)OC)CC5=CN=CN5)CC(=O)O)CC6=CNC7=C6C=C(C=C7)F)CC8=CNC9=C8C=C(C=C9)F,Active,,,,IC50,,1919130,0.55,,,,,,,,,,,,,,,,,,,,,,,,,,,,,,,,,,,,,,,,,,,,,,,,,,,,,,,,,,,,,,,,,,,,550,"P01130,Q8NBP7",BDBM586316,Proprotein convertase subtilisin/kexin type 9/Low-density lipoprotein receptor,,Low-density lipoprotein receptor,9606.0,Homo sapiens,,C64H70F2N14O13,1281.3,,,,,,,,,,,,,,,,,,,,,,,,,,550.0,,,,,,,,,,,,,,,,
218,475955935,158525513,C[C@H]1C(=O)N[C@H](C(=O)N[C@H](C(=O)N[C@H](C(=O)N[C@H](C(=O)N[C@H](C(=O)N2CCC[C@]2(C(=O)N[C@H](C(=O)N3CCC(CCC(=O)N1)CC3)CC(=O)N)C)CC4=CC=C(C=C4)OC)CC5=CN=CN5)CC(=O)O)CC6=CNC7=C6C=C(C=C7)F)CC8=CNC9=C8C=C(C=C9)F,Active,,,,IC50,,1919130,0.55,,,,,,,,,,,,,,,,,,,,,,,,,,,,,,,,,,,,,,,,,,,,,,,,,,,,,,,,,,,,,,,,,,,,550,"P01130,Q8NBP7",BDBM586317,Proprotein convertase subtilisin/kexin type 9/Low-density lipoprotein receptor,,Low-density lipoprotein receptor,9606.0,Homo sapiens,,C63H74F2N14O13,1273.3,,,,,,,,,,,,,,,,,,,,,,,,,,550.0,,,,,,,,,,,,,,,,
219,475955936,166611954,C[C@@H]1C(=O)N[C@H](C(=O)N[C@H](C(=O)N[C@H](C(=O)N[C@H](C(=O)N[C@H](C(=O)N2CCC[C@]2(C(=O)NCCSCC3=CC4=C(C=CC(=C4)CSCCC(=O)N[C@H](C(=O)N1)CCCCN)C=C3)C)CC5=CC=C(C=C5)OC)CC6=CN=CN6)CC(=O)O)CC7=CNC8=C7C=C(C=C8)F)CC9=CNC1=C9C=C(C=C1)F,Active,,,,IC50,,1919130,0.05,,,,,,,,,,,,,,,,,,,,,,,,,,,,,,,,,,,,,,,,,,,,,,,,,,,,,,,,,,,,,,,,,,,,50,"P01130,Q8NBP7",BDBM586318,Proprotein convertase subtilisin/kexin type 9/Low-density lipoprotein receptor,,Low-density lipoprotein receptor,9606.0,Homo sapiens,,C74H86F2N14O12S2,1465.7,,,,,,,,,,,,,,,,,,,,,,,,,,50.0,,,,,,,,,,,,,,,,
220,475955937,166611955,C[C@@H]1C(=O)N[C@H](C(=O)N[C@H](C(=O)N[C@H](C(=O)N[C@H](C(=O)N[C@H](C(=O)N2CCC[C@]2(C(=O)NCCSCC3=CC=CC(=C3)CSCCC(=O)N[C@H](C(=O)N1)CCCCN)C)C(C4=CC=CC=C4)C5=CC=CC=C5)CC6=CNC=N6)CC(=O)O)CC7=CNC8=C7C=C(C=C8)F)CC9=CNC1=C9C=C(C=C1)F,Active,,,,IC50,,1919130,0.05,,,,,,,,,,,,,,,,,,,,,,,,,,,,,,,,,,,,,,,,,,,,,,,,,,,,,,,,,,,,,,,,,,,,50,"P01130,Q8NBP7",BDBM586319,Proprotein convertase subtilisin/kexin type 9/Low-density lipoprotein receptor,,Low-density lipoprotein receptor,9606.0,Homo sapiens,,C75H86F2N14O11S2,1461.7,,,,,,,,,,,,,,,,,,,,,,,,,,50.0,,,,,,,,,,,,,,,,
221,475955938,158343387,C[C@H]1C(=O)N[C@@H](C(=O)N[C@H](C(=O)N[C@H](C(=O)N[C@H](C(=O)N[C@H](C(=O)N[C@H](C(=O)N2CCC[C@]2(C(=O)NCCSCC3=CC=CC(=C3)CSCCC(=O)N1)C)CC4=CC=C(C=C4)OC)CC5=NC=CN5)CC(=O)O)CC6=CNC7=C6C=C(C=C7)F)CC8=CNC9=C8C=C(C=C9)F)C,Unspecified,,,,IC50,,1919130,0.5,>,,,,,,,,,,,,,,,,,,,,,,,,,,,,,,,,,,,,,,,,,,,,,,,,,,,,,,,,,,,,,,,,,,>,500,"P01130,Q8NBP7",BDBM586320,Proprotein convertase subtilisin/kexin type 9/Low-density lipoprotein receptor,,Low-density lipoprotein receptor,9606.0,Homo sapiens,,C67H77F2N13O12S2,1358.5,,,,,,,,,,,,,,,,,,,,,,,greater_than,,,500.0,,,,,,,,,,,,,,,,
222,475955939,159952375,C[C@@H]1C(=O)N[C@H](C(=O)N[C@H](C(=O)N2C[C@@H](C[C@@H]2C(=O)N[C@H](C(=O)N[C@H](C(=O)N3CCC[C@]3(C(=O)NCSCCC4=CC(=CC=C4)CSCCC(=O)N[C@H](C(=O)N1)CCCCN=[N+]=[N-])C)CC5=CC=C(C=C5)OC)CCCC(=O)O)N)CC6=CNC7=C6C=C(C=C7)F)CC8=CNC9=C8C=C(C=C9)F,Inactive,,,,IC50,,1919130,35.5,,,,,,,,,,,,,,,,,,,,,,,,,,,,,,,,,,,,,,,,,,,,,,,,,,,,,,,,,,,,,,,,,,,,35500,"P01130,Q8NBP7",BDBM586321,Proprotein convertase subtilisin/kexin type 9/Low-density lipoprotein receptor,,Low-density lipoprotein receptor,9606.0,Homo sapiens,,C71H87F2N15O12S2,1444.7,,,,,,,,,,,,,,,,,,,,,,,,,,35500.0,,,,,,,,,,,,,,,,
223,475955940,166611956,C[C@@H]1C(=O)N[C@H](C(=O)N[C@H](C(=O)N[C@H](C(=O)N[C@H](C(=O)N[C@H](C(=O)N2CCC[C@]2(C(=O)N[C@@H](CC3=CC=C(C=C3)OCC(=O)NCC[C@@H](C(=O)N[C@H](C(=O)N1)CCCCN)NC(=O)C)C(=O)N)C)CC4=CC=C(C=C4)OC)CC5=CN=CN5)CC(=O)O)CC6=CNC7=C6C=C(C=C7)F)CC8=CNC9=C8C=C(C=C9)F,Active,,,,IC50,,1919130,0.05,,,,,,,,,,,,,,,,,,,,,,,,,,,,,,,,,,,,,,,,,,,,,,,,,,,,,,,,,,,,,,,,,,,,50,"P01130,Q8NBP7",BDBM586322,Proprotein convertase subtilisin/kexin type 9/Low-density lipoprotein receptor,,Low-density lipoprotein receptor,9606.0,Homo sapiens,,C74H89F2N17O16,1510.6,,,,,,,,,,,,,,,,,,,,,,,,,,50.0,,,,,,,,,,,,,,,,
224,475955941,166611957,C[C@@H]1C(=O)N[C@H](C(=O)N[C@H](C(=O)N[C@H](C(=O)N[C@H](C(=O)N[C@H](C(=O)N2CCC[C@]2(C(=O)NCCSC3=C(C(=C(C(=C3F)F)SCCCCC(=O)N1)F)F)C)CC4=CC=C(C=C4)OC)CC5=CN=CN5)CC(=O)O)CC6=CNC7=C6C=C(C=C7)F)CC8=CNC9=C8C=C(C=C9)F,Active,,,,IC50,,1919130,0.05,,,,,,,,,,,,,,,,,,,,,,,,,,,,,,,,,,,,,,,,,,,,,,,,,,,,,,,,,,,,,,,,,,,,50,"P01130,Q8NBP7",BDBM586323,Proprotein convertase subtilisin/kexin type 9/Low-density lipoprotein receptor,,Low-density lipoprotein receptor,9606.0,Homo sapiens,,C64H68F6N12O11S2,1359.4,,,,,,,,,,,,,,,,,,,,,,,,,,50.0,,,,,,,,,,,,,,,,
225,475955942,160919458,C[C@@H]1C(=O)N[C@H](C(=O)N[C@H](C(=O)N[C@H]2CC/C=C/CC[C@@H](C(=O)N[C@H](C(=O)N3CCC[C@]3(C(=O)NCCSCC4=CC=CC(=C4)CSCCC(=O)N[C@H](C(=O)N1)CCCCN)C)CC5=CC=C(C=C5)OC)NC2=O)CC6=CNC7=C6C=C(C=C7)F)CC8=CNC9=C8C=C(C=C9)F,Active,,,,IC50,,1919130,6.55,,,,,,,,,,,,,,,,,,,,,,,,,,,,,,,,,,,,,,,,,,,,,,,,,,,,,,,,,,,,,,,,,,,,6550,"P01130,Q8NBP7",BDBM586324,Proprotein convertase subtilisin/kexin type 9/Low-density lipoprotein receptor,,Low-density lipoprotein receptor,9606.0,Homo sapiens,,C70H86F2N12O10S2,1357.6,,,,,,,,,,,,,,,,,,,,,,,,,,6550.0,,,,,,,,,,,,,,,,
226,475955943,159296877,C[C@@H]1C(=O)N[C@H]2CC3=CC(=CC=C3)OC/C=C/CCC[C@@H](C(=O)N[C@H](C(=O)N[C@H](C(=O)N4CCC[C@]4(C(=O)NCCSCC5=CC=CC(=C5)CSCCC(=O)N[C@H](C(=O)N1)CCCCN)C)CC6=CC=C(C=C6)OC)[C@@H](C)O)NC(=O)[C@@H](NC2=O)CC7=CNC8=C7C=C(C=C8)F,Active,,,,IC50,,1919130,6.55,,,,,,,,,,,,,,,,,,,,,,,,,,,,,,,,,,,,,,,,,,,,,,,,,,,,,,,,,,,,,,,,,,,,6550,"P01130,Q8NBP7",BDBM586325,Proprotein convertase subtilisin/kexin type 9/Low-density lipoprotein receptor,,Low-density lipoprotein receptor,9606.0,Homo sapiens,,C70H90FN11O12S2,1360.7,,,,,,,,,,,,,,,,,,,,,,,,,,6550.0,,,,,,,,,,,,,,,,
227,475955944,159314497,C[C@H]1C(=O)N[C@@H](C(=O)N[C@H]2CCCC/C=C\CCCC[C@@H](C(=O)N[C@H](C(=O)N[C@H](C(=O)N3CCC[C@]3(C(=O)NCCSCC4=CC=CC(=C4)CSCCC(=O)N1)C)CC5=CC=C(C=C5)OC)[C@@H](C)O)NC(=O)[C@@H](NC2=O)CC6=CNC7=C6C=C(C=C7)F)C,Active,,,,IC50,,1919130,0.55,,,,,,,,,,,,,,,,,,,,,,,,,,,,,,,,,,,,,,,,,,,,,,,,,,,,,,,,,,,,,,,,,,,,550,"P01130,Q8NBP7",BDBM586326,Proprotein convertase subtilisin/kexin type 9/Low-density lipoprotein receptor,,Low-density lipoprotein receptor,9606.0,Homo sapiens,,C64H85FN10O11S2,1253.6,,,,,,,,,,,,,,,,,,,,,,,,,,550.0,,,,,,,,,,,,,,,,
228,475955945,148959305,C[C@H]1C(=O)N[C@@H](C(=O)N[C@H]2CC/C=C/CCCCC[C@@H](C(=O)N[C@H](C(=O)N[C@H](C(=O)N3CCC[C@]3(C(=O)NCCSCC4=CC=CC(=C4)CSCCC(=O)N1)C)CC5=CC=C(C=C5)OC)[C@@H](C)O)NC(=O)[C@@H](NC2=O)CC6=CNC7=C6C=C(C=C7)F)C,Active,,,,IC50,,1919130,0.55,,,,,,,,,,,,,,,,,,,,,,,,,,,,,,,,,,,,,,,,,,,,,,,,,,,,,,,,,,,,,,,,,,,,550,"P01130,Q8NBP7",BDBM586327,Proprotein convertase subtilisin/kexin type 9/Low-density lipoprotein receptor,,Low-density lipoprotein receptor,9606.0,Homo sapiens,,C63H83FN10O11S2,1239.5,,,,,,,,,,,,,,,,,,,,,,,,,,550.0,,,,,,,,,,,,,,,,
229,475955946,147145750,C[C@H]1C(=O)N[C@@H](C(=O)N[C@H]2CSCC3=CC(=CC=C3)CSC[C@@H](C(=O)N[C@H](C(=O)N[C@H](C(=O)N4CCC[C@H]4C(=O)NCCCCC5=CC=CC(=C5)CCCCC(=O)N1)CC6=CC=C(C=C6)OC)[C@@H](C)O)NC(=O)[C@@H](NC2=O)CC7=CNC8=C7C=C(C=C8)F)C,Active,,,,IC50,,1919130,0.55,,,,,,,,,,,,,,,,,,,,,,,,,,,,,,,,,,,,,,,,,,,,,,,,,,,,,,,,,,,,,,,,,,,,550,"P01130,Q8NBP7",BDBM586328,Proprotein convertase subtilisin/kexin type 9/Low-density lipoprotein receptor,,Low-density lipoprotein receptor,9606.0,Homo sapiens,,C65H81FN10O11S2,1261.5,,,,,,,,,,,,,,,,,,,,,,,,,,550.0,,,,,,,,,,,,,,,,
230,475955947,157835605,C[C@H]1C(=O)N[C@@H](C(=O)N[C@@H]2CC3=CC(=CC=C3)OC/C=C\C[C@@H](C(=O)N[C@H](C(=O)N[C@H](C(=O)N4CCC[C@]4(C(=O)NCCSCC5=CC=CC(=C5)CSCCC(=O)N1)C)CC6=CC=C(C=C6)O)C)NC(=O)[C@@H](NC2=O)CC7=CNC8=C7C=C(C=C8)F)C,Active,,,,IC50,,1919130,6.55,,,,,,,,,,,,,,,,,,,,,,,,,,,,,,,,,,,,,,,,,,,,,,,,,,,,,,,,,,,,,,,,,,,,6550,"P01130,Q8NBP7",BDBM586329,Proprotein convertase subtilisin/kexin type 9/Low-density lipoprotein receptor,,Low-density lipoprotein receptor,9606.0,Homo sapiens,,C63H75FN10O11S2,1231.5,,,,,,,,,,,,,,,,,,,,,,,,,,6550.0,,,,,,,,,,,,,,,,
231,475955948,158674860,C[C@@H]1C(=O)N[C@H](C(=O)N[C@H](C(=O)N2C[C@@H]3C[C@H]2C(=O)N[C@@H](CCC/C=C\CO3)C(=O)N[C@H](C(=O)N4CCC[C@]4(C(=O)N[C@@H](CSCC5=CC=CC(=C5)CSCCC(=O)N[C@H](C(=O)N1)CCCCN)C(=O)N)C)CC6=CC=C(C=C6)OC)CC7=CNC8=C7C=C(C=C8)F)CC9=CNC1=C9C=C(C=C1)F,Active,,,,IC50,,1919130,6.55,,,,,,,,,,,,,,,,,,,,,,,,,,,,,,,,,,,,,,,,,,,,,,,,,,,,,,,,,,,,,,,,,,,,6550,"P01130,Q8NBP7",BDBM586330,Proprotein convertase subtilisin/kexin type 9/Low-density lipoprotein receptor,,Low-density lipoprotein receptor,9606.0,Homo sapiens,,C74H91F2N13O12S2,1456.7,,,,,,,,,,,,,,,,,,,,,,,,,,6550.0,,,,,,,,,,,,,,,,
232,475955949,159555834,C[C@H]1C(=O)N[C@@H](C(=O)N[C@H]2CC3=CC(=CC=C3)OC/C=C\CC[C@@H](C(=O)N[C@H](C(=O)N[C@H](C(=O)N4CCC[C@]4(C(=O)NCCSCC5=CC=CC(=C5)CSCCC(=O)N1)C)CC6=CC=C(C=C6)OC)[C@@H](C)OC)N(C(=O)[C@@H](NC2=O)CC7=CNC8=C7C=C(C=C8)F)C)C,Active,,,,IC50,,1919130,0.05,,,,,,,,,,,,,,,,,,,,,,,,,,,,,,,,,,,,,,,,,,,,,,,,,,,,,,,,,,,,,,,,,,,,50,"P01130,Q8NBP7",BDBM586331,Proprotein convertase subtilisin/kexin type 9/Low-density lipoprotein receptor,,Low-density lipoprotein receptor,9606.0,Homo sapiens,,C68H85FN10O12S2,1317.6,,,,,,,,,,,,,,,,,,,,,,,,,,50.0,,,,,,,,,,,,,,,,
233,475955950,159555835,C[C@H]1C(=O)N[C@@H](C(=O)N[C@H]2CC3=CC(=CC=C3)OC/C=C/CC[C@@H](C(=O)N[C@H](C(=O)N[C@H](C(=O)N4CCC[C@]4(C(=O)NCCSCC5=CC=CC(=C5)CSCCC(=O)N1)C)CC6=CC=C(C=C6)OC)[C@@H](C)OC)N(C(=O)[C@@H](NC2=O)CC7=CNC8=C7C=C(C=C8)F)C)C,Active,,,,IC50,,1919130,0.05,,,,,,,,,,,,,,,,,,,,,,,,,,,,,,,,,,,,,,,,,,,,,,,,,,,,,,,,,,,,,,,,,,,,50,"P01130,Q8NBP7",BDBM586332,Proprotein convertase subtilisin/kexin type 9/Low-density lipoprotein receptor,,Low-density lipoprotein receptor,9606.0,Homo sapiens,,C68H85FN10O12S2,1317.6,,,,,,,,,,,,,,,,,,,,,,,,,,50.0,,,,,,,,,,,,,,,,
234,475955951,160440942,C[C@H]1C(=O)N[C@@H](C(=O)N[C@H]2CC3=CC(=CC=C3)OC/C=C/CC[C@@H](C(=O)N[C@H](C(=O)N[C@H](C(=O)N4CCC[C@]4(C(=O)NCCSCC5=CC(=CC(=C5)CSCCC(=O)N1)F)C)CC6=CC=C(C=C6)OC)[C@@H](C)OC)N(C(=O)[C@@H](NC2=O)CC7=CNC8=C7C=C(C=C8)F)C)C,Active,,,,IC50,,1919130,0.55,,,,,,,,,,,,,,,,,,,,,,,,,,,,,,,,,,,,,,,,,,,,,,,,,,,,,,,,,,,,,,,,,,,,550,"P01130,Q8NBP7",BDBM586333,Proprotein convertase subtilisin/kexin type 9/Low-density lipoprotein receptor,,Low-density lipoprotein receptor,9606.0,Homo sapiens,,C68H84F2N10O12S2,1335.6,,,,,,,,,,,,,,,,,,,,,,,,,,550.0,,,,,,,,,,,,,,,,
235,475955952,160440941,C[C@H]1C(=O)N[C@@H](C(=O)N[C@H]2CC3=CC(=CC=C3)OC/C=C\CC[C@@H](C(=O)N[C@H](C(=O)N[C@H](C(=O)N4CCC[C@]4(C(=O)NCCSCC5=CC(=CC(=C5)CSCCC(=O)N1)F)C)CC6=CC=C(C=C6)OC)[C@@H](C)OC)N(C(=O)[C@@H](NC2=O)CC7=CNC8=C7C=C(C=C8)F)C)C,Active,,,,IC50,,1919130,0.55,,,,,,,,,,,,,,,,,,,,,,,,,,,,,,,,,,,,,,,,,,,,,,,,,,,,,,,,,,,,,,,,,,,,550,"P01130,Q8NBP7",BDBM586334,Proprotein convertase subtilisin/kexin type 9/Low-density lipoprotein receptor,,Low-density lipoprotein receptor,9606.0,Homo sapiens,,C68H84F2N10O12S2,1335.6,,,,,,,,,,,,,,,,,,,,,,,,,,550.0,,,,,,,,,,,,,,,,
236,475955953,161797408,C[C@@H]1C(=O)N[C@H](C(=O)N[C@H](C(=O)N2C[C@@H]3C[C@H]2C(=O)N[C@@H](CCCCCCO3)C(=O)N[C@H](C(=O)N4CCC[C@]4(C(=O)N[C@@H](CSCC5=CC=CC(=C5)CSCCC(=O)N[C@H](C(=O)N1)CCCCN)C(=O)N)C)CC6=CC=C(C=C6)OC)CC7=CNC8=C7C=C(C=C8)F)CC9=CNC1=C9C=C(C=C1)F,Active,,,,IC50,,1919130,0.55,,,,,,,,,,,,,,,,,,,,,,,,,,,,,,,,,,,,,,,,,,,,,,,,,,,,,,,,,,,,,,,,,,,,550,"P01130,Q8NBP7",BDBM586335,Proprotein convertase subtilisin/kexin type 9/Low-density lipoprotein receptor,,Low-density lipoprotein receptor,9606.0,Homo sapiens,,C74H93F2N13O12S2,1458.7,,,,,,,,,,,,,,,,,,,,,,,,,,550.0,,,,,,,,,,,,,,,,
237,475955954,161727085,C[C@H]1C(=O)N[C@@H](C(=O)N[C@H]2CC3=CC(=CC=C3)OC/C=C/CC[C@@H](C(=O)N[C@H](C(=O)N[C@H](C(=O)N4CCC[C@]4(C(=O)NCCSCC5=CC(=CC(=C5)F)CS(=O)CCC(=O)N1)C)CC6=CC=C(C=C6)OC)[C@@H](C)OC)N(C(=O)[C@@H](NC2=O)CC7=CNC8=C7C=C(C=C8)F)C)C,Active,,,,IC50,,1919130,0.05,,,,,,,,,,,,,,,,,,,,,,,,,,,,,,,,,,,,,,,,,,,,,,,,,,,,,,,,,,,,,,,,,,,,50,"P01130,Q8NBP7",BDBM586336,Proprotein convertase subtilisin/kexin type 9/Low-density lipoprotein receptor,,Low-density lipoprotein receptor,9606.0,Homo sapiens,,C68H84F2N10O13S2,1351.6,,,,,,,,,,,,,,,,,,,,,,,,,,50.0,,,,,,,,,,,,,,,,
238,475955955,160754525,C[C@@H]1C(=O)N[C@H](C(=O)N[C@H](C(=O)N2C[C@@H]3C[C@H]2C(=O)N[C@@H](CCCC/C=C/CO3)C(=O)N[C@H](C(=O)N4CCC[C@]4(C(=O)N[C@@H](CSCC5=CC=CC(=C5)CSCCC(=O)N[C@H](C(=O)N1)CCCCN)C(=O)N)C)CC6=CC=C(C=C6)OC)CC7=CNC8=C7C=C(C=C8)F)CC9=CNC1=C9C=C(C=C1)F,Active,,,,IC50,,1919130,0.55,,,,,,,,,,,,,,,,,,,,,,,,,,,,,,,,,,,,,,,,,,,,,,,,,,,,,,,,,,,,,,,,,,,,550,"P01130,Q8NBP7",BDBM586337,Proprotein convertase subtilisin/kexin type 9/Low-density lipoprotein receptor,,Low-density lipoprotein receptor,9606.0,Homo sapiens,,C75H93F2N13O12S2,1470.8,,,,,,,,,,,,,,,,,,,,,,,,,,550.0,,,,,,,,,,,,,,,,
239,475955956,157378090,C[C@@H]1C(=O)N[C@H](C(=O)N[C@H](C(=O)N2C[C@@H]3C[C@H]2C(=O)N[C@@H](CC/C=C\CO3)C(=O)N[C@H](C(=O)N4CCC[C@]4(C(=O)N[C@@H](CSCC5=CC=CC(=C5)CSCCC(=O)N[C@H](C(=O)N1)CCCCN)C(=O)N)C)CC6=CC=C(C=C6)OC)CC7=CNC8=C7C=C(C=C8)F)CC9=CNC1=C9C=C(C=C1)F,Active,,,,IC50,,1919130,0.55,,,,,,,,,,,,,,,,,,,,,,,,,,,,,,,,,,,,,,,,,,,,,,,,,,,,,,,,,,,,,,,,,,,,550,"P01130,Q8NBP7",BDBM586338,Proprotein convertase subtilisin/kexin type 9/Low-density lipoprotein receptor,,Low-density lipoprotein receptor,9606.0,Homo sapiens,,C73H89F2N13O12S2,1442.7,,,,,,,,,,,,,,,,,,,,,,,,,,550.0,,,,,,,,,,,,,,,,
240,475955957,158401431,C[C@H]1C(=O)N[C@@H](C(=O)N[C@H]2CC3=CC=CC(=C3)C/C=C\CC[C@@H](C(=O)N[C@H](C(=O)N[C@H](C(=O)N4CCC[C@]4(C(=O)NCCSCC5=CC=CC(=C5)CSCCC(=O)N1)C)CC6=CC=C(C=C6)OC)[C@@H](C)OC)N(C(=O)[C@@H](NC2=O)CC7=CNC8=C7C=C(C=C8)F)C)C,Active,,,,IC50,,1919130,0.55,,,,,,,,,,,,,,,,,,,,,,,,,,,,,,,,,,,,,,,,,,,,,,,,,,,,,,,,,,,,,,,,,,,,550,"P01130,Q8NBP7",BDBM586339,Proprotein convertase subtilisin/kexin type 9/Low-density lipoprotein receptor,,Low-density lipoprotein receptor,9606.0,Homo sapiens,,C68H85FN10O11S2,1301.6,,,,,,,,,,,,,,,,,,,,,,,,,,550.0,,,,,,,,,,,,,,,,
241,475955958,161466153,C[C@@H]1C(=O)N[C@H](C(=O)N[C@H](C(=O)N2C[C@@H]3C[C@H]2C(=O)N[C@@H](CCCCCCCO3)C(=O)N[C@H](C(=O)N4CCC[C@]4(C(=O)N[C@@H](CSCC5=CC=CC(=C5)CSCCC(=O)N[C@H](C(=O)N1)CCCCN)C(=O)N)C)CC6=CC=C(C=C6)OC)CC7=CNC8=C7C=C(C=C8)F)CC9=CNC1=C9C=C(C=C1)F,Active,,,,IC50,,1919130,0.55,,,,,,,,,,,,,,,,,,,,,,,,,,,,,,,,,,,,,,,,,,,,,,,,,,,,,,,,,,,,,,,,,,,,550,"P01130,Q8NBP7",BDBM586340,Proprotein convertase subtilisin/kexin type 9/Low-density lipoprotein receptor,,Low-density lipoprotein receptor,9606.0,Homo sapiens,,C75H95F2N13O12S2,1472.8,,,,,,,,,,,,,,,,,,,,,,,,,,550.0,,,,,,,,,,,,,,,,
242,475955959,160497361,C[C@@H]1C(=O)N[C@H](C(=O)N[C@H](C(=O)N2C[C@@H]3C[C@H]2C(=O)N[C@@H](CCC/C=C\CO3)C(=O)N[C@H](C(=O)N4CCC[C@]4(C(=O)N[C@@H](CC5=CC=C(CNC(=O)CCCCCC(=O)N1)C=C5)C(=O)N)C)CC6=CC=C(C=C6)OC)CC7=CNC8=C7C=C(C=C8)F)CC9=CNC1=C9C=C(C=C1)F,Active,,,,IC50,,1919130,0.05,,,,,,,,,,,,,,,,,,,,,,,,,,,,,,,,,,,,,,,,,,,,,,,,,,,,,,,,,,,,,,,,,,,,50,"P01130,Q8NBP7",BDBM586341,Proprotein convertase subtilisin/kexin type 9/Low-density lipoprotein receptor,,Low-density lipoprotein receptor,9606.0,Homo sapiens,,C71H84F2N12O12,1335.5,,,,,,,,,,,,,,,,,,,,,,,,,,50.0,,,,,,,,,,,,,,,,
243,475955960,160277077,C[C@H]1C(=O)N[C@@H](C(=O)N[C@H]2CC3=CC(=CC=C3)/C=C/CCC[C@@H](C(=O)N[C@H](C(=O)N[C@H](C(=O)N4CCC[C@]4(C(=O)NCCSCC5=CC=CC(=C5)CSCCC(=O)N1)C)CC6=CC=C(C=C6)OC)[C@@H](C)OC)N(C(=O)[C@@H](NC2=O)CC7=CNC8=C7C=C(C=C8)F)C)C,Active,,,,IC50,,1919130,0.05,,,,,,,,,,,,,,,,,,,,,,,,,,,,,,,,,,,,,,,,,,,,,,,,,,,,,,,,,,,,,,,,,,,,50,"P01130,Q8NBP7",BDBM586342,Proprotein convertase subtilisin/kexin type 9/Low-density lipoprotein receptor,,Low-density lipoprotein receptor,9606.0,Homo sapiens,,C68H85FN10O11S2,1301.6,,,,,,,,,,,,,,,,,,,,,,,,,,50.0,,,,,,,,,,,,,,,,
244,475955961,160156361,C[C@@H]1C(=O)N[C@H](C(=O)N[C@H](C(=O)N2C[C@@H]3C[C@H]2C(=O)N[C@@H](CC/C=C\CO3)C(=O)N[C@H](C(=O)N4CCC[C@]4(C(=O)N[C@@H](CC5=CC=C(CNC(=O)C[C@@H](C(=O)N[C@H](C(=O)N1)C)NC(=O)C)C=C5)C(=O)O)C)CC6=CC=C(C=C6)OC)CC7=CNC8=C7C=C(C=C8)F)CC9=CNC1=C9C=C(C=C1)F,Active,,,,IC50,,1919130,0.55,,,,,,,,,,,,,,,,,,,,,,,,,,,,,,,,,,,,,,,,,,,,,,,,,,,,,,,,,,,,,,,,,,,,550,"P01130,Q8NBP7",BDBM586343,Proprotein convertase subtilisin/kexin type 9/Low-density lipoprotein receptor,,Low-density lipoprotein receptor,9606.0,Homo sapiens,,C72H83F2N13O15,1408.5,,,,,,,,,,,,,,,,,,,,,,,,,,550.0,,,,,,,,,,,,,,,,
245,475955962,160089872,C[C@H]1C(=O)N[C@@H](C(=O)N[C@H]2CC3=CC(=NC=C3)NCCCC[C@@H](C(=O)N[C@H](C(=O)N[C@H](C(=O)N4CCC[C@]4(C(=O)N[C@@H](CSCC5=CC=CC(=C5)CSCCC(=O)N1)C(=O)N)C)CC6=CC=C(C=C6)OC)C)NC(=O)[C@@H](NC2=O)CC7=CNC8=C7C=C(C=C8)F)C,Active,,,,IC50,,1919130,0.05,,,,,,,,,,,,,,,,,,,,,,,,,,,,,,,,,,,,,,,,,,,,,,,,,,,,,,,,,,,,,,,,,,,,50,"P01130,Q8NBP7",BDBM586344,Proprotein convertase subtilisin/kexin type 9/Low-density lipoprotein receptor,,Low-density lipoprotein receptor,9606.0,Homo sapiens,,C64H80FN13O11S2,1290.5,,,,,,,,,,,,,,,,,,,,,,,,,,50.0,,,,,,,,,,,,,,,,
246,475955963,161671582,C[C@H]1C(=O)N[C@@H](C(=O)N[C@H]2CC3=CC(=CC=C3)OC/C=C/CO[C@H]4CCN([C@@H]4C(=O)N[C@H](C(=O)N[C@H](C(=O)N5CCC[C@]5(C(=O)NCCSCC6=CC=CC(=C6)CSCCC(=O)N1)C)CC7=CC=C(C=C7)OC)[C@@H](C)O)C(=O)[C@@H](NC2=O)CC8=CNC9=C8C=C(C=C9)F)C,Active,,,,IC50,,1919130,0.05,,,,,,,,,,,,,,,,,,,,,,,,,,,,,,,,,,,,,,,,,,,,,,,,,,,,,,,,,,,,,,,,,,,,50,"P01130,Q8NBP7",BDBM586345,Proprotein convertase subtilisin/kexin type 9/Low-density lipoprotein receptor,,Low-density lipoprotein receptor,9606.0,Homo sapiens,,C68H83FN10O13S2,1331.6,,,,,,,,,,,,,,,,,,,,,,,,,,50.0,,,,,,,,,,,,,,,,
247,475955964,161520237,C[C@H]1C(=O)N[C@@H](C(=O)N[C@H](C(=O)N[C@H](C(=O)N2C[C@@H]3C[C@H]2C(=O)N[C@@H](CCCC(=O)N3)C(=O)N[C@H](C(=O)N4CCC[C@]4(C(=O)NCCSCC5=CC=C(CSCCN1)C=C5)C)CC6=CC=C(C=C6)OC)CC7=CNC8=C7C=C(C=C8)F)CC9=CNC1=C9C=C(C=C1)F)C,Active,,,,IC50,,1919130,6.55,,,,,,,,,,,,,,,,,,,,,,,,,,,,,,,,,,,,,,,,,,,,,,,,,,,,,,,,,,,,,,,,,,,,6550,"P01130,Q8NBP7",BDBM586346,Proprotein convertase subtilisin/kexin type 9/Low-density lipoprotein receptor,,Low-density lipoprotein receptor,9606.0,Homo sapiens,,C67H80F2N12O10S2,1315.6,,,,,,,,,,,,,,,,,,,,,,,,,,6550.0,,,,,,,,,,,,,,,,
248,475955965,160004913,C[C@@H]1C(=O)N[C@H](C(=O)N[C@H](C(=O)N2C[C@@H]3C[C@H]2C(=O)N[C@@H](CCCCC(=O)N3)C(=O)N[C@H](C(=O)N4CCC[C@]4(C(=O)NCSCCC5=CC(=CC=C5)CSCCC(=O)N[C@H](C(=O)N1)CCCN=[N+]=[N-])C)CC6=CC=C(C=C6)OC)CC7=CNC8=C7C=C(C=C8)F)CC9=CNC1=C9C=C(C=C1)F,Active,,,,IC50,,1919130,0.05,,,,,,,,,,,,,,,,,,,,,,,,,,,,,,,,,,,,,,,,,,,,,,,,,,,,,,,,,,,,,,,,,,,,50,"P01130,Q8NBP7",BDBM586347,Proprotein convertase subtilisin/kexin type 9/Low-density lipoprotein receptor,,Low-density lipoprotein receptor,9606.0,Homo sapiens,,C71H85F2N15O11S2,1426.7,,,,,,,,,,,,,,,,,,,,,,,,,,50.0,,,,,,,,,,,,,,,,
249,475955966,160914236,C[C@@H]1C(=O)N[C@H](C(=O)N[C@H](C(=O)N2C[C@@H]3C[C@H]2C(=O)N[C@@H](CCCCC(=O)N3)C(=O)N[C@H](C(=O)N4CCC[C@]4(C(=O)NCSCCC5=CC(=CC=C5)CSCCC(=O)N[C@H](C(=O)N1)CCCN)C)CC6=CC=C(C=C6)OC)CC7=CNC8=C7C=C(C=C8)F)CC9=CNC1=C9C=C(C=C1)F,Active,,,,IC50,,1919130,0.05,,,,,,,,,,,,,,,,,,,,,,,,,,,,,,,,,,,,,,,,,,,,,,,,,,,,,,,,,,,,,,,,,,,,50,"P01130,Q8NBP7",BDBM586348,Proprotein convertase subtilisin/kexin type 9/Low-density lipoprotein receptor,,Low-density lipoprotein receptor,9606.0,Homo sapiens,,C71H87F2N13O11S2,1400.7,,,,,,,,,,,,,,,,,,,,,,,,,,50.0,,,,,,,,,,,,,,,,
250,475955967,166611958,C[C@@H]1C(=O)N[C@H](C(=O)N[C@H](C(=O)N[C@H](C(=O)N[C@H](C(=O)N[C@H](C(=O)N2CCC[C@]2(C(=O)N[C@@H](CCCC(=O)NCC3=CC=C(CC(=O)NCCCC[C@H](C(=O)N1)NC(=O)C)C=C3)C(=O)N)C)CC4=CC=C(C=C4)OC)CC5=CNC=N5)CC(=O)O)CC6=CNC7=C6C=C(C=C7)F)CC8=CNC9=C8C=C(C=C9)F,Active,,,,IC50,,1919130,0.05,,,,,,,,,,,,,,,,,,,,,,,,,,,,,,,,,,,,,,,,,,,,,,,,,,,,,,,,,,,,,,,,,,,,50,"P01130,Q8NBP7",BDBM586349,Proprotein convertase subtilisin/kexin type 9/Low-density lipoprotein receptor,,Low-density lipoprotein receptor,9606.0,Homo sapiens,,C74H88F2N16O15,1479.6,,,,,,,,,,,,,,,,,,,,,,,,,,50.0,,,,,,,,,,,,,,,,
RESULT_DESCR,,,,,,,,Standardized activity type (e.g. IC50 rather than Ic-50/Ic50/ic50/ic-50),,1570992,PubChem standardized value transformed from 'Standard Value'. The unit is always micromolar,"Qualifier (e.g. >, <, =) for 'Standard Value'",Standardized activity value transformed to common units: e.g. mM concentrations converted to nM,Selected units for 'Standard Type': e.g. concentrations are in nM,,,,,,,,,,,,,,,,,,,,,,,,,,,,,,,,,,,,,,,,,,,,,,,,,,,,,,,,,,,,,,,,,,,,,,Low-density lipoprotein receptor,9606.0,Homo sapiens,,,,,,,,,,,,,,,,,,,,,,,,,,,,,,,,,,,,,,,,,,,,,
RESULT_DESCR,,,,,,,,Standardized activity type (e.g. IC50 rather than Ic-50/Ic50/ic50/ic-50),Additional comments,1570993,,,,,,,,,,,,,,,,,,,,,,,,,,,,,,,,,,,,,,,,,,,,,,,,,,,,,,,,,,,,,,,,,,,,,,,,,,Low-density lipoprotein receptor,9606.0,Homo sapiens,,,,,,,,,,,,,,,,,,,,,,,,,,,,,,,,,,,,,,,,,,,,,
RESULT_DESCR,,,,,,,,Standardized activity type (e.g. IC50 rather than Ic-50/Ic50/ic50/ic-50),Additional comments,1570994,,,,,,,,,,,,,,,,,,,,,,,,,,,,,,,,,,,,,,,,,,,,,,,,,,,,,,,,,,,,,,,,,,,,,,,,,,Low-density lipoprotein receptor,9606.0,Homo sapiens,,,,,,,,,,,,,,,,,,,,,,,,,,,,,,,,,,,,,,,,,,,,,
RESULT_DESCR,,,,,,,,Standardized activity type (e.g. IC50 rather than Ic-50/Ic50/ic50/ic-50),Additional comments,1570995,,,,Selected units for 'Standard Type': e.g. concentrations are in nM,,,,,,,,,,,,,,,,,,,,,,,,,,,,,,,,,,,,,,,,,,,,,,,,,,,,,,,,,,,,,,,,,,,,,,Low-density lipoprotein receptor,9606.0,Homo sapiens,,,,,,,,,,,,,,,,,,,,,,,,,,,,,,,,,,,,,,,,,,,,,
RESULT_DESCR,,,,,,,,Standardized activity type (e.g. IC50 rather than Ic-50/Ic50/ic50/ic-50),Additional comments,1570996,,,,,,,,,,,,,,,,,,,,,,,,,,,,,,,,,,,,,,,,,,,,,,,,,,,,,,,,,,,,,,,,,,,,,,,,,,Low-density lipoprotein receptor,9606.0,Homo sapiens,,,,,,,,,,,,,,,,,,,,,,,,,,,,,,,,,,,,,,,,,,,,,
RESULT_DESCR,,,,,,,,Standardized activity type (e.g. IC50 rather than Ic-50/Ic50/ic50/ic-50),,1812682,,"Qualifier (e.g. >, <, =) for 'Standard Value'",Standardized activity value transformed to common units: e.g. mM concentrations converted to nM,,,,,,,,,,,,,,,,,,,,,,,,,,,,,,,,,,,,,,,,,,,,,,,,,,,,,,,,,,,,,,,,,,,,,,,Low-density lipoprotein receptor,9606.0,Homo sapiens,,,,,,,,,,,,,,,,,,,,,,,,,,,,,,,,,,,,,,,,,,,,,
RESULT_DESCR,,,,,,,,Standardized activity type (e.g. IC50 rather than Ic-50/Ic50/ic50/ic-50),,1812683,,"Qualifier (e.g. >, <, =) for 'Standard Value'",Standardized activity value transformed to common units: e.g. mM concentrations converted to nM,,,,,,,,,,,,,,,,,,,,,,,,,,,,,,,,,,,,,,,,,,,,,,,,,,,,,,,,,,,,,,,,,,,,,,,Low-density lipoprotein receptor,9606.0,Homo sapiens,,,,,,,,,,,,,,,,,,,,,,,,,,,,,,,,,,,,,,,,,,,,,
RESULT_DESCR,,,,,,,,Standardized activity type (e.g. IC50 rather than Ic-50/Ic50/ic50/ic-50),,1812684,,"Qualifier (e.g. >, <, =) for 'Standard Value'",Standardized activity value transformed to common units: e.g. mM concentrations converted to nM,Selected units for 'Standard Type': e.g. concentrations are in nM,,,,,,,,,,,,,,,,,,,,,,,,,,,,,,,,,,,,,,,,,,,,,,,,,,,,,,,,,,,,,,,,,,,,,,Low-density lipoprotein receptor,9606.0,Homo sapiens,,,,,,,,,,,,,,,,,,,,,,,,,,,,,,,,,,,,,,,,,,,,,
RESULT_DESCR,,,,,,,,Standardized activity type (e.g. IC50 rather than Ic-50/Ic50/ic50/ic-50),,1812685,,"Qualifier (e.g. >, <, =) for 'Standard Value'",Standardized activity value transformed to common units: e.g. mM concentrations converted to nM,Selected units for 'Standard Type': e.g. concentrations are in nM,,,,,,,,,,,,,,,,,,,,,,,,,,,,,,,,,,,,,,,,,,,,,,,,,,,,,,,,,,,,,,,,,,,,,,Low-density lipoprotein receptor,9606.0,Homo sapiens,,,,,,,,,,,,,,,,,,,,,,,,,,,,,,,,,,,,,,,,,,,,,
RESULT_DESCR,,,,,,,,Standardized activity type (e.g. IC50 rather than Ic-50/Ic50/ic50/ic-50),Additional comments,1812686,,,,,,,,,,,,,,,,,,,,,,,,,,,,,,,,,,,,,,,,,,,,,,,,,,,,,,,,,,,,,,,,,,,,,,,,,,Low-density lipoprotein receptor,9606.0,Homo sapiens,,,,,,,,,,,,,,,,,,,,,,,,,,,,,,,,,,,,,,,,,,,,,
RESULT_DESCR,,,,,,,,Standardized activity type (e.g. IC50 rather than Ic-50/Ic50/ic50/ic-50),,1812687,,"Qualifier (e.g. >, <, =) for 'Standard Value'",Standardized activity value transformed to common units: e.g. mM concentrations converted to nM,Selected units for 'Standard Type': e.g. concentrations are in nM,,,,,,,,,,,,,,,,,,,,,,,,,,,,,,,,,,,,,,,,,,,,,,,,,,,,,,,,,,,,,,,,,,,,,,Low-density lipoprotein receptor,9606.0,Homo sapiens,,,,,,,,,,,,,,,,,,,,,,,,,,,,,,,,,,,,,,,,,,,,,
RESULT_DESCR,,,,,,,,Standardized activity type (e.g. IC50 rather than Ic-50/Ic50/ic50/ic-50),,1812688,,"Qualifier (e.g. >, <, =) for 'Standard Value'",Standardized activity value transformed to common units: e.g. mM concentrations converted to nM,Selected units for 'Standard Type': e.g. concentrations are in nM,,,,,,,,,,,,,,,,,,,,,,,,,,,,,,,,,,,,,,,,,,,,,,,,,,,,,,,,,,,,,,,,,,,,,,Low-density lipoprotein receptor,9606.0,Homo sapiens,,,,,,,,,,,,,,,,,,,,,,,,,,,,,,,,,,,,,,,,,,,,,
RESULT_DESCR,,,,,,,,Standardized activity type (e.g. IC50 rather than Ic-50/Ic50/ic50/ic-50),,1812689,,"Qualifier (e.g. >, <, =) for 'Standard Value'",Standardized activity value transformed to common units: e.g. mM concentrations converted to nM,Selected units for 'Standard Type': e.g. concentrations are in nM,,,,,,,,,,,,,,,,,,,,,,,,,,,,,,,,,,,,,,,,,,,,,,,,,,,,,,,,,,,,,,,,,,,,,,Low-density lipoprotein receptor,9606.0,Homo sapiens,,,,,,,,,,,,,,,,,,,,,,,,,,,,,,,,,,,,,,,,,,,,,
RESULT_DESCR,,,,,,,,Standardized activity type (e.g. IC50 rather than Ic-50/Ic50/ic50/ic-50),,1812690,,"Qualifier (e.g. >, <, =) for 'Standard Value'",Standardized activity value transformed to common units: e.g. mM concentrations converted to nM,Selected units for 'Standard Type': e.g. concentrations are in nM,,,,,,,,,,,,,,,,,,,,,,,,,,,,,,,,,,,,,,,,,,,,,,,,,,,,,,,,,,,,,,,,,,,,,,Low-density lipoprotein receptor,9606.0,Homo sapiens,,,,,,,,,,,,,,,,,,,,,,,,,,,,,,,,,,,,,,,,,,,,,
RESULT_DESCR,,,,,,,,Standardized activity type (e.g. IC50 rather than Ic-50/Ic50/ic50/ic-50),Additional comments,1812691,,,,,,,,,,,,,,,,,,,,,,,,,,,,,,,,,,,,,,,,,,,,,,,,,,,,,,,,,,,,,,,,,,,,,,,,,,Low-density lipoprotein receptor,9606.0,Homo sapiens,,,,,,,,,,,,,,,,,,,,,,,,,,,,,,,,,,,,,,,,,,,,,
RESULT_DESCR,,,,,,,,Standardized activity type (e.g. IC50 rather than Ic-50/Ic50/ic50/ic-50),,1812692,,"Qualifier (e.g. >, <, =) for 'Standard Value'",Standardized activity value transformed to common units: e.g. mM concentrations converted to nM,Selected units for 'Standard Type': e.g. concentrations are in nM,,,,,,,,,,,,,,,,,,,,,,,,,,,,,,,,,,,,,,,,,,,,,,,,,,,,,,,,,,,,,,,,,,,,,,Low-density lipoprotein receptor,9606.0,Homo sapiens,,,,,,,,,,,,,,,,,,,,,,,,,,,,,,,,,,,,,,,,,,,,,
RESULT_DESCR,,,,,,,,Standardized activity type (e.g. IC50 rather than Ic-50/Ic50/ic50/ic-50),Additional comments,1812693,,,,,,,,,,,,,,,,,,,,,,,,,,,,,,,,,,,,,,,,,,,,,,,,,,,,,,,,,,,,,,,,,,,,,,,,,,Low-density lipoprotein receptor,9606.0,Homo sapiens,,,,,,,,,,,,,,,,,,,,,,,,,,,,,,,,,,,,,,,,,,,,,
RESULT_DESCR,,,,,,,,Standardized activity type (e.g. IC50 rather than Ic-50/Ic50/ic50/ic-50),Additional comments,1812704,,,,,,,,,,,,,,,,,,,,,,,,,,,,,,,,,,,,,,,,,,,,,,,,,,,,,,,,,,,,,,,,,,,,,,,,,,Low-density lipoprotein receptor,9606.0,Homo sapiens,,,,,,,,,,,,,,,,,,,,,,,,,,,,,,,,,,,,,,,,,,,,,
RESULT_DESCR,,,,,,,,Standardized activity type (e.g. IC50 rather than Ic-50/Ic50/ic50/ic-50),Additional comments,1812725,,,,,,,,,,,,,,,,,,,,,,,,,,,,,,,,,,,,,,,,,,,,,,,,,,,,,,,,,,,,,,,,,,,,,,,,,,Low-density lipoprotein receptor,9606.0,Homo sapiens,,,,,,,,,,,,,,,,,,,,,,,,,,,,,,,,,,,,,,,,,,,,,
RESULT_DESCR,,,,,,,,Standardized activity type (e.g. IC50 rather than Ic-50/Ic50/ic50/ic-50),,1812726,,"Qualifier (e.g. >, <, =) for 'Standard Value'",Standardized activity value transformed to common units: e.g. mM concentrations converted to nM,Selected units for 'Standard Type': e.g. concentrations are in nM,,,,,,,,,,,,,,,,,,,,,,,,,,,,,,,,,,,,,,,,,,,,,,,,,,,,,,,,,,,,,,,,,,,,,,Low-density lipoprotein receptor,9606.0,Homo sapiens,,,,,,,,,,,,,,,,,,,,,,,,,,,,,,,,,,,,,,,,,,,,,
RESULT_DESCR,,,,,,,,Standardized activity type (e.g. IC50 rather than Ic-50/Ic50/ic50/ic-50),,1812727,,"Qualifier (e.g. >, <, =) for 'Standard Value'",Standardized activity value transformed to common units: e.g. mM concentrations converted to nM,Selected units for 'Standard Type': e.g. concentrations are in nM,,,,,,,,,,,,,,,,,,,,,,,,,,,,,,,,,,,,,,,,,,,,,,,,,,,,,,,,,,,,,,,,,,,,,,Low-density lipoprotein receptor,9606.0,Homo sapiens,,,,,,,,,,,,,,,,,,,,,,,,,,,,,,,,,,,,,,,,,,,,,
RESULT_DESCR,,,,,,,,Standardized activity type (e.g. IC50 rather than Ic-50/Ic50/ic50/ic-50),,1812728,,"Qualifier (e.g. >, <, =) for 'Standard Value'",Standardized activity value transformed to common units: e.g. mM concentrations converted to nM,Selected units for 'Standard Type': e.g. concentrations are in nM,,,,,,,,,,,,,,,,,,,,,,,,,,,,,,,,,,,,,,,,,,,,,,,,,,,,,,,,,,,,,,,,,,,,,,Low-density lipoprotein receptor,9606.0,Homo sapiens,,,,,,,,,,,,,,,,,,,,,,,,,,,,,,,,,,,,,,,,,,,,,
RESULT_DESCR,,,,,,,,Standardized activity type (e.g. IC50 rather than Ic-50/Ic50/ic50/ic-50),,1812729,,"Qualifier (e.g. >, <, =) for 'Standard Value'",Standardized activity value transformed to common units: e.g. mM concentrations converted to nM,Selected units for 'Standard Type': e.g. concentrations are in nM,,,,,,,,,,,,,,,,,,,,,,,,,,,,,,,,,,,,,,,,,,,,,,,,,,,,,,,,,,,,,,,,,,,,,,Low-density lipoprotein receptor,9606.0,Homo sapiens,,,,,,,,,,,,,,,,,,,,,,,,,,,,,,,,,,,,,,,,,,,,,
RESULT_DESCR,,,,,,,,Standardized activity type (e.g. IC50 rather than Ic-50/Ic50/ic50/ic-50),,1812730,,"Qualifier (e.g. >, <, =) for 'Standard Value'",Standardized activity value transformed to common units: e.g. mM concentrations converted to nM,,,,,,,,,,,,,,,,,,,,,,,,,,,,,,,,,,,,,,,,,,,,,,,,,,,,,,,,,,,,,,,,,,,,,,,Low-density lipoprotein receptor,9606.0,Homo sapiens,,,,,,,,,,,,,,,,,,,,,,,,,,,,,,,,,,,,,,,,,,,,,
RESULT_DESCR,,,,,,,,Standardized activity type (e.g. IC50 rather than Ic-50/Ic50/ic50/ic-50),,1812731,,"Qualifier (e.g. >, <, =) for 'Standard Value'",Standardized activity value transformed to common units: e.g. mM concentrations converted to nM,,,,,,,,,,,,,,,,,,,,,,,,,,,,,,,,,,,,,,,,,,,,,,,,,,,,,,,,,,,,,,,,,,,,,,,Low-density lipoprotein receptor,9606.0,Homo sapiens,,,,,,,,,,,,,,,,,,,,,,,,,,,,,,,,,,,,,,,,,,,,,
RESULT_DESCR,,,,,,,,Standardized activity type (e.g. IC50 rather than Ic-50/Ic50/ic50/ic-50),,1812732,,"Qualifier (e.g. >, <, =) for 'Standard Value'",Standardized activity value transformed to common units: e.g. mM concentrations converted to nM,,,,,,,,,,,,,,,,,,,,,,,,,,,,,,,,,,,,,,,,,,,,,,,,,,,,,,,,,,,,,,,,,,,,,,,Low-density lipoprotein receptor,9606.0,Homo sapiens,,,,,,,,,,,,,,,,,,,,,,,,,,,,,,,,,,,,,,,,,,,,,
RESULT_DESCR,,,,,,,,Standardized activity type (e.g. IC50 rather than Ic-50/Ic50/ic50/ic-50),,1812733,,"Qualifier (e.g. >, <, =) for 'Standard Value'",Standardized activity value transformed to common units: e.g. mM concentrations converted to nM,,,,,,,,,,,,,,,,,,,,,,,,,,,,,,,,,,,,,,,,,,,,,,,,,,,,,,,,,,,,,,,,,,,,,,,Low-density lipoprotein receptor,9606.0,Homo sapiens,,,,,,,,,,,,,,,,,,,,,,,,,,,,,,,,,,,,,,,,,,,,,
RESULT_DESCR,,,,,,,,Standardized activity type (e.g. IC50 rather than Ic-50/Ic50/ic50/ic-50),Additional comments,1812734,,,,,,,,,,,,,,,,,,,,,,,,,,,,,,,,,,,,,,,,,,,,,,,,,,,,,,,,,,,,,,,,,,,,,,,,,,Low-density lipoprotein receptor,9606.0,Homo sapiens,,,,,,,,,,,,,,,,,,,,,,,,,,,,,,,,,,,,,,,,,,,,,
RESULT_DESCR,,,,,,,,Standardized activity type (e.g. IC50 rather than Ic-50/Ic50/ic50/ic-50),Additional comments,1812735,,,,,,,,,,,,,,,,,,,,,,,,,,,,,,,,,,,,,,,,,,,,,,,,,,,,,,,,,,,,,,,,,,,,,,,,,,Low-density lipoprotein receptor,9606.0,Homo sapiens,,,,,,,,,,,,,,,,,,,,,,,,,,,,,,,,,,,,,,,,,,,,,
RESULT_DESCR,,,,,,,,Standardized activity type (e.g. IC50 rather than Ic-50/Ic50/ic50/ic-50),,1812736,,"Qualifier (e.g. >, <, =) for 'Standard Value'",Standardized activity value transformed to common units: e.g. mM concentrations converted to nM,Selected units for 'Standard Type': e.g. concentrations are in nM,,,,,,,,,,,,,,,,,,,,,,,,,,,,,,,,,,,,,,,,,,,,,,,,,,,,,,,,,,,,,,,,,,,,,,Low-density lipoprotein receptor,9606.0,Homo sapiens,,,,,,,,,,,,,,,,,,,,,,,,,,,,,,,,,,,,,,,,,,,,,
RESULT_DESCR,,,,,,,,Standardized activity type (e.g. IC50 rather than Ic-50/Ic50/ic50/ic-50),,1812737,,"Qualifier (e.g. >, <, =) for 'Standard Value'",Standardized activity value transformed to common units: e.g. mM concentrations converted to nM,Selected units for 'Standard Type': e.g. concentrations are in nM,,,,,,,,,,,,,,,,,,,,,,,,,,,,,,,,,,,,,,,,,,,,,,,,,,,,,,,,,,,,,,,,,,,,,,Low-density lipoprotein receptor,9606.0,Homo sapiens,,,,,,,,,,,,,,,,,,,,,,,,,,,,,,,,,,,,,,,,,,,,,
RESULT_DESCR,,,,,,,,Standardized activity type (e.g. IC50 rather than Ic-50/Ic50/ic50/ic-50),,1812739,PubChem standardized value transformed from 'Standard Value'. The unit is always micromolar,"Qualifier (e.g. >, <, =) for 'Standard Value'",Standardized activity value transformed to common units: e.g. mM concentrations converted to nM,Selected units for 'Standard Type': e.g. concentrations are in nM,Comment reflecting whether the values for this activity measurement are likely to be correct,,,,,,,,,,,,,,,,,,,,,,,,,,,,,,,,,,,,,,,,,,,,,,,,,,,,,,,,,,,,,,,,,,,,,Low-density lipoprotein receptor,9606.0,Homo sapiens,,,,,,,,,,,,,,,,,,,,,,,,,,,,,,,,,,,,,,,,,,,,,
RESULT_DESCR,,,,,,,,Standardized activity type (e.g. IC50 rather than Ic-50/Ic50/ic50/ic-50),,371092,PubChem standardized value transformed from 'Standard Value'. The unit is always micromolar,"Qualifier (e.g. >, <, =) for 'Standard Value'",Standardized activity value transformed to common units: e.g. mM concentrations converted to nM,Selected units for 'Standard Type': e.g. concentrations are in nM,,,,,,,,,,,,,,,,,,,,,,,,,,,,,,,,,,,,,,,,,,,,,,,,,,,,,,,,,,,,,,,,,,,,,,Low-density lipoprotein receptor,9606.0,Homo sapiens,,,,,,,,,,,,,,,,,,,,,,,,,,,,,,,,,,,,,,,,,,,,,
RESULT_DESCR,,,,,,,,Standardized activity type (e.g. IC50 rather than Ic-50/Ic50/ic50/ic-50),,1980833,,"Qualifier (e.g. >, <, =) for 'Standard Value'",Standardized activity value transformed to common units: e.g. mM concentrations converted to nM,Selected units for 'Standard Type': e.g. concentrations are in nM,,,,,,,,,,,,,,,,,,,,,,,,,,,,,,,,,,,,,,,,,,,,,,,,,,,,,,,,,,,,,,,,,,,,,,Low-density lipoprotein receptor,9606.0,Homo sapiens,,,,,,,,,,,,,,,,,,,,,,,,,,,,,,,,,,,,,,,,,,,,,
RESULT_DESCR,,,,,,,,Standardized activity type (e.g. IC50 rather than Ic-50/Ic50/ic50/ic-50),,1980834,PubChem standardized value transformed from 'Standard Value'. The unit is always micromolar,"Qualifier (e.g. >, <, =) for 'Standard Value'",Standardized activity value transformed to common units: e.g. mM concentrations converted to nM,Selected units for 'Standard Type': e.g. concentrations are in nM,,,,,,,,,,,,,,,,,,,,,,,,,,,,,,,,,,,,,,,,,,,,,,,,,,,,,,,,,,,,,,,,,,,,,,Low-density lipoprotein receptor,9606.0,Homo sapiens,,,,,,,,,,,,,,,,,,,,,,,,,,,,,,,,,,,,,,,,,,,,,
1,504793748,3769828,CN1C2=C(C(=O)N(C1=O)C)N(C(=N2)NCCOC)CC3=CC(=CC=C3)OC,Active,,,,IC50,,1980834,6.4,=,6400,nM,,,,,,,,,,,,,,,,,,,,,,,,,,,,,,,,,,,,,,,,,,,,,,,,,,,,,,,,,,,,,,,,,,,,,,Low-density lipoprotein receptor,9606.0,Homo sapiens,,C18H23N5O4,373.4,,,,,,,,,,,,,,,,,,,,,,,,,,,,,,,,,,,,,,,,,,
2,504795745,22310551,CN1C2=C(C(=O)N(C1=O)C)N(C(=N2)NCCO)CC3=CC=CC=C3Br,Unspecified,,,,IC50,,1980834,24.2,=,24200,nM,,,,,,,,,,,,,,,,,,,,,,,,,,,,,,,,,,,,,,,,,,,,,,,,,,,,,,,,,,,,,,,,,,,,,,Low-density lipoprotein receptor,9606.0,Homo sapiens,,C16H18BrN5O3,408.25,,,,,,,,,,,,,,,,,,,,,,,,,,,,,,,,,,,,,,,,,,
3,504798452,166527761,CN1C2=C(C(=O)N(C1=O)C)N(C(=N2)NCCO)CC3=CC(=CC=C3)OC(F)(F)F,Unspecified,,,,IC50,,1980834,20.8,=,20800,nM,,,,,,,,,,,,,,,,,,,,,,,,,,,,,,,,,,,,,,,,,,,,,,,,,,,,,,,,,,,,,,,,,,,,,,Low-density lipoprotein receptor,9606.0,Homo sapiens,,C17H18F3N5O4,413.4,,,,,,,,,,,,,,,,,,,,,,,,,,,,,,,,,,,,,,,,,,
4,504802406,172444968,CN1C2=C(C(=O)N(C1=O)C)N(C(=N2)NCCO)CC3=C(C=CC(=C3)F)F,Unspecified,,,,IC50,,1980834,10.7,=,10700,nM,,,,,,,,,,,,,,,,,,,,,,,,,,,,,,,,,,,,,,,,,,,,,,,,,,,,,,,,,,,,,,,,,,,,,,Low-density lipoprotein receptor,9606.0,Homo sapiens,,C16H17F2N5O3,365.33,,,,,,,,,,,,,,,,,,,,,,,,,,,,,,,,,,,,,,,,,,
5,504805310,3439576,CN1C2=C(C(=O)N(C1=O)C)N(C(=N2)NCCO)CC3=CC=C(C=C3)F,Unspecified,,,,IC50,,1980834,27.8,=,27800,nM,,,,,,,,,,,,,,,,,,,,,,,,,,,,,,,,,,,,,,,,,,,,,,,,,,,,,,,,,,,,,,,,,,,,,,Low-density lipoprotein receptor,9606.0,Homo sapiens,,C16H18FN5O3,347.34,,,,,,,,,,,,,,,,,,,,,,,,,,,,,,,,,,,,,,,,,,
6,504806170,166527747,CN1C2=C(C(=O)N(C1=O)C)N(C(=N2)NCCO)CC3=C(C(=CC=C3)Cl)F,Active,,,,IC50,,1980834,5.7,=,5700,nM,,,,,,,,,,,,,,,,,,,,,,,,,,,,,,,,,,,,,,,,,,,,,,,,,,,,,,,,,,,,,,,,,,,,,,Low-density lipoprotein receptor,9606.0,Homo sapiens,,C16H17ClFN5O3,381.79,,,,,,,,,,,,,,,,,,,,,,,,,,,,,,,,,,,,,,,,,,
7,504809497,2962705,CN1C2=C(C(=O)N(C1=O)C)N(C(=N2)NCCO)CC3=CC(=CC=C3)OC,Active,,,,IC50,,1980834,2.4,=,2400,nM,,,,,,,,,,,,,,,,,,,,,,,,,,,,,,,,,,,,,,,,,,,,,,,,,,,,,,,,,,,,,,,,,,,,,,Low-density lipoprotein receptor,9606.0,Homo sapiens,,C17H21N5O4,359.4,,,,,,,,,,,,,,,,,,,,,,,,,,,,,,,,,,,,,,,,,,
8,504813881,166527765,CN1C2=C(C(=O)N(C1=O)C)N(C(=N2)NCCO)CC3=C(C=C(C=C3)F)F,Unspecified,,,,IC50,,1980834,26,=,26000,nM,,,,,,,,,,,,,,,,,,,,,,,,,,,,,,,,,,,,,,,,,,,,,,,,,,,,,,,,,,,,,,,,,,,,,,Low-density lipoprotein receptor,9606.0,Homo sapiens,,C16H17F2N5O3,365.33,,,,,,,,,,,,,,,,,,,,,,,,,,,,,,,,,,,,,,,,,,
9,504816928,172455041,CN1C2=C(C(=O)N(C1=O)C)N(C(=N2)NCCO)CC3=CC(=C(C=C3)F)C(F)(F)F,Active,,,,IC50,,1980834,7.8,=,7800,nM,,,,,,,,,,,,,,,,,,,,,,,,,,,,,,,,,,,,,,,,,,,,,,,,,,,,,,,,,,,,,,,,,,,,,,Low-density lipoprotein receptor,9606.0,Homo sapiens,,C17H17F4N5O3,415.3,,,,,,,,,,,,,,,,,,,,,,,,,,,,,,,,,,,,,,,,,,
10,504817482,4526925,CN1C2=C(C(=O)N(C1=O)C)N(C(=N2)NCCO)CC3=CC=C(C=C3)OC,Unspecified,,,,IC50,,1980834,18.7,=,18700,nM,,,,,,,,,,,,,,,,,,,,,,,,,,,,,,,,,,,,,,,,,,,,,,,,,,,,,,,,,,,,,,,,,,,,,,Low-density lipoprotein receptor,9606.0,Homo sapiens,,C17H21N5O4,359.4,,,,,,,,,,,,,,,,,,,,,,,,,,,,,,,,,,,,,,,,,,
11,504821595,7005317,C[C@H](CNC1=NC2=C(N1CC3=CC(=CC=C3)OC)C(=O)N(C(=O)N2C)C)O,Active,,,,IC50,,1980834,3.9,=,3900,nM,,,,,,,,,,,,,,,,,,,,,,,,,,,,,,,,,,,,,,,,,,,,,,,,,,,,,,,,,,,,,,,,,,,,,,Low-density lipoprotein receptor,9606.0,Homo sapiens,,C18H23N5O4,373.4,,,,,,,,,,,,,,,,,,,,,,,,,,,,,,,,,,,,,,,,,,
12,504823776,166527759,CN1C2=C(C(=O)N(C1=O)C)N(C(=N2)NCCCO)CC3=CC(=CC=C3)OC,Unspecified,,,,IC50,,1980834,15.6,=,15600,nM,,,,,,,,,,,,,,,,,,,,,,,,,,,,,,,,,,,,,,,,,,,,,,,,,,,,,,,,,,,,,,,,,,,,,,Low-density lipoprotein receptor,9606.0,Homo sapiens,,C18H23N5O4,373.4,,,,,,,,,,,,,,,,,,,,,,,,,,,,,,,,,,,,,,,,,,
13,504825038,167245700,CN1C2=C(C(=O)N(C1=O)C)N(C(=N2)NCC(=O)OC)CC3=CC(=CC=C3)OC,Unspecified,,,,IC50,,1980834,11.9,=,11900,nM,,,,,,,,,,,,,,,,,,,,,,,,,,,,,,,,,,,,,,,,,,,,,,,,,,,,,,,,,,,,,,,,,,,,,,Low-density lipoprotein receptor,9606.0,Homo sapiens,,C18H21N5O5,387.4,,,,,,,,,,,,,,,,,,,,,,,,,,,,,,,,,,,,,,,,,,
14,504825572,368637,CN1C2=C(C(=O)N(C1=O)C)N(C(=N2)NCCO)CC3=CC=CC=C3,Active,,,,IC50,,1980834,3.7,=,3700,nM,,,,,,,,,,,,,,,,,,,,,,,,,,,,,,,,,,,,,,,,,,,,,,,,,,,,,,,,,,,,,,,,,,,,,,Low-density lipoprotein receptor,9606.0,Homo sapiens,,C16H19N5O3,329.35,,,,,,,,,,,,,,,,,,,,,,,,,,,,,,,,,,,,,,,,,,
15,504829510,166527735,CN1C2=C(C(=O)N(C1=O)C)N(C(=N2)NCC(=O)N)CC3=CC(=CC=C3)OC,Unspecified,,,,IC50,,1980834,21.9,=,21900,nM,,,,,,,,,,,,,,,,,,,,,,,,,,,,,,,,,,,,,,,,,,,,,,,,,,,,,,,,,,,,,,,,,,,,,,Low-density lipoprotein receptor,9606.0,Homo sapiens,,C17H20N6O4,372.4,,,,,,,,,,,,,,,,,,,,,,,,,,,,,,,,,,,,,,,,,,
16,504829690,7335873,C[C@@H](CNC1=NC2=C(N1CC3=CC(=CC=C3)OC)C(=O)N(C(=O)N2C)C)O,Unspecified,,,,IC50,,1980834,13.7,=,13700,nM,,,,,,,,,,,,,,,,,,,,,,,,,,,,,,,,,,,,,,,,,,,,,,,,,,,,,,,,,,,,,,,,,,,,,,Low-density lipoprotein receptor,9606.0,Homo sapiens,,C18H23N5O4,373.4,,,,,,,,,,,,,,,,,,,,,,,,,,,,,,,,,,,,,,,,,,
17,504832922,166527745,CN1C2=C(C(=O)N(C1=O)C)N(C(=N2)NCCO)CC3=C(C=CC=C3F)F,Unspecified,,,,IC50,,1980834,17.8,=,17800,nM,,,,,,,,,,,,,,,,,,,,,,,,,,,,,,,,,,,,,,,,,,,,,,,,,,,,,,,,,,,,,,,,,,,,,,Low-density lipoprotein receptor,9606.0,Homo sapiens,,C16H17F2N5O3,365.33,,,,,,,,,,,,,,,,,,,,,,,,,,,,,,,,,,,,,,,,,,
18,504834363,4029949,CC1=CC=CC=C1CN2C3=C(N=C2NCCO)N(C(=O)N(C3=O)C)C,Unspecified,,,,IC50,,1980834,19.1,=,19100,nM,,,,,,,,,,,,,,,,,,,,,,,,,,,,,,,,,,,,,,,,,,,,,,,,,,,,,,,,,,,,,,,,,,,,,,Low-density lipoprotein receptor,9606.0,Homo sapiens,,C17H21N5O3,343.4,,,,,,,,,,,,,,,,,,,,,,,,,,,,,,,,,,,,,,,,,,
19,504836274,3139397,CN1C2=C(C(=O)N(C1=O)C)N(C(=N2)NCCO)CC3=CC(=CC=C3)F,Unspecified,,,,IC50,,1980834,14.2,=,14200,nM,,,,,,,,,,,,,,,,,,,,,,,,,,,,,,,,,,,,,,,,,,,,,,,,,,,,,,,,,,,,,,,,,,,,,,Low-density lipoprotein receptor,9606.0,Homo sapiens,,C16H18FN5O3,347.34,,,,,,,,,,,,,,,,,,,,,,,,,,,,,,,,,,,,,,,,,,
20,504839201,166527738,C[C@@H](CO)NC1=NC2=C(N1CC3=CC(=CC=C3)OC)C(=O)N(C(=O)N2C)C,Unspecified,,,,IC50,,1980834,18,=,18000,nM,,,,,,,,,,,,,,,,,,,,,,,,,,,,,,,,,,,,,,,,,,,,,,,,,,,,,,,,,,,,,,,,,,,,,,Low-density lipoprotein receptor,9606.0,Homo sapiens,,C18H23N5O4,373.4,,,,,,,,,,,,,,,,,,,,,,,,,,,,,,,,,,,,,,,,,,
RESULT_DESCR,,,,,,,,Standardized activity type (e.g. IC50 rather than Ic-50/Ic50/ic50/ic-50),,1980835,PubChem standardized value transformed from 'Standard Value'. The unit is always micromolar,"Qualifier (e.g. >, <, =) for 'Standard Value'",Standardized activity value transformed to common units: e.g. mM concentrations converted to nM,Selected units for 'Standard Type': e.g. concentrations are in nM,,,,,,,,,,,,,,,,,,,,,,,,,,,,,,,,,,,,,,,,,,,,,,,,,,,,,,,,,,,,,,,,,,,,,,Low-density lipoprotein receptor,9606.0,Homo sapiens,,,,,,,,,,,,,,,,,,,,,,,,,,,,,,,,,,,,,,,,,,,,,
RESULT_DESCR,,,,,,,,Standardized activity type (e.g. IC50 rather than Ic-50/Ic50/ic50/ic-50),,1980836,,"Qualifier (e.g. >, <, =) for 'Standard Value'",Standardized activity value transformed to common units: e.g. mM concentrations converted to nM,,,,,,,,,,,,,,,,,,,,,,,,,,,,,,,,,,,,,,,,,,,,,,,,,,,,,,,,,,,,,,,,,,,,,,,Low-density lipoprotein receptor,9606.0,Homo sapiens,,,,,,,,,,,,,,,,,,,,,,,,,,,,,,,,,,,,,,,,,,,,,
RESULT_DESCR,,,,,,,,Standardized activity type (e.g. IC50 rather than Ic-50/Ic50/ic50/ic-50),Additional comments,1980843,,,,Selected units for 'Standard Type': e.g. concentrations are in nM,,,,,,,,,,,,,,,,,,,,,,,,,,,,,,,,,,,,,,,,,,,,,,,,,,,,,,,,,,,,,,,,,,,,,,Low-density lipoprotein receptor,9606.0,Homo sapiens,,,,,,,,,,,,,,,,,,,,,,,,,,,,,,,,,,,,,,,,,,,,,
RESULT_DESCR,,,,,,,,Standardized activity type (e.g. IC50 rather than Ic-50/Ic50/ic50/ic-50),Additional comments,1980844,,,,Selected units for 'Standard Type': e.g. concentrations are in nM,,,,,,,,,,,,,,,,,,,,,,,,,,,,,,,,,,,,,,,,,,,,,,,,,,,,,,,,,,,,,,,,,,,,,,Low-density lipoprotein receptor,9606.0,Homo sapiens,,,,,,,,,,,,,,,,,,,,,,,,,,,,,,,,,,,,,,,,,,,,,
RESULT_DESCR,,,,,,,,Standardized activity type (e.g. IC50 rather than Ic-50/Ic50/ic50/ic-50),Additional comments,1980845,,,,Selected units for 'Standard Type': e.g. concentrations are in nM,,,,,,,,,,,,,,,,,,,,,,,,,,,,,,,,,,,,,,,,,,,,,,,,,,,,,,,,,,,,,,,,,,,,,,Low-density lipoprotein receptor,9606.0,Homo sapiens,,,,,,,,,,,,,,,,,,,,,,,,,,,,,,,,,,,,,,,,,,,,,
RESULT_DESCR,,,,,,,,Standardized activity type (e.g. IC50 rather than Ic-50/Ic50/ic50/ic-50),,1980846,,"Qualifier (e.g. >, <, =) for 'Standard Value'",Standardized activity value transformed to common units: e.g. mM concentrations converted to nM,,,,,,,,,,,,,,,,,,,,,,,,,,,,,,,,,,,,,,,,,,,,,,,,,,,,,,,,,,,,,,,,,,,,,,,Low-density lipoprotein receptor,9606.0,Homo sapiens,,,,,,,,,,,,,,,,,,,,,,,,,,,,,,,,,,,,,,,,,,,,,
RESULT_DESCR,,,,,,,,Standardized activity type (e.g. IC50 rather than Ic-50/Ic50/ic50/ic-50),Additional comments,1980854,,,,Selected units for 'Standard Type': e.g. concentrations are in nM,,,,,,,,,,,,,,,,,,,,,,,,,,,,,,,,,,,,,,,,,,,,,,,,,,,,,,,,,,,,,,,,,,,,,,Low-density lipoprotein receptor,9606.0,Homo sapiens,,,,,,,,,,,,,,,,,,,,,,,,,,,,,,,,,,,,,,,,,,,,,
RESULT_DESCR,,,,,,,,Standardized activity type (e.g. IC50 rather than Ic-50/Ic50/ic50/ic-50),Additional comments,1980855,,,,Selected units for 'Standard Type': e.g. concentrations are in nM,,,,,,,,,,,,,,,,,,,,,,,,,,,,,,,,,,,,,,,,,,,,,,,,,,,,,,,,,,,,,,,,,,,,,,Low-density lipoprotein receptor,9606.0,Homo sapiens,,,,,,,,,,,,,,,,,,,,,,,,,,,,,,,,,,,,,,,,,,,,,
RESULT_DESCR,,,,,,,,Standardized activity type (e.g. IC50 rather than Ic-50/Ic50/ic50/ic-50),Additional comments,1980856,,,,Selected units for 'Standard Type': e.g. concentrations are in nM,,,,,,,,,,,,,,,,,,,,,,,,,,,,,,,,,,,,,,,,,,,,,,,,,,,,,,,,,,,,,,,,,,,,,,Low-density lipoprotein receptor,9606.0,Homo sapiens,,,,,,,,,,,,,,,,,,,,,,,,,,,,,,,,,,,,,,,,,,,,,
RESULT_DESCR,,,,,,,,Standardized activity type (e.g. IC50 rather than Ic-50/Ic50/ic50/ic-50),Additional comments,1980857,,,,Selected units for 'Standard Type': e.g. concentrations are in nM,,,,,,,,,,,,,,,,,,,,,,,,,,,,,,,,,,,,,,,,,,,,,,,,,,,,,,,,,,,,,,,,,,,,,,Low-density lipoprotein receptor,9606.0,Homo sapiens,,,,,,,,,,,,,,,,,,,,,,,,,,,,,,,,,,,,,,,,,,,,,
RESULT_DESCR,,,,,,,,Standardized activity type (e.g. IC50 rather than Ic-50/Ic50/ic50/ic-50),Additional comments,1980858,,,,Selected units for 'Standard Type': e.g. concentrations are in nM,,,,,,,,,,,,,,,,,,,,,,,,,,,,,,,,,,,,,,,,,,,,,,,,,,,,,,,,,,,,,,,,,,,,,,Low-density lipoprotein receptor,9606.0,Homo sapiens,,,,,,,,,,,,,,,,,,,,,,,,,,,,,,,,,,,,,,,,,,,,,
RESULT_DESCR,,,,,,,,Standardized activity type (e.g. IC50 rather than Ic-50/Ic50/ic50/ic-50),Additional comments,1980859,,,,Selected units for 'Standard Type': e.g. concentrations are in nM,,,,,,,,,,,,,,,,,,,,,,,,,,,,,,,,,,,,,,,,,,,,,,,,,,,,,,,,,,,,,,,,,,,,,,Low-density lipoprotein receptor,9606.0,Homo sapiens,,,,,,,,,,,,,,,,,,,,,,,,,,,,,,,,,,,,,,,,,,,,,
RESULT_DESCR,,,,,,,,Standardized activity type (e.g. IC50 rather than Ic-50/Ic50/ic50/ic-50),Additional comments,1980860,,,,Selected units for 'Standard Type': e.g. concentrations are in nM,,,,,,,,,,,,,,,,,,,,,,,,,,,,,,,,,,,,,,,,,,,,,,,,,,,,,,,,,,,,,,,,,,,,,,Low-density lipoprotein receptor,9606.0,Homo sapiens,,,,,,,,,,,,,,,,,,,,,,,,,,,,,,,,,,,,,,,,,,,,,
RESULT_DESCR,,,,,,,,Standardized activity type (e.g. IC50 rather than Ic-50/Ic50/ic50/ic-50),,346755,,"Qualifier (e.g. >, <, =) for 'Standard Value'",Standardized activity value transformed to common units: e.g. mM concentrations converted to nM,,,,,,,,,,,,,,,,,,,,,,,,,,,,,,,,,,,,,,,,,,,,,,,,,,,,,,,,,,,,,,,,,,,,,,,Low-density lipoprotein receptor,9606.0,Homo sapiens,,,,,,,,,,,,,,,,,,,,,,,,,,,,,,,,,,,,,,,,,,,,,
RESULT_DESCR,,,,,,,,Standardized activity type (e.g. IC50 rather than Ic-50/Ic50/ic50/ic-50),Additional comments,346756,,,,,,,,,,,,,,,,,,,,,,,,,,,,,,,,,,,,,,,,,,,,,,,,,,,,,,,,,,,,,,,,,,,,,,,,,,Low-density lipoprotein receptor,9606.0,Homo sapiens,,,,,,,,,,,,,,,,,,,,,,,,,,,,,,,,,,,,,,,,,,,,,
RESULT_DESCR,,,,,,,,Standardized activity type (e.g. IC50 rather than Ic-50/Ic50/ic50/ic-50),Additional comments,346757,,,,,,,,,,,,,,,,,,,,,,,,,,,,,,,,,,,,,,,,,,,,,,,,,,,,,,,,,,,,,,,,,,,,,,,,,,Low-density lipoprotein receptor,9606.0,Homo sapiens,,,,,,,,,,,,,,,,,,,,,,,,,,,,,,,,,,,,,,,,,,,,,
RESULT_DESCR,,,,,,,,Standardized activity type (e.g. IC50 rather than Ic-50/Ic50/ic50/ic-50),,346786,,"Qualifier (e.g. >, <, =) for 'Standard Value'",Standardized activity value transformed to common units: e.g. mM concentrations converted to nM,Selected units for 'Standard Type': e.g. concentrations are in nM,,,,,,,,,,,,,,,,,,,,,,,,,,,,,,,,,,,,,,,,,,,,,,,,,,,,,,,,,,,,,,,,,,,,,,Low-density lipoprotein receptor,9606.0,Homo sapiens,,,,,,,,,,,,,,,,,,,,,,,,,,,,,,,,,,,,,,,,,,,,,
RESULT_DESCR,,,,,,,,Standardized activity type (e.g. IC50 rather than Ic-50/Ic50/ic50/ic-50),Additional comments,371383,,,,,,,,,,,,,,,,,,,,,,,,,,,,,,,,,,,,,,,,,,,,,,,,,,,,,,,,,,,,,,,,,,,,,,,,,,Low-density lipoprotein receptor,9606.0,Homo sapiens,,,,,,,,,,,,,,,,,,,,,,,,,,,,,,,,,,,,,,,,,,,,,
RESULT_DESCR,,,,,,,,Standardized activity type (e.g. IC50 rather than Ic-50/Ic50/ic50/ic-50),Additional comments,371386,,,,,,,,,,,,,,,,,,,,,,,,,,,,,,,,,,,,,,,,,,,,,,,,,,,,,,,,,,,,,,,,,,,,,,,,,,Low-density lipoprotein receptor,9606.0,Homo sapiens,,,,,,,,,,,,,,,,,,,,,,,,,,,,,,,,,,,,,,,,,,,,,
RESULT_DESCR,,,,,,,,Standardized activity type (e.g. IC50 rather than Ic-50/Ic50/ic50/ic-50),,371421,PubChem standardized value transformed from 'Standard Value'. The unit is always micromolar,"Qualifier (e.g. >, <, =) for 'Standard Value'",Standardized activity value transformed to common units: e.g. mM concentrations converted to nM,Selected units for 'Standard Type': e.g. concentrations are in nM,,,,,,,,,,,,,,,,,,,,,,,,,,,,,,,,,,,,,,,,,,,,,,,,,,,,,,,,,,,,,,,,,,,,,,Low-density lipoprotein receptor,9606.0,Homo sapiens,,,,,,,,,,,,,,,,,,,,,,,,,,,,,,,,,,,,,,,,,,,,,
RESULT_DESCR,,,,,,,,Standardized activity type (e.g. IC50 rather than Ic-50/Ic50/ic50/ic-50),,371422,PubChem standardized value transformed from 'Standard Value'. The unit is always micromolar,"Qualifier (e.g. >, <, =) for 'Standard Value'",Standardized activity value transformed to common units: e.g. mM concentrations converted to nM,Selected units for 'Standard Type': e.g. concentrations are in nM,,,,,,,,,,,,,,,,,,,,,,,,,,,,,,,,,,,,,,,,,,,,,,,,,,,,,,,,,,,,,,,,,,,,,,Low-density lipoprotein receptor,9606.0,Homo sapiens,,,,,,,,,,,,,,,,,,,,,,,,,,,,,,,,,,,,,,,,,,,,,
RESULT_DESCR,,,,,,,,Standardized activity type (e.g. IC50 rather than Ic-50/Ic50/ic50/ic-50),,1542897,,"Qualifier (e.g. >, <, =) for 'Standard Value'",Standardized activity value transformed to common units: e.g. mM concentrations converted to nM,Selected units for 'Standard Type': e.g. concentrations are in nM,,,,,,,,,,,,,,,,,,,,,,,,,,,,,,,,,,,,,,,,,,,,,,,,,,,,,,,,,,,,,,,,,,,,,,Low-density lipoprotein receptor,9606.0,Homo sapiens,,,,,,,,,,,,,,,,,,,,,,,,,,,,,,,,,,,,,,,,,,,,,
RESULT_DESCR,,,,,,,,Standardized activity type (e.g. IC50 rather than Ic-50/Ic50/ic50/ic-50),,1542898,,"Qualifier (e.g. >, <, =) for 'Standard Value'",Standardized activity value transformed to common units: e.g. mM concentrations converted to nM,,,,,,,,,,,,,,,,,,,,,,,,,,,,,,,,,,,,,,,,,,,,,,,,,,,,,,,,,,,,,,,,,,,,,,,Low-density lipoprotein receptor,9606.0,Homo sapiens,,,,,,,,,,,,,,,,,,,,,,,,,,,,,,,,,,,,,,,,,,,,,
RESULT_DESCR,,,,,,,,Standardized activity type (e.g. IC50 rather than Ic-50/Ic50/ic50/ic-50),,1542899,,"Qualifier (e.g. >, <, =) for 'Standard Value'",Standardized activity value transformed to common units: e.g. mM concentrations converted to nM,Selected units for 'Standard Type': e.g. concentrations are in nM,,,,,,,,,,,,,,,,,,,,,,,,,,,,,,,,,,,,,,,,,,,,,,,,,,,,,,,,,,,,,,,,,,,,,,Low-density lipoprotein receptor,9606.0,Homo sapiens,,,,,,,,,,,,,,,,,,,,,,,,,,,,,,,,,,,,,,,,,,,,,
RESULT_DESCR,,,,,,,,Standardized activity type (e.g. IC50 rather than Ic-50/Ic50/ic50/ic-50),,1542900,,"Qualifier (e.g. >, <, =) for 'Standard Value'",Standardized activity value transformed to common units: e.g. mM concentrations converted to nM,Selected units for 'Standard Type': e.g. concentrations are in nM,,,,,,,,,,,,,,,,,,,,,,,,,,,,,,,,,,,,,,,,,,,,,,,,,,,,,,,,,,,,,,,,,,,,,,Low-density lipoprotein receptor,9606.0,Homo sapiens,,,,,,,,,,,,,,,,,,,,,,,,,,,,,,,,,,,,,,,,,,,,,
RESULT_DESCR,,,,,,,,Standardized activity type (e.g. IC50 rather than Ic-50/Ic50/ic50/ic-50),,1542901,,"Qualifier (e.g. >, <, =) for 'Standard Value'",Standardized activity value transformed to common units: e.g. mM concentrations converted to nM,Selected units for 'Standard Type': e.g. concentrations are in nM,,,,,,,,,,,,,,,,,,,,,,,,,,,,,,,,,,,,,,,,,,,,,,,,,,,,,,,,,,,,,,,,,,,,,,Low-density lipoprotein receptor,9606.0,Homo sapiens,,,,,,,,,,,,,,,,,,,,,,,,,,,,,,,,,,,,,,,,,,,,,
RESULT_DESCR,,,,,,,,Standardized activity type (e.g. IC50 rather than Ic-50/Ic50/ic50/ic-50),Additional comments,1570997,,,,,,,,,,,,,,,,,,,,,,,,,,,,,,,,,,,,,,,,,,,,,,,,,,,,,,,,,,,,,,,,,,,,,,,,,,Low-density lipoprotein receptor,9606.0,Homo sapiens,,,,,,,,,,,,,,,,,,,,,,,,,,,,,,,,,,,,,,,,,,,,,
RESULT_DESCR,,,,,,,,Standardized activity type (e.g. IC50 rather than Ic-50/Ic50/ic50/ic-50),Additional comments,1570998,,,,,,,,,,,,,,,,,,,,,,,,,,,,,,,,,,,,,,,,,,,,,,,,,,,,,,,,,,,,,,,,,,,,,,,,,,Low-density lipoprotein receptor,9606.0,Homo sapiens,,,,,,,,,,,,,,,,,,,,,,,,,,,,,,,,,,,,,,,,,,,,,
RESULT_DESCR,,,,,,,,Standardized activity type (e.g. IC50 rather than Ic-50/Ic50/ic50/ic-50),Additional comments,1570999,,,,,,,,,,,,,,,,,,,,,,,,,,,,,,,,,,,,,,,,,,,,,,,,,,,,,,,,,,,,,,,,,,,,,,,,,,Low-density lipoprotein receptor,9606.0,Homo sapiens,,,,,,,,,,,,,,,,,,,,,,,,,,,,,,,,,,,,,,,,,,,,,
RESULT_DESCR,,,,,,,,Standardized activity type (e.g. IC50 rather than Ic-50/Ic50/ic50/ic-50),Additional comments,1571000,,,,,,,,,,,,,,,,,,,,,,,,,,,,,,,,,,,,,,,,,,,,,,,,,,,,,,,,,,,,,,,,,,,,,,,,,,Low-density lipoprotein receptor,9606.0,Homo sapiens,,,,,,,,,,,,,,,,,,,,,,,,,,,,,,,,,,,,,,,,,,,,,
RESULT_DESCR,,,,,,,,Standardized activity type (e.g. IC50 rather than Ic-50/Ic50/ic50/ic-50),Additional comments,1571001,,,,,,,,,,,,,,,,,,,,,,,,,,,,,,,,,,,,,,,,,,,,,,,,,,,,,,,,,,,,,,,,,,,,,,,,,,Low-density lipoprotein receptor,9606.0,Homo sapiens,,,,,,,,,,,,,,,,,,,,,,,,,,,,,,,,,,,,,,,,,,,,,
RESULT_DESCR,,,,,,,,Standardized activity type (e.g. IC50 rather than Ic-50/Ic50/ic50/ic-50),Additional comments,1571002,,,,,,,,,,,,,,,,,,,,,,,,,,,,,,,,,,,,,,,,,,,,,,,,,,,,,,,,,,,,,,,,,,,,,,,,,,Low-density lipoprotein receptor,9606.0,Homo sapiens,,,,,,,,,,,,,,,,,,,,,,,,,,,,,,,,,,,,,,,,,,,,,
RESULT_DESCR,,,,,,,,Standardized activity type (e.g. IC50 rather than Ic-50/Ic50/ic50/ic-50),Additional comments,1571003,,,,,,,,,,,,,,,,,,,,,,,,,,,,,,,,,,,,,,,,,,,,,,,,,,,,,,,,,,,,,,,,,,,,,,,,,,Low-density lipoprotein receptor,9606.0,Homo sapiens,,,,,,,,,,,,,,,,,,,,,,,,,,,,,,,,,,,,,,,,,,,,,
RESULT_DESCR,,,,,,,,Standardized activity type (e.g. IC50 rather than Ic-50/Ic50/ic50/ic-50),Additional comments,1571004,,,,,,,,,,,,,,,,,,,,,,,,,,,,,,,,,,,,,,,,,,,,,,,,,,,,,,,,,,,,,,,,,,,,,,,,,,Low-density lipoprotein receptor,9606.0,Homo sapiens,,,,,,,,,,,,,,,,,,,,,,,,,,,,,,,,,,,,,,,,,,,,,
RESULT_DESCR,,,,,,,,Standardized activity type (e.g. IC50 rather than Ic-50/Ic50/ic50/ic-50),Additional comments,1571005,,,,,,,,,,,,,,,,,,,,,,,,,,,,,,,,,,,,,,,,,,,,,,,,,,,,,,,,,,,,,,,,,,,,,,,,,,Low-density lipoprotein receptor,9606.0,Homo sapiens,,,,,,,,,,,,,,,,,,,,,,,,,,,,,,,,,,,,,,,,,,,,,
RESULT_DESCR,,,,,,,,Standardized activity type (e.g. IC50 rather than Ic-50/Ic50/ic50/ic-50),Additional comments,1571006,,,,,,,,,,,,,,,,,,,,,,,,,,,,,,,,,,,,,,,,,,,,,,,,,,,,,,,,,,,,,,,,,,,,,,,,,,Low-density lipoprotein receptor,9606.0,Homo sapiens,,,,,,,,,,,,,,,,,,,,,,,,,,,,,,,,,,,,,,,,,,,,,
RESULT_DESCR,,,,,,,,Standardized activity type (e.g. IC50 rather than Ic-50/Ic50/ic50/ic-50),Additional comments,1571007,,,,,,,,,,,,,,,,,,,,,,,,,,,,,,,,,,,,,,,,,,,,,,,,,,,,,,,,,,,,,,,,,,,,,,,,,,Low-density lipoprotein receptor,9606.0,Homo sapiens,,,,,,,,,,,,,,,,,,,,,,,,,,,,,,,,,,,,,,,,,,,,,
RESULT_DESCR,,,,,,,,Standardized activity type (e.g. IC50 rather than Ic-50/Ic50/ic50/ic-50),Additional comments,102350,,,,,,,,,,,,,,,,,,,,,,,,,,,,,,,,,,,,,,,,,,,,,,,,,,,,,,,,,,,,,,,,,,,,,,,,,,Low-density lipoprotein receptor,9606.0,Homo sapiens,,,,,,,,,,,,,,,,,,,,,,,,,,,,,,,,,,,,,,,,,,,,,
RESULT_DESCR,,,,,,,,Standardized activity type (e.g. IC50 rather than Ic-50/Ic50/ic50/ic-50),Additional comments,1571008,,,,,,,,,,,,,,,,,,,,,,,,,,,,,,,,,,,,,,,,,,,,,,,,,,,,,,,,,,,,,,,,,,,,,,,,,,Low-density lipoprotein receptor,9606.0,Homo sapiens,,,,,,,,,,,,,,,,,,,,,,,,,,,,,,,,,,,,,,,,,,,,,
RESULT_DESCR,,,,,,,,Standardized activity type (e.g. IC50 rather than Ic-50/Ic50/ic50/ic-50),Additional comments,2018184,,,,,,,,,,,,,,,,,,,,,,,,,,,,,,,,,,,,,,,,,,,,,,,,,,,,,,,,,,,,,,,,,,,,,,,,,,Low-density lipoprotein receptor,9606.0,Homo sapiens,,,,,,,,,,,,,,,,,,,,,,,,,,,,,,,,,,,,,,,,,,,,,
RESULT_DESCR,,,,,,,,Standardized activity type (e.g. IC50 rather than Ic-50/Ic50/ic50/ic-50),Additional comments,2018185,,,,,,,,,,,,,,,,,,,,,,,,,,,,,,,,,,,,,,,,,,,,,,,,,,,,,,,,,,,,,,,,,,,,,,,,,,Low-density lipoprotein receptor,9606.0,Homo sapiens,,,,,,,,,,,,,,,,,,,,,,,,,,,,,,,,,,,,,,,,,,,,,
RESULT_DESCR,,,,,,,,Standardized activity type (e.g. IC50 rather than Ic-50/Ic50/ic50/ic-50),Additional comments,2018186,,,,,,,,,,,,,,,,,,,,,,,,,,,,,,,,,,,,,,,,,,,,,,,,,,,,,,,,,,,,,,,,,,,,,,,,,,Low-density lipoprotein receptor,9606.0,Homo sapiens,,,,,,,,,,,,,,,,,,,,,,,,,,,,,,,,,,,,,,,,,,,,,
RESULT_DESCR,,,,,,,,Standardized activity type (e.g. IC50 rather than Ic-50/Ic50/ic50/ic-50),Additional comments,1571009,,,,,,,,,,,,,,,,,,,,,,,,,,,,,,,,,,,,,,,,,,,,,,,,,,,,,,,,,,,,,,,,,,,,,,,,,,Low-density lipoprotein receptor,9606.0,Homo sapiens,,,,,,,,,,,,,,,,,,,,,,,,,,,,,,,,,,,,,,,,,,,,,
RESULT_DESCR,,,,,,,,Standardized activity type (e.g. IC50 rather than Ic-50/Ic50/ic50/ic-50),Additional comments,1571010,,,,,,,,,,,,,,,,,,,,,,,,,,,,,,,,,,,,,,,,,,,,,,,,,,,,,,,,,,,,,,,,,,,,,,,,,,Low-density lipoprotein receptor,9606.0,Homo sapiens,,,,,,,,,,,,,,,,,,,,,,,,,,,,,,,,,,,,,,,,,,,,,
RESULT_DESCR,,,,,,,,Standardized activity type (e.g. IC50 rather than Ic-50/Ic50/ic50/ic-50),Additional comments,1571011,,,,,,,,,,,,,,,,,,,,,,,,,,,,,,,,,,,,,,,,,,,,,,,,,,,,,,,,,,,,,,,,,,,,,,,,,,Low-density lipoprotein receptor,9606.0,Homo sapiens,,,,,,,,,,,,,,,,,,,,,,,,,,,,,,,,,,,,,,,,,,,,,
RESULT_DESCR,,,,,,,,Standardized activity type (e.g. IC50 rather than Ic-50/Ic50/ic50/ic-50),Additional comments,1571012,,,,,,,,,,,,,,,,,,,,,,,,,,,,,,,,,,,,,,,,,,,,,,,,,,,,,,,,,,,,,,,,,,,,,,,,,,Low-density lipoprotein receptor,9606.0,Homo sapiens,,,,,,,,,,,,,,,,,,,,,,,,,,,,,,,,,,,,,,,,,,,,,
RESULT_DESCR,,,,,,,,Standardized activity type (e.g. IC50 rather than Ic-50/Ic50/ic50/ic-50),Additional comments,1571013,,,,,,,,,,,,,,,,,,,,,,,,,,,,,,,,,,,,,,,,,,,,,,,,,,,,,,,,,,,,,,,,,,,,,,,,,,Low-density lipoprotein receptor,9606.0,Homo sapiens,,,,,,,,,,,,,,,,,,,,,,,,,,,,,,,,,,,,,,,,,,,,,
RESULT_DESCR,,,,,,,,Standardized activity type (e.g. IC50 rather than Ic-50/Ic50/ic50/ic-50),Additional comments,1571014,,,,,,,,,,,,,,,,,,,,,,,,,,,,,,,,,,,,,,,,,,,,,,,,,,,,,,,,,,,,,,,,,,,,,,,,,,Low-density lipoprotein receptor,9606.0,Homo sapiens,,,,,,,,,,,,,,,,,,,,,,,,,,,,,,,,,,,,,,,,,,,,,
RESULT_DESCR,,,,,,,,Standardized activity type (e.g. IC50 rather than Ic-50/Ic50/ic50/ic-50),Additional comments,1571015,,,,,,,,,,,,,,,,,,,,,,,,,,,,,,,,,,,,,,,,,,,,,,,,,,,,,,,,,,,,,,,,,,,,,,,,,,Low-density lipoprotein receptor,9606.0,Homo sapiens,,,,,,,,,,,,,,,,,,,,,,,,,,,,,,,,,,,,,,,,,,,,,
RESULT_DESCR,,,,,,,,Standardized activity type (e.g. IC50 rather than Ic-50/Ic50/ic50/ic-50),Additional comments,1571016,,,,,,,,,,,,,,,,,,,,,,,,,,,,,,,,,,,,,,,,,,,,,,,,,,,,,,,,,,,,,,,,,,,,,,,,,,Low-density lipoprotein receptor,9606.0,Homo sapiens,,,,,,,,,,,,,,,,,,,,,,,,,,,,,,,,,,,,,,,,,,,,,
RESULT_DESCR,,,,,,,,Standardized activity type (e.g. IC50 rather than Ic-50/Ic50/ic50/ic-50),,1563568,,"Qualifier (e.g. >, <, =) for 'Standard Value'",Standardized activity value transformed to common units: e.g. mM concentrations converted to nM,Selected units for 'Standard Type': e.g. concentrations are in nM,,,,,,,,,,,,,,,,,,,,,,,,,,,,,,,,,,,,,,,,,,,,,,,,,,,,,,,,,,,,,,,,,,,,,,Low-density lipoprotein receptor,9606.0,Homo sapiens,,,,,,,,,,,,,,,,,,,,,,,,,,,,,,,,,,,,,,,,,,,,,
RESULT_DESCR,,,,,,,,Standardized activity type (e.g. IC50 rather than Ic-50/Ic50/ic50/ic-50),Additional comments,1563572,,,,,,,,,,,,,,,,,,,,,,,,,,,,,,,,,,,,,,,,,,,,,,,,,,,,,,,,,,,,,,,,,,,,,,,,,,Low-density lipoprotein receptor,9606.0,Homo sapiens,,,,,,,,,,,,,,,,,,,,,,,,,,,,,,,,,,,,,,,,,,,,,
RESULT_DESCR,,,,,,,,Standardized activity type (e.g. IC50 rather than Ic-50/Ic50/ic50/ic-50),Additional comments,1571017,,,,,,,,,,,,,,,,,,,,,,,,,,,,,,,,,,,,,,,,,,,,,,,,,,,,,,,,,,,,,,,,,,,,,,,,,,Low-density lipoprotein receptor,9606.0,Homo sapiens,,,,,,,,,,,,,,,,,,,,,,,,,,,,,,,,,,,,,,,,,,,,,
RESULT_DESCR,,,,,,,,Standardized activity type (e.g. IC50 rather than Ic-50/Ic50/ic50/ic-50),Additional comments,1563573,,,,Selected units for 'Standard Type': e.g. concentrations are in nM,,,,,,,,,,,,,,,,,,,,,,,,,,,,,,,,,,,,,,,,,,,,,,,,,,,,,,,,,,,,,,,,,,,,,,Low-density lipoprotein receptor,9606.0,Homo sapiens,,,,,,,,,,,,,,,,,,,,,,,,,,,,,,,,,,,,,,,,,,,,,
RESULT_DESCR,,,,,,,,Standardized activity type (e.g. IC50 rather than Ic-50/Ic50/ic50/ic-50),,1563574,,"Qualifier (e.g. >, <, =) for 'Standard Value'",Standardized activity value transformed to common units: e.g. mM concentrations converted to nM,Selected units for 'Standard Type': e.g. concentrations are in nM,,,,,,,,,,,,,,,,,,,,,,,,,,,,,,,,,,,,,,,,,,,,,,,,,,,,,,,,,,,,,,,,,,,,,,Low-density lipoprotein receptor,9606.0,Homo sapiens,,,,,,,,,,,,,,,,,,,,,,,,,,,,,,,,,,,,,,,,,,,,,
RESULT_DESCR,,,,,,,,Standardized activity type (e.g. IC50 rather than Ic-50/Ic50/ic50/ic-50),,1563575,,"Qualifier (e.g. >, <, =) for 'Standard Value'",Standardized activity value transformed to common units: e.g. mM concentrations converted to nM,Selected units for 'Standard Type': e.g. concentrations are in nM,,,,,,,,,,,,,,,,,,,,,,,,,,,,,,,,,,,,,,,,,,,,,,,,,,,,,,,,,,,,,,,,,,,,,,Low-density lipoprotein receptor,9606.0,Homo sapiens,,,,,,,,,,,,,,,,,,,,,,,,,,,,,,,,,,,,,,,,,,,,,
RESULT_DESCR,,,,,,,,Standardized activity type (e.g. IC50 rather than Ic-50/Ic50/ic50/ic-50),Additional comments,1563576,,,,Selected units for 'Standard Type': e.g. concentrations are in nM,,,,,,,,,,,,,,,,,,,,,,,,,,,,,,,,,,,,,,,,,,,,,,,,,,,,,,,,,,,,,,,,,,,,,,Low-density lipoprotein receptor,9606.0,Homo sapiens,,,,,,,,,,,,,,,,,,,,,,,,,,,,,,,,,,,,,,,,,,,,,
RESULT_DESCR,,,,,,,,Standardized activity type (e.g. IC50 rather than Ic-50/Ic50/ic50/ic-50),Additional comments,1571018,,,,,,,,,,,,,,,,,,,,,,,,,,,,,,,,,,,,,,,,,,,,,,,,,,,,,,,,,,,,,,,,,,,,,,,,,,Low-density lipoprotein receptor,9606.0,Homo sapiens,,,,,,,,,,,,,,,,,,,,,,,,,,,,,,,,,,,,,,,,,,,,,
RESULT_DESCR,,,,,,,,Standardized activity type (e.g. IC50 rather than Ic-50/Ic50/ic50/ic-50),Additional comments,1563578,,,,Selected units for 'Standard Type': e.g. concentrations are in nM,,,,,,,,,,,,,,,,,,,,,,,,,,,,,,,,,,,,,,,,,,,,,,,,,,,,,,,,,,,,,,,,,,,,,,Low-density lipoprotein receptor,9606.0,Homo sapiens,,,,,,,,,,,,,,,,,,,,,,,,,,,,,,,,,,,,,,,,,,,,,
RESULT_DESCR,,,,,,,,Standardized activity type (e.g. IC50 rather than Ic-50/Ic50/ic50/ic-50),,1563579,,"Qualifier (e.g. >, <, =) for 'Standard Value'",Standardized activity value transformed to common units: e.g. mM concentrations converted to nM,Selected units for 'Standard Type': e.g. concentrations are in nM,,,,,,,,,,,,,,,,,,,,,,,,,,,,,,,,,,,,,,,,,,,,,,,,,,,,,,,,,,,,,,,,,,,,,,Low-density lipoprotein receptor,9606.0,Homo sapiens,,,,,,,,,,,,,,,,,,,,,,,,,,,,,,,,,,,,,,,,,,,,,
RESULT_DESCR,,,,,,,,Standardized activity type (e.g. IC50 rather than Ic-50/Ic50/ic50/ic-50),,1563580,,"Qualifier (e.g. >, <, =) for 'Standard Value'",Standardized activity value transformed to common units: e.g. mM concentrations converted to nM,Selected units for 'Standard Type': e.g. concentrations are in nM,,,,,,,,,,,,,,,,,,,,,,,,,,,,,,,,,,,,,,,,,,,,,,,,,,,,,,,,,,,,,,,,,,,,,,Low-density lipoprotein receptor,9606.0,Homo sapiens,,,,,,,,,,,,,,,,,,,,,,,,,,,,,,,,,,,,,,,,,,,,,
RESULT_DESCR,,,,,,,,Standardized activity type (e.g. IC50 rather than Ic-50/Ic50/ic50/ic-50),,1563581,PubChem standardized value transformed from 'Standard Value'. The unit is always micromolar,"Qualifier (e.g. >, <, =) for 'Standard Value'",Standardized activity value transformed to common units: e.g. mM concentrations converted to nM,Selected units for 'Standard Type': e.g. concentrations are in nM,,,,,,,,,,,,,,,,,,,,,,,,,,,,,,,,,,,,,,,,,,,,,,,,,,,,,,,,,,,,,,,,,,,,,,Low-density lipoprotein receptor,9606.0,Homo sapiens,,,,,,,,,,,,,,,,,,,,,,,,,,,,,,,,,,,,,,,,,,,,,
RESULT_DESCR,,,,,,,,Standardized activity type (e.g. IC50 rather than Ic-50/Ic50/ic50/ic-50),Additional comments,1571019,,,,,,,,,,,,,,,,,,,,,,,,,,,,,,,,,,,,,,,,,,,,,,,,,,,,,,,,,,,,,,,,,,,,,,,,,,Low-density lipoprotein receptor,9606.0,Homo sapiens,,,,,,,,,,,,,,,,,,,,,,,,,,,,,,,,,,,,,,,,,,,,,
RESULT_DESCR,,,,,,,,Standardized activity type (e.g. IC50 rather than Ic-50/Ic50/ic50/ic-50),,1563577,,"Qualifier (e.g. >, <, =) for 'Standard Value'",Standardized activity value transformed to common units: e.g. mM concentrations converted to nM,Selected units for 'Standard Type': e.g. concentrations are in nM,,,,,,,,,,,,,,,,,,,,,,,,,,,,,,,,,,,,,,,,,,,,,,,,,,,,,,,,,,,,,,,,,,,,,,Low-density lipoprotein receptor,9606.0,Homo sapiens,,,,,,,,,,,,,,,,,,,,,,,,,,,,,,,,,,,,,,,,,,,,,
RESULT_DESCR,,,,,,,,Standardized activity type (e.g. IC50 rather than Ic-50/Ic50/ic50/ic-50),Additional comments,1571020,,,,,,,,,,,,,,,,,,,,,,,,,,,,,,,,,,,,,,,,,,,,,,,,,,,,,,,,,,,,,,,,,,,,,,,,,,Low-density lipoprotein receptor,9606.0,Homo sapiens,,,,,,,,,,,,,,,,,,,,,,,,,,,,,,,,,,,,,,,,,,,,,
RESULT_DESCR,,,,,,,,Standardized activity type (e.g. IC50 rather than Ic-50/Ic50/ic50/ic-50),,1571021,,"Qualifier (e.g. >, <, =) for 'Standard Value'",Standardized activity value transformed to common units: e.g. mM concentrations converted to nM,,,,,,,,,,,,,,,,,,,,,,,,,,,,,,,,,,,,,,,,,,,,,,,,,,,,,,,,,,,,,,,,,,,,,,,Low-density lipoprotein receptor,9606.0,Homo sapiens,,,,,,,,,,,,,,,,,,,,,,,,,,,,,,,,,,,,,,,,,,,,,
RESULT_DESCR,,,,,,,,Standardized activity type (e.g. IC50 rather than Ic-50/Ic50/ic50/ic-50),,1571022,,"Qualifier (e.g. >, <, =) for 'Standard Value'",Standardized activity value transformed to common units: e.g. mM concentrations converted to nM,,,,,,,,,,,,,,,,,,,,,,,,,,,,,,,,,,,,,,,,,,,,,,,,,,,,,,,,,,,,,,,,,,,,,,,Low-density lipoprotein receptor,9606.0,Homo sapiens,,,,,,,,,,,,,,,,,,,,,,,,,,,,,,,,,,,,,,,,,,,,,
RESULT_DESCR,,,,,,,,Standardized activity type (e.g. IC50 rather than Ic-50/Ic50/ic50/ic-50),,1571023,,"Qualifier (e.g. >, <, =) for 'Standard Value'",Standardized activity value transformed to common units: e.g. mM concentrations converted to nM,,,,,,,,,,,,,,,,,,,,,,,,,,,,,,,,,,,,,,,,,,,,,,,,,,,,,,,,,,,,,,,,,,,,,,,Low-density lipoprotein receptor,9606.0,Homo sapiens,,,,,,,,,,,,,,,,,,,,,,,,,,,,,,,,,,,,,,,,,,,,,
RESULT_DESCR,,,,,,,,Standardized activity type (e.g. IC50 rather than Ic-50/Ic50/ic50/ic-50),Additional comments,1571024,,,,,,,,,,,,,,,,,,,,,,,,,,,,,,,,,,,,,,,,,,,,,,,,,,,,,,,,,,,,,,,,,,,,,,,,,,Low-density lipoprotein receptor,9606.0,Homo sapiens,,,,,,,,,,,,,,,,,,,,,,,,,,,,,,,,,,,,,,,,,,,,,
RESULT_DESCR,,,,,,,,Standardized activity type (e.g. IC50 rather than Ic-50/Ic50/ic50/ic-50),Additional comments,1571025,,,,,,,,,,,,,,,,,,,,,,,,,,,,,,,,,,,,,,,,,,,,,,,,,,,,,,,,,,,,,,,,,,,,,,,,,,Low-density lipoprotein receptor,9606.0,Homo sapiens,,,,,,,,,,,,,,,,,,,,,,,,,,,,,,,,,,,,,,,,,,,,,
RESULT_DESCR,,,,,,,,Standardized activity type (e.g. IC50 rather than Ic-50/Ic50/ic50/ic-50),,1571026,,"Qualifier (e.g. >, <, =) for 'Standard Value'",Standardized activity value transformed to common units: e.g. mM concentrations converted to nM,,,,,,,,,,,,,,,,,,,,,,,,,,,,,,,,,,,,,,,,,,,,,,,,,,,,,,,,,,,,,,,,,,,,,,,Low-density lipoprotein receptor,9606.0,Homo sapiens,,,,,,,,,,,,,,,,,,,,,,,,,,,,,,,,,,,,,,,,,,,,,
RESULT_DESCR,,,,,,,,Standardized activity type (e.g. IC50 rather than Ic-50/Ic50/ic50/ic-50),,1571027,,"Qualifier (e.g. >, <, =) for 'Standard Value'",Standardized activity value transformed to common units: e.g. mM concentrations converted to nM,,,,,,,,,,,,,,,,,,,,,,,,,,,,,,,,,,,,,,,,,,,,,,,,,,,,,,,,,,,,,,,,,,,,,,,Low-density lipoprotein receptor,9606.0,Homo sapiens,,,,,,,,,,,,,,,,,,,,,,,,,,,,,,,,,,,,,,,,,,,,,
RESULT_DESCR,,,,,,,,Standardized activity type (e.g. IC50 rather than Ic-50/Ic50/ic50/ic-50),Additional comments,1571028,,,,,,,,,,,,,,,,,,,,,,,,,,,,,,,,,,,,,,,,,,,,,,,,,,,,,,,,,,,,,,,,,,,,,,,,,,Low-density lipoprotein receptor,9606.0,Homo sapiens,,,,,,,,,,,,,,,,,,,,,,,,,,,,,,,,,,,,,,,,,,,,,
RESULT_DESCR,,,,,,,,Standardized activity type (e.g. IC50 rather than Ic-50/Ic50/ic50/ic-50),Additional comments,1571029,,,,,,,,,,,,,,,,,,,,,,,,,,,,,,,,,,,,,,,,,,,,,,,,,,,,,,,,,,,,,,,,,,,,,,,,,,Low-density lipoprotein receptor,9606.0,Homo sapiens,,,,,,,,,,,,,,,,,,,,,,,,,,,,,,,,,,,,,,,,,,,,,
RESULT_DESCR,,,,,,,,Standardized activity type (e.g. IC50 rather than Ic-50/Ic50/ic50/ic-50),Additional comments,1571030,,,,,,,,,,,,,,,,,,,,,,,,,,,,,,,,,,,,,,,,,,,,,,,,,,,,,,,,,,,,,,,,,,,,,,,,,,Low-density lipoprotein receptor,9606.0,Homo sapiens,,,,,,,,,,,,,,,,,,,,,,,,,,,,,,,,,,,,,,,,,,,,,
RESULT_DESCR,,,,,,,,Standardized activity type (e.g. IC50 rather than Ic-50/Ic50/ic50/ic-50),Additional comments,1571031,,,,,,,,,,,,,,,,,,,,,,,,,,,,,,,,,,,,,,,,,,,,,,,,,,,,,,,,,,,,,,,,,,,,,,,,,,Low-density lipoprotein receptor,9606.0,Homo sapiens,,,,,,,,,,,,,,,,,,,,,,,,,,,,,,,,,,,,,,,,,,,,,
RESULT_DESCR,,,,,,,,Standardized activity type (e.g. IC50 rather than Ic-50/Ic50/ic50/ic-50),,273406,PubChem standardized value transformed from 'Standard Value'. The unit is always micromolar,"Qualifier (e.g. >, <, =) for 'Standard Value'",Standardized activity value transformed to common units: e.g. mM concentrations converted to nM,Selected units for 'Standard Type': e.g. concentrations are in nM,,,,,,,,,,,,,,,,,,,,,,,,,,,,,,,,,,,,,,,,,,,,,,,,,,,,,,,,,,,,,,,,,,,,,,Low-density lipoprotein receptor,9606.0,Homo sapiens,,,,,,,,,,,,,,,,,,,,,,,,,,,,,,,,,,,,,,,,,,,,,
1,103249137,447905,C1=CC=C(C=C1)C(CN(CCCOC2=CC=CC(=C2)CC(=O)O)CC3=C(C(=CC=C3)C(F)(F)F)Cl)C4=CC=CC=C4,Active,,,,IC50,,273406,0.1,=,100,nM,,,,,,,,,,,,,,,,,,,,,,,,,,,,,,,,,,,,,,,,,,,,,,,,,,,,,,,,,,,,,,,,,,,,,,Low-density lipoprotein receptor,9606.0,Homo sapiens,,C33H31ClF3NO3,582.0,,,,,,,,,,,,,,,,,,,,,,,,,,,,,,,,,,,,,,,,,,
2,103249306,447912,C1=CC=C(C=C1)S(=O)(=O)N(CC(F)(F)F)C2=CC=C(C=C2)C(C(F)(F)F)(C(F)(F)F)O,Active,,,,IC50,,273406,0.01,=,10,nM,,,,,,,,,,,,,,,,,,,,,,,,,,,,,,,,,,,,,,,,,,,,,,,,,,,,,,,,,,,,,,,,,,,,,,Low-density lipoprotein receptor,9606.0,Homo sapiens,,C17H12F9NO3S,481.3,,,,,,,,,,,,,,,,,,,,,,,,,,,,,,,,,,,,,,,,,,
3,103501301,11261037,C1=CC=C(C=C1)C(=O)C2=CN=C3C(=C2C4=CC(=CC=C4)OCC5=CC=C(C=C5)C(=O)O)C=CC=C3C(F)(F)F,Active,,,,IC50,,273406,0.13,=,130,nM,,,,,,,,,,,,,,,,,,,,,,,,,,,,,,,,,,,,,,,,,,,,,,,,,,,,,,,,,,,,,,,,,,,,,,Low-density lipoprotein receptor,9606.0,Homo sapiens,,C31H20F3NO4,527.5,,,,,,,,,,,,,,,,,,,,,,,,,,,,,,,,,,,,,,,,,,
4,103501302,11627859,C1=CC=C(C=C1)CC2=CN=C3C(=C2C4=CC(=CC=C4)OCC5=CC=C(C=C5)CC(=O)O)C=CC=C3C(F)(F)F,Active,,,,IC50,,273406,0.0095,=,9.5,nM,,,,,,,,,,,,,,,,,,,,,,,,,,,,,,,,,,,,,,,,,,,,,,,,,,,,,,,,,,,,,,,,,,,,,,Low-density lipoprotein receptor,9606.0,Homo sapiens,,C32H24F3NO3,527.5,,,,,,,,,,,,,,,,,,,,,,,,,,,,,,,,,,,,,,,,,,
5,103501327,16090326,COC(=O)C1=CC=C(C=C1)COC2=CC=CC(=C2)C3=C4C=CC=C(C4=NC=C3C(=O)C5=CC=CC=C5)C(F)(F)F,Unspecified,,,,IC50,,273406,1,>,1000,nM,,,,,,,,,,,,,,,,,,,,,,,,,,,,,,,,,,,,,,,,,,,,,,,,,,,,,,,,,,,,,,,,,,,,,,Low-density lipoprotein receptor,9606.0,Homo sapiens,,C32H22F3NO4,541.5,,,,,,,,,,,,,,,,,,,,,,,,,,,,,,,,,,,,,,,,,,
6,103501338,16090330,C1=CC=C(C=C1)CC2=CN=C3C(=C2C4=CC(=CC=C4)NCC5=CC=C(C=C5)CC(=O)O)C=CC=C3C(F)(F)F,Active,,,,IC50,,273406,0.0076,=,7.6,nM,,,,,,,,,,,,,,,,,,,,,,,,,,,,,,,,,,,,,,,,,,,,,,,,,,,,,,,,,,,,,,,,,,,,,,Low-density lipoprotein receptor,9606.0,Homo sapiens,,C32H25F3N2O2,526.5,,,,,,,,,,,,,,,,,,,,,,,,,,,,,,,,,,,,,,,,,,
7,103501361,16090327,C1=CC=C(C=C1)C(=O)C2=CN=C3C(=C2C4=CC(=CC=C4)OCC5=CC(=CC=C5)C(=O)O)C=CC=C3C(F)(F)F,Active,,,,IC50,,273406,1.871,=,1871,nM,,,,,,,,,,,,,,,,,,,,,,,,,,,,,,,,,,,,,,,,,,,,,,,,,,,,,,,,,,,,,,,,,,,,,,Low-density lipoprotein receptor,9606.0,Homo sapiens,,C31H20F3NO4,527.5,,,,,,,,,,,,,,,,,,,,,,,,,,,,,,,,,,,,,,,,,,
8,103501371,16090331,C1=CC=C(C=C1)CC2=CN=C3C(=C2C4=CC=CC(=C4)CNC5=CC=C(C=C5)CC(=O)O)C=CC=C3C(F)(F)F,Active,,,,IC50,,273406,0.047,=,47,nM,,,,,,,,,,,,,,,,,,,,,,,,,,,,,,,,,,,,,,,,,,,,,,,,,,,,,,,,,,,,,,,,,,,,,,Low-density lipoprotein receptor,9606.0,Homo sapiens,,C32H25F3N2O2,526.5,,,,,,,,,,,,,,,,,,,,,,,,,,,,,,,,,,,,,,,,,,
9,103501393,16090328,C1=CC=C(C=C1)C(=O)C2=CN=C3C(=C2C4=CC=C(C=C4)OCC5=CC=C(C=C5)C(=O)O)C=CC=C3C(F)(F)F,Active,,,,IC50,,273406,0.723,=,723,nM,,,,,,,,,,,,,,,,,,,,,,,,,,,,,,,,,,,,,,,,,,,,,,,,,,,,,,,,,,,,,,,,,,,,,,Low-density lipoprotein receptor,9606.0,Homo sapiens,,C31H20F3NO4,527.5,,,,,,,,,,,,,,,,,,,,,,,,,,,,,,,,,,,,,,,,,,
10,103501402,16090332,CN(CC1=CC=C(C=C1)CC(=O)O)C2=CC=CC(=C2)C3=C4C=CC=C(C4=NC=C3CC5=CC=CC=C5)C(F)(F)F,Active,,,,IC50,,273406,0.274,=,274,nM,,,,,,,,,,,,,,,,,,,,,,,,,,,,,,,,,,,,,,,,,,,,,,,,,,,,,,,,,,,,,,,,,,,,,,Low-density lipoprotein receptor,9606.0,Homo sapiens,,C33H27F3N2O2,540.6,,,,,,,,,,,,,,,,,,,,,,,,,,,,,,,,,,,,,,,,,,
11,103501426,16090329,C1=CC=C(C=C1)C(=O)C2=CN=C3C(=C2C4=CC(=CC=C4)OCC5=CC=C(C=C5)CC(=O)O)C=CC=C3C(F)(F)F,Active,,,,IC50,,273406,0.0165,=,16.5,nM,,,,,,,,,,,,,,,,,,,,,,,,,,,,,,,,,,,,,,,,,,,,,,,,,,,,,,,,,,,,,,,,,,,,,,Low-density lipoprotein receptor,9606.0,Homo sapiens,,C32H22F3NO4,541.5,,,,,,,,,,,,,,,,,,,,,,,,,,,,,,,,,,,,,,,,,,
12,103501459,11360909,C1=CC=C(C=C1)C2=C3C=CC=C(C3=NC=C2C(=O)C4=CC=CC=C4)C(F)(F)F,Active,,,,IC50,,273406,0.26,=,260,nM,,,,,,,,,,,,,,,,,,,,,,,,,,,,,,,,,,,,,,,,,,,,,,,,,,,,,,,,,,,,,,,,,,,,,,Low-density lipoprotein receptor,9606.0,Homo sapiens,,C23H14F3NO,377.4,,,,,,,,,,,,,,,,,,,,,,,,,,,,,,,,,,,,,,,,,,
RESULT_DESCR,,,,,,,,Standardized activity type (e.g. IC50 rather than Ic-50/Ic50/ic50/ic-50),,1571032,PubChem standardized value transformed from 'Standard Value'. The unit is always micromolar,"Qualifier (e.g. >, <, =) for 'Standard Value'",Standardized activity value transformed to common units: e.g. mM concentrations converted to nM,Selected units for 'Standard Type': e.g. concentrations are in nM,,,,,,,,,,,,,,,,,,,,,,,,,,,,,,,,,,,,,,,,,,,,,,,,,,,,,,,,,,,,,,,,,,,,,,Low-density lipoprotein receptor,9606.0,Homo sapiens,,,,,,,,,,,,,,,,,,,,,,,,,,,,,,,,,,,,,,,,,,,,,
RESULT_DESCR,,,,,,,,Standardized activity type (e.g. IC50 rather than Ic-50/Ic50/ic50/ic-50),Additional comments,273408,PubChem standardized value transformed from 'Standard Value'. The unit is always micromolar,"Qualifier (e.g. >, <, =) for 'Standard Value'",Standardized activity value transformed to common units: e.g. mM concentrations converted to nM,Selected units for 'Standard Type': e.g. concentrations are in nM,,,,,,,,,,,,,,,,,,,,,,,,,,,,,,,,,,,,,,,,,,,,,,,,,,,,,,,,,,,,,,,,,,,,,,Low-density lipoprotein receptor,9606.0,Homo sapiens,,,,,,,,,,,,,,,,,,,,,,,,,,,,,,,,,,,,,,,,,,,,,
RESULT_DESCR,,,,,,,,Standardized activity type (e.g. IC50 rather than Ic-50/Ic50/ic50/ic-50),,273407,PubChem standardized value transformed from 'Standard Value'. The unit is always micromolar,"Qualifier (e.g. >, <, =) for 'Standard Value'",Standardized activity value transformed to common units: e.g. mM concentrations converted to nM,Selected units for 'Standard Type': e.g. concentrations are in nM,,,,,,,,,,,,,,,,,,,,,,,,,,,,,,,,,,,,,,,,,,,,,,,,,,,,,,,,,,,,,,,,,,,,,,Low-density lipoprotein receptor,9606.0,Homo sapiens,,,,,,,,,,,,,,,,,,,,,,,,,,,,,,,,,,,,,,,,,,,,,
1,103249137,447905,C1=CC=C(C=C1)C(CN(CCCOC2=CC=CC(=C2)CC(=O)O)CC3=C(C(=CC=C3)C(F)(F)F)Cl)C4=CC=CC=C4,Active,,,,IC50,,273407,0.012,=,12,nM,,,,,,,,,,,,,,,,,,,,,,,,,,,,,,,,,,,,,,,,,,,,,,,,,,,,,,,,,,,,,,,,,,,,,,Low-density lipoprotein receptor,9606.0,Homo sapiens,,C33H31ClF3NO3,582.0,,,,,,,,,,,,,,,,,,,,,,,,,,,,,,,,,,,,,,,,,,
2,103249306,447912,C1=CC=C(C=C1)S(=O)(=O)N(CC(F)(F)F)C2=CC=C(C=C2)C(C(F)(F)F)(C(F)(F)F)O,Active,,,,IC50,,273407,0.01,=,10,nM,,,,,,,,,,,,,,,,,,,,,,,,,,,,,,,,,,,,,,,,,,,,,,,,,,,,,,,,,,,,,,,,,,,,,,Low-density lipoprotein receptor,9606.0,Homo sapiens,,C17H12F9NO3S,481.3,,,,,,,,,,,,,,,,,,,,,,,,,,,,,,,,,,,,,,,,,,
3,103501301,11261037,C1=CC=C(C=C1)C(=O)C2=CN=C3C(=C2C4=CC(=CC=C4)OCC5=CC=C(C=C5)C(=O)O)C=CC=C3C(F)(F)F,Active,,,,IC50,,273407,0.067,=,67,nM,,,,,,,,,,,,,,,,,,,,,,,,,,,,,,,,,,,,,,,,,,,,,,,,,,,,,,,,,,,,,,,,,,,,,,Low-density lipoprotein receptor,9606.0,Homo sapiens,,C31H20F3NO4,527.5,,,,,,,,,,,,,,,,,,,,,,,,,,,,,,,,,,,,,,,,,,
4,103501302,11627859,C1=CC=C(C=C1)CC2=CN=C3C(=C2C4=CC(=CC=C4)OCC5=CC=C(C=C5)CC(=O)O)C=CC=C3C(F)(F)F,Active,,,,IC50,,273407,0.0021,=,2.1,nM,,,,,,,,,,,,,,,,,,,,,,,,,,,,,,,,,,,,,,,,,,,,,,,,,,,,,,,,,,,,,,,,,,,,,,Low-density lipoprotein receptor,9606.0,Homo sapiens,,C32H24F3NO3,527.5,,,,,,,,,,,,,,,,,,,,,,,,,,,,,,,,,,,,,,,,,,
5,103501327,16090326,COC(=O)C1=CC=C(C=C1)COC2=CC=CC(=C2)C3=C4C=CC=C(C4=NC=C3C(=O)C5=CC=CC=C5)C(F)(F)F,Unspecified,,,,IC50,,273407,1,>,1000,nM,,,,,,,,,,,,,,,,,,,,,,,,,,,,,,,,,,,,,,,,,,,,,,,,,,,,,,,,,,,,,,,,,,,,,,Low-density lipoprotein receptor,9606.0,Homo sapiens,,C32H22F3NO4,541.5,,,,,,,,,,,,,,,,,,,,,,,,,,,,,,,,,,,,,,,,,,
6,103501338,16090330,C1=CC=C(C=C1)CC2=CN=C3C(=C2C4=CC(=CC=C4)NCC5=CC=C(C=C5)CC(=O)O)C=CC=C3C(F)(F)F,Active,,,,IC50,,273407,0.0019,=,1.9,nM,,,,,,,,,,,,,,,,,,,,,,,,,,,,,,,,,,,,,,,,,,,,,,,,,,,,,,,,,,,,,,,,,,,,,,Low-density lipoprotein receptor,9606.0,Homo sapiens,,C32H25F3N2O2,526.5,,,,,,,,,,,,,,,,,,,,,,,,,,,,,,,,,,,,,,,,,,
7,103501361,16090327,C1=CC=C(C=C1)C(=O)C2=CN=C3C(=C2C4=CC(=CC=C4)OCC5=CC(=CC=C5)C(=O)O)C=CC=C3C(F)(F)F,Active,,,,IC50,,273407,1.033,=,1033,nM,,,,,,,,,,,,,,,,,,,,,,,,,,,,,,,,,,,,,,,,,,,,,,,,,,,,,,,,,,,,,,,,,,,,,,Low-density lipoprotein receptor,9606.0,Homo sapiens,,C31H20F3NO4,527.5,,,,,,,,,,,,,,,,,,,,,,,,,,,,,,,,,,,,,,,,,,
8,103501371,16090331,C1=CC=C(C=C1)CC2=CN=C3C(=C2C4=CC=CC(=C4)CNC5=CC=C(C=C5)CC(=O)O)C=CC=C3C(F)(F)F,Active,,,,IC50,,273407,0.007,=,7,nM,,,,,,,,,,,,,,,,,,,,,,,,,,,,,,,,,,,,,,,,,,,,,,,,,,,,,,,,,,,,,,,,,,,,,,Low-density lipoprotein receptor,9606.0,Homo sapiens,,C32H25F3N2O2,526.5,,,,,,,,,,,,,,,,,,,,,,,,,,,,,,,,,,,,,,,,,,
9,103501393,16090328,C1=CC=C(C=C1)C(=O)C2=CN=C3C(=C2C4=CC=C(C=C4)OCC5=CC=C(C=C5)C(=O)O)C=CC=C3C(F)(F)F,Active,,,,IC50,,273407,2.738,=,2738,nM,,,,,,,,,,,,,,,,,,,,,,,,,,,,,,,,,,,,,,,,,,,,,,,,,,,,,,,,,,,,,,,,,,,,,,Low-density lipoprotein receptor,9606.0,Homo sapiens,,C31H20F3NO4,527.5,,,,,,,,,,,,,,,,,,,,,,,,,,,,,,,,,,,,,,,,,,
10,103501402,16090332,CN(CC1=CC=C(C=C1)CC(=O)O)C2=CC=CC(=C2)C3=C4C=CC=C(C4=NC=C3CC5=CC=CC=C5)C(F)(F)F,Active,,,,IC50,,273407,0.115,=,115,nM,,,,,,,,,,,,,,,,,,,,,,,,,,,,,,,,,,,,,,,,,,,,,,,,,,,,,,,,,,,,,,,,,,,,,,Low-density lipoprotein receptor,9606.0,Homo sapiens,,C33H27F3N2O2,540.6,,,,,,,,,,,,,,,,,,,,,,,,,,,,,,,,,,,,,,,,,,
11,103501426,16090329,C1=CC=C(C=C1)C(=O)C2=CN=C3C(=C2C4=CC(=CC=C4)OCC5=CC=C(C=C5)CC(=O)O)C=CC=C3C(F)(F)F,Active,,,,IC50,,273407,0.005,=,5,nM,,,,,,,,,,,,,,,,,,,,,,,,,,,,,,,,,,,,,,,,,,,,,,,,,,,,,,,,,,,,,,,,,,,,,,Low-density lipoprotein receptor,9606.0,Homo sapiens,,C32H22F3NO4,541.5,,,,,,,,,,,,,,,,,,,,,,,,,,,,,,,,,,,,,,,,,,
12,103501459,11360909,C1=CC=C(C=C1)C2=C3C=CC=C(C3=NC=C2C(=O)C4=CC=CC=C4)C(F)(F)F,Active,,,,IC50,,273407,0.107,=,107,nM,,,,,,,,,,,,,,,,,,,,,,,,,,,,,,,,,,,,,,,,,,,,,,,,,,,,,,,,,,,,,,,,,,,,,,Low-density lipoprotein receptor,9606.0,Homo sapiens,,C23H14F3NO,377.4,,,,,,,,,,,,,,,,,,,,,,,,,,,,,,,,,,,,,,,,,,
RESULT_DESCR,,,,,,,,Standardized activity type (e.g. IC50 rather than Ic-50/Ic50/ic50/ic-50),,273410,PubChem standardized value transformed from 'Standard Value'. The unit is always micromolar,"Qualifier (e.g. >, <, =) for 'Standard Value'",Standardized activity value transformed to common units: e.g. mM concentrations converted to nM,Selected units for 'Standard Type': e.g. concentrations are in nM,,,,,,,,,,,,,,,,,,,,,,,,,,,,,,,,,,,,,,,,,,,,,,,,,,,,,,,,,,,,,,,,,,,,,,Low-density lipoprotein receptor,9606.0,Homo sapiens,,,,,,,,,,,,,,,,,,,,,,,,,,,,,,,,,,,,,,,,,,,,,
RESULT_DESCR,,,,,,,,Standardized activity type (e.g. IC50 rather than Ic-50/Ic50/ic50/ic-50),,273411,PubChem standardized value transformed from 'Standard Value'. The unit is always micromolar,"Qualifier (e.g. >, <, =) for 'Standard Value'",Standardized activity value transformed to common units: e.g. mM concentrations converted to nM,Selected units for 'Standard Type': e.g. concentrations are in nM,,,,,,,,,,,,,,,,,,,,,,,,,,,,,,,,,,,,,,,,,,,,,,,,,,,,,,,,,,,,,,,,,,,,,,Low-density lipoprotein receptor,9606.0,Homo sapiens,,,,,,,,,,,,,,,,,,,,,,,,,,,,,,,,,,,,,,,,,,,,,
RESULT_DESCR,,,,,,,,Standardized activity type (e.g. IC50 rather than Ic-50/Ic50/ic50/ic-50),,1571033,PubChem standardized value transformed from 'Standard Value'. The unit is always micromolar,"Qualifier (e.g. >, <, =) for 'Standard Value'",Standardized activity value transformed to common units: e.g. mM concentrations converted to nM,Selected units for 'Standard Type': e.g. concentrations are in nM,,,,,,,,,,,,,,,,,,,,,,,,,,,,,,,,,,,,,,,,,,,,,,,,,,,,,,,,,,,,,,,,,,,,,,Low-density lipoprotein receptor,9606.0,Homo sapiens,,,,,,,,,,,,,,,,,,,,,,,,,,,,,,,,,,,,,,,,,,,,,
RESULT_DESCR,,,,,,,,Standardized activity type (e.g. IC50 rather than Ic-50/Ic50/ic50/ic-50),,273413,,"Qualifier (e.g. >, <, =) for 'Standard Value'",Standardized activity value transformed to common units: e.g. mM concentrations converted to nM,Selected units for 'Standard Type': e.g. concentrations are in nM,,,,,,,,,,,,,,,,,,,,,,,,,,,,,,,,,,,,,,,,,,,,,,,,,,,,,,,,,,,,,,,,,,,,,,Low-density lipoprotein receptor,9606.0,Homo sapiens,,,,,,,,,,,,,,,,,,,,,,,,,,,,,,,,,,,,,,,,,,,,,
RESULT_DESCR,,,,,,,,Standardized activity type (e.g. IC50 rather than Ic-50/Ic50/ic50/ic-50),,273414,PubChem standardized value transformed from 'Standard Value'. The unit is always micromolar,"Qualifier (e.g. >, <, =) for 'Standard Value'",Standardized activity value transformed to common units: e.g. mM concentrations converted to nM,Selected units for 'Standard Type': e.g. concentrations are in nM,,,,,,,,,,,,,,,,,,,,,,,,,,,,,,,,,,,,,,,,,,,,,,,,,,,,,,,,,,,,,,,,,,,,,,Low-density lipoprotein receptor,9606.0,Homo sapiens,,,,,,,,,,,,,,,,,,,,,,,,,,,,,,,,,,,,,,,,,,,,,
RESULT_DESCR,,,,,,,,Standardized activity type (e.g. IC50 rather than Ic-50/Ic50/ic50/ic-50),,273415,PubChem standardized value transformed from 'Standard Value'. The unit is always micromolar,"Qualifier (e.g. >, <, =) for 'Standard Value'",Standardized activity value transformed to common units: e.g. mM concentrations converted to nM,Selected units for 'Standard Type': e.g. concentrations are in nM,,,,,,,,,,,,,,,,,,,,,,,,,,,,,,,,,,,,,,,,,,,,,,,,,,,,,,,,,,,,,,,,,,,,,,Low-density lipoprotein receptor,9606.0,Homo sapiens,,,,,,,,,,,,,,,,,,,,,,,,,,,,,,,,,,,,,,,,,,,,,
RESULT_DESCR,,,,,,,,Standardized activity type (e.g. IC50 rather than Ic-50/Ic50/ic50/ic-50),,273416,PubChem standardized value transformed from 'Standard Value'. The unit is always micromolar,"Qualifier (e.g. >, <, =) for 'Standard Value'",Standardized activity value transformed to common units: e.g. mM concentrations converted to nM,Selected units for 'Standard Type': e.g. concentrations are in nM,,,,,,,,,,,,,,,,,,,,,,,,,,,,,,,,,,,,,,,,,,,,,,,,,,,,,,,,,,,,,,,,,,,,,,Low-density lipoprotein receptor,9606.0,Homo sapiens,,,,,,,,,,,,,,,,,,,,,,,,,,,,,,,,,,,,,,,,,,,,,
RESULT_DESCR,,,,,,,,Standardized activity type (e.g. IC50 rather than Ic-50/Ic50/ic50/ic-50),,1571034,PubChem standardized value transformed from 'Standard Value'. The unit is always micromolar,"Qualifier (e.g. >, <, =) for 'Standard Value'",Standardized activity value transformed to common units: e.g. mM concentrations converted to nM,Selected units for 'Standard Type': e.g. concentrations are in nM,,,,,,,,,,,,,,,,,,,,,,,,,,,,,,,,,,,,,,,,,,,,,,,,,,,,,,,,,,,,,,,,,,,,,,Low-density lipoprotein receptor,9606.0,Homo sapiens,,,,,,,,,,,,,,,,,,,,,,,,,,,,,,,,,,,,,,,,,,,,,
RESULT_DESCR,,,,,,,,Standardized activity type (e.g. IC50 rather than Ic-50/Ic50/ic50/ic-50),,273418,,"Qualifier (e.g. >, <, =) for 'Standard Value'",Standardized activity value transformed to common units: e.g. mM concentrations converted to nM,Selected units for 'Standard Type': e.g. concentrations are in nM,,,,,,,,,,,,,,,,,,,,,,,,,,,,,,,,,,,,,,,,,,,,,,,,,,,,,,,,,,,,,,,,,,,,,,Low-density lipoprotein receptor,9606.0,Homo sapiens,,,,,,,,,,,,,,,,,,,,,,,,,,,,,,,,,,,,,,,,,,,,,
RESULT_DESCR,,,,,,,,Standardized activity type (e.g. IC50 rather than Ic-50/Ic50/ic50/ic-50),,273419,,"Qualifier (e.g. >, <, =) for 'Standard Value'",Standardized activity value transformed to common units: e.g. mM concentrations converted to nM,Selected units for 'Standard Type': e.g. concentrations are in nM,,,,,,,,,,,,,,,,,,,,,,,,,,,,,,,,,,,,,,,,,,,,,,,,,,,,,,,,,,,,,,,,,,,,,,Low-density lipoprotein receptor,9606.0,Homo sapiens,,,,,,,,,,,,,,,,,,,,,,,,,,,,,,,,,,,,,,,,,,,,,
RESULT_DESCR,,,,,,,,Standardized activity type (e.g. IC50 rather than Ic-50/Ic50/ic50/ic-50),,1571035,PubChem standardized value transformed from 'Standard Value'. The unit is always micromolar,"Qualifier (e.g. >, <, =) for 'Standard Value'",Standardized activity value transformed to common units: e.g. mM concentrations converted to nM,Selected units for 'Standard Type': e.g. concentrations are in nM,Comment reflecting whether the values for this activity measurement are likely to be correct,,,,,,,,,,,,,,,,,,,,,,,,,,,,,,,,,,,,,,,,,,,,,,,,,,,,,,,,,,,,,,,,,,,,,Low-density lipoprotein receptor,9606.0,Homo sapiens,,,,,,,,,,,,,,,,,,,,,,,,,,,,,,,,,,,,,,,,,,,,,
RESULT_DESCR,,,,,,,,Standardized activity type (e.g. IC50 rather than Ic-50/Ic50/ic50/ic-50),,273424,,"Qualifier (e.g. >, <, =) for 'Standard Value'",Standardized activity value transformed to common units: e.g. mM concentrations converted to nM,Selected units for 'Standard Type': e.g. concentrations are in nM,,,,,,,,,,,,,,,,,,,,,,,,,,,,,,,,,,,,,,,,,,,,,,,,,,,,,,,,,,,,,,,,,,,,,,Low-density lipoprotein receptor,9606.0,Homo sapiens,,,,,,,,,,,,,,,,,,,,,,,,,,,,,,,,,,,,,,,,,,,,,
RESULT_DESCR,,,,,,,,Standardized activity type (e.g. IC50 rather than Ic-50/Ic50/ic50/ic-50),,273432,,"Qualifier (e.g. >, <, =) for 'Standard Value'",Standardized activity value transformed to common units: e.g. mM concentrations converted to nM,Selected units for 'Standard Type': e.g. concentrations are in nM,,,,,,,,,,,,,,,,,,,,,,,,,,,,,,,,,,,,,,,,,,,,,,,,,,,,,,,,,,,,,,,,,,,,,,Low-density lipoprotein receptor,9606.0,Homo sapiens,,,,,,,,,,,,,,,,,,,,,,,,,,,,,,,,,,,,,,,,,,,,,
RESULT_DESCR,,,,,,,,Standardized activity type (e.g. IC50 rather than Ic-50/Ic50/ic50/ic-50),Additional comments,1817665,PubChem standardized value transformed from 'Standard Value'. The unit is always micromolar,"Qualifier (e.g. >, <, =) for 'Standard Value'",Standardized activity value transformed to common units: e.g. mM concentrations converted to nM,Selected units for 'Standard Type': e.g. concentrations are in nM,,,,,,,,,,,,,,,,,,,,,,,,,,,,,,,,,,,,,,,,,,,,,,,,,,,,,,,,,,,,,,,,,,,,,,Low-density lipoprotein receptor,9606.0,Homo sapiens,,,,,,,,,,,,,,,,,,,,,,,,,,,,,,,,,,,,,,,,,,,,,
RESULT_DESCR,,,,,,,,Standardized activity type (e.g. IC50 rather than Ic-50/Ic50/ic50/ic-50),,1817666,PubChem standardized value transformed from 'Standard Value'. The unit is always micromolar,"Qualifier (e.g. >, <, =) for 'Standard Value'",Standardized activity value transformed to common units: e.g. mM concentrations converted to nM,Selected units for 'Standard Type': e.g. concentrations are in nM,,,,,,,,,,,,,,,,,,,,,,,,,,,,,,,,,,,,,,,,,,,,,,,,,,,,,,,,,,,,,,,,,,,,,,Low-density lipoprotein receptor,9606.0,Homo sapiens,,,,,,,,,,,,,,,,,,,,,,,,,,,,,,,,,,,,,,,,,,,,,
1,475983973,166628269,C[C@H]([C@@H](C(=O)N[C@@H](C(C)C)C(=O)N[C@@H](CC1=CC=CC=C1)C(=O)N[C@@H]([C@@H](C)O)C(=O)N[C@@H](CO)C(=O)N[C@@H](CC2=CNC3=CC=CC=C32)C(=O)N[C@@H](CCC(=O)O)C(=O)N[C@@H](CCC(=O)O)C(=O)N[C@@H](CC4=CC=C(C=C4)O)C(=O)N[C@@H](CC(C)C)C(=O)N[C@@H](CC(=O)O)C(=O)N[C@@H](CC5=CNC6=CC=CC=C65)C(=O)N[C@@H](C(C)C)C(=O)N[C@@H](CCCCN)C(=O)N[C@@H](CCCCN)C(=O)N[C@@H](CCCCN)C(=O)N)NC(=O)C)O,Active,,,,IC50,,1817666,1.6,=,1600,nM,,,,,,,,,,,,,,,,,,,,,,,,,,,,,,,,,,,,,,,,,,,,,,,,,,,,,,,,,,,,,,,,,,,,,,Low-density lipoprotein receptor,9606.0,Homo sapiens,,C101H146N22O27,2100.4,,,,,,,,,,,,,,,,,,,,,,,,,,,,,,,,,,,,,,,,,,
2,476000066,166636273,C[C@H]([C@@H](C(=O)N[C@@H](C(C)C)C(=O)N[C@@H](CC1=CC=CC=C1)C(=O)N[C@@H]([C@@H](C)O)C(=O)N[C@@H](CO)C(=O)N[C@@H](CC2=CNC3=CC=CC=C32)C(=O)N[C@@H](CCC(=O)O)C(=O)N[C@@H](CCC(=O)O)C(=O)N[C@@H](CC4=CC=C(C=C4)O)C(=O)N[C@@H](CC(C)C)C(=O)N[C@@H](CC(=O)O)C(=O)N[C@@H](CC5=CNC6=CC=CC=C65)C(=O)N[C@@H](C(C)C)C(=O)N[C@@H](CCCCN)C(=O)N[C@@H](CCCCN)C(=O)N[C@@H](CCCCN)C(=O)N[C@@H](CCCCN)C(=O)N[C@@H](CCCCN)C(=O)N[C@@H](CCCCN)C(=O)N)NC(=O)C)O,Active,,,,IC50,,1817666,0.424,=,424,nM,,,,,,,,,,,,,,,,,,,,,,,,,,,,,,,,,,,,,,,,,,,,,,,,,,,,,,,,,,,,,,,,,,,,,,Low-density lipoprotein receptor,9606.0,Homo sapiens,,C119H182N28O30,2484.9,,,,,,,,,,,,,,,,,,,,,,,,,,,,,,,,,,,,,,,,,,
RESULT_DESCR,,,,,,,,Standardized activity type (e.g. IC50 rather than Ic-50/Ic50/ic50/ic-50),,1817667,,"Qualifier (e.g. >, <, =) for 'Standard Value'",Standardized activity value transformed to common units: e.g. mM concentrations converted to nM,Selected units for 'Standard Type': e.g. concentrations are in nM,,,,,,,,,,,,,,,,,,,,,,,,,,,,,,,,,,,,,,,,,,,,,,,,,,,,,,,,,,,,,,,,,,,,,,Low-density lipoprotein receptor,9606.0,Homo sapiens,,,,,,,,,,,,,,,,,,,,,,,,,,,,,,,,,,,,,,,,,,,,,
RESULT_DESCR,,,,,,,,Standardized activity type (e.g. IC50 rather than Ic-50/Ic50/ic50/ic-50),,1817668,PubChem standardized value transformed from 'Standard Value'. The unit is always micromolar,"Qualifier (e.g. >, <, =) for 'Standard Value'",Standardized activity value transformed to common units: e.g. mM concentrations converted to nM,Selected units for 'Standard Type': e.g. concentrations are in nM,,,,,,,,,,,,,,,,,,,,,,,,,,,,,,,,,,,,,,,,,,,,,,,,,,,,,,,,,,,,,,,,,,,,,,Low-density lipoprotein receptor,9606.0,Homo sapiens,,,,,,,,,,,,,,,,,,,,,,,,,,,,,,,,,,,,,,,,,,,,,
RESULT_DESCR,,,,,,,,Standardized activity type (e.g. IC50 rather than Ic-50/Ic50/ic50/ic-50),,1817669,PubChem standardized value transformed from 'Standard Value'. The unit is always micromolar,"Qualifier (e.g. >, <, =) for 'Standard Value'",Standardized activity value transformed to common units: e.g. mM concentrations converted to nM,Selected units for 'Standard Type': e.g. concentrations are in nM,,,,,,,,,,,,,,,,,,,,,,,,,,,,,,,,,,,,,,,,,,,,,,,,,,,,,,,,,,,,,,,,,,,,,,Low-density lipoprotein receptor,9606.0,Homo sapiens,,,,,,,,,,,,,,,,,,,,,,,,,,,,,,,,,,,,,,,,,,,,,
RESULT_DESCR,,,,,,,,Standardized activity type (e.g. IC50 rather than Ic-50/Ic50/ic50/ic-50),Additional comments,1817670,,,,,,,,,,,,,,,,,,,,,,,,,,,,,,,,,,,,,,,,,,,,,,,,,,,,,,,,,,,,,,,,,,,,,,,,,,Low-density lipoprotein receptor,9606.0,Homo sapiens,,,,,,,,,,,,,,,,,,,,,,,,,,,,,,,,,,,,,,,,,,,,,
RESULT_DESCR,,,,,,,,Standardized activity type (e.g. IC50 rather than Ic-50/Ic50/ic50/ic-50),,1817671,,"Qualifier (e.g. >, <, =) for 'Standard Value'",Standardized activity value transformed to common units: e.g. mM concentrations converted to nM,Selected units for 'Standard Type': e.g. concentrations are in nM,,,,,,,,,,,,,,,,,,,,,,,,,,,,,,,,,,,,,,,,,,,,,,,,,,,,,,,,,,,,,,,,,,,,,,Low-density lipoprotein receptor,9606.0,Homo sapiens,,,,,,,,,,,,,,,,,,,,,,,,,,,,,,,,,,,,,,,,,,,,,
RESULT_DESCR,,,,,,,,Standardized activity type (e.g. IC50 rather than Ic-50/Ic50/ic50/ic-50),,273409,,"Qualifier (e.g. >, <, =) for 'Standard Value'",Standardized activity value transformed to common units: e.g. mM concentrations converted to nM,Selected units for 'Standard Type': e.g. concentrations are in nM,,,,,,,,,,,,,,,,,,,,,,,,,,,,,,,,,,,,,,,,,,,,,,,,,,,,,,,,,,,,,,,,,,,,,,Low-density lipoprotein receptor,9606.0,Homo sapiens,,,,,,,,,,,,,,,,,,,,,,,,,,,,,,,,,,,,,,,,,,,,,
RESULT_DESCR,,,,,,,,Standardized activity type (e.g. IC50 rather than Ic-50/Ic50/ic50/ic-50),Additional comments,371105,,,,,,,,,,,,,,,,,,,,,,,,,,,,,,,,,,,,,,,,,,,,,,,,,,,,,,,,,,,,,,,,,,,,,,,,,,Low-density lipoprotein receptor,9606.0,Homo sapiens,,,,,,,,,,,,,,,,,,,,,,,,,,,,,,,,,,,,,,,,,,,,,
RESULT_DESCR,,,,,,,,Standardized activity type (e.g. IC50 rather than Ic-50/Ic50/ic50/ic-50),,273412,,"Qualifier (e.g. >, <, =) for 'Standard Value'",Standardized activity value transformed to common units: e.g. mM concentrations converted to nM,Selected units for 'Standard Type': e.g. concentrations are in nM,,,,,,,,,,,,,,,,,,,,,,,,,,,,,,,,,,,,,,,,,,,,,,,,,,,,,,,,,,,,,,,,,,,,,,Low-density lipoprotein receptor,9606.0,Homo sapiens,,,,,,,,,,,,,,,,,,,,,,,,,,,,,,,,,,,,,,,,,,,,,
RESULT_DESCR,,,,,,,,Standardized activity type (e.g. IC50 rather than Ic-50/Ic50/ic50/ic-50),,371108,,"Qualifier (e.g. >, <, =) for 'Standard Value'",Standardized activity value transformed to common units: e.g. mM concentrations converted to nM,Selected units for 'Standard Type': e.g. concentrations are in nM,,,,,,,,,,,,,,,,,,,,,,,,,,,,,,,,,,,,,,,,,,,,,,,,,,,,,,,,,,,,,,,,,,,,,,Low-density lipoprotein receptor,9606.0,Homo sapiens,,,,,,,,,,,,,,,,,,,,,,,,,,,,,,,,,,,,,,,,,,,,,
RESULT_DESCR,,,,,,,,Standardized activity type (e.g. IC50 rather than Ic-50/Ic50/ic50/ic-50),,273417,,"Qualifier (e.g. >, <, =) for 'Standard Value'",Standardized activity value transformed to common units: e.g. mM concentrations converted to nM,Selected units for 'Standard Type': e.g. concentrations are in nM,,,,,,,,,,,,,,,,,,,,,,,,,,,,,,,,,,,,,,,,,,,,,,,,,,,,,,,,,,,,,,,,,,,,,,Low-density lipoprotein receptor,9606.0,Homo sapiens,,,,,,,,,,,,,,,,,,,,,,,,,,,,,,,,,,,,,,,,,,,,,
RESULT_DESCR,,,,,,,,Standardized activity type (e.g. IC50 rather than Ic-50/Ic50/ic50/ic-50),,472473,,"Qualifier (e.g. >, <, =) for 'Standard Value'",Standardized activity value transformed to common units: e.g. mM concentrations converted to nM,Selected units for 'Standard Type': e.g. concentrations are in nM,,,,,,,,,,,,,,,,,,,,,,,,,,,,,,,,,,,,,,,,,,,,,,,,,,,,,,,,,,,,,,,,,,,,,,Low-density lipoprotein receptor,9606.0,Homo sapiens,,,,,,,,,,,,,,,,,,,,,,,,,,,,,,,,,,,,,,,,,,,,,
RESULT_DESCR,,,,,,,,Standardized activity type (e.g. IC50 rather than Ic-50/Ic50/ic50/ic-50),,472475,,"Qualifier (e.g. >, <, =) for 'Standard Value'",Standardized activity value transformed to common units: e.g. mM concentrations converted to nM,Selected units for 'Standard Type': e.g. concentrations are in nM,,,,,,,,,,,,,,,,,,,,,,,,,,,,,,,,,,,,,,,,,,,,,,,,,,,,,,,,,,,,,,,,,,,,,,Low-density lipoprotein receptor,9606.0,Homo sapiens,,,,,,,,,,,,,,,,,,,,,,,,,,,,,,,,,,,,,,,,,,,,,
RESULT_DESCR,,,,,,,,Standardized activity type (e.g. IC50 rather than Ic-50/Ic50/ic50/ic-50),,472477,,"Qualifier (e.g. >, <, =) for 'Standard Value'",Standardized activity value transformed to common units: e.g. mM concentrations converted to nM,Selected units for 'Standard Type': e.g. concentrations are in nM,,,,,,,,,,,,,,,,,,,,,,,,,,,,,,,,,,,,,,,,,,,,,,,,,,,,,,,,,,,,,,,,,,,,,,Low-density lipoprotein receptor,9606.0,Homo sapiens,,,,,,,,,,,,,,,,,,,,,,,,,,,,,,,,,,,,,,,,,,,,,
RESULT_DESCR,,,,,,,,Standardized activity type (e.g. IC50 rather than Ic-50/Ic50/ic50/ic-50),Additional comments,1634037,,,,,,,,,,,,,,,,,,,,,,,,,,,,,,,,,,,,,,,,,,,,,,,,,,,,,,,,,,,,,,,,,,,,,,,,,,Low-density lipoprotein receptor,9606.0,Homo sapiens,,,,,,,,,,,,,,,,,,,,,,,,,,,,,,,,,,,,,,,,,,,,,
RESULT_DESCR,,,,,,,,Standardized activity type (e.g. IC50 rather than Ic-50/Ic50/ic50/ic-50),,1634038,PubChem standardized value transformed from 'Standard Value'. The unit is always micromolar,"Qualifier (e.g. >, <, =) for 'Standard Value'",Standardized activity value transformed to common units: e.g. mM concentrations converted to nM,Selected units for 'Standard Type': e.g. concentrations are in nM,,,,,,,,,,,,,,,,,,,,,,,,,,,,,,,,,,,,,,,,,,,,,,,,,,,,,,,,,,,,,,,,,,,,,,Low-density lipoprotein receptor,9606.0,Homo sapiens,,,,,,,,,,,,,,,,,,,,,,,,,,,,,,,,,,,,,,,,,,,,,
1,440214237,118886864,C1=CC2=C(C(=C1)F)NC=C2CC3=CC4=C(N3)C=CC(=C4)F,Active,,,,IC50,,1634038,0.2017,=,201.7,nM,,,,,,,,,,,,,,,,,,,,,,,,,,,,,,,,,,,,,,,,,,,,,,,,,,,,,,,,,,,,,,,,,,,,,,Low-density lipoprotein receptor,9606.0,Homo sapiens,,C17H12F2N2,282.29,,,,,,,,,,,,,,,,,,,,,,,,,,,,,,,,,,,,,,,,,,
RESULT_DESCR,,,,,,,,Standardized activity type (e.g. IC50 rather than Ic-50/Ic50/ic50/ic-50),Additional comments,1634039,PubChem standardized value transformed from 'Standard Value'. The unit is always micromolar,"Qualifier (e.g. >, <, =) for 'Standard Value'",Standardized activity value transformed to common units: e.g. mM concentrations converted to nM,Selected units for 'Standard Type': e.g. concentrations are in nM,,,,,,,,,,,,,,,,,,,,,,,,,,,,,,,,,,,,,,,,,,,,,,,,,,,,,,,,,,,,,,,,,,,,,,Low-density lipoprotein receptor,9606.0,Homo sapiens,,,,,,,,,,,,,,,,,,,,,,,,,,,,,,,,,,,,,,,,,,,,,
1,312351531,118709594,C1=CC=C2C(=C1)C=C(N2)CC3=CNC4=C3C=C(C=C4)Cl,Active,,,,IC50,,1634039,10,=,10000,nM,,,,,,,,,,,,,,,,,,,,,,,,,,,,,,,,,,,,,,,,,,,,,,,,,,,,,,,,,,,,,,,,,,,,,,Low-density lipoprotein receptor,9606.0,Homo sapiens,,C17H13ClN2,280.7,,,,,,,,,,,,,,,,,,,,,,,,,,,,,,,,,,,,,,,,,,
2,440111006,118886861,CC1=CC2=C(C=C1)C(=CN2)CC3=CC4=CC=CC=C4N3,Active,,,,IC50,,1634039,1.4,=,1400,nM,,,,,,,,,,,,,,,,,,,,,,,,,,,,,,,,,,,,,,,,,,,,,,,,,,,,,,,,,,,,,,,,,,,,,,Low-density lipoprotein receptor,9606.0,Homo sapiens,,C18H16N2,260.3,,,,,,,,,,,,,,,,,,,,,,,,,,,,,,,,,,,,,,,,,,
3,440122015,118886853,CC1=CC2=C(C=C1)NC=C2CC3=CC4=CC=CC=C4N3,Active,,,,IC50,,1634039,5.6,=,5600,nM,,,,,,,,,,,,,,,,,,,,,,,,,,,,,,,,,,,,,,,,,,,,,,,,,,,,,,,,,,,,,,,,,,,,,,Low-density lipoprotein receptor,9606.0,Homo sapiens,,C18H16N2,260.3,,,,,,,,,,,,,,,,,,,,,,,,,,,,,,,,,,,,,,,,,,
4,440137588,118885459,CC1=CC=C(C=C1)S(=O)(=O)N2C3=CC=CC=C3C(=C2CC4=CNC5=C4C=CC=C5Cl)C,Active,,,,IC50,,1634039,2.3,=,2300,nM,,,,,,,,,,,,,,,,,,,,,,,,,,,,,,,,,,,,,,,,,,,,,,,,,,,,,,,,,,,,,,,,,,,,,,Low-density lipoprotein receptor,9606.0,Homo sapiens,,C25H21ClN2O2S,449.0,,,,,,,,,,,,,,,,,,,,,,,,,,,,,,,,,,,,,,,,,,
5,440138799,101873572,CC1=CC=C(C=C1)S(=O)(=O)N2C3=CC=CC=C3C(=C2CC4=CN(C5=CC=CC=C54)C)C,Active,,,,IC50,,1634039,1.5,=,1500,nM,,,,,,,,,,,,,,,,,,,,,,,,,,,,,,,,,,,,,,,,,,,,,,,,,,,,,,,,,,,,,,,,,,,,,,Low-density lipoprotein receptor,9606.0,Homo sapiens,,C26H24N2O2S,428.5,,,,,,,,,,,,,,,,,,,,,,,,,,,,,,,,,,,,,,,,,,
6,440139070,118885450,C1=CC=C2C(=C1)C=C(N2)CC3=CNC4=C3C=C(C=C4)Br,Inactive,,,Potential missing data,IC50,Not Active,1634039,,,,,,,,,,,,,,,,,,,,,,,,,,,,,,,,,,,,,,,,,,,,,,,,,,,,,,,,,,,,,,,,,,,,,,,,,,Low-density lipoprotein receptor,9606.0,Homo sapiens,,C17H13BrN2,325.2,,,,,,,,,,,,,,,,,,,,,,,,,,,,,,,,,,,,,,,,,,
7,440166743,118885461,CC1=CC=C(C=C1)S(=O)(=O)N2C3=CC=CC=C3C(=C2CC4=CN(C5=CC=CC=C54)C)C(C)C,Active,,,,IC50,,1634039,1.1,=,1100,nM,,,,,,,,,,,,,,,,,,,,,,,,,,,,,,,,,,,,,,,,,,,,,,,,,,,,,,,,,,,,,,,,,,,,,,Low-density lipoprotein receptor,9606.0,Homo sapiens,,C28H28N2O2S,456.6,,,,,,,,,,,,,,,,,,,,,,,,,,,,,,,,,,,,,,,,,,
8,440171431,118885471,CC1=CC=C(C=C1)S(=O)(=O)N2C3=CC=CC=C3C(=C2CC4=CN(C5=CC=CC=C54)C)C6=CC=CC=C6,Active,,,,IC50,,1634039,2.3,=,2300,nM,,,,,,,,,,,,,,,,,,,,,,,,,,,,,,,,,,,,,,,,,,,,,,,,,,,,,,,,,,,,,,,,,,,,,,Low-density lipoprotein receptor,9606.0,Homo sapiens,,C31H26N2O2S,490.6,,,,,,,,,,,,,,,,,,,,,,,,,,,,,,,,,,,,,,,,,,
9,440182045,118886858,C1=CC2=C(C(=C1)Cl)NC=C2CC3=CC4=C(N3)C=CC(=C4)F,Active,,,,IC50,,1634039,0.25,=,250,nM,,,,,,,,,,,,,,,,,,,,,,,,,,,,,,,,,,,,,,,,,,,,,,,,,,,,,,,,,,,,,,,,,,,,,,Low-density lipoprotein receptor,9606.0,Homo sapiens,,C17H12ClFN2,298.7,,,,,,,,,,,,,,,,,,,,,,,,,,,,,,,,,,,,,,,,,,
10,440189975,118885449,C1=CC=C2C(=C1)C=C(N2)CC3=CNC4=C3C=CC=C4Cl,Active,,,,IC50,,1634039,2.8,=,2800,nM,,,,,,,,,,,,,,,,,,,,,,,,,,,,,,,,,,,,,,,,,,,,,,,,,,,,,,,,,,,,,,,,,,,,,,Low-density lipoprotein receptor,9606.0,Homo sapiens,,C17H13ClN2,280.7,,,,,,,,,,,,,,,,,,,,,,,,,,,,,,,,,,,,,,,,,,
11,440202499,118886849,C1=CC=C2C(=C1)C=C(N2)CC3=CNC4=C3C=CC=C4F,Active,,,,IC50,,1634039,0.3,=,300,nM,,,,,,,,,,,,,,,,,,,,,,,,,,,,,,,,,,,,,,,,,,,,,,,,,,,,,,,,,,,,,,,,,,,,,,Low-density lipoprotein receptor,9606.0,Homo sapiens,,C17H13FN2,264.3,,,,,,,,,,,,,,,,,,,,,,,,,,,,,,,,,,,,,,,,,,
12,440211859,118886862,CC1=C2C(=CC=C1)C(=CN2)CC3=CC4=CC=CC=C4N3,Active,,,,IC50,,1634039,0.9,=,900,nM,,,,,,,,,,,,,,,,,,,,,,,,,,,,,,,,,,,,,,,,,,,,,,,,,,,,,,,,,,,,,,,,,,,,,,Low-density lipoprotein receptor,9606.0,Homo sapiens,,C18H16N2,260.3,,,,,,,,,,,,,,,,,,,,,,,,,,,,,,,,,,,,,,,,,,
RESULT_DESCR,,,,,,,,Standardized activity type (e.g. IC50 rather than Ic-50/Ic50/ic50/ic-50),,1634040,PubChem standardized value transformed from 'Standard Value'. The unit is always micromolar,"Qualifier (e.g. >, <, =) for 'Standard Value'",Standardized activity value transformed to common units: e.g. mM concentrations converted to nM,Selected units for 'Standard Type': e.g. concentrations are in nM,,,,,,,,,,,,,,,,,,,,,,,,,,,,,,,,,,,,,,,,,,,,,,,,,,,,,,,,,,,,,,,,,,,,,,Low-density lipoprotein receptor,9606.0,Homo sapiens,,,,,,,,,,,,,,,,,,,,,,,,,,,,,,,,,,,,,,,,,,,,,
RESULT_DESCR,,,,,,,,Standardized activity type (e.g. IC50 rather than Ic-50/Ic50/ic50/ic-50),,1933134,,"Qualifier (e.g. >, <, =) for 'Standard Value'",Standardized activity value transformed to common units: e.g. mM concentrations converted to nM,Selected units for 'Standard Type': e.g. concentrations are in nM,,,,,,,,,,,,,,,,,,,,,,,,,,,,,,,,,,,,,,,,,,,,,,,,,,,,,,,,,,,,,,,,,,,,,,Low-density lipoprotein receptor,9606.0,Homo sapiens,,,,,,,,,,,,,,,,,,,,,,,,,,,,,,,,,,,,,,,,,,,,,
RESULT_DESCR,,,,,,,,Standardized activity type (e.g. IC50 rather than Ic-50/Ic50/ic50/ic-50),,1933135,,"Qualifier (e.g. >, <, =) for 'Standard Value'",Standardized activity value transformed to common units: e.g. mM concentrations converted to nM,Selected units for 'Standard Type': e.g. concentrations are in nM,,,,,,,,,,,,,,,,,,,,,,,,,,,,,,,,,,,,,,,,,,,,,,,,,,,,,,,,,,,,,,,,,,,,,,Low-density lipoprotein receptor,9606.0,Homo sapiens,,,,,,,,,,,,,,,,,,,,,,,,,,,,,,,,,,,,,,,,,,,,,
RESULT_DESCR,,,,,,,,Standardized activity type (e.g. IC50 rather than Ic-50/Ic50/ic50/ic-50),,1933136,,"Qualifier (e.g. >, <, =) for 'Standard Value'",Standardized activity value transformed to common units: e.g. mM concentrations converted to nM,Selected units for 'Standard Type': e.g. concentrations are in nM,,,,,,,,,,,,,,,,,,,,,,,,,,,,,,,,,,,,,,,,,,,,,,,,,,,,,,,,,,,,,,,,,,,,,,Low-density lipoprotein receptor,9606.0,Homo sapiens,,,,,,,,,,,,,,,,,,,,,,,,,,,,,,,,,,,,,,,,,,,,,
RESULT_DESCR,,,,,,,,Standardized activity type (e.g. IC50 rather than Ic-50/Ic50/ic50/ic-50),,1933137,,"Qualifier (e.g. >, <, =) for 'Standard Value'",Standardized activity value transformed to common units: e.g. mM concentrations converted to nM,Selected units for 'Standard Type': e.g. concentrations are in nM,,,,,,,,,,,,,,,,,,,,,,,,,,,,,,,,,,,,,,,,,,,,,,,,,,,,,,,,,,,,,,,,,,,,,,Low-density lipoprotein receptor,9606.0,Homo sapiens,,,,,,,,,,,,,,,,,,,,,,,,,,,,,,,,,,,,,,,,,,,,,
RESULT_DESCR,,,,,,,,Standardized activity type (e.g. IC50 rather than Ic-50/Ic50/ic50/ic-50),,1933138,PubChem standardized value transformed from 'Standard Value'. The unit is always micromolar,"Qualifier (e.g. >, <, =) for 'Standard Value'",Standardized activity value transformed to common units: e.g. mM concentrations converted to nM,Selected units for 'Standard Type': e.g. concentrations are in nM,,,,,,,,,,,,,,,,,,,,,,,,,,,,,,,,,,,,,,,,,,,,,,,,,,,,,,,,,,,,,,,,,,,,,,Low-density lipoprotein receptor,9606.0,Homo sapiens,,,,,,,,,,,,,,,,,,,,,,,,,,,,,,,,,,,,,,,,,,,,,
RESULT_DESCR,,,,,,,,Standardized activity type (e.g. IC50 rather than Ic-50/Ic50/ic50/ic-50),,1933139,PubChem standardized value transformed from 'Standard Value'. The unit is always micromolar,"Qualifier (e.g. >, <, =) for 'Standard Value'",Standardized activity value transformed to common units: e.g. mM concentrations converted to nM,Selected units for 'Standard Type': e.g. concentrations are in nM,,,,,,,,,,,,,,,,,,,,,,,,,,,,,,,,,,,,,,,,,,,,,,,,,,,,,,,,,,,,,,,,,,,,,,Low-density lipoprotein receptor,9606.0,Homo sapiens,,,,,,,,,,,,,,,,,,,,,,,,,,,,,,,,,,,,,,,,,,,,,
1,494402304,171347090,CC[C@H](C)[C@@H](C(=O)NCC(=O)N[C@@H](CC1=CC=C(C=C1)O)C(=O)N[C@@H](CCC(=O)O)C(=O)N[C@@H](CS)C(=O)N[C@@H](CC(C)C)C(=O)O)NC(=O)[C@H](CCCCN)NC(=O)[C@H](CC(C)C)NC(=O)[C@H](CC(=O)O)NC(=O)[C@H](CC(=O)N)NC(=O)[C@H](CS)NC(=O)[C@H](C(C)C)NC(=O)[C@H](CC2=CNC=N2)NC(=O)[C@H](CO)NC(=O)[C@H](CS)NC(=O)CNC(=O)CNC(=O)[C@H](CC(=O)N)NC(=O)[C@H](CC3=CNC4=CC=CC=C43)NC(=O)[C@H](CC5=CC=C(C=C5)O)NC(=O)[C@@H]6CCCN6C(=O)[C@H](CCC(=O)O)NC(=O)[C@H](CC7=CNC8=CC=CC=C87)NC(=O)[C@@H]9CCCN9C(=O)[C@H](CC1=CC=C(C=C1)O)NC(=O)[C@H](CCCCN)NC(=O)[C@H](CO)NC(=O)[C@H](CO)NC(=O)[C@H](CC(C)C)NC(=O)[C@H](CS)NC(=O)[C@H](CCC(=O)O)NC(=O)[C@H](CC(=O)N)NC(=O)[C@H]([C@@H](C)O)NC(=O)CN,Active,,,,IC50,,1933139,0.6,=,600,nM,,,,,,,,,,,,,,,,,,,,,,,,,,,,,,,,,,,,,,,,,,,,,,,,,,,,,,,,,,,,,,,,,,,,,,Low-density lipoprotein receptor,9606.0,Homo sapiens,,C170H245N43O53S4,3867.0,,,,,,,,,,,,,,,,,,,,,,,,,,,,,,,,,,,,,,,,,,
2,494411843,171352732,CC[C@H](C)[C@@H](C(=O)NCC(=O)N[C@@H](CC(C)C)C(=O)N[C@@H](CC(C)C)C(=O)N[C@@H](CCCN=C(N)N)C(=O)O)NC(=O)[C@H](CCCCN=C(N)N)NC(=O)[C@H](C(C)C)NC(=O)[C@H](CC(C)C)NC(=O)[C@H](CC(=O)N)NC(=O)[C@H](CC1=CNC2=CC=CC=C21)NC(=O)C3(CCC(CC3)C4=CC=CC=C4)N,Active,,,,IC50,,1933139,0.7,=,700,nM,,,,,,,,,,,,,,,,,,,,,,,,,,,,,,,,,,,,,,,,,,,,,,,,,,,,,,,,,,,,,,,,,,,,,,Low-density lipoprotein receptor,9606.0,Homo sapiens,,C72H115N19O13,1454.8,,,,,,,,,,,,,,,,,,,,,,,,,,,,,,,,,,,,,,,,,,
3,494413071,171353412,CC[C@H](C)[C@@H](C(=O)NCC(=O)N[C@@H](CC(C)C)C(=O)N1CCC[C@H]1C(=O)N[C@@H](CS)C(=O)O)NC(=O)[C@H](CCC(=O)N)NC(=O)[C@H](CC(C)C)NC(=O)[C@H](CC(=O)N)NC(=O)[C@H](CC2=CNC3=CC=CC=C32)NC(=O)[C@@H]4CCCN4C(=O)[C@H](CC(C)C)NC(=O)[C@H](CCCNC(=N)N)NC(=O)[C@H](CS)NC(=O)CNC(=O)[C@H](CO)NC(=O)CNC(=O)[C@H](C(C)C)NC(=O)[C@H](CC5=CNC6=CC=CC=C65)NC(=O)[C@H](CC(=O)O)NC(=O)[C@H](CC(C)C)NC(=O)[C@H](CC7=CC=C(C=C7)O)NC(=O)[C@H](CCC(=O)O)NC(=O)[C@H](CCC(=O)O)NC(=O)[C@H](CC8=CNC9=CC=CC=C98)NC(=O)[C@H](CO)NC(=O)[C@H]([C@@H](C)O)NC(=O)[C@H](CC1=CC=CC=C1)NC(=O)[C@H](C(C)C)NC(=O)[C@H]([C@@H](C)O)N,Active,,,,IC50,,1933139,0.02,=,20,nM,,,,,,,,,,,,,,,,,,,,,,,,,,,,,,,,,,,,,,,,,,,,,,,,,,,,,,,,,,,,,,,,,,,,,,Low-density lipoprotein receptor,9606.0,Homo sapiens,,C156H225N37O43S2,3370.8,,,,,,,,,,,,,,,,,,,,,,,,,,,,,,,,,,,,,,,,,,
4,494423601,171358270,CC[C@H](C)[C@@H](C(=O)NCC(=O)N[C@@H](CC1=CC=C(C=C1)O)C(=O)N[C@@H](CCC(=O)O)C(=O)N[C@@H](CS)C(=O)N[C@@H](CC(C)C)C(=O)N[C@@H](CS)C(=O)N2CCC[C@H]2C(=O)N[C@@H](CC(=O)O)C(=O)NCC(=O)N[C@@H](CC3=CC=CC=C3)C(=O)N[C@@H](CCC(=O)N)C(=O)N[C@@H](CC(C)C)C(=O)N[C@@H](C(C)C)C(=O)N[C@@H](C)C(=O)N[C@@H](CCC(=O)N)C(=O)N[C@@H](CCCNC(=N)N)C(=O)N[C@@H](CCCNC(=N)N)C(=O)N[C@@H](CS)C(=O)N[C@@H](CCC(=O)O)C(=O)O)NC(=O)[C@H](CCCCN)NC(=O)[C@H](CC(C)C)NC(=O)[C@H](CC(=O)O)NC(=O)[C@H](CC(=O)N)NC(=O)[C@H](CS)NC(=O)[C@H](C(C)C)NC(=O)[C@H](CC4=CNC=N4)NC(=O)[C@H](CO)NC(=O)[C@H](CS)NC(=O)CNC(=O)CNC(=O)[C@H](CC(=O)N)NC(=O)[C@H](CC(=O)N)NC(=O)[C@H](CC(=O)O)NC(=O)[C@H](CC(C)C)NC(=O)[C@H](CS)NC(=O)[C@H](CCC(=O)O)NC(=O)[C@H](CC(=O)N)NC(=O)[C@H]([C@@H](C)O)NC(=O)CN,Active,,,,IC50,,1933139,3.4,=,3400,nM,,,,,,,,,,,,,,,,,,,,,,,,,,,,,,,,,,,,,,,,,,,,,,,,,,,,,,,,,,,,,,,,,,,,,,Low-density lipoprotein receptor,9606.0,Homo sapiens,,C178H281N55O62S6,4376.0,,,,,,,,,,,,,,,,,,,,,,,,,,,,,,,,,,,,,,,,,,
RESULT_DESCR,,,,,,,,Standardized activity type (e.g. IC50 rather than Ic-50/Ic50/ic50/ic-50),,1933140,PubChem standardized value transformed from 'Standard Value'. The unit is always micromolar,"Qualifier (e.g. >, <, =) for 'Standard Value'",Standardized activity value transformed to common units: e.g. mM concentrations converted to nM,Selected units for 'Standard Type': e.g. concentrations are in nM,,,,,,,,,,,,,,,,,,,,,,,,,,,,,,,,,,,,,,,,,,,,,,,,,,,,,,,,,,,,,,,,,,,,,,Low-density lipoprotein receptor,9606.0,Homo sapiens,,,,,,,,,,,,,,,,,,,,,,,,,,,,,,,,,,,,,,,,,,,,,
1,494397086,171343832,CC[C@H](C)[C@@H](C(=O)NCC(=O)N[C@@H](CC1=CC=C(C=C1)O)C(=O)N[C@@H](CCC(=O)O)C(=O)N[C@@H](CS)C(=O)N[C@@H](CC(C)C)C(=O)N[C@@H](CS)C(=O)N2CCC[C@H]2C(=O)N[C@@H](CC(=O)O)C(=O)NCC(=O)N[C@@H](CC3=CC=CC=C3)C(=O)N[C@@H](CCC(=O)N)C(=O)N[C@@H](CC(C)C)C(=O)N[C@@H](C(C)C)C(=O)N[C@@H](C)C(=O)N[C@@H](CCC(=O)N)C(=O)N[C@@H](CCCNC(=N)N)C(=O)N[C@@H](CCCNC(=N)N)C(=O)N[C@@H](CS)C(=O)N[C@@H](CCC(=O)O)C(=O)O)NC(=O)[C@H](CCCCN)NC(=O)[C@H](CC(C)C)NC(=O)[C@H](CCCCN)NC(=O)[C@H](CCCNC(=N)N)NC(=O)[C@H](CS)NC(=O)[C@H](C(C)C)NC(=O)[C@H]([C@@H](C)CC)NC(=O)[C@H](CO)NC(=O)[C@H](CS)NC(=O)CNC(=O)CNC(=O)[C@H](CC(C)C)NC(=O)[C@H](CC(=O)N)NC(=O)[C@H](C)NC(=O)[C@H](CC(C)C)NC(=O)[C@H](CS)NC(=O)[C@H](CCC(=O)O)NC(=O)[C@H](CC(=O)N)NC(=O)[C@H]([C@@H](C)O)NC(=O)CN,Active,,,,IC50,,1933140,0.0031,=,3.1,nM,,,,,,,,,,,,,,,,,,,,,,,,,,,,,,,,,,,,,,,,,,,,,,,,,,,,,,,,,,,,,,,,,,,,,,Low-density lipoprotein receptor,9606.0,Homo sapiens,,C183H303N55O56S6,4362.0,,,,,,,,,,,,,,,,,,,,,,,,,,,,,,,,,,,,,,,,,,
RESULT_DESCR,,,,,,,,Standardized activity type (e.g. IC50 rather than Ic-50/Ic50/ic50/ic-50),,1933141,PubChem standardized value transformed from 'Standard Value'. The unit is always micromolar,"Qualifier (e.g. >, <, =) for 'Standard Value'",Standardized activity value transformed to common units: e.g. mM concentrations converted to nM,Selected units for 'Standard Type': e.g. concentrations are in nM,,,,,,,,,,,,,,,,,,,,,,,,,,,,,,,,,,,,,,,,,,,,,,,,,,,,,,,,,,,,,,,,,,,,,,Low-density lipoprotein receptor,9606.0,Homo sapiens,,,,,,,,,,,,,,,,,,,,,,,,,,,,,,,,,,,,,,,,,,,,,
RESULT_DESCR,,,,,,,,Standardized activity type (e.g. IC50 rather than Ic-50/Ic50/ic50/ic-50),,1933144,,"Qualifier (e.g. >, <, =) for 'Standard Value'",Standardized activity value transformed to common units: e.g. mM concentrations converted to nM,Selected units for 'Standard Type': e.g. concentrations are in nM,,,,,,,,,,,,,,,,,,,,,,,,,,,,,,,,,,,,,,,,,,,,,,,,,,,,,,,,,,,,,,,,,,,,,,Low-density lipoprotein receptor,9606.0,Homo sapiens,,,,,,,,,,,,,,,,,,,,,,,,,,,,,,,,,,,,,,,,,,,,,
RESULT_DESCR,,,,,,,,Standardized activity type (e.g. IC50 rather than Ic-50/Ic50/ic50/ic-50),,1933145,,"Qualifier (e.g. >, <, =) for 'Standard Value'",Standardized activity value transformed to common units: e.g. mM concentrations converted to nM,Selected units for 'Standard Type': e.g. concentrations are in nM,,,,,,,,,,,,,,,,,,,,,,,,,,,,,,,,,,,,,,,,,,,,,,,,,,,,,,,,,,,,,,,,,,,,,,Low-density lipoprotein receptor,9606.0,Homo sapiens,,,,,,,,,,,,,,,,,,,,,,,,,,,,,,,,,,,,,,,,,,,,,
RESULT_DESCR,,,,,,,,Standardized activity type (e.g. IC50 rather than Ic-50/Ic50/ic50/ic-50),,1933146,,"Qualifier (e.g. >, <, =) for 'Standard Value'",Standardized activity value transformed to common units: e.g. mM concentrations converted to nM,Selected units for 'Standard Type': e.g. concentrations are in nM,,,,,,,,,,,,,,,,,,,,,,,,,,,,,,,,,,,,,,,,,,,,,,,,,,,,,,,,,,,,,,,,,,,,,,Low-density lipoprotein receptor,9606.0,Homo sapiens,,,,,,,,,,,,,,,,,,,,,,,,,,,,,,,,,,,,,,,,,,,,,
RESULT_DESCR,,,,,,,,Standardized activity type (e.g. IC50 rather than Ic-50/Ic50/ic50/ic-50),,1933147,,"Qualifier (e.g. >, <, =) for 'Standard Value'",Standardized activity value transformed to common units: e.g. mM concentrations converted to nM,Selected units for 'Standard Type': e.g. concentrations are in nM,,,,,,,,,,,,,,,,,,,,,,,,,,,,,,,,,,,,,,,,,,,,,,,,,,,,,,,,,,,,,,,,,,,,,,Low-density lipoprotein receptor,9606.0,Homo sapiens,,,,,,,,,,,,,,,,,,,,,,,,,,,,,,,,,,,,,,,,,,,,,
RESULT_DESCR,,,,,,,,Standardized activity type (e.g. IC50 rather than Ic-50/Ic50/ic50/ic-50),,1933149,,"Qualifier (e.g. >, <, =) for 'Standard Value'",Standardized activity value transformed to common units: e.g. mM concentrations converted to nM,Selected units for 'Standard Type': e.g. concentrations are in nM,,,,,,,,,,,,,,,,,,,,,,,,,,,,,,,,,,,,,,,,,,,,,,,,,,,,,,,,,,,,,,,,,,,,,,Low-density lipoprotein receptor,9606.0,Homo sapiens,,,,,,,,,,,,,,,,,,,,,,,,,,,,,,,,,,,,,,,,,,,,,
RESULT_DESCR,,,,,,,,Standardized activity type (e.g. IC50 rather than Ic-50/Ic50/ic50/ic-50),,1933150,,"Qualifier (e.g. >, <, =) for 'Standard Value'",Standardized activity value transformed to common units: e.g. mM concentrations converted to nM,Selected units for 'Standard Type': e.g. concentrations are in nM,,,,,,,,,,,,,,,,,,,,,,,,,,,,,,,,,,,,,,,,,,,,,,,,,,,,,,,,,,,,,,,,,,,,,,Low-density lipoprotein receptor,9606.0,Homo sapiens,,,,,,,,,,,,,,,,,,,,,,,,,,,,,,,,,,,,,,,,,,,,,
RESULT_DESCR,,,,,,,,Standardized activity type (e.g. IC50 rather than Ic-50/Ic50/ic50/ic-50),,1933151,,"Qualifier (e.g. >, <, =) for 'Standard Value'",Standardized activity value transformed to common units: e.g. mM concentrations converted to nM,Selected units for 'Standard Type': e.g. concentrations are in nM,Comment reflecting whether the values for this activity measurement are likely to be correct,,,,,,,,,,,,,,,,,,,,,,,,,,,,,,,,,,,,,,,,,,,,,,,,,,,,,,,,,,,,,,,,,,,,,Low-density lipoprotein receptor,9606.0,Homo sapiens,,,,,,,,,,,,,,,,,,,,,,,,,,,,,,,,,,,,,,,,,,,,,
RESULT_DESCR,,,,,,,,Standardized activity type (e.g. IC50 rather than Ic-50/Ic50/ic50/ic-50),,1933152,,"Qualifier (e.g. >, <, =) for 'Standard Value'",Standardized activity value transformed to common units: e.g. mM concentrations converted to nM,Selected units for 'Standard Type': e.g. concentrations are in nM,Comment reflecting whether the values for this activity measurement are likely to be correct,,,,,,,,,,,,,,,,,,,,,,,,,,,,,,,,,,,,,,,,,,,,,,,,,,,,,,,,,,,,,,,,,,,,,Low-density lipoprotein receptor,9606.0,Homo sapiens,,,,,,,,,,,,,,,,,,,,,,,,,,,,,,,,,,,,,,,,,,,,,
RESULT_DESCR,,,,,,,,Standardized activity type (e.g. IC50 rather than Ic-50/Ic50/ic50/ic-50),,1933154,PubChem standardized value transformed from 'Standard Value'. The unit is always micromolar,"Qualifier (e.g. >, <, =) for 'Standard Value'",Standardized activity value transformed to common units: e.g. mM concentrations converted to nM,Selected units for 'Standard Type': e.g. concentrations are in nM,,,,,,,,,,,,,,,,,,,,,,,,,,,,,,,,,,,,,,,,,,,,,,,,,,,,,,,,,,,,,,,,,,,,,,Low-density lipoprotein receptor,9606.0,Homo sapiens,,,,,,,,,,,,,,,,,,,,,,,,,,,,,,,,,,,,,,,,,,,,,
RESULT_DESCR,,,,,,,,Standardized activity type (e.g. IC50 rather than Ic-50/Ic50/ic50/ic-50),,1933155,PubChem standardized value transformed from 'Standard Value'. The unit is always micromolar,"Qualifier (e.g. >, <, =) for 'Standard Value'",Standardized activity value transformed to common units: e.g. mM concentrations converted to nM,Selected units for 'Standard Type': e.g. concentrations are in nM,,,,,,,,,,,,,,,,,,,,,,,,,,,,,,,,,,,,,,,,,,,,,,,,,,,,,,,,,,,,,,,,,,,,,,Low-density lipoprotein receptor,9606.0,Homo sapiens,,,,,,,,,,,,,,,,,,,,,,,,,,,,,,,,,,,,,,,,,,,,,
RESULT_DESCR,,,,,,,,Standardized activity type (e.g. IC50 rather than Ic-50/Ic50/ic50/ic-50),,1933156,PubChem standardized value transformed from 'Standard Value'. The unit is always micromolar,"Qualifier (e.g. >, <, =) for 'Standard Value'",Standardized activity value transformed to common units: e.g. mM concentrations converted to nM,Selected units for 'Standard Type': e.g. concentrations are in nM,,,,,,,,,,,,,,,,,,,,,,,,,,,,,,,,,,,,,,,,,,,,,,,,,,,,,,,,,,,,,,,,,,,,,,Low-density lipoprotein receptor,9606.0,Homo sapiens,,,,,,,,,,,,,,,,,,,,,,,,,,,,,,,,,,,,,,,,,,,,,
1,404681980,145969980,CC[C@H](C)[C@@H](C(=O)NCC(=O)N[C@@H](CC(C)C)C(=O)N[C@@H](CC(C)C)C(=O)N[C@@H](CCCNC(=N)N)C(=O)O)NC(=O)[C@H](CCCCNC(=N)N)NC(=O)[C@H](C(C)C)NC(=O)[C@H](CC(C)C)NC(=O)[C@H](CC(=O)N)NC(=O)[C@H](CC1=CNC2=CC=CC=C21)NC(=O)CNC(=O)[C@@H]3CCCN3C(=O)[C@H](CC4=CC=CC=C4)NC(=O)[C@H](CO)NC(=O)[C@H](CCC(=O)O)NC(=O)[C@H](CCSC)N,Active,,,,IC50,,1933156,0.84,=,840,nM,,,,,,,,,,,,,,,,,,,,,,,,,,,,,,,,,,,,,,,,,,,,,,,,,,,,,,,,,,,,,,,,,,,,,,Low-density lipoprotein receptor,9606.0,Homo sapiens,,C88H140N24O21S,1902.3,,,,,,,,,,,,,,,,,,,,,,,,,,,,,,,,,,,,,,,,,,
2,494411843,171352732,CC[C@H](C)[C@@H](C(=O)NCC(=O)N[C@@H](CC(C)C)C(=O)N[C@@H](CC(C)C)C(=O)N[C@@H](CCCN=C(N)N)C(=O)O)NC(=O)[C@H](CCCCN=C(N)N)NC(=O)[C@H](C(C)C)NC(=O)[C@H](CC(C)C)NC(=O)[C@H](CC(=O)N)NC(=O)[C@H](CC1=CNC2=CC=CC=C21)NC(=O)C3(CCC(CC3)C4=CC=CC=C4)N,Active,,,,IC50,,1933156,0.14,=,140,nM,,,,,,,,,,,,,,,,,,,,,,,,,,,,,,,,,,,,,,,,,,,,,,,,,,,,,,,,,,,,,,,,,,,,,,Low-density lipoprotein receptor,9606.0,Homo sapiens,,C72H115N19O13,1454.8,,,,,,,,,,,,,,,,,,,,,,,,,,,,,,,,,,,,,,,,,,
3,494420270,171357382,CC[C@H](C)[C@@H](C(=O)NCC(=O)N[C@@H](CC(C)C)C(=O)N[C@@H](CC(C)C)C(=O)N[C@@H](CCCN=C(N)N)C(=O)O)NC(=O)[C@H](CCCCN=C(N)N)NC(=O)[C@H](CCCCN)NC(=O)[C@H](CC(C)C)NC(=O)[C@H](CC(=O)N)NC(=O)[C@H](CC1=CNC2=CC=CC=C21)NC(=O)C3(CCC(CC3)C4=CC=CC=C4)N,Active,,,,IC50,,1933156,0.04,=,40,nM,,,,,,,,,,,,,,,,,,,,,,,,,,,,,,,,,,,,,,,,,,,,,,,,,,,,,,,,,,,,,,,,,,,,,,Low-density lipoprotein receptor,9606.0,Homo sapiens,,C73H118N20O13,1483.8,,,,,,,,,,,,,,,,,,,,,,,,,,,,,,,,,,,,,,,,,,
RESULT_DESCR,,,,,,,,Standardized activity type (e.g. IC50 rather than Ic-50/Ic50/ic50/ic-50),,1933157,PubChem standardized value transformed from 'Standard Value'. The unit is always micromolar,"Qualifier (e.g. >, <, =) for 'Standard Value'",Standardized activity value transformed to common units: e.g. mM concentrations converted to nM,Selected units for 'Standard Type': e.g. concentrations are in nM,,,,,,,,,,,,,,,,,,,,,,,,,,,,,,,,,,,,,,,,,,,,,,,,,,,,,,,,,,,,,,,,,,,,,,Low-density lipoprotein receptor,9606.0,Homo sapiens,,,,,,,,,,,,,,,,,,,,,,,,,,,,,,,,,,,,,,,,,,,,,
1,404681980,145969980,CC[C@H](C)[C@@H](C(=O)NCC(=O)N[C@@H](CC(C)C)C(=O)N[C@@H](CC(C)C)C(=O)N[C@@H](CCCNC(=N)N)C(=O)O)NC(=O)[C@H](CCCCNC(=N)N)NC(=O)[C@H](C(C)C)NC(=O)[C@H](CC(C)C)NC(=O)[C@H](CC(=O)N)NC(=O)[C@H](CC1=CNC2=CC=CC=C21)NC(=O)CNC(=O)[C@@H]3CCCN3C(=O)[C@H](CC4=CC=CC=C4)NC(=O)[C@H](CO)NC(=O)[C@H](CCC(=O)O)NC(=O)[C@H](CCSC)N,Active,,,,IC50,,1933157,8.3,=,8300,nM,,,,,,,,,,,,,,,,,,,,,,,,,,,,,,,,,,,,,,,,,,,,,,,,,,,,,,,,,,,,,,,,,,,,,,Low-density lipoprotein receptor,9606.0,Homo sapiens,,C88H140N24O21S,1902.3,,,,,,,,,,,,,,,,,,,,,,,,,,,,,,,,,,,,,,,,,,
2,494411623,171352618,CC[C@H](C)[C@@H](C(=O)NCC(=O)N[C@@H](CC(C)C)C(=O)N[C@@H](CC(C)C)C(=O)N[C@@H](CCCN=C(N)N)C(=O)O)NC(=O)[C@H](CCCCN=C(N)N)NC(=O)[C@H](C(C)C)NC(=O)[C@H](CC(C)C)NC(=O)[C@H](CC(=O)N)NC(=O)[C@H](CC1=CNC2=CC=CC=C21)NC(=O)[C@@H]3CCCN3C(=O)[C@H](CCSC)NC(=O)[C@H](CC(C)C)NC(=O)[C@H](CC(=O)O)N,Unspecified,,,,IC50,,1933157,50,>,50000,nM,,,,,,,,,,,,,,,,,,,,,,,,,,,,,,,,,,,,,,,,,,,,,,,,,,,,,,,,,,,,,,,,,,,,,,Low-density lipoprotein receptor,9606.0,Homo sapiens,,C79H132N22O18S,1710.1,,,,,,,,,,,,,,,,,,,,,,,,,,,,,,,,,,,,,,,,,,
3,494413071,171353412,CC[C@H](C)[C@@H](C(=O)NCC(=O)N[C@@H](CC(C)C)C(=O)N1CCC[C@H]1C(=O)N[C@@H](CS)C(=O)O)NC(=O)[C@H](CCC(=O)N)NC(=O)[C@H](CC(C)C)NC(=O)[C@H](CC(=O)N)NC(=O)[C@H](CC2=CNC3=CC=CC=C32)NC(=O)[C@@H]4CCCN4C(=O)[C@H](CC(C)C)NC(=O)[C@H](CCCNC(=N)N)NC(=O)[C@H](CS)NC(=O)CNC(=O)[C@H](CO)NC(=O)CNC(=O)[C@H](C(C)C)NC(=O)[C@H](CC5=CNC6=CC=CC=C65)NC(=O)[C@H](CC(=O)O)NC(=O)[C@H](CC(C)C)NC(=O)[C@H](CC7=CC=C(C=C7)O)NC(=O)[C@H](CCC(=O)O)NC(=O)[C@H](CCC(=O)O)NC(=O)[C@H](CC8=CNC9=CC=CC=C98)NC(=O)[C@H](CO)NC(=O)[C@H]([C@@H](C)O)NC(=O)[C@H](CC1=CC=CC=C1)NC(=O)[C@H](C(C)C)NC(=O)[C@H]([C@@H](C)O)N,Unspecified,,,,IC50,,1933157,50,>,50000,nM,,,,,,,,,,,,,,,,,,,,,,,,,,,,,,,,,,,,,,,,,,,,,,,,,,,,,,,,,,,,,,,,,,,,,,Low-density lipoprotein receptor,9606.0,Homo sapiens,,C156H225N37O43S2,3370.8,,,,,,,,,,,,,,,,,,,,,,,,,,,,,,,,,,,,,,,,,,
4,494420270,171357382,CC[C@H](C)[C@@H](C(=O)NCC(=O)N[C@@H](CC(C)C)C(=O)N[C@@H](CC(C)C)C(=O)N[C@@H](CCCN=C(N)N)C(=O)O)NC(=O)[C@H](CCCCN=C(N)N)NC(=O)[C@H](CCCCN)NC(=O)[C@H](CC(C)C)NC(=O)[C@H](CC(=O)N)NC(=O)[C@H](CC1=CNC2=CC=CC=C21)NC(=O)C3(CCC(CC3)C4=CC=CC=C4)N,Active,,,,IC50,,1933157,0.72,=,720,nM,,,,,,,,,,,,,,,,,,,,,,,,,,,,,,,,,,,,,,,,,,,,,,,,,,,,,,,,,,,,,,,,,,,,,,Low-density lipoprotein receptor,9606.0,Homo sapiens,,C73H118N20O13,1483.8,,,,,,,,,,,,,,,,,,,,,,,,,,,,,,,,,,,,,,,,,,
5,494423321,171358097,CC[C@H](C)[C@@H](C(=O)NCC(=O)N[C@@H](CC(C)C)C(=O)N[C@@H](CC(C)C)C(=O)N[C@@H](CCCN=C(N)N)C(=O)O)NC(=O)[C@H](CCCCN=C(N)N)NC(=O)[C@H](C(C)C)NC(=O)[C@H](CC(C)C)NC(=O)[C@H](CC(=O)N)NC(=O)[C@H](CC1=CNC2=CC=CC=C21)N,Unspecified,,,,IC50,,1933157,50,>,50000,nM,,,,,,,,,,,,,,,,,,,,,,,,,,,,,,,,,,,,,,,,,,,,,,,,,,,,,,,,,,,,,,,,,,,,,,Low-density lipoprotein receptor,9606.0,Homo sapiens,,C59H100N18O12,1253.5,,,,,,,,,,,,,,,,,,,,,,,,,,,,,,,,,,,,,,,,,,
RESULT_DESCR,,,,,,,,Standardized activity type (e.g. IC50 rather than Ic-50/Ic50/ic50/ic-50),,1933158,PubChem standardized value transformed from 'Standard Value'. The unit is always micromolar,"Qualifier (e.g. >, <, =) for 'Standard Value'",Standardized activity value transformed to common units: e.g. mM concentrations converted to nM,Selected units for 'Standard Type': e.g. concentrations are in nM,,,,,,,,,,,,,,,,,,,,,,,,,,,,,,,,,,,,,,,,,,,,,,,,,,,,,,,,,,,,,,,,,,,,,,Low-density lipoprotein receptor,9606.0,Homo sapiens,,,,,,,,,,,,,,,,,,,,,,,,,,,,,,,,,,,,,,,,,,,,,
1,404681980,145969980,CC[C@H](C)[C@@H](C(=O)NCC(=O)N[C@@H](CC(C)C)C(=O)N[C@@H](CC(C)C)C(=O)N[C@@H](CCCNC(=N)N)C(=O)O)NC(=O)[C@H](CCCCNC(=N)N)NC(=O)[C@H](C(C)C)NC(=O)[C@H](CC(C)C)NC(=O)[C@H](CC(=O)N)NC(=O)[C@H](CC1=CNC2=CC=CC=C21)NC(=O)CNC(=O)[C@@H]3CCCN3C(=O)[C@H](CC4=CC=CC=C4)NC(=O)[C@H](CO)NC(=O)[C@H](CCC(=O)O)NC(=O)[C@H](CCSC)N,Unspecified,,,,IC50,,1933158,25,=,25000,nM,,,,,,,,,,,,,,,,,,,,,,,,,,,,,,,,,,,,,,,,,,,,,,,,,,,,,,,,,,,,,,,,,,,,,,Low-density lipoprotein receptor,9606.0,Homo sapiens,,C88H140N24O21S,1902.3,,,,,,,,,,,,,,,,,,,,,,,,,,,,,,,,,,,,,,,,,,
2,494420270,171357382,CC[C@H](C)[C@@H](C(=O)NCC(=O)N[C@@H](CC(C)C)C(=O)N[C@@H](CC(C)C)C(=O)N[C@@H](CCCN=C(N)N)C(=O)O)NC(=O)[C@H](CCCCN=C(N)N)NC(=O)[C@H](CCCCN)NC(=O)[C@H](CC(C)C)NC(=O)[C@H](CC(=O)N)NC(=O)[C@H](CC1=CNC2=CC=CC=C21)NC(=O)C3(CCC(CC3)C4=CC=CC=C4)N,Active,,,,IC50,,1933158,1.83,=,1830,nM,,,,,,,,,,,,,,,,,,,,,,,,,,,,,,,,,,,,,,,,,,,,,,,,,,,,,,,,,,,,,,,,,,,,,,Low-density lipoprotein receptor,9606.0,Homo sapiens,,C73H118N20O13,1483.8,,,,,,,,,,,,,,,,,,,,,,,,,,,,,,,,,,,,,,,,,,
RESULT_DESCR,,,,,,,,Standardized activity type (e.g. IC50 rather than Ic-50/Ic50/ic50/ic-50),,1933161,PubChem standardized value transformed from 'Standard Value'. The unit is always micromolar,"Qualifier (e.g. >, <, =) for 'Standard Value'",Standardized activity value transformed to common units: e.g. mM concentrations converted to nM,Selected units for 'Standard Type': e.g. concentrations are in nM,,,,,,,,,,,,,,,,,,,,,,,,,,,,,,,,,,,,,,,,,,,,,,,,,,,,,,,,,,,,,,,,,,,,,,Low-density lipoprotein receptor,9606.0,Homo sapiens,,,,,,,,,,,,,,,,,,,,,,,,,,,,,,,,,,,,,,,,,,,,,
RESULT_DESCR,,,,,,,,Standardized activity type (e.g. IC50 rather than Ic-50/Ic50/ic50/ic-50),,1933162,,"Qualifier (e.g. >, <, =) for 'Standard Value'",Standardized activity value transformed to common units: e.g. mM concentrations converted to nM,Selected units for 'Standard Type': e.g. concentrations are in nM,,,,,,,,,,,,,,,,,,,,,,,,,,,,,,,,,,,,,,,,,,,,,,,,,,,,,,,,,,,,,,,,,,,,,,Low-density lipoprotein receptor,9606.0,Homo sapiens,,,,,,,,,,,,,,,,,,,,,,,,,,,,,,,,,,,,,,,,,,,,,
RESULT_DESCR,,,,,,,,Standardized activity type (e.g. IC50 rather than Ic-50/Ic50/ic50/ic-50),,1933165,,"Qualifier (e.g. >, <, =) for 'Standard Value'",Standardized activity value transformed to common units: e.g. mM concentrations converted to nM,Selected units for 'Standard Type': e.g. concentrations are in nM,,,,,,,,,,,,,,,,,,,,,,,,,,,,,,,,,,,,,,,,,,,,,,,,,,,,,,,,,,,,,,,,,,,,,,Low-density lipoprotein receptor,9606.0,Homo sapiens,,,,,,,,,,,,,,,,,,,,,,,,,,,,,,,,,,,,,,,,,,,,,
RESULT_DESCR,,,,,,,,Standardized activity type (e.g. IC50 rather than Ic-50/Ic50/ic50/ic-50),,1933167,,"Qualifier (e.g. >, <, =) for 'Standard Value'",Standardized activity value transformed to common units: e.g. mM concentrations converted to nM,Selected units for 'Standard Type': e.g. concentrations are in nM,,,,,,,,,,,,,,,,,,,,,,,,,,,,,,,,,,,,,,,,,,,,,,,,,,,,,,,,,,,,,,,,,,,,,,Low-density lipoprotein receptor,9606.0,Homo sapiens,,,,,,,,,,,,,,,,,,,,,,,,,,,,,,,,,,,,,,,,,,,,,
RESULT_DESCR,,,,,,,,Standardized activity type (e.g. IC50 rather than Ic-50/Ic50/ic50/ic-50),,1933168,,"Qualifier (e.g. >, <, =) for 'Standard Value'",Standardized activity value transformed to common units: e.g. mM concentrations converted to nM,Selected units for 'Standard Type': e.g. concentrations are in nM,,,,,,,,,,,,,,,,,,,,,,,,,,,,,,,,,,,,,,,,,,,,,,,,,,,,,,,,,,,,,,,,,,,,,,Low-density lipoprotein receptor,9606.0,Homo sapiens,,,,,,,,,,,,,,,,,,,,,,,,,,,,,,,,,,,,,,,,,,,,,
RESULT_DESCR,,,,,,,,Standardized activity type (e.g. IC50 rather than Ic-50/Ic50/ic50/ic-50),,683913,,"Qualifier (e.g. >, <, =) for 'Standard Value'",Standardized activity value transformed to common units: e.g. mM concentrations converted to nM,Selected units for 'Standard Type': e.g. concentrations are in nM,,,,,,,,,,,,,,,,,,,,,,,,,,,,,,,,,,,,,,,,,,,,,,,,,,,,,,,,,,,,,,,,,,,,,,Low-density lipoprotein receptor,9606.0,Homo sapiens,,,,,,,,,,,,,,,,,,,,,,,,,,,,,,,,,,,,,,,,,,,,,
RESULT_DESCR,,,,,,,,Standardized activity type (e.g. IC50 rather than Ic-50/Ic50/ic50/ic-50),,683914,,"Qualifier (e.g. >, <, =) for 'Standard Value'",Standardized activity value transformed to common units: e.g. mM concentrations converted to nM,Selected units for 'Standard Type': e.g. concentrations are in nM,,,,,,,,,,,,,,,,,,,,,,,,,,,,,,,,,,,,,,,,,,,,,,,,,,,,,,,,,,,,,,,,,,,,,,Low-density lipoprotein receptor,9606.0,Homo sapiens,,,,,,,,,,,,,,,,,,,,,,,,,,,,,,,,,,,,,,,,,,,,,
RESULT_DESCR,,,,,,,,Standardized activity type (e.g. IC50 rather than Ic-50/Ic50/ic50/ic-50),,345491,,"Qualifier (e.g. >, <, =) for 'Standard Value'",Standardized activity value transformed to common units: e.g. mM concentrations converted to nM,Selected units for 'Standard Type': e.g. concentrations are in nM,,,,,,,,,,,,,,,,,,,,,,,,,,,,,,,,,,,,,,,,,,,,,,,,,,,,,,,,,,,,,,,,,,,,,,Low-density lipoprotein receptor,9606.0,Homo sapiens,,,,,,,,,,,,,,,,,,,,,,,,,,,,,,,,,,,,,,,,,,,,,
RESULT_DESCR,,,,,,,,Standardized activity type (e.g. IC50 rather than Ic-50/Ic50/ic50/ic-50),Additional comments,1666982,,,,,,,,,,,,,,,,,,,,,,,,,,,,,,,,,,,,,,,,,,,,,,,,,,,,,,,,,,,,,,,,,,,,,,,,,,Low-density lipoprotein receptor,9606.0,Homo sapiens,,,,,,,,,,,,,,,,,,,,,,,,,,,,,,,,,,,,,,,,,,,,,
RESULT_DESCR,,,,,,,,Standardized activity type (e.g. IC50 rather than Ic-50/Ic50/ic50/ic-50),,1666983,PubChem standardized value transformed from 'Standard Value'. The unit is always micromolar,"Qualifier (e.g. >, <, =) for 'Standard Value'",Standardized activity value transformed to common units: e.g. mM concentrations converted to nM,Selected units for 'Standard Type': e.g. concentrations are in nM,,,,,,,,,,,,,,,,,,,,,,,,,,,,,,,,,,,,,,,,,,,,,,,,,,,,,,,,,,,,,,,,,,,,,,Low-density lipoprotein receptor,9606.0,Homo sapiens,,,,,,,,,,,,,,,,,,,,,,,,,,,,,,,,,,,,,,,,,,,,,
1,103563888,644241,CC1=C(C=C(C=C1)C(=O)NC2=CC(=CC(=C2)C(F)(F)F)N3C=C(N=C3)C)NC4=NC=CC(=N4)C5=CN=CC=C5,Active,,,,IC50,,1666983,9.8,=,9800,nM,,,,,,,,,,,,,,,,,,,,,,,,,,,,,,,,,,,,,,,,,,,,,,,,,,,,,,,,,,,,,,,,,,,,,,Low-density lipoprotein receptor,9606.0,Homo sapiens,,C28H22F3N7O,529.5,,,,,,,,,,,,,,,,,,,,,,,,,,,,,,,,,,,,,,,,,,
2,442048234,135331627,CC1=C(C=C(C=C1)C(=O)NC2=CC(=CC=C2)N3CCN(CC3)C)NC4=NC=CC(=N4)C5=CC=C(C=C5)F,Active,,,,IC50,,1666983,3.29,=,3290,nM,,,,,,,,,,,,,,,,,,,,,,,,,,,,,,,,,,,,,,,,,,,,,,,,,,,,,,,,,,,,,,,,,,,,,,Low-density lipoprotein receptor,9606.0,Homo sapiens,,C29H29FN6O,496.6,,,,,,,,,,,,,,,,,,,,,,,,,,,,,,,,,,,,,,,,,,
3,442048263,135331294,CCCCC1=CC(=CC(=C1)N2C=C(N=C2)C)NC(=O)C3=CC(=C(C=C3)C)NC4=NC=CC(=N4)C5=CC=CC=C5,Active,,,,IC50,,1666983,7.41,=,7410,nM,,,,,,,,,,,,,,,,,,,,,,,,,,,,,,,,,,,,,,,,,,,,,,,,,,,,,,,,,,,,,,,,,,,,,,Low-density lipoprotein receptor,9606.0,Homo sapiens,,C32H32N6O,516.6,,,,,,,,,,,,,,,,,,,,,,,,,,,,,,,,,,,,,,,,,,
4,442048851,135331282,CC1=C(C=C(C=C1)C(=O)NC2=CC(=CC(=C2)CCC(=O)O)N3C=C(N=C3)C)NC4=NC=CC(=N4)C5=CC=CC=C5,Active,,,,IC50,,1666983,9.28,=,9280,nM,,,,,,,,,,,,,,,,,,,,,,,,,,,,,,,,,,,,,,,,,,,,,,,,,,,,,,,,,,,,,,,,,,,,,,Low-density lipoprotein receptor,9606.0,Homo sapiens,,C31H28N6O3,532.6,,,,,,,,,,,,,,,,,,,,,,,,,,,,,,,,,,,,,,,,,,
5,442049900,135331363,CC1=C(C=C(C=C1)C(=O)NC2=CC(=CC(=C2)C(F)(F)F)N3C=C(N=C3)C)OC4=CC=CC=C4,Unspecified,,,,IC50,,1666983,13.4,=,13400,nM,,,,,,,,,,,,,,,,,,,,,,,,,,,,,,,,,,,,,,,,,,,,,,,,,,,,,,,,,,,,,,,,,,,,,,Low-density lipoprotein receptor,9606.0,Homo sapiens,,C25H20F3N3O2,451.4,,,,,,,,,,,,,,,,,,,,,,,,,,,,,,,,,,,,,,,,,,
6,442049931,135331306,CC1=C(C=C(C=C1)C(=O)NC2=CC(=CC(=C2)N3CCOCC3)N4C=C(N=C4)C)NC5=NC=CC(=N5)C6=CC=C(C=C6)F,Unspecified,,,,IC50,,1666983,40.1,=,40100,nM,,,,,,,,,,,,,,,,,,,,,,,,,,,,,,,,,,,,,,,,,,,,,,,,,,,,,,,,,,,,,,,,,,,,,,Low-density lipoprotein receptor,9606.0,Homo sapiens,,C32H30FN7O2,563.6,,,,,,,,,,,,,,,,,,,,,,,,,,,,,,,,,,,,,,,,,,
7,442050138,142426917,CC1=CC=C(C=C1)C(=O)NC2=CC(=CC(=C2)N3CCN(CC3)C)N4C=C(N=C4)C,Unspecified,,,,IC50,,1666983,26.3,=,26300,nM,,,,,,,,,,,,,,,,,,,,,,,,,,,,,,,,,,,,,,,,,,,,,,,,,,,,,,,,,,,,,,,,,,,,,,Low-density lipoprotein receptor,9606.0,Homo sapiens,,C23H27N5O,389.5,,,,,,,,,,,,,,,,,,,,,,,,,,,,,,,,,,,,,,,,,,
8,442050522,135331328,CC1=C(C=C(C=C1)C(=O)NC2=CC(=CC(=C2)N3CCN(CC3)C)N4C=C(N=C4)C)OC5=CC=CC6=C5C=NC=C6,Active,,,,IC50,,1666983,0.078,=,78,nM,,,,,,,,,,,,,,,,,,,,,,,,,,,,,,,,,,,,,,,,,,,,,,,,,,,,,,,,,,,,,,,,,,,,,,Low-density lipoprotein receptor,9606.0,Homo sapiens,,C32H32N6O2,532.6,,,,,,,,,,,,,,,,,,,,,,,,,,,,,,,,,,,,,,,,,,
9,442050618,135331296,CC1=C(C=C(C=C1)C(=O)NC2=CC(=CC(=C2)CN3CCC[C@@H](C3)N)N4C=C(N=C4)C)NC5=NC=CC(=N5)C6=CC=C(C=C6)F,Active,,,,IC50,,1666983,0.428,=,428,nM,,,,,,,,,,,,,,,,,,,,,,,,,,,,,,,,,,,,,,,,,,,,,,,,,,,,,,,,,,,,,,,,,,,,,,Low-density lipoprotein receptor,9606.0,Homo sapiens,,C34H35FN8O,590.7,,,,,,,,,,,,,,,,,,,,,,,,,,,,,,,,,,,,,,,,,,
10,442051111,142426893,CC1=C(C=C(C=C1)C(=O)NC2=CC(=CC(=C2)N3CCNCC3)N4C=C(N=C4)C)NC5=NC=CC(=N5)C6=CC=CC=C6,Active,,,,IC50,,1666983,0.491,=,491,nM,,,,,,,,,,,,,,,,,,,,,,,,,,,,,,,,,,,,,,,,,,,,,,,,,,,,,,,,,,,,,,,,,,,,,,Low-density lipoprotein receptor,9606.0,Homo sapiens,,C32H32N8O,544.6,,,,,,,,,,,,,,,,,,,,,,,,,,,,,,,,,,,,,,,,,,
11,442053663,135331337,CC1=C(C=C(C=C1)C(=O)NC2=CC(=CC(=C2)CN3CCN(CC3)C)N4C=C(N=C4)C)NC5=NC=CC(=N5)C6=CC=CC=C6,Active,,,,IC50,,1666983,0.714,=,714,nM,,,,,,,,,,,,,,,,,,,,,,,,,,,,,,,,,,,,,,,,,,,,,,,,,,,,,,,,,,,,,,,,,,,,,,Low-density lipoprotein receptor,9606.0,Homo sapiens,,C34H36N8O,572.7,,,,,,,,,,,,,,,,,,,,,,,,,,,,,,,,,,,,,,,,,,
12,442053829,135331295,CC1=C(C=C(C=C1)C(=O)NC2=CC(=CC(=C2)CN3CCCC[C@H]3C(=O)O)N4C=C(N=C4)C)NC5=NC=CC(=N5)C6=CC=C(C=C6)F,Unspecified,,,,IC50,,1666983,14,=,14000,nM,,,,,,,,,,,,,,,,,,,,,,,,,,,,,,,,,,,,,,,,,,,,,,,,,,,,,,,,,,,,,,,,,,,,,,Low-density lipoprotein receptor,9606.0,Homo sapiens,,C35H34FN7O3,619.7,,,,,,,,,,,,,,,,,,,,,,,,,,,,,,,,,,,,,,,,,,
13,442055848,142426859,CC1=C(C=C(C=C1)C(=O)NC2=CC(=CC(=C2)CCS(=O)(=O)N)N3C=C(N=C3)C)NC4=NC=CC(=N4)C5=CC=CC=C5,Unspecified,,,,IC50,,1666983,13.4,=,13400,nM,,,,,,,,,,,,,,,,,,,,,,,,,,,,,,,,,,,,,,,,,,,,,,,,,,,,,,,,,,,,,,,,,,,,,,Low-density lipoprotein receptor,9606.0,Homo sapiens,,C30H29N7O3S,567.7,,,,,,,,,,,,,,,,,,,,,,,,,,,,,,,,,,,,,,,,,,
14,442056058,135331299,CC1=C(C=C(C=C1)C(=O)NC2=CC(=CC(=C2)/C=C/C(=O)O)N3C=C(N=C3)C)NC4=NC=CC(=N4)C5=CC=CC=C5,Unspecified,,,,IC50,,1666983,11.3,=,11300,nM,,,,,,,,,,,,,,,,,,,,,,,,,,,,,,,,,,,,,,,,,,,,,,,,,,,,,,,,,,,,,,,,,,,,,,Low-density lipoprotein receptor,9606.0,Homo sapiens,,C31H26N6O3,530.6,,,,,,,,,,,,,,,,,,,,,,,,,,,,,,,,,,,,,,,,,,
15,442056454,135331304,CC1=C(C=C(C=C1)C(=O)NC2=CC(=CC(=C2)N3CCN(CC3)C)N4C=C(N=C4)C)NC5=NC=CC(=N5)C6=CC=CC=C6,Active,,,,IC50,,1666983,0.758,=,758,nM,,,,,,,,,,,,,,,,,,,,,,,,,,,,,,,,,,,,,,,,,,,,,,,,,,,,,,,,,,,,,,,,,,,,,,Low-density lipoprotein receptor,9606.0,Homo sapiens,,C33H34N8O,558.7,,,,,,,,,,,,,,,,,,,,,,,,,,,,,,,,,,,,,,,,,,
16,442056754,135331280,CC1=C(C=C(C=C1)C(=O)NC2=CC(=CC(=C2)C(F)(F)F)N3C=C(N=C3)C)NC4=NC=CC(=N4)C5=CC=CC=C5,Active,,,,IC50,,1666983,8.4,=,8400,nM,,,,,,,,,,,,,,,,,,,,,,,,,,,,,,,,,,,,,,,,,,,,,,,,,,,,,,,,,,,,,,,,,,,,,,Low-density lipoprotein receptor,9606.0,Homo sapiens,,C29H23F3N6O,528.5,,,,,,,,,,,,,,,,,,,,,,,,,,,,,,,,,,,,,,,,,,
17,442059028,135331297,CC1=C(C=C(C=C1)C(=O)NC2=CC(=CC(=C2)CN3CCC[C@@H](C3)N)N4C=C(N=C4)C)OC5=CC=CC=C5,Active,,,,IC50,,1666983,0.537,=,537,nM,,,,,,,,,,,,,,,,,,,,,,,,,,,,,,,,,,,,,,,,,,,,,,,,,,,,,,,,,,,,,,,,,,,,,,Low-density lipoprotein receptor,9606.0,Homo sapiens,,C30H33N5O2,495.6,,,,,,,,,,,,,,,,,,,,,,,,,,,,,,,,,,,,,,,,,,
18,442060093,135331279,CC1=C(C=C(C=C1)C(=O)NC2=CC(=CC(=C2)CN3CCCC[C@H]3C(=O)N)N4C=C(N=C4)C)NC5=NC=CC(=N5)C6=CC=C(C=C6)F,Active,,,,IC50,,1666983,2.57,=,2570,nM,,,,,,,,,,,,,,,,,,,,,,,,,,,,,,,,,,,,,,,,,,,,,,,,,,,,,,,,,,,,,,,,,,,,,,Low-density lipoprotein receptor,9606.0,Homo sapiens,,C35H35FN8O2,618.7,,,,,,,,,,,,,,,,,,,,,,,,,,,,,,,,,,,,,,,,,,
19,442062637,135331281,CC1=C(C=C(C=C1)C(=O)NC2=CC(=CC(=C2)C3=CC(=NO3)C)N4CCN(CC4)C)NC5=NC=CC(=N5)C6=CC=C(C=C6)F,Unspecified,,,,IC50,,1666983,10.7,=,10700,nM,,,,,,,,,,,,,,,,,,,,,,,,,,,,,,,,,,,,,,,,,,,,,,,,,,,,,,,,,,,,,,,,,,,,,,Low-density lipoprotein receptor,9606.0,Homo sapiens,,C33H32FN7O2,577.7,,,,,,,,,,,,,,,,,,,,,,,,,,,,,,,,,,,,,,,,,,
20,442063190,135331289,CC1=C(C=C(C=C1)C(=O)NC2=CC(=CC(=C2)N3CCN(CC3)C)N4C=C(N=C4)C)OC5=CC=CC=C5,Active,,,,IC50,,1666983,0.759,=,759,nM,,,,,,,,,,,,,,,,,,,,,,,,,,,,,,,,,,,,,,,,,,,,,,,,,,,,,,,,,,,,,,,,,,,,,,Low-density lipoprotein receptor,9606.0,Homo sapiens,,C29H31N5O2,481.6,,,,,,,,,,,,,,,,,,,,,,,,,,,,,,,,,,,,,,,,,,
21,442064049,135331288,CC1=C(C=C(C=C1)C(=O)NC2=CC(=CC(=C2)N3CCN(CC3)C)N4C=C(N=C4)C)C(=O)C5=CC=CC(=C5)C#N,Active,,,,IC50,,1666983,2.13,=,2130,nM,,,,,,,,,,,,,,,,,,,,,,,,,,,,,,,,,,,,,,,,,,,,,,,,,,,,,,,,,,,,,,,,,,,,,,Low-density lipoprotein receptor,9606.0,Homo sapiens,,C31H30N6O2,518.6,,,,,,,,,,,,,,,,,,,,,,,,,,,,,,,,,,,,,,,,,,
RESULT_DESCR,,,,,,,,Standardized activity type (e.g. IC50 rather than Ic-50/Ic50/ic50/ic-50),,1666984,PubChem standardized value transformed from 'Standard Value'. The unit is always micromolar,"Qualifier (e.g. >, <, =) for 'Standard Value'",Standardized activity value transformed to common units: e.g. mM concentrations converted to nM,Selected units for 'Standard Type': e.g. concentrations are in nM,,,,,,,,,,,,,,,,,,,,,,,,,,,,,,,,,,,,,,,,,,,,,,,,,,,,,,,,,,,,,,,,,,,,,,Low-density lipoprotein receptor,9606.0,Homo sapiens,,,,,,,,,,,,,,,,,,,,,,,,,,,,,,,,,,,,,,,,,,,,,
1,103563888,644241,CC1=C(C=C(C=C1)C(=O)NC2=CC(=CC(=C2)C(F)(F)F)N3C=C(N=C3)C)NC4=NC=CC(=N4)C5=CN=CC=C5,Active,,,,IC50,,1666984,0.158,=,158,nM,,,,,,,,,,,,,,,,,,,,,,,,,,,,,,,,,,,,,,,,,,,,,,,,,,,,,,,,,,,,,,,,,,,,,,Low-density lipoprotein receptor,9606.0,Homo sapiens,,C28H22F3N7O,529.5,,,,,,,,,,,,,,,,,,,,,,,,,,,,,,,,,,,,,,,,,,
2,442048234,135331627,CC1=C(C=C(C=C1)C(=O)NC2=CC(=CC=C2)N3CCN(CC3)C)NC4=NC=CC(=N4)C5=CC=C(C=C5)F,Active,,,,IC50,,1666984,0.093,=,93,nM,,,,,,,,,,,,,,,,,,,,,,,,,,,,,,,,,,,,,,,,,,,,,,,,,,,,,,,,,,,,,,,,,,,,,,Low-density lipoprotein receptor,9606.0,Homo sapiens,,C29H29FN6O,496.6,,,,,,,,,,,,,,,,,,,,,,,,,,,,,,,,,,,,,,,,,,
3,442048263,135331294,CCCCC1=CC(=CC(=C1)N2C=C(N=C2)C)NC(=O)C3=CC(=C(C=C3)C)NC4=NC=CC(=N4)C5=CC=CC=C5,Active,,,,IC50,,1666984,0.302,=,302,nM,,,,,,,,,,,,,,,,,,,,,,,,,,,,,,,,,,,,,,,,,,,,,,,,,,,,,,,,,,,,,,,,,,,,,,Low-density lipoprotein receptor,9606.0,Homo sapiens,,C32H32N6O,516.6,,,,,,,,,,,,,,,,,,,,,,,,,,,,,,,,,,,,,,,,,,
4,442048851,135331282,CC1=C(C=C(C=C1)C(=O)NC2=CC(=CC(=C2)CCC(=O)O)N3C=C(N=C3)C)NC4=NC=CC(=N4)C5=CC=CC=C5,Active,,,,IC50,,1666984,0.347,=,347,nM,,,,,,,,,,,,,,,,,,,,,,,,,,,,,,,,,,,,,,,,,,,,,,,,,,,,,,,,,,,,,,,,,,,,,,Low-density lipoprotein receptor,9606.0,Homo sapiens,,C31H28N6O3,532.6,,,,,,,,,,,,,,,,,,,,,,,,,,,,,,,,,,,,,,,,,,
5,442049900,135331363,CC1=C(C=C(C=C1)C(=O)NC2=CC(=CC(=C2)C(F)(F)F)N3C=C(N=C3)C)OC4=CC=CC=C4,Active,,,,IC50,,1666984,0.618,=,618,nM,,,,,,,,,,,,,,,,,,,,,,,,,,,,,,,,,,,,,,,,,,,,,,,,,,,,,,,,,,,,,,,,,,,,,,Low-density lipoprotein receptor,9606.0,Homo sapiens,,C25H20F3N3O2,451.4,,,,,,,,,,,,,,,,,,,,,,,,,,,,,,,,,,,,,,,,,,
6,442049931,135331306,CC1=C(C=C(C=C1)C(=O)NC2=CC(=CC(=C2)N3CCOCC3)N4C=C(N=C4)C)NC5=NC=CC(=N5)C6=CC=C(C=C6)F,Active,,,,IC50,,1666984,0.79,=,790,nM,,,,,,,,,,,,,,,,,,,,,,,,,,,,,,,,,,,,,,,,,,,,,,,,,,,,,,,,,,,,,,,,,,,,,,Low-density lipoprotein receptor,9606.0,Homo sapiens,,C32H30FN7O2,563.6,,,,,,,,,,,,,,,,,,,,,,,,,,,,,,,,,,,,,,,,,,
7,442050138,142426917,CC1=CC=C(C=C1)C(=O)NC2=CC(=CC(=C2)N3CCN(CC3)C)N4C=C(N=C4)C,Unspecified,,,,IC50,,1666984,10,>,10000,nM,,,,,,,,,,,,,,,,,,,,,,,,,,,,,,,,,,,,,,,,,,,,,,,,,,,,,,,,,,,,,,,,,,,,,,Low-density lipoprotein receptor,9606.0,Homo sapiens,,C23H27N5O,389.5,,,,,,,,,,,,,,,,,,,,,,,,,,,,,,,,,,,,,,,,,,
8,442050522,135331328,CC1=C(C=C(C=C1)C(=O)NC2=CC(=CC(=C2)N3CCN(CC3)C)N4C=C(N=C4)C)OC5=CC=CC6=C5C=NC=C6,Active,,,,IC50,,1666984,0.227,=,227,nM,,,,,,,,,,,,,,,,,,,,,,,,,,,,,,,,,,,,,,,,,,,,,,,,,,,,,,,,,,,,,,,,,,,,,,Low-density lipoprotein receptor,9606.0,Homo sapiens,,C32H32N6O2,532.6,,,,,,,,,,,,,,,,,,,,,,,,,,,,,,,,,,,,,,,,,,
9,442050618,135331296,CC1=C(C=C(C=C1)C(=O)NC2=CC(=CC(=C2)CN3CCC[C@@H](C3)N)N4C=C(N=C4)C)NC5=NC=CC(=N5)C6=CC=C(C=C6)F,Active,,,,IC50,,1666984,1.96,=,1960,nM,,,,,,,,,,,,,,,,,,,,,,,,,,,,,,,,,,,,,,,,,,,,,,,,,,,,,,,,,,,,,,,,,,,,,,Low-density lipoprotein receptor,9606.0,Homo sapiens,,C34H35FN8O,590.7,,,,,,,,,,,,,,,,,,,,,,,,,,,,,,,,,,,,,,,,,,
10,442051111,142426893,CC1=C(C=C(C=C1)C(=O)NC2=CC(=CC(=C2)N3CCNCC3)N4C=C(N=C4)C)NC5=NC=CC(=N5)C6=CC=CC=C6,Active,,,,IC50,,1666984,1.49,=,1490,nM,,,,,,,,,,,,,,,,,,,,,,,,,,,,,,,,,,,,,,,,,,,,,,,,,,,,,,,,,,,,,,,,,,,,,,Low-density lipoprotein receptor,9606.0,Homo sapiens,,C32H32N8O,544.6,,,,,,,,,,,,,,,,,,,,,,,,,,,,,,,,,,,,,,,,,,
11,442053663,135331337,CC1=C(C=C(C=C1)C(=O)NC2=CC(=CC(=C2)CN3CCN(CC3)C)N4C=C(N=C4)C)NC5=NC=CC(=N5)C6=CC=CC=C6,Active,,,,IC50,,1666984,2.57,=,2570,nM,,,,,,,,,,,,,,,,,,,,,,,,,,,,,,,,,,,,,,,,,,,,,,,,,,,,,,,,,,,,,,,,,,,,,,Low-density lipoprotein receptor,9606.0,Homo sapiens,,C34H36N8O,572.7,,,,,,,,,,,,,,,,,,,,,,,,,,,,,,,,,,,,,,,,,,
12,442053829,135331295,CC1=C(C=C(C=C1)C(=O)NC2=CC(=CC(=C2)CN3CCCC[C@H]3C(=O)O)N4C=C(N=C4)C)NC5=NC=CC(=N5)C6=CC=C(C=C6)F,Unspecified,,,,IC50,,1666984,10,>,10000,nM,,,,,,,,,,,,,,,,,,,,,,,,,,,,,,,,,,,,,,,,,,,,,,,,,,,,,,,,,,,,,,,,,,,,,,Low-density lipoprotein receptor,9606.0,Homo sapiens,,C35H34FN7O3,619.7,,,,,,,,,,,,,,,,,,,,,,,,,,,,,,,,,,,,,,,,,,
13,442055848,142426859,CC1=C(C=C(C=C1)C(=O)NC2=CC(=CC(=C2)CCS(=O)(=O)N)N3C=C(N=C3)C)NC4=NC=CC(=N4)C5=CC=CC=C5,Active,,,,IC50,,1666984,6,=,6000,nM,,,,,,,,,,,,,,,,,,,,,,,,,,,,,,,,,,,,,,,,,,,,,,,,,,,,,,,,,,,,,,,,,,,,,,Low-density lipoprotein receptor,9606.0,Homo sapiens,,C30H29N7O3S,567.7,,,,,,,,,,,,,,,,,,,,,,,,,,,,,,,,,,,,,,,,,,
14,442056058,135331299,CC1=C(C=C(C=C1)C(=O)NC2=CC(=CC(=C2)/C=C/C(=O)O)N3C=C(N=C3)C)NC4=NC=CC(=N4)C5=CC=CC=C5,Active,,,,IC50,,1666984,2.77,=,2770,nM,,,,,,,,,,,,,,,,,,,,,,,,,,,,,,,,,,,,,,,,,,,,,,,,,,,,,,,,,,,,,,,,,,,,,,Low-density lipoprotein receptor,9606.0,Homo sapiens,,C31H26N6O3,530.6,,,,,,,,,,,,,,,,,,,,,,,,,,,,,,,,,,,,,,,,,,
15,442056454,135331304,CC1=C(C=C(C=C1)C(=O)NC2=CC(=CC(=C2)N3CCN(CC3)C)N4C=C(N=C4)C)NC5=NC=CC(=N5)C6=CC=CC=C6,Active,,,,IC50,,1666984,2.88,=,2880,nM,,,,,,,,,,,,,,,,,,,,,,,,,,,,,,,,,,,,,,,,,,,,,,,,,,,,,,,,,,,,,,,,,,,,,,Low-density lipoprotein receptor,9606.0,Homo sapiens,,C33H34N8O,558.7,,,,,,,,,,,,,,,,,,,,,,,,,,,,,,,,,,,,,,,,,,
16,442056754,135331280,CC1=C(C=C(C=C1)C(=O)NC2=CC(=CC(=C2)C(F)(F)F)N3C=C(N=C3)C)NC4=NC=CC(=N4)C5=CC=CC=C5,Active,,,,IC50,,1666984,0.592,=,592,nM,,,,,,,,,,,,,,,,,,,,,,,,,,,,,,,,,,,,,,,,,,,,,,,,,,,,,,,,,,,,,,,,,,,,,,Low-density lipoprotein receptor,9606.0,Homo sapiens,,C29H23F3N6O,528.5,,,,,,,,,,,,,,,,,,,,,,,,,,,,,,,,,,,,,,,,,,
17,442059028,135331297,CC1=C(C=C(C=C1)C(=O)NC2=CC(=CC(=C2)CN3CCC[C@@H](C3)N)N4C=C(N=C4)C)OC5=CC=CC=C5,Unspecified,,,,IC50,,1666984,10,>,10000,nM,,,,,,,,,,,,,,,,,,,,,,,,,,,,,,,,,,,,,,,,,,,,,,,,,,,,,,,,,,,,,,,,,,,,,,Low-density lipoprotein receptor,9606.0,Homo sapiens,,C30H33N5O2,495.6,,,,,,,,,,,,,,,,,,,,,,,,,,,,,,,,,,,,,,,,,,
18,442060093,135331279,CC1=C(C=C(C=C1)C(=O)NC2=CC(=CC(=C2)CN3CCCC[C@H]3C(=O)N)N4C=C(N=C4)C)NC5=NC=CC(=N5)C6=CC=C(C=C6)F,Active,,,,IC50,,1666984,9.87,=,9870,nM,,,,,,,,,,,,,,,,,,,,,,,,,,,,,,,,,,,,,,,,,,,,,,,,,,,,,,,,,,,,,,,,,,,,,,Low-density lipoprotein receptor,9606.0,Homo sapiens,,C35H35FN8O2,618.7,,,,,,,,,,,,,,,,,,,,,,,,,,,,,,,,,,,,,,,,,,
19,442062637,135331281,CC1=C(C=C(C=C1)C(=O)NC2=CC(=CC(=C2)C3=CC(=NO3)C)N4CCN(CC4)C)NC5=NC=CC(=N5)C6=CC=C(C=C6)F,Active,,,,IC50,,1666984,3.1,=,3100,nM,,,,,,,,,,,,,,,,,,,,,,,,,,,,,,,,,,,,,,,,,,,,,,,,,,,,,,,,,,,,,,,,,,,,,,Low-density lipoprotein receptor,9606.0,Homo sapiens,,C33H32FN7O2,577.7,,,,,,,,,,,,,,,,,,,,,,,,,,,,,,,,,,,,,,,,,,
20,442063190,135331289,CC1=C(C=C(C=C1)C(=O)NC2=CC(=CC(=C2)N3CCN(CC3)C)N4C=C(N=C4)C)OC5=CC=CC=C5,Unspecified,,,,IC50,,1666984,10,>,10000,nM,,,,,,,,,,,,,,,,,,,,,,,,,,,,,,,,,,,,,,,,,,,,,,,,,,,,,,,,,,,,,,,,,,,,,,Low-density lipoprotein receptor,9606.0,Homo sapiens,,C29H31N5O2,481.6,,,,,,,,,,,,,,,,,,,,,,,,,,,,,,,,,,,,,,,,,,
21,442064049,135331288,CC1=C(C=C(C=C1)C(=O)NC2=CC(=CC(=C2)N3CCN(CC3)C)N4C=C(N=C4)C)C(=O)C5=CC=CC(=C5)C#N,Unspecified,,,,IC50,,1666984,10,>,10000,nM,,,,,,,,,,,,,,,,,,,,,,,,,,,,,,,,,,,,,,,,,,,,,,,,,,,,,,,,,,,,,,,,,,,,,,Low-density lipoprotein receptor,9606.0,Homo sapiens,,C31H30N6O2,518.6,,,,,,,,,,,,,,,,,,,,,,,,,,,,,,,,,,,,,,,,,,
RESULT_DESCR,,,,,,,,Standardized activity type (e.g. IC50 rather than Ic-50/Ic50/ic50/ic-50),,1666985,PubChem standardized value transformed from 'Standard Value'. The unit is always micromolar,"Qualifier (e.g. >, <, =) for 'Standard Value'",Standardized activity value transformed to common units: e.g. mM concentrations converted to nM,Selected units for 'Standard Type': e.g. concentrations are in nM,,,,,,,,,,,,,,,,,,,,,,,,,,,,,,,,,,,,,,,,,,,,,,,,,,,,,,,,,,,,,,,,,,,,,,Low-density lipoprotein receptor,9606.0,Homo sapiens,,,,,,,,,,,,,,,,,,,,,,,,,,,,,,,,,,,,,,,,,,,,,
1,103563888,644241,CC1=C(C=C(C=C1)C(=O)NC2=CC(=CC(=C2)C(F)(F)F)N3C=C(N=C3)C)NC4=NC=CC(=N4)C5=CN=CC=C5,Active,,,,IC50,,1666985,0.0012,=,1.2,nM,,,,,,,,,,,,,,,,,,,,,,,,,,,,,,,,,,,,,,,,,,,,,,,,,,,,,,,,,,,,,,,,,,,,,,Low-density lipoprotein receptor,9606.0,Homo sapiens,,C28H22F3N7O,529.5,,,,,,,,,,,,,,,,,,,,,,,,,,,,,,,,,,,,,,,,,,
2,442048234,135331627,CC1=C(C=C(C=C1)C(=O)NC2=CC(=CC=C2)N3CCN(CC3)C)NC4=NC=CC(=N4)C5=CC=C(C=C5)F,Unspecified,,,,IC50,,1666985,10,>,10000,nM,,,,,,,,,,,,,,,,,,,,,,,,,,,,,,,,,,,,,,,,,,,,,,,,,,,,,,,,,,,,,,,,,,,,,,Low-density lipoprotein receptor,9606.0,Homo sapiens,,C29H29FN6O,496.6,,,,,,,,,,,,,,,,,,,,,,,,,,,,,,,,,,,,,,,,,,
3,442048263,135331294,CCCCC1=CC(=CC(=C1)N2C=C(N=C2)C)NC(=O)C3=CC(=C(C=C3)C)NC4=NC=CC(=N4)C5=CC=CC=C5,Active,,,,IC50,,1666985,0.142,=,142,nM,,,,,,,,,,,,,,,,,,,,,,,,,,,,,,,,,,,,,,,,,,,,,,,,,,,,,,,,,,,,,,,,,,,,,,Low-density lipoprotein receptor,9606.0,Homo sapiens,,C32H32N6O,516.6,,,,,,,,,,,,,,,,,,,,,,,,,,,,,,,,,,,,,,,,,,
4,442048851,135331282,CC1=C(C=C(C=C1)C(=O)NC2=CC(=CC(=C2)CCC(=O)O)N3C=C(N=C3)C)NC4=NC=CC(=N4)C5=CC=CC=C5,Unspecified,,,,IC50,,1666985,10,>,10000,nM,,,,,,,,,,,,,,,,,,,,,,,,,,,,,,,,,,,,,,,,,,,,,,,,,,,,,,,,,,,,,,,,,,,,,,Low-density lipoprotein receptor,9606.0,Homo sapiens,,C31H28N6O3,532.6,,,,,,,,,,,,,,,,,,,,,,,,,,,,,,,,,,,,,,,,,,
5,442049900,135331363,CC1=C(C=C(C=C1)C(=O)NC2=CC(=CC(=C2)C(F)(F)F)N3C=C(N=C3)C)OC4=CC=CC=C4,Unspecified,,,,IC50,,1666985,10,>,10000,nM,,,,,,,,,,,,,,,,,,,,,,,,,,,,,,,,,,,,,,,,,,,,,,,,,,,,,,,,,,,,,,,,,,,,,,Low-density lipoprotein receptor,9606.0,Homo sapiens,,C25H20F3N3O2,451.4,,,,,,,,,,,,,,,,,,,,,,,,,,,,,,,,,,,,,,,,,,
6,442049931,135331306,CC1=C(C=C(C=C1)C(=O)NC2=CC(=CC(=C2)N3CCOCC3)N4C=C(N=C4)C)NC5=NC=CC(=N5)C6=CC=C(C=C6)F,Unspecified,,,,IC50,,1666985,10,>,10000,nM,,,,,,,,,,,,,,,,,,,,,,,,,,,,,,,,,,,,,,,,,,,,,,,,,,,,,,,,,,,,,,,,,,,,,,Low-density lipoprotein receptor,9606.0,Homo sapiens,,C32H30FN7O2,563.6,,,,,,,,,,,,,,,,,,,,,,,,,,,,,,,,,,,,,,,,,,
7,442050138,142426917,CC1=CC=C(C=C1)C(=O)NC2=CC(=CC(=C2)N3CCN(CC3)C)N4C=C(N=C4)C,Unspecified,,,,IC50,,1666985,10,>,10000,nM,,,,,,,,,,,,,,,,,,,,,,,,,,,,,,,,,,,,,,,,,,,,,,,,,,,,,,,,,,,,,,,,,,,,,,Low-density lipoprotein receptor,9606.0,Homo sapiens,,C23H27N5O,389.5,,,,,,,,,,,,,,,,,,,,,,,,,,,,,,,,,,,,,,,,,,
8,442050522,135331328,CC1=C(C=C(C=C1)C(=O)NC2=CC(=CC(=C2)N3CCN(CC3)C)N4C=C(N=C4)C)OC5=CC=CC6=C5C=NC=C6,Unspecified,,,,IC50,,1666985,10,>,10000,nM,,,,,,,,,,,,,,,,,,,,,,,,,,,,,,,,,,,,,,,,,,,,,,,,,,,,,,,,,,,,,,,,,,,,,,Low-density lipoprotein receptor,9606.0,Homo sapiens,,C32H32N6O2,532.6,,,,,,,,,,,,,,,,,,,,,,,,,,,,,,,,,,,,,,,,,,
9,442050618,135331296,CC1=C(C=C(C=C1)C(=O)NC2=CC(=CC(=C2)CN3CCC[C@@H](C3)N)N4C=C(N=C4)C)NC5=NC=CC(=N5)C6=CC=C(C=C6)F,Unspecified,,,,IC50,,1666985,10,>,10000,nM,,,,,,,,,,,,,,,,,,,,,,,,,,,,,,,,,,,,,,,,,,,,,,,,,,,,,,,,,,,,,,,,,,,,,,Low-density lipoprotein receptor,9606.0,Homo sapiens,,C34H35FN8O,590.7,,,,,,,,,,,,,,,,,,,,,,,,,,,,,,,,,,,,,,,,,,
10,442051111,142426893,CC1=C(C=C(C=C1)C(=O)NC2=CC(=CC(=C2)N3CCNCC3)N4C=C(N=C4)C)NC5=NC=CC(=N5)C6=CC=CC=C6,Active,,,,IC50,,1666985,7.95,=,7950,nM,,,,,,,,,,,,,,,,,,,,,,,,,,,,,,,,,,,,,,,,,,,,,,,,,,,,,,,,,,,,,,,,,,,,,,Low-density lipoprotein receptor,9606.0,Homo sapiens,,C32H32N8O,544.6,,,,,,,,,,,,,,,,,,,,,,,,,,,,,,,,,,,,,,,,,,
11,442053663,135331337,CC1=C(C=C(C=C1)C(=O)NC2=CC(=CC(=C2)CN3CCN(CC3)C)N4C=C(N=C4)C)NC5=NC=CC(=N5)C6=CC=CC=C6,Unspecified,,,,IC50,,1666985,10,>,10000,nM,,,,,,,,,,,,,,,,,,,,,,,,,,,,,,,,,,,,,,,,,,,,,,,,,,,,,,,,,,,,,,,,,,,,,,Low-density lipoprotein receptor,9606.0,Homo sapiens,,C34H36N8O,572.7,,,,,,,,,,,,,,,,,,,,,,,,,,,,,,,,,,,,,,,,,,
12,442053829,135331295,CC1=C(C=C(C=C1)C(=O)NC2=CC(=CC(=C2)CN3CCCC[C@H]3C(=O)O)N4C=C(N=C4)C)NC5=NC=CC(=N5)C6=CC=C(C=C6)F,Unspecified,,,,IC50,,1666985,10,>,10000,nM,,,,,,,,,,,,,,,,,,,,,,,,,,,,,,,,,,,,,,,,,,,,,,,,,,,,,,,,,,,,,,,,,,,,,,Low-density lipoprotein receptor,9606.0,Homo sapiens,,C35H34FN7O3,619.7,,,,,,,,,,,,,,,,,,,,,,,,,,,,,,,,,,,,,,,,,,
13,442055848,142426859,CC1=C(C=C(C=C1)C(=O)NC2=CC(=CC(=C2)CCS(=O)(=O)N)N3C=C(N=C3)C)NC4=NC=CC(=N4)C5=CC=CC=C5,Unspecified,,,,IC50,,1666985,10,>,10000,nM,,,,,,,,,,,,,,,,,,,,,,,,,,,,,,,,,,,,,,,,,,,,,,,,,,,,,,,,,,,,,,,,,,,,,,Low-density lipoprotein receptor,9606.0,Homo sapiens,,C30H29N7O3S,567.7,,,,,,,,,,,,,,,,,,,,,,,,,,,,,,,,,,,,,,,,,,
14,442056058,135331299,CC1=C(C=C(C=C1)C(=O)NC2=CC(=CC(=C2)/C=C/C(=O)O)N3C=C(N=C3)C)NC4=NC=CC(=N4)C5=CC=CC=C5,Unspecified,,,,IC50,,1666985,10,>,10000,nM,,,,,,,,,,,,,,,,,,,,,,,,,,,,,,,,,,,,,,,,,,,,,,,,,,,,,,,,,,,,,,,,,,,,,,Low-density lipoprotein receptor,9606.0,Homo sapiens,,C31H26N6O3,530.6,,,,,,,,,,,,,,,,,,,,,,,,,,,,,,,,,,,,,,,,,,
15,442056454,135331304,CC1=C(C=C(C=C1)C(=O)NC2=CC(=CC(=C2)N3CCN(CC3)C)N4C=C(N=C4)C)NC5=NC=CC(=N5)C6=CC=CC=C6,Unspecified,,,,IC50,,1666985,10,>,10000,nM,,,,,,,,,,,,,,,,,,,,,,,,,,,,,,,,,,,,,,,,,,,,,,,,,,,,,,,,,,,,,,,,,,,,,,Low-density lipoprotein receptor,9606.0,Homo sapiens,,C33H34N8O,558.7,,,,,,,,,,,,,,,,,,,,,,,,,,,,,,,,,,,,,,,,,,
16,442056754,135331280,CC1=C(C=C(C=C1)C(=O)NC2=CC(=CC(=C2)C(F)(F)F)N3C=C(N=C3)C)NC4=NC=CC(=N4)C5=CC=CC=C5,Active,,,,IC50,,1666985,0.334,=,334,nM,,,,,,,,,,,,,,,,,,,,,,,,,,,,,,,,,,,,,,,,,,,,,,,,,,,,,,,,,,,,,,,,,,,,,,Low-density lipoprotein receptor,9606.0,Homo sapiens,,C29H23F3N6O,528.5,,,,,,,,,,,,,,,,,,,,,,,,,,,,,,,,,,,,,,,,,,
17,442059028,135331297,CC1=C(C=C(C=C1)C(=O)NC2=CC(=CC(=C2)CN3CCC[C@@H](C3)N)N4C=C(N=C4)C)OC5=CC=CC=C5,Unspecified,,,,IC50,,1666985,10,>,10000,nM,,,,,,,,,,,,,,,,,,,,,,,,,,,,,,,,,,,,,,,,,,,,,,,,,,,,,,,,,,,,,,,,,,,,,,Low-density lipoprotein receptor,9606.0,Homo sapiens,,C30H33N5O2,495.6,,,,,,,,,,,,,,,,,,,,,,,,,,,,,,,,,,,,,,,,,,
18,442060093,135331279,CC1=C(C=C(C=C1)C(=O)NC2=CC(=CC(=C2)CN3CCCC[C@H]3C(=O)N)N4C=C(N=C4)C)NC5=NC=CC(=N5)C6=CC=C(C=C6)F,Unspecified,,,,IC50,,1666985,10,>,10000,nM,,,,,,,,,,,,,,,,,,,,,,,,,,,,,,,,,,,,,,,,,,,,,,,,,,,,,,,,,,,,,,,,,,,,,,Low-density lipoprotein receptor,9606.0,Homo sapiens,,C35H35FN8O2,618.7,,,,,,,,,,,,,,,,,,,,,,,,,,,,,,,,,,,,,,,,,,
19,442062637,135331281,CC1=C(C=C(C=C1)C(=O)NC2=CC(=CC(=C2)C3=CC(=NO3)C)N4CCN(CC4)C)NC5=NC=CC(=N5)C6=CC=C(C=C6)F,Unspecified,,,,IC50,,1666985,10,>,10000,nM,,,,,,,,,,,,,,,,,,,,,,,,,,,,,,,,,,,,,,,,,,,,,,,,,,,,,,,,,,,,,,,,,,,,,,Low-density lipoprotein receptor,9606.0,Homo sapiens,,C33H32FN7O2,577.7,,,,,,,,,,,,,,,,,,,,,,,,,,,,,,,,,,,,,,,,,,
20,442063190,135331289,CC1=C(C=C(C=C1)C(=O)NC2=CC(=CC(=C2)N3CCN(CC3)C)N4C=C(N=C4)C)OC5=CC=CC=C5,Unspecified,,,,IC50,,1666985,10,>,10000,nM,,,,,,,,,,,,,,,,,,,,,,,,,,,,,,,,,,,,,,,,,,,,,,,,,,,,,,,,,,,,,,,,,,,,,,Low-density lipoprotein receptor,9606.0,Homo sapiens,,C29H31N5O2,481.6,,,,,,,,,,,,,,,,,,,,,,,,,,,,,,,,,,,,,,,,,,
21,442064049,135331288,CC1=C(C=C(C=C1)C(=O)NC2=CC(=CC(=C2)N3CCN(CC3)C)N4C=C(N=C4)C)C(=O)C5=CC=CC(=C5)C#N,Unspecified,,,,IC50,,1666985,10,>,10000,nM,,,,,,,,,,,,,,,,,,,,,,,,,,,,,,,,,,,,,,,,,,,,,,,,,,,,,,,,,,,,,,,,,,,,,,Low-density lipoprotein receptor,9606.0,Homo sapiens,,C31H30N6O2,518.6,,,,,,,,,,,,,,,,,,,,,,,,,,,,,,,,,,,,,,,,,,
RESULT_DESCR,,,,,,,,Standardized activity type (e.g. IC50 rather than Ic-50/Ic50/ic50/ic-50),,1666986,PubChem standardized value transformed from 'Standard Value'. The unit is always micromolar,"Qualifier (e.g. >, <, =) for 'Standard Value'",Standardized activity value transformed to common units: e.g. mM concentrations converted to nM,Selected units for 'Standard Type': e.g. concentrations are in nM,,,,,,,,,,,,,,,,,,,,,,,,,,,,,,,,,,,,,,,,,,,,,,,,,,,,,,,,,,,,,,,,,,,,,,Low-density lipoprotein receptor,9606.0,Homo sapiens,,,,,,,,,,,,,,,,,,,,,,,,,,,,,,,,,,,,,,,,,,,,,
1,103563888,644241,CC1=C(C=C(C=C1)C(=O)NC2=CC(=CC(=C2)C(F)(F)F)N3C=C(N=C3)C)NC4=NC=CC(=N4)C5=CN=CC=C5,Active,,,,IC50,,1666986,0.025,=,25,nM,,,,,,,,,,,,,,,,,,,,,,,,,,,,,,,,,,,,,,,,,,,,,,,,,,,,,,,,,,,,,,,,,,,,,,Low-density lipoprotein receptor,9606.0,Homo sapiens,,C28H22F3N7O,529.5,,,,,,,,,,,,,,,,,,,,,,,,,,,,,,,,,,,,,,,,,,
2,442048234,135331627,CC1=C(C=C(C=C1)C(=O)NC2=CC(=CC=C2)N3CCN(CC3)C)NC4=NC=CC(=N4)C5=CC=C(C=C5)F,Unspecified,,,,IC50,,1666986,10,>,10000,nM,,,,,,,,,,,,,,,,,,,,,,,,,,,,,,,,,,,,,,,,,,,,,,,,,,,,,,,,,,,,,,,,,,,,,,Low-density lipoprotein receptor,9606.0,Homo sapiens,,C29H29FN6O,496.6,,,,,,,,,,,,,,,,,,,,,,,,,,,,,,,,,,,,,,,,,,
3,442048263,135331294,CCCCC1=CC(=CC(=C1)N2C=C(N=C2)C)NC(=O)C3=CC(=C(C=C3)C)NC4=NC=CC(=N4)C5=CC=CC=C5,Unspecified,,,,IC50,,1666986,10,>,10000,nM,,,,,,,,,,,,,,,,,,,,,,,,,,,,,,,,,,,,,,,,,,,,,,,,,,,,,,,,,,,,,,,,,,,,,,Low-density lipoprotein receptor,9606.0,Homo sapiens,,C32H32N6O,516.6,,,,,,,,,,,,,,,,,,,,,,,,,,,,,,,,,,,,,,,,,,
4,442048851,135331282,CC1=C(C=C(C=C1)C(=O)NC2=CC(=CC(=C2)CCC(=O)O)N3C=C(N=C3)C)NC4=NC=CC(=N4)C5=CC=CC=C5,Unspecified,,,,IC50,,1666986,10,>,10000,nM,,,,,,,,,,,,,,,,,,,,,,,,,,,,,,,,,,,,,,,,,,,,,,,,,,,,,,,,,,,,,,,,,,,,,,Low-density lipoprotein receptor,9606.0,Homo sapiens,,C31H28N6O3,532.6,,,,,,,,,,,,,,,,,,,,,,,,,,,,,,,,,,,,,,,,,,
5,442049900,135331363,CC1=C(C=C(C=C1)C(=O)NC2=CC(=CC(=C2)C(F)(F)F)N3C=C(N=C3)C)OC4=CC=CC=C4,Unspecified,,,,IC50,,1666986,10,>,10000,nM,,,,,,,,,,,,,,,,,,,,,,,,,,,,,,,,,,,,,,,,,,,,,,,,,,,,,,,,,,,,,,,,,,,,,,Low-density lipoprotein receptor,9606.0,Homo sapiens,,C25H20F3N3O2,451.4,,,,,,,,,,,,,,,,,,,,,,,,,,,,,,,,,,,,,,,,,,
6,442049931,135331306,CC1=C(C=C(C=C1)C(=O)NC2=CC(=CC(=C2)N3CCOCC3)N4C=C(N=C4)C)NC5=NC=CC(=N5)C6=CC=C(C=C6)F,Unspecified,,,,IC50,,1666986,10,>,10000,nM,,,,,,,,,,,,,,,,,,,,,,,,,,,,,,,,,,,,,,,,,,,,,,,,,,,,,,,,,,,,,,,,,,,,,,Low-density lipoprotein receptor,9606.0,Homo sapiens,,C32H30FN7O2,563.6,,,,,,,,,,,,,,,,,,,,,,,,,,,,,,,,,,,,,,,,,,
7,442050138,142426917,CC1=CC=C(C=C1)C(=O)NC2=CC(=CC(=C2)N3CCN(CC3)C)N4C=C(N=C4)C,Unspecified,,,,IC50,,1666986,10,>,10000,nM,,,,,,,,,,,,,,,,,,,,,,,,,,,,,,,,,,,,,,,,,,,,,,,,,,,,,,,,,,,,,,,,,,,,,,Low-density lipoprotein receptor,9606.0,Homo sapiens,,C23H27N5O,389.5,,,,,,,,,,,,,,,,,,,,,,,,,,,,,,,,,,,,,,,,,,
8,442050522,135331328,CC1=C(C=C(C=C1)C(=O)NC2=CC(=CC(=C2)N3CCN(CC3)C)N4C=C(N=C4)C)OC5=CC=CC6=C5C=NC=C6,Active,,,,IC50,,1666986,3.29,=,3290,nM,,,,,,,,,,,,,,,,,,,,,,,,,,,,,,,,,,,,,,,,,,,,,,,,,,,,,,,,,,,,,,,,,,,,,,Low-density lipoprotein receptor,9606.0,Homo sapiens,,C32H32N6O2,532.6,,,,,,,,,,,,,,,,,,,,,,,,,,,,,,,,,,,,,,,,,,
9,442050618,135331296,CC1=C(C=C(C=C1)C(=O)NC2=CC(=CC(=C2)CN3CCC[C@@H](C3)N)N4C=C(N=C4)C)NC5=NC=CC(=N5)C6=CC=C(C=C6)F,Active,,,,IC50,,1666986,2.04,=,2040,nM,,,,,,,,,,,,,,,,,,,,,,,,,,,,,,,,,,,,,,,,,,,,,,,,,,,,,,,,,,,,,,,,,,,,,,Low-density lipoprotein receptor,9606.0,Homo sapiens,,C34H35FN8O,590.7,,,,,,,,,,,,,,,,,,,,,,,,,,,,,,,,,,,,,,,,,,
10,442051111,142426893,CC1=C(C=C(C=C1)C(=O)NC2=CC(=CC(=C2)N3CCNCC3)N4C=C(N=C4)C)NC5=NC=CC(=N5)C6=CC=CC=C6,Active,,,,IC50,,1666986,1.51,=,1510,nM,,,,,,,,,,,,,,,,,,,,,,,,,,,,,,,,,,,,,,,,,,,,,,,,,,,,,,,,,,,,,,,,,,,,,,Low-density lipoprotein receptor,9606.0,Homo sapiens,,C32H32N8O,544.6,,,,,,,,,,,,,,,,,,,,,,,,,,,,,,,,,,,,,,,,,,
11,442053663,135331337,CC1=C(C=C(C=C1)C(=O)NC2=CC(=CC(=C2)CN3CCN(CC3)C)N4C=C(N=C4)C)NC5=NC=CC(=N5)C6=CC=CC=C6,Active,,,,IC50,,1666986,5.42,=,5420,nM,,,,,,,,,,,,,,,,,,,,,,,,,,,,,,,,,,,,,,,,,,,,,,,,,,,,,,,,,,,,,,,,,,,,,,Low-density lipoprotein receptor,9606.0,Homo sapiens,,C34H36N8O,572.7,,,,,,,,,,,,,,,,,,,,,,,,,,,,,,,,,,,,,,,,,,
12,442053829,135331295,CC1=C(C=C(C=C1)C(=O)NC2=CC(=CC(=C2)CN3CCCC[C@H]3C(=O)O)N4C=C(N=C4)C)NC5=NC=CC(=N5)C6=CC=C(C=C6)F,Unspecified,,,,IC50,,1666986,10,>,10000,nM,,,,,,,,,,,,,,,,,,,,,,,,,,,,,,,,,,,,,,,,,,,,,,,,,,,,,,,,,,,,,,,,,,,,,,Low-density lipoprotein receptor,9606.0,Homo sapiens,,C35H34FN7O3,619.7,,,,,,,,,,,,,,,,,,,,,,,,,,,,,,,,,,,,,,,,,,
13,442055848,142426859,CC1=C(C=C(C=C1)C(=O)NC2=CC(=CC(=C2)CCS(=O)(=O)N)N3C=C(N=C3)C)NC4=NC=CC(=N4)C5=CC=CC=C5,Unspecified,,,,IC50,,1666986,10,>,10000,nM,,,,,,,,,,,,,,,,,,,,,,,,,,,,,,,,,,,,,,,,,,,,,,,,,,,,,,,,,,,,,,,,,,,,,,Low-density lipoprotein receptor,9606.0,Homo sapiens,,C30H29N7O3S,567.7,,,,,,,,,,,,,,,,,,,,,,,,,,,,,,,,,,,,,,,,,,
14,442056058,135331299,CC1=C(C=C(C=C1)C(=O)NC2=CC(=CC(=C2)/C=C/C(=O)O)N3C=C(N=C3)C)NC4=NC=CC(=N4)C5=CC=CC=C5,Unspecified,,,,IC50,,1666986,10,>,10000,nM,,,,,,,,,,,,,,,,,,,,,,,,,,,,,,,,,,,,,,,,,,,,,,,,,,,,,,,,,,,,,,,,,,,,,,Low-density lipoprotein receptor,9606.0,Homo sapiens,,C31H26N6O3,530.6,,,,,,,,,,,,,,,,,,,,,,,,,,,,,,,,,,,,,,,,,,
15,442056454,135331304,CC1=C(C=C(C=C1)C(=O)NC2=CC(=CC(=C2)N3CCN(CC3)C)N4C=C(N=C4)C)NC5=NC=CC(=N5)C6=CC=CC=C6,Unspecified,,,,IC50,,1666986,10,>,10000,nM,,,,,,,,,,,,,,,,,,,,,,,,,,,,,,,,,,,,,,,,,,,,,,,,,,,,,,,,,,,,,,,,,,,,,,Low-density lipoprotein receptor,9606.0,Homo sapiens,,C33H34N8O,558.7,,,,,,,,,,,,,,,,,,,,,,,,,,,,,,,,,,,,,,,,,,
16,442056754,135331280,CC1=C(C=C(C=C1)C(=O)NC2=CC(=CC(=C2)C(F)(F)F)N3C=C(N=C3)C)NC4=NC=CC(=N4)C5=CC=CC=C5,Active,,,,IC50,,1666986,2.48,=,2480,nM,,,,,,,,,,,,,,,,,,,,,,,,,,,,,,,,,,,,,,,,,,,,,,,,,,,,,,,,,,,,,,,,,,,,,,Low-density lipoprotein receptor,9606.0,Homo sapiens,,C29H23F3N6O,528.5,,,,,,,,,,,,,,,,,,,,,,,,,,,,,,,,,,,,,,,,,,
17,442059028,135331297,CC1=C(C=C(C=C1)C(=O)NC2=CC(=CC(=C2)CN3CCC[C@@H](C3)N)N4C=C(N=C4)C)OC5=CC=CC=C5,Unspecified,,,,IC50,,1666986,10,>,10000,nM,,,,,,,,,,,,,,,,,,,,,,,,,,,,,,,,,,,,,,,,,,,,,,,,,,,,,,,,,,,,,,,,,,,,,,Low-density lipoprotein receptor,9606.0,Homo sapiens,,C30H33N5O2,495.6,,,,,,,,,,,,,,,,,,,,,,,,,,,,,,,,,,,,,,,,,,
18,442060093,135331279,CC1=C(C=C(C=C1)C(=O)NC2=CC(=CC(=C2)CN3CCCC[C@H]3C(=O)N)N4C=C(N=C4)C)NC5=NC=CC(=N5)C6=CC=C(C=C6)F,Unspecified,,,,IC50,,1666986,10,>,10000,nM,,,,,,,,,,,,,,,,,,,,,,,,,,,,,,,,,,,,,,,,,,,,,,,,,,,,,,,,,,,,,,,,,,,,,,Low-density lipoprotein receptor,9606.0,Homo sapiens,,C35H35FN8O2,618.7,,,,,,,,,,,,,,,,,,,,,,,,,,,,,,,,,,,,,,,,,,
19,442062637,135331281,CC1=C(C=C(C=C1)C(=O)NC2=CC(=CC(=C2)C3=CC(=NO3)C)N4CCN(CC4)C)NC5=NC=CC(=N5)C6=CC=C(C=C6)F,Active,,,,IC50,,1666986,5.52,=,5520,nM,,,,,,,,,,,,,,,,,,,,,,,,,,,,,,,,,,,,,,,,,,,,,,,,,,,,,,,,,,,,,,,,,,,,,,Low-density lipoprotein receptor,9606.0,Homo sapiens,,C33H32FN7O2,577.7,,,,,,,,,,,,,,,,,,,,,,,,,,,,,,,,,,,,,,,,,,
20,442063190,135331289,CC1=C(C=C(C=C1)C(=O)NC2=CC(=CC(=C2)N3CCN(CC3)C)N4C=C(N=C4)C)OC5=CC=CC=C5,Active,,,,IC50,,1666986,7.66,=,7660,nM,,,,,,,,,,,,,,,,,,,,,,,,,,,,,,,,,,,,,,,,,,,,,,,,,,,,,,,,,,,,,,,,,,,,,,Low-density lipoprotein receptor,9606.0,Homo sapiens,,C29H31N5O2,481.6,,,,,,,,,,,,,,,,,,,,,,,,,,,,,,,,,,,,,,,,,,
21,442064049,135331288,CC1=C(C=C(C=C1)C(=O)NC2=CC(=CC(=C2)N3CCN(CC3)C)N4C=C(N=C4)C)C(=O)C5=CC=CC(=C5)C#N,Unspecified,,,,IC50,,1666986,10,>,10000,nM,,,,,,,,,,,,,,,,,,,,,,,,,,,,,,,,,,,,,,,,,,,,,,,,,,,,,,,,,,,,,,,,,,,,,,Low-density lipoprotein receptor,9606.0,Homo sapiens,,C31H30N6O2,518.6,,,,,,,,,,,,,,,,,,,,,,,,,,,,,,,,,,,,,,,,,,
RESULT_DESCR,,,,,,,,Standardized activity type (e.g. IC50 rather than Ic-50/Ic50/ic50/ic-50),,1666987,PubChem standardized value transformed from 'Standard Value'. The unit is always micromolar,"Qualifier (e.g. >, <, =) for 'Standard Value'",Standardized activity value transformed to common units: e.g. mM concentrations converted to nM,Selected units for 'Standard Type': e.g. concentrations are in nM,,,,,,,,,,,,,,,,,,,,,,,,,,,,,,,,,,,,,,,,,,,,,,,,,,,,,,,,,,,,,,,,,,,,,,Low-density lipoprotein receptor,9606.0,Homo sapiens,,,,,,,,,,,,,,,,,,,,,,,,,,,,,,,,,,,,,,,,,,,,,
1,103563888,644241,CC1=C(C=C(C=C1)C(=O)NC2=CC(=CC(=C2)C(F)(F)F)N3C=C(N=C3)C)NC4=NC=CC(=N4)C5=CN=CC=C5,Active,,,,IC50,,1666987,1.9,=,1900,nM,,,,,,,,,,,,,,,,,,,,,,,,,,,,,,,,,,,,,,,,,,,,,,,,,,,,,,,,,,,,,,,,,,,,,,Low-density lipoprotein receptor,9606.0,Homo sapiens,,C28H22F3N7O,529.5,,,,,,,,,,,,,,,,,,,,,,,,,,,,,,,,,,,,,,,,,,
2,442048234,135331627,CC1=C(C=C(C=C1)C(=O)NC2=CC(=CC=C2)N3CCN(CC3)C)NC4=NC=CC(=N4)C5=CC=C(C=C5)F,Unspecified,,,,IC50,,1666987,10,>,10000,nM,,,,,,,,,,,,,,,,,,,,,,,,,,,,,,,,,,,,,,,,,,,,,,,,,,,,,,,,,,,,,,,,,,,,,,Low-density lipoprotein receptor,9606.0,Homo sapiens,,C29H29FN6O,496.6,,,,,,,,,,,,,,,,,,,,,,,,,,,,,,,,,,,,,,,,,,
3,442048263,135331294,CCCCC1=CC(=CC(=C1)N2C=C(N=C2)C)NC(=O)C3=CC(=C(C=C3)C)NC4=NC=CC(=N4)C5=CC=CC=C5,Unspecified,,,,IC50,,1666987,10,>,10000,nM,,,,,,,,,,,,,,,,,,,,,,,,,,,,,,,,,,,,,,,,,,,,,,,,,,,,,,,,,,,,,,,,,,,,,,Low-density lipoprotein receptor,9606.0,Homo sapiens,,C32H32N6O,516.6,,,,,,,,,,,,,,,,,,,,,,,,,,,,,,,,,,,,,,,,,,
4,442048851,135331282,CC1=C(C=C(C=C1)C(=O)NC2=CC(=CC(=C2)CCC(=O)O)N3C=C(N=C3)C)NC4=NC=CC(=N4)C5=CC=CC=C5,Unspecified,,,,IC50,,1666987,10,>,10000,nM,,,,,,,,,,,,,,,,,,,,,,,,,,,,,,,,,,,,,,,,,,,,,,,,,,,,,,,,,,,,,,,,,,,,,,Low-density lipoprotein receptor,9606.0,Homo sapiens,,C31H28N6O3,532.6,,,,,,,,,,,,,,,,,,,,,,,,,,,,,,,,,,,,,,,,,,
5,442049900,135331363,CC1=C(C=C(C=C1)C(=O)NC2=CC(=CC(=C2)C(F)(F)F)N3C=C(N=C3)C)OC4=CC=CC=C4,Unspecified,,,,IC50,,1666987,10,>,10000,nM,,,,,,,,,,,,,,,,,,,,,,,,,,,,,,,,,,,,,,,,,,,,,,,,,,,,,,,,,,,,,,,,,,,,,,Low-density lipoprotein receptor,9606.0,Homo sapiens,,C25H20F3N3O2,451.4,,,,,,,,,,,,,,,,,,,,,,,,,,,,,,,,,,,,,,,,,,
6,442049931,135331306,CC1=C(C=C(C=C1)C(=O)NC2=CC(=CC(=C2)N3CCOCC3)N4C=C(N=C4)C)NC5=NC=CC(=N5)C6=CC=C(C=C6)F,Unspecified,,,,IC50,,1666987,10,>,10000,nM,,,,,,,,,,,,,,,,,,,,,,,,,,,,,,,,,,,,,,,,,,,,,,,,,,,,,,,,,,,,,,,,,,,,,,Low-density lipoprotein receptor,9606.0,Homo sapiens,,C32H30FN7O2,563.6,,,,,,,,,,,,,,,,,,,,,,,,,,,,,,,,,,,,,,,,,,
7,442050138,142426917,CC1=CC=C(C=C1)C(=O)NC2=CC(=CC(=C2)N3CCN(CC3)C)N4C=C(N=C4)C,Unspecified,,,,IC50,,1666987,10,>,10000,nM,,,,,,,,,,,,,,,,,,,,,,,,,,,,,,,,,,,,,,,,,,,,,,,,,,,,,,,,,,,,,,,,,,,,,,Low-density lipoprotein receptor,9606.0,Homo sapiens,,C23H27N5O,389.5,,,,,,,,,,,,,,,,,,,,,,,,,,,,,,,,,,,,,,,,,,
8,442050522,135331328,CC1=C(C=C(C=C1)C(=O)NC2=CC(=CC(=C2)N3CCN(CC3)C)N4C=C(N=C4)C)OC5=CC=CC6=C5C=NC=C6,Active,,,,IC50,,1666987,2.61,=,2610,nM,,,,,,,,,,,,,,,,,,,,,,,,,,,,,,,,,,,,,,,,,,,,,,,,,,,,,,,,,,,,,,,,,,,,,,Low-density lipoprotein receptor,9606.0,Homo sapiens,,C32H32N6O2,532.6,,,,,,,,,,,,,,,,,,,,,,,,,,,,,,,,,,,,,,,,,,
9,442050618,135331296,CC1=C(C=C(C=C1)C(=O)NC2=CC(=CC(=C2)CN3CCC[C@@H](C3)N)N4C=C(N=C4)C)NC5=NC=CC(=N5)C6=CC=C(C=C6)F,Unspecified,,,,IC50,,1666987,10,>,10000,nM,,,,,,,,,,,,,,,,,,,,,,,,,,,,,,,,,,,,,,,,,,,,,,,,,,,,,,,,,,,,,,,,,,,,,,Low-density lipoprotein receptor,9606.0,Homo sapiens,,C34H35FN8O,590.7,,,,,,,,,,,,,,,,,,,,,,,,,,,,,,,,,,,,,,,,,,
10,442051111,142426893,CC1=C(C=C(C=C1)C(=O)NC2=CC(=CC(=C2)N3CCNCC3)N4C=C(N=C4)C)NC5=NC=CC(=N5)C6=CC=CC=C6,Active,,,,IC50,,1666987,4.36,=,4360,nM,,,,,,,,,,,,,,,,,,,,,,,,,,,,,,,,,,,,,,,,,,,,,,,,,,,,,,,,,,,,,,,,,,,,,,Low-density lipoprotein receptor,9606.0,Homo sapiens,,C32H32N8O,544.6,,,,,,,,,,,,,,,,,,,,,,,,,,,,,,,,,,,,,,,,,,
11,442053663,135331337,CC1=C(C=C(C=C1)C(=O)NC2=CC(=CC(=C2)CN3CCN(CC3)C)N4C=C(N=C4)C)NC5=NC=CC(=N5)C6=CC=CC=C6,Unspecified,,,,IC50,,1666987,10,>,10000,nM,,,,,,,,,,,,,,,,,,,,,,,,,,,,,,,,,,,,,,,,,,,,,,,,,,,,,,,,,,,,,,,,,,,,,,Low-density lipoprotein receptor,9606.0,Homo sapiens,,C34H36N8O,572.7,,,,,,,,,,,,,,,,,,,,,,,,,,,,,,,,,,,,,,,,,,
12,442053829,135331295,CC1=C(C=C(C=C1)C(=O)NC2=CC(=CC(=C2)CN3CCCC[C@H]3C(=O)O)N4C=C(N=C4)C)NC5=NC=CC(=N5)C6=CC=C(C=C6)F,Unspecified,,,,IC50,,1666987,10,>,10000,nM,,,,,,,,,,,,,,,,,,,,,,,,,,,,,,,,,,,,,,,,,,,,,,,,,,,,,,,,,,,,,,,,,,,,,,Low-density lipoprotein receptor,9606.0,Homo sapiens,,C35H34FN7O3,619.7,,,,,,,,,,,,,,,,,,,,,,,,,,,,,,,,,,,,,,,,,,
13,442055848,142426859,CC1=C(C=C(C=C1)C(=O)NC2=CC(=CC(=C2)CCS(=O)(=O)N)N3C=C(N=C3)C)NC4=NC=CC(=N4)C5=CC=CC=C5,Unspecified,,,,IC50,,1666987,10,>,10000,nM,,,,,,,,,,,,,,,,,,,,,,,,,,,,,,,,,,,,,,,,,,,,,,,,,,,,,,,,,,,,,,,,,,,,,,Low-density lipoprotein receptor,9606.0,Homo sapiens,,C30H29N7O3S,567.7,,,,,,,,,,,,,,,,,,,,,,,,,,,,,,,,,,,,,,,,,,
14,442056058,135331299,CC1=C(C=C(C=C1)C(=O)NC2=CC(=CC(=C2)/C=C/C(=O)O)N3C=C(N=C3)C)NC4=NC=CC(=N4)C5=CC=CC=C5,Unspecified,,,,IC50,,1666987,10,>,10000,nM,,,,,,,,,,,,,,,,,,,,,,,,,,,,,,,,,,,,,,,,,,,,,,,,,,,,,,,,,,,,,,,,,,,,,,Low-density lipoprotein receptor,9606.0,Homo sapiens,,C31H26N6O3,530.6,,,,,,,,,,,,,,,,,,,,,,,,,,,,,,,,,,,,,,,,,,
15,442056454,135331304,CC1=C(C=C(C=C1)C(=O)NC2=CC(=CC(=C2)N3CCN(CC3)C)N4C=C(N=C4)C)NC5=NC=CC(=N5)C6=CC=CC=C6,Unspecified,,,,IC50,,1666987,10,>,10000,nM,,,,,,,,,,,,,,,,,,,,,,,,,,,,,,,,,,,,,,,,,,,,,,,,,,,,,,,,,,,,,,,,,,,,,,Low-density lipoprotein receptor,9606.0,Homo sapiens,,C33H34N8O,558.7,,,,,,,,,,,,,,,,,,,,,,,,,,,,,,,,,,,,,,,,,,
16,442056754,135331280,CC1=C(C=C(C=C1)C(=O)NC2=CC(=CC(=C2)C(F)(F)F)N3C=C(N=C3)C)NC4=NC=CC(=N4)C5=CC=CC=C5,Unspecified,,,,IC50,,1666987,10,>,10000,nM,,,,,,,,,,,,,,,,,,,,,,,,,,,,,,,,,,,,,,,,,,,,,,,,,,,,,,,,,,,,,,,,,,,,,,Low-density lipoprotein receptor,9606.0,Homo sapiens,,C29H23F3N6O,528.5,,,,,,,,,,,,,,,,,,,,,,,,,,,,,,,,,,,,,,,,,,
17,442059028,135331297,CC1=C(C=C(C=C1)C(=O)NC2=CC(=CC(=C2)CN3CCC[C@@H](C3)N)N4C=C(N=C4)C)OC5=CC=CC=C5,Unspecified,,,,IC50,,1666987,10,>,10000,nM,,,,,,,,,,,,,,,,,,,,,,,,,,,,,,,,,,,,,,,,,,,,,,,,,,,,,,,,,,,,,,,,,,,,,,Low-density lipoprotein receptor,9606.0,Homo sapiens,,C30H33N5O2,495.6,,,,,,,,,,,,,,,,,,,,,,,,,,,,,,,,,,,,,,,,,,
18,442060093,135331279,CC1=C(C=C(C=C1)C(=O)NC2=CC(=CC(=C2)CN3CCCC[C@H]3C(=O)N)N4C=C(N=C4)C)NC5=NC=CC(=N5)C6=CC=C(C=C6)F,Unspecified,,,,IC50,,1666987,10,>,10000,nM,,,,,,,,,,,,,,,,,,,,,,,,,,,,,,,,,,,,,,,,,,,,,,,,,,,,,,,,,,,,,,,,,,,,,,Low-density lipoprotein receptor,9606.0,Homo sapiens,,C35H35FN8O2,618.7,,,,,,,,,,,,,,,,,,,,,,,,,,,,,,,,,,,,,,,,,,
19,442062637,135331281,CC1=C(C=C(C=C1)C(=O)NC2=CC(=CC(=C2)C3=CC(=NO3)C)N4CCN(CC4)C)NC5=NC=CC(=N5)C6=CC=C(C=C6)F,Unspecified,,,,IC50,,1666987,10,>,10000,nM,,,,,,,,,,,,,,,,,,,,,,,,,,,,,,,,,,,,,,,,,,,,,,,,,,,,,,,,,,,,,,,,,,,,,,Low-density lipoprotein receptor,9606.0,Homo sapiens,,C33H32FN7O2,577.7,,,,,,,,,,,,,,,,,,,,,,,,,,,,,,,,,,,,,,,,,,
20,442063190,135331289,CC1=C(C=C(C=C1)C(=O)NC2=CC(=CC(=C2)N3CCN(CC3)C)N4C=C(N=C4)C)OC5=CC=CC=C5,Unspecified,,,,IC50,,1666987,10,>,10000,nM,,,,,,,,,,,,,,,,,,,,,,,,,,,,,,,,,,,,,,,,,,,,,,,,,,,,,,,,,,,,,,,,,,,,,,Low-density lipoprotein receptor,9606.0,Homo sapiens,,C29H31N5O2,481.6,,,,,,,,,,,,,,,,,,,,,,,,,,,,,,,,,,,,,,,,,,
21,442064049,135331288,CC1=C(C=C(C=C1)C(=O)NC2=CC(=CC(=C2)N3CCN(CC3)C)N4C=C(N=C4)C)C(=O)C5=CC=CC(=C5)C#N,Unspecified,,,,IC50,,1666987,10,>,10000,nM,,,,,,,,,,,,,,,,,,,,,,,,,,,,,,,,,,,,,,,,,,,,,,,,,,,,,,,,,,,,,,,,,,,,,,Low-density lipoprotein receptor,9606.0,Homo sapiens,,C31H30N6O2,518.6,,,,,,,,,,,,,,,,,,,,,,,,,,,,,,,,,,,,,,,,,,
RESULT_DESCR,,,,,,,,Standardized activity type (e.g. IC50 rather than Ic-50/Ic50/ic50/ic-50),Additional comments,1666988,,,,,,,,,,,,,,,,,,,,,,,,,,,,,,,,,,,,,,,,,,,,,,,,,,,,,,,,,,,,,,,,,,,,,,,,,,Low-density lipoprotein receptor,9606.0,Homo sapiens,,,,,,,,,,,,,,,,,,,,,,,,,,,,,,,,,,,,,,,,,,,,,
RESULT_DESCR,,,,,,,,Standardized activity type (e.g. IC50 rather than Ic-50/Ic50/ic50/ic-50),Additional comments,1666989,,,,Selected units for 'Standard Type': e.g. concentrations are in nM,,,,,,,,,,,,,,,,,,,,,,,,,,,,,,,,,,,,,,,,,,,,,,,,,,,,,,,,,,,,,,,,,,,,,,Low-density lipoprotein receptor,9606.0,Homo sapiens,,,,,,,,,,,,,,,,,,,,,,,,,,,,,,,,,,,,,,,,,,,,,
RESULT_DESCR,,,,,,,,Standardized activity type (e.g. IC50 rather than Ic-50/Ic50/ic50/ic-50),Additional comments,1666990,,,,Selected units for 'Standard Type': e.g. concentrations are in nM,,,,,,,,,,,,,,,,,,,,,,,,,,,,,,,,,,,,,,,,,,,,,,,,,,,,,,,,,,,,,,,,,,,,,,Low-density lipoprotein receptor,9606.0,Homo sapiens,,,,,,,,,,,,,,,,,,,,,,,,,,,,,,,,,,,,,,,,,,,,,
RESULT_DESCR,,,,,,,,Standardized activity type (e.g. IC50 rather than Ic-50/Ic50/ic50/ic-50),Additional comments,1666991,,,,Selected units for 'Standard Type': e.g. concentrations are in nM,,,,,,,,,,,,,,,,,,,,,,,,,,,,,,,,,,,,,,,,,,,,,,,,,,,,,,,,,,,,,,,,,,,,,,Low-density lipoprotein receptor,9606.0,Homo sapiens,,,,,,,,,,,,,,,,,,,,,,,,,,,,,,,,,,,,,,,,,,,,,
RESULT_DESCR,,,,,,,,Standardized activity type (e.g. IC50 rather than Ic-50/Ic50/ic50/ic-50),,345493,,"Qualifier (e.g. >, <, =) for 'Standard Value'",Standardized activity value transformed to common units: e.g. mM concentrations converted to nM,Selected units for 'Standard Type': e.g. concentrations are in nM,,,,,,,,,,,,,,,,,,,,,,,,,,,,,,,,,,,,,,,,,,,,,,,,,,,,,,,,,,,,,,,,,,,,,,Low-density lipoprotein receptor,9606.0,Homo sapiens,,,,,,,,,,,,,,,,,,,,,,,,,,,,,,,,,,,,,,,,,,,,,
RESULT_DESCR,,,,,,,,Standardized activity type (e.g. IC50 rather than Ic-50/Ic50/ic50/ic-50),Additional comments,1667018,,,,Selected units for 'Standard Type': e.g. concentrations are in nM,,,,,,,,,,,,,,,,,,,,,,,,,,,,,,,,,,,,,,,,,,,,,,,,,,,,,,,,,,,,,,,,,,,,,,Low-density lipoprotein receptor,9606.0,Homo sapiens,,,,,,,,,,,,,,,,,,,,,,,,,,,,,,,,,,,,,,,,,,,,,
RESULT_DESCR,,,,,,,,Standardized activity type (e.g. IC50 rather than Ic-50/Ic50/ic50/ic-50),,1667019,,"Qualifier (e.g. >, <, =) for 'Standard Value'",Standardized activity value transformed to common units: e.g. mM concentrations converted to nM,Selected units for 'Standard Type': e.g. concentrations are in nM,,,,,,,,,,,,,,,,,,,,,,,,,,,,,,,,,,,,,,,,,,,,,,,,,,,,,,,,,,,,,,,,,,,,,,Low-density lipoprotein receptor,9606.0,Homo sapiens,,,,,,,,,,,,,,,,,,,,,,,,,,,,,,,,,,,,,,,,,,,,,
RESULT_DESCR,,,,,,,,Standardized activity type (e.g. IC50 rather than Ic-50/Ic50/ic50/ic-50),,102349,PubChem standardized value transformed from 'Standard Value'. The unit is always micromolar,"Qualifier (e.g. >, <, =) for 'Standard Value'",Standardized activity value transformed to common units: e.g. mM concentrations converted to nM,Selected units for 'Standard Type': e.g. concentrations are in nM,,,,,,,,,,,,,,,,,,,,,,,,,,,,,,,,,,,,,,,,,,,,,,,,,,,,,,,,,,,,,,,,,,,,,,Low-density lipoprotein receptor,9606.0,Homo sapiens,,,,,,,,,,,,,,,,,,,,,,,,,,,,,,,,,,,,,,,,,,,,,
RESULT_DESCR,,,,,,,,Standardized activity type (e.g. IC50 rather than Ic-50/Ic50/ic50/ic-50),,102351,PubChem standardized value transformed from 'Standard Value'. The unit is always micromolar,"Qualifier (e.g. >, <, =) for 'Standard Value'",Standardized activity value transformed to common units: e.g. mM concentrations converted to nM,Selected units for 'Standard Type': e.g. concentrations are in nM,,,,,,,,,,,,,,,,,,,,,,,,,,,,,,,,,,,,,,,,,,,,,,,,,,,,,,,,,,,,,,,,,,,,,,Low-density lipoprotein receptor,9606.0,Homo sapiens,,,,,,,,,,,,,,,,,,,,,,,,,,,,,,,,,,,,,,,,,,,,,
RESULT_DESCR,,,,,,,,Standardized activity type (e.g. IC50 rather than Ic-50/Ic50/ic50/ic-50),,102352,PubChem standardized value transformed from 'Standard Value'. The unit is always micromolar,"Qualifier (e.g. >, <, =) for 'Standard Value'",Standardized activity value transformed to common units: e.g. mM concentrations converted to nM,Selected units for 'Standard Type': e.g. concentrations are in nM,,,,,,,,,,,,,,,,,,,,,,,,,,,,,,,,,,,,,,,,,,,,,,,,,,,,,,,,,,,,,,,,,,,,,,Low-density lipoprotein receptor,9606.0,Homo sapiens,,,,,,,,,,,,,,,,,,,,,,,,,,,,,,,,,,,,,,,,,,,,,
RESULT_DESCR,,,,,,,,Standardized activity type (e.g. IC50 rather than Ic-50/Ic50/ic50/ic-50),,1667021,,"Qualifier (e.g. >, <, =) for 'Standard Value'",Standardized activity value transformed to common units: e.g. mM concentrations converted to nM,Selected units for 'Standard Type': e.g. concentrations are in nM,,,,,,,,,,,,,,,,,,,,,,,,,,,,,,,,,,,,,,,,,,,,,,,,,,,,,,,,,,,,,,,,,,,,,,Low-density lipoprotein receptor,9606.0,Homo sapiens,,,,,,,,,,,,,,,,,,,,,,,,,,,,,,,,,,,,,,,,,,,,,
1,442059028,135331297,CC1=C(C=C(C=C1)C(=O)NC2=CC(=CC(=C2)CN3CCC[C@@H](C3)N)N4C=C(N=C4)C)OC5=CC=CC=C5,Unspecified,,,,T>IC50,,1667021,,>=,16,hr,,,,,,,,,,,,,,,,,,,,,,,,,,,,,,,,,,,,,,,,,,,,,,,,,,,,,,,,,,,,,,,,,,,,,,Low-density lipoprotein receptor,9606.0,Homo sapiens,,C30H33N5O2,495.6,,,,,,,,,,,,,,,,,,,,,,,,,,,,,,,,,,,,,,,,,,
RESULT_DESCR,,,,,,,,Standardized activity type (e.g. IC50 rather than Ic-50/Ic50/ic50/ic-50),Additional comments,102355,,,,,,,,,,,,,,,,,,,,,,,,,,,,,,,,,,,,,,,,,,,,,,,,,,,,,,,,,,,,,,,,,,,,,,,,,,Low-density lipoprotein receptor,9606.0,Homo sapiens,,,,,,,,,,,,,,,,,,,,,,,,,,,,,,,,,,,,,,,,,,,,,
RESULT_DESCR,,,,,,,,Standardized activity type (e.g. IC50 rather than Ic-50/Ic50/ic50/ic-50),,345495,,"Qualifier (e.g. >, <, =) for 'Standard Value'",Standardized activity value transformed to common units: e.g. mM concentrations converted to nM,Selected units for 'Standard Type': e.g. concentrations are in nM,,,,,,,,,,,,,,,,,,,,,,,,,,,,,,,,,,,,,,,,,,,,,,,,,,,,,,,,,,,,,,,,,,,,,,Low-density lipoprotein receptor,9606.0,Homo sapiens,,,,,,,,,,,,,,,,,,,,,,,,,,,,,,,,,,,,,,,,,,,,,
RESULT_DESCR,,,,,,,,Standardized activity type (e.g. IC50 rather than Ic-50/Ic50/ic50/ic-50),Additional comments,1277975,,,,Selected units for 'Standard Type': e.g. concentrations are in nM,,,,,,,,,,,,,,,,,,,,,,,,,,,,,,,,,,,,,,,,,,,,,,,,,,,,,,,,,,,,,,,,,,,,,,Low-density lipoprotein receptor,9606.0,Homo sapiens,,,,,,,,,,,,,,,,,,,,,,,,,,,,,,,,,,,,,,,,,,,,,
RESULT_DESCR,,,,,,,,Standardized activity type (e.g. IC50 rather than Ic-50/Ic50/ic50/ic-50),,1277976,PubChem standardized value transformed from 'Standard Value'. The unit is always micromolar,"Qualifier (e.g. >, <, =) for 'Standard Value'",Standardized activity value transformed to common units: e.g. mM concentrations converted to nM,Selected units for 'Standard Type': e.g. concentrations are in nM,,,,,,,,,,,,,,,,,,,,,,,,,,,,,,,,,,,,,,,,,,,,,,,,,,,,,,,,,,,,,,,,,,,,,,Low-density lipoprotein receptor,9606.0,Homo sapiens,,,,,,,,,,,,,,,,,,,,,,,,,,,,,,,,,,,,,,,,,,,,,
1,336865384,127025037,CC1=CC=C(C=C1)NC2=C(C3=C(C(=O)C2=O)OC4=C(N3)C=CC(=C4)N(C)C)C(=O)OC,Active,,,,IC50,,1277976,3.77,=,3770,nM,,,,,,,,,,,,,,,,,,,,,,,,,,,,,,,,,,,,,,,,,,,,,,,,,,,,,,,,,,,,,,,,,,,,,,Low-density lipoprotein receptor,9606.0,Homo sapiens,,C23H21N3O5,419.4,,,,,,,,,,,,,,,,,,,,,,,,,,,,,,,,,,,,,,,,,,
2,336865843,127025355,CN(C)C1=CC2=C(C=C1)NC3=C(O2)C(=O)C(=O)C(=C3C(=O)OC)NC4=CC=C(C=C4)OC,Active,,,,IC50,,1277976,4.71,=,4710,nM,,,,,,,,,,,,,,,,,,,,,,,,,,,,,,,,,,,,,,,,,,,,,,,,,,,,,,,,,,,,,,,,,,,,,,Low-density lipoprotein receptor,9606.0,Homo sapiens,,C23H21N3O6,435.4,,,,,,,,,,,,,,,,,,,,,,,,,,,,,,,,,,,,,,,,,,
3,336865844,127025356,CN(C)C1=CC2=C(C=C1)NC3=C(O2)C(=O)C(=O)C(=C3C(=O)OC)NC4=CC(=C(C=C4)Cl)Cl,Active,,,,IC50,,1277976,4.87,=,4870,nM,,,,,,,,,,,,,,,,,,,,,,,,,,,,,,,,,,,,,,,,,,,,,,,,,,,,,,,,,,,,,,,,,,,,,,Low-density lipoprotein receptor,9606.0,Homo sapiens,,C22H17Cl2N3O5,474.3,,,,,,,,,,,,,,,,,,,,,,,,,,,,,,,,,,,,,,,,,,
4,336865845,127025357,CN(C)C1=CC2=C(C=C1)NC3=C(O2)C(=O)C(=O)C(=C3C(=O)OC)NCC4=CC=C(C=C4)OC,Active,,,,IC50,,1277976,4.33,=,4330,nM,,,,,,,,,,,,,,,,,,,,,,,,,,,,,,,,,,,,,,,,,,,,,,,,,,,,,,,,,,,,,,,,,,,,,,Low-density lipoprotein receptor,9606.0,Homo sapiens,,C24H23N3O6,449.5,,,,,,,,,,,,,,,,,,,,,,,,,,,,,,,,,,,,,,,,,,
5,336866283,127025635,CN(C)C1=CC2=C(C=C1)NC3=C(O2)C(=O)C(=O)C(=C3C(=O)OC)N4CCCCC4,Active,,,,IC50,,1277976,5.5,=,5500,nM,,,,,,,,,,,,,,,,,,,,,,,,,,,,,,,,,,,,,,,,,,,,,,,,,,,,,,,,,,,,,,,,,,,,,,Low-density lipoprotein receptor,9606.0,Homo sapiens,,C21H23N3O5,397.4,,,,,,,,,,,,,,,,,,,,,,,,,,,,,,,,,,,,,,,,,,
6,336866284,127025636,CN(C)C1=CC2=C(C=C1)NC3=C(O2)C(=O)C(=O)C(=C3C(=O)OC)NC4CCCCC4,Active,,,,IC50,,1277976,4.06,=,4060,nM,,,,,,,,,,,,,,,,,,,,,,,,,,,,,,,,,,,,,,,,,,,,,,,,,,,,,,,,,,,,,,,,,,,,,,Low-density lipoprotein receptor,9606.0,Homo sapiens,,C22H25N3O5,411.5,,,,,,,,,,,,,,,,,,,,,,,,,,,,,,,,,,,,,,,,,,
7,336866717,127025924,CN(C)C1=CC2=C(C=C1)NC3=C(O2)C(=O)C(=O)C(=C3C(=O)OC)N4CCOCC4,Active,,,,IC50,,1277976,3.74,=,3740,nM,,,,,,,,,,,,,,,,,,,,,,,,,,,,,,,,,,,,,,,,,,,,,,,,,,,,,,,,,,,,,,,,,,,,,,Low-density lipoprotein receptor,9606.0,Homo sapiens,,C20H21N3O6,399.4,,,,,,,,,,,,,,,,,,,,,,,,,,,,,,,,,,,,,,,,,,
8,336866718,127025925,CN(C)C1=CC2=C(C=C1)NC3=C(O2)C(=O)C(=O)C(=C3C(=O)OC)NC4CCCC4,Active,,,,IC50,,1277976,4.61,=,4610,nM,,,,,,,,,,,,,,,,,,,,,,,,,,,,,,,,,,,,,,,,,,,,,,,,,,,,,,,,,,,,,,,,,,,,,,Low-density lipoprotein receptor,9606.0,Homo sapiens,,C21H23N3O5,397.4,,,,,,,,,,,,,,,,,,,,,,,,,,,,,,,,,,,,,,,,,,
9,336867125,127026221,CCCCOC(=O)C1=C(C(=O)C(=O)C2=C1NC3=C(O2)C=C(C=C3)N(C)C)NCC4=CC=C(C=C4)OC,Active,,,,IC50,,1277976,3.38,=,3380,nM,,,,,,,,,,,,,,,,,,,,,,,,,,,,,,,,,,,,,,,,,,,,,,,,,,,,,,,,,,,,,,,,,,,,,,Low-density lipoprotein receptor,9606.0,Homo sapiens,,C27H29N3O6,491.5,,,,,,,,,,,,,,,,,,,,,,,,,,,,,,,,,,,,,,,,,,
10,336868405,127027122,CN(C)C1=CC2=C(C=C1)NC3=C(O2)C(=O)C(=O)C(=C3C(=O)OC)N,Active,,,,IC50,,1277976,5.23,=,5230,nM,,,,,,,,,,,,,,,,,,,,,,,,,,,,,,,,,,,,,,,,,,,,,,,,,,,,,,,,,,,,,,,,,,,,,,Low-density lipoprotein receptor,9606.0,Homo sapiens,,C16H15N3O5,329.31,,,,,,,,,,,,,,,,,,,,,,,,,,,,,,,,,,,,,,,,,,
11,336868406,127027123,CN(C)C1=CC2=C(C=C1)NC3=C(O2)C(=O)C(=O)C(=C3C(=O)OC)NC4=CC=CC=C4,Active,,,,IC50,,1277976,6.16,=,6160,nM,,,,,,,,,,,,,,,,,,,,,,,,,,,,,,,,,,,,,,,,,,,,,,,,,,,,,,,,,,,,,,,,,,,,,,Low-density lipoprotein receptor,9606.0,Homo sapiens,,C22H19N3O5,405.4,,,,,,,,,,,,,,,,,,,,,,,,,,,,,,,,,,,,,,,,,,
12,336890272,127040605,CN(C)C1=CC2=C(C=C1)NC3=C(O2)C(=O)C(=O)C=C3C(=O)O.Cl,Active,,,,IC50,,1277976,6.38,=,6380,nM,,,,,,,,,,,,,,,,,,,,,,,,,,,,,,,,,,,,,,,,,,,,,,,,,,,,,,,,,,,,,,,,,,,,,,Low-density lipoprotein receptor,9606.0,Homo sapiens,,C15H13ClN2O5,336.72,,,,,,,,,,,,,,,,,,,,,,,,,,,,,,,,,,,,,,,,,,
RESULT_DESCR,,,,,,,,Standardized activity type (e.g. IC50 rather than Ic-50/Ic50/ic50/ic-50),Additional comments,1277978,,,,Selected units for 'Standard Type': e.g. concentrations are in nM,,,,,,,,,,,,,,,,,,,,,,,,,,,,,,,,,,,,,,,,,,,,,,,,,,,,,,,,,,,,,,,,,,,,,,Low-density lipoprotein receptor,9606.0,Homo sapiens,,,,,,,,,,,,,,,,,,,,,,,,,,,,,,,,,,,,,,,,,,,,,
RESULT_DESCR,,,,,,,,Standardized activity type (e.g. IC50 rather than Ic-50/Ic50/ic50/ic-50),,1277979,PubChem standardized value transformed from 'Standard Value'. The unit is always micromolar,"Qualifier (e.g. >, <, =) for 'Standard Value'",Standardized activity value transformed to common units: e.g. mM concentrations converted to nM,Selected units for 'Standard Type': e.g. concentrations are in nM,,,,,,,,,,,,,,,,,,,,,,,,,,,,,,,,,,,,,,,,,,,,,,,,,,,,,,,,,,,,,,,,,,,,,,Low-density lipoprotein receptor,9606.0,Homo sapiens,,,,,,,,,,,,,,,,,,,,,,,,,,,,,,,,,,,,,,,,,,,,,
1,336890272,127040605,CN(C)C1=CC2=C(C=C1)NC3=C(O2)C(=O)C(=O)C=C3C(=O)O.Cl,Active,,,,IC50,,1277979,3,=,3000,nM,,,,,,,,,,,,,,,,,,,,,,,,,,,,,,,,,,,,,,,,,,,,,,,,,,,,,,,,,,,,,,,,,,,,,,Low-density lipoprotein receptor,9606.0,Homo sapiens,,C15H13ClN2O5,336.72,,,,,,,,,,,,,,,,,,,,,,,,,,,,,,,,,,,,,,,,,,
RESULT_DESCR,,,,,,,,Standardized activity type (e.g. IC50 rather than Ic-50/Ic50/ic50/ic-50),Additional comments,472679,PubChem standardized value transformed from 'Standard Value'. The unit is always micromolar,"Qualifier (e.g. >, <, =) for 'Standard Value'",Standardized activity value transformed to common units: e.g. mM concentrations converted to nM,Selected units for 'Standard Type': e.g. concentrations are in nM,,,,,,,,,,,,,,,,,,,,,,,,,,,,,,,,,,,,,,,,,,,,,,,,,,,,,,,,,,,,,,,,,,,,,,Low-density lipoprotein receptor,9606.0,Homo sapiens,,,,,,,,,,,,,,,,,,,,,,,,,,,,,,,,,,,,,,,,,,,,,
RESULT_DESCR,,,,,,,,Standardized activity type (e.g. IC50 rather than Ic-50/Ic50/ic50/ic-50),Additional comments,472694,,,,,,,,,,,,,,,,,,,,,,,,,,,,,,,,,,,,,,,,,,,,,,,,,,,,,,,,,,,,,,,,,,,,,,,,,,Low-density lipoprotein receptor,9606.0,Homo sapiens,,,,,,,,,,,,,,,,,,,,,,,,,,,,,,,,,,,,,,,,,,,,,
RESULT_DESCR,,,,,,,,Standardized activity type (e.g. IC50 rather than Ic-50/Ic50/ic50/ic-50),,472695,,"Qualifier (e.g. >, <, =) for 'Standard Value'",Standardized activity value transformed to common units: e.g. mM concentrations converted to nM,Selected units for 'Standard Type': e.g. concentrations are in nM,,,,,,,,,,,,,,,,,,,,,,,,,,,,,,,,,,,,,,,,,,,,,,,,,,,,,,,,,,,,,,,,,,,,,,Low-density lipoprotein receptor,9606.0,Homo sapiens,,,,,,,,,,,,,,,,,,,,,,,,,,,,,,,,,,,,,,,,,,,,,
RESULT_DESCR,,,,,,,,Standardized activity type (e.g. IC50 rather than Ic-50/Ic50/ic50/ic-50),,472696,,"Qualifier (e.g. >, <, =) for 'Standard Value'",Standardized activity value transformed to common units: e.g. mM concentrations converted to nM,Selected units for 'Standard Type': e.g. concentrations are in nM,,,,,,,,,,,,,,,,,,,,,,,,,,,,,,,,,,,,,,,,,,,,,,,,,,,,,,,,,,,,,,,,,,,,,,Low-density lipoprotein receptor,9606.0,Homo sapiens,,,,,,,,,,,,,,,,,,,,,,,,,,,,,,,,,,,,,,,,,,,,,
RESULT_DESCR,,,,,,,,Standardized activity type (e.g. IC50 rather than Ic-50/Ic50/ic50/ic-50),,472697,,"Qualifier (e.g. >, <, =) for 'Standard Value'",Standardized activity value transformed to common units: e.g. mM concentrations converted to nM,Selected units for 'Standard Type': e.g. concentrations are in nM,,,,,,,,,,,,,,,,,,,,,,,,,,,,,,,,,,,,,,,,,,,,,,,,,,,,,,,,,,,,,,,,,,,,,,Low-density lipoprotein receptor,9606.0,Homo sapiens,,,,,,,,,,,,,,,,,,,,,,,,,,,,,,,,,,,,,,,,,,,,,
RESULT_DESCR,,,,,,,,Standardized activity type (e.g. IC50 rather than Ic-50/Ic50/ic50/ic-50),Additional comments,472698,,,,,,,,,,,,,,,,,,,,,,,,,,,,,,,,,,,,,,,,,,,,,,,,,,,,,,,,,,,,,,,,,,,,,,,,,,Low-density lipoprotein receptor,9606.0,Homo sapiens,,,,,,,,,,,,,,,,,,,,,,,,,,,,,,,,,,,,,,,,,,,,,
RESULT_DESCR,,,,,,,,Standardized activity type (e.g. IC50 rather than Ic-50/Ic50/ic50/ic-50),,392882,PubChem standardized value transformed from 'Standard Value'. The unit is always micromolar,"Qualifier (e.g. >, <, =) for 'Standard Value'",Standardized activity value transformed to common units: e.g. mM concentrations converted to nM,Selected units for 'Standard Type': e.g. concentrations are in nM,,,,,,,,,,,,,,,,,,,,,,,,,,,,,,,,,,,,,,,,,,,,,,,,,,,,,,,,,,,,,,,,,,,,,,Low-density lipoprotein receptor,9606.0,Homo sapiens,,,,,,,,,,,,,,,,,,,,,,,,,,,,,,,,,,,,,,,,,,,,,
1,103315998,166558,CC(C)C1=C(C(=CC=C1)C(C)C)OS(=O)(=O)NC(=O)CC2=C(C=C(C=C2C(C)C)C(C)C)C(C)C,Active,,,,IC50,,392882,0.479,=,479,nM,,,,,,,,,,,,,,,,,,,,,,,,,,,,,,,,,,,,,,,,,,,,,,,,,,,,,,,,,,,,,,,,,,,,,,Low-density lipoprotein receptor,9606.0,Homo sapiens,,C29H43NO4S,501.7,,,,,,,,,,,,,,,,,,,,,,,,,,,,,,,,,,,,,,,,,,
2,103650185,44590579,CC(C)C1=C(C(=CC=C1)C(C)C)NC(=O)NCC2(CCNCC2)C3=CC(=CC=C3)OC,Unspecified,,,,IC50,,392882,1,>,1000,nM,,,,,,,,,,,,,,,,,,,,,,,,,,,,,,,,,,,,,,,,,,,,,,,,,,,,,,,,,,,,,,,,,,,,,,Low-density lipoprotein receptor,9606.0,Homo sapiens,,C26H37N3O2,423.6,,,,,,,,,,,,,,,,,,,,,,,,,,,,,,,,,,,,,,,,,,
3,103650245,44590607,CC(C)C1=C(C(=CC=C1)C(C)C)NC(=O)NCC2(CCN(CC2)C)C3=CC(=CC=C3)OC,Active,,,,IC50,,392882,0.664,=,664,nM,,,,,,,,,,,,,,,,,,,,,,,,,,,,,,,,,,,,,,,,,,,,,,,,,,,,,,,,,,,,,,,,,,,,,,Low-density lipoprotein receptor,9606.0,Homo sapiens,,C27H39N3O2,437.6,,,,,,,,,,,,,,,,,,,,,,,,,,,,,,,,,,,,,,,,,,
4,103650246,44590608,CCCN1CCC(CC1)(CNC(=O)NC2=C(C=CC=C2C(C)C)C(C)C)C3=CC(=CC=C3)OC,Active,,,,IC50,,392882,0.547,=,547,nM,,,,,,,,,,,,,,,,,,,,,,,,,,,,,,,,,,,,,,,,,,,,,,,,,,,,,,,,,,,,,,,,,,,,,,Low-density lipoprotein receptor,9606.0,Homo sapiens,,C29H43N3O2,465.7,,,,,,,,,,,,,,,,,,,,,,,,,,,,,,,,,,,,,,,,,,
5,103650247,44590609,CC(C)C1=C(C(=CC=C1)C(C)C)NC(=O)NCC2(CCN(CC2)C3=CC=CC=C3)C4=CC(=CC=C4)OC,Active,,,,IC50,,392882,0.035,=,35,nM,,,,,,,,,,,,,,,,,,,,,,,,,,,,,,,,,,,,,,,,,,,,,,,,,,,,,,,,,,,,,,,,,,,,,,Low-density lipoprotein receptor,9606.0,Homo sapiens,,C32H41N3O2,499.7,,,,,,,,,,,,,,,,,,,,,,,,,,,,,,,,,,,,,,,,,,
6,103650248,44590610,CC(C)C1=C(C(=CC=C1)C(C)C)NC(=O)NCC2(CCN(CC2)C3=CC=CC=C3OC)C4=CC(=CC=C4)OC,Active,,,,IC50,,392882,0.047,=,47,nM,,,,,,,,,,,,,,,,,,,,,,,,,,,,,,,,,,,,,,,,,,,,,,,,,,,,,,,,,,,,,,,,,,,,,,Low-density lipoprotein receptor,9606.0,Homo sapiens,,C33H43N3O3,529.7,,,,,,,,,,,,,,,,,,,,,,,,,,,,,,,,,,,,,,,,,,
7,103650249,44590611,CC(C)C1=CC(=CC(=C1NC(=O)NCC2(CCN(CC2)C3=CC=CC=C3)C4=CC(=CC=C4)OC)C(C)C)N.Cl.Cl,Active,,,,IC50,,392882,0.04,=,40,nM,,,,,,,,,,,,,,,,,,,,,,,,,,,,,,,,,,,,,,,,,,,,,,,,,,,,,,,,,,,,,,,,,,,,,,Low-density lipoprotein receptor,9606.0,Homo sapiens,,C32H44Cl2N4O2,587.6,,,,,,,,,,,,,,,,,,,,,,,,,,,,,,,,,,,,,,,,,,
8,103650250,44590613,CC(C)C1=C(C(=C(C=C1)N)C(C)C)NC(=O)NCC2(CCN(CC2)C3=CC=CC=C3OC)C4=CC(=CC=C4)OC.Cl.Cl,Active,,,,IC50,,392882,0.081,=,81,nM,,,,,,,,,,,,,,,,,,,,,,,,,,,,,,,,,,,,,,,,,,,,,,,,,,,,,,,,,,,,,,,,,,,,,,Low-density lipoprotein receptor,9606.0,Homo sapiens,,C33H46Cl2N4O3,617.6,,,,,,,,,,,,,,,,,,,,,,,,,,,,,,,,,,,,,,,,,,
9,103650251,44590615,CC(C)C1=CC(=CC(=C1NC(=O)NCC2(CCN(CC2)C3=CC=CC=C3OC)C4=CC(=CC=C4)OC)C(C)C)N.Cl.Cl,Active,,,,IC50,,392882,0.037,=,37,nM,,,,,,,,,,,,,,,,,,,,,,,,,,,,,,,,,,,,,,,,,,,,,,,,,,,,,,,,,,,,,,,,,,,,,,Low-density lipoprotein receptor,9606.0,Homo sapiens,,C33H46Cl2N4O3,617.6,,,,,,,,,,,,,,,,,,,,,,,,,,,,,,,,,,,,,,,,,,
10,103650252,44590617,CC(C)C1=CC(=CC(=C1NC(=O)NCC2(CCN(CC2)C3=CC(=CC=C3)OC)C4=CC(=CC=C4)OC)C(C)C)N.Cl.Cl,Active,,,,IC50,,392882,0.048,=,48,nM,,,,,,,,,,,,,,,,,,,,,,,,,,,,,,,,,,,,,,,,,,,,,,,,,,,,,,,,,,,,,,,,,,,,,,Low-density lipoprotein receptor,9606.0,Homo sapiens,,C33H46Cl2N4O3,617.6,,,,,,,,,,,,,,,,,,,,,,,,,,,,,,,,,,,,,,,,,,
11,103650253,44590619,CC(C)C1=CC(=CC(=C1NC(=O)NCC2(CCN(CC2)C3=CC=C(C=C3)OC)C4=CC(=CC=C4)OC)C(C)C)N.Cl.Cl,Active,,,,IC50,,392882,0.142,=,142,nM,,,,,,,,,,,,,,,,,,,,,,,,,,,,,,,,,,,,,,,,,,,,,,,,,,,,,,,,,,,,,,,,,,,,,,Low-density lipoprotein receptor,9606.0,Homo sapiens,,C33H46Cl2N4O3,617.6,,,,,,,,,,,,,,,,,,,,,,,,,,,,,,,,,,,,,,,,,,
12,103650254,22048232,CCCCN1C2=C(C=CC=N2)C(=C(C1=O)NC(=O)NC3=C(C=C(C=C3C(C)C)N)C(C)C)C4=CC(=CC=C4)OCCCO.O.Cl,Active,,,,IC50,,392882,0.031,=,31,nM,,,,,,,,,,,,,,,,,,,,,,,,,,,,,,,,,,,,,,,,,,,,,,,,,,,,,,,,,,,,,,,,,,,,,,Low-density lipoprotein receptor,9606.0,Homo sapiens,,C34H46ClN5O5,640.2,,,,,,,,,,,,,,,,,,,,,,,,,,,,,,,,,,,,,,,,,,
13,103650255,44590621,CC(C)C1=CC(=CC(=C1NC(=O)NCC2(CCN(CC2)C3=CC=CC=C3OC)C4=CC=CC=C4)C(C)C)N.Cl.Cl,Active,,,,IC50,,392882,0.082,=,82,nM,,,,,,,,,,,,,,,,,,,,,,,,,,,,,,,,,,,,,,,,,,,,,,,,,,,,,,,,,,,,,,,,,,,,,,Low-density lipoprotein receptor,9606.0,Homo sapiens,,C32H44Cl2N4O2,587.6,,,,,,,,,,,,,,,,,,,,,,,,,,,,,,,,,,,,,,,,,,
14,103650256,44590623,CC(C)C1=CC(=CC(=C1NC(=O)NCC2(CCN(CC2)C3=CC=CC=C3OC)C4=CC(=CC=C4)F)C(C)C)N.Cl.Cl,Active,,,,IC50,,392882,0.077,=,77,nM,,,,,,,,,,,,,,,,,,,,,,,,,,,,,,,,,,,,,,,,,,,,,,,,,,,,,,,,,,,,,,,,,,,,,,Low-density lipoprotein receptor,9606.0,Homo sapiens,,C32H43Cl2FN4O2,605.6,,,,,,,,,,,,,,,,,,,,,,,,,,,,,,,,,,,,,,,,,,
15,103650257,44590625,CC(C)C1=CC(=CC(=C1NC(=O)NCC2(CCN(CC2)C3=CC=CC=C3OC)C4=CC(=CC=C4)C(F)(F)F)C(C)C)N.Cl.Cl,Active,,,,IC50,,392882,0.032,=,32,nM,,,,,,,,,,,,,,,,,,,,,,,,,,,,,,,,,,,,,,,,,,,,,,,,,,,,,,,,,,,,,,,,,,,,,,Low-density lipoprotein receptor,9606.0,Homo sapiens,,C33H43Cl2F3N4O2,655.6,,,,,,,,,,,,,,,,,,,,,,,,,,,,,,,,,,,,,,,,,,
16,103650258,44590627,CC(C)C1=CC(=CC(=C1NC(=O)NCC2(CCN(CC2)C3=CC=CC=C3OC)C4=CC=CC=C4OC)C(C)C)N.Cl.Cl,Active,,,,IC50,,392882,0.043,=,43,nM,,,,,,,,,,,,,,,,,,,,,,,,,,,,,,,,,,,,,,,,,,,,,,,,,,,,,,,,,,,,,,,,,,,,,,Low-density lipoprotein receptor,9606.0,Homo sapiens,,C33H46Cl2N4O3,617.6,,,,,,,,,,,,,,,,,,,,,,,,,,,,,,,,,,,,,,,,,,
17,103650349,44590664,CCCCOC1=CC=CC=C1N2CCC(CC2)(CNC(=O)NC3=C(C=C(C=C3C(C)C)N)C(C)C)C4=CC(=CC=C4)OC.Cl.Cl,Active,,,,IC50,,392882,0.032,=,32,nM,,,,,,,,,,,,,,,,,,,,,,,,,,,,,,,,,,,,,,,,,,,,,,,,,,,,,,,,,,,,,,,,,,,,,,Low-density lipoprotein receptor,9606.0,Homo sapiens,,C36H52Cl2N4O3,659.7,,,,,,,,,,,,,,,,,,,,,,,,,,,,,,,,,,,,,,,,,,
18,103650350,44590666,CC(C)C1=CC(=CC(=C1NC(=O)NCC2(CCN(CC2)C3=CC=CC=C3OC)C4=CC=C(C=C4)OC)C(C)C)N.Cl.Cl,Active,,,,IC50,,392882,0.049,=,49,nM,,,,,,,,,,,,,,,,,,,,,,,,,,,,,,,,,,,,,,,,,,,,,,,,,,,,,,,,,,,,,,,,,,,,,,Low-density lipoprotein receptor,9606.0,Homo sapiens,,C33H46Cl2N4O3,617.6,,,,,,,,,,,,,,,,,,,,,,,,,,,,,,,,,,,,,,,,,,
19,103650351,44590668,CC(C)C1=CC(=CC(=C1NC(=O)NCC2(CCN(CC2)C3=CC=CC=C3OC(F)(F)F)C4=CC(=CC=C4)OC)C(C)C)N.Cl.Cl,Active,,,,IC50,,392882,0.068,=,68,nM,,,,,,,,,,,,,,,,,,,,,,,,,,,,,,,,,,,,,,,,,,,,,,,,,,,,,,,,,,,,,,,,,,,,,,Low-density lipoprotein receptor,9606.0,Homo sapiens,,C33H43Cl2F3N4O3,671.6,,,,,,,,,,,,,,,,,,,,,,,,,,,,,,,,,,,,,,,,,,
20,103650352,44590670,CC(C)C1=CC(=CC(=C1NC(=O)NCC2(CCN(CC2)C3=CC=CC=C3OCC(F)(F)F)C4=CC(=CC=C4)OC)C(C)C)N.Cl.Cl,Active,,,,IC50,,392882,0.048,=,48,nM,,,,,,,,,,,,,,,,,,,,,,,,,,,,,,,,,,,,,,,,,,,,,,,,,,,,,,,,,,,,,,,,,,,,,,Low-density lipoprotein receptor,9606.0,Homo sapiens,,C34H45Cl2F3N4O3,685.6,,,,,,,,,,,,,,,,,,,,,,,,,,,,,,,,,,,,,,,,,,
RESULT_DESCR,,,,,,,,Standardized activity type (e.g. IC50 rather than Ic-50/Ic50/ic50/ic-50),Additional comments,392883,,,,,,,,,,,,,,,,,,,,,,,,,,,,,,,,,,,,,,,,,,,,,,,,,,,,,,,,,,,,,,,,,,,,,,,,,,Low-density lipoprotein receptor,9606.0,Homo sapiens,,,,,,,,,,,,,,,,,,,,,,,,,,,,,,,,,,,,,,,,,,,,,
RESULT_DESCR,,,,,,,,Standardized activity type (e.g. IC50 rather than Ic-50/Ic50/ic50/ic-50),Additional comments,392884,,,,,,,,,,,,,,,,,,,,,,,,,,,,,,,,,,,,,,,,,,,,,,,,,,,,,,,,,,,,,,,,,,,,,,,,,,Low-density lipoprotein receptor,9606.0,Homo sapiens,,,,,,,,,,,,,,,,,,,,,,,,,,,,,,,,,,,,,,,,,,,,,
RESULT_DESCR,,,,,,,,Standardized activity type (e.g. IC50 rather than Ic-50/Ic50/ic50/ic-50),,1522869,,"Qualifier (e.g. >, <, =) for 'Standard Value'",Standardized activity value transformed to common units: e.g. mM concentrations converted to nM,,,,,,,,,,,,,,,,,,,,,,,,,,,,,,,,,,,,,,,,,,,,,,,,,,,,,,,,,,,,,,,,,,,,,,,Low-density lipoprotein receptor,9606.0,Homo sapiens,,,,,,,,,,,,,,,,,,,,,,,,,,,,,,,,,,,,,,,,,,,,,
RESULT_DESCR,,,,,,,,Standardized activity type (e.g. IC50 rather than Ic-50/Ic50/ic50/ic-50),Additional comments,1202872,,,,Selected units for 'Standard Type': e.g. concentrations are in nM,,,,,,,,,,,,,,,,,,,,,,,,,,,,,,,,,,,,,,,,,,,,,,,,,,,,,,,,,,,,,,,,,,,,,,Low-density lipoprotein receptor,9606.0,Homo sapiens,,,,,,,,,,,,,,,,,,,,,,,,,,,,,,,,,,,,,,,,,,,,,
RESULT_DESCR,,,,,,,,Standardized activity type (e.g. IC50 rather than Ic-50/Ic50/ic50/ic-50),Additional comments,1202874,,,,Selected units for 'Standard Type': e.g. concentrations are in nM,,,,,,,,,,,,,,,,,,,,,,,,,,,,,,,,,,,,,,,,,,,,,,,,,,,,,,,,,,,,,,,,,,,,,,Low-density lipoprotein receptor,9606.0,Homo sapiens,,,,,,,,,,,,,,,,,,,,,,,,,,,,,,,,,,,,,,,,,,,,,
RESULT_DESCR,,,,,,,,Standardized activity type (e.g. IC50 rather than Ic-50/Ic50/ic50/ic-50),,1545463,PubChem standardized value transformed from 'Standard Value'. The unit is always micromolar,"Qualifier (e.g. >, <, =) for 'Standard Value'",Standardized activity value transformed to common units: e.g. mM concentrations converted to nM,Selected units for 'Standard Type': e.g. concentrations are in nM,,,,,,,,,,,,,,,,,,,,,,,,,,,,,,,,,,,,,,,,,,,,,,,,,,,,,,,,,,,,,,,,,,,,,,Low-density lipoprotein receptor,9606.0,Homo sapiens,,,,,,,,,,,,,,,,,,,,,,,,,,,,,,,,,,,,,,,,,,,,,
1,440147468,56842347,C/C=C/1\[C@@H](C(=CO[C@H]1O)C(=O)OC)CC(=O)OCCC2=CC(=C(C=C2)O)O,Active,,,,IC50,,1545463,1.3,=,1300,nM,,,,,,,,,,,,,,,,,,,,,,,,,,,,,,,,,,,,,,,,,,,,,,,,,,,,,,,,,,,,,,,,,,,,,,Low-density lipoprotein receptor,9606.0,Homo sapiens,,C19H22O8,378.4,,,,,,,,,,,,,,,,,,,,,,,,,,,,,,,,,,,,,,,,,,
RESULT_DESCR,,,,,,,,Standardized activity type (e.g. IC50 rather than Ic-50/Ic50/ic50/ic-50),,1545464,,"Qualifier (e.g. >, <, =) for 'Standard Value'",Standardized activity value transformed to common units: e.g. mM concentrations converted to nM,Selected units for 'Standard Type': e.g. concentrations are in nM,,,,,,,,,,,,,,,,,,,,,,,,,,,,,,,,,,,,,,,,,,,,,,,,,,,,,,,,,,,,,,,,,,,,,,Low-density lipoprotein receptor,9606.0,Homo sapiens,,,,,,,,,,,,,,,,,,,,,,,,,,,,,,,,,,,,,,,,,,,,,
RESULT_DESCR,,,,,,,,Standardized activity type (e.g. IC50 rather than Ic-50/Ic50/ic50/ic-50),,1545465,,"Qualifier (e.g. >, <, =) for 'Standard Value'",Standardized activity value transformed to common units: e.g. mM concentrations converted to nM,Selected units for 'Standard Type': e.g. concentrations are in nM,,,,,,,,,,,,,,,,,,,,,,,,,,,,,,,,,,,,,,,,,,,,,,,,,,,,,,,,,,,,,,,,,,,,,,Low-density lipoprotein receptor,9606.0,Homo sapiens,,,,,,,,,,,,,,,,,,,,,,,,,,,,,,,,,,,,,,,,,,,,,
RESULT_DESCR,,,,,,,,Standardized activity type (e.g. IC50 rather than Ic-50/Ic50/ic50/ic-50),,1389904,,"Qualifier (e.g. >, <, =) for 'Standard Value'",Standardized activity value transformed to common units: e.g. mM concentrations converted to nM,Selected units for 'Standard Type': e.g. concentrations are in nM,,,,,,,,,,,,,,,,,,,,,,,,,,,,,,,,,,,,,,,,,,,,,,,,,,,,,,,,,,,,,,,,,,,,,,Low-density lipoprotein receptor,9606.0,Homo sapiens,,,,,,,,,,,,,,,,,,,,,,,,,,,,,,,,,,,,,,,,,,,,,
RESULT_DESCR,,,,,,,,Standardized activity type (e.g. IC50 rather than Ic-50/Ic50/ic50/ic-50),,1894739,PubChem standardized value transformed from 'Standard Value'. The unit is always micromolar,"Qualifier (e.g. >, <, =) for 'Standard Value'",Standardized activity value transformed to common units: e.g. mM concentrations converted to nM,Selected units for 'Standard Type': e.g. concentrations are in nM,,,,,,,,,,,,,,,,,,,,,,,,,,,,,,,,,,,,,,,,,,,,,,,,,,,,,,,,,,,,,,,,,,,,,,Low-density lipoprotein receptor,9606.0,Homo sapiens,,,,,,,,,,,,,,,,,,,,,,,,,,,,,,,,,,,,,,,,,,,,,
RESULT_DESCR,,,,,,,,Standardized activity type (e.g. IC50 rather than Ic-50/Ic50/ic50/ic-50),,1306548,,"Qualifier (e.g. >, <, =) for 'Standard Value'",Standardized activity value transformed to common units: e.g. mM concentrations converted to nM,Selected units for 'Standard Type': e.g. concentrations are in nM,,,,,,,,,,,,,,,,,,,,,,,,,,,,,,,,,,,,,,,,,,,,,,,,,,,,,,,,,,,,,,,,,,,,,,Low-density lipoprotein receptor,9606.0,Homo sapiens,,,,,,,,,,,,,,,,,,,,,,,,,,,,,,,,,,,,,,,,,,,,,
RESULT_DESCR,,,,,,,,Standardized activity type (e.g. IC50 rather than Ic-50/Ic50/ic50/ic-50),,1975750,PubChem standardized value transformed from 'Standard Value'. The unit is always micromolar,"Qualifier (e.g. >, <, =) for 'Standard Value'",Standardized activity value transformed to common units: e.g. mM concentrations converted to nM,Selected units for 'Standard Type': e.g. concentrations are in nM,,,,,,,,,,,,,,,,,,,,,,,,,,,,,,,,,,,,,,,,,,,,,,,,,,,,,,,,,,,,,,,,,,,,,,Low-density lipoprotein receptor,9606.0,Homo sapiens,,,,,,,,,,,,,,,,,,,,,,,,,,,,,,,,,,,,,,,,,,,,,
RESULT_DESCR,,,,,,,,Standardized activity type (e.g. IC50 rather than Ic-50/Ic50/ic50/ic-50),Additional comments,1975751,,,,,,,,,,,,,,,,,,,,,,,,,,,,,,,,,,,,,,,,,,,,,,,,,,,,,,,,,,,,,,,,,,,,,,,,,,Low-density lipoprotein receptor,9606.0,Homo sapiens,,,,,,,,,,,,,,,,,,,,,,,,,,,,,,,,,,,,,,,,,,,,,
RESULT_DESCR,,,,,,,,Standardized activity type (e.g. IC50 rather than Ic-50/Ic50/ic50/ic-50),Additional comments,1975752,,,,,,,,,,,,,,,,,,,,,,,,,,,,,,,,,,,,,,,,,,,,,,,,,,,,,,,,,,,,,,,,,,,,,,,,,,Low-density lipoprotein receptor,9606.0,Homo sapiens,,,,,,,,,,,,,,,,,,,,,,,,,,,,,,,,,,,,,,,,,,,,,
RESULT_DESCR,,,,,,,,Standardized activity type (e.g. IC50 rather than Ic-50/Ic50/ic50/ic-50),,1975753,,"Qualifier (e.g. >, <, =) for 'Standard Value'",Standardized activity value transformed to common units: e.g. mM concentrations converted to nM,Selected units for 'Standard Type': e.g. concentrations are in nM,,,,,,,,,,,,,,,,,,,,,,,,,,,,,,,,,,,,,,,,,,,,,,,,,,,,,,,,,,,,,,,,,,,,,,Low-density lipoprotein receptor,9606.0,Homo sapiens,,,,,,,,,,,,,,,,,,,,,,,,,,,,,,,,,,,,,,,,,,,,,
RESULT_DESCR,,,,,,,,Standardized activity type (e.g. IC50 rather than Ic-50/Ic50/ic50/ic-50),Additional comments,1975754,PubChem standardized value transformed from 'Standard Value'. The unit is always micromolar,"Qualifier (e.g. >, <, =) for 'Standard Value'",Standardized activity value transformed to common units: e.g. mM concentrations converted to nM,Selected units for 'Standard Type': e.g. concentrations are in nM,,,,,,,,,,,,,,,,,,,,,,,,,,,,,,,,,,,,,,,,,,,,,,,,,,,,,,,,,,,,,,,,,,,,,,Low-density lipoprotein receptor,9606.0,Homo sapiens,,,,,,,,,,,,,,,,,,,,,,,,,,,,,,,,,,,,,,,,,,,,,
RESULT_DESCR,,,,,,,,Standardized activity type (e.g. IC50 rather than Ic-50/Ic50/ic50/ic-50),Additional comments,1975755,,,,,,,,,,,,,,,,,,,,,,,,,,,,,,,,,,,,,,,,,,,,,,,,,,,,,,,,,,,,,,,,,,,,,,,,,,Low-density lipoprotein receptor,9606.0,Homo sapiens,,,,,,,,,,,,,,,,,,,,,,,,,,,,,,,,,,,,,,,,,,,,,
RESULT_DESCR,,,,,,,,Standardized activity type (e.g. IC50 rather than Ic-50/Ic50/ic50/ic-50),Additional comments,1975756,,,,,,,,,,,,,,,,,,,,,,,,,,,,,,,,,,,,,,,,,,,,,,,,,,,,,,,,,,,,,,,,,,,,,,,,,,Low-density lipoprotein receptor,9606.0,Homo sapiens,,,,,,,,,,,,,,,,,,,,,,,,,,,,,,,,,,,,,,,,,,,,,
RESULT_DESCR,,,,,,,,Standardized activity type (e.g. IC50 rather than Ic-50/Ic50/ic50/ic-50),Additional comments,1975757,,,,,,,,,,,,,,,,,,,,,,,,,,,,,,,,,,,,,,,,,,,,,,,,,,,,,,,,,,,,,,,,,,,,,,,,,,Low-density lipoprotein receptor,9606.0,Homo sapiens,,,,,,,,,,,,,,,,,,,,,,,,,,,,,,,,,,,,,,,,,,,,,
RESULT_DESCR,,,,,,,,Standardized activity type (e.g. IC50 rather than Ic-50/Ic50/ic50/ic-50),Additional comments,1975758,,,,,,,,,,,,,,,,,,,,,,,,,,,,,,,,,,,,,,,,,,,,,,,,,,,,,,,,,,,,,,,,,,,,,,,,,,Low-density lipoprotein receptor,9606.0,Homo sapiens,,,,,,,,,,,,,,,,,,,,,,,,,,,,,,,,,,,,,,,,,,,,,
RESULT_DESCR,,,,,,,,Standardized activity type (e.g. IC50 rather than Ic-50/Ic50/ic50/ic-50),Additional comments,1975759,,,,,,,,,,,,,,,,,,,,,,,,,,,,,,,,,,,,,,,,,,,,,,,,,,,,,,,,,,,,,,,,,,,,,,,,,,Low-density lipoprotein receptor,9606.0,Homo sapiens,,,,,,,,,,,,,,,,,,,,,,,,,,,,,,,,,,,,,,,,,,,,,
RESULT_DESCR,,,,,,,,Standardized activity type (e.g. IC50 rather than Ic-50/Ic50/ic50/ic-50),Additional comments,1975760,,,,Selected units for 'Standard Type': e.g. concentrations are in nM,,,,,,,,,,,,,,,,,,,,,,,,,,,,,,,,,,,,,,,,,,,,,,,,,,,,,,,,,,,,,,,,,,,,,,Low-density lipoprotein receptor,9606.0,Homo sapiens,,,,,,,,,,,,,,,,,,,,,,,,,,,,,,,,,,,,,,,,,,,,,
RESULT_DESCR,,,,,,,,Standardized activity type (e.g. IC50 rather than Ic-50/Ic50/ic50/ic-50),,102357,,"Qualifier (e.g. >, <, =) for 'Standard Value'",Standardized activity value transformed to common units: e.g. mM concentrations converted to nM,Selected units for 'Standard Type': e.g. concentrations are in nM,,,,,,,,,,,,,,,,,,,,,,,,,,,,,,,,,,,,,,,,,,,,,,,,,,,,,,,,,,,,,,,,,,,,,,Low-density lipoprotein receptor,9606.0,Homo sapiens,,,,,,,,,,,,,,,,,,,,,,,,,,,,,,,,,,,,,,,,,,,,,
